2026-05-16 03:09:50 - getOutlet.php - === REQUEST GETOUTLET ===
2026-05-16 03:09:50 - getOutlet.php - Method: POST
2026-05-16 03:09:50 - getOutlet.php - POST data: {"tgl":"2026-05-16","encrypt":"ccd1ed58b6dfc857aa9aaffafcf73b7e","id_apl":"APL01","key":"Si"}
2026-05-16 10:09:50 - getOutlet.php - Params - tgl: 2026-05-16, encrypt: ccd1ed58b6dfc857aa9aaffafcf73b7e, id_apl: APL01, key: Si
2026-05-16 10:09:50 - getOutlet.php - Aplikasi ditemukan: Ya
2026-05-16 10:09:50 - getOutlet.php - Key aplikasi: YbcJSFjkds...
2026-05-16 10:09:50 - getOutlet.php - Expected encrypt: ccd1ed58b6dfc857aa9aaffafcf73b7e
2026-05-16 10:09:50 - getOutlet.php - Received encrypt: ccd1ed58b6dfc857aa9aaffafcf73b7e
2026-05-16 10:09:50 - getOutlet.php - Authentication berhasil
2026-05-16 10:09:50 - getOutlet.php - Query: SELECT id_out, nama_out, '' AS alamat_out, ofcode_out
            FROM outlet 
            WHERE status_out IN ('Active', '1', 'active')
            AND (nama_out LIKE :key OR ofcode_out LIKE :key)
            ORDER BY nama_out ASC
            LIMIT 20
2026-05-16 10:09:50 - getOutlet.php - Query berhasil, mengembalikan 20 record
2026-05-16 10:09:50 - getOutlet.php - === END REQUEST ===
2026-05-16 03:09:50 - getOutlet.php - === REQUEST GETOUTLET ===
2026-05-16 03:09:50 - getOutlet.php - Method: POST
2026-05-16 03:09:50 - getOutlet.php - POST data: {"tgl":"2026-05-16","encrypt":"ccd1ed58b6dfc857aa9aaffafcf73b7e","id_apl":"APL01","key":"Sil"}
2026-05-16 10:09:50 - getOutlet.php - Params - tgl: 2026-05-16, encrypt: ccd1ed58b6dfc857aa9aaffafcf73b7e, id_apl: APL01, key: Sil
2026-05-16 10:09:50 - getOutlet.php - Aplikasi ditemukan: Ya
2026-05-16 10:09:50 - getOutlet.php - Key aplikasi: YbcJSFjkds...
2026-05-16 10:09:50 - getOutlet.php - Expected encrypt: ccd1ed58b6dfc857aa9aaffafcf73b7e
2026-05-16 10:09:50 - getOutlet.php - Received encrypt: ccd1ed58b6dfc857aa9aaffafcf73b7e
2026-05-16 10:09:50 - getOutlet.php - Authentication berhasil
2026-05-16 10:09:50 - getOutlet.php - Query: SELECT id_out, nama_out, '' AS alamat_out, ofcode_out
            FROM outlet 
            WHERE status_out IN ('Active', '1', 'active')
            AND (nama_out LIKE :key OR ofcode_out LIKE :key)
            ORDER BY nama_out ASC
            LIMIT 20
2026-05-16 10:09:50 - getOutlet.php - Query berhasil, mengembalikan 19 record
2026-05-16 10:09:50 - getOutlet.php - === END REQUEST ===
2026-05-16 03:09:50 - getOutlet.php - === REQUEST GETOUTLET ===
2026-05-16 03:09:50 - getOutlet.php - Method: POST
2026-05-16 03:09:50 - getOutlet.php - POST data: {"tgl":"2026-05-16","encrypt":"ccd1ed58b6dfc857aa9aaffafcf73b7e","id_apl":"APL01","key":"Silo"}
2026-05-16 10:09:50 - getOutlet.php - Params - tgl: 2026-05-16, encrypt: ccd1ed58b6dfc857aa9aaffafcf73b7e, id_apl: APL01, key: Silo
2026-05-16 10:09:50 - getOutlet.php - Aplikasi ditemukan: Ya
2026-05-16 10:09:50 - getOutlet.php - Key aplikasi: YbcJSFjkds...
2026-05-16 10:09:50 - getOutlet.php - Expected encrypt: ccd1ed58b6dfc857aa9aaffafcf73b7e
2026-05-16 10:09:50 - getOutlet.php - Received encrypt: ccd1ed58b6dfc857aa9aaffafcf73b7e
2026-05-16 10:09:50 - getOutlet.php - Authentication berhasil
2026-05-16 10:09:50 - getOutlet.php - Query: SELECT id_out, nama_out, '' AS alamat_out, ofcode_out
            FROM outlet 
            WHERE status_out IN ('Active', '1', 'active')
            AND (nama_out LIKE :key OR ofcode_out LIKE :key)
            ORDER BY nama_out ASC
            LIMIT 20
2026-05-16 10:09:50 - getOutlet.php - Query berhasil, mengembalikan 17 record
2026-05-16 10:09:50 - getOutlet.php - === END REQUEST ===
2026-05-16 03:09:51 - getOutlet.php - === REQUEST GETOUTLET ===
2026-05-16 03:09:51 - getOutlet.php - Method: POST
2026-05-16 03:09:51 - getOutlet.php - POST data: {"tgl":"2026-05-16","encrypt":"ccd1ed58b6dfc857aa9aaffafcf73b7e","id_apl":"APL01","key":"Siloa"}
2026-05-16 10:09:51 - getOutlet.php - Params - tgl: 2026-05-16, encrypt: ccd1ed58b6dfc857aa9aaffafcf73b7e, id_apl: APL01, key: Siloa
2026-05-16 10:09:51 - getOutlet.php - Aplikasi ditemukan: Ya
2026-05-16 10:09:51 - getOutlet.php - Key aplikasi: YbcJSFjkds...
2026-05-16 10:09:51 - getOutlet.php - Expected encrypt: ccd1ed58b6dfc857aa9aaffafcf73b7e
2026-05-16 10:09:51 - getOutlet.php - Received encrypt: ccd1ed58b6dfc857aa9aaffafcf73b7e
2026-05-16 10:09:51 - getOutlet.php - Authentication berhasil
2026-05-16 10:09:51 - getOutlet.php - Query: SELECT id_out, nama_out, '' AS alamat_out, ofcode_out
            FROM outlet 
            WHERE status_out IN ('Active', '1', 'active')
            AND (nama_out LIKE :key OR ofcode_out LIKE :key)
            ORDER BY nama_out ASC
            LIMIT 20
2026-05-16 10:09:51 - getOutlet.php - Query berhasil, mengembalikan 17 record
2026-05-16 10:09:51 - getOutlet.php - === END REQUEST ===
2026-05-16 03:09:51 - getOutlet.php - === REQUEST GETOUTLET ===
2026-05-16 03:09:51 - getOutlet.php - Method: POST
2026-05-16 03:09:51 - getOutlet.php - POST data: {"tgl":"2026-05-16","encrypt":"ccd1ed58b6dfc857aa9aaffafcf73b7e","id_apl":"APL01","key":"Siloam"}
2026-05-16 10:09:51 - getOutlet.php - Params - tgl: 2026-05-16, encrypt: ccd1ed58b6dfc857aa9aaffafcf73b7e, id_apl: APL01, key: Siloam
2026-05-16 10:09:51 - getOutlet.php - Aplikasi ditemukan: Ya
2026-05-16 10:09:51 - getOutlet.php - Key aplikasi: YbcJSFjkds...
2026-05-16 10:09:51 - getOutlet.php - Expected encrypt: ccd1ed58b6dfc857aa9aaffafcf73b7e
2026-05-16 10:09:51 - getOutlet.php - Received encrypt: ccd1ed58b6dfc857aa9aaffafcf73b7e
2026-05-16 10:09:51 - getOutlet.php - Authentication berhasil
2026-05-16 10:09:51 - getOutlet.php - Query: SELECT id_out, nama_out, '' AS alamat_out, ofcode_out
            FROM outlet 
            WHERE status_out IN ('Active', '1', 'active')
            AND (nama_out LIKE :key OR ofcode_out LIKE :key)
            ORDER BY nama_out ASC
            LIMIT 20
2026-05-16 10:09:51 - getOutlet.php - Query berhasil, mengembalikan 17 record
2026-05-16 10:09:51 - getOutlet.php - === END REQUEST ===
2026-05-16 03:09:52 - getOutlet.php - === REQUEST GETOUTLET ===
2026-05-16 03:09:52 - getOutlet.php - Method: POST
2026-05-16 03:09:52 - getOutlet.php - POST data: {"tgl":"2026-05-16","encrypt":"ccd1ed58b6dfc857aa9aaffafcf73b7e","id_apl":"APL01","key":"RS BEDAH SILOAM ASRI"}
2026-05-16 10:09:52 - getOutlet.php - Params - tgl: 2026-05-16, encrypt: ccd1ed58b6dfc857aa9aaffafcf73b7e, id_apl: APL01, key: RS BEDAH SILOAM ASRI
2026-05-16 10:09:52 - getOutlet.php - Aplikasi ditemukan: Ya
2026-05-16 10:09:52 - getOutlet.php - Key aplikasi: YbcJSFjkds...
2026-05-16 10:09:52 - getOutlet.php - Expected encrypt: ccd1ed58b6dfc857aa9aaffafcf73b7e
2026-05-16 10:09:52 - getOutlet.php - Received encrypt: ccd1ed58b6dfc857aa9aaffafcf73b7e
2026-05-16 10:09:52 - getOutlet.php - Authentication berhasil
2026-05-16 10:09:52 - getOutlet.php - Query: SELECT id_out, nama_out, '' AS alamat_out, ofcode_out
            FROM outlet 
            WHERE status_out IN ('Active', '1', 'active')
            AND (nama_out LIKE :key OR ofcode_out LIKE :key)
            ORDER BY nama_out ASC
            LIMIT 20
2026-05-16 10:09:52 - getOutlet.php - Query berhasil, mengembalikan 1 record
2026-05-16 10:09:52 - getOutlet.php - === END REQUEST ===
2026-05-16 03:10:05 - getOutlet.php - === REQUEST GETOUTLET ===
2026-05-16 03:10:05 - getOutlet.php - Method: POST
2026-05-16 03:10:05 - getOutlet.php - POST data: {"tgl":"2026-05-16","encrypt":"ccd1ed58b6dfc857aa9aaffafcf73b7e","id_apl":"APL01","key":"RS BEDAH SILOAM ASR"}
2026-05-16 10:10:05 - getOutlet.php - Params - tgl: 2026-05-16, encrypt: ccd1ed58b6dfc857aa9aaffafcf73b7e, id_apl: APL01, key: RS BEDAH SILOAM ASR
2026-05-16 10:10:05 - getOutlet.php - Aplikasi ditemukan: Ya
2026-05-16 10:10:05 - getOutlet.php - Key aplikasi: YbcJSFjkds...
2026-05-16 10:10:05 - getOutlet.php - Expected encrypt: ccd1ed58b6dfc857aa9aaffafcf73b7e
2026-05-16 10:10:05 - getOutlet.php - Received encrypt: ccd1ed58b6dfc857aa9aaffafcf73b7e
2026-05-16 10:10:05 - getOutlet.php - Authentication berhasil
2026-05-16 10:10:05 - getOutlet.php - Query: SELECT id_out, nama_out, '' AS alamat_out, ofcode_out
            FROM outlet 
            WHERE status_out IN ('Active', '1', 'active')
            AND (nama_out LIKE :key OR ofcode_out LIKE :key)
            ORDER BY nama_out ASC
            LIMIT 20
2026-05-16 10:10:05 - getOutlet.php - Query berhasil, mengembalikan 1 record
2026-05-16 10:10:05 - getOutlet.php - === END REQUEST ===
2026-05-16 03:10:05 - getOutlet.php - === REQUEST GETOUTLET ===
2026-05-16 03:10:05 - getOutlet.php - Method: POST
2026-05-16 03:10:05 - getOutlet.php - POST data: {"tgl":"2026-05-16","encrypt":"ccd1ed58b6dfc857aa9aaffafcf73b7e","id_apl":"APL01","key":"RS BEDAH SILOAM AS"}
2026-05-16 10:10:05 - getOutlet.php - Params - tgl: 2026-05-16, encrypt: ccd1ed58b6dfc857aa9aaffafcf73b7e, id_apl: APL01, key: RS BEDAH SILOAM AS
2026-05-16 10:10:05 - getOutlet.php - Aplikasi ditemukan: Ya
2026-05-16 10:10:05 - getOutlet.php - Key aplikasi: YbcJSFjkds...
2026-05-16 10:10:05 - getOutlet.php - Expected encrypt: ccd1ed58b6dfc857aa9aaffafcf73b7e
2026-05-16 10:10:05 - getOutlet.php - Received encrypt: ccd1ed58b6dfc857aa9aaffafcf73b7e
2026-05-16 10:10:05 - getOutlet.php - Authentication berhasil
2026-05-16 10:10:05 - getOutlet.php - Query: SELECT id_out, nama_out, '' AS alamat_out, ofcode_out
            FROM outlet 
            WHERE status_out IN ('Active', '1', 'active')
            AND (nama_out LIKE :key OR ofcode_out LIKE :key)
            ORDER BY nama_out ASC
            LIMIT 20
2026-05-16 10:10:05 - getOutlet.php - Query berhasil, mengembalikan 1 record
2026-05-16 10:10:05 - getOutlet.php - === END REQUEST ===
2026-05-16 03:10:05 - getOutlet.php - === REQUEST GETOUTLET ===
2026-05-16 03:10:05 - getOutlet.php - Method: POST
2026-05-16 03:10:05 - getOutlet.php - POST data: {"tgl":"2026-05-16","encrypt":"ccd1ed58b6dfc857aa9aaffafcf73b7e","id_apl":"APL01","key":"RS BEDAH SILOAM A"}
2026-05-16 10:10:05 - getOutlet.php - Params - tgl: 2026-05-16, encrypt: ccd1ed58b6dfc857aa9aaffafcf73b7e, id_apl: APL01, key: RS BEDAH SILOAM A
2026-05-16 10:10:05 - getOutlet.php - Aplikasi ditemukan: Ya
2026-05-16 10:10:05 - getOutlet.php - Key aplikasi: YbcJSFjkds...
2026-05-16 10:10:05 - getOutlet.php - Expected encrypt: ccd1ed58b6dfc857aa9aaffafcf73b7e
2026-05-16 10:10:05 - getOutlet.php - Received encrypt: ccd1ed58b6dfc857aa9aaffafcf73b7e
2026-05-16 10:10:05 - getOutlet.php - Authentication berhasil
2026-05-16 10:10:05 - getOutlet.php - Query: SELECT id_out, nama_out, '' AS alamat_out, ofcode_out
            FROM outlet 
            WHERE status_out IN ('Active', '1', 'active')
            AND (nama_out LIKE :key OR ofcode_out LIKE :key)
            ORDER BY nama_out ASC
            LIMIT 20
2026-05-16 10:10:05 - getOutlet.php - Query berhasil, mengembalikan 1 record
2026-05-16 10:10:05 - getOutlet.php - === END REQUEST ===
2026-05-16 03:10:05 - getOutlet.php - === REQUEST GETOUTLET ===
2026-05-16 03:10:05 - getOutlet.php - Method: POST
2026-05-16 03:10:05 - getOutlet.php - POST data: {"tgl":"2026-05-16","encrypt":"ccd1ed58b6dfc857aa9aaffafcf73b7e","id_apl":"APL01","key":"RS BEDAH SILOAM"}
2026-05-16 10:10:05 - getOutlet.php - Params - tgl: 2026-05-16, encrypt: ccd1ed58b6dfc857aa9aaffafcf73b7e, id_apl: APL01, key: RS BEDAH SILOAM
2026-05-16 10:10:05 - getOutlet.php - Aplikasi ditemukan: Ya
2026-05-16 10:10:05 - getOutlet.php - Key aplikasi: YbcJSFjkds...
2026-05-16 10:10:05 - getOutlet.php - Expected encrypt: ccd1ed58b6dfc857aa9aaffafcf73b7e
2026-05-16 10:10:05 - getOutlet.php - Received encrypt: ccd1ed58b6dfc857aa9aaffafcf73b7e
2026-05-16 10:10:05 - getOutlet.php - Authentication berhasil
2026-05-16 10:10:05 - getOutlet.php - Query: SELECT id_out, nama_out, '' AS alamat_out, ofcode_out
            FROM outlet 
            WHERE status_out IN ('Active', '1', 'active')
            AND (nama_out LIKE :key OR ofcode_out LIKE :key)
            ORDER BY nama_out ASC
            LIMIT 20
2026-05-16 10:10:05 - getOutlet.php - Query berhasil, mengembalikan 1 record
2026-05-16 10:10:05 - getOutlet.php - === END REQUEST ===
2026-05-16 03:10:05 - getOutlet.php - === REQUEST GETOUTLET ===
2026-05-16 03:10:05 - getOutlet.php - Method: POST
2026-05-16 03:10:05 - getOutlet.php - POST data: {"tgl":"2026-05-16","encrypt":"ccd1ed58b6dfc857aa9aaffafcf73b7e","id_apl":"APL01","key":"RS BEDAH SILOAM"}
2026-05-16 10:10:05 - getOutlet.php - Params - tgl: 2026-05-16, encrypt: ccd1ed58b6dfc857aa9aaffafcf73b7e, id_apl: APL01, key: RS BEDAH SILOAM
2026-05-16 10:10:05 - getOutlet.php - Aplikasi ditemukan: Ya
2026-05-16 10:10:05 - getOutlet.php - Key aplikasi: YbcJSFjkds...
2026-05-16 10:10:05 - getOutlet.php - Expected encrypt: ccd1ed58b6dfc857aa9aaffafcf73b7e
2026-05-16 10:10:05 - getOutlet.php - Received encrypt: ccd1ed58b6dfc857aa9aaffafcf73b7e
2026-05-16 10:10:05 - getOutlet.php - Authentication berhasil
2026-05-16 10:10:05 - getOutlet.php - Query: SELECT id_out, nama_out, '' AS alamat_out, ofcode_out
            FROM outlet 
            WHERE status_out IN ('Active', '1', 'active')
            AND (nama_out LIKE :key OR ofcode_out LIKE :key)
            ORDER BY nama_out ASC
            LIMIT 20
2026-05-16 10:10:05 - getOutlet.php - Query berhasil, mengembalikan 1 record
2026-05-16 10:10:05 - getOutlet.php - === END REQUEST ===
2026-05-16 03:10:05 - getOutlet.php - === REQUEST GETOUTLET ===
2026-05-16 03:10:05 - getOutlet.php - Method: POST
2026-05-16 03:10:05 - getOutlet.php - POST data: {"tgl":"2026-05-16","encrypt":"ccd1ed58b6dfc857aa9aaffafcf73b7e","id_apl":"APL01","key":"RS BEDAH SILOA"}
2026-05-16 10:10:05 - getOutlet.php - Params - tgl: 2026-05-16, encrypt: ccd1ed58b6dfc857aa9aaffafcf73b7e, id_apl: APL01, key: RS BEDAH SILOA
2026-05-16 10:10:05 - getOutlet.php - Aplikasi ditemukan: Ya
2026-05-16 10:10:05 - getOutlet.php - Key aplikasi: YbcJSFjkds...
2026-05-16 10:10:05 - getOutlet.php - Expected encrypt: ccd1ed58b6dfc857aa9aaffafcf73b7e
2026-05-16 10:10:05 - getOutlet.php - Received encrypt: ccd1ed58b6dfc857aa9aaffafcf73b7e
2026-05-16 10:10:05 - getOutlet.php - Authentication berhasil
2026-05-16 10:10:05 - getOutlet.php - Query: SELECT id_out, nama_out, '' AS alamat_out, ofcode_out
            FROM outlet 
            WHERE status_out IN ('Active', '1', 'active')
            AND (nama_out LIKE :key OR ofcode_out LIKE :key)
            ORDER BY nama_out ASC
            LIMIT 20
2026-05-16 10:10:05 - getOutlet.php - Query berhasil, mengembalikan 1 record
2026-05-16 10:10:05 - getOutlet.php - === END REQUEST ===
2026-05-16 03:10:05 - getOutlet.php - === REQUEST GETOUTLET ===
2026-05-16 03:10:05 - getOutlet.php - Method: POST
2026-05-16 03:10:05 - getOutlet.php - POST data: {"tgl":"2026-05-16","encrypt":"ccd1ed58b6dfc857aa9aaffafcf73b7e","id_apl":"APL01","key":"RS BEDAH SILO"}
2026-05-16 10:10:05 - getOutlet.php - Params - tgl: 2026-05-16, encrypt: ccd1ed58b6dfc857aa9aaffafcf73b7e, id_apl: APL01, key: RS BEDAH SILO
2026-05-16 10:10:05 - getOutlet.php - Aplikasi ditemukan: Ya
2026-05-16 10:10:05 - getOutlet.php - Key aplikasi: YbcJSFjkds...
2026-05-16 10:10:05 - getOutlet.php - Expected encrypt: ccd1ed58b6dfc857aa9aaffafcf73b7e
2026-05-16 10:10:05 - getOutlet.php - Received encrypt: ccd1ed58b6dfc857aa9aaffafcf73b7e
2026-05-16 10:10:05 - getOutlet.php - Authentication berhasil
2026-05-16 10:10:05 - getOutlet.php - Query: SELECT id_out, nama_out, '' AS alamat_out, ofcode_out
            FROM outlet 
            WHERE status_out IN ('Active', '1', 'active')
            AND (nama_out LIKE :key OR ofcode_out LIKE :key)
            ORDER BY nama_out ASC
            LIMIT 20
2026-05-16 10:10:05 - getOutlet.php - Query berhasil, mengembalikan 1 record
2026-05-16 10:10:05 - getOutlet.php - === END REQUEST ===
2026-05-16 03:10:05 - getOutlet.php - === REQUEST GETOUTLET ===
2026-05-16 03:10:05 - getOutlet.php - Method: POST
2026-05-16 03:10:05 - getOutlet.php - POST data: {"tgl":"2026-05-16","encrypt":"ccd1ed58b6dfc857aa9aaffafcf73b7e","id_apl":"APL01","key":"RS BEDAH SIL"}
2026-05-16 10:10:05 - getOutlet.php - Params - tgl: 2026-05-16, encrypt: ccd1ed58b6dfc857aa9aaffafcf73b7e, id_apl: APL01, key: RS BEDAH SIL
2026-05-16 03:10:05 - getOutlet.php - === REQUEST GETOUTLET ===
2026-05-16 03:10:05 - getOutlet.php - Method: POST
2026-05-16 03:10:05 - getOutlet.php - POST data: {"tgl":"2026-05-16","encrypt":"ccd1ed58b6dfc857aa9aaffafcf73b7e","id_apl":"APL01","key":"RS BEDAH SI"}
2026-05-16 10:10:05 - getOutlet.php - Params - tgl: 2026-05-16, encrypt: ccd1ed58b6dfc857aa9aaffafcf73b7e, id_apl: APL01, key: RS BEDAH SI
2026-05-16 03:10:05 - getOutlet.php - === REQUEST GETOUTLET ===
2026-05-16 03:10:05 - getOutlet.php - Method: POST
2026-05-16 03:10:05 - getOutlet.php - POST data: {"tgl":"2026-05-16","encrypt":"ccd1ed58b6dfc857aa9aaffafcf73b7e","id_apl":"APL01","key":"RS BEDAH S"}
2026-05-16 10:10:05 - getOutlet.php - Params - tgl: 2026-05-16, encrypt: ccd1ed58b6dfc857aa9aaffafcf73b7e, id_apl: APL01, key: RS BEDAH S
2026-05-16 10:10:05 - getOutlet.php - Aplikasi ditemukan: Ya
2026-05-16 10:10:05 - getOutlet.php - Key aplikasi: YbcJSFjkds...
2026-05-16 10:10:05 - getOutlet.php - Expected encrypt: ccd1ed58b6dfc857aa9aaffafcf73b7e
2026-05-16 10:10:05 - getOutlet.php - Received encrypt: ccd1ed58b6dfc857aa9aaffafcf73b7e
2026-05-16 10:10:05 - getOutlet.php - Authentication berhasil
2026-05-16 10:10:05 - getOutlet.php - Query: SELECT id_out, nama_out, '' AS alamat_out, ofcode_out
            FROM outlet 
            WHERE status_out IN ('Active', '1', 'active')
            AND (nama_out LIKE :key OR ofcode_out LIKE :key)
            ORDER BY nama_out ASC
            LIMIT 20
2026-05-16 10:10:05 - getOutlet.php - Query berhasil, mengembalikan 1 record
2026-05-16 10:10:05 - getOutlet.php - === END REQUEST ===
2026-05-16 10:10:05 - getOutlet.php - Aplikasi ditemukan: Ya
2026-05-16 10:10:05 - getOutlet.php - Key aplikasi: YbcJSFjkds...
2026-05-16 10:10:05 - getOutlet.php - Expected encrypt: ccd1ed58b6dfc857aa9aaffafcf73b7e
2026-05-16 10:10:05 - getOutlet.php - Received encrypt: ccd1ed58b6dfc857aa9aaffafcf73b7e
2026-05-16 10:10:05 - getOutlet.php - Authentication berhasil
2026-05-16 10:10:05 - getOutlet.php - Query: SELECT id_out, nama_out, '' AS alamat_out, ofcode_out
            FROM outlet 
            WHERE status_out IN ('Active', '1', 'active')
            AND (nama_out LIKE :key OR ofcode_out LIKE :key)
            ORDER BY nama_out ASC
            LIMIT 20
2026-05-16 10:10:05 - getOutlet.php - Query berhasil, mengembalikan 1 record
2026-05-16 10:10:05 - getOutlet.php - === END REQUEST ===
2026-05-16 10:10:05 - getOutlet.php - Aplikasi ditemukan: Ya
2026-05-16 10:10:05 - getOutlet.php - Key aplikasi: YbcJSFjkds...
2026-05-16 10:10:05 - getOutlet.php - Expected encrypt: ccd1ed58b6dfc857aa9aaffafcf73b7e
2026-05-16 10:10:05 - getOutlet.php - Received encrypt: ccd1ed58b6dfc857aa9aaffafcf73b7e
2026-05-16 10:10:05 - getOutlet.php - Authentication berhasil
2026-05-16 10:10:05 - getOutlet.php - Query: SELECT id_out, nama_out, '' AS alamat_out, ofcode_out
            FROM outlet 
            WHERE status_out IN ('Active', '1', 'active')
            AND (nama_out LIKE :key OR ofcode_out LIKE :key)
            ORDER BY nama_out ASC
            LIMIT 20
2026-05-16 10:10:05 - getOutlet.php - Query berhasil, mengembalikan 1 record
2026-05-16 10:10:05 - getOutlet.php - === END REQUEST ===
2026-05-16 03:10:05 - getOutlet.php - === REQUEST GETOUTLET ===
2026-05-16 03:10:05 - getOutlet.php - Method: POST
2026-05-16 03:10:05 - getOutlet.php - POST data: {"tgl":"2026-05-16","encrypt":"ccd1ed58b6dfc857aa9aaffafcf73b7e","id_apl":"APL01","key":"RS BEDAH"}
2026-05-16 10:10:05 - getOutlet.php - Params - tgl: 2026-05-16, encrypt: ccd1ed58b6dfc857aa9aaffafcf73b7e, id_apl: APL01, key: RS BEDAH
2026-05-16 10:10:05 - getOutlet.php - Aplikasi ditemukan: Ya
2026-05-16 10:10:05 - getOutlet.php - Key aplikasi: YbcJSFjkds...
2026-05-16 10:10:05 - getOutlet.php - Expected encrypt: ccd1ed58b6dfc857aa9aaffafcf73b7e
2026-05-16 10:10:05 - getOutlet.php - Received encrypt: ccd1ed58b6dfc857aa9aaffafcf73b7e
2026-05-16 10:10:05 - getOutlet.php - Authentication berhasil
2026-05-16 10:10:05 - getOutlet.php - Query: SELECT id_out, nama_out, '' AS alamat_out, ofcode_out
            FROM outlet 
            WHERE status_out IN ('Active', '1', 'active')
            AND (nama_out LIKE :key OR ofcode_out LIKE :key)
            ORDER BY nama_out ASC
            LIMIT 20
2026-05-16 10:10:05 - getOutlet.php - Query berhasil, mengembalikan 1 record
2026-05-16 10:10:05 - getOutlet.php - === END REQUEST ===
2026-05-16 03:10:06 - getOutlet.php - === REQUEST GETOUTLET ===
2026-05-16 03:10:06 - getOutlet.php - Method: POST
2026-05-16 03:10:06 - getOutlet.php - POST data: {"tgl":"2026-05-16","encrypt":"ccd1ed58b6dfc857aa9aaffafcf73b7e","id_apl":"APL01","key":"RS BEDAH"}
2026-05-16 10:10:06 - getOutlet.php - Params - tgl: 2026-05-16, encrypt: ccd1ed58b6dfc857aa9aaffafcf73b7e, id_apl: APL01, key: RS BEDAH
2026-05-16 10:10:06 - getOutlet.php - Aplikasi ditemukan: Ya
2026-05-16 10:10:06 - getOutlet.php - Key aplikasi: YbcJSFjkds...
2026-05-16 10:10:06 - getOutlet.php - Expected encrypt: ccd1ed58b6dfc857aa9aaffafcf73b7e
2026-05-16 10:10:06 - getOutlet.php - Received encrypt: ccd1ed58b6dfc857aa9aaffafcf73b7e
2026-05-16 10:10:06 - getOutlet.php - Authentication berhasil
2026-05-16 10:10:06 - getOutlet.php - Query: SELECT id_out, nama_out, '' AS alamat_out, ofcode_out
            FROM outlet 
            WHERE status_out IN ('Active', '1', 'active')
            AND (nama_out LIKE :key OR ofcode_out LIKE :key)
            ORDER BY nama_out ASC
            LIMIT 20
2026-05-16 10:10:06 - getOutlet.php - Query berhasil, mengembalikan 1 record
2026-05-16 10:10:06 - getOutlet.php - === END REQUEST ===
2026-05-16 03:10:06 - getOutlet.php - === REQUEST GETOUTLET ===
2026-05-16 03:10:06 - getOutlet.php - Method: POST
2026-05-16 03:10:06 - getOutlet.php - POST data: {"tgl":"2026-05-16","encrypt":"ccd1ed58b6dfc857aa9aaffafcf73b7e","id_apl":"APL01","key":"RS B"}
2026-05-16 10:10:06 - getOutlet.php - Params - tgl: 2026-05-16, encrypt: ccd1ed58b6dfc857aa9aaffafcf73b7e, id_apl: APL01, key: RS B
2026-05-16 10:10:06 - getOutlet.php - Aplikasi ditemukan: Ya
2026-05-16 10:10:06 - getOutlet.php - Key aplikasi: YbcJSFjkds...
2026-05-16 10:10:06 - getOutlet.php - Expected encrypt: ccd1ed58b6dfc857aa9aaffafcf73b7e
2026-05-16 10:10:06 - getOutlet.php - Received encrypt: ccd1ed58b6dfc857aa9aaffafcf73b7e
2026-05-16 10:10:06 - getOutlet.php - Authentication berhasil
2026-05-16 10:10:06 - getOutlet.php - Query: SELECT id_out, nama_out, '' AS alamat_out, ofcode_out
            FROM outlet 
            WHERE status_out IN ('Active', '1', 'active')
            AND (nama_out LIKE :key OR ofcode_out LIKE :key)
            ORDER BY nama_out ASC
            LIMIT 20
2026-05-16 10:10:06 - getOutlet.php - Query berhasil, mengembalikan 20 record
2026-05-16 10:10:06 - getOutlet.php - === END REQUEST ===
2026-05-16 03:10:06 - getOutlet.php - === REQUEST GETOUTLET ===
2026-05-16 03:10:06 - getOutlet.php - Method: POST
2026-05-16 03:10:06 - getOutlet.php - POST data: {"tgl":"2026-05-16","encrypt":"ccd1ed58b6dfc857aa9aaffafcf73b7e","id_apl":"APL01","key":"RS BEDA"}
2026-05-16 10:10:06 - getOutlet.php - Params - tgl: 2026-05-16, encrypt: ccd1ed58b6dfc857aa9aaffafcf73b7e, id_apl: APL01, key: RS BEDA
2026-05-16 10:10:06 - getOutlet.php - Aplikasi ditemukan: Ya
2026-05-16 10:10:06 - getOutlet.php - Key aplikasi: YbcJSFjkds...
2026-05-16 10:10:06 - getOutlet.php - Expected encrypt: ccd1ed58b6dfc857aa9aaffafcf73b7e
2026-05-16 10:10:06 - getOutlet.php - Received encrypt: ccd1ed58b6dfc857aa9aaffafcf73b7e
2026-05-16 10:10:06 - getOutlet.php - Authentication berhasil
2026-05-16 10:10:06 - getOutlet.php - Query: SELECT id_out, nama_out, '' AS alamat_out, ofcode_out
            FROM outlet 
            WHERE status_out IN ('Active', '1', 'active')
            AND (nama_out LIKE :key OR ofcode_out LIKE :key)
            ORDER BY nama_out ASC
            LIMIT 20
2026-05-16 10:10:06 - getOutlet.php - Query berhasil, mengembalikan 1 record
2026-05-16 10:10:06 - getOutlet.php - === END REQUEST ===
2026-05-16 03:10:06 - getOutlet.php - === REQUEST GETOUTLET ===
2026-05-16 03:10:06 - getOutlet.php - Method: POST
2026-05-16 03:10:06 - getOutlet.php - POST data: {"tgl":"2026-05-16","encrypt":"ccd1ed58b6dfc857aa9aaffafcf73b7e","id_apl":"APL01","key":"RS BE"}
2026-05-16 10:10:06 - getOutlet.php - Params - tgl: 2026-05-16, encrypt: ccd1ed58b6dfc857aa9aaffafcf73b7e, id_apl: APL01, key: RS BE
2026-05-16 10:10:06 - getOutlet.php - Aplikasi ditemukan: Ya
2026-05-16 10:10:06 - getOutlet.php - Key aplikasi: YbcJSFjkds...
2026-05-16 10:10:06 - getOutlet.php - Expected encrypt: ccd1ed58b6dfc857aa9aaffafcf73b7e
2026-05-16 10:10:06 - getOutlet.php - Received encrypt: ccd1ed58b6dfc857aa9aaffafcf73b7e
2026-05-16 10:10:06 - getOutlet.php - Authentication berhasil
2026-05-16 10:10:06 - getOutlet.php - Query: SELECT id_out, nama_out, '' AS alamat_out, ofcode_out
            FROM outlet 
            WHERE status_out IN ('Active', '1', 'active')
            AND (nama_out LIKE :key OR ofcode_out LIKE :key)
            ORDER BY nama_out ASC
            LIMIT 20
2026-05-16 10:10:06 - getOutlet.php - Query berhasil, mengembalikan 3 record
2026-05-16 10:10:06 - getOutlet.php - === END REQUEST ===
2026-05-16 03:10:06 - getOutlet.php - === REQUEST GETOUTLET ===
2026-05-16 03:10:06 - getOutlet.php - Method: POST
2026-05-16 03:10:06 - getOutlet.php - POST data: {"tgl":"2026-05-16","encrypt":"ccd1ed58b6dfc857aa9aaffafcf73b7e","id_apl":"APL01","key":"RS BED"}
2026-05-16 10:10:06 - getOutlet.php - Params - tgl: 2026-05-16, encrypt: ccd1ed58b6dfc857aa9aaffafcf73b7e, id_apl: APL01, key: RS BED
2026-05-16 10:10:06 - getOutlet.php - Aplikasi ditemukan: Ya
2026-05-16 10:10:06 - getOutlet.php - Key aplikasi: YbcJSFjkds...
2026-05-16 10:10:06 - getOutlet.php - Expected encrypt: ccd1ed58b6dfc857aa9aaffafcf73b7e
2026-05-16 10:10:06 - getOutlet.php - Received encrypt: ccd1ed58b6dfc857aa9aaffafcf73b7e
2026-05-16 10:10:06 - getOutlet.php - Authentication berhasil
2026-05-16 10:10:06 - getOutlet.php - Query: SELECT id_out, nama_out, '' AS alamat_out, ofcode_out
            FROM outlet 
            WHERE status_out IN ('Active', '1', 'active')
            AND (nama_out LIKE :key OR ofcode_out LIKE :key)
            ORDER BY nama_out ASC
            LIMIT 20
2026-05-16 10:10:06 - getOutlet.php - Query berhasil, mengembalikan 1 record
2026-05-16 10:10:06 - getOutlet.php - === END REQUEST ===
2026-05-16 03:10:06 - getOutlet.php - === REQUEST GETOUTLET ===
2026-05-16 03:10:06 - getOutlet.php - Method: POST
2026-05-16 03:10:06 - getOutlet.php - POST data: {"tgl":"2026-05-16","encrypt":"ccd1ed58b6dfc857aa9aaffafcf73b7e","id_apl":"APL01","key":"RS"}
2026-05-16 10:10:06 - getOutlet.php - Params - tgl: 2026-05-16, encrypt: ccd1ed58b6dfc857aa9aaffafcf73b7e, id_apl: APL01, key: RS
2026-05-16 10:10:06 - getOutlet.php - Aplikasi ditemukan: Ya
2026-05-16 10:10:06 - getOutlet.php - Key aplikasi: YbcJSFjkds...
2026-05-16 10:10:06 - getOutlet.php - Expected encrypt: ccd1ed58b6dfc857aa9aaffafcf73b7e
2026-05-16 10:10:06 - getOutlet.php - Received encrypt: ccd1ed58b6dfc857aa9aaffafcf73b7e
2026-05-16 10:10:06 - getOutlet.php - Authentication berhasil
2026-05-16 10:10:06 - getOutlet.php - Query: SELECT id_out, nama_out, '' AS alamat_out, ofcode_out
            FROM outlet 
            WHERE status_out IN ('Active', '1', 'active')
            AND (nama_out LIKE :key OR ofcode_out LIKE :key)
            ORDER BY nama_out ASC
            LIMIT 20
2026-05-16 10:10:06 - getOutlet.php - Query berhasil, mengembalikan 20 record
2026-05-16 10:10:06 - getOutlet.php - === END REQUEST ===
2026-05-16 03:10:06 - getOutlet.php - === REQUEST GETOUTLET ===
2026-05-16 03:10:06 - getOutlet.php - Method: POST
2026-05-16 03:10:06 - getOutlet.php - POST data: {"tgl":"2026-05-16","encrypt":"ccd1ed58b6dfc857aa9aaffafcf73b7e","id_apl":"APL01","key":"RS"}
2026-05-16 10:10:06 - getOutlet.php - Params - tgl: 2026-05-16, encrypt: ccd1ed58b6dfc857aa9aaffafcf73b7e, id_apl: APL01, key: RS
2026-05-16 10:10:06 - getOutlet.php - Aplikasi ditemukan: Ya
2026-05-16 10:10:06 - getOutlet.php - Key aplikasi: YbcJSFjkds...
2026-05-16 10:10:06 - getOutlet.php - Expected encrypt: ccd1ed58b6dfc857aa9aaffafcf73b7e
2026-05-16 10:10:06 - getOutlet.php - Received encrypt: ccd1ed58b6dfc857aa9aaffafcf73b7e
2026-05-16 10:10:06 - getOutlet.php - Authentication berhasil
2026-05-16 10:10:06 - getOutlet.php - Query: SELECT id_out, nama_out, '' AS alamat_out, ofcode_out
            FROM outlet 
            WHERE status_out IN ('Active', '1', 'active')
            AND (nama_out LIKE :key OR ofcode_out LIKE :key)
            ORDER BY nama_out ASC
            LIMIT 20
2026-05-16 10:10:06 - getOutlet.php - Query berhasil, mengembalikan 20 record
2026-05-16 10:10:06 - getOutlet.php - === END REQUEST ===
2026-05-16 03:10:08 - getOutlet.php - === REQUEST GETOUTLET ===
2026-05-16 03:10:08 - getOutlet.php - Method: POST
2026-05-16 03:10:08 - getOutlet.php - POST data: {"tgl":"2026-05-16","encrypt":"ccd1ed58b6dfc857aa9aaffafcf73b7e","id_apl":"APL01","key":"Rs"}
2026-05-16 10:10:08 - getOutlet.php - Params - tgl: 2026-05-16, encrypt: ccd1ed58b6dfc857aa9aaffafcf73b7e, id_apl: APL01, key: Rs
2026-05-16 10:10:08 - getOutlet.php - Aplikasi ditemukan: Ya
2026-05-16 10:10:08 - getOutlet.php - Key aplikasi: YbcJSFjkds...
2026-05-16 10:10:08 - getOutlet.php - Expected encrypt: ccd1ed58b6dfc857aa9aaffafcf73b7e
2026-05-16 10:10:08 - getOutlet.php - Received encrypt: ccd1ed58b6dfc857aa9aaffafcf73b7e
2026-05-16 10:10:08 - getOutlet.php - Authentication berhasil
2026-05-16 10:10:08 - getOutlet.php - Query: SELECT id_out, nama_out, '' AS alamat_out, ofcode_out
            FROM outlet 
            WHERE status_out IN ('Active', '1', 'active')
            AND (nama_out LIKE :key OR ofcode_out LIKE :key)
            ORDER BY nama_out ASC
            LIMIT 20
2026-05-16 10:10:08 - getOutlet.php - Query berhasil, mengembalikan 20 record
2026-05-16 10:10:08 - getOutlet.php - === END REQUEST ===
2026-05-16 03:10:08 - getOutlet.php - === REQUEST GETOUTLET ===
2026-05-16 03:10:08 - getOutlet.php - Method: POST
2026-05-16 03:10:08 - getOutlet.php - POST data: {"tgl":"2026-05-16","encrypt":"ccd1ed58b6dfc857aa9aaffafcf73b7e","id_apl":"APL01","key":"Rsu"}
2026-05-16 10:10:08 - getOutlet.php - Params - tgl: 2026-05-16, encrypt: ccd1ed58b6dfc857aa9aaffafcf73b7e, id_apl: APL01, key: Rsu
2026-05-16 10:10:08 - getOutlet.php - Aplikasi ditemukan: Ya
2026-05-16 10:10:08 - getOutlet.php - Key aplikasi: YbcJSFjkds...
2026-05-16 10:10:08 - getOutlet.php - Expected encrypt: ccd1ed58b6dfc857aa9aaffafcf73b7e
2026-05-16 10:10:08 - getOutlet.php - Received encrypt: ccd1ed58b6dfc857aa9aaffafcf73b7e
2026-05-16 10:10:08 - getOutlet.php - Authentication berhasil
2026-05-16 10:10:08 - getOutlet.php - Query: SELECT id_out, nama_out, '' AS alamat_out, ofcode_out
            FROM outlet 
            WHERE status_out IN ('Active', '1', 'active')
            AND (nama_out LIKE :key OR ofcode_out LIKE :key)
            ORDER BY nama_out ASC
            LIMIT 20
2026-05-16 10:10:08 - getOutlet.php - Query berhasil, mengembalikan 20 record
2026-05-16 10:10:08 - getOutlet.php - === END REQUEST ===
2026-05-16 03:10:08 - getOutlet.php - === REQUEST GETOUTLET ===
2026-05-16 03:10:08 - getOutlet.php - Method: POST
2026-05-16 03:10:08 - getOutlet.php - POST data: {"tgl":"2026-05-16","encrypt":"ccd1ed58b6dfc857aa9aaffafcf73b7e","id_apl":"APL01","key":"Rsu"}
2026-05-16 10:10:08 - getOutlet.php - Params - tgl: 2026-05-16, encrypt: ccd1ed58b6dfc857aa9aaffafcf73b7e, id_apl: APL01, key: Rsu
2026-05-16 10:10:08 - getOutlet.php - Aplikasi ditemukan: Ya
2026-05-16 10:10:08 - getOutlet.php - Key aplikasi: YbcJSFjkds...
2026-05-16 10:10:08 - getOutlet.php - Expected encrypt: ccd1ed58b6dfc857aa9aaffafcf73b7e
2026-05-16 10:10:08 - getOutlet.php - Received encrypt: ccd1ed58b6dfc857aa9aaffafcf73b7e
2026-05-16 10:10:08 - getOutlet.php - Authentication berhasil
2026-05-16 10:10:08 - getOutlet.php - Query: SELECT id_out, nama_out, '' AS alamat_out, ofcode_out
            FROM outlet 
            WHERE status_out IN ('Active', '1', 'active')
            AND (nama_out LIKE :key OR ofcode_out LIKE :key)
            ORDER BY nama_out ASC
            LIMIT 20
2026-05-16 10:10:08 - getOutlet.php - Query berhasil, mengembalikan 20 record
2026-05-16 10:10:08 - getOutlet.php - === END REQUEST ===
2026-05-16 03:10:08 - getOutlet.php - === REQUEST GETOUTLET ===
2026-05-16 03:10:08 - getOutlet.php - Method: POST
2026-05-16 03:10:08 - getOutlet.php - POST data: {"tgl":"2026-05-16","encrypt":"ccd1ed58b6dfc857aa9aaffafcf73b7e","id_apl":"APL01","key":"Rsu"}
2026-05-16 10:10:08 - getOutlet.php - Params - tgl: 2026-05-16, encrypt: ccd1ed58b6dfc857aa9aaffafcf73b7e, id_apl: APL01, key: Rsu
2026-05-16 10:10:08 - getOutlet.php - Aplikasi ditemukan: Ya
2026-05-16 10:10:08 - getOutlet.php - Key aplikasi: YbcJSFjkds...
2026-05-16 10:10:08 - getOutlet.php - Expected encrypt: ccd1ed58b6dfc857aa9aaffafcf73b7e
2026-05-16 10:10:08 - getOutlet.php - Received encrypt: ccd1ed58b6dfc857aa9aaffafcf73b7e
2026-05-16 10:10:08 - getOutlet.php - Authentication berhasil
2026-05-16 10:10:08 - getOutlet.php - Query: SELECT id_out, nama_out, '' AS alamat_out, ofcode_out
            FROM outlet 
            WHERE status_out IN ('Active', '1', 'active')
            AND (nama_out LIKE :key OR ofcode_out LIKE :key)
            ORDER BY nama_out ASC
            LIMIT 20
2026-05-16 10:10:08 - getOutlet.php - Query berhasil, mengembalikan 20 record
2026-05-16 10:10:08 - getOutlet.php - === END REQUEST ===
2026-05-16 03:10:09 - getOutlet.php - === REQUEST GETOUTLET ===
2026-05-16 03:10:09 - getOutlet.php - Method: POST
2026-05-16 03:10:09 - getOutlet.php - POST data: {"tgl":"2026-05-16","encrypt":"ccd1ed58b6dfc857aa9aaffafcf73b7e","id_apl":"APL01","key":"Rsu b"}
2026-05-16 10:10:09 - getOutlet.php - Params - tgl: 2026-05-16, encrypt: ccd1ed58b6dfc857aa9aaffafcf73b7e, id_apl: APL01, key: Rsu b
2026-05-16 10:10:09 - getOutlet.php - Aplikasi ditemukan: Ya
2026-05-16 10:10:09 - getOutlet.php - Key aplikasi: YbcJSFjkds...
2026-05-16 10:10:09 - getOutlet.php - Expected encrypt: ccd1ed58b6dfc857aa9aaffafcf73b7e
2026-05-16 10:10:09 - getOutlet.php - Received encrypt: ccd1ed58b6dfc857aa9aaffafcf73b7e
2026-05-16 10:10:09 - getOutlet.php - Authentication berhasil
2026-05-16 10:10:09 - getOutlet.php - Query: SELECT id_out, nama_out, '' AS alamat_out, ofcode_out
            FROM outlet 
            WHERE status_out IN ('Active', '1', 'active')
            AND (nama_out LIKE :key OR ofcode_out LIKE :key)
            ORDER BY nama_out ASC
            LIMIT 20
2026-05-16 10:10:09 - getOutlet.php - Query berhasil, mengembalikan 5 record
2026-05-16 10:10:09 - getOutlet.php - === END REQUEST ===
2026-05-16 03:10:09 - getOutlet.php - === REQUEST GETOUTLET ===
2026-05-16 03:10:09 - getOutlet.php - Method: POST
2026-05-16 03:10:09 - getOutlet.php - === REQUEST GETOUTLET ===
2026-05-16 03:10:09 - getOutlet.php - POST data: {"tgl":"2026-05-16","encrypt":"ccd1ed58b6dfc857aa9aaffafcf73b7e","id_apl":"APL01","key":"Rsu bu"}
2026-05-16 03:10:09 - getOutlet.php - Method: POST
2026-05-16 10:10:09 - getOutlet.php - Params - tgl: 2026-05-16, encrypt: ccd1ed58b6dfc857aa9aaffafcf73b7e, id_apl: APL01, key: Rsu bu
2026-05-16 03:10:09 - getOutlet.php - POST data: {"tgl":"2026-05-16","encrypt":"ccd1ed58b6dfc857aa9aaffafcf73b7e","id_apl":"APL01","key":"Rsu bun"}
2026-05-16 10:10:09 - getOutlet.php - Params - tgl: 2026-05-16, encrypt: ccd1ed58b6dfc857aa9aaffafcf73b7e, id_apl: APL01, key: Rsu bun
2026-05-16 10:10:09 - getOutlet.php - Aplikasi ditemukan: Ya
2026-05-16 10:10:09 - getOutlet.php - Aplikasi ditemukan: Ya
2026-05-16 10:10:09 - getOutlet.php - Key aplikasi: YbcJSFjkds...
2026-05-16 10:10:09 - getOutlet.php - Expected encrypt: ccd1ed58b6dfc857aa9aaffafcf73b7e
2026-05-16 10:10:09 - getOutlet.php - Key aplikasi: YbcJSFjkds...
2026-05-16 10:10:09 - getOutlet.php - Received encrypt: ccd1ed58b6dfc857aa9aaffafcf73b7e
2026-05-16 10:10:09 - getOutlet.php - Expected encrypt: ccd1ed58b6dfc857aa9aaffafcf73b7e
2026-05-16 10:10:09 - getOutlet.php - Authentication berhasil
2026-05-16 10:10:09 - getOutlet.php - Received encrypt: ccd1ed58b6dfc857aa9aaffafcf73b7e
2026-05-16 10:10:09 - getOutlet.php - Authentication berhasil
2026-05-16 10:10:09 - getOutlet.php - Query: SELECT id_out, nama_out, '' AS alamat_out, ofcode_out
            FROM outlet 
            WHERE status_out IN ('Active', '1', 'active')
            AND (nama_out LIKE :key OR ofcode_out LIKE :key)
            ORDER BY nama_out ASC
            LIMIT 20
2026-05-16 10:10:09 - getOutlet.php - Query: SELECT id_out, nama_out, '' AS alamat_out, ofcode_out
            FROM outlet 
            WHERE status_out IN ('Active', '1', 'active')
            AND (nama_out LIKE :key OR ofcode_out LIKE :key)
            ORDER BY nama_out ASC
            LIMIT 20
2026-05-16 10:10:09 - getOutlet.php - Query berhasil, mengembalikan 2 record
2026-05-16 10:10:09 - getOutlet.php - Query berhasil, mengembalikan 2 record
2026-05-16 10:10:09 - getOutlet.php - === END REQUEST ===
2026-05-16 10:10:09 - getOutlet.php - === END REQUEST ===
2026-05-16 03:10:11 - getOutlet.php - === REQUEST GETOUTLET ===
2026-05-16 03:10:11 - getOutlet.php - Method: POST
2026-05-16 03:10:11 - getOutlet.php - POST data: {"tgl":"2026-05-16","encrypt":"ccd1ed58b6dfc857aa9aaffafcf73b7e","id_apl":"APL01","key":"RSU BUNDA JAKARTA"}
2026-05-16 10:10:11 - getOutlet.php - Params - tgl: 2026-05-16, encrypt: ccd1ed58b6dfc857aa9aaffafcf73b7e, id_apl: APL01, key: RSU BUNDA JAKARTA
2026-05-16 10:10:11 - getOutlet.php - Aplikasi ditemukan: Ya
2026-05-16 10:10:11 - getOutlet.php - Key aplikasi: YbcJSFjkds...
2026-05-16 10:10:11 - getOutlet.php - Expected encrypt: ccd1ed58b6dfc857aa9aaffafcf73b7e
2026-05-16 10:10:11 - getOutlet.php - Received encrypt: ccd1ed58b6dfc857aa9aaffafcf73b7e
2026-05-16 10:10:11 - getOutlet.php - Authentication berhasil
2026-05-16 10:10:11 - getOutlet.php - Query: SELECT id_out, nama_out, '' AS alamat_out, ofcode_out
            FROM outlet 
            WHERE status_out IN ('Active', '1', 'active')
            AND (nama_out LIKE :key OR ofcode_out LIKE :key)
            ORDER BY nama_out ASC
            LIMIT 20
2026-05-16 10:10:11 - getOutlet.php - Query berhasil, mengembalikan 1 record
2026-05-16 10:10:11 - getOutlet.php - === END REQUEST ===
2026-05-16 03:10:15 - getOutlet.php - === REQUEST GETOUTLET ===
2026-05-16 03:10:15 - getOutlet.php - Method: POST
2026-05-16 03:10:15 - getOutlet.php - POST data: {"tgl":"2026-05-16","encrypt":"ccd1ed58b6dfc857aa9aaffafcf73b7e","id_apl":"APL01","key":"RSU BUNDA JAKART"}
2026-05-16 10:10:15 - getOutlet.php - Params - tgl: 2026-05-16, encrypt: ccd1ed58b6dfc857aa9aaffafcf73b7e, id_apl: APL01, key: RSU BUNDA JAKART
2026-05-16 10:10:15 - getOutlet.php - Aplikasi ditemukan: Ya
2026-05-16 10:10:15 - getOutlet.php - Key aplikasi: YbcJSFjkds...
2026-05-16 10:10:15 - getOutlet.php - Expected encrypt: ccd1ed58b6dfc857aa9aaffafcf73b7e
2026-05-16 10:10:15 - getOutlet.php - Received encrypt: ccd1ed58b6dfc857aa9aaffafcf73b7e
2026-05-16 10:10:15 - getOutlet.php - Authentication berhasil
2026-05-16 10:10:15 - getOutlet.php - Query: SELECT id_out, nama_out, '' AS alamat_out, ofcode_out
            FROM outlet 
            WHERE status_out IN ('Active', '1', 'active')
            AND (nama_out LIKE :key OR ofcode_out LIKE :key)
            ORDER BY nama_out ASC
            LIMIT 20
2026-05-16 10:10:15 - getOutlet.php - Query berhasil, mengembalikan 1 record
2026-05-16 10:10:15 - getOutlet.php - === END REQUEST ===
2026-05-16 03:10:15 - getOutlet.php - === REQUEST GETOUTLET ===
2026-05-16 03:10:15 - getOutlet.php - Method: POST
2026-05-16 03:10:15 - getOutlet.php - POST data: {"tgl":"2026-05-16","encrypt":"ccd1ed58b6dfc857aa9aaffafcf73b7e","id_apl":"APL01","key":"RSU BUNDA JAKAR"}
2026-05-16 10:10:15 - getOutlet.php - Params - tgl: 2026-05-16, encrypt: ccd1ed58b6dfc857aa9aaffafcf73b7e, id_apl: APL01, key: RSU BUNDA JAKAR
2026-05-16 10:10:15 - getOutlet.php - Aplikasi ditemukan: Ya
2026-05-16 10:10:15 - getOutlet.php - Key aplikasi: YbcJSFjkds...
2026-05-16 10:10:15 - getOutlet.php - Expected encrypt: ccd1ed58b6dfc857aa9aaffafcf73b7e
2026-05-16 10:10:15 - getOutlet.php - Received encrypt: ccd1ed58b6dfc857aa9aaffafcf73b7e
2026-05-16 10:10:15 - getOutlet.php - Authentication berhasil
2026-05-16 10:10:15 - getOutlet.php - Query: SELECT id_out, nama_out, '' AS alamat_out, ofcode_out
            FROM outlet 
            WHERE status_out IN ('Active', '1', 'active')
            AND (nama_out LIKE :key OR ofcode_out LIKE :key)
            ORDER BY nama_out ASC
            LIMIT 20
2026-05-16 10:10:15 - getOutlet.php - Query berhasil, mengembalikan 1 record
2026-05-16 10:10:15 - getOutlet.php - === END REQUEST ===
2026-05-16 03:10:15 - getOutlet.php - === REQUEST GETOUTLET ===
2026-05-16 03:10:15 - getOutlet.php - Method: POST
2026-05-16 03:10:15 - getOutlet.php - POST data: {"tgl":"2026-05-16","encrypt":"ccd1ed58b6dfc857aa9aaffafcf73b7e","id_apl":"APL01","key":"RSU BUNDA JAKA"}
2026-05-16 10:10:15 - getOutlet.php - Params - tgl: 2026-05-16, encrypt: ccd1ed58b6dfc857aa9aaffafcf73b7e, id_apl: APL01, key: RSU BUNDA JAKA
2026-05-16 10:10:15 - getOutlet.php - Aplikasi ditemukan: Ya
2026-05-16 10:10:15 - getOutlet.php - Key aplikasi: YbcJSFjkds...
2026-05-16 10:10:15 - getOutlet.php - Expected encrypt: ccd1ed58b6dfc857aa9aaffafcf73b7e
2026-05-16 10:10:15 - getOutlet.php - Received encrypt: ccd1ed58b6dfc857aa9aaffafcf73b7e
2026-05-16 10:10:15 - getOutlet.php - Authentication berhasil
2026-05-16 10:10:15 - getOutlet.php - Query: SELECT id_out, nama_out, '' AS alamat_out, ofcode_out
            FROM outlet 
            WHERE status_out IN ('Active', '1', 'active')
            AND (nama_out LIKE :key OR ofcode_out LIKE :key)
            ORDER BY nama_out ASC
            LIMIT 20
2026-05-16 10:10:15 - getOutlet.php - Query berhasil, mengembalikan 1 record
2026-05-16 10:10:15 - getOutlet.php - === END REQUEST ===
2026-05-16 03:10:15 - getOutlet.php - === REQUEST GETOUTLET ===
2026-05-16 03:10:15 - getOutlet.php - Method: POST
2026-05-16 03:10:15 - getOutlet.php - POST data: {"tgl":"2026-05-16","encrypt":"ccd1ed58b6dfc857aa9aaffafcf73b7e","id_apl":"APL01","key":"RSU BUNDA JAK"}
2026-05-16 10:10:15 - getOutlet.php - Params - tgl: 2026-05-16, encrypt: ccd1ed58b6dfc857aa9aaffafcf73b7e, id_apl: APL01, key: RSU BUNDA JAK
2026-05-16 10:10:15 - getOutlet.php - Aplikasi ditemukan: Ya
2026-05-16 10:10:15 - getOutlet.php - Key aplikasi: YbcJSFjkds...
2026-05-16 10:10:15 - getOutlet.php - Expected encrypt: ccd1ed58b6dfc857aa9aaffafcf73b7e
2026-05-16 10:10:15 - getOutlet.php - Received encrypt: ccd1ed58b6dfc857aa9aaffafcf73b7e
2026-05-16 10:10:15 - getOutlet.php - Authentication berhasil
2026-05-16 10:10:15 - getOutlet.php - Query: SELECT id_out, nama_out, '' AS alamat_out, ofcode_out
            FROM outlet 
            WHERE status_out IN ('Active', '1', 'active')
            AND (nama_out LIKE :key OR ofcode_out LIKE :key)
            ORDER BY nama_out ASC
            LIMIT 20
2026-05-16 10:10:15 - getOutlet.php - Query berhasil, mengembalikan 1 record
2026-05-16 10:10:15 - getOutlet.php - === END REQUEST ===
2026-05-16 03:10:15 - getOutlet.php - === REQUEST GETOUTLET ===
2026-05-16 03:10:15 - getOutlet.php - Method: POST
2026-05-16 03:10:15 - getOutlet.php - POST data: {"tgl":"2026-05-16","encrypt":"ccd1ed58b6dfc857aa9aaffafcf73b7e","id_apl":"APL01","key":"RSU BUNDA JA"}
2026-05-16 10:10:15 - getOutlet.php - Params - tgl: 2026-05-16, encrypt: ccd1ed58b6dfc857aa9aaffafcf73b7e, id_apl: APL01, key: RSU BUNDA JA
2026-05-16 10:10:15 - getOutlet.php - Aplikasi ditemukan: Ya
2026-05-16 10:10:15 - getOutlet.php - Key aplikasi: YbcJSFjkds...
2026-05-16 10:10:15 - getOutlet.php - Expected encrypt: ccd1ed58b6dfc857aa9aaffafcf73b7e
2026-05-16 10:10:15 - getOutlet.php - Received encrypt: ccd1ed58b6dfc857aa9aaffafcf73b7e
2026-05-16 10:10:15 - getOutlet.php - Authentication berhasil
2026-05-16 10:10:15 - getOutlet.php - Query: SELECT id_out, nama_out, '' AS alamat_out, ofcode_out
            FROM outlet 
            WHERE status_out IN ('Active', '1', 'active')
            AND (nama_out LIKE :key OR ofcode_out LIKE :key)
            ORDER BY nama_out ASC
            LIMIT 20
2026-05-16 10:10:15 - getOutlet.php - Query berhasil, mengembalikan 1 record
2026-05-16 10:10:15 - getOutlet.php - === END REQUEST ===
2026-05-16 03:10:15 - getOutlet.php - === REQUEST GETOUTLET ===
2026-05-16 03:10:15 - getOutlet.php - Method: POST
2026-05-16 03:10:15 - getOutlet.php - POST data: {"tgl":"2026-05-16","encrypt":"ccd1ed58b6dfc857aa9aaffafcf73b7e","id_apl":"APL01","key":"RSU BUNDA J"}
2026-05-16 10:10:15 - getOutlet.php - Params - tgl: 2026-05-16, encrypt: ccd1ed58b6dfc857aa9aaffafcf73b7e, id_apl: APL01, key: RSU BUNDA J
2026-05-16 10:10:15 - getOutlet.php - Aplikasi ditemukan: Ya
2026-05-16 10:10:15 - getOutlet.php - Key aplikasi: YbcJSFjkds...
2026-05-16 10:10:15 - getOutlet.php - Expected encrypt: ccd1ed58b6dfc857aa9aaffafcf73b7e
2026-05-16 10:10:15 - getOutlet.php - Received encrypt: ccd1ed58b6dfc857aa9aaffafcf73b7e
2026-05-16 10:10:15 - getOutlet.php - Authentication berhasil
2026-05-16 10:10:15 - getOutlet.php - Query: SELECT id_out, nama_out, '' AS alamat_out, ofcode_out
            FROM outlet 
            WHERE status_out IN ('Active', '1', 'active')
            AND (nama_out LIKE :key OR ofcode_out LIKE :key)
            ORDER BY nama_out ASC
            LIMIT 20
2026-05-16 10:10:15 - getOutlet.php - Query berhasil, mengembalikan 1 record
2026-05-16 10:10:15 - getOutlet.php - === END REQUEST ===
2026-05-16 03:10:15 - getOutlet.php - === REQUEST GETOUTLET ===
2026-05-16 03:10:15 - getOutlet.php - Method: POST
2026-05-16 03:10:15 - getOutlet.php - POST data: {"tgl":"2026-05-16","encrypt":"ccd1ed58b6dfc857aa9aaffafcf73b7e","id_apl":"APL01","key":"RSU BUNDA"}
2026-05-16 10:10:15 - getOutlet.php - Params - tgl: 2026-05-16, encrypt: ccd1ed58b6dfc857aa9aaffafcf73b7e, id_apl: APL01, key: RSU BUNDA
2026-05-16 10:10:15 - getOutlet.php - Aplikasi ditemukan: Ya
2026-05-16 10:10:15 - getOutlet.php - Key aplikasi: YbcJSFjkds...
2026-05-16 10:10:15 - getOutlet.php - Expected encrypt: ccd1ed58b6dfc857aa9aaffafcf73b7e
2026-05-16 10:10:15 - getOutlet.php - Received encrypt: ccd1ed58b6dfc857aa9aaffafcf73b7e
2026-05-16 10:10:15 - getOutlet.php - Authentication berhasil
2026-05-16 10:10:15 - getOutlet.php - Query: SELECT id_out, nama_out, '' AS alamat_out, ofcode_out
            FROM outlet 
            WHERE status_out IN ('Active', '1', 'active')
            AND (nama_out LIKE :key OR ofcode_out LIKE :key)
            ORDER BY nama_out ASC
            LIMIT 20
2026-05-16 10:10:15 - getOutlet.php - Query berhasil, mengembalikan 2 record
2026-05-16 10:10:15 - getOutlet.php - === END REQUEST ===
2026-05-16 03:10:15 - getOutlet.php - === REQUEST GETOUTLET ===
2026-05-16 03:10:15 - getOutlet.php - Method: POST
2026-05-16 03:10:15 - getOutlet.php - POST data: {"tgl":"2026-05-16","encrypt":"ccd1ed58b6dfc857aa9aaffafcf73b7e","id_apl":"APL01","key":"RSU BUNDA"}
2026-05-16 10:10:15 - getOutlet.php - Params - tgl: 2026-05-16, encrypt: ccd1ed58b6dfc857aa9aaffafcf73b7e, id_apl: APL01, key: RSU BUNDA
2026-05-16 10:10:15 - getOutlet.php - Aplikasi ditemukan: Ya
2026-05-16 10:10:15 - getOutlet.php - Key aplikasi: YbcJSFjkds...
2026-05-16 10:10:15 - getOutlet.php - Expected encrypt: ccd1ed58b6dfc857aa9aaffafcf73b7e
2026-05-16 10:10:15 - getOutlet.php - Received encrypt: ccd1ed58b6dfc857aa9aaffafcf73b7e
2026-05-16 10:10:15 - getOutlet.php - Authentication berhasil
2026-05-16 10:10:15 - getOutlet.php - Query: SELECT id_out, nama_out, '' AS alamat_out, ofcode_out
            FROM outlet 
            WHERE status_out IN ('Active', '1', 'active')
            AND (nama_out LIKE :key OR ofcode_out LIKE :key)
            ORDER BY nama_out ASC
            LIMIT 20
2026-05-16 10:10:15 - getOutlet.php - Query berhasil, mengembalikan 2 record
2026-05-16 10:10:15 - getOutlet.php - === END REQUEST ===
2026-05-16 03:10:15 - getOutlet.php - === REQUEST GETOUTLET ===
2026-05-16 03:10:15 - getOutlet.php - Method: POST
2026-05-16 03:10:15 - getOutlet.php - POST data: {"tgl":"2026-05-16","encrypt":"ccd1ed58b6dfc857aa9aaffafcf73b7e","id_apl":"APL01","key":"RSU BUND"}
2026-05-16 10:10:15 - getOutlet.php - Params - tgl: 2026-05-16, encrypt: ccd1ed58b6dfc857aa9aaffafcf73b7e, id_apl: APL01, key: RSU BUND
2026-05-16 10:10:15 - getOutlet.php - Aplikasi ditemukan: Ya
2026-05-16 10:10:15 - getOutlet.php - Key aplikasi: YbcJSFjkds...
2026-05-16 10:10:15 - getOutlet.php - Expected encrypt: ccd1ed58b6dfc857aa9aaffafcf73b7e
2026-05-16 10:10:15 - getOutlet.php - Received encrypt: ccd1ed58b6dfc857aa9aaffafcf73b7e
2026-05-16 10:10:15 - getOutlet.php - Authentication berhasil
2026-05-16 10:10:15 - getOutlet.php - Query: SELECT id_out, nama_out, '' AS alamat_out, ofcode_out
            FROM outlet 
            WHERE status_out IN ('Active', '1', 'active')
            AND (nama_out LIKE :key OR ofcode_out LIKE :key)
            ORDER BY nama_out ASC
            LIMIT 20
2026-05-16 10:10:15 - getOutlet.php - Query berhasil, mengembalikan 2 record
2026-05-16 10:10:15 - getOutlet.php - === END REQUEST ===
2026-05-16 03:10:15 - getOutlet.php - === REQUEST GETOUTLET ===
2026-05-16 03:10:15 - getOutlet.php - Method: POST
2026-05-16 03:10:15 - getOutlet.php - POST data: {"tgl":"2026-05-16","encrypt":"ccd1ed58b6dfc857aa9aaffafcf73b7e","id_apl":"APL01","key":"RSU BUN"}
2026-05-16 10:10:15 - getOutlet.php - Params - tgl: 2026-05-16, encrypt: ccd1ed58b6dfc857aa9aaffafcf73b7e, id_apl: APL01, key: RSU BUN
2026-05-16 10:10:15 - getOutlet.php - Aplikasi ditemukan: Ya
2026-05-16 10:10:15 - getOutlet.php - Key aplikasi: YbcJSFjkds...
2026-05-16 10:10:15 - getOutlet.php - Expected encrypt: ccd1ed58b6dfc857aa9aaffafcf73b7e
2026-05-16 10:10:15 - getOutlet.php - Received encrypt: ccd1ed58b6dfc857aa9aaffafcf73b7e
2026-05-16 10:10:15 - getOutlet.php - Authentication berhasil
2026-05-16 10:10:15 - getOutlet.php - Query: SELECT id_out, nama_out, '' AS alamat_out, ofcode_out
            FROM outlet 
            WHERE status_out IN ('Active', '1', 'active')
            AND (nama_out LIKE :key OR ofcode_out LIKE :key)
            ORDER BY nama_out ASC
            LIMIT 20
2026-05-16 10:10:15 - getOutlet.php - Query berhasil, mengembalikan 2 record
2026-05-16 10:10:15 - getOutlet.php - === END REQUEST ===
2026-05-16 03:10:15 - getOutlet.php - === REQUEST GETOUTLET ===
2026-05-16 03:10:15 - getOutlet.php - Method: POST
2026-05-16 03:10:15 - getOutlet.php - POST data: {"tgl":"2026-05-16","encrypt":"ccd1ed58b6dfc857aa9aaffafcf73b7e","id_apl":"APL01","key":"RSU BU"}
2026-05-16 10:10:15 - getOutlet.php - Params - tgl: 2026-05-16, encrypt: ccd1ed58b6dfc857aa9aaffafcf73b7e, id_apl: APL01, key: RSU BU
2026-05-16 10:10:15 - getOutlet.php - Aplikasi ditemukan: Ya
2026-05-16 10:10:15 - getOutlet.php - Key aplikasi: YbcJSFjkds...
2026-05-16 10:10:15 - getOutlet.php - Expected encrypt: ccd1ed58b6dfc857aa9aaffafcf73b7e
2026-05-16 10:10:15 - getOutlet.php - Received encrypt: ccd1ed58b6dfc857aa9aaffafcf73b7e
2026-05-16 10:10:15 - getOutlet.php - Authentication berhasil
2026-05-16 10:10:15 - getOutlet.php - Query: SELECT id_out, nama_out, '' AS alamat_out, ofcode_out
            FROM outlet 
            WHERE status_out IN ('Active', '1', 'active')
            AND (nama_out LIKE :key OR ofcode_out LIKE :key)
            ORDER BY nama_out ASC
            LIMIT 20
2026-05-16 10:10:15 - getOutlet.php - Query berhasil, mengembalikan 2 record
2026-05-16 10:10:15 - getOutlet.php - === END REQUEST ===
2026-05-16 03:10:15 - getOutlet.php - === REQUEST GETOUTLET ===
2026-05-16 03:10:15 - getOutlet.php - Method: POST
2026-05-16 03:10:15 - getOutlet.php - POST data: {"tgl":"2026-05-16","encrypt":"ccd1ed58b6dfc857aa9aaffafcf73b7e","id_apl":"APL01","key":"RSU B"}
2026-05-16 10:10:15 - getOutlet.php - Params - tgl: 2026-05-16, encrypt: ccd1ed58b6dfc857aa9aaffafcf73b7e, id_apl: APL01, key: RSU B
2026-05-16 10:10:15 - getOutlet.php - Aplikasi ditemukan: Ya
2026-05-16 10:10:15 - getOutlet.php - Key aplikasi: YbcJSFjkds...
2026-05-16 10:10:15 - getOutlet.php - Expected encrypt: ccd1ed58b6dfc857aa9aaffafcf73b7e
2026-05-16 10:10:15 - getOutlet.php - Received encrypt: ccd1ed58b6dfc857aa9aaffafcf73b7e
2026-05-16 10:10:15 - getOutlet.php - Authentication berhasil
2026-05-16 10:10:15 - getOutlet.php - Query: SELECT id_out, nama_out, '' AS alamat_out, ofcode_out
            FROM outlet 
            WHERE status_out IN ('Active', '1', 'active')
            AND (nama_out LIKE :key OR ofcode_out LIKE :key)
            ORDER BY nama_out ASC
            LIMIT 20
2026-05-16 10:10:15 - getOutlet.php - Query berhasil, mengembalikan 5 record
2026-05-16 10:10:15 - getOutlet.php - === END REQUEST ===
2026-05-16 03:10:15 - getOutlet.php - === REQUEST GETOUTLET ===
2026-05-16 03:10:15 - getOutlet.php - Method: POST
2026-05-16 03:10:15 - getOutlet.php - POST data: {"tgl":"2026-05-16","encrypt":"ccd1ed58b6dfc857aa9aaffafcf73b7e","id_apl":"APL01","key":"RSU"}
2026-05-16 10:10:15 - getOutlet.php - Params - tgl: 2026-05-16, encrypt: ccd1ed58b6dfc857aa9aaffafcf73b7e, id_apl: APL01, key: RSU
2026-05-16 10:10:15 - getOutlet.php - Aplikasi ditemukan: Ya
2026-05-16 10:10:15 - getOutlet.php - Key aplikasi: YbcJSFjkds...
2026-05-16 10:10:15 - getOutlet.php - Expected encrypt: ccd1ed58b6dfc857aa9aaffafcf73b7e
2026-05-16 10:10:15 - getOutlet.php - Received encrypt: ccd1ed58b6dfc857aa9aaffafcf73b7e
2026-05-16 10:10:15 - getOutlet.php - Authentication berhasil
2026-05-16 10:10:15 - getOutlet.php - Query: SELECT id_out, nama_out, '' AS alamat_out, ofcode_out
            FROM outlet 
            WHERE status_out IN ('Active', '1', 'active')
            AND (nama_out LIKE :key OR ofcode_out LIKE :key)
            ORDER BY nama_out ASC
            LIMIT 20
2026-05-16 10:10:15 - getOutlet.php - Query berhasil, mengembalikan 20 record
2026-05-16 10:10:15 - getOutlet.php - === END REQUEST ===
2026-05-16 03:10:15 - getOutlet.php - === REQUEST GETOUTLET ===
2026-05-16 03:10:15 - getOutlet.php - Method: POST
2026-05-16 03:10:15 - getOutlet.php - POST data: {"tgl":"2026-05-16","encrypt":"ccd1ed58b6dfc857aa9aaffafcf73b7e","id_apl":"APL01","key":"RSU"}
2026-05-16 10:10:15 - getOutlet.php - Params - tgl: 2026-05-16, encrypt: ccd1ed58b6dfc857aa9aaffafcf73b7e, id_apl: APL01, key: RSU
2026-05-16 10:10:15 - getOutlet.php - Aplikasi ditemukan: Ya
2026-05-16 10:10:15 - getOutlet.php - Key aplikasi: YbcJSFjkds...
2026-05-16 10:10:15 - getOutlet.php - Expected encrypt: ccd1ed58b6dfc857aa9aaffafcf73b7e
2026-05-16 10:10:15 - getOutlet.php - Received encrypt: ccd1ed58b6dfc857aa9aaffafcf73b7e
2026-05-16 10:10:15 - getOutlet.php - Authentication berhasil
2026-05-16 10:10:15 - getOutlet.php - Query: SELECT id_out, nama_out, '' AS alamat_out, ofcode_out
            FROM outlet 
            WHERE status_out IN ('Active', '1', 'active')
            AND (nama_out LIKE :key OR ofcode_out LIKE :key)
            ORDER BY nama_out ASC
            LIMIT 20
2026-05-16 10:10:15 - getOutlet.php - Query berhasil, mengembalikan 20 record
2026-05-16 10:10:15 - getOutlet.php - === END REQUEST ===
2026-05-16 03:10:15 - getOutlet.php - === REQUEST GETOUTLET ===
2026-05-16 03:10:15 - getOutlet.php - Method: POST
2026-05-16 03:10:15 - getOutlet.php - POST data: {"tgl":"2026-05-16","encrypt":"ccd1ed58b6dfc857aa9aaffafcf73b7e","id_apl":"APL01","key":"RS"}
2026-05-16 10:10:15 - getOutlet.php - Params - tgl: 2026-05-16, encrypt: ccd1ed58b6dfc857aa9aaffafcf73b7e, id_apl: APL01, key: RS
2026-05-16 10:10:15 - getOutlet.php - Aplikasi ditemukan: Ya
2026-05-16 10:10:15 - getOutlet.php - Key aplikasi: YbcJSFjkds...
2026-05-16 10:10:15 - getOutlet.php - Expected encrypt: ccd1ed58b6dfc857aa9aaffafcf73b7e
2026-05-16 10:10:15 - getOutlet.php - Received encrypt: ccd1ed58b6dfc857aa9aaffafcf73b7e
2026-05-16 10:10:15 - getOutlet.php - Authentication berhasil
2026-05-16 10:10:15 - getOutlet.php - Query: SELECT id_out, nama_out, '' AS alamat_out, ofcode_out
            FROM outlet 
            WHERE status_out IN ('Active', '1', 'active')
            AND (nama_out LIKE :key OR ofcode_out LIKE :key)
            ORDER BY nama_out ASC
            LIMIT 20
2026-05-16 10:10:15 - getOutlet.php - Query berhasil, mengembalikan 20 record
2026-05-16 10:10:15 - getOutlet.php - === END REQUEST ===
2026-05-16 03:10:16 - getOutlet.php - === REQUEST GETOUTLET ===
2026-05-16 03:10:16 - getOutlet.php - Method: POST
2026-05-16 03:10:16 - getOutlet.php - POST data: {"tgl":"2026-05-16","encrypt":"ccd1ed58b6dfc857aa9aaffafcf73b7e","id_apl":"APL01","key":"Rs"}
2026-05-16 10:10:16 - getOutlet.php - Params - tgl: 2026-05-16, encrypt: ccd1ed58b6dfc857aa9aaffafcf73b7e, id_apl: APL01, key: Rs
2026-05-16 10:10:16 - getOutlet.php - Aplikasi ditemukan: Ya
2026-05-16 10:10:16 - getOutlet.php - Key aplikasi: YbcJSFjkds...
2026-05-16 10:10:16 - getOutlet.php - Expected encrypt: ccd1ed58b6dfc857aa9aaffafcf73b7e
2026-05-16 10:10:16 - getOutlet.php - Received encrypt: ccd1ed58b6dfc857aa9aaffafcf73b7e
2026-05-16 10:10:16 - getOutlet.php - Authentication berhasil
2026-05-16 10:10:16 - getOutlet.php - Query: SELECT id_out, nama_out, '' AS alamat_out, ofcode_out
            FROM outlet 
            WHERE status_out IN ('Active', '1', 'active')
            AND (nama_out LIKE :key OR ofcode_out LIKE :key)
            ORDER BY nama_out ASC
            LIMIT 20
2026-05-16 10:10:16 - getOutlet.php - Query berhasil, mengembalikan 20 record
2026-05-16 10:10:16 - getOutlet.php - === END REQUEST ===
2026-05-16 03:10:17 - getOutlet.php - === REQUEST GETOUTLET ===
2026-05-16 03:10:17 - getOutlet.php - Method: POST
2026-05-16 03:10:17 - getOutlet.php - POST data: {"tgl":"2026-05-16","encrypt":"ccd1ed58b6dfc857aa9aaffafcf73b7e","id_apl":"APL01","key":"Rs"}
2026-05-16 10:10:17 - getOutlet.php - Params - tgl: 2026-05-16, encrypt: ccd1ed58b6dfc857aa9aaffafcf73b7e, id_apl: APL01, key: Rs
2026-05-16 10:10:17 - getOutlet.php - Aplikasi ditemukan: Ya
2026-05-16 10:10:17 - getOutlet.php - Key aplikasi: YbcJSFjkds...
2026-05-16 10:10:17 - getOutlet.php - Expected encrypt: ccd1ed58b6dfc857aa9aaffafcf73b7e
2026-05-16 10:10:17 - getOutlet.php - Received encrypt: ccd1ed58b6dfc857aa9aaffafcf73b7e
2026-05-16 10:10:17 - getOutlet.php - Authentication berhasil
2026-05-16 10:10:17 - getOutlet.php - Query: SELECT id_out, nama_out, '' AS alamat_out, ofcode_out
            FROM outlet 
            WHERE status_out IN ('Active', '1', 'active')
            AND (nama_out LIKE :key OR ofcode_out LIKE :key)
            ORDER BY nama_out ASC
            LIMIT 20
2026-05-16 10:10:17 - getOutlet.php - Query berhasil, mengembalikan 20 record
2026-05-16 10:10:17 - getOutlet.php - === END REQUEST ===
2026-05-16 03:10:17 - getOutlet.php - === REQUEST GETOUTLET ===
2026-05-16 03:10:17 - getOutlet.php - Method: POST
2026-05-16 03:10:17 - getOutlet.php - POST data: {"tgl":"2026-05-16","encrypt":"ccd1ed58b6dfc857aa9aaffafcf73b7e","id_apl":"APL01","key":"Rs"}
2026-05-16 10:10:17 - getOutlet.php - Params - tgl: 2026-05-16, encrypt: ccd1ed58b6dfc857aa9aaffafcf73b7e, id_apl: APL01, key: Rs
2026-05-16 10:10:17 - getOutlet.php - Aplikasi ditemukan: Ya
2026-05-16 10:10:17 - getOutlet.php - Key aplikasi: YbcJSFjkds...
2026-05-16 10:10:17 - getOutlet.php - Expected encrypt: ccd1ed58b6dfc857aa9aaffafcf73b7e
2026-05-16 10:10:17 - getOutlet.php - Received encrypt: ccd1ed58b6dfc857aa9aaffafcf73b7e
2026-05-16 10:10:17 - getOutlet.php - Authentication berhasil
2026-05-16 10:10:17 - getOutlet.php - Query: SELECT id_out, nama_out, '' AS alamat_out, ofcode_out
            FROM outlet 
            WHERE status_out IN ('Active', '1', 'active')
            AND (nama_out LIKE :key OR ofcode_out LIKE :key)
            ORDER BY nama_out ASC
            LIMIT 20
2026-05-16 10:10:17 - getOutlet.php - Query berhasil, mengembalikan 20 record
2026-05-16 10:10:17 - getOutlet.php - === END REQUEST ===
2026-05-16 03:10:17 - getOutlet.php - === REQUEST GETOUTLET ===
2026-05-16 03:10:17 - getOutlet.php - Method: POST
2026-05-16 03:10:17 - getOutlet.php - POST data: {"tgl":"2026-05-16","encrypt":"ccd1ed58b6dfc857aa9aaffafcf73b7e","id_apl":"APL01","key":"Rs m"}
2026-05-16 10:10:17 - getOutlet.php - Params - tgl: 2026-05-16, encrypt: ccd1ed58b6dfc857aa9aaffafcf73b7e, id_apl: APL01, key: Rs m
2026-05-16 10:10:17 - getOutlet.php - Aplikasi ditemukan: Ya
2026-05-16 10:10:17 - getOutlet.php - Key aplikasi: YbcJSFjkds...
2026-05-16 10:10:17 - getOutlet.php - Expected encrypt: ccd1ed58b6dfc857aa9aaffafcf73b7e
2026-05-16 10:10:17 - getOutlet.php - Received encrypt: ccd1ed58b6dfc857aa9aaffafcf73b7e
2026-05-16 10:10:17 - getOutlet.php - Authentication berhasil
2026-05-16 10:10:17 - getOutlet.php - Query: SELECT id_out, nama_out, '' AS alamat_out, ofcode_out
            FROM outlet 
            WHERE status_out IN ('Active', '1', 'active')
            AND (nama_out LIKE :key OR ofcode_out LIKE :key)
            ORDER BY nama_out ASC
            LIMIT 20
2026-05-16 10:10:17 - getOutlet.php - Query berhasil, mengembalikan 20 record
2026-05-16 10:10:17 - getOutlet.php - === END REQUEST ===
2026-05-16 03:10:17 - getOutlet.php - === REQUEST GETOUTLET ===
2026-05-16 03:10:17 - getOutlet.php - Method: POST
2026-05-16 03:10:17 - getOutlet.php - POST data: {"tgl":"2026-05-16","encrypt":"ccd1ed58b6dfc857aa9aaffafcf73b7e","id_apl":"APL01","key":"Rs me"}
2026-05-16 10:10:17 - getOutlet.php - Params - tgl: 2026-05-16, encrypt: ccd1ed58b6dfc857aa9aaffafcf73b7e, id_apl: APL01, key: Rs me
2026-05-16 10:10:17 - getOutlet.php - Aplikasi ditemukan: Ya
2026-05-16 10:10:17 - getOutlet.php - Key aplikasi: YbcJSFjkds...
2026-05-16 10:10:17 - getOutlet.php - Expected encrypt: ccd1ed58b6dfc857aa9aaffafcf73b7e
2026-05-16 10:10:17 - getOutlet.php - Received encrypt: ccd1ed58b6dfc857aa9aaffafcf73b7e
2026-05-16 10:10:17 - getOutlet.php - Authentication berhasil
2026-05-16 10:10:17 - getOutlet.php - Query: SELECT id_out, nama_out, '' AS alamat_out, ofcode_out
            FROM outlet 
            WHERE status_out IN ('Active', '1', 'active')
            AND (nama_out LIKE :key OR ofcode_out LIKE :key)
            ORDER BY nama_out ASC
            LIMIT 20
2026-05-16 10:10:17 - getOutlet.php - Query berhasil, mengembalikan 13 record
2026-05-16 10:10:17 - getOutlet.php - === END REQUEST ===
2026-05-16 03:10:18 - getOutlet.php - === REQUEST GETOUTLET ===
2026-05-16 03:10:18 - getOutlet.php - Method: POST
2026-05-16 03:10:18 - getOutlet.php - POST data: {"tgl":"2026-05-16","encrypt":"ccd1ed58b6dfc857aa9aaffafcf73b7e","id_apl":"APL01","key":"Rs med"}
2026-05-16 10:10:18 - getOutlet.php - Params - tgl: 2026-05-16, encrypt: ccd1ed58b6dfc857aa9aaffafcf73b7e, id_apl: APL01, key: Rs med
2026-05-16 10:10:18 - getOutlet.php - Aplikasi ditemukan: Ya
2026-05-16 10:10:18 - getOutlet.php - Key aplikasi: YbcJSFjkds...
2026-05-16 10:10:18 - getOutlet.php - Expected encrypt: ccd1ed58b6dfc857aa9aaffafcf73b7e
2026-05-16 10:10:18 - getOutlet.php - Received encrypt: ccd1ed58b6dfc857aa9aaffafcf73b7e
2026-05-16 10:10:18 - getOutlet.php - Authentication berhasil
2026-05-16 10:10:18 - getOutlet.php - Query: SELECT id_out, nama_out, '' AS alamat_out, ofcode_out
            FROM outlet 
            WHERE status_out IN ('Active', '1', 'active')
            AND (nama_out LIKE :key OR ofcode_out LIKE :key)
            ORDER BY nama_out ASC
            LIMIT 20
2026-05-16 10:10:18 - getOutlet.php - Query berhasil, mengembalikan 5 record
2026-05-16 10:10:18 - getOutlet.php - === END REQUEST ===
2026-05-16 03:10:18 - getOutlet.php - === REQUEST GETOUTLET ===
2026-05-16 03:10:18 - getOutlet.php - Method: POST
2026-05-16 03:10:18 - getOutlet.php - POST data: {"tgl":"2026-05-16","encrypt":"ccd1ed58b6dfc857aa9aaffafcf73b7e","id_apl":"APL01","key":"Rs medi"}
2026-05-16 10:10:18 - getOutlet.php - Params - tgl: 2026-05-16, encrypt: ccd1ed58b6dfc857aa9aaffafcf73b7e, id_apl: APL01, key: Rs medi
2026-05-16 10:10:18 - getOutlet.php - Aplikasi ditemukan: Ya
2026-05-16 10:10:18 - getOutlet.php - Key aplikasi: YbcJSFjkds...
2026-05-16 10:10:18 - getOutlet.php - Expected encrypt: ccd1ed58b6dfc857aa9aaffafcf73b7e
2026-05-16 10:10:18 - getOutlet.php - Received encrypt: ccd1ed58b6dfc857aa9aaffafcf73b7e
2026-05-16 10:10:18 - getOutlet.php - Authentication berhasil
2026-05-16 10:10:18 - getOutlet.php - Query: SELECT id_out, nama_out, '' AS alamat_out, ofcode_out
            FROM outlet 
            WHERE status_out IN ('Active', '1', 'active')
            AND (nama_out LIKE :key OR ofcode_out LIKE :key)
            ORDER BY nama_out ASC
            LIMIT 20
2026-05-16 10:10:18 - getOutlet.php - Query berhasil, mengembalikan 5 record
2026-05-16 10:10:18 - getOutlet.php - === END REQUEST ===
2026-05-16 03:10:18 - getOutlet.php - === REQUEST GETOUTLET ===
2026-05-16 03:10:18 - getOutlet.php - Method: POST
2026-05-16 03:10:18 - getOutlet.php - POST data: {"tgl":"2026-05-16","encrypt":"ccd1ed58b6dfc857aa9aaffafcf73b7e","id_apl":"APL01","key":"Rs medis"}
2026-05-16 10:10:18 - getOutlet.php - Params - tgl: 2026-05-16, encrypt: ccd1ed58b6dfc857aa9aaffafcf73b7e, id_apl: APL01, key: Rs medis
2026-05-16 10:10:18 - getOutlet.php - Aplikasi ditemukan: Ya
2026-05-16 10:10:18 - getOutlet.php - Key aplikasi: YbcJSFjkds...
2026-05-16 10:10:18 - getOutlet.php - Expected encrypt: ccd1ed58b6dfc857aa9aaffafcf73b7e
2026-05-16 10:10:18 - getOutlet.php - Received encrypt: ccd1ed58b6dfc857aa9aaffafcf73b7e
2026-05-16 10:10:18 - getOutlet.php - Authentication berhasil
2026-05-16 10:10:18 - getOutlet.php - Query: SELECT id_out, nama_out, '' AS alamat_out, ofcode_out
            FROM outlet 
            WHERE status_out IN ('Active', '1', 'active')
            AND (nama_out LIKE :key OR ofcode_out LIKE :key)
            ORDER BY nama_out ASC
            LIMIT 20
2026-05-16 10:10:18 - getOutlet.php - Query berhasil, mengembalikan 1 record
2026-05-16 10:10:18 - getOutlet.php - === END REQUEST ===
2026-05-16 03:10:19 - getOutlet.php - === REQUEST GETOUTLET ===
2026-05-16 03:10:19 - getOutlet.php - Method: POST
2026-05-16 03:10:19 - getOutlet.php - POST data: {"tgl":"2026-05-16","encrypt":"ccd1ed58b6dfc857aa9aaffafcf73b7e","id_apl":"APL01","key":"Rs medist"}
2026-05-16 10:10:19 - getOutlet.php - Params - tgl: 2026-05-16, encrypt: ccd1ed58b6dfc857aa9aaffafcf73b7e, id_apl: APL01, key: Rs medist
2026-05-16 10:10:19 - getOutlet.php - Aplikasi ditemukan: Ya
2026-05-16 10:10:19 - getOutlet.php - Key aplikasi: YbcJSFjkds...
2026-05-16 10:10:19 - getOutlet.php - Expected encrypt: ccd1ed58b6dfc857aa9aaffafcf73b7e
2026-05-16 10:10:19 - getOutlet.php - Received encrypt: ccd1ed58b6dfc857aa9aaffafcf73b7e
2026-05-16 10:10:19 - getOutlet.php - Authentication berhasil
2026-05-16 10:10:19 - getOutlet.php - Query: SELECT id_out, nama_out, '' AS alamat_out, ofcode_out
            FROM outlet 
            WHERE status_out IN ('Active', '1', 'active')
            AND (nama_out LIKE :key OR ofcode_out LIKE :key)
            ORDER BY nama_out ASC
            LIMIT 20
2026-05-16 10:10:19 - getOutlet.php - Query berhasil, mengembalikan 1 record
2026-05-16 10:10:19 - getOutlet.php - === END REQUEST ===
2026-05-16 03:10:19 - getOutlet.php - === REQUEST GETOUTLET ===
2026-05-16 03:10:19 - getOutlet.php - Method: POST
2026-05-16 03:10:19 - getOutlet.php - POST data: {"tgl":"2026-05-16","encrypt":"ccd1ed58b6dfc857aa9aaffafcf73b7e","id_apl":"APL01","key":"Rs medistr"}
2026-05-16 10:10:19 - getOutlet.php - Params - tgl: 2026-05-16, encrypt: ccd1ed58b6dfc857aa9aaffafcf73b7e, id_apl: APL01, key: Rs medistr
2026-05-16 10:10:19 - getOutlet.php - Aplikasi ditemukan: Ya
2026-05-16 10:10:19 - getOutlet.php - Key aplikasi: YbcJSFjkds...
2026-05-16 10:10:19 - getOutlet.php - Expected encrypt: ccd1ed58b6dfc857aa9aaffafcf73b7e
2026-05-16 10:10:19 - getOutlet.php - Received encrypt: ccd1ed58b6dfc857aa9aaffafcf73b7e
2026-05-16 10:10:19 - getOutlet.php - Authentication berhasil
2026-05-16 10:10:19 - getOutlet.php - Query: SELECT id_out, nama_out, '' AS alamat_out, ofcode_out
            FROM outlet 
            WHERE status_out IN ('Active', '1', 'active')
            AND (nama_out LIKE :key OR ofcode_out LIKE :key)
            ORDER BY nama_out ASC
            LIMIT 20
2026-05-16 10:10:19 - getOutlet.php - Query berhasil, mengembalikan 1 record
2026-05-16 10:10:19 - getOutlet.php - === END REQUEST ===
2026-05-16 03:10:19 - getOutlet.php - === REQUEST GETOUTLET ===
2026-05-16 03:10:19 - getOutlet.php - Method: POST
2026-05-16 03:10:19 - getOutlet.php - POST data: {"tgl":"2026-05-16","encrypt":"ccd1ed58b6dfc857aa9aaffafcf73b7e","id_apl":"APL01","key":"Rs medistra"}
2026-05-16 10:10:19 - getOutlet.php - Params - tgl: 2026-05-16, encrypt: ccd1ed58b6dfc857aa9aaffafcf73b7e, id_apl: APL01, key: Rs medistra
2026-05-16 10:10:19 - getOutlet.php - Aplikasi ditemukan: Ya
2026-05-16 10:10:19 - getOutlet.php - Key aplikasi: YbcJSFjkds...
2026-05-16 10:10:19 - getOutlet.php - Expected encrypt: ccd1ed58b6dfc857aa9aaffafcf73b7e
2026-05-16 10:10:19 - getOutlet.php - Received encrypt: ccd1ed58b6dfc857aa9aaffafcf73b7e
2026-05-16 10:10:19 - getOutlet.php - Authentication berhasil
2026-05-16 10:10:19 - getOutlet.php - Query: SELECT id_out, nama_out, '' AS alamat_out, ofcode_out
            FROM outlet 
            WHERE status_out IN ('Active', '1', 'active')
            AND (nama_out LIKE :key OR ofcode_out LIKE :key)
            ORDER BY nama_out ASC
            LIMIT 20
2026-05-16 10:10:19 - getOutlet.php - Query berhasil, mengembalikan 1 record
2026-05-16 10:10:19 - getOutlet.php - === END REQUEST ===
2026-05-16 03:10:20 - getOutlet.php - === REQUEST GETOUTLET ===
2026-05-16 03:10:20 - getOutlet.php - Method: POST
2026-05-16 03:10:20 - getOutlet.php - POST data: {"tgl":"2026-05-16","encrypt":"ccd1ed58b6dfc857aa9aaffafcf73b7e","id_apl":"APL01","key":"RS MEDISTRA"}
2026-05-16 10:10:20 - getOutlet.php - Params - tgl: 2026-05-16, encrypt: ccd1ed58b6dfc857aa9aaffafcf73b7e, id_apl: APL01, key: RS MEDISTRA
2026-05-16 10:10:20 - getOutlet.php - Aplikasi ditemukan: Ya
2026-05-16 10:10:20 - getOutlet.php - Key aplikasi: YbcJSFjkds...
2026-05-16 10:10:20 - getOutlet.php - Expected encrypt: ccd1ed58b6dfc857aa9aaffafcf73b7e
2026-05-16 10:10:20 - getOutlet.php - Received encrypt: ccd1ed58b6dfc857aa9aaffafcf73b7e
2026-05-16 10:10:20 - getOutlet.php - Authentication berhasil
2026-05-16 10:10:20 - getOutlet.php - Query: SELECT id_out, nama_out, '' AS alamat_out, ofcode_out
            FROM outlet 
            WHERE status_out IN ('Active', '1', 'active')
            AND (nama_out LIKE :key OR ofcode_out LIKE :key)
            ORDER BY nama_out ASC
            LIMIT 20
2026-05-16 10:10:20 - getOutlet.php - Query berhasil, mengembalikan 1 record
2026-05-16 10:10:20 - getOutlet.php - === END REQUEST ===
2026-05-16 03:10:32 - getOutlet.php - === REQUEST GETOUTLET ===
2026-05-16 03:10:32 - getOutlet.php - Method: POST
2026-05-16 03:10:32 - getOutlet.php - POST data: {"tgl":"2026-05-16","encrypt":"ccd1ed58b6dfc857aa9aaffafcf73b7e","id_apl":"APL01","key":"Rs"}
2026-05-16 10:10:32 - getOutlet.php - Params - tgl: 2026-05-16, encrypt: ccd1ed58b6dfc857aa9aaffafcf73b7e, id_apl: APL01, key: Rs
2026-05-16 10:10:32 - getOutlet.php - Aplikasi ditemukan: Ya
2026-05-16 10:10:32 - getOutlet.php - Key aplikasi: YbcJSFjkds...
2026-05-16 10:10:32 - getOutlet.php - Expected encrypt: ccd1ed58b6dfc857aa9aaffafcf73b7e
2026-05-16 10:10:32 - getOutlet.php - Received encrypt: ccd1ed58b6dfc857aa9aaffafcf73b7e
2026-05-16 10:10:32 - getOutlet.php - Authentication berhasil
2026-05-16 10:10:32 - getOutlet.php - Query: SELECT id_out, nama_out, '' AS alamat_out, ofcode_out
            FROM outlet 
            WHERE status_out IN ('Active', '1', 'active')
            AND (nama_out LIKE :key OR ofcode_out LIKE :key)
            ORDER BY nama_out ASC
            LIMIT 20
2026-05-16 10:10:32 - getOutlet.php - Query berhasil, mengembalikan 20 record
2026-05-16 10:10:32 - getOutlet.php - === END REQUEST ===
2026-05-16 03:10:32 - getOutlet.php - === REQUEST GETOUTLET ===
2026-05-16 03:10:32 - getOutlet.php - Method: POST
2026-05-16 03:10:32 - getOutlet.php - POST data: {"tgl":"2026-05-16","encrypt":"ccd1ed58b6dfc857aa9aaffafcf73b7e","id_apl":"APL01","key":"Rs"}
2026-05-16 10:10:32 - getOutlet.php - Params - tgl: 2026-05-16, encrypt: ccd1ed58b6dfc857aa9aaffafcf73b7e, id_apl: APL01, key: Rs
2026-05-16 10:10:32 - getOutlet.php - Aplikasi ditemukan: Ya
2026-05-16 10:10:32 - getOutlet.php - Key aplikasi: YbcJSFjkds...
2026-05-16 10:10:32 - getOutlet.php - Expected encrypt: ccd1ed58b6dfc857aa9aaffafcf73b7e
2026-05-16 10:10:32 - getOutlet.php - Received encrypt: ccd1ed58b6dfc857aa9aaffafcf73b7e
2026-05-16 10:10:32 - getOutlet.php - Authentication berhasil
2026-05-16 10:10:32 - getOutlet.php - Query: SELECT id_out, nama_out, '' AS alamat_out, ofcode_out
            FROM outlet 
            WHERE status_out IN ('Active', '1', 'active')
            AND (nama_out LIKE :key OR ofcode_out LIKE :key)
            ORDER BY nama_out ASC
            LIMIT 20
2026-05-16 10:10:32 - getOutlet.php - Query berhasil, mengembalikan 20 record
2026-05-16 10:10:32 - getOutlet.php - === END REQUEST ===
2026-05-16 03:10:32 - getOutlet.php - === REQUEST GETOUTLET ===
2026-05-16 03:10:32 - getOutlet.php - Method: POST
2026-05-16 03:10:32 - getOutlet.php - POST data: {"tgl":"2026-05-16","encrypt":"ccd1ed58b6dfc857aa9aaffafcf73b7e","id_apl":"APL01","key":"Rs"}
2026-05-16 10:10:32 - getOutlet.php - Params - tgl: 2026-05-16, encrypt: ccd1ed58b6dfc857aa9aaffafcf73b7e, id_apl: APL01, key: Rs
2026-05-16 10:10:32 - getOutlet.php - Aplikasi ditemukan: Ya
2026-05-16 10:10:32 - getOutlet.php - Key aplikasi: YbcJSFjkds...
2026-05-16 10:10:32 - getOutlet.php - Expected encrypt: ccd1ed58b6dfc857aa9aaffafcf73b7e
2026-05-16 10:10:32 - getOutlet.php - Received encrypt: ccd1ed58b6dfc857aa9aaffafcf73b7e
2026-05-16 10:10:32 - getOutlet.php - Authentication berhasil
2026-05-16 10:10:32 - getOutlet.php - Query: SELECT id_out, nama_out, '' AS alamat_out, ofcode_out
            FROM outlet 
            WHERE status_out IN ('Active', '1', 'active')
            AND (nama_out LIKE :key OR ofcode_out LIKE :key)
            ORDER BY nama_out ASC
            LIMIT 20
2026-05-16 10:10:32 - getOutlet.php - Query berhasil, mengembalikan 20 record
2026-05-16 10:10:32 - getOutlet.php - === END REQUEST ===
2026-05-16 03:10:33 - getOutlet.php - === REQUEST GETOUTLET ===
2026-05-16 03:10:33 - getOutlet.php - Method: POST
2026-05-16 03:10:33 - getOutlet.php - POST data: {"tgl":"2026-05-16","encrypt":"ccd1ed58b6dfc857aa9aaffafcf73b7e","id_apl":"APL01","key":"Rs h"}
2026-05-16 10:10:33 - getOutlet.php - Params - tgl: 2026-05-16, encrypt: ccd1ed58b6dfc857aa9aaffafcf73b7e, id_apl: APL01, key: Rs h
2026-05-16 10:10:33 - getOutlet.php - Aplikasi ditemukan: Ya
2026-05-16 10:10:33 - getOutlet.php - Key aplikasi: YbcJSFjkds...
2026-05-16 10:10:33 - getOutlet.php - Expected encrypt: ccd1ed58b6dfc857aa9aaffafcf73b7e
2026-05-16 10:10:33 - getOutlet.php - Received encrypt: ccd1ed58b6dfc857aa9aaffafcf73b7e
2026-05-16 10:10:33 - getOutlet.php - Authentication berhasil
2026-05-16 10:10:33 - getOutlet.php - Query: SELECT id_out, nama_out, '' AS alamat_out, ofcode_out
            FROM outlet 
            WHERE status_out IN ('Active', '1', 'active')
            AND (nama_out LIKE :key OR ofcode_out LIKE :key)
            ORDER BY nama_out ASC
            LIMIT 20
2026-05-16 10:10:33 - getOutlet.php - Query berhasil, mengembalikan 16 record
2026-05-16 10:10:33 - getOutlet.php - === END REQUEST ===
2026-05-16 03:10:33 - getOutlet.php - === REQUEST GETOUTLET ===
2026-05-16 03:10:33 - getOutlet.php - Method: POST
2026-05-16 03:10:33 - getOutlet.php - POST data: {"tgl":"2026-05-16","encrypt":"ccd1ed58b6dfc857aa9aaffafcf73b7e","id_apl":"APL01","key":"Rs ha"}
2026-05-16 10:10:33 - getOutlet.php - Params - tgl: 2026-05-16, encrypt: ccd1ed58b6dfc857aa9aaffafcf73b7e, id_apl: APL01, key: Rs ha
2026-05-16 10:10:33 - getOutlet.php - Aplikasi ditemukan: Ya
2026-05-16 10:10:33 - getOutlet.php - Key aplikasi: YbcJSFjkds...
2026-05-16 10:10:33 - getOutlet.php - Expected encrypt: ccd1ed58b6dfc857aa9aaffafcf73b7e
2026-05-16 10:10:33 - getOutlet.php - Received encrypt: ccd1ed58b6dfc857aa9aaffafcf73b7e
2026-05-16 10:10:33 - getOutlet.php - Authentication berhasil
2026-05-16 10:10:33 - getOutlet.php - Query: SELECT id_out, nama_out, '' AS alamat_out, ofcode_out
            FROM outlet 
            WHERE status_out IN ('Active', '1', 'active')
            AND (nama_out LIKE :key OR ofcode_out LIKE :key)
            ORDER BY nama_out ASC
            LIMIT 20
2026-05-16 10:10:33 - getOutlet.php - Query berhasil, mengembalikan 8 record
2026-05-16 10:10:33 - getOutlet.php - === END REQUEST ===
2026-05-16 03:10:34 - getOutlet.php - === REQUEST GETOUTLET ===
2026-05-16 03:10:34 - getOutlet.php - Method: POST
2026-05-16 03:10:34 - getOutlet.php - POST data: {"tgl":"2026-05-16","encrypt":"ccd1ed58b6dfc857aa9aaffafcf73b7e","id_apl":"APL01","key":"Rs har"}
2026-05-16 10:10:34 - getOutlet.php - Params - tgl: 2026-05-16, encrypt: ccd1ed58b6dfc857aa9aaffafcf73b7e, id_apl: APL01, key: Rs har
2026-05-16 10:10:34 - getOutlet.php - Aplikasi ditemukan: Ya
2026-05-16 10:10:34 - getOutlet.php - Key aplikasi: YbcJSFjkds...
2026-05-16 10:10:34 - getOutlet.php - Expected encrypt: ccd1ed58b6dfc857aa9aaffafcf73b7e
2026-05-16 10:10:34 - getOutlet.php - Received encrypt: ccd1ed58b6dfc857aa9aaffafcf73b7e
2026-05-16 10:10:34 - getOutlet.php - Authentication berhasil
2026-05-16 10:10:34 - getOutlet.php - Query: SELECT id_out, nama_out, '' AS alamat_out, ofcode_out
            FROM outlet 
            WHERE status_out IN ('Active', '1', 'active')
            AND (nama_out LIKE :key OR ofcode_out LIKE :key)
            ORDER BY nama_out ASC
            LIMIT 20
2026-05-16 10:10:34 - getOutlet.php - Query berhasil, mengembalikan 6 record
2026-05-16 10:10:34 - getOutlet.php - === END REQUEST ===
2026-05-16 03:10:34 - getOutlet.php - === REQUEST GETOUTLET ===
2026-05-16 03:10:34 - getOutlet.php - Method: POST
2026-05-16 03:10:34 - getOutlet.php - POST data: {"tgl":"2026-05-16","encrypt":"ccd1ed58b6dfc857aa9aaffafcf73b7e","id_apl":"APL01","key":"Rs hara"}
2026-05-16 10:10:34 - getOutlet.php - Params - tgl: 2026-05-16, encrypt: ccd1ed58b6dfc857aa9aaffafcf73b7e, id_apl: APL01, key: Rs hara
2026-05-16 10:10:34 - getOutlet.php - Aplikasi ditemukan: Ya
2026-05-16 10:10:34 - getOutlet.php - Key aplikasi: YbcJSFjkds...
2026-05-16 10:10:34 - getOutlet.php - Expected encrypt: ccd1ed58b6dfc857aa9aaffafcf73b7e
2026-05-16 10:10:34 - getOutlet.php - Received encrypt: ccd1ed58b6dfc857aa9aaffafcf73b7e
2026-05-16 10:10:34 - getOutlet.php - Authentication berhasil
2026-05-16 10:10:34 - getOutlet.php - Query: SELECT id_out, nama_out, '' AS alamat_out, ofcode_out
            FROM outlet 
            WHERE status_out IN ('Active', '1', 'active')
            AND (nama_out LIKE :key OR ofcode_out LIKE :key)
            ORDER BY nama_out ASC
            LIMIT 20
2026-05-16 10:10:34 - getOutlet.php - Query berhasil, mengembalikan 5 record
2026-05-16 10:10:34 - getOutlet.php - === END REQUEST ===
2026-05-16 03:10:34 - getOutlet.php - === REQUEST GETOUTLET ===
2026-05-16 03:10:34 - getOutlet.php - Method: POST
2026-05-16 03:10:34 - getOutlet.php - POST data: {"tgl":"2026-05-16","encrypt":"ccd1ed58b6dfc857aa9aaffafcf73b7e","id_apl":"APL01","key":"Rs haral"}
2026-05-16 10:10:34 - getOutlet.php - Params - tgl: 2026-05-16, encrypt: ccd1ed58b6dfc857aa9aaffafcf73b7e, id_apl: APL01, key: Rs haral
2026-05-16 10:10:34 - getOutlet.php - Aplikasi ditemukan: Ya
2026-05-16 10:10:34 - getOutlet.php - Key aplikasi: YbcJSFjkds...
2026-05-16 10:10:34 - getOutlet.php - Expected encrypt: ccd1ed58b6dfc857aa9aaffafcf73b7e
2026-05-16 10:10:34 - getOutlet.php - Received encrypt: ccd1ed58b6dfc857aa9aaffafcf73b7e
2026-05-16 10:10:34 - getOutlet.php - Authentication berhasil
2026-05-16 10:10:34 - getOutlet.php - Query: SELECT id_out, nama_out, '' AS alamat_out, ofcode_out
            FROM outlet 
            WHERE status_out IN ('Active', '1', 'active')
            AND (nama_out LIKE :key OR ofcode_out LIKE :key)
            ORDER BY nama_out ASC
            LIMIT 20
2026-05-16 10:10:34 - getOutlet.php - Query berhasil, mengembalikan 0 record
2026-05-16 10:10:34 - getOutlet.php - === END REQUEST ===
2026-05-16 03:10:35 - getOutlet.php - === REQUEST GETOUTLET ===
2026-05-16 03:10:35 - getOutlet.php - Method: POST
2026-05-16 03:10:35 - getOutlet.php - POST data: {"tgl":"2026-05-16","encrypt":"ccd1ed58b6dfc857aa9aaffafcf73b7e","id_apl":"APL01","key":"Rs hara"}
2026-05-16 10:10:35 - getOutlet.php - Params - tgl: 2026-05-16, encrypt: ccd1ed58b6dfc857aa9aaffafcf73b7e, id_apl: APL01, key: Rs hara
2026-05-16 10:10:35 - getOutlet.php - Aplikasi ditemukan: Ya
2026-05-16 10:10:35 - getOutlet.php - Key aplikasi: YbcJSFjkds...
2026-05-16 10:10:35 - getOutlet.php - Expected encrypt: ccd1ed58b6dfc857aa9aaffafcf73b7e
2026-05-16 10:10:35 - getOutlet.php - Received encrypt: ccd1ed58b6dfc857aa9aaffafcf73b7e
2026-05-16 10:10:35 - getOutlet.php - Authentication berhasil
2026-05-16 10:10:35 - getOutlet.php - Query: SELECT id_out, nama_out, '' AS alamat_out, ofcode_out
            FROM outlet 
            WHERE status_out IN ('Active', '1', 'active')
            AND (nama_out LIKE :key OR ofcode_out LIKE :key)
            ORDER BY nama_out ASC
            LIMIT 20
2026-05-16 10:10:35 - getOutlet.php - Query berhasil, mengembalikan 5 record
2026-05-16 10:10:35 - getOutlet.php - === END REQUEST ===
2026-05-16 03:10:36 - getOutlet.php - === REQUEST GETOUTLET ===
2026-05-16 03:10:36 - getOutlet.php - Method: POST
2026-05-16 03:10:36 - getOutlet.php - POST data: {"tgl":"2026-05-16","encrypt":"ccd1ed58b6dfc857aa9aaffafcf73b7e","id_apl":"APL01","key":"RS Harapan Bunda "}
2026-05-16 10:10:36 - getOutlet.php - Params - tgl: 2026-05-16, encrypt: ccd1ed58b6dfc857aa9aaffafcf73b7e, id_apl: APL01, key: RS Harapan Bunda
2026-05-16 10:10:36 - getOutlet.php - Aplikasi ditemukan: Ya
2026-05-16 10:10:36 - getOutlet.php - Key aplikasi: YbcJSFjkds...
2026-05-16 10:10:36 - getOutlet.php - Expected encrypt: ccd1ed58b6dfc857aa9aaffafcf73b7e
2026-05-16 10:10:36 - getOutlet.php - Received encrypt: ccd1ed58b6dfc857aa9aaffafcf73b7e
2026-05-16 10:10:36 - getOutlet.php - Authentication berhasil
2026-05-16 10:10:36 - getOutlet.php - Query: SELECT id_out, nama_out, '' AS alamat_out, ofcode_out
            FROM outlet 
            WHERE status_out IN ('Active', '1', 'active')
            AND (nama_out LIKE :key OR ofcode_out LIKE :key)
            ORDER BY nama_out ASC
            LIMIT 20
2026-05-16 10:10:36 - getOutlet.php - Query berhasil, mengembalikan 1 record
2026-05-16 10:10:36 - getOutlet.php - === END REQUEST ===
2026-05-16 03:11:02 - getOutlet.php - === REQUEST GETOUTLET ===
2026-05-16 03:11:02 - getOutlet.php - Method: POST
2026-05-16 03:11:02 - getOutlet.php - POST data: {"tgl":"2026-05-16","encrypt":"ccd1ed58b6dfc857aa9aaffafcf73b7e","id_apl":"APL01","key":"Ap"}
2026-05-16 10:11:02 - getOutlet.php - Params - tgl: 2026-05-16, encrypt: ccd1ed58b6dfc857aa9aaffafcf73b7e, id_apl: APL01, key: Ap
2026-05-16 10:11:02 - getOutlet.php - Aplikasi ditemukan: Ya
2026-05-16 10:11:02 - getOutlet.php - Key aplikasi: YbcJSFjkds...
2026-05-16 10:11:02 - getOutlet.php - Expected encrypt: ccd1ed58b6dfc857aa9aaffafcf73b7e
2026-05-16 10:11:02 - getOutlet.php - Received encrypt: ccd1ed58b6dfc857aa9aaffafcf73b7e
2026-05-16 10:11:02 - getOutlet.php - Authentication berhasil
2026-05-16 10:11:02 - getOutlet.php - Query: SELECT id_out, nama_out, '' AS alamat_out, ofcode_out
            FROM outlet 
            WHERE status_out IN ('Active', '1', 'active')
            AND (nama_out LIKE :key OR ofcode_out LIKE :key)
            ORDER BY nama_out ASC
            LIMIT 20
2026-05-16 10:11:02 - getOutlet.php - Query berhasil, mengembalikan 20 record
2026-05-16 10:11:02 - getOutlet.php - === END REQUEST ===
2026-05-16 03:11:02 - getOutlet.php - === REQUEST GETOUTLET ===
2026-05-16 03:11:02 - getOutlet.php - Method: POST
2026-05-16 03:11:02 - getOutlet.php - POST data: {"tgl":"2026-05-16","encrypt":"ccd1ed58b6dfc857aa9aaffafcf73b7e","id_apl":"APL01","key":"Apo"}
2026-05-16 10:11:02 - getOutlet.php - Params - tgl: 2026-05-16, encrypt: ccd1ed58b6dfc857aa9aaffafcf73b7e, id_apl: APL01, key: Apo
2026-05-16 10:11:02 - getOutlet.php - Aplikasi ditemukan: Ya
2026-05-16 10:11:02 - getOutlet.php - Key aplikasi: YbcJSFjkds...
2026-05-16 10:11:02 - getOutlet.php - Expected encrypt: ccd1ed58b6dfc857aa9aaffafcf73b7e
2026-05-16 10:11:02 - getOutlet.php - Received encrypt: ccd1ed58b6dfc857aa9aaffafcf73b7e
2026-05-16 10:11:02 - getOutlet.php - Authentication berhasil
2026-05-16 10:11:02 - getOutlet.php - Query: SELECT id_out, nama_out, '' AS alamat_out, ofcode_out
            FROM outlet 
            WHERE status_out IN ('Active', '1', 'active')
            AND (nama_out LIKE :key OR ofcode_out LIKE :key)
            ORDER BY nama_out ASC
            LIMIT 20
2026-05-16 10:11:02 - getOutlet.php - Query berhasil, mengembalikan 20 record
2026-05-16 10:11:02 - getOutlet.php - === END REQUEST ===
2026-05-16 03:11:04 - getOutlet.php - === REQUEST GETOUTLET ===
2026-05-16 03:11:04 - getOutlet.php - Method: POST
2026-05-16 03:11:04 - getOutlet.php - POST data: {"tgl":"2026-05-16","encrypt":"ccd1ed58b6dfc857aa9aaffafcf73b7e","id_apl":"APL01","key":"Apote"}
2026-05-16 10:11:04 - getOutlet.php - Params - tgl: 2026-05-16, encrypt: ccd1ed58b6dfc857aa9aaffafcf73b7e, id_apl: APL01, key: Apote
2026-05-16 10:11:04 - getOutlet.php - Aplikasi ditemukan: Ya
2026-05-16 10:11:04 - getOutlet.php - Key aplikasi: YbcJSFjkds...
2026-05-16 10:11:04 - getOutlet.php - Expected encrypt: ccd1ed58b6dfc857aa9aaffafcf73b7e
2026-05-16 10:11:04 - getOutlet.php - Received encrypt: ccd1ed58b6dfc857aa9aaffafcf73b7e
2026-05-16 10:11:04 - getOutlet.php - Authentication berhasil
2026-05-16 10:11:04 - getOutlet.php - Query: SELECT id_out, nama_out, '' AS alamat_out, ofcode_out
            FROM outlet 
            WHERE status_out IN ('Active', '1', 'active')
            AND (nama_out LIKE :key OR ofcode_out LIKE :key)
            ORDER BY nama_out ASC
            LIMIT 20
2026-05-16 10:11:04 - getOutlet.php - Query berhasil, mengembalikan 20 record
2026-05-16 10:11:04 - getOutlet.php - === END REQUEST ===
2026-05-16 03:11:04 - getOutlet.php - === REQUEST GETOUTLET ===
2026-05-16 03:11:04 - getOutlet.php - Method: POST
2026-05-16 03:11:04 - getOutlet.php - POST data: {"tgl":"2026-05-16","encrypt":"ccd1ed58b6dfc857aa9aaffafcf73b7e","id_apl":"APL01","key":"Apot"}
2026-05-16 10:11:04 - getOutlet.php - Params - tgl: 2026-05-16, encrypt: ccd1ed58b6dfc857aa9aaffafcf73b7e, id_apl: APL01, key: Apot
2026-05-16 10:11:04 - getOutlet.php - Aplikasi ditemukan: Ya
2026-05-16 10:11:04 - getOutlet.php - Key aplikasi: YbcJSFjkds...
2026-05-16 10:11:04 - getOutlet.php - Expected encrypt: ccd1ed58b6dfc857aa9aaffafcf73b7e
2026-05-16 10:11:04 - getOutlet.php - Received encrypt: ccd1ed58b6dfc857aa9aaffafcf73b7e
2026-05-16 10:11:04 - getOutlet.php - Authentication berhasil
2026-05-16 10:11:04 - getOutlet.php - Query: SELECT id_out, nama_out, '' AS alamat_out, ofcode_out
            FROM outlet 
            WHERE status_out IN ('Active', '1', 'active')
            AND (nama_out LIKE :key OR ofcode_out LIKE :key)
            ORDER BY nama_out ASC
            LIMIT 20
2026-05-16 10:11:04 - getOutlet.php - Query berhasil, mengembalikan 20 record
2026-05-16 10:11:04 - getOutlet.php - === END REQUEST ===
2026-05-16 03:11:05 - getOutlet.php - === REQUEST GETOUTLET ===
2026-05-16 03:11:05 - getOutlet.php - Method: POST
2026-05-16 03:11:05 - getOutlet.php - POST data: {"tgl":"2026-05-16","encrypt":"ccd1ed58b6dfc857aa9aaffafcf73b7e","id_apl":"APL01","key":"Apotek"}
2026-05-16 10:11:05 - getOutlet.php - Params - tgl: 2026-05-16, encrypt: ccd1ed58b6dfc857aa9aaffafcf73b7e, id_apl: APL01, key: Apotek
2026-05-16 10:11:05 - getOutlet.php - Aplikasi ditemukan: Ya
2026-05-16 10:11:05 - getOutlet.php - Key aplikasi: YbcJSFjkds...
2026-05-16 10:11:05 - getOutlet.php - Expected encrypt: ccd1ed58b6dfc857aa9aaffafcf73b7e
2026-05-16 10:11:05 - getOutlet.php - Received encrypt: ccd1ed58b6dfc857aa9aaffafcf73b7e
2026-05-16 10:11:05 - getOutlet.php - Authentication berhasil
2026-05-16 10:11:05 - getOutlet.php - Query: SELECT id_out, nama_out, '' AS alamat_out, ofcode_out
            FROM outlet 
            WHERE status_out IN ('Active', '1', 'active')
            AND (nama_out LIKE :key OR ofcode_out LIKE :key)
            ORDER BY nama_out ASC
            LIMIT 20
2026-05-16 10:11:05 - getOutlet.php - Query berhasil, mengembalikan 20 record
2026-05-16 10:11:05 - getOutlet.php - === END REQUEST ===
2026-05-16 03:11:09 - getOutlet.php - === REQUEST GETOUTLET ===
2026-05-16 03:11:09 - getOutlet.php - Method: POST
2026-05-16 03:11:09 - getOutlet.php - POST data: {"tgl":"2026-05-16","encrypt":"ccd1ed58b6dfc857aa9aaffafcf73b7e","id_apl":"APL01","key":"Apotek"}
2026-05-16 10:11:09 - getOutlet.php - Params - tgl: 2026-05-16, encrypt: ccd1ed58b6dfc857aa9aaffafcf73b7e, id_apl: APL01, key: Apotek
2026-05-16 10:11:09 - getOutlet.php - Aplikasi ditemukan: Ya
2026-05-16 10:11:09 - getOutlet.php - Key aplikasi: YbcJSFjkds...
2026-05-16 10:11:09 - getOutlet.php - Expected encrypt: ccd1ed58b6dfc857aa9aaffafcf73b7e
2026-05-16 10:11:09 - getOutlet.php - Received encrypt: ccd1ed58b6dfc857aa9aaffafcf73b7e
2026-05-16 10:11:09 - getOutlet.php - Authentication berhasil
2026-05-16 10:11:09 - getOutlet.php - Query: SELECT id_out, nama_out, '' AS alamat_out, ofcode_out
            FROM outlet 
            WHERE status_out IN ('Active', '1', 'active')
            AND (nama_out LIKE :key OR ofcode_out LIKE :key)
            ORDER BY nama_out ASC
            LIMIT 20
2026-05-16 10:11:09 - getOutlet.php - Query berhasil, mengembalikan 20 record
2026-05-16 10:11:09 - getOutlet.php - === END REQUEST ===
2026-05-16 03:11:11 - getOutlet.php - === REQUEST GETOUTLET ===
2026-05-16 03:11:11 - getOutlet.php - Method: POST
2026-05-16 03:11:11 - getOutlet.php - POST data: {"tgl":"2026-05-16","encrypt":"ccd1ed58b6dfc857aa9aaffafcf73b7e","id_apl":"APL01","key":"Apotek l"}
2026-05-16 10:11:11 - getOutlet.php - Params - tgl: 2026-05-16, encrypt: ccd1ed58b6dfc857aa9aaffafcf73b7e, id_apl: APL01, key: Apotek l
2026-05-16 10:11:11 - getOutlet.php - Aplikasi ditemukan: Ya
2026-05-16 10:11:11 - getOutlet.php - Key aplikasi: YbcJSFjkds...
2026-05-16 10:11:11 - getOutlet.php - Expected encrypt: ccd1ed58b6dfc857aa9aaffafcf73b7e
2026-05-16 10:11:11 - getOutlet.php - Received encrypt: ccd1ed58b6dfc857aa9aaffafcf73b7e
2026-05-16 10:11:11 - getOutlet.php - Authentication berhasil
2026-05-16 10:11:11 - getOutlet.php - Query: SELECT id_out, nama_out, '' AS alamat_out, ofcode_out
            FROM outlet 
            WHERE status_out IN ('Active', '1', 'active')
            AND (nama_out LIKE :key OR ofcode_out LIKE :key)
            ORDER BY nama_out ASC
            LIMIT 20
2026-05-16 10:11:11 - getOutlet.php - Query berhasil, mengembalikan 2 record
2026-05-16 10:11:11 - getOutlet.php - === END REQUEST ===
2026-05-16 03:11:11 - getOutlet.php - === REQUEST GETOUTLET ===
2026-05-16 03:11:11 - getOutlet.php - Method: POST
2026-05-16 03:11:11 - getOutlet.php - POST data: {"tgl":"2026-05-16","encrypt":"ccd1ed58b6dfc857aa9aaffafcf73b7e","id_apl":"APL01","key":"Apotek lu"}
2026-05-16 10:11:11 - getOutlet.php - Params - tgl: 2026-05-16, encrypt: ccd1ed58b6dfc857aa9aaffafcf73b7e, id_apl: APL01, key: Apotek lu
2026-05-16 10:11:11 - getOutlet.php - Aplikasi ditemukan: Ya
2026-05-16 10:11:11 - getOutlet.php - Key aplikasi: YbcJSFjkds...
2026-05-16 10:11:11 - getOutlet.php - Expected encrypt: ccd1ed58b6dfc857aa9aaffafcf73b7e
2026-05-16 10:11:11 - getOutlet.php - Received encrypt: ccd1ed58b6dfc857aa9aaffafcf73b7e
2026-05-16 10:11:11 - getOutlet.php - Authentication berhasil
2026-05-16 10:11:11 - getOutlet.php - Query: SELECT id_out, nama_out, '' AS alamat_out, ofcode_out
            FROM outlet 
            WHERE status_out IN ('Active', '1', 'active')
            AND (nama_out LIKE :key OR ofcode_out LIKE :key)
            ORDER BY nama_out ASC
            LIMIT 20
2026-05-16 10:11:11 - getOutlet.php - Query berhasil, mengembalikan 0 record
2026-05-16 10:11:11 - getOutlet.php - === END REQUEST ===
2026-05-16 03:11:11 - getOutlet.php - === REQUEST GETOUTLET ===
2026-05-16 03:11:11 - getOutlet.php - Method: POST
2026-05-16 03:11:11 - getOutlet.php - POST data: {"tgl":"2026-05-16","encrypt":"ccd1ed58b6dfc857aa9aaffafcf73b7e","id_apl":"APL01","key":"Apotek lub"}
2026-05-16 10:11:11 - getOutlet.php - Params - tgl: 2026-05-16, encrypt: ccd1ed58b6dfc857aa9aaffafcf73b7e, id_apl: APL01, key: Apotek lub
2026-05-16 10:11:11 - getOutlet.php - Aplikasi ditemukan: Ya
2026-05-16 10:11:11 - getOutlet.php - Key aplikasi: YbcJSFjkds...
2026-05-16 10:11:11 - getOutlet.php - Expected encrypt: ccd1ed58b6dfc857aa9aaffafcf73b7e
2026-05-16 10:11:11 - getOutlet.php - Received encrypt: ccd1ed58b6dfc857aa9aaffafcf73b7e
2026-05-16 10:11:11 - getOutlet.php - Authentication berhasil
2026-05-16 10:11:11 - getOutlet.php - Query: SELECT id_out, nama_out, '' AS alamat_out, ofcode_out
            FROM outlet 
            WHERE status_out IN ('Active', '1', 'active')
            AND (nama_out LIKE :key OR ofcode_out LIKE :key)
            ORDER BY nama_out ASC
            LIMIT 20
2026-05-16 10:11:11 - getOutlet.php - Query berhasil, mengembalikan 0 record
2026-05-16 10:11:11 - getOutlet.php - === END REQUEST ===
2026-05-16 03:11:11 - getOutlet.php - === REQUEST GETOUTLET ===
2026-05-16 03:11:11 - getOutlet.php - Method: POST
2026-05-16 03:11:11 - getOutlet.php - POST data: {"tgl":"2026-05-16","encrypt":"ccd1ed58b6dfc857aa9aaffafcf73b7e","id_apl":"APL01","key":"Apotek luba"}
2026-05-16 10:11:11 - getOutlet.php - Params - tgl: 2026-05-16, encrypt: ccd1ed58b6dfc857aa9aaffafcf73b7e, id_apl: APL01, key: Apotek luba
2026-05-16 03:11:11 - getOutlet.php - === REQUEST GETOUTLET ===
2026-05-16 03:11:11 - getOutlet.php - Method: POST
2026-05-16 03:11:11 - getOutlet.php - POST data: {"tgl":"2026-05-16","encrypt":"ccd1ed58b6dfc857aa9aaffafcf73b7e","id_apl":"APL01","key":"Apotek luban"}
2026-05-16 10:11:11 - getOutlet.php - Params - tgl: 2026-05-16, encrypt: ccd1ed58b6dfc857aa9aaffafcf73b7e, id_apl: APL01, key: Apotek luban
2026-05-16 10:11:11 - getOutlet.php - Aplikasi ditemukan: Ya
2026-05-16 10:11:11 - getOutlet.php - Key aplikasi: YbcJSFjkds...
2026-05-16 10:11:11 - getOutlet.php - Expected encrypt: ccd1ed58b6dfc857aa9aaffafcf73b7e
2026-05-16 10:11:11 - getOutlet.php - Aplikasi ditemukan: Ya
2026-05-16 10:11:11 - getOutlet.php - Received encrypt: ccd1ed58b6dfc857aa9aaffafcf73b7e
2026-05-16 10:11:11 - getOutlet.php - Key aplikasi: YbcJSFjkds...
2026-05-16 10:11:11 - getOutlet.php - Authentication berhasil
2026-05-16 10:11:11 - getOutlet.php - Expected encrypt: ccd1ed58b6dfc857aa9aaffafcf73b7e
2026-05-16 10:11:11 - getOutlet.php - Received encrypt: ccd1ed58b6dfc857aa9aaffafcf73b7e
2026-05-16 10:11:11 - getOutlet.php - Authentication berhasil
2026-05-16 10:11:11 - getOutlet.php - Query: SELECT id_out, nama_out, '' AS alamat_out, ofcode_out
            FROM outlet 
            WHERE status_out IN ('Active', '1', 'active')
            AND (nama_out LIKE :key OR ofcode_out LIKE :key)
            ORDER BY nama_out ASC
            LIMIT 20
2026-05-16 10:11:11 - getOutlet.php - Query: SELECT id_out, nama_out, '' AS alamat_out, ofcode_out
            FROM outlet 
            WHERE status_out IN ('Active', '1', 'active')
            AND (nama_out LIKE :key OR ofcode_out LIKE :key)
            ORDER BY nama_out ASC
            LIMIT 20
2026-05-16 10:11:11 - getOutlet.php - Query berhasil, mengembalikan 0 record
2026-05-16 10:11:11 - getOutlet.php - === END REQUEST ===
2026-05-16 10:11:11 - getOutlet.php - Query berhasil, mengembalikan 0 record
2026-05-16 10:11:11 - getOutlet.php - === END REQUEST ===
2026-05-16 03:11:12 - getOutlet.php - === REQUEST GETOUTLET ===
2026-05-16 03:11:12 - getOutlet.php - Method: POST
2026-05-16 03:11:12 - getOutlet.php - POST data: {"tgl":"2026-05-16","encrypt":"ccd1ed58b6dfc857aa9aaffafcf73b7e","id_apl":"APL01","key":"Apotek lubang"}
2026-05-16 10:11:12 - getOutlet.php - Params - tgl: 2026-05-16, encrypt: ccd1ed58b6dfc857aa9aaffafcf73b7e, id_apl: APL01, key: Apotek lubang
2026-05-16 10:11:12 - getOutlet.php - Aplikasi ditemukan: Ya
2026-05-16 10:11:12 - getOutlet.php - Key aplikasi: YbcJSFjkds...
2026-05-16 10:11:12 - getOutlet.php - Expected encrypt: ccd1ed58b6dfc857aa9aaffafcf73b7e
2026-05-16 10:11:12 - getOutlet.php - Received encrypt: ccd1ed58b6dfc857aa9aaffafcf73b7e
2026-05-16 10:11:12 - getOutlet.php - Authentication berhasil
2026-05-16 10:11:12 - getOutlet.php - Query: SELECT id_out, nama_out, '' AS alamat_out, ofcode_out
            FROM outlet 
            WHERE status_out IN ('Active', '1', 'active')
            AND (nama_out LIKE :key OR ofcode_out LIKE :key)
            ORDER BY nama_out ASC
            LIMIT 20
2026-05-16 10:11:12 - getOutlet.php - Query berhasil, mengembalikan 0 record
2026-05-16 10:11:12 - getOutlet.php - === END REQUEST ===
2026-05-16 03:11:13 - getOutlet.php - === REQUEST GETOUTLET ===
2026-05-16 03:11:13 - getOutlet.php - Method: POST
2026-05-16 03:11:13 - getOutlet.php - POST data: {"tgl":"2026-05-16","encrypt":"ccd1ed58b6dfc857aa9aaffafcf73b7e","id_apl":"APL01","key":"Apotek luban"}
2026-05-16 10:11:13 - getOutlet.php - Params - tgl: 2026-05-16, encrypt: ccd1ed58b6dfc857aa9aaffafcf73b7e, id_apl: APL01, key: Apotek luban
2026-05-16 10:11:13 - getOutlet.php - Aplikasi ditemukan: Ya
2026-05-16 10:11:13 - getOutlet.php - Key aplikasi: YbcJSFjkds...
2026-05-16 10:11:13 - getOutlet.php - Expected encrypt: ccd1ed58b6dfc857aa9aaffafcf73b7e
2026-05-16 10:11:13 - getOutlet.php - Received encrypt: ccd1ed58b6dfc857aa9aaffafcf73b7e
2026-05-16 10:11:13 - getOutlet.php - Authentication berhasil
2026-05-16 10:11:13 - getOutlet.php - Query: SELECT id_out, nama_out, '' AS alamat_out, ofcode_out
            FROM outlet 
            WHERE status_out IN ('Active', '1', 'active')
            AND (nama_out LIKE :key OR ofcode_out LIKE :key)
            ORDER BY nama_out ASC
            LIMIT 20
2026-05-16 10:11:13 - getOutlet.php - Query berhasil, mengembalikan 0 record
2026-05-16 10:11:13 - getOutlet.php - === END REQUEST ===
2026-05-16 03:11:13 - getOutlet.php - === REQUEST GETOUTLET ===
2026-05-16 03:11:13 - getOutlet.php - Method: POST
2026-05-16 03:11:13 - getOutlet.php - POST data: {"tgl":"2026-05-16","encrypt":"ccd1ed58b6dfc857aa9aaffafcf73b7e","id_apl":"APL01","key":"Apotek luba"}
2026-05-16 10:11:13 - getOutlet.php - Params - tgl: 2026-05-16, encrypt: ccd1ed58b6dfc857aa9aaffafcf73b7e, id_apl: APL01, key: Apotek luba
2026-05-16 10:11:13 - getOutlet.php - Aplikasi ditemukan: Ya
2026-05-16 10:11:13 - getOutlet.php - Key aplikasi: YbcJSFjkds...
2026-05-16 10:11:13 - getOutlet.php - Expected encrypt: ccd1ed58b6dfc857aa9aaffafcf73b7e
2026-05-16 10:11:13 - getOutlet.php - Received encrypt: ccd1ed58b6dfc857aa9aaffafcf73b7e
2026-05-16 10:11:13 - getOutlet.php - Authentication berhasil
2026-05-16 10:11:13 - getOutlet.php - Query: SELECT id_out, nama_out, '' AS alamat_out, ofcode_out
            FROM outlet 
            WHERE status_out IN ('Active', '1', 'active')
            AND (nama_out LIKE :key OR ofcode_out LIKE :key)
            ORDER BY nama_out ASC
            LIMIT 20
2026-05-16 10:11:13 - getOutlet.php - Query berhasil, mengembalikan 0 record
2026-05-16 10:11:13 - getOutlet.php - === END REQUEST ===
2026-05-16 03:11:13 - getOutlet.php - === REQUEST GETOUTLET ===
2026-05-16 03:11:13 - getOutlet.php - Method: POST
2026-05-16 03:11:13 - getOutlet.php - POST data: {"tgl":"2026-05-16","encrypt":"ccd1ed58b6dfc857aa9aaffafcf73b7e","id_apl":"APL01","key":"Apotek lub"}
2026-05-16 10:11:13 - getOutlet.php - Params - tgl: 2026-05-16, encrypt: ccd1ed58b6dfc857aa9aaffafcf73b7e, id_apl: APL01, key: Apotek lub
2026-05-16 10:11:13 - getOutlet.php - Aplikasi ditemukan: Ya
2026-05-16 10:11:13 - getOutlet.php - Key aplikasi: YbcJSFjkds...
2026-05-16 10:11:13 - getOutlet.php - Expected encrypt: ccd1ed58b6dfc857aa9aaffafcf73b7e
2026-05-16 10:11:13 - getOutlet.php - Received encrypt: ccd1ed58b6dfc857aa9aaffafcf73b7e
2026-05-16 10:11:13 - getOutlet.php - Authentication berhasil
2026-05-16 10:11:13 - getOutlet.php - Query: SELECT id_out, nama_out, '' AS alamat_out, ofcode_out
            FROM outlet 
            WHERE status_out IN ('Active', '1', 'active')
            AND (nama_out LIKE :key OR ofcode_out LIKE :key)
            ORDER BY nama_out ASC
            LIMIT 20
2026-05-16 10:11:13 - getOutlet.php - Query berhasil, mengembalikan 0 record
2026-05-16 10:11:13 - getOutlet.php - === END REQUEST ===
2026-05-16 03:11:13 - getOutlet.php - === REQUEST GETOUTLET ===
2026-05-16 03:11:13 - getOutlet.php - Method: POST
2026-05-16 03:11:13 - getOutlet.php - POST data: {"tgl":"2026-05-16","encrypt":"ccd1ed58b6dfc857aa9aaffafcf73b7e","id_apl":"APL01","key":"Apotek lu"}
2026-05-16 10:11:13 - getOutlet.php - Params - tgl: 2026-05-16, encrypt: ccd1ed58b6dfc857aa9aaffafcf73b7e, id_apl: APL01, key: Apotek lu
2026-05-16 10:11:13 - getOutlet.php - Aplikasi ditemukan: Ya
2026-05-16 10:11:13 - getOutlet.php - Key aplikasi: YbcJSFjkds...
2026-05-16 10:11:13 - getOutlet.php - Expected encrypt: ccd1ed58b6dfc857aa9aaffafcf73b7e
2026-05-16 10:11:13 - getOutlet.php - Received encrypt: ccd1ed58b6dfc857aa9aaffafcf73b7e
2026-05-16 10:11:13 - getOutlet.php - Authentication berhasil
2026-05-16 10:11:13 - getOutlet.php - Query: SELECT id_out, nama_out, '' AS alamat_out, ofcode_out
            FROM outlet 
            WHERE status_out IN ('Active', '1', 'active')
            AND (nama_out LIKE :key OR ofcode_out LIKE :key)
            ORDER BY nama_out ASC
            LIMIT 20
2026-05-16 10:11:13 - getOutlet.php - Query berhasil, mengembalikan 0 record
2026-05-16 10:11:13 - getOutlet.php - === END REQUEST ===
2026-05-16 03:11:14 - getOutlet.php - === REQUEST GETOUTLET ===
2026-05-16 03:11:14 - getOutlet.php - Method: POST
2026-05-16 03:11:14 - getOutlet.php - POST data: {"tgl":"2026-05-16","encrypt":"ccd1ed58b6dfc857aa9aaffafcf73b7e","id_apl":"APL01","key":"Apotek l"}
2026-05-16 10:11:14 - getOutlet.php - Params - tgl: 2026-05-16, encrypt: ccd1ed58b6dfc857aa9aaffafcf73b7e, id_apl: APL01, key: Apotek l
2026-05-16 10:11:14 - getOutlet.php - Aplikasi ditemukan: Ya
2026-05-16 10:11:14 - getOutlet.php - Key aplikasi: YbcJSFjkds...
2026-05-16 10:11:14 - getOutlet.php - Expected encrypt: ccd1ed58b6dfc857aa9aaffafcf73b7e
2026-05-16 10:11:14 - getOutlet.php - Received encrypt: ccd1ed58b6dfc857aa9aaffafcf73b7e
2026-05-16 10:11:14 - getOutlet.php - Authentication berhasil
2026-05-16 10:11:14 - getOutlet.php - Query: SELECT id_out, nama_out, '' AS alamat_out, ofcode_out
            FROM outlet 
            WHERE status_out IN ('Active', '1', 'active')
            AND (nama_out LIKE :key OR ofcode_out LIKE :key)
            ORDER BY nama_out ASC
            LIMIT 20
2026-05-16 10:11:14 - getOutlet.php - Query berhasil, mengembalikan 2 record
2026-05-16 10:11:14 - getOutlet.php - === END REQUEST ===
2026-05-16 03:11:14 - getOutlet.php - === REQUEST GETOUTLET ===
2026-05-16 03:11:14 - getOutlet.php - Method: POST
2026-05-16 03:11:14 - getOutlet.php - POST data: {"tgl":"2026-05-16","encrypt":"ccd1ed58b6dfc857aa9aaffafcf73b7e","id_apl":"APL01","key":"Apotek"}
2026-05-16 10:11:14 - getOutlet.php - Params - tgl: 2026-05-16, encrypt: ccd1ed58b6dfc857aa9aaffafcf73b7e, id_apl: APL01, key: Apotek
2026-05-16 10:11:14 - getOutlet.php - Aplikasi ditemukan: Ya
2026-05-16 10:11:14 - getOutlet.php - Key aplikasi: YbcJSFjkds...
2026-05-16 10:11:14 - getOutlet.php - Expected encrypt: ccd1ed58b6dfc857aa9aaffafcf73b7e
2026-05-16 10:11:14 - getOutlet.php - Received encrypt: ccd1ed58b6dfc857aa9aaffafcf73b7e
2026-05-16 10:11:14 - getOutlet.php - Authentication berhasil
2026-05-16 10:11:14 - getOutlet.php - Query: SELECT id_out, nama_out, '' AS alamat_out, ofcode_out
            FROM outlet 
            WHERE status_out IN ('Active', '1', 'active')
            AND (nama_out LIKE :key OR ofcode_out LIKE :key)
            ORDER BY nama_out ASC
            LIMIT 20
2026-05-16 10:11:14 - getOutlet.php - Query berhasil, mengembalikan 20 record
2026-05-16 10:11:14 - getOutlet.php - === END REQUEST ===
2026-05-16 03:11:15 - getOutlet.php - === REQUEST GETOUTLET ===
2026-05-16 03:11:15 - getOutlet.php - Method: POST
2026-05-16 03:11:15 - getOutlet.php - POST data: {"tgl":"2026-05-16","encrypt":"ccd1ed58b6dfc857aa9aaffafcf73b7e","id_apl":"APL01","key":"Apotek k"}
2026-05-16 10:11:15 - getOutlet.php - Params - tgl: 2026-05-16, encrypt: ccd1ed58b6dfc857aa9aaffafcf73b7e, id_apl: APL01, key: Apotek k
2026-05-16 10:11:15 - getOutlet.php - Aplikasi ditemukan: Ya
2026-05-16 10:11:15 - getOutlet.php - Key aplikasi: YbcJSFjkds...
2026-05-16 10:11:15 - getOutlet.php - Expected encrypt: ccd1ed58b6dfc857aa9aaffafcf73b7e
2026-05-16 10:11:15 - getOutlet.php - Received encrypt: ccd1ed58b6dfc857aa9aaffafcf73b7e
2026-05-16 10:11:15 - getOutlet.php - Authentication berhasil
2026-05-16 10:11:15 - getOutlet.php - Query: SELECT id_out, nama_out, '' AS alamat_out, ofcode_out
            FROM outlet 
            WHERE status_out IN ('Active', '1', 'active')
            AND (nama_out LIKE :key OR ofcode_out LIKE :key)
            ORDER BY nama_out ASC
            LIMIT 20
2026-05-16 10:11:15 - getOutlet.php - Query berhasil, mengembalikan 20 record
2026-05-16 10:11:15 - getOutlet.php - === END REQUEST ===
2026-05-16 03:11:16 - getOutlet.php - === REQUEST GETOUTLET ===
2026-05-16 03:11:16 - getOutlet.php - Method: POST
2026-05-16 03:11:16 - getOutlet.php - POST data: {"tgl":"2026-05-16","encrypt":"ccd1ed58b6dfc857aa9aaffafcf73b7e","id_apl":"APL01","key":"Apotek k"}
2026-05-16 10:11:16 - getOutlet.php - Params - tgl: 2026-05-16, encrypt: ccd1ed58b6dfc857aa9aaffafcf73b7e, id_apl: APL01, key: Apotek k
2026-05-16 10:11:16 - getOutlet.php - Aplikasi ditemukan: Ya
2026-05-16 10:11:16 - getOutlet.php - Key aplikasi: YbcJSFjkds...
2026-05-16 10:11:16 - getOutlet.php - Expected encrypt: ccd1ed58b6dfc857aa9aaffafcf73b7e
2026-05-16 10:11:16 - getOutlet.php - Received encrypt: ccd1ed58b6dfc857aa9aaffafcf73b7e
2026-05-16 10:11:16 - getOutlet.php - Authentication berhasil
2026-05-16 10:11:16 - getOutlet.php - Query: SELECT id_out, nama_out, '' AS alamat_out, ofcode_out
            FROM outlet 
            WHERE status_out IN ('Active', '1', 'active')
            AND (nama_out LIKE :key OR ofcode_out LIKE :key)
            ORDER BY nama_out ASC
            LIMIT 20
2026-05-16 10:11:16 - getOutlet.php - Query berhasil, mengembalikan 20 record
2026-05-16 10:11:16 - getOutlet.php - === END REQUEST ===
2026-05-16 03:11:16 - getOutlet.php - === REQUEST GETOUTLET ===
2026-05-16 03:11:16 - getOutlet.php - Method: POST
2026-05-16 03:11:16 - getOutlet.php - POST data: {"tgl":"2026-05-16","encrypt":"ccd1ed58b6dfc857aa9aaffafcf73b7e","id_apl":"APL01","key":"Apotek k"}
2026-05-16 10:11:16 - getOutlet.php - Params - tgl: 2026-05-16, encrypt: ccd1ed58b6dfc857aa9aaffafcf73b7e, id_apl: APL01, key: Apotek k
2026-05-16 10:11:16 - getOutlet.php - Aplikasi ditemukan: Ya
2026-05-16 10:11:16 - getOutlet.php - Key aplikasi: YbcJSFjkds...
2026-05-16 10:11:16 - getOutlet.php - Expected encrypt: ccd1ed58b6dfc857aa9aaffafcf73b7e
2026-05-16 10:11:16 - getOutlet.php - Received encrypt: ccd1ed58b6dfc857aa9aaffafcf73b7e
2026-05-16 10:11:16 - getOutlet.php - Authentication berhasil
2026-05-16 10:11:16 - getOutlet.php - Query: SELECT id_out, nama_out, '' AS alamat_out, ofcode_out
            FROM outlet 
            WHERE status_out IN ('Active', '1', 'active')
            AND (nama_out LIKE :key OR ofcode_out LIKE :key)
            ORDER BY nama_out ASC
            LIMIT 20
2026-05-16 10:11:16 - getOutlet.php - Query berhasil, mengembalikan 20 record
2026-05-16 10:11:16 - getOutlet.php - === END REQUEST ===
2026-05-16 03:11:20 - getOutlet.php - === REQUEST GETOUTLET ===
2026-05-16 03:11:20 - getOutlet.php - Method: POST
2026-05-16 03:11:20 - getOutlet.php - POST data: {"tgl":"2026-05-16","encrypt":"ccd1ed58b6dfc857aa9aaffafcf73b7e","id_apl":"APL01","key":"Apotek K-24 Lubang Buaya"}
2026-05-16 10:11:20 - getOutlet.php - Params - tgl: 2026-05-16, encrypt: ccd1ed58b6dfc857aa9aaffafcf73b7e, id_apl: APL01, key: Apotek K-24 Lubang Buaya
2026-05-16 10:11:20 - getOutlet.php - Aplikasi ditemukan: Ya
2026-05-16 10:11:20 - getOutlet.php - Key aplikasi: YbcJSFjkds...
2026-05-16 10:11:20 - getOutlet.php - Expected encrypt: ccd1ed58b6dfc857aa9aaffafcf73b7e
2026-05-16 10:11:20 - getOutlet.php - Received encrypt: ccd1ed58b6dfc857aa9aaffafcf73b7e
2026-05-16 10:11:20 - getOutlet.php - Authentication berhasil
2026-05-16 10:11:20 - getOutlet.php - Query: SELECT id_out, nama_out, '' AS alamat_out, ofcode_out
            FROM outlet 
            WHERE status_out IN ('Active', '1', 'active')
            AND (nama_out LIKE :key OR ofcode_out LIKE :key)
            ORDER BY nama_out ASC
            LIMIT 20
2026-05-16 10:11:20 - getOutlet.php - Query berhasil, mengembalikan 1 record
2026-05-16 10:11:20 - getOutlet.php - === END REQUEST ===
2026-05-16 03:11:37 - getOutlet.php - === REQUEST GETOUTLET ===
2026-05-16 03:11:37 - getOutlet.php - Method: POST
2026-05-16 03:11:37 - getOutlet.php - POST data: {"tgl":"2026-05-16","encrypt":"ccd1ed58b6dfc857aa9aaffafcf73b7e","id_apl":"APL01","key":"Rs"}
2026-05-16 10:11:37 - getOutlet.php - Params - tgl: 2026-05-16, encrypt: ccd1ed58b6dfc857aa9aaffafcf73b7e, id_apl: APL01, key: Rs
2026-05-16 10:11:37 - getOutlet.php - Aplikasi ditemukan: Ya
2026-05-16 10:11:37 - getOutlet.php - Key aplikasi: YbcJSFjkds...
2026-05-16 10:11:37 - getOutlet.php - Expected encrypt: ccd1ed58b6dfc857aa9aaffafcf73b7e
2026-05-16 10:11:37 - getOutlet.php - Received encrypt: ccd1ed58b6dfc857aa9aaffafcf73b7e
2026-05-16 10:11:37 - getOutlet.php - Authentication berhasil
2026-05-16 10:11:37 - getOutlet.php - Query: SELECT id_out, nama_out, '' AS alamat_out, ofcode_out
            FROM outlet 
            WHERE status_out IN ('Active', '1', 'active')
            AND (nama_out LIKE :key OR ofcode_out LIKE :key)
            ORDER BY nama_out ASC
            LIMIT 20
2026-05-16 10:11:37 - getOutlet.php - Query berhasil, mengembalikan 20 record
2026-05-16 10:11:37 - getOutlet.php - === END REQUEST ===
2026-05-16 03:11:45 - getOutlet.php - === REQUEST GETOUTLET ===
2026-05-16 03:11:45 - getOutlet.php - Method: POST
2026-05-16 03:11:45 - getOutlet.php - POST data: {"tgl":"2026-05-16","encrypt":"ccd1ed58b6dfc857aa9aaffafcf73b7e","id_apl":"APL01","key":"Ha"}
2026-05-16 10:11:45 - getOutlet.php - Params - tgl: 2026-05-16, encrypt: ccd1ed58b6dfc857aa9aaffafcf73b7e, id_apl: APL01, key: Ha
2026-05-16 10:11:45 - getOutlet.php - Aplikasi ditemukan: Ya
2026-05-16 10:11:45 - getOutlet.php - Key aplikasi: YbcJSFjkds...
2026-05-16 10:11:45 - getOutlet.php - Expected encrypt: ccd1ed58b6dfc857aa9aaffafcf73b7e
2026-05-16 10:11:45 - getOutlet.php - Received encrypt: ccd1ed58b6dfc857aa9aaffafcf73b7e
2026-05-16 10:11:45 - getOutlet.php - Authentication berhasil
2026-05-16 10:11:45 - getOutlet.php - Query: SELECT id_out, nama_out, '' AS alamat_out, ofcode_out
            FROM outlet 
            WHERE status_out IN ('Active', '1', 'active')
            AND (nama_out LIKE :key OR ofcode_out LIKE :key)
            ORDER BY nama_out ASC
            LIMIT 20
2026-05-16 10:11:45 - getOutlet.php - Query berhasil, mengembalikan 20 record
2026-05-16 10:11:45 - getOutlet.php - === END REQUEST ===
2026-05-16 03:11:45 - getOutlet.php - === REQUEST GETOUTLET ===
2026-05-16 03:11:45 - getOutlet.php - Method: POST
2026-05-16 03:11:45 - getOutlet.php - POST data: {"tgl":"2026-05-16","encrypt":"ccd1ed58b6dfc857aa9aaffafcf73b7e","id_apl":"APL01","key":"Han"}
2026-05-16 10:11:45 - getOutlet.php - Params - tgl: 2026-05-16, encrypt: ccd1ed58b6dfc857aa9aaffafcf73b7e, id_apl: APL01, key: Han
2026-05-16 10:11:45 - getOutlet.php - Aplikasi ditemukan: Ya
2026-05-16 10:11:45 - getOutlet.php - Key aplikasi: YbcJSFjkds...
2026-05-16 10:11:45 - getOutlet.php - Expected encrypt: ccd1ed58b6dfc857aa9aaffafcf73b7e
2026-05-16 10:11:45 - getOutlet.php - Received encrypt: ccd1ed58b6dfc857aa9aaffafcf73b7e
2026-05-16 10:11:45 - getOutlet.php - Authentication berhasil
2026-05-16 10:11:45 - getOutlet.php - Query: SELECT id_out, nama_out, '' AS alamat_out, ofcode_out
            FROM outlet 
            WHERE status_out IN ('Active', '1', 'active')
            AND (nama_out LIKE :key OR ofcode_out LIKE :key)
            ORDER BY nama_out ASC
            LIMIT 20
2026-05-16 10:11:45 - getOutlet.php - Query berhasil, mengembalikan 12 record
2026-05-16 10:11:45 - getOutlet.php - === END REQUEST ===
2026-05-16 03:11:45 - getOutlet.php - === REQUEST GETOUTLET ===
2026-05-16 03:11:45 - getOutlet.php - Method: POST
2026-05-16 03:11:45 - getOutlet.php - POST data: {"tgl":"2026-05-16","encrypt":"ccd1ed58b6dfc857aa9aaffafcf73b7e","id_apl":"APL01","key":"Hand"}
2026-05-16 10:11:45 - getOutlet.php - Params - tgl: 2026-05-16, encrypt: ccd1ed58b6dfc857aa9aaffafcf73b7e, id_apl: APL01, key: Hand
2026-05-16 10:11:45 - getOutlet.php - Aplikasi ditemukan: Ya
2026-05-16 10:11:45 - getOutlet.php - Key aplikasi: YbcJSFjkds...
2026-05-16 10:11:45 - getOutlet.php - Expected encrypt: ccd1ed58b6dfc857aa9aaffafcf73b7e
2026-05-16 10:11:45 - getOutlet.php - Received encrypt: ccd1ed58b6dfc857aa9aaffafcf73b7e
2026-05-16 10:11:45 - getOutlet.php - Authentication berhasil
2026-05-16 10:11:45 - getOutlet.php - Query: SELECT id_out, nama_out, '' AS alamat_out, ofcode_out
            FROM outlet 
            WHERE status_out IN ('Active', '1', 'active')
            AND (nama_out LIKE :key OR ofcode_out LIKE :key)
            ORDER BY nama_out ASC
            LIMIT 20
2026-05-16 10:11:45 - getOutlet.php - Query berhasil, mengembalikan 0 record
2026-05-16 10:11:45 - getOutlet.php - === END REQUEST ===
2026-05-16 03:11:45 - getOutlet.php - === REQUEST GETOUTLET ===
2026-05-16 03:11:45 - getOutlet.php - Method: POST
2026-05-16 03:11:45 - getOutlet.php - POST data: {"tgl":"2026-05-16","encrypt":"ccd1ed58b6dfc857aa9aaffafcf73b7e","id_apl":"APL01","key":"Hando"}
2026-05-16 10:11:45 - getOutlet.php - Params - tgl: 2026-05-16, encrypt: ccd1ed58b6dfc857aa9aaffafcf73b7e, id_apl: APL01, key: Hando
2026-05-16 10:11:45 - getOutlet.php - Aplikasi ditemukan: Ya
2026-05-16 10:11:45 - getOutlet.php - Key aplikasi: YbcJSFjkds...
2026-05-16 10:11:45 - getOutlet.php - Expected encrypt: ccd1ed58b6dfc857aa9aaffafcf73b7e
2026-05-16 10:11:45 - getOutlet.php - Received encrypt: ccd1ed58b6dfc857aa9aaffafcf73b7e
2026-05-16 10:11:45 - getOutlet.php - Authentication berhasil
2026-05-16 10:11:45 - getOutlet.php - Query: SELECT id_out, nama_out, '' AS alamat_out, ofcode_out
            FROM outlet 
            WHERE status_out IN ('Active', '1', 'active')
            AND (nama_out LIKE :key OR ofcode_out LIKE :key)
            ORDER BY nama_out ASC
            LIMIT 20
2026-05-16 10:11:45 - getOutlet.php - Query berhasil, mengembalikan 0 record
2026-05-16 10:11:45 - getOutlet.php - === END REQUEST ===
2026-05-16 03:11:46 - getOutlet.php - === REQUEST GETOUTLET ===
2026-05-16 03:11:46 - getOutlet.php - Method: POST
2026-05-16 03:11:46 - getOutlet.php - POST data: {"tgl":"2026-05-16","encrypt":"ccd1ed58b6dfc857aa9aaffafcf73b7e","id_apl":"APL01","key":"HANDOKO"}
2026-05-16 10:11:46 - getOutlet.php - Params - tgl: 2026-05-16, encrypt: ccd1ed58b6dfc857aa9aaffafcf73b7e, id_apl: APL01, key: HANDOKO
2026-05-16 10:11:46 - getOutlet.php - Aplikasi ditemukan: Ya
2026-05-16 10:11:46 - getOutlet.php - Key aplikasi: YbcJSFjkds...
2026-05-16 10:11:46 - getOutlet.php - Expected encrypt: ccd1ed58b6dfc857aa9aaffafcf73b7e
2026-05-16 10:11:46 - getOutlet.php - Received encrypt: ccd1ed58b6dfc857aa9aaffafcf73b7e
2026-05-16 10:11:46 - getOutlet.php - Authentication berhasil
2026-05-16 10:11:46 - getOutlet.php - Query: SELECT id_out, nama_out, '' AS alamat_out, ofcode_out
            FROM outlet 
            WHERE status_out IN ('Active', '1', 'active')
            AND (nama_out LIKE :key OR ofcode_out LIKE :key)
            ORDER BY nama_out ASC
            LIMIT 20
2026-05-16 10:11:46 - getOutlet.php - Query berhasil, mengembalikan 0 record
2026-05-16 10:11:46 - getOutlet.php - === END REQUEST ===
2026-05-16 03:12:10 - getOutlet.php - === REQUEST GETOUTLET ===
2026-05-16 03:12:10 - getOutlet.php - Method: POST
2026-05-16 03:12:10 - getOutlet.php - POST data: {"tgl":"2026-05-16","encrypt":"ccd1ed58b6dfc857aa9aaffafcf73b7e","id_apl":"APL01","key":"Ha"}
2026-05-16 10:12:10 - getOutlet.php - Params - tgl: 2026-05-16, encrypt: ccd1ed58b6dfc857aa9aaffafcf73b7e, id_apl: APL01, key: Ha
2026-05-16 03:12:10 - getOutlet.php - === REQUEST GETOUTLET ===
2026-05-16 03:12:10 - getOutlet.php - Method: POST
2026-05-16 03:12:10 - getOutlet.php - POST data: {"tgl":"2026-05-16","encrypt":"ccd1ed58b6dfc857aa9aaffafcf73b7e","id_apl":"APL01","key":"Handok"}
2026-05-16 10:12:10 - getOutlet.php - Params - tgl: 2026-05-16, encrypt: ccd1ed58b6dfc857aa9aaffafcf73b7e, id_apl: APL01, key: Handok
2026-05-16 10:12:10 - getOutlet.php - Aplikasi ditemukan: Ya
2026-05-16 10:12:10 - getOutlet.php - Key aplikasi: YbcJSFjkds...
2026-05-16 10:12:10 - getOutlet.php - Expected encrypt: ccd1ed58b6dfc857aa9aaffafcf73b7e
2026-05-16 10:12:10 - getOutlet.php - Received encrypt: ccd1ed58b6dfc857aa9aaffafcf73b7e
2026-05-16 10:12:10 - getOutlet.php - Authentication berhasil
2026-05-16 10:12:10 - getOutlet.php - Query: SELECT id_out, nama_out, '' AS alamat_out, ofcode_out
            FROM outlet 
            WHERE status_out IN ('Active', '1', 'active')
            AND (nama_out LIKE :key OR ofcode_out LIKE :key)
            ORDER BY nama_out ASC
            LIMIT 20
2026-05-16 10:12:10 - getOutlet.php - Query berhasil, mengembalikan 20 record
2026-05-16 10:12:10 - getOutlet.php - === END REQUEST ===
2026-05-16 10:12:10 - getOutlet.php - Aplikasi ditemukan: Ya
2026-05-16 10:12:10 - getOutlet.php - Key aplikasi: YbcJSFjkds...
2026-05-16 10:12:10 - getOutlet.php - Expected encrypt: ccd1ed58b6dfc857aa9aaffafcf73b7e
2026-05-16 10:12:10 - getOutlet.php - Received encrypt: ccd1ed58b6dfc857aa9aaffafcf73b7e
2026-05-16 10:12:10 - getOutlet.php - Authentication berhasil
2026-05-16 10:12:10 - getOutlet.php - Query: SELECT id_out, nama_out, '' AS alamat_out, ofcode_out
            FROM outlet 
            WHERE status_out IN ('Active', '1', 'active')
            AND (nama_out LIKE :key OR ofcode_out LIKE :key)
            ORDER BY nama_out ASC
            LIMIT 20
2026-05-16 10:12:10 - getOutlet.php - Query berhasil, mengembalikan 0 record
2026-05-16 10:12:10 - getOutlet.php - === END REQUEST ===
2026-05-16 03:12:11 - getOutlet.php - === REQUEST GETOUTLET ===
2026-05-16 03:12:11 - getOutlet.php - Method: POST
2026-05-16 03:12:11 - getOutlet.php - POST data: {"tgl":"2026-05-16","encrypt":"ccd1ed58b6dfc857aa9aaffafcf73b7e","id_apl":"APL01","key":"Han"}
2026-05-16 10:12:11 - getOutlet.php - Params - tgl: 2026-05-16, encrypt: ccd1ed58b6dfc857aa9aaffafcf73b7e, id_apl: APL01, key: Han
2026-05-16 10:12:11 - getOutlet.php - Aplikasi ditemukan: Ya
2026-05-16 10:12:11 - getOutlet.php - Key aplikasi: YbcJSFjkds...
2026-05-16 10:12:11 - getOutlet.php - Expected encrypt: ccd1ed58b6dfc857aa9aaffafcf73b7e
2026-05-16 10:12:11 - getOutlet.php - Received encrypt: ccd1ed58b6dfc857aa9aaffafcf73b7e
2026-05-16 10:12:11 - getOutlet.php - Authentication berhasil
2026-05-16 10:12:11 - getOutlet.php - Query: SELECT id_out, nama_out, '' AS alamat_out, ofcode_out
            FROM outlet 
            WHERE status_out IN ('Active', '1', 'active')
            AND (nama_out LIKE :key OR ofcode_out LIKE :key)
            ORDER BY nama_out ASC
            LIMIT 20
2026-05-16 10:12:11 - getOutlet.php - Query berhasil, mengembalikan 12 record
2026-05-16 10:12:11 - getOutlet.php - === END REQUEST ===
2026-05-16 03:12:11 - getOutlet.php - === REQUEST GETOUTLET ===
2026-05-16 03:12:11 - getOutlet.php - Method: POST
2026-05-16 03:12:11 - getOutlet.php - POST data: {"tgl":"2026-05-16","encrypt":"ccd1ed58b6dfc857aa9aaffafcf73b7e","id_apl":"APL01","key":"Hand"}
2026-05-16 10:12:11 - getOutlet.php - Params - tgl: 2026-05-16, encrypt: ccd1ed58b6dfc857aa9aaffafcf73b7e, id_apl: APL01, key: Hand
2026-05-16 10:12:11 - getOutlet.php - Aplikasi ditemukan: Ya
2026-05-16 10:12:11 - getOutlet.php - Key aplikasi: YbcJSFjkds...
2026-05-16 10:12:11 - getOutlet.php - Expected encrypt: ccd1ed58b6dfc857aa9aaffafcf73b7e
2026-05-16 10:12:11 - getOutlet.php - Received encrypt: ccd1ed58b6dfc857aa9aaffafcf73b7e
2026-05-16 10:12:11 - getOutlet.php - Authentication berhasil
2026-05-16 10:12:11 - getOutlet.php - Query: SELECT id_out, nama_out, '' AS alamat_out, ofcode_out
            FROM outlet 
            WHERE status_out IN ('Active', '1', 'active')
            AND (nama_out LIKE :key OR ofcode_out LIKE :key)
            ORDER BY nama_out ASC
            LIMIT 20
2026-05-16 10:12:11 - getOutlet.php - Query berhasil, mengembalikan 0 record
2026-05-16 10:12:11 - getOutlet.php - === END REQUEST ===
2026-05-16 03:12:11 - getOutlet.php - === REQUEST GETOUTLET ===
2026-05-16 03:12:11 - getOutlet.php - Method: POST
2026-05-16 03:12:11 - getOutlet.php - POST data: {"tgl":"2026-05-16","encrypt":"ccd1ed58b6dfc857aa9aaffafcf73b7e","id_apl":"APL01","key":"Hando"}
2026-05-16 10:12:11 - getOutlet.php - Params - tgl: 2026-05-16, encrypt: ccd1ed58b6dfc857aa9aaffafcf73b7e, id_apl: APL01, key: Hando
2026-05-16 10:12:11 - getOutlet.php - Aplikasi ditemukan: Ya
2026-05-16 10:12:11 - getOutlet.php - Key aplikasi: YbcJSFjkds...
2026-05-16 10:12:11 - getOutlet.php - Expected encrypt: ccd1ed58b6dfc857aa9aaffafcf73b7e
2026-05-16 10:12:11 - getOutlet.php - Received encrypt: ccd1ed58b6dfc857aa9aaffafcf73b7e
2026-05-16 10:12:11 - getOutlet.php - Authentication berhasil
2026-05-16 10:12:11 - getOutlet.php - Query: SELECT id_out, nama_out, '' AS alamat_out, ofcode_out
            FROM outlet 
            WHERE status_out IN ('Active', '1', 'active')
            AND (nama_out LIKE :key OR ofcode_out LIKE :key)
            ORDER BY nama_out ASC
            LIMIT 20
2026-05-16 10:12:11 - getOutlet.php - Query berhasil, mengembalikan 0 record
2026-05-16 10:12:11 - getOutlet.php - === END REQUEST ===
2026-05-16 03:12:11 - getOutlet.php - === REQUEST GETOUTLET ===
2026-05-16 03:12:11 - getOutlet.php - Method: POST
2026-05-16 03:12:11 - getOutlet.php - POST data: {"tgl":"2026-05-16","encrypt":"ccd1ed58b6dfc857aa9aaffafcf73b7e","id_apl":"APL01","key":"Handoko"}
2026-05-16 10:12:11 - getOutlet.php - Params - tgl: 2026-05-16, encrypt: ccd1ed58b6dfc857aa9aaffafcf73b7e, id_apl: APL01, key: Handoko
2026-05-16 10:12:11 - getOutlet.php - Aplikasi ditemukan: Ya
2026-05-16 10:12:11 - getOutlet.php - Key aplikasi: YbcJSFjkds...
2026-05-16 10:12:11 - getOutlet.php - Expected encrypt: ccd1ed58b6dfc857aa9aaffafcf73b7e
2026-05-16 10:12:11 - getOutlet.php - Received encrypt: ccd1ed58b6dfc857aa9aaffafcf73b7e
2026-05-16 10:12:11 - getOutlet.php - Authentication berhasil
2026-05-16 10:12:11 - getOutlet.php - Query: SELECT id_out, nama_out, '' AS alamat_out, ofcode_out
            FROM outlet 
            WHERE status_out IN ('Active', '1', 'active')
            AND (nama_out LIKE :key OR ofcode_out LIKE :key)
            ORDER BY nama_out ASC
            LIMIT 20
2026-05-16 10:12:11 - getOutlet.php - Query berhasil, mengembalikan 0 record
2026-05-16 10:12:11 - getOutlet.php - === END REQUEST ===
2026-05-16 03:12:12 - getOutlet.php - === REQUEST GETOUTLET ===
2026-05-16 03:12:12 - getOutlet.php - Method: POST
2026-05-16 03:12:12 - getOutlet.php - POST data: {"tgl":"2026-05-16","encrypt":"ccd1ed58b6dfc857aa9aaffafcf73b7e","id_apl":"APL01","key":"HANDOKO"}
2026-05-16 10:12:12 - getOutlet.php - Params - tgl: 2026-05-16, encrypt: ccd1ed58b6dfc857aa9aaffafcf73b7e, id_apl: APL01, key: HANDOKO
2026-05-16 10:12:12 - getOutlet.php - Aplikasi ditemukan: Ya
2026-05-16 10:12:12 - getOutlet.php - Key aplikasi: YbcJSFjkds...
2026-05-16 10:12:12 - getOutlet.php - Expected encrypt: ccd1ed58b6dfc857aa9aaffafcf73b7e
2026-05-16 10:12:12 - getOutlet.php - Received encrypt: ccd1ed58b6dfc857aa9aaffafcf73b7e
2026-05-16 10:12:12 - getOutlet.php - Authentication berhasil
2026-05-16 10:12:12 - getOutlet.php - Query: SELECT id_out, nama_out, '' AS alamat_out, ofcode_out
            FROM outlet 
            WHERE status_out IN ('Active', '1', 'active')
            AND (nama_out LIKE :key OR ofcode_out LIKE :key)
            ORDER BY nama_out ASC
            LIMIT 20
2026-05-16 10:12:12 - getOutlet.php - Query berhasil, mengembalikan 0 record
2026-05-16 10:12:12 - getOutlet.php - === END REQUEST ===
2026-05-16 03:12:19 - getOutlet.php - === REQUEST GETOUTLET ===
2026-05-16 03:12:19 - getOutlet.php - Method: POST
2026-05-16 03:12:19 - getOutlet.php - POST data: {"tgl":"2026-05-16","encrypt":"ccd1ed58b6dfc857aa9aaffafcf73b7e","id_apl":"APL01","key":"HANDOKO"}
2026-05-16 10:12:19 - getOutlet.php - Params - tgl: 2026-05-16, encrypt: ccd1ed58b6dfc857aa9aaffafcf73b7e, id_apl: APL01, key: HANDOKO
2026-05-16 10:12:19 - getOutlet.php - Aplikasi ditemukan: Ya
2026-05-16 10:12:19 - getOutlet.php - Key aplikasi: YbcJSFjkds...
2026-05-16 10:12:19 - getOutlet.php - Expected encrypt: ccd1ed58b6dfc857aa9aaffafcf73b7e
2026-05-16 10:12:19 - getOutlet.php - Received encrypt: ccd1ed58b6dfc857aa9aaffafcf73b7e
2026-05-16 10:12:19 - getOutlet.php - Authentication berhasil
2026-05-16 10:12:19 - getOutlet.php - Query: SELECT id_out, nama_out, '' AS alamat_out, ofcode_out
            FROM outlet 
            WHERE status_out IN ('Active', '1', 'active')
            AND (nama_out LIKE :key OR ofcode_out LIKE :key)
            ORDER BY nama_out ASC
            LIMIT 20
2026-05-16 10:12:19 - getOutlet.php - Query berhasil, mengembalikan 0 record
2026-05-16 10:12:19 - getOutlet.php - === END REQUEST ===
2026-05-16 03:12:19 - getOutlet.php - === REQUEST GETOUTLET ===
2026-05-16 03:12:19 - getOutlet.php - Method: POST
2026-05-16 03:12:19 - getOutlet.php - POST data: {"tgl":"2026-05-16","encrypt":"ccd1ed58b6dfc857aa9aaffafcf73b7e","id_apl":"APL01","key":"HANDOKO"}
2026-05-16 10:12:19 - getOutlet.php - Params - tgl: 2026-05-16, encrypt: ccd1ed58b6dfc857aa9aaffafcf73b7e, id_apl: APL01, key: HANDOKO
2026-05-16 10:12:19 - getOutlet.php - Aplikasi ditemukan: Ya
2026-05-16 10:12:19 - getOutlet.php - Key aplikasi: YbcJSFjkds...
2026-05-16 10:12:19 - getOutlet.php - Expected encrypt: ccd1ed58b6dfc857aa9aaffafcf73b7e
2026-05-16 10:12:19 - getOutlet.php - Received encrypt: ccd1ed58b6dfc857aa9aaffafcf73b7e
2026-05-16 10:12:19 - getOutlet.php - Authentication berhasil
2026-05-16 10:12:19 - getOutlet.php - Query: SELECT id_out, nama_out, '' AS alamat_out, ofcode_out
            FROM outlet 
            WHERE status_out IN ('Active', '1', 'active')
            AND (nama_out LIKE :key OR ofcode_out LIKE :key)
            ORDER BY nama_out ASC
            LIMIT 20
2026-05-16 10:12:19 - getOutlet.php - Query berhasil, mengembalikan 0 record
2026-05-16 10:12:19 - getOutlet.php - === END REQUEST ===
2026-05-16 03:12:22 - getOutlet.php - === REQUEST GETOUTLET ===
2026-05-16 03:12:22 - getOutlet.php - Method: POST
2026-05-16 03:12:22 - getOutlet.php - POST data: {"tgl":"2026-05-16","encrypt":"ccd1ed58b6dfc857aa9aaffafcf73b7e","id_apl":"APL01","key":"HANDOKO"}
2026-05-16 10:12:22 - getOutlet.php - Params - tgl: 2026-05-16, encrypt: ccd1ed58b6dfc857aa9aaffafcf73b7e, id_apl: APL01, key: HANDOKO
2026-05-16 10:12:22 - getOutlet.php - Aplikasi ditemukan: Ya
2026-05-16 10:12:22 - getOutlet.php - Key aplikasi: YbcJSFjkds...
2026-05-16 10:12:22 - getOutlet.php - Expected encrypt: ccd1ed58b6dfc857aa9aaffafcf73b7e
2026-05-16 10:12:22 - getOutlet.php - Received encrypt: ccd1ed58b6dfc857aa9aaffafcf73b7e
2026-05-16 10:12:22 - getOutlet.php - Authentication berhasil
2026-05-16 10:12:22 - getOutlet.php - Query: SELECT id_out, nama_out, '' AS alamat_out, ofcode_out
            FROM outlet 
            WHERE status_out IN ('Active', '1', 'active')
            AND (nama_out LIKE :key OR ofcode_out LIKE :key)
            ORDER BY nama_out ASC
            LIMIT 20
2026-05-16 10:12:22 - getOutlet.php - Query berhasil, mengembalikan 0 record
2026-05-16 10:12:22 - getOutlet.php - === END REQUEST ===
2026-05-16 03:12:31 - getOutlet.php - === REQUEST GETOUTLET ===
2026-05-16 03:12:31 - getOutlet.php - Method: POST
2026-05-16 03:12:31 - getOutlet.php - POST data: {"tgl":"2026-05-16","encrypt":"ccd1ed58b6dfc857aa9aaffafcf73b7e","id_apl":"APL01","key":"He"}
2026-05-16 10:12:31 - getOutlet.php - Params - tgl: 2026-05-16, encrypt: ccd1ed58b6dfc857aa9aaffafcf73b7e, id_apl: APL01, key: He
2026-05-16 10:12:31 - getOutlet.php - Aplikasi ditemukan: Ya
2026-05-16 10:12:31 - getOutlet.php - Key aplikasi: YbcJSFjkds...
2026-05-16 10:12:31 - getOutlet.php - Expected encrypt: ccd1ed58b6dfc857aa9aaffafcf73b7e
2026-05-16 10:12:31 - getOutlet.php - Received encrypt: ccd1ed58b6dfc857aa9aaffafcf73b7e
2026-05-16 10:12:31 - getOutlet.php - Authentication berhasil
2026-05-16 10:12:31 - getOutlet.php - Query: SELECT id_out, nama_out, '' AS alamat_out, ofcode_out
            FROM outlet 
            WHERE status_out IN ('Active', '1', 'active')
            AND (nama_out LIKE :key OR ofcode_out LIKE :key)
            ORDER BY nama_out ASC
            LIMIT 20
2026-05-16 10:12:31 - getOutlet.php - Query berhasil, mengembalikan 20 record
2026-05-16 10:12:31 - getOutlet.php - === END REQUEST ===
2026-05-16 03:12:31 - getOutlet.php - === REQUEST GETOUTLET ===
2026-05-16 03:12:31 - getOutlet.php - Method: POST
2026-05-16 03:12:31 - getOutlet.php - POST data: {"tgl":"2026-05-16","encrypt":"ccd1ed58b6dfc857aa9aaffafcf73b7e","id_apl":"APL01","key":"Hea"}
2026-05-16 10:12:31 - getOutlet.php - Params - tgl: 2026-05-16, encrypt: ccd1ed58b6dfc857aa9aaffafcf73b7e, id_apl: APL01, key: Hea
2026-05-16 10:12:31 - getOutlet.php - Aplikasi ditemukan: Ya
2026-05-16 10:12:31 - getOutlet.php - Key aplikasi: YbcJSFjkds...
2026-05-16 10:12:31 - getOutlet.php - Expected encrypt: ccd1ed58b6dfc857aa9aaffafcf73b7e
2026-05-16 10:12:31 - getOutlet.php - Received encrypt: ccd1ed58b6dfc857aa9aaffafcf73b7e
2026-05-16 10:12:31 - getOutlet.php - Authentication berhasil
2026-05-16 10:12:31 - getOutlet.php - Query: SELECT id_out, nama_out, '' AS alamat_out, ofcode_out
            FROM outlet 
            WHERE status_out IN ('Active', '1', 'active')
            AND (nama_out LIKE :key OR ofcode_out LIKE :key)
            ORDER BY nama_out ASC
            LIMIT 20
2026-05-16 10:12:31 - getOutlet.php - Query berhasil, mengembalikan 3 record
2026-05-16 10:12:31 - getOutlet.php - === END REQUEST ===
2026-05-16 03:12:32 - getOutlet.php - === REQUEST GETOUTLET ===
2026-05-16 03:12:32 - getOutlet.php - Method: POST
2026-05-16 03:12:32 - getOutlet.php - POST data: {"tgl":"2026-05-16","encrypt":"ccd1ed58b6dfc857aa9aaffafcf73b7e","id_apl":"APL01","key":"Hear"}
2026-05-16 10:12:32 - getOutlet.php - Params - tgl: 2026-05-16, encrypt: ccd1ed58b6dfc857aa9aaffafcf73b7e, id_apl: APL01, key: Hear
2026-05-16 10:12:32 - getOutlet.php - Aplikasi ditemukan: Ya
2026-05-16 10:12:32 - getOutlet.php - Key aplikasi: YbcJSFjkds...
2026-05-16 10:12:32 - getOutlet.php - Expected encrypt: ccd1ed58b6dfc857aa9aaffafcf73b7e
2026-05-16 10:12:32 - getOutlet.php - Received encrypt: ccd1ed58b6dfc857aa9aaffafcf73b7e
2026-05-16 10:12:32 - getOutlet.php - Authentication berhasil
2026-05-16 10:12:32 - getOutlet.php - Query: SELECT id_out, nama_out, '' AS alamat_out, ofcode_out
            FROM outlet 
            WHERE status_out IN ('Active', '1', 'active')
            AND (nama_out LIKE :key OR ofcode_out LIKE :key)
            ORDER BY nama_out ASC
            LIMIT 20
2026-05-16 10:12:32 - getOutlet.php - Query berhasil, mengembalikan 1 record
2026-05-16 10:12:32 - getOutlet.php - === END REQUEST ===
2026-05-16 03:12:32 - getOutlet.php - === REQUEST GETOUTLET ===
2026-05-16 03:12:32 - getOutlet.php - Method: POST
2026-05-16 03:12:32 - getOutlet.php - POST data: {"tgl":"2026-05-16","encrypt":"ccd1ed58b6dfc857aa9aaffafcf73b7e","id_apl":"APL01","key":"Heart"}
2026-05-16 10:12:32 - getOutlet.php - Params - tgl: 2026-05-16, encrypt: ccd1ed58b6dfc857aa9aaffafcf73b7e, id_apl: APL01, key: Heart
2026-05-16 10:12:32 - getOutlet.php - Aplikasi ditemukan: Ya
2026-05-16 10:12:32 - getOutlet.php - Key aplikasi: YbcJSFjkds...
2026-05-16 10:12:32 - getOutlet.php - Expected encrypt: ccd1ed58b6dfc857aa9aaffafcf73b7e
2026-05-16 10:12:32 - getOutlet.php - Received encrypt: ccd1ed58b6dfc857aa9aaffafcf73b7e
2026-05-16 10:12:32 - getOutlet.php - Authentication berhasil
2026-05-16 10:12:32 - getOutlet.php - Query: SELECT id_out, nama_out, '' AS alamat_out, ofcode_out
            FROM outlet 
            WHERE status_out IN ('Active', '1', 'active')
            AND (nama_out LIKE :key OR ofcode_out LIKE :key)
            ORDER BY nama_out ASC
            LIMIT 20
2026-05-16 10:12:32 - getOutlet.php - Query berhasil, mengembalikan 1 record
2026-05-16 10:12:32 - getOutlet.php - === END REQUEST ===
2026-05-16 03:12:33 - getOutlet.php - === REQUEST GETOUTLET ===
2026-05-16 03:12:33 - getOutlet.php - Method: POST
2026-05-16 03:12:33 - getOutlet.php - POST data: {"tgl":"2026-05-16","encrypt":"ccd1ed58b6dfc857aa9aaffafcf73b7e","id_apl":"APL01","key":"RS Siloam Heart Hospital"}
2026-05-16 10:12:33 - getOutlet.php - Params - tgl: 2026-05-16, encrypt: ccd1ed58b6dfc857aa9aaffafcf73b7e, id_apl: APL01, key: RS Siloam Heart Hospital
2026-05-16 10:12:33 - getOutlet.php - Aplikasi ditemukan: Ya
2026-05-16 10:12:33 - getOutlet.php - Key aplikasi: YbcJSFjkds...
2026-05-16 10:12:33 - getOutlet.php - Expected encrypt: ccd1ed58b6dfc857aa9aaffafcf73b7e
2026-05-16 10:12:33 - getOutlet.php - Received encrypt: ccd1ed58b6dfc857aa9aaffafcf73b7e
2026-05-16 10:12:33 - getOutlet.php - Authentication berhasil
2026-05-16 10:12:33 - getOutlet.php - Query: SELECT id_out, nama_out, '' AS alamat_out, ofcode_out
            FROM outlet 
            WHERE status_out IN ('Active', '1', 'active')
            AND (nama_out LIKE :key OR ofcode_out LIKE :key)
            ORDER BY nama_out ASC
            LIMIT 20
2026-05-16 10:12:33 - getOutlet.php - Query berhasil, mengembalikan 1 record
2026-05-16 10:12:33 - getOutlet.php - === END REQUEST ===
2026-05-16 03:13:26 - getOutlet.php - === REQUEST GETOUTLET ===
2026-05-16 03:13:26 - getOutlet.php - Method: POST
2026-05-16 03:13:26 - getOutlet.php - POST data: {"tgl":"2026-05-16","encrypt":"ccd1ed58b6dfc857aa9aaffafcf73b7e","id_apl":"APL01","key":"Si"}
2026-05-16 10:13:26 - getOutlet.php - Params - tgl: 2026-05-16, encrypt: ccd1ed58b6dfc857aa9aaffafcf73b7e, id_apl: APL01, key: Si
2026-05-16 10:13:26 - getOutlet.php - Aplikasi ditemukan: Ya
2026-05-16 10:13:26 - getOutlet.php - Key aplikasi: YbcJSFjkds...
2026-05-16 10:13:26 - getOutlet.php - Expected encrypt: ccd1ed58b6dfc857aa9aaffafcf73b7e
2026-05-16 10:13:26 - getOutlet.php - Received encrypt: ccd1ed58b6dfc857aa9aaffafcf73b7e
2026-05-16 10:13:26 - getOutlet.php - Authentication berhasil
2026-05-16 10:13:26 - getOutlet.php - Query: SELECT id_out, nama_out, '' AS alamat_out, ofcode_out
            FROM outlet 
            WHERE status_out IN ('Active', '1', 'active')
            AND (nama_out LIKE :key OR ofcode_out LIKE :key)
            ORDER BY nama_out ASC
            LIMIT 20
2026-05-16 10:13:26 - getOutlet.php - Query berhasil, mengembalikan 20 record
2026-05-16 10:13:26 - getOutlet.php - === END REQUEST ===
2026-05-16 03:13:26 - getOutlet.php - === REQUEST GETOUTLET ===
2026-05-16 03:13:26 - getOutlet.php - Method: POST
2026-05-16 03:13:26 - getOutlet.php - POST data: {"tgl":"2026-05-16","encrypt":"ccd1ed58b6dfc857aa9aaffafcf73b7e","id_apl":"APL01","key":"Sil"}
2026-05-16 10:13:26 - getOutlet.php - Params - tgl: 2026-05-16, encrypt: ccd1ed58b6dfc857aa9aaffafcf73b7e, id_apl: APL01, key: Sil
2026-05-16 10:13:26 - getOutlet.php - Aplikasi ditemukan: Ya
2026-05-16 10:13:26 - getOutlet.php - Key aplikasi: YbcJSFjkds...
2026-05-16 10:13:26 - getOutlet.php - Expected encrypt: ccd1ed58b6dfc857aa9aaffafcf73b7e
2026-05-16 10:13:26 - getOutlet.php - Received encrypt: ccd1ed58b6dfc857aa9aaffafcf73b7e
2026-05-16 10:13:26 - getOutlet.php - Authentication berhasil
2026-05-16 10:13:26 - getOutlet.php - Query: SELECT id_out, nama_out, '' AS alamat_out, ofcode_out
            FROM outlet 
            WHERE status_out IN ('Active', '1', 'active')
            AND (nama_out LIKE :key OR ofcode_out LIKE :key)
            ORDER BY nama_out ASC
            LIMIT 20
2026-05-16 10:13:26 - getOutlet.php - Query berhasil, mengembalikan 19 record
2026-05-16 10:13:26 - getOutlet.php - === END REQUEST ===
2026-05-16 03:13:26 - getOutlet.php - === REQUEST GETOUTLET ===
2026-05-16 03:13:26 - getOutlet.php - Method: POST
2026-05-16 03:13:26 - getOutlet.php - POST data: {"tgl":"2026-05-16","encrypt":"ccd1ed58b6dfc857aa9aaffafcf73b7e","id_apl":"APL01","key":"Silo"}
2026-05-16 10:13:26 - getOutlet.php - Params - tgl: 2026-05-16, encrypt: ccd1ed58b6dfc857aa9aaffafcf73b7e, id_apl: APL01, key: Silo
2026-05-16 10:13:26 - getOutlet.php - Aplikasi ditemukan: Ya
2026-05-16 10:13:26 - getOutlet.php - Key aplikasi: YbcJSFjkds...
2026-05-16 10:13:26 - getOutlet.php - Expected encrypt: ccd1ed58b6dfc857aa9aaffafcf73b7e
2026-05-16 10:13:26 - getOutlet.php - Received encrypt: ccd1ed58b6dfc857aa9aaffafcf73b7e
2026-05-16 10:13:26 - getOutlet.php - Authentication berhasil
2026-05-16 10:13:26 - getOutlet.php - Query: SELECT id_out, nama_out, '' AS alamat_out, ofcode_out
            FROM outlet 
            WHERE status_out IN ('Active', '1', 'active')
            AND (nama_out LIKE :key OR ofcode_out LIKE :key)
            ORDER BY nama_out ASC
            LIMIT 20
2026-05-16 10:13:26 - getOutlet.php - Query berhasil, mengembalikan 17 record
2026-05-16 10:13:26 - getOutlet.php - === END REQUEST ===
2026-05-16 03:13:26 - getOutlet.php - === REQUEST GETOUTLET ===
2026-05-16 03:13:26 - getOutlet.php - Method: POST
2026-05-16 03:13:26 - getOutlet.php - POST data: {"tgl":"2026-05-16","encrypt":"ccd1ed58b6dfc857aa9aaffafcf73b7e","id_apl":"APL01","key":"Siloa"}
2026-05-16 10:13:26 - getOutlet.php - Params - tgl: 2026-05-16, encrypt: ccd1ed58b6dfc857aa9aaffafcf73b7e, id_apl: APL01, key: Siloa
2026-05-16 10:13:26 - getOutlet.php - Aplikasi ditemukan: Ya
2026-05-16 10:13:26 - getOutlet.php - Key aplikasi: YbcJSFjkds...
2026-05-16 10:13:26 - getOutlet.php - Expected encrypt: ccd1ed58b6dfc857aa9aaffafcf73b7e
2026-05-16 10:13:26 - getOutlet.php - Received encrypt: ccd1ed58b6dfc857aa9aaffafcf73b7e
2026-05-16 10:13:26 - getOutlet.php - Authentication berhasil
2026-05-16 10:13:26 - getOutlet.php - Query: SELECT id_out, nama_out, '' AS alamat_out, ofcode_out
            FROM outlet 
            WHERE status_out IN ('Active', '1', 'active')
            AND (nama_out LIKE :key OR ofcode_out LIKE :key)
            ORDER BY nama_out ASC
            LIMIT 20
2026-05-16 10:13:26 - getOutlet.php - Query berhasil, mengembalikan 17 record
2026-05-16 10:13:26 - getOutlet.php - === END REQUEST ===
2026-05-16 03:13:26 - getOutlet.php - === REQUEST GETOUTLET ===
2026-05-16 03:13:26 - getOutlet.php - Method: POST
2026-05-16 03:13:26 - getOutlet.php - POST data: {"tgl":"2026-05-16","encrypt":"ccd1ed58b6dfc857aa9aaffafcf73b7e","id_apl":"APL01","key":"Siloam"}
2026-05-16 10:13:26 - getOutlet.php - Params - tgl: 2026-05-16, encrypt: ccd1ed58b6dfc857aa9aaffafcf73b7e, id_apl: APL01, key: Siloam
2026-05-16 10:13:26 - getOutlet.php - Aplikasi ditemukan: Ya
2026-05-16 10:13:26 - getOutlet.php - Key aplikasi: YbcJSFjkds...
2026-05-16 10:13:26 - getOutlet.php - Expected encrypt: ccd1ed58b6dfc857aa9aaffafcf73b7e
2026-05-16 10:13:26 - getOutlet.php - Received encrypt: ccd1ed58b6dfc857aa9aaffafcf73b7e
2026-05-16 10:13:26 - getOutlet.php - Authentication berhasil
2026-05-16 10:13:26 - getOutlet.php - Query: SELECT id_out, nama_out, '' AS alamat_out, ofcode_out
            FROM outlet 
            WHERE status_out IN ('Active', '1', 'active')
            AND (nama_out LIKE :key OR ofcode_out LIKE :key)
            ORDER BY nama_out ASC
            LIMIT 20
2026-05-16 10:13:26 - getOutlet.php - Query berhasil, mengembalikan 17 record
2026-05-16 10:13:26 - getOutlet.php - === END REQUEST ===
2026-05-16 03:13:26 - getOutlet.php - === REQUEST GETOUTLET ===
2026-05-16 03:13:26 - getOutlet.php - Method: POST
2026-05-16 03:13:26 - getOutlet.php - POST data: {"tgl":"2026-05-16","encrypt":"ccd1ed58b6dfc857aa9aaffafcf73b7e","id_apl":"APL01","key":"Siloam"}
2026-05-16 10:13:26 - getOutlet.php - Params - tgl: 2026-05-16, encrypt: ccd1ed58b6dfc857aa9aaffafcf73b7e, id_apl: APL01, key: Siloam
2026-05-16 03:13:26 - getOutlet.php - === REQUEST GETOUTLET ===
2026-05-16 03:13:26 - getOutlet.php - Method: POST
2026-05-16 03:13:26 - getOutlet.php - POST data: {"tgl":"2026-05-16","encrypt":"ccd1ed58b6dfc857aa9aaffafcf73b7e","id_apl":"APL01","key":"Siloam"}
2026-05-16 10:13:26 - getOutlet.php - Params - tgl: 2026-05-16, encrypt: ccd1ed58b6dfc857aa9aaffafcf73b7e, id_apl: APL01, key: Siloam
2026-05-16 10:13:26 - getOutlet.php - Aplikasi ditemukan: Ya
2026-05-16 10:13:26 - getOutlet.php - Key aplikasi: YbcJSFjkds...
2026-05-16 10:13:26 - getOutlet.php - Aplikasi ditemukan: Ya
2026-05-16 10:13:26 - getOutlet.php - Expected encrypt: ccd1ed58b6dfc857aa9aaffafcf73b7e
2026-05-16 10:13:26 - getOutlet.php - Key aplikasi: YbcJSFjkds...
2026-05-16 10:13:26 - getOutlet.php - Received encrypt: ccd1ed58b6dfc857aa9aaffafcf73b7e
2026-05-16 10:13:26 - getOutlet.php - Expected encrypt: ccd1ed58b6dfc857aa9aaffafcf73b7e
2026-05-16 10:13:26 - getOutlet.php - Authentication berhasil
2026-05-16 10:13:26 - getOutlet.php - Received encrypt: ccd1ed58b6dfc857aa9aaffafcf73b7e
2026-05-16 10:13:26 - getOutlet.php - Authentication berhasil
2026-05-16 10:13:26 - getOutlet.php - Query: SELECT id_out, nama_out, '' AS alamat_out, ofcode_out
            FROM outlet 
            WHERE status_out IN ('Active', '1', 'active')
            AND (nama_out LIKE :key OR ofcode_out LIKE :key)
            ORDER BY nama_out ASC
            LIMIT 20
2026-05-16 10:13:26 - getOutlet.php - Query: SELECT id_out, nama_out, '' AS alamat_out, ofcode_out
            FROM outlet 
            WHERE status_out IN ('Active', '1', 'active')
            AND (nama_out LIKE :key OR ofcode_out LIKE :key)
            ORDER BY nama_out ASC
            LIMIT 20
2026-05-16 10:13:26 - getOutlet.php - Query berhasil, mengembalikan 17 record
2026-05-16 10:13:26 - getOutlet.php - Query berhasil, mengembalikan 17 record
2026-05-16 10:13:26 - getOutlet.php - === END REQUEST ===
2026-05-16 10:13:26 - getOutlet.php - === END REQUEST ===
2026-05-16 03:13:27 - getOutlet.php - === REQUEST GETOUTLET ===
2026-05-16 03:13:27 - getOutlet.php - Method: POST
2026-05-16 03:13:27 - getOutlet.php - POST data: {"tgl":"2026-05-16","encrypt":"ccd1ed58b6dfc857aa9aaffafcf73b7e","id_apl":"APL01","key":"Siloam m"}
2026-05-16 10:13:27 - getOutlet.php - Params - tgl: 2026-05-16, encrypt: ccd1ed58b6dfc857aa9aaffafcf73b7e, id_apl: APL01, key: Siloam m
2026-05-16 10:13:27 - getOutlet.php - Aplikasi ditemukan: Ya
2026-05-16 10:13:27 - getOutlet.php - Key aplikasi: YbcJSFjkds...
2026-05-16 10:13:27 - getOutlet.php - Expected encrypt: ccd1ed58b6dfc857aa9aaffafcf73b7e
2026-05-16 10:13:27 - getOutlet.php - Received encrypt: ccd1ed58b6dfc857aa9aaffafcf73b7e
2026-05-16 10:13:27 - getOutlet.php - Authentication berhasil
2026-05-16 10:13:27 - getOutlet.php - Query: SELECT id_out, nama_out, '' AS alamat_out, ofcode_out
            FROM outlet 
            WHERE status_out IN ('Active', '1', 'active')
            AND (nama_out LIKE :key OR ofcode_out LIKE :key)
            ORDER BY nama_out ASC
            LIMIT 20
2026-05-16 10:13:27 - getOutlet.php - Query berhasil, mengembalikan 2 record
2026-05-16 10:13:27 - getOutlet.php - === END REQUEST ===
2026-05-16 03:13:27 - getOutlet.php - === REQUEST GETOUTLET ===
2026-05-16 03:13:27 - getOutlet.php - Method: POST
2026-05-16 03:13:27 - getOutlet.php - POST data: {"tgl":"2026-05-16","encrypt":"ccd1ed58b6dfc857aa9aaffafcf73b7e","id_apl":"APL01","key":"Siloam ma"}
2026-05-16 10:13:27 - getOutlet.php - Params - tgl: 2026-05-16, encrypt: ccd1ed58b6dfc857aa9aaffafcf73b7e, id_apl: APL01, key: Siloam ma
2026-05-16 10:13:27 - getOutlet.php - Aplikasi ditemukan: Ya
2026-05-16 10:13:27 - getOutlet.php - Key aplikasi: YbcJSFjkds...
2026-05-16 10:13:27 - getOutlet.php - Expected encrypt: ccd1ed58b6dfc857aa9aaffafcf73b7e
2026-05-16 10:13:27 - getOutlet.php - Received encrypt: ccd1ed58b6dfc857aa9aaffafcf73b7e
2026-05-16 10:13:27 - getOutlet.php - Authentication berhasil
2026-05-16 10:13:27 - getOutlet.php - Query: SELECT id_out, nama_out, '' AS alamat_out, ofcode_out
            FROM outlet 
            WHERE status_out IN ('Active', '1', 'active')
            AND (nama_out LIKE :key OR ofcode_out LIKE :key)
            ORDER BY nama_out ASC
            LIMIT 20
2026-05-16 10:13:27 - getOutlet.php - Query berhasil, mengembalikan 1 record
2026-05-16 10:13:27 - getOutlet.php - === END REQUEST ===
2026-05-16 03:13:27 - getOutlet.php - === REQUEST GETOUTLET ===
2026-05-16 03:13:27 - getOutlet.php - Method: POST
2026-05-16 03:13:27 - getOutlet.php - POST data: {"tgl":"2026-05-16","encrypt":"ccd1ed58b6dfc857aa9aaffafcf73b7e","id_apl":"APL01","key":"Siloam mam"}
2026-05-16 10:13:27 - getOutlet.php - Params - tgl: 2026-05-16, encrypt: ccd1ed58b6dfc857aa9aaffafcf73b7e, id_apl: APL01, key: Siloam mam
2026-05-16 10:13:27 - getOutlet.php - Aplikasi ditemukan: Ya
2026-05-16 10:13:27 - getOutlet.php - Key aplikasi: YbcJSFjkds...
2026-05-16 10:13:27 - getOutlet.php - Expected encrypt: ccd1ed58b6dfc857aa9aaffafcf73b7e
2026-05-16 10:13:27 - getOutlet.php - Received encrypt: ccd1ed58b6dfc857aa9aaffafcf73b7e
2026-05-16 10:13:27 - getOutlet.php - Authentication berhasil
2026-05-16 10:13:27 - getOutlet.php - Query: SELECT id_out, nama_out, '' AS alamat_out, ofcode_out
            FROM outlet 
            WHERE status_out IN ('Active', '1', 'active')
            AND (nama_out LIKE :key OR ofcode_out LIKE :key)
            ORDER BY nama_out ASC
            LIMIT 20
2026-05-16 10:13:27 - getOutlet.php - Query berhasil, mengembalikan 1 record
2026-05-16 10:13:27 - getOutlet.php - === END REQUEST ===
2026-05-16 03:13:28 - getOutlet.php - === REQUEST GETOUTLET ===
2026-05-16 03:13:28 - getOutlet.php - Method: POST
2026-05-16 03:13:28 - getOutlet.php - POST data: {"tgl":"2026-05-16","encrypt":"ccd1ed58b6dfc857aa9aaffafcf73b7e","id_apl":"APL01","key":"RS SILOAM MAMPANG"}
2026-05-16 10:13:28 - getOutlet.php - Params - tgl: 2026-05-16, encrypt: ccd1ed58b6dfc857aa9aaffafcf73b7e, id_apl: APL01, key: RS SILOAM MAMPANG
2026-05-16 10:13:28 - getOutlet.php - Aplikasi ditemukan: Ya
2026-05-16 10:13:28 - getOutlet.php - Key aplikasi: YbcJSFjkds...
2026-05-16 10:13:28 - getOutlet.php - Expected encrypt: ccd1ed58b6dfc857aa9aaffafcf73b7e
2026-05-16 10:13:28 - getOutlet.php - Received encrypt: ccd1ed58b6dfc857aa9aaffafcf73b7e
2026-05-16 10:13:28 - getOutlet.php - Authentication berhasil
2026-05-16 10:13:28 - getOutlet.php - Query: SELECT id_out, nama_out, '' AS alamat_out, ofcode_out
            FROM outlet 
            WHERE status_out IN ('Active', '1', 'active')
            AND (nama_out LIKE :key OR ofcode_out LIKE :key)
            ORDER BY nama_out ASC
            LIMIT 20
2026-05-16 10:13:28 - getOutlet.php - Query berhasil, mengembalikan 1 record
2026-05-16 10:13:28 - getOutlet.php - === END REQUEST ===
2026-05-16 03:13:35 - getOutlet.php - === REQUEST GETOUTLET ===
2026-05-16 03:13:35 - getOutlet.php - Method: POST
2026-05-16 03:13:35 - getOutlet.php - POST data: {"tgl":"2026-05-16","encrypt":"ccd1ed58b6dfc857aa9aaffafcf73b7e","id_apl":"APL01","key":"Si"}
2026-05-16 10:13:35 - getOutlet.php - Params - tgl: 2026-05-16, encrypt: ccd1ed58b6dfc857aa9aaffafcf73b7e, id_apl: APL01, key: Si
2026-05-16 10:13:35 - getOutlet.php - Aplikasi ditemukan: Ya
2026-05-16 10:13:35 - getOutlet.php - Key aplikasi: YbcJSFjkds...
2026-05-16 10:13:35 - getOutlet.php - Expected encrypt: ccd1ed58b6dfc857aa9aaffafcf73b7e
2026-05-16 10:13:35 - getOutlet.php - Received encrypt: ccd1ed58b6dfc857aa9aaffafcf73b7e
2026-05-16 10:13:35 - getOutlet.php - Authentication berhasil
2026-05-16 10:13:35 - getOutlet.php - Query: SELECT id_out, nama_out, '' AS alamat_out, ofcode_out
            FROM outlet 
            WHERE status_out IN ('Active', '1', 'active')
            AND (nama_out LIKE :key OR ofcode_out LIKE :key)
            ORDER BY nama_out ASC
            LIMIT 20
2026-05-16 10:13:35 - getOutlet.php - Query berhasil, mengembalikan 20 record
2026-05-16 10:13:35 - getOutlet.php - === END REQUEST ===
2026-05-16 03:13:35 - getOutlet.php - === REQUEST GETOUTLET ===
2026-05-16 03:13:35 - getOutlet.php - Method: POST
2026-05-16 03:13:35 - getOutlet.php - POST data: {"tgl":"2026-05-16","encrypt":"ccd1ed58b6dfc857aa9aaffafcf73b7e","id_apl":"APL01","key":"Sil"}
2026-05-16 10:13:35 - getOutlet.php - Params - tgl: 2026-05-16, encrypt: ccd1ed58b6dfc857aa9aaffafcf73b7e, id_apl: APL01, key: Sil
2026-05-16 10:13:35 - getOutlet.php - Aplikasi ditemukan: Ya
2026-05-16 10:13:35 - getOutlet.php - Key aplikasi: YbcJSFjkds...
2026-05-16 10:13:35 - getOutlet.php - Expected encrypt: ccd1ed58b6dfc857aa9aaffafcf73b7e
2026-05-16 10:13:35 - getOutlet.php - Received encrypt: ccd1ed58b6dfc857aa9aaffafcf73b7e
2026-05-16 10:13:35 - getOutlet.php - Authentication berhasil
2026-05-16 10:13:35 - getOutlet.php - Query: SELECT id_out, nama_out, '' AS alamat_out, ofcode_out
            FROM outlet 
            WHERE status_out IN ('Active', '1', 'active')
            AND (nama_out LIKE :key OR ofcode_out LIKE :key)
            ORDER BY nama_out ASC
            LIMIT 20
2026-05-16 10:13:35 - getOutlet.php - Query berhasil, mengembalikan 19 record
2026-05-16 10:13:35 - getOutlet.php - === END REQUEST ===
2026-05-16 03:13:35 - getOutlet.php - === REQUEST GETOUTLET ===
2026-05-16 03:13:35 - getOutlet.php - Method: POST
2026-05-16 03:13:35 - getOutlet.php - === REQUEST GETOUTLET ===
2026-05-16 03:13:35 - getOutlet.php - POST data: {"tgl":"2026-05-16","encrypt":"ccd1ed58b6dfc857aa9aaffafcf73b7e","id_apl":"APL01","key":"Silo"}
2026-05-16 03:13:35 - getOutlet.php - Method: POST
2026-05-16 10:13:35 - getOutlet.php - Params - tgl: 2026-05-16, encrypt: ccd1ed58b6dfc857aa9aaffafcf73b7e, id_apl: APL01, key: Silo
2026-05-16 03:13:35 - getOutlet.php - POST data: {"tgl":"2026-05-16","encrypt":"ccd1ed58b6dfc857aa9aaffafcf73b7e","id_apl":"APL01","key":"Siloa"}
2026-05-16 10:13:35 - getOutlet.php - Params - tgl: 2026-05-16, encrypt: ccd1ed58b6dfc857aa9aaffafcf73b7e, id_apl: APL01, key: Siloa
2026-05-16 10:13:35 - getOutlet.php - Aplikasi ditemukan: Ya
2026-05-16 10:13:35 - getOutlet.php - Key aplikasi: YbcJSFjkds...
2026-05-16 10:13:35 - getOutlet.php - Expected encrypt: ccd1ed58b6dfc857aa9aaffafcf73b7e
2026-05-16 10:13:35 - getOutlet.php - Received encrypt: ccd1ed58b6dfc857aa9aaffafcf73b7e
2026-05-16 10:13:35 - getOutlet.php - Authentication berhasil
2026-05-16 10:13:35 - getOutlet.php - Aplikasi ditemukan: Ya
2026-05-16 10:13:35 - getOutlet.php - Key aplikasi: YbcJSFjkds...
2026-05-16 10:13:35 - getOutlet.php - Expected encrypt: ccd1ed58b6dfc857aa9aaffafcf73b7e
2026-05-16 10:13:35 - getOutlet.php - Received encrypt: ccd1ed58b6dfc857aa9aaffafcf73b7e
2026-05-16 10:13:35 - getOutlet.php - Authentication berhasil
2026-05-16 10:13:35 - getOutlet.php - Query: SELECT id_out, nama_out, '' AS alamat_out, ofcode_out
            FROM outlet 
            WHERE status_out IN ('Active', '1', 'active')
            AND (nama_out LIKE :key OR ofcode_out LIKE :key)
            ORDER BY nama_out ASC
            LIMIT 20
2026-05-16 10:13:35 - getOutlet.php - Query: SELECT id_out, nama_out, '' AS alamat_out, ofcode_out
            FROM outlet 
            WHERE status_out IN ('Active', '1', 'active')
            AND (nama_out LIKE :key OR ofcode_out LIKE :key)
            ORDER BY nama_out ASC
            LIMIT 20
2026-05-16 10:13:35 - getOutlet.php - Query berhasil, mengembalikan 17 record
2026-05-16 10:13:35 - getOutlet.php - === END REQUEST ===
2026-05-16 10:13:35 - getOutlet.php - Query berhasil, mengembalikan 17 record
2026-05-16 10:13:35 - getOutlet.php - === END REQUEST ===
2026-05-16 03:13:35 - getOutlet.php - === REQUEST GETOUTLET ===
2026-05-16 03:13:35 - getOutlet.php - Method: POST
2026-05-16 03:13:35 - getOutlet.php - POST data: {"tgl":"2026-05-16","encrypt":"ccd1ed58b6dfc857aa9aaffafcf73b7e","id_apl":"APL01","key":"Siloam"}
2026-05-16 10:13:35 - getOutlet.php - Params - tgl: 2026-05-16, encrypt: ccd1ed58b6dfc857aa9aaffafcf73b7e, id_apl: APL01, key: Siloam
2026-05-16 10:13:35 - getOutlet.php - Aplikasi ditemukan: Ya
2026-05-16 10:13:35 - getOutlet.php - Key aplikasi: YbcJSFjkds...
2026-05-16 10:13:35 - getOutlet.php - Expected encrypt: ccd1ed58b6dfc857aa9aaffafcf73b7e
2026-05-16 10:13:35 - getOutlet.php - Received encrypt: ccd1ed58b6dfc857aa9aaffafcf73b7e
2026-05-16 10:13:35 - getOutlet.php - Authentication berhasil
2026-05-16 10:13:35 - getOutlet.php - Query: SELECT id_out, nama_out, '' AS alamat_out, ofcode_out
            FROM outlet 
            WHERE status_out IN ('Active', '1', 'active')
            AND (nama_out LIKE :key OR ofcode_out LIKE :key)
            ORDER BY nama_out ASC
            LIMIT 20
2026-05-16 10:13:35 - getOutlet.php - Query berhasil, mengembalikan 17 record
2026-05-16 10:13:35 - getOutlet.php - === END REQUEST ===
2026-05-16 03:13:35 - getOutlet.php - === REQUEST GETOUTLET ===
2026-05-16 03:13:35 - getOutlet.php - Method: POST
2026-05-16 03:13:35 - getOutlet.php - POST data: {"tgl":"2026-05-16","encrypt":"ccd1ed58b6dfc857aa9aaffafcf73b7e","id_apl":"APL01","key":"Siloam"}
2026-05-16 10:13:35 - getOutlet.php - Params - tgl: 2026-05-16, encrypt: ccd1ed58b6dfc857aa9aaffafcf73b7e, id_apl: APL01, key: Siloam
2026-05-16 10:13:35 - getOutlet.php - Aplikasi ditemukan: Ya
2026-05-16 10:13:35 - getOutlet.php - Key aplikasi: YbcJSFjkds...
2026-05-16 10:13:35 - getOutlet.php - Expected encrypt: ccd1ed58b6dfc857aa9aaffafcf73b7e
2026-05-16 10:13:35 - getOutlet.php - Received encrypt: ccd1ed58b6dfc857aa9aaffafcf73b7e
2026-05-16 10:13:35 - getOutlet.php - Authentication berhasil
2026-05-16 10:13:35 - getOutlet.php - Query: SELECT id_out, nama_out, '' AS alamat_out, ofcode_out
            FROM outlet 
            WHERE status_out IN ('Active', '1', 'active')
            AND (nama_out LIKE :key OR ofcode_out LIKE :key)
            ORDER BY nama_out ASC
            LIMIT 20
2026-05-16 10:13:35 - getOutlet.php - Query berhasil, mengembalikan 17 record
2026-05-16 10:13:35 - getOutlet.php - === END REQUEST ===
2026-05-16 03:13:35 - getOutlet.php - === REQUEST GETOUTLET ===
2026-05-16 03:13:35 - getOutlet.php - Method: POST
2026-05-16 03:13:35 - getOutlet.php - POST data: {"tgl":"2026-05-16","encrypt":"ccd1ed58b6dfc857aa9aaffafcf73b7e","id_apl":"APL01","key":"Siloam"}
2026-05-16 10:13:35 - getOutlet.php - Params - tgl: 2026-05-16, encrypt: ccd1ed58b6dfc857aa9aaffafcf73b7e, id_apl: APL01, key: Siloam
2026-05-16 10:13:35 - getOutlet.php - Aplikasi ditemukan: Ya
2026-05-16 10:13:35 - getOutlet.php - Key aplikasi: YbcJSFjkds...
2026-05-16 10:13:35 - getOutlet.php - Expected encrypt: ccd1ed58b6dfc857aa9aaffafcf73b7e
2026-05-16 10:13:35 - getOutlet.php - Received encrypt: ccd1ed58b6dfc857aa9aaffafcf73b7e
2026-05-16 10:13:35 - getOutlet.php - Authentication berhasil
2026-05-16 10:13:35 - getOutlet.php - Query: SELECT id_out, nama_out, '' AS alamat_out, ofcode_out
            FROM outlet 
            WHERE status_out IN ('Active', '1', 'active')
            AND (nama_out LIKE :key OR ofcode_out LIKE :key)
            ORDER BY nama_out ASC
            LIMIT 20
2026-05-16 10:13:35 - getOutlet.php - Query berhasil, mengembalikan 17 record
2026-05-16 10:13:35 - getOutlet.php - === END REQUEST ===
2026-05-16 03:13:36 - getOutlet.php - === REQUEST GETOUTLET ===
2026-05-16 03:13:36 - getOutlet.php - Method: POST
2026-05-16 03:13:36 - getOutlet.php - POST data: {"tgl":"2026-05-16","encrypt":"ccd1ed58b6dfc857aa9aaffafcf73b7e","id_apl":"APL01","key":"Siloam a"}
2026-05-16 10:13:36 - getOutlet.php - Params - tgl: 2026-05-16, encrypt: ccd1ed58b6dfc857aa9aaffafcf73b7e, id_apl: APL01, key: Siloam a
2026-05-16 10:13:36 - getOutlet.php - Aplikasi ditemukan: Ya
2026-05-16 10:13:36 - getOutlet.php - Key aplikasi: YbcJSFjkds...
2026-05-16 10:13:36 - getOutlet.php - Expected encrypt: ccd1ed58b6dfc857aa9aaffafcf73b7e
2026-05-16 10:13:36 - getOutlet.php - Received encrypt: ccd1ed58b6dfc857aa9aaffafcf73b7e
2026-05-16 10:13:36 - getOutlet.php - Authentication berhasil
2026-05-16 10:13:36 - getOutlet.php - Query: SELECT id_out, nama_out, '' AS alamat_out, ofcode_out
            FROM outlet 
            WHERE status_out IN ('Active', '1', 'active')
            AND (nama_out LIKE :key OR ofcode_out LIKE :key)
            ORDER BY nama_out ASC
            LIMIT 20
2026-05-16 10:13:36 - getOutlet.php - Query berhasil, mengembalikan 2 record
2026-05-16 10:13:36 - getOutlet.php - === END REQUEST ===
2026-05-16 03:13:36 - getOutlet.php - === REQUEST GETOUTLET ===
2026-05-16 03:13:36 - getOutlet.php - Method: POST
2026-05-16 03:13:36 - getOutlet.php - POST data: {"tgl":"2026-05-16","encrypt":"ccd1ed58b6dfc857aa9aaffafcf73b7e","id_apl":"APL01","key":"Siloam as"}
2026-05-16 10:13:36 - getOutlet.php - Params - tgl: 2026-05-16, encrypt: ccd1ed58b6dfc857aa9aaffafcf73b7e, id_apl: APL01, key: Siloam as
2026-05-16 10:13:36 - getOutlet.php - Aplikasi ditemukan: Ya
2026-05-16 10:13:36 - getOutlet.php - Key aplikasi: YbcJSFjkds...
2026-05-16 10:13:36 - getOutlet.php - Expected encrypt: ccd1ed58b6dfc857aa9aaffafcf73b7e
2026-05-16 10:13:36 - getOutlet.php - Received encrypt: ccd1ed58b6dfc857aa9aaffafcf73b7e
2026-05-16 10:13:36 - getOutlet.php - Authentication berhasil
2026-05-16 10:13:36 - getOutlet.php - Query: SELECT id_out, nama_out, '' AS alamat_out, ofcode_out
            FROM outlet 
            WHERE status_out IN ('Active', '1', 'active')
            AND (nama_out LIKE :key OR ofcode_out LIKE :key)
            ORDER BY nama_out ASC
            LIMIT 20
2026-05-16 10:13:36 - getOutlet.php - Query berhasil, mengembalikan 1 record
2026-05-16 10:13:36 - getOutlet.php - === END REQUEST ===
2026-05-16 03:13:38 - getOutlet.php - === REQUEST GETOUTLET ===
2026-05-16 03:13:38 - getOutlet.php - Method: POST
2026-05-16 03:13:38 - getOutlet.php - POST data: {"tgl":"2026-05-16","encrypt":"ccd1ed58b6dfc857aa9aaffafcf73b7e","id_apl":"APL01","key":"RS BEDAH SILOAM ASRI"}
2026-05-16 10:13:38 - getOutlet.php - Params - tgl: 2026-05-16, encrypt: ccd1ed58b6dfc857aa9aaffafcf73b7e, id_apl: APL01, key: RS BEDAH SILOAM ASRI
2026-05-16 10:13:38 - getOutlet.php - Aplikasi ditemukan: Ya
2026-05-16 10:13:38 - getOutlet.php - Key aplikasi: YbcJSFjkds...
2026-05-16 10:13:38 - getOutlet.php - Expected encrypt: ccd1ed58b6dfc857aa9aaffafcf73b7e
2026-05-16 10:13:38 - getOutlet.php - Received encrypt: ccd1ed58b6dfc857aa9aaffafcf73b7e
2026-05-16 10:13:38 - getOutlet.php - Authentication berhasil
2026-05-16 10:13:38 - getOutlet.php - Query: SELECT id_out, nama_out, '' AS alamat_out, ofcode_out
            FROM outlet 
            WHERE status_out IN ('Active', '1', 'active')
            AND (nama_out LIKE :key OR ofcode_out LIKE :key)
            ORDER BY nama_out ASC
            LIMIT 20
2026-05-16 10:13:38 - getOutlet.php - Query berhasil, mengembalikan 1 record
2026-05-16 10:13:38 - getOutlet.php - === END REQUEST ===
2026-05-16 03:13:59 - getOutlet.php - === REQUEST GETOUTLET ===
2026-05-16 03:13:59 - getOutlet.php - Method: POST
2026-05-16 03:13:59 - getOutlet.php - POST data: {"tgl":"2026-05-16","encrypt":"ccd1ed58b6dfc857aa9aaffafcf73b7e","id_apl":"APL01","key":"Rs"}
2026-05-16 10:13:59 - getOutlet.php - Params - tgl: 2026-05-16, encrypt: ccd1ed58b6dfc857aa9aaffafcf73b7e, id_apl: APL01, key: Rs
2026-05-16 10:13:59 - getOutlet.php - Aplikasi ditemukan: Ya
2026-05-16 10:13:59 - getOutlet.php - Key aplikasi: YbcJSFjkds...
2026-05-16 10:13:59 - getOutlet.php - Expected encrypt: ccd1ed58b6dfc857aa9aaffafcf73b7e
2026-05-16 10:13:59 - getOutlet.php - Received encrypt: ccd1ed58b6dfc857aa9aaffafcf73b7e
2026-05-16 10:13:59 - getOutlet.php - Authentication berhasil
2026-05-16 10:13:59 - getOutlet.php - Query: SELECT id_out, nama_out, '' AS alamat_out, ofcode_out
            FROM outlet 
            WHERE status_out IN ('Active', '1', 'active')
            AND (nama_out LIKE :key OR ofcode_out LIKE :key)
            ORDER BY nama_out ASC
            LIMIT 20
2026-05-16 10:13:59 - getOutlet.php - Query berhasil, mengembalikan 20 record
2026-05-16 10:13:59 - getOutlet.php - === END REQUEST ===
2026-05-16 03:14:00 - getOutlet.php - === REQUEST GETOUTLET ===
2026-05-16 03:14:00 - getOutlet.php - Method: POST
2026-05-16 03:14:00 - getOutlet.php - POST data: {"tgl":"2026-05-16","encrypt":"ccd1ed58b6dfc857aa9aaffafcf73b7e","id_apl":"APL01","key":"Rs"}
2026-05-16 10:14:00 - getOutlet.php - Params - tgl: 2026-05-16, encrypt: ccd1ed58b6dfc857aa9aaffafcf73b7e, id_apl: APL01, key: Rs
2026-05-16 10:14:00 - getOutlet.php - Aplikasi ditemukan: Ya
2026-05-16 10:14:00 - getOutlet.php - Key aplikasi: YbcJSFjkds...
2026-05-16 10:14:00 - getOutlet.php - Expected encrypt: ccd1ed58b6dfc857aa9aaffafcf73b7e
2026-05-16 10:14:00 - getOutlet.php - Received encrypt: ccd1ed58b6dfc857aa9aaffafcf73b7e
2026-05-16 10:14:00 - getOutlet.php - Authentication berhasil
2026-05-16 03:14:00 - getOutlet.php - === REQUEST GETOUTLET ===
2026-05-16 03:14:00 - getOutlet.php - Method: POST
2026-05-16 03:14:00 - getOutlet.php - POST data: {"tgl":"2026-05-16","encrypt":"ccd1ed58b6dfc857aa9aaffafcf73b7e","id_apl":"APL01","key":"Rs"}
2026-05-16 10:14:00 - getOutlet.php - Params - tgl: 2026-05-16, encrypt: ccd1ed58b6dfc857aa9aaffafcf73b7e, id_apl: APL01, key: Rs
2026-05-16 10:14:00 - getOutlet.php - Query: SELECT id_out, nama_out, '' AS alamat_out, ofcode_out
            FROM outlet 
            WHERE status_out IN ('Active', '1', 'active')
            AND (nama_out LIKE :key OR ofcode_out LIKE :key)
            ORDER BY nama_out ASC
            LIMIT 20
2026-05-16 10:14:00 - getOutlet.php - Aplikasi ditemukan: Ya
2026-05-16 10:14:00 - getOutlet.php - Key aplikasi: YbcJSFjkds...
2026-05-16 10:14:00 - getOutlet.php - Expected encrypt: ccd1ed58b6dfc857aa9aaffafcf73b7e
2026-05-16 10:14:00 - getOutlet.php - Received encrypt: ccd1ed58b6dfc857aa9aaffafcf73b7e
2026-05-16 10:14:00 - getOutlet.php - Authentication berhasil
2026-05-16 10:14:00 - getOutlet.php - Query berhasil, mengembalikan 20 record
2026-05-16 10:14:00 - getOutlet.php - === END REQUEST ===
2026-05-16 10:14:00 - getOutlet.php - Query: SELECT id_out, nama_out, '' AS alamat_out, ofcode_out
            FROM outlet 
            WHERE status_out IN ('Active', '1', 'active')
            AND (nama_out LIKE :key OR ofcode_out LIKE :key)
            ORDER BY nama_out ASC
            LIMIT 20
2026-05-16 10:14:00 - getOutlet.php - Query berhasil, mengembalikan 20 record
2026-05-16 10:14:00 - getOutlet.php - === END REQUEST ===
2026-05-16 03:14:00 - getOutlet.php - === REQUEST GETOUTLET ===
2026-05-16 03:14:00 - getOutlet.php - Method: POST
2026-05-16 03:14:00 - getOutlet.php - POST data: {"tgl":"2026-05-16","encrypt":"ccd1ed58b6dfc857aa9aaffafcf73b7e","id_apl":"APL01","key":"Rs h"}
2026-05-16 10:14:00 - getOutlet.php - Params - tgl: 2026-05-16, encrypt: ccd1ed58b6dfc857aa9aaffafcf73b7e, id_apl: APL01, key: Rs h
2026-05-16 03:14:00 - getOutlet.php - === REQUEST GETOUTLET ===
2026-05-16 03:14:00 - getOutlet.php - Method: POST
2026-05-16 03:14:00 - getOutlet.php - POST data: {"tgl":"2026-05-16","encrypt":"ccd1ed58b6dfc857aa9aaffafcf73b7e","id_apl":"APL01","key":"Rs ha"}
2026-05-16 10:14:00 - getOutlet.php - Params - tgl: 2026-05-16, encrypt: ccd1ed58b6dfc857aa9aaffafcf73b7e, id_apl: APL01, key: Rs ha
2026-05-16 10:14:00 - getOutlet.php - Aplikasi ditemukan: Ya
2026-05-16 10:14:00 - getOutlet.php - Key aplikasi: YbcJSFjkds...
2026-05-16 10:14:00 - getOutlet.php - Aplikasi ditemukan: Ya
2026-05-16 10:14:00 - getOutlet.php - Expected encrypt: ccd1ed58b6dfc857aa9aaffafcf73b7e
2026-05-16 10:14:00 - getOutlet.php - Key aplikasi: YbcJSFjkds...
2026-05-16 10:14:00 - getOutlet.php - Received encrypt: ccd1ed58b6dfc857aa9aaffafcf73b7e
2026-05-16 10:14:00 - getOutlet.php - Expected encrypt: ccd1ed58b6dfc857aa9aaffafcf73b7e
2026-05-16 10:14:00 - getOutlet.php - Authentication berhasil
2026-05-16 10:14:00 - getOutlet.php - Received encrypt: ccd1ed58b6dfc857aa9aaffafcf73b7e
2026-05-16 10:14:00 - getOutlet.php - Authentication berhasil
2026-05-16 10:14:00 - getOutlet.php - Query: SELECT id_out, nama_out, '' AS alamat_out, ofcode_out
            FROM outlet 
            WHERE status_out IN ('Active', '1', 'active')
            AND (nama_out LIKE :key OR ofcode_out LIKE :key)
            ORDER BY nama_out ASC
            LIMIT 20
2026-05-16 10:14:00 - getOutlet.php - Query: SELECT id_out, nama_out, '' AS alamat_out, ofcode_out
            FROM outlet 
            WHERE status_out IN ('Active', '1', 'active')
            AND (nama_out LIKE :key OR ofcode_out LIKE :key)
            ORDER BY nama_out ASC
            LIMIT 20
2026-05-16 10:14:00 - getOutlet.php - Query berhasil, mengembalikan 16 record
2026-05-16 10:14:00 - getOutlet.php - Query berhasil, mengembalikan 8 record
2026-05-16 10:14:00 - getOutlet.php - === END REQUEST ===
2026-05-16 10:14:00 - getOutlet.php - === END REQUEST ===
2026-05-16 03:14:01 - getOutlet.php - === REQUEST GETOUTLET ===
2026-05-16 03:14:01 - getOutlet.php - Method: POST
2026-05-16 03:14:01 - getOutlet.php - POST data: {"tgl":"2026-05-16","encrypt":"ccd1ed58b6dfc857aa9aaffafcf73b7e","id_apl":"APL01","key":"Rs har"}
2026-05-16 10:14:01 - getOutlet.php - Params - tgl: 2026-05-16, encrypt: ccd1ed58b6dfc857aa9aaffafcf73b7e, id_apl: APL01, key: Rs har
2026-05-16 10:14:01 - getOutlet.php - Aplikasi ditemukan: Ya
2026-05-16 10:14:01 - getOutlet.php - Key aplikasi: YbcJSFjkds...
2026-05-16 10:14:01 - getOutlet.php - Expected encrypt: ccd1ed58b6dfc857aa9aaffafcf73b7e
2026-05-16 10:14:01 - getOutlet.php - Received encrypt: ccd1ed58b6dfc857aa9aaffafcf73b7e
2026-05-16 10:14:01 - getOutlet.php - Authentication berhasil
2026-05-16 10:14:01 - getOutlet.php - Query: SELECT id_out, nama_out, '' AS alamat_out, ofcode_out
            FROM outlet 
            WHERE status_out IN ('Active', '1', 'active')
            AND (nama_out LIKE :key OR ofcode_out LIKE :key)
            ORDER BY nama_out ASC
            LIMIT 20
2026-05-16 10:14:01 - getOutlet.php - Query berhasil, mengembalikan 6 record
2026-05-16 10:14:01 - getOutlet.php - === END REQUEST ===
2026-05-16 03:14:01 - getOutlet.php - === REQUEST GETOUTLET ===
2026-05-16 03:14:01 - getOutlet.php - Method: POST
2026-05-16 03:14:01 - getOutlet.php - POST data: {"tgl":"2026-05-16","encrypt":"ccd1ed58b6dfc857aa9aaffafcf73b7e","id_apl":"APL01","key":"Rs hara"}
2026-05-16 10:14:01 - getOutlet.php - Params - tgl: 2026-05-16, encrypt: ccd1ed58b6dfc857aa9aaffafcf73b7e, id_apl: APL01, key: Rs hara
2026-05-16 10:14:01 - getOutlet.php - Aplikasi ditemukan: Ya
2026-05-16 10:14:01 - getOutlet.php - Key aplikasi: YbcJSFjkds...
2026-05-16 10:14:01 - getOutlet.php - Expected encrypt: ccd1ed58b6dfc857aa9aaffafcf73b7e
2026-05-16 10:14:01 - getOutlet.php - Received encrypt: ccd1ed58b6dfc857aa9aaffafcf73b7e
2026-05-16 10:14:01 - getOutlet.php - Authentication berhasil
2026-05-16 10:14:01 - getOutlet.php - Query: SELECT id_out, nama_out, '' AS alamat_out, ofcode_out
            FROM outlet 
            WHERE status_out IN ('Active', '1', 'active')
            AND (nama_out LIKE :key OR ofcode_out LIKE :key)
            ORDER BY nama_out ASC
            LIMIT 20
2026-05-16 10:14:01 - getOutlet.php - Query berhasil, mengembalikan 5 record
2026-05-16 10:14:01 - getOutlet.php - === END REQUEST ===
2026-05-16 03:14:01 - getOutlet.php - === REQUEST GETOUTLET ===
2026-05-16 03:14:01 - getOutlet.php - Method: POST
2026-05-16 03:14:01 - getOutlet.php - POST data: {"tgl":"2026-05-16","encrypt":"ccd1ed58b6dfc857aa9aaffafcf73b7e","id_apl":"APL01","key":"Rs harap"}
2026-05-16 10:14:01 - getOutlet.php - Params - tgl: 2026-05-16, encrypt: ccd1ed58b6dfc857aa9aaffafcf73b7e, id_apl: APL01, key: Rs harap
2026-05-16 10:14:01 - getOutlet.php - Aplikasi ditemukan: Ya
2026-05-16 10:14:01 - getOutlet.php - Key aplikasi: YbcJSFjkds...
2026-05-16 10:14:01 - getOutlet.php - Expected encrypt: ccd1ed58b6dfc857aa9aaffafcf73b7e
2026-05-16 10:14:01 - getOutlet.php - Received encrypt: ccd1ed58b6dfc857aa9aaffafcf73b7e
2026-05-16 10:14:01 - getOutlet.php - Authentication berhasil
2026-05-16 10:14:01 - getOutlet.php - Query: SELECT id_out, nama_out, '' AS alamat_out, ofcode_out
            FROM outlet 
            WHERE status_out IN ('Active', '1', 'active')
            AND (nama_out LIKE :key OR ofcode_out LIKE :key)
            ORDER BY nama_out ASC
            LIMIT 20
2026-05-16 03:14:01 - getOutlet.php - === REQUEST GETOUTLET ===
2026-05-16 03:14:01 - getOutlet.php - Method: POST
2026-05-16 03:14:01 - getOutlet.php - POST data: {"tgl":"2026-05-16","encrypt":"ccd1ed58b6dfc857aa9aaffafcf73b7e","id_apl":"APL01","key":"Rs harapa"}
2026-05-16 10:14:01 - getOutlet.php - Params - tgl: 2026-05-16, encrypt: ccd1ed58b6dfc857aa9aaffafcf73b7e, id_apl: APL01, key: Rs harapa
2026-05-16 10:14:01 - getOutlet.php - Query berhasil, mengembalikan 5 record
2026-05-16 10:14:01 - getOutlet.php - === END REQUEST ===
2026-05-16 10:14:01 - getOutlet.php - Aplikasi ditemukan: Ya
2026-05-16 10:14:01 - getOutlet.php - Key aplikasi: YbcJSFjkds...
2026-05-16 10:14:01 - getOutlet.php - Expected encrypt: ccd1ed58b6dfc857aa9aaffafcf73b7e
2026-05-16 10:14:01 - getOutlet.php - Received encrypt: ccd1ed58b6dfc857aa9aaffafcf73b7e
2026-05-16 10:14:01 - getOutlet.php - Authentication berhasil
2026-05-16 10:14:01 - getOutlet.php - Query: SELECT id_out, nama_out, '' AS alamat_out, ofcode_out
            FROM outlet 
            WHERE status_out IN ('Active', '1', 'active')
            AND (nama_out LIKE :key OR ofcode_out LIKE :key)
            ORDER BY nama_out ASC
            LIMIT 20
2026-05-16 10:14:01 - getOutlet.php - Query berhasil, mengembalikan 5 record
2026-05-16 10:14:01 - getOutlet.php - === END REQUEST ===
2026-05-16 03:14:02 - getOutlet.php - === REQUEST GETOUTLET ===
2026-05-16 03:14:02 - getOutlet.php - Method: POST
2026-05-16 03:14:02 - getOutlet.php - POST data: {"tgl":"2026-05-16","encrypt":"ccd1ed58b6dfc857aa9aaffafcf73b7e","id_apl":"APL01","key":"RS Harapan Bunda "}
2026-05-16 10:14:02 - getOutlet.php - Params - tgl: 2026-05-16, encrypt: ccd1ed58b6dfc857aa9aaffafcf73b7e, id_apl: APL01, key: RS Harapan Bunda
2026-05-16 10:14:02 - getOutlet.php - Aplikasi ditemukan: Ya
2026-05-16 10:14:02 - getOutlet.php - Key aplikasi: YbcJSFjkds...
2026-05-16 10:14:02 - getOutlet.php - Expected encrypt: ccd1ed58b6dfc857aa9aaffafcf73b7e
2026-05-16 10:14:02 - getOutlet.php - Received encrypt: ccd1ed58b6dfc857aa9aaffafcf73b7e
2026-05-16 10:14:02 - getOutlet.php - Authentication berhasil
2026-05-16 10:14:02 - getOutlet.php - Query: SELECT id_out, nama_out, '' AS alamat_out, ofcode_out
            FROM outlet 
            WHERE status_out IN ('Active', '1', 'active')
            AND (nama_out LIKE :key OR ofcode_out LIKE :key)
            ORDER BY nama_out ASC
            LIMIT 20
2026-05-16 10:14:02 - getOutlet.php - Query berhasil, mengembalikan 1 record
2026-05-16 10:14:02 - getOutlet.php - === END REQUEST ===
2026-05-16 03:14:27 - getOutlet.php - === REQUEST GETOUTLET ===
2026-05-16 03:14:27 - getOutlet.php - Method: POST
2026-05-16 03:14:27 - getOutlet.php - POST data: {"tgl":"2026-05-16","encrypt":"ccd1ed58b6dfc857aa9aaffafcf73b7e","id_apl":"APL01","key":"Rs"}
2026-05-16 10:14:27 - getOutlet.php - Params - tgl: 2026-05-16, encrypt: ccd1ed58b6dfc857aa9aaffafcf73b7e, id_apl: APL01, key: Rs
2026-05-16 10:14:27 - getOutlet.php - Aplikasi ditemukan: Ya
2026-05-16 10:14:27 - getOutlet.php - Key aplikasi: YbcJSFjkds...
2026-05-16 10:14:27 - getOutlet.php - Expected encrypt: ccd1ed58b6dfc857aa9aaffafcf73b7e
2026-05-16 10:14:27 - getOutlet.php - Received encrypt: ccd1ed58b6dfc857aa9aaffafcf73b7e
2026-05-16 10:14:27 - getOutlet.php - Authentication berhasil
2026-05-16 10:14:27 - getOutlet.php - Query: SELECT id_out, nama_out, '' AS alamat_out, ofcode_out
            FROM outlet 
            WHERE status_out IN ('Active', '1', 'active')
            AND (nama_out LIKE :key OR ofcode_out LIKE :key)
            ORDER BY nama_out ASC
            LIMIT 20
2026-05-16 10:14:27 - getOutlet.php - Query berhasil, mengembalikan 20 record
2026-05-16 10:14:27 - getOutlet.php - === END REQUEST ===
2026-05-16 03:14:27 - getOutlet.php - === REQUEST GETOUTLET ===
2026-05-16 03:14:27 - getOutlet.php - Method: POST
2026-05-16 03:14:27 - getOutlet.php - POST data: {"tgl":"2026-05-16","encrypt":"ccd1ed58b6dfc857aa9aaffafcf73b7e","id_apl":"APL01","key":"Rs"}
2026-05-16 10:14:27 - getOutlet.php - Params - tgl: 2026-05-16, encrypt: ccd1ed58b6dfc857aa9aaffafcf73b7e, id_apl: APL01, key: Rs
2026-05-16 10:14:27 - getOutlet.php - Aplikasi ditemukan: Ya
2026-05-16 10:14:27 - getOutlet.php - Key aplikasi: YbcJSFjkds...
2026-05-16 10:14:27 - getOutlet.php - Expected encrypt: ccd1ed58b6dfc857aa9aaffafcf73b7e
2026-05-16 10:14:27 - getOutlet.php - Received encrypt: ccd1ed58b6dfc857aa9aaffafcf73b7e
2026-05-16 10:14:27 - getOutlet.php - Authentication berhasil
2026-05-16 10:14:27 - getOutlet.php - Query: SELECT id_out, nama_out, '' AS alamat_out, ofcode_out
            FROM outlet 
            WHERE status_out IN ('Active', '1', 'active')
            AND (nama_out LIKE :key OR ofcode_out LIKE :key)
            ORDER BY nama_out ASC
            LIMIT 20
2026-05-16 10:14:27 - getOutlet.php - Query berhasil, mengembalikan 20 record
2026-05-16 10:14:27 - getOutlet.php - === END REQUEST ===
2026-05-16 03:14:27 - getOutlet.php - === REQUEST GETOUTLET ===
2026-05-16 03:14:27 - getOutlet.php - Method: POST
2026-05-16 03:14:27 - getOutlet.php - POST data: {"tgl":"2026-05-16","encrypt":"ccd1ed58b6dfc857aa9aaffafcf73b7e","id_apl":"APL01","key":"Rs"}
2026-05-16 10:14:27 - getOutlet.php - Params - tgl: 2026-05-16, encrypt: ccd1ed58b6dfc857aa9aaffafcf73b7e, id_apl: APL01, key: Rs
2026-05-16 10:14:27 - getOutlet.php - Aplikasi ditemukan: Ya
2026-05-16 10:14:27 - getOutlet.php - Key aplikasi: YbcJSFjkds...
2026-05-16 10:14:27 - getOutlet.php - Expected encrypt: ccd1ed58b6dfc857aa9aaffafcf73b7e
2026-05-16 10:14:27 - getOutlet.php - Received encrypt: ccd1ed58b6dfc857aa9aaffafcf73b7e
2026-05-16 10:14:27 - getOutlet.php - Authentication berhasil
2026-05-16 10:14:27 - getOutlet.php - Query: SELECT id_out, nama_out, '' AS alamat_out, ofcode_out
            FROM outlet 
            WHERE status_out IN ('Active', '1', 'active')
            AND (nama_out LIKE :key OR ofcode_out LIKE :key)
            ORDER BY nama_out ASC
            LIMIT 20
2026-05-16 10:14:27 - getOutlet.php - Query berhasil, mengembalikan 20 record
2026-05-16 10:14:27 - getOutlet.php - === END REQUEST ===
2026-05-16 03:14:28 - getOutlet.php - === REQUEST GETOUTLET ===
2026-05-16 03:14:28 - getOutlet.php - Method: POST
2026-05-16 03:14:28 - getOutlet.php - POST data: {"tgl":"2026-05-16","encrypt":"ccd1ed58b6dfc857aa9aaffafcf73b7e","id_apl":"APL01","key":"Rs j"}
2026-05-16 10:14:28 - getOutlet.php - Params - tgl: 2026-05-16, encrypt: ccd1ed58b6dfc857aa9aaffafcf73b7e, id_apl: APL01, key: Rs j
2026-05-16 10:14:28 - getOutlet.php - Aplikasi ditemukan: Ya
2026-05-16 10:14:28 - getOutlet.php - Key aplikasi: YbcJSFjkds...
2026-05-16 10:14:28 - getOutlet.php - Expected encrypt: ccd1ed58b6dfc857aa9aaffafcf73b7e
2026-05-16 10:14:28 - getOutlet.php - Received encrypt: ccd1ed58b6dfc857aa9aaffafcf73b7e
2026-05-16 10:14:28 - getOutlet.php - Authentication berhasil
2026-05-16 10:14:28 - getOutlet.php - Query: SELECT id_out, nama_out, '' AS alamat_out, ofcode_out
            FROM outlet 
            WHERE status_out IN ('Active', '1', 'active')
            AND (nama_out LIKE :key OR ofcode_out LIKE :key)
            ORDER BY nama_out ASC
            LIMIT 20
2026-05-16 10:14:28 - getOutlet.php - Query berhasil, mengembalikan 5 record
2026-05-16 10:14:28 - getOutlet.php - === END REQUEST ===
2026-05-16 03:14:28 - getOutlet.php - === REQUEST GETOUTLET ===
2026-05-16 03:14:28 - getOutlet.php - Method: POST
2026-05-16 03:14:28 - getOutlet.php - POST data: {"tgl":"2026-05-16","encrypt":"ccd1ed58b6dfc857aa9aaffafcf73b7e","id_apl":"APL01","key":"Rs ja"}
2026-05-16 10:14:28 - getOutlet.php - Params - tgl: 2026-05-16, encrypt: ccd1ed58b6dfc857aa9aaffafcf73b7e, id_apl: APL01, key: Rs ja
2026-05-16 10:14:28 - getOutlet.php - Aplikasi ditemukan: Ya
2026-05-16 10:14:28 - getOutlet.php - Key aplikasi: YbcJSFjkds...
2026-05-16 10:14:28 - getOutlet.php - Expected encrypt: ccd1ed58b6dfc857aa9aaffafcf73b7e
2026-05-16 10:14:28 - getOutlet.php - Received encrypt: ccd1ed58b6dfc857aa9aaffafcf73b7e
2026-05-16 10:14:28 - getOutlet.php - Authentication berhasil
2026-05-16 10:14:28 - getOutlet.php - Query: SELECT id_out, nama_out, '' AS alamat_out, ofcode_out
            FROM outlet 
            WHERE status_out IN ('Active', '1', 'active')
            AND (nama_out LIKE :key OR ofcode_out LIKE :key)
            ORDER BY nama_out ASC
            LIMIT 20
2026-05-16 10:14:28 - getOutlet.php - Query berhasil, mengembalikan 3 record
2026-05-16 10:14:28 - getOutlet.php - === END REQUEST ===
2026-05-16 03:14:28 - getOutlet.php - === REQUEST GETOUTLET ===
2026-05-16 03:14:28 - getOutlet.php - Method: POST
2026-05-16 03:14:28 - getOutlet.php - POST data: {"tgl":"2026-05-16","encrypt":"ccd1ed58b6dfc857aa9aaffafcf73b7e","id_apl":"APL01","key":"Rs jak"}
2026-05-16 10:14:28 - getOutlet.php - Params - tgl: 2026-05-16, encrypt: ccd1ed58b6dfc857aa9aaffafcf73b7e, id_apl: APL01, key: Rs jak
2026-05-16 10:14:28 - getOutlet.php - Aplikasi ditemukan: Ya
2026-05-16 10:14:28 - getOutlet.php - Key aplikasi: YbcJSFjkds...
2026-05-16 10:14:28 - getOutlet.php - Expected encrypt: ccd1ed58b6dfc857aa9aaffafcf73b7e
2026-05-16 10:14:28 - getOutlet.php - Received encrypt: ccd1ed58b6dfc857aa9aaffafcf73b7e
2026-05-16 10:14:28 - getOutlet.php - Authentication berhasil
2026-05-16 10:14:28 - getOutlet.php - Query: SELECT id_out, nama_out, '' AS alamat_out, ofcode_out
            FROM outlet 
            WHERE status_out IN ('Active', '1', 'active')
            AND (nama_out LIKE :key OR ofcode_out LIKE :key)
            ORDER BY nama_out ASC
            LIMIT 20
2026-05-16 10:14:28 - getOutlet.php - Query berhasil, mengembalikan 2 record
2026-05-16 10:14:28 - getOutlet.php - === END REQUEST ===
2026-05-16 03:14:28 - getOutlet.php - === REQUEST GETOUTLET ===
2026-05-16 03:14:28 - getOutlet.php - Method: POST
2026-05-16 03:14:28 - getOutlet.php - POST data: {"tgl":"2026-05-16","encrypt":"ccd1ed58b6dfc857aa9aaffafcf73b7e","id_apl":"APL01","key":"Rs jaka"}
2026-05-16 10:14:28 - getOutlet.php - Params - tgl: 2026-05-16, encrypt: ccd1ed58b6dfc857aa9aaffafcf73b7e, id_apl: APL01, key: Rs jaka
2026-05-16 10:14:28 - getOutlet.php - Aplikasi ditemukan: Ya
2026-05-16 10:14:28 - getOutlet.php - Key aplikasi: YbcJSFjkds...
2026-05-16 10:14:28 - getOutlet.php - Expected encrypt: ccd1ed58b6dfc857aa9aaffafcf73b7e
2026-05-16 10:14:28 - getOutlet.php - Received encrypt: ccd1ed58b6dfc857aa9aaffafcf73b7e
2026-05-16 10:14:28 - getOutlet.php - Authentication berhasil
2026-05-16 10:14:28 - getOutlet.php - Query: SELECT id_out, nama_out, '' AS alamat_out, ofcode_out
            FROM outlet 
            WHERE status_out IN ('Active', '1', 'active')
            AND (nama_out LIKE :key OR ofcode_out LIKE :key)
            ORDER BY nama_out ASC
            LIMIT 20
2026-05-16 10:14:28 - getOutlet.php - Query berhasil, mengembalikan 2 record
2026-05-16 10:14:28 - getOutlet.php - === END REQUEST ===
2026-05-16 03:14:28 - getOutlet.php - === REQUEST GETOUTLET ===
2026-05-16 03:14:28 - getOutlet.php - Method: POST
2026-05-16 03:14:28 - getOutlet.php - POST data: {"tgl":"2026-05-16","encrypt":"ccd1ed58b6dfc857aa9aaffafcf73b7e","id_apl":"APL01","key":"Rs jakarta"}
2026-05-16 10:14:28 - getOutlet.php - Params - tgl: 2026-05-16, encrypt: ccd1ed58b6dfc857aa9aaffafcf73b7e, id_apl: APL01, key: Rs jakarta
2026-05-16 10:14:28 - getOutlet.php - Aplikasi ditemukan: Ya
2026-05-16 10:14:28 - getOutlet.php - Key aplikasi: YbcJSFjkds...
2026-05-16 10:14:28 - getOutlet.php - Expected encrypt: ccd1ed58b6dfc857aa9aaffafcf73b7e
2026-05-16 10:14:28 - getOutlet.php - Received encrypt: ccd1ed58b6dfc857aa9aaffafcf73b7e
2026-05-16 10:14:28 - getOutlet.php - Authentication berhasil
2026-05-16 10:14:28 - getOutlet.php - Query: SELECT id_out, nama_out, '' AS alamat_out, ofcode_out
            FROM outlet 
            WHERE status_out IN ('Active', '1', 'active')
            AND (nama_out LIKE :key OR ofcode_out LIKE :key)
            ORDER BY nama_out ASC
            LIMIT 20
2026-05-16 10:14:28 - getOutlet.php - Query berhasil, mengembalikan 2 record
2026-05-16 10:14:28 - getOutlet.php - === END REQUEST ===
2026-05-16 03:14:30 - getOutlet.php - === REQUEST GETOUTLET ===
2026-05-16 03:14:30 - getOutlet.php - Method: POST
2026-05-16 03:14:30 - getOutlet.php - POST data: {"tgl":"2026-05-16","encrypt":"ccd1ed58b6dfc857aa9aaffafcf73b7e","id_apl":"APL01","key":"RS JAKARTA"}
2026-05-16 10:14:30 - getOutlet.php - Params - tgl: 2026-05-16, encrypt: ccd1ed58b6dfc857aa9aaffafcf73b7e, id_apl: APL01, key: RS JAKARTA
2026-05-16 10:14:30 - getOutlet.php - Aplikasi ditemukan: Ya
2026-05-16 10:14:30 - getOutlet.php - Key aplikasi: YbcJSFjkds...
2026-05-16 10:14:30 - getOutlet.php - Expected encrypt: ccd1ed58b6dfc857aa9aaffafcf73b7e
2026-05-16 10:14:30 - getOutlet.php - Received encrypt: ccd1ed58b6dfc857aa9aaffafcf73b7e
2026-05-16 10:14:30 - getOutlet.php - Authentication berhasil
2026-05-16 10:14:30 - getOutlet.php - Query: SELECT id_out, nama_out, '' AS alamat_out, ofcode_out
            FROM outlet 
            WHERE status_out IN ('Active', '1', 'active')
            AND (nama_out LIKE :key OR ofcode_out LIKE :key)
            ORDER BY nama_out ASC
            LIMIT 20
2026-05-16 10:14:30 - getOutlet.php - Query berhasil, mengembalikan 2 record
2026-05-16 10:14:30 - getOutlet.php - === END REQUEST ===
2026-05-16 03:15:24 - getOutlet.php - === REQUEST GETOUTLET ===
2026-05-16 03:15:24 - getOutlet.php - Method: POST
2026-05-16 03:15:24 - getOutlet.php - POST data: {"tgl":"2026-05-16","encrypt":"ccd1ed58b6dfc857aa9aaffafcf73b7e","id_apl":"APL01","key":"Ap"}
2026-05-16 10:15:24 - getOutlet.php - Params - tgl: 2026-05-16, encrypt: ccd1ed58b6dfc857aa9aaffafcf73b7e, id_apl: APL01, key: Ap
2026-05-16 10:15:24 - getOutlet.php - Aplikasi ditemukan: Ya
2026-05-16 10:15:24 - getOutlet.php - Key aplikasi: YbcJSFjkds...
2026-05-16 10:15:24 - getOutlet.php - Expected encrypt: ccd1ed58b6dfc857aa9aaffafcf73b7e
2026-05-16 10:15:24 - getOutlet.php - Received encrypt: ccd1ed58b6dfc857aa9aaffafcf73b7e
2026-05-16 10:15:24 - getOutlet.php - Authentication berhasil
2026-05-16 10:15:24 - getOutlet.php - Query: SELECT id_out, nama_out, '' AS alamat_out, ofcode_out
            FROM outlet 
            WHERE status_out IN ('Active', '1', 'active')
            AND (nama_out LIKE :key OR ofcode_out LIKE :key)
            ORDER BY nama_out ASC
            LIMIT 20
2026-05-16 10:15:24 - getOutlet.php - Query berhasil, mengembalikan 20 record
2026-05-16 10:15:24 - getOutlet.php - === END REQUEST ===
2026-05-16 03:15:24 - getOutlet.php - === REQUEST GETOUTLET ===
2026-05-16 03:15:24 - getOutlet.php - Method: POST
2026-05-16 03:15:24 - getOutlet.php - POST data: {"tgl":"2026-05-16","encrypt":"ccd1ed58b6dfc857aa9aaffafcf73b7e","id_apl":"APL01","key":"Apo"}
2026-05-16 10:15:24 - getOutlet.php - Params - tgl: 2026-05-16, encrypt: ccd1ed58b6dfc857aa9aaffafcf73b7e, id_apl: APL01, key: Apo
2026-05-16 10:15:24 - getOutlet.php - Aplikasi ditemukan: Ya
2026-05-16 10:15:24 - getOutlet.php - Key aplikasi: YbcJSFjkds...
2026-05-16 10:15:24 - getOutlet.php - Expected encrypt: ccd1ed58b6dfc857aa9aaffafcf73b7e
2026-05-16 10:15:24 - getOutlet.php - Received encrypt: ccd1ed58b6dfc857aa9aaffafcf73b7e
2026-05-16 10:15:24 - getOutlet.php - Authentication berhasil
2026-05-16 10:15:24 - getOutlet.php - Query: SELECT id_out, nama_out, '' AS alamat_out, ofcode_out
            FROM outlet 
            WHERE status_out IN ('Active', '1', 'active')
            AND (nama_out LIKE :key OR ofcode_out LIKE :key)
            ORDER BY nama_out ASC
            LIMIT 20
2026-05-16 10:15:24 - getOutlet.php - Query berhasil, mengembalikan 20 record
2026-05-16 10:15:24 - getOutlet.php - === END REQUEST ===
2026-05-16 03:15:25 - getOutlet.php - === REQUEST GETOUTLET ===
2026-05-16 03:15:25 - getOutlet.php - Method: POST
2026-05-16 03:15:25 - getOutlet.php - POST data: {"tgl":"2026-05-16","encrypt":"ccd1ed58b6dfc857aa9aaffafcf73b7e","id_apl":"APL01","key":"Apotek"}
2026-05-16 10:15:25 - getOutlet.php - Params - tgl: 2026-05-16, encrypt: ccd1ed58b6dfc857aa9aaffafcf73b7e, id_apl: APL01, key: Apotek
2026-05-16 10:15:25 - getOutlet.php - Aplikasi ditemukan: Ya
2026-05-16 10:15:25 - getOutlet.php - Key aplikasi: YbcJSFjkds...
2026-05-16 10:15:25 - getOutlet.php - Expected encrypt: ccd1ed58b6dfc857aa9aaffafcf73b7e
2026-05-16 10:15:25 - getOutlet.php - Received encrypt: ccd1ed58b6dfc857aa9aaffafcf73b7e
2026-05-16 10:15:25 - getOutlet.php - Authentication berhasil
2026-05-16 10:15:25 - getOutlet.php - Query: SELECT id_out, nama_out, '' AS alamat_out, ofcode_out
            FROM outlet 
            WHERE status_out IN ('Active', '1', 'active')
            AND (nama_out LIKE :key OR ofcode_out LIKE :key)
            ORDER BY nama_out ASC
            LIMIT 20
2026-05-16 10:15:25 - getOutlet.php - Query berhasil, mengembalikan 20 record
2026-05-16 10:15:25 - getOutlet.php - === END REQUEST ===
2026-05-16 03:15:25 - getOutlet.php - === REQUEST GETOUTLET ===
2026-05-16 03:15:25 - getOutlet.php - Method: POST
2026-05-16 03:15:25 - getOutlet.php - POST data: {"tgl":"2026-05-16","encrypt":"ccd1ed58b6dfc857aa9aaffafcf73b7e","id_apl":"APL01","key":"Apotek k"}
2026-05-16 10:15:25 - getOutlet.php - Params - tgl: 2026-05-16, encrypt: ccd1ed58b6dfc857aa9aaffafcf73b7e, id_apl: APL01, key: Apotek k
2026-05-16 10:15:25 - getOutlet.php - Aplikasi ditemukan: Ya
2026-05-16 10:15:25 - getOutlet.php - Key aplikasi: YbcJSFjkds...
2026-05-16 10:15:25 - getOutlet.php - Expected encrypt: ccd1ed58b6dfc857aa9aaffafcf73b7e
2026-05-16 10:15:25 - getOutlet.php - Received encrypt: ccd1ed58b6dfc857aa9aaffafcf73b7e
2026-05-16 10:15:25 - getOutlet.php - Authentication berhasil
2026-05-16 10:15:25 - getOutlet.php - Query: SELECT id_out, nama_out, '' AS alamat_out, ofcode_out
            FROM outlet 
            WHERE status_out IN ('Active', '1', 'active')
            AND (nama_out LIKE :key OR ofcode_out LIKE :key)
            ORDER BY nama_out ASC
            LIMIT 20
2026-05-16 10:15:25 - getOutlet.php - Query berhasil, mengembalikan 20 record
2026-05-16 10:15:25 - getOutlet.php - === END REQUEST ===
2026-05-16 03:15:25 - getOutlet.php - === REQUEST GETOUTLET ===
2026-05-16 03:15:25 - getOutlet.php - Method: POST
2026-05-16 03:15:25 - getOutlet.php - POST data: {"tgl":"2026-05-16","encrypt":"ccd1ed58b6dfc857aa9aaffafcf73b7e","id_apl":"APL01","key":"Apotek ka"}
2026-05-16 10:15:25 - getOutlet.php - Params - tgl: 2026-05-16, encrypt: ccd1ed58b6dfc857aa9aaffafcf73b7e, id_apl: APL01, key: Apotek ka
2026-05-16 10:15:25 - getOutlet.php - Aplikasi ditemukan: Ya
2026-05-16 10:15:25 - getOutlet.php - Key aplikasi: YbcJSFjkds...
2026-05-16 10:15:25 - getOutlet.php - Expected encrypt: ccd1ed58b6dfc857aa9aaffafcf73b7e
2026-05-16 10:15:25 - getOutlet.php - Received encrypt: ccd1ed58b6dfc857aa9aaffafcf73b7e
2026-05-16 10:15:25 - getOutlet.php - Authentication berhasil
2026-05-16 10:15:25 - getOutlet.php - Query: SELECT id_out, nama_out, '' AS alamat_out, ofcode_out
            FROM outlet 
            WHERE status_out IN ('Active', '1', 'active')
            AND (nama_out LIKE :key OR ofcode_out LIKE :key)
            ORDER BY nama_out ASC
            LIMIT 20
2026-05-16 10:15:25 - getOutlet.php - Query berhasil, mengembalikan 11 record
2026-05-16 10:15:25 - getOutlet.php - === END REQUEST ===
2026-05-16 03:15:25 - getOutlet.php - === REQUEST GETOUTLET ===
2026-05-16 03:15:25 - getOutlet.php - Method: POST
2026-05-16 03:15:25 - getOutlet.php - POST data: {"tgl":"2026-05-16","encrypt":"ccd1ed58b6dfc857aa9aaffafcf73b7e","id_apl":"APL01","key":"Apotek kat"}
2026-05-16 10:15:25 - getOutlet.php - Params - tgl: 2026-05-16, encrypt: ccd1ed58b6dfc857aa9aaffafcf73b7e, id_apl: APL01, key: Apotek kat
2026-05-16 10:15:25 - getOutlet.php - Aplikasi ditemukan: Ya
2026-05-16 10:15:25 - getOutlet.php - Key aplikasi: YbcJSFjkds...
2026-05-16 10:15:25 - getOutlet.php - Expected encrypt: ccd1ed58b6dfc857aa9aaffafcf73b7e
2026-05-16 10:15:25 - getOutlet.php - Received encrypt: ccd1ed58b6dfc857aa9aaffafcf73b7e
2026-05-16 10:15:25 - getOutlet.php - Authentication berhasil
2026-05-16 10:15:25 - getOutlet.php - Query: SELECT id_out, nama_out, '' AS alamat_out, ofcode_out
            FROM outlet 
            WHERE status_out IN ('Active', '1', 'active')
            AND (nama_out LIKE :key OR ofcode_out LIKE :key)
            ORDER BY nama_out ASC
            LIMIT 20
2026-05-16 10:15:25 - getOutlet.php - Query berhasil, mengembalikan 1 record
2026-05-16 10:15:25 - getOutlet.php - === END REQUEST ===
2026-05-16 03:15:27 - getOutlet.php - === REQUEST GETOUTLET ===
2026-05-16 03:15:27 - getOutlet.php - Method: POST
2026-05-16 03:15:27 - getOutlet.php - POST data: {"tgl":"2026-05-16","encrypt":"ccd1ed58b6dfc857aa9aaffafcf73b7e","id_apl":"APL01","key":"Apotek Katrina"}
2026-05-16 10:15:27 - getOutlet.php - Params - tgl: 2026-05-16, encrypt: ccd1ed58b6dfc857aa9aaffafcf73b7e, id_apl: APL01, key: Apotek Katrina
2026-05-16 10:15:27 - getOutlet.php - Aplikasi ditemukan: Ya
2026-05-16 10:15:27 - getOutlet.php - Key aplikasi: YbcJSFjkds...
2026-05-16 10:15:27 - getOutlet.php - Expected encrypt: ccd1ed58b6dfc857aa9aaffafcf73b7e
2026-05-16 10:15:27 - getOutlet.php - Received encrypt: ccd1ed58b6dfc857aa9aaffafcf73b7e
2026-05-16 10:15:27 - getOutlet.php - Authentication berhasil
2026-05-16 10:15:27 - getOutlet.php - Query: SELECT id_out, nama_out, '' AS alamat_out, ofcode_out
            FROM outlet 
            WHERE status_out IN ('Active', '1', 'active')
            AND (nama_out LIKE :key OR ofcode_out LIKE :key)
            ORDER BY nama_out ASC
            LIMIT 20
2026-05-16 10:15:27 - getOutlet.php - Query berhasil, mengembalikan 1 record
2026-05-16 10:15:27 - getOutlet.php - === END REQUEST ===
2026-05-16 03:15:36 - getOutlet.php - === REQUEST GETOUTLET ===
2026-05-16 03:15:36 - getOutlet.php - Method: POST
2026-05-16 03:15:36 - getOutlet.php - POST data: {"tgl":"2026-05-16","encrypt":"ccd1ed58b6dfc857aa9aaffafcf73b7e","id_apl":"APL01","key":"Mi"}
2026-05-16 10:15:36 - getOutlet.php - Params - tgl: 2026-05-16, encrypt: ccd1ed58b6dfc857aa9aaffafcf73b7e, id_apl: APL01, key: Mi
2026-05-16 10:15:36 - getOutlet.php - Aplikasi ditemukan: Ya
2026-05-16 10:15:36 - getOutlet.php - Key aplikasi: YbcJSFjkds...
2026-05-16 10:15:36 - getOutlet.php - Expected encrypt: ccd1ed58b6dfc857aa9aaffafcf73b7e
2026-05-16 10:15:36 - getOutlet.php - Received encrypt: ccd1ed58b6dfc857aa9aaffafcf73b7e
2026-05-16 10:15:36 - getOutlet.php - Authentication berhasil
2026-05-16 10:15:36 - getOutlet.php - Query: SELECT id_out, nama_out, '' AS alamat_out, ofcode_out
            FROM outlet 
            WHERE status_out IN ('Active', '1', 'active')
            AND (nama_out LIKE :key OR ofcode_out LIKE :key)
            ORDER BY nama_out ASC
            LIMIT 20
2026-05-16 10:15:36 - getOutlet.php - Query berhasil, mengembalikan 20 record
2026-05-16 10:15:36 - getOutlet.php - === END REQUEST ===
2026-05-16 03:15:36 - getOutlet.php - === REQUEST GETOUTLET ===
2026-05-16 03:15:36 - getOutlet.php - Method: POST
2026-05-16 03:15:36 - getOutlet.php - POST data: {"tgl":"2026-05-16","encrypt":"ccd1ed58b6dfc857aa9aaffafcf73b7e","id_apl":"APL01","key":"Mit"}
2026-05-16 10:15:36 - getOutlet.php - Params - tgl: 2026-05-16, encrypt: ccd1ed58b6dfc857aa9aaffafcf73b7e, id_apl: APL01, key: Mit
2026-05-16 10:15:36 - getOutlet.php - Aplikasi ditemukan: Ya
2026-05-16 10:15:36 - getOutlet.php - Key aplikasi: YbcJSFjkds...
2026-05-16 10:15:36 - getOutlet.php - Expected encrypt: ccd1ed58b6dfc857aa9aaffafcf73b7e
2026-05-16 10:15:36 - getOutlet.php - Received encrypt: ccd1ed58b6dfc857aa9aaffafcf73b7e
2026-05-16 10:15:36 - getOutlet.php - Authentication berhasil
2026-05-16 10:15:36 - getOutlet.php - Query: SELECT id_out, nama_out, '' AS alamat_out, ofcode_out
            FROM outlet 
            WHERE status_out IN ('Active', '1', 'active')
            AND (nama_out LIKE :key OR ofcode_out LIKE :key)
            ORDER BY nama_out ASC
            LIMIT 20
2026-05-16 10:15:36 - getOutlet.php - Query berhasil, mengembalikan 20 record
2026-05-16 10:15:36 - getOutlet.php - === END REQUEST ===
2026-05-16 03:15:37 - getOutlet.php - === REQUEST GETOUTLET ===
2026-05-16 03:15:37 - getOutlet.php - Method: POST
2026-05-16 03:15:37 - getOutlet.php - POST data: {"tgl":"2026-05-16","encrypt":"ccd1ed58b6dfc857aa9aaffafcf73b7e","id_apl":"APL01","key":"Mitr"}
2026-05-16 10:15:37 - getOutlet.php - Params - tgl: 2026-05-16, encrypt: ccd1ed58b6dfc857aa9aaffafcf73b7e, id_apl: APL01, key: Mitr
2026-05-16 10:15:37 - getOutlet.php - Aplikasi ditemukan: Ya
2026-05-16 10:15:37 - getOutlet.php - Key aplikasi: YbcJSFjkds...
2026-05-16 10:15:37 - getOutlet.php - Expected encrypt: ccd1ed58b6dfc857aa9aaffafcf73b7e
2026-05-16 10:15:37 - getOutlet.php - Received encrypt: ccd1ed58b6dfc857aa9aaffafcf73b7e
2026-05-16 10:15:37 - getOutlet.php - Authentication berhasil
2026-05-16 10:15:37 - getOutlet.php - Query: SELECT id_out, nama_out, '' AS alamat_out, ofcode_out
            FROM outlet 
            WHERE status_out IN ('Active', '1', 'active')
            AND (nama_out LIKE :key OR ofcode_out LIKE :key)
            ORDER BY nama_out ASC
            LIMIT 20
2026-05-16 10:15:37 - getOutlet.php - Query berhasil, mengembalikan 20 record
2026-05-16 10:15:37 - getOutlet.php - === END REQUEST ===
2026-05-16 03:15:37 - getOutlet.php - === REQUEST GETOUTLET ===
2026-05-16 03:15:37 - getOutlet.php - Method: POST
2026-05-16 03:15:37 - getOutlet.php - POST data: {"tgl":"2026-05-16","encrypt":"ccd1ed58b6dfc857aa9aaffafcf73b7e","id_apl":"APL01","key":"Mitra"}
2026-05-16 10:15:37 - getOutlet.php - Params - tgl: 2026-05-16, encrypt: ccd1ed58b6dfc857aa9aaffafcf73b7e, id_apl: APL01, key: Mitra
2026-05-16 10:15:37 - getOutlet.php - Aplikasi ditemukan: Ya
2026-05-16 10:15:37 - getOutlet.php - Key aplikasi: YbcJSFjkds...
2026-05-16 10:15:37 - getOutlet.php - Expected encrypt: ccd1ed58b6dfc857aa9aaffafcf73b7e
2026-05-16 10:15:37 - getOutlet.php - Received encrypt: ccd1ed58b6dfc857aa9aaffafcf73b7e
2026-05-16 10:15:37 - getOutlet.php - Authentication berhasil
2026-05-16 10:15:37 - getOutlet.php - Query: SELECT id_out, nama_out, '' AS alamat_out, ofcode_out
            FROM outlet 
            WHERE status_out IN ('Active', '1', 'active')
            AND (nama_out LIKE :key OR ofcode_out LIKE :key)
            ORDER BY nama_out ASC
            LIMIT 20
2026-05-16 10:15:37 - getOutlet.php - Query berhasil, mengembalikan 20 record
2026-05-16 10:15:37 - getOutlet.php - === END REQUEST ===
2026-05-16 03:15:37 - getOutlet.php - === REQUEST GETOUTLET ===
2026-05-16 03:15:37 - getOutlet.php - Method: POST
2026-05-16 03:15:37 - getOutlet.php - POST data: {"tgl":"2026-05-16","encrypt":"ccd1ed58b6dfc857aa9aaffafcf73b7e","id_apl":"APL01","key":"Mitra keluarga"}
2026-05-16 10:15:37 - getOutlet.php - Params - tgl: 2026-05-16, encrypt: ccd1ed58b6dfc857aa9aaffafcf73b7e, id_apl: APL01, key: Mitra keluarga
2026-05-16 10:15:37 - getOutlet.php - Aplikasi ditemukan: Ya
2026-05-16 10:15:37 - getOutlet.php - Key aplikasi: YbcJSFjkds...
2026-05-16 10:15:37 - getOutlet.php - Expected encrypt: ccd1ed58b6dfc857aa9aaffafcf73b7e
2026-05-16 10:15:37 - getOutlet.php - Received encrypt: ccd1ed58b6dfc857aa9aaffafcf73b7e
2026-05-16 10:15:37 - getOutlet.php - Authentication berhasil
2026-05-16 10:15:37 - getOutlet.php - Query: SELECT id_out, nama_out, '' AS alamat_out, ofcode_out
            FROM outlet 
            WHERE status_out IN ('Active', '1', 'active')
            AND (nama_out LIKE :key OR ofcode_out LIKE :key)
            ORDER BY nama_out ASC
            LIMIT 20
2026-05-16 10:15:37 - getOutlet.php - Query berhasil, mengembalikan 16 record
2026-05-16 10:15:37 - getOutlet.php - === END REQUEST ===
2026-05-16 03:15:38 - getOutlet.php - === REQUEST GETOUTLET ===
2026-05-16 03:15:38 - getOutlet.php - Method: POST
2026-05-16 03:15:38 - getOutlet.php - POST data: {"tgl":"2026-05-16","encrypt":"ccd1ed58b6dfc857aa9aaffafcf73b7e","id_apl":"APL01","key":"Mitra keluarga ka"}
2026-05-16 10:15:38 - getOutlet.php - Params - tgl: 2026-05-16, encrypt: ccd1ed58b6dfc857aa9aaffafcf73b7e, id_apl: APL01, key: Mitra keluarga ka
2026-05-16 10:15:38 - getOutlet.php - Aplikasi ditemukan: Ya
2026-05-16 10:15:38 - getOutlet.php - Key aplikasi: YbcJSFjkds...
2026-05-16 10:15:38 - getOutlet.php - Expected encrypt: ccd1ed58b6dfc857aa9aaffafcf73b7e
2026-05-16 10:15:38 - getOutlet.php - Received encrypt: ccd1ed58b6dfc857aa9aaffafcf73b7e
2026-05-16 10:15:38 - getOutlet.php - Authentication berhasil
2026-05-16 10:15:38 - getOutlet.php - Query: SELECT id_out, nama_out, '' AS alamat_out, ofcode_out
            FROM outlet 
            WHERE status_out IN ('Active', '1', 'active')
            AND (nama_out LIKE :key OR ofcode_out LIKE :key)
            ORDER BY nama_out ASC
            LIMIT 20
2026-05-16 10:15:38 - getOutlet.php - Query berhasil, mengembalikan 1 record
2026-05-16 10:15:38 - getOutlet.php - === END REQUEST ===
2026-05-16 03:15:39 - getOutlet.php - === REQUEST GETOUTLET ===
2026-05-16 03:15:39 - getOutlet.php - Method: POST
2026-05-16 03:15:39 - getOutlet.php - POST data: {"tgl":"2026-05-16","encrypt":"ccd1ed58b6dfc857aa9aaffafcf73b7e","id_apl":"APL01","key":"Mitra keluarga ka"}
2026-05-16 10:15:39 - getOutlet.php - Params - tgl: 2026-05-16, encrypt: ccd1ed58b6dfc857aa9aaffafcf73b7e, id_apl: APL01, key: Mitra keluarga ka
2026-05-16 10:15:39 - getOutlet.php - Aplikasi ditemukan: Ya
2026-05-16 10:15:39 - getOutlet.php - Key aplikasi: YbcJSFjkds...
2026-05-16 10:15:39 - getOutlet.php - Expected encrypt: ccd1ed58b6dfc857aa9aaffafcf73b7e
2026-05-16 10:15:39 - getOutlet.php - Received encrypt: ccd1ed58b6dfc857aa9aaffafcf73b7e
2026-05-16 10:15:39 - getOutlet.php - Authentication berhasil
2026-05-16 10:15:39 - getOutlet.php - Query: SELECT id_out, nama_out, '' AS alamat_out, ofcode_out
            FROM outlet 
            WHERE status_out IN ('Active', '1', 'active')
            AND (nama_out LIKE :key OR ofcode_out LIKE :key)
            ORDER BY nama_out ASC
            LIMIT 20
2026-05-16 10:15:39 - getOutlet.php - Query berhasil, mengembalikan 1 record
2026-05-16 10:15:39 - getOutlet.php - === END REQUEST ===
2026-05-16 03:15:40 - getOutlet.php - === REQUEST GETOUTLET ===
2026-05-16 03:15:40 - getOutlet.php - Method: POST
2026-05-16 03:15:40 - getOutlet.php - POST data: {"tgl":"2026-05-16","encrypt":"ccd1ed58b6dfc857aa9aaffafcf73b7e","id_apl":"APL01","key":"RS Mitra Keluarga Kalideres"}
2026-05-16 10:15:40 - getOutlet.php - Params - tgl: 2026-05-16, encrypt: ccd1ed58b6dfc857aa9aaffafcf73b7e, id_apl: APL01, key: RS Mitra Keluarga Kalideres
2026-05-16 10:15:40 - getOutlet.php - Aplikasi ditemukan: Ya
2026-05-16 10:15:40 - getOutlet.php - Key aplikasi: YbcJSFjkds...
2026-05-16 10:15:40 - getOutlet.php - Expected encrypt: ccd1ed58b6dfc857aa9aaffafcf73b7e
2026-05-16 10:15:40 - getOutlet.php - Received encrypt: ccd1ed58b6dfc857aa9aaffafcf73b7e
2026-05-16 10:15:40 - getOutlet.php - Authentication berhasil
2026-05-16 10:15:40 - getOutlet.php - Query: SELECT id_out, nama_out, '' AS alamat_out, ofcode_out
            FROM outlet 
            WHERE status_out IN ('Active', '1', 'active')
            AND (nama_out LIKE :key OR ofcode_out LIKE :key)
            ORDER BY nama_out ASC
            LIMIT 20
2026-05-16 10:15:40 - getOutlet.php - Query berhasil, mengembalikan 1 record
2026-05-16 10:15:40 - getOutlet.php - === END REQUEST ===
2026-05-16 03:15:50 - getOutlet.php - === REQUEST GETOUTLET ===
2026-05-16 03:15:50 - getOutlet.php - Method: POST
2026-05-16 03:15:50 - getOutlet.php - POST data: {"tgl":"2026-05-16","encrypt":"ccd1ed58b6dfc857aa9aaffafcf73b7e","id_apl":"APL01","key":"RS Mitra Keluarga Kalider"}
2026-05-16 10:15:50 - getOutlet.php - Params - tgl: 2026-05-16, encrypt: ccd1ed58b6dfc857aa9aaffafcf73b7e, id_apl: APL01, key: RS Mitra Keluarga Kalider
2026-05-16 03:15:50 - getOutlet.php - === REQUEST GETOUTLET ===
2026-05-16 03:15:50 - getOutlet.php - Method: POST
2026-05-16 03:15:50 - getOutlet.php - POST data: {"tgl":"2026-05-16","encrypt":"ccd1ed58b6dfc857aa9aaffafcf73b7e","id_apl":"APL01","key":"RS Mitra Keluarga Kalidere"}
2026-05-16 10:15:50 - getOutlet.php - Params - tgl: 2026-05-16, encrypt: ccd1ed58b6dfc857aa9aaffafcf73b7e, id_apl: APL01, key: RS Mitra Keluarga Kalidere
2026-05-16 10:15:53 - getOutlet.php - Aplikasi ditemukan: Ya
2026-05-16 10:15:53 - getOutlet.php - Aplikasi ditemukan: Ya
2026-05-16 10:15:53 - getOutlet.php - Key aplikasi: YbcJSFjkds...
2026-05-16 10:15:53 - getOutlet.php - Expected encrypt: ccd1ed58b6dfc857aa9aaffafcf73b7e
2026-05-16 10:15:53 - getOutlet.php - Key aplikasi: YbcJSFjkds...
2026-05-16 10:15:53 - getOutlet.php - Received encrypt: ccd1ed58b6dfc857aa9aaffafcf73b7e
2026-05-16 10:15:53 - getOutlet.php - Expected encrypt: ccd1ed58b6dfc857aa9aaffafcf73b7e
2026-05-16 10:15:53 - getOutlet.php - Authentication berhasil
2026-05-16 10:15:53 - getOutlet.php - Received encrypt: ccd1ed58b6dfc857aa9aaffafcf73b7e
2026-05-16 10:15:53 - getOutlet.php - Authentication berhasil
2026-05-16 10:15:53 - getOutlet.php - Query: SELECT id_out, nama_out, '' AS alamat_out, ofcode_out
            FROM outlet 
            WHERE status_out IN ('Active', '1', 'active')
            AND (nama_out LIKE :key OR ofcode_out LIKE :key)
            ORDER BY nama_out ASC
            LIMIT 20
2026-05-16 10:15:53 - getOutlet.php - Query: SELECT id_out, nama_out, '' AS alamat_out, ofcode_out
            FROM outlet 
            WHERE status_out IN ('Active', '1', 'active')
            AND (nama_out LIKE :key OR ofcode_out LIKE :key)
            ORDER BY nama_out ASC
            LIMIT 20
2026-05-16 10:15:53 - getOutlet.php - Query berhasil, mengembalikan 1 record
2026-05-16 10:15:53 - getOutlet.php - Query berhasil, mengembalikan 1 record
2026-05-16 10:15:53 - getOutlet.php - === END REQUEST ===
2026-05-16 10:15:53 - getOutlet.php - === END REQUEST ===
2026-05-16 03:15:54 - getOutlet.php - === REQUEST GETOUTLET ===
2026-05-16 03:15:54 - getOutlet.php - Method: POST
2026-05-16 03:15:54 - getOutlet.php - POST data: {"tgl":"2026-05-16","encrypt":"ccd1ed58b6dfc857aa9aaffafcf73b7e","id_apl":"APL01","key":"RS Mi"}
2026-05-16 10:15:54 - getOutlet.php - Params - tgl: 2026-05-16, encrypt: ccd1ed58b6dfc857aa9aaffafcf73b7e, id_apl: APL01, key: RS Mi
2026-05-16 10:15:54 - getOutlet.php - Aplikasi ditemukan: Ya
2026-05-16 10:15:54 - getOutlet.php - Key aplikasi: YbcJSFjkds...
2026-05-16 10:15:54 - getOutlet.php - Expected encrypt: ccd1ed58b6dfc857aa9aaffafcf73b7e
2026-05-16 10:15:54 - getOutlet.php - Received encrypt: ccd1ed58b6dfc857aa9aaffafcf73b7e
2026-05-16 10:15:54 - getOutlet.php - Authentication berhasil
2026-05-16 10:15:54 - getOutlet.php - Query: SELECT id_out, nama_out, '' AS alamat_out, ofcode_out
            FROM outlet 
            WHERE status_out IN ('Active', '1', 'active')
            AND (nama_out LIKE :key OR ofcode_out LIKE :key)
            ORDER BY nama_out ASC
            LIMIT 20
2026-05-16 10:15:54 - getOutlet.php - Query berhasil, mengembalikan 17 record
2026-05-16 10:15:54 - getOutlet.php - === END REQUEST ===
2026-05-16 03:15:54 - getOutlet.php - === REQUEST GETOUTLET ===
2026-05-16 03:15:54 - getOutlet.php - Method: POST
2026-05-16 03:15:54 - getOutlet.php - POST data: {"tgl":"2026-05-16","encrypt":"ccd1ed58b6dfc857aa9aaffafcf73b7e","id_apl":"APL01","key":"RS Mitra Keluarga Kalide"}
2026-05-16 10:15:54 - getOutlet.php - Params - tgl: 2026-05-16, encrypt: ccd1ed58b6dfc857aa9aaffafcf73b7e, id_apl: APL01, key: RS Mitra Keluarga Kalide
2026-05-16 10:15:54 - getOutlet.php - Aplikasi ditemukan: Ya
2026-05-16 10:15:54 - getOutlet.php - Key aplikasi: YbcJSFjkds...
2026-05-16 10:15:54 - getOutlet.php - Expected encrypt: ccd1ed58b6dfc857aa9aaffafcf73b7e
2026-05-16 10:15:54 - getOutlet.php - Received encrypt: ccd1ed58b6dfc857aa9aaffafcf73b7e
2026-05-16 10:15:54 - getOutlet.php - Authentication berhasil
2026-05-16 10:15:54 - getOutlet.php - Query: SELECT id_out, nama_out, '' AS alamat_out, ofcode_out
            FROM outlet 
            WHERE status_out IN ('Active', '1', 'active')
            AND (nama_out LIKE :key OR ofcode_out LIKE :key)
            ORDER BY nama_out ASC
            LIMIT 20
2026-05-16 10:15:54 - getOutlet.php - Query berhasil, mengembalikan 1 record
2026-05-16 10:15:54 - getOutlet.php - === END REQUEST ===
2026-05-16 03:15:54 - getOutlet.php - === REQUEST GETOUTLET ===
2026-05-16 03:15:54 - getOutlet.php - Method: POST
2026-05-16 03:15:54 - getOutlet.php - POST data: {"tgl":"2026-05-16","encrypt":"ccd1ed58b6dfc857aa9aaffafcf73b7e","id_apl":"APL01","key":"RS M"}
2026-05-16 10:15:54 - getOutlet.php - Params - tgl: 2026-05-16, encrypt: ccd1ed58b6dfc857aa9aaffafcf73b7e, id_apl: APL01, key: RS M
2026-05-16 10:15:54 - getOutlet.php - Aplikasi ditemukan: Ya
2026-05-16 10:15:54 - getOutlet.php - Key aplikasi: YbcJSFjkds...
2026-05-16 10:15:54 - getOutlet.php - Expected encrypt: ccd1ed58b6dfc857aa9aaffafcf73b7e
2026-05-16 10:15:54 - getOutlet.php - Received encrypt: ccd1ed58b6dfc857aa9aaffafcf73b7e
2026-05-16 10:15:54 - getOutlet.php - Authentication berhasil
2026-05-16 10:15:54 - getOutlet.php - Query: SELECT id_out, nama_out, '' AS alamat_out, ofcode_out
            FROM outlet 
            WHERE status_out IN ('Active', '1', 'active')
            AND (nama_out LIKE :key OR ofcode_out LIKE :key)
            ORDER BY nama_out ASC
            LIMIT 20
2026-05-16 10:15:54 - getOutlet.php - Query berhasil, mengembalikan 20 record
2026-05-16 10:15:54 - getOutlet.php - === END REQUEST ===
2026-05-16 03:15:54 - getOutlet.php - === REQUEST GETOUTLET ===
2026-05-16 03:15:54 - getOutlet.php - Method: POST
2026-05-16 03:15:54 - getOutlet.php - POST data: {"tgl":"2026-05-16","encrypt":"ccd1ed58b6dfc857aa9aaffafcf73b7e","id_apl":"APL01","key":"RS Mitra Keluarg"}
2026-05-16 10:15:54 - getOutlet.php - Params - tgl: 2026-05-16, encrypt: ccd1ed58b6dfc857aa9aaffafcf73b7e, id_apl: APL01, key: RS Mitra Keluarg
2026-05-16 10:15:54 - getOutlet.php - Aplikasi ditemukan: Ya
2026-05-16 03:15:54 - getOutlet.php - === REQUEST GETOUTLET ===
2026-05-16 03:15:54 - getOutlet.php - Method: POST
2026-05-16 03:15:54 - getOutlet.php - POST data: {"tgl":"2026-05-16","encrypt":"ccd1ed58b6dfc857aa9aaffafcf73b7e","id_apl":"APL01","key":"Ap seh"}
2026-05-16 10:15:54 - getOutlet.php - Params - tgl: 2026-05-16, encrypt: ccd1ed58b6dfc857aa9aaffafcf73b7e, id_apl: APL01, key: Ap seh
2026-05-16 10:15:54 - getOutlet.php - Key aplikasi: YbcJSFjkds...
2026-05-16 10:15:54 - getOutlet.php - Expected encrypt: ccd1ed58b6dfc857aa9aaffafcf73b7e
2026-05-16 10:15:54 - getOutlet.php - Received encrypt: ccd1ed58b6dfc857aa9aaffafcf73b7e
2026-05-16 10:15:54 - getOutlet.php - Authentication berhasil
2026-05-16 03:15:54 - getOutlet.php - === REQUEST GETOUTLET ===
2026-05-16 03:15:54 - getOutlet.php - Method: POST
2026-05-16 03:15:54 - getOutlet.php - POST data: {"tgl":"2026-05-16","encrypt":"ccd1ed58b6dfc857aa9aaffafcf73b7e","id_apl":"APL01","key":"RS Mitra"}
2026-05-16 10:15:54 - getOutlet.php - Params - tgl: 2026-05-16, encrypt: ccd1ed58b6dfc857aa9aaffafcf73b7e, id_apl: APL01, key: RS Mitra
2026-05-16 10:15:54 - getOutlet.php - Aplikasi ditemukan: Ya
2026-05-16 10:15:54 - getOutlet.php - Key aplikasi: YbcJSFjkds...
2026-05-16 10:15:54 - getOutlet.php - Expected encrypt: ccd1ed58b6dfc857aa9aaffafcf73b7e
2026-05-16 03:15:54 - getOutlet.php - === REQUEST GETOUTLET ===
2026-05-16 10:15:54 - getOutlet.php - Received encrypt: ccd1ed58b6dfc857aa9aaffafcf73b7e
2026-05-16 10:15:54 - getOutlet.php - Authentication berhasil
2026-05-16 03:15:54 - getOutlet.php - Method: POST
2026-05-16 03:15:54 - getOutlet.php - POST data: {"tgl":"2026-05-16","encrypt":"ccd1ed58b6dfc857aa9aaffafcf73b7e","id_apl":"APL01","key":"Ap"}
2026-05-16 10:15:54 - getOutlet.php - Params - tgl: 2026-05-16, encrypt: ccd1ed58b6dfc857aa9aaffafcf73b7e, id_apl: APL01, key: Ap
2026-05-16 10:15:54 - getOutlet.php - Aplikasi ditemukan: Ya
2026-05-16 10:15:54 - getOutlet.php - Key aplikasi: YbcJSFjkds...
2026-05-16 10:15:54 - getOutlet.php - Expected encrypt: ccd1ed58b6dfc857aa9aaffafcf73b7e
2026-05-16 10:15:54 - getOutlet.php - Received encrypt: ccd1ed58b6dfc857aa9aaffafcf73b7e
2026-05-16 10:15:54 - getOutlet.php - Authentication berhasil
2026-05-16 10:15:54 - getOutlet.php - Aplikasi ditemukan: Ya
2026-05-16 10:15:54 - getOutlet.php - Key aplikasi: YbcJSFjkds...
2026-05-16 10:15:54 - getOutlet.php - Expected encrypt: ccd1ed58b6dfc857aa9aaffafcf73b7e
2026-05-16 10:15:54 - getOutlet.php - Received encrypt: ccd1ed58b6dfc857aa9aaffafcf73b7e
2026-05-16 10:15:54 - getOutlet.php - Authentication berhasil
2026-05-16 10:15:54 - getOutlet.php - Query: SELECT id_out, nama_out, '' AS alamat_out, ofcode_out
            FROM outlet 
            WHERE status_out IN ('Active', '1', 'active')
            AND (nama_out LIKE :key OR ofcode_out LIKE :key)
            ORDER BY nama_out ASC
            LIMIT 20
2026-05-16 10:15:54 - getOutlet.php - Query: SELECT id_out, nama_out, '' AS alamat_out, ofcode_out
            FROM outlet 
            WHERE status_out IN ('Active', '1', 'active')
            AND (nama_out LIKE :key OR ofcode_out LIKE :key)
            ORDER BY nama_out ASC
            LIMIT 20
2026-05-16 10:15:54 - getOutlet.php - Query: SELECT id_out, nama_out, '' AS alamat_out, ofcode_out
            FROM outlet 
            WHERE status_out IN ('Active', '1', 'active')
            AND (nama_out LIKE :key OR ofcode_out LIKE :key)
            ORDER BY nama_out ASC
            LIMIT 20
2026-05-16 10:15:54 - getOutlet.php - Query: SELECT id_out, nama_out, '' AS alamat_out, ofcode_out
            FROM outlet 
            WHERE status_out IN ('Active', '1', 'active')
            AND (nama_out LIKE :key OR ofcode_out LIKE :key)
            ORDER BY nama_out ASC
            LIMIT 20
2026-05-16 10:15:54 - getOutlet.php - Query berhasil, mengembalikan 20 record
2026-05-16 10:15:54 - getOutlet.php - === END REQUEST ===
2026-05-16 10:15:54 - getOutlet.php - Query berhasil, mengembalikan 16 record
2026-05-16 10:15:54 - getOutlet.php - === END REQUEST ===
2026-05-16 10:15:54 - getOutlet.php - Query berhasil, mengembalikan 1 record
2026-05-16 10:15:54 - getOutlet.php - === END REQUEST ===
2026-05-16 10:15:54 - getOutlet.php - Query berhasil, mengembalikan 17 record
2026-05-16 10:15:54 - getOutlet.php - === END REQUEST ===
2026-05-16 03:15:54 - getOutlet.php - === REQUEST GETOUTLET ===
2026-05-16 03:15:54 - getOutlet.php - Method: POST
2026-05-16 03:15:54 - getOutlet.php - POST data: {"tgl":"2026-05-16","encrypt":"ccd1ed58b6dfc857aa9aaffafcf73b7e","id_apl":"APL01","key":"RS Mitra Kel"}
2026-05-16 10:15:54 - getOutlet.php - Params - tgl: 2026-05-16, encrypt: ccd1ed58b6dfc857aa9aaffafcf73b7e, id_apl: APL01, key: RS Mitra Kel
2026-05-16 10:15:54 - getOutlet.php - Aplikasi ditemukan: Ya
2026-05-16 10:15:54 - getOutlet.php - Key aplikasi: YbcJSFjkds...
2026-05-16 10:15:54 - getOutlet.php - Expected encrypt: ccd1ed58b6dfc857aa9aaffafcf73b7e
2026-05-16 10:15:54 - getOutlet.php - Received encrypt: ccd1ed58b6dfc857aa9aaffafcf73b7e
2026-05-16 10:15:54 - getOutlet.php - Authentication berhasil
2026-05-16 10:15:54 - getOutlet.php - Query: SELECT id_out, nama_out, '' AS alamat_out, ofcode_out
            FROM outlet 
            WHERE status_out IN ('Active', '1', 'active')
            AND (nama_out LIKE :key OR ofcode_out LIKE :key)
            ORDER BY nama_out ASC
            LIMIT 20
2026-05-16 10:15:54 - getOutlet.php - Query berhasil, mengembalikan 16 record
2026-05-16 10:15:54 - getOutlet.php - === END REQUEST ===
2026-05-16 03:15:54 - getOutlet.php - === REQUEST GETOUTLET ===
2026-05-16 03:15:54 - getOutlet.php - Method: POST
2026-05-16 03:15:54 - getOutlet.php - POST data: {"tgl":"2026-05-16","encrypt":"ccd1ed58b6dfc857aa9aaffafcf73b7e","id_apl":"APL01","key":"RS Mitra Keluarga"}
2026-05-16 10:15:54 - getOutlet.php - Params - tgl: 2026-05-16, encrypt: ccd1ed58b6dfc857aa9aaffafcf73b7e, id_apl: APL01, key: RS Mitra Keluarga
2026-05-16 10:15:54 - getOutlet.php - Aplikasi ditemukan: Ya
2026-05-16 10:15:54 - getOutlet.php - Key aplikasi: YbcJSFjkds...
2026-05-16 10:15:54 - getOutlet.php - Expected encrypt: ccd1ed58b6dfc857aa9aaffafcf73b7e
2026-05-16 10:15:54 - getOutlet.php - Received encrypt: ccd1ed58b6dfc857aa9aaffafcf73b7e
2026-05-16 10:15:54 - getOutlet.php - Authentication berhasil
2026-05-16 03:15:54 - getOutlet.php - === REQUEST GETOUTLET ===
2026-05-16 03:15:54 - getOutlet.php - Method: POST
2026-05-16 03:15:54 - getOutlet.php - POST data: {"tgl":"2026-05-16","encrypt":"ccd1ed58b6dfc857aa9aaffafcf73b7e","id_apl":"APL01","key":"Ap s"}
2026-05-16 10:15:54 - getOutlet.php - Query: SELECT id_out, nama_out, '' AS alamat_out, ofcode_out
            FROM outlet 
            WHERE status_out IN ('Active', '1', 'active')
            AND (nama_out LIKE :key OR ofcode_out LIKE :key)
            ORDER BY nama_out ASC
            LIMIT 20
2026-05-16 10:15:54 - getOutlet.php - Params - tgl: 2026-05-16, encrypt: ccd1ed58b6dfc857aa9aaffafcf73b7e, id_apl: APL01, key: Ap s
2026-05-16 10:15:54 - getOutlet.php - Query berhasil, mengembalikan 16 record
2026-05-16 10:15:54 - getOutlet.php - === END REQUEST ===
2026-05-16 10:15:54 - getOutlet.php - Aplikasi ditemukan: Ya
2026-05-16 10:15:54 - getOutlet.php - Key aplikasi: YbcJSFjkds...
2026-05-16 10:15:54 - getOutlet.php - Expected encrypt: ccd1ed58b6dfc857aa9aaffafcf73b7e
2026-05-16 10:15:54 - getOutlet.php - Received encrypt: ccd1ed58b6dfc857aa9aaffafcf73b7e
2026-05-16 10:15:54 - getOutlet.php - Authentication berhasil
2026-05-16 10:15:54 - getOutlet.php - Query: SELECT id_out, nama_out, '' AS alamat_out, ofcode_out
            FROM outlet 
            WHERE status_out IN ('Active', '1', 'active')
            AND (nama_out LIKE :key OR ofcode_out LIKE :key)
            ORDER BY nama_out ASC
            LIMIT 20
2026-05-16 10:15:54 - getOutlet.php - Query berhasil, mengembalikan 2 record
2026-05-16 10:15:54 - getOutlet.php - === END REQUEST ===
2026-05-16 03:15:54 - getOutlet.php - === REQUEST GETOUTLET ===
2026-05-16 03:15:54 - getOutlet.php - Method: POST
2026-05-16 03:15:54 - getOutlet.php - POST data: {"tgl":"2026-05-16","encrypt":"ccd1ed58b6dfc857aa9aaffafcf73b7e","id_apl":"APL01","key":"Ap se"}
2026-05-16 03:15:54 - getOutlet.php - === REQUEST GETOUTLET ===
2026-05-16 03:15:54 - getOutlet.php - Method: POST
2026-05-16 10:15:54 - getOutlet.php - Params - tgl: 2026-05-16, encrypt: ccd1ed58b6dfc857aa9aaffafcf73b7e, id_apl: APL01, key: Ap se
2026-05-16 03:15:54 - getOutlet.php - POST data: {"tgl":"2026-05-16","encrypt":"ccd1ed58b6dfc857aa9aaffafcf73b7e","id_apl":"APL01","key":"RS Mitra Keluarga Kal"}
2026-05-16 10:15:54 - getOutlet.php - Aplikasi ditemukan: Ya
2026-05-16 10:15:54 - getOutlet.php - Key aplikasi: YbcJSFjkds...
2026-05-16 10:15:54 - getOutlet.php - Params - tgl: 2026-05-16, encrypt: ccd1ed58b6dfc857aa9aaffafcf73b7e, id_apl: APL01, key: RS Mitra Keluarga Kal
2026-05-16 10:15:54 - getOutlet.php - Expected encrypt: ccd1ed58b6dfc857aa9aaffafcf73b7e
2026-05-16 10:15:54 - getOutlet.php - Received encrypt: ccd1ed58b6dfc857aa9aaffafcf73b7e
2026-05-16 10:15:54 - getOutlet.php - Authentication berhasil
2026-05-16 10:15:54 - getOutlet.php - Aplikasi ditemukan: Ya
2026-05-16 10:15:54 - getOutlet.php - Key aplikasi: YbcJSFjkds...
2026-05-16 10:15:54 - getOutlet.php - Expected encrypt: ccd1ed58b6dfc857aa9aaffafcf73b7e
2026-05-16 10:15:54 - getOutlet.php - Received encrypt: ccd1ed58b6dfc857aa9aaffafcf73b7e
2026-05-16 10:15:54 - getOutlet.php - Authentication berhasil
2026-05-16 10:15:54 - getOutlet.php - Query: SELECT id_out, nama_out, '' AS alamat_out, ofcode_out
            FROM outlet 
            WHERE status_out IN ('Active', '1', 'active')
            AND (nama_out LIKE :key OR ofcode_out LIKE :key)
            ORDER BY nama_out ASC
            LIMIT 20
2026-05-16 10:15:54 - getOutlet.php - Query: SELECT id_out, nama_out, '' AS alamat_out, ofcode_out
            FROM outlet 
            WHERE status_out IN ('Active', '1', 'active')
            AND (nama_out LIKE :key OR ofcode_out LIKE :key)
            ORDER BY nama_out ASC
            LIMIT 20
2026-05-16 03:15:54 - getOutlet.php - === REQUEST GETOUTLET ===
2026-05-16 03:15:54 - getOutlet.php - Method: POST
2026-05-16 03:15:54 - getOutlet.php - POST data: {"tgl":"2026-05-16","encrypt":"ccd1ed58b6dfc857aa9aaffafcf73b7e","id_apl":"APL01","key":"RS Mitra Keluarga Ka"}
2026-05-16 10:15:54 - getOutlet.php - Query berhasil, mengembalikan 1 record
2026-05-16 10:15:54 - getOutlet.php - === END REQUEST ===
2026-05-16 10:15:54 - getOutlet.php - Query berhasil, mengembalikan 1 record
2026-05-16 10:15:54 - getOutlet.php - === END REQUEST ===
2026-05-16 10:15:54 - getOutlet.php - Params - tgl: 2026-05-16, encrypt: ccd1ed58b6dfc857aa9aaffafcf73b7e, id_apl: APL01, key: RS Mitra Keluarga Ka
2026-05-16 03:15:54 - getOutlet.php - === REQUEST GETOUTLET ===
2026-05-16 03:15:54 - getOutlet.php - === REQUEST GETOUTLET ===
2026-05-16 03:15:54 - getOutlet.php - Method: POST
2026-05-16 03:15:54 - getOutlet.php - Method: POST
2026-05-16 03:15:54 - getOutlet.php - POST data: {"tgl":"2026-05-16","encrypt":"ccd1ed58b6dfc857aa9aaffafcf73b7e","id_apl":"APL01","key":"RS Mitra K"}
2026-05-16 03:15:54 - getOutlet.php - POST data: {"tgl":"2026-05-16","encrypt":"ccd1ed58b6dfc857aa9aaffafcf73b7e","id_apl":"APL01","key":"RS Mitra Kelua"}
2026-05-16 10:15:54 - getOutlet.php - Params - tgl: 2026-05-16, encrypt: ccd1ed58b6dfc857aa9aaffafcf73b7e, id_apl: APL01, key: RS Mitra K
2026-05-16 10:15:54 - getOutlet.php - Params - tgl: 2026-05-16, encrypt: ccd1ed58b6dfc857aa9aaffafcf73b7e, id_apl: APL01, key: RS Mitra Kelua
2026-05-16 10:15:54 - getOutlet.php - Aplikasi ditemukan: Ya
2026-05-16 10:15:54 - getOutlet.php - Key aplikasi: YbcJSFjkds...
2026-05-16 10:15:54 - getOutlet.php - Expected encrypt: ccd1ed58b6dfc857aa9aaffafcf73b7e
2026-05-16 10:15:54 - getOutlet.php - Received encrypt: ccd1ed58b6dfc857aa9aaffafcf73b7e
2026-05-16 10:15:54 - getOutlet.php - Authentication berhasil
2026-05-16 10:15:54 - getOutlet.php - Aplikasi ditemukan: Ya
2026-05-16 10:15:54 - getOutlet.php - Key aplikasi: YbcJSFjkds...
2026-05-16 10:15:54 - getOutlet.php - Expected encrypt: ccd1ed58b6dfc857aa9aaffafcf73b7e
2026-05-16 10:15:54 - getOutlet.php - Received encrypt: ccd1ed58b6dfc857aa9aaffafcf73b7e
2026-05-16 10:15:54 - getOutlet.php - Authentication berhasil
2026-05-16 10:15:54 - getOutlet.php - Aplikasi ditemukan: Ya
2026-05-16 10:15:54 - getOutlet.php - Key aplikasi: YbcJSFjkds...
2026-05-16 10:15:54 - getOutlet.php - Expected encrypt: ccd1ed58b6dfc857aa9aaffafcf73b7e
2026-05-16 10:15:54 - getOutlet.php - Received encrypt: ccd1ed58b6dfc857aa9aaffafcf73b7e
2026-05-16 10:15:54 - getOutlet.php - Authentication berhasil
2026-05-16 10:15:54 - getOutlet.php - Query: SELECT id_out, nama_out, '' AS alamat_out, ofcode_out
            FROM outlet 
            WHERE status_out IN ('Active', '1', 'active')
            AND (nama_out LIKE :key OR ofcode_out LIKE :key)
            ORDER BY nama_out ASC
            LIMIT 20
2026-05-16 10:15:54 - getOutlet.php - Query: SELECT id_out, nama_out, '' AS alamat_out, ofcode_out
            FROM outlet 
            WHERE status_out IN ('Active', '1', 'active')
            AND (nama_out LIKE :key OR ofcode_out LIKE :key)
            ORDER BY nama_out ASC
            LIMIT 20
2026-05-16 10:15:54 - getOutlet.php - Query: SELECT id_out, nama_out, '' AS alamat_out, ofcode_out
            FROM outlet 
            WHERE status_out IN ('Active', '1', 'active')
            AND (nama_out LIKE :key OR ofcode_out LIKE :key)
            ORDER BY nama_out ASC
            LIMIT 20
2026-05-16 10:15:54 - getOutlet.php - Query berhasil, mengembalikan 1 record
2026-05-16 10:15:54 - getOutlet.php - === END REQUEST ===
2026-05-16 10:15:54 - getOutlet.php - Query berhasil, mengembalikan 16 record
2026-05-16 10:15:54 - getOutlet.php - === END REQUEST ===
2026-05-16 10:15:54 - getOutlet.php - Query berhasil, mengembalikan 16 record
2026-05-16 10:15:54 - getOutlet.php - === END REQUEST ===
2026-05-16 03:15:54 - getOutlet.php - === REQUEST GETOUTLET ===
2026-05-16 03:15:54 - getOutlet.php - Method: POST
2026-05-16 03:15:54 - getOutlet.php - POST data: {"tgl":"2026-05-16","encrypt":"ccd1ed58b6dfc857aa9aaffafcf73b7e","id_apl":"APL01","key":"Ap"}
2026-05-16 10:15:54 - getOutlet.php - Params - tgl: 2026-05-16, encrypt: ccd1ed58b6dfc857aa9aaffafcf73b7e, id_apl: APL01, key: Ap
2026-05-16 10:15:54 - getOutlet.php - Aplikasi ditemukan: Ya
2026-05-16 10:15:54 - getOutlet.php - Key aplikasi: YbcJSFjkds...
2026-05-16 10:15:54 - getOutlet.php - Expected encrypt: ccd1ed58b6dfc857aa9aaffafcf73b7e
2026-05-16 10:15:54 - getOutlet.php - Received encrypt: ccd1ed58b6dfc857aa9aaffafcf73b7e
2026-05-16 10:15:54 - getOutlet.php - Authentication berhasil
2026-05-16 03:15:54 - getOutlet.php - === REQUEST GETOUTLET ===
2026-05-16 03:15:54 - getOutlet.php - Method: POST
2026-05-16 10:15:54 - getOutlet.php - Query: SELECT id_out, nama_out, '' AS alamat_out, ofcode_out
            FROM outlet 
            WHERE status_out IN ('Active', '1', 'active')
            AND (nama_out LIKE :key OR ofcode_out LIKE :key)
            ORDER BY nama_out ASC
            LIMIT 20
2026-05-16 03:15:54 - getOutlet.php - === REQUEST GETOUTLET ===
2026-05-16 03:15:54 - getOutlet.php - POST data: {"tgl":"2026-05-16","encrypt":"ccd1ed58b6dfc857aa9aaffafcf73b7e","id_apl":"APL01","key":"RS Mitra Keluar"}
2026-05-16 03:15:54 - getOutlet.php - Method: POST
2026-05-16 10:15:54 - getOutlet.php - Params - tgl: 2026-05-16, encrypt: ccd1ed58b6dfc857aa9aaffafcf73b7e, id_apl: APL01, key: RS Mitra Keluar
2026-05-16 03:15:54 - getOutlet.php - POST data: {"tgl":"2026-05-16","encrypt":"ccd1ed58b6dfc857aa9aaffafcf73b7e","id_apl":"APL01","key":"RS Mitra Keluarga Kali"}
2026-05-16 10:15:54 - getOutlet.php - Params - tgl: 2026-05-16, encrypt: ccd1ed58b6dfc857aa9aaffafcf73b7e, id_apl: APL01, key: RS Mitra Keluarga Kali
2026-05-16 10:15:54 - getOutlet.php - Query berhasil, mengembalikan 20 record
2026-05-16 10:15:54 - getOutlet.php - === END REQUEST ===
2026-05-16 10:15:54 - getOutlet.php - Aplikasi ditemukan: Ya
2026-05-16 10:15:54 - getOutlet.php - Key aplikasi: YbcJSFjkds...
2026-05-16 10:15:54 - getOutlet.php - Expected encrypt: ccd1ed58b6dfc857aa9aaffafcf73b7e
2026-05-16 10:15:54 - getOutlet.php - Aplikasi ditemukan: Ya
2026-05-16 10:15:54 - getOutlet.php - Received encrypt: ccd1ed58b6dfc857aa9aaffafcf73b7e
2026-05-16 10:15:54 - getOutlet.php - Authentication berhasil
2026-05-16 10:15:54 - getOutlet.php - Key aplikasi: YbcJSFjkds...
2026-05-16 10:15:54 - getOutlet.php - Expected encrypt: ccd1ed58b6dfc857aa9aaffafcf73b7e
2026-05-16 10:15:54 - getOutlet.php - Received encrypt: ccd1ed58b6dfc857aa9aaffafcf73b7e
2026-05-16 10:15:54 - getOutlet.php - Authentication berhasil
2026-05-16 10:15:54 - getOutlet.php - Query: SELECT id_out, nama_out, '' AS alamat_out, ofcode_out
            FROM outlet 
            WHERE status_out IN ('Active', '1', 'active')
            AND (nama_out LIKE :key OR ofcode_out LIKE :key)
            ORDER BY nama_out ASC
            LIMIT 20
2026-05-16 03:15:54 - getOutlet.php - === REQUEST GETOUTLET ===
2026-05-16 03:15:54 - getOutlet.php - Method: POST
2026-05-16 10:15:54 - getOutlet.php - Query: SELECT id_out, nama_out, '' AS alamat_out, ofcode_out
            FROM outlet 
            WHERE status_out IN ('Active', '1', 'active')
            AND (nama_out LIKE :key OR ofcode_out LIKE :key)
            ORDER BY nama_out ASC
            LIMIT 20
2026-05-16 03:15:54 - getOutlet.php - POST data: {"tgl":"2026-05-16","encrypt":"ccd1ed58b6dfc857aa9aaffafcf73b7e","id_apl":"APL01","key":"RS Mitra Ke"}
2026-05-16 10:15:54 - getOutlet.php - Params - tgl: 2026-05-16, encrypt: ccd1ed58b6dfc857aa9aaffafcf73b7e, id_apl: APL01, key: RS Mitra Ke
2026-05-16 10:15:54 - getOutlet.php - Aplikasi ditemukan: Ya
2026-05-16 10:15:54 - getOutlet.php - Key aplikasi: YbcJSFjkds...
2026-05-16 10:15:54 - getOutlet.php - Expected encrypt: ccd1ed58b6dfc857aa9aaffafcf73b7e
2026-05-16 10:15:54 - getOutlet.php - Received encrypt: ccd1ed58b6dfc857aa9aaffafcf73b7e
2026-05-16 10:15:54 - getOutlet.php - Authentication berhasil
2026-05-16 10:15:54 - getOutlet.php - Query berhasil, mengembalikan 16 record
2026-05-16 10:15:54 - getOutlet.php - === END REQUEST ===
2026-05-16 10:15:54 - getOutlet.php - Query berhasil, mengembalikan 1 record
2026-05-16 10:15:54 - getOutlet.php - === END REQUEST ===
2026-05-16 10:15:54 - getOutlet.php - Query: SELECT id_out, nama_out, '' AS alamat_out, ofcode_out
            FROM outlet 
            WHERE status_out IN ('Active', '1', 'active')
            AND (nama_out LIKE :key OR ofcode_out LIKE :key)
            ORDER BY nama_out ASC
            LIMIT 20
2026-05-16 10:15:54 - getOutlet.php - Query berhasil, mengembalikan 16 record
2026-05-16 10:15:54 - getOutlet.php - === END REQUEST ===
2026-05-16 03:15:54 - getOutlet.php - === REQUEST GETOUTLET ===
2026-05-16 03:15:54 - getOutlet.php - Method: POST
2026-05-16 03:15:54 - getOutlet.php - POST data: {"tgl":"2026-05-16","encrypt":"ccd1ed58b6dfc857aa9aaffafcf73b7e","id_apl":"APL01","key":"RS Mitra Keluarga"}
2026-05-16 03:15:54 - getOutlet.php - === REQUEST GETOUTLET ===
2026-05-16 03:15:54 - getOutlet.php - === REQUEST GETOUTLET ===
2026-05-16 03:15:54 - getOutlet.php - === REQUEST GETOUTLET ===
2026-05-16 10:15:54 - getOutlet.php - Params - tgl: 2026-05-16, encrypt: ccd1ed58b6dfc857aa9aaffafcf73b7e, id_apl: APL01, key: RS Mitra Keluarga
2026-05-16 03:15:54 - getOutlet.php - Method: POST
2026-05-16 03:15:54 - getOutlet.php - Method: POST
2026-05-16 03:15:54 - getOutlet.php - Method: POST
2026-05-16 03:15:54 - getOutlet.php - POST data: {"tgl":"2026-05-16","encrypt":"ccd1ed58b6dfc857aa9aaffafcf73b7e","id_apl":"APL01","key":"RS Mitra Kelu"}
2026-05-16 03:15:54 - getOutlet.php - POST data: {"tgl":"2026-05-16","encrypt":"ccd1ed58b6dfc857aa9aaffafcf73b7e","id_apl":"APL01","key":"RS Mit"}
2026-05-16 03:15:54 - getOutlet.php - POST data: {"tgl":"2026-05-16","encrypt":"ccd1ed58b6dfc857aa9aaffafcf73b7e","id_apl":"APL01","key":"RS Mitr"}
2026-05-16 10:15:54 - getOutlet.php - Params - tgl: 2026-05-16, encrypt: ccd1ed58b6dfc857aa9aaffafcf73b7e, id_apl: APL01, key: RS Mitra Kelu
2026-05-16 10:15:54 - getOutlet.php - Params - tgl: 2026-05-16, encrypt: ccd1ed58b6dfc857aa9aaffafcf73b7e, id_apl: APL01, key: RS Mitr
2026-05-16 10:15:54 - getOutlet.php - Params - tgl: 2026-05-16, encrypt: ccd1ed58b6dfc857aa9aaffafcf73b7e, id_apl: APL01, key: RS Mit
2026-05-16 10:15:54 - getOutlet.php - Aplikasi ditemukan: Ya
2026-05-16 10:15:54 - getOutlet.php - Aplikasi ditemukan: Ya
2026-05-16 10:15:54 - getOutlet.php - Key aplikasi: YbcJSFjkds...
2026-05-16 10:15:54 - getOutlet.php - Key aplikasi: YbcJSFjkds...
2026-05-16 10:15:54 - getOutlet.php - Expected encrypt: ccd1ed58b6dfc857aa9aaffafcf73b7e
2026-05-16 10:15:54 - getOutlet.php - Received encrypt: ccd1ed58b6dfc857aa9aaffafcf73b7e
2026-05-16 10:15:54 - getOutlet.php - Authentication berhasil
2026-05-16 10:15:54 - getOutlet.php - Expected encrypt: ccd1ed58b6dfc857aa9aaffafcf73b7e
2026-05-16 03:15:54 - getOutlet.php - === REQUEST GETOUTLET ===
2026-05-16 10:15:54 - getOutlet.php - Received encrypt: ccd1ed58b6dfc857aa9aaffafcf73b7e
2026-05-16 03:15:54 - getOutlet.php - Method: POST
2026-05-16 10:15:54 - getOutlet.php - Authentication berhasil
2026-05-16 03:15:54 - getOutlet.php - POST data: {"tgl":"2026-05-16","encrypt":"ccd1ed58b6dfc857aa9aaffafcf73b7e","id_apl":"APL01","key":"RS Mitra"}
2026-05-16 10:15:54 - getOutlet.php - Params - tgl: 2026-05-16, encrypt: ccd1ed58b6dfc857aa9aaffafcf73b7e, id_apl: APL01, key: RS Mitra
2026-05-16 10:15:54 - getOutlet.php - Aplikasi ditemukan: Ya
2026-05-16 10:15:54 - getOutlet.php - Key aplikasi: YbcJSFjkds...
2026-05-16 10:15:54 - getOutlet.php - Expected encrypt: ccd1ed58b6dfc857aa9aaffafcf73b7e
2026-05-16 10:15:54 - getOutlet.php - Received encrypt: ccd1ed58b6dfc857aa9aaffafcf73b7e
2026-05-16 10:15:54 - getOutlet.php - Query: SELECT id_out, nama_out, '' AS alamat_out, ofcode_out
            FROM outlet 
            WHERE status_out IN ('Active', '1', 'active')
            AND (nama_out LIKE :key OR ofcode_out LIKE :key)
            ORDER BY nama_out ASC
            LIMIT 20
2026-05-16 10:15:54 - getOutlet.php - Authentication berhasil
2026-05-16 10:15:54 - getOutlet.php - Query: SELECT id_out, nama_out, '' AS alamat_out, ofcode_out
            FROM outlet 
            WHERE status_out IN ('Active', '1', 'active')
            AND (nama_out LIKE :key OR ofcode_out LIKE :key)
            ORDER BY nama_out ASC
            LIMIT 20
2026-05-16 10:15:54 - getOutlet.php - Query: SELECT id_out, nama_out, '' AS alamat_out, ofcode_out
            FROM outlet 
            WHERE status_out IN ('Active', '1', 'active')
            AND (nama_out LIKE :key OR ofcode_out LIKE :key)
            ORDER BY nama_out ASC
            LIMIT 20
2026-05-16 10:15:54 - getOutlet.php - Aplikasi ditemukan: Ya
2026-05-16 10:15:54 - getOutlet.php - Key aplikasi: YbcJSFjkds...
2026-05-16 10:15:54 - getOutlet.php - Query berhasil, mengembalikan 16 record
2026-05-16 10:15:54 - getOutlet.php - Expected encrypt: ccd1ed58b6dfc857aa9aaffafcf73b7e
2026-05-16 10:15:54 - getOutlet.php - Received encrypt: ccd1ed58b6dfc857aa9aaffafcf73b7e
2026-05-16 10:15:54 - getOutlet.php - === END REQUEST ===
2026-05-16 10:15:54 - getOutlet.php - Authentication berhasil
2026-05-16 03:15:54 - getOutlet.php - === REQUEST GETOUTLET ===
2026-05-16 03:15:54 - getOutlet.php - Method: POST
2026-05-16 10:15:54 - getOutlet.php - Query berhasil, mengembalikan 17 record
2026-05-16 03:15:54 - getOutlet.php - POST data: {"tgl":"2026-05-16","encrypt":"ccd1ed58b6dfc857aa9aaffafcf73b7e","id_apl":"APL01","key":"RS"}
2026-05-16 10:15:54 - getOutlet.php - === END REQUEST ===
2026-05-16 10:15:54 - getOutlet.php - Params - tgl: 2026-05-16, encrypt: ccd1ed58b6dfc857aa9aaffafcf73b7e, id_apl: APL01, key: RS
2026-05-16 10:15:54 - getOutlet.php - Aplikasi ditemukan: Ya
2026-05-16 10:15:54 - getOutlet.php - Key aplikasi: YbcJSFjkds...
2026-05-16 10:15:54 - getOutlet.php - Expected encrypt: ccd1ed58b6dfc857aa9aaffafcf73b7e
2026-05-16 10:15:54 - getOutlet.php - Aplikasi ditemukan: Ya
2026-05-16 10:15:54 - getOutlet.php - Key aplikasi: YbcJSFjkds...
2026-05-16 10:15:54 - getOutlet.php - Query: SELECT id_out, nama_out, '' AS alamat_out, ofcode_out
            FROM outlet 
            WHERE status_out IN ('Active', '1', 'active')
            AND (nama_out LIKE :key OR ofcode_out LIKE :key)
            ORDER BY nama_out ASC
            LIMIT 20
2026-05-16 10:15:54 - getOutlet.php - Expected encrypt: ccd1ed58b6dfc857aa9aaffafcf73b7e
2026-05-16 10:15:54 - getOutlet.php - Query berhasil, mengembalikan 16 record
2026-05-16 10:15:54 - getOutlet.php - Received encrypt: ccd1ed58b6dfc857aa9aaffafcf73b7e
2026-05-16 10:15:54 - getOutlet.php - === END REQUEST ===
2026-05-16 10:15:54 - getOutlet.php - Authentication berhasil
2026-05-16 10:15:54 - getOutlet.php - Received encrypt: ccd1ed58b6dfc857aa9aaffafcf73b7e
2026-05-16 03:15:54 - getOutlet.php - === REQUEST GETOUTLET ===
2026-05-16 10:15:54 - getOutlet.php - Authentication berhasil
2026-05-16 03:15:54 - getOutlet.php - Method: POST
2026-05-16 03:15:54 - getOutlet.php - POST data: {"tgl":"2026-05-16","encrypt":"ccd1ed58b6dfc857aa9aaffafcf73b7e","id_apl":"APL01","key":"RS Mitra Keluarga Kalid"}
2026-05-16 10:15:54 - getOutlet.php - Params - tgl: 2026-05-16, encrypt: ccd1ed58b6dfc857aa9aaffafcf73b7e, id_apl: APL01, key: RS Mitra Keluarga Kalid
2026-05-16 10:15:54 - getOutlet.php - Aplikasi ditemukan: Ya
2026-05-16 10:15:54 - getOutlet.php - Key aplikasi: YbcJSFjkds...
2026-05-16 10:15:54 - getOutlet.php - Expected encrypt: ccd1ed58b6dfc857aa9aaffafcf73b7e
2026-05-16 10:15:54 - getOutlet.php - Received encrypt: ccd1ed58b6dfc857aa9aaffafcf73b7e
2026-05-16 10:15:54 - getOutlet.php - Authentication berhasil
2026-05-16 10:15:54 - getOutlet.php - Query: SELECT id_out, nama_out, '' AS alamat_out, ofcode_out
            FROM outlet 
            WHERE status_out IN ('Active', '1', 'active')
            AND (nama_out LIKE :key OR ofcode_out LIKE :key)
            ORDER BY nama_out ASC
            LIMIT 20
2026-05-16 10:15:54 - getOutlet.php - Query berhasil, mengembalikan 17 record
2026-05-16 10:15:54 - getOutlet.php - === END REQUEST ===
2026-05-16 10:15:54 - getOutlet.php - Query berhasil, mengembalikan 20 record
2026-05-16 10:15:54 - getOutlet.php - === END REQUEST ===
2026-05-16 10:15:54 - getOutlet.php - Query: SELECT id_out, nama_out, '' AS alamat_out, ofcode_out
            FROM outlet 
            WHERE status_out IN ('Active', '1', 'active')
            AND (nama_out LIKE :key OR ofcode_out LIKE :key)
            ORDER BY nama_out ASC
            LIMIT 20
2026-05-16 10:15:54 - getOutlet.php - Query: SELECT id_out, nama_out, '' AS alamat_out, ofcode_out
            FROM outlet 
            WHERE status_out IN ('Active', '1', 'active')
            AND (nama_out LIKE :key OR ofcode_out LIKE :key)
            ORDER BY nama_out ASC
            LIMIT 20
2026-05-16 10:15:54 - getOutlet.php - Query berhasil, mengembalikan 17 record
2026-05-16 10:15:54 - getOutlet.php - === END REQUEST ===
2026-05-16 10:15:54 - getOutlet.php - Query berhasil, mengembalikan 1 record
2026-05-16 10:15:54 - getOutlet.php - === END REQUEST ===
2026-05-16 03:15:54 - getOutlet.php - === REQUEST GETOUTLET ===
2026-05-16 03:15:54 - getOutlet.php - Method: POST
2026-05-16 03:15:54 - getOutlet.php - POST data: {"tgl":"2026-05-16","encrypt":"ccd1ed58b6dfc857aa9aaffafcf73b7e","id_apl":"APL01","key":"RS"}
2026-05-16 10:15:54 - getOutlet.php - Params - tgl: 2026-05-16, encrypt: ccd1ed58b6dfc857aa9aaffafcf73b7e, id_apl: APL01, key: RS
2026-05-16 10:15:54 - getOutlet.php - Aplikasi ditemukan: Ya
2026-05-16 10:15:54 - getOutlet.php - Key aplikasi: YbcJSFjkds...
2026-05-16 10:15:54 - getOutlet.php - Expected encrypt: ccd1ed58b6dfc857aa9aaffafcf73b7e
2026-05-16 10:15:54 - getOutlet.php - Received encrypt: ccd1ed58b6dfc857aa9aaffafcf73b7e
2026-05-16 10:15:54 - getOutlet.php - Authentication berhasil
2026-05-16 10:15:54 - getOutlet.php - Query: SELECT id_out, nama_out, '' AS alamat_out, ofcode_out
            FROM outlet 
            WHERE status_out IN ('Active', '1', 'active')
            AND (nama_out LIKE :key OR ofcode_out LIKE :key)
            ORDER BY nama_out ASC
            LIMIT 20
2026-05-16 03:15:54 - getOutlet.php - === REQUEST GETOUTLET ===
2026-05-16 03:15:54 - getOutlet.php - Method: POST
2026-05-16 03:15:54 - getOutlet.php - POST data: {"tgl":"2026-05-16","encrypt":"ccd1ed58b6dfc857aa9aaffafcf73b7e","id_apl":"APL01","key":"RS Mitra Keluarga K"}
2026-05-16 10:15:54 - getOutlet.php - Params - tgl: 2026-05-16, encrypt: ccd1ed58b6dfc857aa9aaffafcf73b7e, id_apl: APL01, key: RS Mitra Keluarga K
2026-05-16 10:15:54 - getOutlet.php - Query berhasil, mengembalikan 20 record
2026-05-16 10:15:54 - getOutlet.php - === END REQUEST ===
2026-05-16 10:15:54 - getOutlet.php - Aplikasi ditemukan: Ya
2026-05-16 10:15:54 - getOutlet.php - Key aplikasi: YbcJSFjkds...
2026-05-16 10:15:54 - getOutlet.php - Expected encrypt: ccd1ed58b6dfc857aa9aaffafcf73b7e
2026-05-16 10:15:54 - getOutlet.php - Received encrypt: ccd1ed58b6dfc857aa9aaffafcf73b7e
2026-05-16 10:15:54 - getOutlet.php - Authentication berhasil
2026-05-16 10:15:54 - getOutlet.php - Query: SELECT id_out, nama_out, '' AS alamat_out, ofcode_out
            FROM outlet 
            WHERE status_out IN ('Active', '1', 'active')
            AND (nama_out LIKE :key OR ofcode_out LIKE :key)
            ORDER BY nama_out ASC
            LIMIT 20
2026-05-16 10:15:54 - getOutlet.php - Query berhasil, mengembalikan 3 record
2026-05-16 10:15:54 - getOutlet.php - === END REQUEST ===
2026-05-16 03:16:01 - getOutlet.php - === REQUEST GETOUTLET ===
2026-05-16 03:16:01 - getOutlet.php - Method: POST
2026-05-16 03:16:01 - getOutlet.php - POST data: {"tgl":"2026-05-16","encrypt":"ccd1ed58b6dfc857aa9aaffafcf73b7e","id_apl":"APL01","key":"Ap se"}
2026-05-16 10:16:01 - getOutlet.php - Params - tgl: 2026-05-16, encrypt: ccd1ed58b6dfc857aa9aaffafcf73b7e, id_apl: APL01, key: Ap se
2026-05-16 10:16:01 - getOutlet.php - Aplikasi ditemukan: Ya
2026-05-16 10:16:01 - getOutlet.php - Key aplikasi: YbcJSFjkds...
2026-05-16 10:16:01 - getOutlet.php - Expected encrypt: ccd1ed58b6dfc857aa9aaffafcf73b7e
2026-05-16 10:16:01 - getOutlet.php - Received encrypt: ccd1ed58b6dfc857aa9aaffafcf73b7e
2026-05-16 10:16:01 - getOutlet.php - Authentication berhasil
2026-05-16 10:16:01 - getOutlet.php - Query: SELECT id_out, nama_out, '' AS alamat_out, ofcode_out
            FROM outlet 
            WHERE status_out IN ('Active', '1', 'active')
            AND (nama_out LIKE :key OR ofcode_out LIKE :key)
            ORDER BY nama_out ASC
            LIMIT 20
2026-05-16 10:16:01 - getOutlet.php - Query berhasil, mengembalikan 1 record
2026-05-16 10:16:01 - getOutlet.php - === END REQUEST ===
2026-05-16 03:16:12 - getOutlet.php - === REQUEST GETOUTLET ===
2026-05-16 03:16:12 - getOutlet.php - Method: POST
2026-05-16 03:16:12 - getOutlet.php - POST data: {"tgl":"2026-05-16","encrypt":"ccd1ed58b6dfc857aa9aaffafcf73b7e","id_apl":"APL01","key":"AP SEHAT Q KOTA TANGERANG"}
2026-05-16 10:16:12 - getOutlet.php - Params - tgl: 2026-05-16, encrypt: ccd1ed58b6dfc857aa9aaffafcf73b7e, id_apl: APL01, key: AP SEHAT Q KOTA TANGERANG
2026-05-16 10:16:12 - getOutlet.php - Aplikasi ditemukan: Ya
2026-05-16 10:16:12 - getOutlet.php - Key aplikasi: YbcJSFjkds...
2026-05-16 10:16:12 - getOutlet.php - Expected encrypt: ccd1ed58b6dfc857aa9aaffafcf73b7e
2026-05-16 10:16:12 - getOutlet.php - Received encrypt: ccd1ed58b6dfc857aa9aaffafcf73b7e
2026-05-16 10:16:12 - getOutlet.php - Authentication berhasil
2026-05-16 10:16:12 - getOutlet.php - Query: SELECT id_out, nama_out, '' AS alamat_out, ofcode_out
            FROM outlet 
            WHERE status_out IN ('Active', '1', 'active')
            AND (nama_out LIKE :key OR ofcode_out LIKE :key)
            ORDER BY nama_out ASC
            LIMIT 20
2026-05-16 10:16:12 - getOutlet.php - Query berhasil, mengembalikan 1 record
2026-05-16 10:16:12 - getOutlet.php - === END REQUEST ===
2026-05-16 03:16:59 - getOutlet.php - === REQUEST GETOUTLET ===
2026-05-16 03:16:59 - getOutlet.php - Method: POST
2026-05-16 03:16:59 - getOutlet.php - POST data: {"tgl":"2026-05-16","encrypt":"ccd1ed58b6dfc857aa9aaffafcf73b7e","id_apl":"APL01","key":"Pt"}
2026-05-16 10:16:59 - getOutlet.php - Params - tgl: 2026-05-16, encrypt: ccd1ed58b6dfc857aa9aaffafcf73b7e, id_apl: APL01, key: Pt
2026-05-16 10:16:59 - getOutlet.php - Aplikasi ditemukan: Ya
2026-05-16 10:16:59 - getOutlet.php - Key aplikasi: YbcJSFjkds...
2026-05-16 10:16:59 - getOutlet.php - Expected encrypt: ccd1ed58b6dfc857aa9aaffafcf73b7e
2026-05-16 10:16:59 - getOutlet.php - Received encrypt: ccd1ed58b6dfc857aa9aaffafcf73b7e
2026-05-16 10:16:59 - getOutlet.php - Authentication berhasil
2026-05-16 10:16:59 - getOutlet.php - Query: SELECT id_out, nama_out, '' AS alamat_out, ofcode_out
            FROM outlet 
            WHERE status_out IN ('Active', '1', 'active')
            AND (nama_out LIKE :key OR ofcode_out LIKE :key)
            ORDER BY nama_out ASC
            LIMIT 20
2026-05-16 10:16:59 - getOutlet.php - Query berhasil, mengembalikan 20 record
2026-05-16 10:16:59 - getOutlet.php - === END REQUEST ===
2026-05-16 03:17:00 - getOutlet.php - === REQUEST GETOUTLET ===
2026-05-16 03:17:00 - getOutlet.php - Method: POST
2026-05-16 03:17:00 - getOutlet.php - POST data: {"tgl":"2026-05-16","encrypt":"ccd1ed58b6dfc857aa9aaffafcf73b7e","id_apl":"APL01","key":"PT"}
2026-05-16 10:17:00 - getOutlet.php - Params - tgl: 2026-05-16, encrypt: ccd1ed58b6dfc857aa9aaffafcf73b7e, id_apl: APL01, key: PT
2026-05-16 10:17:00 - getOutlet.php - Aplikasi ditemukan: Ya
2026-05-16 10:17:00 - getOutlet.php - Key aplikasi: YbcJSFjkds...
2026-05-16 10:17:00 - getOutlet.php - Expected encrypt: ccd1ed58b6dfc857aa9aaffafcf73b7e
2026-05-16 10:17:00 - getOutlet.php - Received encrypt: ccd1ed58b6dfc857aa9aaffafcf73b7e
2026-05-16 10:17:00 - getOutlet.php - Authentication berhasil
2026-05-16 10:17:00 - getOutlet.php - Query: SELECT id_out, nama_out, '' AS alamat_out, ofcode_out
            FROM outlet 
            WHERE status_out IN ('Active', '1', 'active')
            AND (nama_out LIKE :key OR ofcode_out LIKE :key)
            ORDER BY nama_out ASC
            LIMIT 20
2026-05-16 10:17:00 - getOutlet.php - Query berhasil, mengembalikan 20 record
2026-05-16 10:17:00 - getOutlet.php - === END REQUEST ===
2026-05-16 03:17:00 - getOutlet.php - === REQUEST GETOUTLET ===
2026-05-16 03:17:00 - getOutlet.php - Method: POST
2026-05-16 03:17:00 - getOutlet.php - POST data: {"tgl":"2026-05-16","encrypt":"ccd1ed58b6dfc857aa9aaffafcf73b7e","id_apl":"APL01","key":"Si"}
2026-05-16 10:17:00 - getOutlet.php - Params - tgl: 2026-05-16, encrypt: ccd1ed58b6dfc857aa9aaffafcf73b7e, id_apl: APL01, key: Si
2026-05-16 10:17:00 - getOutlet.php - Aplikasi ditemukan: Ya
2026-05-16 10:17:00 - getOutlet.php - Key aplikasi: YbcJSFjkds...
2026-05-16 10:17:00 - getOutlet.php - Expected encrypt: ccd1ed58b6dfc857aa9aaffafcf73b7e
2026-05-16 10:17:00 - getOutlet.php - Received encrypt: ccd1ed58b6dfc857aa9aaffafcf73b7e
2026-05-16 10:17:00 - getOutlet.php - Authentication berhasil
2026-05-16 10:17:00 - getOutlet.php - Query: SELECT id_out, nama_out, '' AS alamat_out, ofcode_out
            FROM outlet 
            WHERE status_out IN ('Active', '1', 'active')
            AND (nama_out LIKE :key OR ofcode_out LIKE :key)
            ORDER BY nama_out ASC
            LIMIT 20
2026-05-16 10:17:00 - getOutlet.php - Query berhasil, mengembalikan 20 record
2026-05-16 10:17:00 - getOutlet.php - === END REQUEST ===
2026-05-16 03:17:01 - getOutlet.php - === REQUEST GETOUTLET ===
2026-05-16 03:17:01 - getOutlet.php - Method: POST
2026-05-16 03:17:01 - getOutlet.php - POST data: {"tgl":"2026-05-16","encrypt":"ccd1ed58b6dfc857aa9aaffafcf73b7e","id_apl":"APL01","key":"Sil"}
2026-05-16 10:17:01 - getOutlet.php - Params - tgl: 2026-05-16, encrypt: ccd1ed58b6dfc857aa9aaffafcf73b7e, id_apl: APL01, key: Sil
2026-05-16 10:17:01 - getOutlet.php - Aplikasi ditemukan: Ya
2026-05-16 10:17:01 - getOutlet.php - Key aplikasi: YbcJSFjkds...
2026-05-16 10:17:01 - getOutlet.php - Expected encrypt: ccd1ed58b6dfc857aa9aaffafcf73b7e
2026-05-16 10:17:01 - getOutlet.php - Received encrypt: ccd1ed58b6dfc857aa9aaffafcf73b7e
2026-05-16 10:17:01 - getOutlet.php - Authentication berhasil
2026-05-16 10:17:01 - getOutlet.php - Query: SELECT id_out, nama_out, '' AS alamat_out, ofcode_out
            FROM outlet 
            WHERE status_out IN ('Active', '1', 'active')
            AND (nama_out LIKE :key OR ofcode_out LIKE :key)
            ORDER BY nama_out ASC
            LIMIT 20
2026-05-16 10:17:01 - getOutlet.php - Query berhasil, mengembalikan 19 record
2026-05-16 10:17:01 - getOutlet.php - === END REQUEST ===
2026-05-16 03:17:01 - getOutlet.php - === REQUEST GETOUTLET ===
2026-05-16 03:17:01 - getOutlet.php - Method: POST
2026-05-16 03:17:01 - getOutlet.php - POST data: {"tgl":"2026-05-16","encrypt":"ccd1ed58b6dfc857aa9aaffafcf73b7e","id_apl":"APL01","key":"Silo"}
2026-05-16 10:17:01 - getOutlet.php - Params - tgl: 2026-05-16, encrypt: ccd1ed58b6dfc857aa9aaffafcf73b7e, id_apl: APL01, key: Silo
2026-05-16 10:17:01 - getOutlet.php - Aplikasi ditemukan: Ya
2026-05-16 10:17:01 - getOutlet.php - Key aplikasi: YbcJSFjkds...
2026-05-16 10:17:01 - getOutlet.php - Expected encrypt: ccd1ed58b6dfc857aa9aaffafcf73b7e
2026-05-16 10:17:01 - getOutlet.php - Received encrypt: ccd1ed58b6dfc857aa9aaffafcf73b7e
2026-05-16 10:17:01 - getOutlet.php - Authentication berhasil
2026-05-16 10:17:01 - getOutlet.php - Query: SELECT id_out, nama_out, '' AS alamat_out, ofcode_out
            FROM outlet 
            WHERE status_out IN ('Active', '1', 'active')
            AND (nama_out LIKE :key OR ofcode_out LIKE :key)
            ORDER BY nama_out ASC
            LIMIT 20
2026-05-16 10:17:01 - getOutlet.php - Query berhasil, mengembalikan 17 record
2026-05-16 10:17:01 - getOutlet.php - === END REQUEST ===
2026-05-16 03:17:02 - getOutlet.php - === REQUEST GETOUTLET ===
2026-05-16 03:17:02 - getOutlet.php - Method: POST
2026-05-16 03:17:02 - getOutlet.php - POST data: {"tgl":"2026-05-16","encrypt":"ccd1ed58b6dfc857aa9aaffafcf73b7e","id_apl":"APL01","key":"Siloam"}
2026-05-16 10:17:02 - getOutlet.php - Params - tgl: 2026-05-16, encrypt: ccd1ed58b6dfc857aa9aaffafcf73b7e, id_apl: APL01, key: Siloam
2026-05-16 10:17:02 - getOutlet.php - Aplikasi ditemukan: Ya
2026-05-16 10:17:02 - getOutlet.php - Key aplikasi: YbcJSFjkds...
2026-05-16 10:17:02 - getOutlet.php - Expected encrypt: ccd1ed58b6dfc857aa9aaffafcf73b7e
2026-05-16 10:17:02 - getOutlet.php - Received encrypt: ccd1ed58b6dfc857aa9aaffafcf73b7e
2026-05-16 10:17:02 - getOutlet.php - Authentication berhasil
2026-05-16 10:17:02 - getOutlet.php - Query: SELECT id_out, nama_out, '' AS alamat_out, ofcode_out
            FROM outlet 
            WHERE status_out IN ('Active', '1', 'active')
            AND (nama_out LIKE :key OR ofcode_out LIKE :key)
            ORDER BY nama_out ASC
            LIMIT 20
2026-05-16 10:17:02 - getOutlet.php - Query berhasil, mengembalikan 17 record
2026-05-16 10:17:02 - getOutlet.php - === END REQUEST ===
2026-05-16 03:17:02 - getOutlet.php - === REQUEST GETOUTLET ===
2026-05-16 03:17:02 - getOutlet.php - Method: POST
2026-05-16 03:17:02 - getOutlet.php - POST data: {"tgl":"2026-05-16","encrypt":"ccd1ed58b6dfc857aa9aaffafcf73b7e","id_apl":"APL01","key":"PT"}
2026-05-16 10:17:02 - getOutlet.php - Params - tgl: 2026-05-16, encrypt: ccd1ed58b6dfc857aa9aaffafcf73b7e, id_apl: APL01, key: PT
2026-05-16 10:17:02 - getOutlet.php - Aplikasi ditemukan: Ya
2026-05-16 10:17:02 - getOutlet.php - Key aplikasi: YbcJSFjkds...
2026-05-16 10:17:02 - getOutlet.php - Expected encrypt: ccd1ed58b6dfc857aa9aaffafcf73b7e
2026-05-16 10:17:02 - getOutlet.php - Received encrypt: ccd1ed58b6dfc857aa9aaffafcf73b7e
2026-05-16 10:17:02 - getOutlet.php - Authentication berhasil
2026-05-16 10:17:02 - getOutlet.php - Query: SELECT id_out, nama_out, '' AS alamat_out, ofcode_out
            FROM outlet 
            WHERE status_out IN ('Active', '1', 'active')
            AND (nama_out LIKE :key OR ofcode_out LIKE :key)
            ORDER BY nama_out ASC
            LIMIT 20
2026-05-16 10:17:02 - getOutlet.php - Query berhasil, mengembalikan 20 record
2026-05-16 10:17:02 - getOutlet.php - === END REQUEST ===
2026-05-16 03:17:02 - getOutlet.php - === REQUEST GETOUTLET ===
2026-05-16 03:17:02 - getOutlet.php - Method: POST
2026-05-16 03:17:02 - getOutlet.php - POST data: {"tgl":"2026-05-16","encrypt":"ccd1ed58b6dfc857aa9aaffafcf73b7e","id_apl":"APL01","key":"PT."}
2026-05-16 10:17:02 - getOutlet.php - Params - tgl: 2026-05-16, encrypt: ccd1ed58b6dfc857aa9aaffafcf73b7e, id_apl: APL01, key: PT.
2026-05-16 10:17:02 - getOutlet.php - Aplikasi ditemukan: Ya
2026-05-16 10:17:02 - getOutlet.php - Key aplikasi: YbcJSFjkds...
2026-05-16 10:17:02 - getOutlet.php - Expected encrypt: ccd1ed58b6dfc857aa9aaffafcf73b7e
2026-05-16 10:17:02 - getOutlet.php - Received encrypt: ccd1ed58b6dfc857aa9aaffafcf73b7e
2026-05-16 10:17:02 - getOutlet.php - Authentication berhasil
2026-05-16 10:17:02 - getOutlet.php - Query: SELECT id_out, nama_out, '' AS alamat_out, ofcode_out
            FROM outlet 
            WHERE status_out IN ('Active', '1', 'active')
            AND (nama_out LIKE :key OR ofcode_out LIKE :key)
            ORDER BY nama_out ASC
            LIMIT 20
2026-05-16 10:17:02 - getOutlet.php - Query berhasil, mengembalikan 20 record
2026-05-16 10:17:02 - getOutlet.php - === END REQUEST ===
2026-05-16 03:17:05 - getOutlet.php - === REQUEST GETOUTLET ===
2026-05-16 03:17:05 - getOutlet.php - Method: POST
2026-05-16 03:17:05 - getOutlet.php - POST data: {"tgl":"2026-05-16","encrypt":"ccd1ed58b6dfc857aa9aaffafcf73b7e","id_apl":"APL01","key":"RS SILOAM HOSPITALS KELAPA DUA "}
2026-05-16 10:17:05 - getOutlet.php - Params - tgl: 2026-05-16, encrypt: ccd1ed58b6dfc857aa9aaffafcf73b7e, id_apl: APL01, key: RS SILOAM HOSPITALS KELAPA DUA
2026-05-16 10:17:05 - getOutlet.php - Aplikasi ditemukan: Ya
2026-05-16 10:17:05 - getOutlet.php - Key aplikasi: YbcJSFjkds...
2026-05-16 10:17:05 - getOutlet.php - Expected encrypt: ccd1ed58b6dfc857aa9aaffafcf73b7e
2026-05-16 10:17:05 - getOutlet.php - Received encrypt: ccd1ed58b6dfc857aa9aaffafcf73b7e
2026-05-16 10:17:05 - getOutlet.php - Authentication berhasil
2026-05-16 10:17:05 - getOutlet.php - Query: SELECT id_out, nama_out, '' AS alamat_out, ofcode_out
            FROM outlet 
            WHERE status_out IN ('Active', '1', 'active')
            AND (nama_out LIKE :key OR ofcode_out LIKE :key)
            ORDER BY nama_out ASC
            LIMIT 20
2026-05-16 10:17:05 - getOutlet.php - Query berhasil, mengembalikan 1 record
2026-05-16 10:17:05 - getOutlet.php - === END REQUEST ===
2026-05-16 03:17:07 - getOutlet.php - === REQUEST GETOUTLET ===
2026-05-16 03:17:07 - getOutlet.php - Method: POST
2026-05-16 03:17:07 - getOutlet.php - POST data: {"tgl":"2026-05-16","encrypt":"ccd1ed58b6dfc857aa9aaffafcf73b7e","id_apl":"APL01","key":"PT. BERKAT MAHKOTA PUTRA"}
2026-05-16 10:17:07 - getOutlet.php - Params - tgl: 2026-05-16, encrypt: ccd1ed58b6dfc857aa9aaffafcf73b7e, id_apl: APL01, key: PT. BERKAT MAHKOTA PUTRA
2026-05-16 10:17:07 - getOutlet.php - Aplikasi ditemukan: Ya
2026-05-16 10:17:07 - getOutlet.php - Key aplikasi: YbcJSFjkds...
2026-05-16 10:17:07 - getOutlet.php - Expected encrypt: ccd1ed58b6dfc857aa9aaffafcf73b7e
2026-05-16 10:17:07 - getOutlet.php - Received encrypt: ccd1ed58b6dfc857aa9aaffafcf73b7e
2026-05-16 10:17:07 - getOutlet.php - Authentication berhasil
2026-05-16 10:17:07 - getOutlet.php - Query: SELECT id_out, nama_out, '' AS alamat_out, ofcode_out
            FROM outlet 
            WHERE status_out IN ('Active', '1', 'active')
            AND (nama_out LIKE :key OR ofcode_out LIKE :key)
            ORDER BY nama_out ASC
            LIMIT 20
2026-05-16 10:17:07 - getOutlet.php - Query berhasil, mengembalikan 1 record
2026-05-16 10:17:07 - getOutlet.php - === END REQUEST ===
2026-05-16 03:17:12 - getOutlet.php - === REQUEST GETOUTLET ===
2026-05-16 03:17:12 - getOutlet.php - Method: POST
2026-05-16 03:17:12 - getOutlet.php - POST data: {"tgl":"2026-05-16","encrypt":"ccd1ed58b6dfc857aa9aaffafcf73b7e","id_apl":"APL01","key":"Si"}
2026-05-16 10:17:12 - getOutlet.php - Params - tgl: 2026-05-16, encrypt: ccd1ed58b6dfc857aa9aaffafcf73b7e, id_apl: APL01, key: Si
2026-05-16 10:17:12 - getOutlet.php - Aplikasi ditemukan: Ya
2026-05-16 10:17:12 - getOutlet.php - Key aplikasi: YbcJSFjkds...
2026-05-16 10:17:12 - getOutlet.php - Expected encrypt: ccd1ed58b6dfc857aa9aaffafcf73b7e
2026-05-16 10:17:12 - getOutlet.php - Received encrypt: ccd1ed58b6dfc857aa9aaffafcf73b7e
2026-05-16 10:17:12 - getOutlet.php - Authentication berhasil
2026-05-16 10:17:12 - getOutlet.php - Query: SELECT id_out, nama_out, '' AS alamat_out, ofcode_out
            FROM outlet 
            WHERE status_out IN ('Active', '1', 'active')
            AND (nama_out LIKE :key OR ofcode_out LIKE :key)
            ORDER BY nama_out ASC
            LIMIT 20
2026-05-16 10:17:12 - getOutlet.php - Query berhasil, mengembalikan 20 record
2026-05-16 10:17:12 - getOutlet.php - === END REQUEST ===
2026-05-16 03:17:12 - getOutlet.php - === REQUEST GETOUTLET ===
2026-05-16 03:17:12 - getOutlet.php - Method: POST
2026-05-16 03:17:12 - getOutlet.php - POST data: {"tgl":"2026-05-16","encrypt":"ccd1ed58b6dfc857aa9aaffafcf73b7e","id_apl":"APL01","key":"Sil"}
2026-05-16 10:17:12 - getOutlet.php - Params - tgl: 2026-05-16, encrypt: ccd1ed58b6dfc857aa9aaffafcf73b7e, id_apl: APL01, key: Sil
2026-05-16 10:17:12 - getOutlet.php - Aplikasi ditemukan: Ya
2026-05-16 10:17:12 - getOutlet.php - Key aplikasi: YbcJSFjkds...
2026-05-16 10:17:12 - getOutlet.php - Expected encrypt: ccd1ed58b6dfc857aa9aaffafcf73b7e
2026-05-16 10:17:12 - getOutlet.php - Received encrypt: ccd1ed58b6dfc857aa9aaffafcf73b7e
2026-05-16 10:17:12 - getOutlet.php - Authentication berhasil
2026-05-16 10:17:12 - getOutlet.php - Query: SELECT id_out, nama_out, '' AS alamat_out, ofcode_out
            FROM outlet 
            WHERE status_out IN ('Active', '1', 'active')
            AND (nama_out LIKE :key OR ofcode_out LIKE :key)
            ORDER BY nama_out ASC
            LIMIT 20
2026-05-16 10:17:12 - getOutlet.php - Query berhasil, mengembalikan 19 record
2026-05-16 10:17:12 - getOutlet.php - === END REQUEST ===
2026-05-16 03:17:12 - getOutlet.php - === REQUEST GETOUTLET ===
2026-05-16 03:17:12 - getOutlet.php - Method: POST
2026-05-16 03:17:12 - getOutlet.php - POST data: {"tgl":"2026-05-16","encrypt":"ccd1ed58b6dfc857aa9aaffafcf73b7e","id_apl":"APL01","key":"Silo"}
2026-05-16 10:17:12 - getOutlet.php - Params - tgl: 2026-05-16, encrypt: ccd1ed58b6dfc857aa9aaffafcf73b7e, id_apl: APL01, key: Silo
2026-05-16 10:17:12 - getOutlet.php - Aplikasi ditemukan: Ya
2026-05-16 10:17:12 - getOutlet.php - Key aplikasi: YbcJSFjkds...
2026-05-16 10:17:12 - getOutlet.php - Expected encrypt: ccd1ed58b6dfc857aa9aaffafcf73b7e
2026-05-16 10:17:12 - getOutlet.php - Received encrypt: ccd1ed58b6dfc857aa9aaffafcf73b7e
2026-05-16 10:17:12 - getOutlet.php - Authentication berhasil
2026-05-16 10:17:12 - getOutlet.php - Query: SELECT id_out, nama_out, '' AS alamat_out, ofcode_out
            FROM outlet 
            WHERE status_out IN ('Active', '1', 'active')
            AND (nama_out LIKE :key OR ofcode_out LIKE :key)
            ORDER BY nama_out ASC
            LIMIT 20
2026-05-16 10:17:12 - getOutlet.php - Query berhasil, mengembalikan 17 record
2026-05-16 10:17:12 - getOutlet.php - === END REQUEST ===
2026-05-16 03:17:12 - getOutlet.php - === REQUEST GETOUTLET ===
2026-05-16 03:17:12 - getOutlet.php - Method: POST
2026-05-16 03:17:12 - getOutlet.php - POST data: {"tgl":"2026-05-16","encrypt":"ccd1ed58b6dfc857aa9aaffafcf73b7e","id_apl":"APL01","key":"Siloam"}
2026-05-16 10:17:12 - getOutlet.php - Params - tgl: 2026-05-16, encrypt: ccd1ed58b6dfc857aa9aaffafcf73b7e, id_apl: APL01, key: Siloam
2026-05-16 10:17:12 - getOutlet.php - Aplikasi ditemukan: Ya
2026-05-16 10:17:12 - getOutlet.php - Key aplikasi: YbcJSFjkds...
2026-05-16 10:17:12 - getOutlet.php - Expected encrypt: ccd1ed58b6dfc857aa9aaffafcf73b7e
2026-05-16 10:17:12 - getOutlet.php - Received encrypt: ccd1ed58b6dfc857aa9aaffafcf73b7e
2026-05-16 10:17:12 - getOutlet.php - Authentication berhasil
2026-05-16 10:17:12 - getOutlet.php - Query: SELECT id_out, nama_out, '' AS alamat_out, ofcode_out
            FROM outlet 
            WHERE status_out IN ('Active', '1', 'active')
            AND (nama_out LIKE :key OR ofcode_out LIKE :key)
            ORDER BY nama_out ASC
            LIMIT 20
2026-05-16 10:17:12 - getOutlet.php - Query berhasil, mengembalikan 17 record
2026-05-16 10:17:12 - getOutlet.php - === END REQUEST ===
2026-05-16 03:17:13 - getOutlet.php - === REQUEST GETOUTLET ===
2026-05-16 03:17:13 - getOutlet.php - Method: POST
2026-05-16 03:17:13 - getOutlet.php - POST data: {"tgl":"2026-05-16","encrypt":"ccd1ed58b6dfc857aa9aaffafcf73b7e","id_apl":"APL01","key":"Siloam Karawaci"}
2026-05-16 10:17:13 - getOutlet.php - Params - tgl: 2026-05-16, encrypt: ccd1ed58b6dfc857aa9aaffafcf73b7e, id_apl: APL01, key: Siloam Karawaci
2026-05-16 10:17:13 - getOutlet.php - Aplikasi ditemukan: Ya
2026-05-16 10:17:13 - getOutlet.php - Key aplikasi: YbcJSFjkds...
2026-05-16 10:17:13 - getOutlet.php - Expected encrypt: ccd1ed58b6dfc857aa9aaffafcf73b7e
2026-05-16 10:17:13 - getOutlet.php - Received encrypt: ccd1ed58b6dfc857aa9aaffafcf73b7e
2026-05-16 10:17:13 - getOutlet.php - Authentication berhasil
2026-05-16 10:17:13 - getOutlet.php - Query: SELECT id_out, nama_out, '' AS alamat_out, ofcode_out
            FROM outlet 
            WHERE status_out IN ('Active', '1', 'active')
            AND (nama_out LIKE :key OR ofcode_out LIKE :key)
            ORDER BY nama_out ASC
            LIMIT 20
2026-05-16 10:17:13 - getOutlet.php - Query berhasil, mengembalikan 2 record
2026-05-16 10:17:13 - getOutlet.php - === END REQUEST ===
2026-05-16 03:17:15 - getOutlet.php - === REQUEST GETOUTLET ===
2026-05-16 03:17:15 - getOutlet.php - Method: POST
2026-05-16 03:17:15 - getOutlet.php - POST data: {"tgl":"2026-05-16","encrypt":"ccd1ed58b6dfc857aa9aaffafcf73b7e","id_apl":"APL01","key":"RS SILOAM KARAWACI"}
2026-05-16 10:17:15 - getOutlet.php - Params - tgl: 2026-05-16, encrypt: ccd1ed58b6dfc857aa9aaffafcf73b7e, id_apl: APL01, key: RS SILOAM KARAWACI
2026-05-16 10:17:15 - getOutlet.php - Aplikasi ditemukan: Ya
2026-05-16 10:17:15 - getOutlet.php - Key aplikasi: YbcJSFjkds...
2026-05-16 10:17:15 - getOutlet.php - Expected encrypt: ccd1ed58b6dfc857aa9aaffafcf73b7e
2026-05-16 10:17:15 - getOutlet.php - Received encrypt: ccd1ed58b6dfc857aa9aaffafcf73b7e
2026-05-16 10:17:15 - getOutlet.php - Authentication berhasil
2026-05-16 10:17:15 - getOutlet.php - Query: SELECT id_out, nama_out, '' AS alamat_out, ofcode_out
            FROM outlet 
            WHERE status_out IN ('Active', '1', 'active')
            AND (nama_out LIKE :key OR ofcode_out LIKE :key)
            ORDER BY nama_out ASC
            LIMIT 20
2026-05-16 10:17:15 - getOutlet.php - Query berhasil, mengembalikan 1 record
2026-05-16 10:17:15 - getOutlet.php - === END REQUEST ===
2026-05-16 03:17:22 - getOutlet.php - === REQUEST GETOUTLET ===
2026-05-16 03:17:22 - getOutlet.php - Method: POST
2026-05-16 03:17:22 - getOutlet.php - POST data: {"tgl":"2026-05-16","encrypt":"ccd1ed58b6dfc857aa9aaffafcf73b7e","id_apl":"APL01","key":"Ma"}
2026-05-16 10:17:22 - getOutlet.php - Params - tgl: 2026-05-16, encrypt: ccd1ed58b6dfc857aa9aaffafcf73b7e, id_apl: APL01, key: Ma
2026-05-16 10:17:22 - getOutlet.php - Aplikasi ditemukan: Ya
2026-05-16 10:17:22 - getOutlet.php - Key aplikasi: YbcJSFjkds...
2026-05-16 10:17:22 - getOutlet.php - Expected encrypt: ccd1ed58b6dfc857aa9aaffafcf73b7e
2026-05-16 10:17:22 - getOutlet.php - Received encrypt: ccd1ed58b6dfc857aa9aaffafcf73b7e
2026-05-16 10:17:22 - getOutlet.php - Authentication berhasil
2026-05-16 10:17:22 - getOutlet.php - Query: SELECT id_out, nama_out, '' AS alamat_out, ofcode_out
            FROM outlet 
            WHERE status_out IN ('Active', '1', 'active')
            AND (nama_out LIKE :key OR ofcode_out LIKE :key)
            ORDER BY nama_out ASC
            LIMIT 20
2026-05-16 10:17:22 - getOutlet.php - Query berhasil, mengembalikan 20 record
2026-05-16 10:17:22 - getOutlet.php - === END REQUEST ===
2026-05-16 03:17:22 - getOutlet.php - === REQUEST GETOUTLET ===
2026-05-16 03:17:22 - getOutlet.php - Method: POST
2026-05-16 03:17:22 - getOutlet.php - POST data: {"tgl":"2026-05-16","encrypt":"ccd1ed58b6dfc857aa9aaffafcf73b7e","id_apl":"APL01","key":"May"}
2026-05-16 10:17:22 - getOutlet.php - Params - tgl: 2026-05-16, encrypt: ccd1ed58b6dfc857aa9aaffafcf73b7e, id_apl: APL01, key: May
2026-05-16 10:17:22 - getOutlet.php - Aplikasi ditemukan: Ya
2026-05-16 10:17:22 - getOutlet.php - Key aplikasi: YbcJSFjkds...
2026-05-16 10:17:22 - getOutlet.php - Expected encrypt: ccd1ed58b6dfc857aa9aaffafcf73b7e
2026-05-16 10:17:22 - getOutlet.php - Received encrypt: ccd1ed58b6dfc857aa9aaffafcf73b7e
2026-05-16 10:17:22 - getOutlet.php - Authentication berhasil
2026-05-16 10:17:22 - getOutlet.php - Query: SELECT id_out, nama_out, '' AS alamat_out, ofcode_out
            FROM outlet 
            WHERE status_out IN ('Active', '1', 'active')
            AND (nama_out LIKE :key OR ofcode_out LIKE :key)
            ORDER BY nama_out ASC
            LIMIT 20
2026-05-16 10:17:22 - getOutlet.php - Query berhasil, mengembalikan 20 record
2026-05-16 10:17:22 - getOutlet.php - === END REQUEST ===
2026-05-16 03:17:22 - getOutlet.php - === REQUEST GETOUTLET ===
2026-05-16 03:17:22 - getOutlet.php - Method: POST
2026-05-16 03:17:22 - getOutlet.php - POST data: {"tgl":"2026-05-16","encrypt":"ccd1ed58b6dfc857aa9aaffafcf73b7e","id_apl":"APL01","key":"Maya"}
2026-05-16 10:17:22 - getOutlet.php - Params - tgl: 2026-05-16, encrypt: ccd1ed58b6dfc857aa9aaffafcf73b7e, id_apl: APL01, key: Maya
2026-05-16 10:17:22 - getOutlet.php - Aplikasi ditemukan: Ya
2026-05-16 10:17:22 - getOutlet.php - Key aplikasi: YbcJSFjkds...
2026-05-16 10:17:22 - getOutlet.php - Expected encrypt: ccd1ed58b6dfc857aa9aaffafcf73b7e
2026-05-16 10:17:22 - getOutlet.php - Received encrypt: ccd1ed58b6dfc857aa9aaffafcf73b7e
2026-05-16 10:17:22 - getOutlet.php - Authentication berhasil
2026-05-16 10:17:22 - getOutlet.php - Query: SELECT id_out, nama_out, '' AS alamat_out, ofcode_out
            FROM outlet 
            WHERE status_out IN ('Active', '1', 'active')
            AND (nama_out LIKE :key OR ofcode_out LIKE :key)
            ORDER BY nama_out ASC
            LIMIT 20
2026-05-16 10:17:22 - getOutlet.php - Query berhasil, mengembalikan 18 record
2026-05-16 10:17:22 - getOutlet.php - === END REQUEST ===
2026-05-16 03:17:23 - getOutlet.php - === REQUEST GETOUTLET ===
2026-05-16 03:17:23 - getOutlet.php - Method: POST
2026-05-16 03:17:23 - getOutlet.php - POST data: {"tgl":"2026-05-16","encrypt":"ccd1ed58b6dfc857aa9aaffafcf73b7e","id_apl":"APL01","key":"Mayap"}
2026-05-16 10:17:23 - getOutlet.php - Params - tgl: 2026-05-16, encrypt: ccd1ed58b6dfc857aa9aaffafcf73b7e, id_apl: APL01, key: Mayap
2026-05-16 10:17:23 - getOutlet.php - Aplikasi ditemukan: Ya
2026-05-16 10:17:23 - getOutlet.php - Key aplikasi: YbcJSFjkds...
2026-05-16 10:17:23 - getOutlet.php - Expected encrypt: ccd1ed58b6dfc857aa9aaffafcf73b7e
2026-05-16 10:17:23 - getOutlet.php - Received encrypt: ccd1ed58b6dfc857aa9aaffafcf73b7e
2026-05-16 10:17:23 - getOutlet.php - Authentication berhasil
2026-05-16 10:17:23 - getOutlet.php - Query: SELECT id_out, nama_out, '' AS alamat_out, ofcode_out
            FROM outlet 
            WHERE status_out IN ('Active', '1', 'active')
            AND (nama_out LIKE :key OR ofcode_out LIKE :key)
            ORDER BY nama_out ASC
            LIMIT 20
2026-05-16 10:17:23 - getOutlet.php - Query berhasil, mengembalikan 6 record
2026-05-16 10:17:23 - getOutlet.php - === END REQUEST ===
2026-05-16 03:17:23 - getOutlet.php - === REQUEST GETOUTLET ===
2026-05-16 03:17:23 - getOutlet.php - Method: POST
2026-05-16 03:17:23 - getOutlet.php - POST data: {"tgl":"2026-05-16","encrypt":"ccd1ed58b6dfc857aa9aaffafcf73b7e","id_apl":"APL01","key":"Mayapada"}
2026-05-16 10:17:23 - getOutlet.php - Params - tgl: 2026-05-16, encrypt: ccd1ed58b6dfc857aa9aaffafcf73b7e, id_apl: APL01, key: Mayapada
2026-05-16 10:17:23 - getOutlet.php - Aplikasi ditemukan: Ya
2026-05-16 10:17:23 - getOutlet.php - Key aplikasi: YbcJSFjkds...
2026-05-16 10:17:23 - getOutlet.php - Expected encrypt: ccd1ed58b6dfc857aa9aaffafcf73b7e
2026-05-16 10:17:23 - getOutlet.php - Received encrypt: ccd1ed58b6dfc857aa9aaffafcf73b7e
2026-05-16 10:17:23 - getOutlet.php - Authentication berhasil
2026-05-16 10:17:23 - getOutlet.php - Query: SELECT id_out, nama_out, '' AS alamat_out, ofcode_out
            FROM outlet 
            WHERE status_out IN ('Active', '1', 'active')
            AND (nama_out LIKE :key OR ofcode_out LIKE :key)
            ORDER BY nama_out ASC
            LIMIT 20
2026-05-16 10:17:23 - getOutlet.php - Query berhasil, mengembalikan 6 record
2026-05-16 10:17:23 - getOutlet.php - === END REQUEST ===
2026-05-16 03:17:24 - getOutlet.php - === REQUEST GETOUTLET ===
2026-05-16 03:17:24 - getOutlet.php - Method: POST
2026-05-16 03:17:24 - getOutlet.php - POST data: {"tgl":"2026-05-16","encrypt":"ccd1ed58b6dfc857aa9aaffafcf73b7e","id_apl":"APL01","key":"Mayapada Tangerang"}
2026-05-16 10:17:24 - getOutlet.php - Params - tgl: 2026-05-16, encrypt: ccd1ed58b6dfc857aa9aaffafcf73b7e, id_apl: APL01, key: Mayapada Tangerang
2026-05-16 10:17:24 - getOutlet.php - Aplikasi ditemukan: Ya
2026-05-16 10:17:24 - getOutlet.php - Key aplikasi: YbcJSFjkds...
2026-05-16 10:17:24 - getOutlet.php - Expected encrypt: ccd1ed58b6dfc857aa9aaffafcf73b7e
2026-05-16 10:17:24 - getOutlet.php - Received encrypt: ccd1ed58b6dfc857aa9aaffafcf73b7e
2026-05-16 10:17:24 - getOutlet.php - Authentication berhasil
2026-05-16 10:17:24 - getOutlet.php - Query: SELECT id_out, nama_out, '' AS alamat_out, ofcode_out
            FROM outlet 
            WHERE status_out IN ('Active', '1', 'active')
            AND (nama_out LIKE :key OR ofcode_out LIKE :key)
            ORDER BY nama_out ASC
            LIMIT 20
2026-05-16 10:17:24 - getOutlet.php - Query berhasil, mengembalikan 1 record
2026-05-16 10:17:24 - getOutlet.php - === END REQUEST ===
2026-05-16 03:17:25 - getOutlet.php - === REQUEST GETOUTLET ===
2026-05-16 03:17:25 - getOutlet.php - Method: POST
2026-05-16 03:17:25 - getOutlet.php - POST data: {"tgl":"2026-05-16","encrypt":"ccd1ed58b6dfc857aa9aaffafcf73b7e","id_apl":"APL01","key":"RS MAYAPADA TANGERANG"}
2026-05-16 10:17:25 - getOutlet.php - Params - tgl: 2026-05-16, encrypt: ccd1ed58b6dfc857aa9aaffafcf73b7e, id_apl: APL01, key: RS MAYAPADA TANGERANG
2026-05-16 10:17:25 - getOutlet.php - Aplikasi ditemukan: Ya
2026-05-16 10:17:25 - getOutlet.php - Key aplikasi: YbcJSFjkds...
2026-05-16 10:17:25 - getOutlet.php - Expected encrypt: ccd1ed58b6dfc857aa9aaffafcf73b7e
2026-05-16 10:17:25 - getOutlet.php - Received encrypt: ccd1ed58b6dfc857aa9aaffafcf73b7e
2026-05-16 10:17:25 - getOutlet.php - Authentication berhasil
2026-05-16 10:17:25 - getOutlet.php - Query: SELECT id_out, nama_out, '' AS alamat_out, ofcode_out
            FROM outlet 
            WHERE status_out IN ('Active', '1', 'active')
            AND (nama_out LIKE :key OR ofcode_out LIKE :key)
            ORDER BY nama_out ASC
            LIMIT 20
2026-05-16 10:17:25 - getOutlet.php - Query berhasil, mengembalikan 1 record
2026-05-16 10:17:25 - getOutlet.php - === END REQUEST ===
2026-05-16 03:20:05 - getOutlet.php - === REQUEST GETOUTLET ===
2026-05-16 03:20:05 - getOutlet.php - Method: POST
2026-05-16 03:20:05 - getOutlet.php - POST data: {"tgl":"2026-05-16","encrypt":"ccd1ed58b6dfc857aa9aaffafcf73b7e","id_apl":"APL01","key":"Pr"}
2026-05-16 10:20:05 - getOutlet.php - Params - tgl: 2026-05-16, encrypt: ccd1ed58b6dfc857aa9aaffafcf73b7e, id_apl: APL01, key: Pr
2026-05-16 10:20:05 - getOutlet.php - Aplikasi ditemukan: Ya
2026-05-16 10:20:05 - getOutlet.php - Key aplikasi: YbcJSFjkds...
2026-05-16 10:20:05 - getOutlet.php - Expected encrypt: ccd1ed58b6dfc857aa9aaffafcf73b7e
2026-05-16 10:20:05 - getOutlet.php - Received encrypt: ccd1ed58b6dfc857aa9aaffafcf73b7e
2026-05-16 10:20:05 - getOutlet.php - Authentication berhasil
2026-05-16 10:20:05 - getOutlet.php - Query: SELECT id_out, nama_out, '' AS alamat_out, ofcode_out
            FROM outlet 
            WHERE status_out IN ('Active', '1', 'active')
            AND (nama_out LIKE :key OR ofcode_out LIKE :key)
            ORDER BY nama_out ASC
            LIMIT 20
2026-05-16 10:20:05 - getOutlet.php - Query berhasil, mengembalikan 20 record
2026-05-16 10:20:05 - getOutlet.php - === END REQUEST ===
2026-05-16 03:20:06 - getOutlet.php - === REQUEST GETOUTLET ===
2026-05-16 03:20:06 - getOutlet.php - Method: POST
2026-05-16 03:20:06 - getOutlet.php - POST data: {"tgl":"2026-05-16","encrypt":"ccd1ed58b6dfc857aa9aaffafcf73b7e","id_apl":"APL01","key":"Pri"}
2026-05-16 10:20:06 - getOutlet.php - Params - tgl: 2026-05-16, encrypt: ccd1ed58b6dfc857aa9aaffafcf73b7e, id_apl: APL01, key: Pri
2026-05-16 10:20:06 - getOutlet.php - Aplikasi ditemukan: Ya
2026-05-16 10:20:06 - getOutlet.php - Key aplikasi: YbcJSFjkds...
2026-05-16 10:20:06 - getOutlet.php - Expected encrypt: ccd1ed58b6dfc857aa9aaffafcf73b7e
2026-05-16 10:20:06 - getOutlet.php - Received encrypt: ccd1ed58b6dfc857aa9aaffafcf73b7e
2026-05-16 10:20:06 - getOutlet.php - Authentication berhasil
2026-05-16 10:20:06 - getOutlet.php - Query: SELECT id_out, nama_out, '' AS alamat_out, ofcode_out
            FROM outlet 
            WHERE status_out IN ('Active', '1', 'active')
            AND (nama_out LIKE :key OR ofcode_out LIKE :key)
            ORDER BY nama_out ASC
            LIMIT 20
2026-05-16 10:20:06 - getOutlet.php - Query berhasil, mengembalikan 20 record
2026-05-16 10:20:06 - getOutlet.php - === END REQUEST ===
2026-05-16 03:20:06 - getOutlet.php - === REQUEST GETOUTLET ===
2026-05-16 03:20:06 - getOutlet.php - Method: POST
2026-05-16 03:20:06 - getOutlet.php - POST data: {"tgl":"2026-05-16","encrypt":"ccd1ed58b6dfc857aa9aaffafcf73b7e","id_apl":"APL01","key":"Prim"}
2026-05-16 10:20:06 - getOutlet.php - Params - tgl: 2026-05-16, encrypt: ccd1ed58b6dfc857aa9aaffafcf73b7e, id_apl: APL01, key: Prim
2026-05-16 03:20:06 - getOutlet.php - === REQUEST GETOUTLET ===
2026-05-16 03:20:06 - getOutlet.php - Method: POST
2026-05-16 03:20:06 - getOutlet.php - POST data: {"tgl":"2026-05-16","encrypt":"ccd1ed58b6dfc857aa9aaffafcf73b7e","id_apl":"APL01","key":"Prima"}
2026-05-16 10:20:06 - getOutlet.php - Params - tgl: 2026-05-16, encrypt: ccd1ed58b6dfc857aa9aaffafcf73b7e, id_apl: APL01, key: Prima
2026-05-16 10:20:06 - getOutlet.php - Aplikasi ditemukan: Ya
2026-05-16 10:20:06 - getOutlet.php - Key aplikasi: YbcJSFjkds...
2026-05-16 10:20:06 - getOutlet.php - Expected encrypt: ccd1ed58b6dfc857aa9aaffafcf73b7e
2026-05-16 10:20:06 - getOutlet.php - Received encrypt: ccd1ed58b6dfc857aa9aaffafcf73b7e
2026-05-16 10:20:06 - getOutlet.php - Authentication berhasil
2026-05-16 10:20:06 - getOutlet.php - Query: SELECT id_out, nama_out, '' AS alamat_out, ofcode_out
            FROM outlet 
            WHERE status_out IN ('Active', '1', 'active')
            AND (nama_out LIKE :key OR ofcode_out LIKE :key)
            ORDER BY nama_out ASC
            LIMIT 20
2026-05-16 10:20:06 - getOutlet.php - Query berhasil, mengembalikan 20 record
2026-05-16 10:20:06 - getOutlet.php - === END REQUEST ===
2026-05-16 10:20:06 - getOutlet.php - Aplikasi ditemukan: Ya
2026-05-16 10:20:06 - getOutlet.php - Key aplikasi: YbcJSFjkds...
2026-05-16 10:20:06 - getOutlet.php - Expected encrypt: ccd1ed58b6dfc857aa9aaffafcf73b7e
2026-05-16 10:20:06 - getOutlet.php - Received encrypt: ccd1ed58b6dfc857aa9aaffafcf73b7e
2026-05-16 10:20:06 - getOutlet.php - Authentication berhasil
2026-05-16 10:20:06 - getOutlet.php - Query: SELECT id_out, nama_out, '' AS alamat_out, ofcode_out
            FROM outlet 
            WHERE status_out IN ('Active', '1', 'active')
            AND (nama_out LIKE :key OR ofcode_out LIKE :key)
            ORDER BY nama_out ASC
            LIMIT 20
2026-05-16 10:20:06 - getOutlet.php - Query berhasil, mengembalikan 20 record
2026-05-16 10:20:06 - getOutlet.php - === END REQUEST ===
2026-05-16 03:20:07 - getOutlet.php - === REQUEST GETOUTLET ===
2026-05-16 03:20:07 - getOutlet.php - Method: POST
2026-05-16 03:20:07 - getOutlet.php - POST data: {"tgl":"2026-05-16","encrypt":"ccd1ed58b6dfc857aa9aaffafcf73b7e","id_apl":"APL01","key":"Primay"}
2026-05-16 10:20:07 - getOutlet.php - Params - tgl: 2026-05-16, encrypt: ccd1ed58b6dfc857aa9aaffafcf73b7e, id_apl: APL01, key: Primay
2026-05-16 03:20:07 - getOutlet.php - === REQUEST GETOUTLET ===
2026-05-16 03:20:07 - getOutlet.php - Method: POST
2026-05-16 03:20:07 - getOutlet.php - POST data: {"tgl":"2026-05-16","encrypt":"ccd1ed58b6dfc857aa9aaffafcf73b7e","id_apl":"APL01","key":"Primaya"}
2026-05-16 10:20:07 - getOutlet.php - Params - tgl: 2026-05-16, encrypt: ccd1ed58b6dfc857aa9aaffafcf73b7e, id_apl: APL01, key: Primaya
2026-05-16 10:20:07 - getOutlet.php - Aplikasi ditemukan: Ya
2026-05-16 10:20:07 - getOutlet.php - Key aplikasi: YbcJSFjkds...
2026-05-16 10:20:07 - getOutlet.php - Expected encrypt: ccd1ed58b6dfc857aa9aaffafcf73b7e
2026-05-16 10:20:07 - getOutlet.php - Received encrypt: ccd1ed58b6dfc857aa9aaffafcf73b7e
2026-05-16 10:20:07 - getOutlet.php - Authentication berhasil
2026-05-16 10:20:07 - getOutlet.php - Query: SELECT id_out, nama_out, '' AS alamat_out, ofcode_out
            FROM outlet 
            WHERE status_out IN ('Active', '1', 'active')
            AND (nama_out LIKE :key OR ofcode_out LIKE :key)
            ORDER BY nama_out ASC
            LIMIT 20
2026-05-16 10:20:07 - getOutlet.php - Query berhasil, mengembalikan 12 record
2026-05-16 10:20:07 - getOutlet.php - === END REQUEST ===
2026-05-16 10:20:07 - getOutlet.php - Aplikasi ditemukan: Ya
2026-05-16 10:20:07 - getOutlet.php - Key aplikasi: YbcJSFjkds...
2026-05-16 10:20:07 - getOutlet.php - Expected encrypt: ccd1ed58b6dfc857aa9aaffafcf73b7e
2026-05-16 10:20:07 - getOutlet.php - Received encrypt: ccd1ed58b6dfc857aa9aaffafcf73b7e
2026-05-16 10:20:07 - getOutlet.php - Authentication berhasil
2026-05-16 10:20:07 - getOutlet.php - Query: SELECT id_out, nama_out, '' AS alamat_out, ofcode_out
            FROM outlet 
            WHERE status_out IN ('Active', '1', 'active')
            AND (nama_out LIKE :key OR ofcode_out LIKE :key)
            ORDER BY nama_out ASC
            LIMIT 20
2026-05-16 10:20:07 - getOutlet.php - Query berhasil, mengembalikan 12 record
2026-05-16 10:20:07 - getOutlet.php - === END REQUEST ===
2026-05-16 03:20:11 - getOutlet.php - === REQUEST GETOUTLET ===
2026-05-16 03:20:11 - getOutlet.php - Method: POST
2026-05-16 03:20:11 - getOutlet.php - POST data: {"tgl":"2026-05-16","encrypt":"ccd1ed58b6dfc857aa9aaffafcf73b7e","id_apl":"APL01","key":"Primaya"}
2026-05-16 10:20:11 - getOutlet.php - Params - tgl: 2026-05-16, encrypt: ccd1ed58b6dfc857aa9aaffafcf73b7e, id_apl: APL01, key: Primaya
2026-05-16 10:20:11 - getOutlet.php - Aplikasi ditemukan: Ya
2026-05-16 10:20:11 - getOutlet.php - Key aplikasi: YbcJSFjkds...
2026-05-16 10:20:11 - getOutlet.php - Expected encrypt: ccd1ed58b6dfc857aa9aaffafcf73b7e
2026-05-16 10:20:11 - getOutlet.php - Received encrypt: ccd1ed58b6dfc857aa9aaffafcf73b7e
2026-05-16 10:20:11 - getOutlet.php - Authentication berhasil
2026-05-16 10:20:11 - getOutlet.php - Query: SELECT id_out, nama_out, '' AS alamat_out, ofcode_out
            FROM outlet 
            WHERE status_out IN ('Active', '1', 'active')
            AND (nama_out LIKE :key OR ofcode_out LIKE :key)
            ORDER BY nama_out ASC
            LIMIT 20
2026-05-16 10:20:11 - getOutlet.php - Query berhasil, mengembalikan 12 record
2026-05-16 10:20:11 - getOutlet.php - === END REQUEST ===
2026-05-16 03:20:11 - getOutlet.php - === REQUEST GETOUTLET ===
2026-05-16 03:20:11 - getOutlet.php - Method: POST
2026-05-16 03:20:11 - getOutlet.php - POST data: {"tgl":"2026-05-16","encrypt":"ccd1ed58b6dfc857aa9aaffafcf73b7e","id_apl":"APL01","key":"Primaya"}
2026-05-16 10:20:11 - getOutlet.php - Params - tgl: 2026-05-16, encrypt: ccd1ed58b6dfc857aa9aaffafcf73b7e, id_apl: APL01, key: Primaya
2026-05-16 10:20:11 - getOutlet.php - Aplikasi ditemukan: Ya
2026-05-16 10:20:11 - getOutlet.php - Key aplikasi: YbcJSFjkds...
2026-05-16 10:20:11 - getOutlet.php - Expected encrypt: ccd1ed58b6dfc857aa9aaffafcf73b7e
2026-05-16 10:20:11 - getOutlet.php - Received encrypt: ccd1ed58b6dfc857aa9aaffafcf73b7e
2026-05-16 10:20:11 - getOutlet.php - Authentication berhasil
2026-05-16 10:20:11 - getOutlet.php - Query: SELECT id_out, nama_out, '' AS alamat_out, ofcode_out
            FROM outlet 
            WHERE status_out IN ('Active', '1', 'active')
            AND (nama_out LIKE :key OR ofcode_out LIKE :key)
            ORDER BY nama_out ASC
            LIMIT 20
2026-05-16 10:20:11 - getOutlet.php - Query berhasil, mengembalikan 12 record
2026-05-16 10:20:11 - getOutlet.php - === END REQUEST ===
2026-05-16 03:20:11 - getOutlet.php - === REQUEST GETOUTLET ===
2026-05-16 03:20:11 - getOutlet.php - Method: POST
2026-05-16 03:20:11 - getOutlet.php - POST data: {"tgl":"2026-05-16","encrypt":"ccd1ed58b6dfc857aa9aaffafcf73b7e","id_apl":"APL01","key":"Primaya t"}
2026-05-16 10:20:11 - getOutlet.php - Params - tgl: 2026-05-16, encrypt: ccd1ed58b6dfc857aa9aaffafcf73b7e, id_apl: APL01, key: Primaya t
2026-05-16 10:20:11 - getOutlet.php - Aplikasi ditemukan: Ya
2026-05-16 10:20:11 - getOutlet.php - Key aplikasi: YbcJSFjkds...
2026-05-16 10:20:11 - getOutlet.php - Expected encrypt: ccd1ed58b6dfc857aa9aaffafcf73b7e
2026-05-16 10:20:11 - getOutlet.php - Received encrypt: ccd1ed58b6dfc857aa9aaffafcf73b7e
2026-05-16 10:20:11 - getOutlet.php - Authentication berhasil
2026-05-16 10:20:11 - getOutlet.php - Query: SELECT id_out, nama_out, '' AS alamat_out, ofcode_out
            FROM outlet 
            WHERE status_out IN ('Active', '1', 'active')
            AND (nama_out LIKE :key OR ofcode_out LIKE :key)
            ORDER BY nama_out ASC
            LIMIT 20
2026-05-16 10:20:11 - getOutlet.php - Query berhasil, mengembalikan 0 record
2026-05-16 10:20:11 - getOutlet.php - === END REQUEST ===
2026-05-16 03:20:12 - getOutlet.php - === REQUEST GETOUTLET ===
2026-05-16 03:20:12 - getOutlet.php - Method: POST
2026-05-16 03:20:12 - getOutlet.php - POST data: {"tgl":"2026-05-16","encrypt":"ccd1ed58b6dfc857aa9aaffafcf73b7e","id_apl":"APL01","key":"Primaya ta"}
2026-05-16 10:20:12 - getOutlet.php - Params - tgl: 2026-05-16, encrypt: ccd1ed58b6dfc857aa9aaffafcf73b7e, id_apl: APL01, key: Primaya ta
2026-05-16 10:20:12 - getOutlet.php - Aplikasi ditemukan: Ya
2026-05-16 10:20:12 - getOutlet.php - Key aplikasi: YbcJSFjkds...
2026-05-16 10:20:12 - getOutlet.php - Expected encrypt: ccd1ed58b6dfc857aa9aaffafcf73b7e
2026-05-16 10:20:12 - getOutlet.php - Received encrypt: ccd1ed58b6dfc857aa9aaffafcf73b7e
2026-05-16 10:20:12 - getOutlet.php - Authentication berhasil
2026-05-16 10:20:12 - getOutlet.php - Query: SELECT id_out, nama_out, '' AS alamat_out, ofcode_out
            FROM outlet 
            WHERE status_out IN ('Active', '1', 'active')
            AND (nama_out LIKE :key OR ofcode_out LIKE :key)
            ORDER BY nama_out ASC
            LIMIT 20
2026-05-16 10:20:12 - getOutlet.php - Query berhasil, mengembalikan 0 record
2026-05-16 10:20:12 - getOutlet.php - === END REQUEST ===
2026-05-16 03:20:19 - getOutlet.php - === REQUEST GETOUTLET ===
2026-05-16 03:20:19 - getOutlet.php - Method: POST
2026-05-16 03:20:19 - getOutlet.php - POST data: {"tgl":"2026-05-16","encrypt":"ccd1ed58b6dfc857aa9aaffafcf73b7e","id_apl":"APL01","key":"Primaya t"}
2026-05-16 10:20:19 - getOutlet.php - Params - tgl: 2026-05-16, encrypt: ccd1ed58b6dfc857aa9aaffafcf73b7e, id_apl: APL01, key: Primaya t
2026-05-16 10:20:19 - getOutlet.php - Aplikasi ditemukan: Ya
2026-05-16 10:20:19 - getOutlet.php - Key aplikasi: YbcJSFjkds...
2026-05-16 10:20:19 - getOutlet.php - Expected encrypt: ccd1ed58b6dfc857aa9aaffafcf73b7e
2026-05-16 10:20:19 - getOutlet.php - Received encrypt: ccd1ed58b6dfc857aa9aaffafcf73b7e
2026-05-16 10:20:19 - getOutlet.php - Authentication berhasil
2026-05-16 10:20:19 - getOutlet.php - Query: SELECT id_out, nama_out, '' AS alamat_out, ofcode_out
            FROM outlet 
            WHERE status_out IN ('Active', '1', 'active')
            AND (nama_out LIKE :key OR ofcode_out LIKE :key)
            ORDER BY nama_out ASC
            LIMIT 20
2026-05-16 10:20:19 - getOutlet.php - Query berhasil, mengembalikan 0 record
2026-05-16 10:20:19 - getOutlet.php - === END REQUEST ===
2026-05-16 03:20:19 - getOutlet.php - === REQUEST GETOUTLET ===
2026-05-16 03:20:19 - getOutlet.php - Method: POST
2026-05-16 03:20:19 - getOutlet.php - POST data: {"tgl":"2026-05-16","encrypt":"ccd1ed58b6dfc857aa9aaffafcf73b7e","id_apl":"APL01","key":"Primaya"}
2026-05-16 10:20:19 - getOutlet.php - Params - tgl: 2026-05-16, encrypt: ccd1ed58b6dfc857aa9aaffafcf73b7e, id_apl: APL01, key: Primaya
2026-05-16 10:20:19 - getOutlet.php - Aplikasi ditemukan: Ya
2026-05-16 10:20:19 - getOutlet.php - Key aplikasi: YbcJSFjkds...
2026-05-16 10:20:19 - getOutlet.php - Expected encrypt: ccd1ed58b6dfc857aa9aaffafcf73b7e
2026-05-16 10:20:19 - getOutlet.php - Received encrypt: ccd1ed58b6dfc857aa9aaffafcf73b7e
2026-05-16 10:20:19 - getOutlet.php - Authentication berhasil
2026-05-16 10:20:19 - getOutlet.php - Query: SELECT id_out, nama_out, '' AS alamat_out, ofcode_out
            FROM outlet 
            WHERE status_out IN ('Active', '1', 'active')
            AND (nama_out LIKE :key OR ofcode_out LIKE :key)
            ORDER BY nama_out ASC
            LIMIT 20
2026-05-16 10:20:19 - getOutlet.php - Query berhasil, mengembalikan 12 record
2026-05-16 10:20:19 - getOutlet.php - === END REQUEST ===
2026-05-16 03:20:19 - getOutlet.php - === REQUEST GETOUTLET ===
2026-05-16 03:20:19 - getOutlet.php - Method: POST
2026-05-16 03:20:19 - getOutlet.php - POST data: {"tgl":"2026-05-16","encrypt":"ccd1ed58b6dfc857aa9aaffafcf73b7e","id_apl":"APL01","key":"Primaya"}
2026-05-16 10:20:19 - getOutlet.php - Params - tgl: 2026-05-16, encrypt: ccd1ed58b6dfc857aa9aaffafcf73b7e, id_apl: APL01, key: Primaya
2026-05-16 10:20:19 - getOutlet.php - Aplikasi ditemukan: Ya
2026-05-16 10:20:19 - getOutlet.php - Key aplikasi: YbcJSFjkds...
2026-05-16 10:20:19 - getOutlet.php - Expected encrypt: ccd1ed58b6dfc857aa9aaffafcf73b7e
2026-05-16 10:20:19 - getOutlet.php - Received encrypt: ccd1ed58b6dfc857aa9aaffafcf73b7e
2026-05-16 10:20:19 - getOutlet.php - Authentication berhasil
2026-05-16 10:20:19 - getOutlet.php - Query: SELECT id_out, nama_out, '' AS alamat_out, ofcode_out
            FROM outlet 
            WHERE status_out IN ('Active', '1', 'active')
            AND (nama_out LIKE :key OR ofcode_out LIKE :key)
            ORDER BY nama_out ASC
            LIMIT 20
2026-05-16 10:20:19 - getOutlet.php - Query berhasil, mengembalikan 12 record
2026-05-16 10:20:19 - getOutlet.php - === END REQUEST ===
2026-05-16 03:20:20 - getOutlet.php - === REQUEST GETOUTLET ===
2026-05-16 03:20:20 - getOutlet.php - Method: POST
2026-05-16 03:20:20 - getOutlet.php - POST data: {"tgl":"2026-05-16","encrypt":"ccd1ed58b6dfc857aa9aaffafcf73b7e","id_apl":"APL01","key":"Primaya"}
2026-05-16 10:20:20 - getOutlet.php - Params - tgl: 2026-05-16, encrypt: ccd1ed58b6dfc857aa9aaffafcf73b7e, id_apl: APL01, key: Primaya
2026-05-16 10:20:20 - getOutlet.php - Aplikasi ditemukan: Ya
2026-05-16 10:20:20 - getOutlet.php - Key aplikasi: YbcJSFjkds...
2026-05-16 10:20:20 - getOutlet.php - Expected encrypt: ccd1ed58b6dfc857aa9aaffafcf73b7e
2026-05-16 10:20:20 - getOutlet.php - Received encrypt: ccd1ed58b6dfc857aa9aaffafcf73b7e
2026-05-16 10:20:20 - getOutlet.php - Authentication berhasil
2026-05-16 10:20:20 - getOutlet.php - Query: SELECT id_out, nama_out, '' AS alamat_out, ofcode_out
            FROM outlet 
            WHERE status_out IN ('Active', '1', 'active')
            AND (nama_out LIKE :key OR ofcode_out LIKE :key)
            ORDER BY nama_out ASC
            LIMIT 20
2026-05-16 10:20:20 - getOutlet.php - Query berhasil, mengembalikan 12 record
2026-05-16 10:20:20 - getOutlet.php - === END REQUEST ===
2026-05-16 03:20:20 - getOutlet.php - === REQUEST GETOUTLET ===
2026-05-16 03:20:20 - getOutlet.php - Method: POST
2026-05-16 03:20:20 - getOutlet.php - POST data: {"tgl":"2026-05-16","encrypt":"ccd1ed58b6dfc857aa9aaffafcf73b7e","id_apl":"APL01","key":"Primaya"}
2026-05-16 10:20:20 - getOutlet.php - Params - tgl: 2026-05-16, encrypt: ccd1ed58b6dfc857aa9aaffafcf73b7e, id_apl: APL01, key: Primaya
2026-05-16 10:20:20 - getOutlet.php - Aplikasi ditemukan: Ya
2026-05-16 10:20:20 - getOutlet.php - Key aplikasi: YbcJSFjkds...
2026-05-16 10:20:20 - getOutlet.php - Expected encrypt: ccd1ed58b6dfc857aa9aaffafcf73b7e
2026-05-16 10:20:20 - getOutlet.php - Received encrypt: ccd1ed58b6dfc857aa9aaffafcf73b7e
2026-05-16 10:20:20 - getOutlet.php - Authentication berhasil
2026-05-16 10:20:20 - getOutlet.php - Query: SELECT id_out, nama_out, '' AS alamat_out, ofcode_out
            FROM outlet 
            WHERE status_out IN ('Active', '1', 'active')
            AND (nama_out LIKE :key OR ofcode_out LIKE :key)
            ORDER BY nama_out ASC
            LIMIT 20
2026-05-16 10:20:20 - getOutlet.php - Query berhasil, mengembalikan 12 record
2026-05-16 10:20:20 - getOutlet.php - === END REQUEST ===
2026-05-16 03:20:20 - getOutlet.php - === REQUEST GETOUTLET ===
2026-05-16 03:20:20 - getOutlet.php - Method: POST
2026-05-16 03:20:20 - getOutlet.php - POST data: {"tgl":"2026-05-16","encrypt":"ccd1ed58b6dfc857aa9aaffafcf73b7e","id_apl":"APL01","key":"Primaya h"}
2026-05-16 10:20:20 - getOutlet.php - Params - tgl: 2026-05-16, encrypt: ccd1ed58b6dfc857aa9aaffafcf73b7e, id_apl: APL01, key: Primaya h
2026-05-16 10:20:20 - getOutlet.php - Aplikasi ditemukan: Ya
2026-05-16 10:20:20 - getOutlet.php - Key aplikasi: YbcJSFjkds...
2026-05-16 10:20:20 - getOutlet.php - Expected encrypt: ccd1ed58b6dfc857aa9aaffafcf73b7e
2026-05-16 10:20:20 - getOutlet.php - Received encrypt: ccd1ed58b6dfc857aa9aaffafcf73b7e
2026-05-16 10:20:20 - getOutlet.php - Authentication berhasil
2026-05-16 10:20:20 - getOutlet.php - Query: SELECT id_out, nama_out, '' AS alamat_out, ofcode_out
            FROM outlet 
            WHERE status_out IN ('Active', '1', 'active')
            AND (nama_out LIKE :key OR ofcode_out LIKE :key)
            ORDER BY nama_out ASC
            LIMIT 20
2026-05-16 10:20:20 - getOutlet.php - Query berhasil, mengembalikan 5 record
2026-05-16 10:20:20 - getOutlet.php - === END REQUEST ===
2026-05-16 03:20:20 - getOutlet.php - === REQUEST GETOUTLET ===
2026-05-16 03:20:20 - getOutlet.php - Method: POST
2026-05-16 03:20:20 - getOutlet.php - POST data: {"tgl":"2026-05-16","encrypt":"ccd1ed58b6dfc857aa9aaffafcf73b7e","id_apl":"APL01","key":"Primaya ho"}
2026-05-16 10:20:20 - getOutlet.php - Params - tgl: 2026-05-16, encrypt: ccd1ed58b6dfc857aa9aaffafcf73b7e, id_apl: APL01, key: Primaya ho
2026-05-16 10:20:20 - getOutlet.php - Aplikasi ditemukan: Ya
2026-05-16 10:20:20 - getOutlet.php - Key aplikasi: YbcJSFjkds...
2026-05-16 10:20:20 - getOutlet.php - Expected encrypt: ccd1ed58b6dfc857aa9aaffafcf73b7e
2026-05-16 10:20:20 - getOutlet.php - Received encrypt: ccd1ed58b6dfc857aa9aaffafcf73b7e
2026-05-16 10:20:20 - getOutlet.php - Authentication berhasil
2026-05-16 10:20:20 - getOutlet.php - Query: SELECT id_out, nama_out, '' AS alamat_out, ofcode_out
            FROM outlet 
            WHERE status_out IN ('Active', '1', 'active')
            AND (nama_out LIKE :key OR ofcode_out LIKE :key)
            ORDER BY nama_out ASC
            LIMIT 20
2026-05-16 10:20:20 - getOutlet.php - Query berhasil, mengembalikan 4 record
2026-05-16 10:20:20 - getOutlet.php - === END REQUEST ===
2026-05-16 03:20:23 - getOutlet.php - === REQUEST GETOUTLET ===
2026-05-16 03:20:23 - getOutlet.php - Method: POST
2026-05-16 03:20:23 - getOutlet.php - POST data: {"tgl":"2026-05-16","encrypt":"ccd1ed58b6dfc857aa9aaffafcf73b7e","id_apl":"APL01","key":"RS Primaya Hospital Tangerang"}
2026-05-16 10:20:23 - getOutlet.php - Params - tgl: 2026-05-16, encrypt: ccd1ed58b6dfc857aa9aaffafcf73b7e, id_apl: APL01, key: RS Primaya Hospital Tangerang
2026-05-16 10:20:23 - getOutlet.php - Aplikasi ditemukan: Ya
2026-05-16 10:20:23 - getOutlet.php - Key aplikasi: YbcJSFjkds...
2026-05-16 10:20:23 - getOutlet.php - Expected encrypt: ccd1ed58b6dfc857aa9aaffafcf73b7e
2026-05-16 10:20:23 - getOutlet.php - Received encrypt: ccd1ed58b6dfc857aa9aaffafcf73b7e
2026-05-16 10:20:23 - getOutlet.php - Authentication berhasil
2026-05-16 10:20:23 - getOutlet.php - Query: SELECT id_out, nama_out, '' AS alamat_out, ofcode_out
            FROM outlet 
            WHERE status_out IN ('Active', '1', 'active')
            AND (nama_out LIKE :key OR ofcode_out LIKE :key)
            ORDER BY nama_out ASC
            LIMIT 20
2026-05-16 10:20:23 - getOutlet.php - Query berhasil, mengembalikan 1 record
2026-05-16 10:20:23 - getOutlet.php - === END REQUEST ===
2026-05-16 03:20:38 - getOutlet.php - === REQUEST GETOUTLET ===
2026-05-16 03:20:38 - getOutlet.php - Method: POST
2026-05-16 03:20:38 - getOutlet.php - POST data: {"tgl":"2026-05-16","encrypt":"ccd1ed58b6dfc857aa9aaffafcf73b7e","id_apl":"APL01","key":"Mi"}
2026-05-16 10:20:38 - getOutlet.php - Params - tgl: 2026-05-16, encrypt: ccd1ed58b6dfc857aa9aaffafcf73b7e, id_apl: APL01, key: Mi
2026-05-16 10:20:38 - getOutlet.php - Aplikasi ditemukan: Ya
2026-05-16 10:20:38 - getOutlet.php - Key aplikasi: YbcJSFjkds...
2026-05-16 10:20:38 - getOutlet.php - Expected encrypt: ccd1ed58b6dfc857aa9aaffafcf73b7e
2026-05-16 10:20:38 - getOutlet.php - Received encrypt: ccd1ed58b6dfc857aa9aaffafcf73b7e
2026-05-16 10:20:38 - getOutlet.php - Authentication berhasil
2026-05-16 10:20:38 - getOutlet.php - Query: SELECT id_out, nama_out, '' AS alamat_out, ofcode_out
            FROM outlet 
            WHERE status_out IN ('Active', '1', 'active')
            AND (nama_out LIKE :key OR ofcode_out LIKE :key)
            ORDER BY nama_out ASC
            LIMIT 20
2026-05-16 10:20:38 - getOutlet.php - Query berhasil, mengembalikan 20 record
2026-05-16 10:20:38 - getOutlet.php - === END REQUEST ===
2026-05-16 03:20:39 - getOutlet.php - === REQUEST GETOUTLET ===
2026-05-16 03:20:39 - getOutlet.php - Method: POST
2026-05-16 03:20:39 - getOutlet.php - POST data: {"tgl":"2026-05-16","encrypt":"ccd1ed58b6dfc857aa9aaffafcf73b7e","id_apl":"APL01","key":"Mit"}
2026-05-16 10:20:39 - getOutlet.php - Params - tgl: 2026-05-16, encrypt: ccd1ed58b6dfc857aa9aaffafcf73b7e, id_apl: APL01, key: Mit
2026-05-16 10:20:39 - getOutlet.php - Aplikasi ditemukan: Ya
2026-05-16 10:20:39 - getOutlet.php - Key aplikasi: YbcJSFjkds...
2026-05-16 10:20:39 - getOutlet.php - Expected encrypt: ccd1ed58b6dfc857aa9aaffafcf73b7e
2026-05-16 10:20:39 - getOutlet.php - Received encrypt: ccd1ed58b6dfc857aa9aaffafcf73b7e
2026-05-16 10:20:39 - getOutlet.php - Authentication berhasil
2026-05-16 10:20:39 - getOutlet.php - Query: SELECT id_out, nama_out, '' AS alamat_out, ofcode_out
            FROM outlet 
            WHERE status_out IN ('Active', '1', 'active')
            AND (nama_out LIKE :key OR ofcode_out LIKE :key)
            ORDER BY nama_out ASC
            LIMIT 20
2026-05-16 10:20:39 - getOutlet.php - Query berhasil, mengembalikan 20 record
2026-05-16 10:20:39 - getOutlet.php - === END REQUEST ===
2026-05-16 03:20:39 - getOutlet.php - === REQUEST GETOUTLET ===
2026-05-16 03:20:39 - getOutlet.php - Method: POST
2026-05-16 03:20:39 - getOutlet.php - POST data: {"tgl":"2026-05-16","encrypt":"ccd1ed58b6dfc857aa9aaffafcf73b7e","id_apl":"APL01","key":"Mitr"}
2026-05-16 10:20:39 - getOutlet.php - Params - tgl: 2026-05-16, encrypt: ccd1ed58b6dfc857aa9aaffafcf73b7e, id_apl: APL01, key: Mitr
2026-05-16 10:20:39 - getOutlet.php - Aplikasi ditemukan: Ya
2026-05-16 10:20:39 - getOutlet.php - Key aplikasi: YbcJSFjkds...
2026-05-16 10:20:39 - getOutlet.php - Expected encrypt: ccd1ed58b6dfc857aa9aaffafcf73b7e
2026-05-16 10:20:39 - getOutlet.php - Received encrypt: ccd1ed58b6dfc857aa9aaffafcf73b7e
2026-05-16 10:20:39 - getOutlet.php - Authentication berhasil
2026-05-16 10:20:39 - getOutlet.php - Query: SELECT id_out, nama_out, '' AS alamat_out, ofcode_out
            FROM outlet 
            WHERE status_out IN ('Active', '1', 'active')
            AND (nama_out LIKE :key OR ofcode_out LIKE :key)
            ORDER BY nama_out ASC
            LIMIT 20
2026-05-16 10:20:39 - getOutlet.php - Query berhasil, mengembalikan 20 record
2026-05-16 10:20:39 - getOutlet.php - === END REQUEST ===
2026-05-16 03:20:40 - getOutlet.php - === REQUEST GETOUTLET ===
2026-05-16 03:20:40 - getOutlet.php - Method: POST
2026-05-16 03:20:40 - getOutlet.php - POST data: {"tgl":"2026-05-16","encrypt":"ccd1ed58b6dfc857aa9aaffafcf73b7e","id_apl":"APL01","key":"Mitra"}
2026-05-16 10:20:40 - getOutlet.php - Params - tgl: 2026-05-16, encrypt: ccd1ed58b6dfc857aa9aaffafcf73b7e, id_apl: APL01, key: Mitra
2026-05-16 10:20:40 - getOutlet.php - Aplikasi ditemukan: Ya
2026-05-16 10:20:40 - getOutlet.php - Key aplikasi: YbcJSFjkds...
2026-05-16 10:20:40 - getOutlet.php - Expected encrypt: ccd1ed58b6dfc857aa9aaffafcf73b7e
2026-05-16 10:20:40 - getOutlet.php - Received encrypt: ccd1ed58b6dfc857aa9aaffafcf73b7e
2026-05-16 10:20:40 - getOutlet.php - Authentication berhasil
2026-05-16 10:20:40 - getOutlet.php - Query: SELECT id_out, nama_out, '' AS alamat_out, ofcode_out
            FROM outlet 
            WHERE status_out IN ('Active', '1', 'active')
            AND (nama_out LIKE :key OR ofcode_out LIKE :key)
            ORDER BY nama_out ASC
            LIMIT 20
2026-05-16 10:20:40 - getOutlet.php - Query berhasil, mengembalikan 20 record
2026-05-16 10:20:40 - getOutlet.php - === END REQUEST ===
2026-05-16 03:20:40 - getOutlet.php - === REQUEST GETOUTLET ===
2026-05-16 03:20:40 - getOutlet.php - Method: POST
2026-05-16 03:20:40 - getOutlet.php - POST data: {"tgl":"2026-05-16","encrypt":"ccd1ed58b6dfc857aa9aaffafcf73b7e","id_apl":"APL01","key":"Mitra"}
2026-05-16 10:20:40 - getOutlet.php - Params - tgl: 2026-05-16, encrypt: ccd1ed58b6dfc857aa9aaffafcf73b7e, id_apl: APL01, key: Mitra
2026-05-16 10:20:40 - getOutlet.php - Aplikasi ditemukan: Ya
2026-05-16 10:20:40 - getOutlet.php - Key aplikasi: YbcJSFjkds...
2026-05-16 10:20:40 - getOutlet.php - Expected encrypt: ccd1ed58b6dfc857aa9aaffafcf73b7e
2026-05-16 10:20:40 - getOutlet.php - Received encrypt: ccd1ed58b6dfc857aa9aaffafcf73b7e
2026-05-16 10:20:40 - getOutlet.php - Authentication berhasil
2026-05-16 10:20:40 - getOutlet.php - Query: SELECT id_out, nama_out, '' AS alamat_out, ofcode_out
            FROM outlet 
            WHERE status_out IN ('Active', '1', 'active')
            AND (nama_out LIKE :key OR ofcode_out LIKE :key)
            ORDER BY nama_out ASC
            LIMIT 20
2026-05-16 03:20:40 - getOutlet.php - === REQUEST GETOUTLET ===
2026-05-16 03:20:40 - getOutlet.php - Method: POST
2026-05-16 03:20:40 - getOutlet.php - POST data: {"tgl":"2026-05-16","encrypt":"ccd1ed58b6dfc857aa9aaffafcf73b7e","id_apl":"APL01","key":"Mitra"}
2026-05-16 10:20:40 - getOutlet.php - Params - tgl: 2026-05-16, encrypt: ccd1ed58b6dfc857aa9aaffafcf73b7e, id_apl: APL01, key: Mitra
2026-05-16 10:20:40 - getOutlet.php - Query berhasil, mengembalikan 20 record
2026-05-16 10:20:40 - getOutlet.php - === END REQUEST ===
2026-05-16 10:20:40 - getOutlet.php - Aplikasi ditemukan: Ya
2026-05-16 10:20:40 - getOutlet.php - Key aplikasi: YbcJSFjkds...
2026-05-16 10:20:40 - getOutlet.php - Expected encrypt: ccd1ed58b6dfc857aa9aaffafcf73b7e
2026-05-16 10:20:40 - getOutlet.php - Received encrypt: ccd1ed58b6dfc857aa9aaffafcf73b7e
2026-05-16 10:20:40 - getOutlet.php - Authentication berhasil
2026-05-16 10:20:40 - getOutlet.php - Query: SELECT id_out, nama_out, '' AS alamat_out, ofcode_out
            FROM outlet 
            WHERE status_out IN ('Active', '1', 'active')
            AND (nama_out LIKE :key OR ofcode_out LIKE :key)
            ORDER BY nama_out ASC
            LIMIT 20
2026-05-16 10:20:40 - getOutlet.php - Query berhasil, mengembalikan 20 record
2026-05-16 10:20:40 - getOutlet.php - === END REQUEST ===
2026-05-16 03:20:40 - getOutlet.php - === REQUEST GETOUTLET ===
2026-05-16 03:20:40 - getOutlet.php - Method: POST
2026-05-16 03:20:40 - getOutlet.php - POST data: {"tgl":"2026-05-16","encrypt":"ccd1ed58b6dfc857aa9aaffafcf73b7e","id_apl":"APL01","key":"Mitra k"}
2026-05-16 10:20:40 - getOutlet.php - Params - tgl: 2026-05-16, encrypt: ccd1ed58b6dfc857aa9aaffafcf73b7e, id_apl: APL01, key: Mitra k
2026-05-16 10:20:40 - getOutlet.php - Aplikasi ditemukan: Ya
2026-05-16 10:20:40 - getOutlet.php - Key aplikasi: YbcJSFjkds...
2026-05-16 10:20:40 - getOutlet.php - Expected encrypt: ccd1ed58b6dfc857aa9aaffafcf73b7e
2026-05-16 10:20:40 - getOutlet.php - Received encrypt: ccd1ed58b6dfc857aa9aaffafcf73b7e
2026-05-16 10:20:40 - getOutlet.php - Authentication berhasil
2026-05-16 10:20:40 - getOutlet.php - Query: SELECT id_out, nama_out, '' AS alamat_out, ofcode_out
            FROM outlet 
            WHERE status_out IN ('Active', '1', 'active')
            AND (nama_out LIKE :key OR ofcode_out LIKE :key)
            ORDER BY nama_out ASC
            LIMIT 20
2026-05-16 10:20:40 - getOutlet.php - Query berhasil, mengembalikan 16 record
2026-05-16 10:20:40 - getOutlet.php - === END REQUEST ===
2026-05-16 03:20:40 - getOutlet.php - === REQUEST GETOUTLET ===
2026-05-16 03:20:40 - getOutlet.php - Method: POST
2026-05-16 03:20:40 - getOutlet.php - POST data: {"tgl":"2026-05-16","encrypt":"ccd1ed58b6dfc857aa9aaffafcf73b7e","id_apl":"APL01","key":"Mitra ke"}
2026-05-16 10:20:40 - getOutlet.php - Params - tgl: 2026-05-16, encrypt: ccd1ed58b6dfc857aa9aaffafcf73b7e, id_apl: APL01, key: Mitra ke
2026-05-16 10:20:40 - getOutlet.php - Aplikasi ditemukan: Ya
2026-05-16 10:20:40 - getOutlet.php - Key aplikasi: YbcJSFjkds...
2026-05-16 10:20:40 - getOutlet.php - Expected encrypt: ccd1ed58b6dfc857aa9aaffafcf73b7e
2026-05-16 10:20:40 - getOutlet.php - Received encrypt: ccd1ed58b6dfc857aa9aaffafcf73b7e
2026-05-16 10:20:40 - getOutlet.php - Authentication berhasil
2026-05-16 10:20:40 - getOutlet.php - Query: SELECT id_out, nama_out, '' AS alamat_out, ofcode_out
            FROM outlet 
            WHERE status_out IN ('Active', '1', 'active')
            AND (nama_out LIKE :key OR ofcode_out LIKE :key)
            ORDER BY nama_out ASC
            LIMIT 20
2026-05-16 10:20:40 - getOutlet.php - Query berhasil, mengembalikan 16 record
2026-05-16 10:20:40 - getOutlet.php - === END REQUEST ===
2026-05-16 03:20:41 - getOutlet.php - === REQUEST GETOUTLET ===
2026-05-16 03:20:41 - getOutlet.php - Method: POST
2026-05-16 03:20:41 - getOutlet.php - POST data: {"tgl":"2026-05-16","encrypt":"ccd1ed58b6dfc857aa9aaffafcf73b7e","id_apl":"APL01","key":"Mitra kel"}
2026-05-16 10:20:41 - getOutlet.php - Params - tgl: 2026-05-16, encrypt: ccd1ed58b6dfc857aa9aaffafcf73b7e, id_apl: APL01, key: Mitra kel
2026-05-16 10:20:41 - getOutlet.php - Aplikasi ditemukan: Ya
2026-05-16 10:20:41 - getOutlet.php - Key aplikasi: YbcJSFjkds...
2026-05-16 10:20:41 - getOutlet.php - Expected encrypt: ccd1ed58b6dfc857aa9aaffafcf73b7e
2026-05-16 10:20:41 - getOutlet.php - Received encrypt: ccd1ed58b6dfc857aa9aaffafcf73b7e
2026-05-16 10:20:41 - getOutlet.php - Authentication berhasil
2026-05-16 10:20:41 - getOutlet.php - Query: SELECT id_out, nama_out, '' AS alamat_out, ofcode_out
            FROM outlet 
            WHERE status_out IN ('Active', '1', 'active')
            AND (nama_out LIKE :key OR ofcode_out LIKE :key)
            ORDER BY nama_out ASC
            LIMIT 20
2026-05-16 10:20:41 - getOutlet.php - Query berhasil, mengembalikan 16 record
2026-05-16 10:20:41 - getOutlet.php - === END REQUEST ===
2026-05-16 03:20:41 - getOutlet.php - === REQUEST GETOUTLET ===
2026-05-16 03:20:41 - getOutlet.php - Method: POST
2026-05-16 03:20:41 - getOutlet.php - POST data: {"tgl":"2026-05-16","encrypt":"ccd1ed58b6dfc857aa9aaffafcf73b7e","id_apl":"APL01","key":"Mitra kelu"}
2026-05-16 10:20:41 - getOutlet.php - Params - tgl: 2026-05-16, encrypt: ccd1ed58b6dfc857aa9aaffafcf73b7e, id_apl: APL01, key: Mitra kelu
2026-05-16 10:20:41 - getOutlet.php - Aplikasi ditemukan: Ya
2026-05-16 10:20:41 - getOutlet.php - Key aplikasi: YbcJSFjkds...
2026-05-16 10:20:41 - getOutlet.php - Expected encrypt: ccd1ed58b6dfc857aa9aaffafcf73b7e
2026-05-16 10:20:41 - getOutlet.php - Received encrypt: ccd1ed58b6dfc857aa9aaffafcf73b7e
2026-05-16 10:20:41 - getOutlet.php - Authentication berhasil
2026-05-16 10:20:41 - getOutlet.php - Query: SELECT id_out, nama_out, '' AS alamat_out, ofcode_out
            FROM outlet 
            WHERE status_out IN ('Active', '1', 'active')
            AND (nama_out LIKE :key OR ofcode_out LIKE :key)
            ORDER BY nama_out ASC
            LIMIT 20
2026-05-16 10:20:41 - getOutlet.php - Query berhasil, mengembalikan 16 record
2026-05-16 10:20:41 - getOutlet.php - === END REQUEST ===
2026-05-16 03:20:41 - getOutlet.php - === REQUEST GETOUTLET ===
2026-05-16 03:20:41 - getOutlet.php - Method: POST
2026-05-16 03:20:41 - getOutlet.php - POST data: {"tgl":"2026-05-16","encrypt":"ccd1ed58b6dfc857aa9aaffafcf73b7e","id_apl":"APL01","key":"Mitra kelua"}
2026-05-16 10:20:41 - getOutlet.php - Params - tgl: 2026-05-16, encrypt: ccd1ed58b6dfc857aa9aaffafcf73b7e, id_apl: APL01, key: Mitra kelua
2026-05-16 10:20:41 - getOutlet.php - Aplikasi ditemukan: Ya
2026-05-16 10:20:41 - getOutlet.php - Key aplikasi: YbcJSFjkds...
2026-05-16 10:20:41 - getOutlet.php - Expected encrypt: ccd1ed58b6dfc857aa9aaffafcf73b7e
2026-05-16 10:20:41 - getOutlet.php - Received encrypt: ccd1ed58b6dfc857aa9aaffafcf73b7e
2026-05-16 10:20:41 - getOutlet.php - Authentication berhasil
2026-05-16 10:20:41 - getOutlet.php - Query: SELECT id_out, nama_out, '' AS alamat_out, ofcode_out
            FROM outlet 
            WHERE status_out IN ('Active', '1', 'active')
            AND (nama_out LIKE :key OR ofcode_out LIKE :key)
            ORDER BY nama_out ASC
            LIMIT 20
2026-05-16 10:20:41 - getOutlet.php - Query berhasil, mengembalikan 16 record
2026-05-16 10:20:41 - getOutlet.php - === END REQUEST ===
2026-05-16 03:20:42 - getOutlet.php - === REQUEST GETOUTLET ===
2026-05-16 03:20:42 - getOutlet.php - Method: POST
2026-05-16 03:20:42 - getOutlet.php - POST data: {"tgl":"2026-05-16","encrypt":"ccd1ed58b6dfc857aa9aaffafcf73b7e","id_apl":"APL01","key":"Mitra keluar"}
2026-05-16 10:20:42 - getOutlet.php - Params - tgl: 2026-05-16, encrypt: ccd1ed58b6dfc857aa9aaffafcf73b7e, id_apl: APL01, key: Mitra keluar
2026-05-16 10:20:42 - getOutlet.php - Aplikasi ditemukan: Ya
2026-05-16 10:20:42 - getOutlet.php - Key aplikasi: YbcJSFjkds...
2026-05-16 10:20:42 - getOutlet.php - Expected encrypt: ccd1ed58b6dfc857aa9aaffafcf73b7e
2026-05-16 10:20:42 - getOutlet.php - Received encrypt: ccd1ed58b6dfc857aa9aaffafcf73b7e
2026-05-16 10:20:42 - getOutlet.php - Authentication berhasil
2026-05-16 10:20:42 - getOutlet.php - Query: SELECT id_out, nama_out, '' AS alamat_out, ofcode_out
            FROM outlet 
            WHERE status_out IN ('Active', '1', 'active')
            AND (nama_out LIKE :key OR ofcode_out LIKE :key)
            ORDER BY nama_out ASC
            LIMIT 20
2026-05-16 10:20:42 - getOutlet.php - Query berhasil, mengembalikan 16 record
2026-05-16 10:20:42 - getOutlet.php - === END REQUEST ===
2026-05-16 03:20:42 - getOutlet.php - === REQUEST GETOUTLET ===
2026-05-16 03:20:42 - getOutlet.php - Method: POST
2026-05-16 03:20:42 - getOutlet.php - POST data: {"tgl":"2026-05-16","encrypt":"ccd1ed58b6dfc857aa9aaffafcf73b7e","id_apl":"APL01","key":"Mitra keluarg"}
2026-05-16 10:20:42 - getOutlet.php - Params - tgl: 2026-05-16, encrypt: ccd1ed58b6dfc857aa9aaffafcf73b7e, id_apl: APL01, key: Mitra keluarg
2026-05-16 10:20:42 - getOutlet.php - Aplikasi ditemukan: Ya
2026-05-16 10:20:42 - getOutlet.php - Key aplikasi: YbcJSFjkds...
2026-05-16 10:20:42 - getOutlet.php - Expected encrypt: ccd1ed58b6dfc857aa9aaffafcf73b7e
2026-05-16 10:20:42 - getOutlet.php - Received encrypt: ccd1ed58b6dfc857aa9aaffafcf73b7e
2026-05-16 10:20:42 - getOutlet.php - Authentication berhasil
2026-05-16 10:20:42 - getOutlet.php - Query: SELECT id_out, nama_out, '' AS alamat_out, ofcode_out
            FROM outlet 
            WHERE status_out IN ('Active', '1', 'active')
            AND (nama_out LIKE :key OR ofcode_out LIKE :key)
            ORDER BY nama_out ASC
            LIMIT 20
2026-05-16 10:20:42 - getOutlet.php - Query berhasil, mengembalikan 16 record
2026-05-16 10:20:42 - getOutlet.php - === END REQUEST ===
2026-05-16 03:20:42 - getOutlet.php - === REQUEST GETOUTLET ===
2026-05-16 03:20:42 - getOutlet.php - Method: POST
2026-05-16 03:20:42 - getOutlet.php - POST data: {"tgl":"2026-05-16","encrypt":"ccd1ed58b6dfc857aa9aaffafcf73b7e","id_apl":"APL01","key":"Mitra keluarga"}
2026-05-16 10:20:42 - getOutlet.php - Params - tgl: 2026-05-16, encrypt: ccd1ed58b6dfc857aa9aaffafcf73b7e, id_apl: APL01, key: Mitra keluarga
2026-05-16 10:20:42 - getOutlet.php - Aplikasi ditemukan: Ya
2026-05-16 10:20:42 - getOutlet.php - Key aplikasi: YbcJSFjkds...
2026-05-16 10:20:42 - getOutlet.php - Expected encrypt: ccd1ed58b6dfc857aa9aaffafcf73b7e
2026-05-16 10:20:42 - getOutlet.php - Received encrypt: ccd1ed58b6dfc857aa9aaffafcf73b7e
2026-05-16 10:20:42 - getOutlet.php - Authentication berhasil
2026-05-16 10:20:42 - getOutlet.php - Query: SELECT id_out, nama_out, '' AS alamat_out, ofcode_out
            FROM outlet 
            WHERE status_out IN ('Active', '1', 'active')
            AND (nama_out LIKE :key OR ofcode_out LIKE :key)
            ORDER BY nama_out ASC
            LIMIT 20
2026-05-16 10:20:42 - getOutlet.php - Query berhasil, mengembalikan 16 record
2026-05-16 10:20:42 - getOutlet.php - === END REQUEST ===
2026-05-16 03:20:45 - getOutlet.php - === REQUEST GETOUTLET ===
2026-05-16 03:20:45 - getOutlet.php - Method: POST
2026-05-16 03:20:45 - getOutlet.php - POST data: {"tgl":"2026-05-16","encrypt":"ccd1ed58b6dfc857aa9aaffafcf73b7e","id_apl":"APL01","key":"Mitra keluarga"}
2026-05-16 10:20:45 - getOutlet.php - Params - tgl: 2026-05-16, encrypt: ccd1ed58b6dfc857aa9aaffafcf73b7e, id_apl: APL01, key: Mitra keluarga
2026-05-16 10:20:45 - getOutlet.php - Aplikasi ditemukan: Ya
2026-05-16 10:20:45 - getOutlet.php - Key aplikasi: YbcJSFjkds...
2026-05-16 10:20:45 - getOutlet.php - Expected encrypt: ccd1ed58b6dfc857aa9aaffafcf73b7e
2026-05-16 10:20:45 - getOutlet.php - Received encrypt: ccd1ed58b6dfc857aa9aaffafcf73b7e
2026-05-16 10:20:45 - getOutlet.php - Authentication berhasil
2026-05-16 10:20:45 - getOutlet.php - Query: SELECT id_out, nama_out, '' AS alamat_out, ofcode_out
            FROM outlet 
            WHERE status_out IN ('Active', '1', 'active')
            AND (nama_out LIKE :key OR ofcode_out LIKE :key)
            ORDER BY nama_out ASC
            LIMIT 20
2026-05-16 10:20:45 - getOutlet.php - Query berhasil, mengembalikan 16 record
2026-05-16 10:20:45 - getOutlet.php - === END REQUEST ===
2026-05-16 03:20:45 - getOutlet.php - === REQUEST GETOUTLET ===
2026-05-16 03:20:45 - getOutlet.php - Method: POST
2026-05-16 03:20:45 - getOutlet.php - POST data: {"tgl":"2026-05-16","encrypt":"ccd1ed58b6dfc857aa9aaffafcf73b7e","id_apl":"APL01","key":"Mitra keluarga"}
2026-05-16 10:20:45 - getOutlet.php - Params - tgl: 2026-05-16, encrypt: ccd1ed58b6dfc857aa9aaffafcf73b7e, id_apl: APL01, key: Mitra keluarga
2026-05-16 10:20:45 - getOutlet.php - Aplikasi ditemukan: Ya
2026-05-16 10:20:45 - getOutlet.php - Key aplikasi: YbcJSFjkds...
2026-05-16 10:20:45 - getOutlet.php - Expected encrypt: ccd1ed58b6dfc857aa9aaffafcf73b7e
2026-05-16 10:20:45 - getOutlet.php - Received encrypt: ccd1ed58b6dfc857aa9aaffafcf73b7e
2026-05-16 10:20:45 - getOutlet.php - Authentication berhasil
2026-05-16 10:20:45 - getOutlet.php - Query: SELECT id_out, nama_out, '' AS alamat_out, ofcode_out
            FROM outlet 
            WHERE status_out IN ('Active', '1', 'active')
            AND (nama_out LIKE :key OR ofcode_out LIKE :key)
            ORDER BY nama_out ASC
            LIMIT 20
2026-05-16 10:20:45 - getOutlet.php - Query berhasil, mengembalikan 16 record
2026-05-16 10:20:45 - getOutlet.php - === END REQUEST ===
2026-05-16 03:20:45 - getOutlet.php - === REQUEST GETOUTLET ===
2026-05-16 03:20:45 - getOutlet.php - Method: POST
2026-05-16 03:20:45 - getOutlet.php - POST data: {"tgl":"2026-05-16","encrypt":"ccd1ed58b6dfc857aa9aaffafcf73b7e","id_apl":"APL01","key":"Mitra keluarga g"}
2026-05-16 10:20:45 - getOutlet.php - Params - tgl: 2026-05-16, encrypt: ccd1ed58b6dfc857aa9aaffafcf73b7e, id_apl: APL01, key: Mitra keluarga g
2026-05-16 10:20:45 - getOutlet.php - Aplikasi ditemukan: Ya
2026-05-16 10:20:45 - getOutlet.php - Key aplikasi: YbcJSFjkds...
2026-05-16 10:20:45 - getOutlet.php - Expected encrypt: ccd1ed58b6dfc857aa9aaffafcf73b7e
2026-05-16 10:20:45 - getOutlet.php - Received encrypt: ccd1ed58b6dfc857aa9aaffafcf73b7e
2026-05-16 10:20:45 - getOutlet.php - Authentication berhasil
2026-05-16 10:20:45 - getOutlet.php - Query: SELECT id_out, nama_out, '' AS alamat_out, ofcode_out
            FROM outlet 
            WHERE status_out IN ('Active', '1', 'active')
            AND (nama_out LIKE :key OR ofcode_out LIKE :key)
            ORDER BY nama_out ASC
            LIMIT 20
2026-05-16 10:20:45 - getOutlet.php - Query berhasil, mengembalikan 2 record
2026-05-16 10:20:45 - getOutlet.php - === END REQUEST ===
2026-05-16 03:20:45 - getOutlet.php - === REQUEST GETOUTLET ===
2026-05-16 03:20:45 - getOutlet.php - Method: POST
2026-05-16 03:20:45 - getOutlet.php - POST data: {"tgl":"2026-05-16","encrypt":"ccd1ed58b6dfc857aa9aaffafcf73b7e","id_apl":"APL01","key":"Mitra keluarga ga"}
2026-05-16 10:20:45 - getOutlet.php - Params - tgl: 2026-05-16, encrypt: ccd1ed58b6dfc857aa9aaffafcf73b7e, id_apl: APL01, key: Mitra keluarga ga
2026-05-16 10:20:45 - getOutlet.php - Aplikasi ditemukan: Ya
2026-05-16 10:20:45 - getOutlet.php - Key aplikasi: YbcJSFjkds...
2026-05-16 10:20:45 - getOutlet.php - Expected encrypt: ccd1ed58b6dfc857aa9aaffafcf73b7e
2026-05-16 10:20:45 - getOutlet.php - Received encrypt: ccd1ed58b6dfc857aa9aaffafcf73b7e
2026-05-16 10:20:45 - getOutlet.php - Authentication berhasil
2026-05-16 10:20:45 - getOutlet.php - Query: SELECT id_out, nama_out, '' AS alamat_out, ofcode_out
            FROM outlet 
            WHERE status_out IN ('Active', '1', 'active')
            AND (nama_out LIKE :key OR ofcode_out LIKE :key)
            ORDER BY nama_out ASC
            LIMIT 20
2026-05-16 10:20:45 - getOutlet.php - Query berhasil, mengembalikan 1 record
2026-05-16 10:20:45 - getOutlet.php - === END REQUEST ===
2026-05-16 03:20:46 - getOutlet.php - === REQUEST GETOUTLET ===
2026-05-16 03:20:46 - getOutlet.php - Method: POST
2026-05-16 03:20:46 - getOutlet.php - POST data: {"tgl":"2026-05-16","encrypt":"ccd1ed58b6dfc857aa9aaffafcf73b7e","id_apl":"APL01","key":"Mitra keluarga gad"}
2026-05-16 10:20:46 - getOutlet.php - Params - tgl: 2026-05-16, encrypt: ccd1ed58b6dfc857aa9aaffafcf73b7e, id_apl: APL01, key: Mitra keluarga gad
2026-05-16 10:20:46 - getOutlet.php - Aplikasi ditemukan: Ya
2026-05-16 10:20:46 - getOutlet.php - Key aplikasi: YbcJSFjkds...
2026-05-16 10:20:46 - getOutlet.php - Expected encrypt: ccd1ed58b6dfc857aa9aaffafcf73b7e
2026-05-16 10:20:46 - getOutlet.php - Received encrypt: ccd1ed58b6dfc857aa9aaffafcf73b7e
2026-05-16 10:20:46 - getOutlet.php - Authentication berhasil
2026-05-16 10:20:46 - getOutlet.php - Query: SELECT id_out, nama_out, '' AS alamat_out, ofcode_out
            FROM outlet 
            WHERE status_out IN ('Active', '1', 'active')
            AND (nama_out LIKE :key OR ofcode_out LIKE :key)
            ORDER BY nama_out ASC
            LIMIT 20
2026-05-16 10:20:46 - getOutlet.php - Query berhasil, mengembalikan 1 record
2026-05-16 10:20:46 - getOutlet.php - === END REQUEST ===
2026-05-16 03:20:46 - getOutlet.php - === REQUEST GETOUTLET ===
2026-05-16 03:20:46 - getOutlet.php - Method: POST
2026-05-16 03:20:46 - getOutlet.php - POST data: {"tgl":"2026-05-16","encrypt":"ccd1ed58b6dfc857aa9aaffafcf73b7e","id_apl":"APL01","key":"Mitra keluarga gadi"}
2026-05-16 10:20:46 - getOutlet.php - Params - tgl: 2026-05-16, encrypt: ccd1ed58b6dfc857aa9aaffafcf73b7e, id_apl: APL01, key: Mitra keluarga gadi
2026-05-16 10:20:46 - getOutlet.php - Aplikasi ditemukan: Ya
2026-05-16 10:20:46 - getOutlet.php - Key aplikasi: YbcJSFjkds...
2026-05-16 10:20:46 - getOutlet.php - Expected encrypt: ccd1ed58b6dfc857aa9aaffafcf73b7e
2026-05-16 10:20:46 - getOutlet.php - Received encrypt: ccd1ed58b6dfc857aa9aaffafcf73b7e
2026-05-16 10:20:46 - getOutlet.php - Authentication berhasil
2026-05-16 10:20:46 - getOutlet.php - Query: SELECT id_out, nama_out, '' AS alamat_out, ofcode_out
            FROM outlet 
            WHERE status_out IN ('Active', '1', 'active')
            AND (nama_out LIKE :key OR ofcode_out LIKE :key)
            ORDER BY nama_out ASC
            LIMIT 20
2026-05-16 10:20:46 - getOutlet.php - Query berhasil, mengembalikan 1 record
2026-05-16 10:20:46 - getOutlet.php - === END REQUEST ===
2026-05-16 03:20:46 - getOutlet.php - === REQUEST GETOUTLET ===
2026-05-16 03:20:46 - getOutlet.php - Method: POST
2026-05-16 03:20:46 - getOutlet.php - POST data: {"tgl":"2026-05-16","encrypt":"ccd1ed58b6dfc857aa9aaffafcf73b7e","id_apl":"APL01","key":"Mitra keluarga gadin"}
2026-05-16 10:20:46 - getOutlet.php - Params - tgl: 2026-05-16, encrypt: ccd1ed58b6dfc857aa9aaffafcf73b7e, id_apl: APL01, key: Mitra keluarga gadin
2026-05-16 10:20:46 - getOutlet.php - Aplikasi ditemukan: Ya
2026-05-16 10:20:46 - getOutlet.php - Key aplikasi: YbcJSFjkds...
2026-05-16 10:20:46 - getOutlet.php - Expected encrypt: ccd1ed58b6dfc857aa9aaffafcf73b7e
2026-05-16 10:20:46 - getOutlet.php - Received encrypt: ccd1ed58b6dfc857aa9aaffafcf73b7e
2026-05-16 10:20:46 - getOutlet.php - Authentication berhasil
2026-05-16 10:20:46 - getOutlet.php - Query: SELECT id_out, nama_out, '' AS alamat_out, ofcode_out
            FROM outlet 
            WHERE status_out IN ('Active', '1', 'active')
            AND (nama_out LIKE :key OR ofcode_out LIKE :key)
            ORDER BY nama_out ASC
            LIMIT 20
2026-05-16 10:20:46 - getOutlet.php - Query berhasil, mengembalikan 1 record
2026-05-16 10:20:46 - getOutlet.php - === END REQUEST ===
2026-05-16 03:20:47 - getOutlet.php - === REQUEST GETOUTLET ===
2026-05-16 03:20:47 - getOutlet.php - Method: POST
2026-05-16 03:20:47 - getOutlet.php - POST data: {"tgl":"2026-05-16","encrypt":"ccd1ed58b6dfc857aa9aaffafcf73b7e","id_apl":"APL01","key":"Mitra keluarga gading"}
2026-05-16 10:20:47 - getOutlet.php - Params - tgl: 2026-05-16, encrypt: ccd1ed58b6dfc857aa9aaffafcf73b7e, id_apl: APL01, key: Mitra keluarga gading
2026-05-16 10:20:47 - getOutlet.php - Aplikasi ditemukan: Ya
2026-05-16 10:20:47 - getOutlet.php - Key aplikasi: YbcJSFjkds...
2026-05-16 10:20:47 - getOutlet.php - Expected encrypt: ccd1ed58b6dfc857aa9aaffafcf73b7e
2026-05-16 10:20:47 - getOutlet.php - Received encrypt: ccd1ed58b6dfc857aa9aaffafcf73b7e
2026-05-16 10:20:47 - getOutlet.php - Authentication berhasil
2026-05-16 10:20:47 - getOutlet.php - Query: SELECT id_out, nama_out, '' AS alamat_out, ofcode_out
            FROM outlet 
            WHERE status_out IN ('Active', '1', 'active')
            AND (nama_out LIKE :key OR ofcode_out LIKE :key)
            ORDER BY nama_out ASC
            LIMIT 20
2026-05-16 10:20:47 - getOutlet.php - Query berhasil, mengembalikan 1 record
2026-05-16 10:20:47 - getOutlet.php - === END REQUEST ===
2026-05-16 03:20:48 - getOutlet.php - === REQUEST GETOUTLET ===
2026-05-16 03:20:48 - getOutlet.php - Method: POST
2026-05-16 03:20:48 - getOutlet.php - POST data: {"tgl":"2026-05-16","encrypt":"ccd1ed58b6dfc857aa9aaffafcf73b7e","id_apl":"APL01","key":"RS Mitra Keluarga Gading Serpong"}
2026-05-16 10:20:48 - getOutlet.php - Params - tgl: 2026-05-16, encrypt: ccd1ed58b6dfc857aa9aaffafcf73b7e, id_apl: APL01, key: RS Mitra Keluarga Gading Serpong
2026-05-16 10:20:48 - getOutlet.php - Aplikasi ditemukan: Ya
2026-05-16 10:20:48 - getOutlet.php - Key aplikasi: YbcJSFjkds...
2026-05-16 10:20:48 - getOutlet.php - Expected encrypt: ccd1ed58b6dfc857aa9aaffafcf73b7e
2026-05-16 10:20:48 - getOutlet.php - Received encrypt: ccd1ed58b6dfc857aa9aaffafcf73b7e
2026-05-16 10:20:48 - getOutlet.php - Authentication berhasil
2026-05-16 10:20:48 - getOutlet.php - Query: SELECT id_out, nama_out, '' AS alamat_out, ofcode_out
            FROM outlet 
            WHERE status_out IN ('Active', '1', 'active')
            AND (nama_out LIKE :key OR ofcode_out LIKE :key)
            ORDER BY nama_out ASC
            LIMIT 20
2026-05-16 10:20:48 - getOutlet.php - Query berhasil, mengembalikan 1 record
2026-05-16 10:20:48 - getOutlet.php - === END REQUEST ===
2026-05-16 03:21:15 - getOutlet.php - === REQUEST GETOUTLET ===
2026-05-16 03:21:15 - getOutlet.php - Method: POST
2026-05-16 03:21:15 - getOutlet.php - POST data: {"tgl":"2026-05-16","encrypt":"ccd1ed58b6dfc857aa9aaffafcf73b7e","id_apl":"APL01","key":"Apd"}
2026-05-16 10:21:15 - getOutlet.php - Params - tgl: 2026-05-16, encrypt: ccd1ed58b6dfc857aa9aaffafcf73b7e, id_apl: APL01, key: Apd
2026-05-16 10:21:15 - getOutlet.php - Aplikasi ditemukan: Ya
2026-05-16 10:21:15 - getOutlet.php - Key aplikasi: YbcJSFjkds...
2026-05-16 10:21:15 - getOutlet.php - Expected encrypt: ccd1ed58b6dfc857aa9aaffafcf73b7e
2026-05-16 10:21:15 - getOutlet.php - Received encrypt: ccd1ed58b6dfc857aa9aaffafcf73b7e
2026-05-16 10:21:15 - getOutlet.php - Authentication berhasil
2026-05-16 10:21:15 - getOutlet.php - Query: SELECT id_out, nama_out, '' AS alamat_out, ofcode_out
            FROM outlet 
            WHERE status_out IN ('Active', '1', 'active')
            AND (nama_out LIKE :key OR ofcode_out LIKE :key)
            ORDER BY nama_out ASC
            LIMIT 20
2026-05-16 10:21:15 - getOutlet.php - Query berhasil, mengembalikan 1 record
2026-05-16 10:21:15 - getOutlet.php - === END REQUEST ===
2026-05-16 03:21:15 - getOutlet.php - === REQUEST GETOUTLET ===
2026-05-16 03:21:15 - getOutlet.php - Method: POST
2026-05-16 03:21:15 - getOutlet.php - POST data: {"tgl":"2026-05-16","encrypt":"ccd1ed58b6dfc857aa9aaffafcf73b7e","id_apl":"APL01","key":"Ap"}
2026-05-16 10:21:15 - getOutlet.php - Params - tgl: 2026-05-16, encrypt: ccd1ed58b6dfc857aa9aaffafcf73b7e, id_apl: APL01, key: Ap
2026-05-16 10:21:15 - getOutlet.php - Aplikasi ditemukan: Ya
2026-05-16 10:21:15 - getOutlet.php - Key aplikasi: YbcJSFjkds...
2026-05-16 10:21:15 - getOutlet.php - Expected encrypt: ccd1ed58b6dfc857aa9aaffafcf73b7e
2026-05-16 10:21:15 - getOutlet.php - Received encrypt: ccd1ed58b6dfc857aa9aaffafcf73b7e
2026-05-16 10:21:15 - getOutlet.php - Authentication berhasil
2026-05-16 10:21:15 - getOutlet.php - Query: SELECT id_out, nama_out, '' AS alamat_out, ofcode_out
            FROM outlet 
            WHERE status_out IN ('Active', '1', 'active')
            AND (nama_out LIKE :key OR ofcode_out LIKE :key)
            ORDER BY nama_out ASC
            LIMIT 20
2026-05-16 10:21:15 - getOutlet.php - Query berhasil, mengembalikan 20 record
2026-05-16 10:21:15 - getOutlet.php - === END REQUEST ===
2026-05-16 03:21:16 - getOutlet.php - === REQUEST GETOUTLET ===
2026-05-16 03:21:16 - getOutlet.php - Method: POST
2026-05-16 03:21:16 - getOutlet.php - POST data: {"tgl":"2026-05-16","encrypt":"ccd1ed58b6dfc857aa9aaffafcf73b7e","id_apl":"APL01","key":"Rs"}
2026-05-16 10:21:16 - getOutlet.php - Params - tgl: 2026-05-16, encrypt: ccd1ed58b6dfc857aa9aaffafcf73b7e, id_apl: APL01, key: Rs
2026-05-16 10:21:16 - getOutlet.php - Aplikasi ditemukan: Ya
2026-05-16 10:21:16 - getOutlet.php - Key aplikasi: YbcJSFjkds...
2026-05-16 10:21:16 - getOutlet.php - Expected encrypt: ccd1ed58b6dfc857aa9aaffafcf73b7e
2026-05-16 10:21:16 - getOutlet.php - Received encrypt: ccd1ed58b6dfc857aa9aaffafcf73b7e
2026-05-16 10:21:16 - getOutlet.php - Authentication berhasil
2026-05-16 10:21:16 - getOutlet.php - Query: SELECT id_out, nama_out, '' AS alamat_out, ofcode_out
            FROM outlet 
            WHERE status_out IN ('Active', '1', 'active')
            AND (nama_out LIKE :key OR ofcode_out LIKE :key)
            ORDER BY nama_out ASC
            LIMIT 20
2026-05-16 10:21:16 - getOutlet.php - Query berhasil, mengembalikan 20 record
2026-05-16 10:21:16 - getOutlet.php - === END REQUEST ===
2026-05-16 03:21:17 - getOutlet.php - === REQUEST GETOUTLET ===
2026-05-16 03:21:17 - getOutlet.php - Method: POST
2026-05-16 03:21:17 - getOutlet.php - POST data: {"tgl":"2026-05-16","encrypt":"ccd1ed58b6dfc857aa9aaffafcf73b7e","id_apl":"APL01","key":"Rs"}
2026-05-16 10:21:17 - getOutlet.php - Params - tgl: 2026-05-16, encrypt: ccd1ed58b6dfc857aa9aaffafcf73b7e, id_apl: APL01, key: Rs
2026-05-16 10:21:17 - getOutlet.php - Aplikasi ditemukan: Ya
2026-05-16 10:21:17 - getOutlet.php - Key aplikasi: YbcJSFjkds...
2026-05-16 10:21:17 - getOutlet.php - Expected encrypt: ccd1ed58b6dfc857aa9aaffafcf73b7e
2026-05-16 10:21:17 - getOutlet.php - Received encrypt: ccd1ed58b6dfc857aa9aaffafcf73b7e
2026-05-16 10:21:17 - getOutlet.php - Authentication berhasil
2026-05-16 10:21:17 - getOutlet.php - Query: SELECT id_out, nama_out, '' AS alamat_out, ofcode_out
            FROM outlet 
            WHERE status_out IN ('Active', '1', 'active')
            AND (nama_out LIKE :key OR ofcode_out LIKE :key)
            ORDER BY nama_out ASC
            LIMIT 20
2026-05-16 10:21:17 - getOutlet.php - Query berhasil, mengembalikan 20 record
2026-05-16 10:21:17 - getOutlet.php - === END REQUEST ===
2026-05-16 03:21:17 - getOutlet.php - === REQUEST GETOUTLET ===
2026-05-16 03:21:17 - getOutlet.php - Method: POST
2026-05-16 03:21:17 - getOutlet.php - POST data: {"tgl":"2026-05-16","encrypt":"ccd1ed58b6dfc857aa9aaffafcf73b7e","id_apl":"APL01","key":"Rs"}
2026-05-16 10:21:17 - getOutlet.php - Params - tgl: 2026-05-16, encrypt: ccd1ed58b6dfc857aa9aaffafcf73b7e, id_apl: APL01, key: Rs
2026-05-16 10:21:17 - getOutlet.php - Aplikasi ditemukan: Ya
2026-05-16 10:21:17 - getOutlet.php - Key aplikasi: YbcJSFjkds...
2026-05-16 10:21:17 - getOutlet.php - Expected encrypt: ccd1ed58b6dfc857aa9aaffafcf73b7e
2026-05-16 10:21:17 - getOutlet.php - Received encrypt: ccd1ed58b6dfc857aa9aaffafcf73b7e
2026-05-16 10:21:17 - getOutlet.php - Authentication berhasil
2026-05-16 10:21:17 - getOutlet.php - Query: SELECT id_out, nama_out, '' AS alamat_out, ofcode_out
            FROM outlet 
            WHERE status_out IN ('Active', '1', 'active')
            AND (nama_out LIKE :key OR ofcode_out LIKE :key)
            ORDER BY nama_out ASC
            LIMIT 20
2026-05-16 10:21:17 - getOutlet.php - Query berhasil, mengembalikan 20 record
2026-05-16 10:21:17 - getOutlet.php - === END REQUEST ===
2026-05-16 03:21:17 - getOutlet.php - === REQUEST GETOUTLET ===
2026-05-16 03:21:17 - getOutlet.php - Method: POST
2026-05-16 03:21:17 - getOutlet.php - POST data: {"tgl":"2026-05-16","encrypt":"ccd1ed58b6dfc857aa9aaffafcf73b7e","id_apl":"APL01","key":"Rs m"}
2026-05-16 10:21:17 - getOutlet.php - Params - tgl: 2026-05-16, encrypt: ccd1ed58b6dfc857aa9aaffafcf73b7e, id_apl: APL01, key: Rs m
2026-05-16 10:21:17 - getOutlet.php - Aplikasi ditemukan: Ya
2026-05-16 10:21:17 - getOutlet.php - Key aplikasi: YbcJSFjkds...
2026-05-16 10:21:17 - getOutlet.php - Expected encrypt: ccd1ed58b6dfc857aa9aaffafcf73b7e
2026-05-16 10:21:17 - getOutlet.php - Received encrypt: ccd1ed58b6dfc857aa9aaffafcf73b7e
2026-05-16 10:21:17 - getOutlet.php - Authentication berhasil
2026-05-16 10:21:17 - getOutlet.php - Query: SELECT id_out, nama_out, '' AS alamat_out, ofcode_out
            FROM outlet 
            WHERE status_out IN ('Active', '1', 'active')
            AND (nama_out LIKE :key OR ofcode_out LIKE :key)
            ORDER BY nama_out ASC
            LIMIT 20
2026-05-16 10:21:17 - getOutlet.php - Query berhasil, mengembalikan 20 record
2026-05-16 10:21:17 - getOutlet.php - === END REQUEST ===
2026-05-16 03:21:18 - getOutlet.php - === REQUEST GETOUTLET ===
2026-05-16 03:21:18 - getOutlet.php - Method: POST
2026-05-16 03:21:18 - getOutlet.php - POST data: {"tgl":"2026-05-16","encrypt":"ccd1ed58b6dfc857aa9aaffafcf73b7e","id_apl":"APL01","key":"Rs me"}
2026-05-16 10:21:18 - getOutlet.php - Params - tgl: 2026-05-16, encrypt: ccd1ed58b6dfc857aa9aaffafcf73b7e, id_apl: APL01, key: Rs me
2026-05-16 10:21:18 - getOutlet.php - Aplikasi ditemukan: Ya
2026-05-16 10:21:18 - getOutlet.php - Key aplikasi: YbcJSFjkds...
2026-05-16 10:21:18 - getOutlet.php - Expected encrypt: ccd1ed58b6dfc857aa9aaffafcf73b7e
2026-05-16 10:21:18 - getOutlet.php - Received encrypt: ccd1ed58b6dfc857aa9aaffafcf73b7e
2026-05-16 10:21:18 - getOutlet.php - Authentication berhasil
2026-05-16 10:21:18 - getOutlet.php - Query: SELECT id_out, nama_out, '' AS alamat_out, ofcode_out
            FROM outlet 
            WHERE status_out IN ('Active', '1', 'active')
            AND (nama_out LIKE :key OR ofcode_out LIKE :key)
            ORDER BY nama_out ASC
            LIMIT 20
2026-05-16 10:21:18 - getOutlet.php - Query berhasil, mengembalikan 13 record
2026-05-16 10:21:18 - getOutlet.php - === END REQUEST ===
2026-05-16 03:21:18 - getOutlet.php - === REQUEST GETOUTLET ===
2026-05-16 03:21:18 - getOutlet.php - Method: POST
2026-05-16 03:21:18 - getOutlet.php - POST data: {"tgl":"2026-05-16","encrypt":"ccd1ed58b6dfc857aa9aaffafcf73b7e","id_apl":"APL01","key":"Rs men"}
2026-05-16 10:21:18 - getOutlet.php - Params - tgl: 2026-05-16, encrypt: ccd1ed58b6dfc857aa9aaffafcf73b7e, id_apl: APL01, key: Rs men
2026-05-16 10:21:18 - getOutlet.php - Aplikasi ditemukan: Ya
2026-05-16 10:21:18 - getOutlet.php - Key aplikasi: YbcJSFjkds...
2026-05-16 10:21:18 - getOutlet.php - Expected encrypt: ccd1ed58b6dfc857aa9aaffafcf73b7e
2026-05-16 10:21:18 - getOutlet.php - Received encrypt: ccd1ed58b6dfc857aa9aaffafcf73b7e
2026-05-16 10:21:18 - getOutlet.php - Authentication berhasil
2026-05-16 10:21:18 - getOutlet.php - Query: SELECT id_out, nama_out, '' AS alamat_out, ofcode_out
            FROM outlet 
            WHERE status_out IN ('Active', '1', 'active')
            AND (nama_out LIKE :key OR ofcode_out LIKE :key)
            ORDER BY nama_out ASC
            LIMIT 20
2026-05-16 10:21:18 - getOutlet.php - Query berhasil, mengembalikan 1 record
2026-05-16 10:21:18 - getOutlet.php - === END REQUEST ===
2026-05-16 03:21:18 - getOutlet.php - === REQUEST GETOUTLET ===
2026-05-16 03:21:18 - getOutlet.php - Method: POST
2026-05-16 03:21:18 - getOutlet.php - POST data: {"tgl":"2026-05-16","encrypt":"ccd1ed58b6dfc857aa9aaffafcf73b7e","id_apl":"APL01","key":"Apd"}
2026-05-16 10:21:18 - getOutlet.php - Params - tgl: 2026-05-16, encrypt: ccd1ed58b6dfc857aa9aaffafcf73b7e, id_apl: APL01, key: Apd
2026-05-16 10:21:18 - getOutlet.php - Aplikasi ditemukan: Ya
2026-05-16 10:21:18 - getOutlet.php - Key aplikasi: YbcJSFjkds...
2026-05-16 10:21:18 - getOutlet.php - Expected encrypt: ccd1ed58b6dfc857aa9aaffafcf73b7e
2026-05-16 10:21:18 - getOutlet.php - Received encrypt: ccd1ed58b6dfc857aa9aaffafcf73b7e
2026-05-16 10:21:18 - getOutlet.php - Authentication berhasil
2026-05-16 10:21:18 - getOutlet.php - Query: SELECT id_out, nama_out, '' AS alamat_out, ofcode_out
            FROM outlet 
            WHERE status_out IN ('Active', '1', 'active')
            AND (nama_out LIKE :key OR ofcode_out LIKE :key)
            ORDER BY nama_out ASC
            LIMIT 20
2026-05-16 10:21:18 - getOutlet.php - Query berhasil, mengembalikan 1 record
2026-05-16 10:21:18 - getOutlet.php - === END REQUEST ===
2026-05-16 03:21:18 - getOutlet.php - === REQUEST GETOUTLET ===
2026-05-16 03:21:18 - getOutlet.php - Method: POST
2026-05-16 03:21:18 - getOutlet.php - POST data: {"tgl":"2026-05-16","encrypt":"ccd1ed58b6dfc857aa9aaffafcf73b7e","id_apl":"APL01","key":"Rs ment"}
2026-05-16 10:21:18 - getOutlet.php - Params - tgl: 2026-05-16, encrypt: ccd1ed58b6dfc857aa9aaffafcf73b7e, id_apl: APL01, key: Rs ment
2026-05-16 10:21:18 - getOutlet.php - Aplikasi ditemukan: Ya
2026-05-16 10:21:18 - getOutlet.php - Key aplikasi: YbcJSFjkds...
2026-05-16 10:21:18 - getOutlet.php - Expected encrypt: ccd1ed58b6dfc857aa9aaffafcf73b7e
2026-05-16 10:21:18 - getOutlet.php - Received encrypt: ccd1ed58b6dfc857aa9aaffafcf73b7e
2026-05-16 10:21:18 - getOutlet.php - Authentication berhasil
2026-05-16 10:21:18 - getOutlet.php - Query: SELECT id_out, nama_out, '' AS alamat_out, ofcode_out
            FROM outlet 
            WHERE status_out IN ('Active', '1', 'active')
            AND (nama_out LIKE :key OR ofcode_out LIKE :key)
            ORDER BY nama_out ASC
            LIMIT 20
2026-05-16 10:21:18 - getOutlet.php - Query berhasil, mengembalikan 1 record
2026-05-16 10:21:18 - getOutlet.php - === END REQUEST ===
2026-05-16 03:21:19 - getOutlet.php - === REQUEST GETOUTLET ===
2026-05-16 03:21:19 - getOutlet.php - Method: POST
2026-05-16 03:21:19 - getOutlet.php - POST data: {"tgl":"2026-05-16","encrypt":"ccd1ed58b6dfc857aa9aaffafcf73b7e","id_apl":"APL01","key":"Apd p"}
2026-05-16 10:21:19 - getOutlet.php - Params - tgl: 2026-05-16, encrypt: ccd1ed58b6dfc857aa9aaffafcf73b7e, id_apl: APL01, key: Apd p
2026-05-16 10:21:19 - getOutlet.php - Aplikasi ditemukan: Ya
2026-05-16 10:21:19 - getOutlet.php - Key aplikasi: YbcJSFjkds...
2026-05-16 10:21:19 - getOutlet.php - Expected encrypt: ccd1ed58b6dfc857aa9aaffafcf73b7e
2026-05-16 10:21:19 - getOutlet.php - Received encrypt: ccd1ed58b6dfc857aa9aaffafcf73b7e
2026-05-16 10:21:19 - getOutlet.php - Authentication berhasil
2026-05-16 10:21:19 - getOutlet.php - Query: SELECT id_out, nama_out, '' AS alamat_out, ofcode_out
            FROM outlet 
            WHERE status_out IN ('Active', '1', 'active')
            AND (nama_out LIKE :key OR ofcode_out LIKE :key)
            ORDER BY nama_out ASC
            LIMIT 20
2026-05-16 10:21:19 - getOutlet.php - Query berhasil, mengembalikan 1 record
2026-05-16 10:21:19 - getOutlet.php - === END REQUEST ===
2026-05-16 03:21:19 - getOutlet.php - === REQUEST GETOUTLET ===
2026-05-16 03:21:19 - getOutlet.php - Method: POST
2026-05-16 03:21:19 - getOutlet.php - POST data: {"tgl":"2026-05-16","encrypt":"ccd1ed58b6dfc857aa9aaffafcf73b7e","id_apl":"APL01","key":"RS MENTARI"}
2026-05-16 10:21:19 - getOutlet.php - Params - tgl: 2026-05-16, encrypt: ccd1ed58b6dfc857aa9aaffafcf73b7e, id_apl: APL01, key: RS MENTARI
2026-05-16 10:21:19 - getOutlet.php - Aplikasi ditemukan: Ya
2026-05-16 10:21:19 - getOutlet.php - Key aplikasi: YbcJSFjkds...
2026-05-16 10:21:19 - getOutlet.php - Expected encrypt: ccd1ed58b6dfc857aa9aaffafcf73b7e
2026-05-16 10:21:19 - getOutlet.php - Received encrypt: ccd1ed58b6dfc857aa9aaffafcf73b7e
2026-05-16 10:21:19 - getOutlet.php - Authentication berhasil
2026-05-16 10:21:19 - getOutlet.php - Query: SELECT id_out, nama_out, '' AS alamat_out, ofcode_out
            FROM outlet 
            WHERE status_out IN ('Active', '1', 'active')
            AND (nama_out LIKE :key OR ofcode_out LIKE :key)
            ORDER BY nama_out ASC
            LIMIT 20
2026-05-16 10:21:19 - getOutlet.php - Query berhasil, mengembalikan 1 record
2026-05-16 10:21:19 - getOutlet.php - === END REQUEST ===
2026-05-16 03:21:19 - getOutlet.php - === REQUEST GETOUTLET ===
2026-05-16 03:21:19 - getOutlet.php - Method: POST
2026-05-16 03:21:19 - getOutlet.php - POST data: {"tgl":"2026-05-16","encrypt":"ccd1ed58b6dfc857aa9aaffafcf73b7e","id_apl":"APL01","key":"Apd ph"}
2026-05-16 10:21:19 - getOutlet.php - Params - tgl: 2026-05-16, encrypt: ccd1ed58b6dfc857aa9aaffafcf73b7e, id_apl: APL01, key: Apd ph
2026-05-16 10:21:19 - getOutlet.php - Aplikasi ditemukan: Ya
2026-05-16 10:21:19 - getOutlet.php - Key aplikasi: YbcJSFjkds...
2026-05-16 10:21:19 - getOutlet.php - Expected encrypt: ccd1ed58b6dfc857aa9aaffafcf73b7e
2026-05-16 10:21:19 - getOutlet.php - Received encrypt: ccd1ed58b6dfc857aa9aaffafcf73b7e
2026-05-16 10:21:19 - getOutlet.php - Authentication berhasil
2026-05-16 10:21:19 - getOutlet.php - Query: SELECT id_out, nama_out, '' AS alamat_out, ofcode_out
            FROM outlet 
            WHERE status_out IN ('Active', '1', 'active')
            AND (nama_out LIKE :key OR ofcode_out LIKE :key)
            ORDER BY nama_out ASC
            LIMIT 20
2026-05-16 10:21:19 - getOutlet.php - Query berhasil, mengembalikan 1 record
2026-05-16 10:21:19 - getOutlet.php - === END REQUEST ===
2026-05-16 03:21:20 - getOutlet.php - === REQUEST GETOUTLET ===
2026-05-16 03:21:20 - getOutlet.php - Method: POST
2026-05-16 03:21:20 - getOutlet.php - POST data: {"tgl":"2026-05-16","encrypt":"ccd1ed58b6dfc857aa9aaffafcf73b7e","id_apl":"APL01","key":"Apd pha"}
2026-05-16 10:21:20 - getOutlet.php - Params - tgl: 2026-05-16, encrypt: ccd1ed58b6dfc857aa9aaffafcf73b7e, id_apl: APL01, key: Apd pha
2026-05-16 10:21:20 - getOutlet.php - Aplikasi ditemukan: Ya
2026-05-16 10:21:20 - getOutlet.php - Key aplikasi: YbcJSFjkds...
2026-05-16 10:21:20 - getOutlet.php - Expected encrypt: ccd1ed58b6dfc857aa9aaffafcf73b7e
2026-05-16 10:21:20 - getOutlet.php - Received encrypt: ccd1ed58b6dfc857aa9aaffafcf73b7e
2026-05-16 10:21:20 - getOutlet.php - Authentication berhasil
2026-05-16 10:21:20 - getOutlet.php - Query: SELECT id_out, nama_out, '' AS alamat_out, ofcode_out
            FROM outlet 
            WHERE status_out IN ('Active', '1', 'active')
            AND (nama_out LIKE :key OR ofcode_out LIKE :key)
            ORDER BY nama_out ASC
            LIMIT 20
2026-05-16 10:21:20 - getOutlet.php - Query berhasil, mengembalikan 1 record
2026-05-16 10:21:20 - getOutlet.php - === END REQUEST ===
2026-05-16 03:21:20 - getOutlet.php - === REQUEST GETOUTLET ===
2026-05-16 03:21:20 - getOutlet.php - Method: POST
2026-05-16 03:21:20 - getOutlet.php - POST data: {"tgl":"2026-05-16","encrypt":"ccd1ed58b6dfc857aa9aaffafcf73b7e","id_apl":"APL01","key":"Apd phar"}
2026-05-16 10:21:20 - getOutlet.php - Params - tgl: 2026-05-16, encrypt: ccd1ed58b6dfc857aa9aaffafcf73b7e, id_apl: APL01, key: Apd phar
2026-05-16 10:21:20 - getOutlet.php - Aplikasi ditemukan: Ya
2026-05-16 10:21:20 - getOutlet.php - Key aplikasi: YbcJSFjkds...
2026-05-16 10:21:20 - getOutlet.php - Expected encrypt: ccd1ed58b6dfc857aa9aaffafcf73b7e
2026-05-16 10:21:20 - getOutlet.php - Received encrypt: ccd1ed58b6dfc857aa9aaffafcf73b7e
2026-05-16 10:21:20 - getOutlet.php - Authentication berhasil
2026-05-16 10:21:20 - getOutlet.php - Query: SELECT id_out, nama_out, '' AS alamat_out, ofcode_out
            FROM outlet 
            WHERE status_out IN ('Active', '1', 'active')
            AND (nama_out LIKE :key OR ofcode_out LIKE :key)
            ORDER BY nama_out ASC
            LIMIT 20
2026-05-16 10:21:20 - getOutlet.php - Query berhasil, mengembalikan 1 record
2026-05-16 10:21:20 - getOutlet.php - === END REQUEST ===
2026-05-16 03:21:22 - getOutlet.php - === REQUEST GETOUTLET ===
2026-05-16 03:21:22 - getOutlet.php - Method: POST
2026-05-16 03:21:22 - getOutlet.php - POST data: {"tgl":"2026-05-16","encrypt":"ccd1ed58b6dfc857aa9aaffafcf73b7e","id_apl":"APL01","key":"APD PHARMA DISTRIBUTION"}
2026-05-16 10:21:22 - getOutlet.php - Params - tgl: 2026-05-16, encrypt: ccd1ed58b6dfc857aa9aaffafcf73b7e, id_apl: APL01, key: APD PHARMA DISTRIBUTION
2026-05-16 10:21:22 - getOutlet.php - Aplikasi ditemukan: Ya
2026-05-16 10:21:22 - getOutlet.php - Key aplikasi: YbcJSFjkds...
2026-05-16 10:21:22 - getOutlet.php - Expected encrypt: ccd1ed58b6dfc857aa9aaffafcf73b7e
2026-05-16 10:21:22 - getOutlet.php - Received encrypt: ccd1ed58b6dfc857aa9aaffafcf73b7e
2026-05-16 10:21:22 - getOutlet.php - Authentication berhasil
2026-05-16 10:21:22 - getOutlet.php - Query: SELECT id_out, nama_out, '' AS alamat_out, ofcode_out
            FROM outlet 
            WHERE status_out IN ('Active', '1', 'active')
            AND (nama_out LIKE :key OR ofcode_out LIKE :key)
            ORDER BY nama_out ASC
            LIMIT 20
2026-05-16 10:21:22 - getOutlet.php - Query berhasil, mengembalikan 1 record
2026-05-16 10:21:22 - getOutlet.php - === END REQUEST ===
2026-05-16 03:21:36 - getOutlet.php - === REQUEST GETOUTLET ===
2026-05-16 03:21:36 - getOutlet.php - Method: POST
2026-05-16 03:21:36 - getOutlet.php - POST data: {"tgl":"2026-05-16","encrypt":"ccd1ed58b6dfc857aa9aaffafcf73b7e","id_apl":"APL01","key":"Ek"}
2026-05-16 10:21:36 - getOutlet.php - Params - tgl: 2026-05-16, encrypt: ccd1ed58b6dfc857aa9aaffafcf73b7e, id_apl: APL01, key: Ek
2026-05-16 10:21:36 - getOutlet.php - Aplikasi ditemukan: Ya
2026-05-16 10:21:36 - getOutlet.php - Key aplikasi: YbcJSFjkds...
2026-05-16 10:21:36 - getOutlet.php - Expected encrypt: ccd1ed58b6dfc857aa9aaffafcf73b7e
2026-05-16 10:21:36 - getOutlet.php - Received encrypt: ccd1ed58b6dfc857aa9aaffafcf73b7e
2026-05-16 10:21:36 - getOutlet.php - Authentication berhasil
2026-05-16 10:21:36 - getOutlet.php - Query: SELECT id_out, nama_out, '' AS alamat_out, ofcode_out
            FROM outlet 
            WHERE status_out IN ('Active', '1', 'active')
            AND (nama_out LIKE :key OR ofcode_out LIKE :key)
            ORDER BY nama_out ASC
            LIMIT 20
2026-05-16 10:21:36 - getOutlet.php - Query berhasil, mengembalikan 20 record
2026-05-16 10:21:36 - getOutlet.php - === END REQUEST ===
2026-05-16 03:21:37 - getOutlet.php - === REQUEST GETOUTLET ===
2026-05-16 03:21:37 - getOutlet.php - Method: POST
2026-05-16 03:21:37 - getOutlet.php - POST data: {"tgl":"2026-05-16","encrypt":"ccd1ed58b6dfc857aa9aaffafcf73b7e","id_apl":"APL01","key":"Eka"}
2026-05-16 10:21:37 - getOutlet.php - Params - tgl: 2026-05-16, encrypt: ccd1ed58b6dfc857aa9aaffafcf73b7e, id_apl: APL01, key: Eka
2026-05-16 10:21:37 - getOutlet.php - Aplikasi ditemukan: Ya
2026-05-16 10:21:37 - getOutlet.php - Key aplikasi: YbcJSFjkds...
2026-05-16 10:21:37 - getOutlet.php - Expected encrypt: ccd1ed58b6dfc857aa9aaffafcf73b7e
2026-05-16 10:21:37 - getOutlet.php - Received encrypt: ccd1ed58b6dfc857aa9aaffafcf73b7e
2026-05-16 10:21:37 - getOutlet.php - Authentication berhasil
2026-05-16 10:21:37 - getOutlet.php - Query: SELECT id_out, nama_out, '' AS alamat_out, ofcode_out
            FROM outlet 
            WHERE status_out IN ('Active', '1', 'active')
            AND (nama_out LIKE :key OR ofcode_out LIKE :key)
            ORDER BY nama_out ASC
            LIMIT 20
2026-05-16 10:21:37 - getOutlet.php - Query berhasil, mengembalikan 20 record
2026-05-16 10:21:37 - getOutlet.php - === END REQUEST ===
2026-05-16 03:21:39 - getOutlet.php - === REQUEST GETOUTLET ===
2026-05-16 03:21:39 - getOutlet.php - Method: POST
2026-05-16 03:21:39 - getOutlet.php - POST data: {"tgl":"2026-05-16","encrypt":"ccd1ed58b6dfc857aa9aaffafcf73b7e","id_apl":"APL01","key":"Eka"}
2026-05-16 10:21:39 - getOutlet.php - Params - tgl: 2026-05-16, encrypt: ccd1ed58b6dfc857aa9aaffafcf73b7e, id_apl: APL01, key: Eka
2026-05-16 10:21:39 - getOutlet.php - Aplikasi ditemukan: Ya
2026-05-16 10:21:39 - getOutlet.php - Key aplikasi: YbcJSFjkds...
2026-05-16 10:21:39 - getOutlet.php - Expected encrypt: ccd1ed58b6dfc857aa9aaffafcf73b7e
2026-05-16 10:21:39 - getOutlet.php - Received encrypt: ccd1ed58b6dfc857aa9aaffafcf73b7e
2026-05-16 10:21:39 - getOutlet.php - Authentication berhasil
2026-05-16 10:21:39 - getOutlet.php - Query: SELECT id_out, nama_out, '' AS alamat_out, ofcode_out
            FROM outlet 
            WHERE status_out IN ('Active', '1', 'active')
            AND (nama_out LIKE :key OR ofcode_out LIKE :key)
            ORDER BY nama_out ASC
            LIMIT 20
2026-05-16 10:21:39 - getOutlet.php - Query berhasil, mengembalikan 20 record
2026-05-16 10:21:39 - getOutlet.php - === END REQUEST ===
2026-05-16 03:21:39 - getOutlet.php - === REQUEST GETOUTLET ===
2026-05-16 03:21:39 - getOutlet.php - Method: POST
2026-05-16 03:21:39 - getOutlet.php - POST data: {"tgl":"2026-05-16","encrypt":"ccd1ed58b6dfc857aa9aaffafcf73b7e","id_apl":"APL01","key":"Eka"}
2026-05-16 10:21:39 - getOutlet.php - Params - tgl: 2026-05-16, encrypt: ccd1ed58b6dfc857aa9aaffafcf73b7e, id_apl: APL01, key: Eka
2026-05-16 10:21:39 - getOutlet.php - Aplikasi ditemukan: Ya
2026-05-16 10:21:39 - getOutlet.php - Key aplikasi: YbcJSFjkds...
2026-05-16 10:21:39 - getOutlet.php - Expected encrypt: ccd1ed58b6dfc857aa9aaffafcf73b7e
2026-05-16 10:21:39 - getOutlet.php - Received encrypt: ccd1ed58b6dfc857aa9aaffafcf73b7e
2026-05-16 10:21:39 - getOutlet.php - Authentication berhasil
2026-05-16 10:21:39 - getOutlet.php - Query: SELECT id_out, nama_out, '' AS alamat_out, ofcode_out
            FROM outlet 
            WHERE status_out IN ('Active', '1', 'active')
            AND (nama_out LIKE :key OR ofcode_out LIKE :key)
            ORDER BY nama_out ASC
            LIMIT 20
2026-05-16 10:21:39 - getOutlet.php - Query berhasil, mengembalikan 20 record
2026-05-16 10:21:39 - getOutlet.php - === END REQUEST ===
2026-05-16 03:21:39 - getOutlet.php - === REQUEST GETOUTLET ===
2026-05-16 03:21:39 - getOutlet.php - Method: POST
2026-05-16 03:21:39 - getOutlet.php - POST data: {"tgl":"2026-05-16","encrypt":"ccd1ed58b6dfc857aa9aaffafcf73b7e","id_apl":"APL01","key":"Eka h"}
2026-05-16 10:21:39 - getOutlet.php - Params - tgl: 2026-05-16, encrypt: ccd1ed58b6dfc857aa9aaffafcf73b7e, id_apl: APL01, key: Eka h
2026-05-16 10:21:39 - getOutlet.php - Aplikasi ditemukan: Ya
2026-05-16 10:21:39 - getOutlet.php - Key aplikasi: YbcJSFjkds...
2026-05-16 10:21:39 - getOutlet.php - Expected encrypt: ccd1ed58b6dfc857aa9aaffafcf73b7e
2026-05-16 10:21:39 - getOutlet.php - Received encrypt: ccd1ed58b6dfc857aa9aaffafcf73b7e
2026-05-16 10:21:39 - getOutlet.php - Authentication berhasil
2026-05-16 10:21:39 - getOutlet.php - Query: SELECT id_out, nama_out, '' AS alamat_out, ofcode_out
            FROM outlet 
            WHERE status_out IN ('Active', '1', 'active')
            AND (nama_out LIKE :key OR ofcode_out LIKE :key)
            ORDER BY nama_out ASC
            LIMIT 20
2026-05-16 10:21:39 - getOutlet.php - Query berhasil, mengembalikan 5 record
2026-05-16 10:21:39 - getOutlet.php - === END REQUEST ===
2026-05-16 03:21:39 - getOutlet.php - === REQUEST GETOUTLET ===
2026-05-16 03:21:39 - getOutlet.php - Method: POST
2026-05-16 03:21:39 - getOutlet.php - POST data: {"tgl":"2026-05-16","encrypt":"ccd1ed58b6dfc857aa9aaffafcf73b7e","id_apl":"APL01","key":"Eka ho"}
2026-05-16 10:21:39 - getOutlet.php - Params - tgl: 2026-05-16, encrypt: ccd1ed58b6dfc857aa9aaffafcf73b7e, id_apl: APL01, key: Eka ho
2026-05-16 10:21:39 - getOutlet.php - Aplikasi ditemukan: Ya
2026-05-16 10:21:39 - getOutlet.php - Key aplikasi: YbcJSFjkds...
2026-05-16 10:21:39 - getOutlet.php - Expected encrypt: ccd1ed58b6dfc857aa9aaffafcf73b7e
2026-05-16 10:21:39 - getOutlet.php - Received encrypt: ccd1ed58b6dfc857aa9aaffafcf73b7e
2026-05-16 10:21:39 - getOutlet.php - Authentication berhasil
2026-05-16 10:21:39 - getOutlet.php - Query: SELECT id_out, nama_out, '' AS alamat_out, ofcode_out
            FROM outlet 
            WHERE status_out IN ('Active', '1', 'active')
            AND (nama_out LIKE :key OR ofcode_out LIKE :key)
            ORDER BY nama_out ASC
            LIMIT 20
2026-05-16 10:21:39 - getOutlet.php - Query berhasil, mengembalikan 5 record
2026-05-16 10:21:39 - getOutlet.php - === END REQUEST ===
2026-05-16 03:21:39 - getOutlet.php - === REQUEST GETOUTLET ===
2026-05-16 03:21:39 - getOutlet.php - Method: POST
2026-05-16 03:21:39 - getOutlet.php - POST data: {"tgl":"2026-05-16","encrypt":"ccd1ed58b6dfc857aa9aaffafcf73b7e","id_apl":"APL01","key":"Eka hos"}
2026-05-16 10:21:39 - getOutlet.php - Params - tgl: 2026-05-16, encrypt: ccd1ed58b6dfc857aa9aaffafcf73b7e, id_apl: APL01, key: Eka hos
2026-05-16 10:21:39 - getOutlet.php - Aplikasi ditemukan: Ya
2026-05-16 10:21:39 - getOutlet.php - Key aplikasi: YbcJSFjkds...
2026-05-16 10:21:39 - getOutlet.php - Expected encrypt: ccd1ed58b6dfc857aa9aaffafcf73b7e
2026-05-16 10:21:39 - getOutlet.php - Received encrypt: ccd1ed58b6dfc857aa9aaffafcf73b7e
2026-05-16 10:21:39 - getOutlet.php - Authentication berhasil
2026-05-16 10:21:39 - getOutlet.php - Query: SELECT id_out, nama_out, '' AS alamat_out, ofcode_out
            FROM outlet 
            WHERE status_out IN ('Active', '1', 'active')
            AND (nama_out LIKE :key OR ofcode_out LIKE :key)
            ORDER BY nama_out ASC
            LIMIT 20
2026-05-16 10:21:39 - getOutlet.php - Query berhasil, mengembalikan 5 record
2026-05-16 10:21:39 - getOutlet.php - === END REQUEST ===
2026-05-16 03:21:40 - getOutlet.php - === REQUEST GETOUTLET ===
2026-05-16 03:21:40 - getOutlet.php - Method: POST
2026-05-16 03:21:40 - getOutlet.php - POST data: {"tgl":"2026-05-16","encrypt":"ccd1ed58b6dfc857aa9aaffafcf73b7e","id_apl":"APL01","key":"Eka hosp"}
2026-05-16 10:21:40 - getOutlet.php - Params - tgl: 2026-05-16, encrypt: ccd1ed58b6dfc857aa9aaffafcf73b7e, id_apl: APL01, key: Eka hosp
2026-05-16 10:21:40 - getOutlet.php - Aplikasi ditemukan: Ya
2026-05-16 10:21:40 - getOutlet.php - Key aplikasi: YbcJSFjkds...
2026-05-16 10:21:40 - getOutlet.php - Expected encrypt: ccd1ed58b6dfc857aa9aaffafcf73b7e
2026-05-16 10:21:40 - getOutlet.php - Received encrypt: ccd1ed58b6dfc857aa9aaffafcf73b7e
2026-05-16 10:21:40 - getOutlet.php - Authentication berhasil
2026-05-16 10:21:40 - getOutlet.php - Query: SELECT id_out, nama_out, '' AS alamat_out, ofcode_out
            FROM outlet 
            WHERE status_out IN ('Active', '1', 'active')
            AND (nama_out LIKE :key OR ofcode_out LIKE :key)
            ORDER BY nama_out ASC
            LIMIT 20
2026-05-16 10:21:40 - getOutlet.php - Query berhasil, mengembalikan 5 record
2026-05-16 10:21:40 - getOutlet.php - === END REQUEST ===
2026-05-16 03:21:42 - getOutlet.php - === REQUEST GETOUTLET ===
2026-05-16 03:21:42 - getOutlet.php - Method: POST
2026-05-16 03:21:42 - getOutlet.php - POST data: {"tgl":"2026-05-16","encrypt":"ccd1ed58b6dfc857aa9aaffafcf73b7e","id_apl":"APL01","key":"RS EKA HOSPITAL BSD"}
2026-05-16 10:21:42 - getOutlet.php - Params - tgl: 2026-05-16, encrypt: ccd1ed58b6dfc857aa9aaffafcf73b7e, id_apl: APL01, key: RS EKA HOSPITAL BSD
2026-05-16 10:21:42 - getOutlet.php - Aplikasi ditemukan: Ya
2026-05-16 10:21:42 - getOutlet.php - Key aplikasi: YbcJSFjkds...
2026-05-16 10:21:42 - getOutlet.php - Expected encrypt: ccd1ed58b6dfc857aa9aaffafcf73b7e
2026-05-16 10:21:42 - getOutlet.php - Received encrypt: ccd1ed58b6dfc857aa9aaffafcf73b7e
2026-05-16 10:21:42 - getOutlet.php - Authentication berhasil
2026-05-16 10:21:42 - getOutlet.php - Query: SELECT id_out, nama_out, '' AS alamat_out, ofcode_out
            FROM outlet 
            WHERE status_out IN ('Active', '1', 'active')
            AND (nama_out LIKE :key OR ofcode_out LIKE :key)
            ORDER BY nama_out ASC
            LIMIT 20
2026-05-16 10:21:42 - getOutlet.php - Query berhasil, mengembalikan 1 record
2026-05-16 10:21:42 - getOutlet.php - === END REQUEST ===
2026-05-16 03:21:57 - getOutlet.php - === REQUEST GETOUTLET ===
2026-05-16 03:21:57 - getOutlet.php - Method: POST
2026-05-16 03:21:57 - getOutlet.php - POST data: {"tgl":"2026-05-16","encrypt":"ccd1ed58b6dfc857aa9aaffafcf73b7e","id_apl":"APL01","key":"Rs"}
2026-05-16 10:21:57 - getOutlet.php - Params - tgl: 2026-05-16, encrypt: ccd1ed58b6dfc857aa9aaffafcf73b7e, id_apl: APL01, key: Rs
2026-05-16 10:21:57 - getOutlet.php - Aplikasi ditemukan: Ya
2026-05-16 10:21:57 - getOutlet.php - Key aplikasi: YbcJSFjkds...
2026-05-16 10:21:57 - getOutlet.php - Expected encrypt: ccd1ed58b6dfc857aa9aaffafcf73b7e
2026-05-16 10:21:57 - getOutlet.php - Received encrypt: ccd1ed58b6dfc857aa9aaffafcf73b7e
2026-05-16 10:21:57 - getOutlet.php - Authentication berhasil
2026-05-16 10:21:57 - getOutlet.php - Query: SELECT id_out, nama_out, '' AS alamat_out, ofcode_out
            FROM outlet 
            WHERE status_out IN ('Active', '1', 'active')
            AND (nama_out LIKE :key OR ofcode_out LIKE :key)
            ORDER BY nama_out ASC
            LIMIT 20
2026-05-16 10:21:57 - getOutlet.php - Query berhasil, mengembalikan 20 record
2026-05-16 10:21:57 - getOutlet.php - === END REQUEST ===
2026-05-16 03:21:58 - getOutlet.php - === REQUEST GETOUTLET ===
2026-05-16 03:21:58 - getOutlet.php - Method: POST
2026-05-16 03:21:58 - getOutlet.php - POST data: {"tgl":"2026-05-16","encrypt":"ccd1ed58b6dfc857aa9aaffafcf73b7e","id_apl":"APL01","key":"Rs"}
2026-05-16 10:21:58 - getOutlet.php - Params - tgl: 2026-05-16, encrypt: ccd1ed58b6dfc857aa9aaffafcf73b7e, id_apl: APL01, key: Rs
2026-05-16 03:21:58 - getOutlet.php - === REQUEST GETOUTLET ===
2026-05-16 03:21:58 - getOutlet.php - Method: POST
2026-05-16 03:21:58 - getOutlet.php - POST data: {"tgl":"2026-05-16","encrypt":"ccd1ed58b6dfc857aa9aaffafcf73b7e","id_apl":"APL01","key":"Rs"}
2026-05-16 10:21:58 - getOutlet.php - Params - tgl: 2026-05-16, encrypt: ccd1ed58b6dfc857aa9aaffafcf73b7e, id_apl: APL01, key: Rs
2026-05-16 10:21:58 - getOutlet.php - Aplikasi ditemukan: Ya
2026-05-16 10:21:58 - getOutlet.php - Key aplikasi: YbcJSFjkds...
2026-05-16 10:21:58 - getOutlet.php - Expected encrypt: ccd1ed58b6dfc857aa9aaffafcf73b7e
2026-05-16 10:21:58 - getOutlet.php - Aplikasi ditemukan: Ya
2026-05-16 10:21:58 - getOutlet.php - Received encrypt: ccd1ed58b6dfc857aa9aaffafcf73b7e
2026-05-16 10:21:58 - getOutlet.php - Key aplikasi: YbcJSFjkds...
2026-05-16 10:21:58 - getOutlet.php - Authentication berhasil
2026-05-16 10:21:58 - getOutlet.php - Expected encrypt: ccd1ed58b6dfc857aa9aaffafcf73b7e
2026-05-16 10:21:58 - getOutlet.php - Received encrypt: ccd1ed58b6dfc857aa9aaffafcf73b7e
2026-05-16 10:21:58 - getOutlet.php - Authentication berhasil
2026-05-16 10:21:58 - getOutlet.php - Query: SELECT id_out, nama_out, '' AS alamat_out, ofcode_out
            FROM outlet 
            WHERE status_out IN ('Active', '1', 'active')
            AND (nama_out LIKE :key OR ofcode_out LIKE :key)
            ORDER BY nama_out ASC
            LIMIT 20
2026-05-16 10:21:58 - getOutlet.php - Query: SELECT id_out, nama_out, '' AS alamat_out, ofcode_out
            FROM outlet 
            WHERE status_out IN ('Active', '1', 'active')
            AND (nama_out LIKE :key OR ofcode_out LIKE :key)
            ORDER BY nama_out ASC
            LIMIT 20
2026-05-16 10:21:58 - getOutlet.php - Query berhasil, mengembalikan 20 record
2026-05-16 10:21:58 - getOutlet.php - Query berhasil, mengembalikan 20 record
2026-05-16 10:21:58 - getOutlet.php - === END REQUEST ===
2026-05-16 10:21:58 - getOutlet.php - === END REQUEST ===
2026-05-16 03:21:58 - getOutlet.php - === REQUEST GETOUTLET ===
2026-05-16 03:21:58 - getOutlet.php - Method: POST
2026-05-16 03:21:58 - getOutlet.php - POST data: {"tgl":"2026-05-16","encrypt":"ccd1ed58b6dfc857aa9aaffafcf73b7e","id_apl":"APL01","key":"Rs e"}
2026-05-16 10:21:58 - getOutlet.php - Params - tgl: 2026-05-16, encrypt: ccd1ed58b6dfc857aa9aaffafcf73b7e, id_apl: APL01, key: Rs e
2026-05-16 10:21:58 - getOutlet.php - Aplikasi ditemukan: Ya
2026-05-16 10:21:58 - getOutlet.php - Key aplikasi: YbcJSFjkds...
2026-05-16 10:21:58 - getOutlet.php - Expected encrypt: ccd1ed58b6dfc857aa9aaffafcf73b7e
2026-05-16 10:21:58 - getOutlet.php - Received encrypt: ccd1ed58b6dfc857aa9aaffafcf73b7e
2026-05-16 10:21:58 - getOutlet.php - Authentication berhasil
2026-05-16 10:21:58 - getOutlet.php - Query: SELECT id_out, nama_out, '' AS alamat_out, ofcode_out
            FROM outlet 
            WHERE status_out IN ('Active', '1', 'active')
            AND (nama_out LIKE :key OR ofcode_out LIKE :key)
            ORDER BY nama_out ASC
            LIMIT 20
2026-05-16 10:21:58 - getOutlet.php - Query berhasil, mengembalikan 11 record
2026-05-16 10:21:58 - getOutlet.php - === END REQUEST ===
2026-05-16 03:21:59 - getOutlet.php - === REQUEST GETOUTLET ===
2026-05-16 03:21:59 - getOutlet.php - Method: POST
2026-05-16 03:21:59 - getOutlet.php - POST data: {"tgl":"2026-05-16","encrypt":"ccd1ed58b6dfc857aa9aaffafcf73b7e","id_apl":"APL01","key":"Rs em"}
2026-05-16 10:21:59 - getOutlet.php - Params - tgl: 2026-05-16, encrypt: ccd1ed58b6dfc857aa9aaffafcf73b7e, id_apl: APL01, key: Rs em
2026-05-16 10:21:59 - getOutlet.php - Aplikasi ditemukan: Ya
2026-05-16 10:21:59 - getOutlet.php - Key aplikasi: YbcJSFjkds...
2026-05-16 10:21:59 - getOutlet.php - Expected encrypt: ccd1ed58b6dfc857aa9aaffafcf73b7e
2026-05-16 10:21:59 - getOutlet.php - Received encrypt: ccd1ed58b6dfc857aa9aaffafcf73b7e
2026-05-16 10:21:59 - getOutlet.php - Authentication berhasil
2026-05-16 10:21:59 - getOutlet.php - Query: SELECT id_out, nama_out, '' AS alamat_out, ofcode_out
            FROM outlet 
            WHERE status_out IN ('Active', '1', 'active')
            AND (nama_out LIKE :key OR ofcode_out LIKE :key)
            ORDER BY nama_out ASC
            LIMIT 20
2026-05-16 10:21:59 - getOutlet.php - Query berhasil, mengembalikan 7 record
2026-05-16 10:21:59 - getOutlet.php - === END REQUEST ===
2026-05-16 03:21:59 - getOutlet.php - === REQUEST GETOUTLET ===
2026-05-16 03:21:59 - getOutlet.php - Method: POST
2026-05-16 03:21:59 - getOutlet.php - POST data: {"tgl":"2026-05-16","encrypt":"ccd1ed58b6dfc857aa9aaffafcf73b7e","id_apl":"APL01","key":"Rs emc"}
2026-05-16 10:21:59 - getOutlet.php - Params - tgl: 2026-05-16, encrypt: ccd1ed58b6dfc857aa9aaffafcf73b7e, id_apl: APL01, key: Rs emc
2026-05-16 10:21:59 - getOutlet.php - Aplikasi ditemukan: Ya
2026-05-16 10:21:59 - getOutlet.php - Key aplikasi: YbcJSFjkds...
2026-05-16 10:21:59 - getOutlet.php - Expected encrypt: ccd1ed58b6dfc857aa9aaffafcf73b7e
2026-05-16 10:21:59 - getOutlet.php - Received encrypt: ccd1ed58b6dfc857aa9aaffafcf73b7e
2026-05-16 10:21:59 - getOutlet.php - Authentication berhasil
2026-05-16 10:21:59 - getOutlet.php - Query: SELECT id_out, nama_out, '' AS alamat_out, ofcode_out
            FROM outlet 
            WHERE status_out IN ('Active', '1', 'active')
            AND (nama_out LIKE :key OR ofcode_out LIKE :key)
            ORDER BY nama_out ASC
            LIMIT 20
2026-05-16 10:21:59 - getOutlet.php - Query berhasil, mengembalikan 7 record
2026-05-16 10:21:59 - getOutlet.php - === END REQUEST ===
2026-05-16 03:22:01 - getOutlet.php - === REQUEST GETOUTLET ===
2026-05-16 03:22:01 - getOutlet.php - Method: POST
2026-05-16 03:22:01 - getOutlet.php - POST data: {"tgl":"2026-05-16","encrypt":"ccd1ed58b6dfc857aa9aaffafcf73b7e","id_apl":"APL01","key":"RS EMC ALAM SUTERA"}
2026-05-16 10:22:01 - getOutlet.php - Params - tgl: 2026-05-16, encrypt: ccd1ed58b6dfc857aa9aaffafcf73b7e, id_apl: APL01, key: RS EMC ALAM SUTERA
2026-05-16 10:22:01 - getOutlet.php - Aplikasi ditemukan: Ya
2026-05-16 10:22:01 - getOutlet.php - Key aplikasi: YbcJSFjkds...
2026-05-16 10:22:01 - getOutlet.php - Expected encrypt: ccd1ed58b6dfc857aa9aaffafcf73b7e
2026-05-16 10:22:01 - getOutlet.php - Received encrypt: ccd1ed58b6dfc857aa9aaffafcf73b7e
2026-05-16 10:22:01 - getOutlet.php - Authentication berhasil
2026-05-16 10:22:01 - getOutlet.php - Query: SELECT id_out, nama_out, '' AS alamat_out, ofcode_out
            FROM outlet 
            WHERE status_out IN ('Active', '1', 'active')
            AND (nama_out LIKE :key OR ofcode_out LIKE :key)
            ORDER BY nama_out ASC
            LIMIT 20
2026-05-16 10:22:01 - getOutlet.php - Query berhasil, mengembalikan 1 record
2026-05-16 10:22:01 - getOutlet.php - === END REQUEST ===
2026-05-16 03:22:43 - getOutlet.php - === REQUEST GETOUTLET ===
2026-05-16 03:22:43 - getOutlet.php - Method: POST
2026-05-16 03:22:43 - getOutlet.php - POST data: {"tgl":"2026-05-16","encrypt":"ccd1ed58b6dfc857aa9aaffafcf73b7e","id_apl":"APL01","key":"Je"}
2026-05-16 10:22:43 - getOutlet.php - Params - tgl: 2026-05-16, encrypt: ccd1ed58b6dfc857aa9aaffafcf73b7e, id_apl: APL01, key: Je
2026-05-16 10:22:43 - getOutlet.php - Aplikasi ditemukan: Ya
2026-05-16 10:22:43 - getOutlet.php - Key aplikasi: YbcJSFjkds...
2026-05-16 10:22:43 - getOutlet.php - Expected encrypt: ccd1ed58b6dfc857aa9aaffafcf73b7e
2026-05-16 10:22:43 - getOutlet.php - Received encrypt: ccd1ed58b6dfc857aa9aaffafcf73b7e
2026-05-16 10:22:43 - getOutlet.php - Authentication berhasil
2026-05-16 10:22:43 - getOutlet.php - Query: SELECT id_out, nama_out, '' AS alamat_out, ofcode_out
            FROM outlet 
            WHERE status_out IN ('Active', '1', 'active')
            AND (nama_out LIKE :key OR ofcode_out LIKE :key)
            ORDER BY nama_out ASC
            LIMIT 20
2026-05-16 03:22:43 - getOutlet.php - === REQUEST GETOUTLET ===
2026-05-16 03:22:43 - getOutlet.php - Method: POST
2026-05-16 03:22:43 - getOutlet.php - POST data: {"tgl":"2026-05-16","encrypt":"ccd1ed58b6dfc857aa9aaffafcf73b7e","id_apl":"APL01","key":"Jec"}
2026-05-16 10:22:43 - getOutlet.php - Params - tgl: 2026-05-16, encrypt: ccd1ed58b6dfc857aa9aaffafcf73b7e, id_apl: APL01, key: Jec
2026-05-16 10:22:43 - getOutlet.php - Query berhasil, mengembalikan 19 record
2026-05-16 10:22:43 - getOutlet.php - === END REQUEST ===
2026-05-16 10:22:43 - getOutlet.php - Aplikasi ditemukan: Ya
2026-05-16 10:22:43 - getOutlet.php - Key aplikasi: YbcJSFjkds...
2026-05-16 10:22:43 - getOutlet.php - Expected encrypt: ccd1ed58b6dfc857aa9aaffafcf73b7e
2026-05-16 10:22:43 - getOutlet.php - Received encrypt: ccd1ed58b6dfc857aa9aaffafcf73b7e
2026-05-16 10:22:43 - getOutlet.php - Authentication berhasil
2026-05-16 10:22:43 - getOutlet.php - Query: SELECT id_out, nama_out, '' AS alamat_out, ofcode_out
            FROM outlet 
            WHERE status_out IN ('Active', '1', 'active')
            AND (nama_out LIKE :key OR ofcode_out LIKE :key)
            ORDER BY nama_out ASC
            LIMIT 20
2026-05-16 10:22:43 - getOutlet.php - Query berhasil, mengembalikan 12 record
2026-05-16 10:22:43 - getOutlet.php - === END REQUEST ===
2026-05-16 03:22:44 - getOutlet.php - === REQUEST GETOUTLET ===
2026-05-16 03:22:44 - getOutlet.php - Method: POST
2026-05-16 03:22:44 - getOutlet.php - POST data: {"tgl":"2026-05-16","encrypt":"ccd1ed58b6dfc857aa9aaffafcf73b7e","id_apl":"APL01","key":"Jec"}
2026-05-16 10:22:44 - getOutlet.php - Params - tgl: 2026-05-16, encrypt: ccd1ed58b6dfc857aa9aaffafcf73b7e, id_apl: APL01, key: Jec
2026-05-16 10:22:44 - getOutlet.php - Aplikasi ditemukan: Ya
2026-05-16 10:22:44 - getOutlet.php - Key aplikasi: YbcJSFjkds...
2026-05-16 10:22:44 - getOutlet.php - Expected encrypt: ccd1ed58b6dfc857aa9aaffafcf73b7e
2026-05-16 10:22:44 - getOutlet.php - Received encrypt: ccd1ed58b6dfc857aa9aaffafcf73b7e
2026-05-16 10:22:44 - getOutlet.php - Authentication berhasil
2026-05-16 10:22:44 - getOutlet.php - Query: SELECT id_out, nama_out, '' AS alamat_out, ofcode_out
            FROM outlet 
            WHERE status_out IN ('Active', '1', 'active')
            AND (nama_out LIKE :key OR ofcode_out LIKE :key)
            ORDER BY nama_out ASC
            LIMIT 20
2026-05-16 10:22:44 - getOutlet.php - Query berhasil, mengembalikan 12 record
2026-05-16 10:22:44 - getOutlet.php - === END REQUEST ===
2026-05-16 03:22:44 - getOutlet.php - === REQUEST GETOUTLET ===
2026-05-16 03:22:44 - getOutlet.php - Method: POST
2026-05-16 03:22:44 - getOutlet.php - POST data: {"tgl":"2026-05-16","encrypt":"ccd1ed58b6dfc857aa9aaffafcf73b7e","id_apl":"APL01","key":"Jec m"}
2026-05-16 10:22:44 - getOutlet.php - Params - tgl: 2026-05-16, encrypt: ccd1ed58b6dfc857aa9aaffafcf73b7e, id_apl: APL01, key: Jec m
2026-05-16 10:22:44 - getOutlet.php - Aplikasi ditemukan: Ya
2026-05-16 10:22:44 - getOutlet.php - Key aplikasi: YbcJSFjkds...
2026-05-16 10:22:44 - getOutlet.php - Expected encrypt: ccd1ed58b6dfc857aa9aaffafcf73b7e
2026-05-16 10:22:44 - getOutlet.php - Received encrypt: ccd1ed58b6dfc857aa9aaffafcf73b7e
2026-05-16 10:22:44 - getOutlet.php - Authentication berhasil
2026-05-16 10:22:44 - getOutlet.php - Query: SELECT id_out, nama_out, '' AS alamat_out, ofcode_out
            FROM outlet 
            WHERE status_out IN ('Active', '1', 'active')
            AND (nama_out LIKE :key OR ofcode_out LIKE :key)
            ORDER BY nama_out ASC
            LIMIT 20
2026-05-16 10:22:44 - getOutlet.php - Query berhasil, mengembalikan 1 record
2026-05-16 10:22:44 - getOutlet.php - === END REQUEST ===
2026-05-16 03:22:44 - getOutlet.php - === REQUEST GETOUTLET ===
2026-05-16 03:22:44 - getOutlet.php - Method: POST
2026-05-16 03:22:44 - getOutlet.php - POST data: {"tgl":"2026-05-16","encrypt":"ccd1ed58b6dfc857aa9aaffafcf73b7e","id_apl":"APL01","key":"Jec me"}
2026-05-16 10:22:44 - getOutlet.php - Params - tgl: 2026-05-16, encrypt: ccd1ed58b6dfc857aa9aaffafcf73b7e, id_apl: APL01, key: Jec me
2026-05-16 10:22:44 - getOutlet.php - Aplikasi ditemukan: Ya
2026-05-16 10:22:44 - getOutlet.php - Key aplikasi: YbcJSFjkds...
2026-05-16 10:22:44 - getOutlet.php - Expected encrypt: ccd1ed58b6dfc857aa9aaffafcf73b7e
2026-05-16 10:22:44 - getOutlet.php - Received encrypt: ccd1ed58b6dfc857aa9aaffafcf73b7e
2026-05-16 10:22:44 - getOutlet.php - Authentication berhasil
2026-05-16 10:22:44 - getOutlet.php - Query: SELECT id_out, nama_out, '' AS alamat_out, ofcode_out
            FROM outlet 
            WHERE status_out IN ('Active', '1', 'active')
            AND (nama_out LIKE :key OR ofcode_out LIKE :key)
            ORDER BY nama_out ASC
            LIMIT 20
2026-05-16 10:22:44 - getOutlet.php - Query berhasil, mengembalikan 1 record
2026-05-16 10:22:44 - getOutlet.php - === END REQUEST ===
2026-05-16 03:22:48 - getOutlet.php - === REQUEST GETOUTLET ===
2026-05-16 03:22:48 - getOutlet.php - Method: POST
2026-05-16 03:22:48 - getOutlet.php - POST data: {"tgl":"2026-05-16","encrypt":"ccd1ed58b6dfc857aa9aaffafcf73b7e","id_apl":"APL01","key":"Jec m"}
2026-05-16 10:22:48 - getOutlet.php - Params - tgl: 2026-05-16, encrypt: ccd1ed58b6dfc857aa9aaffafcf73b7e, id_apl: APL01, key: Jec m
2026-05-16 10:22:48 - getOutlet.php - Aplikasi ditemukan: Ya
2026-05-16 10:22:48 - getOutlet.php - Key aplikasi: YbcJSFjkds...
2026-05-16 10:22:48 - getOutlet.php - Expected encrypt: ccd1ed58b6dfc857aa9aaffafcf73b7e
2026-05-16 10:22:48 - getOutlet.php - Received encrypt: ccd1ed58b6dfc857aa9aaffafcf73b7e
2026-05-16 10:22:48 - getOutlet.php - Authentication berhasil
2026-05-16 10:22:48 - getOutlet.php - Query: SELECT id_out, nama_out, '' AS alamat_out, ofcode_out
            FROM outlet 
            WHERE status_out IN ('Active', '1', 'active')
            AND (nama_out LIKE :key OR ofcode_out LIKE :key)
            ORDER BY nama_out ASC
            LIMIT 20
2026-05-16 10:22:48 - getOutlet.php - Query berhasil, mengembalikan 1 record
2026-05-16 10:22:48 - getOutlet.php - === END REQUEST ===
2026-05-16 03:22:48 - getOutlet.php - === REQUEST GETOUTLET ===
2026-05-16 03:22:48 - getOutlet.php - Method: POST
2026-05-16 03:22:48 - getOutlet.php - POST data: {"tgl":"2026-05-16","encrypt":"ccd1ed58b6dfc857aa9aaffafcf73b7e","id_apl":"APL01","key":"Jec"}
2026-05-16 10:22:48 - getOutlet.php - Params - tgl: 2026-05-16, encrypt: ccd1ed58b6dfc857aa9aaffafcf73b7e, id_apl: APL01, key: Jec
2026-05-16 10:22:48 - getOutlet.php - Aplikasi ditemukan: Ya
2026-05-16 10:22:48 - getOutlet.php - Key aplikasi: YbcJSFjkds...
2026-05-16 10:22:48 - getOutlet.php - Expected encrypt: ccd1ed58b6dfc857aa9aaffafcf73b7e
2026-05-16 10:22:48 - getOutlet.php - Received encrypt: ccd1ed58b6dfc857aa9aaffafcf73b7e
2026-05-16 10:22:48 - getOutlet.php - Authentication berhasil
2026-05-16 10:22:48 - getOutlet.php - Query: SELECT id_out, nama_out, '' AS alamat_out, ofcode_out
            FROM outlet 
            WHERE status_out IN ('Active', '1', 'active')
            AND (nama_out LIKE :key OR ofcode_out LIKE :key)
            ORDER BY nama_out ASC
            LIMIT 20
2026-05-16 10:22:48 - getOutlet.php - Query berhasil, mengembalikan 12 record
2026-05-16 10:22:48 - getOutlet.php - === END REQUEST ===
2026-05-16 03:22:57 - getOutlet.php - === REQUEST GETOUTLET ===
2026-05-16 03:22:57 - getOutlet.php - Method: POST
2026-05-16 03:22:57 - getOutlet.php - POST data: {"tgl":"2026-05-16","encrypt":"ccd1ed58b6dfc857aa9aaffafcf73b7e","id_apl":"APL01","key":"Rs"}
2026-05-16 10:22:57 - getOutlet.php - Params - tgl: 2026-05-16, encrypt: ccd1ed58b6dfc857aa9aaffafcf73b7e, id_apl: APL01, key: Rs
2026-05-16 10:22:57 - getOutlet.php - Aplikasi ditemukan: Ya
2026-05-16 10:22:57 - getOutlet.php - Key aplikasi: YbcJSFjkds...
2026-05-16 10:22:57 - getOutlet.php - Expected encrypt: ccd1ed58b6dfc857aa9aaffafcf73b7e
2026-05-16 10:22:57 - getOutlet.php - Received encrypt: ccd1ed58b6dfc857aa9aaffafcf73b7e
2026-05-16 10:22:57 - getOutlet.php - Authentication berhasil
2026-05-16 10:22:57 - getOutlet.php - Query: SELECT id_out, nama_out, '' AS alamat_out, ofcode_out
            FROM outlet 
            WHERE status_out IN ('Active', '1', 'active')
            AND (nama_out LIKE :key OR ofcode_out LIKE :key)
            ORDER BY nama_out ASC
            LIMIT 20
2026-05-16 10:22:57 - getOutlet.php - Query berhasil, mengembalikan 20 record
2026-05-16 10:22:57 - getOutlet.php - === END REQUEST ===
2026-05-16 03:22:57 - getOutlet.php - === REQUEST GETOUTLET ===
2026-05-16 03:22:57 - getOutlet.php - Method: POST
2026-05-16 03:22:57 - getOutlet.php - POST data: {"tgl":"2026-05-16","encrypt":"ccd1ed58b6dfc857aa9aaffafcf73b7e","id_apl":"APL01","key":"RS"}
2026-05-16 10:22:57 - getOutlet.php - Params - tgl: 2026-05-16, encrypt: ccd1ed58b6dfc857aa9aaffafcf73b7e, id_apl: APL01, key: RS
2026-05-16 10:22:57 - getOutlet.php - Aplikasi ditemukan: Ya
2026-05-16 10:22:57 - getOutlet.php - Key aplikasi: YbcJSFjkds...
2026-05-16 10:22:57 - getOutlet.php - Expected encrypt: ccd1ed58b6dfc857aa9aaffafcf73b7e
2026-05-16 10:22:57 - getOutlet.php - Received encrypt: ccd1ed58b6dfc857aa9aaffafcf73b7e
2026-05-16 10:22:57 - getOutlet.php - Authentication berhasil
2026-05-16 10:22:57 - getOutlet.php - Query: SELECT id_out, nama_out, '' AS alamat_out, ofcode_out
            FROM outlet 
            WHERE status_out IN ('Active', '1', 'active')
            AND (nama_out LIKE :key OR ofcode_out LIKE :key)
            ORDER BY nama_out ASC
            LIMIT 20
2026-05-16 10:22:57 - getOutlet.php - Query berhasil, mengembalikan 20 record
2026-05-16 10:22:57 - getOutlet.php - === END REQUEST ===
2026-05-16 03:22:57 - getOutlet.php - === REQUEST GETOUTLET ===
2026-05-16 03:22:57 - getOutlet.php - Method: POST
2026-05-16 03:22:57 - getOutlet.php - POST data: {"tgl":"2026-05-16","encrypt":"ccd1ed58b6dfc857aa9aaffafcf73b7e","id_apl":"APL01","key":"RS a"}
2026-05-16 10:22:57 - getOutlet.php - Params - tgl: 2026-05-16, encrypt: ccd1ed58b6dfc857aa9aaffafcf73b7e, id_apl: APL01, key: RS a
2026-05-16 10:22:57 - getOutlet.php - Aplikasi ditemukan: Ya
2026-05-16 10:22:57 - getOutlet.php - Key aplikasi: YbcJSFjkds...
2026-05-16 10:22:57 - getOutlet.php - Expected encrypt: ccd1ed58b6dfc857aa9aaffafcf73b7e
2026-05-16 10:22:57 - getOutlet.php - Received encrypt: ccd1ed58b6dfc857aa9aaffafcf73b7e
2026-05-16 10:22:57 - getOutlet.php - Authentication berhasil
2026-05-16 10:22:57 - getOutlet.php - Query: SELECT id_out, nama_out, '' AS alamat_out, ofcode_out
            FROM outlet 
            WHERE status_out IN ('Active', '1', 'active')
            AND (nama_out LIKE :key OR ofcode_out LIKE :key)
            ORDER BY nama_out ASC
            LIMIT 20
2026-05-16 10:22:57 - getOutlet.php - Query berhasil, mengembalikan 18 record
2026-05-16 10:22:57 - getOutlet.php - === END REQUEST ===
2026-05-16 03:22:57 - getOutlet.php - === REQUEST GETOUTLET ===
2026-05-16 03:22:57 - getOutlet.php - Method: POST
2026-05-16 03:22:57 - getOutlet.php - POST data: {"tgl":"2026-05-16","encrypt":"ccd1ed58b6dfc857aa9aaffafcf73b7e","id_apl":"APL01","key":"RS an"}
2026-05-16 10:22:57 - getOutlet.php - Params - tgl: 2026-05-16, encrypt: ccd1ed58b6dfc857aa9aaffafcf73b7e, id_apl: APL01, key: RS an
2026-05-16 10:22:57 - getOutlet.php - Aplikasi ditemukan: Ya
2026-05-16 10:22:57 - getOutlet.php - Key aplikasi: YbcJSFjkds...
2026-05-16 10:22:57 - getOutlet.php - Expected encrypt: ccd1ed58b6dfc857aa9aaffafcf73b7e
2026-05-16 10:22:57 - getOutlet.php - Received encrypt: ccd1ed58b6dfc857aa9aaffafcf73b7e
2026-05-16 10:22:57 - getOutlet.php - Authentication berhasil
2026-05-16 10:22:57 - getOutlet.php - Query: SELECT id_out, nama_out, '' AS alamat_out, ofcode_out
            FROM outlet 
            WHERE status_out IN ('Active', '1', 'active')
            AND (nama_out LIKE :key OR ofcode_out LIKE :key)
            ORDER BY nama_out ASC
            LIMIT 20
2026-05-16 10:22:57 - getOutlet.php - Query berhasil, mengembalikan 8 record
2026-05-16 10:22:57 - getOutlet.php - === END REQUEST ===
2026-05-16 03:22:58 - getOutlet.php - === REQUEST GETOUTLET ===
2026-05-16 03:22:58 - getOutlet.php - Method: POST
2026-05-16 03:22:58 - getOutlet.php - POST data: {"tgl":"2026-05-16","encrypt":"ccd1ed58b6dfc857aa9aaffafcf73b7e","id_apl":"APL01","key":"RS MATA JEC@MENTENG (PT NITRASANATA DHARMA)"}
2026-05-16 10:22:58 - getOutlet.php - Params - tgl: 2026-05-16, encrypt: ccd1ed58b6dfc857aa9aaffafcf73b7e, id_apl: APL01, key: RS MATA JEC@MENTENG (PT NITRASANATA DHARMA)
2026-05-16 10:22:58 - getOutlet.php - Aplikasi ditemukan: Ya
2026-05-16 10:22:58 - getOutlet.php - Key aplikasi: YbcJSFjkds...
2026-05-16 10:22:58 - getOutlet.php - Expected encrypt: ccd1ed58b6dfc857aa9aaffafcf73b7e
2026-05-16 10:22:58 - getOutlet.php - Received encrypt: ccd1ed58b6dfc857aa9aaffafcf73b7e
2026-05-16 10:22:58 - getOutlet.php - Authentication berhasil
2026-05-16 10:22:58 - getOutlet.php - Query: SELECT id_out, nama_out, '' AS alamat_out, ofcode_out
            FROM outlet 
            WHERE status_out IN ('Active', '1', 'active')
            AND (nama_out LIKE :key OR ofcode_out LIKE :key)
            ORDER BY nama_out ASC
            LIMIT 20
2026-05-16 10:22:58 - getOutlet.php - Query berhasil, mengembalikan 1 record
2026-05-16 10:22:58 - getOutlet.php - === END REQUEST ===
2026-05-16 03:22:59 - getOutlet.php - === REQUEST GETOUTLET ===
2026-05-16 03:22:59 - getOutlet.php - Method: POST
2026-05-16 03:22:59 - getOutlet.php - POST data: {"tgl":"2026-05-16","encrypt":"ccd1ed58b6dfc857aa9aaffafcf73b7e","id_apl":"APL01","key":"RS AN-NISA"}
2026-05-16 10:22:59 - getOutlet.php - Params - tgl: 2026-05-16, encrypt: ccd1ed58b6dfc857aa9aaffafcf73b7e, id_apl: APL01, key: RS AN-NISA
2026-05-16 10:22:59 - getOutlet.php - Aplikasi ditemukan: Ya
2026-05-16 10:22:59 - getOutlet.php - Key aplikasi: YbcJSFjkds...
2026-05-16 10:22:59 - getOutlet.php - Expected encrypt: ccd1ed58b6dfc857aa9aaffafcf73b7e
2026-05-16 10:22:59 - getOutlet.php - Received encrypt: ccd1ed58b6dfc857aa9aaffafcf73b7e
2026-05-16 10:22:59 - getOutlet.php - Authentication berhasil
2026-05-16 10:22:59 - getOutlet.php - Query: SELECT id_out, nama_out, '' AS alamat_out, ofcode_out
            FROM outlet 
            WHERE status_out IN ('Active', '1', 'active')
            AND (nama_out LIKE :key OR ofcode_out LIKE :key)
            ORDER BY nama_out ASC
            LIMIT 20
2026-05-16 10:22:59 - getOutlet.php - Query berhasil, mengembalikan 1 record
2026-05-16 10:22:59 - getOutlet.php - === END REQUEST ===
2026-05-16 03:25:52 - getOutlet.php - === REQUEST GETOUTLET ===
2026-05-16 03:25:52 - getOutlet.php - Method: POST
2026-05-16 03:25:52 - getOutlet.php - POST data: {"tgl":"2026-05-16","encrypt":"ccd1ed58b6dfc857aa9aaffafcf73b7e","id_apl":"APL01","key":"Rs"}
2026-05-16 10:25:52 - getOutlet.php - Params - tgl: 2026-05-16, encrypt: ccd1ed58b6dfc857aa9aaffafcf73b7e, id_apl: APL01, key: Rs
2026-05-16 10:25:52 - getOutlet.php - Aplikasi ditemukan: Ya
2026-05-16 10:25:52 - getOutlet.php - Key aplikasi: YbcJSFjkds...
2026-05-16 10:25:52 - getOutlet.php - Expected encrypt: ccd1ed58b6dfc857aa9aaffafcf73b7e
2026-05-16 10:25:52 - getOutlet.php - Received encrypt: ccd1ed58b6dfc857aa9aaffafcf73b7e
2026-05-16 10:25:52 - getOutlet.php - Authentication berhasil
2026-05-16 10:25:52 - getOutlet.php - Query: SELECT id_out, nama_out, '' AS alamat_out, ofcode_out
            FROM outlet 
            WHERE status_out IN ('Active', '1', 'active')
            AND (nama_out LIKE :key OR ofcode_out LIKE :key)
            ORDER BY nama_out ASC
            LIMIT 20
2026-05-16 10:25:52 - getOutlet.php - Query berhasil, mengembalikan 20 record
2026-05-16 10:25:52 - getOutlet.php - === END REQUEST ===
2026-05-16 03:25:52 - getOutlet.php - === REQUEST GETOUTLET ===
2026-05-16 03:25:52 - getOutlet.php - Method: POST
2026-05-16 03:25:52 - getOutlet.php - POST data: {"tgl":"2026-05-16","encrypt":"ccd1ed58b6dfc857aa9aaffafcf73b7e","id_apl":"APL01","key":"RS"}
2026-05-16 10:25:52 - getOutlet.php - Params - tgl: 2026-05-16, encrypt: ccd1ed58b6dfc857aa9aaffafcf73b7e, id_apl: APL01, key: RS
2026-05-16 10:25:52 - getOutlet.php - Aplikasi ditemukan: Ya
2026-05-16 10:25:52 - getOutlet.php - Key aplikasi: YbcJSFjkds...
2026-05-16 10:25:52 - getOutlet.php - Expected encrypt: ccd1ed58b6dfc857aa9aaffafcf73b7e
2026-05-16 10:25:52 - getOutlet.php - Received encrypt: ccd1ed58b6dfc857aa9aaffafcf73b7e
2026-05-16 10:25:52 - getOutlet.php - Authentication berhasil
2026-05-16 10:25:52 - getOutlet.php - Query: SELECT id_out, nama_out, '' AS alamat_out, ofcode_out
            FROM outlet 
            WHERE status_out IN ('Active', '1', 'active')
            AND (nama_out LIKE :key OR ofcode_out LIKE :key)
            ORDER BY nama_out ASC
            LIMIT 20
2026-05-16 10:25:52 - getOutlet.php - Query berhasil, mengembalikan 20 record
2026-05-16 10:25:52 - getOutlet.php - === END REQUEST ===
2026-05-16 03:25:53 - getOutlet.php - === REQUEST GETOUTLET ===
2026-05-16 03:25:53 - getOutlet.php - Method: POST
2026-05-16 03:25:53 - getOutlet.php - POST data: {"tgl":"2026-05-16","encrypt":"ccd1ed58b6dfc857aa9aaffafcf73b7e","id_apl":"APL01","key":"RS m"}
2026-05-16 10:25:53 - getOutlet.php - Params - tgl: 2026-05-16, encrypt: ccd1ed58b6dfc857aa9aaffafcf73b7e, id_apl: APL01, key: RS m
2026-05-16 10:25:53 - getOutlet.php - Aplikasi ditemukan: Ya
2026-05-16 10:25:53 - getOutlet.php - Key aplikasi: YbcJSFjkds...
2026-05-16 10:25:53 - getOutlet.php - Expected encrypt: ccd1ed58b6dfc857aa9aaffafcf73b7e
2026-05-16 10:25:53 - getOutlet.php - Received encrypt: ccd1ed58b6dfc857aa9aaffafcf73b7e
2026-05-16 10:25:53 - getOutlet.php - Authentication berhasil
2026-05-16 10:25:53 - getOutlet.php - Query: SELECT id_out, nama_out, '' AS alamat_out, ofcode_out
            FROM outlet 
            WHERE status_out IN ('Active', '1', 'active')
            AND (nama_out LIKE :key OR ofcode_out LIKE :key)
            ORDER BY nama_out ASC
            LIMIT 20
2026-05-16 03:25:53 - getOutlet.php - === REQUEST GETOUTLET ===
2026-05-16 03:25:53 - getOutlet.php - Method: POST
2026-05-16 03:25:53 - getOutlet.php - POST data: {"tgl":"2026-05-16","encrypt":"ccd1ed58b6dfc857aa9aaffafcf73b7e","id_apl":"APL01","key":"RS ma"}
2026-05-16 10:25:53 - getOutlet.php - Query berhasil, mengembalikan 20 record
2026-05-16 10:25:53 - getOutlet.php - Params - tgl: 2026-05-16, encrypt: ccd1ed58b6dfc857aa9aaffafcf73b7e, id_apl: APL01, key: RS ma
2026-05-16 10:25:53 - getOutlet.php - === END REQUEST ===
2026-05-16 10:25:53 - getOutlet.php - Aplikasi ditemukan: Ya
2026-05-16 10:25:53 - getOutlet.php - Key aplikasi: YbcJSFjkds...
2026-05-16 10:25:53 - getOutlet.php - Expected encrypt: ccd1ed58b6dfc857aa9aaffafcf73b7e
2026-05-16 10:25:53 - getOutlet.php - Received encrypt: ccd1ed58b6dfc857aa9aaffafcf73b7e
2026-05-16 10:25:53 - getOutlet.php - Authentication berhasil
2026-05-16 10:25:53 - getOutlet.php - Query: SELECT id_out, nama_out, '' AS alamat_out, ofcode_out
            FROM outlet 
            WHERE status_out IN ('Active', '1', 'active')
            AND (nama_out LIKE :key OR ofcode_out LIKE :key)
            ORDER BY nama_out ASC
            LIMIT 20
2026-05-16 10:25:53 - getOutlet.php - Query berhasil, mengembalikan 18 record
2026-05-16 10:25:53 - getOutlet.php - === END REQUEST ===
2026-05-16 03:25:53 - getOutlet.php - === REQUEST GETOUTLET ===
2026-05-16 03:25:53 - getOutlet.php - Method: POST
2026-05-16 03:25:53 - getOutlet.php - POST data: {"tgl":"2026-05-16","encrypt":"ccd1ed58b6dfc857aa9aaffafcf73b7e","id_apl":"APL01","key":"RS mat"}
2026-05-16 10:25:53 - getOutlet.php - Params - tgl: 2026-05-16, encrypt: ccd1ed58b6dfc857aa9aaffafcf73b7e, id_apl: APL01, key: RS mat
2026-05-16 10:25:53 - getOutlet.php - Aplikasi ditemukan: Ya
2026-05-16 10:25:53 - getOutlet.php - Key aplikasi: YbcJSFjkds...
2026-05-16 10:25:53 - getOutlet.php - Expected encrypt: ccd1ed58b6dfc857aa9aaffafcf73b7e
2026-05-16 10:25:53 - getOutlet.php - Received encrypt: ccd1ed58b6dfc857aa9aaffafcf73b7e
2026-05-16 10:25:53 - getOutlet.php - Authentication berhasil
2026-05-16 10:25:53 - getOutlet.php - Query: SELECT id_out, nama_out, '' AS alamat_out, ofcode_out
            FROM outlet 
            WHERE status_out IN ('Active', '1', 'active')
            AND (nama_out LIKE :key OR ofcode_out LIKE :key)
            ORDER BY nama_out ASC
            LIMIT 20
2026-05-16 10:25:53 - getOutlet.php - Query berhasil, mengembalikan 8 record
2026-05-16 10:25:53 - getOutlet.php - === END REQUEST ===
2026-05-16 03:25:53 - getOutlet.php - === REQUEST GETOUTLET ===
2026-05-16 03:25:53 - getOutlet.php - Method: POST
2026-05-16 03:25:53 - getOutlet.php - POST data: {"tgl":"2026-05-16","encrypt":"ccd1ed58b6dfc857aa9aaffafcf73b7e","id_apl":"APL01","key":"RS mata"}
2026-05-16 10:25:53 - getOutlet.php - Params - tgl: 2026-05-16, encrypt: ccd1ed58b6dfc857aa9aaffafcf73b7e, id_apl: APL01, key: RS mata
2026-05-16 10:25:53 - getOutlet.php - Aplikasi ditemukan: Ya
2026-05-16 10:25:53 - getOutlet.php - Key aplikasi: YbcJSFjkds...
2026-05-16 10:25:53 - getOutlet.php - Expected encrypt: ccd1ed58b6dfc857aa9aaffafcf73b7e
2026-05-16 10:25:53 - getOutlet.php - Received encrypt: ccd1ed58b6dfc857aa9aaffafcf73b7e
2026-05-16 10:25:53 - getOutlet.php - Authentication berhasil
2026-05-16 10:25:53 - getOutlet.php - Query: SELECT id_out, nama_out, '' AS alamat_out, ofcode_out
            FROM outlet 
            WHERE status_out IN ('Active', '1', 'active')
            AND (nama_out LIKE :key OR ofcode_out LIKE :key)
            ORDER BY nama_out ASC
            LIMIT 20
2026-05-16 10:25:53 - getOutlet.php - Query berhasil, mengembalikan 8 record
2026-05-16 10:25:53 - getOutlet.php - === END REQUEST ===
2026-05-16 03:25:53 - getOutlet.php - === REQUEST GETOUTLET ===
2026-05-16 03:25:53 - getOutlet.php - Method: POST
2026-05-16 03:25:53 - getOutlet.php - POST data: {"tgl":"2026-05-16","encrypt":"ccd1ed58b6dfc857aa9aaffafcf73b7e","id_apl":"APL01","key":"RS mata"}
2026-05-16 10:25:53 - getOutlet.php - Params - tgl: 2026-05-16, encrypt: ccd1ed58b6dfc857aa9aaffafcf73b7e, id_apl: APL01, key: RS mata
2026-05-16 10:25:53 - getOutlet.php - Aplikasi ditemukan: Ya
2026-05-16 10:25:53 - getOutlet.php - Key aplikasi: YbcJSFjkds...
2026-05-16 10:25:53 - getOutlet.php - Expected encrypt: ccd1ed58b6dfc857aa9aaffafcf73b7e
2026-05-16 10:25:53 - getOutlet.php - Received encrypt: ccd1ed58b6dfc857aa9aaffafcf73b7e
2026-05-16 10:25:53 - getOutlet.php - Authentication berhasil
2026-05-16 10:25:53 - getOutlet.php - Query: SELECT id_out, nama_out, '' AS alamat_out, ofcode_out
            FROM outlet 
            WHERE status_out IN ('Active', '1', 'active')
            AND (nama_out LIKE :key OR ofcode_out LIKE :key)
            ORDER BY nama_out ASC
            LIMIT 20
2026-05-16 10:25:53 - getOutlet.php - Query berhasil, mengembalikan 8 record
2026-05-16 10:25:53 - getOutlet.php - === END REQUEST ===
2026-05-16 03:25:55 - getOutlet.php - === REQUEST GETOUTLET ===
2026-05-16 03:25:55 - getOutlet.php - Method: POST
2026-05-16 03:25:55 - getOutlet.php - POST data: {"tgl":"2026-05-16","encrypt":"ccd1ed58b6dfc857aa9aaffafcf73b7e","id_apl":"APL01","key":"RS mata j"}
2026-05-16 10:25:55 - getOutlet.php - Params - tgl: 2026-05-16, encrypt: ccd1ed58b6dfc857aa9aaffafcf73b7e, id_apl: APL01, key: RS mata j
2026-05-16 10:25:55 - getOutlet.php - Aplikasi ditemukan: Ya
2026-05-16 10:25:55 - getOutlet.php - Key aplikasi: YbcJSFjkds...
2026-05-16 10:25:55 - getOutlet.php - Expected encrypt: ccd1ed58b6dfc857aa9aaffafcf73b7e
2026-05-16 10:25:55 - getOutlet.php - Received encrypt: ccd1ed58b6dfc857aa9aaffafcf73b7e
2026-05-16 10:25:55 - getOutlet.php - Authentication berhasil
2026-05-16 10:25:55 - getOutlet.php - Query: SELECT id_out, nama_out, '' AS alamat_out, ofcode_out
            FROM outlet 
            WHERE status_out IN ('Active', '1', 'active')
            AND (nama_out LIKE :key OR ofcode_out LIKE :key)
            ORDER BY nama_out ASC
            LIMIT 20
2026-05-16 10:25:55 - getOutlet.php - Query berhasil, mengembalikan 5 record
2026-05-16 10:25:55 - getOutlet.php - === END REQUEST ===
2026-05-16 03:25:55 - getOutlet.php - === REQUEST GETOUTLET ===
2026-05-16 03:25:55 - getOutlet.php - Method: POST
2026-05-16 03:25:55 - getOutlet.php - POST data: {"tgl":"2026-05-16","encrypt":"ccd1ed58b6dfc857aa9aaffafcf73b7e","id_apl":"APL01","key":"RS mata je"}
2026-05-16 10:25:55 - getOutlet.php - Params - tgl: 2026-05-16, encrypt: ccd1ed58b6dfc857aa9aaffafcf73b7e, id_apl: APL01, key: RS mata je
2026-05-16 10:25:55 - getOutlet.php - Aplikasi ditemukan: Ya
2026-05-16 10:25:55 - getOutlet.php - Key aplikasi: YbcJSFjkds...
2026-05-16 10:25:55 - getOutlet.php - Expected encrypt: ccd1ed58b6dfc857aa9aaffafcf73b7e
2026-05-16 10:25:55 - getOutlet.php - Received encrypt: ccd1ed58b6dfc857aa9aaffafcf73b7e
2026-05-16 10:25:55 - getOutlet.php - Authentication berhasil
2026-05-16 10:25:55 - getOutlet.php - Query: SELECT id_out, nama_out, '' AS alamat_out, ofcode_out
            FROM outlet 
            WHERE status_out IN ('Active', '1', 'active')
            AND (nama_out LIKE :key OR ofcode_out LIKE :key)
            ORDER BY nama_out ASC
            LIMIT 20
2026-05-16 10:25:55 - getOutlet.php - Query berhasil, mengembalikan 5 record
2026-05-16 10:25:55 - getOutlet.php - === END REQUEST ===
2026-05-16 03:25:56 - getOutlet.php - === REQUEST GETOUTLET ===
2026-05-16 03:25:56 - getOutlet.php - Method: POST
2026-05-16 03:25:56 - getOutlet.php - POST data: {"tgl":"2026-05-16","encrypt":"ccd1ed58b6dfc857aa9aaffafcf73b7e","id_apl":"APL01","key":"RS mata jec"}
2026-05-16 10:25:56 - getOutlet.php - Params - tgl: 2026-05-16, encrypt: ccd1ed58b6dfc857aa9aaffafcf73b7e, id_apl: APL01, key: RS mata jec
2026-05-16 10:25:56 - getOutlet.php - Aplikasi ditemukan: Ya
2026-05-16 10:25:56 - getOutlet.php - Key aplikasi: YbcJSFjkds...
2026-05-16 10:25:56 - getOutlet.php - Expected encrypt: ccd1ed58b6dfc857aa9aaffafcf73b7e
2026-05-16 10:25:56 - getOutlet.php - Received encrypt: ccd1ed58b6dfc857aa9aaffafcf73b7e
2026-05-16 10:25:56 - getOutlet.php - Authentication berhasil
2026-05-16 10:25:56 - getOutlet.php - Query: SELECT id_out, nama_out, '' AS alamat_out, ofcode_out
            FROM outlet 
            WHERE status_out IN ('Active', '1', 'active')
            AND (nama_out LIKE :key OR ofcode_out LIKE :key)
            ORDER BY nama_out ASC
            LIMIT 20
2026-05-16 10:25:56 - getOutlet.php - Query berhasil, mengembalikan 5 record
2026-05-16 10:25:56 - getOutlet.php - === END REQUEST ===
2026-05-16 03:25:56 - getOutlet.php - === REQUEST GETOUTLET ===
2026-05-16 03:25:56 - getOutlet.php - Method: POST
2026-05-16 03:25:56 - getOutlet.php - POST data: {"tgl":"2026-05-16","encrypt":"ccd1ed58b6dfc857aa9aaffafcf73b7e","id_apl":"APL01","key":"RS mata jec"}
2026-05-16 10:25:56 - getOutlet.php - Params - tgl: 2026-05-16, encrypt: ccd1ed58b6dfc857aa9aaffafcf73b7e, id_apl: APL01, key: RS mata jec
2026-05-16 10:25:56 - getOutlet.php - Aplikasi ditemukan: Ya
2026-05-16 10:25:56 - getOutlet.php - Key aplikasi: YbcJSFjkds...
2026-05-16 10:25:56 - getOutlet.php - Expected encrypt: ccd1ed58b6dfc857aa9aaffafcf73b7e
2026-05-16 10:25:56 - getOutlet.php - Received encrypt: ccd1ed58b6dfc857aa9aaffafcf73b7e
2026-05-16 10:25:56 - getOutlet.php - Authentication berhasil
2026-05-16 10:25:56 - getOutlet.php - Query: SELECT id_out, nama_out, '' AS alamat_out, ofcode_out
            FROM outlet 
            WHERE status_out IN ('Active', '1', 'active')
            AND (nama_out LIKE :key OR ofcode_out LIKE :key)
            ORDER BY nama_out ASC
            LIMIT 20
2026-05-16 10:25:56 - getOutlet.php - Query berhasil, mengembalikan 5 record
2026-05-16 10:25:56 - getOutlet.php - === END REQUEST ===
2026-05-16 03:25:57 - getOutlet.php - === REQUEST GETOUTLET ===
2026-05-16 03:25:57 - getOutlet.php - Method: POST
2026-05-16 03:25:57 - getOutlet.php - POST data: {"tgl":"2026-05-16","encrypt":"ccd1ed58b6dfc857aa9aaffafcf73b7e","id_apl":"APL01","key":"RS mata jec k"}
2026-05-16 10:25:57 - getOutlet.php - Params - tgl: 2026-05-16, encrypt: ccd1ed58b6dfc857aa9aaffafcf73b7e, id_apl: APL01, key: RS mata jec k
2026-05-16 10:25:57 - getOutlet.php - Aplikasi ditemukan: Ya
2026-05-16 10:25:57 - getOutlet.php - Key aplikasi: YbcJSFjkds...
2026-05-16 10:25:57 - getOutlet.php - Expected encrypt: ccd1ed58b6dfc857aa9aaffafcf73b7e
2026-05-16 10:25:57 - getOutlet.php - Received encrypt: ccd1ed58b6dfc857aa9aaffafcf73b7e
2026-05-16 10:25:57 - getOutlet.php - Authentication berhasil
2026-05-16 10:25:57 - getOutlet.php - Query: SELECT id_out, nama_out, '' AS alamat_out, ofcode_out
            FROM outlet 
            WHERE status_out IN ('Active', '1', 'active')
            AND (nama_out LIKE :key OR ofcode_out LIKE :key)
            ORDER BY nama_out ASC
            LIMIT 20
2026-05-16 10:25:57 - getOutlet.php - Query berhasil, mengembalikan 1 record
2026-05-16 10:25:57 - getOutlet.php - === END REQUEST ===
2026-05-16 03:25:57 - getOutlet.php - === REQUEST GETOUTLET ===
2026-05-16 03:25:57 - getOutlet.php - Method: POST
2026-05-16 03:25:57 - getOutlet.php - POST data: {"tgl":"2026-05-16","encrypt":"ccd1ed58b6dfc857aa9aaffafcf73b7e","id_apl":"APL01","key":"RS mata jec ke"}
2026-05-16 10:25:57 - getOutlet.php - Params - tgl: 2026-05-16, encrypt: ccd1ed58b6dfc857aa9aaffafcf73b7e, id_apl: APL01, key: RS mata jec ke
2026-05-16 10:25:57 - getOutlet.php - Aplikasi ditemukan: Ya
2026-05-16 10:25:57 - getOutlet.php - Key aplikasi: YbcJSFjkds...
2026-05-16 10:25:57 - getOutlet.php - Expected encrypt: ccd1ed58b6dfc857aa9aaffafcf73b7e
2026-05-16 10:25:57 - getOutlet.php - Received encrypt: ccd1ed58b6dfc857aa9aaffafcf73b7e
2026-05-16 10:25:57 - getOutlet.php - Authentication berhasil
2026-05-16 10:25:57 - getOutlet.php - Query: SELECT id_out, nama_out, '' AS alamat_out, ofcode_out
            FROM outlet 
            WHERE status_out IN ('Active', '1', 'active')
            AND (nama_out LIKE :key OR ofcode_out LIKE :key)
            ORDER BY nama_out ASC
            LIMIT 20
2026-05-16 10:25:57 - getOutlet.php - Query berhasil, mengembalikan 1 record
2026-05-16 10:25:57 - getOutlet.php - === END REQUEST ===
2026-05-16 03:25:58 - getOutlet.php - === REQUEST GETOUTLET ===
2026-05-16 03:25:58 - getOutlet.php - Method: POST
2026-05-16 03:25:58 - getOutlet.php - POST data: {"tgl":"2026-05-16","encrypt":"ccd1ed58b6dfc857aa9aaffafcf73b7e","id_apl":"APL01","key":"RS mata jec ked"}
2026-05-16 10:25:58 - getOutlet.php - Params - tgl: 2026-05-16, encrypt: ccd1ed58b6dfc857aa9aaffafcf73b7e, id_apl: APL01, key: RS mata jec ked
2026-05-16 10:25:58 - getOutlet.php - Aplikasi ditemukan: Ya
2026-05-16 10:25:58 - getOutlet.php - Key aplikasi: YbcJSFjkds...
2026-05-16 10:25:58 - getOutlet.php - Expected encrypt: ccd1ed58b6dfc857aa9aaffafcf73b7e
2026-05-16 10:25:58 - getOutlet.php - Received encrypt: ccd1ed58b6dfc857aa9aaffafcf73b7e
2026-05-16 10:25:58 - getOutlet.php - Authentication berhasil
2026-05-16 10:25:58 - getOutlet.php - Query: SELECT id_out, nama_out, '' AS alamat_out, ofcode_out
            FROM outlet 
            WHERE status_out IN ('Active', '1', 'active')
            AND (nama_out LIKE :key OR ofcode_out LIKE :key)
            ORDER BY nama_out ASC
            LIMIT 20
2026-05-16 10:25:58 - getOutlet.php - Query berhasil, mengembalikan 1 record
2026-05-16 10:25:58 - getOutlet.php - === END REQUEST ===
2026-05-16 03:25:58 - getOutlet.php - === REQUEST GETOUTLET ===
2026-05-16 03:25:58 - getOutlet.php - Method: POST
2026-05-16 03:25:58 - getOutlet.php - POST data: {"tgl":"2026-05-16","encrypt":"ccd1ed58b6dfc857aa9aaffafcf73b7e","id_apl":"APL01","key":"RS mata jec kedo"}
2026-05-16 10:25:58 - getOutlet.php - Params - tgl: 2026-05-16, encrypt: ccd1ed58b6dfc857aa9aaffafcf73b7e, id_apl: APL01, key: RS mata jec kedo
2026-05-16 10:25:58 - getOutlet.php - Aplikasi ditemukan: Ya
2026-05-16 10:25:58 - getOutlet.php - Key aplikasi: YbcJSFjkds...
2026-05-16 10:25:58 - getOutlet.php - Expected encrypt: ccd1ed58b6dfc857aa9aaffafcf73b7e
2026-05-16 10:25:58 - getOutlet.php - Received encrypt: ccd1ed58b6dfc857aa9aaffafcf73b7e
2026-05-16 10:25:58 - getOutlet.php - Authentication berhasil
2026-05-16 10:25:58 - getOutlet.php - Query: SELECT id_out, nama_out, '' AS alamat_out, ofcode_out
            FROM outlet 
            WHERE status_out IN ('Active', '1', 'active')
            AND (nama_out LIKE :key OR ofcode_out LIKE :key)
            ORDER BY nama_out ASC
            LIMIT 20
2026-05-16 10:25:58 - getOutlet.php - Query berhasil, mengembalikan 1 record
2026-05-16 10:25:58 - getOutlet.php - === END REQUEST ===
2026-05-16 03:25:58 - getOutlet.php - === REQUEST GETOUTLET ===
2026-05-16 03:25:58 - getOutlet.php - Method: POST
2026-05-16 03:25:58 - getOutlet.php - POST data: {"tgl":"2026-05-16","encrypt":"ccd1ed58b6dfc857aa9aaffafcf73b7e","id_apl":"APL01","key":"RS mata jec kedoy"}
2026-05-16 10:25:58 - getOutlet.php - Params - tgl: 2026-05-16, encrypt: ccd1ed58b6dfc857aa9aaffafcf73b7e, id_apl: APL01, key: RS mata jec kedoy
2026-05-16 10:25:58 - getOutlet.php - Aplikasi ditemukan: Ya
2026-05-16 10:25:58 - getOutlet.php - Key aplikasi: YbcJSFjkds...
2026-05-16 10:25:58 - getOutlet.php - Expected encrypt: ccd1ed58b6dfc857aa9aaffafcf73b7e
2026-05-16 10:25:58 - getOutlet.php - Received encrypt: ccd1ed58b6dfc857aa9aaffafcf73b7e
2026-05-16 10:25:58 - getOutlet.php - Authentication berhasil
2026-05-16 10:25:58 - getOutlet.php - Query: SELECT id_out, nama_out, '' AS alamat_out, ofcode_out
            FROM outlet 
            WHERE status_out IN ('Active', '1', 'active')
            AND (nama_out LIKE :key OR ofcode_out LIKE :key)
            ORDER BY nama_out ASC
            LIMIT 20
2026-05-16 10:25:58 - getOutlet.php - Query berhasil, mengembalikan 1 record
2026-05-16 10:25:58 - getOutlet.php - === END REQUEST ===
2026-05-16 03:26:01 - getOutlet.php - === REQUEST GETOUTLET ===
2026-05-16 03:26:01 - getOutlet.php - Method: POST
2026-05-16 03:26:01 - getOutlet.php - POST data: {"tgl":"2026-05-16","encrypt":"ccd1ed58b6dfc857aa9aaffafcf73b7e","id_apl":"APL01","key":"RS MATA JEC KEDOYA"}
2026-05-16 10:26:01 - getOutlet.php - Params - tgl: 2026-05-16, encrypt: ccd1ed58b6dfc857aa9aaffafcf73b7e, id_apl: APL01, key: RS MATA JEC KEDOYA
2026-05-16 10:26:01 - getOutlet.php - Aplikasi ditemukan: Ya
2026-05-16 10:26:01 - getOutlet.php - Key aplikasi: YbcJSFjkds...
2026-05-16 10:26:01 - getOutlet.php - Expected encrypt: ccd1ed58b6dfc857aa9aaffafcf73b7e
2026-05-16 10:26:01 - getOutlet.php - Received encrypt: ccd1ed58b6dfc857aa9aaffafcf73b7e
2026-05-16 10:26:01 - getOutlet.php - Authentication berhasil
2026-05-16 10:26:01 - getOutlet.php - Query: SELECT id_out, nama_out, '' AS alamat_out, ofcode_out
            FROM outlet 
            WHERE status_out IN ('Active', '1', 'active')
            AND (nama_out LIKE :key OR ofcode_out LIKE :key)
            ORDER BY nama_out ASC
            LIMIT 20
2026-05-16 10:26:01 - getOutlet.php - Query berhasil, mengembalikan 1 record
2026-05-16 10:26:01 - getOutlet.php - === END REQUEST ===
2026-05-16 03:26:27 - getOutlet.php - === REQUEST GETOUTLET ===
2026-05-16 03:26:27 - getOutlet.php - Method: POST
2026-05-16 03:26:27 - getOutlet.php - POST data: {"tgl":"2026-05-16","encrypt":"ccd1ed58b6dfc857aa9aaffafcf73b7e","id_apl":"APL01","key":"Rs"}
2026-05-16 10:26:27 - getOutlet.php - Params - tgl: 2026-05-16, encrypt: ccd1ed58b6dfc857aa9aaffafcf73b7e, id_apl: APL01, key: Rs
2026-05-16 10:26:27 - getOutlet.php - Aplikasi ditemukan: Ya
2026-05-16 10:26:27 - getOutlet.php - Key aplikasi: YbcJSFjkds...
2026-05-16 10:26:27 - getOutlet.php - Expected encrypt: ccd1ed58b6dfc857aa9aaffafcf73b7e
2026-05-16 10:26:27 - getOutlet.php - Received encrypt: ccd1ed58b6dfc857aa9aaffafcf73b7e
2026-05-16 10:26:27 - getOutlet.php - Authentication berhasil
2026-05-16 10:26:27 - getOutlet.php - Query: SELECT id_out, nama_out, '' AS alamat_out, ofcode_out
            FROM outlet 
            WHERE status_out IN ('Active', '1', 'active')
            AND (nama_out LIKE :key OR ofcode_out LIKE :key)
            ORDER BY nama_out ASC
            LIMIT 20
2026-05-16 10:26:27 - getOutlet.php - Query berhasil, mengembalikan 20 record
2026-05-16 10:26:27 - getOutlet.php - === END REQUEST ===
2026-05-16 03:26:27 - getOutlet.php - === REQUEST GETOUTLET ===
2026-05-16 03:26:27 - getOutlet.php - Method: POST
2026-05-16 03:26:27 - getOutlet.php - POST data: {"tgl":"2026-05-16","encrypt":"ccd1ed58b6dfc857aa9aaffafcf73b7e","id_apl":"APL01","key":"RS"}
2026-05-16 10:26:27 - getOutlet.php - Params - tgl: 2026-05-16, encrypt: ccd1ed58b6dfc857aa9aaffafcf73b7e, id_apl: APL01, key: RS
2026-05-16 10:26:27 - getOutlet.php - Aplikasi ditemukan: Ya
2026-05-16 10:26:27 - getOutlet.php - Key aplikasi: YbcJSFjkds...
2026-05-16 10:26:27 - getOutlet.php - Expected encrypt: ccd1ed58b6dfc857aa9aaffafcf73b7e
2026-05-16 10:26:27 - getOutlet.php - Received encrypt: ccd1ed58b6dfc857aa9aaffafcf73b7e
2026-05-16 10:26:27 - getOutlet.php - Authentication berhasil
2026-05-16 10:26:27 - getOutlet.php - Query: SELECT id_out, nama_out, '' AS alamat_out, ofcode_out
            FROM outlet 
            WHERE status_out IN ('Active', '1', 'active')
            AND (nama_out LIKE :key OR ofcode_out LIKE :key)
            ORDER BY nama_out ASC
            LIMIT 20
2026-05-16 10:26:27 - getOutlet.php - Query berhasil, mengembalikan 20 record
2026-05-16 10:26:27 - getOutlet.php - === END REQUEST ===
2026-05-16 03:26:30 - getOutlet.php - === REQUEST GETOUTLET ===
2026-05-16 03:26:30 - getOutlet.php - Method: POST
2026-05-16 03:26:30 - getOutlet.php - POST data: {"tgl":"2026-05-16","encrypt":"ccd1ed58b6dfc857aa9aaffafcf73b7e","id_apl":"APL01","key":"RS u"}
2026-05-16 10:26:30 - getOutlet.php - Params - tgl: 2026-05-16, encrypt: ccd1ed58b6dfc857aa9aaffafcf73b7e, id_apl: APL01, key: RS u
2026-05-16 10:26:30 - getOutlet.php - Aplikasi ditemukan: Ya
2026-05-16 10:26:30 - getOutlet.php - Key aplikasi: YbcJSFjkds...
2026-05-16 10:26:30 - getOutlet.php - Expected encrypt: ccd1ed58b6dfc857aa9aaffafcf73b7e
2026-05-16 10:26:30 - getOutlet.php - Received encrypt: ccd1ed58b6dfc857aa9aaffafcf73b7e
2026-05-16 10:26:30 - getOutlet.php - Authentication berhasil
2026-05-16 10:26:30 - getOutlet.php - Query: SELECT id_out, nama_out, '' AS alamat_out, ofcode_out
            FROM outlet 
            WHERE status_out IN ('Active', '1', 'active')
            AND (nama_out LIKE :key OR ofcode_out LIKE :key)
            ORDER BY nama_out ASC
            LIMIT 20
2026-05-16 10:26:30 - getOutlet.php - Query berhasil, mengembalikan 6 record
2026-05-16 10:26:30 - getOutlet.php - === END REQUEST ===
2026-05-16 03:26:30 - getOutlet.php - === REQUEST GETOUTLET ===
2026-05-16 03:26:30 - getOutlet.php - Method: POST
2026-05-16 03:26:30 - getOutlet.php - POST data: {"tgl":"2026-05-16","encrypt":"ccd1ed58b6dfc857aa9aaffafcf73b7e","id_apl":"APL01","key":"RS uk"}
2026-05-16 10:26:30 - getOutlet.php - Params - tgl: 2026-05-16, encrypt: ccd1ed58b6dfc857aa9aaffafcf73b7e, id_apl: APL01, key: RS uk
2026-05-16 10:26:30 - getOutlet.php - Aplikasi ditemukan: Ya
2026-05-16 10:26:30 - getOutlet.php - Key aplikasi: YbcJSFjkds...
2026-05-16 10:26:30 - getOutlet.php - Expected encrypt: ccd1ed58b6dfc857aa9aaffafcf73b7e
2026-05-16 10:26:30 - getOutlet.php - Received encrypt: ccd1ed58b6dfc857aa9aaffafcf73b7e
2026-05-16 10:26:30 - getOutlet.php - Authentication berhasil
2026-05-16 10:26:30 - getOutlet.php - Query: SELECT id_out, nama_out, '' AS alamat_out, ofcode_out
            FROM outlet 
            WHERE status_out IN ('Active', '1', 'active')
            AND (nama_out LIKE :key OR ofcode_out LIKE :key)
            ORDER BY nama_out ASC
            LIMIT 20
2026-05-16 10:26:30 - getOutlet.php - Query berhasil, mengembalikan 1 record
2026-05-16 10:26:30 - getOutlet.php - === END REQUEST ===
2026-05-16 03:26:30 - getOutlet.php - === REQUEST GETOUTLET ===
2026-05-16 03:26:30 - getOutlet.php - Method: POST
2026-05-16 03:26:30 - getOutlet.php - POST data: {"tgl":"2026-05-16","encrypt":"ccd1ed58b6dfc857aa9aaffafcf73b7e","id_apl":"APL01","key":"RS ukr"}
2026-05-16 10:26:30 - getOutlet.php - Params - tgl: 2026-05-16, encrypt: ccd1ed58b6dfc857aa9aaffafcf73b7e, id_apl: APL01, key: RS ukr
2026-05-16 10:26:30 - getOutlet.php - Aplikasi ditemukan: Ya
2026-05-16 10:26:30 - getOutlet.php - Key aplikasi: YbcJSFjkds...
2026-05-16 10:26:30 - getOutlet.php - Expected encrypt: ccd1ed58b6dfc857aa9aaffafcf73b7e
2026-05-16 10:26:30 - getOutlet.php - Received encrypt: ccd1ed58b6dfc857aa9aaffafcf73b7e
2026-05-16 10:26:30 - getOutlet.php - Authentication berhasil
2026-05-16 10:26:30 - getOutlet.php - Query: SELECT id_out, nama_out, '' AS alamat_out, ofcode_out
            FROM outlet 
            WHERE status_out IN ('Active', '1', 'active')
            AND (nama_out LIKE :key OR ofcode_out LIKE :key)
            ORDER BY nama_out ASC
            LIMIT 20
2026-05-16 10:26:30 - getOutlet.php - Query berhasil, mengembalikan 1 record
2026-05-16 10:26:30 - getOutlet.php - === END REQUEST ===
2026-05-16 03:26:31 - getOutlet.php - === REQUEST GETOUTLET ===
2026-05-16 03:26:31 - getOutlet.php - Method: POST
2026-05-16 03:26:31 - getOutlet.php - POST data: {"tgl":"2026-05-16","encrypt":"ccd1ed58b6dfc857aa9aaffafcf73b7e","id_apl":"APL01","key":"RS ukri"}
2026-05-16 10:26:31 - getOutlet.php - Params - tgl: 2026-05-16, encrypt: ccd1ed58b6dfc857aa9aaffafcf73b7e, id_apl: APL01, key: RS ukri
2026-05-16 10:26:31 - getOutlet.php - Aplikasi ditemukan: Ya
2026-05-16 10:26:31 - getOutlet.php - Key aplikasi: YbcJSFjkds...
2026-05-16 10:26:31 - getOutlet.php - Expected encrypt: ccd1ed58b6dfc857aa9aaffafcf73b7e
2026-05-16 10:26:31 - getOutlet.php - Received encrypt: ccd1ed58b6dfc857aa9aaffafcf73b7e
2026-05-16 10:26:31 - getOutlet.php - Authentication berhasil
2026-05-16 10:26:31 - getOutlet.php - Query: SELECT id_out, nama_out, '' AS alamat_out, ofcode_out
            FROM outlet 
            WHERE status_out IN ('Active', '1', 'active')
            AND (nama_out LIKE :key OR ofcode_out LIKE :key)
            ORDER BY nama_out ASC
            LIMIT 20
2026-05-16 10:26:31 - getOutlet.php - Query berhasil, mengembalikan 1 record
2026-05-16 10:26:31 - getOutlet.php - === END REQUEST ===
2026-05-16 03:26:32 - getOutlet.php - === REQUEST GETOUTLET ===
2026-05-16 03:26:32 - getOutlet.php - Method: POST
2026-05-16 03:26:32 - getOutlet.php - POST data: {"tgl":"2026-05-16","encrypt":"ccd1ed58b6dfc857aa9aaffafcf73b7e","id_apl":"APL01","key":"RS ukrid"}
2026-05-16 10:26:32 - getOutlet.php - Params - tgl: 2026-05-16, encrypt: ccd1ed58b6dfc857aa9aaffafcf73b7e, id_apl: APL01, key: RS ukrid
2026-05-16 10:26:32 - getOutlet.php - Aplikasi ditemukan: Ya
2026-05-16 10:26:32 - getOutlet.php - Key aplikasi: YbcJSFjkds...
2026-05-16 10:26:32 - getOutlet.php - Expected encrypt: ccd1ed58b6dfc857aa9aaffafcf73b7e
2026-05-16 10:26:32 - getOutlet.php - Received encrypt: ccd1ed58b6dfc857aa9aaffafcf73b7e
2026-05-16 10:26:32 - getOutlet.php - Authentication berhasil
2026-05-16 10:26:32 - getOutlet.php - Query: SELECT id_out, nama_out, '' AS alamat_out, ofcode_out
            FROM outlet 
            WHERE status_out IN ('Active', '1', 'active')
            AND (nama_out LIKE :key OR ofcode_out LIKE :key)
            ORDER BY nama_out ASC
            LIMIT 20
2026-05-16 10:26:32 - getOutlet.php - Query berhasil, mengembalikan 1 record
2026-05-16 10:26:32 - getOutlet.php - === END REQUEST ===
2026-05-16 03:26:33 - getOutlet.php - === REQUEST GETOUTLET ===
2026-05-16 03:26:33 - getOutlet.php - Method: POST
2026-05-16 03:26:33 - getOutlet.php - POST data: {"tgl":"2026-05-16","encrypt":"ccd1ed58b6dfc857aa9aaffafcf73b7e","id_apl":"APL01","key":"RS UKRIDA"}
2026-05-16 10:26:33 - getOutlet.php - Params - tgl: 2026-05-16, encrypt: ccd1ed58b6dfc857aa9aaffafcf73b7e, id_apl: APL01, key: RS UKRIDA
2026-05-16 10:26:33 - getOutlet.php - Aplikasi ditemukan: Ya
2026-05-16 10:26:33 - getOutlet.php - Key aplikasi: YbcJSFjkds...
2026-05-16 10:26:33 - getOutlet.php - Expected encrypt: ccd1ed58b6dfc857aa9aaffafcf73b7e
2026-05-16 10:26:33 - getOutlet.php - Received encrypt: ccd1ed58b6dfc857aa9aaffafcf73b7e
2026-05-16 10:26:33 - getOutlet.php - Authentication berhasil
2026-05-16 10:26:33 - getOutlet.php - Query: SELECT id_out, nama_out, '' AS alamat_out, ofcode_out
            FROM outlet 
            WHERE status_out IN ('Active', '1', 'active')
            AND (nama_out LIKE :key OR ofcode_out LIKE :key)
            ORDER BY nama_out ASC
            LIMIT 20
2026-05-16 10:26:33 - getOutlet.php - Query berhasil, mengembalikan 1 record
2026-05-16 10:26:33 - getOutlet.php - === END REQUEST ===
2026-05-16 03:26:47 - getOutlet.php - === REQUEST GETOUTLET ===
2026-05-16 03:26:47 - getOutlet.php - Method: POST
2026-05-16 03:26:47 - getOutlet.php - POST data: {"tgl":"2026-05-16","encrypt":"ccd1ed58b6dfc857aa9aaffafcf73b7e","id_apl":"APL01","key":"Rs"}
2026-05-16 10:26:47 - getOutlet.php - Params - tgl: 2026-05-16, encrypt: ccd1ed58b6dfc857aa9aaffafcf73b7e, id_apl: APL01, key: Rs
2026-05-16 10:26:47 - getOutlet.php - Aplikasi ditemukan: Ya
2026-05-16 10:26:47 - getOutlet.php - Key aplikasi: YbcJSFjkds...
2026-05-16 10:26:47 - getOutlet.php - Expected encrypt: ccd1ed58b6dfc857aa9aaffafcf73b7e
2026-05-16 10:26:47 - getOutlet.php - Received encrypt: ccd1ed58b6dfc857aa9aaffafcf73b7e
2026-05-16 10:26:47 - getOutlet.php - Authentication berhasil
2026-05-16 10:26:47 - getOutlet.php - Query: SELECT id_out, nama_out, '' AS alamat_out, ofcode_out
            FROM outlet 
            WHERE status_out IN ('Active', '1', 'active')
            AND (nama_out LIKE :key OR ofcode_out LIKE :key)
            ORDER BY nama_out ASC
            LIMIT 20
2026-05-16 10:26:47 - getOutlet.php - Query berhasil, mengembalikan 20 record
2026-05-16 10:26:47 - getOutlet.php - === END REQUEST ===
2026-05-16 03:26:47 - getOutlet.php - === REQUEST GETOUTLET ===
2026-05-16 03:26:47 - getOutlet.php - Method: POST
2026-05-16 03:26:47 - getOutlet.php - POST data: {"tgl":"2026-05-16","encrypt":"ccd1ed58b6dfc857aa9aaffafcf73b7e","id_apl":"APL01","key":"Rsi"}
2026-05-16 10:26:47 - getOutlet.php - Params - tgl: 2026-05-16, encrypt: ccd1ed58b6dfc857aa9aaffafcf73b7e, id_apl: APL01, key: Rsi
2026-05-16 10:26:47 - getOutlet.php - Aplikasi ditemukan: Ya
2026-05-16 10:26:47 - getOutlet.php - Key aplikasi: YbcJSFjkds...
2026-05-16 10:26:47 - getOutlet.php - Expected encrypt: ccd1ed58b6dfc857aa9aaffafcf73b7e
2026-05-16 10:26:47 - getOutlet.php - Received encrypt: ccd1ed58b6dfc857aa9aaffafcf73b7e
2026-05-16 10:26:47 - getOutlet.php - Authentication berhasil
2026-05-16 10:26:47 - getOutlet.php - Query: SELECT id_out, nama_out, '' AS alamat_out, ofcode_out
            FROM outlet 
            WHERE status_out IN ('Active', '1', 'active')
            AND (nama_out LIKE :key OR ofcode_out LIKE :key)
            ORDER BY nama_out ASC
            LIMIT 20
2026-05-16 10:26:47 - getOutlet.php - Query berhasil, mengembalikan 20 record
2026-05-16 10:26:47 - getOutlet.php - === END REQUEST ===
2026-05-16 03:26:48 - getOutlet.php - === REQUEST GETOUTLET ===
2026-05-16 03:26:48 - getOutlet.php - Method: POST
2026-05-16 03:26:48 - getOutlet.php - POST data: {"tgl":"2026-05-16","encrypt":"ccd1ed58b6dfc857aa9aaffafcf73b7e","id_apl":"APL01","key":"Rsi"}
2026-05-16 10:26:48 - getOutlet.php - Params - tgl: 2026-05-16, encrypt: ccd1ed58b6dfc857aa9aaffafcf73b7e, id_apl: APL01, key: Rsi
2026-05-16 10:26:48 - getOutlet.php - Aplikasi ditemukan: Ya
2026-05-16 10:26:48 - getOutlet.php - Key aplikasi: YbcJSFjkds...
2026-05-16 10:26:48 - getOutlet.php - Expected encrypt: ccd1ed58b6dfc857aa9aaffafcf73b7e
2026-05-16 10:26:48 - getOutlet.php - Received encrypt: ccd1ed58b6dfc857aa9aaffafcf73b7e
2026-05-16 10:26:48 - getOutlet.php - Authentication berhasil
2026-05-16 10:26:48 - getOutlet.php - Query: SELECT id_out, nama_out, '' AS alamat_out, ofcode_out
            FROM outlet 
            WHERE status_out IN ('Active', '1', 'active')
            AND (nama_out LIKE :key OR ofcode_out LIKE :key)
            ORDER BY nama_out ASC
            LIMIT 20
2026-05-16 10:26:48 - getOutlet.php - Query berhasil, mengembalikan 20 record
2026-05-16 10:26:48 - getOutlet.php - === END REQUEST ===
2026-05-16 03:26:48 - getOutlet.php - === REQUEST GETOUTLET ===
2026-05-16 03:26:48 - getOutlet.php - Method: POST
2026-05-16 03:26:48 - getOutlet.php - POST data: {"tgl":"2026-05-16","encrypt":"ccd1ed58b6dfc857aa9aaffafcf73b7e","id_apl":"APL01","key":"Rsi j"}
2026-05-16 10:26:48 - getOutlet.php - Params - tgl: 2026-05-16, encrypt: ccd1ed58b6dfc857aa9aaffafcf73b7e, id_apl: APL01, key: Rsi j
2026-05-16 10:26:48 - getOutlet.php - Aplikasi ditemukan: Ya
2026-05-16 10:26:48 - getOutlet.php - Key aplikasi: YbcJSFjkds...
2026-05-16 10:26:48 - getOutlet.php - Expected encrypt: ccd1ed58b6dfc857aa9aaffafcf73b7e
2026-05-16 10:26:48 - getOutlet.php - Received encrypt: ccd1ed58b6dfc857aa9aaffafcf73b7e
2026-05-16 10:26:48 - getOutlet.php - Authentication berhasil
2026-05-16 10:26:48 - getOutlet.php - Query: SELECT id_out, nama_out, '' AS alamat_out, ofcode_out
            FROM outlet 
            WHERE status_out IN ('Active', '1', 'active')
            AND (nama_out LIKE :key OR ofcode_out LIKE :key)
            ORDER BY nama_out ASC
            LIMIT 20
2026-05-16 10:26:48 - getOutlet.php - Query berhasil, mengembalikan 2 record
2026-05-16 10:26:48 - getOutlet.php - === END REQUEST ===
2026-05-16 03:26:48 - getOutlet.php - === REQUEST GETOUTLET ===
2026-05-16 03:26:48 - getOutlet.php - Method: POST
2026-05-16 03:26:48 - getOutlet.php - POST data: {"tgl":"2026-05-16","encrypt":"ccd1ed58b6dfc857aa9aaffafcf73b7e","id_apl":"APL01","key":"Rsi ja"}
2026-05-16 10:26:48 - getOutlet.php - Params - tgl: 2026-05-16, encrypt: ccd1ed58b6dfc857aa9aaffafcf73b7e, id_apl: APL01, key: Rsi ja
2026-05-16 10:26:48 - getOutlet.php - Aplikasi ditemukan: Ya
2026-05-16 10:26:48 - getOutlet.php - Key aplikasi: YbcJSFjkds...
2026-05-16 10:26:48 - getOutlet.php - Expected encrypt: ccd1ed58b6dfc857aa9aaffafcf73b7e
2026-05-16 10:26:48 - getOutlet.php - Received encrypt: ccd1ed58b6dfc857aa9aaffafcf73b7e
2026-05-16 10:26:48 - getOutlet.php - Authentication berhasil
2026-05-16 10:26:48 - getOutlet.php - Query: SELECT id_out, nama_out, '' AS alamat_out, ofcode_out
            FROM outlet 
            WHERE status_out IN ('Active', '1', 'active')
            AND (nama_out LIKE :key OR ofcode_out LIKE :key)
            ORDER BY nama_out ASC
            LIMIT 20
2026-05-16 10:26:48 - getOutlet.php - Query berhasil, mengembalikan 1 record
2026-05-16 10:26:48 - getOutlet.php - === END REQUEST ===
2026-05-16 03:26:48 - getOutlet.php - === REQUEST GETOUTLET ===
2026-05-16 03:26:48 - getOutlet.php - Method: POST
2026-05-16 03:26:48 - getOutlet.php - POST data: {"tgl":"2026-05-16","encrypt":"ccd1ed58b6dfc857aa9aaffafcf73b7e","id_apl":"APL01","key":"Rsi jak"}
2026-05-16 10:26:48 - getOutlet.php - Params - tgl: 2026-05-16, encrypt: ccd1ed58b6dfc857aa9aaffafcf73b7e, id_apl: APL01, key: Rsi jak
2026-05-16 10:26:48 - getOutlet.php - Aplikasi ditemukan: Ya
2026-05-16 10:26:48 - getOutlet.php - Key aplikasi: YbcJSFjkds...
2026-05-16 10:26:48 - getOutlet.php - Expected encrypt: ccd1ed58b6dfc857aa9aaffafcf73b7e
2026-05-16 10:26:48 - getOutlet.php - Received encrypt: ccd1ed58b6dfc857aa9aaffafcf73b7e
2026-05-16 10:26:48 - getOutlet.php - Authentication berhasil
2026-05-16 10:26:48 - getOutlet.php - Query: SELECT id_out, nama_out, '' AS alamat_out, ofcode_out
            FROM outlet 
            WHERE status_out IN ('Active', '1', 'active')
            AND (nama_out LIKE :key OR ofcode_out LIKE :key)
            ORDER BY nama_out ASC
            LIMIT 20
2026-05-16 10:26:48 - getOutlet.php - Query berhasil, mengembalikan 1 record
2026-05-16 10:26:48 - getOutlet.php - === END REQUEST ===
2026-05-16 03:26:48 - getOutlet.php - === REQUEST GETOUTLET ===
2026-05-16 03:26:48 - getOutlet.php - Method: POST
2026-05-16 03:26:48 - getOutlet.php - POST data: {"tgl":"2026-05-16","encrypt":"ccd1ed58b6dfc857aa9aaffafcf73b7e","id_apl":"APL01","key":"Rsi jaka"}
2026-05-16 10:26:48 - getOutlet.php - Params - tgl: 2026-05-16, encrypt: ccd1ed58b6dfc857aa9aaffafcf73b7e, id_apl: APL01, key: Rsi jaka
2026-05-16 10:26:48 - getOutlet.php - Aplikasi ditemukan: Ya
2026-05-16 10:26:48 - getOutlet.php - Key aplikasi: YbcJSFjkds...
2026-05-16 10:26:48 - getOutlet.php - Expected encrypt: ccd1ed58b6dfc857aa9aaffafcf73b7e
2026-05-16 10:26:48 - getOutlet.php - Received encrypt: ccd1ed58b6dfc857aa9aaffafcf73b7e
2026-05-16 10:26:48 - getOutlet.php - Authentication berhasil
2026-05-16 10:26:48 - getOutlet.php - Query: SELECT id_out, nama_out, '' AS alamat_out, ofcode_out
            FROM outlet 
            WHERE status_out IN ('Active', '1', 'active')
            AND (nama_out LIKE :key OR ofcode_out LIKE :key)
            ORDER BY nama_out ASC
            LIMIT 20
2026-05-16 10:26:48 - getOutlet.php - Query berhasil, mengembalikan 1 record
2026-05-16 10:26:48 - getOutlet.php - === END REQUEST ===
2026-05-16 03:26:51 - getOutlet.php - === REQUEST GETOUTLET ===
2026-05-16 03:26:51 - getOutlet.php - Method: POST
2026-05-16 03:26:51 - getOutlet.php - POST data: {"tgl":"2026-05-16","encrypt":"ccd1ed58b6dfc857aa9aaffafcf73b7e","id_apl":"APL01","key":"Rsi jakarta"}
2026-05-16 10:26:51 - getOutlet.php - Params - tgl: 2026-05-16, encrypt: ccd1ed58b6dfc857aa9aaffafcf73b7e, id_apl: APL01, key: Rsi jakarta
2026-05-16 10:26:51 - getOutlet.php - Aplikasi ditemukan: Ya
2026-05-16 10:26:51 - getOutlet.php - Key aplikasi: YbcJSFjkds...
2026-05-16 10:26:51 - getOutlet.php - Expected encrypt: ccd1ed58b6dfc857aa9aaffafcf73b7e
2026-05-16 10:26:51 - getOutlet.php - Received encrypt: ccd1ed58b6dfc857aa9aaffafcf73b7e
2026-05-16 10:26:51 - getOutlet.php - Authentication berhasil
2026-05-16 10:26:51 - getOutlet.php - Query: SELECT id_out, nama_out, '' AS alamat_out, ofcode_out
            FROM outlet 
            WHERE status_out IN ('Active', '1', 'active')
            AND (nama_out LIKE :key OR ofcode_out LIKE :key)
            ORDER BY nama_out ASC
            LIMIT 20
2026-05-16 10:26:51 - getOutlet.php - Query berhasil, mengembalikan 1 record
2026-05-16 10:26:51 - getOutlet.php - === END REQUEST ===
2026-05-16 03:26:51 - getOutlet.php - === REQUEST GETOUTLET ===
2026-05-16 03:26:51 - getOutlet.php - Method: POST
2026-05-16 03:26:51 - getOutlet.php - POST data: {"tgl":"2026-05-16","encrypt":"ccd1ed58b6dfc857aa9aaffafcf73b7e","id_apl":"APL01","key":"Rsi jakarta sukapura"}
2026-05-16 10:26:51 - getOutlet.php - Params - tgl: 2026-05-16, encrypt: ccd1ed58b6dfc857aa9aaffafcf73b7e, id_apl: APL01, key: Rsi jakarta sukapura
2026-05-16 10:26:51 - getOutlet.php - Aplikasi ditemukan: Ya
2026-05-16 10:26:51 - getOutlet.php - Key aplikasi: YbcJSFjkds...
2026-05-16 10:26:51 - getOutlet.php - Expected encrypt: ccd1ed58b6dfc857aa9aaffafcf73b7e
2026-05-16 10:26:51 - getOutlet.php - Received encrypt: ccd1ed58b6dfc857aa9aaffafcf73b7e
2026-05-16 10:26:51 - getOutlet.php - Authentication berhasil
2026-05-16 10:26:51 - getOutlet.php - Query: SELECT id_out, nama_out, '' AS alamat_out, ofcode_out
            FROM outlet 
            WHERE status_out IN ('Active', '1', 'active')
            AND (nama_out LIKE :key OR ofcode_out LIKE :key)
            ORDER BY nama_out ASC
            LIMIT 20
2026-05-16 10:26:51 - getOutlet.php - Query berhasil, mengembalikan 1 record
2026-05-16 10:26:51 - getOutlet.php - === END REQUEST ===
2026-05-16 03:26:53 - getOutlet.php - === REQUEST GETOUTLET ===
2026-05-16 03:26:53 - getOutlet.php - Method: POST
2026-05-16 03:26:53 - getOutlet.php - POST data: {"tgl":"2026-05-16","encrypt":"ccd1ed58b6dfc857aa9aaffafcf73b7e","id_apl":"APL01","key":"RSI JAKARTA SUKAPURA"}
2026-05-16 10:26:53 - getOutlet.php - Params - tgl: 2026-05-16, encrypt: ccd1ed58b6dfc857aa9aaffafcf73b7e, id_apl: APL01, key: RSI JAKARTA SUKAPURA
2026-05-16 10:26:53 - getOutlet.php - Aplikasi ditemukan: Ya
2026-05-16 10:26:53 - getOutlet.php - Key aplikasi: YbcJSFjkds...
2026-05-16 10:26:53 - getOutlet.php - Expected encrypt: ccd1ed58b6dfc857aa9aaffafcf73b7e
2026-05-16 10:26:53 - getOutlet.php - Received encrypt: ccd1ed58b6dfc857aa9aaffafcf73b7e
2026-05-16 10:26:53 - getOutlet.php - Authentication berhasil
2026-05-16 10:26:53 - getOutlet.php - Query: SELECT id_out, nama_out, '' AS alamat_out, ofcode_out
            FROM outlet 
            WHERE status_out IN ('Active', '1', 'active')
            AND (nama_out LIKE :key OR ofcode_out LIKE :key)
            ORDER BY nama_out ASC
            LIMIT 20
2026-05-16 10:26:53 - getOutlet.php - Query berhasil, mengembalikan 1 record
2026-05-16 10:26:53 - getOutlet.php - === END REQUEST ===
2026-05-16 03:27:08 - getOutlet.php - === REQUEST GETOUTLET ===
2026-05-16 03:27:08 - getOutlet.php - Method: POST
2026-05-16 03:27:08 - getOutlet.php - POST data: {"tgl":"2026-05-16","encrypt":"ccd1ed58b6dfc857aa9aaffafcf73b7e","id_apl":"APL01","key":"Rs"}
2026-05-16 10:27:08 - getOutlet.php - Params - tgl: 2026-05-16, encrypt: ccd1ed58b6dfc857aa9aaffafcf73b7e, id_apl: APL01, key: Rs
2026-05-16 10:27:08 - getOutlet.php - Aplikasi ditemukan: Ya
2026-05-16 10:27:08 - getOutlet.php - Key aplikasi: YbcJSFjkds...
2026-05-16 10:27:08 - getOutlet.php - Expected encrypt: ccd1ed58b6dfc857aa9aaffafcf73b7e
2026-05-16 10:27:08 - getOutlet.php - Received encrypt: ccd1ed58b6dfc857aa9aaffafcf73b7e
2026-05-16 10:27:08 - getOutlet.php - Authentication berhasil
2026-05-16 10:27:08 - getOutlet.php - Query: SELECT id_out, nama_out, '' AS alamat_out, ofcode_out
            FROM outlet 
            WHERE status_out IN ('Active', '1', 'active')
            AND (nama_out LIKE :key OR ofcode_out LIKE :key)
            ORDER BY nama_out ASC
            LIMIT 20
2026-05-16 10:27:08 - getOutlet.php - Query berhasil, mengembalikan 20 record
2026-05-16 10:27:08 - getOutlet.php - === END REQUEST ===
2026-05-16 03:27:08 - getOutlet.php - === REQUEST GETOUTLET ===
2026-05-16 03:27:08 - getOutlet.php - Method: POST
2026-05-16 03:27:08 - getOutlet.php - POST data: {"tgl":"2026-05-16","encrypt":"ccd1ed58b6dfc857aa9aaffafcf73b7e","id_apl":"APL01","key":"RS"}
2026-05-16 10:27:08 - getOutlet.php - Params - tgl: 2026-05-16, encrypt: ccd1ed58b6dfc857aa9aaffafcf73b7e, id_apl: APL01, key: RS
2026-05-16 10:27:08 - getOutlet.php - Aplikasi ditemukan: Ya
2026-05-16 10:27:08 - getOutlet.php - Key aplikasi: YbcJSFjkds...
2026-05-16 10:27:08 - getOutlet.php - Expected encrypt: ccd1ed58b6dfc857aa9aaffafcf73b7e
2026-05-16 10:27:08 - getOutlet.php - Received encrypt: ccd1ed58b6dfc857aa9aaffafcf73b7e
2026-05-16 10:27:08 - getOutlet.php - Authentication berhasil
2026-05-16 10:27:08 - getOutlet.php - Query: SELECT id_out, nama_out, '' AS alamat_out, ofcode_out
            FROM outlet 
            WHERE status_out IN ('Active', '1', 'active')
            AND (nama_out LIKE :key OR ofcode_out LIKE :key)
            ORDER BY nama_out ASC
            LIMIT 20
2026-05-16 10:27:08 - getOutlet.php - Query berhasil, mengembalikan 20 record
2026-05-16 10:27:08 - getOutlet.php - === END REQUEST ===
2026-05-16 03:27:12 - getOutlet.php - === REQUEST GETOUTLET ===
2026-05-16 03:27:12 - getOutlet.php - Method: POST
2026-05-16 03:27:12 - getOutlet.php - POST data: {"tgl":"2026-05-16","encrypt":"ccd1ed58b6dfc857aa9aaffafcf73b7e","id_apl":"APL01","key":"RS m"}
2026-05-16 10:27:12 - getOutlet.php - Params - tgl: 2026-05-16, encrypt: ccd1ed58b6dfc857aa9aaffafcf73b7e, id_apl: APL01, key: RS m
2026-05-16 10:27:12 - getOutlet.php - Aplikasi ditemukan: Ya
2026-05-16 10:27:12 - getOutlet.php - Key aplikasi: YbcJSFjkds...
2026-05-16 10:27:12 - getOutlet.php - Expected encrypt: ccd1ed58b6dfc857aa9aaffafcf73b7e
2026-05-16 10:27:12 - getOutlet.php - Received encrypt: ccd1ed58b6dfc857aa9aaffafcf73b7e
2026-05-16 10:27:12 - getOutlet.php - Authentication berhasil
2026-05-16 10:27:12 - getOutlet.php - Query: SELECT id_out, nama_out, '' AS alamat_out, ofcode_out
            FROM outlet 
            WHERE status_out IN ('Active', '1', 'active')
            AND (nama_out LIKE :key OR ofcode_out LIKE :key)
            ORDER BY nama_out ASC
            LIMIT 20
2026-05-16 10:27:12 - getOutlet.php - Query berhasil, mengembalikan 20 record
2026-05-16 10:27:12 - getOutlet.php - === END REQUEST ===
2026-05-16 03:27:12 - getOutlet.php - === REQUEST GETOUTLET ===
2026-05-16 03:27:12 - getOutlet.php - Method: POST
2026-05-16 03:27:12 - getOutlet.php - POST data: {"tgl":"2026-05-16","encrypt":"ccd1ed58b6dfc857aa9aaffafcf73b7e","id_apl":"APL01","key":"RS mit"}
2026-05-16 10:27:12 - getOutlet.php - Params - tgl: 2026-05-16, encrypt: ccd1ed58b6dfc857aa9aaffafcf73b7e, id_apl: APL01, key: RS mit
2026-05-16 10:27:12 - getOutlet.php - Aplikasi ditemukan: Ya
2026-05-16 10:27:12 - getOutlet.php - Key aplikasi: YbcJSFjkds...
2026-05-16 10:27:12 - getOutlet.php - Expected encrypt: ccd1ed58b6dfc857aa9aaffafcf73b7e
2026-05-16 10:27:12 - getOutlet.php - Received encrypt: ccd1ed58b6dfc857aa9aaffafcf73b7e
2026-05-16 10:27:12 - getOutlet.php - Authentication berhasil
2026-05-16 10:27:12 - getOutlet.php - Query: SELECT id_out, nama_out, '' AS alamat_out, ofcode_out
            FROM outlet 
            WHERE status_out IN ('Active', '1', 'active')
            AND (nama_out LIKE :key OR ofcode_out LIKE :key)
            ORDER BY nama_out ASC
            LIMIT 20
2026-05-16 10:27:12 - getOutlet.php - Query berhasil, mengembalikan 17 record
2026-05-16 10:27:12 - getOutlet.php - === END REQUEST ===
2026-05-16 03:27:12 - getOutlet.php - === REQUEST GETOUTLET ===
2026-05-16 03:27:12 - getOutlet.php - Method: POST
2026-05-16 03:27:12 - getOutlet.php - POST data: {"tgl":"2026-05-16","encrypt":"ccd1ed58b6dfc857aa9aaffafcf73b7e","id_apl":"APL01","key":"RS mi"}
2026-05-16 10:27:12 - getOutlet.php - Params - tgl: 2026-05-16, encrypt: ccd1ed58b6dfc857aa9aaffafcf73b7e, id_apl: APL01, key: RS mi
2026-05-16 10:27:12 - getOutlet.php - Aplikasi ditemukan: Ya
2026-05-16 10:27:12 - getOutlet.php - Key aplikasi: YbcJSFjkds...
2026-05-16 10:27:12 - getOutlet.php - Expected encrypt: ccd1ed58b6dfc857aa9aaffafcf73b7e
2026-05-16 10:27:12 - getOutlet.php - Received encrypt: ccd1ed58b6dfc857aa9aaffafcf73b7e
2026-05-16 10:27:12 - getOutlet.php - Authentication berhasil
2026-05-16 10:27:12 - getOutlet.php - Query: SELECT id_out, nama_out, '' AS alamat_out, ofcode_out
            FROM outlet 
            WHERE status_out IN ('Active', '1', 'active')
            AND (nama_out LIKE :key OR ofcode_out LIKE :key)
            ORDER BY nama_out ASC
            LIMIT 20
2026-05-16 10:27:12 - getOutlet.php - Query berhasil, mengembalikan 17 record
2026-05-16 10:27:12 - getOutlet.php - === END REQUEST ===
2026-05-16 03:27:12 - getOutlet.php - === REQUEST GETOUTLET ===
2026-05-16 03:27:12 - getOutlet.php - Method: POST
2026-05-16 03:27:12 - getOutlet.php - POST data: {"tgl":"2026-05-16","encrypt":"ccd1ed58b6dfc857aa9aaffafcf73b7e","id_apl":"APL01","key":"RS mitra"}
2026-05-16 10:27:12 - getOutlet.php - Params - tgl: 2026-05-16, encrypt: ccd1ed58b6dfc857aa9aaffafcf73b7e, id_apl: APL01, key: RS mitra
2026-05-16 10:27:12 - getOutlet.php - Aplikasi ditemukan: Ya
2026-05-16 10:27:12 - getOutlet.php - Key aplikasi: YbcJSFjkds...
2026-05-16 10:27:12 - getOutlet.php - Expected encrypt: ccd1ed58b6dfc857aa9aaffafcf73b7e
2026-05-16 10:27:12 - getOutlet.php - Received encrypt: ccd1ed58b6dfc857aa9aaffafcf73b7e
2026-05-16 10:27:12 - getOutlet.php - Authentication berhasil
2026-05-16 10:27:12 - getOutlet.php - Query: SELECT id_out, nama_out, '' AS alamat_out, ofcode_out
            FROM outlet 
            WHERE status_out IN ('Active', '1', 'active')
            AND (nama_out LIKE :key OR ofcode_out LIKE :key)
            ORDER BY nama_out ASC
            LIMIT 20
2026-05-16 10:27:12 - getOutlet.php - Query berhasil, mengembalikan 17 record
2026-05-16 10:27:12 - getOutlet.php - === END REQUEST ===
2026-05-16 03:27:13 - getOutlet.php - === REQUEST GETOUTLET ===
2026-05-16 03:27:13 - getOutlet.php - Method: POST
2026-05-16 03:27:13 - getOutlet.php - POST data: {"tgl":"2026-05-16","encrypt":"ccd1ed58b6dfc857aa9aaffafcf73b7e","id_apl":"APL01","key":"RS mitra keluarga"}
2026-05-16 10:27:13 - getOutlet.php - Params - tgl: 2026-05-16, encrypt: ccd1ed58b6dfc857aa9aaffafcf73b7e, id_apl: APL01, key: RS mitra keluarga
2026-05-16 10:27:13 - getOutlet.php - Aplikasi ditemukan: Ya
2026-05-16 10:27:13 - getOutlet.php - Key aplikasi: YbcJSFjkds...
2026-05-16 10:27:13 - getOutlet.php - Expected encrypt: ccd1ed58b6dfc857aa9aaffafcf73b7e
2026-05-16 10:27:13 - getOutlet.php - Received encrypt: ccd1ed58b6dfc857aa9aaffafcf73b7e
2026-05-16 10:27:13 - getOutlet.php - Authentication berhasil
2026-05-16 10:27:13 - getOutlet.php - Query: SELECT id_out, nama_out, '' AS alamat_out, ofcode_out
            FROM outlet 
            WHERE status_out IN ('Active', '1', 'active')
            AND (nama_out LIKE :key OR ofcode_out LIKE :key)
            ORDER BY nama_out ASC
            LIMIT 20
2026-05-16 10:27:13 - getOutlet.php - Query berhasil, mengembalikan 16 record
2026-05-16 10:27:13 - getOutlet.php - === END REQUEST ===
2026-05-16 03:27:17 - getOutlet.php - === REQUEST GETOUTLET ===
2026-05-16 03:27:17 - getOutlet.php - Method: POST
2026-05-16 03:27:17 - getOutlet.php - POST data: {"tgl":"2026-05-16","encrypt":"ccd1ed58b6dfc857aa9aaffafcf73b7e","id_apl":"APL01","key":"RS mitra keluarga k"}
2026-05-16 10:27:17 - getOutlet.php - Params - tgl: 2026-05-16, encrypt: ccd1ed58b6dfc857aa9aaffafcf73b7e, id_apl: APL01, key: RS mitra keluarga k
2026-05-16 10:27:17 - getOutlet.php - Aplikasi ditemukan: Ya
2026-05-16 10:27:17 - getOutlet.php - Key aplikasi: YbcJSFjkds...
2026-05-16 10:27:17 - getOutlet.php - Expected encrypt: ccd1ed58b6dfc857aa9aaffafcf73b7e
2026-05-16 10:27:17 - getOutlet.php - Received encrypt: ccd1ed58b6dfc857aa9aaffafcf73b7e
2026-05-16 10:27:17 - getOutlet.php - Authentication berhasil
2026-05-16 10:27:17 - getOutlet.php - Query: SELECT id_out, nama_out, '' AS alamat_out, ofcode_out
            FROM outlet 
            WHERE status_out IN ('Active', '1', 'active')
            AND (nama_out LIKE :key OR ofcode_out LIKE :key)
            ORDER BY nama_out ASC
            LIMIT 20
2026-05-16 10:27:17 - getOutlet.php - Query berhasil, mengembalikan 3 record
2026-05-16 10:27:17 - getOutlet.php - === END REQUEST ===
2026-05-16 03:27:17 - getOutlet.php - === REQUEST GETOUTLET ===
2026-05-16 03:27:17 - getOutlet.php - Method: POST
2026-05-16 03:27:17 - getOutlet.php - POST data: {"tgl":"2026-05-16","encrypt":"ccd1ed58b6dfc857aa9aaffafcf73b7e","id_apl":"APL01","key":"RS mitra keluarga ke"}
2026-05-16 10:27:17 - getOutlet.php - Params - tgl: 2026-05-16, encrypt: ccd1ed58b6dfc857aa9aaffafcf73b7e, id_apl: APL01, key: RS mitra keluarga ke
2026-05-16 10:27:17 - getOutlet.php - Aplikasi ditemukan: Ya
2026-05-16 10:27:17 - getOutlet.php - Key aplikasi: YbcJSFjkds...
2026-05-16 10:27:17 - getOutlet.php - Expected encrypt: ccd1ed58b6dfc857aa9aaffafcf73b7e
2026-05-16 10:27:17 - getOutlet.php - Received encrypt: ccd1ed58b6dfc857aa9aaffafcf73b7e
2026-05-16 10:27:17 - getOutlet.php - Authentication berhasil
2026-05-16 10:27:17 - getOutlet.php - Query: SELECT id_out, nama_out, '' AS alamat_out, ofcode_out
            FROM outlet 
            WHERE status_out IN ('Active', '1', 'active')
            AND (nama_out LIKE :key OR ofcode_out LIKE :key)
            ORDER BY nama_out ASC
            LIMIT 20
2026-05-16 10:27:17 - getOutlet.php - Query berhasil, mengembalikan 2 record
2026-05-16 10:27:17 - getOutlet.php - === END REQUEST ===
2026-05-16 03:27:18 - getOutlet.php - === REQUEST GETOUTLET ===
2026-05-16 03:27:18 - getOutlet.php - Method: POST
2026-05-16 03:27:18 - getOutlet.php - POST data: {"tgl":"2026-05-16","encrypt":"ccd1ed58b6dfc857aa9aaffafcf73b7e","id_apl":"APL01","key":"RS mitra keluarga kel"}
2026-05-16 10:27:18 - getOutlet.php - Params - tgl: 2026-05-16, encrypt: ccd1ed58b6dfc857aa9aaffafcf73b7e, id_apl: APL01, key: RS mitra keluarga kel
2026-05-16 10:27:18 - getOutlet.php - Aplikasi ditemukan: Ya
2026-05-16 10:27:18 - getOutlet.php - Key aplikasi: YbcJSFjkds...
2026-05-16 10:27:18 - getOutlet.php - Expected encrypt: ccd1ed58b6dfc857aa9aaffafcf73b7e
2026-05-16 10:27:18 - getOutlet.php - Received encrypt: ccd1ed58b6dfc857aa9aaffafcf73b7e
2026-05-16 10:27:18 - getOutlet.php - Authentication berhasil
2026-05-16 10:27:18 - getOutlet.php - Query: SELECT id_out, nama_out, '' AS alamat_out, ofcode_out
            FROM outlet 
            WHERE status_out IN ('Active', '1', 'active')
            AND (nama_out LIKE :key OR ofcode_out LIKE :key)
            ORDER BY nama_out ASC
            LIMIT 20
2026-05-16 10:27:18 - getOutlet.php - Query berhasil, mengembalikan 1 record
2026-05-16 10:27:18 - getOutlet.php - === END REQUEST ===
2026-05-16 03:27:18 - getOutlet.php - === REQUEST GETOUTLET ===
2026-05-16 03:27:18 - getOutlet.php - Method: POST
2026-05-16 03:27:18 - getOutlet.php - POST data: {"tgl":"2026-05-16","encrypt":"ccd1ed58b6dfc857aa9aaffafcf73b7e","id_apl":"APL01","key":"RS mitra keluarga kela"}
2026-05-16 10:27:18 - getOutlet.php - Params - tgl: 2026-05-16, encrypt: ccd1ed58b6dfc857aa9aaffafcf73b7e, id_apl: APL01, key: RS mitra keluarga kela
2026-05-16 10:27:18 - getOutlet.php - Aplikasi ditemukan: Ya
2026-05-16 10:27:18 - getOutlet.php - Key aplikasi: YbcJSFjkds...
2026-05-16 10:27:18 - getOutlet.php - Expected encrypt: ccd1ed58b6dfc857aa9aaffafcf73b7e
2026-05-16 10:27:18 - getOutlet.php - Received encrypt: ccd1ed58b6dfc857aa9aaffafcf73b7e
2026-05-16 10:27:18 - getOutlet.php - Authentication berhasil
2026-05-16 10:27:18 - getOutlet.php - Query: SELECT id_out, nama_out, '' AS alamat_out, ofcode_out
            FROM outlet 
            WHERE status_out IN ('Active', '1', 'active')
            AND (nama_out LIKE :key OR ofcode_out LIKE :key)
            ORDER BY nama_out ASC
            LIMIT 20
2026-05-16 10:27:18 - getOutlet.php - Query berhasil, mengembalikan 1 record
2026-05-16 10:27:18 - getOutlet.php - === END REQUEST ===
2026-05-16 03:27:18 - getOutlet.php - === REQUEST GETOUTLET ===
2026-05-16 03:27:18 - getOutlet.php - Method: POST
2026-05-16 03:27:18 - getOutlet.php - POST data: {"tgl":"2026-05-16","encrypt":"ccd1ed58b6dfc857aa9aaffafcf73b7e","id_apl":"APL01","key":"RS mitra keluarga kelap"}
2026-05-16 10:27:18 - getOutlet.php - Params - tgl: 2026-05-16, encrypt: ccd1ed58b6dfc857aa9aaffafcf73b7e, id_apl: APL01, key: RS mitra keluarga kelap
2026-05-16 10:27:18 - getOutlet.php - Aplikasi ditemukan: Ya
2026-05-16 10:27:18 - getOutlet.php - Key aplikasi: YbcJSFjkds...
2026-05-16 10:27:18 - getOutlet.php - Expected encrypt: ccd1ed58b6dfc857aa9aaffafcf73b7e
2026-05-16 10:27:18 - getOutlet.php - Received encrypt: ccd1ed58b6dfc857aa9aaffafcf73b7e
2026-05-16 10:27:18 - getOutlet.php - Authentication berhasil
2026-05-16 10:27:18 - getOutlet.php - Query: SELECT id_out, nama_out, '' AS alamat_out, ofcode_out
            FROM outlet 
            WHERE status_out IN ('Active', '1', 'active')
            AND (nama_out LIKE :key OR ofcode_out LIKE :key)
            ORDER BY nama_out ASC
            LIMIT 20
2026-05-16 10:27:18 - getOutlet.php - Query berhasil, mengembalikan 1 record
2026-05-16 10:27:18 - getOutlet.php - === END REQUEST ===
2026-05-16 03:27:20 - getOutlet.php - === REQUEST GETOUTLET ===
2026-05-16 03:27:20 - getOutlet.php - Method: POST
2026-05-16 03:27:20 - getOutlet.php - POST data: {"tgl":"2026-05-16","encrypt":"ccd1ed58b6dfc857aa9aaffafcf73b7e","id_apl":"APL01","key":"RS Mitra Keluarga Kelapa Gading"}
2026-05-16 10:27:20 - getOutlet.php - Params - tgl: 2026-05-16, encrypt: ccd1ed58b6dfc857aa9aaffafcf73b7e, id_apl: APL01, key: RS Mitra Keluarga Kelapa Gading
2026-05-16 10:27:20 - getOutlet.php - Aplikasi ditemukan: Ya
2026-05-16 10:27:20 - getOutlet.php - Key aplikasi: YbcJSFjkds...
2026-05-16 10:27:20 - getOutlet.php - Expected encrypt: ccd1ed58b6dfc857aa9aaffafcf73b7e
2026-05-16 10:27:20 - getOutlet.php - Received encrypt: ccd1ed58b6dfc857aa9aaffafcf73b7e
2026-05-16 10:27:20 - getOutlet.php - Authentication berhasil
2026-05-16 10:27:20 - getOutlet.php - Query: SELECT id_out, nama_out, '' AS alamat_out, ofcode_out
            FROM outlet 
            WHERE status_out IN ('Active', '1', 'active')
            AND (nama_out LIKE :key OR ofcode_out LIKE :key)
            ORDER BY nama_out ASC
            LIMIT 20
2026-05-16 10:27:20 - getOutlet.php - Query berhasil, mengembalikan 1 record
2026-05-16 10:27:20 - getOutlet.php - === END REQUEST ===
2026-05-16 04:19:17 - getOutlet.php - === REQUEST GETOUTLET ===
2026-05-16 04:19:17 - getOutlet.php - Method: POST
2026-05-16 04:19:17 - getOutlet.php - POST data: {"tgl":"2026-05-16","encrypt":"ccd1ed58b6dfc857aa9aaffafcf73b7e","id_apl":"APL01","key":"rs"}
2026-05-16 11:19:17 - getOutlet.php - Params - tgl: 2026-05-16, encrypt: ccd1ed58b6dfc857aa9aaffafcf73b7e, id_apl: APL01, key: rs
2026-05-16 11:19:17 - getOutlet.php - Aplikasi ditemukan: Ya
2026-05-16 11:19:17 - getOutlet.php - Key aplikasi: YbcJSFjkds...
2026-05-16 11:19:17 - getOutlet.php - Expected encrypt: ccd1ed58b6dfc857aa9aaffafcf73b7e
2026-05-16 11:19:17 - getOutlet.php - Received encrypt: ccd1ed58b6dfc857aa9aaffafcf73b7e
2026-05-16 11:19:17 - getOutlet.php - Authentication berhasil
2026-05-16 11:19:17 - getOutlet.php - Query: SELECT id_out, nama_out, '' AS alamat_out, ofcode_out
            FROM outlet 
            WHERE status_out IN ('Active', '1', 'active')
            AND (nama_out LIKE :key OR ofcode_out LIKE :key)
            ORDER BY nama_out ASC
            LIMIT 20
2026-05-16 11:19:17 - getOutlet.php - Query berhasil, mengembalikan 20 record
2026-05-16 11:19:17 - getOutlet.php - === END REQUEST ===
2026-05-16 04:19:17 - getOutlet.php - === REQUEST GETOUTLET ===
2026-05-16 04:19:17 - getOutlet.php - Method: POST
2026-05-16 04:19:17 - getOutlet.php - POST data: {"tgl":"2026-05-16","encrypt":"ccd1ed58b6dfc857aa9aaffafcf73b7e","id_apl":"APL01","key":"rs"}
2026-05-16 11:19:17 - getOutlet.php - Params - tgl: 2026-05-16, encrypt: ccd1ed58b6dfc857aa9aaffafcf73b7e, id_apl: APL01, key: rs
2026-05-16 11:19:17 - getOutlet.php - Aplikasi ditemukan: Ya
2026-05-16 11:19:17 - getOutlet.php - Key aplikasi: YbcJSFjkds...
2026-05-16 11:19:17 - getOutlet.php - Expected encrypt: ccd1ed58b6dfc857aa9aaffafcf73b7e
2026-05-16 11:19:17 - getOutlet.php - Received encrypt: ccd1ed58b6dfc857aa9aaffafcf73b7e
2026-05-16 11:19:17 - getOutlet.php - Authentication berhasil
2026-05-16 11:19:17 - getOutlet.php - Query: SELECT id_out, nama_out, '' AS alamat_out, ofcode_out
            FROM outlet 
            WHERE status_out IN ('Active', '1', 'active')
            AND (nama_out LIKE :key OR ofcode_out LIKE :key)
            ORDER BY nama_out ASC
            LIMIT 20
2026-05-16 11:19:17 - getOutlet.php - Query berhasil, mengembalikan 20 record
2026-05-16 11:19:17 - getOutlet.php - === END REQUEST ===
2026-05-16 04:19:18 - getOutlet.php - === REQUEST GETOUTLET ===
2026-05-16 04:19:18 - getOutlet.php - Method: POST
2026-05-16 04:19:18 - getOutlet.php - POST data: {"tgl":"2026-05-16","encrypt":"ccd1ed58b6dfc857aa9aaffafcf73b7e","id_apl":"APL01","key":"rs hu"}
2026-05-16 11:19:18 - getOutlet.php - Params - tgl: 2026-05-16, encrypt: ccd1ed58b6dfc857aa9aaffafcf73b7e, id_apl: APL01, key: rs hu
2026-05-16 11:19:18 - getOutlet.php - Aplikasi ditemukan: Ya
2026-05-16 11:19:18 - getOutlet.php - Key aplikasi: YbcJSFjkds...
2026-05-16 11:19:18 - getOutlet.php - Expected encrypt: ccd1ed58b6dfc857aa9aaffafcf73b7e
2026-05-16 11:19:18 - getOutlet.php - Received encrypt: ccd1ed58b6dfc857aa9aaffafcf73b7e
2026-05-16 11:19:18 - getOutlet.php - Authentication berhasil
2026-05-16 11:19:18 - getOutlet.php - Query: SELECT id_out, nama_out, '' AS alamat_out, ofcode_out
            FROM outlet 
            WHERE status_out IN ('Active', '1', 'active')
            AND (nama_out LIKE :key OR ofcode_out LIKE :key)
            ORDER BY nama_out ASC
            LIMIT 20
2026-05-16 11:19:18 - getOutlet.php - Query berhasil, mengembalikan 1 record
2026-05-16 11:19:18 - getOutlet.php - === END REQUEST ===
2026-05-16 04:19:18 - getOutlet.php - === REQUEST GETOUTLET ===
2026-05-16 04:19:18 - getOutlet.php - Method: POST
2026-05-16 04:19:18 - getOutlet.php - POST data: {"tgl":"2026-05-16","encrypt":"ccd1ed58b6dfc857aa9aaffafcf73b7e","id_apl":"APL01","key":"rs h"}
2026-05-16 11:19:18 - getOutlet.php - Params - tgl: 2026-05-16, encrypt: ccd1ed58b6dfc857aa9aaffafcf73b7e, id_apl: APL01, key: rs h
2026-05-16 11:19:18 - getOutlet.php - Aplikasi ditemukan: Ya
2026-05-16 11:19:18 - getOutlet.php - Key aplikasi: YbcJSFjkds...
2026-05-16 11:19:18 - getOutlet.php - Expected encrypt: ccd1ed58b6dfc857aa9aaffafcf73b7e
2026-05-16 11:19:18 - getOutlet.php - Received encrypt: ccd1ed58b6dfc857aa9aaffafcf73b7e
2026-05-16 11:19:18 - getOutlet.php - Authentication berhasil
2026-05-16 11:19:18 - getOutlet.php - Query: SELECT id_out, nama_out, '' AS alamat_out, ofcode_out
            FROM outlet 
            WHERE status_out IN ('Active', '1', 'active')
            AND (nama_out LIKE :key OR ofcode_out LIKE :key)
            ORDER BY nama_out ASC
            LIMIT 20
2026-05-16 11:19:18 - getOutlet.php - Query berhasil, mengembalikan 16 record
2026-05-16 11:19:18 - getOutlet.php - === END REQUEST ===
2026-05-16 04:19:19 - getOutlet.php - === REQUEST GETOUTLET ===
2026-05-16 04:19:19 - getOutlet.php - Method: POST
2026-05-16 04:19:19 - getOutlet.php - POST data: {"tgl":"2026-05-16","encrypt":"ccd1ed58b6dfc857aa9aaffafcf73b7e","id_apl":"APL01","key":"rs hus"}
2026-05-16 11:19:19 - getOutlet.php - Params - tgl: 2026-05-16, encrypt: ccd1ed58b6dfc857aa9aaffafcf73b7e, id_apl: APL01, key: rs hus
2026-05-16 11:19:19 - getOutlet.php - Aplikasi ditemukan: Ya
2026-05-16 11:19:19 - getOutlet.php - Key aplikasi: YbcJSFjkds...
2026-05-16 11:19:19 - getOutlet.php - Expected encrypt: ccd1ed58b6dfc857aa9aaffafcf73b7e
2026-05-16 11:19:19 - getOutlet.php - Received encrypt: ccd1ed58b6dfc857aa9aaffafcf73b7e
2026-05-16 11:19:19 - getOutlet.php - Authentication berhasil
2026-05-16 04:19:19 - getOutlet.php - === REQUEST GETOUTLET ===
2026-05-16 04:19:19 - getOutlet.php - Method: POST
2026-05-16 04:19:19 - getOutlet.php - POST data: {"tgl":"2026-05-16","encrypt":"ccd1ed58b6dfc857aa9aaffafcf73b7e","id_apl":"APL01","key":"rs husa"}
2026-05-16 11:19:19 - getOutlet.php - Params - tgl: 2026-05-16, encrypt: ccd1ed58b6dfc857aa9aaffafcf73b7e, id_apl: APL01, key: rs husa
2026-05-16 11:19:19 - getOutlet.php - Aplikasi ditemukan: Ya
2026-05-16 11:19:19 - getOutlet.php - Key aplikasi: YbcJSFjkds...
2026-05-16 11:19:19 - getOutlet.php - Expected encrypt: ccd1ed58b6dfc857aa9aaffafcf73b7e
2026-05-16 11:19:19 - getOutlet.php - Received encrypt: ccd1ed58b6dfc857aa9aaffafcf73b7e
2026-05-16 11:19:19 - getOutlet.php - Authentication berhasil
2026-05-16 11:19:19 - getOutlet.php - Query: SELECT id_out, nama_out, '' AS alamat_out, ofcode_out
            FROM outlet 
            WHERE status_out IN ('Active', '1', 'active')
            AND (nama_out LIKE :key OR ofcode_out LIKE :key)
            ORDER BY nama_out ASC
            LIMIT 20
2026-05-16 11:19:19 - getOutlet.php - Query: SELECT id_out, nama_out, '' AS alamat_out, ofcode_out
            FROM outlet 
            WHERE status_out IN ('Active', '1', 'active')
            AND (nama_out LIKE :key OR ofcode_out LIKE :key)
            ORDER BY nama_out ASC
            LIMIT 20
2026-05-16 11:19:19 - getOutlet.php - Query berhasil, mengembalikan 1 record
2026-05-16 11:19:19 - getOutlet.php - === END REQUEST ===
2026-05-16 11:19:19 - getOutlet.php - Query berhasil, mengembalikan 1 record
2026-05-16 11:19:19 - getOutlet.php - === END REQUEST ===
2026-05-16 04:19:19 - getOutlet.php - === REQUEST GETOUTLET ===
2026-05-16 04:19:19 - getOutlet.php - Method: POST
2026-05-16 04:19:19 - getOutlet.php - POST data: {"tgl":"2026-05-16","encrypt":"ccd1ed58b6dfc857aa9aaffafcf73b7e","id_apl":"APL01","key":"rs husad"}
2026-05-16 11:19:19 - getOutlet.php - Params - tgl: 2026-05-16, encrypt: ccd1ed58b6dfc857aa9aaffafcf73b7e, id_apl: APL01, key: rs husad
2026-05-16 11:19:19 - getOutlet.php - Aplikasi ditemukan: Ya
2026-05-16 11:19:19 - getOutlet.php - Key aplikasi: YbcJSFjkds...
2026-05-16 11:19:19 - getOutlet.php - Expected encrypt: ccd1ed58b6dfc857aa9aaffafcf73b7e
2026-05-16 11:19:19 - getOutlet.php - Received encrypt: ccd1ed58b6dfc857aa9aaffafcf73b7e
2026-05-16 11:19:19 - getOutlet.php - Authentication berhasil
2026-05-16 11:19:19 - getOutlet.php - Query: SELECT id_out, nama_out, '' AS alamat_out, ofcode_out
            FROM outlet 
            WHERE status_out IN ('Active', '1', 'active')
            AND (nama_out LIKE :key OR ofcode_out LIKE :key)
            ORDER BY nama_out ASC
            LIMIT 20
2026-05-16 11:19:19 - getOutlet.php - Query berhasil, mengembalikan 1 record
2026-05-16 11:19:19 - getOutlet.php - === END REQUEST ===
2026-05-16 04:19:19 - getOutlet.php - === REQUEST GETOUTLET ===
2026-05-16 04:19:19 - getOutlet.php - Method: POST
2026-05-16 04:19:19 - getOutlet.php - POST data: {"tgl":"2026-05-16","encrypt":"ccd1ed58b6dfc857aa9aaffafcf73b7e","id_apl":"APL01","key":"rs husada"}
2026-05-16 11:19:19 - getOutlet.php - Params - tgl: 2026-05-16, encrypt: ccd1ed58b6dfc857aa9aaffafcf73b7e, id_apl: APL01, key: rs husada
2026-05-16 11:19:19 - getOutlet.php - Aplikasi ditemukan: Ya
2026-05-16 11:19:19 - getOutlet.php - Key aplikasi: YbcJSFjkds...
2026-05-16 11:19:19 - getOutlet.php - Expected encrypt: ccd1ed58b6dfc857aa9aaffafcf73b7e
2026-05-16 11:19:19 - getOutlet.php - Received encrypt: ccd1ed58b6dfc857aa9aaffafcf73b7e
2026-05-16 11:19:19 - getOutlet.php - Authentication berhasil
2026-05-16 11:19:19 - getOutlet.php - Query: SELECT id_out, nama_out, '' AS alamat_out, ofcode_out
            FROM outlet 
            WHERE status_out IN ('Active', '1', 'active')
            AND (nama_out LIKE :key OR ofcode_out LIKE :key)
            ORDER BY nama_out ASC
            LIMIT 20
2026-05-16 11:19:19 - getOutlet.php - Query berhasil, mengembalikan 1 record
2026-05-16 11:19:19 - getOutlet.php - === END REQUEST ===
2026-05-16 04:19:21 - getOutlet.php - === REQUEST GETOUTLET ===
2026-05-16 04:19:21 - getOutlet.php - Method: POST
2026-05-16 04:19:21 - getOutlet.php - POST data: {"tgl":"2026-05-16","encrypt":"ccd1ed58b6dfc857aa9aaffafcf73b7e","id_apl":"APL01","key":"RS HUSADA"}
2026-05-16 11:19:21 - getOutlet.php - Params - tgl: 2026-05-16, encrypt: ccd1ed58b6dfc857aa9aaffafcf73b7e, id_apl: APL01, key: RS HUSADA
2026-05-16 11:19:21 - getOutlet.php - Aplikasi ditemukan: Ya
2026-05-16 11:19:21 - getOutlet.php - Key aplikasi: YbcJSFjkds...
2026-05-16 11:19:21 - getOutlet.php - Expected encrypt: ccd1ed58b6dfc857aa9aaffafcf73b7e
2026-05-16 11:19:21 - getOutlet.php - Received encrypt: ccd1ed58b6dfc857aa9aaffafcf73b7e
2026-05-16 11:19:21 - getOutlet.php - Authentication berhasil
2026-05-16 11:19:21 - getOutlet.php - Query: SELECT id_out, nama_out, '' AS alamat_out, ofcode_out
            FROM outlet 
            WHERE status_out IN ('Active', '1', 'active')
            AND (nama_out LIKE :key OR ofcode_out LIKE :key)
            ORDER BY nama_out ASC
            LIMIT 20
2026-05-16 11:19:21 - getOutlet.php - Query berhasil, mengembalikan 1 record
2026-05-16 11:19:21 - getOutlet.php - === END REQUEST ===
2026-05-16 04:19:35 - getOutlet.php - === REQUEST GETOUTLET ===
2026-05-16 04:19:35 - getOutlet.php - Method: POST
2026-05-16 04:19:35 - getOutlet.php - POST data: {"tgl":"2026-05-16","encrypt":"ccd1ed58b6dfc857aa9aaffafcf73b7e","id_apl":"APL01","key":"rs"}
2026-05-16 11:19:35 - getOutlet.php - Params - tgl: 2026-05-16, encrypt: ccd1ed58b6dfc857aa9aaffafcf73b7e, id_apl: APL01, key: rs
2026-05-16 11:19:35 - getOutlet.php - Aplikasi ditemukan: Ya
2026-05-16 11:19:35 - getOutlet.php - Key aplikasi: YbcJSFjkds...
2026-05-16 11:19:35 - getOutlet.php - Expected encrypt: ccd1ed58b6dfc857aa9aaffafcf73b7e
2026-05-16 11:19:35 - getOutlet.php - Received encrypt: ccd1ed58b6dfc857aa9aaffafcf73b7e
2026-05-16 11:19:35 - getOutlet.php - Authentication berhasil
2026-05-16 11:19:35 - getOutlet.php - Query: SELECT id_out, nama_out, '' AS alamat_out, ofcode_out
            FROM outlet 
            WHERE status_out IN ('Active', '1', 'active')
            AND (nama_out LIKE :key OR ofcode_out LIKE :key)
            ORDER BY nama_out ASC
            LIMIT 20
2026-05-16 11:19:35 - getOutlet.php - Query berhasil, mengembalikan 20 record
2026-05-16 11:19:35 - getOutlet.php - === END REQUEST ===
2026-05-16 04:19:36 - getOutlet.php - === REQUEST GETOUTLET ===
2026-05-16 04:19:36 - getOutlet.php - Method: POST
2026-05-16 04:19:36 - getOutlet.php - POST data: {"tgl":"2026-05-16","encrypt":"ccd1ed58b6dfc857aa9aaffafcf73b7e","id_apl":"APL01","key":"rs"}
2026-05-16 11:19:36 - getOutlet.php - Params - tgl: 2026-05-16, encrypt: ccd1ed58b6dfc857aa9aaffafcf73b7e, id_apl: APL01, key: rs
2026-05-16 11:19:36 - getOutlet.php - Aplikasi ditemukan: Ya
2026-05-16 11:19:36 - getOutlet.php - Key aplikasi: YbcJSFjkds...
2026-05-16 11:19:36 - getOutlet.php - Expected encrypt: ccd1ed58b6dfc857aa9aaffafcf73b7e
2026-05-16 11:19:36 - getOutlet.php - Received encrypt: ccd1ed58b6dfc857aa9aaffafcf73b7e
2026-05-16 11:19:36 - getOutlet.php - Authentication berhasil
2026-05-16 11:19:36 - getOutlet.php - Query: SELECT id_out, nama_out, '' AS alamat_out, ofcode_out
            FROM outlet 
            WHERE status_out IN ('Active', '1', 'active')
            AND (nama_out LIKE :key OR ofcode_out LIKE :key)
            ORDER BY nama_out ASC
            LIMIT 20
2026-05-16 11:19:36 - getOutlet.php - Query berhasil, mengembalikan 20 record
2026-05-16 11:19:36 - getOutlet.php - === END REQUEST ===
2026-05-16 04:19:36 - getOutlet.php - === REQUEST GETOUTLET ===
2026-05-16 04:19:36 - getOutlet.php - Method: POST
2026-05-16 04:19:36 - getOutlet.php - POST data: {"tgl":"2026-05-16","encrypt":"ccd1ed58b6dfc857aa9aaffafcf73b7e","id_apl":"APL01","key":"rs h"}
2026-05-16 11:19:36 - getOutlet.php - Params - tgl: 2026-05-16, encrypt: ccd1ed58b6dfc857aa9aaffafcf73b7e, id_apl: APL01, key: rs h
2026-05-16 11:19:36 - getOutlet.php - Aplikasi ditemukan: Ya
2026-05-16 11:19:36 - getOutlet.php - Key aplikasi: YbcJSFjkds...
2026-05-16 11:19:36 - getOutlet.php - Expected encrypt: ccd1ed58b6dfc857aa9aaffafcf73b7e
2026-05-16 11:19:36 - getOutlet.php - Received encrypt: ccd1ed58b6dfc857aa9aaffafcf73b7e
2026-05-16 11:19:36 - getOutlet.php - Authentication berhasil
2026-05-16 11:19:36 - getOutlet.php - Query: SELECT id_out, nama_out, '' AS alamat_out, ofcode_out
            FROM outlet 
            WHERE status_out IN ('Active', '1', 'active')
            AND (nama_out LIKE :key OR ofcode_out LIKE :key)
            ORDER BY nama_out ASC
            LIMIT 20
2026-05-16 11:19:36 - getOutlet.php - Query berhasil, mengembalikan 16 record
2026-05-16 11:19:36 - getOutlet.php - === END REQUEST ===
2026-05-16 04:19:36 - getOutlet.php - === REQUEST GETOUTLET ===
2026-05-16 04:19:36 - getOutlet.php - Method: POST
2026-05-16 04:19:36 - getOutlet.php - POST data: {"tgl":"2026-05-16","encrypt":"ccd1ed58b6dfc857aa9aaffafcf73b7e","id_apl":"APL01","key":"rs hu"}
2026-05-16 11:19:36 - getOutlet.php - Params - tgl: 2026-05-16, encrypt: ccd1ed58b6dfc857aa9aaffafcf73b7e, id_apl: APL01, key: rs hu
2026-05-16 11:19:36 - getOutlet.php - Aplikasi ditemukan: Ya
2026-05-16 11:19:36 - getOutlet.php - Key aplikasi: YbcJSFjkds...
2026-05-16 11:19:36 - getOutlet.php - Expected encrypt: ccd1ed58b6dfc857aa9aaffafcf73b7e
2026-05-16 11:19:36 - getOutlet.php - Received encrypt: ccd1ed58b6dfc857aa9aaffafcf73b7e
2026-05-16 11:19:36 - getOutlet.php - Authentication berhasil
2026-05-16 11:19:36 - getOutlet.php - Query: SELECT id_out, nama_out, '' AS alamat_out, ofcode_out
            FROM outlet 
            WHERE status_out IN ('Active', '1', 'active')
            AND (nama_out LIKE :key OR ofcode_out LIKE :key)
            ORDER BY nama_out ASC
            LIMIT 20
2026-05-16 11:19:36 - getOutlet.php - Query berhasil, mengembalikan 1 record
2026-05-16 11:19:36 - getOutlet.php - === END REQUEST ===
2026-05-16 04:19:36 - getOutlet.php - === REQUEST GETOUTLET ===
2026-05-16 04:19:36 - getOutlet.php - Method: POST
2026-05-16 04:19:36 - getOutlet.php - POST data: {"tgl":"2026-05-16","encrypt":"ccd1ed58b6dfc857aa9aaffafcf73b7e","id_apl":"APL01","key":"rs hus"}
2026-05-16 11:19:36 - getOutlet.php - Params - tgl: 2026-05-16, encrypt: ccd1ed58b6dfc857aa9aaffafcf73b7e, id_apl: APL01, key: rs hus
2026-05-16 11:19:36 - getOutlet.php - Aplikasi ditemukan: Ya
2026-05-16 11:19:36 - getOutlet.php - Key aplikasi: YbcJSFjkds...
2026-05-16 11:19:36 - getOutlet.php - Expected encrypt: ccd1ed58b6dfc857aa9aaffafcf73b7e
2026-05-16 11:19:36 - getOutlet.php - Received encrypt: ccd1ed58b6dfc857aa9aaffafcf73b7e
2026-05-16 11:19:36 - getOutlet.php - Authentication berhasil
2026-05-16 11:19:36 - getOutlet.php - Query: SELECT id_out, nama_out, '' AS alamat_out, ofcode_out
            FROM outlet 
            WHERE status_out IN ('Active', '1', 'active')
            AND (nama_out LIKE :key OR ofcode_out LIKE :key)
            ORDER BY nama_out ASC
            LIMIT 20
2026-05-16 11:19:36 - getOutlet.php - Query berhasil, mengembalikan 1 record
2026-05-16 11:19:36 - getOutlet.php - === END REQUEST ===
2026-05-16 04:19:36 - getOutlet.php - === REQUEST GETOUTLET ===
2026-05-16 04:19:36 - getOutlet.php - Method: POST
2026-05-16 04:19:36 - getOutlet.php - POST data: {"tgl":"2026-05-16","encrypt":"ccd1ed58b6dfc857aa9aaffafcf73b7e","id_apl":"APL01","key":"rs husa"}
2026-05-16 11:19:36 - getOutlet.php - Params - tgl: 2026-05-16, encrypt: ccd1ed58b6dfc857aa9aaffafcf73b7e, id_apl: APL01, key: rs husa
2026-05-16 11:19:36 - getOutlet.php - Aplikasi ditemukan: Ya
2026-05-16 11:19:36 - getOutlet.php - Key aplikasi: YbcJSFjkds...
2026-05-16 11:19:36 - getOutlet.php - Expected encrypt: ccd1ed58b6dfc857aa9aaffafcf73b7e
2026-05-16 11:19:36 - getOutlet.php - Received encrypt: ccd1ed58b6dfc857aa9aaffafcf73b7e
2026-05-16 11:19:36 - getOutlet.php - Authentication berhasil
2026-05-16 11:19:36 - getOutlet.php - Query: SELECT id_out, nama_out, '' AS alamat_out, ofcode_out
            FROM outlet 
            WHERE status_out IN ('Active', '1', 'active')
            AND (nama_out LIKE :key OR ofcode_out LIKE :key)
            ORDER BY nama_out ASC
            LIMIT 20
2026-05-16 11:19:36 - getOutlet.php - Query berhasil, mengembalikan 1 record
2026-05-16 11:19:36 - getOutlet.php - === END REQUEST ===
2026-05-16 04:19:37 - getOutlet.php - === REQUEST GETOUTLET ===
2026-05-16 04:19:37 - getOutlet.php - Method: POST
2026-05-16 04:19:37 - getOutlet.php - POST data: {"tgl":"2026-05-16","encrypt":"ccd1ed58b6dfc857aa9aaffafcf73b7e","id_apl":"APL01","key":"rs husad"}
2026-05-16 11:19:37 - getOutlet.php - Params - tgl: 2026-05-16, encrypt: ccd1ed58b6dfc857aa9aaffafcf73b7e, id_apl: APL01, key: rs husad
2026-05-16 11:19:37 - getOutlet.php - Aplikasi ditemukan: Ya
2026-05-16 11:19:37 - getOutlet.php - Key aplikasi: YbcJSFjkds...
2026-05-16 11:19:37 - getOutlet.php - Expected encrypt: ccd1ed58b6dfc857aa9aaffafcf73b7e
2026-05-16 11:19:37 - getOutlet.php - Received encrypt: ccd1ed58b6dfc857aa9aaffafcf73b7e
2026-05-16 11:19:37 - getOutlet.php - Authentication berhasil
2026-05-16 11:19:37 - getOutlet.php - Query: SELECT id_out, nama_out, '' AS alamat_out, ofcode_out
            FROM outlet 
            WHERE status_out IN ('Active', '1', 'active')
            AND (nama_out LIKE :key OR ofcode_out LIKE :key)
            ORDER BY nama_out ASC
            LIMIT 20
2026-05-16 11:19:37 - getOutlet.php - Query berhasil, mengembalikan 1 record
2026-05-16 11:19:37 - getOutlet.php - === END REQUEST ===
2026-05-16 04:19:37 - getOutlet.php - === REQUEST GETOUTLET ===
2026-05-16 04:19:37 - getOutlet.php - Method: POST
2026-05-16 04:19:37 - getOutlet.php - POST data: {"tgl":"2026-05-16","encrypt":"ccd1ed58b6dfc857aa9aaffafcf73b7e","id_apl":"APL01","key":"rs husada"}
2026-05-16 11:19:37 - getOutlet.php - Params - tgl: 2026-05-16, encrypt: ccd1ed58b6dfc857aa9aaffafcf73b7e, id_apl: APL01, key: rs husada
2026-05-16 11:19:37 - getOutlet.php - Aplikasi ditemukan: Ya
2026-05-16 11:19:37 - getOutlet.php - Key aplikasi: YbcJSFjkds...
2026-05-16 11:19:37 - getOutlet.php - Expected encrypt: ccd1ed58b6dfc857aa9aaffafcf73b7e
2026-05-16 11:19:37 - getOutlet.php - Received encrypt: ccd1ed58b6dfc857aa9aaffafcf73b7e
2026-05-16 11:19:37 - getOutlet.php - Authentication berhasil
2026-05-16 11:19:37 - getOutlet.php - Query: SELECT id_out, nama_out, '' AS alamat_out, ofcode_out
            FROM outlet 
            WHERE status_out IN ('Active', '1', 'active')
            AND (nama_out LIKE :key OR ofcode_out LIKE :key)
            ORDER BY nama_out ASC
            LIMIT 20
2026-05-16 11:19:37 - getOutlet.php - Query berhasil, mengembalikan 1 record
2026-05-16 11:19:37 - getOutlet.php - === END REQUEST ===
2026-05-16 04:19:38 - getOutlet.php - === REQUEST GETOUTLET ===
2026-05-16 04:19:38 - getOutlet.php - Method: POST
2026-05-16 04:19:38 - getOutlet.php - POST data: {"tgl":"2026-05-16","encrypt":"ccd1ed58b6dfc857aa9aaffafcf73b7e","id_apl":"APL01","key":"RS HUSADA"}
2026-05-16 11:19:38 - getOutlet.php - Params - tgl: 2026-05-16, encrypt: ccd1ed58b6dfc857aa9aaffafcf73b7e, id_apl: APL01, key: RS HUSADA
2026-05-16 11:19:38 - getOutlet.php - Aplikasi ditemukan: Ya
2026-05-16 11:19:38 - getOutlet.php - Key aplikasi: YbcJSFjkds...
2026-05-16 11:19:38 - getOutlet.php - Expected encrypt: ccd1ed58b6dfc857aa9aaffafcf73b7e
2026-05-16 11:19:38 - getOutlet.php - Received encrypt: ccd1ed58b6dfc857aa9aaffafcf73b7e
2026-05-16 11:19:38 - getOutlet.php - Authentication berhasil
2026-05-16 11:19:38 - getOutlet.php - Query: SELECT id_out, nama_out, '' AS alamat_out, ofcode_out
            FROM outlet 
            WHERE status_out IN ('Active', '1', 'active')
            AND (nama_out LIKE :key OR ofcode_out LIKE :key)
            ORDER BY nama_out ASC
            LIMIT 20
2026-05-16 11:19:38 - getOutlet.php - Query berhasil, mengembalikan 1 record
2026-05-16 11:19:38 - getOutlet.php - === END REQUEST ===
2026-05-16 04:45:01 - getOutlet.php - === REQUEST GETOUTLET ===
2026-05-16 04:45:01 - getOutlet.php - Method: POST
2026-05-16 04:45:01 - getOutlet.php - POST data: {"tgl":"2026-05-16","encrypt":"ccd1ed58b6dfc857aa9aaffafcf73b7e","id_apl":"APL01","key":"rs"}
2026-05-16 11:45:01 - getOutlet.php - Params - tgl: 2026-05-16, encrypt: ccd1ed58b6dfc857aa9aaffafcf73b7e, id_apl: APL01, key: rs
2026-05-16 11:45:01 - getOutlet.php - Aplikasi ditemukan: Ya
2026-05-16 11:45:01 - getOutlet.php - Key aplikasi: YbcJSFjkds...
2026-05-16 11:45:01 - getOutlet.php - Expected encrypt: ccd1ed58b6dfc857aa9aaffafcf73b7e
2026-05-16 11:45:01 - getOutlet.php - Received encrypt: ccd1ed58b6dfc857aa9aaffafcf73b7e
2026-05-16 11:45:01 - getOutlet.php - Authentication berhasil
2026-05-16 11:45:01 - getOutlet.php - Query: SELECT id_out, nama_out, '' AS alamat_out, ofcode_out
            FROM outlet 
            WHERE status_out IN ('Active', '1', 'active')
            AND (nama_out LIKE :key OR ofcode_out LIKE :key)
            ORDER BY nama_out ASC
            LIMIT 20
2026-05-16 11:45:01 - getOutlet.php - Query berhasil, mengembalikan 20 record
2026-05-16 11:45:01 - getOutlet.php - === END REQUEST ===
2026-05-16 04:45:02 - getOutlet.php - === REQUEST GETOUTLET ===
2026-05-16 04:45:02 - getOutlet.php - Method: POST
2026-05-16 04:45:02 - getOutlet.php - POST data: {"tgl":"2026-05-16","encrypt":"ccd1ed58b6dfc857aa9aaffafcf73b7e","id_apl":"APL01","key":"rs"}
2026-05-16 11:45:02 - getOutlet.php - Params - tgl: 2026-05-16, encrypt: ccd1ed58b6dfc857aa9aaffafcf73b7e, id_apl: APL01, key: rs
2026-05-16 11:45:02 - getOutlet.php - Aplikasi ditemukan: Ya
2026-05-16 11:45:02 - getOutlet.php - Key aplikasi: YbcJSFjkds...
2026-05-16 11:45:02 - getOutlet.php - Expected encrypt: ccd1ed58b6dfc857aa9aaffafcf73b7e
2026-05-16 11:45:02 - getOutlet.php - Received encrypt: ccd1ed58b6dfc857aa9aaffafcf73b7e
2026-05-16 11:45:02 - getOutlet.php - Authentication berhasil
2026-05-16 11:45:02 - getOutlet.php - Query: SELECT id_out, nama_out, '' AS alamat_out, ofcode_out
            FROM outlet 
            WHERE status_out IN ('Active', '1', 'active')
            AND (nama_out LIKE :key OR ofcode_out LIKE :key)
            ORDER BY nama_out ASC
            LIMIT 20
2026-05-16 11:45:02 - getOutlet.php - Query berhasil, mengembalikan 20 record
2026-05-16 11:45:02 - getOutlet.php - === END REQUEST ===
2026-05-16 04:45:02 - getOutlet.php - === REQUEST GETOUTLET ===
2026-05-16 04:45:02 - getOutlet.php - Method: POST
2026-05-16 04:45:02 - getOutlet.php - POST data: {"tgl":"2026-05-16","encrypt":"ccd1ed58b6dfc857aa9aaffafcf73b7e","id_apl":"APL01","key":"rs r"}
2026-05-16 11:45:02 - getOutlet.php - Params - tgl: 2026-05-16, encrypt: ccd1ed58b6dfc857aa9aaffafcf73b7e, id_apl: APL01, key: rs r
2026-05-16 11:45:02 - getOutlet.php - Aplikasi ditemukan: Ya
2026-05-16 11:45:02 - getOutlet.php - Key aplikasi: YbcJSFjkds...
2026-05-16 11:45:02 - getOutlet.php - Expected encrypt: ccd1ed58b6dfc857aa9aaffafcf73b7e
2026-05-16 11:45:02 - getOutlet.php - Received encrypt: ccd1ed58b6dfc857aa9aaffafcf73b7e
2026-05-16 11:45:02 - getOutlet.php - Authentication berhasil
2026-05-16 11:45:02 - getOutlet.php - Query: SELECT id_out, nama_out, '' AS alamat_out, ofcode_out
            FROM outlet 
            WHERE status_out IN ('Active', '1', 'active')
            AND (nama_out LIKE :key OR ofcode_out LIKE :key)
            ORDER BY nama_out ASC
            LIMIT 20
2026-05-16 11:45:02 - getOutlet.php - Query berhasil, mengembalikan 7 record
2026-05-16 11:45:02 - getOutlet.php - === END REQUEST ===
2026-05-16 04:45:03 - getOutlet.php - === REQUEST GETOUTLET ===
2026-05-16 04:45:03 - getOutlet.php - Method: POST
2026-05-16 04:45:03 - getOutlet.php - POST data: {"tgl":"2026-05-16","encrypt":"ccd1ed58b6dfc857aa9aaffafcf73b7e","id_apl":"APL01","key":"rs ro"}
2026-05-16 11:45:03 - getOutlet.php - Params - tgl: 2026-05-16, encrypt: ccd1ed58b6dfc857aa9aaffafcf73b7e, id_apl: APL01, key: rs ro
2026-05-16 11:45:03 - getOutlet.php - Aplikasi ditemukan: Ya
2026-05-16 11:45:03 - getOutlet.php - Key aplikasi: YbcJSFjkds...
2026-05-16 11:45:03 - getOutlet.php - Expected encrypt: ccd1ed58b6dfc857aa9aaffafcf73b7e
2026-05-16 11:45:03 - getOutlet.php - Received encrypt: ccd1ed58b6dfc857aa9aaffafcf73b7e
2026-05-16 11:45:03 - getOutlet.php - Authentication berhasil
2026-05-16 11:45:03 - getOutlet.php - Query: SELECT id_out, nama_out, '' AS alamat_out, ofcode_out
            FROM outlet 
            WHERE status_out IN ('Active', '1', 'active')
            AND (nama_out LIKE :key OR ofcode_out LIKE :key)
            ORDER BY nama_out ASC
            LIMIT 20
2026-05-16 11:45:03 - getOutlet.php - Query berhasil, mengembalikan 1 record
2026-05-16 11:45:03 - getOutlet.php - === END REQUEST ===
2026-05-16 04:45:03 - getOutlet.php - === REQUEST GETOUTLET ===
2026-05-16 04:45:03 - getOutlet.php - Method: POST
2026-05-16 04:45:03 - getOutlet.php - POST data: {"tgl":"2026-05-16","encrypt":"ccd1ed58b6dfc857aa9aaffafcf73b7e","id_apl":"APL01","key":"rs"}
2026-05-16 11:45:03 - getOutlet.php - Params - tgl: 2026-05-16, encrypt: ccd1ed58b6dfc857aa9aaffafcf73b7e, id_apl: APL01, key: rs
2026-05-16 11:45:03 - getOutlet.php - Aplikasi ditemukan: Ya
2026-05-16 11:45:03 - getOutlet.php - Key aplikasi: YbcJSFjkds...
2026-05-16 11:45:03 - getOutlet.php - Expected encrypt: ccd1ed58b6dfc857aa9aaffafcf73b7e
2026-05-16 11:45:03 - getOutlet.php - Received encrypt: ccd1ed58b6dfc857aa9aaffafcf73b7e
2026-05-16 11:45:03 - getOutlet.php - Authentication berhasil
2026-05-16 11:45:03 - getOutlet.php - Query: SELECT id_out, nama_out, '' AS alamat_out, ofcode_out
            FROM outlet 
            WHERE status_out IN ('Active', '1', 'active')
            AND (nama_out LIKE :key OR ofcode_out LIKE :key)
            ORDER BY nama_out ASC
            LIMIT 20
2026-05-16 11:45:03 - getOutlet.php - Query berhasil, mengembalikan 20 record
2026-05-16 11:45:03 - getOutlet.php - === END REQUEST ===
2026-05-16 04:45:03 - getOutlet.php - === REQUEST GETOUTLET ===
2026-05-16 04:45:03 - getOutlet.php - Method: POST
2026-05-16 04:45:03 - getOutlet.php - POST data: {"tgl":"2026-05-16","encrypt":"ccd1ed58b6dfc857aa9aaffafcf73b7e","id_apl":"APL01","key":"rs Royal"}
2026-05-16 11:45:03 - getOutlet.php - Params - tgl: 2026-05-16, encrypt: ccd1ed58b6dfc857aa9aaffafcf73b7e, id_apl: APL01, key: rs Royal
2026-05-16 11:45:03 - getOutlet.php - Aplikasi ditemukan: Ya
2026-05-16 11:45:03 - getOutlet.php - Key aplikasi: YbcJSFjkds...
2026-05-16 11:45:03 - getOutlet.php - Expected encrypt: ccd1ed58b6dfc857aa9aaffafcf73b7e
2026-05-16 11:45:03 - getOutlet.php - Received encrypt: ccd1ed58b6dfc857aa9aaffafcf73b7e
2026-05-16 11:45:03 - getOutlet.php - Authentication berhasil
2026-05-16 11:45:03 - getOutlet.php - Query: SELECT id_out, nama_out, '' AS alamat_out, ofcode_out
            FROM outlet 
            WHERE status_out IN ('Active', '1', 'active')
            AND (nama_out LIKE :key OR ofcode_out LIKE :key)
            ORDER BY nama_out ASC
            LIMIT 20
2026-05-16 11:45:03 - getOutlet.php - Query berhasil, mengembalikan 1 record
2026-05-16 11:45:03 - getOutlet.php - === END REQUEST ===
2026-05-16 04:45:04 - getOutlet.php - === REQUEST GETOUTLET ===
2026-05-16 04:45:04 - getOutlet.php - Method: POST
2026-05-16 04:45:04 - getOutlet.php - POST data: {"tgl":"2026-05-16","encrypt":"ccd1ed58b6dfc857aa9aaffafcf73b7e","id_apl":"APL01","key":"rs Royal progres"}
2026-05-16 11:45:04 - getOutlet.php - Params - tgl: 2026-05-16, encrypt: ccd1ed58b6dfc857aa9aaffafcf73b7e, id_apl: APL01, key: rs Royal progres
2026-05-16 11:45:05 - getOutlet.php - Aplikasi ditemukan: Ya
2026-05-16 11:45:05 - getOutlet.php - Key aplikasi: YbcJSFjkds...
2026-05-16 11:45:05 - getOutlet.php - Expected encrypt: ccd1ed58b6dfc857aa9aaffafcf73b7e
2026-05-16 11:45:05 - getOutlet.php - Received encrypt: ccd1ed58b6dfc857aa9aaffafcf73b7e
2026-05-16 11:45:05 - getOutlet.php - Authentication berhasil
2026-05-16 11:45:05 - getOutlet.php - Query: SELECT id_out, nama_out, '' AS alamat_out, ofcode_out
            FROM outlet 
            WHERE status_out IN ('Active', '1', 'active')
            AND (nama_out LIKE :key OR ofcode_out LIKE :key)
            ORDER BY nama_out ASC
            LIMIT 20
2026-05-16 11:45:05 - getOutlet.php - Query berhasil, mengembalikan 1 record
2026-05-16 11:45:05 - getOutlet.php - === END REQUEST ===
2026-05-16 04:45:06 - getOutlet.php - === REQUEST GETOUTLET ===
2026-05-16 04:45:06 - getOutlet.php - Method: POST
2026-05-16 04:45:06 - getOutlet.php - POST data: {"tgl":"2026-05-16","encrypt":"ccd1ed58b6dfc857aa9aaffafcf73b7e","id_apl":"APL01","key":"RS ROYAL PROGRESS"}
2026-05-16 11:45:06 - getOutlet.php - Params - tgl: 2026-05-16, encrypt: ccd1ed58b6dfc857aa9aaffafcf73b7e, id_apl: APL01, key: RS ROYAL PROGRESS
2026-05-16 11:45:06 - getOutlet.php - Aplikasi ditemukan: Ya
2026-05-16 11:45:06 - getOutlet.php - Key aplikasi: YbcJSFjkds...
2026-05-16 11:45:06 - getOutlet.php - Expected encrypt: ccd1ed58b6dfc857aa9aaffafcf73b7e
2026-05-16 11:45:06 - getOutlet.php - Received encrypt: ccd1ed58b6dfc857aa9aaffafcf73b7e
2026-05-16 11:45:06 - getOutlet.php - Authentication berhasil
2026-05-16 11:45:06 - getOutlet.php - Query: SELECT id_out, nama_out, '' AS alamat_out, ofcode_out
            FROM outlet 
            WHERE status_out IN ('Active', '1', 'active')
            AND (nama_out LIKE :key OR ofcode_out LIKE :key)
            ORDER BY nama_out ASC
            LIMIT 20
2026-05-16 11:45:06 - getOutlet.php - Query berhasil, mengembalikan 1 record
2026-05-16 11:45:06 - getOutlet.php - === END REQUEST ===
2026-05-16 05:26:27 - getOutlet.php - === REQUEST GETOUTLET ===
2026-05-16 05:26:27 - getOutlet.php - Method: POST
2026-05-16 05:26:27 - getOutlet.php - POST data: {"tgl":"2026-05-16","encrypt":"ccd1ed58b6dfc857aa9aaffafcf73b7e","id_apl":"APL01","key":"rs"}
2026-05-16 12:26:27 - getOutlet.php - Params - tgl: 2026-05-16, encrypt: ccd1ed58b6dfc857aa9aaffafcf73b7e, id_apl: APL01, key: rs
2026-05-16 12:26:27 - getOutlet.php - Aplikasi ditemukan: Ya
2026-05-16 12:26:27 - getOutlet.php - Key aplikasi: YbcJSFjkds...
2026-05-16 12:26:27 - getOutlet.php - Expected encrypt: ccd1ed58b6dfc857aa9aaffafcf73b7e
2026-05-16 12:26:27 - getOutlet.php - Received encrypt: ccd1ed58b6dfc857aa9aaffafcf73b7e
2026-05-16 12:26:27 - getOutlet.php - Authentication berhasil
2026-05-16 12:26:27 - getOutlet.php - Query: SELECT id_out, nama_out, '' AS alamat_out, ofcode_out
            FROM outlet 
            WHERE status_out IN ('Active', '1', 'active')
            AND (nama_out LIKE :key OR ofcode_out LIKE :key)
            ORDER BY nama_out ASC
            LIMIT 20
2026-05-16 12:26:27 - getOutlet.php - Query berhasil, mengembalikan 20 record
2026-05-16 12:26:27 - getOutlet.php - === END REQUEST ===
2026-05-16 05:26:28 - getOutlet.php - === REQUEST GETOUTLET ===
2026-05-16 05:26:28 - getOutlet.php - Method: POST
2026-05-16 05:26:28 - getOutlet.php - POST data: {"tgl":"2026-05-16","encrypt":"ccd1ed58b6dfc857aa9aaffafcf73b7e","id_apl":"APL01","key":"rsi"}
2026-05-16 12:26:28 - getOutlet.php - Params - tgl: 2026-05-16, encrypt: ccd1ed58b6dfc857aa9aaffafcf73b7e, id_apl: APL01, key: rsi
2026-05-16 12:26:28 - getOutlet.php - Aplikasi ditemukan: Ya
2026-05-16 12:26:28 - getOutlet.php - Key aplikasi: YbcJSFjkds...
2026-05-16 12:26:28 - getOutlet.php - Expected encrypt: ccd1ed58b6dfc857aa9aaffafcf73b7e
2026-05-16 12:26:28 - getOutlet.php - Received encrypt: ccd1ed58b6dfc857aa9aaffafcf73b7e
2026-05-16 12:26:28 - getOutlet.php - Authentication berhasil
2026-05-16 12:26:28 - getOutlet.php - Query: SELECT id_out, nama_out, '' AS alamat_out, ofcode_out
            FROM outlet 
            WHERE status_out IN ('Active', '1', 'active')
            AND (nama_out LIKE :key OR ofcode_out LIKE :key)
            ORDER BY nama_out ASC
            LIMIT 20
2026-05-16 12:26:28 - getOutlet.php - Query berhasil, mengembalikan 20 record
2026-05-16 12:26:28 - getOutlet.php - === END REQUEST ===
2026-05-16 05:26:29 - getOutlet.php - === REQUEST GETOUTLET ===
2026-05-16 05:26:29 - getOutlet.php - Method: POST
2026-05-16 05:26:29 - getOutlet.php - POST data: {"tgl":"2026-05-16","encrypt":"ccd1ed58b6dfc857aa9aaffafcf73b7e","id_apl":"APL01","key":"rs"}
2026-05-16 12:26:29 - getOutlet.php - Params - tgl: 2026-05-16, encrypt: ccd1ed58b6dfc857aa9aaffafcf73b7e, id_apl: APL01, key: rs
2026-05-16 12:26:29 - getOutlet.php - Aplikasi ditemukan: Ya
2026-05-16 12:26:29 - getOutlet.php - Key aplikasi: YbcJSFjkds...
2026-05-16 12:26:29 - getOutlet.php - Expected encrypt: ccd1ed58b6dfc857aa9aaffafcf73b7e
2026-05-16 12:26:29 - getOutlet.php - Received encrypt: ccd1ed58b6dfc857aa9aaffafcf73b7e
2026-05-16 12:26:29 - getOutlet.php - Authentication berhasil
2026-05-16 12:26:29 - getOutlet.php - Query: SELECT id_out, nama_out, '' AS alamat_out, ofcode_out
            FROM outlet 
            WHERE status_out IN ('Active', '1', 'active')
            AND (nama_out LIKE :key OR ofcode_out LIKE :key)
            ORDER BY nama_out ASC
            LIMIT 20
2026-05-16 12:26:29 - getOutlet.php - Query berhasil, mengembalikan 20 record
2026-05-16 12:26:29 - getOutlet.php - === END REQUEST ===
2026-05-16 05:26:29 - getOutlet.php - === REQUEST GETOUTLET ===
2026-05-16 05:26:29 - getOutlet.php - Method: POST
2026-05-16 05:26:29 - getOutlet.php - POST data: {"tgl":"2026-05-16","encrypt":"ccd1ed58b6dfc857aa9aaffafcf73b7e","id_apl":"APL01","key":"rsa"}
2026-05-16 12:26:29 - getOutlet.php - Params - tgl: 2026-05-16, encrypt: ccd1ed58b6dfc857aa9aaffafcf73b7e, id_apl: APL01, key: rsa
2026-05-16 12:26:29 - getOutlet.php - Aplikasi ditemukan: Ya
2026-05-16 12:26:29 - getOutlet.php - Key aplikasi: YbcJSFjkds...
2026-05-16 12:26:29 - getOutlet.php - Expected encrypt: ccd1ed58b6dfc857aa9aaffafcf73b7e
2026-05-16 12:26:29 - getOutlet.php - Received encrypt: ccd1ed58b6dfc857aa9aaffafcf73b7e
2026-05-16 12:26:29 - getOutlet.php - Authentication berhasil
2026-05-16 12:26:29 - getOutlet.php - Query: SELECT id_out, nama_out, '' AS alamat_out, ofcode_out
            FROM outlet 
            WHERE status_out IN ('Active', '1', 'active')
            AND (nama_out LIKE :key OR ofcode_out LIKE :key)
            ORDER BY nama_out ASC
            LIMIT 20
2026-05-16 12:26:29 - getOutlet.php - Query berhasil, mengembalikan 15 record
2026-05-16 12:26:29 - getOutlet.php - === END REQUEST ===
2026-05-16 05:26:29 - getOutlet.php - === REQUEST GETOUTLET ===
2026-05-16 05:26:29 - getOutlet.php - Method: POST
2026-05-16 05:26:29 - getOutlet.php - POST data: {"tgl":"2026-05-16","encrypt":"ccd1ed58b6dfc857aa9aaffafcf73b7e","id_apl":"APL01","key":"rsai"}
2026-05-16 12:26:29 - getOutlet.php - Params - tgl: 2026-05-16, encrypt: ccd1ed58b6dfc857aa9aaffafcf73b7e, id_apl: APL01, key: rsai
2026-05-16 12:26:29 - getOutlet.php - Aplikasi ditemukan: Ya
2026-05-16 12:26:29 - getOutlet.php - Key aplikasi: YbcJSFjkds...
2026-05-16 12:26:29 - getOutlet.php - Expected encrypt: ccd1ed58b6dfc857aa9aaffafcf73b7e
2026-05-16 12:26:29 - getOutlet.php - Received encrypt: ccd1ed58b6dfc857aa9aaffafcf73b7e
2026-05-16 12:26:29 - getOutlet.php - Authentication berhasil
2026-05-16 12:26:29 - getOutlet.php - Query: SELECT id_out, nama_out, '' AS alamat_out, ofcode_out
            FROM outlet 
            WHERE status_out IN ('Active', '1', 'active')
            AND (nama_out LIKE :key OR ofcode_out LIKE :key)
            ORDER BY nama_out ASC
            LIMIT 20
2026-05-16 12:26:29 - getOutlet.php - Query berhasil, mengembalikan 1 record
2026-05-16 12:26:29 - getOutlet.php - === END REQUEST ===
2026-05-16 05:26:30 - getOutlet.php - === REQUEST GETOUTLET ===
2026-05-16 05:26:30 - getOutlet.php - Method: POST
2026-05-16 05:26:30 - getOutlet.php - POST data: {"tgl":"2026-05-16","encrypt":"ccd1ed58b6dfc857aa9aaffafcf73b7e","id_apl":"APL01","key":"rsai"}
2026-05-16 12:26:30 - getOutlet.php - Params - tgl: 2026-05-16, encrypt: ccd1ed58b6dfc857aa9aaffafcf73b7e, id_apl: APL01, key: rsai
2026-05-16 12:26:30 - getOutlet.php - Aplikasi ditemukan: Ya
2026-05-16 12:26:30 - getOutlet.php - Key aplikasi: YbcJSFjkds...
2026-05-16 12:26:30 - getOutlet.php - Expected encrypt: ccd1ed58b6dfc857aa9aaffafcf73b7e
2026-05-16 12:26:30 - getOutlet.php - Received encrypt: ccd1ed58b6dfc857aa9aaffafcf73b7e
2026-05-16 12:26:30 - getOutlet.php - Authentication berhasil
2026-05-16 12:26:30 - getOutlet.php - Query: SELECT id_out, nama_out, '' AS alamat_out, ofcode_out
            FROM outlet 
            WHERE status_out IN ('Active', '1', 'active')
            AND (nama_out LIKE :key OR ofcode_out LIKE :key)
            ORDER BY nama_out ASC
            LIMIT 20
2026-05-16 12:26:30 - getOutlet.php - Query berhasil, mengembalikan 1 record
2026-05-16 12:26:30 - getOutlet.php - === END REQUEST ===
2026-05-16 05:26:30 - getOutlet.php - === REQUEST GETOUTLET ===
2026-05-16 05:26:30 - getOutlet.php - Method: POST
2026-05-16 05:26:30 - getOutlet.php - POST data: {"tgl":"2026-05-16","encrypt":"ccd1ed58b6dfc857aa9aaffafcf73b7e","id_apl":"APL01","key":"rsai f"}
2026-05-16 12:26:30 - getOutlet.php - Params - tgl: 2026-05-16, encrypt: ccd1ed58b6dfc857aa9aaffafcf73b7e, id_apl: APL01, key: rsai f
2026-05-16 12:26:30 - getOutlet.php - Aplikasi ditemukan: Ya
2026-05-16 12:26:30 - getOutlet.php - Key aplikasi: YbcJSFjkds...
2026-05-16 12:26:30 - getOutlet.php - Expected encrypt: ccd1ed58b6dfc857aa9aaffafcf73b7e
2026-05-16 12:26:30 - getOutlet.php - Received encrypt: ccd1ed58b6dfc857aa9aaffafcf73b7e
2026-05-16 12:26:30 - getOutlet.php - Authentication berhasil
2026-05-16 12:26:30 - getOutlet.php - Query: SELECT id_out, nama_out, '' AS alamat_out, ofcode_out
            FROM outlet 
            WHERE status_out IN ('Active', '1', 'active')
            AND (nama_out LIKE :key OR ofcode_out LIKE :key)
            ORDER BY nama_out ASC
            LIMIT 20
2026-05-16 12:26:30 - getOutlet.php - Query berhasil, mengembalikan 0 record
2026-05-16 12:26:30 - getOutlet.php - === END REQUEST ===
2026-05-16 05:26:30 - getOutlet.php - === REQUEST GETOUTLET ===
2026-05-16 05:26:30 - getOutlet.php - Method: POST
2026-05-16 05:26:30 - getOutlet.php - POST data: {"tgl":"2026-05-16","encrypt":"ccd1ed58b6dfc857aa9aaffafcf73b7e","id_apl":"APL01","key":"rsai fa"}
2026-05-16 12:26:30 - getOutlet.php - Params - tgl: 2026-05-16, encrypt: ccd1ed58b6dfc857aa9aaffafcf73b7e, id_apl: APL01, key: rsai fa
2026-05-16 12:26:30 - getOutlet.php - Aplikasi ditemukan: Ya
2026-05-16 12:26:30 - getOutlet.php - Key aplikasi: YbcJSFjkds...
2026-05-16 12:26:30 - getOutlet.php - Expected encrypt: ccd1ed58b6dfc857aa9aaffafcf73b7e
2026-05-16 12:26:30 - getOutlet.php - Received encrypt: ccd1ed58b6dfc857aa9aaffafcf73b7e
2026-05-16 12:26:30 - getOutlet.php - Authentication berhasil
2026-05-16 12:26:30 - getOutlet.php - Query: SELECT id_out, nama_out, '' AS alamat_out, ofcode_out
            FROM outlet 
            WHERE status_out IN ('Active', '1', 'active')
            AND (nama_out LIKE :key OR ofcode_out LIKE :key)
            ORDER BY nama_out ASC
            LIMIT 20
2026-05-16 12:26:30 - getOutlet.php - Query berhasil, mengembalikan 0 record
2026-05-16 12:26:30 - getOutlet.php - === END REQUEST ===
2026-05-16 05:26:33 - getOutlet.php - === REQUEST GETOUTLET ===
2026-05-16 05:26:33 - getOutlet.php - Method: POST
2026-05-16 05:26:33 - getOutlet.php - POST data: {"tgl":"2026-05-16","encrypt":"ccd1ed58b6dfc857aa9aaffafcf73b7e","id_apl":"APL01","key":"rsai f"}
2026-05-16 12:26:33 - getOutlet.php - Params - tgl: 2026-05-16, encrypt: ccd1ed58b6dfc857aa9aaffafcf73b7e, id_apl: APL01, key: rsai f
2026-05-16 12:26:33 - getOutlet.php - Aplikasi ditemukan: Ya
2026-05-16 12:26:33 - getOutlet.php - Key aplikasi: YbcJSFjkds...
2026-05-16 12:26:33 - getOutlet.php - Expected encrypt: ccd1ed58b6dfc857aa9aaffafcf73b7e
2026-05-16 12:26:33 - getOutlet.php - Received encrypt: ccd1ed58b6dfc857aa9aaffafcf73b7e
2026-05-16 12:26:33 - getOutlet.php - Authentication berhasil
2026-05-16 12:26:33 - getOutlet.php - Query: SELECT id_out, nama_out, '' AS alamat_out, ofcode_out
            FROM outlet 
            WHERE status_out IN ('Active', '1', 'active')
            AND (nama_out LIKE :key OR ofcode_out LIKE :key)
            ORDER BY nama_out ASC
            LIMIT 20
2026-05-16 12:26:33 - getOutlet.php - Query berhasil, mengembalikan 0 record
2026-05-16 12:26:33 - getOutlet.php - === END REQUEST ===
2026-05-16 05:26:33 - getOutlet.php - === REQUEST GETOUTLET ===
2026-05-16 05:26:33 - getOutlet.php - Method: POST
2026-05-16 05:26:33 - getOutlet.php - POST data: {"tgl":"2026-05-16","encrypt":"ccd1ed58b6dfc857aa9aaffafcf73b7e","id_apl":"APL01","key":"rsai"}
2026-05-16 12:26:33 - getOutlet.php - Params - tgl: 2026-05-16, encrypt: ccd1ed58b6dfc857aa9aaffafcf73b7e, id_apl: APL01, key: rsai
2026-05-16 12:26:33 - getOutlet.php - Aplikasi ditemukan: Ya
2026-05-16 12:26:33 - getOutlet.php - Key aplikasi: YbcJSFjkds...
2026-05-16 12:26:33 - getOutlet.php - Expected encrypt: ccd1ed58b6dfc857aa9aaffafcf73b7e
2026-05-16 12:26:33 - getOutlet.php - Received encrypt: ccd1ed58b6dfc857aa9aaffafcf73b7e
2026-05-16 12:26:33 - getOutlet.php - Authentication berhasil
2026-05-16 12:26:33 - getOutlet.php - Query: SELECT id_out, nama_out, '' AS alamat_out, ofcode_out
            FROM outlet 
            WHERE status_out IN ('Active', '1', 'active')
            AND (nama_out LIKE :key OR ofcode_out LIKE :key)
            ORDER BY nama_out ASC
            LIMIT 20
2026-05-16 12:26:33 - getOutlet.php - Query berhasil, mengembalikan 1 record
2026-05-16 12:26:33 - getOutlet.php - === END REQUEST ===
2026-05-16 05:26:33 - getOutlet.php - === REQUEST GETOUTLET ===
2026-05-16 05:26:33 - getOutlet.php - Method: POST
2026-05-16 05:26:33 - getOutlet.php - POST data: {"tgl":"2026-05-16","encrypt":"ccd1ed58b6dfc857aa9aaffafcf73b7e","id_apl":"APL01","key":"rsai"}
2026-05-16 12:26:33 - getOutlet.php - Params - tgl: 2026-05-16, encrypt: ccd1ed58b6dfc857aa9aaffafcf73b7e, id_apl: APL01, key: rsai
2026-05-16 12:26:33 - getOutlet.php - Aplikasi ditemukan: Ya
2026-05-16 12:26:33 - getOutlet.php - Key aplikasi: YbcJSFjkds...
2026-05-16 12:26:33 - getOutlet.php - Expected encrypt: ccd1ed58b6dfc857aa9aaffafcf73b7e
2026-05-16 12:26:33 - getOutlet.php - Received encrypt: ccd1ed58b6dfc857aa9aaffafcf73b7e
2026-05-16 12:26:33 - getOutlet.php - Authentication berhasil
2026-05-16 12:26:33 - getOutlet.php - Query: SELECT id_out, nama_out, '' AS alamat_out, ofcode_out
            FROM outlet 
            WHERE status_out IN ('Active', '1', 'active')
            AND (nama_out LIKE :key OR ofcode_out LIKE :key)
            ORDER BY nama_out ASC
            LIMIT 20
2026-05-16 12:26:33 - getOutlet.php - Query berhasil, mengembalikan 1 record
2026-05-16 12:26:33 - getOutlet.php - === END REQUEST ===
2026-05-16 05:26:33 - getOutlet.php - === REQUEST GETOUTLET ===
2026-05-16 05:26:33 - getOutlet.php - Method: POST
2026-05-16 05:26:33 - getOutlet.php - POST data: {"tgl":"2026-05-16","encrypt":"ccd1ed58b6dfc857aa9aaffafcf73b7e","id_apl":"APL01","key":"rsa"}
2026-05-16 12:26:33 - getOutlet.php - Params - tgl: 2026-05-16, encrypt: ccd1ed58b6dfc857aa9aaffafcf73b7e, id_apl: APL01, key: rsa
2026-05-16 12:26:33 - getOutlet.php - Aplikasi ditemukan: Ya
2026-05-16 12:26:33 - getOutlet.php - Key aplikasi: YbcJSFjkds...
2026-05-16 12:26:33 - getOutlet.php - Expected encrypt: ccd1ed58b6dfc857aa9aaffafcf73b7e
2026-05-16 12:26:33 - getOutlet.php - Received encrypt: ccd1ed58b6dfc857aa9aaffafcf73b7e
2026-05-16 12:26:33 - getOutlet.php - Authentication berhasil
2026-05-16 12:26:33 - getOutlet.php - Query: SELECT id_out, nama_out, '' AS alamat_out, ofcode_out
            FROM outlet 
            WHERE status_out IN ('Active', '1', 'active')
            AND (nama_out LIKE :key OR ofcode_out LIKE :key)
            ORDER BY nama_out ASC
            LIMIT 20
2026-05-16 12:26:33 - getOutlet.php - Query berhasil, mengembalikan 15 record
2026-05-16 12:26:33 - getOutlet.php - === END REQUEST ===
2026-05-16 05:26:33 - getOutlet.php - === REQUEST GETOUTLET ===
2026-05-16 05:26:33 - getOutlet.php - Method: POST
2026-05-16 05:26:33 - getOutlet.php - POST data: {"tgl":"2026-05-16","encrypt":"ccd1ed58b6dfc857aa9aaffafcf73b7e","id_apl":"APL01","key":"rs"}
2026-05-16 12:26:33 - getOutlet.php - Params - tgl: 2026-05-16, encrypt: ccd1ed58b6dfc857aa9aaffafcf73b7e, id_apl: APL01, key: rs
2026-05-16 12:26:33 - getOutlet.php - Aplikasi ditemukan: Ya
2026-05-16 12:26:33 - getOutlet.php - Key aplikasi: YbcJSFjkds...
2026-05-16 12:26:33 - getOutlet.php - Expected encrypt: ccd1ed58b6dfc857aa9aaffafcf73b7e
2026-05-16 12:26:33 - getOutlet.php - Received encrypt: ccd1ed58b6dfc857aa9aaffafcf73b7e
2026-05-16 12:26:33 - getOutlet.php - Authentication berhasil
2026-05-16 12:26:33 - getOutlet.php - Query: SELECT id_out, nama_out, '' AS alamat_out, ofcode_out
            FROM outlet 
            WHERE status_out IN ('Active', '1', 'active')
            AND (nama_out LIKE :key OR ofcode_out LIKE :key)
            ORDER BY nama_out ASC
            LIMIT 20
2026-05-16 12:26:33 - getOutlet.php - Query berhasil, mengembalikan 20 record
2026-05-16 12:26:33 - getOutlet.php - === END REQUEST ===
2026-05-16 05:26:36 - getOutlet.php - === REQUEST GETOUTLET ===
2026-05-16 05:26:36 - getOutlet.php - Method: POST
2026-05-16 05:26:36 - getOutlet.php - POST data: {"tgl":"2026-05-16","encrypt":"ccd1ed58b6dfc857aa9aaffafcf73b7e","id_apl":"APL01","key":"rsi"}
2026-05-16 12:26:36 - getOutlet.php - Params - tgl: 2026-05-16, encrypt: ccd1ed58b6dfc857aa9aaffafcf73b7e, id_apl: APL01, key: rsi
2026-05-16 12:26:36 - getOutlet.php - Aplikasi ditemukan: Ya
2026-05-16 12:26:36 - getOutlet.php - Key aplikasi: YbcJSFjkds...
2026-05-16 12:26:36 - getOutlet.php - Expected encrypt: ccd1ed58b6dfc857aa9aaffafcf73b7e
2026-05-16 12:26:36 - getOutlet.php - Received encrypt: ccd1ed58b6dfc857aa9aaffafcf73b7e
2026-05-16 12:26:36 - getOutlet.php - Authentication berhasil
2026-05-16 12:26:36 - getOutlet.php - Query: SELECT id_out, nama_out, '' AS alamat_out, ofcode_out
            FROM outlet 
            WHERE status_out IN ('Active', '1', 'active')
            AND (nama_out LIKE :key OR ofcode_out LIKE :key)
            ORDER BY nama_out ASC
            LIMIT 20
2026-05-16 12:26:36 - getOutlet.php - Query berhasil, mengembalikan 20 record
2026-05-16 12:26:36 - getOutlet.php - === END REQUEST ===
2026-05-16 05:26:37 - getOutlet.php - === REQUEST GETOUTLET ===
2026-05-16 05:26:37 - getOutlet.php - Method: POST
2026-05-16 05:26:37 - getOutlet.php - POST data: {"tgl":"2026-05-16","encrypt":"ccd1ed58b6dfc857aa9aaffafcf73b7e","id_apl":"APL01","key":"rsia"}
2026-05-16 12:26:37 - getOutlet.php - Params - tgl: 2026-05-16, encrypt: ccd1ed58b6dfc857aa9aaffafcf73b7e, id_apl: APL01, key: rsia
2026-05-16 12:26:37 - getOutlet.php - Aplikasi ditemukan: Ya
2026-05-16 12:26:37 - getOutlet.php - Key aplikasi: YbcJSFjkds...
2026-05-16 12:26:37 - getOutlet.php - Expected encrypt: ccd1ed58b6dfc857aa9aaffafcf73b7e
2026-05-16 12:26:37 - getOutlet.php - Received encrypt: ccd1ed58b6dfc857aa9aaffafcf73b7e
2026-05-16 12:26:37 - getOutlet.php - Authentication berhasil
2026-05-16 12:26:37 - getOutlet.php - Query: SELECT id_out, nama_out, '' AS alamat_out, ofcode_out
            FROM outlet 
            WHERE status_out IN ('Active', '1', 'active')
            AND (nama_out LIKE :key OR ofcode_out LIKE :key)
            ORDER BY nama_out ASC
            LIMIT 20
2026-05-16 12:26:37 - getOutlet.php - Query berhasil, mengembalikan 20 record
2026-05-16 12:26:37 - getOutlet.php - === END REQUEST ===
2026-05-16 05:26:39 - getOutlet.php - === REQUEST GETOUTLET ===
2026-05-16 05:26:39 - getOutlet.php - Method: POST
2026-05-16 05:26:39 - getOutlet.php - POST data: {"tgl":"2026-05-16","encrypt":"ccd1ed58b6dfc857aa9aaffafcf73b7e","id_apl":"APL01","key":"rsia"}
2026-05-16 12:26:39 - getOutlet.php - Params - tgl: 2026-05-16, encrypt: ccd1ed58b6dfc857aa9aaffafcf73b7e, id_apl: APL01, key: rsia
2026-05-16 12:26:39 - getOutlet.php - Aplikasi ditemukan: Ya
2026-05-16 12:26:39 - getOutlet.php - Key aplikasi: YbcJSFjkds...
2026-05-16 12:26:39 - getOutlet.php - Expected encrypt: ccd1ed58b6dfc857aa9aaffafcf73b7e
2026-05-16 12:26:39 - getOutlet.php - Received encrypt: ccd1ed58b6dfc857aa9aaffafcf73b7e
2026-05-16 12:26:39 - getOutlet.php - Authentication berhasil
2026-05-16 12:26:39 - getOutlet.php - Query: SELECT id_out, nama_out, '' AS alamat_out, ofcode_out
            FROM outlet 
            WHERE status_out IN ('Active', '1', 'active')
            AND (nama_out LIKE :key OR ofcode_out LIKE :key)
            ORDER BY nama_out ASC
            LIMIT 20
2026-05-16 12:26:39 - getOutlet.php - Query berhasil, mengembalikan 20 record
2026-05-16 12:26:39 - getOutlet.php - === END REQUEST ===
2026-05-16 05:26:40 - getOutlet.php - === REQUEST GETOUTLET ===
2026-05-16 05:26:40 - getOutlet.php - Method: POST
2026-05-16 05:26:40 - getOutlet.php - POST data: {"tgl":"2026-05-16","encrypt":"ccd1ed58b6dfc857aa9aaffafcf73b7e","id_apl":"APL01","key":"rsia f"}
2026-05-16 12:26:40 - getOutlet.php - Params - tgl: 2026-05-16, encrypt: ccd1ed58b6dfc857aa9aaffafcf73b7e, id_apl: APL01, key: rsia f
2026-05-16 12:26:40 - getOutlet.php - Aplikasi ditemukan: Ya
2026-05-16 12:26:40 - getOutlet.php - Key aplikasi: YbcJSFjkds...
2026-05-16 12:26:40 - getOutlet.php - Expected encrypt: ccd1ed58b6dfc857aa9aaffafcf73b7e
2026-05-16 12:26:40 - getOutlet.php - Received encrypt: ccd1ed58b6dfc857aa9aaffafcf73b7e
2026-05-16 12:26:40 - getOutlet.php - Authentication berhasil
2026-05-16 12:26:40 - getOutlet.php - Query: SELECT id_out, nama_out, '' AS alamat_out, ofcode_out
            FROM outlet 
            WHERE status_out IN ('Active', '1', 'active')
            AND (nama_out LIKE :key OR ofcode_out LIKE :key)
            ORDER BY nama_out ASC
            LIMIT 20
2026-05-16 12:26:40 - getOutlet.php - Query berhasil, mengembalikan 1 record
2026-05-16 12:26:40 - getOutlet.php - === END REQUEST ===
2026-05-16 05:26:40 - getOutlet.php - === REQUEST GETOUTLET ===
2026-05-16 05:26:40 - getOutlet.php - Method: POST
2026-05-16 05:26:40 - getOutlet.php - POST data: {"tgl":"2026-05-16","encrypt":"ccd1ed58b6dfc857aa9aaffafcf73b7e","id_apl":"APL01","key":"rsia fa"}
2026-05-16 12:26:40 - getOutlet.php - Params - tgl: 2026-05-16, encrypt: ccd1ed58b6dfc857aa9aaffafcf73b7e, id_apl: APL01, key: rsia fa
2026-05-16 12:26:40 - getOutlet.php - Aplikasi ditemukan: Ya
2026-05-16 12:26:40 - getOutlet.php - Key aplikasi: YbcJSFjkds...
2026-05-16 12:26:40 - getOutlet.php - Expected encrypt: ccd1ed58b6dfc857aa9aaffafcf73b7e
2026-05-16 12:26:40 - getOutlet.php - Received encrypt: ccd1ed58b6dfc857aa9aaffafcf73b7e
2026-05-16 12:26:40 - getOutlet.php - Authentication berhasil
2026-05-16 12:26:40 - getOutlet.php - Query: SELECT id_out, nama_out, '' AS alamat_out, ofcode_out
            FROM outlet 
            WHERE status_out IN ('Active', '1', 'active')
            AND (nama_out LIKE :key OR ofcode_out LIKE :key)
            ORDER BY nama_out ASC
            LIMIT 20
2026-05-16 12:26:40 - getOutlet.php - Query berhasil, mengembalikan 1 record
2026-05-16 12:26:40 - getOutlet.php - === END REQUEST ===
2026-05-16 05:26:41 - getOutlet.php - === REQUEST GETOUTLET ===
2026-05-16 05:26:41 - getOutlet.php - Method: POST
2026-05-16 05:26:41 - getOutlet.php - POST data: {"tgl":"2026-05-16","encrypt":"ccd1ed58b6dfc857aa9aaffafcf73b7e","id_apl":"APL01","key":"RSIA FAMILY"}
2026-05-16 12:26:41 - getOutlet.php - Params - tgl: 2026-05-16, encrypt: ccd1ed58b6dfc857aa9aaffafcf73b7e, id_apl: APL01, key: RSIA FAMILY
2026-05-16 12:26:41 - getOutlet.php - Aplikasi ditemukan: Ya
2026-05-16 12:26:41 - getOutlet.php - Key aplikasi: YbcJSFjkds...
2026-05-16 12:26:41 - getOutlet.php - Expected encrypt: ccd1ed58b6dfc857aa9aaffafcf73b7e
2026-05-16 12:26:41 - getOutlet.php - Received encrypt: ccd1ed58b6dfc857aa9aaffafcf73b7e
2026-05-16 12:26:41 - getOutlet.php - Authentication berhasil
2026-05-16 12:26:41 - getOutlet.php - Query: SELECT id_out, nama_out, '' AS alamat_out, ofcode_out
            FROM outlet 
            WHERE status_out IN ('Active', '1', 'active')
            AND (nama_out LIKE :key OR ofcode_out LIKE :key)
            ORDER BY nama_out ASC
            LIMIT 20
2026-05-16 12:26:41 - getOutlet.php - Query berhasil, mengembalikan 1 record
2026-05-16 12:26:41 - getOutlet.php - === END REQUEST ===
2026-05-16 05:27:03 - getOutlet.php - === REQUEST GETOUTLET ===
2026-05-16 05:27:03 - getOutlet.php - Method: POST
2026-05-16 05:27:03 - getOutlet.php - POST data: {"tgl":"2026-05-16","encrypt":"ccd1ed58b6dfc857aa9aaffafcf73b7e","id_apl":"APL01","key":"bu"}
2026-05-16 12:27:03 - getOutlet.php - Params - tgl: 2026-05-16, encrypt: ccd1ed58b6dfc857aa9aaffafcf73b7e, id_apl: APL01, key: bu
2026-05-16 12:27:03 - getOutlet.php - Aplikasi ditemukan: Ya
2026-05-16 12:27:03 - getOutlet.php - Key aplikasi: YbcJSFjkds...
2026-05-16 12:27:03 - getOutlet.php - Expected encrypt: ccd1ed58b6dfc857aa9aaffafcf73b7e
2026-05-16 12:27:03 - getOutlet.php - Received encrypt: ccd1ed58b6dfc857aa9aaffafcf73b7e
2026-05-16 12:27:03 - getOutlet.php - Authentication berhasil
2026-05-16 12:27:03 - getOutlet.php - Query: SELECT id_out, nama_out, '' AS alamat_out, ofcode_out
            FROM outlet 
            WHERE status_out IN ('Active', '1', 'active')
            AND (nama_out LIKE :key OR ofcode_out LIKE :key)
            ORDER BY nama_out ASC
            LIMIT 20
2026-05-16 12:27:03 - getOutlet.php - Query berhasil, mengembalikan 20 record
2026-05-16 12:27:03 - getOutlet.php - === END REQUEST ===
2026-05-16 05:27:03 - getOutlet.php - === REQUEST GETOUTLET ===
2026-05-16 05:27:03 - getOutlet.php - Method: POST
2026-05-16 05:27:03 - getOutlet.php - POST data: {"tgl":"2026-05-16","encrypt":"ccd1ed58b6dfc857aa9aaffafcf73b7e","id_apl":"APL01","key":"bud"}
2026-05-16 12:27:03 - getOutlet.php - Params - tgl: 2026-05-16, encrypt: ccd1ed58b6dfc857aa9aaffafcf73b7e, id_apl: APL01, key: bud
2026-05-16 12:27:03 - getOutlet.php - Aplikasi ditemukan: Ya
2026-05-16 12:27:03 - getOutlet.php - Key aplikasi: YbcJSFjkds...
2026-05-16 12:27:03 - getOutlet.php - Expected encrypt: ccd1ed58b6dfc857aa9aaffafcf73b7e
2026-05-16 12:27:03 - getOutlet.php - Received encrypt: ccd1ed58b6dfc857aa9aaffafcf73b7e
2026-05-16 12:27:03 - getOutlet.php - Authentication berhasil
2026-05-16 12:27:03 - getOutlet.php - Query: SELECT id_out, nama_out, '' AS alamat_out, ofcode_out
            FROM outlet 
            WHERE status_out IN ('Active', '1', 'active')
            AND (nama_out LIKE :key OR ofcode_out LIKE :key)
            ORDER BY nama_out ASC
            LIMIT 20
2026-05-16 12:27:03 - getOutlet.php - Query berhasil, mengembalikan 5 record
2026-05-16 12:27:03 - getOutlet.php - === END REQUEST ===
2026-05-16 05:27:04 - getOutlet.php - === REQUEST GETOUTLET ===
2026-05-16 05:27:04 - getOutlet.php - Method: POST
2026-05-16 05:27:04 - getOutlet.php - POST data: {"tgl":"2026-05-16","encrypt":"ccd1ed58b6dfc857aa9aaffafcf73b7e","id_apl":"APL01","key":"budh"}
2026-05-16 12:27:04 - getOutlet.php - Params - tgl: 2026-05-16, encrypt: ccd1ed58b6dfc857aa9aaffafcf73b7e, id_apl: APL01, key: budh
2026-05-16 12:27:04 - getOutlet.php - Aplikasi ditemukan: Ya
2026-05-16 12:27:04 - getOutlet.php - Key aplikasi: YbcJSFjkds...
2026-05-16 12:27:04 - getOutlet.php - Expected encrypt: ccd1ed58b6dfc857aa9aaffafcf73b7e
2026-05-16 12:27:04 - getOutlet.php - Received encrypt: ccd1ed58b6dfc857aa9aaffafcf73b7e
2026-05-16 12:27:04 - getOutlet.php - Authentication berhasil
2026-05-16 12:27:04 - getOutlet.php - Query: SELECT id_out, nama_out, '' AS alamat_out, ofcode_out
            FROM outlet 
            WHERE status_out IN ('Active', '1', 'active')
            AND (nama_out LIKE :key OR ofcode_out LIKE :key)
            ORDER BY nama_out ASC
            LIMIT 20
2026-05-16 12:27:04 - getOutlet.php - Query berhasil, mengembalikan 1 record
2026-05-16 12:27:04 - getOutlet.php - === END REQUEST ===
2026-05-16 05:27:04 - getOutlet.php - === REQUEST GETOUTLET ===
2026-05-16 05:27:04 - getOutlet.php - Method: POST
2026-05-16 05:27:04 - getOutlet.php - POST data: {"tgl":"2026-05-16","encrypt":"ccd1ed58b6dfc857aa9aaffafcf73b7e","id_apl":"APL01","key":"budha"}
2026-05-16 12:27:04 - getOutlet.php - Params - tgl: 2026-05-16, encrypt: ccd1ed58b6dfc857aa9aaffafcf73b7e, id_apl: APL01, key: budha
2026-05-16 12:27:04 - getOutlet.php - Aplikasi ditemukan: Ya
2026-05-16 12:27:04 - getOutlet.php - Key aplikasi: YbcJSFjkds...
2026-05-16 12:27:04 - getOutlet.php - Expected encrypt: ccd1ed58b6dfc857aa9aaffafcf73b7e
2026-05-16 12:27:04 - getOutlet.php - Received encrypt: ccd1ed58b6dfc857aa9aaffafcf73b7e
2026-05-16 12:27:04 - getOutlet.php - Authentication berhasil
2026-05-16 12:27:04 - getOutlet.php - Query: SELECT id_out, nama_out, '' AS alamat_out, ofcode_out
            FROM outlet 
            WHERE status_out IN ('Active', '1', 'active')
            AND (nama_out LIKE :key OR ofcode_out LIKE :key)
            ORDER BY nama_out ASC
            LIMIT 20
2026-05-16 12:27:04 - getOutlet.php - Query berhasil, mengembalikan 0 record
2026-05-16 12:27:04 - getOutlet.php - === END REQUEST ===
2026-05-16 05:27:05 - getOutlet.php - === REQUEST GETOUTLET ===
2026-05-16 05:27:05 - getOutlet.php - Method: POST
2026-05-16 05:27:05 - getOutlet.php - POST data: {"tgl":"2026-05-16","encrypt":"ccd1ed58b6dfc857aa9aaffafcf73b7e","id_apl":"APL01","key":"budha"}
2026-05-16 12:27:05 - getOutlet.php - Params - tgl: 2026-05-16, encrypt: ccd1ed58b6dfc857aa9aaffafcf73b7e, id_apl: APL01, key: budha
2026-05-16 12:27:05 - getOutlet.php - Aplikasi ditemukan: Ya
2026-05-16 12:27:05 - getOutlet.php - Key aplikasi: YbcJSFjkds...
2026-05-16 12:27:05 - getOutlet.php - Expected encrypt: ccd1ed58b6dfc857aa9aaffafcf73b7e
2026-05-16 12:27:05 - getOutlet.php - Received encrypt: ccd1ed58b6dfc857aa9aaffafcf73b7e
2026-05-16 12:27:05 - getOutlet.php - Authentication berhasil
2026-05-16 12:27:05 - getOutlet.php - Query: SELECT id_out, nama_out, '' AS alamat_out, ofcode_out
            FROM outlet 
            WHERE status_out IN ('Active', '1', 'active')
            AND (nama_out LIKE :key OR ofcode_out LIKE :key)
            ORDER BY nama_out ASC
            LIMIT 20
2026-05-16 12:27:05 - getOutlet.php - Query berhasil, mengembalikan 0 record
2026-05-16 12:27:05 - getOutlet.php - === END REQUEST ===
2026-05-16 05:27:07 - getOutlet.php - === REQUEST GETOUTLET ===
2026-05-16 05:27:07 - getOutlet.php - Method: POST
2026-05-16 05:27:07 - getOutlet.php - POST data: {"tgl":"2026-05-16","encrypt":"ccd1ed58b6dfc857aa9aaffafcf73b7e","id_apl":"APL01","key":"budha z"}
2026-05-16 12:27:07 - getOutlet.php - Params - tgl: 2026-05-16, encrypt: ccd1ed58b6dfc857aa9aaffafcf73b7e, id_apl: APL01, key: budha z
2026-05-16 12:27:07 - getOutlet.php - Aplikasi ditemukan: Ya
2026-05-16 12:27:07 - getOutlet.php - Key aplikasi: YbcJSFjkds...
2026-05-16 12:27:07 - getOutlet.php - Expected encrypt: ccd1ed58b6dfc857aa9aaffafcf73b7e
2026-05-16 12:27:07 - getOutlet.php - Received encrypt: ccd1ed58b6dfc857aa9aaffafcf73b7e
2026-05-16 12:27:07 - getOutlet.php - Authentication berhasil
2026-05-16 12:27:07 - getOutlet.php - Query: SELECT id_out, nama_out, '' AS alamat_out, ofcode_out
            FROM outlet 
            WHERE status_out IN ('Active', '1', 'active')
            AND (nama_out LIKE :key OR ofcode_out LIKE :key)
            ORDER BY nama_out ASC
            LIMIT 20
2026-05-16 12:27:07 - getOutlet.php - Query berhasil, mengembalikan 0 record
2026-05-16 12:27:07 - getOutlet.php - === END REQUEST ===
2026-05-16 05:27:08 - getOutlet.php - === REQUEST GETOUTLET ===
2026-05-16 05:27:08 - getOutlet.php - Method: POST
2026-05-16 05:27:08 - getOutlet.php - POST data: {"tgl":"2026-05-16","encrypt":"ccd1ed58b6dfc857aa9aaffafcf73b7e","id_apl":"APL01","key":"budha zt"}
2026-05-16 12:27:08 - getOutlet.php - Params - tgl: 2026-05-16, encrypt: ccd1ed58b6dfc857aa9aaffafcf73b7e, id_apl: APL01, key: budha zt
2026-05-16 12:27:08 - getOutlet.php - Aplikasi ditemukan: Ya
2026-05-16 12:27:08 - getOutlet.php - Key aplikasi: YbcJSFjkds...
2026-05-16 12:27:08 - getOutlet.php - Expected encrypt: ccd1ed58b6dfc857aa9aaffafcf73b7e
2026-05-16 12:27:08 - getOutlet.php - Received encrypt: ccd1ed58b6dfc857aa9aaffafcf73b7e
2026-05-16 12:27:08 - getOutlet.php - Authentication berhasil
2026-05-16 12:27:08 - getOutlet.php - Query: SELECT id_out, nama_out, '' AS alamat_out, ofcode_out
            FROM outlet 
            WHERE status_out IN ('Active', '1', 'active')
            AND (nama_out LIKE :key OR ofcode_out LIKE :key)
            ORDER BY nama_out ASC
            LIMIT 20
2026-05-16 12:27:08 - getOutlet.php - Query berhasil, mengembalikan 0 record
2026-05-16 12:27:08 - getOutlet.php - === END REQUEST ===
2026-05-16 05:27:09 - getOutlet.php - === REQUEST GETOUTLET ===
2026-05-16 05:27:09 - getOutlet.php - Method: POST
2026-05-16 05:27:09 - getOutlet.php - POST data: {"tgl":"2026-05-16","encrypt":"ccd1ed58b6dfc857aa9aaffafcf73b7e","id_apl":"APL01","key":"budha z"}
2026-05-16 12:27:09 - getOutlet.php - Params - tgl: 2026-05-16, encrypt: ccd1ed58b6dfc857aa9aaffafcf73b7e, id_apl: APL01, key: budha z
2026-05-16 12:27:09 - getOutlet.php - Aplikasi ditemukan: Ya
2026-05-16 12:27:09 - getOutlet.php - Key aplikasi: YbcJSFjkds...
2026-05-16 12:27:09 - getOutlet.php - Expected encrypt: ccd1ed58b6dfc857aa9aaffafcf73b7e
2026-05-16 12:27:09 - getOutlet.php - Received encrypt: ccd1ed58b6dfc857aa9aaffafcf73b7e
2026-05-16 12:27:09 - getOutlet.php - Authentication berhasil
2026-05-16 12:27:09 - getOutlet.php - Query: SELECT id_out, nama_out, '' AS alamat_out, ofcode_out
            FROM outlet 
            WHERE status_out IN ('Active', '1', 'active')
            AND (nama_out LIKE :key OR ofcode_out LIKE :key)
            ORDER BY nama_out ASC
            LIMIT 20
2026-05-16 12:27:09 - getOutlet.php - Query berhasil, mengembalikan 0 record
2026-05-16 12:27:09 - getOutlet.php - === END REQUEST ===
2026-05-16 05:27:10 - getOutlet.php - === REQUEST GETOUTLET ===
2026-05-16 05:27:10 - getOutlet.php - Method: POST
2026-05-16 05:27:10 - getOutlet.php - POST data: {"tgl":"2026-05-16","encrypt":"ccd1ed58b6dfc857aa9aaffafcf73b7e","id_apl":"APL01","key":"budha"}
2026-05-16 12:27:10 - getOutlet.php - Params - tgl: 2026-05-16, encrypt: ccd1ed58b6dfc857aa9aaffafcf73b7e, id_apl: APL01, key: budha
2026-05-16 12:27:10 - getOutlet.php - Aplikasi ditemukan: Ya
2026-05-16 12:27:10 - getOutlet.php - Key aplikasi: YbcJSFjkds...
2026-05-16 12:27:10 - getOutlet.php - Expected encrypt: ccd1ed58b6dfc857aa9aaffafcf73b7e
2026-05-16 12:27:10 - getOutlet.php - Received encrypt: ccd1ed58b6dfc857aa9aaffafcf73b7e
2026-05-16 12:27:10 - getOutlet.php - Authentication berhasil
2026-05-16 12:27:10 - getOutlet.php - Query: SELECT id_out, nama_out, '' AS alamat_out, ofcode_out
            FROM outlet 
            WHERE status_out IN ('Active', '1', 'active')
            AND (nama_out LIKE :key OR ofcode_out LIKE :key)
            ORDER BY nama_out ASC
            LIMIT 20
2026-05-16 12:27:10 - getOutlet.php - Query berhasil, mengembalikan 0 record
2026-05-16 12:27:10 - getOutlet.php - === END REQUEST ===
2026-05-16 05:27:10 - getOutlet.php - === REQUEST GETOUTLET ===
2026-05-16 05:27:10 - getOutlet.php - Method: POST
2026-05-16 05:27:10 - getOutlet.php - POST data: {"tgl":"2026-05-16","encrypt":"ccd1ed58b6dfc857aa9aaffafcf73b7e","id_apl":"APL01","key":"budha t"}
2026-05-16 12:27:10 - getOutlet.php - Params - tgl: 2026-05-16, encrypt: ccd1ed58b6dfc857aa9aaffafcf73b7e, id_apl: APL01, key: budha t
2026-05-16 12:27:10 - getOutlet.php - Aplikasi ditemukan: Ya
2026-05-16 12:27:10 - getOutlet.php - Key aplikasi: YbcJSFjkds...
2026-05-16 12:27:10 - getOutlet.php - Expected encrypt: ccd1ed58b6dfc857aa9aaffafcf73b7e
2026-05-16 12:27:10 - getOutlet.php - Received encrypt: ccd1ed58b6dfc857aa9aaffafcf73b7e
2026-05-16 12:27:10 - getOutlet.php - Authentication berhasil
2026-05-16 12:27:10 - getOutlet.php - Query: SELECT id_out, nama_out, '' AS alamat_out, ofcode_out
            FROM outlet 
            WHERE status_out IN ('Active', '1', 'active')
            AND (nama_out LIKE :key OR ofcode_out LIKE :key)
            ORDER BY nama_out ASC
            LIMIT 20
2026-05-16 12:27:10 - getOutlet.php - Query berhasil, mengembalikan 0 record
2026-05-16 12:27:10 - getOutlet.php - === END REQUEST ===
2026-05-16 05:27:11 - getOutlet.php - === REQUEST GETOUTLET ===
2026-05-16 05:27:11 - getOutlet.php - Method: POST
2026-05-16 05:27:11 - getOutlet.php - POST data: {"tgl":"2026-05-16","encrypt":"ccd1ed58b6dfc857aa9aaffafcf73b7e","id_apl":"APL01","key":"budha tz"}
2026-05-16 12:27:11 - getOutlet.php - Params - tgl: 2026-05-16, encrypt: ccd1ed58b6dfc857aa9aaffafcf73b7e, id_apl: APL01, key: budha tz
2026-05-16 12:27:11 - getOutlet.php - Aplikasi ditemukan: Ya
2026-05-16 12:27:11 - getOutlet.php - Key aplikasi: YbcJSFjkds...
2026-05-16 12:27:11 - getOutlet.php - Expected encrypt: ccd1ed58b6dfc857aa9aaffafcf73b7e
2026-05-16 12:27:11 - getOutlet.php - Received encrypt: ccd1ed58b6dfc857aa9aaffafcf73b7e
2026-05-16 12:27:11 - getOutlet.php - Authentication berhasil
2026-05-16 12:27:11 - getOutlet.php - Query: SELECT id_out, nama_out, '' AS alamat_out, ofcode_out
            FROM outlet 
            WHERE status_out IN ('Active', '1', 'active')
            AND (nama_out LIKE :key OR ofcode_out LIKE :key)
            ORDER BY nama_out ASC
            LIMIT 20
2026-05-16 12:27:11 - getOutlet.php - Query berhasil, mengembalikan 0 record
2026-05-16 12:27:11 - getOutlet.php - === END REQUEST ===
2026-05-16 05:27:12 - getOutlet.php - === REQUEST GETOUTLET ===
2026-05-16 05:27:12 - getOutlet.php - Method: POST
2026-05-16 05:27:12 - getOutlet.php - POST data: {"tgl":"2026-05-16","encrypt":"ccd1ed58b6dfc857aa9aaffafcf73b7e","id_apl":"APL01","key":"budha tzu"}
2026-05-16 12:27:12 - getOutlet.php - Params - tgl: 2026-05-16, encrypt: ccd1ed58b6dfc857aa9aaffafcf73b7e, id_apl: APL01, key: budha tzu
2026-05-16 12:27:12 - getOutlet.php - Aplikasi ditemukan: Ya
2026-05-16 12:27:12 - getOutlet.php - Key aplikasi: YbcJSFjkds...
2026-05-16 12:27:12 - getOutlet.php - Expected encrypt: ccd1ed58b6dfc857aa9aaffafcf73b7e
2026-05-16 12:27:12 - getOutlet.php - Received encrypt: ccd1ed58b6dfc857aa9aaffafcf73b7e
2026-05-16 12:27:12 - getOutlet.php - Authentication berhasil
2026-05-16 12:27:12 - getOutlet.php - Query: SELECT id_out, nama_out, '' AS alamat_out, ofcode_out
            FROM outlet 
            WHERE status_out IN ('Active', '1', 'active')
            AND (nama_out LIKE :key OR ofcode_out LIKE :key)
            ORDER BY nama_out ASC
            LIMIT 20
2026-05-16 12:27:12 - getOutlet.php - Query berhasil, mengembalikan 0 record
2026-05-16 12:27:12 - getOutlet.php - === END REQUEST ===
2026-05-16 05:27:14 - getOutlet.php - === REQUEST GETOUTLET ===
2026-05-16 05:27:14 - getOutlet.php - Method: POST
2026-05-16 05:27:14 - getOutlet.php - POST data: {"tgl":"2026-05-16","encrypt":"ccd1ed58b6dfc857aa9aaffafcf73b7e","id_apl":"APL01","key":"budha tz"}
2026-05-16 12:27:14 - getOutlet.php - Params - tgl: 2026-05-16, encrypt: ccd1ed58b6dfc857aa9aaffafcf73b7e, id_apl: APL01, key: budha tz
2026-05-16 12:27:14 - getOutlet.php - Aplikasi ditemukan: Ya
2026-05-16 12:27:14 - getOutlet.php - Key aplikasi: YbcJSFjkds...
2026-05-16 12:27:14 - getOutlet.php - Expected encrypt: ccd1ed58b6dfc857aa9aaffafcf73b7e
2026-05-16 12:27:14 - getOutlet.php - Received encrypt: ccd1ed58b6dfc857aa9aaffafcf73b7e
2026-05-16 12:27:14 - getOutlet.php - Authentication berhasil
2026-05-16 12:27:14 - getOutlet.php - Query: SELECT id_out, nama_out, '' AS alamat_out, ofcode_out
            FROM outlet 
            WHERE status_out IN ('Active', '1', 'active')
            AND (nama_out LIKE :key OR ofcode_out LIKE :key)
            ORDER BY nama_out ASC
            LIMIT 20
2026-05-16 12:27:14 - getOutlet.php - Query berhasil, mengembalikan 0 record
2026-05-16 12:27:14 - getOutlet.php - === END REQUEST ===
2026-05-16 05:27:14 - getOutlet.php - === REQUEST GETOUTLET ===
2026-05-16 05:27:14 - getOutlet.php - Method: POST
2026-05-16 05:27:14 - getOutlet.php - POST data: {"tgl":"2026-05-16","encrypt":"ccd1ed58b6dfc857aa9aaffafcf73b7e","id_apl":"APL01","key":"budha t"}
2026-05-16 12:27:14 - getOutlet.php - Params - tgl: 2026-05-16, encrypt: ccd1ed58b6dfc857aa9aaffafcf73b7e, id_apl: APL01, key: budha t
2026-05-16 12:27:14 - getOutlet.php - Aplikasi ditemukan: Ya
2026-05-16 12:27:14 - getOutlet.php - Key aplikasi: YbcJSFjkds...
2026-05-16 12:27:14 - getOutlet.php - Expected encrypt: ccd1ed58b6dfc857aa9aaffafcf73b7e
2026-05-16 12:27:14 - getOutlet.php - Received encrypt: ccd1ed58b6dfc857aa9aaffafcf73b7e
2026-05-16 12:27:14 - getOutlet.php - Authentication berhasil
2026-05-16 12:27:14 - getOutlet.php - Query: SELECT id_out, nama_out, '' AS alamat_out, ofcode_out
            FROM outlet 
            WHERE status_out IN ('Active', '1', 'active')
            AND (nama_out LIKE :key OR ofcode_out LIKE :key)
            ORDER BY nama_out ASC
            LIMIT 20
2026-05-16 12:27:14 - getOutlet.php - Query berhasil, mengembalikan 0 record
2026-05-16 12:27:14 - getOutlet.php - === END REQUEST ===
2026-05-16 05:27:14 - getOutlet.php - === REQUEST GETOUTLET ===
2026-05-16 05:27:14 - getOutlet.php - Method: POST
2026-05-16 05:27:14 - getOutlet.php - POST data: {"tgl":"2026-05-16","encrypt":"ccd1ed58b6dfc857aa9aaffafcf73b7e","id_apl":"APL01","key":"budha"}
2026-05-16 12:27:14 - getOutlet.php - Params - tgl: 2026-05-16, encrypt: ccd1ed58b6dfc857aa9aaffafcf73b7e, id_apl: APL01, key: budha
2026-05-16 12:27:14 - getOutlet.php - Aplikasi ditemukan: Ya
2026-05-16 12:27:14 - getOutlet.php - Key aplikasi: YbcJSFjkds...
2026-05-16 12:27:14 - getOutlet.php - Expected encrypt: ccd1ed58b6dfc857aa9aaffafcf73b7e
2026-05-16 12:27:14 - getOutlet.php - Received encrypt: ccd1ed58b6dfc857aa9aaffafcf73b7e
2026-05-16 12:27:14 - getOutlet.php - Authentication berhasil
2026-05-16 12:27:14 - getOutlet.php - Query: SELECT id_out, nama_out, '' AS alamat_out, ofcode_out
            FROM outlet 
            WHERE status_out IN ('Active', '1', 'active')
            AND (nama_out LIKE :key OR ofcode_out LIKE :key)
            ORDER BY nama_out ASC
            LIMIT 20
2026-05-16 12:27:14 - getOutlet.php - Query berhasil, mengembalikan 0 record
2026-05-16 12:27:14 - getOutlet.php - === END REQUEST ===
2026-05-16 05:27:14 - getOutlet.php - === REQUEST GETOUTLET ===
2026-05-16 05:27:14 - getOutlet.php - Method: POST
2026-05-16 05:27:14 - getOutlet.php - POST data: {"tgl":"2026-05-16","encrypt":"ccd1ed58b6dfc857aa9aaffafcf73b7e","id_apl":"APL01","key":"budha"}
2026-05-16 12:27:14 - getOutlet.php - Params - tgl: 2026-05-16, encrypt: ccd1ed58b6dfc857aa9aaffafcf73b7e, id_apl: APL01, key: budha
2026-05-16 12:27:14 - getOutlet.php - Aplikasi ditemukan: Ya
2026-05-16 12:27:14 - getOutlet.php - Key aplikasi: YbcJSFjkds...
2026-05-16 12:27:14 - getOutlet.php - Expected encrypt: ccd1ed58b6dfc857aa9aaffafcf73b7e
2026-05-16 12:27:14 - getOutlet.php - Received encrypt: ccd1ed58b6dfc857aa9aaffafcf73b7e
2026-05-16 12:27:14 - getOutlet.php - Authentication berhasil
2026-05-16 12:27:14 - getOutlet.php - Query: SELECT id_out, nama_out, '' AS alamat_out, ofcode_out
            FROM outlet 
            WHERE status_out IN ('Active', '1', 'active')
            AND (nama_out LIKE :key OR ofcode_out LIKE :key)
            ORDER BY nama_out ASC
            LIMIT 20
2026-05-16 12:27:14 - getOutlet.php - Query berhasil, mengembalikan 0 record
2026-05-16 12:27:14 - getOutlet.php - === END REQUEST ===
2026-05-16 05:27:14 - getOutlet.php - === REQUEST GETOUTLET ===
2026-05-16 05:27:14 - getOutlet.php - Method: POST
2026-05-16 05:27:14 - getOutlet.php - POST data: {"tgl":"2026-05-16","encrypt":"ccd1ed58b6dfc857aa9aaffafcf73b7e","id_apl":"APL01","key":"budh"}
2026-05-16 12:27:14 - getOutlet.php - Params - tgl: 2026-05-16, encrypt: ccd1ed58b6dfc857aa9aaffafcf73b7e, id_apl: APL01, key: budh
2026-05-16 12:27:14 - getOutlet.php - Aplikasi ditemukan: Ya
2026-05-16 12:27:14 - getOutlet.php - Key aplikasi: YbcJSFjkds...
2026-05-16 12:27:14 - getOutlet.php - Expected encrypt: ccd1ed58b6dfc857aa9aaffafcf73b7e
2026-05-16 12:27:14 - getOutlet.php - Received encrypt: ccd1ed58b6dfc857aa9aaffafcf73b7e
2026-05-16 12:27:14 - getOutlet.php - Authentication berhasil
2026-05-16 12:27:14 - getOutlet.php - Query: SELECT id_out, nama_out, '' AS alamat_out, ofcode_out
            FROM outlet 
            WHERE status_out IN ('Active', '1', 'active')
            AND (nama_out LIKE :key OR ofcode_out LIKE :key)
            ORDER BY nama_out ASC
            LIMIT 20
2026-05-16 12:27:14 - getOutlet.php - Query berhasil, mengembalikan 1 record
2026-05-16 12:27:14 - getOutlet.php - === END REQUEST ===
2026-05-16 05:27:15 - getOutlet.php - === REQUEST GETOUTLET ===
2026-05-16 05:27:15 - getOutlet.php - Method: POST
2026-05-16 05:27:15 - getOutlet.php - POST data: {"tgl":"2026-05-16","encrypt":"ccd1ed58b6dfc857aa9aaffafcf73b7e","id_apl":"APL01","key":"bud"}
2026-05-16 12:27:15 - getOutlet.php - Params - tgl: 2026-05-16, encrypt: ccd1ed58b6dfc857aa9aaffafcf73b7e, id_apl: APL01, key: bud
2026-05-16 12:27:15 - getOutlet.php - Aplikasi ditemukan: Ya
2026-05-16 12:27:15 - getOutlet.php - Key aplikasi: YbcJSFjkds...
2026-05-16 12:27:15 - getOutlet.php - Expected encrypt: ccd1ed58b6dfc857aa9aaffafcf73b7e
2026-05-16 12:27:15 - getOutlet.php - Received encrypt: ccd1ed58b6dfc857aa9aaffafcf73b7e
2026-05-16 12:27:15 - getOutlet.php - Authentication berhasil
2026-05-16 12:27:15 - getOutlet.php - Query: SELECT id_out, nama_out, '' AS alamat_out, ofcode_out
            FROM outlet 
            WHERE status_out IN ('Active', '1', 'active')
            AND (nama_out LIKE :key OR ofcode_out LIKE :key)
            ORDER BY nama_out ASC
            LIMIT 20
2026-05-16 12:27:15 - getOutlet.php - Query berhasil, mengembalikan 5 record
2026-05-16 12:27:15 - getOutlet.php - === END REQUEST ===
2026-05-16 05:27:15 - getOutlet.php - === REQUEST GETOUTLET ===
2026-05-16 05:27:15 - getOutlet.php - Method: POST
2026-05-16 05:27:15 - getOutlet.php - POST data: {"tgl":"2026-05-16","encrypt":"ccd1ed58b6dfc857aa9aaffafcf73b7e","id_apl":"APL01","key":"bu"}
2026-05-16 12:27:15 - getOutlet.php - Params - tgl: 2026-05-16, encrypt: ccd1ed58b6dfc857aa9aaffafcf73b7e, id_apl: APL01, key: bu
2026-05-16 12:27:15 - getOutlet.php - Aplikasi ditemukan: Ya
2026-05-16 12:27:15 - getOutlet.php - Key aplikasi: YbcJSFjkds...
2026-05-16 12:27:15 - getOutlet.php - Expected encrypt: ccd1ed58b6dfc857aa9aaffafcf73b7e
2026-05-16 12:27:15 - getOutlet.php - Received encrypt: ccd1ed58b6dfc857aa9aaffafcf73b7e
2026-05-16 12:27:15 - getOutlet.php - Authentication berhasil
2026-05-16 12:27:15 - getOutlet.php - Query: SELECT id_out, nama_out, '' AS alamat_out, ofcode_out
            FROM outlet 
            WHERE status_out IN ('Active', '1', 'active')
            AND (nama_out LIKE :key OR ofcode_out LIKE :key)
            ORDER BY nama_out ASC
            LIMIT 20
2026-05-16 12:27:15 - getOutlet.php - Query berhasil, mengembalikan 20 record
2026-05-16 12:27:15 - getOutlet.php - === END REQUEST ===
2026-05-16 05:27:16 - getOutlet.php - === REQUEST GETOUTLET ===
2026-05-16 05:27:16 - getOutlet.php - Method: POST
2026-05-16 05:27:16 - getOutlet.php - POST data: {"tgl":"2026-05-16","encrypt":"ccd1ed58b6dfc857aa9aaffafcf73b7e","id_apl":"APL01","key":"rs"}
2026-05-16 12:27:16 - getOutlet.php - Params - tgl: 2026-05-16, encrypt: ccd1ed58b6dfc857aa9aaffafcf73b7e, id_apl: APL01, key: rs
2026-05-16 12:27:16 - getOutlet.php - Aplikasi ditemukan: Ya
2026-05-16 12:27:16 - getOutlet.php - Key aplikasi: YbcJSFjkds...
2026-05-16 12:27:16 - getOutlet.php - Expected encrypt: ccd1ed58b6dfc857aa9aaffafcf73b7e
2026-05-16 12:27:16 - getOutlet.php - Received encrypt: ccd1ed58b6dfc857aa9aaffafcf73b7e
2026-05-16 12:27:16 - getOutlet.php - Authentication berhasil
2026-05-16 12:27:16 - getOutlet.php - Query: SELECT id_out, nama_out, '' AS alamat_out, ofcode_out
            FROM outlet 
            WHERE status_out IN ('Active', '1', 'active')
            AND (nama_out LIKE :key OR ofcode_out LIKE :key)
            ORDER BY nama_out ASC
            LIMIT 20
2026-05-16 12:27:16 - getOutlet.php - Query berhasil, mengembalikan 20 record
2026-05-16 12:27:16 - getOutlet.php - === END REQUEST ===
2026-05-16 05:27:17 - getOutlet.php - === REQUEST GETOUTLET ===
2026-05-16 05:27:17 - getOutlet.php - Method: POST
2026-05-16 05:27:17 - getOutlet.php - POST data: {"tgl":"2026-05-16","encrypt":"ccd1ed58b6dfc857aa9aaffafcf73b7e","id_apl":"APL01","key":"rs"}
2026-05-16 12:27:17 - getOutlet.php - Params - tgl: 2026-05-16, encrypt: ccd1ed58b6dfc857aa9aaffafcf73b7e, id_apl: APL01, key: rs
2026-05-16 12:27:17 - getOutlet.php - Aplikasi ditemukan: Ya
2026-05-16 12:27:17 - getOutlet.php - Key aplikasi: YbcJSFjkds...
2026-05-16 12:27:17 - getOutlet.php - Expected encrypt: ccd1ed58b6dfc857aa9aaffafcf73b7e
2026-05-16 12:27:17 - getOutlet.php - Received encrypt: ccd1ed58b6dfc857aa9aaffafcf73b7e
2026-05-16 12:27:17 - getOutlet.php - Authentication berhasil
2026-05-16 12:27:17 - getOutlet.php - Query: SELECT id_out, nama_out, '' AS alamat_out, ofcode_out
            FROM outlet 
            WHERE status_out IN ('Active', '1', 'active')
            AND (nama_out LIKE :key OR ofcode_out LIKE :key)
            ORDER BY nama_out ASC
            LIMIT 20
2026-05-16 12:27:17 - getOutlet.php - Query berhasil, mengembalikan 20 record
2026-05-16 12:27:17 - getOutlet.php - === END REQUEST ===
2026-05-16 05:27:19 - getOutlet.php - === REQUEST GETOUTLET ===
2026-05-16 05:27:19 - getOutlet.php - Method: POST
2026-05-16 05:27:19 - getOutlet.php - POST data: {"tgl":"2026-05-16","encrypt":"ccd1ed58b6dfc857aa9aaffafcf73b7e","id_apl":"APL01","key":"rs b"}
2026-05-16 12:27:19 - getOutlet.php - Params - tgl: 2026-05-16, encrypt: ccd1ed58b6dfc857aa9aaffafcf73b7e, id_apl: APL01, key: rs b
2026-05-16 12:27:19 - getOutlet.php - Aplikasi ditemukan: Ya
2026-05-16 12:27:19 - getOutlet.php - Key aplikasi: YbcJSFjkds...
2026-05-16 12:27:19 - getOutlet.php - Expected encrypt: ccd1ed58b6dfc857aa9aaffafcf73b7e
2026-05-16 12:27:19 - getOutlet.php - Received encrypt: ccd1ed58b6dfc857aa9aaffafcf73b7e
2026-05-16 12:27:19 - getOutlet.php - Authentication berhasil
2026-05-16 12:27:19 - getOutlet.php - Query: SELECT id_out, nama_out, '' AS alamat_out, ofcode_out
            FROM outlet 
            WHERE status_out IN ('Active', '1', 'active')
            AND (nama_out LIKE :key OR ofcode_out LIKE :key)
            ORDER BY nama_out ASC
            LIMIT 20
2026-05-16 12:27:19 - getOutlet.php - Query berhasil, mengembalikan 20 record
2026-05-16 12:27:19 - getOutlet.php - === END REQUEST ===
2026-05-16 05:27:19 - getOutlet.php - === REQUEST GETOUTLET ===
2026-05-16 05:27:19 - getOutlet.php - Method: POST
2026-05-16 05:27:19 - getOutlet.php - POST data: {"tgl":"2026-05-16","encrypt":"ccd1ed58b6dfc857aa9aaffafcf73b7e","id_apl":"APL01","key":"rs bu"}
2026-05-16 12:27:19 - getOutlet.php - Params - tgl: 2026-05-16, encrypt: ccd1ed58b6dfc857aa9aaffafcf73b7e, id_apl: APL01, key: rs bu
2026-05-16 12:27:19 - getOutlet.php - Aplikasi ditemukan: Ya
2026-05-16 12:27:19 - getOutlet.php - Key aplikasi: YbcJSFjkds...
2026-05-16 12:27:19 - getOutlet.php - Expected encrypt: ccd1ed58b6dfc857aa9aaffafcf73b7e
2026-05-16 12:27:19 - getOutlet.php - Received encrypt: ccd1ed58b6dfc857aa9aaffafcf73b7e
2026-05-16 12:27:19 - getOutlet.php - Authentication berhasil
2026-05-16 12:27:19 - getOutlet.php - Query: SELECT id_out, nama_out, '' AS alamat_out, ofcode_out
            FROM outlet 
            WHERE status_out IN ('Active', '1', 'active')
            AND (nama_out LIKE :key OR ofcode_out LIKE :key)
            ORDER BY nama_out ASC
            LIMIT 20
2026-05-16 12:27:19 - getOutlet.php - Query berhasil, mengembalikan 7 record
2026-05-16 12:27:19 - getOutlet.php - === END REQUEST ===
2026-05-16 05:27:21 - getOutlet.php - === REQUEST GETOUTLET ===
2026-05-16 05:27:21 - getOutlet.php - Method: POST
2026-05-16 05:27:21 - getOutlet.php - POST data: {"tgl":"2026-05-16","encrypt":"ccd1ed58b6dfc857aa9aaffafcf73b7e","id_apl":"APL01","key":"rs bud"}
2026-05-16 12:27:21 - getOutlet.php - Params - tgl: 2026-05-16, encrypt: ccd1ed58b6dfc857aa9aaffafcf73b7e, id_apl: APL01, key: rs bud
2026-05-16 12:27:21 - getOutlet.php - Aplikasi ditemukan: Ya
2026-05-16 12:27:21 - getOutlet.php - Key aplikasi: YbcJSFjkds...
2026-05-16 12:27:21 - getOutlet.php - Expected encrypt: ccd1ed58b6dfc857aa9aaffafcf73b7e
2026-05-16 12:27:21 - getOutlet.php - Received encrypt: ccd1ed58b6dfc857aa9aaffafcf73b7e
2026-05-16 12:27:21 - getOutlet.php - Authentication berhasil
2026-05-16 12:27:21 - getOutlet.php - Query: SELECT id_out, nama_out, '' AS alamat_out, ofcode_out
            FROM outlet 
            WHERE status_out IN ('Active', '1', 'active')
            AND (nama_out LIKE :key OR ofcode_out LIKE :key)
            ORDER BY nama_out ASC
            LIMIT 20
2026-05-16 12:27:21 - getOutlet.php - Query berhasil, mengembalikan 1 record
2026-05-16 12:27:21 - getOutlet.php - === END REQUEST ===
2026-05-16 05:27:24 - getOutlet.php - === REQUEST GETOUTLET ===
2026-05-16 05:27:24 - getOutlet.php - Method: POST
2026-05-16 05:27:24 - getOutlet.php - POST data: {"tgl":"2026-05-16","encrypt":"ccd1ed58b6dfc857aa9aaffafcf73b7e","id_apl":"APL01","key":"rs budh"}
2026-05-16 12:27:24 - getOutlet.php - Params - tgl: 2026-05-16, encrypt: ccd1ed58b6dfc857aa9aaffafcf73b7e, id_apl: APL01, key: rs budh
2026-05-16 12:27:24 - getOutlet.php - Aplikasi ditemukan: Ya
2026-05-16 12:27:24 - getOutlet.php - Key aplikasi: YbcJSFjkds...
2026-05-16 12:27:24 - getOutlet.php - Expected encrypt: ccd1ed58b6dfc857aa9aaffafcf73b7e
2026-05-16 12:27:24 - getOutlet.php - Received encrypt: ccd1ed58b6dfc857aa9aaffafcf73b7e
2026-05-16 12:27:24 - getOutlet.php - Authentication berhasil
2026-05-16 12:27:24 - getOutlet.php - Query: SELECT id_out, nama_out, '' AS alamat_out, ofcode_out
            FROM outlet 
            WHERE status_out IN ('Active', '1', 'active')
            AND (nama_out LIKE :key OR ofcode_out LIKE :key)
            ORDER BY nama_out ASC
            LIMIT 20
2026-05-16 12:27:24 - getOutlet.php - Query berhasil, mengembalikan 0 record
2026-05-16 12:27:24 - getOutlet.php - === END REQUEST ===
2026-05-16 05:27:25 - getOutlet.php - === REQUEST GETOUTLET ===
2026-05-16 05:27:25 - getOutlet.php - Method: POST
2026-05-16 05:27:25 - getOutlet.php - POST data: {"tgl":"2026-05-16","encrypt":"ccd1ed58b6dfc857aa9aaffafcf73b7e","id_apl":"APL01","key":"rs budha"}
2026-05-16 12:27:25 - getOutlet.php - Params - tgl: 2026-05-16, encrypt: ccd1ed58b6dfc857aa9aaffafcf73b7e, id_apl: APL01, key: rs budha
2026-05-16 12:27:25 - getOutlet.php - Aplikasi ditemukan: Ya
2026-05-16 12:27:25 - getOutlet.php - Key aplikasi: YbcJSFjkds...
2026-05-16 12:27:25 - getOutlet.php - Expected encrypt: ccd1ed58b6dfc857aa9aaffafcf73b7e
2026-05-16 12:27:25 - getOutlet.php - Received encrypt: ccd1ed58b6dfc857aa9aaffafcf73b7e
2026-05-16 12:27:25 - getOutlet.php - Authentication berhasil
2026-05-16 12:27:25 - getOutlet.php - Query: SELECT id_out, nama_out, '' AS alamat_out, ofcode_out
            FROM outlet 
            WHERE status_out IN ('Active', '1', 'active')
            AND (nama_out LIKE :key OR ofcode_out LIKE :key)
            ORDER BY nama_out ASC
            LIMIT 20
2026-05-16 12:27:25 - getOutlet.php - Query berhasil, mengembalikan 0 record
2026-05-16 12:27:25 - getOutlet.php - === END REQUEST ===
2026-05-16 05:27:26 - getOutlet.php - === REQUEST GETOUTLET ===
2026-05-16 05:27:26 - getOutlet.php - Method: POST
2026-05-16 05:27:26 - getOutlet.php - POST data: {"tgl":"2026-05-16","encrypt":"ccd1ed58b6dfc857aa9aaffafcf73b7e","id_apl":"APL01","key":"rs budh"}
2026-05-16 12:27:26 - getOutlet.php - Params - tgl: 2026-05-16, encrypt: ccd1ed58b6dfc857aa9aaffafcf73b7e, id_apl: APL01, key: rs budh
2026-05-16 12:27:26 - getOutlet.php - Aplikasi ditemukan: Ya
2026-05-16 12:27:26 - getOutlet.php - Key aplikasi: YbcJSFjkds...
2026-05-16 12:27:26 - getOutlet.php - Expected encrypt: ccd1ed58b6dfc857aa9aaffafcf73b7e
2026-05-16 12:27:26 - getOutlet.php - Received encrypt: ccd1ed58b6dfc857aa9aaffafcf73b7e
2026-05-16 12:27:26 - getOutlet.php - Authentication berhasil
2026-05-16 12:27:26 - getOutlet.php - Query: SELECT id_out, nama_out, '' AS alamat_out, ofcode_out
            FROM outlet 
            WHERE status_out IN ('Active', '1', 'active')
            AND (nama_out LIKE :key OR ofcode_out LIKE :key)
            ORDER BY nama_out ASC
            LIMIT 20
2026-05-16 12:27:26 - getOutlet.php - Query berhasil, mengembalikan 0 record
2026-05-16 12:27:26 - getOutlet.php - === END REQUEST ===
2026-05-16 05:27:26 - getOutlet.php - === REQUEST GETOUTLET ===
2026-05-16 05:27:26 - getOutlet.php - Method: POST
2026-05-16 05:27:26 - getOutlet.php - POST data: {"tgl":"2026-05-16","encrypt":"ccd1ed58b6dfc857aa9aaffafcf73b7e","id_apl":"APL01","key":"rs bud"}
2026-05-16 12:27:26 - getOutlet.php - Params - tgl: 2026-05-16, encrypt: ccd1ed58b6dfc857aa9aaffafcf73b7e, id_apl: APL01, key: rs bud
2026-05-16 12:27:26 - getOutlet.php - Aplikasi ditemukan: Ya
2026-05-16 12:27:26 - getOutlet.php - Key aplikasi: YbcJSFjkds...
2026-05-16 12:27:26 - getOutlet.php - Expected encrypt: ccd1ed58b6dfc857aa9aaffafcf73b7e
2026-05-16 12:27:26 - getOutlet.php - Received encrypt: ccd1ed58b6dfc857aa9aaffafcf73b7e
2026-05-16 12:27:26 - getOutlet.php - Authentication berhasil
2026-05-16 12:27:26 - getOutlet.php - Query: SELECT id_out, nama_out, '' AS alamat_out, ofcode_out
            FROM outlet 
            WHERE status_out IN ('Active', '1', 'active')
            AND (nama_out LIKE :key OR ofcode_out LIKE :key)
            ORDER BY nama_out ASC
            LIMIT 20
2026-05-16 12:27:26 - getOutlet.php - Query berhasil, mengembalikan 1 record
2026-05-16 12:27:26 - getOutlet.php - === END REQUEST ===
2026-05-16 05:27:26 - getOutlet.php - === REQUEST GETOUTLET ===
2026-05-16 05:27:26 - getOutlet.php - Method: POST
2026-05-16 05:27:26 - getOutlet.php - POST data: {"tgl":"2026-05-16","encrypt":"ccd1ed58b6dfc857aa9aaffafcf73b7e","id_apl":"APL01","key":"rs bu"}
2026-05-16 12:27:26 - getOutlet.php - Params - tgl: 2026-05-16, encrypt: ccd1ed58b6dfc857aa9aaffafcf73b7e, id_apl: APL01, key: rs bu
2026-05-16 12:27:26 - getOutlet.php - Aplikasi ditemukan: Ya
2026-05-16 12:27:26 - getOutlet.php - Key aplikasi: YbcJSFjkds...
2026-05-16 12:27:26 - getOutlet.php - Expected encrypt: ccd1ed58b6dfc857aa9aaffafcf73b7e
2026-05-16 12:27:26 - getOutlet.php - Received encrypt: ccd1ed58b6dfc857aa9aaffafcf73b7e
2026-05-16 12:27:26 - getOutlet.php - Authentication berhasil
2026-05-16 12:27:26 - getOutlet.php - Query: SELECT id_out, nama_out, '' AS alamat_out, ofcode_out
            FROM outlet 
            WHERE status_out IN ('Active', '1', 'active')
            AND (nama_out LIKE :key OR ofcode_out LIKE :key)
            ORDER BY nama_out ASC
            LIMIT 20
2026-05-16 12:27:26 - getOutlet.php - Query berhasil, mengembalikan 7 record
2026-05-16 12:27:26 - getOutlet.php - === END REQUEST ===
2026-05-16 05:27:26 - getOutlet.php - === REQUEST GETOUTLET ===
2026-05-16 05:27:26 - getOutlet.php - Method: POST
2026-05-16 05:27:26 - getOutlet.php - POST data: {"tgl":"2026-05-16","encrypt":"ccd1ed58b6dfc857aa9aaffafcf73b7e","id_apl":"APL01","key":"rs b"}
2026-05-16 12:27:26 - getOutlet.php - Params - tgl: 2026-05-16, encrypt: ccd1ed58b6dfc857aa9aaffafcf73b7e, id_apl: APL01, key: rs b
2026-05-16 12:27:26 - getOutlet.php - Aplikasi ditemukan: Ya
2026-05-16 12:27:26 - getOutlet.php - Key aplikasi: YbcJSFjkds...
2026-05-16 12:27:26 - getOutlet.php - Expected encrypt: ccd1ed58b6dfc857aa9aaffafcf73b7e
2026-05-16 12:27:26 - getOutlet.php - Received encrypt: ccd1ed58b6dfc857aa9aaffafcf73b7e
2026-05-16 12:27:26 - getOutlet.php - Authentication berhasil
2026-05-16 12:27:26 - getOutlet.php - Query: SELECT id_out, nama_out, '' AS alamat_out, ofcode_out
            FROM outlet 
            WHERE status_out IN ('Active', '1', 'active')
            AND (nama_out LIKE :key OR ofcode_out LIKE :key)
            ORDER BY nama_out ASC
            LIMIT 20
2026-05-16 12:27:26 - getOutlet.php - Query berhasil, mengembalikan 20 record
2026-05-16 12:27:26 - getOutlet.php - === END REQUEST ===
2026-05-16 05:27:26 - getOutlet.php - === REQUEST GETOUTLET ===
2026-05-16 05:27:26 - getOutlet.php - Method: POST
2026-05-16 05:27:26 - getOutlet.php - POST data: {"tgl":"2026-05-16","encrypt":"ccd1ed58b6dfc857aa9aaffafcf73b7e","id_apl":"APL01","key":"rs"}
2026-05-16 12:27:26 - getOutlet.php - Params - tgl: 2026-05-16, encrypt: ccd1ed58b6dfc857aa9aaffafcf73b7e, id_apl: APL01, key: rs
2026-05-16 12:27:26 - getOutlet.php - Aplikasi ditemukan: Ya
2026-05-16 12:27:26 - getOutlet.php - Key aplikasi: YbcJSFjkds...
2026-05-16 12:27:26 - getOutlet.php - Expected encrypt: ccd1ed58b6dfc857aa9aaffafcf73b7e
2026-05-16 12:27:26 - getOutlet.php - Received encrypt: ccd1ed58b6dfc857aa9aaffafcf73b7e
2026-05-16 12:27:26 - getOutlet.php - Authentication berhasil
2026-05-16 12:27:26 - getOutlet.php - Query: SELECT id_out, nama_out, '' AS alamat_out, ofcode_out
            FROM outlet 
            WHERE status_out IN ('Active', '1', 'active')
            AND (nama_out LIKE :key OR ofcode_out LIKE :key)
            ORDER BY nama_out ASC
            LIMIT 20
2026-05-16 12:27:26 - getOutlet.php - Query berhasil, mengembalikan 20 record
2026-05-16 12:27:26 - getOutlet.php - === END REQUEST ===
2026-05-16 05:27:27 - getOutlet.php - === REQUEST GETOUTLET ===
2026-05-16 05:27:27 - getOutlet.php - Method: POST
2026-05-16 05:27:27 - getOutlet.php - POST data: {"tgl":"2026-05-16","encrypt":"ccd1ed58b6dfc857aa9aaffafcf73b7e","id_apl":"APL01","key":"rs"}
2026-05-16 12:27:27 - getOutlet.php - Params - tgl: 2026-05-16, encrypt: ccd1ed58b6dfc857aa9aaffafcf73b7e, id_apl: APL01, key: rs
2026-05-16 12:27:27 - getOutlet.php - Aplikasi ditemukan: Ya
2026-05-16 12:27:27 - getOutlet.php - Key aplikasi: YbcJSFjkds...
2026-05-16 12:27:27 - getOutlet.php - Expected encrypt: ccd1ed58b6dfc857aa9aaffafcf73b7e
2026-05-16 12:27:27 - getOutlet.php - Received encrypt: ccd1ed58b6dfc857aa9aaffafcf73b7e
2026-05-16 12:27:27 - getOutlet.php - Authentication berhasil
2026-05-16 12:27:27 - getOutlet.php - Query: SELECT id_out, nama_out, '' AS alamat_out, ofcode_out
            FROM outlet 
            WHERE status_out IN ('Active', '1', 'active')
            AND (nama_out LIKE :key OR ofcode_out LIKE :key)
            ORDER BY nama_out ASC
            LIMIT 20
2026-05-16 12:27:27 - getOutlet.php - Query berhasil, mengembalikan 20 record
2026-05-16 12:27:27 - getOutlet.php - === END REQUEST ===
2026-05-16 05:27:29 - getOutlet.php - === REQUEST GETOUTLET ===
2026-05-16 05:27:29 - getOutlet.php - Method: POST
2026-05-16 05:27:29 - getOutlet.php - POST data: {"tgl":"2026-05-16","encrypt":"ccd1ed58b6dfc857aa9aaffafcf73b7e","id_apl":"APL01","key":"ya"}
2026-05-16 12:27:29 - getOutlet.php - Params - tgl: 2026-05-16, encrypt: ccd1ed58b6dfc857aa9aaffafcf73b7e, id_apl: APL01, key: ya
2026-05-16 12:27:29 - getOutlet.php - Aplikasi ditemukan: Ya
2026-05-16 12:27:29 - getOutlet.php - Key aplikasi: YbcJSFjkds...
2026-05-16 12:27:29 - getOutlet.php - Expected encrypt: ccd1ed58b6dfc857aa9aaffafcf73b7e
2026-05-16 12:27:29 - getOutlet.php - Received encrypt: ccd1ed58b6dfc857aa9aaffafcf73b7e
2026-05-16 12:27:29 - getOutlet.php - Authentication berhasil
2026-05-16 12:27:29 - getOutlet.php - Query: SELECT id_out, nama_out, '' AS alamat_out, ofcode_out
            FROM outlet 
            WHERE status_out IN ('Active', '1', 'active')
            AND (nama_out LIKE :key OR ofcode_out LIKE :key)
            ORDER BY nama_out ASC
            LIMIT 20
2026-05-16 12:27:29 - getOutlet.php - Query berhasil, mengembalikan 20 record
2026-05-16 12:27:29 - getOutlet.php - === END REQUEST ===
2026-05-16 05:27:29 - getOutlet.php - === REQUEST GETOUTLET ===
2026-05-16 05:27:29 - getOutlet.php - Method: POST
2026-05-16 05:27:29 - getOutlet.php - POST data: {"tgl":"2026-05-16","encrypt":"ccd1ed58b6dfc857aa9aaffafcf73b7e","id_apl":"APL01","key":"yay"}
2026-05-16 12:27:29 - getOutlet.php - Params - tgl: 2026-05-16, encrypt: ccd1ed58b6dfc857aa9aaffafcf73b7e, id_apl: APL01, key: yay
2026-05-16 12:27:29 - getOutlet.php - Aplikasi ditemukan: Ya
2026-05-16 12:27:29 - getOutlet.php - Key aplikasi: YbcJSFjkds...
2026-05-16 12:27:29 - getOutlet.php - Expected encrypt: ccd1ed58b6dfc857aa9aaffafcf73b7e
2026-05-16 12:27:29 - getOutlet.php - Received encrypt: ccd1ed58b6dfc857aa9aaffafcf73b7e
2026-05-16 12:27:29 - getOutlet.php - Authentication berhasil
2026-05-16 12:27:29 - getOutlet.php - Query: SELECT id_out, nama_out, '' AS alamat_out, ofcode_out
            FROM outlet 
            WHERE status_out IN ('Active', '1', 'active')
            AND (nama_out LIKE :key OR ofcode_out LIKE :key)
            ORDER BY nama_out ASC
            LIMIT 20
2026-05-16 12:27:29 - getOutlet.php - Query berhasil, mengembalikan 3 record
2026-05-16 12:27:29 - getOutlet.php - === END REQUEST ===
2026-05-16 05:27:29 - getOutlet.php - === REQUEST GETOUTLET ===
2026-05-16 05:27:29 - getOutlet.php - Method: POST
2026-05-16 05:27:29 - getOutlet.php - POST data: {"tgl":"2026-05-16","encrypt":"ccd1ed58b6dfc857aa9aaffafcf73b7e","id_apl":"APL01","key":"yaya"}
2026-05-16 12:27:29 - getOutlet.php - Params - tgl: 2026-05-16, encrypt: ccd1ed58b6dfc857aa9aaffafcf73b7e, id_apl: APL01, key: yaya
2026-05-16 12:27:29 - getOutlet.php - Aplikasi ditemukan: Ya
2026-05-16 12:27:29 - getOutlet.php - Key aplikasi: YbcJSFjkds...
2026-05-16 12:27:29 - getOutlet.php - Expected encrypt: ccd1ed58b6dfc857aa9aaffafcf73b7e
2026-05-16 12:27:29 - getOutlet.php - Received encrypt: ccd1ed58b6dfc857aa9aaffafcf73b7e
2026-05-16 12:27:29 - getOutlet.php - Authentication berhasil
2026-05-16 12:27:29 - getOutlet.php - Query: SELECT id_out, nama_out, '' AS alamat_out, ofcode_out
            FROM outlet 
            WHERE status_out IN ('Active', '1', 'active')
            AND (nama_out LIKE :key OR ofcode_out LIKE :key)
            ORDER BY nama_out ASC
            LIMIT 20
2026-05-16 12:27:29 - getOutlet.php - Query berhasil, mengembalikan 3 record
2026-05-16 12:27:29 - getOutlet.php - === END REQUEST ===
2026-05-16 05:27:31 - getOutlet.php - === REQUEST GETOUTLET ===
2026-05-16 05:27:31 - getOutlet.php - Method: POST
2026-05-16 05:27:31 - getOutlet.php - POST data: {"tgl":"2026-05-16","encrypt":"ccd1ed58b6dfc857aa9aaffafcf73b7e","id_apl":"APL01","key":"yayas"}
2026-05-16 12:27:31 - getOutlet.php - Params - tgl: 2026-05-16, encrypt: ccd1ed58b6dfc857aa9aaffafcf73b7e, id_apl: APL01, key: yayas
2026-05-16 12:27:31 - getOutlet.php - Aplikasi ditemukan: Ya
2026-05-16 12:27:31 - getOutlet.php - Key aplikasi: YbcJSFjkds...
2026-05-16 12:27:31 - getOutlet.php - Expected encrypt: ccd1ed58b6dfc857aa9aaffafcf73b7e
2026-05-16 12:27:31 - getOutlet.php - Received encrypt: ccd1ed58b6dfc857aa9aaffafcf73b7e
2026-05-16 12:27:31 - getOutlet.php - Authentication berhasil
2026-05-16 12:27:31 - getOutlet.php - Query: SELECT id_out, nama_out, '' AS alamat_out, ofcode_out
            FROM outlet 
            WHERE status_out IN ('Active', '1', 'active')
            AND (nama_out LIKE :key OR ofcode_out LIKE :key)
            ORDER BY nama_out ASC
            LIMIT 20
2026-05-16 12:27:31 - getOutlet.php - Query berhasil, mengembalikan 3 record
2026-05-16 12:27:31 - getOutlet.php - === END REQUEST ===
2026-05-16 05:27:31 - getOutlet.php - === REQUEST GETOUTLET ===
2026-05-16 05:27:31 - getOutlet.php - Method: POST
2026-05-16 05:27:31 - getOutlet.php - POST data: {"tgl":"2026-05-16","encrypt":"ccd1ed58b6dfc857aa9aaffafcf73b7e","id_apl":"APL01","key":"yayasa"}
2026-05-16 12:27:31 - getOutlet.php - Params - tgl: 2026-05-16, encrypt: ccd1ed58b6dfc857aa9aaffafcf73b7e, id_apl: APL01, key: yayasa
2026-05-16 12:27:31 - getOutlet.php - Aplikasi ditemukan: Ya
2026-05-16 12:27:31 - getOutlet.php - Key aplikasi: YbcJSFjkds...
2026-05-16 12:27:31 - getOutlet.php - Expected encrypt: ccd1ed58b6dfc857aa9aaffafcf73b7e
2026-05-16 12:27:31 - getOutlet.php - Received encrypt: ccd1ed58b6dfc857aa9aaffafcf73b7e
2026-05-16 12:27:31 - getOutlet.php - Authentication berhasil
2026-05-16 12:27:31 - getOutlet.php - Query: SELECT id_out, nama_out, '' AS alamat_out, ofcode_out
            FROM outlet 
            WHERE status_out IN ('Active', '1', 'active')
            AND (nama_out LIKE :key OR ofcode_out LIKE :key)
            ORDER BY nama_out ASC
            LIMIT 20
2026-05-16 12:27:31 - getOutlet.php - Query berhasil, mengembalikan 3 record
2026-05-16 12:27:31 - getOutlet.php - === END REQUEST ===
2026-05-16 05:27:32 - getOutlet.php - === REQUEST GETOUTLET ===
2026-05-16 05:27:32 - getOutlet.php - Method: POST
2026-05-16 05:27:32 - getOutlet.php - POST data: {"tgl":"2026-05-16","encrypt":"ccd1ed58b6dfc857aa9aaffafcf73b7e","id_apl":"APL01","key":"yayasan"}
2026-05-16 12:27:32 - getOutlet.php - Params - tgl: 2026-05-16, encrypt: ccd1ed58b6dfc857aa9aaffafcf73b7e, id_apl: APL01, key: yayasan
2026-05-16 12:27:32 - getOutlet.php - Aplikasi ditemukan: Ya
2026-05-16 12:27:32 - getOutlet.php - Key aplikasi: YbcJSFjkds...
2026-05-16 12:27:32 - getOutlet.php - Expected encrypt: ccd1ed58b6dfc857aa9aaffafcf73b7e
2026-05-16 12:27:32 - getOutlet.php - Received encrypt: ccd1ed58b6dfc857aa9aaffafcf73b7e
2026-05-16 12:27:32 - getOutlet.php - Authentication berhasil
2026-05-16 12:27:32 - getOutlet.php - Query: SELECT id_out, nama_out, '' AS alamat_out, ofcode_out
            FROM outlet 
            WHERE status_out IN ('Active', '1', 'active')
            AND (nama_out LIKE :key OR ofcode_out LIKE :key)
            ORDER BY nama_out ASC
            LIMIT 20
2026-05-16 12:27:32 - getOutlet.php - Query berhasil, mengembalikan 3 record
2026-05-16 12:27:32 - getOutlet.php - === END REQUEST ===
2026-05-16 05:27:32 - getOutlet.php - === REQUEST GETOUTLET ===
2026-05-16 05:27:32 - getOutlet.php - Method: POST
2026-05-16 05:27:32 - getOutlet.php - POST data: {"tgl":"2026-05-16","encrypt":"ccd1ed58b6dfc857aa9aaffafcf73b7e","id_apl":"APL01","key":"yayasan"}
2026-05-16 12:27:32 - getOutlet.php - Params - tgl: 2026-05-16, encrypt: ccd1ed58b6dfc857aa9aaffafcf73b7e, id_apl: APL01, key: yayasan
2026-05-16 12:27:32 - getOutlet.php - Aplikasi ditemukan: Ya
2026-05-16 12:27:32 - getOutlet.php - Key aplikasi: YbcJSFjkds...
2026-05-16 12:27:32 - getOutlet.php - Expected encrypt: ccd1ed58b6dfc857aa9aaffafcf73b7e
2026-05-16 12:27:32 - getOutlet.php - Received encrypt: ccd1ed58b6dfc857aa9aaffafcf73b7e
2026-05-16 12:27:32 - getOutlet.php - Authentication berhasil
2026-05-16 12:27:32 - getOutlet.php - Query: SELECT id_out, nama_out, '' AS alamat_out, ofcode_out
            FROM outlet 
            WHERE status_out IN ('Active', '1', 'active')
            AND (nama_out LIKE :key OR ofcode_out LIKE :key)
            ORDER BY nama_out ASC
            LIMIT 20
2026-05-16 12:27:32 - getOutlet.php - Query berhasil, mengembalikan 3 record
2026-05-16 12:27:32 - getOutlet.php - === END REQUEST ===
2026-05-16 05:27:33 - getOutlet.php - === REQUEST GETOUTLET ===
2026-05-16 05:27:33 - getOutlet.php - Method: POST
2026-05-16 05:27:33 - getOutlet.php - POST data: {"tgl":"2026-05-16","encrypt":"ccd1ed58b6dfc857aa9aaffafcf73b7e","id_apl":"APL01","key":"yayasan b"}
2026-05-16 12:27:33 - getOutlet.php - Params - tgl: 2026-05-16, encrypt: ccd1ed58b6dfc857aa9aaffafcf73b7e, id_apl: APL01, key: yayasan b
2026-05-16 12:27:33 - getOutlet.php - Aplikasi ditemukan: Ya
2026-05-16 12:27:33 - getOutlet.php - Key aplikasi: YbcJSFjkds...
2026-05-16 12:27:33 - getOutlet.php - Expected encrypt: ccd1ed58b6dfc857aa9aaffafcf73b7e
2026-05-16 12:27:33 - getOutlet.php - Received encrypt: ccd1ed58b6dfc857aa9aaffafcf73b7e
2026-05-16 12:27:33 - getOutlet.php - Authentication berhasil
2026-05-16 12:27:33 - getOutlet.php - Query: SELECT id_out, nama_out, '' AS alamat_out, ofcode_out
            FROM outlet 
            WHERE status_out IN ('Active', '1', 'active')
            AND (nama_out LIKE :key OR ofcode_out LIKE :key)
            ORDER BY nama_out ASC
            LIMIT 20
2026-05-16 12:27:33 - getOutlet.php - Query berhasil, mengembalikan 2 record
2026-05-16 12:27:33 - getOutlet.php - === END REQUEST ===
2026-05-16 05:27:33 - getOutlet.php - === REQUEST GETOUTLET ===
2026-05-16 05:27:33 - getOutlet.php - Method: POST
2026-05-16 05:27:33 - getOutlet.php - POST data: {"tgl":"2026-05-16","encrypt":"ccd1ed58b6dfc857aa9aaffafcf73b7e","id_apl":"APL01","key":"yayasan bu"}
2026-05-16 12:27:33 - getOutlet.php - Params - tgl: 2026-05-16, encrypt: ccd1ed58b6dfc857aa9aaffafcf73b7e, id_apl: APL01, key: yayasan bu
2026-05-16 12:27:33 - getOutlet.php - Aplikasi ditemukan: Ya
2026-05-16 12:27:33 - getOutlet.php - Key aplikasi: YbcJSFjkds...
2026-05-16 12:27:33 - getOutlet.php - Expected encrypt: ccd1ed58b6dfc857aa9aaffafcf73b7e
2026-05-16 12:27:33 - getOutlet.php - Received encrypt: ccd1ed58b6dfc857aa9aaffafcf73b7e
2026-05-16 12:27:33 - getOutlet.php - Authentication berhasil
2026-05-16 12:27:33 - getOutlet.php - Query: SELECT id_out, nama_out, '' AS alamat_out, ofcode_out
            FROM outlet 
            WHERE status_out IN ('Active', '1', 'active')
            AND (nama_out LIKE :key OR ofcode_out LIKE :key)
            ORDER BY nama_out ASC
            LIMIT 20
2026-05-16 12:27:33 - getOutlet.php - Query berhasil, mengembalikan 2 record
2026-05-16 12:27:33 - getOutlet.php - === END REQUEST ===
2026-05-16 05:27:35 - getOutlet.php - === REQUEST GETOUTLET ===
2026-05-16 05:27:35 - getOutlet.php - Method: POST
2026-05-16 05:27:35 - getOutlet.php - POST data: {"tgl":"2026-05-16","encrypt":"ccd1ed58b6dfc857aa9aaffafcf73b7e","id_apl":"APL01","key":"YAYASAN BUDDHA TZU CHI MEDIKA"}
2026-05-16 12:27:35 - getOutlet.php - Params - tgl: 2026-05-16, encrypt: ccd1ed58b6dfc857aa9aaffafcf73b7e, id_apl: APL01, key: YAYASAN BUDDHA TZU CHI MEDIKA
2026-05-16 12:27:35 - getOutlet.php - Aplikasi ditemukan: Ya
2026-05-16 12:27:35 - getOutlet.php - Key aplikasi: YbcJSFjkds...
2026-05-16 12:27:35 - getOutlet.php - Expected encrypt: ccd1ed58b6dfc857aa9aaffafcf73b7e
2026-05-16 12:27:35 - getOutlet.php - Received encrypt: ccd1ed58b6dfc857aa9aaffafcf73b7e
2026-05-16 12:27:35 - getOutlet.php - Authentication berhasil
2026-05-16 12:27:35 - getOutlet.php - Query: SELECT id_out, nama_out, '' AS alamat_out, ofcode_out
            FROM outlet 
            WHERE status_out IN ('Active', '1', 'active')
            AND (nama_out LIKE :key OR ofcode_out LIKE :key)
            ORDER BY nama_out ASC
            LIMIT 20
2026-05-16 12:27:35 - getOutlet.php - Query berhasil, mengembalikan 2 record
2026-05-16 12:27:35 - getOutlet.php - === END REQUEST ===
