2026-04-09 03:02:20 - getOutlet.php - === REQUEST GETOUTLET ===
2026-04-09 03:02:20 - getOutlet.php - Method: POST
2026-04-09 03:02:20 - getOutlet.php - POST data: {"tgl":"2026-04-09","encrypt":"ce8d123a9badc46aab7bfac002148c51","id_apl":"APL01","key":"Kl"}
2026-04-09 10:02:20 - getOutlet.php - Params - tgl: 2026-04-09, encrypt: ce8d123a9badc46aab7bfac002148c51, id_apl: APL01, key: Kl
2026-04-09 10:02:20 - getOutlet.php - Aplikasi ditemukan: Ya
2026-04-09 10:02:20 - getOutlet.php - Key aplikasi: YbcJSFjkds...
2026-04-09 10:02:20 - getOutlet.php - Expected encrypt: ce8d123a9badc46aab7bfac002148c51
2026-04-09 10:02:20 - getOutlet.php - Received encrypt: ce8d123a9badc46aab7bfac002148c51
2026-04-09 10:02:20 - getOutlet.php - Authentication berhasil
2026-04-09 10:02:20 - getOutlet.php - Query: SELECT id_out, nama_out, '' AS alamat_out, ofcode_out
            FROM outlet 
            WHERE status_out IN ('Active', '1', 'active')
            AND (nama_out LIKE :key OR ofcode_out LIKE :key)
            ORDER BY nama_out ASC
            LIMIT 20
2026-04-09 10:02:20 - getOutlet.php - Query berhasil, mengembalikan 20 record
2026-04-09 10:02:20 - getOutlet.php - === END REQUEST ===
2026-04-09 03:02:21 - getOutlet.php - === REQUEST GETOUTLET ===
2026-04-09 03:02:21 - getOutlet.php - Method: POST
2026-04-09 03:02:21 - getOutlet.php - POST data: {"tgl":"2026-04-09","encrypt":"ce8d123a9badc46aab7bfac002148c51","id_apl":"APL01","key":"Kli"}
2026-04-09 10:02:21 - getOutlet.php - Params - tgl: 2026-04-09, encrypt: ce8d123a9badc46aab7bfac002148c51, id_apl: APL01, key: Kli
2026-04-09 10:02:21 - getOutlet.php - Aplikasi ditemukan: Ya
2026-04-09 10:02:21 - getOutlet.php - Key aplikasi: YbcJSFjkds...
2026-04-09 10:02:21 - getOutlet.php - Expected encrypt: ce8d123a9badc46aab7bfac002148c51
2026-04-09 10:02:21 - getOutlet.php - Received encrypt: ce8d123a9badc46aab7bfac002148c51
2026-04-09 10:02:21 - getOutlet.php - Authentication berhasil
2026-04-09 03:02:21 - getOutlet.php - === REQUEST GETOUTLET ===
2026-04-09 03:02:21 - getOutlet.php - Method: POST
2026-04-09 03:02:21 - getOutlet.php - POST data: {"tgl":"2026-04-09","encrypt":"ce8d123a9badc46aab7bfac002148c51","id_apl":"APL01","key":"Klin"}
2026-04-09 10:02:21 - getOutlet.php - Params - tgl: 2026-04-09, encrypt: ce8d123a9badc46aab7bfac002148c51, id_apl: APL01, key: Klin
2026-04-09 10:02:21 - getOutlet.php - Aplikasi ditemukan: Ya
2026-04-09 10:02:21 - getOutlet.php - Key aplikasi: YbcJSFjkds...
2026-04-09 10:02:21 - getOutlet.php - Expected encrypt: ce8d123a9badc46aab7bfac002148c51
2026-04-09 10:02:21 - getOutlet.php - Received encrypt: ce8d123a9badc46aab7bfac002148c51
2026-04-09 10:02:21 - getOutlet.php - Authentication berhasil
2026-04-09 03:02:21 - getOutlet.php - === REQUEST GETOUTLET ===
2026-04-09 03:02:21 - getOutlet.php - Method: POST
2026-04-09 03:02:21 - getOutlet.php - POST data: {"tgl":"2026-04-09","encrypt":"ce8d123a9badc46aab7bfac002148c51","id_apl":"APL01","key":"Klini"}
2026-04-09 10:02:21 - getOutlet.php - Params - tgl: 2026-04-09, encrypt: ce8d123a9badc46aab7bfac002148c51, id_apl: APL01, key: Klini
2026-04-09 10:02:21 - getOutlet.php - Aplikasi ditemukan: Ya
2026-04-09 10:02:21 - getOutlet.php - Key aplikasi: YbcJSFjkds...
2026-04-09 10:02:21 - getOutlet.php - Expected encrypt: ce8d123a9badc46aab7bfac002148c51
2026-04-09 10:02:21 - getOutlet.php - Received encrypt: ce8d123a9badc46aab7bfac002148c51
2026-04-09 10:02:21 - getOutlet.php - Authentication berhasil
2026-04-09 10:02:21 - getOutlet.php - Query: SELECT id_out, nama_out, '' AS alamat_out, ofcode_out
            FROM outlet 
            WHERE status_out IN ('Active', '1', 'active')
            AND (nama_out LIKE :key OR ofcode_out LIKE :key)
            ORDER BY nama_out ASC
            LIMIT 20
2026-04-09 10:02:21 - getOutlet.php - Query berhasil, mengembalikan 20 record
2026-04-09 10:02:21 - getOutlet.php - === END REQUEST ===
2026-04-09 10:02:21 - getOutlet.php - Query: SELECT id_out, nama_out, '' AS alamat_out, ofcode_out
            FROM outlet 
            WHERE status_out IN ('Active', '1', 'active')
            AND (nama_out LIKE :key OR ofcode_out LIKE :key)
            ORDER BY nama_out ASC
            LIMIT 20
2026-04-09 10:02:21 - getOutlet.php - Query berhasil, mengembalikan 20 record
2026-04-09 10:02:21 - getOutlet.php - === END REQUEST ===
2026-04-09 10:02:21 - getOutlet.php - Query: SELECT id_out, nama_out, '' AS alamat_out, ofcode_out
            FROM outlet 
            WHERE status_out IN ('Active', '1', 'active')
            AND (nama_out LIKE :key OR ofcode_out LIKE :key)
            ORDER BY nama_out ASC
            LIMIT 20
2026-04-09 10:02:21 - getOutlet.php - Query berhasil, mengembalikan 20 record
2026-04-09 10:02:21 - getOutlet.php - === END REQUEST ===
2026-04-09 03:02:21 - getOutlet.php - === REQUEST GETOUTLET ===
2026-04-09 03:02:21 - getOutlet.php - Method: POST
2026-04-09 03:02:21 - getOutlet.php - POST data: {"tgl":"2026-04-09","encrypt":"ce8d123a9badc46aab7bfac002148c51","id_apl":"APL01","key":"Klinik"}
2026-04-09 10:02:21 - getOutlet.php - Params - tgl: 2026-04-09, encrypt: ce8d123a9badc46aab7bfac002148c51, id_apl: APL01, key: Klinik
2026-04-09 10:02:21 - getOutlet.php - Aplikasi ditemukan: Ya
2026-04-09 10:02:21 - getOutlet.php - Key aplikasi: YbcJSFjkds...
2026-04-09 10:02:21 - getOutlet.php - Expected encrypt: ce8d123a9badc46aab7bfac002148c51
2026-04-09 10:02:21 - getOutlet.php - Received encrypt: ce8d123a9badc46aab7bfac002148c51
2026-04-09 10:02:21 - getOutlet.php - Authentication berhasil
2026-04-09 10:02:21 - getOutlet.php - Query: SELECT id_out, nama_out, '' AS alamat_out, ofcode_out
            FROM outlet 
            WHERE status_out IN ('Active', '1', 'active')
            AND (nama_out LIKE :key OR ofcode_out LIKE :key)
            ORDER BY nama_out ASC
            LIMIT 20
2026-04-09 10:02:21 - getOutlet.php - Query berhasil, mengembalikan 20 record
2026-04-09 10:02:21 - getOutlet.php - === END REQUEST ===
2026-04-09 03:02:34 - getOutlet.php - === REQUEST GETOUTLET ===
2026-04-09 03:02:34 - getOutlet.php - Method: POST
2026-04-09 03:02:34 - getOutlet.php - POST data: {"tgl":"2026-04-09","encrypt":"ce8d123a9badc46aab7bfac002148c51","id_apl":"APL01","key":"Klinik"}
2026-04-09 10:02:34 - getOutlet.php - Params - tgl: 2026-04-09, encrypt: ce8d123a9badc46aab7bfac002148c51, id_apl: APL01, key: Klinik
2026-04-09 10:02:34 - getOutlet.php - Aplikasi ditemukan: Ya
2026-04-09 10:02:34 - getOutlet.php - Key aplikasi: YbcJSFjkds...
2026-04-09 10:02:34 - getOutlet.php - Expected encrypt: ce8d123a9badc46aab7bfac002148c51
2026-04-09 10:02:34 - getOutlet.php - Received encrypt: ce8d123a9badc46aab7bfac002148c51
2026-04-09 10:02:34 - getOutlet.php - Authentication berhasil
2026-04-09 10:02:34 - getOutlet.php - Query: SELECT id_out, nama_out, '' AS alamat_out, ofcode_out
            FROM outlet 
            WHERE status_out IN ('Active', '1', 'active')
            AND (nama_out LIKE :key OR ofcode_out LIKE :key)
            ORDER BY nama_out ASC
            LIMIT 20
2026-04-09 10:02:34 - getOutlet.php - Query berhasil, mengembalikan 20 record
2026-04-09 10:02:34 - getOutlet.php - === END REQUEST ===
2026-04-09 03:02:36 - getOutlet.php - === REQUEST GETOUTLET ===
2026-04-09 03:02:36 - getOutlet.php - Method: POST
2026-04-09 03:02:36 - getOutlet.php - POST data: {"tgl":"2026-04-09","encrypt":"ce8d123a9badc46aab7bfac002148c51","id_apl":"APL01","key":"Klinik M"}
2026-04-09 10:02:36 - getOutlet.php - Params - tgl: 2026-04-09, encrypt: ce8d123a9badc46aab7bfac002148c51, id_apl: APL01, key: Klinik M
2026-04-09 10:02:36 - getOutlet.php - Aplikasi ditemukan: Ya
2026-04-09 10:02:36 - getOutlet.php - Key aplikasi: YbcJSFjkds...
2026-04-09 10:02:36 - getOutlet.php - Expected encrypt: ce8d123a9badc46aab7bfac002148c51
2026-04-09 10:02:36 - getOutlet.php - Received encrypt: ce8d123a9badc46aab7bfac002148c51
2026-04-09 10:02:36 - getOutlet.php - Authentication berhasil
2026-04-09 10:02:36 - getOutlet.php - Query: SELECT id_out, nama_out, '' AS alamat_out, ofcode_out
            FROM outlet 
            WHERE status_out IN ('Active', '1', 'active')
            AND (nama_out LIKE :key OR ofcode_out LIKE :key)
            ORDER BY nama_out ASC
            LIMIT 20
2026-04-09 10:02:36 - getOutlet.php - Query berhasil, mengembalikan 18 record
2026-04-09 10:02:36 - getOutlet.php - === END REQUEST ===
2026-04-09 03:02:38 - getOutlet.php - === REQUEST GETOUTLET ===
2026-04-09 03:02:38 - getOutlet.php - Method: POST
2026-04-09 03:02:38 - getOutlet.php - POST data: {"tgl":"2026-04-09","encrypt":"ce8d123a9badc46aab7bfac002148c51","id_apl":"APL01","key":"Klinik Ma"}
2026-04-09 10:02:38 - getOutlet.php - Params - tgl: 2026-04-09, encrypt: ce8d123a9badc46aab7bfac002148c51, id_apl: APL01, key: Klinik Ma
2026-04-09 03:02:38 - getOutlet.php - === REQUEST GETOUTLET ===
2026-04-09 03:02:38 - getOutlet.php - Method: POST
2026-04-09 03:02:38 - getOutlet.php - POST data: {"tgl":"2026-04-09","encrypt":"ce8d123a9badc46aab7bfac002148c51","id_apl":"APL01","key":"Klinik Mat"}
2026-04-09 10:02:38 - getOutlet.php - Params - tgl: 2026-04-09, encrypt: ce8d123a9badc46aab7bfac002148c51, id_apl: APL01, key: Klinik Mat
2026-04-09 10:02:38 - getOutlet.php - Aplikasi ditemukan: Ya
2026-04-09 10:02:38 - getOutlet.php - Aplikasi ditemukan: Ya
2026-04-09 10:02:38 - getOutlet.php - Key aplikasi: YbcJSFjkds...
2026-04-09 10:02:38 - getOutlet.php - Expected encrypt: ce8d123a9badc46aab7bfac002148c51
2026-04-09 10:02:38 - getOutlet.php - Received encrypt: ce8d123a9badc46aab7bfac002148c51
2026-04-09 10:02:38 - getOutlet.php - Authentication berhasil
2026-04-09 10:02:38 - getOutlet.php - Key aplikasi: YbcJSFjkds...
2026-04-09 10:02:38 - getOutlet.php - Expected encrypt: ce8d123a9badc46aab7bfac002148c51
2026-04-09 10:02:38 - getOutlet.php - Received encrypt: ce8d123a9badc46aab7bfac002148c51
2026-04-09 10:02:38 - getOutlet.php - Authentication berhasil
2026-04-09 10:02:38 - getOutlet.php - Query: SELECT id_out, nama_out, '' AS alamat_out, ofcode_out
            FROM outlet 
            WHERE status_out IN ('Active', '1', 'active')
            AND (nama_out LIKE :key OR ofcode_out LIKE :key)
            ORDER BY nama_out ASC
            LIMIT 20
2026-04-09 10:02:38 - getOutlet.php - Query berhasil, mengembalikan 17 record
2026-04-09 10:02:38 - getOutlet.php - === END REQUEST ===
2026-04-09 10:02:38 - getOutlet.php - Query: SELECT id_out, nama_out, '' AS alamat_out, ofcode_out
            FROM outlet 
            WHERE status_out IN ('Active', '1', 'active')
            AND (nama_out LIKE :key OR ofcode_out LIKE :key)
            ORDER BY nama_out ASC
            LIMIT 20
2026-04-09 10:02:38 - getOutlet.php - Query berhasil, mengembalikan 17 record
2026-04-09 10:02:38 - getOutlet.php - === END REQUEST ===
2026-04-09 03:02:38 - getOutlet.php - === REQUEST GETOUTLET ===
2026-04-09 03:02:38 - getOutlet.php - Method: POST
2026-04-09 03:02:38 - getOutlet.php - POST data: {"tgl":"2026-04-09","encrypt":"ce8d123a9badc46aab7bfac002148c51","id_apl":"APL01","key":"Klinik Mata"}
2026-04-09 10:02:38 - getOutlet.php - Params - tgl: 2026-04-09, encrypt: ce8d123a9badc46aab7bfac002148c51, id_apl: APL01, key: Klinik Mata
2026-04-09 10:02:38 - getOutlet.php - Aplikasi ditemukan: Ya
2026-04-09 10:02:38 - getOutlet.php - Key aplikasi: YbcJSFjkds...
2026-04-09 10:02:38 - getOutlet.php - Expected encrypt: ce8d123a9badc46aab7bfac002148c51
2026-04-09 10:02:38 - getOutlet.php - Received encrypt: ce8d123a9badc46aab7bfac002148c51
2026-04-09 10:02:38 - getOutlet.php - Authentication berhasil
2026-04-09 10:02:38 - getOutlet.php - Query: SELECT id_out, nama_out, '' AS alamat_out, ofcode_out
            FROM outlet 
            WHERE status_out IN ('Active', '1', 'active')
            AND (nama_out LIKE :key OR ofcode_out LIKE :key)
            ORDER BY nama_out ASC
            LIMIT 20
2026-04-09 10:02:38 - getOutlet.php - Query berhasil, mengembalikan 17 record
2026-04-09 10:02:38 - getOutlet.php - === END REQUEST ===
2026-04-09 03:02:43 - getOutlet.php - === REQUEST GETOUTLET ===
2026-04-09 03:02:43 - getOutlet.php - Method: POST
2026-04-09 03:02:43 - getOutlet.php - POST data: {"tgl":"2026-04-09","encrypt":"ce8d123a9badc46aab7bfac002148c51","id_apl":"APL01","key":"Klinik Mata"}
2026-04-09 10:02:43 - getOutlet.php - Params - tgl: 2026-04-09, encrypt: ce8d123a9badc46aab7bfac002148c51, id_apl: APL01, key: Klinik Mata
2026-04-09 10:02:43 - getOutlet.php - Aplikasi ditemukan: Ya
2026-04-09 10:02:43 - getOutlet.php - Key aplikasi: YbcJSFjkds...
2026-04-09 10:02:43 - getOutlet.php - Expected encrypt: ce8d123a9badc46aab7bfac002148c51
2026-04-09 10:02:43 - getOutlet.php - Received encrypt: ce8d123a9badc46aab7bfac002148c51
2026-04-09 10:02:43 - getOutlet.php - Authentication berhasil
2026-04-09 10:02:43 - getOutlet.php - Query: SELECT id_out, nama_out, '' AS alamat_out, ofcode_out
            FROM outlet 
            WHERE status_out IN ('Active', '1', 'active')
            AND (nama_out LIKE :key OR ofcode_out LIKE :key)
            ORDER BY nama_out ASC
            LIMIT 20
2026-04-09 10:02:43 - getOutlet.php - Query berhasil, mengembalikan 17 record
2026-04-09 10:02:43 - getOutlet.php - === END REQUEST ===
2026-04-09 03:02:45 - getOutlet.php - === REQUEST GETOUTLET ===
2026-04-09 03:02:45 - getOutlet.php - Method: POST
2026-04-09 03:02:45 - getOutlet.php - POST data: {"tgl":"2026-04-09","encrypt":"ce8d123a9badc46aab7bfac002148c51","id_apl":"APL01","key":"Klinik Mata b"}
2026-04-09 10:02:45 - getOutlet.php - Params - tgl: 2026-04-09, encrypt: ce8d123a9badc46aab7bfac002148c51, id_apl: APL01, key: Klinik Mata b
2026-04-09 10:02:45 - getOutlet.php - Aplikasi ditemukan: Ya
2026-04-09 10:02:45 - getOutlet.php - Key aplikasi: YbcJSFjkds...
2026-04-09 10:02:45 - getOutlet.php - Expected encrypt: ce8d123a9badc46aab7bfac002148c51
2026-04-09 10:02:45 - getOutlet.php - Received encrypt: ce8d123a9badc46aab7bfac002148c51
2026-04-09 10:02:45 - getOutlet.php - Authentication berhasil
2026-04-09 10:02:45 - getOutlet.php - Query: SELECT id_out, nama_out, '' AS alamat_out, ofcode_out
            FROM outlet 
            WHERE status_out IN ('Active', '1', 'active')
            AND (nama_out LIKE :key OR ofcode_out LIKE :key)
            ORDER BY nama_out ASC
            LIMIT 20
2026-04-09 10:02:45 - getOutlet.php - Query berhasil, mengembalikan 1 record
2026-04-09 10:02:45 - getOutlet.php - === END REQUEST ===
2026-04-09 03:02:45 - getOutlet.php - === REQUEST GETOUTLET ===
2026-04-09 03:02:45 - getOutlet.php - Method: POST
2026-04-09 03:02:45 - getOutlet.php - POST data: {"tgl":"2026-04-09","encrypt":"ce8d123a9badc46aab7bfac002148c51","id_apl":"APL01","key":"Klinik Mata bo"}
2026-04-09 10:02:45 - getOutlet.php - Params - tgl: 2026-04-09, encrypt: ce8d123a9badc46aab7bfac002148c51, id_apl: APL01, key: Klinik Mata bo
2026-04-09 10:02:45 - getOutlet.php - Aplikasi ditemukan: Ya
2026-04-09 10:02:45 - getOutlet.php - Key aplikasi: YbcJSFjkds...
2026-04-09 10:02:45 - getOutlet.php - Expected encrypt: ce8d123a9badc46aab7bfac002148c51
2026-04-09 10:02:45 - getOutlet.php - Received encrypt: ce8d123a9badc46aab7bfac002148c51
2026-04-09 10:02:45 - getOutlet.php - Authentication berhasil
2026-04-09 10:02:45 - getOutlet.php - Query: SELECT id_out, nama_out, '' AS alamat_out, ofcode_out
            FROM outlet 
            WHERE status_out IN ('Active', '1', 'active')
            AND (nama_out LIKE :key OR ofcode_out LIKE :key)
            ORDER BY nama_out ASC
            LIMIT 20
2026-04-09 10:02:45 - getOutlet.php - Query berhasil, mengembalikan 1 record
2026-04-09 10:02:45 - getOutlet.php - === END REQUEST ===
2026-04-09 03:02:45 - getOutlet.php - === REQUEST GETOUTLET ===
2026-04-09 03:02:45 - getOutlet.php - Method: POST
2026-04-09 03:02:45 - getOutlet.php - POST data: {"tgl":"2026-04-09","encrypt":"ce8d123a9badc46aab7bfac002148c51","id_apl":"APL01","key":"Klinik Mata boy"}
2026-04-09 10:02:45 - getOutlet.php - Params - tgl: 2026-04-09, encrypt: ce8d123a9badc46aab7bfac002148c51, id_apl: APL01, key: Klinik Mata boy
2026-04-09 10:02:45 - getOutlet.php - Aplikasi ditemukan: Ya
2026-04-09 10:02:45 - getOutlet.php - Key aplikasi: YbcJSFjkds...
2026-04-09 10:02:45 - getOutlet.php - Expected encrypt: ce8d123a9badc46aab7bfac002148c51
2026-04-09 10:02:45 - getOutlet.php - Received encrypt: ce8d123a9badc46aab7bfac002148c51
2026-04-09 10:02:45 - getOutlet.php - Authentication berhasil
2026-04-09 10:02:45 - getOutlet.php - Query: SELECT id_out, nama_out, '' AS alamat_out, ofcode_out
            FROM outlet 
            WHERE status_out IN ('Active', '1', 'active')
            AND (nama_out LIKE :key OR ofcode_out LIKE :key)
            ORDER BY nama_out ASC
            LIMIT 20
2026-04-09 10:02:45 - getOutlet.php - Query berhasil, mengembalikan 1 record
2026-04-09 10:02:45 - getOutlet.php - === END REQUEST ===
2026-04-09 03:02:46 - getOutlet.php - === REQUEST GETOUTLET ===
2026-04-09 03:02:46 - getOutlet.php - Method: POST
2026-04-09 03:02:46 - getOutlet.php - POST data: {"tgl":"2026-04-09","encrypt":"ce8d123a9badc46aab7bfac002148c51","id_apl":"APL01","key":"Klinik Mata boyo"}
2026-04-09 10:02:46 - getOutlet.php - Params - tgl: 2026-04-09, encrypt: ce8d123a9badc46aab7bfac002148c51, id_apl: APL01, key: Klinik Mata boyo
2026-04-09 10:02:46 - getOutlet.php - Aplikasi ditemukan: Ya
2026-04-09 10:02:46 - getOutlet.php - Key aplikasi: YbcJSFjkds...
2026-04-09 10:02:46 - getOutlet.php - Expected encrypt: ce8d123a9badc46aab7bfac002148c51
2026-04-09 10:02:46 - getOutlet.php - Received encrypt: ce8d123a9badc46aab7bfac002148c51
2026-04-09 10:02:46 - getOutlet.php - Authentication berhasil
2026-04-09 10:02:46 - getOutlet.php - Query: SELECT id_out, nama_out, '' AS alamat_out, ofcode_out
            FROM outlet 
            WHERE status_out IN ('Active', '1', 'active')
            AND (nama_out LIKE :key OR ofcode_out LIKE :key)
            ORDER BY nama_out ASC
            LIMIT 20
2026-04-09 10:02:46 - getOutlet.php - Query berhasil, mengembalikan 1 record
2026-04-09 10:02:46 - getOutlet.php - === END REQUEST ===
2026-04-09 03:02:46 - getOutlet.php - === REQUEST GETOUTLET ===
2026-04-09 03:02:46 - getOutlet.php - Method: POST
2026-04-09 03:02:46 - getOutlet.php - POST data: {"tgl":"2026-04-09","encrypt":"ce8d123a9badc46aab7bfac002148c51","id_apl":"APL01","key":"Klinik Mata boyol"}
2026-04-09 10:02:46 - getOutlet.php - Params - tgl: 2026-04-09, encrypt: ce8d123a9badc46aab7bfac002148c51, id_apl: APL01, key: Klinik Mata boyol
2026-04-09 10:02:46 - getOutlet.php - Aplikasi ditemukan: Ya
2026-04-09 10:02:46 - getOutlet.php - Key aplikasi: YbcJSFjkds...
2026-04-09 10:02:46 - getOutlet.php - Expected encrypt: ce8d123a9badc46aab7bfac002148c51
2026-04-09 10:02:46 - getOutlet.php - Received encrypt: ce8d123a9badc46aab7bfac002148c51
2026-04-09 10:02:46 - getOutlet.php - Authentication berhasil
2026-04-09 10:02:46 - getOutlet.php - Query: SELECT id_out, nama_out, '' AS alamat_out, ofcode_out
            FROM outlet 
            WHERE status_out IN ('Active', '1', 'active')
            AND (nama_out LIKE :key OR ofcode_out LIKE :key)
            ORDER BY nama_out ASC
            LIMIT 20
2026-04-09 10:02:46 - getOutlet.php - Query berhasil, mengembalikan 1 record
2026-04-09 10:02:46 - getOutlet.php - === END REQUEST ===
2026-04-09 03:02:47 - getOutlet.php - === REQUEST GETOUTLET ===
2026-04-09 03:02:47 - getOutlet.php - Method: POST
2026-04-09 03:02:47 - getOutlet.php - POST data: {"tgl":"2026-04-09","encrypt":"ce8d123a9badc46aab7bfac002148c51","id_apl":"APL01","key":"Klinik Mata boyola"}
2026-04-09 10:02:47 - getOutlet.php - Params - tgl: 2026-04-09, encrypt: ce8d123a9badc46aab7bfac002148c51, id_apl: APL01, key: Klinik Mata boyola
2026-04-09 10:02:47 - getOutlet.php - Aplikasi ditemukan: Ya
2026-04-09 10:02:47 - getOutlet.php - Key aplikasi: YbcJSFjkds...
2026-04-09 10:02:47 - getOutlet.php - Expected encrypt: ce8d123a9badc46aab7bfac002148c51
2026-04-09 10:02:47 - getOutlet.php - Received encrypt: ce8d123a9badc46aab7bfac002148c51
2026-04-09 10:02:47 - getOutlet.php - Authentication berhasil
2026-04-09 10:02:47 - getOutlet.php - Query: SELECT id_out, nama_out, '' AS alamat_out, ofcode_out
            FROM outlet 
            WHERE status_out IN ('Active', '1', 'active')
            AND (nama_out LIKE :key OR ofcode_out LIKE :key)
            ORDER BY nama_out ASC
            LIMIT 20
2026-04-09 10:02:47 - getOutlet.php - Query berhasil, mengembalikan 1 record
2026-04-09 10:02:47 - getOutlet.php - === END REQUEST ===
2026-04-09 03:02:47 - getOutlet.php - === REQUEST GETOUTLET ===
2026-04-09 03:02:47 - getOutlet.php - Method: POST
2026-04-09 03:02:47 - getOutlet.php - POST data: {"tgl":"2026-04-09","encrypt":"ce8d123a9badc46aab7bfac002148c51","id_apl":"APL01","key":"Klinik Mata boyolal"}
2026-04-09 10:02:47 - getOutlet.php - Params - tgl: 2026-04-09, encrypt: ce8d123a9badc46aab7bfac002148c51, id_apl: APL01, key: Klinik Mata boyolal
2026-04-09 10:02:47 - getOutlet.php - Aplikasi ditemukan: Ya
2026-04-09 10:02:47 - getOutlet.php - Key aplikasi: YbcJSFjkds...
2026-04-09 10:02:47 - getOutlet.php - Expected encrypt: ce8d123a9badc46aab7bfac002148c51
2026-04-09 10:02:47 - getOutlet.php - Received encrypt: ce8d123a9badc46aab7bfac002148c51
2026-04-09 10:02:47 - getOutlet.php - Authentication berhasil
2026-04-09 10:02:47 - getOutlet.php - Query: SELECT id_out, nama_out, '' AS alamat_out, ofcode_out
            FROM outlet 
            WHERE status_out IN ('Active', '1', 'active')
            AND (nama_out LIKE :key OR ofcode_out LIKE :key)
            ORDER BY nama_out ASC
            LIMIT 20
2026-04-09 10:02:47 - getOutlet.php - Query berhasil, mengembalikan 1 record
2026-04-09 10:02:47 - getOutlet.php - === END REQUEST ===
2026-04-09 03:02:47 - getOutlet.php - === REQUEST GETOUTLET ===
2026-04-09 03:02:47 - getOutlet.php - Method: POST
2026-04-09 03:02:47 - getOutlet.php - POST data: {"tgl":"2026-04-09","encrypt":"ce8d123a9badc46aab7bfac002148c51","id_apl":"APL01","key":"Klinik Mata boyolali"}
2026-04-09 10:02:47 - getOutlet.php - Params - tgl: 2026-04-09, encrypt: ce8d123a9badc46aab7bfac002148c51, id_apl: APL01, key: Klinik Mata boyolali
2026-04-09 10:02:47 - getOutlet.php - Aplikasi ditemukan: Ya
2026-04-09 10:02:47 - getOutlet.php - Key aplikasi: YbcJSFjkds...
2026-04-09 10:02:47 - getOutlet.php - Expected encrypt: ce8d123a9badc46aab7bfac002148c51
2026-04-09 10:02:47 - getOutlet.php - Received encrypt: ce8d123a9badc46aab7bfac002148c51
2026-04-09 10:02:47 - getOutlet.php - Authentication berhasil
2026-04-09 10:02:47 - getOutlet.php - Query: SELECT id_out, nama_out, '' AS alamat_out, ofcode_out
            FROM outlet 
            WHERE status_out IN ('Active', '1', 'active')
            AND (nama_out LIKE :key OR ofcode_out LIKE :key)
            ORDER BY nama_out ASC
            LIMIT 20
2026-04-09 10:02:47 - getOutlet.php - Query berhasil, mengembalikan 1 record
2026-04-09 10:02:47 - getOutlet.php - === END REQUEST ===
2026-04-09 03:02:49 - getOutlet.php - === REQUEST GETOUTLET ===
2026-04-09 03:02:49 - getOutlet.php - Method: POST
2026-04-09 03:02:49 - getOutlet.php - POST data: {"tgl":"2026-04-09","encrypt":"ce8d123a9badc46aab7bfac002148c51","id_apl":"APL01","key":"Klinik Mata Boyolali"}
2026-04-09 10:02:49 - getOutlet.php - Params - tgl: 2026-04-09, encrypt: ce8d123a9badc46aab7bfac002148c51, id_apl: APL01, key: Klinik Mata Boyolali
2026-04-09 10:02:49 - getOutlet.php - Aplikasi ditemukan: Ya
2026-04-09 10:02:49 - getOutlet.php - Key aplikasi: YbcJSFjkds...
2026-04-09 10:02:49 - getOutlet.php - Expected encrypt: ce8d123a9badc46aab7bfac002148c51
2026-04-09 10:02:49 - getOutlet.php - Received encrypt: ce8d123a9badc46aab7bfac002148c51
2026-04-09 10:02:49 - getOutlet.php - Authentication berhasil
2026-04-09 10:02:49 - getOutlet.php - Query: SELECT id_out, nama_out, '' AS alamat_out, ofcode_out
            FROM outlet 
            WHERE status_out IN ('Active', '1', 'active')
            AND (nama_out LIKE :key OR ofcode_out LIKE :key)
            ORDER BY nama_out ASC
            LIMIT 20
2026-04-09 10:02:49 - getOutlet.php - Query berhasil, mengembalikan 1 record
2026-04-09 10:02:49 - getOutlet.php - === END REQUEST ===
2026-04-09 03:12:42 - getOutlet.php - === REQUEST GETOUTLET ===
2026-04-09 03:12:42 - getOutlet.php - Method: POST
2026-04-09 03:12:42 - getOutlet.php - POST data: {"tgl":"2026-04-09","encrypt":"ce8d123a9badc46aab7bfac002148c51","id_apl":"APL01","key":"Kl"}
2026-04-09 10:12:42 - getOutlet.php - Params - tgl: 2026-04-09, encrypt: ce8d123a9badc46aab7bfac002148c51, id_apl: APL01, key: Kl
2026-04-09 10:12:42 - getOutlet.php - Aplikasi ditemukan: Ya
2026-04-09 10:12:42 - getOutlet.php - Key aplikasi: YbcJSFjkds...
2026-04-09 10:12:42 - getOutlet.php - Expected encrypt: ce8d123a9badc46aab7bfac002148c51
2026-04-09 10:12:42 - getOutlet.php - Received encrypt: ce8d123a9badc46aab7bfac002148c51
2026-04-09 10:12:42 - getOutlet.php - Authentication berhasil
2026-04-09 10:12:42 - getOutlet.php - Query: SELECT id_out, nama_out, '' AS alamat_out, ofcode_out
            FROM outlet 
            WHERE status_out IN ('Active', '1', 'active')
            AND (nama_out LIKE :key OR ofcode_out LIKE :key)
            ORDER BY nama_out ASC
            LIMIT 20
2026-04-09 10:12:42 - getOutlet.php - Query berhasil, mengembalikan 20 record
2026-04-09 10:12:42 - getOutlet.php - === END REQUEST ===
2026-04-09 03:12:42 - getOutlet.php - === REQUEST GETOUTLET ===
2026-04-09 03:12:42 - getOutlet.php - Method: POST
2026-04-09 03:12:42 - getOutlet.php - POST data: {"tgl":"2026-04-09","encrypt":"ce8d123a9badc46aab7bfac002148c51","id_apl":"APL01","key":"Kli"}
2026-04-09 10:12:42 - getOutlet.php - Params - tgl: 2026-04-09, encrypt: ce8d123a9badc46aab7bfac002148c51, id_apl: APL01, key: Kli
2026-04-09 10:12:42 - getOutlet.php - Aplikasi ditemukan: Ya
2026-04-09 10:12:42 - getOutlet.php - Key aplikasi: YbcJSFjkds...
2026-04-09 10:12:42 - getOutlet.php - Expected encrypt: ce8d123a9badc46aab7bfac002148c51
2026-04-09 10:12:42 - getOutlet.php - Received encrypt: ce8d123a9badc46aab7bfac002148c51
2026-04-09 10:12:42 - getOutlet.php - Authentication berhasil
2026-04-09 10:12:42 - getOutlet.php - Query: SELECT id_out, nama_out, '' AS alamat_out, ofcode_out
            FROM outlet 
            WHERE status_out IN ('Active', '1', 'active')
            AND (nama_out LIKE :key OR ofcode_out LIKE :key)
            ORDER BY nama_out ASC
            LIMIT 20
2026-04-09 10:12:42 - getOutlet.php - Query berhasil, mengembalikan 20 record
2026-04-09 10:12:42 - getOutlet.php - === END REQUEST ===
2026-04-09 03:12:43 - getOutlet.php - === REQUEST GETOUTLET ===
2026-04-09 03:12:43 - getOutlet.php - Method: POST
2026-04-09 03:12:43 - getOutlet.php - POST data: {"tgl":"2026-04-09","encrypt":"ce8d123a9badc46aab7bfac002148c51","id_apl":"APL01","key":"Klin"}
2026-04-09 10:12:43 - getOutlet.php - Params - tgl: 2026-04-09, encrypt: ce8d123a9badc46aab7bfac002148c51, id_apl: APL01, key: Klin
2026-04-09 10:12:43 - getOutlet.php - Aplikasi ditemukan: Ya
2026-04-09 10:12:43 - getOutlet.php - Key aplikasi: YbcJSFjkds...
2026-04-09 10:12:43 - getOutlet.php - Expected encrypt: ce8d123a9badc46aab7bfac002148c51
2026-04-09 10:12:43 - getOutlet.php - Received encrypt: ce8d123a9badc46aab7bfac002148c51
2026-04-09 10:12:43 - getOutlet.php - Authentication berhasil
2026-04-09 10:12:43 - getOutlet.php - Query: SELECT id_out, nama_out, '' AS alamat_out, ofcode_out
            FROM outlet 
            WHERE status_out IN ('Active', '1', 'active')
            AND (nama_out LIKE :key OR ofcode_out LIKE :key)
            ORDER BY nama_out ASC
            LIMIT 20
2026-04-09 10:12:43 - getOutlet.php - Query berhasil, mengembalikan 20 record
2026-04-09 10:12:43 - getOutlet.php - === END REQUEST ===
2026-04-09 03:12:43 - getOutlet.php - === REQUEST GETOUTLET ===
2026-04-09 03:12:43 - getOutlet.php - Method: POST
2026-04-09 03:12:43 - getOutlet.php - POST data: {"tgl":"2026-04-09","encrypt":"ce8d123a9badc46aab7bfac002148c51","id_apl":"APL01","key":"Klini"}
2026-04-09 10:12:43 - getOutlet.php - Params - tgl: 2026-04-09, encrypt: ce8d123a9badc46aab7bfac002148c51, id_apl: APL01, key: Klini
2026-04-09 10:12:43 - getOutlet.php - Aplikasi ditemukan: Ya
2026-04-09 10:12:43 - getOutlet.php - Key aplikasi: YbcJSFjkds...
2026-04-09 10:12:43 - getOutlet.php - Expected encrypt: ce8d123a9badc46aab7bfac002148c51
2026-04-09 10:12:43 - getOutlet.php - Received encrypt: ce8d123a9badc46aab7bfac002148c51
2026-04-09 10:12:43 - getOutlet.php - Authentication berhasil
2026-04-09 10:12:43 - getOutlet.php - Query: SELECT id_out, nama_out, '' AS alamat_out, ofcode_out
            FROM outlet 
            WHERE status_out IN ('Active', '1', 'active')
            AND (nama_out LIKE :key OR ofcode_out LIKE :key)
            ORDER BY nama_out ASC
            LIMIT 20
2026-04-09 10:12:43 - getOutlet.php - Query berhasil, mengembalikan 20 record
2026-04-09 10:12:43 - getOutlet.php - === END REQUEST ===
2026-04-09 03:12:43 - getOutlet.php - === REQUEST GETOUTLET ===
2026-04-09 03:12:43 - getOutlet.php - Method: POST
2026-04-09 03:12:43 - getOutlet.php - POST data: {"tgl":"2026-04-09","encrypt":"ce8d123a9badc46aab7bfac002148c51","id_apl":"APL01","key":"Klinik"}
2026-04-09 10:12:43 - getOutlet.php - Params - tgl: 2026-04-09, encrypt: ce8d123a9badc46aab7bfac002148c51, id_apl: APL01, key: Klinik
2026-04-09 10:12:43 - getOutlet.php - Aplikasi ditemukan: Ya
2026-04-09 10:12:43 - getOutlet.php - Key aplikasi: YbcJSFjkds...
2026-04-09 10:12:43 - getOutlet.php - Expected encrypt: ce8d123a9badc46aab7bfac002148c51
2026-04-09 10:12:43 - getOutlet.php - Received encrypt: ce8d123a9badc46aab7bfac002148c51
2026-04-09 10:12:43 - getOutlet.php - Authentication berhasil
2026-04-09 10:12:43 - getOutlet.php - Query: SELECT id_out, nama_out, '' AS alamat_out, ofcode_out
            FROM outlet 
            WHERE status_out IN ('Active', '1', 'active')
            AND (nama_out LIKE :key OR ofcode_out LIKE :key)
            ORDER BY nama_out ASC
            LIMIT 20
2026-04-09 10:12:43 - getOutlet.php - Query berhasil, mengembalikan 20 record
2026-04-09 10:12:43 - getOutlet.php - === END REQUEST ===
2026-04-09 03:12:45 - getOutlet.php - === REQUEST GETOUTLET ===
2026-04-09 03:12:45 - getOutlet.php - Method: POST
2026-04-09 03:12:45 - getOutlet.php - POST data: {"tgl":"2026-04-09","encrypt":"ce8d123a9badc46aab7bfac002148c51","id_apl":"APL01","key":"Klinik"}
2026-04-09 10:12:45 - getOutlet.php - Params - tgl: 2026-04-09, encrypt: ce8d123a9badc46aab7bfac002148c51, id_apl: APL01, key: Klinik
2026-04-09 10:12:45 - getOutlet.php - Aplikasi ditemukan: Ya
2026-04-09 10:12:45 - getOutlet.php - Key aplikasi: YbcJSFjkds...
2026-04-09 10:12:45 - getOutlet.php - Expected encrypt: ce8d123a9badc46aab7bfac002148c51
2026-04-09 10:12:45 - getOutlet.php - Received encrypt: ce8d123a9badc46aab7bfac002148c51
2026-04-09 10:12:45 - getOutlet.php - Authentication berhasil
2026-04-09 10:12:45 - getOutlet.php - Query: SELECT id_out, nama_out, '' AS alamat_out, ofcode_out
            FROM outlet 
            WHERE status_out IN ('Active', '1', 'active')
            AND (nama_out LIKE :key OR ofcode_out LIKE :key)
            ORDER BY nama_out ASC
            LIMIT 20
2026-04-09 10:12:45 - getOutlet.php - Query berhasil, mengembalikan 20 record
2026-04-09 10:12:45 - getOutlet.php - === END REQUEST ===
2026-04-09 03:12:45 - getOutlet.php - === REQUEST GETOUTLET ===
2026-04-09 03:12:45 - getOutlet.php - Method: POST
2026-04-09 03:12:45 - getOutlet.php - POST data: {"tgl":"2026-04-09","encrypt":"ce8d123a9badc46aab7bfac002148c51","id_apl":"APL01","key":"Klinik M"}
2026-04-09 10:12:45 - getOutlet.php - Params - tgl: 2026-04-09, encrypt: ce8d123a9badc46aab7bfac002148c51, id_apl: APL01, key: Klinik M
2026-04-09 10:12:45 - getOutlet.php - Aplikasi ditemukan: Ya
2026-04-09 10:12:45 - getOutlet.php - Key aplikasi: YbcJSFjkds...
2026-04-09 10:12:45 - getOutlet.php - Expected encrypt: ce8d123a9badc46aab7bfac002148c51
2026-04-09 10:12:45 - getOutlet.php - Received encrypt: ce8d123a9badc46aab7bfac002148c51
2026-04-09 10:12:45 - getOutlet.php - Authentication berhasil
2026-04-09 10:12:45 - getOutlet.php - Query: SELECT id_out, nama_out, '' AS alamat_out, ofcode_out
            FROM outlet 
            WHERE status_out IN ('Active', '1', 'active')
            AND (nama_out LIKE :key OR ofcode_out LIKE :key)
            ORDER BY nama_out ASC
            LIMIT 20
2026-04-09 10:12:45 - getOutlet.php - Query berhasil, mengembalikan 18 record
2026-04-09 10:12:45 - getOutlet.php - === END REQUEST ===
2026-04-09 03:12:46 - getOutlet.php - === REQUEST GETOUTLET ===
2026-04-09 03:12:46 - getOutlet.php - Method: POST
2026-04-09 03:12:46 - getOutlet.php - POST data: {"tgl":"2026-04-09","encrypt":"ce8d123a9badc46aab7bfac002148c51","id_apl":"APL01","key":"Klinik Ma"}
2026-04-09 10:12:46 - getOutlet.php - Params - tgl: 2026-04-09, encrypt: ce8d123a9badc46aab7bfac002148c51, id_apl: APL01, key: Klinik Ma
2026-04-09 10:12:46 - getOutlet.php - Aplikasi ditemukan: Ya
2026-04-09 10:12:46 - getOutlet.php - Key aplikasi: YbcJSFjkds...
2026-04-09 10:12:46 - getOutlet.php - Expected encrypt: ce8d123a9badc46aab7bfac002148c51
2026-04-09 10:12:46 - getOutlet.php - Received encrypt: ce8d123a9badc46aab7bfac002148c51
2026-04-09 10:12:46 - getOutlet.php - Authentication berhasil
2026-04-09 10:12:46 - getOutlet.php - Query: SELECT id_out, nama_out, '' AS alamat_out, ofcode_out
            FROM outlet 
            WHERE status_out IN ('Active', '1', 'active')
            AND (nama_out LIKE :key OR ofcode_out LIKE :key)
            ORDER BY nama_out ASC
            LIMIT 20
2026-04-09 10:12:46 - getOutlet.php - Query berhasil, mengembalikan 17 record
2026-04-09 10:12:46 - getOutlet.php - === END REQUEST ===
2026-04-09 03:12:46 - getOutlet.php - === REQUEST GETOUTLET ===
2026-04-09 03:12:46 - getOutlet.php - Method: POST
2026-04-09 03:12:46 - getOutlet.php - POST data: {"tgl":"2026-04-09","encrypt":"ce8d123a9badc46aab7bfac002148c51","id_apl":"APL01","key":"Klinik Mat"}
2026-04-09 10:12:46 - getOutlet.php - Params - tgl: 2026-04-09, encrypt: ce8d123a9badc46aab7bfac002148c51, id_apl: APL01, key: Klinik Mat
2026-04-09 10:12:46 - getOutlet.php - Aplikasi ditemukan: Ya
2026-04-09 10:12:46 - getOutlet.php - Key aplikasi: YbcJSFjkds...
2026-04-09 10:12:46 - getOutlet.php - Expected encrypt: ce8d123a9badc46aab7bfac002148c51
2026-04-09 10:12:46 - getOutlet.php - Received encrypt: ce8d123a9badc46aab7bfac002148c51
2026-04-09 10:12:46 - getOutlet.php - Authentication berhasil
2026-04-09 10:12:46 - getOutlet.php - Query: SELECT id_out, nama_out, '' AS alamat_out, ofcode_out
            FROM outlet 
            WHERE status_out IN ('Active', '1', 'active')
            AND (nama_out LIKE :key OR ofcode_out LIKE :key)
            ORDER BY nama_out ASC
            LIMIT 20
2026-04-09 10:12:46 - getOutlet.php - Query berhasil, mengembalikan 17 record
2026-04-09 10:12:46 - getOutlet.php - === END REQUEST ===
2026-04-09 03:12:46 - getOutlet.php - === REQUEST GETOUTLET ===
2026-04-09 03:12:46 - getOutlet.php - Method: POST
2026-04-09 03:12:46 - getOutlet.php - POST data: {"tgl":"2026-04-09","encrypt":"ce8d123a9badc46aab7bfac002148c51","id_apl":"APL01","key":"Klinik Mata"}
2026-04-09 10:12:46 - getOutlet.php - Params - tgl: 2026-04-09, encrypt: ce8d123a9badc46aab7bfac002148c51, id_apl: APL01, key: Klinik Mata
2026-04-09 10:12:46 - getOutlet.php - Aplikasi ditemukan: Ya
2026-04-09 10:12:46 - getOutlet.php - Key aplikasi: YbcJSFjkds...
2026-04-09 10:12:46 - getOutlet.php - Expected encrypt: ce8d123a9badc46aab7bfac002148c51
2026-04-09 10:12:46 - getOutlet.php - Received encrypt: ce8d123a9badc46aab7bfac002148c51
2026-04-09 10:12:46 - getOutlet.php - Authentication berhasil
2026-04-09 10:12:46 - getOutlet.php - Query: SELECT id_out, nama_out, '' AS alamat_out, ofcode_out
            FROM outlet 
            WHERE status_out IN ('Active', '1', 'active')
            AND (nama_out LIKE :key OR ofcode_out LIKE :key)
            ORDER BY nama_out ASC
            LIMIT 20
2026-04-09 10:12:46 - getOutlet.php - Query berhasil, mengembalikan 17 record
2026-04-09 10:12:46 - getOutlet.php - === END REQUEST ===
2026-04-09 03:12:47 - getOutlet.php - === REQUEST GETOUTLET ===
2026-04-09 03:12:47 - getOutlet.php - Method: POST
2026-04-09 03:12:47 - getOutlet.php - POST data: {"tgl":"2026-04-09","encrypt":"ce8d123a9badc46aab7bfac002148c51","id_apl":"APL01","key":"Klinik Mata"}
2026-04-09 10:12:47 - getOutlet.php - Params - tgl: 2026-04-09, encrypt: ce8d123a9badc46aab7bfac002148c51, id_apl: APL01, key: Klinik Mata
2026-04-09 10:12:47 - getOutlet.php - Aplikasi ditemukan: Ya
2026-04-09 10:12:47 - getOutlet.php - Key aplikasi: YbcJSFjkds...
2026-04-09 10:12:47 - getOutlet.php - Expected encrypt: ce8d123a9badc46aab7bfac002148c51
2026-04-09 10:12:47 - getOutlet.php - Received encrypt: ce8d123a9badc46aab7bfac002148c51
2026-04-09 10:12:47 - getOutlet.php - Authentication berhasil
2026-04-09 10:12:47 - getOutlet.php - Query: SELECT id_out, nama_out, '' AS alamat_out, ofcode_out
            FROM outlet 
            WHERE status_out IN ('Active', '1', 'active')
            AND (nama_out LIKE :key OR ofcode_out LIKE :key)
            ORDER BY nama_out ASC
            LIMIT 20
2026-04-09 10:12:47 - getOutlet.php - Query berhasil, mengembalikan 17 record
2026-04-09 10:12:47 - getOutlet.php - === END REQUEST ===
2026-04-09 03:12:48 - getOutlet.php - === REQUEST GETOUTLET ===
2026-04-09 03:12:48 - getOutlet.php - Method: POST
2026-04-09 03:12:48 - getOutlet.php - POST data: {"tgl":"2026-04-09","encrypt":"ce8d123a9badc46aab7bfac002148c51","id_apl":"APL01","key":"Klinik Mata O"}
2026-04-09 10:12:48 - getOutlet.php - Params - tgl: 2026-04-09, encrypt: ce8d123a9badc46aab7bfac002148c51, id_apl: APL01, key: Klinik Mata O
2026-04-09 10:12:48 - getOutlet.php - Aplikasi ditemukan: Ya
2026-04-09 10:12:48 - getOutlet.php - Key aplikasi: YbcJSFjkds...
2026-04-09 10:12:48 - getOutlet.php - Expected encrypt: ce8d123a9badc46aab7bfac002148c51
2026-04-09 10:12:48 - getOutlet.php - Received encrypt: ce8d123a9badc46aab7bfac002148c51
2026-04-09 10:12:48 - getOutlet.php - Authentication berhasil
2026-04-09 10:12:48 - getOutlet.php - Query: SELECT id_out, nama_out, '' AS alamat_out, ofcode_out
            FROM outlet 
            WHERE status_out IN ('Active', '1', 'active')
            AND (nama_out LIKE :key OR ofcode_out LIKE :key)
            ORDER BY nama_out ASC
            LIMIT 20
2026-04-09 10:12:48 - getOutlet.php - Query berhasil, mengembalikan 1 record
2026-04-09 10:12:48 - getOutlet.php - === END REQUEST ===
2026-04-09 03:12:48 - getOutlet.php - === REQUEST GETOUTLET ===
2026-04-09 03:12:48 - getOutlet.php - Method: POST
2026-04-09 03:12:48 - getOutlet.php - POST data: {"tgl":"2026-04-09","encrypt":"ce8d123a9badc46aab7bfac002148c51","id_apl":"APL01","key":"Klinik Mata OR"}
2026-04-09 10:12:48 - getOutlet.php - Params - tgl: 2026-04-09, encrypt: ce8d123a9badc46aab7bfac002148c51, id_apl: APL01, key: Klinik Mata OR
2026-04-09 10:12:48 - getOutlet.php - Aplikasi ditemukan: Ya
2026-04-09 10:12:48 - getOutlet.php - Key aplikasi: YbcJSFjkds...
2026-04-09 10:12:48 - getOutlet.php - Expected encrypt: ce8d123a9badc46aab7bfac002148c51
2026-04-09 10:12:48 - getOutlet.php - Received encrypt: ce8d123a9badc46aab7bfac002148c51
2026-04-09 10:12:48 - getOutlet.php - Authentication berhasil
2026-04-09 10:12:48 - getOutlet.php - Query: SELECT id_out, nama_out, '' AS alamat_out, ofcode_out
            FROM outlet 
            WHERE status_out IN ('Active', '1', 'active')
            AND (nama_out LIKE :key OR ofcode_out LIKE :key)
            ORDER BY nama_out ASC
            LIMIT 20
2026-04-09 10:12:48 - getOutlet.php - Query berhasil, mengembalikan 1 record
2026-04-09 10:12:48 - getOutlet.php - === END REQUEST ===
2026-04-09 03:12:50 - getOutlet.php - === REQUEST GETOUTLET ===
2026-04-09 03:12:50 - getOutlet.php - Method: POST
2026-04-09 03:12:50 - getOutlet.php - POST data: {"tgl":"2026-04-09","encrypt":"ce8d123a9badc46aab7bfac002148c51","id_apl":"APL01","key":"Klinik Mata O"}
2026-04-09 10:12:50 - getOutlet.php - Params - tgl: 2026-04-09, encrypt: ce8d123a9badc46aab7bfac002148c51, id_apl: APL01, key: Klinik Mata O
2026-04-09 10:12:50 - getOutlet.php - Aplikasi ditemukan: Ya
2026-04-09 10:12:50 - getOutlet.php - Key aplikasi: YbcJSFjkds...
2026-04-09 10:12:50 - getOutlet.php - Expected encrypt: ce8d123a9badc46aab7bfac002148c51
2026-04-09 10:12:50 - getOutlet.php - Received encrypt: ce8d123a9badc46aab7bfac002148c51
2026-04-09 10:12:50 - getOutlet.php - Authentication berhasil
2026-04-09 10:12:50 - getOutlet.php - Query: SELECT id_out, nama_out, '' AS alamat_out, ofcode_out
            FROM outlet 
            WHERE status_out IN ('Active', '1', 'active')
            AND (nama_out LIKE :key OR ofcode_out LIKE :key)
            ORDER BY nama_out ASC
            LIMIT 20
2026-04-09 10:12:50 - getOutlet.php - Query berhasil, mengembalikan 1 record
2026-04-09 10:12:50 - getOutlet.php - === END REQUEST ===
2026-04-09 03:12:51 - getOutlet.php - === REQUEST GETOUTLET ===
2026-04-09 03:12:51 - getOutlet.php - Method: POST
2026-04-09 03:12:51 - getOutlet.php - POST data: {"tgl":"2026-04-09","encrypt":"ce8d123a9badc46aab7bfac002148c51","id_apl":"APL01","key":"Klinik Mata Or"}
2026-04-09 10:12:51 - getOutlet.php - Params - tgl: 2026-04-09, encrypt: ce8d123a9badc46aab7bfac002148c51, id_apl: APL01, key: Klinik Mata Or
2026-04-09 10:12:51 - getOutlet.php - Aplikasi ditemukan: Ya
2026-04-09 10:12:51 - getOutlet.php - Key aplikasi: YbcJSFjkds...
2026-04-09 10:12:51 - getOutlet.php - Expected encrypt: ce8d123a9badc46aab7bfac002148c51
2026-04-09 10:12:51 - getOutlet.php - Received encrypt: ce8d123a9badc46aab7bfac002148c51
2026-04-09 10:12:51 - getOutlet.php - Authentication berhasil
2026-04-09 10:12:51 - getOutlet.php - Query: SELECT id_out, nama_out, '' AS alamat_out, ofcode_out
            FROM outlet 
            WHERE status_out IN ('Active', '1', 'active')
            AND (nama_out LIKE :key OR ofcode_out LIKE :key)
            ORDER BY nama_out ASC
            LIMIT 20
2026-04-09 10:12:51 - getOutlet.php - Query berhasil, mengembalikan 1 record
2026-04-09 10:12:51 - getOutlet.php - === END REQUEST ===
2026-04-09 03:12:52 - getOutlet.php - === REQUEST GETOUTLET ===
2026-04-09 03:12:52 - getOutlet.php - Method: POST
2026-04-09 03:12:52 - getOutlet.php - POST data: {"tgl":"2026-04-09","encrypt":"ce8d123a9badc46aab7bfac002148c51","id_apl":"APL01","key":"Klinik Mata Orb"}
2026-04-09 10:12:52 - getOutlet.php - Params - tgl: 2026-04-09, encrypt: ce8d123a9badc46aab7bfac002148c51, id_apl: APL01, key: Klinik Mata Orb
2026-04-09 10:12:52 - getOutlet.php - Aplikasi ditemukan: Ya
2026-04-09 10:12:52 - getOutlet.php - Key aplikasi: YbcJSFjkds...
2026-04-09 10:12:52 - getOutlet.php - Expected encrypt: ce8d123a9badc46aab7bfac002148c51
2026-04-09 10:12:52 - getOutlet.php - Received encrypt: ce8d123a9badc46aab7bfac002148c51
2026-04-09 10:12:52 - getOutlet.php - Authentication berhasil
2026-04-09 10:12:52 - getOutlet.php - Query: SELECT id_out, nama_out, '' AS alamat_out, ofcode_out
            FROM outlet 
            WHERE status_out IN ('Active', '1', 'active')
            AND (nama_out LIKE :key OR ofcode_out LIKE :key)
            ORDER BY nama_out ASC
            LIMIT 20
2026-04-09 10:12:52 - getOutlet.php - Query berhasil, mengembalikan 1 record
2026-04-09 10:12:52 - getOutlet.php - === END REQUEST ===
2026-04-09 03:12:52 - getOutlet.php - === REQUEST GETOUTLET ===
2026-04-09 03:12:52 - getOutlet.php - Method: POST
2026-04-09 03:12:52 - getOutlet.php - POST data: {"tgl":"2026-04-09","encrypt":"ce8d123a9badc46aab7bfac002148c51","id_apl":"APL01","key":"Klinik Mata Orbi"}
2026-04-09 10:12:52 - getOutlet.php - Params - tgl: 2026-04-09, encrypt: ce8d123a9badc46aab7bfac002148c51, id_apl: APL01, key: Klinik Mata Orbi
2026-04-09 10:12:52 - getOutlet.php - Aplikasi ditemukan: Ya
2026-04-09 10:12:52 - getOutlet.php - Key aplikasi: YbcJSFjkds...
2026-04-09 10:12:52 - getOutlet.php - Expected encrypt: ce8d123a9badc46aab7bfac002148c51
2026-04-09 10:12:52 - getOutlet.php - Received encrypt: ce8d123a9badc46aab7bfac002148c51
2026-04-09 10:12:52 - getOutlet.php - Authentication berhasil
2026-04-09 10:12:52 - getOutlet.php - Query: SELECT id_out, nama_out, '' AS alamat_out, ofcode_out
            FROM outlet 
            WHERE status_out IN ('Active', '1', 'active')
            AND (nama_out LIKE :key OR ofcode_out LIKE :key)
            ORDER BY nama_out ASC
            LIMIT 20
2026-04-09 10:12:52 - getOutlet.php - Query berhasil, mengembalikan 1 record
2026-04-09 10:12:52 - getOutlet.php - === END REQUEST ===
2026-04-09 03:12:53 - getOutlet.php - === REQUEST GETOUTLET ===
2026-04-09 03:12:53 - getOutlet.php - Method: POST
2026-04-09 03:12:53 - getOutlet.php - POST data: {"tgl":"2026-04-09","encrypt":"ce8d123a9badc46aab7bfac002148c51","id_apl":"APL01","key":"Klinik Mata Orbit"}
2026-04-09 10:12:53 - getOutlet.php - Params - tgl: 2026-04-09, encrypt: ce8d123a9badc46aab7bfac002148c51, id_apl: APL01, key: Klinik Mata Orbit
2026-04-09 10:12:53 - getOutlet.php - Aplikasi ditemukan: Ya
2026-04-09 10:12:53 - getOutlet.php - Key aplikasi: YbcJSFjkds...
2026-04-09 10:12:53 - getOutlet.php - Expected encrypt: ce8d123a9badc46aab7bfac002148c51
2026-04-09 10:12:53 - getOutlet.php - Received encrypt: ce8d123a9badc46aab7bfac002148c51
2026-04-09 10:12:53 - getOutlet.php - Authentication berhasil
2026-04-09 10:12:53 - getOutlet.php - Query: SELECT id_out, nama_out, '' AS alamat_out, ofcode_out
            FROM outlet 
            WHERE status_out IN ('Active', '1', 'active')
            AND (nama_out LIKE :key OR ofcode_out LIKE :key)
            ORDER BY nama_out ASC
            LIMIT 20
2026-04-09 10:12:53 - getOutlet.php - Query berhasil, mengembalikan 1 record
2026-04-09 10:12:53 - getOutlet.php - === END REQUEST ===
2026-04-09 03:12:53 - getOutlet.php - === REQUEST GETOUTLET ===
2026-04-09 03:12:53 - getOutlet.php - Method: POST
2026-04-09 03:12:53 - getOutlet.php - POST data: {"tgl":"2026-04-09","encrypt":"ce8d123a9badc46aab7bfac002148c51","id_apl":"APL01","key":"Klinik Mata Orbita"}
2026-04-09 10:12:53 - getOutlet.php - Params - tgl: 2026-04-09, encrypt: ce8d123a9badc46aab7bfac002148c51, id_apl: APL01, key: Klinik Mata Orbita
2026-04-09 10:12:53 - getOutlet.php - Aplikasi ditemukan: Ya
2026-04-09 10:12:53 - getOutlet.php - Key aplikasi: YbcJSFjkds...
2026-04-09 10:12:53 - getOutlet.php - Expected encrypt: ce8d123a9badc46aab7bfac002148c51
2026-04-09 10:12:53 - getOutlet.php - Received encrypt: ce8d123a9badc46aab7bfac002148c51
2026-04-09 10:12:53 - getOutlet.php - Authentication berhasil
2026-04-09 10:12:53 - getOutlet.php - Query: SELECT id_out, nama_out, '' AS alamat_out, ofcode_out
            FROM outlet 
            WHERE status_out IN ('Active', '1', 'active')
            AND (nama_out LIKE :key OR ofcode_out LIKE :key)
            ORDER BY nama_out ASC
            LIMIT 20
2026-04-09 10:12:53 - getOutlet.php - Query berhasil, mengembalikan 1 record
2026-04-09 10:12:53 - getOutlet.php - === END REQUEST ===
2026-04-09 03:12:55 - getOutlet.php - === REQUEST GETOUTLET ===
2026-04-09 03:12:55 - getOutlet.php - Method: POST
2026-04-09 03:12:55 - getOutlet.php - POST data: {"tgl":"2026-04-09","encrypt":"ce8d123a9badc46aab7bfac002148c51","id_apl":"APL01","key":"Klinik Mata Orbita"}
2026-04-09 10:12:55 - getOutlet.php - Params - tgl: 2026-04-09, encrypt: ce8d123a9badc46aab7bfac002148c51, id_apl: APL01, key: Klinik Mata Orbita
2026-04-09 10:12:55 - getOutlet.php - Aplikasi ditemukan: Ya
2026-04-09 10:12:55 - getOutlet.php - Key aplikasi: YbcJSFjkds...
2026-04-09 10:12:55 - getOutlet.php - Expected encrypt: ce8d123a9badc46aab7bfac002148c51
2026-04-09 10:12:55 - getOutlet.php - Received encrypt: ce8d123a9badc46aab7bfac002148c51
2026-04-09 10:12:55 - getOutlet.php - Authentication berhasil
2026-04-09 10:12:55 - getOutlet.php - Query: SELECT id_out, nama_out, '' AS alamat_out, ofcode_out
            FROM outlet 
            WHERE status_out IN ('Active', '1', 'active')
            AND (nama_out LIKE :key OR ofcode_out LIKE :key)
            ORDER BY nama_out ASC
            LIMIT 20
2026-04-09 10:12:55 - getOutlet.php - Query berhasil, mengembalikan 1 record
2026-04-09 10:12:55 - getOutlet.php - === END REQUEST ===
2026-04-09 03:24:48 - getOutlet.php - === REQUEST GETOUTLET ===
2026-04-09 03:24:48 - getOutlet.php - Method: POST
2026-04-09 03:24:48 - getOutlet.php - POST data: {"tgl":"2026-04-09","encrypt":"ce8d123a9badc46aab7bfac002148c51","id_apl":"APL01","key":"Kl"}
2026-04-09 10:24:48 - getOutlet.php - Params - tgl: 2026-04-09, encrypt: ce8d123a9badc46aab7bfac002148c51, id_apl: APL01, key: Kl
2026-04-09 10:24:48 - getOutlet.php - Aplikasi ditemukan: Ya
2026-04-09 10:24:48 - getOutlet.php - Key aplikasi: YbcJSFjkds...
2026-04-09 10:24:48 - getOutlet.php - Expected encrypt: ce8d123a9badc46aab7bfac002148c51
2026-04-09 10:24:48 - getOutlet.php - Received encrypt: ce8d123a9badc46aab7bfac002148c51
2026-04-09 10:24:48 - getOutlet.php - Authentication berhasil
2026-04-09 10:24:48 - getOutlet.php - Query: SELECT id_out, nama_out, '' AS alamat_out, ofcode_out
            FROM outlet 
            WHERE status_out IN ('Active', '1', 'active')
            AND (nama_out LIKE :key OR ofcode_out LIKE :key)
            ORDER BY nama_out ASC
            LIMIT 20
2026-04-09 10:24:48 - getOutlet.php - Query berhasil, mengembalikan 20 record
2026-04-09 10:24:48 - getOutlet.php - === END REQUEST ===
2026-04-09 03:24:49 - getOutlet.php - === REQUEST GETOUTLET ===
2026-04-09 03:24:49 - getOutlet.php - Method: POST
2026-04-09 03:24:49 - getOutlet.php - POST data: {"tgl":"2026-04-09","encrypt":"ce8d123a9badc46aab7bfac002148c51","id_apl":"APL01","key":"Kli"}
2026-04-09 10:24:49 - getOutlet.php - Params - tgl: 2026-04-09, encrypt: ce8d123a9badc46aab7bfac002148c51, id_apl: APL01, key: Kli
2026-04-09 10:24:49 - getOutlet.php - Aplikasi ditemukan: Ya
2026-04-09 10:24:49 - getOutlet.php - Key aplikasi: YbcJSFjkds...
2026-04-09 10:24:49 - getOutlet.php - Expected encrypt: ce8d123a9badc46aab7bfac002148c51
2026-04-09 10:24:49 - getOutlet.php - Received encrypt: ce8d123a9badc46aab7bfac002148c51
2026-04-09 10:24:49 - getOutlet.php - Authentication berhasil
2026-04-09 10:24:49 - getOutlet.php - Query: SELECT id_out, nama_out, '' AS alamat_out, ofcode_out
            FROM outlet 
            WHERE status_out IN ('Active', '1', 'active')
            AND (nama_out LIKE :key OR ofcode_out LIKE :key)
            ORDER BY nama_out ASC
            LIMIT 20
2026-04-09 10:24:49 - getOutlet.php - Query berhasil, mengembalikan 20 record
2026-04-09 10:24:49 - getOutlet.php - === END REQUEST ===
2026-04-09 03:24:49 - getOutlet.php - === REQUEST GETOUTLET ===
2026-04-09 03:24:49 - getOutlet.php - Method: POST
2026-04-09 03:24:49 - getOutlet.php - POST data: {"tgl":"2026-04-09","encrypt":"ce8d123a9badc46aab7bfac002148c51","id_apl":"APL01","key":"Klin"}
2026-04-09 10:24:49 - getOutlet.php - Params - tgl: 2026-04-09, encrypt: ce8d123a9badc46aab7bfac002148c51, id_apl: APL01, key: Klin
2026-04-09 10:24:49 - getOutlet.php - Aplikasi ditemukan: Ya
2026-04-09 10:24:49 - getOutlet.php - Key aplikasi: YbcJSFjkds...
2026-04-09 10:24:49 - getOutlet.php - Expected encrypt: ce8d123a9badc46aab7bfac002148c51
2026-04-09 10:24:49 - getOutlet.php - Received encrypt: ce8d123a9badc46aab7bfac002148c51
2026-04-09 10:24:49 - getOutlet.php - Authentication berhasil
2026-04-09 10:24:49 - getOutlet.php - Query: SELECT id_out, nama_out, '' AS alamat_out, ofcode_out
            FROM outlet 
            WHERE status_out IN ('Active', '1', 'active')
            AND (nama_out LIKE :key OR ofcode_out LIKE :key)
            ORDER BY nama_out ASC
            LIMIT 20
2026-04-09 10:24:49 - getOutlet.php - Query berhasil, mengembalikan 20 record
2026-04-09 10:24:49 - getOutlet.php - === END REQUEST ===
2026-04-09 03:24:49 - getOutlet.php - === REQUEST GETOUTLET ===
2026-04-09 03:24:49 - getOutlet.php - Method: POST
2026-04-09 03:24:49 - getOutlet.php - POST data: {"tgl":"2026-04-09","encrypt":"ce8d123a9badc46aab7bfac002148c51","id_apl":"APL01","key":"Klini"}
2026-04-09 10:24:49 - getOutlet.php - Params - tgl: 2026-04-09, encrypt: ce8d123a9badc46aab7bfac002148c51, id_apl: APL01, key: Klini
2026-04-09 10:24:49 - getOutlet.php - Aplikasi ditemukan: Ya
2026-04-09 10:24:49 - getOutlet.php - Key aplikasi: YbcJSFjkds...
2026-04-09 10:24:49 - getOutlet.php - Expected encrypt: ce8d123a9badc46aab7bfac002148c51
2026-04-09 10:24:49 - getOutlet.php - Received encrypt: ce8d123a9badc46aab7bfac002148c51
2026-04-09 10:24:49 - getOutlet.php - Authentication berhasil
2026-04-09 10:24:49 - getOutlet.php - Query: SELECT id_out, nama_out, '' AS alamat_out, ofcode_out
            FROM outlet 
            WHERE status_out IN ('Active', '1', 'active')
            AND (nama_out LIKE :key OR ofcode_out LIKE :key)
            ORDER BY nama_out ASC
            LIMIT 20
2026-04-09 10:24:49 - getOutlet.php - Query berhasil, mengembalikan 20 record
2026-04-09 10:24:49 - getOutlet.php - === END REQUEST ===
2026-04-09 03:24:49 - getOutlet.php - === REQUEST GETOUTLET ===
2026-04-09 03:24:49 - getOutlet.php - Method: POST
2026-04-09 03:24:49 - getOutlet.php - POST data: {"tgl":"2026-04-09","encrypt":"ce8d123a9badc46aab7bfac002148c51","id_apl":"APL01","key":"Klinik"}
2026-04-09 10:24:49 - getOutlet.php - Params - tgl: 2026-04-09, encrypt: ce8d123a9badc46aab7bfac002148c51, id_apl: APL01, key: Klinik
2026-04-09 10:24:49 - getOutlet.php - Aplikasi ditemukan: Ya
2026-04-09 10:24:49 - getOutlet.php - Key aplikasi: YbcJSFjkds...
2026-04-09 10:24:49 - getOutlet.php - Expected encrypt: ce8d123a9badc46aab7bfac002148c51
2026-04-09 10:24:49 - getOutlet.php - Received encrypt: ce8d123a9badc46aab7bfac002148c51
2026-04-09 10:24:49 - getOutlet.php - Authentication berhasil
2026-04-09 10:24:49 - getOutlet.php - Query: SELECT id_out, nama_out, '' AS alamat_out, ofcode_out
            FROM outlet 
            WHERE status_out IN ('Active', '1', 'active')
            AND (nama_out LIKE :key OR ofcode_out LIKE :key)
            ORDER BY nama_out ASC
            LIMIT 20
2026-04-09 10:24:49 - getOutlet.php - Query berhasil, mengembalikan 20 record
2026-04-09 10:24:49 - getOutlet.php - === END REQUEST ===
2026-04-09 03:24:50 - getOutlet.php - === REQUEST GETOUTLET ===
2026-04-09 03:24:50 - getOutlet.php - Method: POST
2026-04-09 03:24:50 - getOutlet.php - POST data: {"tgl":"2026-04-09","encrypt":"ce8d123a9badc46aab7bfac002148c51","id_apl":"APL01","key":"Klinik"}
2026-04-09 10:24:50 - getOutlet.php - Params - tgl: 2026-04-09, encrypt: ce8d123a9badc46aab7bfac002148c51, id_apl: APL01, key: Klinik
2026-04-09 10:24:50 - getOutlet.php - Aplikasi ditemukan: Ya
2026-04-09 10:24:50 - getOutlet.php - Key aplikasi: YbcJSFjkds...
2026-04-09 10:24:50 - getOutlet.php - Expected encrypt: ce8d123a9badc46aab7bfac002148c51
2026-04-09 10:24:50 - getOutlet.php - Received encrypt: ce8d123a9badc46aab7bfac002148c51
2026-04-09 10:24:50 - getOutlet.php - Authentication berhasil
2026-04-09 10:24:50 - getOutlet.php - Query: SELECT id_out, nama_out, '' AS alamat_out, ofcode_out
            FROM outlet 
            WHERE status_out IN ('Active', '1', 'active')
            AND (nama_out LIKE :key OR ofcode_out LIKE :key)
            ORDER BY nama_out ASC
            LIMIT 20
2026-04-09 10:24:50 - getOutlet.php - Query berhasil, mengembalikan 20 record
2026-04-09 10:24:50 - getOutlet.php - === END REQUEST ===
2026-04-09 03:24:51 - getOutlet.php - === REQUEST GETOUTLET ===
2026-04-09 03:24:51 - getOutlet.php - Method: POST
2026-04-09 03:24:51 - getOutlet.php - POST data: {"tgl":"2026-04-09","encrypt":"ce8d123a9badc46aab7bfac002148c51","id_apl":"APL01","key":"Klinik m"}
2026-04-09 10:24:51 - getOutlet.php - Params - tgl: 2026-04-09, encrypt: ce8d123a9badc46aab7bfac002148c51, id_apl: APL01, key: Klinik m
2026-04-09 10:24:51 - getOutlet.php - Aplikasi ditemukan: Ya
2026-04-09 10:24:51 - getOutlet.php - Key aplikasi: YbcJSFjkds...
2026-04-09 10:24:51 - getOutlet.php - Expected encrypt: ce8d123a9badc46aab7bfac002148c51
2026-04-09 10:24:51 - getOutlet.php - Received encrypt: ce8d123a9badc46aab7bfac002148c51
2026-04-09 10:24:51 - getOutlet.php - Authentication berhasil
2026-04-09 10:24:51 - getOutlet.php - Query: SELECT id_out, nama_out, '' AS alamat_out, ofcode_out
            FROM outlet 
            WHERE status_out IN ('Active', '1', 'active')
            AND (nama_out LIKE :key OR ofcode_out LIKE :key)
            ORDER BY nama_out ASC
            LIMIT 20
2026-04-09 10:24:51 - getOutlet.php - Query berhasil, mengembalikan 18 record
2026-04-09 10:24:51 - getOutlet.php - === END REQUEST ===
2026-04-09 03:24:51 - getOutlet.php - === REQUEST GETOUTLET ===
2026-04-09 03:24:51 - getOutlet.php - Method: POST
2026-04-09 03:24:51 - getOutlet.php - POST data: {"tgl":"2026-04-09","encrypt":"ce8d123a9badc46aab7bfac002148c51","id_apl":"APL01","key":"Klinik ma"}
2026-04-09 10:24:51 - getOutlet.php - Params - tgl: 2026-04-09, encrypt: ce8d123a9badc46aab7bfac002148c51, id_apl: APL01, key: Klinik ma
2026-04-09 10:24:51 - getOutlet.php - Aplikasi ditemukan: Ya
2026-04-09 10:24:51 - getOutlet.php - Key aplikasi: YbcJSFjkds...
2026-04-09 10:24:51 - getOutlet.php - Expected encrypt: ce8d123a9badc46aab7bfac002148c51
2026-04-09 10:24:51 - getOutlet.php - Received encrypt: ce8d123a9badc46aab7bfac002148c51
2026-04-09 10:24:51 - getOutlet.php - Authentication berhasil
2026-04-09 10:24:51 - getOutlet.php - Query: SELECT id_out, nama_out, '' AS alamat_out, ofcode_out
            FROM outlet 
            WHERE status_out IN ('Active', '1', 'active')
            AND (nama_out LIKE :key OR ofcode_out LIKE :key)
            ORDER BY nama_out ASC
            LIMIT 20
2026-04-09 10:24:51 - getOutlet.php - Query berhasil, mengembalikan 17 record
2026-04-09 10:24:51 - getOutlet.php - === END REQUEST ===
2026-04-09 03:24:51 - getOutlet.php - === REQUEST GETOUTLET ===
2026-04-09 03:24:51 - getOutlet.php - Method: POST
2026-04-09 03:24:51 - getOutlet.php - POST data: {"tgl":"2026-04-09","encrypt":"ce8d123a9badc46aab7bfac002148c51","id_apl":"APL01","key":"Klinik mam"}
2026-04-09 10:24:51 - getOutlet.php - Params - tgl: 2026-04-09, encrypt: ce8d123a9badc46aab7bfac002148c51, id_apl: APL01, key: Klinik mam
2026-04-09 10:24:52 - getOutlet.php - Aplikasi ditemukan: Ya
2026-04-09 10:24:52 - getOutlet.php - Key aplikasi: YbcJSFjkds...
2026-04-09 10:24:52 - getOutlet.php - Expected encrypt: ce8d123a9badc46aab7bfac002148c51
2026-04-09 10:24:52 - getOutlet.php - Received encrypt: ce8d123a9badc46aab7bfac002148c51
2026-04-09 10:24:52 - getOutlet.php - Authentication berhasil
2026-04-09 10:24:52 - getOutlet.php - Query: SELECT id_out, nama_out, '' AS alamat_out, ofcode_out
            FROM outlet 
            WHERE status_out IN ('Active', '1', 'active')
            AND (nama_out LIKE :key OR ofcode_out LIKE :key)
            ORDER BY nama_out ASC
            LIMIT 20
2026-04-09 10:24:52 - getOutlet.php - Query berhasil, mengembalikan 0 record
2026-04-09 10:24:52 - getOutlet.php - === END REQUEST ===
2026-04-09 03:24:52 - getOutlet.php - === REQUEST GETOUTLET ===
2026-04-09 03:24:52 - getOutlet.php - Method: POST
2026-04-09 03:24:52 - getOutlet.php - POST data: {"tgl":"2026-04-09","encrypt":"ce8d123a9badc46aab7bfac002148c51","id_apl":"APL01","key":"Klinik mamta"}
2026-04-09 10:24:52 - getOutlet.php - Params - tgl: 2026-04-09, encrypt: ce8d123a9badc46aab7bfac002148c51, id_apl: APL01, key: Klinik mamta
2026-04-09 10:24:52 - getOutlet.php - Aplikasi ditemukan: Ya
2026-04-09 10:24:52 - getOutlet.php - Key aplikasi: YbcJSFjkds...
2026-04-09 10:24:52 - getOutlet.php - Expected encrypt: ce8d123a9badc46aab7bfac002148c51
2026-04-09 10:24:52 - getOutlet.php - Received encrypt: ce8d123a9badc46aab7bfac002148c51
2026-04-09 10:24:52 - getOutlet.php - Authentication berhasil
2026-04-09 10:24:52 - getOutlet.php - Query: SELECT id_out, nama_out, '' AS alamat_out, ofcode_out
            FROM outlet 
            WHERE status_out IN ('Active', '1', 'active')
            AND (nama_out LIKE :key OR ofcode_out LIKE :key)
            ORDER BY nama_out ASC
            LIMIT 20
2026-04-09 10:24:52 - getOutlet.php - Query berhasil, mengembalikan 0 record
2026-04-09 10:24:52 - getOutlet.php - === END REQUEST ===
2026-04-09 03:24:52 - getOutlet.php - === REQUEST GETOUTLET ===
2026-04-09 03:24:52 - getOutlet.php - Method: POST
2026-04-09 03:24:52 - getOutlet.php - POST data: {"tgl":"2026-04-09","encrypt":"ce8d123a9badc46aab7bfac002148c51","id_apl":"APL01","key":"Klinik mamt"}
2026-04-09 10:24:52 - getOutlet.php - Params - tgl: 2026-04-09, encrypt: ce8d123a9badc46aab7bfac002148c51, id_apl: APL01, key: Klinik mamt
2026-04-09 10:24:52 - getOutlet.php - Aplikasi ditemukan: Ya
2026-04-09 10:24:52 - getOutlet.php - Key aplikasi: YbcJSFjkds...
2026-04-09 10:24:52 - getOutlet.php - Expected encrypt: ce8d123a9badc46aab7bfac002148c51
2026-04-09 10:24:52 - getOutlet.php - Received encrypt: ce8d123a9badc46aab7bfac002148c51
2026-04-09 10:24:52 - getOutlet.php - Authentication berhasil
2026-04-09 10:24:52 - getOutlet.php - Query: SELECT id_out, nama_out, '' AS alamat_out, ofcode_out
            FROM outlet 
            WHERE status_out IN ('Active', '1', 'active')
            AND (nama_out LIKE :key OR ofcode_out LIKE :key)
            ORDER BY nama_out ASC
            LIMIT 20
2026-04-09 10:24:52 - getOutlet.php - Query berhasil, mengembalikan 0 record
2026-04-09 10:24:52 - getOutlet.php - === END REQUEST ===
2026-04-09 03:24:53 - getOutlet.php - === REQUEST GETOUTLET ===
2026-04-09 03:24:53 - getOutlet.php - Method: POST
2026-04-09 03:24:53 - getOutlet.php - POST data: {"tgl":"2026-04-09","encrypt":"ce8d123a9badc46aab7bfac002148c51","id_apl":"APL01","key":"Klinik mamt"}
2026-04-09 10:24:53 - getOutlet.php - Params - tgl: 2026-04-09, encrypt: ce8d123a9badc46aab7bfac002148c51, id_apl: APL01, key: Klinik mamt
2026-04-09 10:24:53 - getOutlet.php - Aplikasi ditemukan: Ya
2026-04-09 10:24:53 - getOutlet.php - Key aplikasi: YbcJSFjkds...
2026-04-09 10:24:53 - getOutlet.php - Expected encrypt: ce8d123a9badc46aab7bfac002148c51
2026-04-09 10:24:53 - getOutlet.php - Received encrypt: ce8d123a9badc46aab7bfac002148c51
2026-04-09 10:24:53 - getOutlet.php - Authentication berhasil
2026-04-09 10:24:53 - getOutlet.php - Query: SELECT id_out, nama_out, '' AS alamat_out, ofcode_out
            FROM outlet 
            WHERE status_out IN ('Active', '1', 'active')
            AND (nama_out LIKE :key OR ofcode_out LIKE :key)
            ORDER BY nama_out ASC
            LIMIT 20
2026-04-09 10:24:53 - getOutlet.php - Query berhasil, mengembalikan 0 record
2026-04-09 10:24:53 - getOutlet.php - === END REQUEST ===
2026-04-09 03:24:53 - getOutlet.php - === REQUEST GETOUTLET ===
2026-04-09 03:24:53 - getOutlet.php - Method: POST
2026-04-09 03:24:53 - getOutlet.php - POST data: {"tgl":"2026-04-09","encrypt":"ce8d123a9badc46aab7bfac002148c51","id_apl":"APL01","key":"Klinik mam"}
2026-04-09 10:24:53 - getOutlet.php - Params - tgl: 2026-04-09, encrypt: ce8d123a9badc46aab7bfac002148c51, id_apl: APL01, key: Klinik mam
2026-04-09 10:24:53 - getOutlet.php - Aplikasi ditemukan: Ya
2026-04-09 10:24:53 - getOutlet.php - Key aplikasi: YbcJSFjkds...
2026-04-09 10:24:53 - getOutlet.php - Expected encrypt: ce8d123a9badc46aab7bfac002148c51
2026-04-09 10:24:53 - getOutlet.php - Received encrypt: ce8d123a9badc46aab7bfac002148c51
2026-04-09 10:24:53 - getOutlet.php - Authentication berhasil
2026-04-09 10:24:53 - getOutlet.php - Query: SELECT id_out, nama_out, '' AS alamat_out, ofcode_out
            FROM outlet 
            WHERE status_out IN ('Active', '1', 'active')
            AND (nama_out LIKE :key OR ofcode_out LIKE :key)
            ORDER BY nama_out ASC
            LIMIT 20
2026-04-09 10:24:53 - getOutlet.php - Query berhasil, mengembalikan 0 record
2026-04-09 10:24:53 - getOutlet.php - === END REQUEST ===
2026-04-09 03:24:54 - getOutlet.php - === REQUEST GETOUTLET ===
2026-04-09 03:24:54 - getOutlet.php - Method: POST
2026-04-09 03:24:54 - getOutlet.php - POST data: {"tgl":"2026-04-09","encrypt":"ce8d123a9badc46aab7bfac002148c51","id_apl":"APL01","key":"Klinik ma"}
2026-04-09 10:24:54 - getOutlet.php - Params - tgl: 2026-04-09, encrypt: ce8d123a9badc46aab7bfac002148c51, id_apl: APL01, key: Klinik ma
2026-04-09 10:24:54 - getOutlet.php - Aplikasi ditemukan: Ya
2026-04-09 10:24:54 - getOutlet.php - Key aplikasi: YbcJSFjkds...
2026-04-09 10:24:54 - getOutlet.php - Expected encrypt: ce8d123a9badc46aab7bfac002148c51
2026-04-09 10:24:54 - getOutlet.php - Received encrypt: ce8d123a9badc46aab7bfac002148c51
2026-04-09 10:24:54 - getOutlet.php - Authentication berhasil
2026-04-09 10:24:54 - getOutlet.php - Query: SELECT id_out, nama_out, '' AS alamat_out, ofcode_out
            FROM outlet 
            WHERE status_out IN ('Active', '1', 'active')
            AND (nama_out LIKE :key OR ofcode_out LIKE :key)
            ORDER BY nama_out ASC
            LIMIT 20
2026-04-09 10:24:54 - getOutlet.php - Query berhasil, mengembalikan 17 record
2026-04-09 10:24:54 - getOutlet.php - === END REQUEST ===
2026-04-09 03:24:55 - getOutlet.php - === REQUEST GETOUTLET ===
2026-04-09 03:24:55 - getOutlet.php - Method: POST
2026-04-09 03:24:55 - getOutlet.php - POST data: {"tgl":"2026-04-09","encrypt":"ce8d123a9badc46aab7bfac002148c51","id_apl":"APL01","key":"Klinik mat"}
2026-04-09 10:24:55 - getOutlet.php - Params - tgl: 2026-04-09, encrypt: ce8d123a9badc46aab7bfac002148c51, id_apl: APL01, key: Klinik mat
2026-04-09 10:24:55 - getOutlet.php - Aplikasi ditemukan: Ya
2026-04-09 10:24:55 - getOutlet.php - Key aplikasi: YbcJSFjkds...
2026-04-09 10:24:55 - getOutlet.php - Expected encrypt: ce8d123a9badc46aab7bfac002148c51
2026-04-09 10:24:55 - getOutlet.php - Received encrypt: ce8d123a9badc46aab7bfac002148c51
2026-04-09 10:24:55 - getOutlet.php - Authentication berhasil
2026-04-09 10:24:55 - getOutlet.php - Query: SELECT id_out, nama_out, '' AS alamat_out, ofcode_out
            FROM outlet 
            WHERE status_out IN ('Active', '1', 'active')
            AND (nama_out LIKE :key OR ofcode_out LIKE :key)
            ORDER BY nama_out ASC
            LIMIT 20
2026-04-09 10:24:55 - getOutlet.php - Query berhasil, mengembalikan 17 record
2026-04-09 10:24:55 - getOutlet.php - === END REQUEST ===
2026-04-09 03:24:55 - getOutlet.php - === REQUEST GETOUTLET ===
2026-04-09 03:24:55 - getOutlet.php - Method: POST
2026-04-09 03:24:55 - getOutlet.php - POST data: {"tgl":"2026-04-09","encrypt":"ce8d123a9badc46aab7bfac002148c51","id_apl":"APL01","key":"Klinik mata"}
2026-04-09 10:24:55 - getOutlet.php - Params - tgl: 2026-04-09, encrypt: ce8d123a9badc46aab7bfac002148c51, id_apl: APL01, key: Klinik mata
2026-04-09 10:24:55 - getOutlet.php - Aplikasi ditemukan: Ya
2026-04-09 10:24:55 - getOutlet.php - Key aplikasi: YbcJSFjkds...
2026-04-09 10:24:55 - getOutlet.php - Expected encrypt: ce8d123a9badc46aab7bfac002148c51
2026-04-09 10:24:55 - getOutlet.php - Received encrypt: ce8d123a9badc46aab7bfac002148c51
2026-04-09 10:24:55 - getOutlet.php - Authentication berhasil
2026-04-09 10:24:55 - getOutlet.php - Query: SELECT id_out, nama_out, '' AS alamat_out, ofcode_out
            FROM outlet 
            WHERE status_out IN ('Active', '1', 'active')
            AND (nama_out LIKE :key OR ofcode_out LIKE :key)
            ORDER BY nama_out ASC
            LIMIT 20
2026-04-09 10:24:55 - getOutlet.php - Query berhasil, mengembalikan 17 record
2026-04-09 10:24:55 - getOutlet.php - === END REQUEST ===
2026-04-09 03:25:04 - getOutlet.php - === REQUEST GETOUTLET ===
2026-04-09 03:25:04 - getOutlet.php - Method: POST
2026-04-09 03:25:04 - getOutlet.php - POST data: {"tgl":"2026-04-09","encrypt":"ce8d123a9badc46aab7bfac002148c51","id_apl":"APL01","key":"Klinik mata"}
2026-04-09 10:25:04 - getOutlet.php - Params - tgl: 2026-04-09, encrypt: ce8d123a9badc46aab7bfac002148c51, id_apl: APL01, key: Klinik mata
2026-04-09 10:25:04 - getOutlet.php - Aplikasi ditemukan: Ya
2026-04-09 10:25:04 - getOutlet.php - Key aplikasi: YbcJSFjkds...
2026-04-09 10:25:04 - getOutlet.php - Expected encrypt: ce8d123a9badc46aab7bfac002148c51
2026-04-09 10:25:04 - getOutlet.php - Received encrypt: ce8d123a9badc46aab7bfac002148c51
2026-04-09 10:25:04 - getOutlet.php - Authentication berhasil
2026-04-09 10:25:04 - getOutlet.php - Query: SELECT id_out, nama_out, '' AS alamat_out, ofcode_out
            FROM outlet 
            WHERE status_out IN ('Active', '1', 'active')
            AND (nama_out LIKE :key OR ofcode_out LIKE :key)
            ORDER BY nama_out ASC
            LIMIT 20
2026-04-09 10:25:04 - getOutlet.php - Query berhasil, mengembalikan 17 record
2026-04-09 10:25:04 - getOutlet.php - === END REQUEST ===
2026-04-09 03:25:06 - getOutlet.php - === REQUEST GETOUTLET ===
2026-04-09 03:25:06 - getOutlet.php - Method: POST
2026-04-09 03:25:06 - getOutlet.php - POST data: {"tgl":"2026-04-09","encrypt":"ce8d123a9badc46aab7bfac002148c51","id_apl":"APL01","key":"Klinik mata"}
2026-04-09 10:25:06 - getOutlet.php - Params - tgl: 2026-04-09, encrypt: ce8d123a9badc46aab7bfac002148c51, id_apl: APL01, key: Klinik mata
2026-04-09 10:25:06 - getOutlet.php - Aplikasi ditemukan: Ya
2026-04-09 10:25:06 - getOutlet.php - Key aplikasi: YbcJSFjkds...
2026-04-09 10:25:06 - getOutlet.php - Expected encrypt: ce8d123a9badc46aab7bfac002148c51
2026-04-09 10:25:06 - getOutlet.php - Received encrypt: ce8d123a9badc46aab7bfac002148c51
2026-04-09 10:25:06 - getOutlet.php - Authentication berhasil
2026-04-09 10:25:06 - getOutlet.php - Query: SELECT id_out, nama_out, '' AS alamat_out, ofcode_out
            FROM outlet 
            WHERE status_out IN ('Active', '1', 'active')
            AND (nama_out LIKE :key OR ofcode_out LIKE :key)
            ORDER BY nama_out ASC
            LIMIT 20
2026-04-09 10:25:06 - getOutlet.php - Query berhasil, mengembalikan 17 record
2026-04-09 10:25:06 - getOutlet.php - === END REQUEST ===
2026-04-09 03:25:06 - getOutlet.php - === REQUEST GETOUTLET ===
2026-04-09 03:25:06 - getOutlet.php - Method: POST
2026-04-09 03:25:06 - getOutlet.php - POST data: {"tgl":"2026-04-09","encrypt":"ce8d123a9badc46aab7bfac002148c51","id_apl":"APL01","key":"Klinik mat"}
2026-04-09 10:25:06 - getOutlet.php - Params - tgl: 2026-04-09, encrypt: ce8d123a9badc46aab7bfac002148c51, id_apl: APL01, key: Klinik mat
2026-04-09 10:25:06 - getOutlet.php - Aplikasi ditemukan: Ya
2026-04-09 10:25:06 - getOutlet.php - Key aplikasi: YbcJSFjkds...
2026-04-09 10:25:06 - getOutlet.php - Expected encrypt: ce8d123a9badc46aab7bfac002148c51
2026-04-09 10:25:06 - getOutlet.php - Received encrypt: ce8d123a9badc46aab7bfac002148c51
2026-04-09 10:25:06 - getOutlet.php - Authentication berhasil
2026-04-09 10:25:06 - getOutlet.php - Query: SELECT id_out, nama_out, '' AS alamat_out, ofcode_out
            FROM outlet 
            WHERE status_out IN ('Active', '1', 'active')
            AND (nama_out LIKE :key OR ofcode_out LIKE :key)
            ORDER BY nama_out ASC
            LIMIT 20
2026-04-09 10:25:06 - getOutlet.php - Query berhasil, mengembalikan 17 record
2026-04-09 10:25:06 - getOutlet.php - === END REQUEST ===
2026-04-09 03:25:06 - getOutlet.php - === REQUEST GETOUTLET ===
2026-04-09 03:25:06 - getOutlet.php - Method: POST
2026-04-09 03:25:06 - getOutlet.php - POST data: {"tgl":"2026-04-09","encrypt":"ce8d123a9badc46aab7bfac002148c51","id_apl":"APL01","key":"Klinik ma"}
2026-04-09 10:25:06 - getOutlet.php - Params - tgl: 2026-04-09, encrypt: ce8d123a9badc46aab7bfac002148c51, id_apl: APL01, key: Klinik ma
2026-04-09 03:25:06 - getOutlet.php - === REQUEST GETOUTLET ===
2026-04-09 03:25:06 - getOutlet.php - Method: POST
2026-04-09 03:25:06 - getOutlet.php - POST data: {"tgl":"2026-04-09","encrypt":"ce8d123a9badc46aab7bfac002148c51","id_apl":"APL01","key":"Klinik m"}
2026-04-09 10:25:06 - getOutlet.php - Params - tgl: 2026-04-09, encrypt: ce8d123a9badc46aab7bfac002148c51, id_apl: APL01, key: Klinik m
2026-04-09 10:25:06 - getOutlet.php - Aplikasi ditemukan: Ya
2026-04-09 10:25:06 - getOutlet.php - Aplikasi ditemukan: Ya
2026-04-09 10:25:06 - getOutlet.php - Key aplikasi: YbcJSFjkds...
2026-04-09 10:25:06 - getOutlet.php - Key aplikasi: YbcJSFjkds...
2026-04-09 10:25:06 - getOutlet.php - Expected encrypt: ce8d123a9badc46aab7bfac002148c51
2026-04-09 10:25:06 - getOutlet.php - Expected encrypt: ce8d123a9badc46aab7bfac002148c51
2026-04-09 10:25:06 - getOutlet.php - Received encrypt: ce8d123a9badc46aab7bfac002148c51
2026-04-09 10:25:06 - getOutlet.php - Received encrypt: ce8d123a9badc46aab7bfac002148c51
2026-04-09 10:25:06 - getOutlet.php - Authentication berhasil
2026-04-09 10:25:06 - getOutlet.php - Authentication berhasil
2026-04-09 10:25:06 - getOutlet.php - Query: SELECT id_out, nama_out, '' AS alamat_out, ofcode_out
            FROM outlet 
            WHERE status_out IN ('Active', '1', 'active')
            AND (nama_out LIKE :key OR ofcode_out LIKE :key)
            ORDER BY nama_out ASC
            LIMIT 20
2026-04-09 10:25:06 - getOutlet.php - Query: SELECT id_out, nama_out, '' AS alamat_out, ofcode_out
            FROM outlet 
            WHERE status_out IN ('Active', '1', 'active')
            AND (nama_out LIKE :key OR ofcode_out LIKE :key)
            ORDER BY nama_out ASC
            LIMIT 20
2026-04-09 10:25:06 - getOutlet.php - Query berhasil, mengembalikan 18 record
2026-04-09 10:25:06 - getOutlet.php - === END REQUEST ===
2026-04-09 10:25:06 - getOutlet.php - Query berhasil, mengembalikan 17 record
2026-04-09 10:25:06 - getOutlet.php - === END REQUEST ===
2026-04-09 03:25:07 - getOutlet.php - === REQUEST GETOUTLET ===
2026-04-09 03:25:07 - getOutlet.php - Method: POST
2026-04-09 03:25:07 - getOutlet.php - POST data: {"tgl":"2026-04-09","encrypt":"ce8d123a9badc46aab7bfac002148c51","id_apl":"APL01","key":"Klinik"}
2026-04-09 10:25:07 - getOutlet.php - Params - tgl: 2026-04-09, encrypt: ce8d123a9badc46aab7bfac002148c51, id_apl: APL01, key: Klinik
2026-04-09 10:25:07 - getOutlet.php - Aplikasi ditemukan: Ya
2026-04-09 10:25:07 - getOutlet.php - Key aplikasi: YbcJSFjkds...
2026-04-09 10:25:07 - getOutlet.php - Expected encrypt: ce8d123a9badc46aab7bfac002148c51
2026-04-09 10:25:07 - getOutlet.php - Received encrypt: ce8d123a9badc46aab7bfac002148c51
2026-04-09 10:25:07 - getOutlet.php - Authentication berhasil
2026-04-09 10:25:07 - getOutlet.php - Query: SELECT id_out, nama_out, '' AS alamat_out, ofcode_out
            FROM outlet 
            WHERE status_out IN ('Active', '1', 'active')
            AND (nama_out LIKE :key OR ofcode_out LIKE :key)
            ORDER BY nama_out ASC
            LIMIT 20
2026-04-09 10:25:07 - getOutlet.php - Query berhasil, mengembalikan 20 record
2026-04-09 10:25:07 - getOutlet.php - === END REQUEST ===
2026-04-09 03:25:08 - getOutlet.php - === REQUEST GETOUTLET ===
2026-04-09 03:25:08 - getOutlet.php - Method: POST
2026-04-09 03:25:08 - getOutlet.php - POST data: {"tgl":"2026-04-09","encrypt":"ce8d123a9badc46aab7bfac002148c51","id_apl":"APL01","key":"Klinik M"}
2026-04-09 10:25:08 - getOutlet.php - Params - tgl: 2026-04-09, encrypt: ce8d123a9badc46aab7bfac002148c51, id_apl: APL01, key: Klinik M
2026-04-09 10:25:08 - getOutlet.php - Aplikasi ditemukan: Ya
2026-04-09 10:25:08 - getOutlet.php - Key aplikasi: YbcJSFjkds...
2026-04-09 10:25:08 - getOutlet.php - Expected encrypt: ce8d123a9badc46aab7bfac002148c51
2026-04-09 10:25:08 - getOutlet.php - Received encrypt: ce8d123a9badc46aab7bfac002148c51
2026-04-09 10:25:08 - getOutlet.php - Authentication berhasil
2026-04-09 10:25:08 - getOutlet.php - Query: SELECT id_out, nama_out, '' AS alamat_out, ofcode_out
            FROM outlet 
            WHERE status_out IN ('Active', '1', 'active')
            AND (nama_out LIKE :key OR ofcode_out LIKE :key)
            ORDER BY nama_out ASC
            LIMIT 20
2026-04-09 10:25:08 - getOutlet.php - Query berhasil, mengembalikan 18 record
2026-04-09 10:25:08 - getOutlet.php - === END REQUEST ===
2026-04-09 03:25:09 - getOutlet.php - === REQUEST GETOUTLET ===
2026-04-09 03:25:09 - getOutlet.php - Method: POST
2026-04-09 03:25:09 - getOutlet.php - POST data: {"tgl":"2026-04-09","encrypt":"ce8d123a9badc46aab7bfac002148c51","id_apl":"APL01","key":"Klinik Ma"}
2026-04-09 10:25:09 - getOutlet.php - Params - tgl: 2026-04-09, encrypt: ce8d123a9badc46aab7bfac002148c51, id_apl: APL01, key: Klinik Ma
2026-04-09 10:25:09 - getOutlet.php - Aplikasi ditemukan: Ya
2026-04-09 10:25:09 - getOutlet.php - Key aplikasi: YbcJSFjkds...
2026-04-09 10:25:09 - getOutlet.php - Expected encrypt: ce8d123a9badc46aab7bfac002148c51
2026-04-09 10:25:09 - getOutlet.php - Received encrypt: ce8d123a9badc46aab7bfac002148c51
2026-04-09 10:25:09 - getOutlet.php - Authentication berhasil
2026-04-09 10:25:09 - getOutlet.php - Query: SELECT id_out, nama_out, '' AS alamat_out, ofcode_out
            FROM outlet 
            WHERE status_out IN ('Active', '1', 'active')
            AND (nama_out LIKE :key OR ofcode_out LIKE :key)
            ORDER BY nama_out ASC
            LIMIT 20
2026-04-09 10:25:09 - getOutlet.php - Query berhasil, mengembalikan 17 record
2026-04-09 10:25:09 - getOutlet.php - === END REQUEST ===
2026-04-09 03:25:09 - getOutlet.php - === REQUEST GETOUTLET ===
2026-04-09 03:25:09 - getOutlet.php - Method: POST
2026-04-09 03:25:09 - getOutlet.php - POST data: {"tgl":"2026-04-09","encrypt":"ce8d123a9badc46aab7bfac002148c51","id_apl":"APL01","key":"Klinik Mata"}
2026-04-09 10:25:09 - getOutlet.php - Params - tgl: 2026-04-09, encrypt: ce8d123a9badc46aab7bfac002148c51, id_apl: APL01, key: Klinik Mata
2026-04-09 10:25:09 - getOutlet.php - Aplikasi ditemukan: Ya
2026-04-09 10:25:09 - getOutlet.php - Key aplikasi: YbcJSFjkds...
2026-04-09 10:25:09 - getOutlet.php - Expected encrypt: ce8d123a9badc46aab7bfac002148c51
2026-04-09 10:25:09 - getOutlet.php - Received encrypt: ce8d123a9badc46aab7bfac002148c51
2026-04-09 10:25:09 - getOutlet.php - Authentication berhasil
2026-04-09 10:25:09 - getOutlet.php - Query: SELECT id_out, nama_out, '' AS alamat_out, ofcode_out
            FROM outlet 
            WHERE status_out IN ('Active', '1', 'active')
            AND (nama_out LIKE :key OR ofcode_out LIKE :key)
            ORDER BY nama_out ASC
            LIMIT 20
2026-04-09 10:25:09 - getOutlet.php - Query berhasil, mengembalikan 17 record
2026-04-09 10:25:09 - getOutlet.php - === END REQUEST ===
2026-04-09 03:25:09 - getOutlet.php - === REQUEST GETOUTLET ===
2026-04-09 03:25:09 - getOutlet.php - Method: POST
2026-04-09 03:25:09 - getOutlet.php - POST data: {"tgl":"2026-04-09","encrypt":"ce8d123a9badc46aab7bfac002148c51","id_apl":"APL01","key":"Klinik Mat"}
2026-04-09 10:25:09 - getOutlet.php - Params - tgl: 2026-04-09, encrypt: ce8d123a9badc46aab7bfac002148c51, id_apl: APL01, key: Klinik Mat
2026-04-09 10:25:09 - getOutlet.php - Aplikasi ditemukan: Ya
2026-04-09 10:25:09 - getOutlet.php - Key aplikasi: YbcJSFjkds...
2026-04-09 10:25:09 - getOutlet.php - Expected encrypt: ce8d123a9badc46aab7bfac002148c51
2026-04-09 10:25:09 - getOutlet.php - Received encrypt: ce8d123a9badc46aab7bfac002148c51
2026-04-09 10:25:09 - getOutlet.php - Authentication berhasil
2026-04-09 10:25:09 - getOutlet.php - Query: SELECT id_out, nama_out, '' AS alamat_out, ofcode_out
            FROM outlet 
            WHERE status_out IN ('Active', '1', 'active')
            AND (nama_out LIKE :key OR ofcode_out LIKE :key)
            ORDER BY nama_out ASC
            LIMIT 20
2026-04-09 10:25:09 - getOutlet.php - Query berhasil, mengembalikan 17 record
2026-04-09 10:25:09 - getOutlet.php - === END REQUEST ===
2026-04-09 03:25:09 - getOutlet.php - === REQUEST GETOUTLET ===
2026-04-09 03:25:09 - getOutlet.php - Method: POST
2026-04-09 03:25:09 - getOutlet.php - POST data: {"tgl":"2026-04-09","encrypt":"ce8d123a9badc46aab7bfac002148c51","id_apl":"APL01","key":"Klinik Mata"}
2026-04-09 10:25:09 - getOutlet.php - Params - tgl: 2026-04-09, encrypt: ce8d123a9badc46aab7bfac002148c51, id_apl: APL01, key: Klinik Mata
2026-04-09 10:25:09 - getOutlet.php - Aplikasi ditemukan: Ya
2026-04-09 10:25:09 - getOutlet.php - Key aplikasi: YbcJSFjkds...
2026-04-09 10:25:09 - getOutlet.php - Expected encrypt: ce8d123a9badc46aab7bfac002148c51
2026-04-09 10:25:09 - getOutlet.php - Received encrypt: ce8d123a9badc46aab7bfac002148c51
2026-04-09 10:25:09 - getOutlet.php - Authentication berhasil
2026-04-09 10:25:09 - getOutlet.php - Query: SELECT id_out, nama_out, '' AS alamat_out, ofcode_out
            FROM outlet 
            WHERE status_out IN ('Active', '1', 'active')
            AND (nama_out LIKE :key OR ofcode_out LIKE :key)
            ORDER BY nama_out ASC
            LIMIT 20
2026-04-09 10:25:09 - getOutlet.php - Query berhasil, mengembalikan 17 record
2026-04-09 10:25:09 - getOutlet.php - === END REQUEST ===
2026-04-09 03:25:10 - getOutlet.php - === REQUEST GETOUTLET ===
2026-04-09 03:25:10 - getOutlet.php - Method: POST
2026-04-09 03:25:10 - getOutlet.php - POST data: {"tgl":"2026-04-09","encrypt":"ce8d123a9badc46aab7bfac002148c51","id_apl":"APL01","key":"Klinik Mata O"}
2026-04-09 10:25:10 - getOutlet.php - Params - tgl: 2026-04-09, encrypt: ce8d123a9badc46aab7bfac002148c51, id_apl: APL01, key: Klinik Mata O
2026-04-09 10:25:10 - getOutlet.php - Aplikasi ditemukan: Ya
2026-04-09 10:25:10 - getOutlet.php - Key aplikasi: YbcJSFjkds...
2026-04-09 10:25:10 - getOutlet.php - Expected encrypt: ce8d123a9badc46aab7bfac002148c51
2026-04-09 10:25:10 - getOutlet.php - Received encrypt: ce8d123a9badc46aab7bfac002148c51
2026-04-09 10:25:10 - getOutlet.php - Authentication berhasil
2026-04-09 10:25:10 - getOutlet.php - Query: SELECT id_out, nama_out, '' AS alamat_out, ofcode_out
            FROM outlet 
            WHERE status_out IN ('Active', '1', 'active')
            AND (nama_out LIKE :key OR ofcode_out LIKE :key)
            ORDER BY nama_out ASC
            LIMIT 20
2026-04-09 10:25:10 - getOutlet.php - Query berhasil, mengembalikan 1 record
2026-04-09 10:25:10 - getOutlet.php - === END REQUEST ===
2026-04-09 03:25:11 - getOutlet.php - === REQUEST GETOUTLET ===
2026-04-09 03:25:11 - getOutlet.php - Method: POST
2026-04-09 03:25:11 - getOutlet.php - POST data: {"tgl":"2026-04-09","encrypt":"ce8d123a9badc46aab7bfac002148c51","id_apl":"APL01","key":"Klinik Mata Or"}
2026-04-09 10:25:11 - getOutlet.php - Params - tgl: 2026-04-09, encrypt: ce8d123a9badc46aab7bfac002148c51, id_apl: APL01, key: Klinik Mata Or
2026-04-09 10:25:11 - getOutlet.php - Aplikasi ditemukan: Ya
2026-04-09 10:25:11 - getOutlet.php - Key aplikasi: YbcJSFjkds...
2026-04-09 10:25:11 - getOutlet.php - Expected encrypt: ce8d123a9badc46aab7bfac002148c51
2026-04-09 10:25:11 - getOutlet.php - Received encrypt: ce8d123a9badc46aab7bfac002148c51
2026-04-09 10:25:11 - getOutlet.php - Authentication berhasil
2026-04-09 10:25:11 - getOutlet.php - Query: SELECT id_out, nama_out, '' AS alamat_out, ofcode_out
            FROM outlet 
            WHERE status_out IN ('Active', '1', 'active')
            AND (nama_out LIKE :key OR ofcode_out LIKE :key)
            ORDER BY nama_out ASC
            LIMIT 20
2026-04-09 10:25:11 - getOutlet.php - Query berhasil, mengembalikan 1 record
2026-04-09 10:25:11 - getOutlet.php - === END REQUEST ===
2026-04-09 03:25:13 - getOutlet.php - === REQUEST GETOUTLET ===
2026-04-09 03:25:13 - getOutlet.php - Method: POST
2026-04-09 03:25:13 - getOutlet.php - POST data: {"tgl":"2026-04-09","encrypt":"ce8d123a9badc46aab7bfac002148c51","id_apl":"APL01","key":"Klinik Mata Orbita"}
2026-04-09 10:25:13 - getOutlet.php - Params - tgl: 2026-04-09, encrypt: ce8d123a9badc46aab7bfac002148c51, id_apl: APL01, key: Klinik Mata Orbita
2026-04-09 10:25:13 - getOutlet.php - Aplikasi ditemukan: Ya
2026-04-09 10:25:13 - getOutlet.php - Key aplikasi: YbcJSFjkds...
2026-04-09 10:25:13 - getOutlet.php - Expected encrypt: ce8d123a9badc46aab7bfac002148c51
2026-04-09 10:25:13 - getOutlet.php - Received encrypt: ce8d123a9badc46aab7bfac002148c51
2026-04-09 10:25:13 - getOutlet.php - Authentication berhasil
2026-04-09 10:25:13 - getOutlet.php - Query: SELECT id_out, nama_out, '' AS alamat_out, ofcode_out
            FROM outlet 
            WHERE status_out IN ('Active', '1', 'active')
            AND (nama_out LIKE :key OR ofcode_out LIKE :key)
            ORDER BY nama_out ASC
            LIMIT 20
2026-04-09 10:25:13 - getOutlet.php - Query berhasil, mengembalikan 1 record
2026-04-09 10:25:13 - getOutlet.php - === END REQUEST ===
2026-04-09 03:30:10 - getOutlet.php - === REQUEST GETOUTLET ===
2026-04-09 03:30:10 - getOutlet.php - Method: POST
2026-04-09 03:30:10 - getOutlet.php - POST data: {"tgl":"2026-04-09","encrypt":"ce8d123a9badc46aab7bfac002148c51","id_apl":"APL01","key":"Kl"}
2026-04-09 10:30:10 - getOutlet.php - Params - tgl: 2026-04-09, encrypt: ce8d123a9badc46aab7bfac002148c51, id_apl: APL01, key: Kl
2026-04-09 10:30:10 - getOutlet.php - Aplikasi ditemukan: Ya
2026-04-09 10:30:10 - getOutlet.php - Key aplikasi: YbcJSFjkds...
2026-04-09 10:30:10 - getOutlet.php - Expected encrypt: ce8d123a9badc46aab7bfac002148c51
2026-04-09 10:30:10 - getOutlet.php - Received encrypt: ce8d123a9badc46aab7bfac002148c51
2026-04-09 10:30:10 - getOutlet.php - Authentication berhasil
2026-04-09 10:30:10 - getOutlet.php - Query: SELECT id_out, nama_out, '' AS alamat_out, ofcode_out
            FROM outlet 
            WHERE status_out IN ('Active', '1', 'active')
            AND (nama_out LIKE :key OR ofcode_out LIKE :key)
            ORDER BY nama_out ASC
            LIMIT 20
2026-04-09 10:30:10 - getOutlet.php - Query berhasil, mengembalikan 20 record
2026-04-09 10:30:10 - getOutlet.php - === END REQUEST ===
2026-04-09 03:30:11 - getOutlet.php - === REQUEST GETOUTLET ===
2026-04-09 03:30:11 - getOutlet.php - Method: POST
2026-04-09 03:30:11 - getOutlet.php - POST data: {"tgl":"2026-04-09","encrypt":"ce8d123a9badc46aab7bfac002148c51","id_apl":"APL01","key":"Kli"}
2026-04-09 10:30:11 - getOutlet.php - Params - tgl: 2026-04-09, encrypt: ce8d123a9badc46aab7bfac002148c51, id_apl: APL01, key: Kli
2026-04-09 10:30:11 - getOutlet.php - Aplikasi ditemukan: Ya
2026-04-09 10:30:11 - getOutlet.php - Key aplikasi: YbcJSFjkds...
2026-04-09 10:30:11 - getOutlet.php - Expected encrypt: ce8d123a9badc46aab7bfac002148c51
2026-04-09 10:30:11 - getOutlet.php - Received encrypt: ce8d123a9badc46aab7bfac002148c51
2026-04-09 10:30:11 - getOutlet.php - Authentication berhasil
2026-04-09 10:30:11 - getOutlet.php - Query: SELECT id_out, nama_out, '' AS alamat_out, ofcode_out
            FROM outlet 
            WHERE status_out IN ('Active', '1', 'active')
            AND (nama_out LIKE :key OR ofcode_out LIKE :key)
            ORDER BY nama_out ASC
            LIMIT 20
2026-04-09 10:30:11 - getOutlet.php - Query berhasil, mengembalikan 20 record
2026-04-09 10:30:11 - getOutlet.php - === END REQUEST ===
2026-04-09 03:30:11 - getOutlet.php - === REQUEST GETOUTLET ===
2026-04-09 03:30:11 - getOutlet.php - Method: POST
2026-04-09 03:30:11 - getOutlet.php - POST data: {"tgl":"2026-04-09","encrypt":"ce8d123a9badc46aab7bfac002148c51","id_apl":"APL01","key":"Klin"}
2026-04-09 10:30:11 - getOutlet.php - Params - tgl: 2026-04-09, encrypt: ce8d123a9badc46aab7bfac002148c51, id_apl: APL01, key: Klin
2026-04-09 10:30:11 - getOutlet.php - Aplikasi ditemukan: Ya
2026-04-09 10:30:11 - getOutlet.php - Key aplikasi: YbcJSFjkds...
2026-04-09 10:30:11 - getOutlet.php - Expected encrypt: ce8d123a9badc46aab7bfac002148c51
2026-04-09 10:30:11 - getOutlet.php - Received encrypt: ce8d123a9badc46aab7bfac002148c51
2026-04-09 10:30:11 - getOutlet.php - Authentication berhasil
2026-04-09 10:30:11 - getOutlet.php - Query: SELECT id_out, nama_out, '' AS alamat_out, ofcode_out
            FROM outlet 
            WHERE status_out IN ('Active', '1', 'active')
            AND (nama_out LIKE :key OR ofcode_out LIKE :key)
            ORDER BY nama_out ASC
            LIMIT 20
2026-04-09 10:30:11 - getOutlet.php - Query berhasil, mengembalikan 20 record
2026-04-09 10:30:11 - getOutlet.php - === END REQUEST ===
2026-04-09 03:30:11 - getOutlet.php - === REQUEST GETOUTLET ===
2026-04-09 03:30:11 - getOutlet.php - Method: POST
2026-04-09 03:30:11 - getOutlet.php - POST data: {"tgl":"2026-04-09","encrypt":"ce8d123a9badc46aab7bfac002148c51","id_apl":"APL01","key":"Klini"}
2026-04-09 10:30:11 - getOutlet.php - Params - tgl: 2026-04-09, encrypt: ce8d123a9badc46aab7bfac002148c51, id_apl: APL01, key: Klini
2026-04-09 10:30:11 - getOutlet.php - Aplikasi ditemukan: Ya
2026-04-09 10:30:11 - getOutlet.php - Key aplikasi: YbcJSFjkds...
2026-04-09 10:30:11 - getOutlet.php - Expected encrypt: ce8d123a9badc46aab7bfac002148c51
2026-04-09 10:30:11 - getOutlet.php - Received encrypt: ce8d123a9badc46aab7bfac002148c51
2026-04-09 10:30:11 - getOutlet.php - Authentication berhasil
2026-04-09 10:30:11 - getOutlet.php - Query: SELECT id_out, nama_out, '' AS alamat_out, ofcode_out
            FROM outlet 
            WHERE status_out IN ('Active', '1', 'active')
            AND (nama_out LIKE :key OR ofcode_out LIKE :key)
            ORDER BY nama_out ASC
            LIMIT 20
2026-04-09 10:30:11 - getOutlet.php - Query berhasil, mengembalikan 20 record
2026-04-09 10:30:11 - getOutlet.php - === END REQUEST ===
2026-04-09 03:30:11 - getOutlet.php - === REQUEST GETOUTLET ===
2026-04-09 03:30:11 - getOutlet.php - Method: POST
2026-04-09 03:30:11 - getOutlet.php - POST data: {"tgl":"2026-04-09","encrypt":"ce8d123a9badc46aab7bfac002148c51","id_apl":"APL01","key":"Klinik"}
2026-04-09 10:30:11 - getOutlet.php - Params - tgl: 2026-04-09, encrypt: ce8d123a9badc46aab7bfac002148c51, id_apl: APL01, key: Klinik
2026-04-09 10:30:11 - getOutlet.php - Aplikasi ditemukan: Ya
2026-04-09 10:30:11 - getOutlet.php - Key aplikasi: YbcJSFjkds...
2026-04-09 10:30:11 - getOutlet.php - Expected encrypt: ce8d123a9badc46aab7bfac002148c51
2026-04-09 10:30:11 - getOutlet.php - Received encrypt: ce8d123a9badc46aab7bfac002148c51
2026-04-09 10:30:11 - getOutlet.php - Authentication berhasil
2026-04-09 10:30:11 - getOutlet.php - Query: SELECT id_out, nama_out, '' AS alamat_out, ofcode_out
            FROM outlet 
            WHERE status_out IN ('Active', '1', 'active')
            AND (nama_out LIKE :key OR ofcode_out LIKE :key)
            ORDER BY nama_out ASC
            LIMIT 20
2026-04-09 10:30:11 - getOutlet.php - Query berhasil, mengembalikan 20 record
2026-04-09 10:30:11 - getOutlet.php - === END REQUEST ===
2026-04-09 03:30:12 - getOutlet.php - === REQUEST GETOUTLET ===
2026-04-09 03:30:12 - getOutlet.php - Method: POST
2026-04-09 03:30:12 - getOutlet.php - POST data: {"tgl":"2026-04-09","encrypt":"ce8d123a9badc46aab7bfac002148c51","id_apl":"APL01","key":"Klinik"}
2026-04-09 10:30:12 - getOutlet.php - Params - tgl: 2026-04-09, encrypt: ce8d123a9badc46aab7bfac002148c51, id_apl: APL01, key: Klinik
2026-04-09 10:30:12 - getOutlet.php - Aplikasi ditemukan: Ya
2026-04-09 10:30:12 - getOutlet.php - Key aplikasi: YbcJSFjkds...
2026-04-09 10:30:12 - getOutlet.php - Expected encrypt: ce8d123a9badc46aab7bfac002148c51
2026-04-09 10:30:12 - getOutlet.php - Received encrypt: ce8d123a9badc46aab7bfac002148c51
2026-04-09 10:30:12 - getOutlet.php - Authentication berhasil
2026-04-09 10:30:12 - getOutlet.php - Query: SELECT id_out, nama_out, '' AS alamat_out, ofcode_out
            FROM outlet 
            WHERE status_out IN ('Active', '1', 'active')
            AND (nama_out LIKE :key OR ofcode_out LIKE :key)
            ORDER BY nama_out ASC
            LIMIT 20
2026-04-09 10:30:12 - getOutlet.php - Query berhasil, mengembalikan 20 record
2026-04-09 10:30:12 - getOutlet.php - === END REQUEST ===
2026-04-09 03:30:13 - getOutlet.php - === REQUEST GETOUTLET ===
2026-04-09 03:30:13 - getOutlet.php - Method: POST
2026-04-09 03:30:13 - getOutlet.php - POST data: {"tgl":"2026-04-09","encrypt":"ce8d123a9badc46aab7bfac002148c51","id_apl":"APL01","key":"Klinik M"}
2026-04-09 10:30:13 - getOutlet.php - Params - tgl: 2026-04-09, encrypt: ce8d123a9badc46aab7bfac002148c51, id_apl: APL01, key: Klinik M
2026-04-09 10:30:13 - getOutlet.php - Aplikasi ditemukan: Ya
2026-04-09 10:30:13 - getOutlet.php - Key aplikasi: YbcJSFjkds...
2026-04-09 10:30:13 - getOutlet.php - Expected encrypt: ce8d123a9badc46aab7bfac002148c51
2026-04-09 10:30:13 - getOutlet.php - Received encrypt: ce8d123a9badc46aab7bfac002148c51
2026-04-09 10:30:13 - getOutlet.php - Authentication berhasil
2026-04-09 10:30:13 - getOutlet.php - Query: SELECT id_out, nama_out, '' AS alamat_out, ofcode_out
            FROM outlet 
            WHERE status_out IN ('Active', '1', 'active')
            AND (nama_out LIKE :key OR ofcode_out LIKE :key)
            ORDER BY nama_out ASC
            LIMIT 20
2026-04-09 10:30:13 - getOutlet.php - Query berhasil, mengembalikan 18 record
2026-04-09 10:30:13 - getOutlet.php - === END REQUEST ===
2026-04-09 03:30:15 - getOutlet.php - === REQUEST GETOUTLET ===
2026-04-09 03:30:15 - getOutlet.php - Method: POST
2026-04-09 03:30:15 - getOutlet.php - POST data: {"tgl":"2026-04-09","encrypt":"ce8d123a9badc46aab7bfac002148c51","id_apl":"APL01","key":"Klinik Ma"}
2026-04-09 10:30:15 - getOutlet.php - Params - tgl: 2026-04-09, encrypt: ce8d123a9badc46aab7bfac002148c51, id_apl: APL01, key: Klinik Ma
2026-04-09 10:30:15 - getOutlet.php - Aplikasi ditemukan: Ya
2026-04-09 10:30:15 - getOutlet.php - Key aplikasi: YbcJSFjkds...
2026-04-09 10:30:15 - getOutlet.php - Expected encrypt: ce8d123a9badc46aab7bfac002148c51
2026-04-09 10:30:15 - getOutlet.php - Received encrypt: ce8d123a9badc46aab7bfac002148c51
2026-04-09 10:30:15 - getOutlet.php - Authentication berhasil
2026-04-09 10:30:15 - getOutlet.php - Query: SELECT id_out, nama_out, '' AS alamat_out, ofcode_out
            FROM outlet 
            WHERE status_out IN ('Active', '1', 'active')
            AND (nama_out LIKE :key OR ofcode_out LIKE :key)
            ORDER BY nama_out ASC
            LIMIT 20
2026-04-09 10:30:15 - getOutlet.php - Query berhasil, mengembalikan 17 record
2026-04-09 10:30:15 - getOutlet.php - === END REQUEST ===
2026-04-09 03:30:15 - getOutlet.php - === REQUEST GETOUTLET ===
2026-04-09 03:30:15 - getOutlet.php - Method: POST
2026-04-09 03:30:15 - getOutlet.php - POST data: {"tgl":"2026-04-09","encrypt":"ce8d123a9badc46aab7bfac002148c51","id_apl":"APL01","key":"Klinik Mat"}
2026-04-09 10:30:15 - getOutlet.php - Params - tgl: 2026-04-09, encrypt: ce8d123a9badc46aab7bfac002148c51, id_apl: APL01, key: Klinik Mat
2026-04-09 10:30:15 - getOutlet.php - Aplikasi ditemukan: Ya
2026-04-09 10:30:15 - getOutlet.php - Key aplikasi: YbcJSFjkds...
2026-04-09 10:30:15 - getOutlet.php - Expected encrypt: ce8d123a9badc46aab7bfac002148c51
2026-04-09 10:30:15 - getOutlet.php - Received encrypt: ce8d123a9badc46aab7bfac002148c51
2026-04-09 10:30:15 - getOutlet.php - Authentication berhasil
2026-04-09 10:30:15 - getOutlet.php - Query: SELECT id_out, nama_out, '' AS alamat_out, ofcode_out
            FROM outlet 
            WHERE status_out IN ('Active', '1', 'active')
            AND (nama_out LIKE :key OR ofcode_out LIKE :key)
            ORDER BY nama_out ASC
            LIMIT 20
2026-04-09 10:30:15 - getOutlet.php - Query berhasil, mengembalikan 17 record
2026-04-09 10:30:15 - getOutlet.php - === END REQUEST ===
2026-04-09 03:30:15 - getOutlet.php - === REQUEST GETOUTLET ===
2026-04-09 03:30:15 - getOutlet.php - Method: POST
2026-04-09 03:30:15 - getOutlet.php - POST data: {"tgl":"2026-04-09","encrypt":"ce8d123a9badc46aab7bfac002148c51","id_apl":"APL01","key":"Klinik Mata"}
2026-04-09 10:30:15 - getOutlet.php - Params - tgl: 2026-04-09, encrypt: ce8d123a9badc46aab7bfac002148c51, id_apl: APL01, key: Klinik Mata
2026-04-09 10:30:15 - getOutlet.php - Aplikasi ditemukan: Ya
2026-04-09 10:30:15 - getOutlet.php - Key aplikasi: YbcJSFjkds...
2026-04-09 10:30:15 - getOutlet.php - Expected encrypt: ce8d123a9badc46aab7bfac002148c51
2026-04-09 10:30:15 - getOutlet.php - Received encrypt: ce8d123a9badc46aab7bfac002148c51
2026-04-09 10:30:15 - getOutlet.php - Authentication berhasil
2026-04-09 10:30:15 - getOutlet.php - Query: SELECT id_out, nama_out, '' AS alamat_out, ofcode_out
            FROM outlet 
            WHERE status_out IN ('Active', '1', 'active')
            AND (nama_out LIKE :key OR ofcode_out LIKE :key)
            ORDER BY nama_out ASC
            LIMIT 20
2026-04-09 10:30:15 - getOutlet.php - Query berhasil, mengembalikan 17 record
2026-04-09 10:30:15 - getOutlet.php - === END REQUEST ===
2026-04-09 03:30:16 - getOutlet.php - === REQUEST GETOUTLET ===
2026-04-09 03:30:16 - getOutlet.php - Method: POST
2026-04-09 03:30:16 - getOutlet.php - POST data: {"tgl":"2026-04-09","encrypt":"ce8d123a9badc46aab7bfac002148c51","id_apl":"APL01","key":"Klinik Mata"}
2026-04-09 10:30:16 - getOutlet.php - Params - tgl: 2026-04-09, encrypt: ce8d123a9badc46aab7bfac002148c51, id_apl: APL01, key: Klinik Mata
2026-04-09 10:30:16 - getOutlet.php - Aplikasi ditemukan: Ya
2026-04-09 10:30:16 - getOutlet.php - Key aplikasi: YbcJSFjkds...
2026-04-09 10:30:16 - getOutlet.php - Expected encrypt: ce8d123a9badc46aab7bfac002148c51
2026-04-09 10:30:16 - getOutlet.php - Received encrypt: ce8d123a9badc46aab7bfac002148c51
2026-04-09 10:30:16 - getOutlet.php - Authentication berhasil
2026-04-09 10:30:16 - getOutlet.php - Query: SELECT id_out, nama_out, '' AS alamat_out, ofcode_out
            FROM outlet 
            WHERE status_out IN ('Active', '1', 'active')
            AND (nama_out LIKE :key OR ofcode_out LIKE :key)
            ORDER BY nama_out ASC
            LIMIT 20
2026-04-09 10:30:16 - getOutlet.php - Query berhasil, mengembalikan 17 record
2026-04-09 10:30:16 - getOutlet.php - === END REQUEST ===
2026-04-09 03:30:17 - getOutlet.php - === REQUEST GETOUTLET ===
2026-04-09 03:30:17 - getOutlet.php - Method: POST
2026-04-09 03:30:17 - getOutlet.php - POST data: {"tgl":"2026-04-09","encrypt":"ce8d123a9badc46aab7bfac002148c51","id_apl":"APL01","key":"Klinik Mata O"}
2026-04-09 10:30:17 - getOutlet.php - Params - tgl: 2026-04-09, encrypt: ce8d123a9badc46aab7bfac002148c51, id_apl: APL01, key: Klinik Mata O
2026-04-09 10:30:17 - getOutlet.php - Aplikasi ditemukan: Ya
2026-04-09 10:30:17 - getOutlet.php - Key aplikasi: YbcJSFjkds...
2026-04-09 10:30:17 - getOutlet.php - Expected encrypt: ce8d123a9badc46aab7bfac002148c51
2026-04-09 10:30:17 - getOutlet.php - Received encrypt: ce8d123a9badc46aab7bfac002148c51
2026-04-09 10:30:17 - getOutlet.php - Authentication berhasil
2026-04-09 10:30:17 - getOutlet.php - Query: SELECT id_out, nama_out, '' AS alamat_out, ofcode_out
            FROM outlet 
            WHERE status_out IN ('Active', '1', 'active')
            AND (nama_out LIKE :key OR ofcode_out LIKE :key)
            ORDER BY nama_out ASC
            LIMIT 20
2026-04-09 10:30:17 - getOutlet.php - Query berhasil, mengembalikan 1 record
2026-04-09 10:30:17 - getOutlet.php - === END REQUEST ===
2026-04-09 03:30:18 - getOutlet.php - === REQUEST GETOUTLET ===
2026-04-09 03:30:18 - getOutlet.php - Method: POST
2026-04-09 03:30:18 - getOutlet.php - POST data: {"tgl":"2026-04-09","encrypt":"ce8d123a9badc46aab7bfac002148c51","id_apl":"APL01","key":"Klinik Mata Or"}
2026-04-09 10:30:18 - getOutlet.php - Params - tgl: 2026-04-09, encrypt: ce8d123a9badc46aab7bfac002148c51, id_apl: APL01, key: Klinik Mata Or
2026-04-09 10:30:18 - getOutlet.php - Aplikasi ditemukan: Ya
2026-04-09 10:30:18 - getOutlet.php - Key aplikasi: YbcJSFjkds...
2026-04-09 10:30:18 - getOutlet.php - Expected encrypt: ce8d123a9badc46aab7bfac002148c51
2026-04-09 10:30:18 - getOutlet.php - Received encrypt: ce8d123a9badc46aab7bfac002148c51
2026-04-09 10:30:18 - getOutlet.php - Authentication berhasil
2026-04-09 10:30:18 - getOutlet.php - Query: SELECT id_out, nama_out, '' AS alamat_out, ofcode_out
            FROM outlet 
            WHERE status_out IN ('Active', '1', 'active')
            AND (nama_out LIKE :key OR ofcode_out LIKE :key)
            ORDER BY nama_out ASC
            LIMIT 20
2026-04-09 10:30:18 - getOutlet.php - Query berhasil, mengembalikan 1 record
2026-04-09 10:30:18 - getOutlet.php - === END REQUEST ===
2026-04-09 03:30:18 - getOutlet.php - === REQUEST GETOUTLET ===
2026-04-09 03:30:18 - getOutlet.php - Method: POST
2026-04-09 03:30:18 - getOutlet.php - POST data: {"tgl":"2026-04-09","encrypt":"ce8d123a9badc46aab7bfac002148c51","id_apl":"APL01","key":"Klinik Mata Orb"}
2026-04-09 10:30:18 - getOutlet.php - Params - tgl: 2026-04-09, encrypt: ce8d123a9badc46aab7bfac002148c51, id_apl: APL01, key: Klinik Mata Orb
2026-04-09 10:30:18 - getOutlet.php - Aplikasi ditemukan: Ya
2026-04-09 10:30:18 - getOutlet.php - Key aplikasi: YbcJSFjkds...
2026-04-09 10:30:18 - getOutlet.php - Expected encrypt: ce8d123a9badc46aab7bfac002148c51
2026-04-09 10:30:18 - getOutlet.php - Received encrypt: ce8d123a9badc46aab7bfac002148c51
2026-04-09 10:30:18 - getOutlet.php - Authentication berhasil
2026-04-09 10:30:18 - getOutlet.php - Query: SELECT id_out, nama_out, '' AS alamat_out, ofcode_out
            FROM outlet 
            WHERE status_out IN ('Active', '1', 'active')
            AND (nama_out LIKE :key OR ofcode_out LIKE :key)
            ORDER BY nama_out ASC
            LIMIT 20
2026-04-09 10:30:18 - getOutlet.php - Query berhasil, mengembalikan 1 record
2026-04-09 10:30:18 - getOutlet.php - === END REQUEST ===
2026-04-09 03:30:19 - getOutlet.php - === REQUEST GETOUTLET ===
2026-04-09 03:30:19 - getOutlet.php - Method: POST
2026-04-09 03:30:19 - getOutlet.php - POST data: {"tgl":"2026-04-09","encrypt":"ce8d123a9badc46aab7bfac002148c51","id_apl":"APL01","key":"Klinik Mata Orbi"}
2026-04-09 10:30:19 - getOutlet.php - Params - tgl: 2026-04-09, encrypt: ce8d123a9badc46aab7bfac002148c51, id_apl: APL01, key: Klinik Mata Orbi
2026-04-09 10:30:19 - getOutlet.php - Aplikasi ditemukan: Ya
2026-04-09 10:30:19 - getOutlet.php - Key aplikasi: YbcJSFjkds...
2026-04-09 10:30:19 - getOutlet.php - Expected encrypt: ce8d123a9badc46aab7bfac002148c51
2026-04-09 10:30:19 - getOutlet.php - Received encrypt: ce8d123a9badc46aab7bfac002148c51
2026-04-09 10:30:19 - getOutlet.php - Authentication berhasil
2026-04-09 10:30:19 - getOutlet.php - Query: SELECT id_out, nama_out, '' AS alamat_out, ofcode_out
            FROM outlet 
            WHERE status_out IN ('Active', '1', 'active')
            AND (nama_out LIKE :key OR ofcode_out LIKE :key)
            ORDER BY nama_out ASC
            LIMIT 20
2026-04-09 10:30:19 - getOutlet.php - Query berhasil, mengembalikan 1 record
2026-04-09 10:30:19 - getOutlet.php - === END REQUEST ===
2026-04-09 03:30:19 - getOutlet.php - === REQUEST GETOUTLET ===
2026-04-09 03:30:19 - getOutlet.php - Method: POST
2026-04-09 03:30:19 - getOutlet.php - POST data: {"tgl":"2026-04-09","encrypt":"ce8d123a9badc46aab7bfac002148c51","id_apl":"APL01","key":"Klinik Mata Orbita"}
2026-04-09 10:30:19 - getOutlet.php - Params - tgl: 2026-04-09, encrypt: ce8d123a9badc46aab7bfac002148c51, id_apl: APL01, key: Klinik Mata Orbita
2026-04-09 10:30:19 - getOutlet.php - Aplikasi ditemukan: Ya
2026-04-09 10:30:19 - getOutlet.php - Key aplikasi: YbcJSFjkds...
2026-04-09 10:30:19 - getOutlet.php - Expected encrypt: ce8d123a9badc46aab7bfac002148c51
2026-04-09 10:30:19 - getOutlet.php - Received encrypt: ce8d123a9badc46aab7bfac002148c51
2026-04-09 10:30:19 - getOutlet.php - Authentication berhasil
2026-04-09 10:30:19 - getOutlet.php - Query: SELECT id_out, nama_out, '' AS alamat_out, ofcode_out
            FROM outlet 
            WHERE status_out IN ('Active', '1', 'active')
            AND (nama_out LIKE :key OR ofcode_out LIKE :key)
            ORDER BY nama_out ASC
            LIMIT 20
2026-04-09 10:30:19 - getOutlet.php - Query berhasil, mengembalikan 1 record
2026-04-09 10:30:19 - getOutlet.php - === END REQUEST ===
2026-04-09 03:30:19 - getOutlet.php - === REQUEST GETOUTLET ===
2026-04-09 03:30:19 - getOutlet.php - Method: POST
2026-04-09 03:30:19 - getOutlet.php - POST data: {"tgl":"2026-04-09","encrypt":"ce8d123a9badc46aab7bfac002148c51","id_apl":"APL01","key":"Klinik Mata Orbit"}
2026-04-09 10:30:19 - getOutlet.php - Params - tgl: 2026-04-09, encrypt: ce8d123a9badc46aab7bfac002148c51, id_apl: APL01, key: Klinik Mata Orbit
2026-04-09 10:30:19 - getOutlet.php - Aplikasi ditemukan: Ya
2026-04-09 10:30:19 - getOutlet.php - Key aplikasi: YbcJSFjkds...
2026-04-09 10:30:19 - getOutlet.php - Expected encrypt: ce8d123a9badc46aab7bfac002148c51
2026-04-09 10:30:19 - getOutlet.php - Received encrypt: ce8d123a9badc46aab7bfac002148c51
2026-04-09 10:30:19 - getOutlet.php - Authentication berhasil
2026-04-09 10:30:19 - getOutlet.php - Query: SELECT id_out, nama_out, '' AS alamat_out, ofcode_out
            FROM outlet 
            WHERE status_out IN ('Active', '1', 'active')
            AND (nama_out LIKE :key OR ofcode_out LIKE :key)
            ORDER BY nama_out ASC
            LIMIT 20
2026-04-09 10:30:19 - getOutlet.php - Query berhasil, mengembalikan 1 record
2026-04-09 10:30:19 - getOutlet.php - === END REQUEST ===
2026-04-09 03:30:21 - getOutlet.php - === REQUEST GETOUTLET ===
2026-04-09 03:30:21 - getOutlet.php - Method: POST
2026-04-09 03:30:21 - getOutlet.php - POST data: {"tgl":"2026-04-09","encrypt":"ce8d123a9badc46aab7bfac002148c51","id_apl":"APL01","key":"Klinik Mata Orbita"}
2026-04-09 10:30:21 - getOutlet.php - Params - tgl: 2026-04-09, encrypt: ce8d123a9badc46aab7bfac002148c51, id_apl: APL01, key: Klinik Mata Orbita
2026-04-09 10:30:21 - getOutlet.php - Aplikasi ditemukan: Ya
2026-04-09 10:30:21 - getOutlet.php - Key aplikasi: YbcJSFjkds...
2026-04-09 10:30:21 - getOutlet.php - Expected encrypt: ce8d123a9badc46aab7bfac002148c51
2026-04-09 10:30:21 - getOutlet.php - Received encrypt: ce8d123a9badc46aab7bfac002148c51
2026-04-09 10:30:21 - getOutlet.php - Authentication berhasil
2026-04-09 10:30:21 - getOutlet.php - Query: SELECT id_out, nama_out, '' AS alamat_out, ofcode_out
            FROM outlet 
            WHERE status_out IN ('Active', '1', 'active')
            AND (nama_out LIKE :key OR ofcode_out LIKE :key)
            ORDER BY nama_out ASC
            LIMIT 20
2026-04-09 10:30:21 - getOutlet.php - Query berhasil, mengembalikan 1 record
2026-04-09 10:30:21 - getOutlet.php - === END REQUEST ===
2026-04-09 03:30:40 - getOutlet.php - === REQUEST GETOUTLET ===
2026-04-09 03:30:40 - getOutlet.php - Method: POST
2026-04-09 03:30:40 - getOutlet.php - POST data: {"tgl":"2026-04-09","encrypt":"ce8d123a9badc46aab7bfac002148c51","id_apl":"APL01","key":"Kl"}
2026-04-09 10:30:40 - getOutlet.php - Params - tgl: 2026-04-09, encrypt: ce8d123a9badc46aab7bfac002148c51, id_apl: APL01, key: Kl
2026-04-09 10:30:40 - getOutlet.php - Aplikasi ditemukan: Ya
2026-04-09 10:30:40 - getOutlet.php - Key aplikasi: YbcJSFjkds...
2026-04-09 10:30:40 - getOutlet.php - Expected encrypt: ce8d123a9badc46aab7bfac002148c51
2026-04-09 10:30:40 - getOutlet.php - Received encrypt: ce8d123a9badc46aab7bfac002148c51
2026-04-09 10:30:40 - getOutlet.php - Authentication berhasil
2026-04-09 10:30:40 - getOutlet.php - Query: SELECT id_out, nama_out, '' AS alamat_out, ofcode_out
            FROM outlet 
            WHERE status_out IN ('Active', '1', 'active')
            AND (nama_out LIKE :key OR ofcode_out LIKE :key)
            ORDER BY nama_out ASC
            LIMIT 20
2026-04-09 10:30:40 - getOutlet.php - Query berhasil, mengembalikan 20 record
2026-04-09 10:30:40 - getOutlet.php - === END REQUEST ===
2026-04-09 03:30:40 - getOutlet.php - === REQUEST GETOUTLET ===
2026-04-09 03:30:40 - getOutlet.php - Method: POST
2026-04-09 03:30:40 - getOutlet.php - POST data: {"tgl":"2026-04-09","encrypt":"ce8d123a9badc46aab7bfac002148c51","id_apl":"APL01","key":"Kli"}
2026-04-09 10:30:40 - getOutlet.php - Params - tgl: 2026-04-09, encrypt: ce8d123a9badc46aab7bfac002148c51, id_apl: APL01, key: Kli
2026-04-09 10:30:40 - getOutlet.php - Aplikasi ditemukan: Ya
2026-04-09 10:30:40 - getOutlet.php - Key aplikasi: YbcJSFjkds...
2026-04-09 10:30:40 - getOutlet.php - Expected encrypt: ce8d123a9badc46aab7bfac002148c51
2026-04-09 10:30:40 - getOutlet.php - Received encrypt: ce8d123a9badc46aab7bfac002148c51
2026-04-09 10:30:40 - getOutlet.php - Authentication berhasil
2026-04-09 10:30:40 - getOutlet.php - Query: SELECT id_out, nama_out, '' AS alamat_out, ofcode_out
            FROM outlet 
            WHERE status_out IN ('Active', '1', 'active')
            AND (nama_out LIKE :key OR ofcode_out LIKE :key)
            ORDER BY nama_out ASC
            LIMIT 20
2026-04-09 10:30:40 - getOutlet.php - Query berhasil, mengembalikan 20 record
2026-04-09 10:30:40 - getOutlet.php - === END REQUEST ===
2026-04-09 03:30:41 - getOutlet.php - === REQUEST GETOUTLET ===
2026-04-09 03:30:41 - getOutlet.php - Method: POST
2026-04-09 03:30:41 - getOutlet.php - POST data: {"tgl":"2026-04-09","encrypt":"ce8d123a9badc46aab7bfac002148c51","id_apl":"APL01","key":"Klin"}
2026-04-09 10:30:41 - getOutlet.php - Params - tgl: 2026-04-09, encrypt: ce8d123a9badc46aab7bfac002148c51, id_apl: APL01, key: Klin
2026-04-09 10:30:41 - getOutlet.php - Aplikasi ditemukan: Ya
2026-04-09 10:30:41 - getOutlet.php - Key aplikasi: YbcJSFjkds...
2026-04-09 10:30:41 - getOutlet.php - Expected encrypt: ce8d123a9badc46aab7bfac002148c51
2026-04-09 10:30:41 - getOutlet.php - Received encrypt: ce8d123a9badc46aab7bfac002148c51
2026-04-09 10:30:41 - getOutlet.php - Authentication berhasil
2026-04-09 10:30:41 - getOutlet.php - Query: SELECT id_out, nama_out, '' AS alamat_out, ofcode_out
            FROM outlet 
            WHERE status_out IN ('Active', '1', 'active')
            AND (nama_out LIKE :key OR ofcode_out LIKE :key)
            ORDER BY nama_out ASC
            LIMIT 20
2026-04-09 10:30:41 - getOutlet.php - Query berhasil, mengembalikan 20 record
2026-04-09 10:30:41 - getOutlet.php - === END REQUEST ===
2026-04-09 03:30:41 - getOutlet.php - === REQUEST GETOUTLET ===
2026-04-09 03:30:41 - getOutlet.php - Method: POST
2026-04-09 03:30:41 - getOutlet.php - POST data: {"tgl":"2026-04-09","encrypt":"ce8d123a9badc46aab7bfac002148c51","id_apl":"APL01","key":"Klini"}
2026-04-09 10:30:41 - getOutlet.php - Params - tgl: 2026-04-09, encrypt: ce8d123a9badc46aab7bfac002148c51, id_apl: APL01, key: Klini
2026-04-09 10:30:41 - getOutlet.php - Aplikasi ditemukan: Ya
2026-04-09 10:30:41 - getOutlet.php - Key aplikasi: YbcJSFjkds...
2026-04-09 10:30:41 - getOutlet.php - Expected encrypt: ce8d123a9badc46aab7bfac002148c51
2026-04-09 10:30:41 - getOutlet.php - Received encrypt: ce8d123a9badc46aab7bfac002148c51
2026-04-09 10:30:41 - getOutlet.php - Authentication berhasil
2026-04-09 10:30:41 - getOutlet.php - Query: SELECT id_out, nama_out, '' AS alamat_out, ofcode_out
            FROM outlet 
            WHERE status_out IN ('Active', '1', 'active')
            AND (nama_out LIKE :key OR ofcode_out LIKE :key)
            ORDER BY nama_out ASC
            LIMIT 20
2026-04-09 10:30:41 - getOutlet.php - Query berhasil, mengembalikan 20 record
2026-04-09 10:30:41 - getOutlet.php - === END REQUEST ===
2026-04-09 03:30:41 - getOutlet.php - === REQUEST GETOUTLET ===
2026-04-09 03:30:41 - getOutlet.php - Method: POST
2026-04-09 03:30:41 - getOutlet.php - POST data: {"tgl":"2026-04-09","encrypt":"ce8d123a9badc46aab7bfac002148c51","id_apl":"APL01","key":"Klinik"}
2026-04-09 10:30:41 - getOutlet.php - Params - tgl: 2026-04-09, encrypt: ce8d123a9badc46aab7bfac002148c51, id_apl: APL01, key: Klinik
2026-04-09 10:30:41 - getOutlet.php - Aplikasi ditemukan: Ya
2026-04-09 10:30:41 - getOutlet.php - Key aplikasi: YbcJSFjkds...
2026-04-09 10:30:41 - getOutlet.php - Expected encrypt: ce8d123a9badc46aab7bfac002148c51
2026-04-09 10:30:41 - getOutlet.php - Received encrypt: ce8d123a9badc46aab7bfac002148c51
2026-04-09 10:30:41 - getOutlet.php - Authentication berhasil
2026-04-09 10:30:41 - getOutlet.php - Query: SELECT id_out, nama_out, '' AS alamat_out, ofcode_out
            FROM outlet 
            WHERE status_out IN ('Active', '1', 'active')
            AND (nama_out LIKE :key OR ofcode_out LIKE :key)
            ORDER BY nama_out ASC
            LIMIT 20
2026-04-09 10:30:41 - getOutlet.php - Query berhasil, mengembalikan 20 record
2026-04-09 10:30:41 - getOutlet.php - === END REQUEST ===
2026-04-09 03:30:42 - getOutlet.php - === REQUEST GETOUTLET ===
2026-04-09 03:30:42 - getOutlet.php - Method: POST
2026-04-09 03:30:42 - getOutlet.php - POST data: {"tgl":"2026-04-09","encrypt":"ce8d123a9badc46aab7bfac002148c51","id_apl":"APL01","key":"Klinik"}
2026-04-09 10:30:42 - getOutlet.php - Params - tgl: 2026-04-09, encrypt: ce8d123a9badc46aab7bfac002148c51, id_apl: APL01, key: Klinik
2026-04-09 10:30:42 - getOutlet.php - Aplikasi ditemukan: Ya
2026-04-09 10:30:42 - getOutlet.php - Key aplikasi: YbcJSFjkds...
2026-04-09 10:30:42 - getOutlet.php - Expected encrypt: ce8d123a9badc46aab7bfac002148c51
2026-04-09 10:30:42 - getOutlet.php - Received encrypt: ce8d123a9badc46aab7bfac002148c51
2026-04-09 10:30:42 - getOutlet.php - Authentication berhasil
2026-04-09 10:30:42 - getOutlet.php - Query: SELECT id_out, nama_out, '' AS alamat_out, ofcode_out
            FROM outlet 
            WHERE status_out IN ('Active', '1', 'active')
            AND (nama_out LIKE :key OR ofcode_out LIKE :key)
            ORDER BY nama_out ASC
            LIMIT 20
2026-04-09 10:30:42 - getOutlet.php - Query berhasil, mengembalikan 20 record
2026-04-09 10:30:42 - getOutlet.php - === END REQUEST ===
2026-04-09 03:30:42 - getOutlet.php - === REQUEST GETOUTLET ===
2026-04-09 03:30:42 - getOutlet.php - Method: POST
2026-04-09 03:30:42 - getOutlet.php - POST data: {"tgl":"2026-04-09","encrypt":"ce8d123a9badc46aab7bfac002148c51","id_apl":"APL01","key":"Klinik M"}
2026-04-09 10:30:42 - getOutlet.php - Params - tgl: 2026-04-09, encrypt: ce8d123a9badc46aab7bfac002148c51, id_apl: APL01, key: Klinik M
2026-04-09 10:30:42 - getOutlet.php - Aplikasi ditemukan: Ya
2026-04-09 10:30:42 - getOutlet.php - Key aplikasi: YbcJSFjkds...
2026-04-09 10:30:42 - getOutlet.php - Expected encrypt: ce8d123a9badc46aab7bfac002148c51
2026-04-09 10:30:42 - getOutlet.php - Received encrypt: ce8d123a9badc46aab7bfac002148c51
2026-04-09 10:30:42 - getOutlet.php - Authentication berhasil
2026-04-09 10:30:42 - getOutlet.php - Query: SELECT id_out, nama_out, '' AS alamat_out, ofcode_out
            FROM outlet 
            WHERE status_out IN ('Active', '1', 'active')
            AND (nama_out LIKE :key OR ofcode_out LIKE :key)
            ORDER BY nama_out ASC
            LIMIT 20
2026-04-09 10:30:42 - getOutlet.php - Query berhasil, mengembalikan 18 record
2026-04-09 10:30:42 - getOutlet.php - === END REQUEST ===
2026-04-09 03:30:43 - getOutlet.php - === REQUEST GETOUTLET ===
2026-04-09 03:30:43 - getOutlet.php - Method: POST
2026-04-09 03:30:43 - getOutlet.php - POST data: {"tgl":"2026-04-09","encrypt":"ce8d123a9badc46aab7bfac002148c51","id_apl":"APL01","key":"Klinik Ma"}
2026-04-09 10:30:43 - getOutlet.php - Params - tgl: 2026-04-09, encrypt: ce8d123a9badc46aab7bfac002148c51, id_apl: APL01, key: Klinik Ma
2026-04-09 10:30:43 - getOutlet.php - Aplikasi ditemukan: Ya
2026-04-09 10:30:43 - getOutlet.php - Key aplikasi: YbcJSFjkds...
2026-04-09 10:30:43 - getOutlet.php - Expected encrypt: ce8d123a9badc46aab7bfac002148c51
2026-04-09 10:30:43 - getOutlet.php - Received encrypt: ce8d123a9badc46aab7bfac002148c51
2026-04-09 10:30:43 - getOutlet.php - Authentication berhasil
2026-04-09 10:30:43 - getOutlet.php - Query: SELECT id_out, nama_out, '' AS alamat_out, ofcode_out
            FROM outlet 
            WHERE status_out IN ('Active', '1', 'active')
            AND (nama_out LIKE :key OR ofcode_out LIKE :key)
            ORDER BY nama_out ASC
            LIMIT 20
2026-04-09 10:30:43 - getOutlet.php - Query berhasil, mengembalikan 17 record
2026-04-09 10:30:43 - getOutlet.php - === END REQUEST ===
2026-04-09 03:30:43 - getOutlet.php - === REQUEST GETOUTLET ===
2026-04-09 03:30:43 - getOutlet.php - Method: POST
2026-04-09 03:30:43 - getOutlet.php - POST data: {"tgl":"2026-04-09","encrypt":"ce8d123a9badc46aab7bfac002148c51","id_apl":"APL01","key":"Klinik Mat"}
2026-04-09 10:30:43 - getOutlet.php - Params - tgl: 2026-04-09, encrypt: ce8d123a9badc46aab7bfac002148c51, id_apl: APL01, key: Klinik Mat
2026-04-09 10:30:43 - getOutlet.php - Aplikasi ditemukan: Ya
2026-04-09 10:30:43 - getOutlet.php - Key aplikasi: YbcJSFjkds...
2026-04-09 10:30:43 - getOutlet.php - Expected encrypt: ce8d123a9badc46aab7bfac002148c51
2026-04-09 10:30:43 - getOutlet.php - Received encrypt: ce8d123a9badc46aab7bfac002148c51
2026-04-09 10:30:43 - getOutlet.php - Authentication berhasil
2026-04-09 10:30:43 - getOutlet.php - Query: SELECT id_out, nama_out, '' AS alamat_out, ofcode_out
            FROM outlet 
            WHERE status_out IN ('Active', '1', 'active')
            AND (nama_out LIKE :key OR ofcode_out LIKE :key)
            ORDER BY nama_out ASC
            LIMIT 20
2026-04-09 10:30:43 - getOutlet.php - Query berhasil, mengembalikan 17 record
2026-04-09 10:30:43 - getOutlet.php - === END REQUEST ===
2026-04-09 03:30:44 - getOutlet.php - === REQUEST GETOUTLET ===
2026-04-09 03:30:44 - getOutlet.php - Method: POST
2026-04-09 03:30:44 - getOutlet.php - POST data: {"tgl":"2026-04-09","encrypt":"ce8d123a9badc46aab7bfac002148c51","id_apl":"APL01","key":"Klinik Mata"}
2026-04-09 10:30:44 - getOutlet.php - Params - tgl: 2026-04-09, encrypt: ce8d123a9badc46aab7bfac002148c51, id_apl: APL01, key: Klinik Mata
2026-04-09 10:30:44 - getOutlet.php - Aplikasi ditemukan: Ya
2026-04-09 10:30:44 - getOutlet.php - Key aplikasi: YbcJSFjkds...
2026-04-09 10:30:44 - getOutlet.php - Expected encrypt: ce8d123a9badc46aab7bfac002148c51
2026-04-09 10:30:44 - getOutlet.php - Received encrypt: ce8d123a9badc46aab7bfac002148c51
2026-04-09 10:30:44 - getOutlet.php - Authentication berhasil
2026-04-09 10:30:44 - getOutlet.php - Query: SELECT id_out, nama_out, '' AS alamat_out, ofcode_out
            FROM outlet 
            WHERE status_out IN ('Active', '1', 'active')
            AND (nama_out LIKE :key OR ofcode_out LIKE :key)
            ORDER BY nama_out ASC
            LIMIT 20
2026-04-09 10:30:44 - getOutlet.php - Query berhasil, mengembalikan 17 record
2026-04-09 10:30:44 - getOutlet.php - === END REQUEST ===
2026-04-09 03:30:44 - getOutlet.php - === REQUEST GETOUTLET ===
2026-04-09 03:30:44 - getOutlet.php - Method: POST
2026-04-09 03:30:44 - getOutlet.php - POST data: {"tgl":"2026-04-09","encrypt":"ce8d123a9badc46aab7bfac002148c51","id_apl":"APL01","key":"Klinik Mata"}
2026-04-09 10:30:44 - getOutlet.php - Params - tgl: 2026-04-09, encrypt: ce8d123a9badc46aab7bfac002148c51, id_apl: APL01, key: Klinik Mata
2026-04-09 10:30:44 - getOutlet.php - Aplikasi ditemukan: Ya
2026-04-09 10:30:44 - getOutlet.php - Key aplikasi: YbcJSFjkds...
2026-04-09 10:30:44 - getOutlet.php - Expected encrypt: ce8d123a9badc46aab7bfac002148c51
2026-04-09 10:30:44 - getOutlet.php - Received encrypt: ce8d123a9badc46aab7bfac002148c51
2026-04-09 10:30:44 - getOutlet.php - Authentication berhasil
2026-04-09 10:30:44 - getOutlet.php - Query: SELECT id_out, nama_out, '' AS alamat_out, ofcode_out
            FROM outlet 
            WHERE status_out IN ('Active', '1', 'active')
            AND (nama_out LIKE :key OR ofcode_out LIKE :key)
            ORDER BY nama_out ASC
            LIMIT 20
2026-04-09 10:30:44 - getOutlet.php - Query berhasil, mengembalikan 17 record
2026-04-09 10:30:44 - getOutlet.php - === END REQUEST ===
2026-04-09 03:30:45 - getOutlet.php - === REQUEST GETOUTLET ===
2026-04-09 03:30:45 - getOutlet.php - Method: POST
2026-04-09 03:30:45 - getOutlet.php - POST data: {"tgl":"2026-04-09","encrypt":"ce8d123a9badc46aab7bfac002148c51","id_apl":"APL01","key":"Klinik Mata O"}
2026-04-09 10:30:45 - getOutlet.php - Params - tgl: 2026-04-09, encrypt: ce8d123a9badc46aab7bfac002148c51, id_apl: APL01, key: Klinik Mata O
2026-04-09 10:30:45 - getOutlet.php - Aplikasi ditemukan: Ya
2026-04-09 10:30:45 - getOutlet.php - Key aplikasi: YbcJSFjkds...
2026-04-09 10:30:45 - getOutlet.php - Expected encrypt: ce8d123a9badc46aab7bfac002148c51
2026-04-09 10:30:45 - getOutlet.php - Received encrypt: ce8d123a9badc46aab7bfac002148c51
2026-04-09 10:30:45 - getOutlet.php - Authentication berhasil
2026-04-09 10:30:45 - getOutlet.php - Query: SELECT id_out, nama_out, '' AS alamat_out, ofcode_out
            FROM outlet 
            WHERE status_out IN ('Active', '1', 'active')
            AND (nama_out LIKE :key OR ofcode_out LIKE :key)
            ORDER BY nama_out ASC
            LIMIT 20
2026-04-09 10:30:45 - getOutlet.php - Query berhasil, mengembalikan 1 record
2026-04-09 10:30:45 - getOutlet.php - === END REQUEST ===
2026-04-09 03:30:45 - getOutlet.php - === REQUEST GETOUTLET ===
2026-04-09 03:30:45 - getOutlet.php - Method: POST
2026-04-09 03:30:45 - getOutlet.php - POST data: {"tgl":"2026-04-09","encrypt":"ce8d123a9badc46aab7bfac002148c51","id_apl":"APL01","key":"Klinik Mata Or"}
2026-04-09 10:30:45 - getOutlet.php - Params - tgl: 2026-04-09, encrypt: ce8d123a9badc46aab7bfac002148c51, id_apl: APL01, key: Klinik Mata Or
2026-04-09 10:30:45 - getOutlet.php - Aplikasi ditemukan: Ya
2026-04-09 10:30:45 - getOutlet.php - Key aplikasi: YbcJSFjkds...
2026-04-09 10:30:45 - getOutlet.php - Expected encrypt: ce8d123a9badc46aab7bfac002148c51
2026-04-09 10:30:45 - getOutlet.php - Received encrypt: ce8d123a9badc46aab7bfac002148c51
2026-04-09 10:30:45 - getOutlet.php - Authentication berhasil
2026-04-09 10:30:45 - getOutlet.php - Query: SELECT id_out, nama_out, '' AS alamat_out, ofcode_out
            FROM outlet 
            WHERE status_out IN ('Active', '1', 'active')
            AND (nama_out LIKE :key OR ofcode_out LIKE :key)
            ORDER BY nama_out ASC
            LIMIT 20
2026-04-09 10:30:45 - getOutlet.php - Query berhasil, mengembalikan 1 record
2026-04-09 10:30:45 - getOutlet.php - === END REQUEST ===
2026-04-09 03:30:46 - getOutlet.php - === REQUEST GETOUTLET ===
2026-04-09 03:30:46 - getOutlet.php - Method: POST
2026-04-09 03:30:46 - getOutlet.php - POST data: {"tgl":"2026-04-09","encrypt":"ce8d123a9badc46aab7bfac002148c51","id_apl":"APL01","key":"Klinik Mata Orb"}
2026-04-09 10:30:46 - getOutlet.php - Params - tgl: 2026-04-09, encrypt: ce8d123a9badc46aab7bfac002148c51, id_apl: APL01, key: Klinik Mata Orb
2026-04-09 10:30:46 - getOutlet.php - Aplikasi ditemukan: Ya
2026-04-09 10:30:46 - getOutlet.php - Key aplikasi: YbcJSFjkds...
2026-04-09 10:30:46 - getOutlet.php - Expected encrypt: ce8d123a9badc46aab7bfac002148c51
2026-04-09 10:30:46 - getOutlet.php - Received encrypt: ce8d123a9badc46aab7bfac002148c51
2026-04-09 10:30:46 - getOutlet.php - Authentication berhasil
2026-04-09 10:30:46 - getOutlet.php - Query: SELECT id_out, nama_out, '' AS alamat_out, ofcode_out
            FROM outlet 
            WHERE status_out IN ('Active', '1', 'active')
            AND (nama_out LIKE :key OR ofcode_out LIKE :key)
            ORDER BY nama_out ASC
            LIMIT 20
2026-04-09 10:30:46 - getOutlet.php - Query berhasil, mengembalikan 1 record
2026-04-09 10:30:46 - getOutlet.php - === END REQUEST ===
2026-04-09 03:30:46 - getOutlet.php - === REQUEST GETOUTLET ===
2026-04-09 03:30:46 - getOutlet.php - Method: POST
2026-04-09 03:30:46 - getOutlet.php - POST data: {"tgl":"2026-04-09","encrypt":"ce8d123a9badc46aab7bfac002148c51","id_apl":"APL01","key":"Klinik Mata Orbi"}
2026-04-09 10:30:46 - getOutlet.php - Params - tgl: 2026-04-09, encrypt: ce8d123a9badc46aab7bfac002148c51, id_apl: APL01, key: Klinik Mata Orbi
2026-04-09 10:30:46 - getOutlet.php - Aplikasi ditemukan: Ya
2026-04-09 10:30:46 - getOutlet.php - Key aplikasi: YbcJSFjkds...
2026-04-09 10:30:46 - getOutlet.php - Expected encrypt: ce8d123a9badc46aab7bfac002148c51
2026-04-09 10:30:46 - getOutlet.php - Received encrypt: ce8d123a9badc46aab7bfac002148c51
2026-04-09 10:30:46 - getOutlet.php - Authentication berhasil
2026-04-09 10:30:46 - getOutlet.php - Query: SELECT id_out, nama_out, '' AS alamat_out, ofcode_out
            FROM outlet 
            WHERE status_out IN ('Active', '1', 'active')
            AND (nama_out LIKE :key OR ofcode_out LIKE :key)
            ORDER BY nama_out ASC
            LIMIT 20
2026-04-09 10:30:46 - getOutlet.php - Query berhasil, mengembalikan 1 record
2026-04-09 10:30:46 - getOutlet.php - === END REQUEST ===
2026-04-09 03:30:47 - getOutlet.php - === REQUEST GETOUTLET ===
2026-04-09 03:30:47 - getOutlet.php - Method: POST
2026-04-09 03:30:47 - getOutlet.php - POST data: {"tgl":"2026-04-09","encrypt":"ce8d123a9badc46aab7bfac002148c51","id_apl":"APL01","key":"Klinik Mata Orbit"}
2026-04-09 10:30:47 - getOutlet.php - Params - tgl: 2026-04-09, encrypt: ce8d123a9badc46aab7bfac002148c51, id_apl: APL01, key: Klinik Mata Orbit
2026-04-09 10:30:47 - getOutlet.php - Aplikasi ditemukan: Ya
2026-04-09 10:30:47 - getOutlet.php - Key aplikasi: YbcJSFjkds...
2026-04-09 10:30:47 - getOutlet.php - Expected encrypt: ce8d123a9badc46aab7bfac002148c51
2026-04-09 10:30:47 - getOutlet.php - Received encrypt: ce8d123a9badc46aab7bfac002148c51
2026-04-09 10:30:47 - getOutlet.php - Authentication berhasil
2026-04-09 10:30:47 - getOutlet.php - Query: SELECT id_out, nama_out, '' AS alamat_out, ofcode_out
            FROM outlet 
            WHERE status_out IN ('Active', '1', 'active')
            AND (nama_out LIKE :key OR ofcode_out LIKE :key)
            ORDER BY nama_out ASC
            LIMIT 20
2026-04-09 10:30:47 - getOutlet.php - Query berhasil, mengembalikan 1 record
2026-04-09 10:30:47 - getOutlet.php - === END REQUEST ===
2026-04-09 03:30:47 - getOutlet.php - === REQUEST GETOUTLET ===
2026-04-09 03:30:47 - getOutlet.php - Method: POST
2026-04-09 03:30:47 - getOutlet.php - POST data: {"tgl":"2026-04-09","encrypt":"ce8d123a9badc46aab7bfac002148c51","id_apl":"APL01","key":"Klinik Mata Orbita"}
2026-04-09 10:30:47 - getOutlet.php - Params - tgl: 2026-04-09, encrypt: ce8d123a9badc46aab7bfac002148c51, id_apl: APL01, key: Klinik Mata Orbita
2026-04-09 10:30:47 - getOutlet.php - Aplikasi ditemukan: Ya
2026-04-09 10:30:47 - getOutlet.php - Key aplikasi: YbcJSFjkds...
2026-04-09 10:30:47 - getOutlet.php - Expected encrypt: ce8d123a9badc46aab7bfac002148c51
2026-04-09 10:30:47 - getOutlet.php - Received encrypt: ce8d123a9badc46aab7bfac002148c51
2026-04-09 10:30:47 - getOutlet.php - Authentication berhasil
2026-04-09 10:30:47 - getOutlet.php - Query: SELECT id_out, nama_out, '' AS alamat_out, ofcode_out
            FROM outlet 
            WHERE status_out IN ('Active', '1', 'active')
            AND (nama_out LIKE :key OR ofcode_out LIKE :key)
            ORDER BY nama_out ASC
            LIMIT 20
2026-04-09 10:30:47 - getOutlet.php - Query berhasil, mengembalikan 1 record
2026-04-09 10:30:47 - getOutlet.php - === END REQUEST ===
2026-04-09 03:30:49 - getOutlet.php - === REQUEST GETOUTLET ===
2026-04-09 03:30:49 - getOutlet.php - Method: POST
2026-04-09 03:30:49 - getOutlet.php - POST data: {"tgl":"2026-04-09","encrypt":"ce8d123a9badc46aab7bfac002148c51","id_apl":"APL01","key":"Klinik Mata Orbita"}
2026-04-09 10:30:49 - getOutlet.php - Params - tgl: 2026-04-09, encrypt: ce8d123a9badc46aab7bfac002148c51, id_apl: APL01, key: Klinik Mata Orbita
2026-04-09 10:30:49 - getOutlet.php - Aplikasi ditemukan: Ya
2026-04-09 10:30:49 - getOutlet.php - Key aplikasi: YbcJSFjkds...
2026-04-09 10:30:49 - getOutlet.php - Expected encrypt: ce8d123a9badc46aab7bfac002148c51
2026-04-09 10:30:49 - getOutlet.php - Received encrypt: ce8d123a9badc46aab7bfac002148c51
2026-04-09 10:30:49 - getOutlet.php - Authentication berhasil
2026-04-09 10:30:49 - getOutlet.php - Query: SELECT id_out, nama_out, '' AS alamat_out, ofcode_out
            FROM outlet 
            WHERE status_out IN ('Active', '1', 'active')
            AND (nama_out LIKE :key OR ofcode_out LIKE :key)
            ORDER BY nama_out ASC
            LIMIT 20
2026-04-09 10:30:49 - getOutlet.php - Query berhasil, mengembalikan 1 record
2026-04-09 10:30:49 - getOutlet.php - === END REQUEST ===
2026-04-09 03:31:19 - getOutlet.php - === REQUEST GETOUTLET ===
2026-04-09 03:31:19 - getOutlet.php - Method: POST
2026-04-09 03:31:19 - getOutlet.php - POST data: {"tgl":"2026-04-09","encrypt":"ce8d123a9badc46aab7bfac002148c51","id_apl":"APL01","key":"SM"}
2026-04-09 10:31:19 - getOutlet.php - Params - tgl: 2026-04-09, encrypt: ce8d123a9badc46aab7bfac002148c51, id_apl: APL01, key: SM
2026-04-09 10:31:19 - getOutlet.php - Aplikasi ditemukan: Ya
2026-04-09 10:31:19 - getOutlet.php - Key aplikasi: YbcJSFjkds...
2026-04-09 10:31:19 - getOutlet.php - Expected encrypt: ce8d123a9badc46aab7bfac002148c51
2026-04-09 10:31:19 - getOutlet.php - Received encrypt: ce8d123a9badc46aab7bfac002148c51
2026-04-09 10:31:19 - getOutlet.php - Authentication berhasil
2026-04-09 10:31:19 - getOutlet.php - Query: SELECT id_out, nama_out, '' AS alamat_out, ofcode_out
            FROM outlet 
            WHERE status_out IN ('Active', '1', 'active')
            AND (nama_out LIKE :key OR ofcode_out LIKE :key)
            ORDER BY nama_out ASC
            LIMIT 20
2026-04-09 10:31:19 - getOutlet.php - Query berhasil, mengembalikan 20 record
2026-04-09 10:31:19 - getOutlet.php - === END REQUEST ===
2026-04-09 03:31:20 - getOutlet.php - === REQUEST GETOUTLET ===
2026-04-09 03:31:20 - getOutlet.php - Method: POST
2026-04-09 03:31:20 - getOutlet.php - POST data: {"tgl":"2026-04-09","encrypt":"ce8d123a9badc46aab7bfac002148c51","id_apl":"APL01","key":"SME"}
2026-04-09 10:31:20 - getOutlet.php - Params - tgl: 2026-04-09, encrypt: ce8d123a9badc46aab7bfac002148c51, id_apl: APL01, key: SME
2026-04-09 10:31:20 - getOutlet.php - Aplikasi ditemukan: Ya
2026-04-09 10:31:20 - getOutlet.php - Key aplikasi: YbcJSFjkds...
2026-04-09 10:31:20 - getOutlet.php - Expected encrypt: ce8d123a9badc46aab7bfac002148c51
2026-04-09 10:31:20 - getOutlet.php - Received encrypt: ce8d123a9badc46aab7bfac002148c51
2026-04-09 10:31:20 - getOutlet.php - Authentication berhasil
2026-04-09 10:31:20 - getOutlet.php - Query: SELECT id_out, nama_out, '' AS alamat_out, ofcode_out
            FROM outlet 
            WHERE status_out IN ('Active', '1', 'active')
            AND (nama_out LIKE :key OR ofcode_out LIKE :key)
            ORDER BY nama_out ASC
            LIMIT 20
2026-04-09 10:31:20 - getOutlet.php - Query berhasil, mengembalikan 6 record
2026-04-09 10:31:20 - getOutlet.php - === END REQUEST ===
2026-04-09 03:31:20 - getOutlet.php - === REQUEST GETOUTLET ===
2026-04-09 03:31:20 - getOutlet.php - Method: POST
2026-04-09 03:31:20 - getOutlet.php - POST data: {"tgl":"2026-04-09","encrypt":"ce8d123a9badc46aab7bfac002148c51","id_apl":"APL01","key":"SMES"}
2026-04-09 10:31:20 - getOutlet.php - Params - tgl: 2026-04-09, encrypt: ce8d123a9badc46aab7bfac002148c51, id_apl: APL01, key: SMES
2026-04-09 10:31:20 - getOutlet.php - Aplikasi ditemukan: Ya
2026-04-09 10:31:20 - getOutlet.php - Key aplikasi: YbcJSFjkds...
2026-04-09 10:31:20 - getOutlet.php - Expected encrypt: ce8d123a9badc46aab7bfac002148c51
2026-04-09 10:31:20 - getOutlet.php - Received encrypt: ce8d123a9badc46aab7bfac002148c51
2026-04-09 10:31:20 - getOutlet.php - Authentication berhasil
2026-04-09 10:31:20 - getOutlet.php - Query: SELECT id_out, nama_out, '' AS alamat_out, ofcode_out
            FROM outlet 
            WHERE status_out IN ('Active', '1', 'active')
            AND (nama_out LIKE :key OR ofcode_out LIKE :key)
            ORDER BY nama_out ASC
            LIMIT 20
2026-04-09 10:31:20 - getOutlet.php - Query berhasil, mengembalikan 0 record
2026-04-09 10:31:20 - getOutlet.php - === END REQUEST ===
2026-04-09 03:31:21 - getOutlet.php - === REQUEST GETOUTLET ===
2026-04-09 03:31:21 - getOutlet.php - Method: POST
2026-04-09 03:31:21 - getOutlet.php - POST data: {"tgl":"2026-04-09","encrypt":"ce8d123a9badc46aab7bfac002148c51","id_apl":"APL01","key":"SME"}
2026-04-09 10:31:21 - getOutlet.php - Params - tgl: 2026-04-09, encrypt: ce8d123a9badc46aab7bfac002148c51, id_apl: APL01, key: SME
2026-04-09 10:31:21 - getOutlet.php - Aplikasi ditemukan: Ya
2026-04-09 10:31:21 - getOutlet.php - Key aplikasi: YbcJSFjkds...
2026-04-09 10:31:21 - getOutlet.php - Expected encrypt: ce8d123a9badc46aab7bfac002148c51
2026-04-09 10:31:21 - getOutlet.php - Received encrypt: ce8d123a9badc46aab7bfac002148c51
2026-04-09 10:31:21 - getOutlet.php - Authentication berhasil
2026-04-09 10:31:21 - getOutlet.php - Query: SELECT id_out, nama_out, '' AS alamat_out, ofcode_out
            FROM outlet 
            WHERE status_out IN ('Active', '1', 'active')
            AND (nama_out LIKE :key OR ofcode_out LIKE :key)
            ORDER BY nama_out ASC
            LIMIT 20
2026-04-09 10:31:21 - getOutlet.php - Query berhasil, mengembalikan 6 record
2026-04-09 10:31:21 - getOutlet.php - === END REQUEST ===
2026-04-09 03:31:21 - getOutlet.php - === REQUEST GETOUTLET ===
2026-04-09 03:31:21 - getOutlet.php - Method: POST
2026-04-09 03:31:21 - getOutlet.php - POST data: {"tgl":"2026-04-09","encrypt":"ce8d123a9badc46aab7bfac002148c51","id_apl":"APL01","key":"SMED"}
2026-04-09 10:31:21 - getOutlet.php - Params - tgl: 2026-04-09, encrypt: ce8d123a9badc46aab7bfac002148c51, id_apl: APL01, key: SMED
2026-04-09 10:31:21 - getOutlet.php - Aplikasi ditemukan: Ya
2026-04-09 10:31:21 - getOutlet.php - Key aplikasi: YbcJSFjkds...
2026-04-09 10:31:21 - getOutlet.php - Expected encrypt: ce8d123a9badc46aab7bfac002148c51
2026-04-09 10:31:21 - getOutlet.php - Received encrypt: ce8d123a9badc46aab7bfac002148c51
2026-04-09 10:31:21 - getOutlet.php - Authentication berhasil
2026-04-09 10:31:21 - getOutlet.php - Query: SELECT id_out, nama_out, '' AS alamat_out, ofcode_out
            FROM outlet 
            WHERE status_out IN ('Active', '1', 'active')
            AND (nama_out LIKE :key OR ofcode_out LIKE :key)
            ORDER BY nama_out ASC
            LIMIT 20
2026-04-09 10:31:21 - getOutlet.php - Query berhasil, mengembalikan 0 record
2026-04-09 10:31:21 - getOutlet.php - === END REQUEST ===
2026-04-09 03:31:22 - getOutlet.php - === REQUEST GETOUTLET ===
2026-04-09 03:31:22 - getOutlet.php - Method: POST
2026-04-09 03:31:22 - getOutlet.php - POST data: {"tgl":"2026-04-09","encrypt":"ce8d123a9badc46aab7bfac002148c51","id_apl":"APL01","key":"SME"}
2026-04-09 10:31:22 - getOutlet.php - Params - tgl: 2026-04-09, encrypt: ce8d123a9badc46aab7bfac002148c51, id_apl: APL01, key: SME
2026-04-09 10:31:22 - getOutlet.php - Aplikasi ditemukan: Ya
2026-04-09 10:31:22 - getOutlet.php - Key aplikasi: YbcJSFjkds...
2026-04-09 10:31:22 - getOutlet.php - Expected encrypt: ce8d123a9badc46aab7bfac002148c51
2026-04-09 10:31:22 - getOutlet.php - Received encrypt: ce8d123a9badc46aab7bfac002148c51
2026-04-09 10:31:22 - getOutlet.php - Authentication berhasil
2026-04-09 10:31:22 - getOutlet.php - Query: SELECT id_out, nama_out, '' AS alamat_out, ofcode_out
            FROM outlet 
            WHERE status_out IN ('Active', '1', 'active')
            AND (nama_out LIKE :key OR ofcode_out LIKE :key)
            ORDER BY nama_out ASC
            LIMIT 20
2026-04-09 10:31:22 - getOutlet.php - Query berhasil, mengembalikan 6 record
2026-04-09 10:31:22 - getOutlet.php - === END REQUEST ===
2026-04-09 03:31:23 - getOutlet.php - === REQUEST GETOUTLET ===
2026-04-09 03:31:23 - getOutlet.php - Method: POST
2026-04-09 03:31:23 - getOutlet.php - POST data: {"tgl":"2026-04-09","encrypt":"ce8d123a9badc46aab7bfac002148c51","id_apl":"APL01","key":"SMEC"}
2026-04-09 10:31:23 - getOutlet.php - Params - tgl: 2026-04-09, encrypt: ce8d123a9badc46aab7bfac002148c51, id_apl: APL01, key: SMEC
2026-04-09 10:31:23 - getOutlet.php - Aplikasi ditemukan: Ya
2026-04-09 10:31:23 - getOutlet.php - Key aplikasi: YbcJSFjkds...
2026-04-09 10:31:23 - getOutlet.php - Expected encrypt: ce8d123a9badc46aab7bfac002148c51
2026-04-09 10:31:23 - getOutlet.php - Received encrypt: ce8d123a9badc46aab7bfac002148c51
2026-04-09 10:31:23 - getOutlet.php - Authentication berhasil
2026-04-09 10:31:23 - getOutlet.php - Query: SELECT id_out, nama_out, '' AS alamat_out, ofcode_out
            FROM outlet 
            WHERE status_out IN ('Active', '1', 'active')
            AND (nama_out LIKE :key OR ofcode_out LIKE :key)
            ORDER BY nama_out ASC
            LIMIT 20
2026-04-09 10:31:23 - getOutlet.php - Query berhasil, mengembalikan 6 record
2026-04-09 10:31:23 - getOutlet.php - === END REQUEST ===
2026-04-09 03:31:23 - getOutlet.php - === REQUEST GETOUTLET ===
2026-04-09 03:31:23 - getOutlet.php - Method: POST
2026-04-09 03:31:23 - getOutlet.php - POST data: {"tgl":"2026-04-09","encrypt":"ce8d123a9badc46aab7bfac002148c51","id_apl":"APL01","key":"SMEC"}
2026-04-09 10:31:23 - getOutlet.php - Params - tgl: 2026-04-09, encrypt: ce8d123a9badc46aab7bfac002148c51, id_apl: APL01, key: SMEC
2026-04-09 10:31:23 - getOutlet.php - Aplikasi ditemukan: Ya
2026-04-09 10:31:23 - getOutlet.php - Key aplikasi: YbcJSFjkds...
2026-04-09 10:31:23 - getOutlet.php - Expected encrypt: ce8d123a9badc46aab7bfac002148c51
2026-04-09 10:31:23 - getOutlet.php - Received encrypt: ce8d123a9badc46aab7bfac002148c51
2026-04-09 10:31:23 - getOutlet.php - Authentication berhasil
2026-04-09 10:31:23 - getOutlet.php - Query: SELECT id_out, nama_out, '' AS alamat_out, ofcode_out
            FROM outlet 
            WHERE status_out IN ('Active', '1', 'active')
            AND (nama_out LIKE :key OR ofcode_out LIKE :key)
            ORDER BY nama_out ASC
            LIMIT 20
2026-04-09 10:31:23 - getOutlet.php - Query berhasil, mengembalikan 6 record
2026-04-09 10:31:23 - getOutlet.php - === END REQUEST ===
2026-04-09 03:31:24 - getOutlet.php - === REQUEST GETOUTLET ===
2026-04-09 03:31:24 - getOutlet.php - Method: POST
2026-04-09 03:31:24 - getOutlet.php - POST data: {"tgl":"2026-04-09","encrypt":"ce8d123a9badc46aab7bfac002148c51","id_apl":"APL01","key":"SMEC G"}
2026-04-09 10:31:24 - getOutlet.php - Params - tgl: 2026-04-09, encrypt: ce8d123a9badc46aab7bfac002148c51, id_apl: APL01, key: SMEC G
2026-04-09 10:31:24 - getOutlet.php - Aplikasi ditemukan: Ya
2026-04-09 10:31:24 - getOutlet.php - Key aplikasi: YbcJSFjkds...
2026-04-09 10:31:24 - getOutlet.php - Expected encrypt: ce8d123a9badc46aab7bfac002148c51
2026-04-09 10:31:24 - getOutlet.php - Received encrypt: ce8d123a9badc46aab7bfac002148c51
2026-04-09 10:31:24 - getOutlet.php - Authentication berhasil
2026-04-09 10:31:24 - getOutlet.php - Query: SELECT id_out, nama_out, '' AS alamat_out, ofcode_out
            FROM outlet 
            WHERE status_out IN ('Active', '1', 'active')
            AND (nama_out LIKE :key OR ofcode_out LIKE :key)
            ORDER BY nama_out ASC
            LIMIT 20
2026-04-09 10:31:24 - getOutlet.php - Query berhasil, mengembalikan 3 record
2026-04-09 10:31:24 - getOutlet.php - === END REQUEST ===
2026-04-09 03:31:25 - getOutlet.php - === REQUEST GETOUTLET ===
2026-04-09 03:31:25 - getOutlet.php - Method: POST
2026-04-09 03:31:25 - getOutlet.php - POST data: {"tgl":"2026-04-09","encrypt":"ce8d123a9badc46aab7bfac002148c51","id_apl":"APL01","key":"SMEC GO"}
2026-04-09 10:31:25 - getOutlet.php - Params - tgl: 2026-04-09, encrypt: ce8d123a9badc46aab7bfac002148c51, id_apl: APL01, key: SMEC GO
2026-04-09 10:31:25 - getOutlet.php - Aplikasi ditemukan: Ya
2026-04-09 10:31:25 - getOutlet.php - Key aplikasi: YbcJSFjkds...
2026-04-09 10:31:25 - getOutlet.php - Expected encrypt: ce8d123a9badc46aab7bfac002148c51
2026-04-09 10:31:25 - getOutlet.php - Received encrypt: ce8d123a9badc46aab7bfac002148c51
2026-04-09 10:31:25 - getOutlet.php - Authentication berhasil
2026-04-09 10:31:25 - getOutlet.php - Query: SELECT id_out, nama_out, '' AS alamat_out, ofcode_out
            FROM outlet 
            WHERE status_out IN ('Active', '1', 'active')
            AND (nama_out LIKE :key OR ofcode_out LIKE :key)
            ORDER BY nama_out ASC
            LIMIT 20
2026-04-09 10:31:25 - getOutlet.php - Query berhasil, mengembalikan 1 record
2026-04-09 10:31:25 - getOutlet.php - === END REQUEST ===
2026-04-09 03:31:26 - getOutlet.php - === REQUEST GETOUTLET ===
2026-04-09 03:31:26 - getOutlet.php - Method: POST
2026-04-09 03:31:26 - getOutlet.php - POST data: {"tgl":"2026-04-09","encrypt":"ce8d123a9badc46aab7bfac002148c51","id_apl":"APL01","key":"SMEC GOR"}
2026-04-09 10:31:26 - getOutlet.php - Params - tgl: 2026-04-09, encrypt: ce8d123a9badc46aab7bfac002148c51, id_apl: APL01, key: SMEC GOR
2026-04-09 10:31:26 - getOutlet.php - Aplikasi ditemukan: Ya
2026-04-09 10:31:26 - getOutlet.php - Key aplikasi: YbcJSFjkds...
2026-04-09 10:31:26 - getOutlet.php - Expected encrypt: ce8d123a9badc46aab7bfac002148c51
2026-04-09 10:31:26 - getOutlet.php - Received encrypt: ce8d123a9badc46aab7bfac002148c51
2026-04-09 10:31:26 - getOutlet.php - Authentication berhasil
2026-04-09 10:31:26 - getOutlet.php - Query: SELECT id_out, nama_out, '' AS alamat_out, ofcode_out
            FROM outlet 
            WHERE status_out IN ('Active', '1', 'active')
            AND (nama_out LIKE :key OR ofcode_out LIKE :key)
            ORDER BY nama_out ASC
            LIMIT 20
2026-04-09 10:31:26 - getOutlet.php - Query berhasil, mengembalikan 1 record
2026-04-09 10:31:26 - getOutlet.php - === END REQUEST ===
2026-04-09 03:32:16 - getOutlet.php - === REQUEST GETOUTLET ===
2026-04-09 03:32:16 - getOutlet.php - Method: POST
2026-04-09 03:32:16 - getOutlet.php - POST data: {"tgl":"2026-04-09","encrypt":"ce8d123a9badc46aab7bfac002148c51","id_apl":"APL01","key":"RS"}
2026-04-09 10:32:16 - getOutlet.php - Params - tgl: 2026-04-09, encrypt: ce8d123a9badc46aab7bfac002148c51, id_apl: APL01, key: RS
2026-04-09 10:32:16 - getOutlet.php - Aplikasi ditemukan: Ya
2026-04-09 10:32:16 - getOutlet.php - Key aplikasi: YbcJSFjkds...
2026-04-09 10:32:16 - getOutlet.php - Expected encrypt: ce8d123a9badc46aab7bfac002148c51
2026-04-09 10:32:16 - getOutlet.php - Received encrypt: ce8d123a9badc46aab7bfac002148c51
2026-04-09 10:32:16 - getOutlet.php - Authentication berhasil
2026-04-09 10:32:16 - getOutlet.php - Query: SELECT id_out, nama_out, '' AS alamat_out, ofcode_out
            FROM outlet 
            WHERE status_out IN ('Active', '1', 'active')
            AND (nama_out LIKE :key OR ofcode_out LIKE :key)
            ORDER BY nama_out ASC
            LIMIT 20
2026-04-09 10:32:16 - getOutlet.php - Query berhasil, mengembalikan 20 record
2026-04-09 10:32:16 - getOutlet.php - === END REQUEST ===
2026-04-09 03:32:17 - getOutlet.php - === REQUEST GETOUTLET ===
2026-04-09 03:32:17 - getOutlet.php - Method: POST
2026-04-09 03:32:17 - getOutlet.php - POST data: {"tgl":"2026-04-09","encrypt":"ce8d123a9badc46aab7bfac002148c51","id_apl":"APL01","key":"RS"}
2026-04-09 10:32:17 - getOutlet.php - Params - tgl: 2026-04-09, encrypt: ce8d123a9badc46aab7bfac002148c51, id_apl: APL01, key: RS
2026-04-09 10:32:17 - getOutlet.php - Aplikasi ditemukan: Ya
2026-04-09 10:32:17 - getOutlet.php - Key aplikasi: YbcJSFjkds...
2026-04-09 10:32:17 - getOutlet.php - Expected encrypt: ce8d123a9badc46aab7bfac002148c51
2026-04-09 10:32:17 - getOutlet.php - Received encrypt: ce8d123a9badc46aab7bfac002148c51
2026-04-09 10:32:17 - getOutlet.php - Authentication berhasil
2026-04-09 10:32:17 - getOutlet.php - Query: SELECT id_out, nama_out, '' AS alamat_out, ofcode_out
            FROM outlet 
            WHERE status_out IN ('Active', '1', 'active')
            AND (nama_out LIKE :key OR ofcode_out LIKE :key)
            ORDER BY nama_out ASC
            LIMIT 20
2026-04-09 10:32:17 - getOutlet.php - Query berhasil, mengembalikan 20 record
2026-04-09 10:32:17 - getOutlet.php - === END REQUEST ===
2026-04-09 03:32:17 - getOutlet.php - === REQUEST GETOUTLET ===
2026-04-09 03:32:17 - getOutlet.php - Method: POST
2026-04-09 03:32:17 - getOutlet.php - POST data: {"tgl":"2026-04-09","encrypt":"ce8d123a9badc46aab7bfac002148c51","id_apl":"APL01","key":"RS M"}
2026-04-09 10:32:17 - getOutlet.php - Params - tgl: 2026-04-09, encrypt: ce8d123a9badc46aab7bfac002148c51, id_apl: APL01, key: RS M
2026-04-09 10:32:17 - getOutlet.php - Aplikasi ditemukan: Ya
2026-04-09 10:32:17 - getOutlet.php - Key aplikasi: YbcJSFjkds...
2026-04-09 10:32:17 - getOutlet.php - Expected encrypt: ce8d123a9badc46aab7bfac002148c51
2026-04-09 10:32:17 - getOutlet.php - Received encrypt: ce8d123a9badc46aab7bfac002148c51
2026-04-09 10:32:17 - getOutlet.php - Authentication berhasil
2026-04-09 10:32:17 - getOutlet.php - Query: SELECT id_out, nama_out, '' AS alamat_out, ofcode_out
            FROM outlet 
            WHERE status_out IN ('Active', '1', 'active')
            AND (nama_out LIKE :key OR ofcode_out LIKE :key)
            ORDER BY nama_out ASC
            LIMIT 20
2026-04-09 10:32:17 - getOutlet.php - Query berhasil, mengembalikan 20 record
2026-04-09 10:32:17 - getOutlet.php - === END REQUEST ===
2026-04-09 03:32:18 - getOutlet.php - === REQUEST GETOUTLET ===
2026-04-09 03:32:18 - getOutlet.php - Method: POST
2026-04-09 03:32:18 - getOutlet.php - POST data: {"tgl":"2026-04-09","encrypt":"ce8d123a9badc46aab7bfac002148c51","id_apl":"APL01","key":"RS Mi"}
2026-04-09 10:32:18 - getOutlet.php - Params - tgl: 2026-04-09, encrypt: ce8d123a9badc46aab7bfac002148c51, id_apl: APL01, key: RS Mi
2026-04-09 10:32:18 - getOutlet.php - Aplikasi ditemukan: Ya
2026-04-09 10:32:18 - getOutlet.php - Key aplikasi: YbcJSFjkds...
2026-04-09 10:32:18 - getOutlet.php - Expected encrypt: ce8d123a9badc46aab7bfac002148c51
2026-04-09 10:32:18 - getOutlet.php - Received encrypt: ce8d123a9badc46aab7bfac002148c51
2026-04-09 10:32:18 - getOutlet.php - Authentication berhasil
2026-04-09 10:32:18 - getOutlet.php - Query: SELECT id_out, nama_out, '' AS alamat_out, ofcode_out
            FROM outlet 
            WHERE status_out IN ('Active', '1', 'active')
            AND (nama_out LIKE :key OR ofcode_out LIKE :key)
            ORDER BY nama_out ASC
            LIMIT 20
2026-04-09 10:32:18 - getOutlet.php - Query berhasil, mengembalikan 17 record
2026-04-09 10:32:18 - getOutlet.php - === END REQUEST ===
2026-04-09 03:32:19 - getOutlet.php - === REQUEST GETOUTLET ===
2026-04-09 03:32:19 - getOutlet.php - Method: POST
2026-04-09 03:32:19 - getOutlet.php - POST data: {"tgl":"2026-04-09","encrypt":"ce8d123a9badc46aab7bfac002148c51","id_apl":"APL01","key":"RS Mit"}
2026-04-09 10:32:19 - getOutlet.php - Params - tgl: 2026-04-09, encrypt: ce8d123a9badc46aab7bfac002148c51, id_apl: APL01, key: RS Mit
2026-04-09 10:32:19 - getOutlet.php - Aplikasi ditemukan: Ya
2026-04-09 10:32:19 - getOutlet.php - Key aplikasi: YbcJSFjkds...
2026-04-09 10:32:19 - getOutlet.php - Expected encrypt: ce8d123a9badc46aab7bfac002148c51
2026-04-09 10:32:19 - getOutlet.php - Received encrypt: ce8d123a9badc46aab7bfac002148c51
2026-04-09 10:32:19 - getOutlet.php - Authentication berhasil
2026-04-09 10:32:19 - getOutlet.php - Query: SELECT id_out, nama_out, '' AS alamat_out, ofcode_out
            FROM outlet 
            WHERE status_out IN ('Active', '1', 'active')
            AND (nama_out LIKE :key OR ofcode_out LIKE :key)
            ORDER BY nama_out ASC
            LIMIT 20
2026-04-09 10:32:19 - getOutlet.php - Query berhasil, mengembalikan 17 record
2026-04-09 10:32:19 - getOutlet.php - === END REQUEST ===
2026-04-09 03:32:19 - getOutlet.php - === REQUEST GETOUTLET ===
2026-04-09 03:32:19 - getOutlet.php - Method: POST
2026-04-09 03:32:19 - getOutlet.php - POST data: {"tgl":"2026-04-09","encrypt":"ce8d123a9badc46aab7bfac002148c51","id_apl":"APL01","key":"RS Mitr"}
2026-04-09 10:32:19 - getOutlet.php - Params - tgl: 2026-04-09, encrypt: ce8d123a9badc46aab7bfac002148c51, id_apl: APL01, key: RS Mitr
2026-04-09 10:32:19 - getOutlet.php - Aplikasi ditemukan: Ya
2026-04-09 10:32:19 - getOutlet.php - Key aplikasi: YbcJSFjkds...
2026-04-09 10:32:19 - getOutlet.php - Expected encrypt: ce8d123a9badc46aab7bfac002148c51
2026-04-09 10:32:19 - getOutlet.php - Received encrypt: ce8d123a9badc46aab7bfac002148c51
2026-04-09 10:32:19 - getOutlet.php - Authentication berhasil
2026-04-09 10:32:19 - getOutlet.php - Query: SELECT id_out, nama_out, '' AS alamat_out, ofcode_out
            FROM outlet 
            WHERE status_out IN ('Active', '1', 'active')
            AND (nama_out LIKE :key OR ofcode_out LIKE :key)
            ORDER BY nama_out ASC
            LIMIT 20
2026-04-09 10:32:19 - getOutlet.php - Query berhasil, mengembalikan 17 record
2026-04-09 10:32:19 - getOutlet.php - === END REQUEST ===
2026-04-09 03:32:19 - getOutlet.php - === REQUEST GETOUTLET ===
2026-04-09 03:32:19 - getOutlet.php - Method: POST
2026-04-09 03:32:19 - getOutlet.php - POST data: {"tgl":"2026-04-09","encrypt":"ce8d123a9badc46aab7bfac002148c51","id_apl":"APL01","key":"RS Mitra"}
2026-04-09 10:32:19 - getOutlet.php - Params - tgl: 2026-04-09, encrypt: ce8d123a9badc46aab7bfac002148c51, id_apl: APL01, key: RS Mitra
2026-04-09 10:32:19 - getOutlet.php - Aplikasi ditemukan: Ya
2026-04-09 10:32:19 - getOutlet.php - Key aplikasi: YbcJSFjkds...
2026-04-09 10:32:19 - getOutlet.php - Expected encrypt: ce8d123a9badc46aab7bfac002148c51
2026-04-09 10:32:19 - getOutlet.php - Received encrypt: ce8d123a9badc46aab7bfac002148c51
2026-04-09 10:32:19 - getOutlet.php - Authentication berhasil
2026-04-09 10:32:19 - getOutlet.php - Query: SELECT id_out, nama_out, '' AS alamat_out, ofcode_out
            FROM outlet 
            WHERE status_out IN ('Active', '1', 'active')
            AND (nama_out LIKE :key OR ofcode_out LIKE :key)
            ORDER BY nama_out ASC
            LIMIT 20
2026-04-09 10:32:19 - getOutlet.php - Query berhasil, mengembalikan 17 record
2026-04-09 10:32:19 - getOutlet.php - === END REQUEST ===
2026-04-09 03:32:19 - getOutlet.php - === REQUEST GETOUTLET ===
2026-04-09 03:32:19 - getOutlet.php - Method: POST
2026-04-09 03:32:19 - getOutlet.php - POST data: {"tgl":"2026-04-09","encrypt":"ce8d123a9badc46aab7bfac002148c51","id_apl":"APL01","key":"RS Mitra"}
2026-04-09 10:32:19 - getOutlet.php - Params - tgl: 2026-04-09, encrypt: ce8d123a9badc46aab7bfac002148c51, id_apl: APL01, key: RS Mitra
2026-04-09 10:32:19 - getOutlet.php - Aplikasi ditemukan: Ya
2026-04-09 10:32:19 - getOutlet.php - Key aplikasi: YbcJSFjkds...
2026-04-09 10:32:19 - getOutlet.php - Expected encrypt: ce8d123a9badc46aab7bfac002148c51
2026-04-09 10:32:19 - getOutlet.php - Received encrypt: ce8d123a9badc46aab7bfac002148c51
2026-04-09 10:32:19 - getOutlet.php - Authentication berhasil
2026-04-09 10:32:19 - getOutlet.php - Query: SELECT id_out, nama_out, '' AS alamat_out, ofcode_out
            FROM outlet 
            WHERE status_out IN ('Active', '1', 'active')
            AND (nama_out LIKE :key OR ofcode_out LIKE :key)
            ORDER BY nama_out ASC
            LIMIT 20
2026-04-09 10:32:19 - getOutlet.php - Query berhasil, mengembalikan 17 record
2026-04-09 10:32:19 - getOutlet.php - === END REQUEST ===
2026-04-09 03:32:23 - getOutlet.php - === REQUEST GETOUTLET ===
2026-04-09 03:32:23 - getOutlet.php - Method: POST
2026-04-09 03:32:23 - getOutlet.php - POST data: {"tgl":"2026-04-09","encrypt":"ce8d123a9badc46aab7bfac002148c51","id_apl":"APL01","key":"RS Mitra K"}
2026-04-09 10:32:23 - getOutlet.php - Params - tgl: 2026-04-09, encrypt: ce8d123a9badc46aab7bfac002148c51, id_apl: APL01, key: RS Mitra K
2026-04-09 10:32:23 - getOutlet.php - Aplikasi ditemukan: Ya
2026-04-09 10:32:23 - getOutlet.php - Key aplikasi: YbcJSFjkds...
2026-04-09 10:32:23 - getOutlet.php - Expected encrypt: ce8d123a9badc46aab7bfac002148c51
2026-04-09 10:32:23 - getOutlet.php - Received encrypt: ce8d123a9badc46aab7bfac002148c51
2026-04-09 10:32:23 - getOutlet.php - Authentication berhasil
2026-04-09 10:32:23 - getOutlet.php - Query: SELECT id_out, nama_out, '' AS alamat_out, ofcode_out
            FROM outlet 
            WHERE status_out IN ('Active', '1', 'active')
            AND (nama_out LIKE :key OR ofcode_out LIKE :key)
            ORDER BY nama_out ASC
            LIMIT 20
2026-04-09 10:32:23 - getOutlet.php - Query berhasil, mengembalikan 16 record
2026-04-09 10:32:23 - getOutlet.php - === END REQUEST ===
2026-04-09 03:32:23 - getOutlet.php - === REQUEST GETOUTLET ===
2026-04-09 03:32:23 - getOutlet.php - Method: POST
2026-04-09 03:32:23 - getOutlet.php - POST data: {"tgl":"2026-04-09","encrypt":"ce8d123a9badc46aab7bfac002148c51","id_apl":"APL01","key":"RS Mitra Ke"}
2026-04-09 10:32:23 - getOutlet.php - Params - tgl: 2026-04-09, encrypt: ce8d123a9badc46aab7bfac002148c51, id_apl: APL01, key: RS Mitra Ke
2026-04-09 10:32:23 - getOutlet.php - Aplikasi ditemukan: Ya
2026-04-09 10:32:23 - getOutlet.php - Key aplikasi: YbcJSFjkds...
2026-04-09 10:32:23 - getOutlet.php - Expected encrypt: ce8d123a9badc46aab7bfac002148c51
2026-04-09 10:32:23 - getOutlet.php - Received encrypt: ce8d123a9badc46aab7bfac002148c51
2026-04-09 10:32:23 - getOutlet.php - Authentication berhasil
2026-04-09 10:32:23 - getOutlet.php - Query: SELECT id_out, nama_out, '' AS alamat_out, ofcode_out
            FROM outlet 
            WHERE status_out IN ('Active', '1', 'active')
            AND (nama_out LIKE :key OR ofcode_out LIKE :key)
            ORDER BY nama_out ASC
            LIMIT 20
2026-04-09 10:32:23 - getOutlet.php - Query berhasil, mengembalikan 16 record
2026-04-09 10:32:23 - getOutlet.php - === END REQUEST ===
2026-04-09 03:32:24 - getOutlet.php - === REQUEST GETOUTLET ===
2026-04-09 03:32:24 - getOutlet.php - Method: POST
2026-04-09 03:32:24 - getOutlet.php - POST data: {"tgl":"2026-04-09","encrypt":"ce8d123a9badc46aab7bfac002148c51","id_apl":"APL01","key":"RS Mitra Kel"}
2026-04-09 10:32:24 - getOutlet.php - Params - tgl: 2026-04-09, encrypt: ce8d123a9badc46aab7bfac002148c51, id_apl: APL01, key: RS Mitra Kel
2026-04-09 10:32:24 - getOutlet.php - Aplikasi ditemukan: Ya
2026-04-09 10:32:24 - getOutlet.php - Key aplikasi: YbcJSFjkds...
2026-04-09 10:32:24 - getOutlet.php - Expected encrypt: ce8d123a9badc46aab7bfac002148c51
2026-04-09 10:32:24 - getOutlet.php - Received encrypt: ce8d123a9badc46aab7bfac002148c51
2026-04-09 10:32:24 - getOutlet.php - Authentication berhasil
2026-04-09 10:32:24 - getOutlet.php - Query: SELECT id_out, nama_out, '' AS alamat_out, ofcode_out
            FROM outlet 
            WHERE status_out IN ('Active', '1', 'active')
            AND (nama_out LIKE :key OR ofcode_out LIKE :key)
            ORDER BY nama_out ASC
            LIMIT 20
2026-04-09 10:32:24 - getOutlet.php - Query berhasil, mengembalikan 16 record
2026-04-09 10:32:24 - getOutlet.php - === END REQUEST ===
2026-04-09 03:32:24 - getOutlet.php - === REQUEST GETOUTLET ===
2026-04-09 03:32:24 - getOutlet.php - Method: POST
2026-04-09 03:32:24 - getOutlet.php - POST data: {"tgl":"2026-04-09","encrypt":"ce8d123a9badc46aab7bfac002148c51","id_apl":"APL01","key":"RS Mitra Kelu"}
2026-04-09 10:32:24 - getOutlet.php - Params - tgl: 2026-04-09, encrypt: ce8d123a9badc46aab7bfac002148c51, id_apl: APL01, key: RS Mitra Kelu
2026-04-09 10:32:24 - getOutlet.php - Aplikasi ditemukan: Ya
2026-04-09 10:32:24 - getOutlet.php - Key aplikasi: YbcJSFjkds...
2026-04-09 10:32:24 - getOutlet.php - Expected encrypt: ce8d123a9badc46aab7bfac002148c51
2026-04-09 10:32:24 - getOutlet.php - Received encrypt: ce8d123a9badc46aab7bfac002148c51
2026-04-09 10:32:24 - getOutlet.php - Authentication berhasil
2026-04-09 10:32:24 - getOutlet.php - Query: SELECT id_out, nama_out, '' AS alamat_out, ofcode_out
            FROM outlet 
            WHERE status_out IN ('Active', '1', 'active')
            AND (nama_out LIKE :key OR ofcode_out LIKE :key)
            ORDER BY nama_out ASC
            LIMIT 20
2026-04-09 10:32:24 - getOutlet.php - Query berhasil, mengembalikan 16 record
2026-04-09 10:32:24 - getOutlet.php - === END REQUEST ===
2026-04-09 03:32:24 - getOutlet.php - === REQUEST GETOUTLET ===
2026-04-09 03:32:24 - getOutlet.php - Method: POST
2026-04-09 03:32:24 - getOutlet.php - POST data: {"tgl":"2026-04-09","encrypt":"ce8d123a9badc46aab7bfac002148c51","id_apl":"APL01","key":"RS Mitra Kelua"}
2026-04-09 10:32:24 - getOutlet.php - Params - tgl: 2026-04-09, encrypt: ce8d123a9badc46aab7bfac002148c51, id_apl: APL01, key: RS Mitra Kelua
2026-04-09 10:32:24 - getOutlet.php - Aplikasi ditemukan: Ya
2026-04-09 10:32:24 - getOutlet.php - Key aplikasi: YbcJSFjkds...
2026-04-09 10:32:24 - getOutlet.php - Expected encrypt: ce8d123a9badc46aab7bfac002148c51
2026-04-09 10:32:24 - getOutlet.php - Received encrypt: ce8d123a9badc46aab7bfac002148c51
2026-04-09 10:32:24 - getOutlet.php - Authentication berhasil
2026-04-09 10:32:24 - getOutlet.php - Query: SELECT id_out, nama_out, '' AS alamat_out, ofcode_out
            FROM outlet 
            WHERE status_out IN ('Active', '1', 'active')
            AND (nama_out LIKE :key OR ofcode_out LIKE :key)
            ORDER BY nama_out ASC
            LIMIT 20
2026-04-09 10:32:24 - getOutlet.php - Query berhasil, mengembalikan 16 record
2026-04-09 10:32:24 - getOutlet.php - === END REQUEST ===
2026-04-09 03:32:25 - getOutlet.php - === REQUEST GETOUTLET ===
2026-04-09 03:32:25 - getOutlet.php - Method: POST
2026-04-09 03:32:25 - getOutlet.php - POST data: {"tgl":"2026-04-09","encrypt":"ce8d123a9badc46aab7bfac002148c51","id_apl":"APL01","key":"RS Mitra Keluar"}
2026-04-09 10:32:25 - getOutlet.php - Params - tgl: 2026-04-09, encrypt: ce8d123a9badc46aab7bfac002148c51, id_apl: APL01, key: RS Mitra Keluar
2026-04-09 10:32:25 - getOutlet.php - Aplikasi ditemukan: Ya
2026-04-09 10:32:25 - getOutlet.php - Key aplikasi: YbcJSFjkds...
2026-04-09 10:32:25 - getOutlet.php - Expected encrypt: ce8d123a9badc46aab7bfac002148c51
2026-04-09 10:32:25 - getOutlet.php - Received encrypt: ce8d123a9badc46aab7bfac002148c51
2026-04-09 10:32:25 - getOutlet.php - Authentication berhasil
2026-04-09 10:32:25 - getOutlet.php - Query: SELECT id_out, nama_out, '' AS alamat_out, ofcode_out
            FROM outlet 
            WHERE status_out IN ('Active', '1', 'active')
            AND (nama_out LIKE :key OR ofcode_out LIKE :key)
            ORDER BY nama_out ASC
            LIMIT 20
2026-04-09 10:32:25 - getOutlet.php - Query berhasil, mengembalikan 16 record
2026-04-09 10:32:25 - getOutlet.php - === END REQUEST ===
2026-04-09 03:32:25 - getOutlet.php - === REQUEST GETOUTLET ===
2026-04-09 03:32:25 - getOutlet.php - Method: POST
2026-04-09 03:32:25 - getOutlet.php - POST data: {"tgl":"2026-04-09","encrypt":"ce8d123a9badc46aab7bfac002148c51","id_apl":"APL01","key":"RS Mitra Keluarg"}
2026-04-09 10:32:25 - getOutlet.php - Params - tgl: 2026-04-09, encrypt: ce8d123a9badc46aab7bfac002148c51, id_apl: APL01, key: RS Mitra Keluarg
2026-04-09 10:32:25 - getOutlet.php - Aplikasi ditemukan: Ya
2026-04-09 10:32:25 - getOutlet.php - Key aplikasi: YbcJSFjkds...
2026-04-09 10:32:25 - getOutlet.php - Expected encrypt: ce8d123a9badc46aab7bfac002148c51
2026-04-09 10:32:25 - getOutlet.php - Received encrypt: ce8d123a9badc46aab7bfac002148c51
2026-04-09 10:32:25 - getOutlet.php - Authentication berhasil
2026-04-09 10:32:25 - getOutlet.php - Query: SELECT id_out, nama_out, '' AS alamat_out, ofcode_out
            FROM outlet 
            WHERE status_out IN ('Active', '1', 'active')
            AND (nama_out LIKE :key OR ofcode_out LIKE :key)
            ORDER BY nama_out ASC
            LIMIT 20
2026-04-09 10:32:25 - getOutlet.php - Query berhasil, mengembalikan 16 record
2026-04-09 10:32:25 - getOutlet.php - === END REQUEST ===
2026-04-09 03:32:26 - getOutlet.php - === REQUEST GETOUTLET ===
2026-04-09 03:32:26 - getOutlet.php - Method: POST
2026-04-09 03:32:26 - getOutlet.php - POST data: {"tgl":"2026-04-09","encrypt":"ce8d123a9badc46aab7bfac002148c51","id_apl":"APL01","key":"RS Mitra Keluarga"}
2026-04-09 10:32:26 - getOutlet.php - Params - tgl: 2026-04-09, encrypt: ce8d123a9badc46aab7bfac002148c51, id_apl: APL01, key: RS Mitra Keluarga
2026-04-09 10:32:26 - getOutlet.php - Aplikasi ditemukan: Ya
2026-04-09 10:32:26 - getOutlet.php - Key aplikasi: YbcJSFjkds...
2026-04-09 10:32:26 - getOutlet.php - Expected encrypt: ce8d123a9badc46aab7bfac002148c51
2026-04-09 10:32:26 - getOutlet.php - Received encrypt: ce8d123a9badc46aab7bfac002148c51
2026-04-09 10:32:26 - getOutlet.php - Authentication berhasil
2026-04-09 10:32:26 - getOutlet.php - Query: SELECT id_out, nama_out, '' AS alamat_out, ofcode_out
            FROM outlet 
            WHERE status_out IN ('Active', '1', 'active')
            AND (nama_out LIKE :key OR ofcode_out LIKE :key)
            ORDER BY nama_out ASC
            LIMIT 20
2026-04-09 10:32:26 - getOutlet.php - Query berhasil, mengembalikan 16 record
2026-04-09 10:32:26 - getOutlet.php - === END REQUEST ===
2026-04-09 03:32:28 - getOutlet.php - === REQUEST GETOUTLET ===
2026-04-09 03:32:28 - getOutlet.php - Method: POST
2026-04-09 03:32:28 - getOutlet.php - POST data: {"tgl":"2026-04-09","encrypt":"ce8d123a9badc46aab7bfac002148c51","id_apl":"APL01","key":"RS Mitra Keluarga"}
2026-04-09 10:32:28 - getOutlet.php - Params - tgl: 2026-04-09, encrypt: ce8d123a9badc46aab7bfac002148c51, id_apl: APL01, key: RS Mitra Keluarga
2026-04-09 10:32:28 - getOutlet.php - Aplikasi ditemukan: Ya
2026-04-09 10:32:28 - getOutlet.php - Key aplikasi: YbcJSFjkds...
2026-04-09 10:32:28 - getOutlet.php - Expected encrypt: ce8d123a9badc46aab7bfac002148c51
2026-04-09 10:32:28 - getOutlet.php - Received encrypt: ce8d123a9badc46aab7bfac002148c51
2026-04-09 10:32:28 - getOutlet.php - Authentication berhasil
2026-04-09 10:32:28 - getOutlet.php - Query: SELECT id_out, nama_out, '' AS alamat_out, ofcode_out
            FROM outlet 
            WHERE status_out IN ('Active', '1', 'active')
            AND (nama_out LIKE :key OR ofcode_out LIKE :key)
            ORDER BY nama_out ASC
            LIMIT 20
2026-04-09 10:32:28 - getOutlet.php - Query berhasil, mengembalikan 16 record
2026-04-09 10:32:28 - getOutlet.php - === END REQUEST ===
2026-04-09 03:32:29 - getOutlet.php - === REQUEST GETOUTLET ===
2026-04-09 03:32:29 - getOutlet.php - Method: POST
2026-04-09 03:32:29 - getOutlet.php - POST data: {"tgl":"2026-04-09","encrypt":"ce8d123a9badc46aab7bfac002148c51","id_apl":"APL01","key":"RS Mitra Keluarga S"}
2026-04-09 10:32:29 - getOutlet.php - Params - tgl: 2026-04-09, encrypt: ce8d123a9badc46aab7bfac002148c51, id_apl: APL01, key: RS Mitra Keluarga S
2026-04-09 10:32:29 - getOutlet.php - Aplikasi ditemukan: Ya
2026-04-09 10:32:29 - getOutlet.php - Key aplikasi: YbcJSFjkds...
2026-04-09 10:32:29 - getOutlet.php - Expected encrypt: ce8d123a9badc46aab7bfac002148c51
2026-04-09 10:32:29 - getOutlet.php - Received encrypt: ce8d123a9badc46aab7bfac002148c51
2026-04-09 10:32:29 - getOutlet.php - Authentication berhasil
2026-04-09 10:32:29 - getOutlet.php - Query: SELECT id_out, nama_out, '' AS alamat_out, ofcode_out
            FROM outlet 
            WHERE status_out IN ('Active', '1', 'active')
            AND (nama_out LIKE :key OR ofcode_out LIKE :key)
            ORDER BY nama_out ASC
            LIMIT 20
2026-04-09 10:32:29 - getOutlet.php - Query berhasil, mengembalikan 1 record
2026-04-09 10:32:29 - getOutlet.php - === END REQUEST ===
2026-04-09 03:32:30 - getOutlet.php - === REQUEST GETOUTLET ===
2026-04-09 03:32:30 - getOutlet.php - Method: POST
2026-04-09 03:32:30 - getOutlet.php - POST data: {"tgl":"2026-04-09","encrypt":"ce8d123a9badc46aab7bfac002148c51","id_apl":"APL01","key":"RS Mitra Keluarga Sl"}
2026-04-09 10:32:30 - getOutlet.php - Params - tgl: 2026-04-09, encrypt: ce8d123a9badc46aab7bfac002148c51, id_apl: APL01, key: RS Mitra Keluarga Sl
2026-04-09 10:32:30 - getOutlet.php - Aplikasi ditemukan: Ya
2026-04-09 10:32:30 - getOutlet.php - Key aplikasi: YbcJSFjkds...
2026-04-09 10:32:30 - getOutlet.php - Expected encrypt: ce8d123a9badc46aab7bfac002148c51
2026-04-09 10:32:30 - getOutlet.php - Received encrypt: ce8d123a9badc46aab7bfac002148c51
2026-04-09 10:32:30 - getOutlet.php - Authentication berhasil
2026-04-09 10:32:30 - getOutlet.php - Query: SELECT id_out, nama_out, '' AS alamat_out, ofcode_out
            FROM outlet 
            WHERE status_out IN ('Active', '1', 'active')
            AND (nama_out LIKE :key OR ofcode_out LIKE :key)
            ORDER BY nama_out ASC
            LIMIT 20
2026-04-09 10:32:30 - getOutlet.php - Query berhasil, mengembalikan 1 record
2026-04-09 10:32:30 - getOutlet.php - === END REQUEST ===
2026-04-09 03:32:30 - getOutlet.php - === REQUEST GETOUTLET ===
2026-04-09 03:32:30 - getOutlet.php - Method: POST
2026-04-09 03:32:30 - getOutlet.php - POST data: {"tgl":"2026-04-09","encrypt":"ce8d123a9badc46aab7bfac002148c51","id_apl":"APL01","key":"RS Mitra Keluarga Sla"}
2026-04-09 10:32:30 - getOutlet.php - Params - tgl: 2026-04-09, encrypt: ce8d123a9badc46aab7bfac002148c51, id_apl: APL01, key: RS Mitra Keluarga Sla
2026-04-09 10:32:30 - getOutlet.php - Aplikasi ditemukan: Ya
2026-04-09 10:32:30 - getOutlet.php - Key aplikasi: YbcJSFjkds...
2026-04-09 10:32:30 - getOutlet.php - Expected encrypt: ce8d123a9badc46aab7bfac002148c51
2026-04-09 10:32:30 - getOutlet.php - Received encrypt: ce8d123a9badc46aab7bfac002148c51
2026-04-09 10:32:30 - getOutlet.php - Authentication berhasil
2026-04-09 10:32:30 - getOutlet.php - Query: SELECT id_out, nama_out, '' AS alamat_out, ofcode_out
            FROM outlet 
            WHERE status_out IN ('Active', '1', 'active')
            AND (nama_out LIKE :key OR ofcode_out LIKE :key)
            ORDER BY nama_out ASC
            LIMIT 20
2026-04-09 10:32:30 - getOutlet.php - Query berhasil, mengembalikan 1 record
2026-04-09 10:32:30 - getOutlet.php - === END REQUEST ===
2026-04-09 03:32:31 - getOutlet.php - === REQUEST GETOUTLET ===
2026-04-09 03:32:31 - getOutlet.php - Method: POST
2026-04-09 03:32:31 - getOutlet.php - POST data: {"tgl":"2026-04-09","encrypt":"ce8d123a9badc46aab7bfac002148c51","id_apl":"APL01","key":"RS Mitra Keluarga Slaw"}
2026-04-09 10:32:31 - getOutlet.php - Params - tgl: 2026-04-09, encrypt: ce8d123a9badc46aab7bfac002148c51, id_apl: APL01, key: RS Mitra Keluarga Slaw
2026-04-09 10:32:31 - getOutlet.php - Aplikasi ditemukan: Ya
2026-04-09 10:32:31 - getOutlet.php - Key aplikasi: YbcJSFjkds...
2026-04-09 10:32:31 - getOutlet.php - Expected encrypt: ce8d123a9badc46aab7bfac002148c51
2026-04-09 10:32:31 - getOutlet.php - Received encrypt: ce8d123a9badc46aab7bfac002148c51
2026-04-09 10:32:31 - getOutlet.php - Authentication berhasil
2026-04-09 10:32:31 - getOutlet.php - Query: SELECT id_out, nama_out, '' AS alamat_out, ofcode_out
            FROM outlet 
            WHERE status_out IN ('Active', '1', 'active')
            AND (nama_out LIKE :key OR ofcode_out LIKE :key)
            ORDER BY nama_out ASC
            LIMIT 20
2026-04-09 10:32:31 - getOutlet.php - Query berhasil, mengembalikan 1 record
2026-04-09 10:32:31 - getOutlet.php - === END REQUEST ===
2026-04-09 03:32:31 - getOutlet.php - === REQUEST GETOUTLET ===
2026-04-09 03:32:31 - getOutlet.php - Method: POST
2026-04-09 03:32:31 - getOutlet.php - POST data: {"tgl":"2026-04-09","encrypt":"ce8d123a9badc46aab7bfac002148c51","id_apl":"APL01","key":"RS Mitra Keluarga Slawi"}
2026-04-09 10:32:31 - getOutlet.php - Params - tgl: 2026-04-09, encrypt: ce8d123a9badc46aab7bfac002148c51, id_apl: APL01, key: RS Mitra Keluarga Slawi
2026-04-09 10:32:31 - getOutlet.php - Aplikasi ditemukan: Ya
2026-04-09 10:32:31 - getOutlet.php - Key aplikasi: YbcJSFjkds...
2026-04-09 10:32:31 - getOutlet.php - Expected encrypt: ce8d123a9badc46aab7bfac002148c51
2026-04-09 10:32:31 - getOutlet.php - Received encrypt: ce8d123a9badc46aab7bfac002148c51
2026-04-09 10:32:31 - getOutlet.php - Authentication berhasil
2026-04-09 10:32:31 - getOutlet.php - Query: SELECT id_out, nama_out, '' AS alamat_out, ofcode_out
            FROM outlet 
            WHERE status_out IN ('Active', '1', 'active')
            AND (nama_out LIKE :key OR ofcode_out LIKE :key)
            ORDER BY nama_out ASC
            LIMIT 20
2026-04-09 10:32:31 - getOutlet.php - Query berhasil, mengembalikan 1 record
2026-04-09 10:32:31 - getOutlet.php - === END REQUEST ===
2026-04-09 03:32:33 - getOutlet.php - === REQUEST GETOUTLET ===
2026-04-09 03:32:33 - getOutlet.php - Method: POST
2026-04-09 03:32:33 - getOutlet.php - POST data: {"tgl":"2026-04-09","encrypt":"ce8d123a9badc46aab7bfac002148c51","id_apl":"APL01","key":"RS Mitra Keluarga Slawi"}
2026-04-09 10:32:33 - getOutlet.php - Params - tgl: 2026-04-09, encrypt: ce8d123a9badc46aab7bfac002148c51, id_apl: APL01, key: RS Mitra Keluarga Slawi
2026-04-09 10:32:33 - getOutlet.php - Aplikasi ditemukan: Ya
2026-04-09 10:32:33 - getOutlet.php - Key aplikasi: YbcJSFjkds...
2026-04-09 10:32:33 - getOutlet.php - Expected encrypt: ce8d123a9badc46aab7bfac002148c51
2026-04-09 10:32:33 - getOutlet.php - Received encrypt: ce8d123a9badc46aab7bfac002148c51
2026-04-09 10:32:33 - getOutlet.php - Authentication berhasil
2026-04-09 10:32:33 - getOutlet.php - Query: SELECT id_out, nama_out, '' AS alamat_out, ofcode_out
            FROM outlet 
            WHERE status_out IN ('Active', '1', 'active')
            AND (nama_out LIKE :key OR ofcode_out LIKE :key)
            ORDER BY nama_out ASC
            LIMIT 20
2026-04-09 10:32:33 - getOutlet.php - Query berhasil, mengembalikan 1 record
2026-04-09 10:32:33 - getOutlet.php - === END REQUEST ===
2026-04-09 04:16:26 - getOutlet.php - === REQUEST GETOUTLET ===
2026-04-09 04:16:26 - getOutlet.php - Method: POST
2026-04-09 04:16:26 - getOutlet.php - POST data: {"tgl":"2026-04-09","encrypt":"ce8d123a9badc46aab7bfac002148c51","id_apl":"APL01","key":"K2"}
2026-04-09 11:16:26 - getOutlet.php - Params - tgl: 2026-04-09, encrypt: ce8d123a9badc46aab7bfac002148c51, id_apl: APL01, key: K2
2026-04-09 11:16:26 - getOutlet.php - Aplikasi ditemukan: Ya
2026-04-09 11:16:26 - getOutlet.php - Key aplikasi: YbcJSFjkds...
2026-04-09 11:16:26 - getOutlet.php - Expected encrypt: ce8d123a9badc46aab7bfac002148c51
2026-04-09 11:16:26 - getOutlet.php - Received encrypt: ce8d123a9badc46aab7bfac002148c51
2026-04-09 11:16:26 - getOutlet.php - Authentication berhasil
2026-04-09 11:16:26 - getOutlet.php - Query: SELECT id_out, nama_out, '' AS alamat_out, ofcode_out
            FROM outlet 
            WHERE status_out IN ('Active', '1', 'active')
            AND (nama_out LIKE :key OR ofcode_out LIKE :key)
            ORDER BY nama_out ASC
            LIMIT 20
2026-04-09 11:16:26 - getOutlet.php - Query berhasil, mengembalikan 2 record
2026-04-09 11:16:26 - getOutlet.php - === END REQUEST ===
2026-04-09 04:16:27 - getOutlet.php - === REQUEST GETOUTLET ===
2026-04-09 04:16:27 - getOutlet.php - Method: POST
2026-04-09 04:16:27 - getOutlet.php - POST data: {"tgl":"2026-04-09","encrypt":"ce8d123a9badc46aab7bfac002148c51","id_apl":"APL01","key":"K24"}
2026-04-09 11:16:27 - getOutlet.php - Params - tgl: 2026-04-09, encrypt: ce8d123a9badc46aab7bfac002148c51, id_apl: APL01, key: K24
2026-04-09 11:16:27 - getOutlet.php - Aplikasi ditemukan: Ya
2026-04-09 11:16:27 - getOutlet.php - Key aplikasi: YbcJSFjkds...
2026-04-09 11:16:27 - getOutlet.php - Expected encrypt: ce8d123a9badc46aab7bfac002148c51
2026-04-09 11:16:27 - getOutlet.php - Received encrypt: ce8d123a9badc46aab7bfac002148c51
2026-04-09 11:16:27 - getOutlet.php - Authentication berhasil
2026-04-09 11:16:27 - getOutlet.php - Query: SELECT id_out, nama_out, '' AS alamat_out, ofcode_out
            FROM outlet 
            WHERE status_out IN ('Active', '1', 'active')
            AND (nama_out LIKE :key OR ofcode_out LIKE :key)
            ORDER BY nama_out ASC
            LIMIT 20
2026-04-09 11:16:27 - getOutlet.php - Query berhasil, mengembalikan 2 record
2026-04-09 11:16:27 - getOutlet.php - === END REQUEST ===
2026-04-09 04:16:32 - getOutlet.php - === REQUEST GETOUTLET ===
2026-04-09 04:16:32 - getOutlet.php - Method: POST
2026-04-09 04:16:32 - getOutlet.php - POST data: {"tgl":"2026-04-09","encrypt":"ce8d123a9badc46aab7bfac002148c51","id_apl":"APL01","key":"K24 GRAHA MORRIS TELUK GONG"}
2026-04-09 11:16:32 - getOutlet.php - Params - tgl: 2026-04-09, encrypt: ce8d123a9badc46aab7bfac002148c51, id_apl: APL01, key: K24 GRAHA MORRIS TELUK GONG
2026-04-09 11:16:32 - getOutlet.php - Aplikasi ditemukan: Ya
2026-04-09 11:16:32 - getOutlet.php - Key aplikasi: YbcJSFjkds...
2026-04-09 11:16:32 - getOutlet.php - Expected encrypt: ce8d123a9badc46aab7bfac002148c51
2026-04-09 11:16:32 - getOutlet.php - Received encrypt: ce8d123a9badc46aab7bfac002148c51
2026-04-09 11:16:32 - getOutlet.php - Authentication berhasil
2026-04-09 11:16:32 - getOutlet.php - Query: SELECT id_out, nama_out, '' AS alamat_out, ofcode_out
            FROM outlet 
            WHERE status_out IN ('Active', '1', 'active')
            AND (nama_out LIKE :key OR ofcode_out LIKE :key)
            ORDER BY nama_out ASC
            LIMIT 20
2026-04-09 11:16:32 - getOutlet.php - Query berhasil, mengembalikan 1 record
2026-04-09 11:16:32 - getOutlet.php - === END REQUEST ===
2026-04-09 04:16:49 - getOutlet.php - === REQUEST GETOUTLET ===
2026-04-09 04:16:49 - getOutlet.php - Method: POST
2026-04-09 04:16:49 - getOutlet.php - POST data: {"tgl":"2026-04-09","encrypt":"ce8d123a9badc46aab7bfac002148c51","id_apl":"APL01","key":"Rs"}
2026-04-09 11:16:49 - getOutlet.php - Params - tgl: 2026-04-09, encrypt: ce8d123a9badc46aab7bfac002148c51, id_apl: APL01, key: Rs
2026-04-09 11:16:49 - getOutlet.php - Aplikasi ditemukan: Ya
2026-04-09 11:16:49 - getOutlet.php - Key aplikasi: YbcJSFjkds...
2026-04-09 11:16:49 - getOutlet.php - Expected encrypt: ce8d123a9badc46aab7bfac002148c51
2026-04-09 11:16:49 - getOutlet.php - Received encrypt: ce8d123a9badc46aab7bfac002148c51
2026-04-09 11:16:49 - getOutlet.php - Authentication berhasil
2026-04-09 11:16:49 - getOutlet.php - Query: SELECT id_out, nama_out, '' AS alamat_out, ofcode_out
            FROM outlet 
            WHERE status_out IN ('Active', '1', 'active')
            AND (nama_out LIKE :key OR ofcode_out LIKE :key)
            ORDER BY nama_out ASC
            LIMIT 20
2026-04-09 11:16:49 - getOutlet.php - Query berhasil, mengembalikan 20 record
2026-04-09 11:16:49 - getOutlet.php - === END REQUEST ===
2026-04-09 04:16:49 - getOutlet.php - === REQUEST GETOUTLET ===
2026-04-09 04:16:49 - getOutlet.php - Method: POST
2026-04-09 04:16:49 - getOutlet.php - POST data: {"tgl":"2026-04-09","encrypt":"ce8d123a9badc46aab7bfac002148c51","id_apl":"APL01","key":"Rs"}
2026-04-09 11:16:49 - getOutlet.php - Params - tgl: 2026-04-09, encrypt: ce8d123a9badc46aab7bfac002148c51, id_apl: APL01, key: Rs
2026-04-09 11:16:49 - getOutlet.php - Aplikasi ditemukan: Ya
2026-04-09 11:16:49 - getOutlet.php - Key aplikasi: YbcJSFjkds...
2026-04-09 11:16:49 - getOutlet.php - Expected encrypt: ce8d123a9badc46aab7bfac002148c51
2026-04-09 11:16:49 - getOutlet.php - Received encrypt: ce8d123a9badc46aab7bfac002148c51
2026-04-09 11:16:49 - getOutlet.php - Authentication berhasil
2026-04-09 04:16:49 - getOutlet.php - === REQUEST GETOUTLET ===
2026-04-09 04:16:49 - getOutlet.php - Method: POST
2026-04-09 04:16:49 - getOutlet.php - POST data: {"tgl":"2026-04-09","encrypt":"ce8d123a9badc46aab7bfac002148c51","id_apl":"APL01","key":"Rs"}
2026-04-09 11:16:49 - getOutlet.php - Params - tgl: 2026-04-09, encrypt: ce8d123a9badc46aab7bfac002148c51, id_apl: APL01, key: Rs
2026-04-09 11:16:49 - getOutlet.php - Query: SELECT id_out, nama_out, '' AS alamat_out, ofcode_out
            FROM outlet 
            WHERE status_out IN ('Active', '1', 'active')
            AND (nama_out LIKE :key OR ofcode_out LIKE :key)
            ORDER BY nama_out ASC
            LIMIT 20
2026-04-09 11:16:49 - getOutlet.php - Aplikasi ditemukan: Ya
2026-04-09 11:16:49 - getOutlet.php - Key aplikasi: YbcJSFjkds...
2026-04-09 11:16:49 - getOutlet.php - Expected encrypt: ce8d123a9badc46aab7bfac002148c51
2026-04-09 11:16:49 - getOutlet.php - Query berhasil, mengembalikan 20 record
2026-04-09 11:16:49 - getOutlet.php - Received encrypt: ce8d123a9badc46aab7bfac002148c51
2026-04-09 11:16:49 - getOutlet.php - === END REQUEST ===
2026-04-09 11:16:49 - getOutlet.php - Authentication berhasil
2026-04-09 11:16:49 - getOutlet.php - Query: SELECT id_out, nama_out, '' AS alamat_out, ofcode_out
            FROM outlet 
            WHERE status_out IN ('Active', '1', 'active')
            AND (nama_out LIKE :key OR ofcode_out LIKE :key)
            ORDER BY nama_out ASC
            LIMIT 20
2026-04-09 11:16:49 - getOutlet.php - Query berhasil, mengembalikan 20 record
2026-04-09 11:16:49 - getOutlet.php - === END REQUEST ===
2026-04-09 04:16:49 - getOutlet.php - === REQUEST GETOUTLET ===
2026-04-09 04:16:49 - getOutlet.php - Method: POST
2026-04-09 04:16:49 - getOutlet.php - POST data: {"tgl":"2026-04-09","encrypt":"ce8d123a9badc46aab7bfac002148c51","id_apl":"APL01","key":"Rs m"}
2026-04-09 11:16:49 - getOutlet.php - Params - tgl: 2026-04-09, encrypt: ce8d123a9badc46aab7bfac002148c51, id_apl: APL01, key: Rs m
2026-04-09 11:16:49 - getOutlet.php - Aplikasi ditemukan: Ya
2026-04-09 11:16:49 - getOutlet.php - Key aplikasi: YbcJSFjkds...
2026-04-09 11:16:49 - getOutlet.php - Expected encrypt: ce8d123a9badc46aab7bfac002148c51
2026-04-09 11:16:49 - getOutlet.php - Received encrypt: ce8d123a9badc46aab7bfac002148c51
2026-04-09 11:16:49 - getOutlet.php - Authentication berhasil
2026-04-09 11:16:49 - getOutlet.php - Query: SELECT id_out, nama_out, '' AS alamat_out, ofcode_out
            FROM outlet 
            WHERE status_out IN ('Active', '1', 'active')
            AND (nama_out LIKE :key OR ofcode_out LIKE :key)
            ORDER BY nama_out ASC
            LIMIT 20
2026-04-09 11:16:49 - getOutlet.php - Query berhasil, mengembalikan 20 record
2026-04-09 11:16:49 - getOutlet.php - === END REQUEST ===
2026-04-09 04:16:49 - getOutlet.php - === REQUEST GETOUTLET ===
2026-04-09 04:16:49 - getOutlet.php - Method: POST
2026-04-09 04:16:49 - getOutlet.php - POST data: {"tgl":"2026-04-09","encrypt":"ce8d123a9badc46aab7bfac002148c51","id_apl":"APL01","key":"Rs ma"}
2026-04-09 11:16:49 - getOutlet.php - Params - tgl: 2026-04-09, encrypt: ce8d123a9badc46aab7bfac002148c51, id_apl: APL01, key: Rs ma
2026-04-09 11:16:49 - getOutlet.php - Aplikasi ditemukan: Ya
2026-04-09 11:16:49 - getOutlet.php - Key aplikasi: YbcJSFjkds...
2026-04-09 11:16:49 - getOutlet.php - Expected encrypt: ce8d123a9badc46aab7bfac002148c51
2026-04-09 11:16:49 - getOutlet.php - Received encrypt: ce8d123a9badc46aab7bfac002148c51
2026-04-09 11:16:49 - getOutlet.php - Authentication berhasil
2026-04-09 11:16:49 - getOutlet.php - Query: SELECT id_out, nama_out, '' AS alamat_out, ofcode_out
            FROM outlet 
            WHERE status_out IN ('Active', '1', 'active')
            AND (nama_out LIKE :key OR ofcode_out LIKE :key)
            ORDER BY nama_out ASC
            LIMIT 20
2026-04-09 11:16:49 - getOutlet.php - Query berhasil, mengembalikan 18 record
2026-04-09 11:16:49 - getOutlet.php - === END REQUEST ===
2026-04-09 04:16:50 - getOutlet.php - === REQUEST GETOUTLET ===
2026-04-09 04:16:50 - getOutlet.php - Method: POST
2026-04-09 04:16:50 - getOutlet.php - POST data: {"tgl":"2026-04-09","encrypt":"ce8d123a9badc46aab7bfac002148c51","id_apl":"APL01","key":"Rs mata"}
2026-04-09 11:16:50 - getOutlet.php - Params - tgl: 2026-04-09, encrypt: ce8d123a9badc46aab7bfac002148c51, id_apl: APL01, key: Rs mata
2026-04-09 11:16:50 - getOutlet.php - Aplikasi ditemukan: Ya
2026-04-09 04:16:50 - getOutlet.php - === REQUEST GETOUTLET ===
2026-04-09 04:16:50 - getOutlet.php - Method: POST
2026-04-09 11:16:50 - getOutlet.php - Key aplikasi: YbcJSFjkds...
2026-04-09 04:16:50 - getOutlet.php - POST data: {"tgl":"2026-04-09","encrypt":"ce8d123a9badc46aab7bfac002148c51","id_apl":"APL01","key":"Rs mat"}
2026-04-09 11:16:50 - getOutlet.php - Expected encrypt: ce8d123a9badc46aab7bfac002148c51
2026-04-09 11:16:50 - getOutlet.php - Params - tgl: 2026-04-09, encrypt: ce8d123a9badc46aab7bfac002148c51, id_apl: APL01, key: Rs mat
2026-04-09 11:16:50 - getOutlet.php - Received encrypt: ce8d123a9badc46aab7bfac002148c51
2026-04-09 11:16:50 - getOutlet.php - Authentication berhasil
2026-04-09 11:16:50 - getOutlet.php - Aplikasi ditemukan: Ya
2026-04-09 11:16:50 - getOutlet.php - Key aplikasi: YbcJSFjkds...
2026-04-09 11:16:50 - getOutlet.php - Expected encrypt: ce8d123a9badc46aab7bfac002148c51
2026-04-09 11:16:50 - getOutlet.php - Received encrypt: ce8d123a9badc46aab7bfac002148c51
2026-04-09 11:16:50 - getOutlet.php - Authentication berhasil
2026-04-09 11:16:50 - getOutlet.php - Query: SELECT id_out, nama_out, '' AS alamat_out, ofcode_out
            FROM outlet 
            WHERE status_out IN ('Active', '1', 'active')
            AND (nama_out LIKE :key OR ofcode_out LIKE :key)
            ORDER BY nama_out ASC
            LIMIT 20
2026-04-09 11:16:50 - getOutlet.php - Query: SELECT id_out, nama_out, '' AS alamat_out, ofcode_out
            FROM outlet 
            WHERE status_out IN ('Active', '1', 'active')
            AND (nama_out LIKE :key OR ofcode_out LIKE :key)
            ORDER BY nama_out ASC
            LIMIT 20
2026-04-09 11:16:50 - getOutlet.php - Query berhasil, mengembalikan 8 record
2026-04-09 11:16:50 - getOutlet.php - === END REQUEST ===
2026-04-09 11:16:50 - getOutlet.php - Query berhasil, mengembalikan 8 record
2026-04-09 11:16:50 - getOutlet.php - === END REQUEST ===
2026-04-09 04:16:51 - getOutlet.php - === REQUEST GETOUTLET ===
2026-04-09 04:16:51 - getOutlet.php - Method: POST
2026-04-09 04:16:51 - getOutlet.php - POST data: {"tgl":"2026-04-09","encrypt":"ce8d123a9badc46aab7bfac002148c51","id_apl":"APL01","key":"Rs mata"}
2026-04-09 11:16:51 - getOutlet.php - Params - tgl: 2026-04-09, encrypt: ce8d123a9badc46aab7bfac002148c51, id_apl: APL01, key: Rs mata
2026-04-09 11:16:51 - getOutlet.php - Aplikasi ditemukan: Ya
2026-04-09 11:16:51 - getOutlet.php - Key aplikasi: YbcJSFjkds...
2026-04-09 11:16:51 - getOutlet.php - Expected encrypt: ce8d123a9badc46aab7bfac002148c51
2026-04-09 11:16:51 - getOutlet.php - Received encrypt: ce8d123a9badc46aab7bfac002148c51
2026-04-09 11:16:51 - getOutlet.php - Authentication berhasil
2026-04-09 04:16:51 - getOutlet.php - === REQUEST GETOUTLET ===
2026-04-09 04:16:51 - getOutlet.php - Method: POST
2026-04-09 04:16:51 - getOutlet.php - POST data: {"tgl":"2026-04-09","encrypt":"ce8d123a9badc46aab7bfac002148c51","id_apl":"APL01","key":"Rs mata"}
2026-04-09 11:16:51 - getOutlet.php - Query: SELECT id_out, nama_out, '' AS alamat_out, ofcode_out
            FROM outlet 
            WHERE status_out IN ('Active', '1', 'active')
            AND (nama_out LIKE :key OR ofcode_out LIKE :key)
            ORDER BY nama_out ASC
            LIMIT 20
2026-04-09 11:16:51 - getOutlet.php - Params - tgl: 2026-04-09, encrypt: ce8d123a9badc46aab7bfac002148c51, id_apl: APL01, key: Rs mata
2026-04-09 11:16:51 - getOutlet.php - Query berhasil, mengembalikan 8 record
2026-04-09 11:16:51 - getOutlet.php - Aplikasi ditemukan: Ya
2026-04-09 11:16:51 - getOutlet.php - === END REQUEST ===
2026-04-09 11:16:51 - getOutlet.php - Key aplikasi: YbcJSFjkds...
2026-04-09 11:16:51 - getOutlet.php - Expected encrypt: ce8d123a9badc46aab7bfac002148c51
2026-04-09 11:16:51 - getOutlet.php - Received encrypt: ce8d123a9badc46aab7bfac002148c51
2026-04-09 11:16:51 - getOutlet.php - Authentication berhasil
2026-04-09 11:16:51 - getOutlet.php - Query: SELECT id_out, nama_out, '' AS alamat_out, ofcode_out
            FROM outlet 
            WHERE status_out IN ('Active', '1', 'active')
            AND (nama_out LIKE :key OR ofcode_out LIKE :key)
            ORDER BY nama_out ASC
            LIMIT 20
2026-04-09 11:16:51 - getOutlet.php - Query berhasil, mengembalikan 8 record
2026-04-09 11:16:51 - getOutlet.php - === END REQUEST ===
2026-04-09 04:16:54 - getOutlet.php - === REQUEST GETOUTLET ===
2026-04-09 04:16:54 - getOutlet.php - Method: POST
2026-04-09 04:16:54 - getOutlet.php - POST data: {"tgl":"2026-04-09","encrypt":"ce8d123a9badc46aab7bfac002148c51","id_apl":"APL01","key":"Rs mata j"}
2026-04-09 11:16:54 - getOutlet.php - Params - tgl: 2026-04-09, encrypt: ce8d123a9badc46aab7bfac002148c51, id_apl: APL01, key: Rs mata j
2026-04-09 11:16:54 - getOutlet.php - Aplikasi ditemukan: Ya
2026-04-09 11:16:54 - getOutlet.php - Key aplikasi: YbcJSFjkds...
2026-04-09 11:16:54 - getOutlet.php - Expected encrypt: ce8d123a9badc46aab7bfac002148c51
2026-04-09 11:16:54 - getOutlet.php - Received encrypt: ce8d123a9badc46aab7bfac002148c51
2026-04-09 11:16:54 - getOutlet.php - Authentication berhasil
2026-04-09 11:16:54 - getOutlet.php - Query: SELECT id_out, nama_out, '' AS alamat_out, ofcode_out
            FROM outlet 
            WHERE status_out IN ('Active', '1', 'active')
            AND (nama_out LIKE :key OR ofcode_out LIKE :key)
            ORDER BY nama_out ASC
            LIMIT 20
2026-04-09 11:16:54 - getOutlet.php - Query berhasil, mengembalikan 5 record
2026-04-09 11:16:54 - getOutlet.php - === END REQUEST ===
2026-04-09 04:16:54 - getOutlet.php - === REQUEST GETOUTLET ===
2026-04-09 04:16:54 - getOutlet.php - Method: POST
2026-04-09 04:16:54 - getOutlet.php - POST data: {"tgl":"2026-04-09","encrypt":"ce8d123a9badc46aab7bfac002148c51","id_apl":"APL01","key":"Rs mata je"}
2026-04-09 11:16:54 - getOutlet.php - Params - tgl: 2026-04-09, encrypt: ce8d123a9badc46aab7bfac002148c51, id_apl: APL01, key: Rs mata je
2026-04-09 11:16:54 - getOutlet.php - Aplikasi ditemukan: Ya
2026-04-09 11:16:54 - getOutlet.php - Key aplikasi: YbcJSFjkds...
2026-04-09 11:16:54 - getOutlet.php - Expected encrypt: ce8d123a9badc46aab7bfac002148c51
2026-04-09 11:16:54 - getOutlet.php - Received encrypt: ce8d123a9badc46aab7bfac002148c51
2026-04-09 11:16:54 - getOutlet.php - Authentication berhasil
2026-04-09 11:16:54 - getOutlet.php - Query: SELECT id_out, nama_out, '' AS alamat_out, ofcode_out
            FROM outlet 
            WHERE status_out IN ('Active', '1', 'active')
            AND (nama_out LIKE :key OR ofcode_out LIKE :key)
            ORDER BY nama_out ASC
            LIMIT 20
2026-04-09 11:16:54 - getOutlet.php - Query berhasil, mengembalikan 5 record
2026-04-09 11:16:54 - getOutlet.php - === END REQUEST ===
2026-04-09 04:16:55 - getOutlet.php - === REQUEST GETOUTLET ===
2026-04-09 04:16:55 - getOutlet.php - Method: POST
2026-04-09 04:16:55 - getOutlet.php - POST data: {"tgl":"2026-04-09","encrypt":"ce8d123a9badc46aab7bfac002148c51","id_apl":"APL01","key":"Rs mata jec"}
2026-04-09 11:16:55 - getOutlet.php - Params - tgl: 2026-04-09, encrypt: ce8d123a9badc46aab7bfac002148c51, id_apl: APL01, key: Rs mata jec
2026-04-09 11:16:55 - getOutlet.php - Aplikasi ditemukan: Ya
2026-04-09 11:16:55 - getOutlet.php - Key aplikasi: YbcJSFjkds...
2026-04-09 11:16:55 - getOutlet.php - Expected encrypt: ce8d123a9badc46aab7bfac002148c51
2026-04-09 11:16:55 - getOutlet.php - Received encrypt: ce8d123a9badc46aab7bfac002148c51
2026-04-09 11:16:55 - getOutlet.php - Authentication berhasil
2026-04-09 11:16:55 - getOutlet.php - Query: SELECT id_out, nama_out, '' AS alamat_out, ofcode_out
            FROM outlet 
            WHERE status_out IN ('Active', '1', 'active')
            AND (nama_out LIKE :key OR ofcode_out LIKE :key)
            ORDER BY nama_out ASC
            LIMIT 20
2026-04-09 11:16:55 - getOutlet.php - Query berhasil, mengembalikan 5 record
2026-04-09 11:16:55 - getOutlet.php - === END REQUEST ===
2026-04-09 04:17:03 - getOutlet.php - === REQUEST GETOUTLET ===
2026-04-09 04:17:03 - getOutlet.php - Method: POST
2026-04-09 04:17:03 - getOutlet.php - POST data: {"tgl":"2026-04-09","encrypt":"ce8d123a9badc46aab7bfac002148c51","id_apl":"APL01","key":"RS MATA JEC @TAMBORA"}
2026-04-09 11:17:03 - getOutlet.php - Params - tgl: 2026-04-09, encrypt: ce8d123a9badc46aab7bfac002148c51, id_apl: APL01, key: RS MATA JEC @TAMBORA
2026-04-09 11:17:04 - getOutlet.php - Aplikasi ditemukan: Ya
2026-04-09 11:17:04 - getOutlet.php - Key aplikasi: YbcJSFjkds...
2026-04-09 11:17:04 - getOutlet.php - Expected encrypt: ce8d123a9badc46aab7bfac002148c51
2026-04-09 11:17:04 - getOutlet.php - Received encrypt: ce8d123a9badc46aab7bfac002148c51
2026-04-09 11:17:04 - getOutlet.php - Authentication berhasil
2026-04-09 11:17:04 - getOutlet.php - Query: SELECT id_out, nama_out, '' AS alamat_out, ofcode_out
            FROM outlet 
            WHERE status_out IN ('Active', '1', 'active')
            AND (nama_out LIKE :key OR ofcode_out LIKE :key)
            ORDER BY nama_out ASC
            LIMIT 20
2026-04-09 11:17:04 - getOutlet.php - Query berhasil, mengembalikan 1 record
2026-04-09 11:17:04 - getOutlet.php - === END REQUEST ===
2026-04-09 04:20:07 - getOutlet.php - === REQUEST GETOUTLET ===
2026-04-09 04:20:07 - getOutlet.php - Method: POST
2026-04-09 04:20:07 - getOutlet.php - POST data: {"tgl":"2026-04-09","encrypt":"ce8d123a9badc46aab7bfac002148c51","id_apl":"APL01","key":"Rs"}
2026-04-09 11:20:07 - getOutlet.php - Params - tgl: 2026-04-09, encrypt: ce8d123a9badc46aab7bfac002148c51, id_apl: APL01, key: Rs
2026-04-09 11:20:07 - getOutlet.php - Aplikasi ditemukan: Ya
2026-04-09 11:20:07 - getOutlet.php - Key aplikasi: YbcJSFjkds...
2026-04-09 11:20:07 - getOutlet.php - Expected encrypt: ce8d123a9badc46aab7bfac002148c51
2026-04-09 11:20:07 - getOutlet.php - Received encrypt: ce8d123a9badc46aab7bfac002148c51
2026-04-09 11:20:07 - getOutlet.php - Authentication berhasil
2026-04-09 11:20:07 - getOutlet.php - Query: SELECT id_out, nama_out, '' AS alamat_out, ofcode_out
            FROM outlet 
            WHERE status_out IN ('Active', '1', 'active')
            AND (nama_out LIKE :key OR ofcode_out LIKE :key)
            ORDER BY nama_out ASC
            LIMIT 20
2026-04-09 11:20:07 - getOutlet.php - Query berhasil, mengembalikan 20 record
2026-04-09 11:20:07 - getOutlet.php - === END REQUEST ===
2026-04-09 04:20:08 - getOutlet.php - === REQUEST GETOUTLET ===
2026-04-09 04:20:08 - getOutlet.php - Method: POST
2026-04-09 04:20:08 - getOutlet.php - POST data: {"tgl":"2026-04-09","encrypt":"ce8d123a9badc46aab7bfac002148c51","id_apl":"APL01","key":"Rs"}
2026-04-09 11:20:08 - getOutlet.php - Params - tgl: 2026-04-09, encrypt: ce8d123a9badc46aab7bfac002148c51, id_apl: APL01, key: Rs
2026-04-09 11:20:08 - getOutlet.php - Aplikasi ditemukan: Ya
2026-04-09 11:20:08 - getOutlet.php - Key aplikasi: YbcJSFjkds...
2026-04-09 11:20:08 - getOutlet.php - Expected encrypt: ce8d123a9badc46aab7bfac002148c51
2026-04-09 11:20:08 - getOutlet.php - Received encrypt: ce8d123a9badc46aab7bfac002148c51
2026-04-09 11:20:08 - getOutlet.php - Authentication berhasil
2026-04-09 11:20:08 - getOutlet.php - Query: SELECT id_out, nama_out, '' AS alamat_out, ofcode_out
            FROM outlet 
            WHERE status_out IN ('Active', '1', 'active')
            AND (nama_out LIKE :key OR ofcode_out LIKE :key)
            ORDER BY nama_out ASC
            LIMIT 20
2026-04-09 11:20:08 - getOutlet.php - Query berhasil, mengembalikan 20 record
2026-04-09 11:20:08 - getOutlet.php - === END REQUEST ===
2026-04-09 04:20:08 - getOutlet.php - === REQUEST GETOUTLET ===
2026-04-09 04:20:08 - getOutlet.php - Method: POST
2026-04-09 04:20:08 - getOutlet.php - POST data: {"tgl":"2026-04-09","encrypt":"ce8d123a9badc46aab7bfac002148c51","id_apl":"APL01","key":"Rs m"}
2026-04-09 11:20:08 - getOutlet.php - Params - tgl: 2026-04-09, encrypt: ce8d123a9badc46aab7bfac002148c51, id_apl: APL01, key: Rs m
2026-04-09 11:20:08 - getOutlet.php - Aplikasi ditemukan: Ya
2026-04-09 11:20:08 - getOutlet.php - Key aplikasi: YbcJSFjkds...
2026-04-09 11:20:08 - getOutlet.php - Expected encrypt: ce8d123a9badc46aab7bfac002148c51
2026-04-09 11:20:08 - getOutlet.php - Received encrypt: ce8d123a9badc46aab7bfac002148c51
2026-04-09 11:20:08 - getOutlet.php - Authentication berhasil
2026-04-09 11:20:08 - getOutlet.php - Query: SELECT id_out, nama_out, '' AS alamat_out, ofcode_out
            FROM outlet 
            WHERE status_out IN ('Active', '1', 'active')
            AND (nama_out LIKE :key OR ofcode_out LIKE :key)
            ORDER BY nama_out ASC
            LIMIT 20
2026-04-09 11:20:08 - getOutlet.php - Query berhasil, mengembalikan 20 record
2026-04-09 11:20:08 - getOutlet.php - === END REQUEST ===
2026-04-09 04:20:08 - getOutlet.php - === REQUEST GETOUTLET ===
2026-04-09 04:20:08 - getOutlet.php - Method: POST
2026-04-09 04:20:08 - getOutlet.php - POST data: {"tgl":"2026-04-09","encrypt":"ce8d123a9badc46aab7bfac002148c51","id_apl":"APL01","key":"Rs"}
2026-04-09 11:20:08 - getOutlet.php - Params - tgl: 2026-04-09, encrypt: ce8d123a9badc46aab7bfac002148c51, id_apl: APL01, key: Rs
2026-04-09 11:20:08 - getOutlet.php - Aplikasi ditemukan: Ya
2026-04-09 11:20:08 - getOutlet.php - Key aplikasi: YbcJSFjkds...
2026-04-09 11:20:08 - getOutlet.php - Expected encrypt: ce8d123a9badc46aab7bfac002148c51
2026-04-09 11:20:08 - getOutlet.php - Received encrypt: ce8d123a9badc46aab7bfac002148c51
2026-04-09 11:20:08 - getOutlet.php - Authentication berhasil
2026-04-09 11:20:08 - getOutlet.php - Query: SELECT id_out, nama_out, '' AS alamat_out, ofcode_out
            FROM outlet 
            WHERE status_out IN ('Active', '1', 'active')
            AND (nama_out LIKE :key OR ofcode_out LIKE :key)
            ORDER BY nama_out ASC
            LIMIT 20
2026-04-09 11:20:08 - getOutlet.php - Query berhasil, mengembalikan 20 record
2026-04-09 11:20:08 - getOutlet.php - === END REQUEST ===
2026-04-09 04:20:08 - getOutlet.php - === REQUEST GETOUTLET ===
2026-04-09 04:20:08 - getOutlet.php - Method: POST
2026-04-09 04:20:08 - getOutlet.php - POST data: {"tgl":"2026-04-09","encrypt":"ce8d123a9badc46aab7bfac002148c51","id_apl":"APL01","key":"Rs ma"}
2026-04-09 11:20:08 - getOutlet.php - Params - tgl: 2026-04-09, encrypt: ce8d123a9badc46aab7bfac002148c51, id_apl: APL01, key: Rs ma
2026-04-09 11:20:08 - getOutlet.php - Aplikasi ditemukan: Ya
2026-04-09 11:20:08 - getOutlet.php - Key aplikasi: YbcJSFjkds...
2026-04-09 11:20:08 - getOutlet.php - Expected encrypt: ce8d123a9badc46aab7bfac002148c51
2026-04-09 11:20:08 - getOutlet.php - Received encrypt: ce8d123a9badc46aab7bfac002148c51
2026-04-09 11:20:08 - getOutlet.php - Authentication berhasil
2026-04-09 11:20:08 - getOutlet.php - Query: SELECT id_out, nama_out, '' AS alamat_out, ofcode_out
            FROM outlet 
            WHERE status_out IN ('Active', '1', 'active')
            AND (nama_out LIKE :key OR ofcode_out LIKE :key)
            ORDER BY nama_out ASC
            LIMIT 20
2026-04-09 11:20:08 - getOutlet.php - Query berhasil, mengembalikan 18 record
2026-04-09 11:20:08 - getOutlet.php - === END REQUEST ===
2026-04-09 04:20:10 - getOutlet.php - === REQUEST GETOUTLET ===
2026-04-09 04:20:10 - getOutlet.php - Method: POST
2026-04-09 04:20:10 - getOutlet.php - POST data: {"tgl":"2026-04-09","encrypt":"ce8d123a9badc46aab7bfac002148c51","id_apl":"APL01","key":"Rs mat"}
2026-04-09 11:20:10 - getOutlet.php - Params - tgl: 2026-04-09, encrypt: ce8d123a9badc46aab7bfac002148c51, id_apl: APL01, key: Rs mat
2026-04-09 11:20:10 - getOutlet.php - Aplikasi ditemukan: Ya
2026-04-09 11:20:10 - getOutlet.php - Key aplikasi: YbcJSFjkds...
2026-04-09 11:20:10 - getOutlet.php - Expected encrypt: ce8d123a9badc46aab7bfac002148c51
2026-04-09 11:20:10 - getOutlet.php - Received encrypt: ce8d123a9badc46aab7bfac002148c51
2026-04-09 11:20:10 - getOutlet.php - Authentication berhasil
2026-04-09 11:20:10 - getOutlet.php - Query: SELECT id_out, nama_out, '' AS alamat_out, ofcode_out
            FROM outlet 
            WHERE status_out IN ('Active', '1', 'active')
            AND (nama_out LIKE :key OR ofcode_out LIKE :key)
            ORDER BY nama_out ASC
            LIMIT 20
2026-04-09 11:20:10 - getOutlet.php - Query berhasil, mengembalikan 8 record
2026-04-09 11:20:10 - getOutlet.php - === END REQUEST ===
2026-04-09 04:20:10 - getOutlet.php - === REQUEST GETOUTLET ===
2026-04-09 04:20:10 - getOutlet.php - Method: POST
2026-04-09 04:20:10 - getOutlet.php - POST data: {"tgl":"2026-04-09","encrypt":"ce8d123a9badc46aab7bfac002148c51","id_apl":"APL01","key":"Rs mata"}
2026-04-09 11:20:10 - getOutlet.php - Params - tgl: 2026-04-09, encrypt: ce8d123a9badc46aab7bfac002148c51, id_apl: APL01, key: Rs mata
2026-04-09 11:20:10 - getOutlet.php - Aplikasi ditemukan: Ya
2026-04-09 11:20:10 - getOutlet.php - Key aplikasi: YbcJSFjkds...
2026-04-09 11:20:10 - getOutlet.php - Expected encrypt: ce8d123a9badc46aab7bfac002148c51
2026-04-09 11:20:10 - getOutlet.php - Received encrypt: ce8d123a9badc46aab7bfac002148c51
2026-04-09 11:20:10 - getOutlet.php - Authentication berhasil
2026-04-09 11:20:10 - getOutlet.php - Query: SELECT id_out, nama_out, '' AS alamat_out, ofcode_out
            FROM outlet 
            WHERE status_out IN ('Active', '1', 'active')
            AND (nama_out LIKE :key OR ofcode_out LIKE :key)
            ORDER BY nama_out ASC
            LIMIT 20
2026-04-09 11:20:10 - getOutlet.php - Query berhasil, mengembalikan 8 record
2026-04-09 11:20:10 - getOutlet.php - === END REQUEST ===
2026-04-09 04:20:13 - getOutlet.php - === REQUEST GETOUTLET ===
2026-04-09 04:20:13 - getOutlet.php - Method: POST
2026-04-09 04:20:13 - getOutlet.php - POST data: {"tgl":"2026-04-09","encrypt":"ce8d123a9badc46aab7bfac002148c51","id_apl":"APL01","key":"Rs mata"}
2026-04-09 11:20:13 - getOutlet.php - Params - tgl: 2026-04-09, encrypt: ce8d123a9badc46aab7bfac002148c51, id_apl: APL01, key: Rs mata
2026-04-09 11:20:13 - getOutlet.php - Aplikasi ditemukan: Ya
2026-04-09 11:20:13 - getOutlet.php - Key aplikasi: YbcJSFjkds...
2026-04-09 11:20:13 - getOutlet.php - Expected encrypt: ce8d123a9badc46aab7bfac002148c51
2026-04-09 11:20:13 - getOutlet.php - Received encrypt: ce8d123a9badc46aab7bfac002148c51
2026-04-09 11:20:13 - getOutlet.php - Authentication berhasil
2026-04-09 11:20:13 - getOutlet.php - Query: SELECT id_out, nama_out, '' AS alamat_out, ofcode_out
            FROM outlet 
            WHERE status_out IN ('Active', '1', 'active')
            AND (nama_out LIKE :key OR ofcode_out LIKE :key)
            ORDER BY nama_out ASC
            LIMIT 20
2026-04-09 11:20:13 - getOutlet.php - Query berhasil, mengembalikan 8 record
2026-04-09 11:20:13 - getOutlet.php - === END REQUEST ===
2026-04-09 04:20:13 - getOutlet.php - === REQUEST GETOUTLET ===
2026-04-09 04:20:13 - getOutlet.php - Method: POST
2026-04-09 04:20:13 - getOutlet.php - POST data: {"tgl":"2026-04-09","encrypt":"ce8d123a9badc46aab7bfac002148c51","id_apl":"APL01","key":"Rs mata"}
2026-04-09 11:20:13 - getOutlet.php - Params - tgl: 2026-04-09, encrypt: ce8d123a9badc46aab7bfac002148c51, id_apl: APL01, key: Rs mata
2026-04-09 11:20:13 - getOutlet.php - Aplikasi ditemukan: Ya
2026-04-09 11:20:13 - getOutlet.php - Key aplikasi: YbcJSFjkds...
2026-04-09 11:20:13 - getOutlet.php - Expected encrypt: ce8d123a9badc46aab7bfac002148c51
2026-04-09 11:20:13 - getOutlet.php - Received encrypt: ce8d123a9badc46aab7bfac002148c51
2026-04-09 11:20:13 - getOutlet.php - Authentication berhasil
2026-04-09 11:20:13 - getOutlet.php - Query: SELECT id_out, nama_out, '' AS alamat_out, ofcode_out
            FROM outlet 
            WHERE status_out IN ('Active', '1', 'active')
            AND (nama_out LIKE :key OR ofcode_out LIKE :key)
            ORDER BY nama_out ASC
            LIMIT 20
2026-04-09 11:20:13 - getOutlet.php - Query berhasil, mengembalikan 8 record
2026-04-09 11:20:13 - getOutlet.php - === END REQUEST ===
2026-04-09 04:20:15 - getOutlet.php - === REQUEST GETOUTLET ===
2026-04-09 04:20:15 - getOutlet.php - Method: POST
2026-04-09 04:20:15 - getOutlet.php - POST data: {"tgl":"2026-04-09","encrypt":"ce8d123a9badc46aab7bfac002148c51","id_apl":"APL01","key":"Rs mata j"}
2026-04-09 11:20:15 - getOutlet.php - Params - tgl: 2026-04-09, encrypt: ce8d123a9badc46aab7bfac002148c51, id_apl: APL01, key: Rs mata j
2026-04-09 11:20:15 - getOutlet.php - Aplikasi ditemukan: Ya
2026-04-09 11:20:15 - getOutlet.php - Key aplikasi: YbcJSFjkds...
2026-04-09 11:20:15 - getOutlet.php - Expected encrypt: ce8d123a9badc46aab7bfac002148c51
2026-04-09 11:20:15 - getOutlet.php - Received encrypt: ce8d123a9badc46aab7bfac002148c51
2026-04-09 11:20:15 - getOutlet.php - Authentication berhasil
2026-04-09 11:20:15 - getOutlet.php - Query: SELECT id_out, nama_out, '' AS alamat_out, ofcode_out
            FROM outlet 
            WHERE status_out IN ('Active', '1', 'active')
            AND (nama_out LIKE :key OR ofcode_out LIKE :key)
            ORDER BY nama_out ASC
            LIMIT 20
2026-04-09 11:20:15 - getOutlet.php - Query berhasil, mengembalikan 5 record
2026-04-09 11:20:15 - getOutlet.php - === END REQUEST ===
2026-04-09 04:20:15 - getOutlet.php - === REQUEST GETOUTLET ===
2026-04-09 04:20:15 - getOutlet.php - Method: POST
2026-04-09 04:20:15 - getOutlet.php - POST data: {"tgl":"2026-04-09","encrypt":"ce8d123a9badc46aab7bfac002148c51","id_apl":"APL01","key":"Rs mata je"}
2026-04-09 11:20:15 - getOutlet.php - Params - tgl: 2026-04-09, encrypt: ce8d123a9badc46aab7bfac002148c51, id_apl: APL01, key: Rs mata je
2026-04-09 11:20:15 - getOutlet.php - Aplikasi ditemukan: Ya
2026-04-09 11:20:15 - getOutlet.php - Key aplikasi: YbcJSFjkds...
2026-04-09 11:20:15 - getOutlet.php - Expected encrypt: ce8d123a9badc46aab7bfac002148c51
2026-04-09 11:20:15 - getOutlet.php - Received encrypt: ce8d123a9badc46aab7bfac002148c51
2026-04-09 11:20:15 - getOutlet.php - Authentication berhasil
2026-04-09 11:20:15 - getOutlet.php - Query: SELECT id_out, nama_out, '' AS alamat_out, ofcode_out
            FROM outlet 
            WHERE status_out IN ('Active', '1', 'active')
            AND (nama_out LIKE :key OR ofcode_out LIKE :key)
            ORDER BY nama_out ASC
            LIMIT 20
2026-04-09 11:20:15 - getOutlet.php - Query berhasil, mengembalikan 5 record
2026-04-09 11:20:15 - getOutlet.php - === END REQUEST ===
2026-04-09 04:20:16 - getOutlet.php - === REQUEST GETOUTLET ===
2026-04-09 04:20:16 - getOutlet.php - Method: POST
2026-04-09 04:20:16 - getOutlet.php - POST data: {"tgl":"2026-04-09","encrypt":"ce8d123a9badc46aab7bfac002148c51","id_apl":"APL01","key":"Rs mata jec"}
2026-04-09 11:20:16 - getOutlet.php - Params - tgl: 2026-04-09, encrypt: ce8d123a9badc46aab7bfac002148c51, id_apl: APL01, key: Rs mata jec
2026-04-09 11:20:16 - getOutlet.php - Aplikasi ditemukan: Ya
2026-04-09 11:20:16 - getOutlet.php - Key aplikasi: YbcJSFjkds...
2026-04-09 11:20:16 - getOutlet.php - Expected encrypt: ce8d123a9badc46aab7bfac002148c51
2026-04-09 11:20:16 - getOutlet.php - Received encrypt: ce8d123a9badc46aab7bfac002148c51
2026-04-09 11:20:16 - getOutlet.php - Authentication berhasil
2026-04-09 11:20:16 - getOutlet.php - Query: SELECT id_out, nama_out, '' AS alamat_out, ofcode_out
            FROM outlet 
            WHERE status_out IN ('Active', '1', 'active')
            AND (nama_out LIKE :key OR ofcode_out LIKE :key)
            ORDER BY nama_out ASC
            LIMIT 20
2026-04-09 11:20:16 - getOutlet.php - Query berhasil, mengembalikan 5 record
2026-04-09 11:20:16 - getOutlet.php - === END REQUEST ===
2026-04-09 04:20:20 - getOutlet.php - === REQUEST GETOUTLET ===
2026-04-09 04:20:20 - getOutlet.php - Method: POST
2026-04-09 04:20:20 - getOutlet.php - POST data: {"tgl":"2026-04-09","encrypt":"ce8d123a9badc46aab7bfac002148c51","id_apl":"APL01","key":"RS MATA JEC @TAMBORA"}
2026-04-09 11:20:20 - getOutlet.php - Params - tgl: 2026-04-09, encrypt: ce8d123a9badc46aab7bfac002148c51, id_apl: APL01, key: RS MATA JEC @TAMBORA
2026-04-09 11:20:20 - getOutlet.php - Aplikasi ditemukan: Ya
2026-04-09 11:20:20 - getOutlet.php - Key aplikasi: YbcJSFjkds...
2026-04-09 11:20:20 - getOutlet.php - Expected encrypt: ce8d123a9badc46aab7bfac002148c51
2026-04-09 11:20:20 - getOutlet.php - Received encrypt: ce8d123a9badc46aab7bfac002148c51
2026-04-09 11:20:20 - getOutlet.php - Authentication berhasil
2026-04-09 11:20:20 - getOutlet.php - Query: SELECT id_out, nama_out, '' AS alamat_out, ofcode_out
            FROM outlet 
            WHERE status_out IN ('Active', '1', 'active')
            AND (nama_out LIKE :key OR ofcode_out LIKE :key)
            ORDER BY nama_out ASC
            LIMIT 20
2026-04-09 11:20:20 - getOutlet.php - Query berhasil, mengembalikan 1 record
2026-04-09 11:20:20 - getOutlet.php - === END REQUEST ===
2026-04-09 04:20:47 - getOutlet.php - === REQUEST GETOUTLET ===
2026-04-09 04:20:47 - getOutlet.php - Method: POST
2026-04-09 04:20:47 - getOutlet.php - POST data: {"tgl":"2026-04-09","encrypt":"ce8d123a9badc46aab7bfac002148c51","id_apl":"APL01","key":"Rs"}
2026-04-09 11:20:47 - getOutlet.php - Params - tgl: 2026-04-09, encrypt: ce8d123a9badc46aab7bfac002148c51, id_apl: APL01, key: Rs
2026-04-09 11:20:47 - getOutlet.php - Aplikasi ditemukan: Ya
2026-04-09 11:20:47 - getOutlet.php - Key aplikasi: YbcJSFjkds...
2026-04-09 11:20:47 - getOutlet.php - Expected encrypt: ce8d123a9badc46aab7bfac002148c51
2026-04-09 11:20:47 - getOutlet.php - Received encrypt: ce8d123a9badc46aab7bfac002148c51
2026-04-09 11:20:47 - getOutlet.php - Authentication berhasil
2026-04-09 11:20:47 - getOutlet.php - Query: SELECT id_out, nama_out, '' AS alamat_out, ofcode_out
            FROM outlet 
            WHERE status_out IN ('Active', '1', 'active')
            AND (nama_out LIKE :key OR ofcode_out LIKE :key)
            ORDER BY nama_out ASC
            LIMIT 20
2026-04-09 11:20:47 - getOutlet.php - Query berhasil, mengembalikan 20 record
2026-04-09 11:20:47 - getOutlet.php - === END REQUEST ===
2026-04-09 04:20:48 - getOutlet.php - === REQUEST GETOUTLET ===
2026-04-09 04:20:48 - getOutlet.php - Method: POST
2026-04-09 04:20:48 - getOutlet.php - POST data: {"tgl":"2026-04-09","encrypt":"ce8d123a9badc46aab7bfac002148c51","id_apl":"APL01","key":"Rsu"}
2026-04-09 11:20:48 - getOutlet.php - Params - tgl: 2026-04-09, encrypt: ce8d123a9badc46aab7bfac002148c51, id_apl: APL01, key: Rsu
2026-04-09 11:20:48 - getOutlet.php - Aplikasi ditemukan: Ya
2026-04-09 11:20:48 - getOutlet.php - Key aplikasi: YbcJSFjkds...
2026-04-09 11:20:48 - getOutlet.php - Expected encrypt: ce8d123a9badc46aab7bfac002148c51
2026-04-09 11:20:48 - getOutlet.php - Received encrypt: ce8d123a9badc46aab7bfac002148c51
2026-04-09 11:20:48 - getOutlet.php - Authentication berhasil
2026-04-09 11:20:48 - getOutlet.php - Query: SELECT id_out, nama_out, '' AS alamat_out, ofcode_out
            FROM outlet 
            WHERE status_out IN ('Active', '1', 'active')
            AND (nama_out LIKE :key OR ofcode_out LIKE :key)
            ORDER BY nama_out ASC
            LIMIT 20
2026-04-09 11:20:48 - getOutlet.php - Query berhasil, mengembalikan 20 record
2026-04-09 11:20:48 - getOutlet.php - === END REQUEST ===
2026-04-09 04:20:48 - getOutlet.php - === REQUEST GETOUTLET ===
2026-04-09 04:20:48 - getOutlet.php - Method: POST
2026-04-09 04:20:48 - getOutlet.php - POST data: {"tgl":"2026-04-09","encrypt":"ce8d123a9badc46aab7bfac002148c51","id_apl":"APL01","key":"Rsu"}
2026-04-09 11:20:48 - getOutlet.php - Params - tgl: 2026-04-09, encrypt: ce8d123a9badc46aab7bfac002148c51, id_apl: APL01, key: Rsu
2026-04-09 04:20:48 - getOutlet.php - === REQUEST GETOUTLET ===
2026-04-09 04:20:48 - getOutlet.php - Method: POST
2026-04-09 04:20:48 - getOutlet.php - POST data: {"tgl":"2026-04-09","encrypt":"ce8d123a9badc46aab7bfac002148c51","id_apl":"APL01","key":"Rsu"}
2026-04-09 11:20:48 - getOutlet.php - Params - tgl: 2026-04-09, encrypt: ce8d123a9badc46aab7bfac002148c51, id_apl: APL01, key: Rsu
2026-04-09 11:20:48 - getOutlet.php - Aplikasi ditemukan: Ya
2026-04-09 11:20:48 - getOutlet.php - Key aplikasi: YbcJSFjkds...
2026-04-09 11:20:48 - getOutlet.php - Expected encrypt: ce8d123a9badc46aab7bfac002148c51
2026-04-09 11:20:48 - getOutlet.php - Received encrypt: ce8d123a9badc46aab7bfac002148c51
2026-04-09 11:20:48 - getOutlet.php - Authentication berhasil
2026-04-09 11:20:48 - getOutlet.php - Aplikasi ditemukan: Ya
2026-04-09 11:20:48 - getOutlet.php - Key aplikasi: YbcJSFjkds...
2026-04-09 11:20:48 - getOutlet.php - Expected encrypt: ce8d123a9badc46aab7bfac002148c51
2026-04-09 11:20:48 - getOutlet.php - Received encrypt: ce8d123a9badc46aab7bfac002148c51
2026-04-09 11:20:48 - getOutlet.php - Authentication berhasil
2026-04-09 11:20:48 - getOutlet.php - Query: SELECT id_out, nama_out, '' AS alamat_out, ofcode_out
            FROM outlet 
            WHERE status_out IN ('Active', '1', 'active')
            AND (nama_out LIKE :key OR ofcode_out LIKE :key)
            ORDER BY nama_out ASC
            LIMIT 20
2026-04-09 11:20:48 - getOutlet.php - Query: SELECT id_out, nama_out, '' AS alamat_out, ofcode_out
            FROM outlet 
            WHERE status_out IN ('Active', '1', 'active')
            AND (nama_out LIKE :key OR ofcode_out LIKE :key)
            ORDER BY nama_out ASC
            LIMIT 20
2026-04-09 11:20:48 - getOutlet.php - Query berhasil, mengembalikan 20 record
2026-04-09 11:20:48 - getOutlet.php - === END REQUEST ===
2026-04-09 11:20:48 - getOutlet.php - Query berhasil, mengembalikan 20 record
2026-04-09 11:20:48 - getOutlet.php - === END REQUEST ===
2026-04-09 04:20:48 - getOutlet.php - === REQUEST GETOUTLET ===
2026-04-09 04:20:48 - getOutlet.php - Method: POST
2026-04-09 04:20:48 - getOutlet.php - POST data: {"tgl":"2026-04-09","encrypt":"ce8d123a9badc46aab7bfac002148c51","id_apl":"APL01","key":"Rsu a"}
2026-04-09 11:20:48 - getOutlet.php - Params - tgl: 2026-04-09, encrypt: ce8d123a9badc46aab7bfac002148c51, id_apl: APL01, key: Rsu a
2026-04-09 11:20:48 - getOutlet.php - Aplikasi ditemukan: Ya
2026-04-09 11:20:48 - getOutlet.php - Key aplikasi: YbcJSFjkds...
2026-04-09 11:20:48 - getOutlet.php - Expected encrypt: ce8d123a9badc46aab7bfac002148c51
2026-04-09 11:20:48 - getOutlet.php - Received encrypt: ce8d123a9badc46aab7bfac002148c51
2026-04-09 11:20:48 - getOutlet.php - Authentication berhasil
2026-04-09 11:20:48 - getOutlet.php - Query: SELECT id_out, nama_out, '' AS alamat_out, ofcode_out
            FROM outlet 
            WHERE status_out IN ('Active', '1', 'active')
            AND (nama_out LIKE :key OR ofcode_out LIKE :key)
            ORDER BY nama_out ASC
            LIMIT 20
2026-04-09 11:20:48 - getOutlet.php - Query berhasil, mengembalikan 5 record
2026-04-09 11:20:48 - getOutlet.php - === END REQUEST ===
2026-04-09 04:20:49 - getOutlet.php - === REQUEST GETOUTLET ===
2026-04-09 04:20:49 - getOutlet.php - Method: POST
2026-04-09 04:20:49 - getOutlet.php - POST data: {"tgl":"2026-04-09","encrypt":"ce8d123a9badc46aab7bfac002148c51","id_apl":"APL01","key":"Rsu at"}
2026-04-09 11:20:49 - getOutlet.php - Params - tgl: 2026-04-09, encrypt: ce8d123a9badc46aab7bfac002148c51, id_apl: APL01, key: Rsu at
2026-04-09 11:20:49 - getOutlet.php - Aplikasi ditemukan: Ya
2026-04-09 11:20:49 - getOutlet.php - Key aplikasi: YbcJSFjkds...
2026-04-09 11:20:49 - getOutlet.php - Expected encrypt: ce8d123a9badc46aab7bfac002148c51
2026-04-09 11:20:49 - getOutlet.php - Received encrypt: ce8d123a9badc46aab7bfac002148c51
2026-04-09 11:20:49 - getOutlet.php - Authentication berhasil
2026-04-09 11:20:49 - getOutlet.php - Query: SELECT id_out, nama_out, '' AS alamat_out, ofcode_out
            FROM outlet 
            WHERE status_out IN ('Active', '1', 'active')
            AND (nama_out LIKE :key OR ofcode_out LIKE :key)
            ORDER BY nama_out ASC
            LIMIT 20
2026-04-09 11:20:49 - getOutlet.php - Query berhasil, mengembalikan 1 record
2026-04-09 11:20:49 - getOutlet.php - === END REQUEST ===
2026-04-09 04:20:51 - getOutlet.php - === REQUEST GETOUTLET ===
2026-04-09 04:20:51 - getOutlet.php - Method: POST
2026-04-09 04:20:51 - getOutlet.php - POST data: {"tgl":"2026-04-09","encrypt":"ce8d123a9badc46aab7bfac002148c51","id_apl":"APL01","key":"RSU ATMA JAYA"}
2026-04-09 11:20:51 - getOutlet.php - Params - tgl: 2026-04-09, encrypt: ce8d123a9badc46aab7bfac002148c51, id_apl: APL01, key: RSU ATMA JAYA
2026-04-09 11:20:51 - getOutlet.php - Aplikasi ditemukan: Ya
2026-04-09 11:20:51 - getOutlet.php - Key aplikasi: YbcJSFjkds...
2026-04-09 11:20:51 - getOutlet.php - Expected encrypt: ce8d123a9badc46aab7bfac002148c51
2026-04-09 11:20:51 - getOutlet.php - Received encrypt: ce8d123a9badc46aab7bfac002148c51
2026-04-09 11:20:51 - getOutlet.php - Authentication berhasil
2026-04-09 11:20:51 - getOutlet.php - Query: SELECT id_out, nama_out, '' AS alamat_out, ofcode_out
            FROM outlet 
            WHERE status_out IN ('Active', '1', 'active')
            AND (nama_out LIKE :key OR ofcode_out LIKE :key)
            ORDER BY nama_out ASC
            LIMIT 20
2026-04-09 11:20:51 - getOutlet.php - Query berhasil, mengembalikan 1 record
2026-04-09 11:20:51 - getOutlet.php - === END REQUEST ===
2026-04-09 04:21:25 - getOutlet.php - === REQUEST GETOUTLET ===
2026-04-09 04:21:25 - getOutlet.php - Method: POST
2026-04-09 04:21:25 - getOutlet.php - POST data: {"tgl":"2026-04-09","encrypt":"ce8d123a9badc46aab7bfac002148c51","id_apl":"APL01","key":"Mi"}
2026-04-09 11:21:25 - getOutlet.php - Params - tgl: 2026-04-09, encrypt: ce8d123a9badc46aab7bfac002148c51, id_apl: APL01, key: Mi
2026-04-09 11:21:25 - getOutlet.php - Aplikasi ditemukan: Ya
2026-04-09 11:21:25 - getOutlet.php - Key aplikasi: YbcJSFjkds...
2026-04-09 11:21:25 - getOutlet.php - Expected encrypt: ce8d123a9badc46aab7bfac002148c51
2026-04-09 11:21:25 - getOutlet.php - Received encrypt: ce8d123a9badc46aab7bfac002148c51
2026-04-09 11:21:25 - getOutlet.php - Authentication berhasil
2026-04-09 11:21:25 - getOutlet.php - Query: SELECT id_out, nama_out, '' AS alamat_out, ofcode_out
            FROM outlet 
            WHERE status_out IN ('Active', '1', 'active')
            AND (nama_out LIKE :key OR ofcode_out LIKE :key)
            ORDER BY nama_out ASC
            LIMIT 20
2026-04-09 11:21:25 - getOutlet.php - Query berhasil, mengembalikan 20 record
2026-04-09 11:21:25 - getOutlet.php - === END REQUEST ===
2026-04-09 04:21:25 - getOutlet.php - === REQUEST GETOUTLET ===
2026-04-09 04:21:25 - getOutlet.php - Method: POST
2026-04-09 04:21:25 - getOutlet.php - POST data: {"tgl":"2026-04-09","encrypt":"ce8d123a9badc46aab7bfac002148c51","id_apl":"APL01","key":"Mit"}
2026-04-09 11:21:25 - getOutlet.php - Params - tgl: 2026-04-09, encrypt: ce8d123a9badc46aab7bfac002148c51, id_apl: APL01, key: Mit
2026-04-09 11:21:25 - getOutlet.php - Aplikasi ditemukan: Ya
2026-04-09 11:21:25 - getOutlet.php - Key aplikasi: YbcJSFjkds...
2026-04-09 11:21:25 - getOutlet.php - Expected encrypt: ce8d123a9badc46aab7bfac002148c51
2026-04-09 11:21:25 - getOutlet.php - Received encrypt: ce8d123a9badc46aab7bfac002148c51
2026-04-09 11:21:25 - getOutlet.php - Authentication berhasil
2026-04-09 11:21:25 - getOutlet.php - Query: SELECT id_out, nama_out, '' AS alamat_out, ofcode_out
            FROM outlet 
            WHERE status_out IN ('Active', '1', 'active')
            AND (nama_out LIKE :key OR ofcode_out LIKE :key)
            ORDER BY nama_out ASC
            LIMIT 20
2026-04-09 11:21:25 - getOutlet.php - Query berhasil, mengembalikan 20 record
2026-04-09 11:21:25 - getOutlet.php - === END REQUEST ===
2026-04-09 04:21:26 - getOutlet.php - === REQUEST GETOUTLET ===
2026-04-09 04:21:26 - getOutlet.php - Method: POST
2026-04-09 04:21:26 - getOutlet.php - POST data: {"tgl":"2026-04-09","encrypt":"ce8d123a9badc46aab7bfac002148c51","id_apl":"APL01","key":"Mitr"}
2026-04-09 11:21:26 - getOutlet.php - Params - tgl: 2026-04-09, encrypt: ce8d123a9badc46aab7bfac002148c51, id_apl: APL01, key: Mitr
2026-04-09 11:21:26 - getOutlet.php - Aplikasi ditemukan: Ya
2026-04-09 11:21:26 - getOutlet.php - Key aplikasi: YbcJSFjkds...
2026-04-09 11:21:26 - getOutlet.php - Expected encrypt: ce8d123a9badc46aab7bfac002148c51
2026-04-09 11:21:26 - getOutlet.php - Received encrypt: ce8d123a9badc46aab7bfac002148c51
2026-04-09 11:21:26 - getOutlet.php - Authentication berhasil
2026-04-09 11:21:26 - getOutlet.php - Query: SELECT id_out, nama_out, '' AS alamat_out, ofcode_out
            FROM outlet 
            WHERE status_out IN ('Active', '1', 'active')
            AND (nama_out LIKE :key OR ofcode_out LIKE :key)
            ORDER BY nama_out ASC
            LIMIT 20
2026-04-09 11:21:26 - getOutlet.php - Query berhasil, mengembalikan 20 record
2026-04-09 11:21:26 - getOutlet.php - === END REQUEST ===
2026-04-09 04:21:26 - getOutlet.php - === REQUEST GETOUTLET ===
2026-04-09 04:21:26 - getOutlet.php - Method: POST
2026-04-09 04:21:26 - getOutlet.php - POST data: {"tgl":"2026-04-09","encrypt":"ce8d123a9badc46aab7bfac002148c51","id_apl":"APL01","key":"Mitra"}
2026-04-09 11:21:26 - getOutlet.php - Params - tgl: 2026-04-09, encrypt: ce8d123a9badc46aab7bfac002148c51, id_apl: APL01, key: Mitra
2026-04-09 11:21:26 - getOutlet.php - Aplikasi ditemukan: Ya
2026-04-09 11:21:26 - getOutlet.php - Key aplikasi: YbcJSFjkds...
2026-04-09 11:21:26 - getOutlet.php - Expected encrypt: ce8d123a9badc46aab7bfac002148c51
2026-04-09 11:21:26 - getOutlet.php - Received encrypt: ce8d123a9badc46aab7bfac002148c51
2026-04-09 11:21:26 - getOutlet.php - Authentication berhasil
2026-04-09 11:21:26 - getOutlet.php - Query: SELECT id_out, nama_out, '' AS alamat_out, ofcode_out
            FROM outlet 
            WHERE status_out IN ('Active', '1', 'active')
            AND (nama_out LIKE :key OR ofcode_out LIKE :key)
            ORDER BY nama_out ASC
            LIMIT 20
2026-04-09 11:21:26 - getOutlet.php - Query berhasil, mengembalikan 20 record
2026-04-09 11:21:26 - getOutlet.php - === END REQUEST ===
2026-04-09 04:21:26 - getOutlet.php - === REQUEST GETOUTLET ===
2026-04-09 04:21:26 - getOutlet.php - Method: POST
2026-04-09 04:21:26 - getOutlet.php - POST data: {"tgl":"2026-04-09","encrypt":"ce8d123a9badc46aab7bfac002148c51","id_apl":"APL01","key":"Mitra"}
2026-04-09 11:21:26 - getOutlet.php - Params - tgl: 2026-04-09, encrypt: ce8d123a9badc46aab7bfac002148c51, id_apl: APL01, key: Mitra
2026-04-09 04:21:26 - getOutlet.php - === REQUEST GETOUTLET ===
2026-04-09 04:21:26 - getOutlet.php - Method: POST
2026-04-09 04:21:26 - getOutlet.php - POST data: {"tgl":"2026-04-09","encrypt":"ce8d123a9badc46aab7bfac002148c51","id_apl":"APL01","key":"Mitra"}
2026-04-09 11:21:26 - getOutlet.php - Params - tgl: 2026-04-09, encrypt: ce8d123a9badc46aab7bfac002148c51, id_apl: APL01, key: Mitra
2026-04-09 11:21:26 - getOutlet.php - Aplikasi ditemukan: Ya
2026-04-09 11:21:26 - getOutlet.php - Key aplikasi: YbcJSFjkds...
2026-04-09 11:21:26 - getOutlet.php - Aplikasi ditemukan: Ya
2026-04-09 11:21:26 - getOutlet.php - Expected encrypt: ce8d123a9badc46aab7bfac002148c51
2026-04-09 11:21:26 - getOutlet.php - Key aplikasi: YbcJSFjkds...
2026-04-09 11:21:26 - getOutlet.php - Received encrypt: ce8d123a9badc46aab7bfac002148c51
2026-04-09 11:21:26 - getOutlet.php - Authentication berhasil
2026-04-09 11:21:26 - getOutlet.php - Expected encrypt: ce8d123a9badc46aab7bfac002148c51
2026-04-09 11:21:26 - getOutlet.php - Received encrypt: ce8d123a9badc46aab7bfac002148c51
2026-04-09 11:21:26 - getOutlet.php - Authentication berhasil
2026-04-09 11:21:26 - getOutlet.php - Query: SELECT id_out, nama_out, '' AS alamat_out, ofcode_out
            FROM outlet 
            WHERE status_out IN ('Active', '1', 'active')
            AND (nama_out LIKE :key OR ofcode_out LIKE :key)
            ORDER BY nama_out ASC
            LIMIT 20
2026-04-09 11:21:26 - getOutlet.php - Query: SELECT id_out, nama_out, '' AS alamat_out, ofcode_out
            FROM outlet 
            WHERE status_out IN ('Active', '1', 'active')
            AND (nama_out LIKE :key OR ofcode_out LIKE :key)
            ORDER BY nama_out ASC
            LIMIT 20
2026-04-09 11:21:26 - getOutlet.php - Query berhasil, mengembalikan 20 record
2026-04-09 11:21:26 - getOutlet.php - === END REQUEST ===
2026-04-09 11:21:26 - getOutlet.php - Query berhasil, mengembalikan 20 record
2026-04-09 11:21:26 - getOutlet.php - === END REQUEST ===
2026-04-09 04:21:27 - getOutlet.php - === REQUEST GETOUTLET ===
2026-04-09 04:21:27 - getOutlet.php - Method: POST
2026-04-09 04:21:27 - getOutlet.php - POST data: {"tgl":"2026-04-09","encrypt":"ce8d123a9badc46aab7bfac002148c51","id_apl":"APL01","key":"Mitra k"}
2026-04-09 11:21:27 - getOutlet.php - Params - tgl: 2026-04-09, encrypt: ce8d123a9badc46aab7bfac002148c51, id_apl: APL01, key: Mitra k
2026-04-09 11:21:27 - getOutlet.php - Aplikasi ditemukan: Ya
2026-04-09 11:21:27 - getOutlet.php - Key aplikasi: YbcJSFjkds...
2026-04-09 11:21:27 - getOutlet.php - Expected encrypt: ce8d123a9badc46aab7bfac002148c51
2026-04-09 11:21:27 - getOutlet.php - Received encrypt: ce8d123a9badc46aab7bfac002148c51
2026-04-09 11:21:27 - getOutlet.php - Authentication berhasil
2026-04-09 11:21:27 - getOutlet.php - Query: SELECT id_out, nama_out, '' AS alamat_out, ofcode_out
            FROM outlet 
            WHERE status_out IN ('Active', '1', 'active')
            AND (nama_out LIKE :key OR ofcode_out LIKE :key)
            ORDER BY nama_out ASC
            LIMIT 20
2026-04-09 11:21:27 - getOutlet.php - Query berhasil, mengembalikan 16 record
2026-04-09 11:21:27 - getOutlet.php - === END REQUEST ===
2026-04-09 04:21:27 - getOutlet.php - === REQUEST GETOUTLET ===
2026-04-09 04:21:27 - getOutlet.php - Method: POST
2026-04-09 04:21:27 - getOutlet.php - POST data: {"tgl":"2026-04-09","encrypt":"ce8d123a9badc46aab7bfac002148c51","id_apl":"APL01","key":"Mitra ke"}
2026-04-09 11:21:27 - getOutlet.php - Params - tgl: 2026-04-09, encrypt: ce8d123a9badc46aab7bfac002148c51, id_apl: APL01, key: Mitra ke
2026-04-09 11:21:27 - getOutlet.php - Aplikasi ditemukan: Ya
2026-04-09 11:21:27 - getOutlet.php - Key aplikasi: YbcJSFjkds...
2026-04-09 11:21:27 - getOutlet.php - Expected encrypt: ce8d123a9badc46aab7bfac002148c51
2026-04-09 11:21:27 - getOutlet.php - Received encrypt: ce8d123a9badc46aab7bfac002148c51
2026-04-09 11:21:27 - getOutlet.php - Authentication berhasil
2026-04-09 11:21:27 - getOutlet.php - Query: SELECT id_out, nama_out, '' AS alamat_out, ofcode_out
            FROM outlet 
            WHERE status_out IN ('Active', '1', 'active')
            AND (nama_out LIKE :key OR ofcode_out LIKE :key)
            ORDER BY nama_out ASC
            LIMIT 20
2026-04-09 11:21:27 - getOutlet.php - Query berhasil, mengembalikan 16 record
2026-04-09 11:21:27 - getOutlet.php - === END REQUEST ===
2026-04-09 04:21:27 - getOutlet.php - === REQUEST GETOUTLET ===
2026-04-09 04:21:27 - getOutlet.php - Method: POST
2026-04-09 04:21:27 - getOutlet.php - POST data: {"tgl":"2026-04-09","encrypt":"ce8d123a9badc46aab7bfac002148c51","id_apl":"APL01","key":"Mitra kel"}
2026-04-09 11:21:27 - getOutlet.php - Params - tgl: 2026-04-09, encrypt: ce8d123a9badc46aab7bfac002148c51, id_apl: APL01, key: Mitra kel
2026-04-09 11:21:27 - getOutlet.php - Aplikasi ditemukan: Ya
2026-04-09 11:21:27 - getOutlet.php - Key aplikasi: YbcJSFjkds...
2026-04-09 11:21:27 - getOutlet.php - Expected encrypt: ce8d123a9badc46aab7bfac002148c51
2026-04-09 11:21:27 - getOutlet.php - Received encrypt: ce8d123a9badc46aab7bfac002148c51
2026-04-09 11:21:27 - getOutlet.php - Authentication berhasil
2026-04-09 11:21:27 - getOutlet.php - Query: SELECT id_out, nama_out, '' AS alamat_out, ofcode_out
            FROM outlet 
            WHERE status_out IN ('Active', '1', 'active')
            AND (nama_out LIKE :key OR ofcode_out LIKE :key)
            ORDER BY nama_out ASC
            LIMIT 20
2026-04-09 11:21:27 - getOutlet.php - Query berhasil, mengembalikan 16 record
2026-04-09 11:21:27 - getOutlet.php - === END REQUEST ===
2026-04-09 04:21:28 - getOutlet.php - === REQUEST GETOUTLET ===
2026-04-09 04:21:28 - getOutlet.php - Method: POST
2026-04-09 04:21:28 - getOutlet.php - POST data: {"tgl":"2026-04-09","encrypt":"ce8d123a9badc46aab7bfac002148c51","id_apl":"APL01","key":"Mitra kelu"}
2026-04-09 11:21:28 - getOutlet.php - Params - tgl: 2026-04-09, encrypt: ce8d123a9badc46aab7bfac002148c51, id_apl: APL01, key: Mitra kelu
2026-04-09 11:21:28 - getOutlet.php - Aplikasi ditemukan: Ya
2026-04-09 11:21:28 - getOutlet.php - Key aplikasi: YbcJSFjkds...
2026-04-09 11:21:28 - getOutlet.php - Expected encrypt: ce8d123a9badc46aab7bfac002148c51
2026-04-09 11:21:28 - getOutlet.php - Received encrypt: ce8d123a9badc46aab7bfac002148c51
2026-04-09 11:21:28 - getOutlet.php - Authentication berhasil
2026-04-09 11:21:28 - getOutlet.php - Query: SELECT id_out, nama_out, '' AS alamat_out, ofcode_out
            FROM outlet 
            WHERE status_out IN ('Active', '1', 'active')
            AND (nama_out LIKE :key OR ofcode_out LIKE :key)
            ORDER BY nama_out ASC
            LIMIT 20
2026-04-09 11:21:28 - getOutlet.php - Query berhasil, mengembalikan 16 record
2026-04-09 11:21:28 - getOutlet.php - === END REQUEST ===
2026-04-09 04:21:28 - getOutlet.php - === REQUEST GETOUTLET ===
2026-04-09 04:21:28 - getOutlet.php - Method: POST
2026-04-09 04:21:28 - getOutlet.php - POST data: {"tgl":"2026-04-09","encrypt":"ce8d123a9badc46aab7bfac002148c51","id_apl":"APL01","key":"Mitra kelua"}
2026-04-09 11:21:28 - getOutlet.php - Params - tgl: 2026-04-09, encrypt: ce8d123a9badc46aab7bfac002148c51, id_apl: APL01, key: Mitra kelua
2026-04-09 11:21:28 - getOutlet.php - Aplikasi ditemukan: Ya
2026-04-09 11:21:28 - getOutlet.php - Key aplikasi: YbcJSFjkds...
2026-04-09 11:21:28 - getOutlet.php - Expected encrypt: ce8d123a9badc46aab7bfac002148c51
2026-04-09 11:21:28 - getOutlet.php - Received encrypt: ce8d123a9badc46aab7bfac002148c51
2026-04-09 11:21:28 - getOutlet.php - Authentication berhasil
2026-04-09 11:21:28 - getOutlet.php - Query: SELECT id_out, nama_out, '' AS alamat_out, ofcode_out
            FROM outlet 
            WHERE status_out IN ('Active', '1', 'active')
            AND (nama_out LIKE :key OR ofcode_out LIKE :key)
            ORDER BY nama_out ASC
            LIMIT 20
2026-04-09 11:21:28 - getOutlet.php - Query berhasil, mengembalikan 16 record
2026-04-09 11:21:28 - getOutlet.php - === END REQUEST ===
2026-04-09 04:21:29 - getOutlet.php - === REQUEST GETOUTLET ===
2026-04-09 04:21:29 - getOutlet.php - Method: POST
2026-04-09 04:21:29 - getOutlet.php - POST data: {"tgl":"2026-04-09","encrypt":"ce8d123a9badc46aab7bfac002148c51","id_apl":"APL01","key":"Mitra keluar"}
2026-04-09 11:21:29 - getOutlet.php - Params - tgl: 2026-04-09, encrypt: ce8d123a9badc46aab7bfac002148c51, id_apl: APL01, key: Mitra keluar
2026-04-09 11:21:29 - getOutlet.php - Aplikasi ditemukan: Ya
2026-04-09 11:21:29 - getOutlet.php - Key aplikasi: YbcJSFjkds...
2026-04-09 11:21:29 - getOutlet.php - Expected encrypt: ce8d123a9badc46aab7bfac002148c51
2026-04-09 11:21:29 - getOutlet.php - Received encrypt: ce8d123a9badc46aab7bfac002148c51
2026-04-09 11:21:29 - getOutlet.php - Authentication berhasil
2026-04-09 11:21:29 - getOutlet.php - Query: SELECT id_out, nama_out, '' AS alamat_out, ofcode_out
            FROM outlet 
            WHERE status_out IN ('Active', '1', 'active')
            AND (nama_out LIKE :key OR ofcode_out LIKE :key)
            ORDER BY nama_out ASC
            LIMIT 20
2026-04-09 11:21:29 - getOutlet.php - Query berhasil, mengembalikan 16 record
2026-04-09 11:21:29 - getOutlet.php - === END REQUEST ===
2026-04-09 04:21:29 - getOutlet.php - === REQUEST GETOUTLET ===
2026-04-09 04:21:29 - getOutlet.php - Method: POST
2026-04-09 04:21:29 - getOutlet.php - POST data: {"tgl":"2026-04-09","encrypt":"ce8d123a9badc46aab7bfac002148c51","id_apl":"APL01","key":"Mitra keluarg"}
2026-04-09 11:21:29 - getOutlet.php - Params - tgl: 2026-04-09, encrypt: ce8d123a9badc46aab7bfac002148c51, id_apl: APL01, key: Mitra keluarg
2026-04-09 11:21:29 - getOutlet.php - Aplikasi ditemukan: Ya
2026-04-09 11:21:29 - getOutlet.php - Key aplikasi: YbcJSFjkds...
2026-04-09 11:21:29 - getOutlet.php - Expected encrypt: ce8d123a9badc46aab7bfac002148c51
2026-04-09 11:21:29 - getOutlet.php - Received encrypt: ce8d123a9badc46aab7bfac002148c51
2026-04-09 11:21:29 - getOutlet.php - Authentication berhasil
2026-04-09 11:21:29 - getOutlet.php - Query: SELECT id_out, nama_out, '' AS alamat_out, ofcode_out
            FROM outlet 
            WHERE status_out IN ('Active', '1', 'active')
            AND (nama_out LIKE :key OR ofcode_out LIKE :key)
            ORDER BY nama_out ASC
            LIMIT 20
2026-04-09 11:21:29 - getOutlet.php - Query berhasil, mengembalikan 16 record
2026-04-09 11:21:29 - getOutlet.php - === END REQUEST ===
2026-04-09 04:21:29 - getOutlet.php - === REQUEST GETOUTLET ===
2026-04-09 04:21:29 - getOutlet.php - Method: POST
2026-04-09 04:21:29 - getOutlet.php - POST data: {"tgl":"2026-04-09","encrypt":"ce8d123a9badc46aab7bfac002148c51","id_apl":"APL01","key":"Mitra keluarga"}
2026-04-09 11:21:29 - getOutlet.php - Params - tgl: 2026-04-09, encrypt: ce8d123a9badc46aab7bfac002148c51, id_apl: APL01, key: Mitra keluarga
2026-04-09 11:21:29 - getOutlet.php - Aplikasi ditemukan: Ya
2026-04-09 11:21:29 - getOutlet.php - Key aplikasi: YbcJSFjkds...
2026-04-09 11:21:29 - getOutlet.php - Expected encrypt: ce8d123a9badc46aab7bfac002148c51
2026-04-09 11:21:29 - getOutlet.php - Received encrypt: ce8d123a9badc46aab7bfac002148c51
2026-04-09 11:21:29 - getOutlet.php - Authentication berhasil
2026-04-09 11:21:29 - getOutlet.php - Query: SELECT id_out, nama_out, '' AS alamat_out, ofcode_out
            FROM outlet 
            WHERE status_out IN ('Active', '1', 'active')
            AND (nama_out LIKE :key OR ofcode_out LIKE :key)
            ORDER BY nama_out ASC
            LIMIT 20
2026-04-09 11:21:29 - getOutlet.php - Query berhasil, mengembalikan 16 record
2026-04-09 11:21:29 - getOutlet.php - === END REQUEST ===
2026-04-09 04:21:31 - getOutlet.php - === REQUEST GETOUTLET ===
2026-04-09 04:21:31 - getOutlet.php - Method: POST
2026-04-09 04:21:31 - getOutlet.php - POST data: {"tgl":"2026-04-09","encrypt":"ce8d123a9badc46aab7bfac002148c51","id_apl":"APL01","key":"Mitra keluarga"}
2026-04-09 11:21:31 - getOutlet.php - Params - tgl: 2026-04-09, encrypt: ce8d123a9badc46aab7bfac002148c51, id_apl: APL01, key: Mitra keluarga
2026-04-09 11:21:31 - getOutlet.php - Aplikasi ditemukan: Ya
2026-04-09 11:21:31 - getOutlet.php - Key aplikasi: YbcJSFjkds...
2026-04-09 11:21:31 - getOutlet.php - Expected encrypt: ce8d123a9badc46aab7bfac002148c51
2026-04-09 11:21:31 - getOutlet.php - Received encrypt: ce8d123a9badc46aab7bfac002148c51
2026-04-09 11:21:31 - getOutlet.php - Authentication berhasil
2026-04-09 11:21:31 - getOutlet.php - Query: SELECT id_out, nama_out, '' AS alamat_out, ofcode_out
            FROM outlet 
            WHERE status_out IN ('Active', '1', 'active')
            AND (nama_out LIKE :key OR ofcode_out LIKE :key)
            ORDER BY nama_out ASC
            LIMIT 20
2026-04-09 11:21:31 - getOutlet.php - Query berhasil, mengembalikan 16 record
2026-04-09 11:21:31 - getOutlet.php - === END REQUEST ===
2026-04-09 04:21:31 - getOutlet.php - === REQUEST GETOUTLET ===
2026-04-09 04:21:31 - getOutlet.php - Method: POST
2026-04-09 04:21:31 - getOutlet.php - POST data: {"tgl":"2026-04-09","encrypt":"ce8d123a9badc46aab7bfac002148c51","id_apl":"APL01","key":"Mitra keluarga"}
2026-04-09 11:21:31 - getOutlet.php - Params - tgl: 2026-04-09, encrypt: ce8d123a9badc46aab7bfac002148c51, id_apl: APL01, key: Mitra keluarga
2026-04-09 11:21:31 - getOutlet.php - Aplikasi ditemukan: Ya
2026-04-09 11:21:31 - getOutlet.php - Key aplikasi: YbcJSFjkds...
2026-04-09 11:21:31 - getOutlet.php - Expected encrypt: ce8d123a9badc46aab7bfac002148c51
2026-04-09 11:21:31 - getOutlet.php - Received encrypt: ce8d123a9badc46aab7bfac002148c51
2026-04-09 11:21:31 - getOutlet.php - Authentication berhasil
2026-04-09 11:21:31 - getOutlet.php - Query: SELECT id_out, nama_out, '' AS alamat_out, ofcode_out
            FROM outlet 
            WHERE status_out IN ('Active', '1', 'active')
            AND (nama_out LIKE :key OR ofcode_out LIKE :key)
            ORDER BY nama_out ASC
            LIMIT 20
2026-04-09 11:21:31 - getOutlet.php - Query berhasil, mengembalikan 16 record
2026-04-09 11:21:31 - getOutlet.php - === END REQUEST ===
2026-04-09 04:21:32 - getOutlet.php - === REQUEST GETOUTLET ===
2026-04-09 04:21:32 - getOutlet.php - Method: POST
2026-04-09 04:21:32 - getOutlet.php - POST data: {"tgl":"2026-04-09","encrypt":"ce8d123a9badc46aab7bfac002148c51","id_apl":"APL01","key":"Mitra keluarga k"}
2026-04-09 11:21:32 - getOutlet.php - Params - tgl: 2026-04-09, encrypt: ce8d123a9badc46aab7bfac002148c51, id_apl: APL01, key: Mitra keluarga k
2026-04-09 11:21:32 - getOutlet.php - Aplikasi ditemukan: Ya
2026-04-09 11:21:32 - getOutlet.php - Key aplikasi: YbcJSFjkds...
2026-04-09 11:21:32 - getOutlet.php - Expected encrypt: ce8d123a9badc46aab7bfac002148c51
2026-04-09 11:21:32 - getOutlet.php - Received encrypt: ce8d123a9badc46aab7bfac002148c51
2026-04-09 11:21:32 - getOutlet.php - Authentication berhasil
2026-04-09 11:21:32 - getOutlet.php - Query: SELECT id_out, nama_out, '' AS alamat_out, ofcode_out
            FROM outlet 
            WHERE status_out IN ('Active', '1', 'active')
            AND (nama_out LIKE :key OR ofcode_out LIKE :key)
            ORDER BY nama_out ASC
            LIMIT 20
2026-04-09 11:21:32 - getOutlet.php - Query berhasil, mengembalikan 3 record
2026-04-09 11:21:32 - getOutlet.php - === END REQUEST ===
2026-04-09 04:21:32 - getOutlet.php - === REQUEST GETOUTLET ===
2026-04-09 04:21:32 - getOutlet.php - Method: POST
2026-04-09 04:21:32 - getOutlet.php - POST data: {"tgl":"2026-04-09","encrypt":"ce8d123a9badc46aab7bfac002148c51","id_apl":"APL01","key":"Mitra keluarga ke"}
2026-04-09 11:21:32 - getOutlet.php - Params - tgl: 2026-04-09, encrypt: ce8d123a9badc46aab7bfac002148c51, id_apl: APL01, key: Mitra keluarga ke
2026-04-09 11:21:32 - getOutlet.php - Aplikasi ditemukan: Ya
2026-04-09 11:21:32 - getOutlet.php - Key aplikasi: YbcJSFjkds...
2026-04-09 11:21:32 - getOutlet.php - Expected encrypt: ce8d123a9badc46aab7bfac002148c51
2026-04-09 11:21:32 - getOutlet.php - Received encrypt: ce8d123a9badc46aab7bfac002148c51
2026-04-09 11:21:32 - getOutlet.php - Authentication berhasil
2026-04-09 11:21:32 - getOutlet.php - Query: SELECT id_out, nama_out, '' AS alamat_out, ofcode_out
            FROM outlet 
            WHERE status_out IN ('Active', '1', 'active')
            AND (nama_out LIKE :key OR ofcode_out LIKE :key)
            ORDER BY nama_out ASC
            LIMIT 20
2026-04-09 11:21:32 - getOutlet.php - Query berhasil, mengembalikan 2 record
2026-04-09 11:21:32 - getOutlet.php - === END REQUEST ===
2026-04-09 04:21:33 - getOutlet.php - === REQUEST GETOUTLET ===
2026-04-09 04:21:33 - getOutlet.php - Method: POST
2026-04-09 04:21:33 - getOutlet.php - POST data: {"tgl":"2026-04-09","encrypt":"ce8d123a9badc46aab7bfac002148c51","id_apl":"APL01","key":"Mitra keluarga kem"}
2026-04-09 11:21:33 - getOutlet.php - Params - tgl: 2026-04-09, encrypt: ce8d123a9badc46aab7bfac002148c51, id_apl: APL01, key: Mitra keluarga kem
2026-04-09 11:21:33 - getOutlet.php - Aplikasi ditemukan: Ya
2026-04-09 11:21:33 - getOutlet.php - Key aplikasi: YbcJSFjkds...
2026-04-09 11:21:33 - getOutlet.php - Expected encrypt: ce8d123a9badc46aab7bfac002148c51
2026-04-09 11:21:33 - getOutlet.php - Received encrypt: ce8d123a9badc46aab7bfac002148c51
2026-04-09 11:21:33 - getOutlet.php - Authentication berhasil
2026-04-09 11:21:33 - getOutlet.php - Query: SELECT id_out, nama_out, '' AS alamat_out, ofcode_out
            FROM outlet 
            WHERE status_out IN ('Active', '1', 'active')
            AND (nama_out LIKE :key OR ofcode_out LIKE :key)
            ORDER BY nama_out ASC
            LIMIT 20
2026-04-09 11:21:33 - getOutlet.php - Query berhasil, mengembalikan 1 record
2026-04-09 11:21:33 - getOutlet.php - === END REQUEST ===
2026-04-09 04:21:36 - getOutlet.php - === REQUEST GETOUTLET ===
2026-04-09 04:21:36 - getOutlet.php - Method: POST
2026-04-09 04:21:36 - getOutlet.php - POST data: {"tgl":"2026-04-09","encrypt":"ce8d123a9badc46aab7bfac002148c51","id_apl":"APL01","key":"RS Mitra Keluarga Kemayoran"}
2026-04-09 11:21:36 - getOutlet.php - Params - tgl: 2026-04-09, encrypt: ce8d123a9badc46aab7bfac002148c51, id_apl: APL01, key: RS Mitra Keluarga Kemayoran
2026-04-09 11:21:36 - getOutlet.php - Aplikasi ditemukan: Ya
2026-04-09 11:21:36 - getOutlet.php - Key aplikasi: YbcJSFjkds...
2026-04-09 11:21:36 - getOutlet.php - Expected encrypt: ce8d123a9badc46aab7bfac002148c51
2026-04-09 11:21:36 - getOutlet.php - Received encrypt: ce8d123a9badc46aab7bfac002148c51
2026-04-09 11:21:36 - getOutlet.php - Authentication berhasil
2026-04-09 11:21:36 - getOutlet.php - Query: SELECT id_out, nama_out, '' AS alamat_out, ofcode_out
            FROM outlet 
            WHERE status_out IN ('Active', '1', 'active')
            AND (nama_out LIKE :key OR ofcode_out LIKE :key)
            ORDER BY nama_out ASC
            LIMIT 20
2026-04-09 11:21:36 - getOutlet.php - Query berhasil, mengembalikan 1 record
2026-04-09 11:21:36 - getOutlet.php - === END REQUEST ===
2026-04-09 04:21:59 - getOutlet.php - === REQUEST GETOUTLET ===
2026-04-09 04:21:59 - getOutlet.php - Method: POST
2026-04-09 04:21:59 - getOutlet.php - POST data: {"tgl":"2026-04-09","encrypt":"ce8d123a9badc46aab7bfac002148c51","id_apl":"APL01","key":"Rs"}
2026-04-09 11:21:59 - getOutlet.php - Params - tgl: 2026-04-09, encrypt: ce8d123a9badc46aab7bfac002148c51, id_apl: APL01, key: Rs
2026-04-09 11:21:59 - getOutlet.php - Aplikasi ditemukan: Ya
2026-04-09 11:21:59 - getOutlet.php - Key aplikasi: YbcJSFjkds...
2026-04-09 11:21:59 - getOutlet.php - Expected encrypt: ce8d123a9badc46aab7bfac002148c51
2026-04-09 11:21:59 - getOutlet.php - Received encrypt: ce8d123a9badc46aab7bfac002148c51
2026-04-09 11:21:59 - getOutlet.php - Authentication berhasil
2026-04-09 11:21:59 - getOutlet.php - Query: SELECT id_out, nama_out, '' AS alamat_out, ofcode_out
            FROM outlet 
            WHERE status_out IN ('Active', '1', 'active')
            AND (nama_out LIKE :key OR ofcode_out LIKE :key)
            ORDER BY nama_out ASC
            LIMIT 20
2026-04-09 11:21:59 - getOutlet.php - Query berhasil, mengembalikan 20 record
2026-04-09 11:21:59 - getOutlet.php - === END REQUEST ===
2026-04-09 04:22:00 - getOutlet.php - === REQUEST GETOUTLET ===
2026-04-09 04:22:00 - getOutlet.php - Method: POST
2026-04-09 04:22:00 - getOutlet.php - POST data: {"tgl":"2026-04-09","encrypt":"ce8d123a9badc46aab7bfac002148c51","id_apl":"APL01","key":"Rs"}
2026-04-09 11:22:00 - getOutlet.php - Params - tgl: 2026-04-09, encrypt: ce8d123a9badc46aab7bfac002148c51, id_apl: APL01, key: Rs
2026-04-09 11:22:00 - getOutlet.php - Aplikasi ditemukan: Ya
2026-04-09 11:22:00 - getOutlet.php - Key aplikasi: YbcJSFjkds...
2026-04-09 11:22:00 - getOutlet.php - Expected encrypt: ce8d123a9badc46aab7bfac002148c51
2026-04-09 11:22:00 - getOutlet.php - Received encrypt: ce8d123a9badc46aab7bfac002148c51
2026-04-09 11:22:00 - getOutlet.php - Authentication berhasil
2026-04-09 11:22:00 - getOutlet.php - Query: SELECT id_out, nama_out, '' AS alamat_out, ofcode_out
            FROM outlet 
            WHERE status_out IN ('Active', '1', 'active')
            AND (nama_out LIKE :key OR ofcode_out LIKE :key)
            ORDER BY nama_out ASC
            LIMIT 20
2026-04-09 11:22:00 - getOutlet.php - Query berhasil, mengembalikan 20 record
2026-04-09 11:22:00 - getOutlet.php - === END REQUEST ===
2026-04-09 04:22:00 - getOutlet.php - === REQUEST GETOUTLET ===
2026-04-09 04:22:00 - getOutlet.php - Method: POST
2026-04-09 04:22:00 - getOutlet.php - POST data: {"tgl":"2026-04-09","encrypt":"ce8d123a9badc46aab7bfac002148c51","id_apl":"APL01","key":"Rs"}
2026-04-09 11:22:00 - getOutlet.php - Params - tgl: 2026-04-09, encrypt: ce8d123a9badc46aab7bfac002148c51, id_apl: APL01, key: Rs
2026-04-09 11:22:00 - getOutlet.php - Aplikasi ditemukan: Ya
2026-04-09 11:22:00 - getOutlet.php - Key aplikasi: YbcJSFjkds...
2026-04-09 11:22:00 - getOutlet.php - Expected encrypt: ce8d123a9badc46aab7bfac002148c51
2026-04-09 11:22:00 - getOutlet.php - Received encrypt: ce8d123a9badc46aab7bfac002148c51
2026-04-09 11:22:00 - getOutlet.php - Authentication berhasil
2026-04-09 11:22:00 - getOutlet.php - Query: SELECT id_out, nama_out, '' AS alamat_out, ofcode_out
            FROM outlet 
            WHERE status_out IN ('Active', '1', 'active')
            AND (nama_out LIKE :key OR ofcode_out LIKE :key)
            ORDER BY nama_out ASC
            LIMIT 20
2026-04-09 11:22:00 - getOutlet.php - Query berhasil, mengembalikan 20 record
2026-04-09 11:22:00 - getOutlet.php - === END REQUEST ===
2026-04-09 04:22:00 - getOutlet.php - === REQUEST GETOUTLET ===
2026-04-09 04:22:00 - getOutlet.php - Method: POST
2026-04-09 04:22:00 - getOutlet.php - POST data: {"tgl":"2026-04-09","encrypt":"ce8d123a9badc46aab7bfac002148c51","id_apl":"APL01","key":"Rs p"}
2026-04-09 11:22:00 - getOutlet.php - Params - tgl: 2026-04-09, encrypt: ce8d123a9badc46aab7bfac002148c51, id_apl: APL01, key: Rs p
2026-04-09 11:22:00 - getOutlet.php - Aplikasi ditemukan: Ya
2026-04-09 11:22:00 - getOutlet.php - Key aplikasi: YbcJSFjkds...
2026-04-09 11:22:00 - getOutlet.php - Expected encrypt: ce8d123a9badc46aab7bfac002148c51
2026-04-09 11:22:00 - getOutlet.php - Received encrypt: ce8d123a9badc46aab7bfac002148c51
2026-04-09 11:22:00 - getOutlet.php - Authentication berhasil
2026-04-09 11:22:00 - getOutlet.php - Query: SELECT id_out, nama_out, '' AS alamat_out, ofcode_out
            FROM outlet 
            WHERE status_out IN ('Active', '1', 'active')
            AND (nama_out LIKE :key OR ofcode_out LIKE :key)
            ORDER BY nama_out ASC
            LIMIT 20
2026-04-09 11:22:00 - getOutlet.php - Query berhasil, mengembalikan 20 record
2026-04-09 11:22:00 - getOutlet.php - === END REQUEST ===
2026-04-09 04:22:01 - getOutlet.php - === REQUEST GETOUTLET ===
2026-04-09 04:22:01 - getOutlet.php - Method: POST
2026-04-09 04:22:01 - getOutlet.php - POST data: {"tgl":"2026-04-09","encrypt":"ce8d123a9badc46aab7bfac002148c51","id_apl":"APL01","key":"Rs pu"}
2026-04-09 11:22:01 - getOutlet.php - Params - tgl: 2026-04-09, encrypt: ce8d123a9badc46aab7bfac002148c51, id_apl: APL01, key: Rs pu
2026-04-09 11:22:01 - getOutlet.php - Aplikasi ditemukan: Ya
2026-04-09 11:22:01 - getOutlet.php - Key aplikasi: YbcJSFjkds...
2026-04-09 11:22:01 - getOutlet.php - Expected encrypt: ce8d123a9badc46aab7bfac002148c51
2026-04-09 11:22:01 - getOutlet.php - Received encrypt: ce8d123a9badc46aab7bfac002148c51
2026-04-09 11:22:01 - getOutlet.php - Authentication berhasil
2026-04-09 11:22:01 - getOutlet.php - Query: SELECT id_out, nama_out, '' AS alamat_out, ofcode_out
            FROM outlet 
            WHERE status_out IN ('Active', '1', 'active')
            AND (nama_out LIKE :key OR ofcode_out LIKE :key)
            ORDER BY nama_out ASC
            LIMIT 20
2026-04-09 11:22:01 - getOutlet.php - Query berhasil, mengembalikan 2 record
2026-04-09 11:22:01 - getOutlet.php - === END REQUEST ===
2026-04-09 04:22:01 - getOutlet.php - === REQUEST GETOUTLET ===
2026-04-09 04:22:01 - getOutlet.php - Method: POST
2026-04-09 04:22:01 - getOutlet.php - POST data: {"tgl":"2026-04-09","encrypt":"ce8d123a9badc46aab7bfac002148c51","id_apl":"APL01","key":"Rs pur"}
2026-04-09 11:22:01 - getOutlet.php - Params - tgl: 2026-04-09, encrypt: ce8d123a9badc46aab7bfac002148c51, id_apl: APL01, key: Rs pur
2026-04-09 11:22:01 - getOutlet.php - Aplikasi ditemukan: Ya
2026-04-09 11:22:01 - getOutlet.php - Key aplikasi: YbcJSFjkds...
2026-04-09 11:22:01 - getOutlet.php - Expected encrypt: ce8d123a9badc46aab7bfac002148c51
2026-04-09 11:22:01 - getOutlet.php - Received encrypt: ce8d123a9badc46aab7bfac002148c51
2026-04-09 11:22:01 - getOutlet.php - Authentication berhasil
2026-04-09 11:22:01 - getOutlet.php - Query: SELECT id_out, nama_out, '' AS alamat_out, ofcode_out
            FROM outlet 
            WHERE status_out IN ('Active', '1', 'active')
            AND (nama_out LIKE :key OR ofcode_out LIKE :key)
            ORDER BY nama_out ASC
            LIMIT 20
2026-04-09 11:22:01 - getOutlet.php - Query berhasil, mengembalikan 2 record
2026-04-09 11:22:01 - getOutlet.php - === END REQUEST ===
2026-04-09 04:22:02 - getOutlet.php - === REQUEST GETOUTLET ===
2026-04-09 04:22:02 - getOutlet.php - Method: POST
2026-04-09 04:22:02 - getOutlet.php - POST data: {"tgl":"2026-04-09","encrypt":"ce8d123a9badc46aab7bfac002148c51","id_apl":"APL01","key":"Rs puri"}
2026-04-09 11:22:02 - getOutlet.php - Params - tgl: 2026-04-09, encrypt: ce8d123a9badc46aab7bfac002148c51, id_apl: APL01, key: Rs puri
2026-04-09 11:22:02 - getOutlet.php - Aplikasi ditemukan: Ya
2026-04-09 11:22:02 - getOutlet.php - Key aplikasi: YbcJSFjkds...
2026-04-09 11:22:02 - getOutlet.php - Expected encrypt: ce8d123a9badc46aab7bfac002148c51
2026-04-09 11:22:02 - getOutlet.php - Received encrypt: ce8d123a9badc46aab7bfac002148c51
2026-04-09 11:22:02 - getOutlet.php - Authentication berhasil
2026-04-09 11:22:02 - getOutlet.php - Query: SELECT id_out, nama_out, '' AS alamat_out, ofcode_out
            FROM outlet 
            WHERE status_out IN ('Active', '1', 'active')
            AND (nama_out LIKE :key OR ofcode_out LIKE :key)
            ORDER BY nama_out ASC
            LIMIT 20
2026-04-09 11:22:02 - getOutlet.php - Query berhasil, mengembalikan 2 record
2026-04-09 11:22:02 - getOutlet.php - === END REQUEST ===
2026-04-09 04:22:05 - getOutlet.php - === REQUEST GETOUTLET ===
2026-04-09 04:22:05 - getOutlet.php - Method: POST
2026-04-09 04:22:05 - getOutlet.php - POST data: {"tgl":"2026-04-09","encrypt":"ce8d123a9badc46aab7bfac002148c51","id_apl":"APL01","key":"RS Puri Medika"}
2026-04-09 11:22:05 - getOutlet.php - Params - tgl: 2026-04-09, encrypt: ce8d123a9badc46aab7bfac002148c51, id_apl: APL01, key: RS Puri Medika
2026-04-09 11:22:05 - getOutlet.php - Aplikasi ditemukan: Ya
2026-04-09 11:22:05 - getOutlet.php - Key aplikasi: YbcJSFjkds...
2026-04-09 11:22:05 - getOutlet.php - Expected encrypt: ce8d123a9badc46aab7bfac002148c51
2026-04-09 11:22:05 - getOutlet.php - Received encrypt: ce8d123a9badc46aab7bfac002148c51
2026-04-09 11:22:05 - getOutlet.php - Authentication berhasil
2026-04-09 11:22:05 - getOutlet.php - Query: SELECT id_out, nama_out, '' AS alamat_out, ofcode_out
            FROM outlet 
            WHERE status_out IN ('Active', '1', 'active')
            AND (nama_out LIKE :key OR ofcode_out LIKE :key)
            ORDER BY nama_out ASC
            LIMIT 20
2026-04-09 11:22:05 - getOutlet.php - Query berhasil, mengembalikan 1 record
2026-04-09 11:22:05 - getOutlet.php - === END REQUEST ===
2026-04-09 04:22:26 - getOutlet.php - === REQUEST GETOUTLET ===
2026-04-09 04:22:26 - getOutlet.php - Method: POST
2026-04-09 04:22:26 - getOutlet.php - POST data: {"tgl":"2026-04-09","encrypt":"ce8d123a9badc46aab7bfac002148c51","id_apl":"APL01","key":"Rs"}
2026-04-09 11:22:26 - getOutlet.php - Params - tgl: 2026-04-09, encrypt: ce8d123a9badc46aab7bfac002148c51, id_apl: APL01, key: Rs
2026-04-09 11:22:26 - getOutlet.php - Aplikasi ditemukan: Ya
2026-04-09 11:22:26 - getOutlet.php - Key aplikasi: YbcJSFjkds...
2026-04-09 11:22:26 - getOutlet.php - Expected encrypt: ce8d123a9badc46aab7bfac002148c51
2026-04-09 11:22:26 - getOutlet.php - Received encrypt: ce8d123a9badc46aab7bfac002148c51
2026-04-09 11:22:26 - getOutlet.php - Authentication berhasil
2026-04-09 11:22:26 - getOutlet.php - Query: SELECT id_out, nama_out, '' AS alamat_out, ofcode_out
            FROM outlet 
            WHERE status_out IN ('Active', '1', 'active')
            AND (nama_out LIKE :key OR ofcode_out LIKE :key)
            ORDER BY nama_out ASC
            LIMIT 20
2026-04-09 11:22:26 - getOutlet.php - Query berhasil, mengembalikan 20 record
2026-04-09 11:22:26 - getOutlet.php - === END REQUEST ===
2026-04-09 04:22:27 - getOutlet.php - === REQUEST GETOUTLET ===
2026-04-09 04:22:27 - getOutlet.php - Method: POST
2026-04-09 04:22:27 - getOutlet.php - POST data: {"tgl":"2026-04-09","encrypt":"ce8d123a9badc46aab7bfac002148c51","id_apl":"APL01","key":"Rsi"}
2026-04-09 11:22:27 - getOutlet.php - Params - tgl: 2026-04-09, encrypt: ce8d123a9badc46aab7bfac002148c51, id_apl: APL01, key: Rsi
2026-04-09 11:22:27 - getOutlet.php - Aplikasi ditemukan: Ya
2026-04-09 11:22:27 - getOutlet.php - Key aplikasi: YbcJSFjkds...
2026-04-09 11:22:27 - getOutlet.php - Expected encrypt: ce8d123a9badc46aab7bfac002148c51
2026-04-09 11:22:27 - getOutlet.php - Received encrypt: ce8d123a9badc46aab7bfac002148c51
2026-04-09 11:22:27 - getOutlet.php - Authentication berhasil
2026-04-09 11:22:27 - getOutlet.php - Query: SELECT id_out, nama_out, '' AS alamat_out, ofcode_out
            FROM outlet 
            WHERE status_out IN ('Active', '1', 'active')
            AND (nama_out LIKE :key OR ofcode_out LIKE :key)
            ORDER BY nama_out ASC
            LIMIT 20
2026-04-09 11:22:27 - getOutlet.php - Query berhasil, mengembalikan 20 record
2026-04-09 11:22:27 - getOutlet.php - === END REQUEST ===
2026-04-09 04:22:27 - getOutlet.php - === REQUEST GETOUTLET ===
2026-04-09 04:22:27 - getOutlet.php - Method: POST
2026-04-09 04:22:27 - getOutlet.php - POST data: {"tgl":"2026-04-09","encrypt":"ce8d123a9badc46aab7bfac002148c51","id_apl":"APL01","key":"Rsia"}
2026-04-09 11:22:27 - getOutlet.php - Params - tgl: 2026-04-09, encrypt: ce8d123a9badc46aab7bfac002148c51, id_apl: APL01, key: Rsia
2026-04-09 11:22:27 - getOutlet.php - Aplikasi ditemukan: Ya
2026-04-09 11:22:27 - getOutlet.php - Key aplikasi: YbcJSFjkds...
2026-04-09 11:22:27 - getOutlet.php - Expected encrypt: ce8d123a9badc46aab7bfac002148c51
2026-04-09 11:22:27 - getOutlet.php - Received encrypt: ce8d123a9badc46aab7bfac002148c51
2026-04-09 11:22:27 - getOutlet.php - Authentication berhasil
2026-04-09 11:22:27 - getOutlet.php - Query: SELECT id_out, nama_out, '' AS alamat_out, ofcode_out
            FROM outlet 
            WHERE status_out IN ('Active', '1', 'active')
            AND (nama_out LIKE :key OR ofcode_out LIKE :key)
            ORDER BY nama_out ASC
            LIMIT 20
2026-04-09 11:22:27 - getOutlet.php - Query berhasil, mengembalikan 20 record
2026-04-09 11:22:27 - getOutlet.php - === END REQUEST ===
2026-04-09 04:22:28 - getOutlet.php - === REQUEST GETOUTLET ===
2026-04-09 04:22:28 - getOutlet.php - Method: POST
2026-04-09 04:22:28 - getOutlet.php - POST data: {"tgl":"2026-04-09","encrypt":"ce8d123a9badc46aab7bfac002148c51","id_apl":"APL01","key":"Rsia"}
2026-04-09 11:22:28 - getOutlet.php - Params - tgl: 2026-04-09, encrypt: ce8d123a9badc46aab7bfac002148c51, id_apl: APL01, key: Rsia
2026-04-09 11:22:28 - getOutlet.php - Aplikasi ditemukan: Ya
2026-04-09 11:22:28 - getOutlet.php - Key aplikasi: YbcJSFjkds...
2026-04-09 11:22:28 - getOutlet.php - Expected encrypt: ce8d123a9badc46aab7bfac002148c51
2026-04-09 11:22:28 - getOutlet.php - Received encrypt: ce8d123a9badc46aab7bfac002148c51
2026-04-09 11:22:28 - getOutlet.php - Authentication berhasil
2026-04-09 04:22:28 - getOutlet.php - === REQUEST GETOUTLET ===
2026-04-09 04:22:28 - getOutlet.php - Method: POST
2026-04-09 11:22:28 - getOutlet.php - Query: SELECT id_out, nama_out, '' AS alamat_out, ofcode_out
            FROM outlet 
            WHERE status_out IN ('Active', '1', 'active')
            AND (nama_out LIKE :key OR ofcode_out LIKE :key)
            ORDER BY nama_out ASC
            LIMIT 20
2026-04-09 04:22:28 - getOutlet.php - POST data: {"tgl":"2026-04-09","encrypt":"ce8d123a9badc46aab7bfac002148c51","id_apl":"APL01","key":"Rsia"}
2026-04-09 11:22:28 - getOutlet.php - Params - tgl: 2026-04-09, encrypt: ce8d123a9badc46aab7bfac002148c51, id_apl: APL01, key: Rsia
2026-04-09 11:22:28 - getOutlet.php - Query berhasil, mengembalikan 20 record
2026-04-09 11:22:28 - getOutlet.php - Aplikasi ditemukan: Ya
2026-04-09 11:22:28 - getOutlet.php - === END REQUEST ===
2026-04-09 11:22:28 - getOutlet.php - Key aplikasi: YbcJSFjkds...
2026-04-09 11:22:28 - getOutlet.php - Expected encrypt: ce8d123a9badc46aab7bfac002148c51
2026-04-09 11:22:28 - getOutlet.php - Received encrypt: ce8d123a9badc46aab7bfac002148c51
2026-04-09 11:22:28 - getOutlet.php - Authentication berhasil
2026-04-09 11:22:28 - getOutlet.php - Query: SELECT id_out, nama_out, '' AS alamat_out, ofcode_out
            FROM outlet 
            WHERE status_out IN ('Active', '1', 'active')
            AND (nama_out LIKE :key OR ofcode_out LIKE :key)
            ORDER BY nama_out ASC
            LIMIT 20
2026-04-09 11:22:28 - getOutlet.php - Query berhasil, mengembalikan 20 record
2026-04-09 11:22:28 - getOutlet.php - === END REQUEST ===
2026-04-09 04:22:29 - getOutlet.php - === REQUEST GETOUTLET ===
2026-04-09 04:22:29 - getOutlet.php - Method: POST
2026-04-09 04:22:29 - getOutlet.php - POST data: {"tgl":"2026-04-09","encrypt":"ce8d123a9badc46aab7bfac002148c51","id_apl":"APL01","key":"Rsia s"}
2026-04-09 11:22:29 - getOutlet.php - Params - tgl: 2026-04-09, encrypt: ce8d123a9badc46aab7bfac002148c51, id_apl: APL01, key: Rsia s
2026-04-09 11:22:29 - getOutlet.php - Aplikasi ditemukan: Ya
2026-04-09 11:22:29 - getOutlet.php - Key aplikasi: YbcJSFjkds...
2026-04-09 11:22:29 - getOutlet.php - Expected encrypt: ce8d123a9badc46aab7bfac002148c51
2026-04-09 11:22:29 - getOutlet.php - Received encrypt: ce8d123a9badc46aab7bfac002148c51
2026-04-09 11:22:29 - getOutlet.php - Authentication berhasil
2026-04-09 11:22:29 - getOutlet.php - Query: SELECT id_out, nama_out, '' AS alamat_out, ofcode_out
            FROM outlet 
            WHERE status_out IN ('Active', '1', 'active')
            AND (nama_out LIKE :key OR ofcode_out LIKE :key)
            ORDER BY nama_out ASC
            LIMIT 20
2026-04-09 11:22:29 - getOutlet.php - Query berhasil, mengembalikan 2 record
2026-04-09 11:22:29 - getOutlet.php - === END REQUEST ===
2026-04-09 04:22:29 - getOutlet.php - === REQUEST GETOUTLET ===
2026-04-09 04:22:29 - getOutlet.php - Method: POST
2026-04-09 04:22:29 - getOutlet.php - POST data: {"tgl":"2026-04-09","encrypt":"ce8d123a9badc46aab7bfac002148c51","id_apl":"APL01","key":"Rsia sa"}
2026-04-09 11:22:29 - getOutlet.php - Params - tgl: 2026-04-09, encrypt: ce8d123a9badc46aab7bfac002148c51, id_apl: APL01, key: Rsia sa
2026-04-09 11:22:29 - getOutlet.php - Aplikasi ditemukan: Ya
2026-04-09 11:22:29 - getOutlet.php - Key aplikasi: YbcJSFjkds...
2026-04-09 11:22:29 - getOutlet.php - Expected encrypt: ce8d123a9badc46aab7bfac002148c51
2026-04-09 11:22:29 - getOutlet.php - Received encrypt: ce8d123a9badc46aab7bfac002148c51
2026-04-09 11:22:29 - getOutlet.php - Authentication berhasil
2026-04-09 11:22:29 - getOutlet.php - Query: SELECT id_out, nama_out, '' AS alamat_out, ofcode_out
            FROM outlet 
            WHERE status_out IN ('Active', '1', 'active')
            AND (nama_out LIKE :key OR ofcode_out LIKE :key)
            ORDER BY nama_out ASC
            LIMIT 20
2026-04-09 11:22:29 - getOutlet.php - Query berhasil, mengembalikan 1 record
2026-04-09 11:22:29 - getOutlet.php - === END REQUEST ===
2026-04-09 04:22:29 - getOutlet.php - === REQUEST GETOUTLET ===
2026-04-09 04:22:29 - getOutlet.php - Method: POST
2026-04-09 04:22:29 - getOutlet.php - POST data: {"tgl":"2026-04-09","encrypt":"ce8d123a9badc46aab7bfac002148c51","id_apl":"APL01","key":"Rsia san"}
2026-04-09 11:22:29 - getOutlet.php - Params - tgl: 2026-04-09, encrypt: ce8d123a9badc46aab7bfac002148c51, id_apl: APL01, key: Rsia san
2026-04-09 11:22:29 - getOutlet.php - Aplikasi ditemukan: Ya
2026-04-09 11:22:29 - getOutlet.php - Key aplikasi: YbcJSFjkds...
2026-04-09 11:22:29 - getOutlet.php - Expected encrypt: ce8d123a9badc46aab7bfac002148c51
2026-04-09 11:22:29 - getOutlet.php - Received encrypt: ce8d123a9badc46aab7bfac002148c51
2026-04-09 11:22:29 - getOutlet.php - Authentication berhasil
2026-04-09 11:22:29 - getOutlet.php - Query: SELECT id_out, nama_out, '' AS alamat_out, ofcode_out
            FROM outlet 
            WHERE status_out IN ('Active', '1', 'active')
            AND (nama_out LIKE :key OR ofcode_out LIKE :key)
            ORDER BY nama_out ASC
            LIMIT 20
2026-04-09 11:22:29 - getOutlet.php - Query berhasil, mengembalikan 1 record
2026-04-09 11:22:29 - getOutlet.php - === END REQUEST ===
2026-04-09 04:22:30 - getOutlet.php - === REQUEST GETOUTLET ===
2026-04-09 04:22:30 - getOutlet.php - Method: POST
2026-04-09 04:22:30 - getOutlet.php - POST data: {"tgl":"2026-04-09","encrypt":"ce8d123a9badc46aab7bfac002148c51","id_apl":"APL01","key":"Rsia sant"}
2026-04-09 11:22:30 - getOutlet.php - Params - tgl: 2026-04-09, encrypt: ce8d123a9badc46aab7bfac002148c51, id_apl: APL01, key: Rsia sant
2026-04-09 11:22:30 - getOutlet.php - Aplikasi ditemukan: Ya
2026-04-09 11:22:30 - getOutlet.php - Key aplikasi: YbcJSFjkds...
2026-04-09 11:22:30 - getOutlet.php - Expected encrypt: ce8d123a9badc46aab7bfac002148c51
2026-04-09 11:22:30 - getOutlet.php - Received encrypt: ce8d123a9badc46aab7bfac002148c51
2026-04-09 11:22:30 - getOutlet.php - Authentication berhasil
2026-04-09 11:22:30 - getOutlet.php - Query: SELECT id_out, nama_out, '' AS alamat_out, ofcode_out
            FROM outlet 
            WHERE status_out IN ('Active', '1', 'active')
            AND (nama_out LIKE :key OR ofcode_out LIKE :key)
            ORDER BY nama_out ASC
            LIMIT 20
2026-04-09 11:22:30 - getOutlet.php - Query berhasil, mengembalikan 1 record
2026-04-09 11:22:30 - getOutlet.php - === END REQUEST ===
2026-04-09 04:22:30 - getOutlet.php - === REQUEST GETOUTLET ===
2026-04-09 04:22:30 - getOutlet.php - Method: POST
2026-04-09 04:22:30 - getOutlet.php - POST data: {"tgl":"2026-04-09","encrypt":"ce8d123a9badc46aab7bfac002148c51","id_apl":"APL01","key":"Rsia santo"}
2026-04-09 11:22:30 - getOutlet.php - Params - tgl: 2026-04-09, encrypt: ce8d123a9badc46aab7bfac002148c51, id_apl: APL01, key: Rsia santo
2026-04-09 11:22:30 - getOutlet.php - Aplikasi ditemukan: Ya
2026-04-09 11:22:30 - getOutlet.php - Key aplikasi: YbcJSFjkds...
2026-04-09 11:22:30 - getOutlet.php - Expected encrypt: ce8d123a9badc46aab7bfac002148c51
2026-04-09 11:22:30 - getOutlet.php - Received encrypt: ce8d123a9badc46aab7bfac002148c51
2026-04-09 11:22:30 - getOutlet.php - Authentication berhasil
2026-04-09 11:22:30 - getOutlet.php - Query: SELECT id_out, nama_out, '' AS alamat_out, ofcode_out
            FROM outlet 
            WHERE status_out IN ('Active', '1', 'active')
            AND (nama_out LIKE :key OR ofcode_out LIKE :key)
            ORDER BY nama_out ASC
            LIMIT 20
2026-04-09 11:22:30 - getOutlet.php - Query berhasil, mengembalikan 1 record
2026-04-09 11:22:30 - getOutlet.php - === END REQUEST ===
2026-04-09 04:22:31 - getOutlet.php - === REQUEST GETOUTLET ===
2026-04-09 04:22:31 - getOutlet.php - Method: POST
2026-04-09 04:22:31 - getOutlet.php - POST data: {"tgl":"2026-04-09","encrypt":"ce8d123a9badc46aab7bfac002148c51","id_apl":"APL01","key":"RSIA SANTO YUSUF"}
2026-04-09 11:22:31 - getOutlet.php - Params - tgl: 2026-04-09, encrypt: ce8d123a9badc46aab7bfac002148c51, id_apl: APL01, key: RSIA SANTO YUSUF
2026-04-09 11:22:31 - getOutlet.php - Aplikasi ditemukan: Ya
2026-04-09 11:22:31 - getOutlet.php - Key aplikasi: YbcJSFjkds...
2026-04-09 11:22:31 - getOutlet.php - Expected encrypt: ce8d123a9badc46aab7bfac002148c51
2026-04-09 11:22:31 - getOutlet.php - Received encrypt: ce8d123a9badc46aab7bfac002148c51
2026-04-09 11:22:31 - getOutlet.php - Authentication berhasil
2026-04-09 11:22:31 - getOutlet.php - Query: SELECT id_out, nama_out, '' AS alamat_out, ofcode_out
            FROM outlet 
            WHERE status_out IN ('Active', '1', 'active')
            AND (nama_out LIKE :key OR ofcode_out LIKE :key)
            ORDER BY nama_out ASC
            LIMIT 20
2026-04-09 11:22:31 - getOutlet.php - Query berhasil, mengembalikan 1 record
2026-04-09 11:22:31 - getOutlet.php - === END REQUEST ===
2026-04-09 04:35:33 - getOutlet.php - === REQUEST GETOUTLET ===
2026-04-09 04:35:33 - getOutlet.php - Method: POST
2026-04-09 04:35:33 - getOutlet.php - POST data: {"tgl":"2026-04-09","encrypt":"ce8d123a9badc46aab7bfac002148c51","id_apl":"APL01","key":"Rs"}
2026-04-09 11:35:33 - getOutlet.php - Params - tgl: 2026-04-09, encrypt: ce8d123a9badc46aab7bfac002148c51, id_apl: APL01, key: Rs
2026-04-09 11:35:33 - getOutlet.php - Aplikasi ditemukan: Ya
2026-04-09 11:35:33 - getOutlet.php - Key aplikasi: YbcJSFjkds...
2026-04-09 11:35:33 - getOutlet.php - Expected encrypt: ce8d123a9badc46aab7bfac002148c51
2026-04-09 11:35:33 - getOutlet.php - Received encrypt: ce8d123a9badc46aab7bfac002148c51
2026-04-09 11:35:33 - getOutlet.php - Authentication berhasil
2026-04-09 11:35:33 - getOutlet.php - Query: SELECT id_out, nama_out, '' AS alamat_out, ofcode_out
            FROM outlet 
            WHERE status_out IN ('Active', '1', 'active')
            AND (nama_out LIKE :key OR ofcode_out LIKE :key)
            ORDER BY nama_out ASC
            LIMIT 20
2026-04-09 11:35:33 - getOutlet.php - Query berhasil, mengembalikan 20 record
2026-04-09 11:35:33 - getOutlet.php - === END REQUEST ===
2026-04-09 04:35:33 - getOutlet.php - === REQUEST GETOUTLET ===
2026-04-09 04:35:33 - getOutlet.php - Method: POST
2026-04-09 04:35:33 - getOutlet.php - POST data: {"tgl":"2026-04-09","encrypt":"ce8d123a9badc46aab7bfac002148c51","id_apl":"APL01","key":"Rsu"}
2026-04-09 11:35:33 - getOutlet.php - Params - tgl: 2026-04-09, encrypt: ce8d123a9badc46aab7bfac002148c51, id_apl: APL01, key: Rsu
2026-04-09 11:35:33 - getOutlet.php - Aplikasi ditemukan: Ya
2026-04-09 11:35:33 - getOutlet.php - Key aplikasi: YbcJSFjkds...
2026-04-09 11:35:33 - getOutlet.php - Expected encrypt: ce8d123a9badc46aab7bfac002148c51
2026-04-09 11:35:33 - getOutlet.php - Received encrypt: ce8d123a9badc46aab7bfac002148c51
2026-04-09 11:35:33 - getOutlet.php - Authentication berhasil
2026-04-09 11:35:33 - getOutlet.php - Query: SELECT id_out, nama_out, '' AS alamat_out, ofcode_out
            FROM outlet 
            WHERE status_out IN ('Active', '1', 'active')
            AND (nama_out LIKE :key OR ofcode_out LIKE :key)
            ORDER BY nama_out ASC
            LIMIT 20
2026-04-09 11:35:33 - getOutlet.php - Query berhasil, mengembalikan 20 record
2026-04-09 11:35:33 - getOutlet.php - === END REQUEST ===
2026-04-09 04:35:33 - getOutlet.php - === REQUEST GETOUTLET ===
2026-04-09 04:35:33 - getOutlet.php - Method: POST
2026-04-09 04:35:33 - getOutlet.php - POST data: {"tgl":"2026-04-09","encrypt":"ce8d123a9badc46aab7bfac002148c51","id_apl":"APL01","key":"Rsu"}
2026-04-09 11:35:33 - getOutlet.php - Params - tgl: 2026-04-09, encrypt: ce8d123a9badc46aab7bfac002148c51, id_apl: APL01, key: Rsu
2026-04-09 11:35:33 - getOutlet.php - Aplikasi ditemukan: Ya
2026-04-09 11:35:33 - getOutlet.php - Key aplikasi: YbcJSFjkds...
2026-04-09 11:35:33 - getOutlet.php - Expected encrypt: ce8d123a9badc46aab7bfac002148c51
2026-04-09 11:35:33 - getOutlet.php - Received encrypt: ce8d123a9badc46aab7bfac002148c51
2026-04-09 11:35:33 - getOutlet.php - Authentication berhasil
2026-04-09 11:35:33 - getOutlet.php - Query: SELECT id_out, nama_out, '' AS alamat_out, ofcode_out
            FROM outlet 
            WHERE status_out IN ('Active', '1', 'active')
            AND (nama_out LIKE :key OR ofcode_out LIKE :key)
            ORDER BY nama_out ASC
            LIMIT 20
2026-04-09 11:35:33 - getOutlet.php - Query berhasil, mengembalikan 20 record
2026-04-09 11:35:33 - getOutlet.php - === END REQUEST ===
2026-04-09 04:35:34 - getOutlet.php - === REQUEST GETOUTLET ===
2026-04-09 04:35:34 - getOutlet.php - Method: POST
2026-04-09 04:35:34 - getOutlet.php - POST data: {"tgl":"2026-04-09","encrypt":"ce8d123a9badc46aab7bfac002148c51","id_apl":"APL01","key":"Rsu g"}
2026-04-09 11:35:34 - getOutlet.php - Params - tgl: 2026-04-09, encrypt: ce8d123a9badc46aab7bfac002148c51, id_apl: APL01, key: Rsu g
2026-04-09 11:35:34 - getOutlet.php - Aplikasi ditemukan: Ya
2026-04-09 11:35:34 - getOutlet.php - Key aplikasi: YbcJSFjkds...
2026-04-09 11:35:34 - getOutlet.php - Expected encrypt: ce8d123a9badc46aab7bfac002148c51
2026-04-09 11:35:34 - getOutlet.php - Received encrypt: ce8d123a9badc46aab7bfac002148c51
2026-04-09 11:35:34 - getOutlet.php - Authentication berhasil
2026-04-09 11:35:34 - getOutlet.php - Query: SELECT id_out, nama_out, '' AS alamat_out, ofcode_out
            FROM outlet 
            WHERE status_out IN ('Active', '1', 'active')
            AND (nama_out LIKE :key OR ofcode_out LIKE :key)
            ORDER BY nama_out ASC
            LIMIT 20
2026-04-09 11:35:34 - getOutlet.php - Query berhasil, mengembalikan 3 record
2026-04-09 11:35:34 - getOutlet.php - === END REQUEST ===
2026-04-09 04:35:34 - getOutlet.php - === REQUEST GETOUTLET ===
2026-04-09 04:35:34 - getOutlet.php - Method: POST
2026-04-09 04:35:34 - getOutlet.php - POST data: {"tgl":"2026-04-09","encrypt":"ce8d123a9badc46aab7bfac002148c51","id_apl":"APL01","key":"Rsu ga"}
2026-04-09 11:35:34 - getOutlet.php - Params - tgl: 2026-04-09, encrypt: ce8d123a9badc46aab7bfac002148c51, id_apl: APL01, key: Rsu ga
2026-04-09 11:35:34 - getOutlet.php - Aplikasi ditemukan: Ya
2026-04-09 11:35:34 - getOutlet.php - Key aplikasi: YbcJSFjkds...
2026-04-09 11:35:34 - getOutlet.php - Expected encrypt: ce8d123a9badc46aab7bfac002148c51
2026-04-09 11:35:34 - getOutlet.php - Received encrypt: ce8d123a9badc46aab7bfac002148c51
2026-04-09 11:35:34 - getOutlet.php - Authentication berhasil
2026-04-09 11:35:34 - getOutlet.php - Query: SELECT id_out, nama_out, '' AS alamat_out, ofcode_out
            FROM outlet 
            WHERE status_out IN ('Active', '1', 'active')
            AND (nama_out LIKE :key OR ofcode_out LIKE :key)
            ORDER BY nama_out ASC
            LIMIT 20
2026-04-09 11:35:34 - getOutlet.php - Query berhasil, mengembalikan 2 record
2026-04-09 11:35:34 - getOutlet.php - === END REQUEST ===
2026-04-09 04:35:34 - getOutlet.php - === REQUEST GETOUTLET ===
2026-04-09 04:35:34 - getOutlet.php - Method: POST
2026-04-09 04:35:34 - getOutlet.php - POST data: {"tgl":"2026-04-09","encrypt":"ce8d123a9badc46aab7bfac002148c51","id_apl":"APL01","key":"Rsu gad"}
2026-04-09 11:35:34 - getOutlet.php - Params - tgl: 2026-04-09, encrypt: ce8d123a9badc46aab7bfac002148c51, id_apl: APL01, key: Rsu gad
2026-04-09 11:35:34 - getOutlet.php - Aplikasi ditemukan: Ya
2026-04-09 11:35:34 - getOutlet.php - Key aplikasi: YbcJSFjkds...
2026-04-09 11:35:34 - getOutlet.php - Expected encrypt: ce8d123a9badc46aab7bfac002148c51
2026-04-09 11:35:34 - getOutlet.php - Received encrypt: ce8d123a9badc46aab7bfac002148c51
2026-04-09 11:35:34 - getOutlet.php - Authentication berhasil
2026-04-09 11:35:34 - getOutlet.php - Query: SELECT id_out, nama_out, '' AS alamat_out, ofcode_out
            FROM outlet 
            WHERE status_out IN ('Active', '1', 'active')
            AND (nama_out LIKE :key OR ofcode_out LIKE :key)
            ORDER BY nama_out ASC
            LIMIT 20
2026-04-09 11:35:34 - getOutlet.php - Query berhasil, mengembalikan 1 record
2026-04-09 11:35:34 - getOutlet.php - === END REQUEST ===
2026-04-09 04:35:34 - getOutlet.php - === REQUEST GETOUTLET ===
2026-04-09 04:35:34 - getOutlet.php - Method: POST
2026-04-09 04:35:34 - getOutlet.php - POST data: {"tgl":"2026-04-09","encrypt":"ce8d123a9badc46aab7bfac002148c51","id_apl":"APL01","key":"Rsu gadi"}
2026-04-09 11:35:34 - getOutlet.php - Params - tgl: 2026-04-09, encrypt: ce8d123a9badc46aab7bfac002148c51, id_apl: APL01, key: Rsu gadi
2026-04-09 11:35:34 - getOutlet.php - Aplikasi ditemukan: Ya
2026-04-09 11:35:34 - getOutlet.php - Key aplikasi: YbcJSFjkds...
2026-04-09 11:35:34 - getOutlet.php - Expected encrypt: ce8d123a9badc46aab7bfac002148c51
2026-04-09 11:35:34 - getOutlet.php - Received encrypt: ce8d123a9badc46aab7bfac002148c51
2026-04-09 11:35:34 - getOutlet.php - Authentication berhasil
2026-04-09 11:35:34 - getOutlet.php - Query: SELECT id_out, nama_out, '' AS alamat_out, ofcode_out
            FROM outlet 
            WHERE status_out IN ('Active', '1', 'active')
            AND (nama_out LIKE :key OR ofcode_out LIKE :key)
            ORDER BY nama_out ASC
            LIMIT 20
2026-04-09 11:35:34 - getOutlet.php - Query berhasil, mengembalikan 1 record
2026-04-09 11:35:34 - getOutlet.php - === END REQUEST ===
2026-04-09 04:35:34 - getOutlet.php - === REQUEST GETOUTLET ===
2026-04-09 04:35:34 - getOutlet.php - Method: POST
2026-04-09 04:35:34 - getOutlet.php - POST data: {"tgl":"2026-04-09","encrypt":"ce8d123a9badc46aab7bfac002148c51","id_apl":"APL01","key":"Rsu gadin"}
2026-04-09 11:35:34 - getOutlet.php - Params - tgl: 2026-04-09, encrypt: ce8d123a9badc46aab7bfac002148c51, id_apl: APL01, key: Rsu gadin
2026-04-09 11:35:34 - getOutlet.php - Aplikasi ditemukan: Ya
2026-04-09 11:35:34 - getOutlet.php - Key aplikasi: YbcJSFjkds...
2026-04-09 11:35:34 - getOutlet.php - Expected encrypt: ce8d123a9badc46aab7bfac002148c51
2026-04-09 11:35:34 - getOutlet.php - Received encrypt: ce8d123a9badc46aab7bfac002148c51
2026-04-09 11:35:34 - getOutlet.php - Authentication berhasil
2026-04-09 11:35:34 - getOutlet.php - Query: SELECT id_out, nama_out, '' AS alamat_out, ofcode_out
            FROM outlet 
            WHERE status_out IN ('Active', '1', 'active')
            AND (nama_out LIKE :key OR ofcode_out LIKE :key)
            ORDER BY nama_out ASC
            LIMIT 20
2026-04-09 11:35:34 - getOutlet.php - Query berhasil, mengembalikan 1 record
2026-04-09 11:35:34 - getOutlet.php - === END REQUEST ===
2026-04-09 04:35:35 - getOutlet.php - === REQUEST GETOUTLET ===
2026-04-09 04:35:35 - getOutlet.php - Method: POST
2026-04-09 04:35:35 - getOutlet.php - POST data: {"tgl":"2026-04-09","encrypt":"ce8d123a9badc46aab7bfac002148c51","id_apl":"APL01","key":"Rsu gading"}
2026-04-09 11:35:35 - getOutlet.php - Params - tgl: 2026-04-09, encrypt: ce8d123a9badc46aab7bfac002148c51, id_apl: APL01, key: Rsu gading
2026-04-09 11:35:35 - getOutlet.php - Aplikasi ditemukan: Ya
2026-04-09 11:35:35 - getOutlet.php - Key aplikasi: YbcJSFjkds...
2026-04-09 11:35:35 - getOutlet.php - Expected encrypt: ce8d123a9badc46aab7bfac002148c51
2026-04-09 11:35:35 - getOutlet.php - Received encrypt: ce8d123a9badc46aab7bfac002148c51
2026-04-09 11:35:35 - getOutlet.php - Authentication berhasil
2026-04-09 11:35:35 - getOutlet.php - Query: SELECT id_out, nama_out, '' AS alamat_out, ofcode_out
            FROM outlet 
            WHERE status_out IN ('Active', '1', 'active')
            AND (nama_out LIKE :key OR ofcode_out LIKE :key)
            ORDER BY nama_out ASC
            LIMIT 20
2026-04-09 11:35:35 - getOutlet.php - Query berhasil, mengembalikan 1 record
2026-04-09 11:35:35 - getOutlet.php - === END REQUEST ===
2026-04-09 04:35:36 - getOutlet.php - === REQUEST GETOUTLET ===
2026-04-09 04:35:36 - getOutlet.php - Method: POST
2026-04-09 04:35:36 - getOutlet.php - POST data: {"tgl":"2026-04-09","encrypt":"ce8d123a9badc46aab7bfac002148c51","id_apl":"APL01","key":"RSU Gading Pluit"}
2026-04-09 11:35:36 - getOutlet.php - Params - tgl: 2026-04-09, encrypt: ce8d123a9badc46aab7bfac002148c51, id_apl: APL01, key: RSU Gading Pluit
2026-04-09 11:35:36 - getOutlet.php - Aplikasi ditemukan: Ya
2026-04-09 11:35:36 - getOutlet.php - Key aplikasi: YbcJSFjkds...
2026-04-09 11:35:36 - getOutlet.php - Expected encrypt: ce8d123a9badc46aab7bfac002148c51
2026-04-09 11:35:36 - getOutlet.php - Received encrypt: ce8d123a9badc46aab7bfac002148c51
2026-04-09 11:35:36 - getOutlet.php - Authentication berhasil
2026-04-09 11:35:36 - getOutlet.php - Query: SELECT id_out, nama_out, '' AS alamat_out, ofcode_out
            FROM outlet 
            WHERE status_out IN ('Active', '1', 'active')
            AND (nama_out LIKE :key OR ofcode_out LIKE :key)
            ORDER BY nama_out ASC
            LIMIT 20
2026-04-09 11:35:36 - getOutlet.php - Query berhasil, mengembalikan 1 record
2026-04-09 11:35:36 - getOutlet.php - === END REQUEST ===
2026-04-09 04:36:05 - getOutlet.php - === REQUEST GETOUTLET ===
2026-04-09 04:36:05 - getOutlet.php - Method: POST
2026-04-09 04:36:05 - getOutlet.php - POST data: {"tgl":"2026-04-09","encrypt":"ce8d123a9badc46aab7bfac002148c51","id_apl":"APL01","key":"RSU Gadin"}
2026-04-09 11:36:05 - getOutlet.php - Params - tgl: 2026-04-09, encrypt: ce8d123a9badc46aab7bfac002148c51, id_apl: APL01, key: RSU Gadin
2026-04-09 04:36:05 - getOutlet.php - === REQUEST GETOUTLET ===
2026-04-09 04:36:05 - getOutlet.php - Method: POST
2026-04-09 04:36:05 - getOutlet.php - POST data: {"tgl":"2026-04-09","encrypt":"ce8d123a9badc46aab7bfac002148c51","id_apl":"APL01","key":"RSU Gading"}
2026-04-09 11:36:05 - getOutlet.php - Params - tgl: 2026-04-09, encrypt: ce8d123a9badc46aab7bfac002148c51, id_apl: APL01, key: RSU Gading
2026-04-09 04:36:05 - getOutlet.php - === REQUEST GETOUTLET ===
2026-04-09 04:36:05 - getOutlet.php - Method: POST
2026-04-09 04:36:05 - getOutlet.php - POST data: {"tgl":"2026-04-09","encrypt":"ce8d123a9badc46aab7bfac002148c51","id_apl":"APL01","key":"RSU Gading Plu"}
2026-04-09 11:36:05 - getOutlet.php - Params - tgl: 2026-04-09, encrypt: ce8d123a9badc46aab7bfac002148c51, id_apl: APL01, key: RSU Gading Plu
2026-04-09 04:36:05 - getOutlet.php - === REQUEST GETOUTLET ===
2026-04-09 04:36:05 - getOutlet.php - Method: POST
2026-04-09 04:36:05 - getOutlet.php - POST data: {"tgl":"2026-04-09","encrypt":"ce8d123a9badc46aab7bfac002148c51","id_apl":"APL01","key":"RSU Gading Pl"}
2026-04-09 11:36:05 - getOutlet.php - Params - tgl: 2026-04-09, encrypt: ce8d123a9badc46aab7bfac002148c51, id_apl: APL01, key: RSU Gading Pl
2026-04-09 04:36:05 - getOutlet.php - === REQUEST GETOUTLET ===
2026-04-09 04:36:05 - getOutlet.php - Method: POST
2026-04-09 04:36:05 - getOutlet.php - POST data: {"tgl":"2026-04-09","encrypt":"ce8d123a9badc46aab7bfac002148c51","id_apl":"APL01","key":"RSU Gading P"}
2026-04-09 11:36:05 - getOutlet.php - Params - tgl: 2026-04-09, encrypt: ce8d123a9badc46aab7bfac002148c51, id_apl: APL01, key: RSU Gading P
2026-04-09 11:36:05 - getOutlet.php - Aplikasi ditemukan: Ya
2026-04-09 11:36:05 - getOutlet.php - Key aplikasi: YbcJSFjkds...
2026-04-09 11:36:05 - getOutlet.php - Expected encrypt: ce8d123a9badc46aab7bfac002148c51
2026-04-09 11:36:05 - getOutlet.php - Received encrypt: ce8d123a9badc46aab7bfac002148c51
2026-04-09 11:36:05 - getOutlet.php - Authentication berhasil
2026-04-09 11:36:05 - getOutlet.php - Aplikasi ditemukan: Ya
2026-04-09 11:36:05 - getOutlet.php - Key aplikasi: YbcJSFjkds...
2026-04-09 11:36:05 - getOutlet.php - Expected encrypt: ce8d123a9badc46aab7bfac002148c51
2026-04-09 11:36:05 - getOutlet.php - Received encrypt: ce8d123a9badc46aab7bfac002148c51
2026-04-09 11:36:05 - getOutlet.php - Authentication berhasil
2026-04-09 11:36:05 - getOutlet.php - Query: SELECT id_out, nama_out, '' AS alamat_out, ofcode_out
            FROM outlet 
            WHERE status_out IN ('Active', '1', 'active')
            AND (nama_out LIKE :key OR ofcode_out LIKE :key)
            ORDER BY nama_out ASC
            LIMIT 20
2026-04-09 11:36:05 - getOutlet.php - Query: SELECT id_out, nama_out, '' AS alamat_out, ofcode_out
            FROM outlet 
            WHERE status_out IN ('Active', '1', 'active')
            AND (nama_out LIKE :key OR ofcode_out LIKE :key)
            ORDER BY nama_out ASC
            LIMIT 20
2026-04-09 11:36:05 - getOutlet.php - Aplikasi ditemukan: Ya
2026-04-09 11:36:05 - getOutlet.php - Key aplikasi: YbcJSFjkds...
2026-04-09 11:36:05 - getOutlet.php - Expected encrypt: ce8d123a9badc46aab7bfac002148c51
2026-04-09 11:36:05 - getOutlet.php - Received encrypt: ce8d123a9badc46aab7bfac002148c51
2026-04-09 11:36:05 - getOutlet.php - Authentication berhasil
2026-04-09 11:36:05 - getOutlet.php - Aplikasi ditemukan: Ya
2026-04-09 11:36:05 - getOutlet.php - Key aplikasi: YbcJSFjkds...
2026-04-09 11:36:05 - getOutlet.php - Expected encrypt: ce8d123a9badc46aab7bfac002148c51
2026-04-09 11:36:05 - getOutlet.php - Received encrypt: ce8d123a9badc46aab7bfac002148c51
2026-04-09 11:36:05 - getOutlet.php - Authentication berhasil
2026-04-09 11:36:05 - getOutlet.php - Aplikasi ditemukan: Ya
2026-04-09 11:36:05 - getOutlet.php - Query berhasil, mengembalikan 1 record
2026-04-09 11:36:05 - getOutlet.php - Key aplikasi: YbcJSFjkds...
2026-04-09 11:36:05 - getOutlet.php - === END REQUEST ===
2026-04-09 11:36:05 - getOutlet.php - Expected encrypt: ce8d123a9badc46aab7bfac002148c51
2026-04-09 11:36:05 - getOutlet.php - Received encrypt: ce8d123a9badc46aab7bfac002148c51
2026-04-09 11:36:05 - getOutlet.php - Authentication berhasil
2026-04-09 11:36:05 - getOutlet.php - Query berhasil, mengembalikan 1 record
2026-04-09 11:36:05 - getOutlet.php - === END REQUEST ===
2026-04-09 11:36:05 - getOutlet.php - Query: SELECT id_out, nama_out, '' AS alamat_out, ofcode_out
            FROM outlet 
            WHERE status_out IN ('Active', '1', 'active')
            AND (nama_out LIKE :key OR ofcode_out LIKE :key)
            ORDER BY nama_out ASC
            LIMIT 20
2026-04-09 11:36:05 - getOutlet.php - Query berhasil, mengembalikan 1 record
2026-04-09 11:36:05 - getOutlet.php - === END REQUEST ===
2026-04-09 11:36:05 - getOutlet.php - Query: SELECT id_out, nama_out, '' AS alamat_out, ofcode_out
            FROM outlet 
            WHERE status_out IN ('Active', '1', 'active')
            AND (nama_out LIKE :key OR ofcode_out LIKE :key)
            ORDER BY nama_out ASC
            LIMIT 20
2026-04-09 11:36:05 - getOutlet.php - Query berhasil, mengembalikan 1 record
2026-04-09 11:36:05 - getOutlet.php - === END REQUEST ===
2026-04-09 11:36:05 - getOutlet.php - Query: SELECT id_out, nama_out, '' AS alamat_out, ofcode_out
            FROM outlet 
            WHERE status_out IN ('Active', '1', 'active')
            AND (nama_out LIKE :key OR ofcode_out LIKE :key)
            ORDER BY nama_out ASC
            LIMIT 20
2026-04-09 11:36:05 - getOutlet.php - Query berhasil, mengembalikan 1 record
2026-04-09 11:36:05 - getOutlet.php - === END REQUEST ===
2026-04-09 04:36:05 - getOutlet.php - === REQUEST GETOUTLET ===
2026-04-09 04:36:05 - getOutlet.php - Method: POST
2026-04-09 04:36:05 - getOutlet.php - POST data: {"tgl":"2026-04-09","encrypt":"ce8d123a9badc46aab7bfac002148c51","id_apl":"APL01","key":"RSU Gading"}
2026-04-09 11:36:05 - getOutlet.php - Params - tgl: 2026-04-09, encrypt: ce8d123a9badc46aab7bfac002148c51, id_apl: APL01, key: RSU Gading
2026-04-09 04:36:05 - getOutlet.php - === REQUEST GETOUTLET ===
2026-04-09 04:36:05 - getOutlet.php - Method: POST
2026-04-09 04:36:05 - getOutlet.php - POST data: {"tgl":"2026-04-09","encrypt":"ce8d123a9badc46aab7bfac002148c51","id_apl":"APL01","key":"RSU Gading Plui"}
2026-04-09 11:36:05 - getOutlet.php - Params - tgl: 2026-04-09, encrypt: ce8d123a9badc46aab7bfac002148c51, id_apl: APL01, key: RSU Gading Plui
2026-04-09 11:36:05 - getOutlet.php - Aplikasi ditemukan: Ya
2026-04-09 11:36:05 - getOutlet.php - Key aplikasi: YbcJSFjkds...
2026-04-09 11:36:05 - getOutlet.php - Expected encrypt: ce8d123a9badc46aab7bfac002148c51
2026-04-09 11:36:05 - getOutlet.php - Received encrypt: ce8d123a9badc46aab7bfac002148c51
2026-04-09 11:36:05 - getOutlet.php - Authentication berhasil
2026-04-09 11:36:05 - getOutlet.php - Query: SELECT id_out, nama_out, '' AS alamat_out, ofcode_out
            FROM outlet 
            WHERE status_out IN ('Active', '1', 'active')
            AND (nama_out LIKE :key OR ofcode_out LIKE :key)
            ORDER BY nama_out ASC
            LIMIT 20
2026-04-09 11:36:05 - getOutlet.php - Aplikasi ditemukan: Ya
2026-04-09 11:36:05 - getOutlet.php - Key aplikasi: YbcJSFjkds...
2026-04-09 11:36:05 - getOutlet.php - Expected encrypt: ce8d123a9badc46aab7bfac002148c51
2026-04-09 11:36:05 - getOutlet.php - Received encrypt: ce8d123a9badc46aab7bfac002148c51
2026-04-09 11:36:05 - getOutlet.php - Authentication berhasil
2026-04-09 11:36:05 - getOutlet.php - Query berhasil, mengembalikan 1 record
2026-04-09 11:36:05 - getOutlet.php - Query: SELECT id_out, nama_out, '' AS alamat_out, ofcode_out
            FROM outlet 
            WHERE status_out IN ('Active', '1', 'active')
            AND (nama_out LIKE :key OR ofcode_out LIKE :key)
            ORDER BY nama_out ASC
            LIMIT 20
2026-04-09 11:36:05 - getOutlet.php - === END REQUEST ===
2026-04-09 11:36:05 - getOutlet.php - Query berhasil, mengembalikan 1 record
2026-04-09 11:36:05 - getOutlet.php - === END REQUEST ===
2026-04-09 04:36:05 - getOutlet.php - === REQUEST GETOUTLET ===
2026-04-09 04:36:05 - getOutlet.php - Method: POST
2026-04-09 04:36:05 - getOutlet.php - POST data: {"tgl":"2026-04-09","encrypt":"ce8d123a9badc46aab7bfac002148c51","id_apl":"APL01","key":"RSU Gad"}
2026-04-09 11:36:05 - getOutlet.php - Params - tgl: 2026-04-09, encrypt: ce8d123a9badc46aab7bfac002148c51, id_apl: APL01, key: RSU Gad
2026-04-09 11:36:05 - getOutlet.php - Aplikasi ditemukan: Ya
2026-04-09 11:36:05 - getOutlet.php - Key aplikasi: YbcJSFjkds...
2026-04-09 11:36:05 - getOutlet.php - Expected encrypt: ce8d123a9badc46aab7bfac002148c51
2026-04-09 11:36:05 - getOutlet.php - Received encrypt: ce8d123a9badc46aab7bfac002148c51
2026-04-09 11:36:05 - getOutlet.php - Authentication berhasil
2026-04-09 11:36:05 - getOutlet.php - Query: SELECT id_out, nama_out, '' AS alamat_out, ofcode_out
            FROM outlet 
            WHERE status_out IN ('Active', '1', 'active')
            AND (nama_out LIKE :key OR ofcode_out LIKE :key)
            ORDER BY nama_out ASC
            LIMIT 20
2026-04-09 11:36:05 - getOutlet.php - Query berhasil, mengembalikan 1 record
2026-04-09 11:36:05 - getOutlet.php - === END REQUEST ===
2026-04-09 04:36:05 - getOutlet.php - === REQUEST GETOUTLET ===
2026-04-09 04:36:05 - getOutlet.php - Method: POST
2026-04-09 04:36:05 - getOutlet.php - POST data: {"tgl":"2026-04-09","encrypt":"ce8d123a9badc46aab7bfac002148c51","id_apl":"APL01","key":"RSU Ga"}
2026-04-09 11:36:05 - getOutlet.php - Params - tgl: 2026-04-09, encrypt: ce8d123a9badc46aab7bfac002148c51, id_apl: APL01, key: RSU Ga
2026-04-09 11:36:05 - getOutlet.php - Aplikasi ditemukan: Ya
2026-04-09 11:36:05 - getOutlet.php - Key aplikasi: YbcJSFjkds...
2026-04-09 11:36:05 - getOutlet.php - Expected encrypt: ce8d123a9badc46aab7bfac002148c51
2026-04-09 11:36:05 - getOutlet.php - Received encrypt: ce8d123a9badc46aab7bfac002148c51
2026-04-09 11:36:05 - getOutlet.php - Authentication berhasil
2026-04-09 04:36:05 - getOutlet.php - === REQUEST GETOUTLET ===
2026-04-09 04:36:05 - getOutlet.php - Method: POST
2026-04-09 11:36:05 - getOutlet.php - Query: SELECT id_out, nama_out, '' AS alamat_out, ofcode_out
            FROM outlet 
            WHERE status_out IN ('Active', '1', 'active')
            AND (nama_out LIKE :key OR ofcode_out LIKE :key)
            ORDER BY nama_out ASC
            LIMIT 20
2026-04-09 04:36:05 - getOutlet.php - === REQUEST GETOUTLET ===
2026-04-09 04:36:05 - getOutlet.php - POST data: {"tgl":"2026-04-09","encrypt":"ce8d123a9badc46aab7bfac002148c51","id_apl":"APL01","key":"RSU Gadi"}
2026-04-09 04:36:05 - getOutlet.php - Method: POST
2026-04-09 11:36:05 - getOutlet.php - Params - tgl: 2026-04-09, encrypt: ce8d123a9badc46aab7bfac002148c51, id_apl: APL01, key: RSU Gadi
2026-04-09 04:36:05 - getOutlet.php - POST data: {"tgl":"2026-04-09","encrypt":"ce8d123a9badc46aab7bfac002148c51","id_apl":"APL01","key":"RSU G"}
2026-04-09 11:36:05 - getOutlet.php - Params - tgl: 2026-04-09, encrypt: ce8d123a9badc46aab7bfac002148c51, id_apl: APL01, key: RSU G
2026-04-09 11:36:05 - getOutlet.php - Aplikasi ditemukan: Ya
2026-04-09 11:36:05 - getOutlet.php - Key aplikasi: YbcJSFjkds...
2026-04-09 11:36:05 - getOutlet.php - Expected encrypt: ce8d123a9badc46aab7bfac002148c51
2026-04-09 11:36:05 - getOutlet.php - Received encrypt: ce8d123a9badc46aab7bfac002148c51
2026-04-09 11:36:05 - getOutlet.php - Authentication berhasil
2026-04-09 11:36:05 - getOutlet.php - Aplikasi ditemukan: Ya
2026-04-09 11:36:05 - getOutlet.php - Query berhasil, mengembalikan 2 record
2026-04-09 11:36:05 - getOutlet.php - === END REQUEST ===
2026-04-09 11:36:05 - getOutlet.php - Key aplikasi: YbcJSFjkds...
2026-04-09 11:36:05 - getOutlet.php - Expected encrypt: ce8d123a9badc46aab7bfac002148c51
2026-04-09 11:36:05 - getOutlet.php - Received encrypt: ce8d123a9badc46aab7bfac002148c51
2026-04-09 11:36:05 - getOutlet.php - Authentication berhasil
2026-04-09 11:36:05 - getOutlet.php - Query: SELECT id_out, nama_out, '' AS alamat_out, ofcode_out
            FROM outlet 
            WHERE status_out IN ('Active', '1', 'active')
            AND (nama_out LIKE :key OR ofcode_out LIKE :key)
            ORDER BY nama_out ASC
            LIMIT 20
2026-04-09 11:36:05 - getOutlet.php - Query: SELECT id_out, nama_out, '' AS alamat_out, ofcode_out
            FROM outlet 
            WHERE status_out IN ('Active', '1', 'active')
            AND (nama_out LIKE :key OR ofcode_out LIKE :key)
            ORDER BY nama_out ASC
            LIMIT 20
2026-04-09 11:36:05 - getOutlet.php - Query berhasil, mengembalikan 1 record
2026-04-09 11:36:05 - getOutlet.php - === END REQUEST ===
2026-04-09 11:36:05 - getOutlet.php - Query berhasil, mengembalikan 3 record
2026-04-09 11:36:05 - getOutlet.php - === END REQUEST ===
2026-04-09 04:36:05 - getOutlet.php - === REQUEST GETOUTLET ===
2026-04-09 04:36:05 - getOutlet.php - Method: POST
2026-04-09 04:36:05 - getOutlet.php - POST data: {"tgl":"2026-04-09","encrypt":"ce8d123a9badc46aab7bfac002148c51","id_apl":"APL01","key":"RSU"}
2026-04-09 11:36:05 - getOutlet.php - Params - tgl: 2026-04-09, encrypt: ce8d123a9badc46aab7bfac002148c51, id_apl: APL01, key: RSU
2026-04-09 11:36:05 - getOutlet.php - Aplikasi ditemukan: Ya
2026-04-09 11:36:05 - getOutlet.php - Key aplikasi: YbcJSFjkds...
2026-04-09 11:36:05 - getOutlet.php - Expected encrypt: ce8d123a9badc46aab7bfac002148c51
2026-04-09 11:36:05 - getOutlet.php - Received encrypt: ce8d123a9badc46aab7bfac002148c51
2026-04-09 11:36:05 - getOutlet.php - Authentication berhasil
2026-04-09 11:36:05 - getOutlet.php - Query: SELECT id_out, nama_out, '' AS alamat_out, ofcode_out
            FROM outlet 
            WHERE status_out IN ('Active', '1', 'active')
            AND (nama_out LIKE :key OR ofcode_out LIKE :key)
            ORDER BY nama_out ASC
            LIMIT 20
2026-04-09 11:36:05 - getOutlet.php - Query berhasil, mengembalikan 20 record
2026-04-09 11:36:05 - getOutlet.php - === END REQUEST ===
2026-04-09 04:36:06 - getOutlet.php - === REQUEST GETOUTLET ===
2026-04-09 04:36:06 - getOutlet.php - Method: POST
2026-04-09 04:36:06 - getOutlet.php - POST data: {"tgl":"2026-04-09","encrypt":"ce8d123a9badc46aab7bfac002148c51","id_apl":"APL01","key":"RS"}
2026-04-09 11:36:06 - getOutlet.php - Params - tgl: 2026-04-09, encrypt: ce8d123a9badc46aab7bfac002148c51, id_apl: APL01, key: RS
2026-04-09 11:36:06 - getOutlet.php - Aplikasi ditemukan: Ya
2026-04-09 11:36:06 - getOutlet.php - Key aplikasi: YbcJSFjkds...
2026-04-09 11:36:06 - getOutlet.php - Expected encrypt: ce8d123a9badc46aab7bfac002148c51
2026-04-09 11:36:06 - getOutlet.php - Received encrypt: ce8d123a9badc46aab7bfac002148c51
2026-04-09 11:36:06 - getOutlet.php - Authentication berhasil
2026-04-09 11:36:06 - getOutlet.php - Query: SELECT id_out, nama_out, '' AS alamat_out, ofcode_out
            FROM outlet 
            WHERE status_out IN ('Active', '1', 'active')
            AND (nama_out LIKE :key OR ofcode_out LIKE :key)
            ORDER BY nama_out ASC
            LIMIT 20
2026-04-09 11:36:06 - getOutlet.php - Query berhasil, mengembalikan 20 record
2026-04-09 11:36:06 - getOutlet.php - === END REQUEST ===
2026-04-09 04:36:06 - getOutlet.php - === REQUEST GETOUTLET ===
2026-04-09 04:36:06 - getOutlet.php - Method: POST
2026-04-09 04:36:06 - getOutlet.php - POST data: {"tgl":"2026-04-09","encrypt":"ce8d123a9badc46aab7bfac002148c51","id_apl":"APL01","key":"RSU"}
2026-04-09 11:36:06 - getOutlet.php - Params - tgl: 2026-04-09, encrypt: ce8d123a9badc46aab7bfac002148c51, id_apl: APL01, key: RSU
2026-04-09 11:36:06 - getOutlet.php - Aplikasi ditemukan: Ya
2026-04-09 11:36:06 - getOutlet.php - Key aplikasi: YbcJSFjkds...
2026-04-09 11:36:06 - getOutlet.php - Expected encrypt: ce8d123a9badc46aab7bfac002148c51
2026-04-09 11:36:06 - getOutlet.php - Received encrypt: ce8d123a9badc46aab7bfac002148c51
2026-04-09 11:36:06 - getOutlet.php - Authentication berhasil
2026-04-09 11:36:06 - getOutlet.php - Query: SELECT id_out, nama_out, '' AS alamat_out, ofcode_out
            FROM outlet 
            WHERE status_out IN ('Active', '1', 'active')
            AND (nama_out LIKE :key OR ofcode_out LIKE :key)
            ORDER BY nama_out ASC
            LIMIT 20
2026-04-09 11:36:06 - getOutlet.php - Query berhasil, mengembalikan 20 record
2026-04-09 11:36:06 - getOutlet.php - === END REQUEST ===
2026-04-09 04:36:08 - getOutlet.php - === REQUEST GETOUTLET ===
2026-04-09 04:36:08 - getOutlet.php - Method: POST
2026-04-09 04:36:08 - getOutlet.php - POST data: {"tgl":"2026-04-09","encrypt":"ce8d123a9badc46aab7bfac002148c51","id_apl":"APL01","key":"Je"}
2026-04-09 11:36:08 - getOutlet.php - Params - tgl: 2026-04-09, encrypt: ce8d123a9badc46aab7bfac002148c51, id_apl: APL01, key: Je
2026-04-09 11:36:08 - getOutlet.php - Aplikasi ditemukan: Ya
2026-04-09 11:36:08 - getOutlet.php - Key aplikasi: YbcJSFjkds...
2026-04-09 11:36:08 - getOutlet.php - Expected encrypt: ce8d123a9badc46aab7bfac002148c51
2026-04-09 11:36:08 - getOutlet.php - Received encrypt: ce8d123a9badc46aab7bfac002148c51
2026-04-09 11:36:08 - getOutlet.php - Authentication berhasil
2026-04-09 11:36:08 - getOutlet.php - Query: SELECT id_out, nama_out, '' AS alamat_out, ofcode_out
            FROM outlet 
            WHERE status_out IN ('Active', '1', 'active')
            AND (nama_out LIKE :key OR ofcode_out LIKE :key)
            ORDER BY nama_out ASC
            LIMIT 20
2026-04-09 11:36:08 - getOutlet.php - Query berhasil, mengembalikan 19 record
2026-04-09 11:36:08 - getOutlet.php - === END REQUEST ===
2026-04-09 04:36:08 - getOutlet.php - === REQUEST GETOUTLET ===
2026-04-09 04:36:08 - getOutlet.php - Method: POST
2026-04-09 04:36:08 - getOutlet.php - POST data: {"tgl":"2026-04-09","encrypt":"ce8d123a9badc46aab7bfac002148c51","id_apl":"APL01","key":"Jec"}
2026-04-09 11:36:08 - getOutlet.php - Params - tgl: 2026-04-09, encrypt: ce8d123a9badc46aab7bfac002148c51, id_apl: APL01, key: Jec
2026-04-09 11:36:09 - getOutlet.php - Aplikasi ditemukan: Ya
2026-04-09 11:36:09 - getOutlet.php - Key aplikasi: YbcJSFjkds...
2026-04-09 11:36:09 - getOutlet.php - Expected encrypt: ce8d123a9badc46aab7bfac002148c51
2026-04-09 11:36:09 - getOutlet.php - Received encrypt: ce8d123a9badc46aab7bfac002148c51
2026-04-09 11:36:09 - getOutlet.php - Authentication berhasil
2026-04-09 11:36:09 - getOutlet.php - Query: SELECT id_out, nama_out, '' AS alamat_out, ofcode_out
            FROM outlet 
            WHERE status_out IN ('Active', '1', 'active')
            AND (nama_out LIKE :key OR ofcode_out LIKE :key)
            ORDER BY nama_out ASC
            LIMIT 20
2026-04-09 11:36:09 - getOutlet.php - Query berhasil, mengembalikan 12 record
2026-04-09 11:36:09 - getOutlet.php - === END REQUEST ===
2026-04-09 04:36:10 - getOutlet.php - === REQUEST GETOUTLET ===
2026-04-09 04:36:10 - getOutlet.php - Method: POST
2026-04-09 04:36:10 - getOutlet.php - POST data: {"tgl":"2026-04-09","encrypt":"ce8d123a9badc46aab7bfac002148c51","id_apl":"APL01","key":"Jec"}
2026-04-09 11:36:10 - getOutlet.php - Params - tgl: 2026-04-09, encrypt: ce8d123a9badc46aab7bfac002148c51, id_apl: APL01, key: Jec
2026-04-09 11:36:11 - getOutlet.php - Aplikasi ditemukan: Ya
2026-04-09 11:36:11 - getOutlet.php - Key aplikasi: YbcJSFjkds...
2026-04-09 11:36:11 - getOutlet.php - Expected encrypt: ce8d123a9badc46aab7bfac002148c51
2026-04-09 11:36:11 - getOutlet.php - Received encrypt: ce8d123a9badc46aab7bfac002148c51
2026-04-09 11:36:11 - getOutlet.php - Authentication berhasil
2026-04-09 11:36:11 - getOutlet.php - Query: SELECT id_out, nama_out, '' AS alamat_out, ofcode_out
            FROM outlet 
            WHERE status_out IN ('Active', '1', 'active')
            AND (nama_out LIKE :key OR ofcode_out LIKE :key)
            ORDER BY nama_out ASC
            LIMIT 20
2026-04-09 11:36:11 - getOutlet.php - Query berhasil, mengembalikan 12 record
2026-04-09 11:36:11 - getOutlet.php - === END REQUEST ===
2026-04-09 04:36:12 - getOutlet.php - === REQUEST GETOUTLET ===
2026-04-09 04:36:12 - getOutlet.php - Method: POST
2026-04-09 04:36:12 - getOutlet.php - POST data: {"tgl":"2026-04-09","encrypt":"ce8d123a9badc46aab7bfac002148c51","id_apl":"APL01","key":"Jec m"}
2026-04-09 11:36:12 - getOutlet.php - Params - tgl: 2026-04-09, encrypt: ce8d123a9badc46aab7bfac002148c51, id_apl: APL01, key: Jec m
2026-04-09 11:36:12 - getOutlet.php - Aplikasi ditemukan: Ya
2026-04-09 11:36:12 - getOutlet.php - Key aplikasi: YbcJSFjkds...
2026-04-09 11:36:12 - getOutlet.php - Expected encrypt: ce8d123a9badc46aab7bfac002148c51
2026-04-09 11:36:12 - getOutlet.php - Received encrypt: ce8d123a9badc46aab7bfac002148c51
2026-04-09 11:36:12 - getOutlet.php - Authentication berhasil
2026-04-09 11:36:12 - getOutlet.php - Query: SELECT id_out, nama_out, '' AS alamat_out, ofcode_out
            FROM outlet 
            WHERE status_out IN ('Active', '1', 'active')
            AND (nama_out LIKE :key OR ofcode_out LIKE :key)
            ORDER BY nama_out ASC
            LIMIT 20
2026-04-09 11:36:12 - getOutlet.php - Query berhasil, mengembalikan 1 record
2026-04-09 11:36:12 - getOutlet.php - === END REQUEST ===
2026-04-09 04:36:14 - getOutlet.php - === REQUEST GETOUTLET ===
2026-04-09 04:36:14 - getOutlet.php - Method: POST
2026-04-09 04:36:14 - getOutlet.php - POST data: {"tgl":"2026-04-09","encrypt":"ce8d123a9badc46aab7bfac002148c51","id_apl":"APL01","key":"Jec me"}
2026-04-09 11:36:14 - getOutlet.php - Params - tgl: 2026-04-09, encrypt: ce8d123a9badc46aab7bfac002148c51, id_apl: APL01, key: Jec me
2026-04-09 11:36:14 - getOutlet.php - Aplikasi ditemukan: Ya
2026-04-09 11:36:14 - getOutlet.php - Key aplikasi: YbcJSFjkds...
2026-04-09 11:36:14 - getOutlet.php - Expected encrypt: ce8d123a9badc46aab7bfac002148c51
2026-04-09 11:36:14 - getOutlet.php - Received encrypt: ce8d123a9badc46aab7bfac002148c51
2026-04-09 11:36:14 - getOutlet.php - Authentication berhasil
2026-04-09 11:36:14 - getOutlet.php - Query: SELECT id_out, nama_out, '' AS alamat_out, ofcode_out
            FROM outlet 
            WHERE status_out IN ('Active', '1', 'active')
            AND (nama_out LIKE :key OR ofcode_out LIKE :key)
            ORDER BY nama_out ASC
            LIMIT 20
2026-04-09 11:36:14 - getOutlet.php - Query berhasil, mengembalikan 1 record
2026-04-09 11:36:14 - getOutlet.php - === END REQUEST ===
2026-04-09 04:36:14 - getOutlet.php - === REQUEST GETOUTLET ===
2026-04-09 04:36:14 - getOutlet.php - Method: POST
2026-04-09 04:36:14 - getOutlet.php - POST data: {"tgl":"2026-04-09","encrypt":"ce8d123a9badc46aab7bfac002148c51","id_apl":"APL01","key":"Jec men"}
2026-04-09 11:36:14 - getOutlet.php - Params - tgl: 2026-04-09, encrypt: ce8d123a9badc46aab7bfac002148c51, id_apl: APL01, key: Jec men
2026-04-09 11:36:14 - getOutlet.php - Aplikasi ditemukan: Ya
2026-04-09 11:36:14 - getOutlet.php - Key aplikasi: YbcJSFjkds...
2026-04-09 11:36:14 - getOutlet.php - Expected encrypt: ce8d123a9badc46aab7bfac002148c51
2026-04-09 11:36:14 - getOutlet.php - Received encrypt: ce8d123a9badc46aab7bfac002148c51
2026-04-09 11:36:14 - getOutlet.php - Authentication berhasil
2026-04-09 11:36:14 - getOutlet.php - Query: SELECT id_out, nama_out, '' AS alamat_out, ofcode_out
            FROM outlet 
            WHERE status_out IN ('Active', '1', 'active')
            AND (nama_out LIKE :key OR ofcode_out LIKE :key)
            ORDER BY nama_out ASC
            LIMIT 20
2026-04-09 11:36:14 - getOutlet.php - Query berhasil, mengembalikan 0 record
2026-04-09 11:36:14 - getOutlet.php - === END REQUEST ===
2026-04-09 04:36:15 - getOutlet.php - === REQUEST GETOUTLET ===
2026-04-09 04:36:15 - getOutlet.php - Method: POST
2026-04-09 04:36:15 - getOutlet.php - POST data: {"tgl":"2026-04-09","encrypt":"ce8d123a9badc46aab7bfac002148c51","id_apl":"APL01","key":"Jec ment"}
2026-04-09 11:36:15 - getOutlet.php - Params - tgl: 2026-04-09, encrypt: ce8d123a9badc46aab7bfac002148c51, id_apl: APL01, key: Jec ment
2026-04-09 11:36:15 - getOutlet.php - Aplikasi ditemukan: Ya
2026-04-09 11:36:15 - getOutlet.php - Key aplikasi: YbcJSFjkds...
2026-04-09 11:36:15 - getOutlet.php - Expected encrypt: ce8d123a9badc46aab7bfac002148c51
2026-04-09 11:36:15 - getOutlet.php - Received encrypt: ce8d123a9badc46aab7bfac002148c51
2026-04-09 11:36:15 - getOutlet.php - Authentication berhasil
2026-04-09 11:36:15 - getOutlet.php - Query: SELECT id_out, nama_out, '' AS alamat_out, ofcode_out
            FROM outlet 
            WHERE status_out IN ('Active', '1', 'active')
            AND (nama_out LIKE :key OR ofcode_out LIKE :key)
            ORDER BY nama_out ASC
            LIMIT 20
2026-04-09 11:36:15 - getOutlet.php - Query berhasil, mengembalikan 0 record
2026-04-09 11:36:15 - getOutlet.php - === END REQUEST ===
2026-04-09 04:36:17 - getOutlet.php - === REQUEST GETOUTLET ===
2026-04-09 04:36:17 - getOutlet.php - Method: POST
2026-04-09 04:36:17 - getOutlet.php - POST data: {"tgl":"2026-04-09","encrypt":"ce8d123a9badc46aab7bfac002148c51","id_apl":"APL01","key":"Jec mente"}
2026-04-09 11:36:17 - getOutlet.php - Params - tgl: 2026-04-09, encrypt: ce8d123a9badc46aab7bfac002148c51, id_apl: APL01, key: Jec mente
2026-04-09 11:36:17 - getOutlet.php - Aplikasi ditemukan: Ya
2026-04-09 11:36:17 - getOutlet.php - Key aplikasi: YbcJSFjkds...
2026-04-09 11:36:17 - getOutlet.php - Expected encrypt: ce8d123a9badc46aab7bfac002148c51
2026-04-09 11:36:17 - getOutlet.php - Received encrypt: ce8d123a9badc46aab7bfac002148c51
2026-04-09 11:36:17 - getOutlet.php - Authentication berhasil
2026-04-09 11:36:17 - getOutlet.php - Query: SELECT id_out, nama_out, '' AS alamat_out, ofcode_out
            FROM outlet 
            WHERE status_out IN ('Active', '1', 'active')
            AND (nama_out LIKE :key OR ofcode_out LIKE :key)
            ORDER BY nama_out ASC
            LIMIT 20
2026-04-09 11:36:17 - getOutlet.php - Query berhasil, mengembalikan 0 record
2026-04-09 11:36:17 - getOutlet.php - === END REQUEST ===
2026-04-09 04:36:17 - getOutlet.php - === REQUEST GETOUTLET ===
2026-04-09 04:36:17 - getOutlet.php - Method: POST
2026-04-09 04:36:17 - getOutlet.php - POST data: {"tgl":"2026-04-09","encrypt":"ce8d123a9badc46aab7bfac002148c51","id_apl":"APL01","key":"Jec menten"}
2026-04-09 11:36:17 - getOutlet.php - Params - tgl: 2026-04-09, encrypt: ce8d123a9badc46aab7bfac002148c51, id_apl: APL01, key: Jec menten
2026-04-09 11:36:17 - getOutlet.php - Aplikasi ditemukan: Ya
2026-04-09 11:36:17 - getOutlet.php - Key aplikasi: YbcJSFjkds...
2026-04-09 11:36:17 - getOutlet.php - Expected encrypt: ce8d123a9badc46aab7bfac002148c51
2026-04-09 11:36:17 - getOutlet.php - Received encrypt: ce8d123a9badc46aab7bfac002148c51
2026-04-09 11:36:17 - getOutlet.php - Authentication berhasil
2026-04-09 11:36:17 - getOutlet.php - Query: SELECT id_out, nama_out, '' AS alamat_out, ofcode_out
            FROM outlet 
            WHERE status_out IN ('Active', '1', 'active')
            AND (nama_out LIKE :key OR ofcode_out LIKE :key)
            ORDER BY nama_out ASC
            LIMIT 20
2026-04-09 11:36:17 - getOutlet.php - Query berhasil, mengembalikan 0 record
2026-04-09 11:36:17 - getOutlet.php - === END REQUEST ===
2026-04-09 04:36:17 - getOutlet.php - === REQUEST GETOUTLET ===
2026-04-09 04:36:17 - getOutlet.php - Method: POST
2026-04-09 04:36:17 - getOutlet.php - POST data: {"tgl":"2026-04-09","encrypt":"ce8d123a9badc46aab7bfac002148c51","id_apl":"APL01","key":"Jec menteng"}
2026-04-09 11:36:17 - getOutlet.php - Params - tgl: 2026-04-09, encrypt: ce8d123a9badc46aab7bfac002148c51, id_apl: APL01, key: Jec menteng
2026-04-09 11:36:18 - getOutlet.php - Aplikasi ditemukan: Ya
2026-04-09 11:36:18 - getOutlet.php - Key aplikasi: YbcJSFjkds...
2026-04-09 11:36:18 - getOutlet.php - Expected encrypt: ce8d123a9badc46aab7bfac002148c51
2026-04-09 11:36:18 - getOutlet.php - Received encrypt: ce8d123a9badc46aab7bfac002148c51
2026-04-09 11:36:18 - getOutlet.php - Authentication berhasil
2026-04-09 11:36:18 - getOutlet.php - Query: SELECT id_out, nama_out, '' AS alamat_out, ofcode_out
            FROM outlet 
            WHERE status_out IN ('Active', '1', 'active')
            AND (nama_out LIKE :key OR ofcode_out LIKE :key)
            ORDER BY nama_out ASC
            LIMIT 20
2026-04-09 11:36:18 - getOutlet.php - Query berhasil, mengembalikan 0 record
2026-04-09 11:36:18 - getOutlet.php - === END REQUEST ===
2026-04-09 04:36:31 - getOutlet.php - === REQUEST GETOUTLET ===
2026-04-09 04:36:31 - getOutlet.php - Method: POST
2026-04-09 04:36:31 - getOutlet.php - POST data: {"tgl":"2026-04-09","encrypt":"ce8d123a9badc46aab7bfac002148c51","id_apl":"APL01","key":"Pr"}
2026-04-09 11:36:31 - getOutlet.php - Params - tgl: 2026-04-09, encrypt: ce8d123a9badc46aab7bfac002148c51, id_apl: APL01, key: Pr
2026-04-09 11:36:31 - getOutlet.php - Aplikasi ditemukan: Ya
2026-04-09 11:36:31 - getOutlet.php - Key aplikasi: YbcJSFjkds...
2026-04-09 11:36:31 - getOutlet.php - Expected encrypt: ce8d123a9badc46aab7bfac002148c51
2026-04-09 11:36:31 - getOutlet.php - Received encrypt: ce8d123a9badc46aab7bfac002148c51
2026-04-09 11:36:31 - getOutlet.php - Authentication berhasil
2026-04-09 11:36:31 - getOutlet.php - Query: SELECT id_out, nama_out, '' AS alamat_out, ofcode_out
            FROM outlet 
            WHERE status_out IN ('Active', '1', 'active')
            AND (nama_out LIKE :key OR ofcode_out LIKE :key)
            ORDER BY nama_out ASC
            LIMIT 20
2026-04-09 11:36:31 - getOutlet.php - Query berhasil, mengembalikan 20 record
2026-04-09 11:36:31 - getOutlet.php - === END REQUEST ===
2026-04-09 04:36:31 - getOutlet.php - === REQUEST GETOUTLET ===
2026-04-09 04:36:31 - getOutlet.php - Method: POST
2026-04-09 04:36:31 - getOutlet.php - POST data: {"tgl":"2026-04-09","encrypt":"ce8d123a9badc46aab7bfac002148c51","id_apl":"APL01","key":"Pri"}
2026-04-09 11:36:31 - getOutlet.php - Params - tgl: 2026-04-09, encrypt: ce8d123a9badc46aab7bfac002148c51, id_apl: APL01, key: Pri
2026-04-09 11:36:31 - getOutlet.php - Aplikasi ditemukan: Ya
2026-04-09 11:36:31 - getOutlet.php - Key aplikasi: YbcJSFjkds...
2026-04-09 11:36:31 - getOutlet.php - Expected encrypt: ce8d123a9badc46aab7bfac002148c51
2026-04-09 11:36:31 - getOutlet.php - Received encrypt: ce8d123a9badc46aab7bfac002148c51
2026-04-09 11:36:31 - getOutlet.php - Authentication berhasil
2026-04-09 11:36:31 - getOutlet.php - Query: SELECT id_out, nama_out, '' AS alamat_out, ofcode_out
            FROM outlet 
            WHERE status_out IN ('Active', '1', 'active')
            AND (nama_out LIKE :key OR ofcode_out LIKE :key)
            ORDER BY nama_out ASC
            LIMIT 20
2026-04-09 11:36:31 - getOutlet.php - Query berhasil, mengembalikan 20 record
2026-04-09 11:36:31 - getOutlet.php - === END REQUEST ===
2026-04-09 04:36:31 - getOutlet.php - === REQUEST GETOUTLET ===
2026-04-09 04:36:31 - getOutlet.php - Method: POST
2026-04-09 04:36:31 - getOutlet.php - POST data: {"tgl":"2026-04-09","encrypt":"ce8d123a9badc46aab7bfac002148c51","id_apl":"APL01","key":"Prim"}
2026-04-09 11:36:31 - getOutlet.php - Params - tgl: 2026-04-09, encrypt: ce8d123a9badc46aab7bfac002148c51, id_apl: APL01, key: Prim
2026-04-09 11:36:31 - getOutlet.php - Aplikasi ditemukan: Ya
2026-04-09 11:36:31 - getOutlet.php - Key aplikasi: YbcJSFjkds...
2026-04-09 11:36:31 - getOutlet.php - Expected encrypt: ce8d123a9badc46aab7bfac002148c51
2026-04-09 11:36:31 - getOutlet.php - Received encrypt: ce8d123a9badc46aab7bfac002148c51
2026-04-09 11:36:31 - getOutlet.php - Authentication berhasil
2026-04-09 11:36:31 - getOutlet.php - Query: SELECT id_out, nama_out, '' AS alamat_out, ofcode_out
            FROM outlet 
            WHERE status_out IN ('Active', '1', 'active')
            AND (nama_out LIKE :key OR ofcode_out LIKE :key)
            ORDER BY nama_out ASC
            LIMIT 20
2026-04-09 11:36:32 - getOutlet.php - Query berhasil, mengembalikan 20 record
2026-04-09 11:36:32 - getOutlet.php - === END REQUEST ===
2026-04-09 04:36:32 - getOutlet.php - === REQUEST GETOUTLET ===
2026-04-09 04:36:32 - getOutlet.php - Method: POST
2026-04-09 04:36:32 - getOutlet.php - POST data: {"tgl":"2026-04-09","encrypt":"ce8d123a9badc46aab7bfac002148c51","id_apl":"APL01","key":"Primaya"}
2026-04-09 11:36:32 - getOutlet.php - Params - tgl: 2026-04-09, encrypt: ce8d123a9badc46aab7bfac002148c51, id_apl: APL01, key: Primaya
2026-04-09 11:36:32 - getOutlet.php - Aplikasi ditemukan: Ya
2026-04-09 11:36:32 - getOutlet.php - Key aplikasi: YbcJSFjkds...
2026-04-09 11:36:32 - getOutlet.php - Expected encrypt: ce8d123a9badc46aab7bfac002148c51
2026-04-09 11:36:32 - getOutlet.php - Received encrypt: ce8d123a9badc46aab7bfac002148c51
2026-04-09 11:36:32 - getOutlet.php - Authentication berhasil
2026-04-09 11:36:32 - getOutlet.php - Query: SELECT id_out, nama_out, '' AS alamat_out, ofcode_out
            FROM outlet 
            WHERE status_out IN ('Active', '1', 'active')
            AND (nama_out LIKE :key OR ofcode_out LIKE :key)
            ORDER BY nama_out ASC
            LIMIT 20
2026-04-09 11:36:32 - getOutlet.php - Query berhasil, mengembalikan 12 record
2026-04-09 11:36:32 - getOutlet.php - === END REQUEST ===
2026-04-09 04:36:40 - getOutlet.php - === REQUEST GETOUTLET ===
2026-04-09 04:36:40 - getOutlet.php - Method: POST
2026-04-09 04:36:40 - getOutlet.php - POST data: {"tgl":"2026-04-09","encrypt":"ce8d123a9badc46aab7bfac002148c51","id_apl":"APL01","key":"Me"}
2026-04-09 11:36:40 - getOutlet.php - Params - tgl: 2026-04-09, encrypt: ce8d123a9badc46aab7bfac002148c51, id_apl: APL01, key: Me
2026-04-09 11:36:40 - getOutlet.php - Aplikasi ditemukan: Ya
2026-04-09 11:36:40 - getOutlet.php - Key aplikasi: YbcJSFjkds...
2026-04-09 11:36:40 - getOutlet.php - Expected encrypt: ce8d123a9badc46aab7bfac002148c51
2026-04-09 11:36:40 - getOutlet.php - Received encrypt: ce8d123a9badc46aab7bfac002148c51
2026-04-09 11:36:40 - getOutlet.php - Authentication berhasil
2026-04-09 11:36:40 - getOutlet.php - Query: SELECT id_out, nama_out, '' AS alamat_out, ofcode_out
            FROM outlet 
            WHERE status_out IN ('Active', '1', 'active')
            AND (nama_out LIKE :key OR ofcode_out LIKE :key)
            ORDER BY nama_out ASC
            LIMIT 20
2026-04-09 11:36:40 - getOutlet.php - Query berhasil, mengembalikan 20 record
2026-04-09 11:36:40 - getOutlet.php - === END REQUEST ===
2026-04-09 04:36:41 - getOutlet.php - === REQUEST GETOUTLET ===
2026-04-09 04:36:41 - getOutlet.php - Method: POST
2026-04-09 04:36:41 - getOutlet.php - POST data: {"tgl":"2026-04-09","encrypt":"ce8d123a9badc46aab7bfac002148c51","id_apl":"APL01","key":"Men"}
2026-04-09 11:36:41 - getOutlet.php - Params - tgl: 2026-04-09, encrypt: ce8d123a9badc46aab7bfac002148c51, id_apl: APL01, key: Men
2026-04-09 11:36:41 - getOutlet.php - Aplikasi ditemukan: Ya
2026-04-09 11:36:41 - getOutlet.php - Key aplikasi: YbcJSFjkds...
2026-04-09 11:36:41 - getOutlet.php - Expected encrypt: ce8d123a9badc46aab7bfac002148c51
2026-04-09 11:36:41 - getOutlet.php - Received encrypt: ce8d123a9badc46aab7bfac002148c51
2026-04-09 11:36:41 - getOutlet.php - Authentication berhasil
2026-04-09 11:36:41 - getOutlet.php - Query: SELECT id_out, nama_out, '' AS alamat_out, ofcode_out
            FROM outlet 
            WHERE status_out IN ('Active', '1', 'active')
            AND (nama_out LIKE :key OR ofcode_out LIKE :key)
            ORDER BY nama_out ASC
            LIMIT 20
2026-04-09 11:36:41 - getOutlet.php - Query berhasil, mengembalikan 17 record
2026-04-09 11:36:41 - getOutlet.php - === END REQUEST ===
2026-04-09 04:36:43 - getOutlet.php - === REQUEST GETOUTLET ===
2026-04-09 04:36:43 - getOutlet.php - Method: POST
2026-04-09 04:36:43 - getOutlet.php - POST data: {"tgl":"2026-04-09","encrypt":"ce8d123a9badc46aab7bfac002148c51","id_apl":"APL01","key":"RS Primaya Hospital Tangerang"}
2026-04-09 11:36:43 - getOutlet.php - Params - tgl: 2026-04-09, encrypt: ce8d123a9badc46aab7bfac002148c51, id_apl: APL01, key: RS Primaya Hospital Tangerang
2026-04-09 11:36:43 - getOutlet.php - Aplikasi ditemukan: Ya
2026-04-09 11:36:43 - getOutlet.php - Key aplikasi: YbcJSFjkds...
2026-04-09 11:36:43 - getOutlet.php - Expected encrypt: ce8d123a9badc46aab7bfac002148c51
2026-04-09 11:36:43 - getOutlet.php - Received encrypt: ce8d123a9badc46aab7bfac002148c51
2026-04-09 11:36:43 - getOutlet.php - Authentication berhasil
2026-04-09 11:36:43 - getOutlet.php - Query: SELECT id_out, nama_out, '' AS alamat_out, ofcode_out
            FROM outlet 
            WHERE status_out IN ('Active', '1', 'active')
            AND (nama_out LIKE :key OR ofcode_out LIKE :key)
            ORDER BY nama_out ASC
            LIMIT 20
2026-04-09 11:36:43 - getOutlet.php - Query berhasil, mengembalikan 1 record
2026-04-09 11:36:43 - getOutlet.php - === END REQUEST ===
2026-04-09 04:36:50 - getOutlet.php - === REQUEST GETOUTLET ===
2026-04-09 04:36:50 - getOutlet.php - Method: POST
2026-04-09 04:36:50 - getOutlet.php - POST data: {"tgl":"2026-04-09","encrypt":"ce8d123a9badc46aab7bfac002148c51","id_apl":"APL01","key":"RS MATA JEC@MENTENG (PT NITRASANATA DHARMA)"}
2026-04-09 11:36:50 - getOutlet.php - Params - tgl: 2026-04-09, encrypt: ce8d123a9badc46aab7bfac002148c51, id_apl: APL01, key: RS MATA JEC@MENTENG (PT NITRASANATA DHARMA)
2026-04-09 11:36:50 - getOutlet.php - Aplikasi ditemukan: Ya
2026-04-09 11:36:50 - getOutlet.php - Key aplikasi: YbcJSFjkds...
2026-04-09 11:36:50 - getOutlet.php - Expected encrypt: ce8d123a9badc46aab7bfac002148c51
2026-04-09 11:36:50 - getOutlet.php - Received encrypt: ce8d123a9badc46aab7bfac002148c51
2026-04-09 11:36:50 - getOutlet.php - Authentication berhasil
2026-04-09 11:36:50 - getOutlet.php - Query: SELECT id_out, nama_out, '' AS alamat_out, ofcode_out
            FROM outlet 
            WHERE status_out IN ('Active', '1', 'active')
            AND (nama_out LIKE :key OR ofcode_out LIKE :key)
            ORDER BY nama_out ASC
            LIMIT 20
2026-04-09 11:36:50 - getOutlet.php - Query berhasil, mengembalikan 1 record
2026-04-09 11:36:50 - getOutlet.php - === END REQUEST ===
2026-04-09 04:38:22 - getOutlet.php - === REQUEST GETOUTLET ===
2026-04-09 04:38:22 - getOutlet.php - Method: POST
2026-04-09 04:38:22 - getOutlet.php - POST data: {"tgl":"2026-04-09","encrypt":"ce8d123a9badc46aab7bfac002148c51","id_apl":"APL01","key":"Si"}
2026-04-09 11:38:22 - getOutlet.php - Params - tgl: 2026-04-09, encrypt: ce8d123a9badc46aab7bfac002148c51, id_apl: APL01, key: Si
2026-04-09 11:38:22 - getOutlet.php - Aplikasi ditemukan: Ya
2026-04-09 11:38:22 - getOutlet.php - Key aplikasi: YbcJSFjkds...
2026-04-09 11:38:22 - getOutlet.php - Expected encrypt: ce8d123a9badc46aab7bfac002148c51
2026-04-09 11:38:22 - getOutlet.php - Received encrypt: ce8d123a9badc46aab7bfac002148c51
2026-04-09 11:38:22 - getOutlet.php - Authentication berhasil
2026-04-09 11:38:22 - getOutlet.php - Query: SELECT id_out, nama_out, '' AS alamat_out, ofcode_out
            FROM outlet 
            WHERE status_out IN ('Active', '1', 'active')
            AND (nama_out LIKE :key OR ofcode_out LIKE :key)
            ORDER BY nama_out ASC
            LIMIT 20
2026-04-09 11:38:22 - getOutlet.php - Query berhasil, mengembalikan 20 record
2026-04-09 11:38:22 - getOutlet.php - === END REQUEST ===
2026-04-09 04:38:22 - getOutlet.php - === REQUEST GETOUTLET ===
2026-04-09 04:38:22 - getOutlet.php - Method: POST
2026-04-09 04:38:22 - getOutlet.php - POST data: {"tgl":"2026-04-09","encrypt":"ce8d123a9badc46aab7bfac002148c51","id_apl":"APL01","key":"Sil"}
2026-04-09 11:38:22 - getOutlet.php - Params - tgl: 2026-04-09, encrypt: ce8d123a9badc46aab7bfac002148c51, id_apl: APL01, key: Sil
2026-04-09 11:38:22 - getOutlet.php - Aplikasi ditemukan: Ya
2026-04-09 11:38:22 - getOutlet.php - Key aplikasi: YbcJSFjkds...
2026-04-09 11:38:22 - getOutlet.php - Expected encrypt: ce8d123a9badc46aab7bfac002148c51
2026-04-09 11:38:22 - getOutlet.php - Received encrypt: ce8d123a9badc46aab7bfac002148c51
2026-04-09 11:38:22 - getOutlet.php - Authentication berhasil
2026-04-09 11:38:22 - getOutlet.php - Query: SELECT id_out, nama_out, '' AS alamat_out, ofcode_out
            FROM outlet 
            WHERE status_out IN ('Active', '1', 'active')
            AND (nama_out LIKE :key OR ofcode_out LIKE :key)
            ORDER BY nama_out ASC
            LIMIT 20
2026-04-09 11:38:22 - getOutlet.php - Query berhasil, mengembalikan 19 record
2026-04-09 11:38:22 - getOutlet.php - === END REQUEST ===
2026-04-09 04:38:23 - getOutlet.php - === REQUEST GETOUTLET ===
2026-04-09 04:38:23 - getOutlet.php - Method: POST
2026-04-09 04:38:23 - getOutlet.php - POST data: {"tgl":"2026-04-09","encrypt":"ce8d123a9badc46aab7bfac002148c51","id_apl":"APL01","key":"Silo"}
2026-04-09 11:38:23 - getOutlet.php - Params - tgl: 2026-04-09, encrypt: ce8d123a9badc46aab7bfac002148c51, id_apl: APL01, key: Silo
2026-04-09 11:38:23 - getOutlet.php - Aplikasi ditemukan: Ya
2026-04-09 11:38:23 - getOutlet.php - Key aplikasi: YbcJSFjkds...
2026-04-09 11:38:23 - getOutlet.php - Expected encrypt: ce8d123a9badc46aab7bfac002148c51
2026-04-09 11:38:23 - getOutlet.php - Received encrypt: ce8d123a9badc46aab7bfac002148c51
2026-04-09 11:38:23 - getOutlet.php - Authentication berhasil
2026-04-09 11:38:23 - getOutlet.php - Query: SELECT id_out, nama_out, '' AS alamat_out, ofcode_out
            FROM outlet 
            WHERE status_out IN ('Active', '1', 'active')
            AND (nama_out LIKE :key OR ofcode_out LIKE :key)
            ORDER BY nama_out ASC
            LIMIT 20
2026-04-09 11:38:23 - getOutlet.php - Query berhasil, mengembalikan 17 record
2026-04-09 11:38:23 - getOutlet.php - === END REQUEST ===
2026-04-09 04:38:23 - getOutlet.php - === REQUEST GETOUTLET ===
2026-04-09 04:38:23 - getOutlet.php - Method: POST
2026-04-09 04:38:23 - getOutlet.php - POST data: {"tgl":"2026-04-09","encrypt":"ce8d123a9badc46aab7bfac002148c51","id_apl":"APL01","key":"Siloa"}
2026-04-09 11:38:23 - getOutlet.php - Params - tgl: 2026-04-09, encrypt: ce8d123a9badc46aab7bfac002148c51, id_apl: APL01, key: Siloa
2026-04-09 11:38:23 - getOutlet.php - Aplikasi ditemukan: Ya
2026-04-09 11:38:23 - getOutlet.php - Key aplikasi: YbcJSFjkds...
2026-04-09 11:38:23 - getOutlet.php - Expected encrypt: ce8d123a9badc46aab7bfac002148c51
2026-04-09 11:38:23 - getOutlet.php - Received encrypt: ce8d123a9badc46aab7bfac002148c51
2026-04-09 11:38:23 - getOutlet.php - Authentication berhasil
2026-04-09 11:38:23 - getOutlet.php - Query: SELECT id_out, nama_out, '' AS alamat_out, ofcode_out
            FROM outlet 
            WHERE status_out IN ('Active', '1', 'active')
            AND (nama_out LIKE :key OR ofcode_out LIKE :key)
            ORDER BY nama_out ASC
            LIMIT 20
2026-04-09 11:38:23 - getOutlet.php - Query berhasil, mengembalikan 17 record
2026-04-09 11:38:23 - getOutlet.php - === END REQUEST ===
2026-04-09 04:38:23 - getOutlet.php - === REQUEST GETOUTLET ===
2026-04-09 04:38:23 - getOutlet.php - Method: POST
2026-04-09 04:38:23 - getOutlet.php - POST data: {"tgl":"2026-04-09","encrypt":"ce8d123a9badc46aab7bfac002148c51","id_apl":"APL01","key":"Silo"}
2026-04-09 11:38:23 - getOutlet.php - Params - tgl: 2026-04-09, encrypt: ce8d123a9badc46aab7bfac002148c51, id_apl: APL01, key: Silo
2026-04-09 11:38:23 - getOutlet.php - Aplikasi ditemukan: Ya
2026-04-09 11:38:23 - getOutlet.php - Key aplikasi: YbcJSFjkds...
2026-04-09 11:38:23 - getOutlet.php - Expected encrypt: ce8d123a9badc46aab7bfac002148c51
2026-04-09 11:38:23 - getOutlet.php - Received encrypt: ce8d123a9badc46aab7bfac002148c51
2026-04-09 11:38:23 - getOutlet.php - Authentication berhasil
2026-04-09 11:38:23 - getOutlet.php - Query: SELECT id_out, nama_out, '' AS alamat_out, ofcode_out
            FROM outlet 
            WHERE status_out IN ('Active', '1', 'active')
            AND (nama_out LIKE :key OR ofcode_out LIKE :key)
            ORDER BY nama_out ASC
            LIMIT 20
2026-04-09 11:38:23 - getOutlet.php - Query berhasil, mengembalikan 17 record
2026-04-09 11:38:23 - getOutlet.php - === END REQUEST ===
2026-04-09 04:38:23 - getOutlet.php - === REQUEST GETOUTLET ===
2026-04-09 04:38:23 - getOutlet.php - Method: POST
2026-04-09 04:38:23 - getOutlet.php - POST data: {"tgl":"2026-04-09","encrypt":"ce8d123a9badc46aab7bfac002148c51","id_apl":"APL01","key":"Sil"}
2026-04-09 11:38:23 - getOutlet.php - Params - tgl: 2026-04-09, encrypt: ce8d123a9badc46aab7bfac002148c51, id_apl: APL01, key: Sil
2026-04-09 11:38:23 - getOutlet.php - Aplikasi ditemukan: Ya
2026-04-09 11:38:23 - getOutlet.php - Key aplikasi: YbcJSFjkds...
2026-04-09 11:38:23 - getOutlet.php - Expected encrypt: ce8d123a9badc46aab7bfac002148c51
2026-04-09 11:38:23 - getOutlet.php - Received encrypt: ce8d123a9badc46aab7bfac002148c51
2026-04-09 11:38:23 - getOutlet.php - Authentication berhasil
2026-04-09 11:38:23 - getOutlet.php - Query: SELECT id_out, nama_out, '' AS alamat_out, ofcode_out
            FROM outlet 
            WHERE status_out IN ('Active', '1', 'active')
            AND (nama_out LIKE :key OR ofcode_out LIKE :key)
            ORDER BY nama_out ASC
            LIMIT 20
2026-04-09 11:38:23 - getOutlet.php - Query berhasil, mengembalikan 19 record
2026-04-09 11:38:23 - getOutlet.php - === END REQUEST ===
2026-04-09 04:38:24 - getOutlet.php - === REQUEST GETOUTLET ===
2026-04-09 04:38:24 - getOutlet.php - Method: POST
2026-04-09 04:38:24 - getOutlet.php - POST data: {"tgl":"2026-04-09","encrypt":"ce8d123a9badc46aab7bfac002148c51","id_apl":"APL01","key":"Si"}
2026-04-09 11:38:24 - getOutlet.php - Params - tgl: 2026-04-09, encrypt: ce8d123a9badc46aab7bfac002148c51, id_apl: APL01, key: Si
2026-04-09 11:38:24 - getOutlet.php - Aplikasi ditemukan: Ya
2026-04-09 11:38:24 - getOutlet.php - Key aplikasi: YbcJSFjkds...
2026-04-09 11:38:24 - getOutlet.php - Expected encrypt: ce8d123a9badc46aab7bfac002148c51
2026-04-09 11:38:24 - getOutlet.php - Received encrypt: ce8d123a9badc46aab7bfac002148c51
2026-04-09 11:38:24 - getOutlet.php - Authentication berhasil
2026-04-09 11:38:24 - getOutlet.php - Query: SELECT id_out, nama_out, '' AS alamat_out, ofcode_out
            FROM outlet 
            WHERE status_out IN ('Active', '1', 'active')
            AND (nama_out LIKE :key OR ofcode_out LIKE :key)
            ORDER BY nama_out ASC
            LIMIT 20
2026-04-09 11:38:24 - getOutlet.php - Query berhasil, mengembalikan 20 record
2026-04-09 11:38:24 - getOutlet.php - === END REQUEST ===
2026-04-09 04:38:24 - getOutlet.php - === REQUEST GETOUTLET ===
2026-04-09 04:38:24 - getOutlet.php - Method: POST
2026-04-09 04:38:24 - getOutlet.php - POST data: {"tgl":"2026-04-09","encrypt":"ce8d123a9badc46aab7bfac002148c51","id_apl":"APL01","key":"Be"}
2026-04-09 11:38:24 - getOutlet.php - Params - tgl: 2026-04-09, encrypt: ce8d123a9badc46aab7bfac002148c51, id_apl: APL01, key: Be
2026-04-09 11:38:24 - getOutlet.php - Aplikasi ditemukan: Ya
2026-04-09 11:38:24 - getOutlet.php - Key aplikasi: YbcJSFjkds...
2026-04-09 11:38:24 - getOutlet.php - Expected encrypt: ce8d123a9badc46aab7bfac002148c51
2026-04-09 11:38:24 - getOutlet.php - Received encrypt: ce8d123a9badc46aab7bfac002148c51
2026-04-09 11:38:24 - getOutlet.php - Authentication berhasil
2026-04-09 11:38:24 - getOutlet.php - Query: SELECT id_out, nama_out, '' AS alamat_out, ofcode_out
            FROM outlet 
            WHERE status_out IN ('Active', '1', 'active')
            AND (nama_out LIKE :key OR ofcode_out LIKE :key)
            ORDER BY nama_out ASC
            LIMIT 20
2026-04-09 11:38:24 - getOutlet.php - Query berhasil, mengembalikan 20 record
2026-04-09 11:38:24 - getOutlet.php - === END REQUEST ===
2026-04-09 04:38:24 - getOutlet.php - === REQUEST GETOUTLET ===
2026-04-09 04:38:24 - getOutlet.php - Method: POST
2026-04-09 04:38:24 - getOutlet.php - POST data: {"tgl":"2026-04-09","encrypt":"ce8d123a9badc46aab7bfac002148c51","id_apl":"APL01","key":"Bet"}
2026-04-09 11:38:24 - getOutlet.php - Params - tgl: 2026-04-09, encrypt: ce8d123a9badc46aab7bfac002148c51, id_apl: APL01, key: Bet
2026-04-09 11:38:24 - getOutlet.php - Aplikasi ditemukan: Ya
2026-04-09 11:38:24 - getOutlet.php - Key aplikasi: YbcJSFjkds...
2026-04-09 11:38:24 - getOutlet.php - Expected encrypt: ce8d123a9badc46aab7bfac002148c51
2026-04-09 11:38:24 - getOutlet.php - Received encrypt: ce8d123a9badc46aab7bfac002148c51
2026-04-09 11:38:24 - getOutlet.php - Authentication berhasil
2026-04-09 11:38:24 - getOutlet.php - Query: SELECT id_out, nama_out, '' AS alamat_out, ofcode_out
            FROM outlet 
            WHERE status_out IN ('Active', '1', 'active')
            AND (nama_out LIKE :key OR ofcode_out LIKE :key)
            ORDER BY nama_out ASC
            LIMIT 20
2026-04-09 11:38:24 - getOutlet.php - Query berhasil, mengembalikan 13 record
2026-04-09 11:38:24 - getOutlet.php - === END REQUEST ===
2026-04-09 04:38:25 - getOutlet.php - === REQUEST GETOUTLET ===
2026-04-09 04:38:25 - getOutlet.php - Method: POST
2026-04-09 04:38:25 - getOutlet.php - POST data: {"tgl":"2026-04-09","encrypt":"ce8d123a9badc46aab7bfac002148c51","id_apl":"APL01","key":"Beth"}
2026-04-09 11:38:25 - getOutlet.php - Params - tgl: 2026-04-09, encrypt: ce8d123a9badc46aab7bfac002148c51, id_apl: APL01, key: Beth
2026-04-09 11:38:25 - getOutlet.php - Aplikasi ditemukan: Ya
2026-04-09 11:38:25 - getOutlet.php - Key aplikasi: YbcJSFjkds...
2026-04-09 11:38:25 - getOutlet.php - Expected encrypt: ce8d123a9badc46aab7bfac002148c51
2026-04-09 11:38:25 - getOutlet.php - Received encrypt: ce8d123a9badc46aab7bfac002148c51
2026-04-09 11:38:25 - getOutlet.php - Authentication berhasil
2026-04-09 11:38:25 - getOutlet.php - Query: SELECT id_out, nama_out, '' AS alamat_out, ofcode_out
            FROM outlet 
            WHERE status_out IN ('Active', '1', 'active')
            AND (nama_out LIKE :key OR ofcode_out LIKE :key)
            ORDER BY nama_out ASC
            LIMIT 20
2026-04-09 11:38:25 - getOutlet.php - Query berhasil, mengembalikan 4 record
2026-04-09 11:38:25 - getOutlet.php - === END REQUEST ===
2026-04-09 04:38:25 - getOutlet.php - === REQUEST GETOUTLET ===
2026-04-09 04:38:25 - getOutlet.php - Method: POST
2026-04-09 04:38:25 - getOutlet.php - POST data: {"tgl":"2026-04-09","encrypt":"ce8d123a9badc46aab7bfac002148c51","id_apl":"APL01","key":"Beths"}
2026-04-09 11:38:25 - getOutlet.php - Params - tgl: 2026-04-09, encrypt: ce8d123a9badc46aab7bfac002148c51, id_apl: APL01, key: Beths
2026-04-09 11:38:25 - getOutlet.php - Aplikasi ditemukan: Ya
2026-04-09 11:38:25 - getOutlet.php - Key aplikasi: YbcJSFjkds...
2026-04-09 11:38:25 - getOutlet.php - Expected encrypt: ce8d123a9badc46aab7bfac002148c51
2026-04-09 11:38:25 - getOutlet.php - Received encrypt: ce8d123a9badc46aab7bfac002148c51
2026-04-09 11:38:25 - getOutlet.php - Authentication berhasil
2026-04-09 11:38:25 - getOutlet.php - Query: SELECT id_out, nama_out, '' AS alamat_out, ofcode_out
            FROM outlet 
            WHERE status_out IN ('Active', '1', 'active')
            AND (nama_out LIKE :key OR ofcode_out LIKE :key)
            ORDER BY nama_out ASC
            LIMIT 20
2026-04-09 11:38:25 - getOutlet.php - Query berhasil, mengembalikan 2 record
2026-04-09 11:38:25 - getOutlet.php - === END REQUEST ===
2026-04-09 04:38:26 - getOutlet.php - === REQUEST GETOUTLET ===
2026-04-09 04:38:26 - getOutlet.php - Method: POST
2026-04-09 04:38:26 - getOutlet.php - POST data: {"tgl":"2026-04-09","encrypt":"ce8d123a9badc46aab7bfac002148c51","id_apl":"APL01","key":"RS BETHSAIDA HOSPITAL INTERNATIONAL"}
2026-04-09 11:38:26 - getOutlet.php - Params - tgl: 2026-04-09, encrypt: ce8d123a9badc46aab7bfac002148c51, id_apl: APL01, key: RS BETHSAIDA HOSPITAL INTERNATIONAL
2026-04-09 11:38:26 - getOutlet.php - Aplikasi ditemukan: Ya
2026-04-09 11:38:26 - getOutlet.php - Key aplikasi: YbcJSFjkds...
2026-04-09 11:38:26 - getOutlet.php - Expected encrypt: ce8d123a9badc46aab7bfac002148c51
2026-04-09 11:38:26 - getOutlet.php - Received encrypt: ce8d123a9badc46aab7bfac002148c51
2026-04-09 11:38:26 - getOutlet.php - Authentication berhasil
2026-04-09 11:38:26 - getOutlet.php - Query: SELECT id_out, nama_out, '' AS alamat_out, ofcode_out
            FROM outlet 
            WHERE status_out IN ('Active', '1', 'active')
            AND (nama_out LIKE :key OR ofcode_out LIKE :key)
            ORDER BY nama_out ASC
            LIMIT 20
2026-04-09 11:38:26 - getOutlet.php - Query berhasil, mengembalikan 1 record
2026-04-09 11:38:26 - getOutlet.php - === END REQUEST ===
2026-04-09 04:38:39 - getOutlet.php - === REQUEST GETOUTLET ===
2026-04-09 04:38:39 - getOutlet.php - Method: POST
2026-04-09 04:38:39 - getOutlet.php - POST data: {"tgl":"2026-04-09","encrypt":"ce8d123a9badc46aab7bfac002148c51","id_apl":"APL01","key":"Si"}
2026-04-09 11:38:39 - getOutlet.php - Params - tgl: 2026-04-09, encrypt: ce8d123a9badc46aab7bfac002148c51, id_apl: APL01, key: Si
2026-04-09 11:38:39 - getOutlet.php - Aplikasi ditemukan: Ya
2026-04-09 11:38:39 - getOutlet.php - Key aplikasi: YbcJSFjkds...
2026-04-09 11:38:39 - getOutlet.php - Expected encrypt: ce8d123a9badc46aab7bfac002148c51
2026-04-09 11:38:39 - getOutlet.php - Received encrypt: ce8d123a9badc46aab7bfac002148c51
2026-04-09 11:38:39 - getOutlet.php - Authentication berhasil
2026-04-09 11:38:39 - getOutlet.php - Query: SELECT id_out, nama_out, '' AS alamat_out, ofcode_out
            FROM outlet 
            WHERE status_out IN ('Active', '1', 'active')
            AND (nama_out LIKE :key OR ofcode_out LIKE :key)
            ORDER BY nama_out ASC
            LIMIT 20
2026-04-09 11:38:39 - getOutlet.php - Query berhasil, mengembalikan 20 record
2026-04-09 11:38:39 - getOutlet.php - === END REQUEST ===
2026-04-09 04:38:39 - getOutlet.php - === REQUEST GETOUTLET ===
2026-04-09 04:38:39 - getOutlet.php - Method: POST
2026-04-09 04:38:39 - getOutlet.php - POST data: {"tgl":"2026-04-09","encrypt":"ce8d123a9badc46aab7bfac002148c51","id_apl":"APL01","key":"Sil"}
2026-04-09 11:38:39 - getOutlet.php - Params - tgl: 2026-04-09, encrypt: ce8d123a9badc46aab7bfac002148c51, id_apl: APL01, key: Sil
2026-04-09 11:38:39 - getOutlet.php - Aplikasi ditemukan: Ya
2026-04-09 11:38:39 - getOutlet.php - Key aplikasi: YbcJSFjkds...
2026-04-09 11:38:39 - getOutlet.php - Expected encrypt: ce8d123a9badc46aab7bfac002148c51
2026-04-09 11:38:39 - getOutlet.php - Received encrypt: ce8d123a9badc46aab7bfac002148c51
2026-04-09 11:38:39 - getOutlet.php - Authentication berhasil
2026-04-09 11:38:39 - getOutlet.php - Query: SELECT id_out, nama_out, '' AS alamat_out, ofcode_out
            FROM outlet 
            WHERE status_out IN ('Active', '1', 'active')
            AND (nama_out LIKE :key OR ofcode_out LIKE :key)
            ORDER BY nama_out ASC
            LIMIT 20
2026-04-09 11:38:39 - getOutlet.php - Query berhasil, mengembalikan 19 record
2026-04-09 11:38:39 - getOutlet.php - === END REQUEST ===
2026-04-09 04:38:40 - getOutlet.php - === REQUEST GETOUTLET ===
2026-04-09 04:38:40 - getOutlet.php - Method: POST
2026-04-09 04:38:40 - getOutlet.php - POST data: {"tgl":"2026-04-09","encrypt":"ce8d123a9badc46aab7bfac002148c51","id_apl":"APL01","key":"Silo"}
2026-04-09 11:38:40 - getOutlet.php - Params - tgl: 2026-04-09, encrypt: ce8d123a9badc46aab7bfac002148c51, id_apl: APL01, key: Silo
2026-04-09 11:38:40 - getOutlet.php - Aplikasi ditemukan: Ya
2026-04-09 11:38:40 - getOutlet.php - Key aplikasi: YbcJSFjkds...
2026-04-09 11:38:40 - getOutlet.php - Expected encrypt: ce8d123a9badc46aab7bfac002148c51
2026-04-09 11:38:40 - getOutlet.php - Received encrypt: ce8d123a9badc46aab7bfac002148c51
2026-04-09 11:38:40 - getOutlet.php - Authentication berhasil
2026-04-09 11:38:40 - getOutlet.php - Query: SELECT id_out, nama_out, '' AS alamat_out, ofcode_out
            FROM outlet 
            WHERE status_out IN ('Active', '1', 'active')
            AND (nama_out LIKE :key OR ofcode_out LIKE :key)
            ORDER BY nama_out ASC
            LIMIT 20
2026-04-09 11:38:40 - getOutlet.php - Query berhasil, mengembalikan 17 record
2026-04-09 11:38:40 - getOutlet.php - === END REQUEST ===
2026-04-09 04:38:40 - getOutlet.php - === REQUEST GETOUTLET ===
2026-04-09 04:38:40 - getOutlet.php - Method: POST
2026-04-09 04:38:40 - getOutlet.php - POST data: {"tgl":"2026-04-09","encrypt":"ce8d123a9badc46aab7bfac002148c51","id_apl":"APL01","key":"Siloa"}
2026-04-09 11:38:40 - getOutlet.php - Params - tgl: 2026-04-09, encrypt: ce8d123a9badc46aab7bfac002148c51, id_apl: APL01, key: Siloa
2026-04-09 11:38:40 - getOutlet.php - Aplikasi ditemukan: Ya
2026-04-09 11:38:40 - getOutlet.php - Key aplikasi: YbcJSFjkds...
2026-04-09 11:38:40 - getOutlet.php - Expected encrypt: ce8d123a9badc46aab7bfac002148c51
2026-04-09 11:38:40 - getOutlet.php - Received encrypt: ce8d123a9badc46aab7bfac002148c51
2026-04-09 11:38:40 - getOutlet.php - Authentication berhasil
2026-04-09 11:38:40 - getOutlet.php - Query: SELECT id_out, nama_out, '' AS alamat_out, ofcode_out
            FROM outlet 
            WHERE status_out IN ('Active', '1', 'active')
            AND (nama_out LIKE :key OR ofcode_out LIKE :key)
            ORDER BY nama_out ASC
            LIMIT 20
2026-04-09 11:38:40 - getOutlet.php - Query berhasil, mengembalikan 17 record
2026-04-09 11:38:40 - getOutlet.php - === END REQUEST ===
2026-04-09 04:38:40 - getOutlet.php - === REQUEST GETOUTLET ===
2026-04-09 04:38:40 - getOutlet.php - Method: POST
2026-04-09 04:38:40 - getOutlet.php - POST data: {"tgl":"2026-04-09","encrypt":"ce8d123a9badc46aab7bfac002148c51","id_apl":"APL01","key":"Siloam"}
2026-04-09 11:38:40 - getOutlet.php - Params - tgl: 2026-04-09, encrypt: ce8d123a9badc46aab7bfac002148c51, id_apl: APL01, key: Siloam
2026-04-09 11:38:40 - getOutlet.php - Aplikasi ditemukan: Ya
2026-04-09 11:38:40 - getOutlet.php - Key aplikasi: YbcJSFjkds...
2026-04-09 11:38:40 - getOutlet.php - Expected encrypt: ce8d123a9badc46aab7bfac002148c51
2026-04-09 11:38:40 - getOutlet.php - Received encrypt: ce8d123a9badc46aab7bfac002148c51
2026-04-09 11:38:40 - getOutlet.php - Authentication berhasil
2026-04-09 11:38:40 - getOutlet.php - Query: SELECT id_out, nama_out, '' AS alamat_out, ofcode_out
            FROM outlet 
            WHERE status_out IN ('Active', '1', 'active')
            AND (nama_out LIKE :key OR ofcode_out LIKE :key)
            ORDER BY nama_out ASC
            LIMIT 20
2026-04-09 11:38:40 - getOutlet.php - Query berhasil, mengembalikan 17 record
2026-04-09 11:38:40 - getOutlet.php - === END REQUEST ===
2026-04-09 04:38:45 - getOutlet.php - === REQUEST GETOUTLET ===
2026-04-09 04:38:45 - getOutlet.php - Method: POST
2026-04-09 04:38:45 - getOutlet.php - POST data: {"tgl":"2026-04-09","encrypt":"ce8d123a9badc46aab7bfac002148c51","id_apl":"APL01","key":"RS SILOAM HOSPITALS KELAPA DUA "}
2026-04-09 11:38:45 - getOutlet.php - Params - tgl: 2026-04-09, encrypt: ce8d123a9badc46aab7bfac002148c51, id_apl: APL01, key: RS SILOAM HOSPITALS KELAPA DUA
2026-04-09 11:38:45 - getOutlet.php - Aplikasi ditemukan: Ya
2026-04-09 11:38:45 - getOutlet.php - Key aplikasi: YbcJSFjkds...
2026-04-09 11:38:45 - getOutlet.php - Expected encrypt: ce8d123a9badc46aab7bfac002148c51
2026-04-09 11:38:45 - getOutlet.php - Received encrypt: ce8d123a9badc46aab7bfac002148c51
2026-04-09 11:38:45 - getOutlet.php - Authentication berhasil
2026-04-09 11:38:45 - getOutlet.php - Query: SELECT id_out, nama_out, '' AS alamat_out, ofcode_out
            FROM outlet 
            WHERE status_out IN ('Active', '1', 'active')
            AND (nama_out LIKE :key OR ofcode_out LIKE :key)
            ORDER BY nama_out ASC
            LIMIT 20
2026-04-09 11:38:45 - getOutlet.php - Query berhasil, mengembalikan 1 record
2026-04-09 11:38:45 - getOutlet.php - === END REQUEST ===
2026-04-09 04:39:02 - getOutlet.php - === REQUEST GETOUTLET ===
2026-04-09 04:39:02 - getOutlet.php - Method: POST
2026-04-09 04:39:02 - getOutlet.php - POST data: {"tgl":"2026-04-09","encrypt":"ce8d123a9badc46aab7bfac002148c51","id_apl":"APL01","key":"Rs"}
2026-04-09 11:39:02 - getOutlet.php - Params - tgl: 2026-04-09, encrypt: ce8d123a9badc46aab7bfac002148c51, id_apl: APL01, key: Rs
2026-04-09 11:39:02 - getOutlet.php - Aplikasi ditemukan: Ya
2026-04-09 11:39:02 - getOutlet.php - Key aplikasi: YbcJSFjkds...
2026-04-09 11:39:02 - getOutlet.php - Expected encrypt: ce8d123a9badc46aab7bfac002148c51
2026-04-09 11:39:02 - getOutlet.php - Received encrypt: ce8d123a9badc46aab7bfac002148c51
2026-04-09 11:39:02 - getOutlet.php - Authentication berhasil
2026-04-09 11:39:02 - getOutlet.php - Query: SELECT id_out, nama_out, '' AS alamat_out, ofcode_out
            FROM outlet 
            WHERE status_out IN ('Active', '1', 'active')
            AND (nama_out LIKE :key OR ofcode_out LIKE :key)
            ORDER BY nama_out ASC
            LIMIT 20
2026-04-09 11:39:02 - getOutlet.php - Query berhasil, mengembalikan 20 record
2026-04-09 11:39:02 - getOutlet.php - === END REQUEST ===
2026-04-09 04:39:02 - getOutlet.php - === REQUEST GETOUTLET ===
2026-04-09 04:39:02 - getOutlet.php - Method: POST
2026-04-09 04:39:02 - getOutlet.php - POST data: {"tgl":"2026-04-09","encrypt":"ce8d123a9badc46aab7bfac002148c51","id_apl":"APL01","key":"Rsu"}
2026-04-09 11:39:02 - getOutlet.php - Params - tgl: 2026-04-09, encrypt: ce8d123a9badc46aab7bfac002148c51, id_apl: APL01, key: Rsu
2026-04-09 11:39:02 - getOutlet.php - Aplikasi ditemukan: Ya
2026-04-09 11:39:02 - getOutlet.php - Key aplikasi: YbcJSFjkds...
2026-04-09 11:39:02 - getOutlet.php - Expected encrypt: ce8d123a9badc46aab7bfac002148c51
2026-04-09 11:39:02 - getOutlet.php - Received encrypt: ce8d123a9badc46aab7bfac002148c51
2026-04-09 11:39:02 - getOutlet.php - Authentication berhasil
2026-04-09 11:39:02 - getOutlet.php - Query: SELECT id_out, nama_out, '' AS alamat_out, ofcode_out
            FROM outlet 
            WHERE status_out IN ('Active', '1', 'active')
            AND (nama_out LIKE :key OR ofcode_out LIKE :key)
            ORDER BY nama_out ASC
            LIMIT 20
2026-04-09 11:39:02 - getOutlet.php - Query berhasil, mengembalikan 20 record
2026-04-09 11:39:02 - getOutlet.php - === END REQUEST ===
2026-04-09 04:39:03 - getOutlet.php - === REQUEST GETOUTLET ===
2026-04-09 04:39:03 - getOutlet.php - Method: POST
2026-04-09 04:39:03 - getOutlet.php - POST data: {"tgl":"2026-04-09","encrypt":"ce8d123a9badc46aab7bfac002148c51","id_apl":"APL01","key":"Rsu"}
2026-04-09 11:39:03 - getOutlet.php - Params - tgl: 2026-04-09, encrypt: ce8d123a9badc46aab7bfac002148c51, id_apl: APL01, key: Rsu
2026-04-09 11:39:03 - getOutlet.php - Aplikasi ditemukan: Ya
2026-04-09 11:39:03 - getOutlet.php - Key aplikasi: YbcJSFjkds...
2026-04-09 11:39:03 - getOutlet.php - Expected encrypt: ce8d123a9badc46aab7bfac002148c51
2026-04-09 11:39:03 - getOutlet.php - Received encrypt: ce8d123a9badc46aab7bfac002148c51
2026-04-09 11:39:03 - getOutlet.php - Authentication berhasil
2026-04-09 11:39:03 - getOutlet.php - Query: SELECT id_out, nama_out, '' AS alamat_out, ofcode_out
            FROM outlet 
            WHERE status_out IN ('Active', '1', 'active')
            AND (nama_out LIKE :key OR ofcode_out LIKE :key)
            ORDER BY nama_out ASC
            LIMIT 20
2026-04-09 11:39:03 - getOutlet.php - Query berhasil, mengembalikan 20 record
2026-04-09 11:39:03 - getOutlet.php - === END REQUEST ===
2026-04-09 04:39:03 - getOutlet.php - === REQUEST GETOUTLET ===
2026-04-09 04:39:03 - getOutlet.php - Method: POST
2026-04-09 04:39:03 - getOutlet.php - POST data: {"tgl":"2026-04-09","encrypt":"ce8d123a9badc46aab7bfac002148c51","id_apl":"APL01","key":"Rsu s"}
2026-04-09 11:39:03 - getOutlet.php - Params - tgl: 2026-04-09, encrypt: ce8d123a9badc46aab7bfac002148c51, id_apl: APL01, key: Rsu s
2026-04-09 04:39:03 - getOutlet.php - === REQUEST GETOUTLET ===
2026-04-09 04:39:03 - getOutlet.php - Method: POST
2026-04-09 04:39:03 - getOutlet.php - POST data: {"tgl":"2026-04-09","encrypt":"ce8d123a9badc46aab7bfac002148c51","id_apl":"APL01","key":"Rsu si"}
2026-04-09 11:39:03 - getOutlet.php - Params - tgl: 2026-04-09, encrypt: ce8d123a9badc46aab7bfac002148c51, id_apl: APL01, key: Rsu si
2026-04-09 11:39:03 - getOutlet.php - Aplikasi ditemukan: Ya
2026-04-09 11:39:03 - getOutlet.php - Key aplikasi: YbcJSFjkds...
2026-04-09 11:39:03 - getOutlet.php - Expected encrypt: ce8d123a9badc46aab7bfac002148c51
2026-04-09 11:39:03 - getOutlet.php - Received encrypt: ce8d123a9badc46aab7bfac002148c51
2026-04-09 11:39:03 - getOutlet.php - Authentication berhasil
2026-04-09 11:39:03 - getOutlet.php - Query: SELECT id_out, nama_out, '' AS alamat_out, ofcode_out
            FROM outlet 
            WHERE status_out IN ('Active', '1', 'active')
            AND (nama_out LIKE :key OR ofcode_out LIKE :key)
            ORDER BY nama_out ASC
            LIMIT 20
2026-04-09 11:39:03 - getOutlet.php - Aplikasi ditemukan: Ya
2026-04-09 11:39:03 - getOutlet.php - Key aplikasi: YbcJSFjkds...
2026-04-09 11:39:03 - getOutlet.php - Expected encrypt: ce8d123a9badc46aab7bfac002148c51
2026-04-09 11:39:03 - getOutlet.php - Received encrypt: ce8d123a9badc46aab7bfac002148c51
2026-04-09 11:39:03 - getOutlet.php - Authentication berhasil
2026-04-09 11:39:03 - getOutlet.php - Query: SELECT id_out, nama_out, '' AS alamat_out, ofcode_out
            FROM outlet 
            WHERE status_out IN ('Active', '1', 'active')
            AND (nama_out LIKE :key OR ofcode_out LIKE :key)
            ORDER BY nama_out ASC
            LIMIT 20
2026-04-09 11:39:03 - getOutlet.php - Query berhasil, mengembalikan 5 record
2026-04-09 11:39:03 - getOutlet.php - === END REQUEST ===
2026-04-09 11:39:03 - getOutlet.php - Query berhasil, mengembalikan 1 record
2026-04-09 11:39:03 - getOutlet.php - === END REQUEST ===
2026-04-09 04:39:04 - getOutlet.php - === REQUEST GETOUTLET ===
2026-04-09 04:39:04 - getOutlet.php - Method: POST
2026-04-09 04:39:04 - getOutlet.php - POST data: {"tgl":"2026-04-09","encrypt":"ce8d123a9badc46aab7bfac002148c51","id_apl":"APL01","key":"Rsu siloam"}
2026-04-09 11:39:04 - getOutlet.php - Params - tgl: 2026-04-09, encrypt: ce8d123a9badc46aab7bfac002148c51, id_apl: APL01, key: Rsu siloam
2026-04-09 11:39:04 - getOutlet.php - Aplikasi ditemukan: Ya
2026-04-09 11:39:04 - getOutlet.php - Key aplikasi: YbcJSFjkds...
2026-04-09 11:39:04 - getOutlet.php - Expected encrypt: ce8d123a9badc46aab7bfac002148c51
2026-04-09 11:39:04 - getOutlet.php - Received encrypt: ce8d123a9badc46aab7bfac002148c51
2026-04-09 11:39:04 - getOutlet.php - Authentication berhasil
2026-04-09 11:39:04 - getOutlet.php - Query: SELECT id_out, nama_out, '' AS alamat_out, ofcode_out
            FROM outlet 
            WHERE status_out IN ('Active', '1', 'active')
            AND (nama_out LIKE :key OR ofcode_out LIKE :key)
            ORDER BY nama_out ASC
            LIMIT 20
2026-04-09 11:39:04 - getOutlet.php - Query berhasil, mengembalikan 1 record
2026-04-09 11:39:04 - getOutlet.php - === END REQUEST ===
2026-04-09 04:39:08 - getOutlet.php - === REQUEST GETOUTLET ===
2026-04-09 04:39:08 - getOutlet.php - Method: POST
2026-04-09 04:39:08 - getOutlet.php - POST data: {"tgl":"2026-04-09","encrypt":"ce8d123a9badc46aab7bfac002148c51","id_apl":"APL01","key":"RSU SILOAM KARAWACI TANGERANG"}
2026-04-09 11:39:08 - getOutlet.php - Params - tgl: 2026-04-09, encrypt: ce8d123a9badc46aab7bfac002148c51, id_apl: APL01, key: RSU SILOAM KARAWACI TANGERANG
2026-04-09 11:39:08 - getOutlet.php - Aplikasi ditemukan: Ya
2026-04-09 11:39:08 - getOutlet.php - Key aplikasi: YbcJSFjkds...
2026-04-09 11:39:08 - getOutlet.php - Expected encrypt: ce8d123a9badc46aab7bfac002148c51
2026-04-09 11:39:08 - getOutlet.php - Received encrypt: ce8d123a9badc46aab7bfac002148c51
2026-04-09 11:39:08 - getOutlet.php - Authentication berhasil
2026-04-09 11:39:08 - getOutlet.php - Query: SELECT id_out, nama_out, '' AS alamat_out, ofcode_out
            FROM outlet 
            WHERE status_out IN ('Active', '1', 'active')
            AND (nama_out LIKE :key OR ofcode_out LIKE :key)
            ORDER BY nama_out ASC
            LIMIT 20
2026-04-09 11:39:08 - getOutlet.php - Query berhasil, mengembalikan 1 record
2026-04-09 11:39:08 - getOutlet.php - === END REQUEST ===
2026-04-09 04:39:12 - getOutlet.php - === REQUEST GETOUTLET ===
2026-04-09 04:39:12 - getOutlet.php - Method: POST
2026-04-09 04:39:12 - getOutlet.php - POST data: {"tgl":"2026-04-09","encrypt":"ce8d123a9badc46aab7bfac002148c51","id_apl":"APL01","key":"RSU SILOAM KARAWACI TANGERAN"}
2026-04-09 11:39:12 - getOutlet.php - Params - tgl: 2026-04-09, encrypt: ce8d123a9badc46aab7bfac002148c51, id_apl: APL01, key: RSU SILOAM KARAWACI TANGERAN
2026-04-09 11:39:12 - getOutlet.php - Aplikasi ditemukan: Ya
2026-04-09 11:39:12 - getOutlet.php - Key aplikasi: YbcJSFjkds...
2026-04-09 11:39:12 - getOutlet.php - Expected encrypt: ce8d123a9badc46aab7bfac002148c51
2026-04-09 11:39:12 - getOutlet.php - Received encrypt: ce8d123a9badc46aab7bfac002148c51
2026-04-09 11:39:12 - getOutlet.php - Authentication berhasil
2026-04-09 11:39:12 - getOutlet.php - Query: SELECT id_out, nama_out, '' AS alamat_out, ofcode_out
            FROM outlet 
            WHERE status_out IN ('Active', '1', 'active')
            AND (nama_out LIKE :key OR ofcode_out LIKE :key)
            ORDER BY nama_out ASC
            LIMIT 20
2026-04-09 11:39:12 - getOutlet.php - Query berhasil, mengembalikan 1 record
2026-04-09 11:39:12 - getOutlet.php - === END REQUEST ===
2026-04-09 04:39:12 - getOutlet.php - === REQUEST GETOUTLET ===
2026-04-09 04:39:12 - getOutlet.php - Method: POST
2026-04-09 04:39:12 - getOutlet.php - POST data: {"tgl":"2026-04-09","encrypt":"ce8d123a9badc46aab7bfac002148c51","id_apl":"APL01","key":"RSU SILOAM KARAWACI TANGERA"}
2026-04-09 11:39:12 - getOutlet.php - Params - tgl: 2026-04-09, encrypt: ce8d123a9badc46aab7bfac002148c51, id_apl: APL01, key: RSU SILOAM KARAWACI TANGERA
2026-04-09 11:39:12 - getOutlet.php - Aplikasi ditemukan: Ya
2026-04-09 11:39:12 - getOutlet.php - Key aplikasi: YbcJSFjkds...
2026-04-09 11:39:12 - getOutlet.php - Expected encrypt: ce8d123a9badc46aab7bfac002148c51
2026-04-09 11:39:12 - getOutlet.php - Received encrypt: ce8d123a9badc46aab7bfac002148c51
2026-04-09 11:39:12 - getOutlet.php - Authentication berhasil
2026-04-09 11:39:12 - getOutlet.php - Query: SELECT id_out, nama_out, '' AS alamat_out, ofcode_out
            FROM outlet 
            WHERE status_out IN ('Active', '1', 'active')
            AND (nama_out LIKE :key OR ofcode_out LIKE :key)
            ORDER BY nama_out ASC
            LIMIT 20
2026-04-09 11:39:12 - getOutlet.php - Query berhasil, mengembalikan 1 record
2026-04-09 11:39:12 - getOutlet.php - === END REQUEST ===
2026-04-09 04:39:12 - getOutlet.php - === REQUEST GETOUTLET ===
2026-04-09 04:39:12 - getOutlet.php - Method: POST
2026-04-09 04:39:12 - getOutlet.php - POST data: {"tgl":"2026-04-09","encrypt":"ce8d123a9badc46aab7bfac002148c51","id_apl":"APL01","key":"RSU SILOAM KARAWACI TANGER"}
2026-04-09 11:39:12 - getOutlet.php - Params - tgl: 2026-04-09, encrypt: ce8d123a9badc46aab7bfac002148c51, id_apl: APL01, key: RSU SILOAM KARAWACI TANGER
2026-04-09 11:39:12 - getOutlet.php - Aplikasi ditemukan: Ya
2026-04-09 11:39:12 - getOutlet.php - Key aplikasi: YbcJSFjkds...
2026-04-09 11:39:12 - getOutlet.php - Expected encrypt: ce8d123a9badc46aab7bfac002148c51
2026-04-09 11:39:12 - getOutlet.php - Received encrypt: ce8d123a9badc46aab7bfac002148c51
2026-04-09 11:39:12 - getOutlet.php - Authentication berhasil
2026-04-09 11:39:12 - getOutlet.php - Query: SELECT id_out, nama_out, '' AS alamat_out, ofcode_out
            FROM outlet 
            WHERE status_out IN ('Active', '1', 'active')
            AND (nama_out LIKE :key OR ofcode_out LIKE :key)
            ORDER BY nama_out ASC
            LIMIT 20
2026-04-09 11:39:12 - getOutlet.php - Query berhasil, mengembalikan 1 record
2026-04-09 11:39:12 - getOutlet.php - === END REQUEST ===
2026-04-09 04:39:12 - getOutlet.php - === REQUEST GETOUTLET ===
2026-04-09 04:39:12 - getOutlet.php - Method: POST
2026-04-09 04:39:12 - getOutlet.php - POST data: {"tgl":"2026-04-09","encrypt":"ce8d123a9badc46aab7bfac002148c51","id_apl":"APL01","key":"RSU SILOAM KARAWACI TANGE"}
2026-04-09 11:39:12 - getOutlet.php - Params - tgl: 2026-04-09, encrypt: ce8d123a9badc46aab7bfac002148c51, id_apl: APL01, key: RSU SILOAM KARAWACI TANGE
2026-04-09 11:39:12 - getOutlet.php - Aplikasi ditemukan: Ya
2026-04-09 11:39:12 - getOutlet.php - Key aplikasi: YbcJSFjkds...
2026-04-09 11:39:12 - getOutlet.php - Expected encrypt: ce8d123a9badc46aab7bfac002148c51
2026-04-09 11:39:12 - getOutlet.php - Received encrypt: ce8d123a9badc46aab7bfac002148c51
2026-04-09 11:39:12 - getOutlet.php - Authentication berhasil
2026-04-09 11:39:12 - getOutlet.php - Query: SELECT id_out, nama_out, '' AS alamat_out, ofcode_out
            FROM outlet 
            WHERE status_out IN ('Active', '1', 'active')
            AND (nama_out LIKE :key OR ofcode_out LIKE :key)
            ORDER BY nama_out ASC
            LIMIT 20
2026-04-09 11:39:12 - getOutlet.php - Query berhasil, mengembalikan 1 record
2026-04-09 11:39:12 - getOutlet.php - === END REQUEST ===
2026-04-09 04:39:12 - getOutlet.php - === REQUEST GETOUTLET ===
2026-04-09 04:39:12 - getOutlet.php - Method: POST
2026-04-09 04:39:12 - getOutlet.php - POST data: {"tgl":"2026-04-09","encrypt":"ce8d123a9badc46aab7bfac002148c51","id_apl":"APL01","key":"RSU SILOAM KARAWACI TANG"}
2026-04-09 11:39:12 - getOutlet.php - Params - tgl: 2026-04-09, encrypt: ce8d123a9badc46aab7bfac002148c51, id_apl: APL01, key: RSU SILOAM KARAWACI TANG
2026-04-09 11:39:12 - getOutlet.php - Aplikasi ditemukan: Ya
2026-04-09 11:39:12 - getOutlet.php - Key aplikasi: YbcJSFjkds...
2026-04-09 11:39:12 - getOutlet.php - Expected encrypt: ce8d123a9badc46aab7bfac002148c51
2026-04-09 11:39:12 - getOutlet.php - Received encrypt: ce8d123a9badc46aab7bfac002148c51
2026-04-09 11:39:12 - getOutlet.php - Authentication berhasil
2026-04-09 11:39:12 - getOutlet.php - Query: SELECT id_out, nama_out, '' AS alamat_out, ofcode_out
            FROM outlet 
            WHERE status_out IN ('Active', '1', 'active')
            AND (nama_out LIKE :key OR ofcode_out LIKE :key)
            ORDER BY nama_out ASC
            LIMIT 20
2026-04-09 11:39:12 - getOutlet.php - Query berhasil, mengembalikan 1 record
2026-04-09 11:39:12 - getOutlet.php - === END REQUEST ===
2026-04-09 04:39:12 - getOutlet.php - === REQUEST GETOUTLET ===
2026-04-09 04:39:12 - getOutlet.php - Method: POST
2026-04-09 04:39:12 - getOutlet.php - POST data: {"tgl":"2026-04-09","encrypt":"ce8d123a9badc46aab7bfac002148c51","id_apl":"APL01","key":"RSU SILOAM KARAWACI TAN"}
2026-04-09 11:39:12 - getOutlet.php - Params - tgl: 2026-04-09, encrypt: ce8d123a9badc46aab7bfac002148c51, id_apl: APL01, key: RSU SILOAM KARAWACI TAN
2026-04-09 11:39:12 - getOutlet.php - Aplikasi ditemukan: Ya
2026-04-09 11:39:12 - getOutlet.php - Key aplikasi: YbcJSFjkds...
2026-04-09 11:39:12 - getOutlet.php - Expected encrypt: ce8d123a9badc46aab7bfac002148c51
2026-04-09 11:39:12 - getOutlet.php - Received encrypt: ce8d123a9badc46aab7bfac002148c51
2026-04-09 11:39:12 - getOutlet.php - Authentication berhasil
2026-04-09 11:39:12 - getOutlet.php - Query: SELECT id_out, nama_out, '' AS alamat_out, ofcode_out
            FROM outlet 
            WHERE status_out IN ('Active', '1', 'active')
            AND (nama_out LIKE :key OR ofcode_out LIKE :key)
            ORDER BY nama_out ASC
            LIMIT 20
2026-04-09 11:39:12 - getOutlet.php - Query berhasil, mengembalikan 1 record
2026-04-09 11:39:12 - getOutlet.php - === END REQUEST ===
2026-04-09 04:39:12 - getOutlet.php - === REQUEST GETOUTLET ===
2026-04-09 04:39:12 - getOutlet.php - Method: POST
2026-04-09 04:39:12 - getOutlet.php - POST data: {"tgl":"2026-04-09","encrypt":"ce8d123a9badc46aab7bfac002148c51","id_apl":"APL01","key":"RSU SILOAM KARAWACI TA"}
2026-04-09 11:39:12 - getOutlet.php - Params - tgl: 2026-04-09, encrypt: ce8d123a9badc46aab7bfac002148c51, id_apl: APL01, key: RSU SILOAM KARAWACI TA
2026-04-09 11:39:12 - getOutlet.php - Aplikasi ditemukan: Ya
2026-04-09 11:39:12 - getOutlet.php - Key aplikasi: YbcJSFjkds...
2026-04-09 11:39:12 - getOutlet.php - Expected encrypt: ce8d123a9badc46aab7bfac002148c51
2026-04-09 11:39:12 - getOutlet.php - Received encrypt: ce8d123a9badc46aab7bfac002148c51
2026-04-09 11:39:12 - getOutlet.php - Authentication berhasil
2026-04-09 11:39:12 - getOutlet.php - Query: SELECT id_out, nama_out, '' AS alamat_out, ofcode_out
            FROM outlet 
            WHERE status_out IN ('Active', '1', 'active')
            AND (nama_out LIKE :key OR ofcode_out LIKE :key)
            ORDER BY nama_out ASC
            LIMIT 20
2026-04-09 11:39:12 - getOutlet.php - Query berhasil, mengembalikan 1 record
2026-04-09 11:39:12 - getOutlet.php - === END REQUEST ===
2026-04-09 04:39:12 - getOutlet.php - === REQUEST GETOUTLET ===
2026-04-09 04:39:12 - getOutlet.php - Method: POST
2026-04-09 04:39:12 - getOutlet.php - POST data: {"tgl":"2026-04-09","encrypt":"ce8d123a9badc46aab7bfac002148c51","id_apl":"APL01","key":"RSU SILOAM KARAWACI T"}
2026-04-09 11:39:12 - getOutlet.php - Params - tgl: 2026-04-09, encrypt: ce8d123a9badc46aab7bfac002148c51, id_apl: APL01, key: RSU SILOAM KARAWACI T
2026-04-09 11:39:12 - getOutlet.php - Aplikasi ditemukan: Ya
2026-04-09 11:39:12 - getOutlet.php - Key aplikasi: YbcJSFjkds...
2026-04-09 11:39:12 - getOutlet.php - Expected encrypt: ce8d123a9badc46aab7bfac002148c51
2026-04-09 11:39:12 - getOutlet.php - Received encrypt: ce8d123a9badc46aab7bfac002148c51
2026-04-09 11:39:12 - getOutlet.php - Authentication berhasil
2026-04-09 11:39:12 - getOutlet.php - Query: SELECT id_out, nama_out, '' AS alamat_out, ofcode_out
            FROM outlet 
            WHERE status_out IN ('Active', '1', 'active')
            AND (nama_out LIKE :key OR ofcode_out LIKE :key)
            ORDER BY nama_out ASC
            LIMIT 20
2026-04-09 11:39:12 - getOutlet.php - Query berhasil, mengembalikan 1 record
2026-04-09 11:39:12 - getOutlet.php - === END REQUEST ===
2026-04-09 04:39:12 - getOutlet.php - === REQUEST GETOUTLET ===
2026-04-09 04:39:12 - getOutlet.php - Method: POST
2026-04-09 04:39:12 - getOutlet.php - POST data: {"tgl":"2026-04-09","encrypt":"ce8d123a9badc46aab7bfac002148c51","id_apl":"APL01","key":"RSU SILOAM KARAWACI"}
2026-04-09 11:39:12 - getOutlet.php - Params - tgl: 2026-04-09, encrypt: ce8d123a9badc46aab7bfac002148c51, id_apl: APL01, key: RSU SILOAM KARAWACI
2026-04-09 11:39:12 - getOutlet.php - Aplikasi ditemukan: Ya
2026-04-09 11:39:12 - getOutlet.php - Key aplikasi: YbcJSFjkds...
2026-04-09 11:39:12 - getOutlet.php - Expected encrypt: ce8d123a9badc46aab7bfac002148c51
2026-04-09 11:39:12 - getOutlet.php - Received encrypt: ce8d123a9badc46aab7bfac002148c51
2026-04-09 11:39:12 - getOutlet.php - Authentication berhasil
2026-04-09 11:39:12 - getOutlet.php - Query: SELECT id_out, nama_out, '' AS alamat_out, ofcode_out
            FROM outlet 
            WHERE status_out IN ('Active', '1', 'active')
            AND (nama_out LIKE :key OR ofcode_out LIKE :key)
            ORDER BY nama_out ASC
            LIMIT 20
2026-04-09 11:39:12 - getOutlet.php - Query berhasil, mengembalikan 1 record
2026-04-09 11:39:12 - getOutlet.php - === END REQUEST ===
2026-04-09 04:39:12 - getOutlet.php - === REQUEST GETOUTLET ===
2026-04-09 04:39:12 - getOutlet.php - Method: POST
2026-04-09 04:39:12 - getOutlet.php - POST data: {"tgl":"2026-04-09","encrypt":"ce8d123a9badc46aab7bfac002148c51","id_apl":"APL01","key":"RSU SILOAM KARAWACI"}
2026-04-09 11:39:12 - getOutlet.php - Params - tgl: 2026-04-09, encrypt: ce8d123a9badc46aab7bfac002148c51, id_apl: APL01, key: RSU SILOAM KARAWACI
2026-04-09 11:39:12 - getOutlet.php - Aplikasi ditemukan: Ya
2026-04-09 11:39:12 - getOutlet.php - Key aplikasi: YbcJSFjkds...
2026-04-09 11:39:12 - getOutlet.php - Expected encrypt: ce8d123a9badc46aab7bfac002148c51
2026-04-09 11:39:12 - getOutlet.php - Received encrypt: ce8d123a9badc46aab7bfac002148c51
2026-04-09 11:39:12 - getOutlet.php - Authentication berhasil
2026-04-09 11:39:12 - getOutlet.php - Query: SELECT id_out, nama_out, '' AS alamat_out, ofcode_out
            FROM outlet 
            WHERE status_out IN ('Active', '1', 'active')
            AND (nama_out LIKE :key OR ofcode_out LIKE :key)
            ORDER BY nama_out ASC
            LIMIT 20
2026-04-09 11:39:12 - getOutlet.php - Query berhasil, mengembalikan 1 record
2026-04-09 11:39:12 - getOutlet.php - === END REQUEST ===
2026-04-09 04:39:12 - getOutlet.php - === REQUEST GETOUTLET ===
2026-04-09 04:39:12 - getOutlet.php - Method: POST
2026-04-09 04:39:12 - getOutlet.php - POST data: {"tgl":"2026-04-09","encrypt":"ce8d123a9badc46aab7bfac002148c51","id_apl":"APL01","key":"RSU SILOAM KARAWAC"}
2026-04-09 11:39:12 - getOutlet.php - Params - tgl: 2026-04-09, encrypt: ce8d123a9badc46aab7bfac002148c51, id_apl: APL01, key: RSU SILOAM KARAWAC
2026-04-09 04:39:12 - getOutlet.php - === REQUEST GETOUTLET ===
2026-04-09 04:39:12 - getOutlet.php - Method: POST
2026-04-09 04:39:12 - getOutlet.php - POST data: {"tgl":"2026-04-09","encrypt":"ce8d123a9badc46aab7bfac002148c51","id_apl":"APL01","key":"RSU SILOAM KARAWA"}
2026-04-09 11:39:12 - getOutlet.php - Params - tgl: 2026-04-09, encrypt: ce8d123a9badc46aab7bfac002148c51, id_apl: APL01, key: RSU SILOAM KARAWA
2026-04-09 11:39:12 - getOutlet.php - Aplikasi ditemukan: Ya
2026-04-09 11:39:12 - getOutlet.php - Key aplikasi: YbcJSFjkds...
2026-04-09 11:39:12 - getOutlet.php - Expected encrypt: ce8d123a9badc46aab7bfac002148c51
2026-04-09 11:39:12 - getOutlet.php - Received encrypt: ce8d123a9badc46aab7bfac002148c51
2026-04-09 11:39:12 - getOutlet.php - Authentication berhasil
2026-04-09 11:39:12 - getOutlet.php - Aplikasi ditemukan: Ya
2026-04-09 11:39:12 - getOutlet.php - Key aplikasi: YbcJSFjkds...
2026-04-09 11:39:12 - getOutlet.php - Expected encrypt: ce8d123a9badc46aab7bfac002148c51
2026-04-09 11:39:12 - getOutlet.php - Received encrypt: ce8d123a9badc46aab7bfac002148c51
2026-04-09 11:39:12 - getOutlet.php - Authentication berhasil
2026-04-09 11:39:12 - getOutlet.php - Query: SELECT id_out, nama_out, '' AS alamat_out, ofcode_out
            FROM outlet 
            WHERE status_out IN ('Active', '1', 'active')
            AND (nama_out LIKE :key OR ofcode_out LIKE :key)
            ORDER BY nama_out ASC
            LIMIT 20
2026-04-09 11:39:12 - getOutlet.php - Query: SELECT id_out, nama_out, '' AS alamat_out, ofcode_out
            FROM outlet 
            WHERE status_out IN ('Active', '1', 'active')
            AND (nama_out LIKE :key OR ofcode_out LIKE :key)
            ORDER BY nama_out ASC
            LIMIT 20
2026-04-09 11:39:12 - getOutlet.php - Query berhasil, mengembalikan 1 record
2026-04-09 11:39:12 - getOutlet.php - === END REQUEST ===
2026-04-09 11:39:12 - getOutlet.php - Query berhasil, mengembalikan 1 record
2026-04-09 11:39:12 - getOutlet.php - === END REQUEST ===
2026-04-09 04:39:13 - getOutlet.php - === REQUEST GETOUTLET ===
2026-04-09 04:39:13 - getOutlet.php - Method: POST
2026-04-09 04:39:13 - getOutlet.php - POST data: {"tgl":"2026-04-09","encrypt":"ce8d123a9badc46aab7bfac002148c51","id_apl":"APL01","key":"RSU SILOAM KARAW"}
2026-04-09 11:39:13 - getOutlet.php - Params - tgl: 2026-04-09, encrypt: ce8d123a9badc46aab7bfac002148c51, id_apl: APL01, key: RSU SILOAM KARAW
2026-04-09 11:39:13 - getOutlet.php - Aplikasi ditemukan: Ya
2026-04-09 11:39:13 - getOutlet.php - Key aplikasi: YbcJSFjkds...
2026-04-09 11:39:13 - getOutlet.php - Expected encrypt: ce8d123a9badc46aab7bfac002148c51
2026-04-09 11:39:13 - getOutlet.php - Received encrypt: ce8d123a9badc46aab7bfac002148c51
2026-04-09 11:39:13 - getOutlet.php - Authentication berhasil
2026-04-09 11:39:13 - getOutlet.php - Query: SELECT id_out, nama_out, '' AS alamat_out, ofcode_out
            FROM outlet 
            WHERE status_out IN ('Active', '1', 'active')
            AND (nama_out LIKE :key OR ofcode_out LIKE :key)
            ORDER BY nama_out ASC
            LIMIT 20
2026-04-09 11:39:13 - getOutlet.php - Query berhasil, mengembalikan 1 record
2026-04-09 11:39:13 - getOutlet.php - === END REQUEST ===
2026-04-09 04:39:13 - getOutlet.php - === REQUEST GETOUTLET ===
2026-04-09 04:39:13 - getOutlet.php - Method: POST
2026-04-09 04:39:13 - getOutlet.php - POST data: {"tgl":"2026-04-09","encrypt":"ce8d123a9badc46aab7bfac002148c51","id_apl":"APL01","key":"RSU SILOAM KARA"}
2026-04-09 11:39:13 - getOutlet.php - Params - tgl: 2026-04-09, encrypt: ce8d123a9badc46aab7bfac002148c51, id_apl: APL01, key: RSU SILOAM KARA
2026-04-09 11:39:13 - getOutlet.php - Aplikasi ditemukan: Ya
2026-04-09 11:39:13 - getOutlet.php - Key aplikasi: YbcJSFjkds...
2026-04-09 11:39:13 - getOutlet.php - Expected encrypt: ce8d123a9badc46aab7bfac002148c51
2026-04-09 11:39:13 - getOutlet.php - Received encrypt: ce8d123a9badc46aab7bfac002148c51
2026-04-09 11:39:13 - getOutlet.php - Authentication berhasil
2026-04-09 11:39:13 - getOutlet.php - Query: SELECT id_out, nama_out, '' AS alamat_out, ofcode_out
            FROM outlet 
            WHERE status_out IN ('Active', '1', 'active')
            AND (nama_out LIKE :key OR ofcode_out LIKE :key)
            ORDER BY nama_out ASC
            LIMIT 20
2026-04-09 11:39:13 - getOutlet.php - Query berhasil, mengembalikan 1 record
2026-04-09 11:39:13 - getOutlet.php - === END REQUEST ===
2026-04-09 04:39:13 - getOutlet.php - === REQUEST GETOUTLET ===
2026-04-09 04:39:13 - getOutlet.php - Method: POST
2026-04-09 04:39:13 - getOutlet.php - POST data: {"tgl":"2026-04-09","encrypt":"ce8d123a9badc46aab7bfac002148c51","id_apl":"APL01","key":"RSU SILOAM KAR"}
2026-04-09 11:39:13 - getOutlet.php - Params - tgl: 2026-04-09, encrypt: ce8d123a9badc46aab7bfac002148c51, id_apl: APL01, key: RSU SILOAM KAR
2026-04-09 11:39:13 - getOutlet.php - Aplikasi ditemukan: Ya
2026-04-09 11:39:13 - getOutlet.php - Key aplikasi: YbcJSFjkds...
2026-04-09 11:39:13 - getOutlet.php - Expected encrypt: ce8d123a9badc46aab7bfac002148c51
2026-04-09 11:39:13 - getOutlet.php - Received encrypt: ce8d123a9badc46aab7bfac002148c51
2026-04-09 11:39:13 - getOutlet.php - Authentication berhasil
2026-04-09 11:39:13 - getOutlet.php - Query: SELECT id_out, nama_out, '' AS alamat_out, ofcode_out
            FROM outlet 
            WHERE status_out IN ('Active', '1', 'active')
            AND (nama_out LIKE :key OR ofcode_out LIKE :key)
            ORDER BY nama_out ASC
            LIMIT 20
2026-04-09 11:39:13 - getOutlet.php - Query berhasil, mengembalikan 1 record
2026-04-09 11:39:13 - getOutlet.php - === END REQUEST ===
2026-04-09 04:39:13 - getOutlet.php - === REQUEST GETOUTLET ===
2026-04-09 04:39:13 - getOutlet.php - Method: POST
2026-04-09 04:39:13 - getOutlet.php - POST data: {"tgl":"2026-04-09","encrypt":"ce8d123a9badc46aab7bfac002148c51","id_apl":"APL01","key":"RSU SILOAM KA"}
2026-04-09 11:39:13 - getOutlet.php - Params - tgl: 2026-04-09, encrypt: ce8d123a9badc46aab7bfac002148c51, id_apl: APL01, key: RSU SILOAM KA
2026-04-09 11:39:13 - getOutlet.php - Aplikasi ditemukan: Ya
2026-04-09 11:39:13 - getOutlet.php - Key aplikasi: YbcJSFjkds...
2026-04-09 11:39:13 - getOutlet.php - Expected encrypt: ce8d123a9badc46aab7bfac002148c51
2026-04-09 11:39:13 - getOutlet.php - Received encrypt: ce8d123a9badc46aab7bfac002148c51
2026-04-09 11:39:13 - getOutlet.php - Authentication berhasil
2026-04-09 11:39:13 - getOutlet.php - Query: SELECT id_out, nama_out, '' AS alamat_out, ofcode_out
            FROM outlet 
            WHERE status_out IN ('Active', '1', 'active')
            AND (nama_out LIKE :key OR ofcode_out LIKE :key)
            ORDER BY nama_out ASC
            LIMIT 20
2026-04-09 11:39:13 - getOutlet.php - Query berhasil, mengembalikan 1 record
2026-04-09 11:39:13 - getOutlet.php - === END REQUEST ===
2026-04-09 04:39:13 - getOutlet.php - === REQUEST GETOUTLET ===
2026-04-09 04:39:13 - getOutlet.php - Method: POST
2026-04-09 04:39:13 - getOutlet.php - POST data: {"tgl":"2026-04-09","encrypt":"ce8d123a9badc46aab7bfac002148c51","id_apl":"APL01","key":"RSU SILOAM K"}
2026-04-09 11:39:13 - getOutlet.php - Params - tgl: 2026-04-09, encrypt: ce8d123a9badc46aab7bfac002148c51, id_apl: APL01, key: RSU SILOAM K
2026-04-09 11:39:13 - getOutlet.php - Aplikasi ditemukan: Ya
2026-04-09 11:39:13 - getOutlet.php - Key aplikasi: YbcJSFjkds...
2026-04-09 11:39:13 - getOutlet.php - Expected encrypt: ce8d123a9badc46aab7bfac002148c51
2026-04-09 11:39:13 - getOutlet.php - Received encrypt: ce8d123a9badc46aab7bfac002148c51
2026-04-09 11:39:13 - getOutlet.php - Authentication berhasil
2026-04-09 11:39:13 - getOutlet.php - Query: SELECT id_out, nama_out, '' AS alamat_out, ofcode_out
            FROM outlet 
            WHERE status_out IN ('Active', '1', 'active')
            AND (nama_out LIKE :key OR ofcode_out LIKE :key)
            ORDER BY nama_out ASC
            LIMIT 20
2026-04-09 11:39:13 - getOutlet.php - Query berhasil, mengembalikan 1 record
2026-04-09 11:39:13 - getOutlet.php - === END REQUEST ===
2026-04-09 04:39:13 - getOutlet.php - === REQUEST GETOUTLET ===
2026-04-09 04:39:13 - getOutlet.php - Method: POST
2026-04-09 04:39:13 - getOutlet.php - POST data: {"tgl":"2026-04-09","encrypt":"ce8d123a9badc46aab7bfac002148c51","id_apl":"APL01","key":"RSU SILOAM"}
2026-04-09 11:39:13 - getOutlet.php - Params - tgl: 2026-04-09, encrypt: ce8d123a9badc46aab7bfac002148c51, id_apl: APL01, key: RSU SILOAM
2026-04-09 11:39:13 - getOutlet.php - Aplikasi ditemukan: Ya
2026-04-09 11:39:13 - getOutlet.php - Key aplikasi: YbcJSFjkds...
2026-04-09 11:39:13 - getOutlet.php - Expected encrypt: ce8d123a9badc46aab7bfac002148c51
2026-04-09 11:39:13 - getOutlet.php - Received encrypt: ce8d123a9badc46aab7bfac002148c51
2026-04-09 11:39:13 - getOutlet.php - Authentication berhasil
2026-04-09 11:39:13 - getOutlet.php - Query: SELECT id_out, nama_out, '' AS alamat_out, ofcode_out
            FROM outlet 
            WHERE status_out IN ('Active', '1', 'active')
            AND (nama_out LIKE :key OR ofcode_out LIKE :key)
            ORDER BY nama_out ASC
            LIMIT 20
2026-04-09 11:39:13 - getOutlet.php - Query berhasil, mengembalikan 1 record
2026-04-09 11:39:13 - getOutlet.php - === END REQUEST ===
2026-04-09 04:39:13 - getOutlet.php - === REQUEST GETOUTLET ===
2026-04-09 04:39:13 - getOutlet.php - Method: POST
2026-04-09 04:39:13 - getOutlet.php - POST data: {"tgl":"2026-04-09","encrypt":"ce8d123a9badc46aab7bfac002148c51","id_apl":"APL01","key":"RSU SILOAM"}
2026-04-09 11:39:13 - getOutlet.php - Params - tgl: 2026-04-09, encrypt: ce8d123a9badc46aab7bfac002148c51, id_apl: APL01, key: RSU SILOAM
2026-04-09 11:39:13 - getOutlet.php - Aplikasi ditemukan: Ya
2026-04-09 11:39:13 - getOutlet.php - Key aplikasi: YbcJSFjkds...
2026-04-09 11:39:13 - getOutlet.php - Expected encrypt: ce8d123a9badc46aab7bfac002148c51
2026-04-09 11:39:13 - getOutlet.php - Received encrypt: ce8d123a9badc46aab7bfac002148c51
2026-04-09 11:39:13 - getOutlet.php - Authentication berhasil
2026-04-09 11:39:13 - getOutlet.php - Query: SELECT id_out, nama_out, '' AS alamat_out, ofcode_out
            FROM outlet 
            WHERE status_out IN ('Active', '1', 'active')
            AND (nama_out LIKE :key OR ofcode_out LIKE :key)
            ORDER BY nama_out ASC
            LIMIT 20
2026-04-09 11:39:13 - getOutlet.php - Query berhasil, mengembalikan 1 record
2026-04-09 11:39:13 - getOutlet.php - === END REQUEST ===
2026-04-09 04:39:13 - getOutlet.php - === REQUEST GETOUTLET ===
2026-04-09 04:39:13 - getOutlet.php - Method: POST
2026-04-09 04:39:13 - getOutlet.php - POST data: {"tgl":"2026-04-09","encrypt":"ce8d123a9badc46aab7bfac002148c51","id_apl":"APL01","key":"RSU SILOA"}
2026-04-09 11:39:13 - getOutlet.php - Params - tgl: 2026-04-09, encrypt: ce8d123a9badc46aab7bfac002148c51, id_apl: APL01, key: RSU SILOA
2026-04-09 11:39:13 - getOutlet.php - Aplikasi ditemukan: Ya
2026-04-09 11:39:13 - getOutlet.php - Key aplikasi: YbcJSFjkds...
2026-04-09 11:39:13 - getOutlet.php - Expected encrypt: ce8d123a9badc46aab7bfac002148c51
2026-04-09 11:39:13 - getOutlet.php - Received encrypt: ce8d123a9badc46aab7bfac002148c51
2026-04-09 11:39:13 - getOutlet.php - Authentication berhasil
2026-04-09 11:39:13 - getOutlet.php - Query: SELECT id_out, nama_out, '' AS alamat_out, ofcode_out
            FROM outlet 
            WHERE status_out IN ('Active', '1', 'active')
            AND (nama_out LIKE :key OR ofcode_out LIKE :key)
            ORDER BY nama_out ASC
            LIMIT 20
2026-04-09 11:39:13 - getOutlet.php - Query berhasil, mengembalikan 1 record
2026-04-09 11:39:13 - getOutlet.php - === END REQUEST ===
2026-04-09 04:39:13 - getOutlet.php - === REQUEST GETOUTLET ===
2026-04-09 04:39:13 - getOutlet.php - Method: POST
2026-04-09 04:39:13 - getOutlet.php - POST data: {"tgl":"2026-04-09","encrypt":"ce8d123a9badc46aab7bfac002148c51","id_apl":"APL01","key":"RSU SILO"}
2026-04-09 11:39:13 - getOutlet.php - Params - tgl: 2026-04-09, encrypt: ce8d123a9badc46aab7bfac002148c51, id_apl: APL01, key: RSU SILO
2026-04-09 11:39:13 - getOutlet.php - Aplikasi ditemukan: Ya
2026-04-09 11:39:13 - getOutlet.php - Key aplikasi: YbcJSFjkds...
2026-04-09 11:39:13 - getOutlet.php - Expected encrypt: ce8d123a9badc46aab7bfac002148c51
2026-04-09 11:39:13 - getOutlet.php - Received encrypt: ce8d123a9badc46aab7bfac002148c51
2026-04-09 11:39:13 - getOutlet.php - Authentication berhasil
2026-04-09 11:39:13 - getOutlet.php - Query: SELECT id_out, nama_out, '' AS alamat_out, ofcode_out
            FROM outlet 
            WHERE status_out IN ('Active', '1', 'active')
            AND (nama_out LIKE :key OR ofcode_out LIKE :key)
            ORDER BY nama_out ASC
            LIMIT 20
2026-04-09 11:39:13 - getOutlet.php - Query berhasil, mengembalikan 1 record
2026-04-09 11:39:13 - getOutlet.php - === END REQUEST ===
2026-04-09 04:39:13 - getOutlet.php - === REQUEST GETOUTLET ===
2026-04-09 04:39:13 - getOutlet.php - Method: POST
2026-04-09 04:39:13 - getOutlet.php - POST data: {"tgl":"2026-04-09","encrypt":"ce8d123a9badc46aab7bfac002148c51","id_apl":"APL01","key":"RSU SIL"}
2026-04-09 11:39:13 - getOutlet.php - Params - tgl: 2026-04-09, encrypt: ce8d123a9badc46aab7bfac002148c51, id_apl: APL01, key: RSU SIL
2026-04-09 11:39:13 - getOutlet.php - Aplikasi ditemukan: Ya
2026-04-09 11:39:13 - getOutlet.php - Key aplikasi: YbcJSFjkds...
2026-04-09 11:39:13 - getOutlet.php - Expected encrypt: ce8d123a9badc46aab7bfac002148c51
2026-04-09 11:39:13 - getOutlet.php - Received encrypt: ce8d123a9badc46aab7bfac002148c51
2026-04-09 11:39:13 - getOutlet.php - Authentication berhasil
2026-04-09 11:39:13 - getOutlet.php - Query: SELECT id_out, nama_out, '' AS alamat_out, ofcode_out
            FROM outlet 
            WHERE status_out IN ('Active', '1', 'active')
            AND (nama_out LIKE :key OR ofcode_out LIKE :key)
            ORDER BY nama_out ASC
            LIMIT 20
2026-04-09 11:39:13 - getOutlet.php - Query berhasil, mengembalikan 1 record
2026-04-09 11:39:13 - getOutlet.php - === END REQUEST ===
2026-04-09 04:39:13 - getOutlet.php - === REQUEST GETOUTLET ===
2026-04-09 04:39:13 - getOutlet.php - Method: POST
2026-04-09 04:39:13 - getOutlet.php - POST data: {"tgl":"2026-04-09","encrypt":"ce8d123a9badc46aab7bfac002148c51","id_apl":"APL01","key":"RSU SI"}
2026-04-09 11:39:13 - getOutlet.php - Params - tgl: 2026-04-09, encrypt: ce8d123a9badc46aab7bfac002148c51, id_apl: APL01, key: RSU SI
2026-04-09 11:39:13 - getOutlet.php - Aplikasi ditemukan: Ya
2026-04-09 11:39:13 - getOutlet.php - Key aplikasi: YbcJSFjkds...
2026-04-09 11:39:13 - getOutlet.php - Expected encrypt: ce8d123a9badc46aab7bfac002148c51
2026-04-09 11:39:13 - getOutlet.php - Received encrypt: ce8d123a9badc46aab7bfac002148c51
2026-04-09 11:39:13 - getOutlet.php - Authentication berhasil
2026-04-09 11:39:13 - getOutlet.php - Query: SELECT id_out, nama_out, '' AS alamat_out, ofcode_out
            FROM outlet 
            WHERE status_out IN ('Active', '1', 'active')
            AND (nama_out LIKE :key OR ofcode_out LIKE :key)
            ORDER BY nama_out ASC
            LIMIT 20
2026-04-09 11:39:13 - getOutlet.php - Query berhasil, mengembalikan 1 record
2026-04-09 11:39:13 - getOutlet.php - === END REQUEST ===
2026-04-09 04:39:13 - getOutlet.php - === REQUEST GETOUTLET ===
2026-04-09 04:39:13 - getOutlet.php - Method: POST
2026-04-09 04:39:13 - getOutlet.php - POST data: {"tgl":"2026-04-09","encrypt":"ce8d123a9badc46aab7bfac002148c51","id_apl":"APL01","key":"RSU S"}
2026-04-09 11:39:13 - getOutlet.php - Params - tgl: 2026-04-09, encrypt: ce8d123a9badc46aab7bfac002148c51, id_apl: APL01, key: RSU S
2026-04-09 11:39:13 - getOutlet.php - Aplikasi ditemukan: Ya
2026-04-09 11:39:13 - getOutlet.php - Key aplikasi: YbcJSFjkds...
2026-04-09 11:39:13 - getOutlet.php - Expected encrypt: ce8d123a9badc46aab7bfac002148c51
2026-04-09 11:39:13 - getOutlet.php - Received encrypt: ce8d123a9badc46aab7bfac002148c51
2026-04-09 11:39:13 - getOutlet.php - Authentication berhasil
2026-04-09 11:39:13 - getOutlet.php - Query: SELECT id_out, nama_out, '' AS alamat_out, ofcode_out
            FROM outlet 
            WHERE status_out IN ('Active', '1', 'active')
            AND (nama_out LIKE :key OR ofcode_out LIKE :key)
            ORDER BY nama_out ASC
            LIMIT 20
2026-04-09 11:39:13 - getOutlet.php - Query berhasil, mengembalikan 5 record
2026-04-09 11:39:13 - getOutlet.php - === END REQUEST ===
2026-04-09 04:39:13 - getOutlet.php - === REQUEST GETOUTLET ===
2026-04-09 04:39:13 - getOutlet.php - Method: POST
2026-04-09 04:39:13 - getOutlet.php - POST data: {"tgl":"2026-04-09","encrypt":"ce8d123a9badc46aab7bfac002148c51","id_apl":"APL01","key":"RSU"}
2026-04-09 11:39:13 - getOutlet.php - Params - tgl: 2026-04-09, encrypt: ce8d123a9badc46aab7bfac002148c51, id_apl: APL01, key: RSU
2026-04-09 11:39:13 - getOutlet.php - Aplikasi ditemukan: Ya
2026-04-09 11:39:13 - getOutlet.php - Key aplikasi: YbcJSFjkds...
2026-04-09 11:39:13 - getOutlet.php - Expected encrypt: ce8d123a9badc46aab7bfac002148c51
2026-04-09 11:39:13 - getOutlet.php - Received encrypt: ce8d123a9badc46aab7bfac002148c51
2026-04-09 11:39:13 - getOutlet.php - Authentication berhasil
2026-04-09 11:39:13 - getOutlet.php - Query: SELECT id_out, nama_out, '' AS alamat_out, ofcode_out
            FROM outlet 
            WHERE status_out IN ('Active', '1', 'active')
            AND (nama_out LIKE :key OR ofcode_out LIKE :key)
            ORDER BY nama_out ASC
            LIMIT 20
2026-04-09 11:39:13 - getOutlet.php - Query berhasil, mengembalikan 20 record
2026-04-09 11:39:13 - getOutlet.php - === END REQUEST ===
2026-04-09 04:39:13 - getOutlet.php - === REQUEST GETOUTLET ===
2026-04-09 04:39:13 - getOutlet.php - Method: POST
2026-04-09 04:39:13 - getOutlet.php - POST data: {"tgl":"2026-04-09","encrypt":"ce8d123a9badc46aab7bfac002148c51","id_apl":"APL01","key":"RSU"}
2026-04-09 11:39:13 - getOutlet.php - Params - tgl: 2026-04-09, encrypt: ce8d123a9badc46aab7bfac002148c51, id_apl: APL01, key: RSU
2026-04-09 11:39:13 - getOutlet.php - Aplikasi ditemukan: Ya
2026-04-09 11:39:13 - getOutlet.php - Key aplikasi: YbcJSFjkds...
2026-04-09 11:39:13 - getOutlet.php - Expected encrypt: ce8d123a9badc46aab7bfac002148c51
2026-04-09 11:39:13 - getOutlet.php - Received encrypt: ce8d123a9badc46aab7bfac002148c51
2026-04-09 11:39:13 - getOutlet.php - Authentication berhasil
2026-04-09 11:39:13 - getOutlet.php - Query: SELECT id_out, nama_out, '' AS alamat_out, ofcode_out
            FROM outlet 
            WHERE status_out IN ('Active', '1', 'active')
            AND (nama_out LIKE :key OR ofcode_out LIKE :key)
            ORDER BY nama_out ASC
            LIMIT 20
2026-04-09 11:39:13 - getOutlet.php - Query berhasil, mengembalikan 20 record
2026-04-09 11:39:13 - getOutlet.php - === END REQUEST ===
2026-04-09 04:39:13 - getOutlet.php - === REQUEST GETOUTLET ===
2026-04-09 04:39:13 - getOutlet.php - Method: POST
2026-04-09 04:39:13 - getOutlet.php - POST data: {"tgl":"2026-04-09","encrypt":"ce8d123a9badc46aab7bfac002148c51","id_apl":"APL01","key":"RS"}
2026-04-09 11:39:13 - getOutlet.php - Params - tgl: 2026-04-09, encrypt: ce8d123a9badc46aab7bfac002148c51, id_apl: APL01, key: RS
2026-04-09 11:39:13 - getOutlet.php - Aplikasi ditemukan: Ya
2026-04-09 11:39:13 - getOutlet.php - Key aplikasi: YbcJSFjkds...
2026-04-09 11:39:13 - getOutlet.php - Expected encrypt: ce8d123a9badc46aab7bfac002148c51
2026-04-09 11:39:13 - getOutlet.php - Received encrypt: ce8d123a9badc46aab7bfac002148c51
2026-04-09 11:39:13 - getOutlet.php - Authentication berhasil
2026-04-09 11:39:13 - getOutlet.php - Query: SELECT id_out, nama_out, '' AS alamat_out, ofcode_out
            FROM outlet 
            WHERE status_out IN ('Active', '1', 'active')
            AND (nama_out LIKE :key OR ofcode_out LIKE :key)
            ORDER BY nama_out ASC
            LIMIT 20
2026-04-09 11:39:13 - getOutlet.php - Query berhasil, mengembalikan 20 record
2026-04-09 11:39:13 - getOutlet.php - === END REQUEST ===
2026-04-09 04:39:15 - getOutlet.php - === REQUEST GETOUTLET ===
2026-04-09 04:39:15 - getOutlet.php - Method: POST
2026-04-09 04:39:15 - getOutlet.php - POST data: {"tgl":"2026-04-09","encrypt":"ce8d123a9badc46aab7bfac002148c51","id_apl":"APL01","key":"Rs"}
2026-04-09 11:39:15 - getOutlet.php - Params - tgl: 2026-04-09, encrypt: ce8d123a9badc46aab7bfac002148c51, id_apl: APL01, key: Rs
2026-04-09 11:39:15 - getOutlet.php - Aplikasi ditemukan: Ya
2026-04-09 11:39:15 - getOutlet.php - Key aplikasi: YbcJSFjkds...
2026-04-09 11:39:15 - getOutlet.php - Expected encrypt: ce8d123a9badc46aab7bfac002148c51
2026-04-09 11:39:15 - getOutlet.php - Received encrypt: ce8d123a9badc46aab7bfac002148c51
2026-04-09 11:39:15 - getOutlet.php - Authentication berhasil
2026-04-09 11:39:15 - getOutlet.php - Query: SELECT id_out, nama_out, '' AS alamat_out, ofcode_out
            FROM outlet 
            WHERE status_out IN ('Active', '1', 'active')
            AND (nama_out LIKE :key OR ofcode_out LIKE :key)
            ORDER BY nama_out ASC
            LIMIT 20
2026-04-09 11:39:15 - getOutlet.php - Query berhasil, mengembalikan 20 record
2026-04-09 11:39:15 - getOutlet.php - === END REQUEST ===
2026-04-09 04:39:15 - getOutlet.php - === REQUEST GETOUTLET ===
2026-04-09 04:39:15 - getOutlet.php - Method: POST
2026-04-09 04:39:15 - getOutlet.php - POST data: {"tgl":"2026-04-09","encrypt":"ce8d123a9badc46aab7bfac002148c51","id_apl":"APL01","key":"RS"}
2026-04-09 11:39:15 - getOutlet.php - Params - tgl: 2026-04-09, encrypt: ce8d123a9badc46aab7bfac002148c51, id_apl: APL01, key: RS
2026-04-09 11:39:15 - getOutlet.php - Aplikasi ditemukan: Ya
2026-04-09 11:39:15 - getOutlet.php - Key aplikasi: YbcJSFjkds...
2026-04-09 11:39:15 - getOutlet.php - Expected encrypt: ce8d123a9badc46aab7bfac002148c51
2026-04-09 11:39:15 - getOutlet.php - Received encrypt: ce8d123a9badc46aab7bfac002148c51
2026-04-09 11:39:15 - getOutlet.php - Authentication berhasil
2026-04-09 11:39:15 - getOutlet.php - Query: SELECT id_out, nama_out, '' AS alamat_out, ofcode_out
            FROM outlet 
            WHERE status_out IN ('Active', '1', 'active')
            AND (nama_out LIKE :key OR ofcode_out LIKE :key)
            ORDER BY nama_out ASC
            LIMIT 20
2026-04-09 11:39:15 - getOutlet.php - Query berhasil, mengembalikan 20 record
2026-04-09 11:39:15 - getOutlet.php - === END REQUEST ===
2026-04-09 04:39:15 - getOutlet.php - === REQUEST GETOUTLET ===
2026-04-09 04:39:15 - getOutlet.php - Method: POST
2026-04-09 04:39:15 - getOutlet.php - POST data: {"tgl":"2026-04-09","encrypt":"ce8d123a9badc46aab7bfac002148c51","id_apl":"APL01","key":"RS a"}
2026-04-09 11:39:15 - getOutlet.php - Params - tgl: 2026-04-09, encrypt: ce8d123a9badc46aab7bfac002148c51, id_apl: APL01, key: RS a
2026-04-09 11:39:15 - getOutlet.php - Aplikasi ditemukan: Ya
2026-04-09 11:39:15 - getOutlet.php - Key aplikasi: YbcJSFjkds...
2026-04-09 11:39:15 - getOutlet.php - Expected encrypt: ce8d123a9badc46aab7bfac002148c51
2026-04-09 11:39:15 - getOutlet.php - Received encrypt: ce8d123a9badc46aab7bfac002148c51
2026-04-09 11:39:15 - getOutlet.php - Authentication berhasil
2026-04-09 11:39:15 - getOutlet.php - Query: SELECT id_out, nama_out, '' AS alamat_out, ofcode_out
            FROM outlet 
            WHERE status_out IN ('Active', '1', 'active')
            AND (nama_out LIKE :key OR ofcode_out LIKE :key)
            ORDER BY nama_out ASC
            LIMIT 20
2026-04-09 11:39:15 - getOutlet.php - Query berhasil, mengembalikan 18 record
2026-04-09 11:39:15 - getOutlet.php - === END REQUEST ===
2026-04-09 04:39:15 - getOutlet.php - === REQUEST GETOUTLET ===
2026-04-09 04:39:15 - getOutlet.php - Method: POST
2026-04-09 04:39:15 - getOutlet.php - POST data: {"tgl":"2026-04-09","encrypt":"ce8d123a9badc46aab7bfac002148c51","id_apl":"APL01","key":"RS an"}
2026-04-09 11:39:15 - getOutlet.php - Params - tgl: 2026-04-09, encrypt: ce8d123a9badc46aab7bfac002148c51, id_apl: APL01, key: RS an
2026-04-09 11:39:15 - getOutlet.php - Aplikasi ditemukan: Ya
2026-04-09 11:39:15 - getOutlet.php - Key aplikasi: YbcJSFjkds...
2026-04-09 11:39:15 - getOutlet.php - Expected encrypt: ce8d123a9badc46aab7bfac002148c51
2026-04-09 11:39:15 - getOutlet.php - Received encrypt: ce8d123a9badc46aab7bfac002148c51
2026-04-09 11:39:15 - getOutlet.php - Authentication berhasil
2026-04-09 11:39:15 - getOutlet.php - Query: SELECT id_out, nama_out, '' AS alamat_out, ofcode_out
            FROM outlet 
            WHERE status_out IN ('Active', '1', 'active')
            AND (nama_out LIKE :key OR ofcode_out LIKE :key)
            ORDER BY nama_out ASC
            LIMIT 20
2026-04-09 11:39:15 - getOutlet.php - Query berhasil, mengembalikan 8 record
2026-04-09 11:39:15 - getOutlet.php - === END REQUEST ===
2026-04-09 04:39:15 - getOutlet.php - === REQUEST GETOUTLET ===
2026-04-09 04:39:15 - getOutlet.php - Method: POST
2026-04-09 04:39:15 - getOutlet.php - POST data: {"tgl":"2026-04-09","encrypt":"ce8d123a9badc46aab7bfac002148c51","id_apl":"APL01","key":"RS ann"}
2026-04-09 11:39:15 - getOutlet.php - Params - tgl: 2026-04-09, encrypt: ce8d123a9badc46aab7bfac002148c51, id_apl: APL01, key: RS ann
2026-04-09 11:39:15 - getOutlet.php - Aplikasi ditemukan: Ya
2026-04-09 11:39:15 - getOutlet.php - Key aplikasi: YbcJSFjkds...
2026-04-09 11:39:15 - getOutlet.php - Expected encrypt: ce8d123a9badc46aab7bfac002148c51
2026-04-09 11:39:15 - getOutlet.php - Received encrypt: ce8d123a9badc46aab7bfac002148c51
2026-04-09 11:39:15 - getOutlet.php - Authentication berhasil
2026-04-09 11:39:15 - getOutlet.php - Query: SELECT id_out, nama_out, '' AS alamat_out, ofcode_out
            FROM outlet 
            WHERE status_out IN ('Active', '1', 'active')
            AND (nama_out LIKE :key OR ofcode_out LIKE :key)
            ORDER BY nama_out ASC
            LIMIT 20
2026-04-09 11:39:15 - getOutlet.php - Query berhasil, mengembalikan 2 record
2026-04-09 11:39:15 - getOutlet.php - === END REQUEST ===
2026-04-09 04:39:18 - getOutlet.php - === REQUEST GETOUTLET ===
2026-04-09 04:39:18 - getOutlet.php - Method: POST
2026-04-09 04:39:18 - getOutlet.php - POST data: {"tgl":"2026-04-09","encrypt":"ce8d123a9badc46aab7bfac002148c51","id_apl":"APL01","key":"RS an"}
2026-04-09 11:39:18 - getOutlet.php - Params - tgl: 2026-04-09, encrypt: ce8d123a9badc46aab7bfac002148c51, id_apl: APL01, key: RS an
2026-04-09 11:39:18 - getOutlet.php - Aplikasi ditemukan: Ya
2026-04-09 11:39:18 - getOutlet.php - Key aplikasi: YbcJSFjkds...
2026-04-09 11:39:18 - getOutlet.php - Expected encrypt: ce8d123a9badc46aab7bfac002148c51
2026-04-09 11:39:18 - getOutlet.php - Received encrypt: ce8d123a9badc46aab7bfac002148c51
2026-04-09 11:39:18 - getOutlet.php - Authentication berhasil
2026-04-09 11:39:18 - getOutlet.php - Query: SELECT id_out, nama_out, '' AS alamat_out, ofcode_out
            FROM outlet 
            WHERE status_out IN ('Active', '1', 'active')
            AND (nama_out LIKE :key OR ofcode_out LIKE :key)
            ORDER BY nama_out ASC
            LIMIT 20
2026-04-09 11:39:18 - getOutlet.php - Query berhasil, mengembalikan 8 record
2026-04-09 11:39:18 - getOutlet.php - === END REQUEST ===
2026-04-09 04:39:19 - getOutlet.php - === REQUEST GETOUTLET ===
2026-04-09 04:39:19 - getOutlet.php - Method: POST
2026-04-09 04:39:19 - getOutlet.php - POST data: {"tgl":"2026-04-09","encrypt":"ce8d123a9badc46aab7bfac002148c51","id_apl":"APL01","key":"RS AN-NISA"}
2026-04-09 11:39:19 - getOutlet.php - Params - tgl: 2026-04-09, encrypt: ce8d123a9badc46aab7bfac002148c51, id_apl: APL01, key: RS AN-NISA
2026-04-09 11:39:19 - getOutlet.php - Aplikasi ditemukan: Ya
2026-04-09 11:39:19 - getOutlet.php - Key aplikasi: YbcJSFjkds...
2026-04-09 11:39:19 - getOutlet.php - Expected encrypt: ce8d123a9badc46aab7bfac002148c51
2026-04-09 11:39:19 - getOutlet.php - Received encrypt: ce8d123a9badc46aab7bfac002148c51
2026-04-09 11:39:19 - getOutlet.php - Authentication berhasil
2026-04-09 11:39:19 - getOutlet.php - Query: SELECT id_out, nama_out, '' AS alamat_out, ofcode_out
            FROM outlet 
            WHERE status_out IN ('Active', '1', 'active')
            AND (nama_out LIKE :key OR ofcode_out LIKE :key)
            ORDER BY nama_out ASC
            LIMIT 20
2026-04-09 11:39:19 - getOutlet.php - Query berhasil, mengembalikan 1 record
2026-04-09 11:39:19 - getOutlet.php - === END REQUEST ===
2026-04-09 04:39:58 - getOutlet.php - === REQUEST GETOUTLET ===
2026-04-09 04:39:58 - getOutlet.php - Method: POST
2026-04-09 04:39:58 - getOutlet.php - POST data: {"tgl":"2026-04-09","encrypt":"ce8d123a9badc46aab7bfac002148c51","id_apl":"APL01","key":"Rs"}
2026-04-09 11:39:58 - getOutlet.php - Params - tgl: 2026-04-09, encrypt: ce8d123a9badc46aab7bfac002148c51, id_apl: APL01, key: Rs
2026-04-09 11:39:58 - getOutlet.php - Aplikasi ditemukan: Ya
2026-04-09 11:39:58 - getOutlet.php - Key aplikasi: YbcJSFjkds...
2026-04-09 11:39:58 - getOutlet.php - Expected encrypt: ce8d123a9badc46aab7bfac002148c51
2026-04-09 11:39:58 - getOutlet.php - Received encrypt: ce8d123a9badc46aab7bfac002148c51
2026-04-09 11:39:58 - getOutlet.php - Authentication berhasil
2026-04-09 11:39:58 - getOutlet.php - Query: SELECT id_out, nama_out, '' AS alamat_out, ofcode_out
            FROM outlet 
            WHERE status_out IN ('Active', '1', 'active')
            AND (nama_out LIKE :key OR ofcode_out LIKE :key)
            ORDER BY nama_out ASC
            LIMIT 20
2026-04-09 11:39:58 - getOutlet.php - Query berhasil, mengembalikan 20 record
2026-04-09 11:39:58 - getOutlet.php - === END REQUEST ===
2026-04-09 04:39:58 - getOutlet.php - === REQUEST GETOUTLET ===
2026-04-09 04:39:58 - getOutlet.php - Method: POST
2026-04-09 04:39:58 - getOutlet.php - POST data: {"tgl":"2026-04-09","encrypt":"ce8d123a9badc46aab7bfac002148c51","id_apl":"APL01","key":"Rsp"}
2026-04-09 11:39:58 - getOutlet.php - Params - tgl: 2026-04-09, encrypt: ce8d123a9badc46aab7bfac002148c51, id_apl: APL01, key: Rsp
2026-04-09 11:39:58 - getOutlet.php - Aplikasi ditemukan: Ya
2026-04-09 11:39:58 - getOutlet.php - Key aplikasi: YbcJSFjkds...
2026-04-09 11:39:58 - getOutlet.php - Expected encrypt: ce8d123a9badc46aab7bfac002148c51
2026-04-09 11:39:58 - getOutlet.php - Received encrypt: ce8d123a9badc46aab7bfac002148c51
2026-04-09 11:39:58 - getOutlet.php - Authentication berhasil
2026-04-09 11:39:58 - getOutlet.php - Query: SELECT id_out, nama_out, '' AS alamat_out, ofcode_out
            FROM outlet 
            WHERE status_out IN ('Active', '1', 'active')
            AND (nama_out LIKE :key OR ofcode_out LIKE :key)
            ORDER BY nama_out ASC
            LIMIT 20
2026-04-09 11:39:58 - getOutlet.php - Query berhasil, mengembalikan 3 record
2026-04-09 11:39:58 - getOutlet.php - === END REQUEST ===
2026-04-09 04:39:58 - getOutlet.php - === REQUEST GETOUTLET ===
2026-04-09 04:39:58 - getOutlet.php - Method: POST
2026-04-09 04:39:58 - getOutlet.php - POST data: {"tgl":"2026-04-09","encrypt":"ce8d123a9badc46aab7bfac002148c51","id_apl":"APL01","key":"Rspu"}
2026-04-09 11:39:58 - getOutlet.php - Params - tgl: 2026-04-09, encrypt: ce8d123a9badc46aab7bfac002148c51, id_apl: APL01, key: Rspu
2026-04-09 11:39:58 - getOutlet.php - Aplikasi ditemukan: Ya
2026-04-09 11:39:58 - getOutlet.php - Key aplikasi: YbcJSFjkds...
2026-04-09 11:39:58 - getOutlet.php - Expected encrypt: ce8d123a9badc46aab7bfac002148c51
2026-04-09 11:39:58 - getOutlet.php - Received encrypt: ce8d123a9badc46aab7bfac002148c51
2026-04-09 11:39:58 - getOutlet.php - Authentication berhasil
2026-04-09 11:39:58 - getOutlet.php - Query: SELECT id_out, nama_out, '' AS alamat_out, ofcode_out
            FROM outlet 
            WHERE status_out IN ('Active', '1', 'active')
            AND (nama_out LIKE :key OR ofcode_out LIKE :key)
            ORDER BY nama_out ASC
            LIMIT 20
2026-04-09 11:39:58 - getOutlet.php - Query berhasil, mengembalikan 0 record
2026-04-09 11:39:58 - getOutlet.php - === END REQUEST ===
2026-04-09 04:39:59 - getOutlet.php - === REQUEST GETOUTLET ===
2026-04-09 04:39:59 - getOutlet.php - Method: POST
2026-04-09 04:39:59 - getOutlet.php - POST data: {"tgl":"2026-04-09","encrypt":"ce8d123a9badc46aab7bfac002148c51","id_apl":"APL01","key":"Rsp"}
2026-04-09 11:39:59 - getOutlet.php - Params - tgl: 2026-04-09, encrypt: ce8d123a9badc46aab7bfac002148c51, id_apl: APL01, key: Rsp
2026-04-09 11:39:59 - getOutlet.php - Aplikasi ditemukan: Ya
2026-04-09 11:39:59 - getOutlet.php - Key aplikasi: YbcJSFjkds...
2026-04-09 11:39:59 - getOutlet.php - Expected encrypt: ce8d123a9badc46aab7bfac002148c51
2026-04-09 11:39:59 - getOutlet.php - Received encrypt: ce8d123a9badc46aab7bfac002148c51
2026-04-09 11:39:59 - getOutlet.php - Authentication berhasil
2026-04-09 11:39:59 - getOutlet.php - Query: SELECT id_out, nama_out, '' AS alamat_out, ofcode_out
            FROM outlet 
            WHERE status_out IN ('Active', '1', 'active')
            AND (nama_out LIKE :key OR ofcode_out LIKE :key)
            ORDER BY nama_out ASC
            LIMIT 20
2026-04-09 11:39:59 - getOutlet.php - Query berhasil, mengembalikan 3 record
2026-04-09 11:39:59 - getOutlet.php - === END REQUEST ===
2026-04-09 04:39:59 - getOutlet.php - === REQUEST GETOUTLET ===
2026-04-09 04:39:59 - getOutlet.php - Method: POST
2026-04-09 04:39:59 - getOutlet.php - POST data: {"tgl":"2026-04-09","encrypt":"ce8d123a9badc46aab7bfac002148c51","id_apl":"APL01","key":"Rspi"}
2026-04-09 11:39:59 - getOutlet.php - Params - tgl: 2026-04-09, encrypt: ce8d123a9badc46aab7bfac002148c51, id_apl: APL01, key: Rspi
2026-04-09 11:39:59 - getOutlet.php - Aplikasi ditemukan: Ya
2026-04-09 11:39:59 - getOutlet.php - Key aplikasi: YbcJSFjkds...
2026-04-09 11:39:59 - getOutlet.php - Expected encrypt: ce8d123a9badc46aab7bfac002148c51
2026-04-09 11:39:59 - getOutlet.php - Received encrypt: ce8d123a9badc46aab7bfac002148c51
2026-04-09 11:39:59 - getOutlet.php - Authentication berhasil
2026-04-09 11:39:59 - getOutlet.php - Query: SELECT id_out, nama_out, '' AS alamat_out, ofcode_out
            FROM outlet 
            WHERE status_out IN ('Active', '1', 'active')
            AND (nama_out LIKE :key OR ofcode_out LIKE :key)
            ORDER BY nama_out ASC
            LIMIT 20
2026-04-09 11:39:59 - getOutlet.php - Query berhasil, mengembalikan 2 record
2026-04-09 11:39:59 - getOutlet.php - === END REQUEST ===
2026-04-09 04:40:02 - getOutlet.php - === REQUEST GETOUTLET ===
2026-04-09 04:40:02 - getOutlet.php - Method: POST
2026-04-09 04:40:02 - getOutlet.php - POST data: {"tgl":"2026-04-09","encrypt":"ce8d123a9badc46aab7bfac002148c51","id_apl":"APL01","key":"RSPI Bintaro Jaya"}
2026-04-09 11:40:02 - getOutlet.php - Params - tgl: 2026-04-09, encrypt: ce8d123a9badc46aab7bfac002148c51, id_apl: APL01, key: RSPI Bintaro Jaya
2026-04-09 11:40:02 - getOutlet.php - Aplikasi ditemukan: Ya
2026-04-09 11:40:02 - getOutlet.php - Key aplikasi: YbcJSFjkds...
2026-04-09 11:40:02 - getOutlet.php - Expected encrypt: ce8d123a9badc46aab7bfac002148c51
2026-04-09 11:40:02 - getOutlet.php - Received encrypt: ce8d123a9badc46aab7bfac002148c51
2026-04-09 11:40:02 - getOutlet.php - Authentication berhasil
2026-04-09 11:40:02 - getOutlet.php - Query: SELECT id_out, nama_out, '' AS alamat_out, ofcode_out
            FROM outlet 
            WHERE status_out IN ('Active', '1', 'active')
            AND (nama_out LIKE :key OR ofcode_out LIKE :key)
            ORDER BY nama_out ASC
            LIMIT 20
2026-04-09 11:40:02 - getOutlet.php - Query berhasil, mengembalikan 1 record
2026-04-09 11:40:02 - getOutlet.php - === END REQUEST ===
2026-04-09 04:43:15 - getOutlet.php - === REQUEST GETOUTLET ===
2026-04-09 04:43:15 - getOutlet.php - Method: POST
2026-04-09 04:43:15 - getOutlet.php - POST data: {"tgl":"2026-04-09","encrypt":"ce8d123a9badc46aab7bfac002148c51","id_apl":"APL01","key":"He"}
2026-04-09 11:43:15 - getOutlet.php - Params - tgl: 2026-04-09, encrypt: ce8d123a9badc46aab7bfac002148c51, id_apl: APL01, key: He
2026-04-09 11:43:15 - getOutlet.php - Aplikasi ditemukan: Ya
2026-04-09 11:43:15 - getOutlet.php - Key aplikasi: YbcJSFjkds...
2026-04-09 11:43:15 - getOutlet.php - Expected encrypt: ce8d123a9badc46aab7bfac002148c51
2026-04-09 11:43:15 - getOutlet.php - Received encrypt: ce8d123a9badc46aab7bfac002148c51
2026-04-09 11:43:15 - getOutlet.php - Authentication berhasil
2026-04-09 11:43:15 - getOutlet.php - Query: SELECT id_out, nama_out, '' AS alamat_out, ofcode_out
            FROM outlet 
            WHERE status_out IN ('Active', '1', 'active')
            AND (nama_out LIKE :key OR ofcode_out LIKE :key)
            ORDER BY nama_out ASC
            LIMIT 20
2026-04-09 11:43:15 - getOutlet.php - Query berhasil, mengembalikan 19 record
2026-04-09 11:43:15 - getOutlet.php - === END REQUEST ===
2026-04-09 04:43:15 - getOutlet.php - === REQUEST GETOUTLET ===
2026-04-09 04:43:15 - getOutlet.php - Method: POST
2026-04-09 04:43:15 - getOutlet.php - POST data: {"tgl":"2026-04-09","encrypt":"ce8d123a9badc46aab7bfac002148c51","id_apl":"APL01","key":"Her"}
2026-04-09 11:43:15 - getOutlet.php - Params - tgl: 2026-04-09, encrypt: ce8d123a9badc46aab7bfac002148c51, id_apl: APL01, key: Her
2026-04-09 11:43:15 - getOutlet.php - Aplikasi ditemukan: Ya
2026-04-09 11:43:15 - getOutlet.php - Key aplikasi: YbcJSFjkds...
2026-04-09 11:43:15 - getOutlet.php - Expected encrypt: ce8d123a9badc46aab7bfac002148c51
2026-04-09 11:43:15 - getOutlet.php - Received encrypt: ce8d123a9badc46aab7bfac002148c51
2026-04-09 11:43:15 - getOutlet.php - Authentication berhasil
2026-04-09 11:43:15 - getOutlet.php - Query: SELECT id_out, nama_out, '' AS alamat_out, ofcode_out
            FROM outlet 
            WHERE status_out IN ('Active', '1', 'active')
            AND (nama_out LIKE :key OR ofcode_out LIKE :key)
            ORDER BY nama_out ASC
            LIMIT 20
2026-04-09 11:43:15 - getOutlet.php - Query berhasil, mengembalikan 10 record
2026-04-09 11:43:15 - getOutlet.php - === END REQUEST ===
2026-04-09 04:43:15 - getOutlet.php - === REQUEST GETOUTLET ===
2026-04-09 04:43:15 - getOutlet.php - Method: POST
2026-04-09 04:43:15 - getOutlet.php - POST data: {"tgl":"2026-04-09","encrypt":"ce8d123a9badc46aab7bfac002148c51","id_apl":"APL01","key":"Herm"}
2026-04-09 11:43:15 - getOutlet.php - Params - tgl: 2026-04-09, encrypt: ce8d123a9badc46aab7bfac002148c51, id_apl: APL01, key: Herm
2026-04-09 11:43:15 - getOutlet.php - Aplikasi ditemukan: Ya
2026-04-09 11:43:15 - getOutlet.php - Key aplikasi: YbcJSFjkds...
2026-04-09 11:43:15 - getOutlet.php - Expected encrypt: ce8d123a9badc46aab7bfac002148c51
2026-04-09 11:43:15 - getOutlet.php - Received encrypt: ce8d123a9badc46aab7bfac002148c51
2026-04-09 11:43:15 - getOutlet.php - Authentication berhasil
2026-04-09 11:43:15 - getOutlet.php - Query: SELECT id_out, nama_out, '' AS alamat_out, ofcode_out
            FROM outlet 
            WHERE status_out IN ('Active', '1', 'active')
            AND (nama_out LIKE :key OR ofcode_out LIKE :key)
            ORDER BY nama_out ASC
            LIMIT 20
2026-04-09 11:43:15 - getOutlet.php - Query berhasil, mengembalikan 9 record
2026-04-09 11:43:15 - getOutlet.php - === END REQUEST ===
2026-04-09 04:43:16 - getOutlet.php - === REQUEST GETOUTLET ===
2026-04-09 04:43:16 - getOutlet.php - Method: POST
2026-04-09 04:43:16 - getOutlet.php - POST data: {"tgl":"2026-04-09","encrypt":"ce8d123a9badc46aab7bfac002148c51","id_apl":"APL01","key":"Hermi"}
2026-04-09 11:43:16 - getOutlet.php - Params - tgl: 2026-04-09, encrypt: ce8d123a9badc46aab7bfac002148c51, id_apl: APL01, key: Hermi
2026-04-09 11:43:16 - getOutlet.php - Aplikasi ditemukan: Ya
2026-04-09 11:43:16 - getOutlet.php - Key aplikasi: YbcJSFjkds...
2026-04-09 11:43:16 - getOutlet.php - Expected encrypt: ce8d123a9badc46aab7bfac002148c51
2026-04-09 11:43:16 - getOutlet.php - Received encrypt: ce8d123a9badc46aab7bfac002148c51
2026-04-09 11:43:16 - getOutlet.php - Authentication berhasil
2026-04-09 11:43:16 - getOutlet.php - Query: SELECT id_out, nama_out, '' AS alamat_out, ofcode_out
            FROM outlet 
            WHERE status_out IN ('Active', '1', 'active')
            AND (nama_out LIKE :key OR ofcode_out LIKE :key)
            ORDER BY nama_out ASC
            LIMIT 20
2026-04-09 11:43:16 - getOutlet.php - Query berhasil, mengembalikan 9 record
2026-04-09 11:43:16 - getOutlet.php - === END REQUEST ===
2026-04-09 04:43:16 - getOutlet.php - === REQUEST GETOUTLET ===
2026-04-09 04:43:16 - getOutlet.php - Method: POST
2026-04-09 04:43:16 - getOutlet.php - POST data: {"tgl":"2026-04-09","encrypt":"ce8d123a9badc46aab7bfac002148c51","id_apl":"APL01","key":"Hermin"}
2026-04-09 11:43:16 - getOutlet.php - Params - tgl: 2026-04-09, encrypt: ce8d123a9badc46aab7bfac002148c51, id_apl: APL01, key: Hermin
2026-04-09 11:43:16 - getOutlet.php - Aplikasi ditemukan: Ya
2026-04-09 11:43:16 - getOutlet.php - Key aplikasi: YbcJSFjkds...
2026-04-09 11:43:16 - getOutlet.php - Expected encrypt: ce8d123a9badc46aab7bfac002148c51
2026-04-09 11:43:16 - getOutlet.php - Received encrypt: ce8d123a9badc46aab7bfac002148c51
2026-04-09 11:43:16 - getOutlet.php - Authentication berhasil
2026-04-09 11:43:16 - getOutlet.php - Query: SELECT id_out, nama_out, '' AS alamat_out, ofcode_out
            FROM outlet 
            WHERE status_out IN ('Active', '1', 'active')
            AND (nama_out LIKE :key OR ofcode_out LIKE :key)
            ORDER BY nama_out ASC
            LIMIT 20
2026-04-09 11:43:16 - getOutlet.php - Query berhasil, mengembalikan 9 record
2026-04-09 11:43:16 - getOutlet.php - === END REQUEST ===
2026-04-09 04:43:18 - getOutlet.php - === REQUEST GETOUTLET ===
2026-04-09 04:43:18 - getOutlet.php - Method: POST
2026-04-09 04:43:18 - getOutlet.php - POST data: {"tgl":"2026-04-09","encrypt":"ce8d123a9badc46aab7bfac002148c51","id_apl":"APL01","key":"RS Hermina Tangerang"}
2026-04-09 11:43:18 - getOutlet.php - Params - tgl: 2026-04-09, encrypt: ce8d123a9badc46aab7bfac002148c51, id_apl: APL01, key: RS Hermina Tangerang
2026-04-09 11:43:18 - getOutlet.php - Aplikasi ditemukan: Ya
2026-04-09 11:43:18 - getOutlet.php - Key aplikasi: YbcJSFjkds...
2026-04-09 11:43:18 - getOutlet.php - Expected encrypt: ce8d123a9badc46aab7bfac002148c51
2026-04-09 11:43:18 - getOutlet.php - Received encrypt: ce8d123a9badc46aab7bfac002148c51
2026-04-09 11:43:18 - getOutlet.php - Authentication berhasil
2026-04-09 11:43:18 - getOutlet.php - Query: SELECT id_out, nama_out, '' AS alamat_out, ofcode_out
            FROM outlet 
            WHERE status_out IN ('Active', '1', 'active')
            AND (nama_out LIKE :key OR ofcode_out LIKE :key)
            ORDER BY nama_out ASC
            LIMIT 20
2026-04-09 11:43:18 - getOutlet.php - Query berhasil, mengembalikan 1 record
2026-04-09 11:43:18 - getOutlet.php - === END REQUEST ===
2026-04-09 04:46:10 - getOutlet.php - === REQUEST GETOUTLET ===
2026-04-09 04:46:10 - getOutlet.php - Method: POST
2026-04-09 04:46:10 - getOutlet.php - POST data: {"tgl":"2026-04-09","encrypt":"ce8d123a9badc46aab7bfac002148c51","id_apl":"APL01","key":"Rs"}
2026-04-09 11:46:10 - getOutlet.php - Params - tgl: 2026-04-09, encrypt: ce8d123a9badc46aab7bfac002148c51, id_apl: APL01, key: Rs
2026-04-09 11:46:14 - getOutlet.php - Aplikasi ditemukan: Ya
2026-04-09 11:46:14 - getOutlet.php - Key aplikasi: YbcJSFjkds...
2026-04-09 11:46:14 - getOutlet.php - Expected encrypt: ce8d123a9badc46aab7bfac002148c51
2026-04-09 11:46:14 - getOutlet.php - Received encrypt: ce8d123a9badc46aab7bfac002148c51
2026-04-09 11:46:14 - getOutlet.php - Authentication berhasil
2026-04-09 11:46:14 - getOutlet.php - Query: SELECT id_out, nama_out, '' AS alamat_out, ofcode_out
            FROM outlet 
            WHERE status_out IN ('Active', '1', 'active')
            AND (nama_out LIKE :key OR ofcode_out LIKE :key)
            ORDER BY nama_out ASC
            LIMIT 20
2026-04-09 11:46:14 - getOutlet.php - Query berhasil, mengembalikan 20 record
2026-04-09 11:46:14 - getOutlet.php - === END REQUEST ===
2026-04-09 04:46:16 - getOutlet.php - === REQUEST GETOUTLET ===
2026-04-09 04:46:16 - getOutlet.php - Method: POST
2026-04-09 04:46:16 - getOutlet.php - POST data: {"tgl":"2026-04-09","encrypt":"ce8d123a9badc46aab7bfac002148c51","id_apl":"APL01","key":"RS"}
2026-04-09 11:46:16 - getOutlet.php - Params - tgl: 2026-04-09, encrypt: ce8d123a9badc46aab7bfac002148c51, id_apl: APL01, key: RS
2026-04-09 04:46:16 - getOutlet.php - === REQUEST GETOUTLET ===
2026-04-09 04:46:16 - getOutlet.php - Method: POST
2026-04-09 04:46:16 - getOutlet.php - POST data: {"tgl":"2026-04-09","encrypt":"ce8d123a9badc46aab7bfac002148c51","id_apl":"APL01","key":"RS m"}
2026-04-09 11:46:16 - getOutlet.php - Params - tgl: 2026-04-09, encrypt: ce8d123a9badc46aab7bfac002148c51, id_apl: APL01, key: RS m
2026-04-09 11:46:16 - getOutlet.php - Aplikasi ditemukan: Ya
2026-04-09 11:46:16 - getOutlet.php - Key aplikasi: YbcJSFjkds...
2026-04-09 11:46:16 - getOutlet.php - Expected encrypt: ce8d123a9badc46aab7bfac002148c51
2026-04-09 11:46:16 - getOutlet.php - Received encrypt: ce8d123a9badc46aab7bfac002148c51
2026-04-09 11:46:16 - getOutlet.php - Authentication berhasil
2026-04-09 11:46:16 - getOutlet.php - Query: SELECT id_out, nama_out, '' AS alamat_out, ofcode_out
            FROM outlet 
            WHERE status_out IN ('Active', '1', 'active')
            AND (nama_out LIKE :key OR ofcode_out LIKE :key)
            ORDER BY nama_out ASC
            LIMIT 20
2026-04-09 11:46:16 - getOutlet.php - Query berhasil, mengembalikan 20 record
2026-04-09 11:46:16 - getOutlet.php - === END REQUEST ===
2026-04-09 11:46:16 - getOutlet.php - Aplikasi ditemukan: Ya
2026-04-09 11:46:16 - getOutlet.php - Key aplikasi: YbcJSFjkds...
2026-04-09 11:46:16 - getOutlet.php - Expected encrypt: ce8d123a9badc46aab7bfac002148c51
2026-04-09 11:46:16 - getOutlet.php - Received encrypt: ce8d123a9badc46aab7bfac002148c51
2026-04-09 11:46:16 - getOutlet.php - Authentication berhasil
2026-04-09 11:46:16 - getOutlet.php - Query: SELECT id_out, nama_out, '' AS alamat_out, ofcode_out
            FROM outlet 
            WHERE status_out IN ('Active', '1', 'active')
            AND (nama_out LIKE :key OR ofcode_out LIKE :key)
            ORDER BY nama_out ASC
            LIMIT 20
2026-04-09 11:46:16 - getOutlet.php - Query berhasil, mengembalikan 20 record
2026-04-09 11:46:16 - getOutlet.php - === END REQUEST ===
2026-04-09 04:46:17 - getOutlet.php - === REQUEST GETOUTLET ===
2026-04-09 04:46:17 - getOutlet.php - Method: POST
2026-04-09 04:46:17 - getOutlet.php - POST data: {"tgl":"2026-04-09","encrypt":"ce8d123a9badc46aab7bfac002148c51","id_apl":"APL01","key":"RS ma"}
2026-04-09 11:46:17 - getOutlet.php - Params - tgl: 2026-04-09, encrypt: ce8d123a9badc46aab7bfac002148c51, id_apl: APL01, key: RS ma
2026-04-09 04:46:17 - getOutlet.php - === REQUEST GETOUTLET ===
2026-04-09 04:46:17 - getOutlet.php - Method: POST
2026-04-09 04:46:17 - getOutlet.php - POST data: {"tgl":"2026-04-09","encrypt":"ce8d123a9badc46aab7bfac002148c51","id_apl":"APL01","key":"RS mat"}
2026-04-09 11:46:17 - getOutlet.php - Params - tgl: 2026-04-09, encrypt: ce8d123a9badc46aab7bfac002148c51, id_apl: APL01, key: RS mat
2026-04-09 04:46:17 - getOutlet.php - === REQUEST GETOUTLET ===
2026-04-09 04:46:17 - getOutlet.php - Method: POST
2026-04-09 04:46:17 - getOutlet.php - POST data: {"tgl":"2026-04-09","encrypt":"ce8d123a9badc46aab7bfac002148c51","id_apl":"APL01","key":"RS mata JEC"}
2026-04-09 11:46:17 - getOutlet.php - Params - tgl: 2026-04-09, encrypt: ce8d123a9badc46aab7bfac002148c51, id_apl: APL01, key: RS mata JEC
2026-04-09 11:46:17 - getOutlet.php - Aplikasi ditemukan: Ya
2026-04-09 11:46:17 - getOutlet.php - Key aplikasi: YbcJSFjkds...
2026-04-09 11:46:17 - getOutlet.php - Expected encrypt: ce8d123a9badc46aab7bfac002148c51
2026-04-09 11:46:17 - getOutlet.php - Received encrypt: ce8d123a9badc46aab7bfac002148c51
2026-04-09 11:46:17 - getOutlet.php - Authentication berhasil
2026-04-09 04:46:17 - getOutlet.php - === REQUEST GETOUTLET ===
2026-04-09 04:46:17 - getOutlet.php - Method: POST
2026-04-09 04:46:17 - getOutlet.php - POST data: {"tgl":"2026-04-09","encrypt":"ce8d123a9badc46aab7bfac002148c51","id_apl":"APL01","key":"RS mata"}
2026-04-09 11:46:17 - getOutlet.php - Params - tgl: 2026-04-09, encrypt: ce8d123a9badc46aab7bfac002148c51, id_apl: APL01, key: RS mata
2026-04-09 11:46:17 - getOutlet.php - Query: SELECT id_out, nama_out, '' AS alamat_out, ofcode_out
            FROM outlet 
            WHERE status_out IN ('Active', '1', 'active')
            AND (nama_out LIKE :key OR ofcode_out LIKE :key)
            ORDER BY nama_out ASC
            LIMIT 20
2026-04-09 11:46:17 - getOutlet.php - Aplikasi ditemukan: Ya
2026-04-09 11:46:17 - getOutlet.php - Key aplikasi: YbcJSFjkds...
2026-04-09 11:46:17 - getOutlet.php - Expected encrypt: ce8d123a9badc46aab7bfac002148c51
2026-04-09 11:46:17 - getOutlet.php - Received encrypt: ce8d123a9badc46aab7bfac002148c51
2026-04-09 11:46:17 - getOutlet.php - Authentication berhasil
2026-04-09 11:46:17 - getOutlet.php - Query: SELECT id_out, nama_out, '' AS alamat_out, ofcode_out
            FROM outlet 
            WHERE status_out IN ('Active', '1', 'active')
            AND (nama_out LIKE :key OR ofcode_out LIKE :key)
            ORDER BY nama_out ASC
            LIMIT 20
2026-04-09 11:46:17 - getOutlet.php - Query berhasil, mengembalikan 8 record
2026-04-09 11:46:17 - getOutlet.php - === END REQUEST ===
2026-04-09 11:46:17 - getOutlet.php - Query berhasil, mengembalikan 18 record
2026-04-09 11:46:17 - getOutlet.php - === END REQUEST ===
2026-04-09 11:46:17 - getOutlet.php - Aplikasi ditemukan: Ya
2026-04-09 11:46:17 - getOutlet.php - Key aplikasi: YbcJSFjkds...
2026-04-09 11:46:17 - getOutlet.php - Expected encrypt: ce8d123a9badc46aab7bfac002148c51
2026-04-09 11:46:17 - getOutlet.php - Received encrypt: ce8d123a9badc46aab7bfac002148c51
2026-04-09 11:46:17 - getOutlet.php - Authentication berhasil
2026-04-09 11:46:17 - getOutlet.php - Query: SELECT id_out, nama_out, '' AS alamat_out, ofcode_out
            FROM outlet 
            WHERE status_out IN ('Active', '1', 'active')
            AND (nama_out LIKE :key OR ofcode_out LIKE :key)
            ORDER BY nama_out ASC
            LIMIT 20
2026-04-09 04:46:17 - getOutlet.php - === REQUEST GETOUTLET ===
2026-04-09 04:46:17 - getOutlet.php - Method: POST
2026-04-09 04:46:17 - getOutlet.php - POST data: {"tgl":"2026-04-09","encrypt":"ce8d123a9badc46aab7bfac002148c51","id_apl":"APL01","key":"RS mata"}
2026-04-09 11:46:17 - getOutlet.php - Params - tgl: 2026-04-09, encrypt: ce8d123a9badc46aab7bfac002148c51, id_apl: APL01, key: RS mata
2026-04-09 11:46:17 - getOutlet.php - Query berhasil, mengembalikan 8 record
2026-04-09 11:46:17 - getOutlet.php - === END REQUEST ===
2026-04-09 04:46:17 - getOutlet.php - === REQUEST GETOUTLET ===
2026-04-09 04:46:17 - getOutlet.php - Method: POST
2026-04-09 04:46:17 - getOutlet.php - POST data: {"tgl":"2026-04-09","encrypt":"ce8d123a9badc46aab7bfac002148c51","id_apl":"APL01","key":"RS mata JEC Kedoya"}
2026-04-09 11:46:17 - getOutlet.php - Params - tgl: 2026-04-09, encrypt: ce8d123a9badc46aab7bfac002148c51, id_apl: APL01, key: RS mata JEC Kedoya
2026-04-09 11:46:17 - getOutlet.php - Aplikasi ditemukan: Ya
2026-04-09 11:46:17 - getOutlet.php - Key aplikasi: YbcJSFjkds...
2026-04-09 11:46:17 - getOutlet.php - Expected encrypt: ce8d123a9badc46aab7bfac002148c51
2026-04-09 11:46:17 - getOutlet.php - Received encrypt: ce8d123a9badc46aab7bfac002148c51
2026-04-09 11:46:17 - getOutlet.php - Authentication berhasil
2026-04-09 11:46:17 - getOutlet.php - Aplikasi ditemukan: Ya
2026-04-09 11:46:17 - getOutlet.php - Key aplikasi: YbcJSFjkds...
2026-04-09 11:46:17 - getOutlet.php - Expected encrypt: ce8d123a9badc46aab7bfac002148c51
2026-04-09 11:46:17 - getOutlet.php - Received encrypt: ce8d123a9badc46aab7bfac002148c51
2026-04-09 11:46:17 - getOutlet.php - Authentication berhasil
2026-04-09 11:46:17 - getOutlet.php - Aplikasi ditemukan: Ya
2026-04-09 11:46:17 - getOutlet.php - Key aplikasi: YbcJSFjkds...
2026-04-09 11:46:17 - getOutlet.php - Expected encrypt: ce8d123a9badc46aab7bfac002148c51
2026-04-09 11:46:17 - getOutlet.php - Received encrypt: ce8d123a9badc46aab7bfac002148c51
2026-04-09 11:46:17 - getOutlet.php - Authentication berhasil
2026-04-09 11:46:17 - getOutlet.php - Query: SELECT id_out, nama_out, '' AS alamat_out, ofcode_out
            FROM outlet 
            WHERE status_out IN ('Active', '1', 'active')
            AND (nama_out LIKE :key OR ofcode_out LIKE :key)
            ORDER BY nama_out ASC
            LIMIT 20
2026-04-09 11:46:17 - getOutlet.php - Query berhasil, mengembalikan 1 record
2026-04-09 11:46:17 - getOutlet.php - === END REQUEST ===
2026-04-09 11:46:17 - getOutlet.php - Query: SELECT id_out, nama_out, '' AS alamat_out, ofcode_out
            FROM outlet 
            WHERE status_out IN ('Active', '1', 'active')
            AND (nama_out LIKE :key OR ofcode_out LIKE :key)
            ORDER BY nama_out ASC
            LIMIT 20
2026-04-09 11:46:17 - getOutlet.php - Query berhasil, mengembalikan 8 record
2026-04-09 11:46:17 - getOutlet.php - === END REQUEST ===
2026-04-09 11:46:17 - getOutlet.php - Query: SELECT id_out, nama_out, '' AS alamat_out, ofcode_out
            FROM outlet 
            WHERE status_out IN ('Active', '1', 'active')
            AND (nama_out LIKE :key OR ofcode_out LIKE :key)
            ORDER BY nama_out ASC
            LIMIT 20
2026-04-09 11:46:17 - getOutlet.php - Query berhasil, mengembalikan 5 record
2026-04-09 11:46:17 - getOutlet.php - === END REQUEST ===
2026-04-09 04:46:22 - getOutlet.php - === REQUEST GETOUTLET ===
2026-04-09 04:46:22 - getOutlet.php - Method: POST
2026-04-09 04:46:22 - getOutlet.php - POST data: {"tgl":"2026-04-09","encrypt":"ce8d123a9badc46aab7bfac002148c51","id_apl":"APL01","key":"RS MATA JEC KEDOYA"}
2026-04-09 11:46:22 - getOutlet.php - Params - tgl: 2026-04-09, encrypt: ce8d123a9badc46aab7bfac002148c51, id_apl: APL01, key: RS MATA JEC KEDOYA
2026-04-09 11:46:22 - getOutlet.php - Aplikasi ditemukan: Ya
2026-04-09 11:46:22 - getOutlet.php - Key aplikasi: YbcJSFjkds...
2026-04-09 11:46:22 - getOutlet.php - Expected encrypt: ce8d123a9badc46aab7bfac002148c51
2026-04-09 11:46:22 - getOutlet.php - Received encrypt: ce8d123a9badc46aab7bfac002148c51
2026-04-09 11:46:22 - getOutlet.php - Authentication berhasil
2026-04-09 11:46:22 - getOutlet.php - Query: SELECT id_out, nama_out, '' AS alamat_out, ofcode_out
            FROM outlet 
            WHERE status_out IN ('Active', '1', 'active')
            AND (nama_out LIKE :key OR ofcode_out LIKE :key)
            ORDER BY nama_out ASC
            LIMIT 20
2026-04-09 11:46:22 - getOutlet.php - Query berhasil, mengembalikan 1 record
2026-04-09 11:46:22 - getOutlet.php - === END REQUEST ===
2026-04-09 04:48:52 - getOutlet.php - === REQUEST GETOUTLET ===
2026-04-09 04:48:52 - getOutlet.php - Method: POST
2026-04-09 04:48:52 - getOutlet.php - POST data: {"tgl":"2026-04-09","encrypt":"ce8d123a9badc46aab7bfac002148c51","id_apl":"APL01","key":"Rs"}
2026-04-09 11:48:52 - getOutlet.php - Params - tgl: 2026-04-09, encrypt: ce8d123a9badc46aab7bfac002148c51, id_apl: APL01, key: Rs
2026-04-09 11:48:52 - getOutlet.php - Aplikasi ditemukan: Ya
2026-04-09 11:48:52 - getOutlet.php - Key aplikasi: YbcJSFjkds...
2026-04-09 11:48:52 - getOutlet.php - Expected encrypt: ce8d123a9badc46aab7bfac002148c51
2026-04-09 11:48:52 - getOutlet.php - Received encrypt: ce8d123a9badc46aab7bfac002148c51
2026-04-09 11:48:52 - getOutlet.php - Authentication berhasil
2026-04-09 11:48:52 - getOutlet.php - Query: SELECT id_out, nama_out, '' AS alamat_out, ofcode_out
            FROM outlet 
            WHERE status_out IN ('Active', '1', 'active')
            AND (nama_out LIKE :key OR ofcode_out LIKE :key)
            ORDER BY nama_out ASC
            LIMIT 20
2026-04-09 11:48:52 - getOutlet.php - Query berhasil, mengembalikan 20 record
2026-04-09 11:48:52 - getOutlet.php - === END REQUEST ===
2026-04-09 04:48:53 - getOutlet.php - === REQUEST GETOUTLET ===
2026-04-09 04:48:53 - getOutlet.php - Method: POST
2026-04-09 04:48:53 - getOutlet.php - POST data: {"tgl":"2026-04-09","encrypt":"ce8d123a9badc46aab7bfac002148c51","id_apl":"APL01","key":"Rsu"}
2026-04-09 11:48:53 - getOutlet.php - Params - tgl: 2026-04-09, encrypt: ce8d123a9badc46aab7bfac002148c51, id_apl: APL01, key: Rsu
2026-04-09 11:48:53 - getOutlet.php - Aplikasi ditemukan: Ya
2026-04-09 11:48:53 - getOutlet.php - Key aplikasi: YbcJSFjkds...
2026-04-09 11:48:53 - getOutlet.php - Expected encrypt: ce8d123a9badc46aab7bfac002148c51
2026-04-09 11:48:53 - getOutlet.php - Received encrypt: ce8d123a9badc46aab7bfac002148c51
2026-04-09 11:48:53 - getOutlet.php - Authentication berhasil
2026-04-09 04:48:53 - getOutlet.php - === REQUEST GETOUTLET ===
2026-04-09 04:48:53 - getOutlet.php - Method: POST
2026-04-09 04:48:53 - getOutlet.php - POST data: {"tgl":"2026-04-09","encrypt":"ce8d123a9badc46aab7bfac002148c51","id_apl":"APL01","key":"Rsup"}
2026-04-09 11:48:53 - getOutlet.php - Query: SELECT id_out, nama_out, '' AS alamat_out, ofcode_out
            FROM outlet 
            WHERE status_out IN ('Active', '1', 'active')
            AND (nama_out LIKE :key OR ofcode_out LIKE :key)
            ORDER BY nama_out ASC
            LIMIT 20
2026-04-09 11:48:53 - getOutlet.php - Params - tgl: 2026-04-09, encrypt: ce8d123a9badc46aab7bfac002148c51, id_apl: APL01, key: Rsup
2026-04-09 11:48:53 - getOutlet.php - Aplikasi ditemukan: Ya
2026-04-09 11:48:53 - getOutlet.php - Key aplikasi: YbcJSFjkds...
2026-04-09 11:48:53 - getOutlet.php - Query berhasil, mengembalikan 20 record
2026-04-09 11:48:53 - getOutlet.php - Expected encrypt: ce8d123a9badc46aab7bfac002148c51
2026-04-09 11:48:53 - getOutlet.php - === END REQUEST ===
2026-04-09 11:48:53 - getOutlet.php - Received encrypt: ce8d123a9badc46aab7bfac002148c51
2026-04-09 11:48:53 - getOutlet.php - Authentication berhasil
2026-04-09 11:48:53 - getOutlet.php - Query: SELECT id_out, nama_out, '' AS alamat_out, ofcode_out
            FROM outlet 
            WHERE status_out IN ('Active', '1', 'active')
            AND (nama_out LIKE :key OR ofcode_out LIKE :key)
            ORDER BY nama_out ASC
            LIMIT 20
2026-04-09 11:48:53 - getOutlet.php - Query berhasil, mengembalikan 3 record
2026-04-09 11:48:53 - getOutlet.php - === END REQUEST ===
2026-04-09 04:48:53 - getOutlet.php - === REQUEST GETOUTLET ===
2026-04-09 04:48:53 - getOutlet.php - Method: POST
2026-04-09 04:48:53 - getOutlet.php - POST data: {"tgl":"2026-04-09","encrypt":"ce8d123a9badc46aab7bfac002148c51","id_apl":"APL01","key":"RSUP"}
2026-04-09 11:48:53 - getOutlet.php - Params - tgl: 2026-04-09, encrypt: ce8d123a9badc46aab7bfac002148c51, id_apl: APL01, key: RSUP
2026-04-09 11:48:53 - getOutlet.php - Aplikasi ditemukan: Ya
2026-04-09 11:48:53 - getOutlet.php - Key aplikasi: YbcJSFjkds...
2026-04-09 11:48:53 - getOutlet.php - Expected encrypt: ce8d123a9badc46aab7bfac002148c51
2026-04-09 11:48:53 - getOutlet.php - Received encrypt: ce8d123a9badc46aab7bfac002148c51
2026-04-09 11:48:53 - getOutlet.php - Authentication berhasil
2026-04-09 11:48:53 - getOutlet.php - Query: SELECT id_out, nama_out, '' AS alamat_out, ofcode_out
            FROM outlet 
            WHERE status_out IN ('Active', '1', 'active')
            AND (nama_out LIKE :key OR ofcode_out LIKE :key)
            ORDER BY nama_out ASC
            LIMIT 20
2026-04-09 11:48:53 - getOutlet.php - Query berhasil, mengembalikan 3 record
2026-04-09 11:48:53 - getOutlet.php - === END REQUEST ===
2026-04-09 04:48:58 - getOutlet.php - === REQUEST GETOUTLET ===
2026-04-09 04:48:58 - getOutlet.php - Method: POST
2026-04-09 04:48:58 - getOutlet.php - POST data: {"tgl":"2026-04-09","encrypt":"ce8d123a9badc46aab7bfac002148c51","id_apl":"APL01","key":"RSUP FATMAWATI JAKARTA"}
2026-04-09 11:48:58 - getOutlet.php - Params - tgl: 2026-04-09, encrypt: ce8d123a9badc46aab7bfac002148c51, id_apl: APL01, key: RSUP FATMAWATI JAKARTA
2026-04-09 11:48:58 - getOutlet.php - Aplikasi ditemukan: Ya
2026-04-09 11:48:58 - getOutlet.php - Key aplikasi: YbcJSFjkds...
2026-04-09 11:48:58 - getOutlet.php - Expected encrypt: ce8d123a9badc46aab7bfac002148c51
2026-04-09 11:48:58 - getOutlet.php - Received encrypt: ce8d123a9badc46aab7bfac002148c51
2026-04-09 11:48:58 - getOutlet.php - Authentication berhasil
2026-04-09 11:48:58 - getOutlet.php - Query: SELECT id_out, nama_out, '' AS alamat_out, ofcode_out
            FROM outlet 
            WHERE status_out IN ('Active', '1', 'active')
            AND (nama_out LIKE :key OR ofcode_out LIKE :key)
            ORDER BY nama_out ASC
            LIMIT 20
2026-04-09 11:48:58 - getOutlet.php - Query berhasil, mengembalikan 1 record
2026-04-09 11:48:58 - getOutlet.php - === END REQUEST ===
2026-04-09 04:49:09 - getOutlet.php - === REQUEST GETOUTLET ===
2026-04-09 04:49:09 - getOutlet.php - Method: POST
2026-04-09 04:49:09 - getOutlet.php - POST data: {"tgl":"2026-04-09","encrypt":"ce8d123a9badc46aab7bfac002148c51","id_apl":"APL01","key":"Rs"}
2026-04-09 11:49:09 - getOutlet.php - Params - tgl: 2026-04-09, encrypt: ce8d123a9badc46aab7bfac002148c51, id_apl: APL01, key: Rs
2026-04-09 11:49:09 - getOutlet.php - Aplikasi ditemukan: Ya
2026-04-09 11:49:09 - getOutlet.php - Key aplikasi: YbcJSFjkds...
2026-04-09 11:49:09 - getOutlet.php - Expected encrypt: ce8d123a9badc46aab7bfac002148c51
2026-04-09 11:49:09 - getOutlet.php - Received encrypt: ce8d123a9badc46aab7bfac002148c51
2026-04-09 11:49:09 - getOutlet.php - Authentication berhasil
2026-04-09 11:49:09 - getOutlet.php - Query: SELECT id_out, nama_out, '' AS alamat_out, ofcode_out
            FROM outlet 
            WHERE status_out IN ('Active', '1', 'active')
            AND (nama_out LIKE :key OR ofcode_out LIKE :key)
            ORDER BY nama_out ASC
            LIMIT 20
2026-04-09 11:49:09 - getOutlet.php - Query berhasil, mengembalikan 20 record
2026-04-09 11:49:09 - getOutlet.php - === END REQUEST ===
2026-04-09 04:49:10 - getOutlet.php - === REQUEST GETOUTLET ===
2026-04-09 04:49:10 - getOutlet.php - Method: POST
2026-04-09 04:49:10 - getOutlet.php - POST data: {"tgl":"2026-04-09","encrypt":"ce8d123a9badc46aab7bfac002148c51","id_apl":"APL01","key":"RS"}
2026-04-09 11:49:10 - getOutlet.php - Params - tgl: 2026-04-09, encrypt: ce8d123a9badc46aab7bfac002148c51, id_apl: APL01, key: RS
2026-04-09 11:49:10 - getOutlet.php - Aplikasi ditemukan: Ya
2026-04-09 11:49:10 - getOutlet.php - Key aplikasi: YbcJSFjkds...
2026-04-09 11:49:10 - getOutlet.php - Expected encrypt: ce8d123a9badc46aab7bfac002148c51
2026-04-09 11:49:10 - getOutlet.php - Received encrypt: ce8d123a9badc46aab7bfac002148c51
2026-04-09 11:49:10 - getOutlet.php - Authentication berhasil
2026-04-09 11:49:10 - getOutlet.php - Query: SELECT id_out, nama_out, '' AS alamat_out, ofcode_out
            FROM outlet 
            WHERE status_out IN ('Active', '1', 'active')
            AND (nama_out LIKE :key OR ofcode_out LIKE :key)
            ORDER BY nama_out ASC
            LIMIT 20
2026-04-09 11:49:10 - getOutlet.php - Query berhasil, mengembalikan 20 record
2026-04-09 11:49:10 - getOutlet.php - === END REQUEST ===
2026-04-09 04:49:10 - getOutlet.php - === REQUEST GETOUTLET ===
2026-04-09 04:49:10 - getOutlet.php - Method: POST
2026-04-09 04:49:10 - getOutlet.php - POST data: {"tgl":"2026-04-09","encrypt":"ce8d123a9badc46aab7bfac002148c51","id_apl":"APL01","key":"RS p"}
2026-04-09 11:49:10 - getOutlet.php - Params - tgl: 2026-04-09, encrypt: ce8d123a9badc46aab7bfac002148c51, id_apl: APL01, key: RS p
2026-04-09 11:49:10 - getOutlet.php - Aplikasi ditemukan: Ya
2026-04-09 11:49:10 - getOutlet.php - Key aplikasi: YbcJSFjkds...
2026-04-09 11:49:10 - getOutlet.php - Expected encrypt: ce8d123a9badc46aab7bfac002148c51
2026-04-09 11:49:10 - getOutlet.php - Received encrypt: ce8d123a9badc46aab7bfac002148c51
2026-04-09 11:49:10 - getOutlet.php - Authentication berhasil
2026-04-09 11:49:10 - getOutlet.php - Query: SELECT id_out, nama_out, '' AS alamat_out, ofcode_out
            FROM outlet 
            WHERE status_out IN ('Active', '1', 'active')
            AND (nama_out LIKE :key OR ofcode_out LIKE :key)
            ORDER BY nama_out ASC
            LIMIT 20
2026-04-09 11:49:10 - getOutlet.php - Query berhasil, mengembalikan 20 record
2026-04-09 11:49:10 - getOutlet.php - === END REQUEST ===
2026-04-09 04:49:10 - getOutlet.php - === REQUEST GETOUTLET ===
2026-04-09 04:49:10 - getOutlet.php - Method: POST
2026-04-09 04:49:10 - getOutlet.php - POST data: {"tgl":"2026-04-09","encrypt":"ce8d123a9badc46aab7bfac002148c51","id_apl":"APL01","key":"RS pe"}
2026-04-09 11:49:10 - getOutlet.php - Params - tgl: 2026-04-09, encrypt: ce8d123a9badc46aab7bfac002148c51, id_apl: APL01, key: RS pe
2026-04-09 11:49:10 - getOutlet.php - Aplikasi ditemukan: Ya
2026-04-09 11:49:10 - getOutlet.php - Key aplikasi: YbcJSFjkds...
2026-04-09 11:49:10 - getOutlet.php - Expected encrypt: ce8d123a9badc46aab7bfac002148c51
2026-04-09 11:49:10 - getOutlet.php - Received encrypt: ce8d123a9badc46aab7bfac002148c51
2026-04-09 11:49:10 - getOutlet.php - Authentication berhasil
2026-04-09 11:49:10 - getOutlet.php - Query: SELECT id_out, nama_out, '' AS alamat_out, ofcode_out
            FROM outlet 
            WHERE status_out IN ('Active', '1', 'active')
            AND (nama_out LIKE :key OR ofcode_out LIKE :key)
            ORDER BY nama_out ASC
            LIMIT 20
2026-04-09 11:49:10 - getOutlet.php - Query berhasil, mengembalikan 13 record
2026-04-09 11:49:10 - getOutlet.php - === END REQUEST ===
2026-04-09 04:49:10 - getOutlet.php - === REQUEST GETOUTLET ===
2026-04-09 04:49:10 - getOutlet.php - Method: POST
2026-04-09 04:49:10 - getOutlet.php - POST data: {"tgl":"2026-04-09","encrypt":"ce8d123a9badc46aab7bfac002148c51","id_apl":"APL01","key":"RS pel"}
2026-04-09 11:49:10 - getOutlet.php - Params - tgl: 2026-04-09, encrypt: ce8d123a9badc46aab7bfac002148c51, id_apl: APL01, key: RS pel
2026-04-09 11:49:10 - getOutlet.php - Aplikasi ditemukan: Ya
2026-04-09 11:49:10 - getOutlet.php - Key aplikasi: YbcJSFjkds...
2026-04-09 11:49:10 - getOutlet.php - Expected encrypt: ce8d123a9badc46aab7bfac002148c51
2026-04-09 11:49:10 - getOutlet.php - Received encrypt: ce8d123a9badc46aab7bfac002148c51
2026-04-09 11:49:10 - getOutlet.php - Authentication berhasil
2026-04-09 11:49:10 - getOutlet.php - Query: SELECT id_out, nama_out, '' AS alamat_out, ofcode_out
            FROM outlet 
            WHERE status_out IN ('Active', '1', 'active')
            AND (nama_out LIKE :key OR ofcode_out LIKE :key)
            ORDER BY nama_out ASC
            LIMIT 20
2026-04-09 11:49:10 - getOutlet.php - Query berhasil, mengembalikan 2 record
2026-04-09 11:49:10 - getOutlet.php - === END REQUEST ===
2026-04-09 04:49:11 - getOutlet.php - === REQUEST GETOUTLET ===
2026-04-09 04:49:11 - getOutlet.php - Method: POST
2026-04-09 04:49:11 - getOutlet.php - POST data: {"tgl":"2026-04-09","encrypt":"ce8d123a9badc46aab7bfac002148c51","id_apl":"APL01","key":"RS peln"}
2026-04-09 11:49:11 - getOutlet.php - Params - tgl: 2026-04-09, encrypt: ce8d123a9badc46aab7bfac002148c51, id_apl: APL01, key: RS peln
2026-04-09 11:49:11 - getOutlet.php - Aplikasi ditemukan: Ya
2026-04-09 11:49:11 - getOutlet.php - Key aplikasi: YbcJSFjkds...
2026-04-09 11:49:11 - getOutlet.php - Expected encrypt: ce8d123a9badc46aab7bfac002148c51
2026-04-09 11:49:11 - getOutlet.php - Received encrypt: ce8d123a9badc46aab7bfac002148c51
2026-04-09 11:49:11 - getOutlet.php - Authentication berhasil
2026-04-09 11:49:11 - getOutlet.php - Query: SELECT id_out, nama_out, '' AS alamat_out, ofcode_out
            FROM outlet 
            WHERE status_out IN ('Active', '1', 'active')
            AND (nama_out LIKE :key OR ofcode_out LIKE :key)
            ORDER BY nama_out ASC
            LIMIT 20
2026-04-09 11:49:11 - getOutlet.php - Query berhasil, mengembalikan 1 record
2026-04-09 11:49:11 - getOutlet.php - === END REQUEST ===
2026-04-09 04:49:11 - getOutlet.php - === REQUEST GETOUTLET ===
2026-04-09 04:49:11 - getOutlet.php - Method: POST
2026-04-09 04:49:11 - getOutlet.php - POST data: {"tgl":"2026-04-09","encrypt":"ce8d123a9badc46aab7bfac002148c51","id_apl":"APL01","key":"RS"}
2026-04-09 11:49:11 - getOutlet.php - Params - tgl: 2026-04-09, encrypt: ce8d123a9badc46aab7bfac002148c51, id_apl: APL01, key: RS
2026-04-09 11:49:11 - getOutlet.php - Aplikasi ditemukan: Ya
2026-04-09 11:49:11 - getOutlet.php - Key aplikasi: YbcJSFjkds...
2026-04-09 11:49:11 - getOutlet.php - Expected encrypt: ce8d123a9badc46aab7bfac002148c51
2026-04-09 11:49:11 - getOutlet.php - Received encrypt: ce8d123a9badc46aab7bfac002148c51
2026-04-09 11:49:11 - getOutlet.php - Authentication berhasil
2026-04-09 11:49:11 - getOutlet.php - Query: SELECT id_out, nama_out, '' AS alamat_out, ofcode_out
            FROM outlet 
            WHERE status_out IN ('Active', '1', 'active')
            AND (nama_out LIKE :key OR ofcode_out LIKE :key)
            ORDER BY nama_out ASC
            LIMIT 20
2026-04-09 11:49:11 - getOutlet.php - Query berhasil, mengembalikan 20 record
2026-04-09 11:49:11 - getOutlet.php - === END REQUEST ===
2026-04-09 04:49:11 - getOutlet.php - === REQUEST GETOUTLET ===
2026-04-09 04:49:11 - getOutlet.php - Method: POST
2026-04-09 04:49:11 - getOutlet.php - POST data: {"tgl":"2026-04-09","encrypt":"ce8d123a9badc46aab7bfac002148c51","id_apl":"APL01","key":"RS Pelni"}
2026-04-09 11:49:11 - getOutlet.php - Params - tgl: 2026-04-09, encrypt: ce8d123a9badc46aab7bfac002148c51, id_apl: APL01, key: RS Pelni
2026-04-09 11:49:11 - getOutlet.php - Aplikasi ditemukan: Ya
2026-04-09 11:49:11 - getOutlet.php - Key aplikasi: YbcJSFjkds...
2026-04-09 11:49:11 - getOutlet.php - Expected encrypt: ce8d123a9badc46aab7bfac002148c51
2026-04-09 11:49:11 - getOutlet.php - Received encrypt: ce8d123a9badc46aab7bfac002148c51
2026-04-09 11:49:11 - getOutlet.php - Authentication berhasil
2026-04-09 11:49:11 - getOutlet.php - Query: SELECT id_out, nama_out, '' AS alamat_out, ofcode_out
            FROM outlet 
            WHERE status_out IN ('Active', '1', 'active')
            AND (nama_out LIKE :key OR ofcode_out LIKE :key)
            ORDER BY nama_out ASC
            LIMIT 20
2026-04-09 11:49:11 - getOutlet.php - Query berhasil, mengembalikan 1 record
2026-04-09 11:49:11 - getOutlet.php - === END REQUEST ===
2026-04-09 04:49:47 - getOutlet.php - === REQUEST GETOUTLET ===
2026-04-09 04:49:47 - getOutlet.php - Method: POST
2026-04-09 04:49:47 - getOutlet.php - POST data: {"tgl":"2026-04-09","encrypt":"ce8d123a9badc46aab7bfac002148c51","id_apl":"APL01","key":"RS Pelni"}
2026-04-09 11:49:47 - getOutlet.php - Params - tgl: 2026-04-09, encrypt: ce8d123a9badc46aab7bfac002148c51, id_apl: APL01, key: RS Pelni
2026-04-09 11:49:47 - getOutlet.php - Aplikasi ditemukan: Ya
2026-04-09 11:49:47 - getOutlet.php - Key aplikasi: YbcJSFjkds...
2026-04-09 11:49:47 - getOutlet.php - Expected encrypt: ce8d123a9badc46aab7bfac002148c51
2026-04-09 11:49:47 - getOutlet.php - Received encrypt: ce8d123a9badc46aab7bfac002148c51
2026-04-09 11:49:47 - getOutlet.php - Authentication berhasil
2026-04-09 04:49:47 - getOutlet.php - === REQUEST GETOUTLET ===
2026-04-09 11:49:47 - getOutlet.php - Query: SELECT id_out, nama_out, '' AS alamat_out, ofcode_out
            FROM outlet 
            WHERE status_out IN ('Active', '1', 'active')
            AND (nama_out LIKE :key OR ofcode_out LIKE :key)
            ORDER BY nama_out ASC
            LIMIT 20
2026-04-09 04:49:47 - getOutlet.php - Method: POST
2026-04-09 04:49:47 - getOutlet.php - POST data: {"tgl":"2026-04-09","encrypt":"ce8d123a9badc46aab7bfac002148c51","id_apl":"APL01","key":"RS Pel"}
2026-04-09 11:49:47 - getOutlet.php - Params - tgl: 2026-04-09, encrypt: ce8d123a9badc46aab7bfac002148c51, id_apl: APL01, key: RS Pel
2026-04-09 11:49:47 - getOutlet.php - Query berhasil, mengembalikan 1 record
2026-04-09 11:49:47 - getOutlet.php - === END REQUEST ===
2026-04-09 11:49:47 - getOutlet.php - Aplikasi ditemukan: Ya
2026-04-09 11:49:47 - getOutlet.php - Key aplikasi: YbcJSFjkds...
2026-04-09 11:49:47 - getOutlet.php - Expected encrypt: ce8d123a9badc46aab7bfac002148c51
2026-04-09 11:49:47 - getOutlet.php - Received encrypt: ce8d123a9badc46aab7bfac002148c51
2026-04-09 11:49:47 - getOutlet.php - Authentication berhasil
2026-04-09 04:49:47 - getOutlet.php - === REQUEST GETOUTLET ===
2026-04-09 04:49:47 - getOutlet.php - Method: POST
2026-04-09 11:49:47 - getOutlet.php - Query: SELECT id_out, nama_out, '' AS alamat_out, ofcode_out
            FROM outlet 
            WHERE status_out IN ('Active', '1', 'active')
            AND (nama_out LIKE :key OR ofcode_out LIKE :key)
            ORDER BY nama_out ASC
            LIMIT 20
2026-04-09 04:49:47 - getOutlet.php - POST data: {"tgl":"2026-04-09","encrypt":"ce8d123a9badc46aab7bfac002148c51","id_apl":"APL01","key":"RS Peln"}
2026-04-09 11:49:47 - getOutlet.php - Params - tgl: 2026-04-09, encrypt: ce8d123a9badc46aab7bfac002148c51, id_apl: APL01, key: RS Peln
2026-04-09 11:49:47 - getOutlet.php - Query berhasil, mengembalikan 2 record
2026-04-09 11:49:47 - getOutlet.php - === END REQUEST ===
2026-04-09 11:49:47 - getOutlet.php - Aplikasi ditemukan: Ya
2026-04-09 11:49:47 - getOutlet.php - Key aplikasi: YbcJSFjkds...
2026-04-09 11:49:47 - getOutlet.php - Expected encrypt: ce8d123a9badc46aab7bfac002148c51
2026-04-09 11:49:47 - getOutlet.php - Received encrypt: ce8d123a9badc46aab7bfac002148c51
2026-04-09 11:49:47 - getOutlet.php - Authentication berhasil
2026-04-09 11:49:47 - getOutlet.php - Query: SELECT id_out, nama_out, '' AS alamat_out, ofcode_out
            FROM outlet 
            WHERE status_out IN ('Active', '1', 'active')
            AND (nama_out LIKE :key OR ofcode_out LIKE :key)
            ORDER BY nama_out ASC
            LIMIT 20
2026-04-09 11:49:47 - getOutlet.php - Query berhasil, mengembalikan 1 record
2026-04-09 11:49:47 - getOutlet.php - === END REQUEST ===
2026-04-09 04:49:47 - getOutlet.php - === REQUEST GETOUTLET ===
2026-04-09 04:49:47 - getOutlet.php - Method: POST
2026-04-09 04:49:47 - getOutlet.php - POST data: {"tgl":"2026-04-09","encrypt":"ce8d123a9badc46aab7bfac002148c51","id_apl":"APL01","key":"RS Pe"}
2026-04-09 11:49:47 - getOutlet.php - Params - tgl: 2026-04-09, encrypt: ce8d123a9badc46aab7bfac002148c51, id_apl: APL01, key: RS Pe
2026-04-09 11:49:47 - getOutlet.php - Aplikasi ditemukan: Ya
2026-04-09 11:49:47 - getOutlet.php - Key aplikasi: YbcJSFjkds...
2026-04-09 11:49:47 - getOutlet.php - Expected encrypt: ce8d123a9badc46aab7bfac002148c51
2026-04-09 11:49:47 - getOutlet.php - Received encrypt: ce8d123a9badc46aab7bfac002148c51
2026-04-09 11:49:47 - getOutlet.php - Authentication berhasil
2026-04-09 11:49:47 - getOutlet.php - Query: SELECT id_out, nama_out, '' AS alamat_out, ofcode_out
            FROM outlet 
            WHERE status_out IN ('Active', '1', 'active')
            AND (nama_out LIKE :key OR ofcode_out LIKE :key)
            ORDER BY nama_out ASC
            LIMIT 20
2026-04-09 11:49:47 - getOutlet.php - Query berhasil, mengembalikan 13 record
2026-04-09 11:49:47 - getOutlet.php - === END REQUEST ===
2026-04-09 04:49:47 - getOutlet.php - === REQUEST GETOUTLET ===
2026-04-09 04:49:47 - getOutlet.php - Method: POST
2026-04-09 04:49:47 - getOutlet.php - POST data: {"tgl":"2026-04-09","encrypt":"ce8d123a9badc46aab7bfac002148c51","id_apl":"APL01","key":"RS P"}
2026-04-09 11:49:47 - getOutlet.php - Params - tgl: 2026-04-09, encrypt: ce8d123a9badc46aab7bfac002148c51, id_apl: APL01, key: RS P
2026-04-09 11:49:47 - getOutlet.php - Aplikasi ditemukan: Ya
2026-04-09 11:49:47 - getOutlet.php - Key aplikasi: YbcJSFjkds...
2026-04-09 11:49:47 - getOutlet.php - Expected encrypt: ce8d123a9badc46aab7bfac002148c51
2026-04-09 11:49:47 - getOutlet.php - Received encrypt: ce8d123a9badc46aab7bfac002148c51
2026-04-09 11:49:47 - getOutlet.php - Authentication berhasil
2026-04-09 11:49:47 - getOutlet.php - Query: SELECT id_out, nama_out, '' AS alamat_out, ofcode_out
            FROM outlet 
            WHERE status_out IN ('Active', '1', 'active')
            AND (nama_out LIKE :key OR ofcode_out LIKE :key)
            ORDER BY nama_out ASC
            LIMIT 20
2026-04-09 11:49:47 - getOutlet.php - Query berhasil, mengembalikan 20 record
2026-04-09 11:49:47 - getOutlet.php - === END REQUEST ===
2026-04-09 04:49:48 - getOutlet.php - === REQUEST GETOUTLET ===
2026-04-09 04:49:48 - getOutlet.php - Method: POST
2026-04-09 04:49:48 - getOutlet.php - POST data: {"tgl":"2026-04-09","encrypt":"ce8d123a9badc46aab7bfac002148c51","id_apl":"APL01","key":"RS"}
2026-04-09 11:49:48 - getOutlet.php - Params - tgl: 2026-04-09, encrypt: ce8d123a9badc46aab7bfac002148c51, id_apl: APL01, key: RS
2026-04-09 11:49:48 - getOutlet.php - Aplikasi ditemukan: Ya
2026-04-09 11:49:48 - getOutlet.php - Key aplikasi: YbcJSFjkds...
2026-04-09 11:49:48 - getOutlet.php - Expected encrypt: ce8d123a9badc46aab7bfac002148c51
2026-04-09 11:49:48 - getOutlet.php - Received encrypt: ce8d123a9badc46aab7bfac002148c51
2026-04-09 11:49:48 - getOutlet.php - Authentication berhasil
2026-04-09 11:49:48 - getOutlet.php - Query: SELECT id_out, nama_out, '' AS alamat_out, ofcode_out
            FROM outlet 
            WHERE status_out IN ('Active', '1', 'active')
            AND (nama_out LIKE :key OR ofcode_out LIKE :key)
            ORDER BY nama_out ASC
            LIMIT 20
2026-04-09 11:49:48 - getOutlet.php - Query berhasil, mengembalikan 20 record
2026-04-09 11:49:48 - getOutlet.php - === END REQUEST ===
2026-04-09 04:49:50 - getOutlet.php - === REQUEST GETOUTLET ===
2026-04-09 04:49:50 - getOutlet.php - Method: POST
2026-04-09 04:49:50 - getOutlet.php - POST data: {"tgl":"2026-04-09","encrypt":"ce8d123a9badc46aab7bfac002148c51","id_apl":"APL01","key":"RS p"}
2026-04-09 11:49:50 - getOutlet.php - Params - tgl: 2026-04-09, encrypt: ce8d123a9badc46aab7bfac002148c51, id_apl: APL01, key: RS p
2026-04-09 11:49:50 - getOutlet.php - Aplikasi ditemukan: Ya
2026-04-09 11:49:50 - getOutlet.php - Key aplikasi: YbcJSFjkds...
2026-04-09 11:49:50 - getOutlet.php - Expected encrypt: ce8d123a9badc46aab7bfac002148c51
2026-04-09 11:49:50 - getOutlet.php - Received encrypt: ce8d123a9badc46aab7bfac002148c51
2026-04-09 11:49:50 - getOutlet.php - Authentication berhasil
2026-04-09 11:49:50 - getOutlet.php - Query: SELECT id_out, nama_out, '' AS alamat_out, ofcode_out
            FROM outlet 
            WHERE status_out IN ('Active', '1', 'active')
            AND (nama_out LIKE :key OR ofcode_out LIKE :key)
            ORDER BY nama_out ASC
            LIMIT 20
2026-04-09 11:49:50 - getOutlet.php - Query berhasil, mengembalikan 20 record
2026-04-09 11:49:50 - getOutlet.php - === END REQUEST ===
2026-04-09 04:49:51 - getOutlet.php - === REQUEST GETOUTLET ===
2026-04-09 04:49:51 - getOutlet.php - Method: POST
2026-04-09 04:49:51 - getOutlet.php - POST data: {"tgl":"2026-04-09","encrypt":"ce8d123a9badc46aab7bfac002148c51","id_apl":"APL01","key":"RS"}
2026-04-09 11:49:51 - getOutlet.php - Params - tgl: 2026-04-09, encrypt: ce8d123a9badc46aab7bfac002148c51, id_apl: APL01, key: RS
2026-04-09 11:49:51 - getOutlet.php - Aplikasi ditemukan: Ya
2026-04-09 11:49:51 - getOutlet.php - Key aplikasi: YbcJSFjkds...
2026-04-09 11:49:51 - getOutlet.php - Expected encrypt: ce8d123a9badc46aab7bfac002148c51
2026-04-09 11:49:51 - getOutlet.php - Received encrypt: ce8d123a9badc46aab7bfac002148c51
2026-04-09 11:49:51 - getOutlet.php - Authentication berhasil
2026-04-09 11:49:51 - getOutlet.php - Query: SELECT id_out, nama_out, '' AS alamat_out, ofcode_out
            FROM outlet 
            WHERE status_out IN ('Active', '1', 'active')
            AND (nama_out LIKE :key OR ofcode_out LIKE :key)
            ORDER BY nama_out ASC
            LIMIT 20
2026-04-09 11:49:51 - getOutlet.php - Query berhasil, mengembalikan 20 record
2026-04-09 11:49:51 - getOutlet.php - === END REQUEST ===
2026-04-09 04:49:51 - getOutlet.php - === REQUEST GETOUTLET ===
2026-04-09 04:49:51 - getOutlet.php - Method: POST
2026-04-09 04:49:51 - getOutlet.php - POST data: {"tgl":"2026-04-09","encrypt":"ce8d123a9badc46aab7bfac002148c51","id_apl":"APL01","key":"RS Pelni"}
2026-04-09 11:49:51 - getOutlet.php - Params - tgl: 2026-04-09, encrypt: ce8d123a9badc46aab7bfac002148c51, id_apl: APL01, key: RS Pelni
2026-04-09 11:49:51 - getOutlet.php - Aplikasi ditemukan: Ya
2026-04-09 11:49:51 - getOutlet.php - Key aplikasi: YbcJSFjkds...
2026-04-09 11:49:51 - getOutlet.php - Expected encrypt: ce8d123a9badc46aab7bfac002148c51
2026-04-09 11:49:51 - getOutlet.php - Received encrypt: ce8d123a9badc46aab7bfac002148c51
2026-04-09 11:49:51 - getOutlet.php - Authentication berhasil
2026-04-09 11:49:51 - getOutlet.php - Query: SELECT id_out, nama_out, '' AS alamat_out, ofcode_out
            FROM outlet 
            WHERE status_out IN ('Active', '1', 'active')
            AND (nama_out LIKE :key OR ofcode_out LIKE :key)
            ORDER BY nama_out ASC
            LIMIT 20
2026-04-09 11:49:51 - getOutlet.php - Query berhasil, mengembalikan 1 record
2026-04-09 11:49:51 - getOutlet.php - === END REQUEST ===
2026-04-09 04:51:43 - getOutlet.php - === REQUEST GETOUTLET ===
2026-04-09 04:51:43 - getOutlet.php - Method: POST
2026-04-09 04:51:43 - getOutlet.php - POST data: {"tgl":"2026-04-09","encrypt":"ce8d123a9badc46aab7bfac002148c51","id_apl":"APL01","key":"Rs"}
2026-04-09 11:51:43 - getOutlet.php - Params - tgl: 2026-04-09, encrypt: ce8d123a9badc46aab7bfac002148c51, id_apl: APL01, key: Rs
2026-04-09 11:51:43 - getOutlet.php - Aplikasi ditemukan: Ya
2026-04-09 11:51:43 - getOutlet.php - Key aplikasi: YbcJSFjkds...
2026-04-09 11:51:43 - getOutlet.php - Expected encrypt: ce8d123a9badc46aab7bfac002148c51
2026-04-09 11:51:43 - getOutlet.php - Received encrypt: ce8d123a9badc46aab7bfac002148c51
2026-04-09 11:51:43 - getOutlet.php - Authentication berhasil
2026-04-09 11:51:43 - getOutlet.php - Query: SELECT id_out, nama_out, '' AS alamat_out, ofcode_out
            FROM outlet 
            WHERE status_out IN ('Active', '1', 'active')
            AND (nama_out LIKE :key OR ofcode_out LIKE :key)
            ORDER BY nama_out ASC
            LIMIT 20
2026-04-09 11:51:43 - getOutlet.php - Query berhasil, mengembalikan 20 record
2026-04-09 11:51:43 - getOutlet.php - === END REQUEST ===
2026-04-09 04:51:43 - getOutlet.php - === REQUEST GETOUTLET ===
2026-04-09 04:51:43 - getOutlet.php - Method: POST
2026-04-09 04:51:43 - getOutlet.php - POST data: {"tgl":"2026-04-09","encrypt":"ce8d123a9badc46aab7bfac002148c51","id_apl":"APL01","key":"RS"}
2026-04-09 11:51:43 - getOutlet.php - Params - tgl: 2026-04-09, encrypt: ce8d123a9badc46aab7bfac002148c51, id_apl: APL01, key: RS
2026-04-09 11:51:43 - getOutlet.php - Aplikasi ditemukan: Ya
2026-04-09 11:51:43 - getOutlet.php - Key aplikasi: YbcJSFjkds...
2026-04-09 11:51:43 - getOutlet.php - Expected encrypt: ce8d123a9badc46aab7bfac002148c51
2026-04-09 11:51:43 - getOutlet.php - Received encrypt: ce8d123a9badc46aab7bfac002148c51
2026-04-09 11:51:43 - getOutlet.php - Authentication berhasil
2026-04-09 11:51:43 - getOutlet.php - Query: SELECT id_out, nama_out, '' AS alamat_out, ofcode_out
            FROM outlet 
            WHERE status_out IN ('Active', '1', 'active')
            AND (nama_out LIKE :key OR ofcode_out LIKE :key)
            ORDER BY nama_out ASC
            LIMIT 20
2026-04-09 11:51:43 - getOutlet.php - Query berhasil, mengembalikan 20 record
2026-04-09 11:51:43 - getOutlet.php - === END REQUEST ===
2026-04-09 04:51:43 - getOutlet.php - === REQUEST GETOUTLET ===
2026-04-09 04:51:43 - getOutlet.php - Method: POST
2026-04-09 04:51:43 - getOutlet.php - POST data: {"tgl":"2026-04-09","encrypt":"ce8d123a9badc46aab7bfac002148c51","id_apl":"APL01","key":"RS pe"}
2026-04-09 11:51:43 - getOutlet.php - Params - tgl: 2026-04-09, encrypt: ce8d123a9badc46aab7bfac002148c51, id_apl: APL01, key: RS pe
2026-04-09 11:51:43 - getOutlet.php - Aplikasi ditemukan: Ya
2026-04-09 11:51:43 - getOutlet.php - Key aplikasi: YbcJSFjkds...
2026-04-09 11:51:43 - getOutlet.php - Expected encrypt: ce8d123a9badc46aab7bfac002148c51
2026-04-09 11:51:43 - getOutlet.php - Received encrypt: ce8d123a9badc46aab7bfac002148c51
2026-04-09 11:51:43 - getOutlet.php - Authentication berhasil
2026-04-09 11:51:43 - getOutlet.php - Query: SELECT id_out, nama_out, '' AS alamat_out, ofcode_out
            FROM outlet 
            WHERE status_out IN ('Active', '1', 'active')
            AND (nama_out LIKE :key OR ofcode_out LIKE :key)
            ORDER BY nama_out ASC
            LIMIT 20
2026-04-09 11:51:43 - getOutlet.php - Query berhasil, mengembalikan 13 record
2026-04-09 11:51:43 - getOutlet.php - === END REQUEST ===
2026-04-09 04:51:43 - getOutlet.php - === REQUEST GETOUTLET ===
2026-04-09 04:51:43 - getOutlet.php - Method: POST
2026-04-09 04:51:43 - getOutlet.php - POST data: {"tgl":"2026-04-09","encrypt":"ce8d123a9badc46aab7bfac002148c51","id_apl":"APL01","key":"RS p"}
2026-04-09 11:51:43 - getOutlet.php - Params - tgl: 2026-04-09, encrypt: ce8d123a9badc46aab7bfac002148c51, id_apl: APL01, key: RS p
2026-04-09 11:51:43 - getOutlet.php - Aplikasi ditemukan: Ya
2026-04-09 11:51:43 - getOutlet.php - Key aplikasi: YbcJSFjkds...
2026-04-09 11:51:43 - getOutlet.php - Expected encrypt: ce8d123a9badc46aab7bfac002148c51
2026-04-09 11:51:43 - getOutlet.php - Received encrypt: ce8d123a9badc46aab7bfac002148c51
2026-04-09 11:51:43 - getOutlet.php - Authentication berhasil
2026-04-09 11:51:43 - getOutlet.php - Query: SELECT id_out, nama_out, '' AS alamat_out, ofcode_out
            FROM outlet 
            WHERE status_out IN ('Active', '1', 'active')
            AND (nama_out LIKE :key OR ofcode_out LIKE :key)
            ORDER BY nama_out ASC
            LIMIT 20
2026-04-09 11:51:43 - getOutlet.php - Query berhasil, mengembalikan 20 record
2026-04-09 11:51:43 - getOutlet.php - === END REQUEST ===
2026-04-09 04:51:44 - getOutlet.php - === REQUEST GETOUTLET ===
2026-04-09 04:51:44 - getOutlet.php - Method: POST
2026-04-09 04:51:44 - getOutlet.php - POST data: {"tgl":"2026-04-09","encrypt":"ce8d123a9badc46aab7bfac002148c51","id_apl":"APL01","key":"RS pel"}
2026-04-09 11:51:44 - getOutlet.php - Params - tgl: 2026-04-09, encrypt: ce8d123a9badc46aab7bfac002148c51, id_apl: APL01, key: RS pel
2026-04-09 11:51:44 - getOutlet.php - Aplikasi ditemukan: Ya
2026-04-09 11:51:44 - getOutlet.php - Key aplikasi: YbcJSFjkds...
2026-04-09 11:51:44 - getOutlet.php - Expected encrypt: ce8d123a9badc46aab7bfac002148c51
2026-04-09 11:51:44 - getOutlet.php - Received encrypt: ce8d123a9badc46aab7bfac002148c51
2026-04-09 11:51:44 - getOutlet.php - Authentication berhasil
2026-04-09 11:51:44 - getOutlet.php - Query: SELECT id_out, nama_out, '' AS alamat_out, ofcode_out
            FROM outlet 
            WHERE status_out IN ('Active', '1', 'active')
            AND (nama_out LIKE :key OR ofcode_out LIKE :key)
            ORDER BY nama_out ASC
            LIMIT 20
2026-04-09 11:51:44 - getOutlet.php - Query berhasil, mengembalikan 2 record
2026-04-09 11:51:44 - getOutlet.php - === END REQUEST ===
2026-04-09 04:51:44 - getOutlet.php - === REQUEST GETOUTLET ===
2026-04-09 04:51:44 - getOutlet.php - Method: POST
2026-04-09 04:51:44 - getOutlet.php - POST data: {"tgl":"2026-04-09","encrypt":"ce8d123a9badc46aab7bfac002148c51","id_apl":"APL01","key":"RS pell"}
2026-04-09 11:51:44 - getOutlet.php - Params - tgl: 2026-04-09, encrypt: ce8d123a9badc46aab7bfac002148c51, id_apl: APL01, key: RS pell
2026-04-09 11:51:44 - getOutlet.php - Aplikasi ditemukan: Ya
2026-04-09 11:51:44 - getOutlet.php - Key aplikasi: YbcJSFjkds...
2026-04-09 11:51:44 - getOutlet.php - Expected encrypt: ce8d123a9badc46aab7bfac002148c51
2026-04-09 11:51:44 - getOutlet.php - Received encrypt: ce8d123a9badc46aab7bfac002148c51
2026-04-09 11:51:44 - getOutlet.php - Authentication berhasil
2026-04-09 11:51:44 - getOutlet.php - Query: SELECT id_out, nama_out, '' AS alamat_out, ofcode_out
            FROM outlet 
            WHERE status_out IN ('Active', '1', 'active')
            AND (nama_out LIKE :key OR ofcode_out LIKE :key)
            ORDER BY nama_out ASC
            LIMIT 20
2026-04-09 11:51:44 - getOutlet.php - Query berhasil, mengembalikan 0 record
2026-04-09 11:51:44 - getOutlet.php - === END REQUEST ===
2026-04-09 04:51:44 - getOutlet.php - === REQUEST GETOUTLET ===
2026-04-09 04:51:44 - getOutlet.php - Method: POST
2026-04-09 04:51:44 - getOutlet.php - POST data: {"tgl":"2026-04-09","encrypt":"ce8d123a9badc46aab7bfac002148c51","id_apl":"APL01","key":"RS pelln"}
2026-04-09 11:51:44 - getOutlet.php - Params - tgl: 2026-04-09, encrypt: ce8d123a9badc46aab7bfac002148c51, id_apl: APL01, key: RS pelln
2026-04-09 11:51:44 - getOutlet.php - Aplikasi ditemukan: Ya
2026-04-09 11:51:44 - getOutlet.php - Key aplikasi: YbcJSFjkds...
2026-04-09 11:51:44 - getOutlet.php - Expected encrypt: ce8d123a9badc46aab7bfac002148c51
2026-04-09 11:51:44 - getOutlet.php - Received encrypt: ce8d123a9badc46aab7bfac002148c51
2026-04-09 11:51:44 - getOutlet.php - Authentication berhasil
2026-04-09 11:51:44 - getOutlet.php - Query: SELECT id_out, nama_out, '' AS alamat_out, ofcode_out
            FROM outlet 
            WHERE status_out IN ('Active', '1', 'active')
            AND (nama_out LIKE :key OR ofcode_out LIKE :key)
            ORDER BY nama_out ASC
            LIMIT 20
2026-04-09 11:51:44 - getOutlet.php - Query berhasil, mengembalikan 0 record
2026-04-09 11:51:44 - getOutlet.php - === END REQUEST ===
2026-04-09 04:51:45 - getOutlet.php - === REQUEST GETOUTLET ===
2026-04-09 04:51:45 - getOutlet.php - Method: POST
2026-04-09 04:51:45 - getOutlet.php - POST data: {"tgl":"2026-04-09","encrypt":"ce8d123a9badc46aab7bfac002148c51","id_apl":"APL01","key":"RS Pelni"}
2026-04-09 11:51:45 - getOutlet.php - Params - tgl: 2026-04-09, encrypt: ce8d123a9badc46aab7bfac002148c51, id_apl: APL01, key: RS Pelni
2026-04-09 04:51:45 - getOutlet.php - === REQUEST GETOUTLET ===
2026-04-09 04:51:45 - getOutlet.php - Method: POST
2026-04-09 04:51:45 - getOutlet.php - POST data: {"tgl":"2026-04-09","encrypt":"ce8d123a9badc46aab7bfac002148c51","id_apl":"APL01","key":"RS"}
2026-04-09 11:51:45 - getOutlet.php - Params - tgl: 2026-04-09, encrypt: ce8d123a9badc46aab7bfac002148c51, id_apl: APL01, key: RS
2026-04-09 11:51:45 - getOutlet.php - Aplikasi ditemukan: Ya
2026-04-09 11:51:45 - getOutlet.php - Aplikasi ditemukan: Ya
2026-04-09 11:51:45 - getOutlet.php - Key aplikasi: YbcJSFjkds...
2026-04-09 11:51:45 - getOutlet.php - Key aplikasi: YbcJSFjkds...
2026-04-09 11:51:45 - getOutlet.php - Expected encrypt: ce8d123a9badc46aab7bfac002148c51
2026-04-09 11:51:45 - getOutlet.php - Expected encrypt: ce8d123a9badc46aab7bfac002148c51
2026-04-09 11:51:45 - getOutlet.php - Received encrypt: ce8d123a9badc46aab7bfac002148c51
2026-04-09 11:51:45 - getOutlet.php - Authentication berhasil
2026-04-09 11:51:45 - getOutlet.php - Received encrypt: ce8d123a9badc46aab7bfac002148c51
2026-04-09 11:51:45 - getOutlet.php - Authentication berhasil
2026-04-09 11:51:45 - getOutlet.php - Query: SELECT id_out, nama_out, '' AS alamat_out, ofcode_out
            FROM outlet 
            WHERE status_out IN ('Active', '1', 'active')
            AND (nama_out LIKE :key OR ofcode_out LIKE :key)
            ORDER BY nama_out ASC
            LIMIT 20
2026-04-09 11:51:45 - getOutlet.php - Query: SELECT id_out, nama_out, '' AS alamat_out, ofcode_out
            FROM outlet 
            WHERE status_out IN ('Active', '1', 'active')
            AND (nama_out LIKE :key OR ofcode_out LIKE :key)
            ORDER BY nama_out ASC
            LIMIT 20
2026-04-09 11:51:45 - getOutlet.php - Query berhasil, mengembalikan 20 record
2026-04-09 11:51:45 - getOutlet.php - === END REQUEST ===
2026-04-09 11:51:45 - getOutlet.php - Query berhasil, mengembalikan 1 record
2026-04-09 11:51:45 - getOutlet.php - === END REQUEST ===
2026-04-09 04:51:47 - getOutlet.php - === REQUEST GETOUTLET ===
2026-04-09 04:51:47 - getOutlet.php - Method: POST
2026-04-09 04:51:47 - getOutlet.php - POST data: {"tgl":"2026-04-09","encrypt":"ce8d123a9badc46aab7bfac002148c51","id_apl":"APL01","key":"RS Pelni"}
2026-04-09 11:51:47 - getOutlet.php - Params - tgl: 2026-04-09, encrypt: ce8d123a9badc46aab7bfac002148c51, id_apl: APL01, key: RS Pelni
2026-04-09 11:51:47 - getOutlet.php - Aplikasi ditemukan: Ya
2026-04-09 11:51:47 - getOutlet.php - Key aplikasi: YbcJSFjkds...
2026-04-09 11:51:47 - getOutlet.php - Expected encrypt: ce8d123a9badc46aab7bfac002148c51
2026-04-09 11:51:47 - getOutlet.php - Received encrypt: ce8d123a9badc46aab7bfac002148c51
2026-04-09 11:51:47 - getOutlet.php - Authentication berhasil
2026-04-09 11:51:47 - getOutlet.php - Query: SELECT id_out, nama_out, '' AS alamat_out, ofcode_out
            FROM outlet 
            WHERE status_out IN ('Active', '1', 'active')
            AND (nama_out LIKE :key OR ofcode_out LIKE :key)
            ORDER BY nama_out ASC
            LIMIT 20
2026-04-09 11:51:47 - getOutlet.php - Query berhasil, mengembalikan 1 record
2026-04-09 11:51:47 - getOutlet.php - === END REQUEST ===
2026-04-09 04:51:51 - getOutlet.php - === REQUEST GETOUTLET ===
2026-04-09 04:51:51 - getOutlet.php - Method: POST
2026-04-09 04:51:51 - getOutlet.php - POST data: {"tgl":"2026-04-09","encrypt":"ce8d123a9badc46aab7bfac002148c51","id_apl":"APL01","key":"RS PELNI"}
2026-04-09 11:51:51 - getOutlet.php - Params - tgl: 2026-04-09, encrypt: ce8d123a9badc46aab7bfac002148c51, id_apl: APL01, key: RS PELNI
2026-04-09 11:51:51 - getOutlet.php - Aplikasi ditemukan: Ya
2026-04-09 11:51:51 - getOutlet.php - Key aplikasi: YbcJSFjkds...
2026-04-09 11:51:51 - getOutlet.php - Expected encrypt: ce8d123a9badc46aab7bfac002148c51
2026-04-09 11:51:51 - getOutlet.php - Received encrypt: ce8d123a9badc46aab7bfac002148c51
2026-04-09 11:51:51 - getOutlet.php - Authentication berhasil
2026-04-09 11:51:51 - getOutlet.php - Query: SELECT id_out, nama_out, '' AS alamat_out, ofcode_out
            FROM outlet 
            WHERE status_out IN ('Active', '1', 'active')
            AND (nama_out LIKE :key OR ofcode_out LIKE :key)
            ORDER BY nama_out ASC
            LIMIT 20
2026-04-09 11:51:51 - getOutlet.php - Query berhasil, mengembalikan 1 record
2026-04-09 11:51:51 - getOutlet.php - === END REQUEST ===
2026-04-09 04:52:12 - getOutlet.php - === REQUEST GETOUTLET ===
2026-04-09 04:52:12 - getOutlet.php - Method: POST
2026-04-09 04:52:12 - getOutlet.php - POST data: {"tgl":"2026-04-09","encrypt":"ce8d123a9badc46aab7bfac002148c51","id_apl":"APL01","key":"Ru"}
2026-04-09 11:52:12 - getOutlet.php - Params - tgl: 2026-04-09, encrypt: ce8d123a9badc46aab7bfac002148c51, id_apl: APL01, key: Ru
2026-04-09 11:52:12 - getOutlet.php - Aplikasi ditemukan: Ya
2026-04-09 11:52:12 - getOutlet.php - Key aplikasi: YbcJSFjkds...
2026-04-09 11:52:12 - getOutlet.php - Expected encrypt: ce8d123a9badc46aab7bfac002148c51
2026-04-09 11:52:12 - getOutlet.php - Received encrypt: ce8d123a9badc46aab7bfac002148c51
2026-04-09 11:52:12 - getOutlet.php - Authentication berhasil
2026-04-09 11:52:12 - getOutlet.php - Query: SELECT id_out, nama_out, '' AS alamat_out, ofcode_out
            FROM outlet 
            WHERE status_out IN ('Active', '1', 'active')
            AND (nama_out LIKE :key OR ofcode_out LIKE :key)
            ORDER BY nama_out ASC
            LIMIT 20
2026-04-09 11:52:12 - getOutlet.php - Query berhasil, mengembalikan 20 record
2026-04-09 11:52:12 - getOutlet.php - === END REQUEST ===
2026-04-09 04:52:12 - getOutlet.php - === REQUEST GETOUTLET ===
2026-04-09 04:52:12 - getOutlet.php - Method: POST
2026-04-09 04:52:12 - getOutlet.php - POST data: {"tgl":"2026-04-09","encrypt":"ce8d123a9badc46aab7bfac002148c51","id_apl":"APL01","key":"Rum"}
2026-04-09 11:52:12 - getOutlet.php - Params - tgl: 2026-04-09, encrypt: ce8d123a9badc46aab7bfac002148c51, id_apl: APL01, key: Rum
2026-04-09 11:52:12 - getOutlet.php - Aplikasi ditemukan: Ya
2026-04-09 11:52:12 - getOutlet.php - Key aplikasi: YbcJSFjkds...
2026-04-09 11:52:12 - getOutlet.php - Expected encrypt: ce8d123a9badc46aab7bfac002148c51
2026-04-09 11:52:12 - getOutlet.php - Received encrypt: ce8d123a9badc46aab7bfac002148c51
2026-04-09 11:52:12 - getOutlet.php - Authentication berhasil
2026-04-09 11:52:12 - getOutlet.php - Query: SELECT id_out, nama_out, '' AS alamat_out, ofcode_out
            FROM outlet 
            WHERE status_out IN ('Active', '1', 'active')
            AND (nama_out LIKE :key OR ofcode_out LIKE :key)
            ORDER BY nama_out ASC
            LIMIT 20
2026-04-09 11:52:12 - getOutlet.php - Query berhasil, mengembalikan 20 record
2026-04-09 11:52:12 - getOutlet.php - === END REQUEST ===
2026-04-09 04:52:13 - getOutlet.php - === REQUEST GETOUTLET ===
2026-04-09 04:52:13 - getOutlet.php - Method: POST
2026-04-09 04:52:13 - getOutlet.php - POST data: {"tgl":"2026-04-09","encrypt":"ce8d123a9badc46aab7bfac002148c51","id_apl":"APL01","key":"Rumk"}
2026-04-09 11:52:13 - getOutlet.php - Params - tgl: 2026-04-09, encrypt: ce8d123a9badc46aab7bfac002148c51, id_apl: APL01, key: Rumk
2026-04-09 11:52:13 - getOutlet.php - Aplikasi ditemukan: Ya
2026-04-09 11:52:13 - getOutlet.php - Key aplikasi: YbcJSFjkds...
2026-04-09 11:52:13 - getOutlet.php - Expected encrypt: ce8d123a9badc46aab7bfac002148c51
2026-04-09 11:52:13 - getOutlet.php - Received encrypt: ce8d123a9badc46aab7bfac002148c51
2026-04-09 11:52:13 - getOutlet.php - Authentication berhasil
2026-04-09 11:52:13 - getOutlet.php - Query: SELECT id_out, nama_out, '' AS alamat_out, ofcode_out
            FROM outlet 
            WHERE status_out IN ('Active', '1', 'active')
            AND (nama_out LIKE :key OR ofcode_out LIKE :key)
            ORDER BY nama_out ASC
            LIMIT 20
2026-04-09 11:52:13 - getOutlet.php - Query berhasil, mengembalikan 3 record
2026-04-09 11:52:13 - getOutlet.php - === END REQUEST ===
2026-04-09 04:52:14 - getOutlet.php - === REQUEST GETOUTLET ===
2026-04-09 04:52:14 - getOutlet.php - Method: POST
2026-04-09 04:52:14 - getOutlet.php - POST data: {"tgl":"2026-04-09","encrypt":"ce8d123a9badc46aab7bfac002148c51","id_apl":"APL01","key":"Rumki"}
2026-04-09 11:52:14 - getOutlet.php - Params - tgl: 2026-04-09, encrypt: ce8d123a9badc46aab7bfac002148c51, id_apl: APL01, key: Rumki
2026-04-09 11:52:14 - getOutlet.php - Aplikasi ditemukan: Ya
2026-04-09 11:52:14 - getOutlet.php - Key aplikasi: YbcJSFjkds...
2026-04-09 11:52:14 - getOutlet.php - Expected encrypt: ce8d123a9badc46aab7bfac002148c51
2026-04-09 11:52:14 - getOutlet.php - Received encrypt: ce8d123a9badc46aab7bfac002148c51
2026-04-09 11:52:14 - getOutlet.php - Authentication berhasil
2026-04-09 11:52:14 - getOutlet.php - Query: SELECT id_out, nama_out, '' AS alamat_out, ofcode_out
            FROM outlet 
            WHERE status_out IN ('Active', '1', 'active')
            AND (nama_out LIKE :key OR ofcode_out LIKE :key)
            ORDER BY nama_out ASC
            LIMIT 20
2026-04-09 11:52:14 - getOutlet.php - Query berhasil, mengembalikan 3 record
2026-04-09 11:52:14 - getOutlet.php - === END REQUEST ===
2026-04-09 04:52:16 - getOutlet.php - === REQUEST GETOUTLET ===
2026-04-09 04:52:16 - getOutlet.php - Method: POST
2026-04-09 04:52:16 - getOutlet.php - POST data: {"tgl":"2026-04-09","encrypt":"ce8d123a9badc46aab7bfac002148c51","id_apl":"APL01","key":"Rumkit"}
2026-04-09 11:52:16 - getOutlet.php - Params - tgl: 2026-04-09, encrypt: ce8d123a9badc46aab7bfac002148c51, id_apl: APL01, key: Rumkit
2026-04-09 11:52:16 - getOutlet.php - Aplikasi ditemukan: Ya
2026-04-09 11:52:16 - getOutlet.php - Key aplikasi: YbcJSFjkds...
2026-04-09 11:52:16 - getOutlet.php - Expected encrypt: ce8d123a9badc46aab7bfac002148c51
2026-04-09 11:52:16 - getOutlet.php - Received encrypt: ce8d123a9badc46aab7bfac002148c51
2026-04-09 11:52:16 - getOutlet.php - Authentication berhasil
2026-04-09 11:52:16 - getOutlet.php - Query: SELECT id_out, nama_out, '' AS alamat_out, ofcode_out
            FROM outlet 
            WHERE status_out IN ('Active', '1', 'active')
            AND (nama_out LIKE :key OR ofcode_out LIKE :key)
            ORDER BY nama_out ASC
            LIMIT 20
2026-04-09 11:52:16 - getOutlet.php - Query berhasil, mengembalikan 3 record
2026-04-09 11:52:16 - getOutlet.php - === END REQUEST ===
2026-04-09 04:52:16 - getOutlet.php - === REQUEST GETOUTLET ===
2026-04-09 04:52:16 - getOutlet.php - Method: POST
2026-04-09 04:52:16 - getOutlet.php - POST data: {"tgl":"2026-04-09","encrypt":"ce8d123a9badc46aab7bfac002148c51","id_apl":"APL01","key":"Rumkita"}
2026-04-09 11:52:16 - getOutlet.php - Params - tgl: 2026-04-09, encrypt: ce8d123a9badc46aab7bfac002148c51, id_apl: APL01, key: Rumkita
2026-04-09 11:52:16 - getOutlet.php - Aplikasi ditemukan: Ya
2026-04-09 11:52:16 - getOutlet.php - Key aplikasi: YbcJSFjkds...
2026-04-09 11:52:16 - getOutlet.php - Expected encrypt: ce8d123a9badc46aab7bfac002148c51
2026-04-09 11:52:16 - getOutlet.php - Received encrypt: ce8d123a9badc46aab7bfac002148c51
2026-04-09 11:52:16 - getOutlet.php - Authentication berhasil
2026-04-09 11:52:16 - getOutlet.php - Query: SELECT id_out, nama_out, '' AS alamat_out, ofcode_out
            FROM outlet 
            WHERE status_out IN ('Active', '1', 'active')
            AND (nama_out LIKE :key OR ofcode_out LIKE :key)
            ORDER BY nama_out ASC
            LIMIT 20
2026-04-09 11:52:16 - getOutlet.php - Query berhasil, mengembalikan 1 record
2026-04-09 11:52:16 - getOutlet.php - === END REQUEST ===
2026-04-09 04:52:17 - getOutlet.php - === REQUEST GETOUTLET ===
2026-04-09 04:52:17 - getOutlet.php - Method: POST
2026-04-09 04:52:17 - getOutlet.php - POST data: {"tgl":"2026-04-09","encrypt":"ce8d123a9badc46aab7bfac002148c51","id_apl":"APL01","key":"Rumkital"}
2026-04-09 11:52:17 - getOutlet.php - Params - tgl: 2026-04-09, encrypt: ce8d123a9badc46aab7bfac002148c51, id_apl: APL01, key: Rumkital
2026-04-09 11:52:17 - getOutlet.php - Aplikasi ditemukan: Ya
2026-04-09 11:52:17 - getOutlet.php - Key aplikasi: YbcJSFjkds...
2026-04-09 11:52:17 - getOutlet.php - Expected encrypt: ce8d123a9badc46aab7bfac002148c51
2026-04-09 11:52:17 - getOutlet.php - Received encrypt: ce8d123a9badc46aab7bfac002148c51
2026-04-09 11:52:17 - getOutlet.php - Authentication berhasil
2026-04-09 11:52:17 - getOutlet.php - Query: SELECT id_out, nama_out, '' AS alamat_out, ofcode_out
            FROM outlet 
            WHERE status_out IN ('Active', '1', 'active')
            AND (nama_out LIKE :key OR ofcode_out LIKE :key)
            ORDER BY nama_out ASC
            LIMIT 20
2026-04-09 11:52:17 - getOutlet.php - Query berhasil, mengembalikan 1 record
2026-04-09 11:52:17 - getOutlet.php - === END REQUEST ===
2026-04-09 04:52:19 - getOutlet.php - === REQUEST GETOUTLET ===
2026-04-09 04:52:19 - getOutlet.php - Method: POST
2026-04-09 04:52:19 - getOutlet.php - POST data: {"tgl":"2026-04-09","encrypt":"ce8d123a9badc46aab7bfac002148c51","id_apl":"APL01","key":"RUMKITAL DR MINTOHARDJO MARKAS BESAR TNI AL KEMENTRIAN"}
2026-04-09 11:52:19 - getOutlet.php - Params - tgl: 2026-04-09, encrypt: ce8d123a9badc46aab7bfac002148c51, id_apl: APL01, key: RUMKITAL DR MINTOHARDJO MARKAS BESAR TNI AL KEMENTRIAN
2026-04-09 11:52:19 - getOutlet.php - Aplikasi ditemukan: Ya
2026-04-09 11:52:19 - getOutlet.php - Key aplikasi: YbcJSFjkds...
2026-04-09 11:52:19 - getOutlet.php - Expected encrypt: ce8d123a9badc46aab7bfac002148c51
2026-04-09 11:52:19 - getOutlet.php - Received encrypt: ce8d123a9badc46aab7bfac002148c51
2026-04-09 11:52:19 - getOutlet.php - Authentication berhasil
2026-04-09 11:52:19 - getOutlet.php - Query: SELECT id_out, nama_out, '' AS alamat_out, ofcode_out
            FROM outlet 
            WHERE status_out IN ('Active', '1', 'active')
            AND (nama_out LIKE :key OR ofcode_out LIKE :key)
            ORDER BY nama_out ASC
            LIMIT 20
2026-04-09 11:52:19 - getOutlet.php - Query berhasil, mengembalikan 1 record
2026-04-09 11:52:19 - getOutlet.php - === END REQUEST ===
2026-04-09 05:26:02 - getOutlet.php - === REQUEST GETOUTLET ===
2026-04-09 05:26:02 - getOutlet.php - Method: POST
2026-04-09 05:26:02 - getOutlet.php - POST data: {"tgl":"2026-04-09","encrypt":"ce8d123a9badc46aab7bfac002148c51","id_apl":"APL01","key":"Ek"}
2026-04-09 12:26:02 - getOutlet.php - Params - tgl: 2026-04-09, encrypt: ce8d123a9badc46aab7bfac002148c51, id_apl: APL01, key: Ek
2026-04-09 12:26:02 - getOutlet.php - Aplikasi ditemukan: Ya
2026-04-09 12:26:02 - getOutlet.php - Key aplikasi: YbcJSFjkds...
2026-04-09 12:26:02 - getOutlet.php - Expected encrypt: ce8d123a9badc46aab7bfac002148c51
2026-04-09 12:26:02 - getOutlet.php - Received encrypt: ce8d123a9badc46aab7bfac002148c51
2026-04-09 12:26:02 - getOutlet.php - Authentication berhasil
2026-04-09 12:26:02 - getOutlet.php - Query: SELECT id_out, nama_out, '' AS alamat_out, ofcode_out
            FROM outlet 
            WHERE status_out IN ('Active', '1', 'active')
            AND (nama_out LIKE :key OR ofcode_out LIKE :key)
            ORDER BY nama_out ASC
            LIMIT 20
2026-04-09 12:26:02 - getOutlet.php - Query berhasil, mengembalikan 20 record
2026-04-09 12:26:02 - getOutlet.php - === END REQUEST ===
2026-04-09 05:26:03 - getOutlet.php - === REQUEST GETOUTLET ===
2026-04-09 05:26:03 - getOutlet.php - Method: POST
2026-04-09 05:26:03 - getOutlet.php - POST data: {"tgl":"2026-04-09","encrypt":"ce8d123a9badc46aab7bfac002148c51","id_apl":"APL01","key":"Eka"}
2026-04-09 12:26:03 - getOutlet.php - Params - tgl: 2026-04-09, encrypt: ce8d123a9badc46aab7bfac002148c51, id_apl: APL01, key: Eka
2026-04-09 12:26:03 - getOutlet.php - Aplikasi ditemukan: Ya
2026-04-09 12:26:03 - getOutlet.php - Key aplikasi: YbcJSFjkds...
2026-04-09 12:26:03 - getOutlet.php - Expected encrypt: ce8d123a9badc46aab7bfac002148c51
2026-04-09 12:26:03 - getOutlet.php - Received encrypt: ce8d123a9badc46aab7bfac002148c51
2026-04-09 12:26:03 - getOutlet.php - Authentication berhasil
2026-04-09 12:26:03 - getOutlet.php - Query: SELECT id_out, nama_out, '' AS alamat_out, ofcode_out
            FROM outlet 
            WHERE status_out IN ('Active', '1', 'active')
            AND (nama_out LIKE :key OR ofcode_out LIKE :key)
            ORDER BY nama_out ASC
            LIMIT 20
2026-04-09 12:26:03 - getOutlet.php - Query berhasil, mengembalikan 20 record
2026-04-09 12:26:03 - getOutlet.php - === END REQUEST ===
2026-04-09 05:26:03 - getOutlet.php - === REQUEST GETOUTLET ===
2026-04-09 05:26:03 - getOutlet.php - Method: POST
2026-04-09 05:26:03 - getOutlet.php - POST data: {"tgl":"2026-04-09","encrypt":"ce8d123a9badc46aab7bfac002148c51","id_apl":"APL01","key":"Eka"}
2026-04-09 12:26:03 - getOutlet.php - Params - tgl: 2026-04-09, encrypt: ce8d123a9badc46aab7bfac002148c51, id_apl: APL01, key: Eka
2026-04-09 12:26:03 - getOutlet.php - Aplikasi ditemukan: Ya
2026-04-09 12:26:03 - getOutlet.php - Key aplikasi: YbcJSFjkds...
2026-04-09 12:26:03 - getOutlet.php - Expected encrypt: ce8d123a9badc46aab7bfac002148c51
2026-04-09 12:26:03 - getOutlet.php - Received encrypt: ce8d123a9badc46aab7bfac002148c51
2026-04-09 12:26:03 - getOutlet.php - Authentication berhasil
2026-04-09 12:26:03 - getOutlet.php - Query: SELECT id_out, nama_out, '' AS alamat_out, ofcode_out
            FROM outlet 
            WHERE status_out IN ('Active', '1', 'active')
            AND (nama_out LIKE :key OR ofcode_out LIKE :key)
            ORDER BY nama_out ASC
            LIMIT 20
2026-04-09 12:26:03 - getOutlet.php - Query berhasil, mengembalikan 20 record
2026-04-09 12:26:03 - getOutlet.php - === END REQUEST ===
2026-04-09 05:26:03 - getOutlet.php - === REQUEST GETOUTLET ===
2026-04-09 05:26:03 - getOutlet.php - Method: POST
2026-04-09 05:26:03 - getOutlet.php - POST data: {"tgl":"2026-04-09","encrypt":"ce8d123a9badc46aab7bfac002148c51","id_apl":"APL01","key":"Eka"}
2026-04-09 12:26:03 - getOutlet.php - Params - tgl: 2026-04-09, encrypt: ce8d123a9badc46aab7bfac002148c51, id_apl: APL01, key: Eka
2026-04-09 12:26:03 - getOutlet.php - Aplikasi ditemukan: Ya
2026-04-09 12:26:03 - getOutlet.php - Key aplikasi: YbcJSFjkds...
2026-04-09 12:26:03 - getOutlet.php - Expected encrypt: ce8d123a9badc46aab7bfac002148c51
2026-04-09 12:26:03 - getOutlet.php - Received encrypt: ce8d123a9badc46aab7bfac002148c51
2026-04-09 12:26:03 - getOutlet.php - Authentication berhasil
2026-04-09 12:26:03 - getOutlet.php - Query: SELECT id_out, nama_out, '' AS alamat_out, ofcode_out
            FROM outlet 
            WHERE status_out IN ('Active', '1', 'active')
            AND (nama_out LIKE :key OR ofcode_out LIKE :key)
            ORDER BY nama_out ASC
            LIMIT 20
2026-04-09 12:26:03 - getOutlet.php - Query berhasil, mengembalikan 20 record
2026-04-09 12:26:03 - getOutlet.php - === END REQUEST ===
2026-04-09 05:26:03 - getOutlet.php - === REQUEST GETOUTLET ===
2026-04-09 05:26:03 - getOutlet.php - Method: POST
2026-04-09 05:26:03 - getOutlet.php - POST data: {"tgl":"2026-04-09","encrypt":"ce8d123a9badc46aab7bfac002148c51","id_apl":"APL01","key":"Eka p"}
2026-04-09 12:26:03 - getOutlet.php - Params - tgl: 2026-04-09, encrypt: ce8d123a9badc46aab7bfac002148c51, id_apl: APL01, key: Eka p
2026-04-09 12:26:03 - getOutlet.php - Aplikasi ditemukan: Ya
2026-04-09 12:26:03 - getOutlet.php - Key aplikasi: YbcJSFjkds...
2026-04-09 12:26:03 - getOutlet.php - Expected encrypt: ce8d123a9badc46aab7bfac002148c51
2026-04-09 12:26:03 - getOutlet.php - Received encrypt: ce8d123a9badc46aab7bfac002148c51
2026-04-09 12:26:03 - getOutlet.php - Authentication berhasil
2026-04-09 12:26:03 - getOutlet.php - Query: SELECT id_out, nama_out, '' AS alamat_out, ofcode_out
            FROM outlet 
            WHERE status_out IN ('Active', '1', 'active')
            AND (nama_out LIKE :key OR ofcode_out LIKE :key)
            ORDER BY nama_out ASC
            LIMIT 20
2026-04-09 12:26:03 - getOutlet.php - Query berhasil, mengembalikan 1 record
2026-04-09 12:26:03 - getOutlet.php - === END REQUEST ===
2026-04-09 05:26:04 - getOutlet.php - === REQUEST GETOUTLET ===
2026-04-09 05:26:04 - getOutlet.php - Method: POST
2026-04-09 05:26:04 - getOutlet.php - POST data: {"tgl":"2026-04-09","encrypt":"ce8d123a9badc46aab7bfac002148c51","id_apl":"APL01","key":"Eka pe"}
2026-04-09 12:26:04 - getOutlet.php - Params - tgl: 2026-04-09, encrypt: ce8d123a9badc46aab7bfac002148c51, id_apl: APL01, key: Eka pe
2026-04-09 12:26:04 - getOutlet.php - Aplikasi ditemukan: Ya
2026-04-09 12:26:04 - getOutlet.php - Key aplikasi: YbcJSFjkds...
2026-04-09 12:26:04 - getOutlet.php - Expected encrypt: ce8d123a9badc46aab7bfac002148c51
2026-04-09 12:26:04 - getOutlet.php - Received encrypt: ce8d123a9badc46aab7bfac002148c51
2026-04-09 12:26:04 - getOutlet.php - Authentication berhasil
2026-04-09 12:26:04 - getOutlet.php - Query: SELECT id_out, nama_out, '' AS alamat_out, ofcode_out
            FROM outlet 
            WHERE status_out IN ('Active', '1', 'active')
            AND (nama_out LIKE :key OR ofcode_out LIKE :key)
            ORDER BY nama_out ASC
            LIMIT 20
2026-04-09 12:26:04 - getOutlet.php - Query berhasil, mengembalikan 1 record
2026-04-09 12:26:04 - getOutlet.php - === END REQUEST ===
2026-04-09 05:26:04 - getOutlet.php - === REQUEST GETOUTLET ===
2026-04-09 05:26:04 - getOutlet.php - Method: POST
2026-04-09 05:26:04 - getOutlet.php - POST data: {"tgl":"2026-04-09","encrypt":"ce8d123a9badc46aab7bfac002148c51","id_apl":"APL01","key":"Eka per"}
2026-04-09 12:26:04 - getOutlet.php - Params - tgl: 2026-04-09, encrypt: ce8d123a9badc46aab7bfac002148c51, id_apl: APL01, key: Eka per
2026-04-09 12:26:04 - getOutlet.php - Aplikasi ditemukan: Ya
2026-04-09 12:26:04 - getOutlet.php - Key aplikasi: YbcJSFjkds...
2026-04-09 12:26:04 - getOutlet.php - Expected encrypt: ce8d123a9badc46aab7bfac002148c51
2026-04-09 12:26:04 - getOutlet.php - Received encrypt: ce8d123a9badc46aab7bfac002148c51
2026-04-09 12:26:04 - getOutlet.php - Authentication berhasil
2026-04-09 12:26:04 - getOutlet.php - Query: SELECT id_out, nama_out, '' AS alamat_out, ofcode_out
            FROM outlet 
            WHERE status_out IN ('Active', '1', 'active')
            AND (nama_out LIKE :key OR ofcode_out LIKE :key)
            ORDER BY nama_out ASC
            LIMIT 20
2026-04-09 12:26:04 - getOutlet.php - Query berhasil, mengembalikan 1 record
2026-04-09 12:26:04 - getOutlet.php - === END REQUEST ===
2026-04-09 05:26:06 - getOutlet.php - === REQUEST GETOUTLET ===
2026-04-09 05:26:06 - getOutlet.php - Method: POST
2026-04-09 05:26:06 - getOutlet.php - POST data: {"tgl":"2026-04-09","encrypt":"ce8d123a9badc46aab7bfac002148c51","id_apl":"APL01","key":"RSU EKA PERMATA HIJAU"}
2026-04-09 12:26:06 - getOutlet.php - Params - tgl: 2026-04-09, encrypt: ce8d123a9badc46aab7bfac002148c51, id_apl: APL01, key: RSU EKA PERMATA HIJAU
2026-04-09 12:26:06 - getOutlet.php - Aplikasi ditemukan: Ya
2026-04-09 12:26:06 - getOutlet.php - Key aplikasi: YbcJSFjkds...
2026-04-09 12:26:06 - getOutlet.php - Expected encrypt: ce8d123a9badc46aab7bfac002148c51
2026-04-09 12:26:06 - getOutlet.php - Received encrypt: ce8d123a9badc46aab7bfac002148c51
2026-04-09 12:26:06 - getOutlet.php - Authentication berhasil
2026-04-09 12:26:06 - getOutlet.php - Query: SELECT id_out, nama_out, '' AS alamat_out, ofcode_out
            FROM outlet 
            WHERE status_out IN ('Active', '1', 'active')
            AND (nama_out LIKE :key OR ofcode_out LIKE :key)
            ORDER BY nama_out ASC
            LIMIT 20
2026-04-09 12:26:06 - getOutlet.php - Query berhasil, mengembalikan 1 record
2026-04-09 12:26:06 - getOutlet.php - === END REQUEST ===
2026-04-09 05:26:14 - getOutlet.php - === REQUEST GETOUTLET ===
2026-04-09 05:26:14 - getOutlet.php - Method: POST
2026-04-09 05:26:14 - getOutlet.php - POST data: {"tgl":"2026-04-09","encrypt":"ce8d123a9badc46aab7bfac002148c51","id_apl":"APL01","key":"Bo"}
2026-04-09 12:26:14 - getOutlet.php - Params - tgl: 2026-04-09, encrypt: ce8d123a9badc46aab7bfac002148c51, id_apl: APL01, key: Bo
2026-04-09 12:26:14 - getOutlet.php - Aplikasi ditemukan: Ya
2026-04-09 12:26:14 - getOutlet.php - Key aplikasi: YbcJSFjkds...
2026-04-09 12:26:14 - getOutlet.php - Expected encrypt: ce8d123a9badc46aab7bfac002148c51
2026-04-09 12:26:14 - getOutlet.php - Received encrypt: ce8d123a9badc46aab7bfac002148c51
2026-04-09 12:26:14 - getOutlet.php - Authentication berhasil
2026-04-09 12:26:14 - getOutlet.php - Query: SELECT id_out, nama_out, '' AS alamat_out, ofcode_out
            FROM outlet 
            WHERE status_out IN ('Active', '1', 'active')
            AND (nama_out LIKE :key OR ofcode_out LIKE :key)
            ORDER BY nama_out ASC
            LIMIT 20
2026-04-09 12:26:14 - getOutlet.php - Query berhasil, mengembalikan 20 record
2026-04-09 12:26:14 - getOutlet.php - === END REQUEST ===
2026-04-09 05:26:14 - getOutlet.php - === REQUEST GETOUTLET ===
2026-04-09 05:26:14 - getOutlet.php - Method: POST
2026-04-09 05:26:14 - getOutlet.php - POST data: {"tgl":"2026-04-09","encrypt":"ce8d123a9badc46aab7bfac002148c51","id_apl":"APL01","key":"Boo"}
2026-04-09 12:26:14 - getOutlet.php - Params - tgl: 2026-04-09, encrypt: ce8d123a9badc46aab7bfac002148c51, id_apl: APL01, key: Boo
2026-04-09 12:26:14 - getOutlet.php - Aplikasi ditemukan: Ya
2026-04-09 12:26:14 - getOutlet.php - Key aplikasi: YbcJSFjkds...
2026-04-09 12:26:14 - getOutlet.php - Expected encrypt: ce8d123a9badc46aab7bfac002148c51
2026-04-09 12:26:14 - getOutlet.php - Received encrypt: ce8d123a9badc46aab7bfac002148c51
2026-04-09 12:26:14 - getOutlet.php - Authentication berhasil
2026-04-09 12:26:14 - getOutlet.php - Query: SELECT id_out, nama_out, '' AS alamat_out, ofcode_out
            FROM outlet 
            WHERE status_out IN ('Active', '1', 'active')
            AND (nama_out LIKE :key OR ofcode_out LIKE :key)
            ORDER BY nama_out ASC
            LIMIT 20
2026-04-09 12:26:14 - getOutlet.php - Query berhasil, mengembalikan 20 record
2026-04-09 12:26:14 - getOutlet.php - === END REQUEST ===
2026-04-09 05:26:15 - getOutlet.php - === REQUEST GETOUTLET ===
2026-04-09 05:26:15 - getOutlet.php - Method: POST
2026-04-09 05:26:15 - getOutlet.php - POST data: {"tgl":"2026-04-09","encrypt":"ce8d123a9badc46aab7bfac002148c51","id_apl":"APL01","key":"Boot"}
2026-04-09 12:26:15 - getOutlet.php - Params - tgl: 2026-04-09, encrypt: ce8d123a9badc46aab7bfac002148c51, id_apl: APL01, key: Boot
2026-04-09 12:26:15 - getOutlet.php - Aplikasi ditemukan: Ya
2026-04-09 12:26:15 - getOutlet.php - Key aplikasi: YbcJSFjkds...
2026-04-09 12:26:15 - getOutlet.php - Expected encrypt: ce8d123a9badc46aab7bfac002148c51
2026-04-09 12:26:15 - getOutlet.php - Received encrypt: ce8d123a9badc46aab7bfac002148c51
2026-04-09 12:26:15 - getOutlet.php - Authentication berhasil
2026-04-09 12:26:15 - getOutlet.php - Query: SELECT id_out, nama_out, '' AS alamat_out, ofcode_out
            FROM outlet 
            WHERE status_out IN ('Active', '1', 'active')
            AND (nama_out LIKE :key OR ofcode_out LIKE :key)
            ORDER BY nama_out ASC
            LIMIT 20
2026-04-09 12:26:15 - getOutlet.php - Query berhasil, mengembalikan 20 record
2026-04-09 12:26:15 - getOutlet.php - === END REQUEST ===
2026-04-09 05:26:15 - getOutlet.php - === REQUEST GETOUTLET ===
2026-04-09 05:26:15 - getOutlet.php - Method: POST
2026-04-09 05:26:15 - getOutlet.php - POST data: {"tgl":"2026-04-09","encrypt":"ce8d123a9badc46aab7bfac002148c51","id_apl":"APL01","key":"Boots"}
2026-04-09 12:26:15 - getOutlet.php - Params - tgl: 2026-04-09, encrypt: ce8d123a9badc46aab7bfac002148c51, id_apl: APL01, key: Boots
2026-04-09 12:26:15 - getOutlet.php - Aplikasi ditemukan: Ya
2026-04-09 12:26:15 - getOutlet.php - Key aplikasi: YbcJSFjkds...
2026-04-09 12:26:15 - getOutlet.php - Expected encrypt: ce8d123a9badc46aab7bfac002148c51
2026-04-09 12:26:15 - getOutlet.php - Received encrypt: ce8d123a9badc46aab7bfac002148c51
2026-04-09 12:26:15 - getOutlet.php - Authentication berhasil
2026-04-09 12:26:15 - getOutlet.php - Query: SELECT id_out, nama_out, '' AS alamat_out, ofcode_out
            FROM outlet 
            WHERE status_out IN ('Active', '1', 'active')
            AND (nama_out LIKE :key OR ofcode_out LIKE :key)
            ORDER BY nama_out ASC
            LIMIT 20
2026-04-09 12:26:15 - getOutlet.php - Query berhasil, mengembalikan 20 record
2026-04-09 12:26:15 - getOutlet.php - === END REQUEST ===
2026-04-09 05:26:15 - getOutlet.php - === REQUEST GETOUTLET ===
2026-04-09 05:26:15 - getOutlet.php - Method: POST
2026-04-09 05:26:15 - getOutlet.php - POST data: {"tgl":"2026-04-09","encrypt":"ce8d123a9badc46aab7bfac002148c51","id_apl":"APL01","key":"Boots"}
2026-04-09 12:26:15 - getOutlet.php - Params - tgl: 2026-04-09, encrypt: ce8d123a9badc46aab7bfac002148c51, id_apl: APL01, key: Boots
2026-04-09 12:26:15 - getOutlet.php - Aplikasi ditemukan: Ya
2026-04-09 12:26:15 - getOutlet.php - Key aplikasi: YbcJSFjkds...
2026-04-09 12:26:15 - getOutlet.php - Expected encrypt: ce8d123a9badc46aab7bfac002148c51
2026-04-09 12:26:15 - getOutlet.php - Received encrypt: ce8d123a9badc46aab7bfac002148c51
2026-04-09 12:26:15 - getOutlet.php - Authentication berhasil
2026-04-09 12:26:15 - getOutlet.php - Query: SELECT id_out, nama_out, '' AS alamat_out, ofcode_out
            FROM outlet 
            WHERE status_out IN ('Active', '1', 'active')
            AND (nama_out LIKE :key OR ofcode_out LIKE :key)
            ORDER BY nama_out ASC
            LIMIT 20
2026-04-09 12:26:15 - getOutlet.php - Query berhasil, mengembalikan 20 record
2026-04-09 12:26:15 - getOutlet.php - === END REQUEST ===
2026-04-09 05:26:15 - getOutlet.php - === REQUEST GETOUTLET ===
2026-04-09 05:26:15 - getOutlet.php - Method: POST
2026-04-09 05:26:15 - getOutlet.php - POST data: {"tgl":"2026-04-09","encrypt":"ce8d123a9badc46aab7bfac002148c51","id_apl":"APL01","key":"Boots"}
2026-04-09 12:26:15 - getOutlet.php - Params - tgl: 2026-04-09, encrypt: ce8d123a9badc46aab7bfac002148c51, id_apl: APL01, key: Boots
2026-04-09 12:26:15 - getOutlet.php - Aplikasi ditemukan: Ya
2026-04-09 12:26:15 - getOutlet.php - Key aplikasi: YbcJSFjkds...
2026-04-09 12:26:15 - getOutlet.php - Expected encrypt: ce8d123a9badc46aab7bfac002148c51
2026-04-09 12:26:15 - getOutlet.php - Received encrypt: ce8d123a9badc46aab7bfac002148c51
2026-04-09 12:26:15 - getOutlet.php - Authentication berhasil
2026-04-09 12:26:15 - getOutlet.php - Query: SELECT id_out, nama_out, '' AS alamat_out, ofcode_out
            FROM outlet 
            WHERE status_out IN ('Active', '1', 'active')
            AND (nama_out LIKE :key OR ofcode_out LIKE :key)
            ORDER BY nama_out ASC
            LIMIT 20
2026-04-09 12:26:15 - getOutlet.php - Query berhasil, mengembalikan 20 record
2026-04-09 12:26:15 - getOutlet.php - === END REQUEST ===
2026-04-09 05:26:16 - getOutlet.php - === REQUEST GETOUTLET ===
2026-04-09 05:26:16 - getOutlet.php - Method: POST
2026-04-09 05:26:16 - getOutlet.php - POST data: {"tgl":"2026-04-09","encrypt":"ce8d123a9badc46aab7bfac002148c51","id_apl":"APL01","key":"Boots g"}
2026-04-09 12:26:16 - getOutlet.php - Params - tgl: 2026-04-09, encrypt: ce8d123a9badc46aab7bfac002148c51, id_apl: APL01, key: Boots g
2026-04-09 12:26:16 - getOutlet.php - Aplikasi ditemukan: Ya
2026-04-09 12:26:16 - getOutlet.php - Key aplikasi: YbcJSFjkds...
2026-04-09 12:26:16 - getOutlet.php - Expected encrypt: ce8d123a9badc46aab7bfac002148c51
2026-04-09 12:26:16 - getOutlet.php - Received encrypt: ce8d123a9badc46aab7bfac002148c51
2026-04-09 12:26:16 - getOutlet.php - Authentication berhasil
2026-04-09 12:26:16 - getOutlet.php - Query: SELECT id_out, nama_out, '' AS alamat_out, ofcode_out
            FROM outlet 
            WHERE status_out IN ('Active', '1', 'active')
            AND (nama_out LIKE :key OR ofcode_out LIKE :key)
            ORDER BY nama_out ASC
            LIMIT 20
2026-04-09 12:26:16 - getOutlet.php - Query berhasil, mengembalikan 3 record
2026-04-09 12:26:16 - getOutlet.php - === END REQUEST ===
2026-04-09 05:26:16 - getOutlet.php - === REQUEST GETOUTLET ===
2026-04-09 05:26:16 - getOutlet.php - Method: POST
2026-04-09 05:26:16 - getOutlet.php - POST data: {"tgl":"2026-04-09","encrypt":"ce8d123a9badc46aab7bfac002148c51","id_apl":"APL01","key":"Boots ga"}
2026-04-09 12:26:16 - getOutlet.php - Params - tgl: 2026-04-09, encrypt: ce8d123a9badc46aab7bfac002148c51, id_apl: APL01, key: Boots ga
2026-04-09 12:26:16 - getOutlet.php - Aplikasi ditemukan: Ya
2026-04-09 12:26:16 - getOutlet.php - Key aplikasi: YbcJSFjkds...
2026-04-09 12:26:16 - getOutlet.php - Expected encrypt: ce8d123a9badc46aab7bfac002148c51
2026-04-09 12:26:16 - getOutlet.php - Received encrypt: ce8d123a9badc46aab7bfac002148c51
2026-04-09 12:26:16 - getOutlet.php - Authentication berhasil
2026-04-09 12:26:16 - getOutlet.php - Query: SELECT id_out, nama_out, '' AS alamat_out, ofcode_out
            FROM outlet 
            WHERE status_out IN ('Active', '1', 'active')
            AND (nama_out LIKE :key OR ofcode_out LIKE :key)
            ORDER BY nama_out ASC
            LIMIT 20
2026-04-09 12:26:16 - getOutlet.php - Query berhasil, mengembalikan 1 record
2026-04-09 12:26:16 - getOutlet.php - === END REQUEST ===
2026-04-09 05:26:18 - getOutlet.php - === REQUEST GETOUTLET ===
2026-04-09 05:26:18 - getOutlet.php - Method: POST
2026-04-09 05:26:18 - getOutlet.php - POST data: {"tgl":"2026-04-09","encrypt":"ce8d123a9badc46aab7bfac002148c51","id_apl":"APL01","key":"APOTEK BOOTS GANDARIA CITY"}
2026-04-09 12:26:18 - getOutlet.php - Params - tgl: 2026-04-09, encrypt: ce8d123a9badc46aab7bfac002148c51, id_apl: APL01, key: APOTEK BOOTS GANDARIA CITY
2026-04-09 12:26:18 - getOutlet.php - Aplikasi ditemukan: Ya
2026-04-09 12:26:18 - getOutlet.php - Key aplikasi: YbcJSFjkds...
2026-04-09 12:26:18 - getOutlet.php - Expected encrypt: ce8d123a9badc46aab7bfac002148c51
2026-04-09 12:26:18 - getOutlet.php - Received encrypt: ce8d123a9badc46aab7bfac002148c51
2026-04-09 12:26:18 - getOutlet.php - Authentication berhasil
2026-04-09 12:26:18 - getOutlet.php - Query: SELECT id_out, nama_out, '' AS alamat_out, ofcode_out
            FROM outlet 
            WHERE status_out IN ('Active', '1', 'active')
            AND (nama_out LIKE :key OR ofcode_out LIKE :key)
            ORDER BY nama_out ASC
            LIMIT 20
2026-04-09 12:26:18 - getOutlet.php - Query berhasil, mengembalikan 1 record
2026-04-09 12:26:18 - getOutlet.php - === END REQUEST ===
2026-04-09 05:26:28 - getOutlet.php - === REQUEST GETOUTLET ===
2026-04-09 05:26:28 - getOutlet.php - Method: POST
2026-04-09 05:26:28 - getOutlet.php - POST data: {"tgl":"2026-04-09","encrypt":"ce8d123a9badc46aab7bfac002148c51","id_apl":"APL01","key":"Ya"}
2026-04-09 12:26:28 - getOutlet.php - Params - tgl: 2026-04-09, encrypt: ce8d123a9badc46aab7bfac002148c51, id_apl: APL01, key: Ya
2026-04-09 12:26:28 - getOutlet.php - Aplikasi ditemukan: Ya
2026-04-09 12:26:28 - getOutlet.php - Key aplikasi: YbcJSFjkds...
2026-04-09 12:26:28 - getOutlet.php - Expected encrypt: ce8d123a9badc46aab7bfac002148c51
2026-04-09 12:26:28 - getOutlet.php - Received encrypt: ce8d123a9badc46aab7bfac002148c51
2026-04-09 12:26:28 - getOutlet.php - Authentication berhasil
2026-04-09 12:26:28 - getOutlet.php - Query: SELECT id_out, nama_out, '' AS alamat_out, ofcode_out
            FROM outlet 
            WHERE status_out IN ('Active', '1', 'active')
            AND (nama_out LIKE :key OR ofcode_out LIKE :key)
            ORDER BY nama_out ASC
            LIMIT 20
2026-04-09 12:26:28 - getOutlet.php - Query berhasil, mengembalikan 20 record
2026-04-09 12:26:28 - getOutlet.php - === END REQUEST ===
2026-04-09 05:26:28 - getOutlet.php - === REQUEST GETOUTLET ===
2026-04-09 05:26:28 - getOutlet.php - Method: POST
2026-04-09 05:26:28 - getOutlet.php - POST data: {"tgl":"2026-04-09","encrypt":"ce8d123a9badc46aab7bfac002148c51","id_apl":"APL01","key":"Yak"}
2026-04-09 12:26:28 - getOutlet.php - Params - tgl: 2026-04-09, encrypt: ce8d123a9badc46aab7bfac002148c51, id_apl: APL01, key: Yak
2026-04-09 12:26:28 - getOutlet.php - Aplikasi ditemukan: Ya
2026-04-09 12:26:28 - getOutlet.php - Key aplikasi: YbcJSFjkds...
2026-04-09 12:26:28 - getOutlet.php - Expected encrypt: ce8d123a9badc46aab7bfac002148c51
2026-04-09 12:26:28 - getOutlet.php - Received encrypt: ce8d123a9badc46aab7bfac002148c51
2026-04-09 12:26:28 - getOutlet.php - Authentication berhasil
2026-04-09 12:26:28 - getOutlet.php - Query: SELECT id_out, nama_out, '' AS alamat_out, ofcode_out
            FROM outlet 
            WHERE status_out IN ('Active', '1', 'active')
            AND (nama_out LIKE :key OR ofcode_out LIKE :key)
            ORDER BY nama_out ASC
            LIMIT 20
2026-04-09 12:26:28 - getOutlet.php - Query berhasil, mengembalikan 5 record
2026-04-09 12:26:28 - getOutlet.php - === END REQUEST ===
2026-04-09 05:26:28 - getOutlet.php - === REQUEST GETOUTLET ===
2026-04-09 05:26:28 - getOutlet.php - Method: POST
2026-04-09 05:26:28 - getOutlet.php - POST data: {"tgl":"2026-04-09","encrypt":"ce8d123a9badc46aab7bfac002148c51","id_apl":"APL01","key":"Yake"}
2026-04-09 12:26:28 - getOutlet.php - Params - tgl: 2026-04-09, encrypt: ce8d123a9badc46aab7bfac002148c51, id_apl: APL01, key: Yake
2026-04-09 12:26:28 - getOutlet.php - Aplikasi ditemukan: Ya
2026-04-09 12:26:28 - getOutlet.php - Key aplikasi: YbcJSFjkds...
2026-04-09 12:26:28 - getOutlet.php - Expected encrypt: ce8d123a9badc46aab7bfac002148c51
2026-04-09 12:26:28 - getOutlet.php - Received encrypt: ce8d123a9badc46aab7bfac002148c51
2026-04-09 12:26:28 - getOutlet.php - Authentication berhasil
2026-04-09 12:26:28 - getOutlet.php - Query: SELECT id_out, nama_out, '' AS alamat_out, ofcode_out
            FROM outlet 
            WHERE status_out IN ('Active', '1', 'active')
            AND (nama_out LIKE :key OR ofcode_out LIKE :key)
            ORDER BY nama_out ASC
            LIMIT 20
2026-04-09 12:26:28 - getOutlet.php - Query berhasil, mengembalikan 1 record
2026-04-09 12:26:28 - getOutlet.php - === END REQUEST ===
2026-04-09 05:26:28 - getOutlet.php - === REQUEST GETOUTLET ===
2026-04-09 05:26:28 - getOutlet.php - Method: POST
2026-04-09 05:26:28 - getOutlet.php - POST data: {"tgl":"2026-04-09","encrypt":"ce8d123a9badc46aab7bfac002148c51","id_apl":"APL01","key":"Yakes"}
2026-04-09 12:26:28 - getOutlet.php - Params - tgl: 2026-04-09, encrypt: ce8d123a9badc46aab7bfac002148c51, id_apl: APL01, key: Yakes
2026-04-09 12:26:28 - getOutlet.php - Aplikasi ditemukan: Ya
2026-04-09 12:26:28 - getOutlet.php - Key aplikasi: YbcJSFjkds...
2026-04-09 12:26:28 - getOutlet.php - Expected encrypt: ce8d123a9badc46aab7bfac002148c51
2026-04-09 12:26:28 - getOutlet.php - Received encrypt: ce8d123a9badc46aab7bfac002148c51
2026-04-09 12:26:28 - getOutlet.php - Authentication berhasil
2026-04-09 12:26:28 - getOutlet.php - Query: SELECT id_out, nama_out, '' AS alamat_out, ofcode_out
            FROM outlet 
            WHERE status_out IN ('Active', '1', 'active')
            AND (nama_out LIKE :key OR ofcode_out LIKE :key)
            ORDER BY nama_out ASC
            LIMIT 20
2026-04-09 12:26:28 - getOutlet.php - Query berhasil, mengembalikan 1 record
2026-04-09 12:26:28 - getOutlet.php - === END REQUEST ===
2026-04-09 05:26:30 - getOutlet.php - === REQUEST GETOUTLET ===
2026-04-09 05:26:30 - getOutlet.php - Method: POST
2026-04-09 05:26:30 - getOutlet.php - POST data: {"tgl":"2026-04-09","encrypt":"ce8d123a9badc46aab7bfac002148c51","id_apl":"APL01","key":"APOTEK YAKESPEN ANTAM"}
2026-04-09 12:26:30 - getOutlet.php - Params - tgl: 2026-04-09, encrypt: ce8d123a9badc46aab7bfac002148c51, id_apl: APL01, key: APOTEK YAKESPEN ANTAM
2026-04-09 12:26:30 - getOutlet.php - Aplikasi ditemukan: Ya
2026-04-09 12:26:30 - getOutlet.php - Key aplikasi: YbcJSFjkds...
2026-04-09 12:26:30 - getOutlet.php - Expected encrypt: ce8d123a9badc46aab7bfac002148c51
2026-04-09 12:26:30 - getOutlet.php - Received encrypt: ce8d123a9badc46aab7bfac002148c51
2026-04-09 12:26:30 - getOutlet.php - Authentication berhasil
2026-04-09 12:26:30 - getOutlet.php - Query: SELECT id_out, nama_out, '' AS alamat_out, ofcode_out
            FROM outlet 
            WHERE status_out IN ('Active', '1', 'active')
            AND (nama_out LIKE :key OR ofcode_out LIKE :key)
            ORDER BY nama_out ASC
            LIMIT 20
2026-04-09 12:26:30 - getOutlet.php - Query berhasil, mengembalikan 1 record
2026-04-09 12:26:30 - getOutlet.php - === END REQUEST ===
2026-04-09 05:26:48 - getOutlet.php - === REQUEST GETOUTLET ===
2026-04-09 05:26:48 - getOutlet.php - Method: POST
2026-04-09 05:26:48 - getOutlet.php - POST data: {"tgl":"2026-04-09","encrypt":"ce8d123a9badc46aab7bfac002148c51","id_apl":"APL01","key":"Pu"}
2026-04-09 12:26:48 - getOutlet.php - Params - tgl: 2026-04-09, encrypt: ce8d123a9badc46aab7bfac002148c51, id_apl: APL01, key: Pu
2026-04-09 12:26:48 - getOutlet.php - Aplikasi ditemukan: Ya
2026-04-09 12:26:48 - getOutlet.php - Key aplikasi: YbcJSFjkds...
2026-04-09 12:26:48 - getOutlet.php - Expected encrypt: ce8d123a9badc46aab7bfac002148c51
2026-04-09 12:26:48 - getOutlet.php - Received encrypt: ce8d123a9badc46aab7bfac002148c51
2026-04-09 12:26:48 - getOutlet.php - Authentication berhasil
2026-04-09 12:26:48 - getOutlet.php - Query: SELECT id_out, nama_out, '' AS alamat_out, ofcode_out
            FROM outlet 
            WHERE status_out IN ('Active', '1', 'active')
            AND (nama_out LIKE :key OR ofcode_out LIKE :key)
            ORDER BY nama_out ASC
            LIMIT 20
2026-04-09 12:26:48 - getOutlet.php - Query berhasil, mengembalikan 20 record
2026-04-09 12:26:48 - getOutlet.php - === END REQUEST ===
2026-04-09 05:26:48 - getOutlet.php - === REQUEST GETOUTLET ===
2026-04-09 05:26:48 - getOutlet.php - Method: POST
2026-04-09 05:26:48 - getOutlet.php - POST data: {"tgl":"2026-04-09","encrypt":"ce8d123a9badc46aab7bfac002148c51","id_apl":"APL01","key":"Pur"}
2026-04-09 12:26:48 - getOutlet.php - Params - tgl: 2026-04-09, encrypt: ce8d123a9badc46aab7bfac002148c51, id_apl: APL01, key: Pur
2026-04-09 12:26:48 - getOutlet.php - Aplikasi ditemukan: Ya
2026-04-09 12:26:48 - getOutlet.php - Key aplikasi: YbcJSFjkds...
2026-04-09 12:26:48 - getOutlet.php - Expected encrypt: ce8d123a9badc46aab7bfac002148c51
2026-04-09 12:26:48 - getOutlet.php - Received encrypt: ce8d123a9badc46aab7bfac002148c51
2026-04-09 12:26:48 - getOutlet.php - Authentication berhasil
2026-04-09 12:26:48 - getOutlet.php - Query: SELECT id_out, nama_out, '' AS alamat_out, ofcode_out
            FROM outlet 
            WHERE status_out IN ('Active', '1', 'active')
            AND (nama_out LIKE :key OR ofcode_out LIKE :key)
            ORDER BY nama_out ASC
            LIMIT 20
2026-04-09 12:26:48 - getOutlet.php - Query berhasil, mengembalikan 18 record
2026-04-09 12:26:48 - getOutlet.php - === END REQUEST ===
2026-04-09 05:26:49 - getOutlet.php - === REQUEST GETOUTLET ===
2026-04-09 05:26:49 - getOutlet.php - Method: POST
2026-04-09 05:26:49 - getOutlet.php - POST data: {"tgl":"2026-04-09","encrypt":"ce8d123a9badc46aab7bfac002148c51","id_apl":"APL01","key":"Puri"}
2026-04-09 12:26:49 - getOutlet.php - Params - tgl: 2026-04-09, encrypt: ce8d123a9badc46aab7bfac002148c51, id_apl: APL01, key: Puri
2026-04-09 12:26:49 - getOutlet.php - Aplikasi ditemukan: Ya
2026-04-09 12:26:49 - getOutlet.php - Key aplikasi: YbcJSFjkds...
2026-04-09 12:26:49 - getOutlet.php - Expected encrypt: ce8d123a9badc46aab7bfac002148c51
2026-04-09 12:26:49 - getOutlet.php - Received encrypt: ce8d123a9badc46aab7bfac002148c51
2026-04-09 12:26:49 - getOutlet.php - Authentication berhasil
2026-04-09 12:26:49 - getOutlet.php - Query: SELECT id_out, nama_out, '' AS alamat_out, ofcode_out
            FROM outlet 
            WHERE status_out IN ('Active', '1', 'active')
            AND (nama_out LIKE :key OR ofcode_out LIKE :key)
            ORDER BY nama_out ASC
            LIMIT 20
2026-04-09 12:26:49 - getOutlet.php - Query berhasil, mengembalikan 14 record
2026-04-09 12:26:49 - getOutlet.php - === END REQUEST ===
2026-04-09 05:26:50 - getOutlet.php - === REQUEST GETOUTLET ===
2026-04-09 05:26:50 - getOutlet.php - Method: POST
2026-04-09 05:26:50 - getOutlet.php - POST data: {"tgl":"2026-04-09","encrypt":"ce8d123a9badc46aab7bfac002148c51","id_apl":"APL01","key":"Puri"}
2026-04-09 12:26:50 - getOutlet.php - Params - tgl: 2026-04-09, encrypt: ce8d123a9badc46aab7bfac002148c51, id_apl: APL01, key: Puri
2026-04-09 12:26:50 - getOutlet.php - Aplikasi ditemukan: Ya
2026-04-09 12:26:50 - getOutlet.php - Key aplikasi: YbcJSFjkds...
2026-04-09 12:26:50 - getOutlet.php - Expected encrypt: ce8d123a9badc46aab7bfac002148c51
2026-04-09 12:26:50 - getOutlet.php - Received encrypt: ce8d123a9badc46aab7bfac002148c51
2026-04-09 12:26:50 - getOutlet.php - Authentication berhasil
2026-04-09 12:26:50 - getOutlet.php - Query: SELECT id_out, nama_out, '' AS alamat_out, ofcode_out
            FROM outlet 
            WHERE status_out IN ('Active', '1', 'active')
            AND (nama_out LIKE :key OR ofcode_out LIKE :key)
            ORDER BY nama_out ASC
            LIMIT 20
2026-04-09 12:26:50 - getOutlet.php - Query berhasil, mengembalikan 14 record
2026-04-09 12:26:50 - getOutlet.php - === END REQUEST ===
2026-04-09 05:26:50 - getOutlet.php - === REQUEST GETOUTLET ===
2026-04-09 05:26:50 - getOutlet.php - Method: POST
2026-04-09 05:26:50 - getOutlet.php - POST data: {"tgl":"2026-04-09","encrypt":"ce8d123a9badc46aab7bfac002148c51","id_apl":"APL01","key":"Puri"}
2026-04-09 12:26:50 - getOutlet.php - Params - tgl: 2026-04-09, encrypt: ce8d123a9badc46aab7bfac002148c51, id_apl: APL01, key: Puri
2026-04-09 12:26:50 - getOutlet.php - Aplikasi ditemukan: Ya
2026-04-09 12:26:50 - getOutlet.php - Key aplikasi: YbcJSFjkds...
2026-04-09 12:26:50 - getOutlet.php - Expected encrypt: ce8d123a9badc46aab7bfac002148c51
2026-04-09 12:26:50 - getOutlet.php - Received encrypt: ce8d123a9badc46aab7bfac002148c51
2026-04-09 12:26:50 - getOutlet.php - Authentication berhasil
2026-04-09 12:26:50 - getOutlet.php - Query: SELECT id_out, nama_out, '' AS alamat_out, ofcode_out
            FROM outlet 
            WHERE status_out IN ('Active', '1', 'active')
            AND (nama_out LIKE :key OR ofcode_out LIKE :key)
            ORDER BY nama_out ASC
            LIMIT 20
2026-04-09 12:26:50 - getOutlet.php - Query berhasil, mengembalikan 14 record
2026-04-09 12:26:50 - getOutlet.php - === END REQUEST ===
2026-04-09 05:26:50 - getOutlet.php - === REQUEST GETOUTLET ===
2026-04-09 05:26:50 - getOutlet.php - Method: POST
2026-04-09 05:26:50 - getOutlet.php - POST data: {"tgl":"2026-04-09","encrypt":"ce8d123a9badc46aab7bfac002148c51","id_apl":"APL01","key":"Puri c"}
2026-04-09 12:26:50 - getOutlet.php - Params - tgl: 2026-04-09, encrypt: ce8d123a9badc46aab7bfac002148c51, id_apl: APL01, key: Puri c
2026-04-09 12:26:50 - getOutlet.php - Aplikasi ditemukan: Ya
2026-04-09 12:26:50 - getOutlet.php - Key aplikasi: YbcJSFjkds...
2026-04-09 12:26:50 - getOutlet.php - Expected encrypt: ce8d123a9badc46aab7bfac002148c51
2026-04-09 12:26:50 - getOutlet.php - Received encrypt: ce8d123a9badc46aab7bfac002148c51
2026-04-09 12:26:50 - getOutlet.php - Authentication berhasil
2026-04-09 12:26:50 - getOutlet.php - Query: SELECT id_out, nama_out, '' AS alamat_out, ofcode_out
            FROM outlet 
            WHERE status_out IN ('Active', '1', 'active')
            AND (nama_out LIKE :key OR ofcode_out LIKE :key)
            ORDER BY nama_out ASC
            LIMIT 20
2026-04-09 12:26:50 - getOutlet.php - Query berhasil, mengembalikan 2 record
2026-04-09 12:26:50 - getOutlet.php - === END REQUEST ===
2026-04-09 05:26:51 - getOutlet.php - === REQUEST GETOUTLET ===
2026-04-09 05:26:51 - getOutlet.php - Method: POST
2026-04-09 05:26:51 - getOutlet.php - POST data: {"tgl":"2026-04-09","encrypt":"ce8d123a9badc46aab7bfac002148c51","id_apl":"APL01","key":"Puri ci"}
2026-04-09 12:26:51 - getOutlet.php - Params - tgl: 2026-04-09, encrypt: ce8d123a9badc46aab7bfac002148c51, id_apl: APL01, key: Puri ci
2026-04-09 12:26:51 - getOutlet.php - Aplikasi ditemukan: Ya
2026-04-09 12:26:51 - getOutlet.php - Key aplikasi: YbcJSFjkds...
2026-04-09 12:26:51 - getOutlet.php - Expected encrypt: ce8d123a9badc46aab7bfac002148c51
2026-04-09 12:26:51 - getOutlet.php - Received encrypt: ce8d123a9badc46aab7bfac002148c51
2026-04-09 12:26:51 - getOutlet.php - Authentication berhasil
2026-04-09 12:26:51 - getOutlet.php - Query: SELECT id_out, nama_out, '' AS alamat_out, ofcode_out
            FROM outlet 
            WHERE status_out IN ('Active', '1', 'active')
            AND (nama_out LIKE :key OR ofcode_out LIKE :key)
            ORDER BY nama_out ASC
            LIMIT 20
2026-04-09 12:26:51 - getOutlet.php - Query berhasil, mengembalikan 1 record
2026-04-09 12:26:51 - getOutlet.php - === END REQUEST ===
2026-04-09 05:26:52 - getOutlet.php - === REQUEST GETOUTLET ===
2026-04-09 05:26:52 - getOutlet.php - Method: POST
2026-04-09 05:26:52 - getOutlet.php - POST data: {"tgl":"2026-04-09","encrypt":"ce8d123a9badc46aab7bfac002148c51","id_apl":"APL01","key":"RS PURI CINERE"}
2026-04-09 12:26:52 - getOutlet.php - Params - tgl: 2026-04-09, encrypt: ce8d123a9badc46aab7bfac002148c51, id_apl: APL01, key: RS PURI CINERE
2026-04-09 12:26:52 - getOutlet.php - Aplikasi ditemukan: Ya
2026-04-09 12:26:52 - getOutlet.php - Key aplikasi: YbcJSFjkds...
2026-04-09 12:26:52 - getOutlet.php - Expected encrypt: ce8d123a9badc46aab7bfac002148c51
2026-04-09 12:26:52 - getOutlet.php - Received encrypt: ce8d123a9badc46aab7bfac002148c51
2026-04-09 12:26:52 - getOutlet.php - Authentication berhasil
2026-04-09 12:26:52 - getOutlet.php - Query: SELECT id_out, nama_out, '' AS alamat_out, ofcode_out
            FROM outlet 
            WHERE status_out IN ('Active', '1', 'active')
            AND (nama_out LIKE :key OR ofcode_out LIKE :key)
            ORDER BY nama_out ASC
            LIMIT 20
2026-04-09 12:26:52 - getOutlet.php - Query berhasil, mengembalikan 1 record
2026-04-09 12:26:52 - getOutlet.php - === END REQUEST ===
2026-04-09 05:26:59 - getOutlet.php - === REQUEST GETOUTLET ===
2026-04-09 05:26:59 - getOutlet.php - Method: POST
2026-04-09 05:26:59 - getOutlet.php - POST data: {"tgl":"2026-04-09","encrypt":"ce8d123a9badc46aab7bfac002148c51","id_apl":"APL01","key":"Ka"}
2026-04-09 12:26:59 - getOutlet.php - Params - tgl: 2026-04-09, encrypt: ce8d123a9badc46aab7bfac002148c51, id_apl: APL01, key: Ka
2026-04-09 12:26:59 - getOutlet.php - Aplikasi ditemukan: Ya
2026-04-09 12:26:59 - getOutlet.php - Key aplikasi: YbcJSFjkds...
2026-04-09 12:26:59 - getOutlet.php - Expected encrypt: ce8d123a9badc46aab7bfac002148c51
2026-04-09 12:26:59 - getOutlet.php - Received encrypt: ce8d123a9badc46aab7bfac002148c51
2026-04-09 12:26:59 - getOutlet.php - Authentication berhasil
2026-04-09 12:26:59 - getOutlet.php - Query: SELECT id_out, nama_out, '' AS alamat_out, ofcode_out
            FROM outlet 
            WHERE status_out IN ('Active', '1', 'active')
            AND (nama_out LIKE :key OR ofcode_out LIKE :key)
            ORDER BY nama_out ASC
            LIMIT 20
2026-04-09 12:26:59 - getOutlet.php - Query berhasil, mengembalikan 20 record
2026-04-09 12:26:59 - getOutlet.php - === END REQUEST ===
2026-04-09 05:27:00 - getOutlet.php - === REQUEST GETOUTLET ===
2026-04-09 05:27:00 - getOutlet.php - Method: POST
2026-04-09 05:27:00 - getOutlet.php - POST data: {"tgl":"2026-04-09","encrypt":"ce8d123a9badc46aab7bfac002148c51","id_apl":"APL01","key":"Kaw"}
2026-04-09 12:27:00 - getOutlet.php - Params - tgl: 2026-04-09, encrypt: ce8d123a9badc46aab7bfac002148c51, id_apl: APL01, key: Kaw
2026-04-09 12:27:00 - getOutlet.php - Aplikasi ditemukan: Ya
2026-04-09 12:27:00 - getOutlet.php - Key aplikasi: YbcJSFjkds...
2026-04-09 12:27:00 - getOutlet.php - Expected encrypt: ce8d123a9badc46aab7bfac002148c51
2026-04-09 12:27:00 - getOutlet.php - Received encrypt: ce8d123a9badc46aab7bfac002148c51
2026-04-09 12:27:00 - getOutlet.php - Authentication berhasil
2026-04-09 12:27:00 - getOutlet.php - Query: SELECT id_out, nama_out, '' AS alamat_out, ofcode_out
            FROM outlet 
            WHERE status_out IN ('Active', '1', 'active')
            AND (nama_out LIKE :key OR ofcode_out LIKE :key)
            ORDER BY nama_out ASC
            LIMIT 20
2026-04-09 12:27:00 - getOutlet.php - Query berhasil, mengembalikan 9 record
2026-04-09 12:27:00 - getOutlet.php - === END REQUEST ===
2026-04-09 05:27:00 - getOutlet.php - === REQUEST GETOUTLET ===
2026-04-09 05:27:00 - getOutlet.php - Method: POST
2026-04-09 05:27:00 - getOutlet.php - POST data: {"tgl":"2026-04-09","encrypt":"ce8d123a9badc46aab7bfac002148c51","id_apl":"APL01","key":"Kawi"}
2026-04-09 12:27:00 - getOutlet.php - Params - tgl: 2026-04-09, encrypt: ce8d123a9badc46aab7bfac002148c51, id_apl: APL01, key: Kawi
2026-04-09 12:27:00 - getOutlet.php - Aplikasi ditemukan: Ya
2026-04-09 12:27:00 - getOutlet.php - Key aplikasi: YbcJSFjkds...
2026-04-09 12:27:00 - getOutlet.php - Expected encrypt: ce8d123a9badc46aab7bfac002148c51
2026-04-09 12:27:00 - getOutlet.php - Received encrypt: ce8d123a9badc46aab7bfac002148c51
2026-04-09 12:27:00 - getOutlet.php - Authentication berhasil
2026-04-09 12:27:00 - getOutlet.php - Query: SELECT id_out, nama_out, '' AS alamat_out, ofcode_out
            FROM outlet 
            WHERE status_out IN ('Active', '1', 'active')
            AND (nama_out LIKE :key OR ofcode_out LIKE :key)
            ORDER BY nama_out ASC
            LIMIT 20
2026-04-09 12:27:00 - getOutlet.php - Query berhasil, mengembalikan 8 record
2026-04-09 12:27:00 - getOutlet.php - === END REQUEST ===
2026-04-09 05:27:00 - getOutlet.php - === REQUEST GETOUTLET ===
2026-04-09 05:27:00 - getOutlet.php - Method: POST
2026-04-09 05:27:00 - getOutlet.php - POST data: {"tgl":"2026-04-09","encrypt":"ce8d123a9badc46aab7bfac002148c51","id_apl":"APL01","key":"Kawij"}
2026-04-09 12:27:00 - getOutlet.php - Params - tgl: 2026-04-09, encrypt: ce8d123a9badc46aab7bfac002148c51, id_apl: APL01, key: Kawij
2026-04-09 12:27:00 - getOutlet.php - Aplikasi ditemukan: Ya
2026-04-09 12:27:00 - getOutlet.php - Key aplikasi: YbcJSFjkds...
2026-04-09 12:27:00 - getOutlet.php - Expected encrypt: ce8d123a9badc46aab7bfac002148c51
2026-04-09 12:27:00 - getOutlet.php - Received encrypt: ce8d123a9badc46aab7bfac002148c51
2026-04-09 12:27:00 - getOutlet.php - Authentication berhasil
2026-04-09 12:27:00 - getOutlet.php - Query: SELECT id_out, nama_out, '' AS alamat_out, ofcode_out
            FROM outlet 
            WHERE status_out IN ('Active', '1', 'active')
            AND (nama_out LIKE :key OR ofcode_out LIKE :key)
            ORDER BY nama_out ASC
            LIMIT 20
2026-04-09 12:27:00 - getOutlet.php - Query berhasil, mengembalikan 6 record
2026-04-09 12:27:00 - getOutlet.php - === END REQUEST ===
2026-04-09 05:27:00 - getOutlet.php - === REQUEST GETOUTLET ===
2026-04-09 05:27:00 - getOutlet.php - Method: POST
2026-04-09 05:27:00 - getOutlet.php - POST data: {"tgl":"2026-04-09","encrypt":"ce8d123a9badc46aab7bfac002148c51","id_apl":"APL01","key":"Kawija"}
2026-04-09 12:27:00 - getOutlet.php - Params - tgl: 2026-04-09, encrypt: ce8d123a9badc46aab7bfac002148c51, id_apl: APL01, key: Kawija
2026-04-09 12:27:00 - getOutlet.php - Aplikasi ditemukan: Ya
2026-04-09 12:27:00 - getOutlet.php - Key aplikasi: YbcJSFjkds...
2026-04-09 12:27:00 - getOutlet.php - Expected encrypt: ce8d123a9badc46aab7bfac002148c51
2026-04-09 12:27:00 - getOutlet.php - Received encrypt: ce8d123a9badc46aab7bfac002148c51
2026-04-09 12:27:00 - getOutlet.php - Authentication berhasil
2026-04-09 12:27:00 - getOutlet.php - Query: SELECT id_out, nama_out, '' AS alamat_out, ofcode_out
            FROM outlet 
            WHERE status_out IN ('Active', '1', 'active')
            AND (nama_out LIKE :key OR ofcode_out LIKE :key)
            ORDER BY nama_out ASC
            LIMIT 20
2026-04-09 12:27:00 - getOutlet.php - Query berhasil, mengembalikan 6 record
2026-04-09 12:27:00 - getOutlet.php - === END REQUEST ===
2026-04-09 05:27:01 - getOutlet.php - === REQUEST GETOUTLET ===
2026-04-09 05:27:01 - getOutlet.php - Method: POST
2026-04-09 05:27:01 - getOutlet.php - POST data: {"tgl":"2026-04-09","encrypt":"ce8d123a9badc46aab7bfac002148c51","id_apl":"APL01","key":"Kawijay"}
2026-04-09 12:27:01 - getOutlet.php - Params - tgl: 2026-04-09, encrypt: ce8d123a9badc46aab7bfac002148c51, id_apl: APL01, key: Kawijay
2026-04-09 12:27:01 - getOutlet.php - Aplikasi ditemukan: Ya
2026-04-09 12:27:01 - getOutlet.php - Key aplikasi: YbcJSFjkds...
2026-04-09 12:27:01 - getOutlet.php - Expected encrypt: ce8d123a9badc46aab7bfac002148c51
2026-04-09 12:27:01 - getOutlet.php - Received encrypt: ce8d123a9badc46aab7bfac002148c51
2026-04-09 12:27:01 - getOutlet.php - Authentication berhasil
2026-04-09 12:27:01 - getOutlet.php - Query: SELECT id_out, nama_out, '' AS alamat_out, ofcode_out
            FROM outlet 
            WHERE status_out IN ('Active', '1', 'active')
            AND (nama_out LIKE :key OR ofcode_out LIKE :key)
            ORDER BY nama_out ASC
            LIMIT 20
2026-04-09 12:27:01 - getOutlet.php - Query berhasil, mengembalikan 6 record
2026-04-09 12:27:01 - getOutlet.php - === END REQUEST ===
2026-04-09 05:27:01 - getOutlet.php - === REQUEST GETOUTLET ===
2026-04-09 05:27:01 - getOutlet.php - Method: POST
2026-04-09 05:27:01 - getOutlet.php - POST data: {"tgl":"2026-04-09","encrypt":"ce8d123a9badc46aab7bfac002148c51","id_apl":"APL01","key":"Kawijaya"}
2026-04-09 12:27:01 - getOutlet.php - Params - tgl: 2026-04-09, encrypt: ce8d123a9badc46aab7bfac002148c51, id_apl: APL01, key: Kawijaya
2026-04-09 12:27:01 - getOutlet.php - Aplikasi ditemukan: Ya
2026-04-09 12:27:01 - getOutlet.php - Key aplikasi: YbcJSFjkds...
2026-04-09 12:27:01 - getOutlet.php - Expected encrypt: ce8d123a9badc46aab7bfac002148c51
2026-04-09 12:27:01 - getOutlet.php - Received encrypt: ce8d123a9badc46aab7bfac002148c51
2026-04-09 12:27:01 - getOutlet.php - Authentication berhasil
2026-04-09 12:27:01 - getOutlet.php - Query: SELECT id_out, nama_out, '' AS alamat_out, ofcode_out
            FROM outlet 
            WHERE status_out IN ('Active', '1', 'active')
            AND (nama_out LIKE :key OR ofcode_out LIKE :key)
            ORDER BY nama_out ASC
            LIMIT 20
2026-04-09 12:27:01 - getOutlet.php - Query berhasil, mengembalikan 6 record
2026-04-09 12:27:01 - getOutlet.php - === END REQUEST ===
2026-04-09 05:27:03 - getOutlet.php - === REQUEST GETOUTLET ===
2026-04-09 05:27:03 - getOutlet.php - Method: POST
2026-04-09 05:27:03 - getOutlet.php - POST data: {"tgl":"2026-04-09","encrypt":"ce8d123a9badc46aab7bfac002148c51","id_apl":"APL01","key":"APOTEK KAWIJAYA CINERE"}
2026-04-09 12:27:03 - getOutlet.php - Params - tgl: 2026-04-09, encrypt: ce8d123a9badc46aab7bfac002148c51, id_apl: APL01, key: APOTEK KAWIJAYA CINERE
2026-04-09 12:27:03 - getOutlet.php - Aplikasi ditemukan: Ya
2026-04-09 12:27:03 - getOutlet.php - Key aplikasi: YbcJSFjkds...
2026-04-09 12:27:03 - getOutlet.php - Expected encrypt: ce8d123a9badc46aab7bfac002148c51
2026-04-09 12:27:03 - getOutlet.php - Received encrypt: ce8d123a9badc46aab7bfac002148c51
2026-04-09 12:27:03 - getOutlet.php - Authentication berhasil
2026-04-09 12:27:03 - getOutlet.php - Query: SELECT id_out, nama_out, '' AS alamat_out, ofcode_out
            FROM outlet 
            WHERE status_out IN ('Active', '1', 'active')
            AND (nama_out LIKE :key OR ofcode_out LIKE :key)
            ORDER BY nama_out ASC
            LIMIT 20
2026-04-09 12:27:03 - getOutlet.php - Query berhasil, mengembalikan 1 record
2026-04-09 12:27:03 - getOutlet.php - === END REQUEST ===
2026-04-09 05:41:00 - getOutlet.php - === REQUEST GETOUTLET ===
2026-04-09 05:41:00 - getOutlet.php - Method: POST
2026-04-09 05:41:00 - getOutlet.php - POST data: {"tgl":"2026-04-09","encrypt":"ce8d123a9badc46aab7bfac002148c51","id_apl":"APL01","key":"Ja"}
2026-04-09 12:41:00 - getOutlet.php - Params - tgl: 2026-04-09, encrypt: ce8d123a9badc46aab7bfac002148c51, id_apl: APL01, key: Ja
2026-04-09 12:41:00 - getOutlet.php - Aplikasi ditemukan: Ya
2026-04-09 12:41:00 - getOutlet.php - Key aplikasi: YbcJSFjkds...
2026-04-09 12:41:00 - getOutlet.php - Expected encrypt: ce8d123a9badc46aab7bfac002148c51
2026-04-09 12:41:00 - getOutlet.php - Received encrypt: ce8d123a9badc46aab7bfac002148c51
2026-04-09 12:41:00 - getOutlet.php - Authentication berhasil
2026-04-09 12:41:00 - getOutlet.php - Query: SELECT id_out, nama_out, '' AS alamat_out, ofcode_out
            FROM outlet 
            WHERE status_out IN ('Active', '1', 'active')
            AND (nama_out LIKE :key OR ofcode_out LIKE :key)
            ORDER BY nama_out ASC
            LIMIT 20
2026-04-09 12:41:00 - getOutlet.php - Query berhasil, mengembalikan 20 record
2026-04-09 12:41:00 - getOutlet.php - === END REQUEST ===
2026-04-09 05:41:00 - getOutlet.php - === REQUEST GETOUTLET ===
2026-04-09 05:41:00 - getOutlet.php - Method: POST
2026-04-09 05:41:00 - getOutlet.php - POST data: {"tgl":"2026-04-09","encrypt":"ce8d123a9badc46aab7bfac002148c51","id_apl":"APL01","key":"Jag"}
2026-04-09 12:41:00 - getOutlet.php - Params - tgl: 2026-04-09, encrypt: ce8d123a9badc46aab7bfac002148c51, id_apl: APL01, key: Jag
2026-04-09 12:41:00 - getOutlet.php - Aplikasi ditemukan: Ya
2026-04-09 12:41:00 - getOutlet.php - Key aplikasi: YbcJSFjkds...
2026-04-09 12:41:00 - getOutlet.php - Expected encrypt: ce8d123a9badc46aab7bfac002148c51
2026-04-09 12:41:00 - getOutlet.php - Received encrypt: ce8d123a9badc46aab7bfac002148c51
2026-04-09 12:41:00 - getOutlet.php - Authentication berhasil
2026-04-09 12:41:00 - getOutlet.php - Query: SELECT id_out, nama_out, '' AS alamat_out, ofcode_out
            FROM outlet 
            WHERE status_out IN ('Active', '1', 'active')
            AND (nama_out LIKE :key OR ofcode_out LIKE :key)
            ORDER BY nama_out ASC
            LIMIT 20
2026-04-09 12:41:00 - getOutlet.php - Query berhasil, mengembalikan 4 record
2026-04-09 12:41:00 - getOutlet.php - === END REQUEST ===
2026-04-09 05:41:00 - getOutlet.php - === REQUEST GETOUTLET ===
2026-04-09 05:41:00 - getOutlet.php - Method: POST
2026-04-09 05:41:00 - getOutlet.php - POST data: {"tgl":"2026-04-09","encrypt":"ce8d123a9badc46aab7bfac002148c51","id_apl":"APL01","key":"Jaga"}
2026-04-09 12:41:00 - getOutlet.php - Params - tgl: 2026-04-09, encrypt: ce8d123a9badc46aab7bfac002148c51, id_apl: APL01, key: Jaga
2026-04-09 12:41:00 - getOutlet.php - Aplikasi ditemukan: Ya
2026-04-09 12:41:00 - getOutlet.php - Key aplikasi: YbcJSFjkds...
2026-04-09 12:41:00 - getOutlet.php - Expected encrypt: ce8d123a9badc46aab7bfac002148c51
2026-04-09 12:41:00 - getOutlet.php - Received encrypt: ce8d123a9badc46aab7bfac002148c51
2026-04-09 12:41:00 - getOutlet.php - Authentication berhasil
2026-04-09 12:41:00 - getOutlet.php - Query: SELECT id_out, nama_out, '' AS alamat_out, ofcode_out
            FROM outlet 
            WHERE status_out IN ('Active', '1', 'active')
            AND (nama_out LIKE :key OR ofcode_out LIKE :key)
            ORDER BY nama_out ASC
            LIMIT 20
2026-04-09 12:41:00 - getOutlet.php - Query berhasil, mengembalikan 4 record
2026-04-09 12:41:00 - getOutlet.php - === END REQUEST ===
2026-04-09 05:41:02 - getOutlet.php - === REQUEST GETOUTLET ===
2026-04-09 05:41:02 - getOutlet.php - Method: POST
2026-04-09 05:41:02 - getOutlet.php - POST data: {"tgl":"2026-04-09","encrypt":"ce8d123a9badc46aab7bfac002148c51","id_apl":"APL01","key":"Jagak"}
2026-04-09 12:41:02 - getOutlet.php - Params - tgl: 2026-04-09, encrypt: ce8d123a9badc46aab7bfac002148c51, id_apl: APL01, key: Jagak
2026-04-09 12:41:02 - getOutlet.php - Aplikasi ditemukan: Ya
2026-04-09 12:41:02 - getOutlet.php - Key aplikasi: YbcJSFjkds...
2026-04-09 12:41:02 - getOutlet.php - Expected encrypt: ce8d123a9badc46aab7bfac002148c51
2026-04-09 12:41:02 - getOutlet.php - Received encrypt: ce8d123a9badc46aab7bfac002148c51
2026-04-09 12:41:02 - getOutlet.php - Authentication berhasil
2026-04-09 12:41:02 - getOutlet.php - Query: SELECT id_out, nama_out, '' AS alamat_out, ofcode_out
            FROM outlet 
            WHERE status_out IN ('Active', '1', 'active')
            AND (nama_out LIKE :key OR ofcode_out LIKE :key)
            ORDER BY nama_out ASC
            LIMIT 20
2026-04-09 12:41:02 - getOutlet.php - Query berhasil, mengembalikan 4 record
2026-04-09 12:41:02 - getOutlet.php - === END REQUEST ===
2026-04-09 05:41:03 - getOutlet.php - === REQUEST GETOUTLET ===
2026-04-09 05:41:03 - getOutlet.php - Method: POST
2026-04-09 05:41:03 - getOutlet.php - POST data: {"tgl":"2026-04-09","encrypt":"ce8d123a9badc46aab7bfac002148c51","id_apl":"APL01","key":"Jagakarsa"}
2026-04-09 12:41:03 - getOutlet.php - Params - tgl: 2026-04-09, encrypt: ce8d123a9badc46aab7bfac002148c51, id_apl: APL01, key: Jagakarsa
2026-04-09 12:41:03 - getOutlet.php - Aplikasi ditemukan: Ya
2026-04-09 12:41:03 - getOutlet.php - Key aplikasi: YbcJSFjkds...
2026-04-09 12:41:03 - getOutlet.php - Expected encrypt: ce8d123a9badc46aab7bfac002148c51
2026-04-09 12:41:03 - getOutlet.php - Received encrypt: ce8d123a9badc46aab7bfac002148c51
2026-04-09 12:41:03 - getOutlet.php - Authentication berhasil
2026-04-09 12:41:03 - getOutlet.php - Query: SELECT id_out, nama_out, '' AS alamat_out, ofcode_out
            FROM outlet 
            WHERE status_out IN ('Active', '1', 'active')
            AND (nama_out LIKE :key OR ofcode_out LIKE :key)
            ORDER BY nama_out ASC
            LIMIT 20
2026-04-09 12:41:03 - getOutlet.php - Query berhasil, mengembalikan 4 record
2026-04-09 12:41:03 - getOutlet.php - === END REQUEST ===
2026-04-09 05:41:05 - getOutlet.php - === REQUEST GETOUTLET ===
2026-04-09 05:41:05 - getOutlet.php - Method: POST
2026-04-09 05:41:05 - getOutlet.php - POST data: {"tgl":"2026-04-09","encrypt":"ce8d123a9badc46aab7bfac002148c51","id_apl":"APL01","key":"Apotek K-24 Jagakarsa"}
2026-04-09 12:41:05 - getOutlet.php - Params - tgl: 2026-04-09, encrypt: ce8d123a9badc46aab7bfac002148c51, id_apl: APL01, key: Apotek K-24 Jagakarsa
2026-04-09 12:41:05 - getOutlet.php - Aplikasi ditemukan: Ya
2026-04-09 12:41:05 - getOutlet.php - Key aplikasi: YbcJSFjkds...
2026-04-09 12:41:05 - getOutlet.php - Expected encrypt: ce8d123a9badc46aab7bfac002148c51
2026-04-09 12:41:05 - getOutlet.php - Received encrypt: ce8d123a9badc46aab7bfac002148c51
2026-04-09 12:41:05 - getOutlet.php - Authentication berhasil
2026-04-09 12:41:05 - getOutlet.php - Query: SELECT id_out, nama_out, '' AS alamat_out, ofcode_out
            FROM outlet 
            WHERE status_out IN ('Active', '1', 'active')
            AND (nama_out LIKE :key OR ofcode_out LIKE :key)
            ORDER BY nama_out ASC
            LIMIT 20
2026-04-09 12:41:05 - getOutlet.php - Query berhasil, mengembalikan 1 record
2026-04-09 12:41:05 - getOutlet.php - === END REQUEST ===
2026-04-09 06:14:44 - getOutlet.php - === REQUEST GETOUTLET ===
2026-04-09 06:14:44 - getOutlet.php - Method: POST
2026-04-09 06:14:44 - getOutlet.php - POST data: {"tgl":"2026-04-09","encrypt":"ce8d123a9badc46aab7bfac002148c51","id_apl":"APL01","key":"Pe"}
2026-04-09 13:14:44 - getOutlet.php - Params - tgl: 2026-04-09, encrypt: ce8d123a9badc46aab7bfac002148c51, id_apl: APL01, key: Pe
2026-04-09 13:14:44 - getOutlet.php - Aplikasi ditemukan: Ya
2026-04-09 13:14:44 - getOutlet.php - Key aplikasi: YbcJSFjkds...
2026-04-09 13:14:44 - getOutlet.php - Expected encrypt: ce8d123a9badc46aab7bfac002148c51
2026-04-09 13:14:44 - getOutlet.php - Received encrypt: ce8d123a9badc46aab7bfac002148c51
2026-04-09 13:14:44 - getOutlet.php - Authentication berhasil
2026-04-09 13:14:44 - getOutlet.php - Query: SELECT id_out, nama_out, '' AS alamat_out, ofcode_out
            FROM outlet 
            WHERE status_out IN ('Active', '1', 'active')
            AND (nama_out LIKE :key OR ofcode_out LIKE :key)
            ORDER BY nama_out ASC
            LIMIT 20
2026-04-09 13:14:44 - getOutlet.php - Query berhasil, mengembalikan 20 record
2026-04-09 13:14:44 - getOutlet.php - === END REQUEST ===
2026-04-09 06:14:45 - getOutlet.php - === REQUEST GETOUTLET ===
2026-04-09 06:14:45 - getOutlet.php - Method: POST
2026-04-09 06:14:45 - getOutlet.php - POST data: {"tgl":"2026-04-09","encrypt":"ce8d123a9badc46aab7bfac002148c51","id_apl":"APL01","key":"Pr"}
2026-04-09 13:14:45 - getOutlet.php - Params - tgl: 2026-04-09, encrypt: ce8d123a9badc46aab7bfac002148c51, id_apl: APL01, key: Pr
2026-04-09 13:14:45 - getOutlet.php - Aplikasi ditemukan: Ya
2026-04-09 13:14:45 - getOutlet.php - Key aplikasi: YbcJSFjkds...
2026-04-09 13:14:45 - getOutlet.php - Expected encrypt: ce8d123a9badc46aab7bfac002148c51
2026-04-09 13:14:45 - getOutlet.php - Received encrypt: ce8d123a9badc46aab7bfac002148c51
2026-04-09 13:14:45 - getOutlet.php - Authentication berhasil
2026-04-09 13:14:45 - getOutlet.php - Query: SELECT id_out, nama_out, '' AS alamat_out, ofcode_out
            FROM outlet 
            WHERE status_out IN ('Active', '1', 'active')
            AND (nama_out LIKE :key OR ofcode_out LIKE :key)
            ORDER BY nama_out ASC
            LIMIT 20
2026-04-09 13:14:45 - getOutlet.php - Query berhasil, mengembalikan 20 record
2026-04-09 13:14:45 - getOutlet.php - === END REQUEST ===
2026-04-09 06:14:45 - getOutlet.php - === REQUEST GETOUTLET ===
2026-04-09 06:14:45 - getOutlet.php - Method: POST
2026-04-09 06:14:45 - getOutlet.php - POST data: {"tgl":"2026-04-09","encrypt":"ce8d123a9badc46aab7bfac002148c51","id_apl":"APL01","key":"Pri"}
2026-04-09 13:14:45 - getOutlet.php - Params - tgl: 2026-04-09, encrypt: ce8d123a9badc46aab7bfac002148c51, id_apl: APL01, key: Pri
2026-04-09 13:14:45 - getOutlet.php - Aplikasi ditemukan: Ya
2026-04-09 13:14:45 - getOutlet.php - Key aplikasi: YbcJSFjkds...
2026-04-09 13:14:45 - getOutlet.php - Expected encrypt: ce8d123a9badc46aab7bfac002148c51
2026-04-09 13:14:45 - getOutlet.php - Received encrypt: ce8d123a9badc46aab7bfac002148c51
2026-04-09 13:14:45 - getOutlet.php - Authentication berhasil
2026-04-09 13:14:45 - getOutlet.php - Query: SELECT id_out, nama_out, '' AS alamat_out, ofcode_out
            FROM outlet 
            WHERE status_out IN ('Active', '1', 'active')
            AND (nama_out LIKE :key OR ofcode_out LIKE :key)
            ORDER BY nama_out ASC
            LIMIT 20
2026-04-09 13:14:45 - getOutlet.php - Query berhasil, mengembalikan 20 record
2026-04-09 13:14:45 - getOutlet.php - === END REQUEST ===
2026-04-09 06:14:45 - getOutlet.php - === REQUEST GETOUTLET ===
2026-04-09 06:14:45 - getOutlet.php - Method: POST
2026-04-09 06:14:45 - getOutlet.php - POST data: {"tgl":"2026-04-09","encrypt":"ce8d123a9badc46aab7bfac002148c51","id_apl":"APL01","key":"Prik"}
2026-04-09 13:14:45 - getOutlet.php - Params - tgl: 2026-04-09, encrypt: ce8d123a9badc46aab7bfac002148c51, id_apl: APL01, key: Prik
2026-04-09 13:14:45 - getOutlet.php - Aplikasi ditemukan: Ya
2026-04-09 13:14:45 - getOutlet.php - Key aplikasi: YbcJSFjkds...
2026-04-09 13:14:45 - getOutlet.php - Expected encrypt: ce8d123a9badc46aab7bfac002148c51
2026-04-09 13:14:45 - getOutlet.php - Received encrypt: ce8d123a9badc46aab7bfac002148c51
2026-04-09 13:14:45 - getOutlet.php - Authentication berhasil
2026-04-09 13:14:45 - getOutlet.php - Query: SELECT id_out, nama_out, '' AS alamat_out, ofcode_out
            FROM outlet 
            WHERE status_out IN ('Active', '1', 'active')
            AND (nama_out LIKE :key OR ofcode_out LIKE :key)
            ORDER BY nama_out ASC
            LIMIT 20
2026-04-09 13:14:45 - getOutlet.php - Query berhasil, mengembalikan 1 record
2026-04-09 13:14:45 - getOutlet.php - === END REQUEST ===
2026-04-09 06:14:46 - getOutlet.php - === REQUEST GETOUTLET ===
2026-04-09 06:14:46 - getOutlet.php - Method: POST
2026-04-09 06:14:46 - getOutlet.php - POST data: {"tgl":"2026-04-09","encrypt":"ce8d123a9badc46aab7bfac002148c51","id_apl":"APL01","key":"RS Prikasih Jakarta Selatan"}
2026-04-09 13:14:46 - getOutlet.php - Params - tgl: 2026-04-09, encrypt: ce8d123a9badc46aab7bfac002148c51, id_apl: APL01, key: RS Prikasih Jakarta Selatan
2026-04-09 13:14:46 - getOutlet.php - Aplikasi ditemukan: Ya
2026-04-09 13:14:46 - getOutlet.php - Key aplikasi: YbcJSFjkds...
2026-04-09 13:14:46 - getOutlet.php - Expected encrypt: ce8d123a9badc46aab7bfac002148c51
2026-04-09 13:14:46 - getOutlet.php - Received encrypt: ce8d123a9badc46aab7bfac002148c51
2026-04-09 13:14:46 - getOutlet.php - Authentication berhasil
2026-04-09 13:14:46 - getOutlet.php - Query: SELECT id_out, nama_out, '' AS alamat_out, ofcode_out
            FROM outlet 
            WHERE status_out IN ('Active', '1', 'active')
            AND (nama_out LIKE :key OR ofcode_out LIKE :key)
            ORDER BY nama_out ASC
            LIMIT 20
2026-04-09 13:14:46 - getOutlet.php - Query berhasil, mengembalikan 1 record
2026-04-09 13:14:46 - getOutlet.php - === END REQUEST ===
2026-04-09 06:53:13 - getOutlet.php - === REQUEST GETOUTLET ===
2026-04-09 06:53:13 - getOutlet.php - Method: POST
2026-04-09 06:53:13 - getOutlet.php - POST data: {"tgl":"2026-04-09","encrypt":"ce8d123a9badc46aab7bfac002148c51","id_apl":"APL01","key":"rs"}
2026-04-09 13:53:13 - getOutlet.php - Params - tgl: 2026-04-09, encrypt: ce8d123a9badc46aab7bfac002148c51, id_apl: APL01, key: rs
2026-04-09 13:53:13 - getOutlet.php - Aplikasi ditemukan: Ya
2026-04-09 13:53:13 - getOutlet.php - Key aplikasi: YbcJSFjkds...
2026-04-09 13:53:13 - getOutlet.php - Expected encrypt: ce8d123a9badc46aab7bfac002148c51
2026-04-09 13:53:13 - getOutlet.php - Received encrypt: ce8d123a9badc46aab7bfac002148c51
2026-04-09 13:53:13 - getOutlet.php - Authentication berhasil
2026-04-09 13:53:13 - getOutlet.php - Query: SELECT id_out, nama_out, '' AS alamat_out, ofcode_out
            FROM outlet 
            WHERE status_out IN ('Active', '1', 'active')
            AND (nama_out LIKE :key OR ofcode_out LIKE :key)
            ORDER BY nama_out ASC
            LIMIT 20
2026-04-09 13:53:13 - getOutlet.php - Query berhasil, mengembalikan 20 record
2026-04-09 13:53:13 - getOutlet.php - === END REQUEST ===
2026-04-09 06:53:13 - getOutlet.php - === REQUEST GETOUTLET ===
2026-04-09 06:53:13 - getOutlet.php - Method: POST
2026-04-09 06:53:13 - getOutlet.php - POST data: {"tgl":"2026-04-09","encrypt":"ce8d123a9badc46aab7bfac002148c51","id_apl":"APL01","key":"rsu"}
2026-04-09 13:53:13 - getOutlet.php - Params - tgl: 2026-04-09, encrypt: ce8d123a9badc46aab7bfac002148c51, id_apl: APL01, key: rsu
2026-04-09 13:53:13 - getOutlet.php - Aplikasi ditemukan: Ya
2026-04-09 13:53:13 - getOutlet.php - Key aplikasi: YbcJSFjkds...
2026-04-09 13:53:13 - getOutlet.php - Expected encrypt: ce8d123a9badc46aab7bfac002148c51
2026-04-09 13:53:13 - getOutlet.php - Received encrypt: ce8d123a9badc46aab7bfac002148c51
2026-04-09 13:53:13 - getOutlet.php - Authentication berhasil
2026-04-09 13:53:13 - getOutlet.php - Query: SELECT id_out, nama_out, '' AS alamat_out, ofcode_out
            FROM outlet 
            WHERE status_out IN ('Active', '1', 'active')
            AND (nama_out LIKE :key OR ofcode_out LIKE :key)
            ORDER BY nama_out ASC
            LIMIT 20
2026-04-09 13:53:13 - getOutlet.php - Query berhasil, mengembalikan 20 record
2026-04-09 13:53:13 - getOutlet.php - === END REQUEST ===
2026-04-09 06:53:14 - getOutlet.php - === REQUEST GETOUTLET ===
2026-04-09 06:53:14 - getOutlet.php - Method: POST
2026-04-09 06:53:14 - getOutlet.php - POST data: {"tgl":"2026-04-09","encrypt":"ce8d123a9badc46aab7bfac002148c51","id_apl":"APL01","key":"rsu"}
2026-04-09 13:53:14 - getOutlet.php - Params - tgl: 2026-04-09, encrypt: ce8d123a9badc46aab7bfac002148c51, id_apl: APL01, key: rsu
2026-04-09 13:53:14 - getOutlet.php - Aplikasi ditemukan: Ya
2026-04-09 13:53:14 - getOutlet.php - Key aplikasi: YbcJSFjkds...
2026-04-09 13:53:14 - getOutlet.php - Expected encrypt: ce8d123a9badc46aab7bfac002148c51
2026-04-09 13:53:14 - getOutlet.php - Received encrypt: ce8d123a9badc46aab7bfac002148c51
2026-04-09 13:53:14 - getOutlet.php - Authentication berhasil
2026-04-09 13:53:14 - getOutlet.php - Query: SELECT id_out, nama_out, '' AS alamat_out, ofcode_out
            FROM outlet 
            WHERE status_out IN ('Active', '1', 'active')
            AND (nama_out LIKE :key OR ofcode_out LIKE :key)
            ORDER BY nama_out ASC
            LIMIT 20
2026-04-09 13:53:14 - getOutlet.php - Query berhasil, mengembalikan 20 record
2026-04-09 13:53:14 - getOutlet.php - === END REQUEST ===
2026-04-09 06:53:15 - getOutlet.php - === REQUEST GETOUTLET ===
2026-04-09 06:53:15 - getOutlet.php - Method: POST
2026-04-09 06:53:15 - getOutlet.php - POST data: {"tgl":"2026-04-09","encrypt":"ce8d123a9badc46aab7bfac002148c51","id_apl":"APL01","key":"rsu ga"}
2026-04-09 13:53:15 - getOutlet.php - Params - tgl: 2026-04-09, encrypt: ce8d123a9badc46aab7bfac002148c51, id_apl: APL01, key: rsu ga
2026-04-09 13:53:15 - getOutlet.php - Aplikasi ditemukan: Ya
2026-04-09 13:53:15 - getOutlet.php - Key aplikasi: YbcJSFjkds...
2026-04-09 13:53:15 - getOutlet.php - Expected encrypt: ce8d123a9badc46aab7bfac002148c51
2026-04-09 13:53:15 - getOutlet.php - Received encrypt: ce8d123a9badc46aab7bfac002148c51
2026-04-09 13:53:15 - getOutlet.php - Authentication berhasil
2026-04-09 13:53:15 - getOutlet.php - Query: SELECT id_out, nama_out, '' AS alamat_out, ofcode_out
            FROM outlet 
            WHERE status_out IN ('Active', '1', 'active')
            AND (nama_out LIKE :key OR ofcode_out LIKE :key)
            ORDER BY nama_out ASC
            LIMIT 20
2026-04-09 13:53:15 - getOutlet.php - Query berhasil, mengembalikan 2 record
2026-04-09 13:53:15 - getOutlet.php - === END REQUEST ===
2026-04-09 06:53:15 - getOutlet.php - === REQUEST GETOUTLET ===
2026-04-09 06:53:15 - getOutlet.php - Method: POST
2026-04-09 06:53:15 - getOutlet.php - POST data: {"tgl":"2026-04-09","encrypt":"ce8d123a9badc46aab7bfac002148c51","id_apl":"APL01","key":"rsu g"}
2026-04-09 13:53:15 - getOutlet.php - Params - tgl: 2026-04-09, encrypt: ce8d123a9badc46aab7bfac002148c51, id_apl: APL01, key: rsu g
2026-04-09 13:53:15 - getOutlet.php - Aplikasi ditemukan: Ya
2026-04-09 13:53:15 - getOutlet.php - Key aplikasi: YbcJSFjkds...
2026-04-09 13:53:15 - getOutlet.php - Expected encrypt: ce8d123a9badc46aab7bfac002148c51
2026-04-09 13:53:15 - getOutlet.php - Received encrypt: ce8d123a9badc46aab7bfac002148c51
2026-04-09 13:53:15 - getOutlet.php - Authentication berhasil
2026-04-09 13:53:15 - getOutlet.php - Query: SELECT id_out, nama_out, '' AS alamat_out, ofcode_out
            FROM outlet 
            WHERE status_out IN ('Active', '1', 'active')
            AND (nama_out LIKE :key OR ofcode_out LIKE :key)
            ORDER BY nama_out ASC
            LIMIT 20
2026-04-09 13:53:15 - getOutlet.php - Query berhasil, mengembalikan 3 record
2026-04-09 13:53:15 - getOutlet.php - === END REQUEST ===
2026-04-09 06:53:15 - getOutlet.php - === REQUEST GETOUTLET ===
2026-04-09 06:53:15 - getOutlet.php - Method: POST
2026-04-09 06:53:15 - getOutlet.php - POST data: {"tgl":"2026-04-09","encrypt":"ce8d123a9badc46aab7bfac002148c51","id_apl":"APL01","key":"rsu gad"}
2026-04-09 13:53:15 - getOutlet.php - Params - tgl: 2026-04-09, encrypt: ce8d123a9badc46aab7bfac002148c51, id_apl: APL01, key: rsu gad
2026-04-09 13:53:15 - getOutlet.php - Aplikasi ditemukan: Ya
2026-04-09 13:53:15 - getOutlet.php - Key aplikasi: YbcJSFjkds...
2026-04-09 13:53:15 - getOutlet.php - Expected encrypt: ce8d123a9badc46aab7bfac002148c51
2026-04-09 13:53:15 - getOutlet.php - Received encrypt: ce8d123a9badc46aab7bfac002148c51
2026-04-09 13:53:15 - getOutlet.php - Authentication berhasil
2026-04-09 13:53:15 - getOutlet.php - Query: SELECT id_out, nama_out, '' AS alamat_out, ofcode_out
            FROM outlet 
            WHERE status_out IN ('Active', '1', 'active')
            AND (nama_out LIKE :key OR ofcode_out LIKE :key)
            ORDER BY nama_out ASC
            LIMIT 20
2026-04-09 13:53:15 - getOutlet.php - Query berhasil, mengembalikan 1 record
2026-04-09 13:53:15 - getOutlet.php - === END REQUEST ===
2026-04-09 06:53:15 - getOutlet.php - === REQUEST GETOUTLET ===
2026-04-09 06:53:15 - getOutlet.php - Method: POST
2026-04-09 06:53:15 - getOutlet.php - POST data: {"tgl":"2026-04-09","encrypt":"ce8d123a9badc46aab7bfac002148c51","id_apl":"APL01","key":"rsu gadi"}
2026-04-09 13:53:15 - getOutlet.php - Params - tgl: 2026-04-09, encrypt: ce8d123a9badc46aab7bfac002148c51, id_apl: APL01, key: rsu gadi
2026-04-09 13:53:15 - getOutlet.php - Aplikasi ditemukan: Ya
2026-04-09 13:53:15 - getOutlet.php - Key aplikasi: YbcJSFjkds...
2026-04-09 13:53:15 - getOutlet.php - Expected encrypt: ce8d123a9badc46aab7bfac002148c51
2026-04-09 13:53:15 - getOutlet.php - Received encrypt: ce8d123a9badc46aab7bfac002148c51
2026-04-09 13:53:15 - getOutlet.php - Authentication berhasil
2026-04-09 13:53:15 - getOutlet.php - Query: SELECT id_out, nama_out, '' AS alamat_out, ofcode_out
            FROM outlet 
            WHERE status_out IN ('Active', '1', 'active')
            AND (nama_out LIKE :key OR ofcode_out LIKE :key)
            ORDER BY nama_out ASC
            LIMIT 20
2026-04-09 13:53:15 - getOutlet.php - Query berhasil, mengembalikan 1 record
2026-04-09 13:53:15 - getOutlet.php - === END REQUEST ===
2026-04-09 06:53:17 - getOutlet.php - === REQUEST GETOUTLET ===
2026-04-09 06:53:17 - getOutlet.php - Method: POST
2026-04-09 06:53:17 - getOutlet.php - POST data: {"tgl":"2026-04-09","encrypt":"ce8d123a9badc46aab7bfac002148c51","id_apl":"APL01","key":"RSU Gading Pluit"}
2026-04-09 13:53:17 - getOutlet.php - Params - tgl: 2026-04-09, encrypt: ce8d123a9badc46aab7bfac002148c51, id_apl: APL01, key: RSU Gading Pluit
2026-04-09 13:53:17 - getOutlet.php - Aplikasi ditemukan: Ya
2026-04-09 13:53:17 - getOutlet.php - Key aplikasi: YbcJSFjkds...
2026-04-09 13:53:17 - getOutlet.php - Expected encrypt: ce8d123a9badc46aab7bfac002148c51
2026-04-09 13:53:17 - getOutlet.php - Received encrypt: ce8d123a9badc46aab7bfac002148c51
2026-04-09 13:53:17 - getOutlet.php - Authentication berhasil
2026-04-09 13:53:17 - getOutlet.php - Query: SELECT id_out, nama_out, '' AS alamat_out, ofcode_out
            FROM outlet 
            WHERE status_out IN ('Active', '1', 'active')
            AND (nama_out LIKE :key OR ofcode_out LIKE :key)
            ORDER BY nama_out ASC
            LIMIT 20
2026-04-09 13:53:17 - getOutlet.php - Query berhasil, mengembalikan 1 record
2026-04-09 13:53:17 - getOutlet.php - === END REQUEST ===
2026-04-09 06:53:45 - getOutlet.php - === REQUEST GETOUTLET ===
2026-04-09 06:53:45 - getOutlet.php - Method: POST
2026-04-09 06:53:45 - getOutlet.php - POST data: {"tgl":"2026-04-09","encrypt":"ce8d123a9badc46aab7bfac002148c51","id_apl":"APL01","key":"RSU Gading Plui"}
2026-04-09 13:53:45 - getOutlet.php - Params - tgl: 2026-04-09, encrypt: ce8d123a9badc46aab7bfac002148c51, id_apl: APL01, key: RSU Gading Plui
2026-04-09 13:53:45 - getOutlet.php - Aplikasi ditemukan: Ya
2026-04-09 13:53:45 - getOutlet.php - Key aplikasi: YbcJSFjkds...
2026-04-09 13:53:45 - getOutlet.php - Expected encrypt: ce8d123a9badc46aab7bfac002148c51
2026-04-09 13:53:45 - getOutlet.php - Received encrypt: ce8d123a9badc46aab7bfac002148c51
2026-04-09 13:53:45 - getOutlet.php - Authentication berhasil
2026-04-09 13:53:45 - getOutlet.php - Query: SELECT id_out, nama_out, '' AS alamat_out, ofcode_out
            FROM outlet 
            WHERE status_out IN ('Active', '1', 'active')
            AND (nama_out LIKE :key OR ofcode_out LIKE :key)
            ORDER BY nama_out ASC
            LIMIT 20
2026-04-09 13:53:45 - getOutlet.php - Query berhasil, mengembalikan 1 record
2026-04-09 13:53:45 - getOutlet.php - === END REQUEST ===
2026-04-09 06:53:45 - getOutlet.php - === REQUEST GETOUTLET ===
2026-04-09 06:53:45 - getOutlet.php - Method: POST
2026-04-09 06:53:45 - getOutlet.php - POST data: {"tgl":"2026-04-09","encrypt":"ce8d123a9badc46aab7bfac002148c51","id_apl":"APL01","key":"RSU Gading Plu"}
2026-04-09 13:53:45 - getOutlet.php - Params - tgl: 2026-04-09, encrypt: ce8d123a9badc46aab7bfac002148c51, id_apl: APL01, key: RSU Gading Plu
2026-04-09 13:53:45 - getOutlet.php - Aplikasi ditemukan: Ya
2026-04-09 13:53:45 - getOutlet.php - Key aplikasi: YbcJSFjkds...
2026-04-09 13:53:45 - getOutlet.php - Expected encrypt: ce8d123a9badc46aab7bfac002148c51
2026-04-09 13:53:45 - getOutlet.php - Received encrypt: ce8d123a9badc46aab7bfac002148c51
2026-04-09 13:53:45 - getOutlet.php - Authentication berhasil
2026-04-09 13:53:45 - getOutlet.php - Query: SELECT id_out, nama_out, '' AS alamat_out, ofcode_out
            FROM outlet 
            WHERE status_out IN ('Active', '1', 'active')
            AND (nama_out LIKE :key OR ofcode_out LIKE :key)
            ORDER BY nama_out ASC
            LIMIT 20
2026-04-09 13:53:45 - getOutlet.php - Query berhasil, mengembalikan 1 record
2026-04-09 13:53:45 - getOutlet.php - === END REQUEST ===
2026-04-09 06:53:47 - getOutlet.php - === REQUEST GETOUTLET ===
2026-04-09 06:53:47 - getOutlet.php - Method: POST
2026-04-09 06:53:47 - getOutlet.php - POST data: {"tgl":"2026-04-09","encrypt":"ce8d123a9badc46aab7bfac002148c51","id_apl":"APL01","key":"RSU Gading Pluit"}
2026-04-09 13:53:47 - getOutlet.php - Params - tgl: 2026-04-09, encrypt: ce8d123a9badc46aab7bfac002148c51, id_apl: APL01, key: RSU Gading Pluit
2026-04-09 13:53:47 - getOutlet.php - Aplikasi ditemukan: Ya
2026-04-09 13:53:47 - getOutlet.php - Key aplikasi: YbcJSFjkds...
2026-04-09 13:53:47 - getOutlet.php - Expected encrypt: ce8d123a9badc46aab7bfac002148c51
2026-04-09 13:53:47 - getOutlet.php - Received encrypt: ce8d123a9badc46aab7bfac002148c51
2026-04-09 13:53:47 - getOutlet.php - Authentication berhasil
2026-04-09 13:53:47 - getOutlet.php - Query: SELECT id_out, nama_out, '' AS alamat_out, ofcode_out
            FROM outlet 
            WHERE status_out IN ('Active', '1', 'active')
            AND (nama_out LIKE :key OR ofcode_out LIKE :key)
            ORDER BY nama_out ASC
            LIMIT 20
2026-04-09 13:53:47 - getOutlet.php - Query berhasil, mengembalikan 1 record
2026-04-09 13:53:47 - getOutlet.php - === END REQUEST ===
2026-04-09 07:06:54 - getOutlet.php - === REQUEST GETOUTLET ===
2026-04-09 07:06:54 - getOutlet.php - Method: POST
2026-04-09 07:06:54 - getOutlet.php - POST data: {"tgl":"2026-04-09","encrypt":"ce8d123a9badc46aab7bfac002148c51","id_apl":"APL01","key":"AP"}
2026-04-09 14:06:54 - getOutlet.php - Params - tgl: 2026-04-09, encrypt: ce8d123a9badc46aab7bfac002148c51, id_apl: APL01, key: AP
2026-04-09 14:06:54 - getOutlet.php - Aplikasi ditemukan: Ya
2026-04-09 14:06:54 - getOutlet.php - Key aplikasi: YbcJSFjkds...
2026-04-09 14:06:54 - getOutlet.php - Expected encrypt: ce8d123a9badc46aab7bfac002148c51
2026-04-09 14:06:54 - getOutlet.php - Received encrypt: ce8d123a9badc46aab7bfac002148c51
2026-04-09 14:06:54 - getOutlet.php - Authentication berhasil
2026-04-09 14:06:54 - getOutlet.php - Query: SELECT id_out, nama_out, '' AS alamat_out, ofcode_out
            FROM outlet 
            WHERE status_out IN ('Active', '1', 'active')
            AND (nama_out LIKE :key OR ofcode_out LIKE :key)
            ORDER BY nama_out ASC
            LIMIT 20
2026-04-09 14:06:54 - getOutlet.php - Query berhasil, mengembalikan 20 record
2026-04-09 14:06:54 - getOutlet.php - === END REQUEST ===
2026-04-09 07:06:54 - getOutlet.php - === REQUEST GETOUTLET ===
2026-04-09 07:06:54 - getOutlet.php - Method: POST
2026-04-09 07:06:54 - getOutlet.php - POST data: {"tgl":"2026-04-09","encrypt":"ce8d123a9badc46aab7bfac002148c51","id_apl":"APL01","key":"APO"}
2026-04-09 14:06:54 - getOutlet.php - Params - tgl: 2026-04-09, encrypt: ce8d123a9badc46aab7bfac002148c51, id_apl: APL01, key: APO
2026-04-09 14:06:54 - getOutlet.php - Aplikasi ditemukan: Ya
2026-04-09 14:06:54 - getOutlet.php - Key aplikasi: YbcJSFjkds...
2026-04-09 14:06:54 - getOutlet.php - Expected encrypt: ce8d123a9badc46aab7bfac002148c51
2026-04-09 14:06:54 - getOutlet.php - Received encrypt: ce8d123a9badc46aab7bfac002148c51
2026-04-09 14:06:54 - getOutlet.php - Authentication berhasil
2026-04-09 14:06:54 - getOutlet.php - Query: SELECT id_out, nama_out, '' AS alamat_out, ofcode_out
            FROM outlet 
            WHERE status_out IN ('Active', '1', 'active')
            AND (nama_out LIKE :key OR ofcode_out LIKE :key)
            ORDER BY nama_out ASC
            LIMIT 20
2026-04-09 14:06:54 - getOutlet.php - Query berhasil, mengembalikan 20 record
2026-04-09 14:06:54 - getOutlet.php - === END REQUEST ===
2026-04-09 07:06:55 - getOutlet.php - === REQUEST GETOUTLET ===
2026-04-09 07:06:55 - getOutlet.php - Method: POST
2026-04-09 07:06:55 - getOutlet.php - POST data: {"tgl":"2026-04-09","encrypt":"ce8d123a9badc46aab7bfac002148c51","id_apl":"APL01","key":"APOT"}
2026-04-09 14:06:55 - getOutlet.php - Params - tgl: 2026-04-09, encrypt: ce8d123a9badc46aab7bfac002148c51, id_apl: APL01, key: APOT
2026-04-09 14:06:55 - getOutlet.php - Aplikasi ditemukan: Ya
2026-04-09 14:06:55 - getOutlet.php - Key aplikasi: YbcJSFjkds...
2026-04-09 14:06:55 - getOutlet.php - Expected encrypt: ce8d123a9badc46aab7bfac002148c51
2026-04-09 14:06:55 - getOutlet.php - Received encrypt: ce8d123a9badc46aab7bfac002148c51
2026-04-09 14:06:55 - getOutlet.php - Authentication berhasil
2026-04-09 14:06:55 - getOutlet.php - Query: SELECT id_out, nama_out, '' AS alamat_out, ofcode_out
            FROM outlet 
            WHERE status_out IN ('Active', '1', 'active')
            AND (nama_out LIKE :key OR ofcode_out LIKE :key)
            ORDER BY nama_out ASC
            LIMIT 20
2026-04-09 14:06:55 - getOutlet.php - Query berhasil, mengembalikan 20 record
2026-04-09 14:06:55 - getOutlet.php - === END REQUEST ===
2026-04-09 07:06:55 - getOutlet.php - === REQUEST GETOUTLET ===
2026-04-09 07:06:55 - getOutlet.php - Method: POST
2026-04-09 07:06:55 - getOutlet.php - POST data: {"tgl":"2026-04-09","encrypt":"ce8d123a9badc46aab7bfac002148c51","id_apl":"APL01","key":"APOTE"}
2026-04-09 14:06:55 - getOutlet.php - Params - tgl: 2026-04-09, encrypt: ce8d123a9badc46aab7bfac002148c51, id_apl: APL01, key: APOTE
2026-04-09 14:06:55 - getOutlet.php - Aplikasi ditemukan: Ya
2026-04-09 14:06:55 - getOutlet.php - Key aplikasi: YbcJSFjkds...
2026-04-09 14:06:55 - getOutlet.php - Expected encrypt: ce8d123a9badc46aab7bfac002148c51
2026-04-09 14:06:55 - getOutlet.php - Received encrypt: ce8d123a9badc46aab7bfac002148c51
2026-04-09 14:06:55 - getOutlet.php - Authentication berhasil
2026-04-09 14:06:55 - getOutlet.php - Query: SELECT id_out, nama_out, '' AS alamat_out, ofcode_out
            FROM outlet 
            WHERE status_out IN ('Active', '1', 'active')
            AND (nama_out LIKE :key OR ofcode_out LIKE :key)
            ORDER BY nama_out ASC
            LIMIT 20
2026-04-09 14:06:55 - getOutlet.php - Query berhasil, mengembalikan 20 record
2026-04-09 14:06:55 - getOutlet.php - === END REQUEST ===
2026-04-09 07:06:55 - getOutlet.php - === REQUEST GETOUTLET ===
2026-04-09 07:06:55 - getOutlet.php - Method: POST
2026-04-09 07:06:55 - getOutlet.php - POST data: {"tgl":"2026-04-09","encrypt":"ce8d123a9badc46aab7bfac002148c51","id_apl":"APL01","key":"APOTEK"}
2026-04-09 14:06:55 - getOutlet.php - Params - tgl: 2026-04-09, encrypt: ce8d123a9badc46aab7bfac002148c51, id_apl: APL01, key: APOTEK
2026-04-09 14:06:55 - getOutlet.php - Aplikasi ditemukan: Ya
2026-04-09 14:06:55 - getOutlet.php - Key aplikasi: YbcJSFjkds...
2026-04-09 14:06:55 - getOutlet.php - Expected encrypt: ce8d123a9badc46aab7bfac002148c51
2026-04-09 14:06:55 - getOutlet.php - Received encrypt: ce8d123a9badc46aab7bfac002148c51
2026-04-09 14:06:55 - getOutlet.php - Authentication berhasil
2026-04-09 14:06:55 - getOutlet.php - Query: SELECT id_out, nama_out, '' AS alamat_out, ofcode_out
            FROM outlet 
            WHERE status_out IN ('Active', '1', 'active')
            AND (nama_out LIKE :key OR ofcode_out LIKE :key)
            ORDER BY nama_out ASC
            LIMIT 20
2026-04-09 14:06:55 - getOutlet.php - Query berhasil, mengembalikan 20 record
2026-04-09 14:06:55 - getOutlet.php - === END REQUEST ===
2026-04-09 07:06:57 - getOutlet.php - === REQUEST GETOUTLET ===
2026-04-09 07:06:57 - getOutlet.php - Method: POST
2026-04-09 07:06:57 - getOutlet.php - POST data: {"tgl":"2026-04-09","encrypt":"ce8d123a9badc46aab7bfac002148c51","id_apl":"APL01","key":"APOTEK"}
2026-04-09 14:06:57 - getOutlet.php - Params - tgl: 2026-04-09, encrypt: ce8d123a9badc46aab7bfac002148c51, id_apl: APL01, key: APOTEK
2026-04-09 14:06:57 - getOutlet.php - Aplikasi ditemukan: Ya
2026-04-09 14:06:57 - getOutlet.php - Key aplikasi: YbcJSFjkds...
2026-04-09 14:06:57 - getOutlet.php - Expected encrypt: ce8d123a9badc46aab7bfac002148c51
2026-04-09 14:06:57 - getOutlet.php - Received encrypt: ce8d123a9badc46aab7bfac002148c51
2026-04-09 14:06:57 - getOutlet.php - Authentication berhasil
2026-04-09 14:06:57 - getOutlet.php - Query: SELECT id_out, nama_out, '' AS alamat_out, ofcode_out
            FROM outlet 
            WHERE status_out IN ('Active', '1', 'active')
            AND (nama_out LIKE :key OR ofcode_out LIKE :key)
            ORDER BY nama_out ASC
            LIMIT 20
2026-04-09 14:06:57 - getOutlet.php - Query berhasil, mengembalikan 20 record
2026-04-09 14:06:57 - getOutlet.php - === END REQUEST ===
2026-04-09 07:06:58 - getOutlet.php - === REQUEST GETOUTLET ===
2026-04-09 07:06:58 - getOutlet.php - Method: POST
2026-04-09 07:06:58 - getOutlet.php - POST data: {"tgl":"2026-04-09","encrypt":"ce8d123a9badc46aab7bfac002148c51","id_apl":"APL01","key":"APOTEK B"}
2026-04-09 14:06:58 - getOutlet.php - Params - tgl: 2026-04-09, encrypt: ce8d123a9badc46aab7bfac002148c51, id_apl: APL01, key: APOTEK B
2026-04-09 14:06:58 - getOutlet.php - Aplikasi ditemukan: Ya
2026-04-09 14:06:58 - getOutlet.php - Key aplikasi: YbcJSFjkds...
2026-04-09 14:06:58 - getOutlet.php - Expected encrypt: ce8d123a9badc46aab7bfac002148c51
2026-04-09 14:06:58 - getOutlet.php - Received encrypt: ce8d123a9badc46aab7bfac002148c51
2026-04-09 14:06:58 - getOutlet.php - Authentication berhasil
2026-04-09 14:06:58 - getOutlet.php - Query: SELECT id_out, nama_out, '' AS alamat_out, ofcode_out
            FROM outlet 
            WHERE status_out IN ('Active', '1', 'active')
            AND (nama_out LIKE :key OR ofcode_out LIKE :key)
            ORDER BY nama_out ASC
            LIMIT 20
2026-04-09 14:06:58 - getOutlet.php - Query berhasil, mengembalikan 20 record
2026-04-09 14:06:58 - getOutlet.php - === END REQUEST ===
2026-04-09 07:06:59 - getOutlet.php - === REQUEST GETOUTLET ===
2026-04-09 07:06:59 - getOutlet.php - Method: POST
2026-04-09 07:06:59 - getOutlet.php - POST data: {"tgl":"2026-04-09","encrypt":"ce8d123a9badc46aab7bfac002148c51","id_apl":"APL01","key":"APOTEK BO"}
2026-04-09 14:06:59 - getOutlet.php - Params - tgl: 2026-04-09, encrypt: ce8d123a9badc46aab7bfac002148c51, id_apl: APL01, key: APOTEK BO
2026-04-09 14:06:59 - getOutlet.php - Aplikasi ditemukan: Ya
2026-04-09 14:06:59 - getOutlet.php - Key aplikasi: YbcJSFjkds...
2026-04-09 14:06:59 - getOutlet.php - Expected encrypt: ce8d123a9badc46aab7bfac002148c51
2026-04-09 14:06:59 - getOutlet.php - Received encrypt: ce8d123a9badc46aab7bfac002148c51
2026-04-09 14:06:59 - getOutlet.php - Authentication berhasil
2026-04-09 14:06:59 - getOutlet.php - Query: SELECT id_out, nama_out, '' AS alamat_out, ofcode_out
            FROM outlet 
            WHERE status_out IN ('Active', '1', 'active')
            AND (nama_out LIKE :key OR ofcode_out LIKE :key)
            ORDER BY nama_out ASC
            LIMIT 20
2026-04-09 14:06:59 - getOutlet.php - Query berhasil, mengembalikan 20 record
2026-04-09 14:06:59 - getOutlet.php - === END REQUEST ===
2026-04-09 07:06:59 - getOutlet.php - === REQUEST GETOUTLET ===
2026-04-09 07:06:59 - getOutlet.php - Method: POST
2026-04-09 07:06:59 - getOutlet.php - POST data: {"tgl":"2026-04-09","encrypt":"ce8d123a9badc46aab7bfac002148c51","id_apl":"APL01","key":"APOTEK BOO"}
2026-04-09 14:06:59 - getOutlet.php - Params - tgl: 2026-04-09, encrypt: ce8d123a9badc46aab7bfac002148c51, id_apl: APL01, key: APOTEK BOO
2026-04-09 14:06:59 - getOutlet.php - Aplikasi ditemukan: Ya
2026-04-09 14:06:59 - getOutlet.php - Key aplikasi: YbcJSFjkds...
2026-04-09 14:06:59 - getOutlet.php - Expected encrypt: ce8d123a9badc46aab7bfac002148c51
2026-04-09 14:06:59 - getOutlet.php - Received encrypt: ce8d123a9badc46aab7bfac002148c51
2026-04-09 14:06:59 - getOutlet.php - Authentication berhasil
2026-04-09 14:06:59 - getOutlet.php - Query: SELECT id_out, nama_out, '' AS alamat_out, ofcode_out
            FROM outlet 
            WHERE status_out IN ('Active', '1', 'active')
            AND (nama_out LIKE :key OR ofcode_out LIKE :key)
            ORDER BY nama_out ASC
            LIMIT 20
2026-04-09 14:06:59 - getOutlet.php - Query berhasil, mengembalikan 20 record
2026-04-09 14:06:59 - getOutlet.php - === END REQUEST ===
2026-04-09 07:07:00 - getOutlet.php - === REQUEST GETOUTLET ===
2026-04-09 07:07:00 - getOutlet.php - Method: POST
2026-04-09 07:07:00 - getOutlet.php - POST data: {"tgl":"2026-04-09","encrypt":"ce8d123a9badc46aab7bfac002148c51","id_apl":"APL01","key":"APOTEK BOOT"}
2026-04-09 14:07:00 - getOutlet.php - Params - tgl: 2026-04-09, encrypt: ce8d123a9badc46aab7bfac002148c51, id_apl: APL01, key: APOTEK BOOT
2026-04-09 14:07:00 - getOutlet.php - Aplikasi ditemukan: Ya
2026-04-09 14:07:00 - getOutlet.php - Key aplikasi: YbcJSFjkds...
2026-04-09 14:07:00 - getOutlet.php - Expected encrypt: ce8d123a9badc46aab7bfac002148c51
2026-04-09 14:07:00 - getOutlet.php - Received encrypt: ce8d123a9badc46aab7bfac002148c51
2026-04-09 14:07:00 - getOutlet.php - Authentication berhasil
2026-04-09 14:07:00 - getOutlet.php - Query: SELECT id_out, nama_out, '' AS alamat_out, ofcode_out
            FROM outlet 
            WHERE status_out IN ('Active', '1', 'active')
            AND (nama_out LIKE :key OR ofcode_out LIKE :key)
            ORDER BY nama_out ASC
            LIMIT 20
2026-04-09 14:07:00 - getOutlet.php - Query berhasil, mengembalikan 20 record
2026-04-09 14:07:00 - getOutlet.php - === END REQUEST ===
2026-04-09 07:07:00 - getOutlet.php - === REQUEST GETOUTLET ===
2026-04-09 07:07:00 - getOutlet.php - Method: POST
2026-04-09 07:07:00 - getOutlet.php - POST data: {"tgl":"2026-04-09","encrypt":"ce8d123a9badc46aab7bfac002148c51","id_apl":"APL01","key":"APOTEK BOOTS"}
2026-04-09 14:07:00 - getOutlet.php - Params - tgl: 2026-04-09, encrypt: ce8d123a9badc46aab7bfac002148c51, id_apl: APL01, key: APOTEK BOOTS
2026-04-09 14:07:00 - getOutlet.php - Aplikasi ditemukan: Ya
2026-04-09 14:07:00 - getOutlet.php - Key aplikasi: YbcJSFjkds...
2026-04-09 14:07:00 - getOutlet.php - Expected encrypt: ce8d123a9badc46aab7bfac002148c51
2026-04-09 14:07:00 - getOutlet.php - Received encrypt: ce8d123a9badc46aab7bfac002148c51
2026-04-09 14:07:00 - getOutlet.php - Authentication berhasil
2026-04-09 14:07:00 - getOutlet.php - Query: SELECT id_out, nama_out, '' AS alamat_out, ofcode_out
            FROM outlet 
            WHERE status_out IN ('Active', '1', 'active')
            AND (nama_out LIKE :key OR ofcode_out LIKE :key)
            ORDER BY nama_out ASC
            LIMIT 20
2026-04-09 14:07:00 - getOutlet.php - Query berhasil, mengembalikan 20 record
2026-04-09 14:07:00 - getOutlet.php - === END REQUEST ===
2026-04-09 07:07:19 - getOutlet.php - === REQUEST GETOUTLET ===
2026-04-09 07:07:19 - getOutlet.php - Method: POST
2026-04-09 07:07:19 - getOutlet.php - POST data: {"tgl":"2026-04-09","encrypt":"ce8d123a9badc46aab7bfac002148c51","id_apl":"APL01","key":"APOTEK BOOTS"}
2026-04-09 14:07:19 - getOutlet.php - Params - tgl: 2026-04-09, encrypt: ce8d123a9badc46aab7bfac002148c51, id_apl: APL01, key: APOTEK BOOTS
2026-04-09 14:07:19 - getOutlet.php - Aplikasi ditemukan: Ya
2026-04-09 14:07:19 - getOutlet.php - Key aplikasi: YbcJSFjkds...
2026-04-09 14:07:19 - getOutlet.php - Expected encrypt: ce8d123a9badc46aab7bfac002148c51
2026-04-09 14:07:19 - getOutlet.php - Received encrypt: ce8d123a9badc46aab7bfac002148c51
2026-04-09 14:07:19 - getOutlet.php - Authentication berhasil
2026-04-09 14:07:19 - getOutlet.php - Query: SELECT id_out, nama_out, '' AS alamat_out, ofcode_out
            FROM outlet 
            WHERE status_out IN ('Active', '1', 'active')
            AND (nama_out LIKE :key OR ofcode_out LIKE :key)
            ORDER BY nama_out ASC
            LIMIT 20
2026-04-09 14:07:19 - getOutlet.php - Query berhasil, mengembalikan 20 record
2026-04-09 14:07:19 - getOutlet.php - === END REQUEST ===
2026-04-09 07:07:19 - getOutlet.php - === REQUEST GETOUTLET ===
2026-04-09 07:07:19 - getOutlet.php - Method: POST
2026-04-09 07:07:19 - getOutlet.php - POST data: {"tgl":"2026-04-09","encrypt":"ce8d123a9badc46aab7bfac002148c51","id_apl":"APL01","key":"APOTEK BOOTS C"}
2026-04-09 14:07:19 - getOutlet.php - Params - tgl: 2026-04-09, encrypt: ce8d123a9badc46aab7bfac002148c51, id_apl: APL01, key: APOTEK BOOTS C
2026-04-09 14:07:19 - getOutlet.php - Aplikasi ditemukan: Ya
2026-04-09 14:07:19 - getOutlet.php - Key aplikasi: YbcJSFjkds...
2026-04-09 14:07:19 - getOutlet.php - Expected encrypt: ce8d123a9badc46aab7bfac002148c51
2026-04-09 14:07:19 - getOutlet.php - Received encrypt: ce8d123a9badc46aab7bfac002148c51
2026-04-09 14:07:19 - getOutlet.php - Authentication berhasil
2026-04-09 14:07:19 - getOutlet.php - Query: SELECT id_out, nama_out, '' AS alamat_out, ofcode_out
            FROM outlet 
            WHERE status_out IN ('Active', '1', 'active')
            AND (nama_out LIKE :key OR ofcode_out LIKE :key)
            ORDER BY nama_out ASC
            LIMIT 20
2026-04-09 14:07:19 - getOutlet.php - Query berhasil, mengembalikan 2 record
2026-04-09 14:07:19 - getOutlet.php - === END REQUEST ===
2026-04-09 07:07:19 - getOutlet.php - === REQUEST GETOUTLET ===
2026-04-09 07:07:19 - getOutlet.php - Method: POST
2026-04-09 07:07:19 - getOutlet.php - POST data: {"tgl":"2026-04-09","encrypt":"ce8d123a9badc46aab7bfac002148c51","id_apl":"APL01","key":"APOTEK BOOTS CZ"}
2026-04-09 14:07:19 - getOutlet.php - Params - tgl: 2026-04-09, encrypt: ce8d123a9badc46aab7bfac002148c51, id_apl: APL01, key: APOTEK BOOTS CZ
2026-04-09 14:07:19 - getOutlet.php - Aplikasi ditemukan: Ya
2026-04-09 14:07:19 - getOutlet.php - Key aplikasi: YbcJSFjkds...
2026-04-09 14:07:19 - getOutlet.php - Expected encrypt: ce8d123a9badc46aab7bfac002148c51
2026-04-09 14:07:19 - getOutlet.php - Received encrypt: ce8d123a9badc46aab7bfac002148c51
2026-04-09 14:07:19 - getOutlet.php - Authentication berhasil
2026-04-09 14:07:19 - getOutlet.php - Query: SELECT id_out, nama_out, '' AS alamat_out, ofcode_out
            FROM outlet 
            WHERE status_out IN ('Active', '1', 'active')
            AND (nama_out LIKE :key OR ofcode_out LIKE :key)
            ORDER BY nama_out ASC
            LIMIT 20
2026-04-09 14:07:19 - getOutlet.php - Query berhasil, mengembalikan 0 record
2026-04-09 14:07:19 - getOutlet.php - === END REQUEST ===
2026-04-09 07:07:20 - getOutlet.php - === REQUEST GETOUTLET ===
2026-04-09 07:07:20 - getOutlet.php - Method: POST
2026-04-09 07:07:20 - getOutlet.php - POST data: {"tgl":"2026-04-09","encrypt":"ce8d123a9badc46aab7bfac002148c51","id_apl":"APL01","key":"APOTEK BOOTS C"}
2026-04-09 14:07:20 - getOutlet.php - Params - tgl: 2026-04-09, encrypt: ce8d123a9badc46aab7bfac002148c51, id_apl: APL01, key: APOTEK BOOTS C
2026-04-09 14:07:20 - getOutlet.php - Aplikasi ditemukan: Ya
2026-04-09 14:07:20 - getOutlet.php - Key aplikasi: YbcJSFjkds...
2026-04-09 14:07:20 - getOutlet.php - Expected encrypt: ce8d123a9badc46aab7bfac002148c51
2026-04-09 14:07:20 - getOutlet.php - Received encrypt: ce8d123a9badc46aab7bfac002148c51
2026-04-09 14:07:20 - getOutlet.php - Authentication berhasil
2026-04-09 14:07:20 - getOutlet.php - Query: SELECT id_out, nama_out, '' AS alamat_out, ofcode_out
            FROM outlet 
            WHERE status_out IN ('Active', '1', 'active')
            AND (nama_out LIKE :key OR ofcode_out LIKE :key)
            ORDER BY nama_out ASC
            LIMIT 20
2026-04-09 14:07:20 - getOutlet.php - Query berhasil, mengembalikan 2 record
2026-04-09 14:07:20 - getOutlet.php - === END REQUEST ===
2026-04-09 07:07:21 - getOutlet.php - === REQUEST GETOUTLET ===
2026-04-09 07:07:21 - getOutlet.php - Method: POST
2026-04-09 07:07:21 - getOutlet.php - POST data: {"tgl":"2026-04-09","encrypt":"ce8d123a9badc46aab7bfac002148c51","id_apl":"APL01","key":"APOTEK BOOTS CS"}
2026-04-09 14:07:21 - getOutlet.php - Params - tgl: 2026-04-09, encrypt: ce8d123a9badc46aab7bfac002148c51, id_apl: APL01, key: APOTEK BOOTS CS
2026-04-09 14:07:21 - getOutlet.php - Aplikasi ditemukan: Ya
2026-04-09 14:07:21 - getOutlet.php - Key aplikasi: YbcJSFjkds...
2026-04-09 14:07:21 - getOutlet.php - Expected encrypt: ce8d123a9badc46aab7bfac002148c51
2026-04-09 14:07:21 - getOutlet.php - Received encrypt: ce8d123a9badc46aab7bfac002148c51
2026-04-09 14:07:21 - getOutlet.php - Authentication berhasil
2026-04-09 14:07:21 - getOutlet.php - Query: SELECT id_out, nama_out, '' AS alamat_out, ofcode_out
            FROM outlet 
            WHERE status_out IN ('Active', '1', 'active')
            AND (nama_out LIKE :key OR ofcode_out LIKE :key)
            ORDER BY nama_out ASC
            LIMIT 20
2026-04-09 14:07:21 - getOutlet.php - Query berhasil, mengembalikan 0 record
2026-04-09 14:07:21 - getOutlet.php - === END REQUEST ===
2026-04-09 07:07:21 - getOutlet.php - === REQUEST GETOUTLET ===
2026-04-09 07:07:21 - getOutlet.php - Method: POST
2026-04-09 07:07:21 - getOutlet.php - POST data: {"tgl":"2026-04-09","encrypt":"ce8d123a9badc46aab7bfac002148c51","id_apl":"APL01","key":"APOTEK BOOTS CSA"}
2026-04-09 14:07:21 - getOutlet.php - Params - tgl: 2026-04-09, encrypt: ce8d123a9badc46aab7bfac002148c51, id_apl: APL01, key: APOTEK BOOTS CSA
2026-04-09 14:07:21 - getOutlet.php - Aplikasi ditemukan: Ya
2026-04-09 14:07:21 - getOutlet.php - Key aplikasi: YbcJSFjkds...
2026-04-09 14:07:21 - getOutlet.php - Expected encrypt: ce8d123a9badc46aab7bfac002148c51
2026-04-09 14:07:21 - getOutlet.php - Received encrypt: ce8d123a9badc46aab7bfac002148c51
2026-04-09 14:07:21 - getOutlet.php - Authentication berhasil
2026-04-09 14:07:21 - getOutlet.php - Query: SELECT id_out, nama_out, '' AS alamat_out, ofcode_out
            FROM outlet 
            WHERE status_out IN ('Active', '1', 'active')
            AND (nama_out LIKE :key OR ofcode_out LIKE :key)
            ORDER BY nama_out ASC
            LIMIT 20
2026-04-09 14:07:21 - getOutlet.php - Query berhasil, mengembalikan 0 record
2026-04-09 14:07:21 - getOutlet.php - === END REQUEST ===
2026-04-09 07:07:22 - getOutlet.php - === REQUEST GETOUTLET ===
2026-04-09 07:07:22 - getOutlet.php - Method: POST
2026-04-09 07:07:22 - getOutlet.php - POST data: {"tgl":"2026-04-09","encrypt":"ce8d123a9badc46aab7bfac002148c51","id_apl":"APL01","key":"APOTEK BOOTS CS"}
2026-04-09 14:07:22 - getOutlet.php - Params - tgl: 2026-04-09, encrypt: ce8d123a9badc46aab7bfac002148c51, id_apl: APL01, key: APOTEK BOOTS CS
2026-04-09 14:07:22 - getOutlet.php - Aplikasi ditemukan: Ya
2026-04-09 14:07:22 - getOutlet.php - Key aplikasi: YbcJSFjkds...
2026-04-09 14:07:22 - getOutlet.php - Expected encrypt: ce8d123a9badc46aab7bfac002148c51
2026-04-09 14:07:22 - getOutlet.php - Received encrypt: ce8d123a9badc46aab7bfac002148c51
2026-04-09 14:07:22 - getOutlet.php - Authentication berhasil
2026-04-09 14:07:22 - getOutlet.php - Query: SELECT id_out, nama_out, '' AS alamat_out, ofcode_out
            FROM outlet 
            WHERE status_out IN ('Active', '1', 'active')
            AND (nama_out LIKE :key OR ofcode_out LIKE :key)
            ORDER BY nama_out ASC
            LIMIT 20
2026-04-09 14:07:22 - getOutlet.php - Query berhasil, mengembalikan 0 record
2026-04-09 14:07:22 - getOutlet.php - === END REQUEST ===
2026-04-09 07:07:22 - getOutlet.php - === REQUEST GETOUTLET ===
2026-04-09 07:07:22 - getOutlet.php - Method: POST
2026-04-09 07:07:22 - getOutlet.php - POST data: {"tgl":"2026-04-09","encrypt":"ce8d123a9badc46aab7bfac002148c51","id_apl":"APL01","key":"APOTEK BOOTS C"}
2026-04-09 14:07:22 - getOutlet.php - Params - tgl: 2026-04-09, encrypt: ce8d123a9badc46aab7bfac002148c51, id_apl: APL01, key: APOTEK BOOTS C
2026-04-09 14:07:22 - getOutlet.php - Aplikasi ditemukan: Ya
2026-04-09 14:07:22 - getOutlet.php - Key aplikasi: YbcJSFjkds...
2026-04-09 14:07:22 - getOutlet.php - Expected encrypt: ce8d123a9badc46aab7bfac002148c51
2026-04-09 14:07:22 - getOutlet.php - Received encrypt: ce8d123a9badc46aab7bfac002148c51
2026-04-09 14:07:22 - getOutlet.php - Authentication berhasil
2026-04-09 14:07:22 - getOutlet.php - Query: SELECT id_out, nama_out, '' AS alamat_out, ofcode_out
            FROM outlet 
            WHERE status_out IN ('Active', '1', 'active')
            AND (nama_out LIKE :key OR ofcode_out LIKE :key)
            ORDER BY nama_out ASC
            LIMIT 20
2026-04-09 14:07:22 - getOutlet.php - Query berhasil, mengembalikan 2 record
2026-04-09 14:07:22 - getOutlet.php - === END REQUEST ===
2026-04-09 07:07:23 - getOutlet.php - === REQUEST GETOUTLET ===
2026-04-09 07:07:23 - getOutlet.php - Method: POST
2026-04-09 07:07:23 - getOutlet.php - POST data: {"tgl":"2026-04-09","encrypt":"ce8d123a9badc46aab7bfac002148c51","id_apl":"APL01","key":"APOTEK BOOTS CA"}
2026-04-09 14:07:23 - getOutlet.php - Params - tgl: 2026-04-09, encrypt: ce8d123a9badc46aab7bfac002148c51, id_apl: APL01, key: APOTEK BOOTS CA
2026-04-09 14:07:23 - getOutlet.php - Aplikasi ditemukan: Ya
2026-04-09 14:07:23 - getOutlet.php - Key aplikasi: YbcJSFjkds...
2026-04-09 14:07:23 - getOutlet.php - Expected encrypt: ce8d123a9badc46aab7bfac002148c51
2026-04-09 14:07:23 - getOutlet.php - Received encrypt: ce8d123a9badc46aab7bfac002148c51
2026-04-09 14:07:23 - getOutlet.php - Authentication berhasil
2026-04-09 14:07:23 - getOutlet.php - Query: SELECT id_out, nama_out, '' AS alamat_out, ofcode_out
            FROM outlet 
            WHERE status_out IN ('Active', '1', 'active')
            AND (nama_out LIKE :key OR ofcode_out LIKE :key)
            ORDER BY nama_out ASC
            LIMIT 20
2026-04-09 14:07:23 - getOutlet.php - Query berhasil, mengembalikan 0 record
2026-04-09 14:07:23 - getOutlet.php - === END REQUEST ===
2026-04-09 07:07:23 - getOutlet.php - === REQUEST GETOUTLET ===
2026-04-09 07:07:23 - getOutlet.php - Method: POST
2026-04-09 07:07:23 - getOutlet.php - POST data: {"tgl":"2026-04-09","encrypt":"ce8d123a9badc46aab7bfac002148c51","id_apl":"APL01","key":"APOTEK BOOTS CAS"}
2026-04-09 14:07:23 - getOutlet.php - Params - tgl: 2026-04-09, encrypt: ce8d123a9badc46aab7bfac002148c51, id_apl: APL01, key: APOTEK BOOTS CAS
2026-04-09 14:07:23 - getOutlet.php - Aplikasi ditemukan: Ya
2026-04-09 14:07:23 - getOutlet.php - Key aplikasi: YbcJSFjkds...
2026-04-09 14:07:23 - getOutlet.php - Expected encrypt: ce8d123a9badc46aab7bfac002148c51
2026-04-09 14:07:23 - getOutlet.php - Received encrypt: ce8d123a9badc46aab7bfac002148c51
2026-04-09 14:07:23 - getOutlet.php - Authentication berhasil
2026-04-09 14:07:23 - getOutlet.php - Query: SELECT id_out, nama_out, '' AS alamat_out, ofcode_out
            FROM outlet 
            WHERE status_out IN ('Active', '1', 'active')
            AND (nama_out LIKE :key OR ofcode_out LIKE :key)
            ORDER BY nama_out ASC
            LIMIT 20
2026-04-09 14:07:23 - getOutlet.php - Query berhasil, mengembalikan 0 record
2026-04-09 14:07:23 - getOutlet.php - === END REQUEST ===
2026-04-09 07:07:23 - getOutlet.php - === REQUEST GETOUTLET ===
2026-04-09 07:07:23 - getOutlet.php - Method: POST
2026-04-09 07:07:23 - getOutlet.php - POST data: {"tgl":"2026-04-09","encrypt":"ce8d123a9badc46aab7bfac002148c51","id_apl":"APL01","key":"APOTEK BOOTS CASA"}
2026-04-09 14:07:23 - getOutlet.php - Params - tgl: 2026-04-09, encrypt: ce8d123a9badc46aab7bfac002148c51, id_apl: APL01, key: APOTEK BOOTS CASA
2026-04-09 14:07:23 - getOutlet.php - Aplikasi ditemukan: Ya
2026-04-09 14:07:23 - getOutlet.php - Key aplikasi: YbcJSFjkds...
2026-04-09 14:07:23 - getOutlet.php - Expected encrypt: ce8d123a9badc46aab7bfac002148c51
2026-04-09 14:07:23 - getOutlet.php - Received encrypt: ce8d123a9badc46aab7bfac002148c51
2026-04-09 14:07:23 - getOutlet.php - Authentication berhasil
2026-04-09 14:07:23 - getOutlet.php - Query: SELECT id_out, nama_out, '' AS alamat_out, ofcode_out
            FROM outlet 
            WHERE status_out IN ('Active', '1', 'active')
            AND (nama_out LIKE :key OR ofcode_out LIKE :key)
            ORDER BY nama_out ASC
            LIMIT 20
2026-04-09 14:07:23 - getOutlet.php - Query berhasil, mengembalikan 0 record
2026-04-09 14:07:23 - getOutlet.php - === END REQUEST ===
2026-04-09 07:07:30 - getOutlet.php - === REQUEST GETOUTLET ===
2026-04-09 07:07:30 - getOutlet.php - Method: POST
2026-04-09 07:07:30 - getOutlet.php - POST data: {"tgl":"2026-04-09","encrypt":"ce8d123a9badc46aab7bfac002148c51","id_apl":"APL01","key":"APOTEK BOOTS CAS"}
2026-04-09 14:07:30 - getOutlet.php - Params - tgl: 2026-04-09, encrypt: ce8d123a9badc46aab7bfac002148c51, id_apl: APL01, key: APOTEK BOOTS CAS
2026-04-09 14:07:30 - getOutlet.php - Aplikasi ditemukan: Ya
2026-04-09 14:07:30 - getOutlet.php - Key aplikasi: YbcJSFjkds...
2026-04-09 14:07:30 - getOutlet.php - Expected encrypt: ce8d123a9badc46aab7bfac002148c51
2026-04-09 14:07:30 - getOutlet.php - Received encrypt: ce8d123a9badc46aab7bfac002148c51
2026-04-09 14:07:30 - getOutlet.php - Authentication berhasil
2026-04-09 14:07:30 - getOutlet.php - Query: SELECT id_out, nama_out, '' AS alamat_out, ofcode_out
            FROM outlet 
            WHERE status_out IN ('Active', '1', 'active')
            AND (nama_out LIKE :key OR ofcode_out LIKE :key)
            ORDER BY nama_out ASC
            LIMIT 20
2026-04-09 14:07:30 - getOutlet.php - Query berhasil, mengembalikan 0 record
2026-04-09 14:07:30 - getOutlet.php - === END REQUEST ===
2026-04-09 07:07:30 - getOutlet.php - === REQUEST GETOUTLET ===
2026-04-09 07:07:30 - getOutlet.php - Method: POST
2026-04-09 07:07:30 - getOutlet.php - POST data: {"tgl":"2026-04-09","encrypt":"ce8d123a9badc46aab7bfac002148c51","id_apl":"APL01","key":"APOTEK BOOTS CA"}
2026-04-09 14:07:30 - getOutlet.php - Params - tgl: 2026-04-09, encrypt: ce8d123a9badc46aab7bfac002148c51, id_apl: APL01, key: APOTEK BOOTS CA
2026-04-09 14:07:30 - getOutlet.php - Aplikasi ditemukan: Ya
2026-04-09 14:07:30 - getOutlet.php - Key aplikasi: YbcJSFjkds...
2026-04-09 14:07:30 - getOutlet.php - Expected encrypt: ce8d123a9badc46aab7bfac002148c51
2026-04-09 14:07:30 - getOutlet.php - Received encrypt: ce8d123a9badc46aab7bfac002148c51
2026-04-09 14:07:30 - getOutlet.php - Authentication berhasil
2026-04-09 14:07:30 - getOutlet.php - Query: SELECT id_out, nama_out, '' AS alamat_out, ofcode_out
            FROM outlet 
            WHERE status_out IN ('Active', '1', 'active')
            AND (nama_out LIKE :key OR ofcode_out LIKE :key)
            ORDER BY nama_out ASC
            LIMIT 20
2026-04-09 14:07:30 - getOutlet.php - Query berhasil, mengembalikan 0 record
2026-04-09 14:07:30 - getOutlet.php - === END REQUEST ===
2026-04-09 07:07:31 - getOutlet.php - === REQUEST GETOUTLET ===
2026-04-09 07:07:31 - getOutlet.php - Method: POST
2026-04-09 07:07:31 - getOutlet.php - POST data: {"tgl":"2026-04-09","encrypt":"ce8d123a9badc46aab7bfac002148c51","id_apl":"APL01","key":"APOTEK BOOTS C"}
2026-04-09 14:07:31 - getOutlet.php - Params - tgl: 2026-04-09, encrypt: ce8d123a9badc46aab7bfac002148c51, id_apl: APL01, key: APOTEK BOOTS C
2026-04-09 14:07:31 - getOutlet.php - Aplikasi ditemukan: Ya
2026-04-09 14:07:31 - getOutlet.php - Key aplikasi: YbcJSFjkds...
2026-04-09 14:07:31 - getOutlet.php - Expected encrypt: ce8d123a9badc46aab7bfac002148c51
2026-04-09 14:07:31 - getOutlet.php - Received encrypt: ce8d123a9badc46aab7bfac002148c51
2026-04-09 14:07:31 - getOutlet.php - Authentication berhasil
2026-04-09 14:07:31 - getOutlet.php - Query: SELECT id_out, nama_out, '' AS alamat_out, ofcode_out
            FROM outlet 
            WHERE status_out IN ('Active', '1', 'active')
            AND (nama_out LIKE :key OR ofcode_out LIKE :key)
            ORDER BY nama_out ASC
            LIMIT 20
2026-04-09 14:07:31 - getOutlet.php - Query berhasil, mengembalikan 2 record
2026-04-09 14:07:31 - getOutlet.php - === END REQUEST ===
2026-04-09 07:07:31 - getOutlet.php - === REQUEST GETOUTLET ===
2026-04-09 07:07:31 - getOutlet.php - Method: POST
2026-04-09 07:07:31 - getOutlet.php - POST data: {"tgl":"2026-04-09","encrypt":"ce8d123a9badc46aab7bfac002148c51","id_apl":"APL01","key":"APOTEK BOOTS"}
2026-04-09 14:07:31 - getOutlet.php - Params - tgl: 2026-04-09, encrypt: ce8d123a9badc46aab7bfac002148c51, id_apl: APL01, key: APOTEK BOOTS
2026-04-09 14:07:31 - getOutlet.php - Aplikasi ditemukan: Ya
2026-04-09 14:07:31 - getOutlet.php - Key aplikasi: YbcJSFjkds...
2026-04-09 14:07:31 - getOutlet.php - Expected encrypt: ce8d123a9badc46aab7bfac002148c51
2026-04-09 14:07:31 - getOutlet.php - Received encrypt: ce8d123a9badc46aab7bfac002148c51
2026-04-09 14:07:31 - getOutlet.php - Authentication berhasil
2026-04-09 14:07:31 - getOutlet.php - Query: SELECT id_out, nama_out, '' AS alamat_out, ofcode_out
            FROM outlet 
            WHERE status_out IN ('Active', '1', 'active')
            AND (nama_out LIKE :key OR ofcode_out LIKE :key)
            ORDER BY nama_out ASC
            LIMIT 20
2026-04-09 14:07:31 - getOutlet.php - Query berhasil, mengembalikan 20 record
2026-04-09 14:07:31 - getOutlet.php - === END REQUEST ===
2026-04-09 07:07:31 - getOutlet.php - === REQUEST GETOUTLET ===
2026-04-09 07:07:31 - getOutlet.php - Method: POST
2026-04-09 07:07:31 - getOutlet.php - POST data: {"tgl":"2026-04-09","encrypt":"ce8d123a9badc46aab7bfac002148c51","id_apl":"APL01","key":"APOTEK BOOTS M"}
2026-04-09 14:07:31 - getOutlet.php - Params - tgl: 2026-04-09, encrypt: ce8d123a9badc46aab7bfac002148c51, id_apl: APL01, key: APOTEK BOOTS M
2026-04-09 14:07:31 - getOutlet.php - Aplikasi ditemukan: Ya
2026-04-09 14:07:31 - getOutlet.php - Key aplikasi: YbcJSFjkds...
2026-04-09 14:07:31 - getOutlet.php - Expected encrypt: ce8d123a9badc46aab7bfac002148c51
2026-04-09 14:07:31 - getOutlet.php - Received encrypt: ce8d123a9badc46aab7bfac002148c51
2026-04-09 14:07:31 - getOutlet.php - Authentication berhasil
2026-04-09 14:07:31 - getOutlet.php - Query: SELECT id_out, nama_out, '' AS alamat_out, ofcode_out
            FROM outlet 
            WHERE status_out IN ('Active', '1', 'active')
            AND (nama_out LIKE :key OR ofcode_out LIKE :key)
            ORDER BY nama_out ASC
            LIMIT 20
2026-04-09 14:07:31 - getOutlet.php - Query berhasil, mengembalikan 3 record
2026-04-09 14:07:31 - getOutlet.php - === END REQUEST ===
2026-04-09 07:07:32 - getOutlet.php - === REQUEST GETOUTLET ===
2026-04-09 07:07:32 - getOutlet.php - Method: POST
2026-04-09 07:07:32 - getOutlet.php - POST data: {"tgl":"2026-04-09","encrypt":"ce8d123a9badc46aab7bfac002148c51","id_apl":"APL01","key":"APOTEK BOOTS MA"}
2026-04-09 14:07:32 - getOutlet.php - Params - tgl: 2026-04-09, encrypt: ce8d123a9badc46aab7bfac002148c51, id_apl: APL01, key: APOTEK BOOTS MA
2026-04-09 14:07:32 - getOutlet.php - Aplikasi ditemukan: Ya
2026-04-09 14:07:32 - getOutlet.php - Key aplikasi: YbcJSFjkds...
2026-04-09 14:07:32 - getOutlet.php - Expected encrypt: ce8d123a9badc46aab7bfac002148c51
2026-04-09 14:07:32 - getOutlet.php - Received encrypt: ce8d123a9badc46aab7bfac002148c51
2026-04-09 14:07:32 - getOutlet.php - Authentication berhasil
2026-04-09 14:07:32 - getOutlet.php - Query: SELECT id_out, nama_out, '' AS alamat_out, ofcode_out
            FROM outlet 
            WHERE status_out IN ('Active', '1', 'active')
            AND (nama_out LIKE :key OR ofcode_out LIKE :key)
            ORDER BY nama_out ASC
            LIMIT 20
2026-04-09 14:07:32 - getOutlet.php - Query berhasil, mengembalikan 2 record
2026-04-09 14:07:32 - getOutlet.php - === END REQUEST ===
2026-04-09 07:07:32 - getOutlet.php - === REQUEST GETOUTLET ===
2026-04-09 07:07:32 - getOutlet.php - Method: POST
2026-04-09 07:07:32 - getOutlet.php - POST data: {"tgl":"2026-04-09","encrypt":"ce8d123a9badc46aab7bfac002148c51","id_apl":"APL01","key":"APOTEK BOOTS MAL"}
2026-04-09 14:07:32 - getOutlet.php - Params - tgl: 2026-04-09, encrypt: ce8d123a9badc46aab7bfac002148c51, id_apl: APL01, key: APOTEK BOOTS MAL
2026-04-09 14:07:32 - getOutlet.php - Aplikasi ditemukan: Ya
2026-04-09 14:07:32 - getOutlet.php - Key aplikasi: YbcJSFjkds...
2026-04-09 14:07:32 - getOutlet.php - Expected encrypt: ce8d123a9badc46aab7bfac002148c51
2026-04-09 14:07:32 - getOutlet.php - Received encrypt: ce8d123a9badc46aab7bfac002148c51
2026-04-09 14:07:32 - getOutlet.php - Authentication berhasil
2026-04-09 14:07:32 - getOutlet.php - Query: SELECT id_out, nama_out, '' AS alamat_out, ofcode_out
            FROM outlet 
            WHERE status_out IN ('Active', '1', 'active')
            AND (nama_out LIKE :key OR ofcode_out LIKE :key)
            ORDER BY nama_out ASC
            LIMIT 20
2026-04-09 14:07:32 - getOutlet.php - Query berhasil, mengembalikan 1 record
2026-04-09 14:07:32 - getOutlet.php - === END REQUEST ===
2026-04-09 07:07:32 - getOutlet.php - === REQUEST GETOUTLET ===
2026-04-09 07:07:32 - getOutlet.php - Method: POST
2026-04-09 07:07:32 - getOutlet.php - POST data: {"tgl":"2026-04-09","encrypt":"ce8d123a9badc46aab7bfac002148c51","id_apl":"APL01","key":"APOTEK BOOTS MALL"}
2026-04-09 14:07:32 - getOutlet.php - Params - tgl: 2026-04-09, encrypt: ce8d123a9badc46aab7bfac002148c51, id_apl: APL01, key: APOTEK BOOTS MALL
2026-04-09 14:07:32 - getOutlet.php - Aplikasi ditemukan: Ya
2026-04-09 14:07:32 - getOutlet.php - Key aplikasi: YbcJSFjkds...
2026-04-09 14:07:32 - getOutlet.php - Expected encrypt: ce8d123a9badc46aab7bfac002148c51
2026-04-09 14:07:32 - getOutlet.php - Received encrypt: ce8d123a9badc46aab7bfac002148c51
2026-04-09 14:07:32 - getOutlet.php - Authentication berhasil
2026-04-09 14:07:32 - getOutlet.php - Query: SELECT id_out, nama_out, '' AS alamat_out, ofcode_out
            FROM outlet 
            WHERE status_out IN ('Active', '1', 'active')
            AND (nama_out LIKE :key OR ofcode_out LIKE :key)
            ORDER BY nama_out ASC
            LIMIT 20
2026-04-09 14:07:32 - getOutlet.php - Query berhasil, mengembalikan 1 record
2026-04-09 14:07:32 - getOutlet.php - === END REQUEST ===
2026-04-09 07:07:38 - getOutlet.php - === REQUEST GETOUTLET ===
2026-04-09 07:07:38 - getOutlet.php - Method: POST
2026-04-09 07:07:38 - getOutlet.php - POST data: {"tgl":"2026-04-09","encrypt":"ce8d123a9badc46aab7bfac002148c51","id_apl":"APL01","key":"APOTEK BOOTS MALL"}
2026-04-09 14:07:38 - getOutlet.php - Params - tgl: 2026-04-09, encrypt: ce8d123a9badc46aab7bfac002148c51, id_apl: APL01, key: APOTEK BOOTS MALL
2026-04-09 14:07:38 - getOutlet.php - Aplikasi ditemukan: Ya
2026-04-09 14:07:38 - getOutlet.php - Key aplikasi: YbcJSFjkds...
2026-04-09 14:07:38 - getOutlet.php - Expected encrypt: ce8d123a9badc46aab7bfac002148c51
2026-04-09 14:07:38 - getOutlet.php - Received encrypt: ce8d123a9badc46aab7bfac002148c51
2026-04-09 14:07:38 - getOutlet.php - Authentication berhasil
2026-04-09 14:07:38 - getOutlet.php - Query: SELECT id_out, nama_out, '' AS alamat_out, ofcode_out
            FROM outlet 
            WHERE status_out IN ('Active', '1', 'active')
            AND (nama_out LIKE :key OR ofcode_out LIKE :key)
            ORDER BY nama_out ASC
            LIMIT 20
2026-04-09 14:07:38 - getOutlet.php - Query berhasil, mengembalikan 1 record
2026-04-09 14:07:38 - getOutlet.php - === END REQUEST ===
2026-04-09 07:07:39 - getOutlet.php - === REQUEST GETOUTLET ===
2026-04-09 07:07:39 - getOutlet.php - Method: POST
2026-04-09 07:07:39 - getOutlet.php - POST data: {"tgl":"2026-04-09","encrypt":"ce8d123a9badc46aab7bfac002148c51","id_apl":"APL01","key":"APOTEK BOOTS MALL K"}
2026-04-09 14:07:39 - getOutlet.php - Params - tgl: 2026-04-09, encrypt: ce8d123a9badc46aab7bfac002148c51, id_apl: APL01, key: APOTEK BOOTS MALL K
2026-04-09 14:07:39 - getOutlet.php - Aplikasi ditemukan: Ya
2026-04-09 14:07:39 - getOutlet.php - Key aplikasi: YbcJSFjkds...
2026-04-09 14:07:39 - getOutlet.php - Expected encrypt: ce8d123a9badc46aab7bfac002148c51
2026-04-09 14:07:39 - getOutlet.php - Received encrypt: ce8d123a9badc46aab7bfac002148c51
2026-04-09 14:07:39 - getOutlet.php - Authentication berhasil
2026-04-09 14:07:39 - getOutlet.php - Query: SELECT id_out, nama_out, '' AS alamat_out, ofcode_out
            FROM outlet 
            WHERE status_out IN ('Active', '1', 'active')
            AND (nama_out LIKE :key OR ofcode_out LIKE :key)
            ORDER BY nama_out ASC
            LIMIT 20
2026-04-09 14:07:39 - getOutlet.php - Query berhasil, mengembalikan 1 record
2026-04-09 14:07:39 - getOutlet.php - === END REQUEST ===
2026-04-09 07:07:39 - getOutlet.php - === REQUEST GETOUTLET ===
2026-04-09 07:07:39 - getOutlet.php - Method: POST
2026-04-09 07:07:39 - getOutlet.php - POST data: {"tgl":"2026-04-09","encrypt":"ce8d123a9badc46aab7bfac002148c51","id_apl":"APL01","key":"APOTEK BOOTS MALL KO"}
2026-04-09 14:07:39 - getOutlet.php - Params - tgl: 2026-04-09, encrypt: ce8d123a9badc46aab7bfac002148c51, id_apl: APL01, key: APOTEK BOOTS MALL KO
2026-04-09 14:07:39 - getOutlet.php - Aplikasi ditemukan: Ya
2026-04-09 14:07:39 - getOutlet.php - Key aplikasi: YbcJSFjkds...
2026-04-09 14:07:39 - getOutlet.php - Expected encrypt: ce8d123a9badc46aab7bfac002148c51
2026-04-09 14:07:39 - getOutlet.php - Received encrypt: ce8d123a9badc46aab7bfac002148c51
2026-04-09 14:07:39 - getOutlet.php - Authentication berhasil
2026-04-09 14:07:39 - getOutlet.php - Query: SELECT id_out, nama_out, '' AS alamat_out, ofcode_out
            FROM outlet 
            WHERE status_out IN ('Active', '1', 'active')
            AND (nama_out LIKE :key OR ofcode_out LIKE :key)
            ORDER BY nama_out ASC
            LIMIT 20
2026-04-09 14:07:39 - getOutlet.php - Query berhasil, mengembalikan 0 record
2026-04-09 14:07:39 - getOutlet.php - === END REQUEST ===
2026-04-09 07:07:40 - getOutlet.php - === REQUEST GETOUTLET ===
2026-04-09 07:07:40 - getOutlet.php - Method: POST
2026-04-09 07:07:40 - getOutlet.php - POST data: {"tgl":"2026-04-09","encrypt":"ce8d123a9badc46aab7bfac002148c51","id_apl":"APL01","key":"APOTEK BOOTS MALL KOY"}
2026-04-09 14:07:40 - getOutlet.php - Params - tgl: 2026-04-09, encrypt: ce8d123a9badc46aab7bfac002148c51, id_apl: APL01, key: APOTEK BOOTS MALL KOY
2026-04-09 14:07:40 - getOutlet.php - Aplikasi ditemukan: Ya
2026-04-09 14:07:40 - getOutlet.php - Key aplikasi: YbcJSFjkds...
2026-04-09 14:07:40 - getOutlet.php - Expected encrypt: ce8d123a9badc46aab7bfac002148c51
2026-04-09 14:07:40 - getOutlet.php - Received encrypt: ce8d123a9badc46aab7bfac002148c51
2026-04-09 14:07:40 - getOutlet.php - Authentication berhasil
2026-04-09 14:07:40 - getOutlet.php - Query: SELECT id_out, nama_out, '' AS alamat_out, ofcode_out
            FROM outlet 
            WHERE status_out IN ('Active', '1', 'active')
            AND (nama_out LIKE :key OR ofcode_out LIKE :key)
            ORDER BY nama_out ASC
            LIMIT 20
2026-04-09 14:07:40 - getOutlet.php - Query berhasil, mengembalikan 0 record
2026-04-09 14:07:40 - getOutlet.php - === END REQUEST ===
2026-04-09 07:07:41 - getOutlet.php - === REQUEST GETOUTLET ===
2026-04-09 07:07:41 - getOutlet.php - Method: POST
2026-04-09 07:07:41 - getOutlet.php - POST data: {"tgl":"2026-04-09","encrypt":"ce8d123a9badc46aab7bfac002148c51","id_apl":"APL01","key":"APOTEK BOOTS MALL KO"}
2026-04-09 14:07:41 - getOutlet.php - Params - tgl: 2026-04-09, encrypt: ce8d123a9badc46aab7bfac002148c51, id_apl: APL01, key: APOTEK BOOTS MALL KO
2026-04-09 14:07:41 - getOutlet.php - Aplikasi ditemukan: Ya
2026-04-09 14:07:41 - getOutlet.php - Key aplikasi: YbcJSFjkds...
2026-04-09 14:07:41 - getOutlet.php - Expected encrypt: ce8d123a9badc46aab7bfac002148c51
2026-04-09 14:07:41 - getOutlet.php - Received encrypt: ce8d123a9badc46aab7bfac002148c51
2026-04-09 14:07:41 - getOutlet.php - Authentication berhasil
2026-04-09 14:07:41 - getOutlet.php - Query: SELECT id_out, nama_out, '' AS alamat_out, ofcode_out
            FROM outlet 
            WHERE status_out IN ('Active', '1', 'active')
            AND (nama_out LIKE :key OR ofcode_out LIKE :key)
            ORDER BY nama_out ASC
            LIMIT 20
2026-04-09 14:07:41 - getOutlet.php - Query berhasil, mengembalikan 0 record
2026-04-09 14:07:41 - getOutlet.php - === END REQUEST ===
2026-04-09 07:07:42 - getOutlet.php - === REQUEST GETOUTLET ===
2026-04-09 07:07:42 - getOutlet.php - Method: POST
2026-04-09 07:07:42 - getOutlet.php - POST data: {"tgl":"2026-04-09","encrypt":"ce8d123a9badc46aab7bfac002148c51","id_apl":"APL01","key":"APOTEK BOOTS MALL KOT"}
2026-04-09 14:07:42 - getOutlet.php - Params - tgl: 2026-04-09, encrypt: ce8d123a9badc46aab7bfac002148c51, id_apl: APL01, key: APOTEK BOOTS MALL KOT
2026-04-09 14:07:42 - getOutlet.php - Aplikasi ditemukan: Ya
2026-04-09 14:07:42 - getOutlet.php - Key aplikasi: YbcJSFjkds...
2026-04-09 14:07:42 - getOutlet.php - Expected encrypt: ce8d123a9badc46aab7bfac002148c51
2026-04-09 14:07:42 - getOutlet.php - Received encrypt: ce8d123a9badc46aab7bfac002148c51
2026-04-09 14:07:42 - getOutlet.php - Authentication berhasil
2026-04-09 14:07:42 - getOutlet.php - Query: SELECT id_out, nama_out, '' AS alamat_out, ofcode_out
            FROM outlet 
            WHERE status_out IN ('Active', '1', 'active')
            AND (nama_out LIKE :key OR ofcode_out LIKE :key)
            ORDER BY nama_out ASC
            LIMIT 20
2026-04-09 14:07:42 - getOutlet.php - Query berhasil, mengembalikan 0 record
2026-04-09 14:07:42 - getOutlet.php - === END REQUEST ===
2026-04-09 07:07:42 - getOutlet.php - === REQUEST GETOUTLET ===
2026-04-09 07:07:42 - getOutlet.php - Method: POST
2026-04-09 07:07:42 - getOutlet.php - POST data: {"tgl":"2026-04-09","encrypt":"ce8d123a9badc46aab7bfac002148c51","id_apl":"APL01","key":"APOTEK BOOTS MALL KOTA"}
2026-04-09 14:07:42 - getOutlet.php - Params - tgl: 2026-04-09, encrypt: ce8d123a9badc46aab7bfac002148c51, id_apl: APL01, key: APOTEK BOOTS MALL KOTA
2026-04-09 14:07:42 - getOutlet.php - Aplikasi ditemukan: Ya
2026-04-09 14:07:42 - getOutlet.php - Key aplikasi: YbcJSFjkds...
2026-04-09 14:07:42 - getOutlet.php - Expected encrypt: ce8d123a9badc46aab7bfac002148c51
2026-04-09 14:07:42 - getOutlet.php - Received encrypt: ce8d123a9badc46aab7bfac002148c51
2026-04-09 14:07:42 - getOutlet.php - Authentication berhasil
2026-04-09 14:07:42 - getOutlet.php - Query: SELECT id_out, nama_out, '' AS alamat_out, ofcode_out
            FROM outlet 
            WHERE status_out IN ('Active', '1', 'active')
            AND (nama_out LIKE :key OR ofcode_out LIKE :key)
            ORDER BY nama_out ASC
            LIMIT 20
2026-04-09 14:07:42 - getOutlet.php - Query berhasil, mengembalikan 0 record
2026-04-09 14:07:42 - getOutlet.php - === END REQUEST ===
2026-04-09 07:07:45 - getOutlet.php - === REQUEST GETOUTLET ===
2026-04-09 07:07:45 - getOutlet.php - Method: POST
2026-04-09 07:07:45 - getOutlet.php - POST data: {"tgl":"2026-04-09","encrypt":"ce8d123a9badc46aab7bfac002148c51","id_apl":"APL01","key":"APOTEK BOOTS MALL KOT"}
2026-04-09 14:07:45 - getOutlet.php - Params - tgl: 2026-04-09, encrypt: ce8d123a9badc46aab7bfac002148c51, id_apl: APL01, key: APOTEK BOOTS MALL KOT
2026-04-09 14:07:45 - getOutlet.php - Aplikasi ditemukan: Ya
2026-04-09 14:07:45 - getOutlet.php - Key aplikasi: YbcJSFjkds...
2026-04-09 14:07:45 - getOutlet.php - Expected encrypt: ce8d123a9badc46aab7bfac002148c51
2026-04-09 14:07:45 - getOutlet.php - Received encrypt: ce8d123a9badc46aab7bfac002148c51
2026-04-09 14:07:45 - getOutlet.php - Authentication berhasil
2026-04-09 14:07:45 - getOutlet.php - Query: SELECT id_out, nama_out, '' AS alamat_out, ofcode_out
            FROM outlet 
            WHERE status_out IN ('Active', '1', 'active')
            AND (nama_out LIKE :key OR ofcode_out LIKE :key)
            ORDER BY nama_out ASC
            LIMIT 20
2026-04-09 14:07:45 - getOutlet.php - Query berhasil, mengembalikan 0 record
2026-04-09 14:07:45 - getOutlet.php - === END REQUEST ===
2026-04-09 07:07:46 - getOutlet.php - === REQUEST GETOUTLET ===
2026-04-09 07:07:46 - getOutlet.php - Method: POST
2026-04-09 07:07:46 - getOutlet.php - POST data: {"tgl":"2026-04-09","encrypt":"ce8d123a9badc46aab7bfac002148c51","id_apl":"APL01","key":"APOTEK BOOTS MALL KO"}
2026-04-09 14:07:46 - getOutlet.php - Params - tgl: 2026-04-09, encrypt: ce8d123a9badc46aab7bfac002148c51, id_apl: APL01, key: APOTEK BOOTS MALL KO
2026-04-09 14:07:46 - getOutlet.php - Aplikasi ditemukan: Ya
2026-04-09 14:07:46 - getOutlet.php - Key aplikasi: YbcJSFjkds...
2026-04-09 14:07:46 - getOutlet.php - Expected encrypt: ce8d123a9badc46aab7bfac002148c51
2026-04-09 14:07:46 - getOutlet.php - Received encrypt: ce8d123a9badc46aab7bfac002148c51
2026-04-09 14:07:46 - getOutlet.php - Authentication berhasil
2026-04-09 14:07:46 - getOutlet.php - Query: SELECT id_out, nama_out, '' AS alamat_out, ofcode_out
            FROM outlet 
            WHERE status_out IN ('Active', '1', 'active')
            AND (nama_out LIKE :key OR ofcode_out LIKE :key)
            ORDER BY nama_out ASC
            LIMIT 20
2026-04-09 14:07:46 - getOutlet.php - Query berhasil, mengembalikan 0 record
2026-04-09 14:07:46 - getOutlet.php - === END REQUEST ===
2026-04-09 07:07:46 - getOutlet.php - === REQUEST GETOUTLET ===
2026-04-09 07:07:46 - getOutlet.php - Method: POST
2026-04-09 07:07:46 - getOutlet.php - POST data: {"tgl":"2026-04-09","encrypt":"ce8d123a9badc46aab7bfac002148c51","id_apl":"APL01","key":"APOTEK BOOTS MALL K"}
2026-04-09 14:07:46 - getOutlet.php - Params - tgl: 2026-04-09, encrypt: ce8d123a9badc46aab7bfac002148c51, id_apl: APL01, key: APOTEK BOOTS MALL K
2026-04-09 14:07:46 - getOutlet.php - Aplikasi ditemukan: Ya
2026-04-09 14:07:46 - getOutlet.php - Key aplikasi: YbcJSFjkds...
2026-04-09 14:07:46 - getOutlet.php - Expected encrypt: ce8d123a9badc46aab7bfac002148c51
2026-04-09 14:07:46 - getOutlet.php - Received encrypt: ce8d123a9badc46aab7bfac002148c51
2026-04-09 14:07:46 - getOutlet.php - Authentication berhasil
2026-04-09 14:07:46 - getOutlet.php - Query: SELECT id_out, nama_out, '' AS alamat_out, ofcode_out
            FROM outlet 
            WHERE status_out IN ('Active', '1', 'active')
            AND (nama_out LIKE :key OR ofcode_out LIKE :key)
            ORDER BY nama_out ASC
            LIMIT 20
2026-04-09 14:07:46 - getOutlet.php - Query berhasil, mengembalikan 1 record
2026-04-09 14:07:46 - getOutlet.php - === END REQUEST ===
2026-04-09 07:07:46 - getOutlet.php - === REQUEST GETOUTLET ===
2026-04-09 07:07:46 - getOutlet.php - Method: POST
2026-04-09 07:07:46 - getOutlet.php - POST data: {"tgl":"2026-04-09","encrypt":"ce8d123a9badc46aab7bfac002148c51","id_apl":"APL01","key":"APOTEK BOOTS MALL"}
2026-04-09 14:07:46 - getOutlet.php - Params - tgl: 2026-04-09, encrypt: ce8d123a9badc46aab7bfac002148c51, id_apl: APL01, key: APOTEK BOOTS MALL
2026-04-09 14:07:46 - getOutlet.php - Aplikasi ditemukan: Ya
2026-04-09 14:07:46 - getOutlet.php - Key aplikasi: YbcJSFjkds...
2026-04-09 14:07:46 - getOutlet.php - Expected encrypt: ce8d123a9badc46aab7bfac002148c51
2026-04-09 14:07:46 - getOutlet.php - Received encrypt: ce8d123a9badc46aab7bfac002148c51
2026-04-09 14:07:46 - getOutlet.php - Authentication berhasil
2026-04-09 14:07:46 - getOutlet.php - Query: SELECT id_out, nama_out, '' AS alamat_out, ofcode_out
            FROM outlet 
            WHERE status_out IN ('Active', '1', 'active')
            AND (nama_out LIKE :key OR ofcode_out LIKE :key)
            ORDER BY nama_out ASC
            LIMIT 20
2026-04-09 14:07:46 - getOutlet.php - Query berhasil, mengembalikan 1 record
2026-04-09 14:07:46 - getOutlet.php - === END REQUEST ===
2026-04-09 07:07:46 - getOutlet.php - === REQUEST GETOUTLET ===
2026-04-09 07:07:46 - getOutlet.php - Method: POST
2026-04-09 07:07:46 - getOutlet.php - POST data: {"tgl":"2026-04-09","encrypt":"ce8d123a9badc46aab7bfac002148c51","id_apl":"APL01","key":"APOTEK BOOTS MALL"}
2026-04-09 14:07:46 - getOutlet.php - Params - tgl: 2026-04-09, encrypt: ce8d123a9badc46aab7bfac002148c51, id_apl: APL01, key: APOTEK BOOTS MALL
2026-04-09 14:07:46 - getOutlet.php - Aplikasi ditemukan: Ya
2026-04-09 14:07:46 - getOutlet.php - Key aplikasi: YbcJSFjkds...
2026-04-09 14:07:46 - getOutlet.php - Expected encrypt: ce8d123a9badc46aab7bfac002148c51
2026-04-09 14:07:46 - getOutlet.php - Received encrypt: ce8d123a9badc46aab7bfac002148c51
2026-04-09 14:07:46 - getOutlet.php - Authentication berhasil
2026-04-09 14:07:46 - getOutlet.php - Query: SELECT id_out, nama_out, '' AS alamat_out, ofcode_out
            FROM outlet 
            WHERE status_out IN ('Active', '1', 'active')
            AND (nama_out LIKE :key OR ofcode_out LIKE :key)
            ORDER BY nama_out ASC
            LIMIT 20
2026-04-09 14:07:46 - getOutlet.php - Query berhasil, mengembalikan 1 record
2026-04-09 14:07:46 - getOutlet.php - === END REQUEST ===
2026-04-09 07:07:46 - getOutlet.php - === REQUEST GETOUTLET ===
2026-04-09 07:07:46 - getOutlet.php - Method: POST
2026-04-09 07:07:46 - getOutlet.php - POST data: {"tgl":"2026-04-09","encrypt":"ce8d123a9badc46aab7bfac002148c51","id_apl":"APL01","key":"APOTEK BOOTS MAL"}
2026-04-09 14:07:46 - getOutlet.php - Params - tgl: 2026-04-09, encrypt: ce8d123a9badc46aab7bfac002148c51, id_apl: APL01, key: APOTEK BOOTS MAL
2026-04-09 14:07:46 - getOutlet.php - Aplikasi ditemukan: Ya
2026-04-09 14:07:46 - getOutlet.php - Key aplikasi: YbcJSFjkds...
2026-04-09 14:07:46 - getOutlet.php - Expected encrypt: ce8d123a9badc46aab7bfac002148c51
2026-04-09 14:07:46 - getOutlet.php - Received encrypt: ce8d123a9badc46aab7bfac002148c51
2026-04-09 14:07:46 - getOutlet.php - Authentication berhasil
2026-04-09 14:07:46 - getOutlet.php - Query: SELECT id_out, nama_out, '' AS alamat_out, ofcode_out
            FROM outlet 
            WHERE status_out IN ('Active', '1', 'active')
            AND (nama_out LIKE :key OR ofcode_out LIKE :key)
            ORDER BY nama_out ASC
            LIMIT 20
2026-04-09 14:07:46 - getOutlet.php - Query berhasil, mengembalikan 1 record
2026-04-09 14:07:46 - getOutlet.php - === END REQUEST ===
2026-04-09 07:07:46 - getOutlet.php - === REQUEST GETOUTLET ===
2026-04-09 07:07:46 - getOutlet.php - Method: POST
2026-04-09 07:07:46 - getOutlet.php - POST data: {"tgl":"2026-04-09","encrypt":"ce8d123a9badc46aab7bfac002148c51","id_apl":"APL01","key":"APOTEK BOOTS MA"}
2026-04-09 14:07:46 - getOutlet.php - Params - tgl: 2026-04-09, encrypt: ce8d123a9badc46aab7bfac002148c51, id_apl: APL01, key: APOTEK BOOTS MA
2026-04-09 14:07:46 - getOutlet.php - Aplikasi ditemukan: Ya
2026-04-09 14:07:46 - getOutlet.php - Key aplikasi: YbcJSFjkds...
2026-04-09 14:07:46 - getOutlet.php - Expected encrypt: ce8d123a9badc46aab7bfac002148c51
2026-04-09 14:07:46 - getOutlet.php - Received encrypt: ce8d123a9badc46aab7bfac002148c51
2026-04-09 14:07:46 - getOutlet.php - Authentication berhasil
2026-04-09 14:07:46 - getOutlet.php - Query: SELECT id_out, nama_out, '' AS alamat_out, ofcode_out
            FROM outlet 
            WHERE status_out IN ('Active', '1', 'active')
            AND (nama_out LIKE :key OR ofcode_out LIKE :key)
            ORDER BY nama_out ASC
            LIMIT 20
2026-04-09 14:07:46 - getOutlet.php - Query berhasil, mengembalikan 2 record
2026-04-09 14:07:46 - getOutlet.php - === END REQUEST ===
2026-04-09 07:07:46 - getOutlet.php - === REQUEST GETOUTLET ===
2026-04-09 07:07:46 - getOutlet.php - Method: POST
2026-04-09 07:07:46 - getOutlet.php - POST data: {"tgl":"2026-04-09","encrypt":"ce8d123a9badc46aab7bfac002148c51","id_apl":"APL01","key":"APOTEK BOOTS M"}
2026-04-09 14:07:46 - getOutlet.php - Params - tgl: 2026-04-09, encrypt: ce8d123a9badc46aab7bfac002148c51, id_apl: APL01, key: APOTEK BOOTS M
2026-04-09 14:07:46 - getOutlet.php - Aplikasi ditemukan: Ya
2026-04-09 14:07:46 - getOutlet.php - Key aplikasi: YbcJSFjkds...
2026-04-09 14:07:46 - getOutlet.php - Expected encrypt: ce8d123a9badc46aab7bfac002148c51
2026-04-09 14:07:46 - getOutlet.php - Received encrypt: ce8d123a9badc46aab7bfac002148c51
2026-04-09 14:07:46 - getOutlet.php - Authentication berhasil
2026-04-09 14:07:46 - getOutlet.php - Query: SELECT id_out, nama_out, '' AS alamat_out, ofcode_out
            FROM outlet 
            WHERE status_out IN ('Active', '1', 'active')
            AND (nama_out LIKE :key OR ofcode_out LIKE :key)
            ORDER BY nama_out ASC
            LIMIT 20
2026-04-09 14:07:46 - getOutlet.php - Query berhasil, mengembalikan 3 record
2026-04-09 14:07:46 - getOutlet.php - === END REQUEST ===
2026-04-09 07:07:47 - getOutlet.php - === REQUEST GETOUTLET ===
2026-04-09 07:07:47 - getOutlet.php - Method: POST
2026-04-09 07:07:47 - getOutlet.php - POST data: {"tgl":"2026-04-09","encrypt":"ce8d123a9badc46aab7bfac002148c51","id_apl":"APL01","key":"APOTEK BOOTS"}
2026-04-09 14:07:47 - getOutlet.php - Params - tgl: 2026-04-09, encrypt: ce8d123a9badc46aab7bfac002148c51, id_apl: APL01, key: APOTEK BOOTS
2026-04-09 14:07:47 - getOutlet.php - Aplikasi ditemukan: Ya
2026-04-09 14:07:47 - getOutlet.php - Key aplikasi: YbcJSFjkds...
2026-04-09 14:07:47 - getOutlet.php - Expected encrypt: ce8d123a9badc46aab7bfac002148c51
2026-04-09 14:07:47 - getOutlet.php - Received encrypt: ce8d123a9badc46aab7bfac002148c51
2026-04-09 14:07:47 - getOutlet.php - Authentication berhasil
2026-04-09 14:07:47 - getOutlet.php - Query: SELECT id_out, nama_out, '' AS alamat_out, ofcode_out
            FROM outlet 
            WHERE status_out IN ('Active', '1', 'active')
            AND (nama_out LIKE :key OR ofcode_out LIKE :key)
            ORDER BY nama_out ASC
            LIMIT 20
2026-04-09 14:07:47 - getOutlet.php - Query berhasil, mengembalikan 20 record
2026-04-09 14:07:47 - getOutlet.php - === END REQUEST ===
2026-04-09 07:08:01 - getOutlet.php - === REQUEST GETOUTLET ===
2026-04-09 07:08:01 - getOutlet.php - Method: POST
2026-04-09 07:08:01 - getOutlet.php - POST data: {"tgl":"2026-04-09","encrypt":"ce8d123a9badc46aab7bfac002148c51","id_apl":"APL01","key":"APOTEK BOOTS SOGO KOTA KASABLANGKA"}
2026-04-09 14:08:01 - getOutlet.php - Params - tgl: 2026-04-09, encrypt: ce8d123a9badc46aab7bfac002148c51, id_apl: APL01, key: APOTEK BOOTS SOGO KOTA KASABLANGKA
2026-04-09 14:08:01 - getOutlet.php - Aplikasi ditemukan: Ya
2026-04-09 14:08:01 - getOutlet.php - Key aplikasi: YbcJSFjkds...
2026-04-09 14:08:01 - getOutlet.php - Expected encrypt: ce8d123a9badc46aab7bfac002148c51
2026-04-09 14:08:01 - getOutlet.php - Received encrypt: ce8d123a9badc46aab7bfac002148c51
2026-04-09 14:08:01 - getOutlet.php - Authentication berhasil
2026-04-09 14:08:01 - getOutlet.php - Query: SELECT id_out, nama_out, '' AS alamat_out, ofcode_out
            FROM outlet 
            WHERE status_out IN ('Active', '1', 'active')
            AND (nama_out LIKE :key OR ofcode_out LIKE :key)
            ORDER BY nama_out ASC
            LIMIT 20
2026-04-09 14:08:01 - getOutlet.php - Query berhasil, mengembalikan 1 record
2026-04-09 14:08:01 - getOutlet.php - === END REQUEST ===
2026-04-09 07:24:47 - getOutlet.php - === REQUEST GETOUTLET ===
2026-04-09 07:24:47 - getOutlet.php - Method: POST
2026-04-09 07:24:47 - getOutlet.php - POST data: {"tgl":"2026-04-09","encrypt":"ce8d123a9badc46aab7bfac002148c51","id_apl":"APL01","key":"ap"}
2026-04-09 14:24:47 - getOutlet.php - Params - tgl: 2026-04-09, encrypt: ce8d123a9badc46aab7bfac002148c51, id_apl: APL01, key: ap
2026-04-09 14:24:47 - getOutlet.php - Aplikasi ditemukan: Ya
2026-04-09 14:24:47 - getOutlet.php - Key aplikasi: YbcJSFjkds...
2026-04-09 14:24:47 - getOutlet.php - Expected encrypt: ce8d123a9badc46aab7bfac002148c51
2026-04-09 14:24:47 - getOutlet.php - Received encrypt: ce8d123a9badc46aab7bfac002148c51
2026-04-09 14:24:47 - getOutlet.php - Authentication berhasil
2026-04-09 14:24:47 - getOutlet.php - Query: SELECT id_out, nama_out, '' AS alamat_out, ofcode_out
            FROM outlet 
            WHERE status_out IN ('Active', '1', 'active')
            AND (nama_out LIKE :key OR ofcode_out LIKE :key)
            ORDER BY nama_out ASC
            LIMIT 20
2026-04-09 14:24:47 - getOutlet.php - Query berhasil, mengembalikan 20 record
2026-04-09 14:24:47 - getOutlet.php - === END REQUEST ===
2026-04-09 07:24:47 - getOutlet.php - === REQUEST GETOUTLET ===
2026-04-09 07:24:47 - getOutlet.php - Method: POST
2026-04-09 07:24:47 - getOutlet.php - POST data: {"tgl":"2026-04-09","encrypt":"ce8d123a9badc46aab7bfac002148c51","id_apl":"APL01","key":"apo"}
2026-04-09 14:24:47 - getOutlet.php - Params - tgl: 2026-04-09, encrypt: ce8d123a9badc46aab7bfac002148c51, id_apl: APL01, key: apo
2026-04-09 14:24:47 - getOutlet.php - Aplikasi ditemukan: Ya
2026-04-09 14:24:47 - getOutlet.php - Key aplikasi: YbcJSFjkds...
2026-04-09 14:24:47 - getOutlet.php - Expected encrypt: ce8d123a9badc46aab7bfac002148c51
2026-04-09 14:24:47 - getOutlet.php - Received encrypt: ce8d123a9badc46aab7bfac002148c51
2026-04-09 14:24:47 - getOutlet.php - Authentication berhasil
2026-04-09 14:24:47 - getOutlet.php - Query: SELECT id_out, nama_out, '' AS alamat_out, ofcode_out
            FROM outlet 
            WHERE status_out IN ('Active', '1', 'active')
            AND (nama_out LIKE :key OR ofcode_out LIKE :key)
            ORDER BY nama_out ASC
            LIMIT 20
2026-04-09 14:24:47 - getOutlet.php - Query berhasil, mengembalikan 20 record
2026-04-09 14:24:47 - getOutlet.php - === END REQUEST ===
2026-04-09 07:24:47 - getOutlet.php - === REQUEST GETOUTLET ===
2026-04-09 07:24:47 - getOutlet.php - Method: POST
2026-04-09 07:24:47 - getOutlet.php - POST data: {"tgl":"2026-04-09","encrypt":"ce8d123a9badc46aab7bfac002148c51","id_apl":"APL01","key":"apot"}
2026-04-09 14:24:47 - getOutlet.php - Params - tgl: 2026-04-09, encrypt: ce8d123a9badc46aab7bfac002148c51, id_apl: APL01, key: apot
2026-04-09 14:24:47 - getOutlet.php - Aplikasi ditemukan: Ya
2026-04-09 14:24:47 - getOutlet.php - Key aplikasi: YbcJSFjkds...
2026-04-09 14:24:47 - getOutlet.php - Expected encrypt: ce8d123a9badc46aab7bfac002148c51
2026-04-09 14:24:47 - getOutlet.php - Received encrypt: ce8d123a9badc46aab7bfac002148c51
2026-04-09 14:24:47 - getOutlet.php - Authentication berhasil
2026-04-09 14:24:47 - getOutlet.php - Query: SELECT id_out, nama_out, '' AS alamat_out, ofcode_out
            FROM outlet 
            WHERE status_out IN ('Active', '1', 'active')
            AND (nama_out LIKE :key OR ofcode_out LIKE :key)
            ORDER BY nama_out ASC
            LIMIT 20
2026-04-09 14:24:47 - getOutlet.php - Query berhasil, mengembalikan 20 record
2026-04-09 14:24:47 - getOutlet.php - === END REQUEST ===
2026-04-09 07:24:47 - getOutlet.php - === REQUEST GETOUTLET ===
2026-04-09 07:24:47 - getOutlet.php - Method: POST
2026-04-09 07:24:47 - getOutlet.php - POST data: {"tgl":"2026-04-09","encrypt":"ce8d123a9badc46aab7bfac002148c51","id_apl":"APL01","key":"apote"}
2026-04-09 14:24:47 - getOutlet.php - Params - tgl: 2026-04-09, encrypt: ce8d123a9badc46aab7bfac002148c51, id_apl: APL01, key: apote
2026-04-09 14:24:47 - getOutlet.php - Aplikasi ditemukan: Ya
2026-04-09 14:24:47 - getOutlet.php - Key aplikasi: YbcJSFjkds...
2026-04-09 14:24:47 - getOutlet.php - Expected encrypt: ce8d123a9badc46aab7bfac002148c51
2026-04-09 14:24:47 - getOutlet.php - Received encrypt: ce8d123a9badc46aab7bfac002148c51
2026-04-09 14:24:47 - getOutlet.php - Authentication berhasil
2026-04-09 14:24:47 - getOutlet.php - Query: SELECT id_out, nama_out, '' AS alamat_out, ofcode_out
            FROM outlet 
            WHERE status_out IN ('Active', '1', 'active')
            AND (nama_out LIKE :key OR ofcode_out LIKE :key)
            ORDER BY nama_out ASC
            LIMIT 20
2026-04-09 14:24:47 - getOutlet.php - Query berhasil, mengembalikan 20 record
2026-04-09 14:24:47 - getOutlet.php - === END REQUEST ===
2026-04-09 07:24:48 - getOutlet.php - === REQUEST GETOUTLET ===
2026-04-09 07:24:48 - getOutlet.php - Method: POST
2026-04-09 07:24:48 - getOutlet.php - POST data: {"tgl":"2026-04-09","encrypt":"ce8d123a9badc46aab7bfac002148c51","id_apl":"APL01","key":"apotek"}
2026-04-09 14:24:48 - getOutlet.php - Params - tgl: 2026-04-09, encrypt: ce8d123a9badc46aab7bfac002148c51, id_apl: APL01, key: apotek
2026-04-09 14:24:48 - getOutlet.php - Aplikasi ditemukan: Ya
2026-04-09 14:24:48 - getOutlet.php - Key aplikasi: YbcJSFjkds...
2026-04-09 14:24:48 - getOutlet.php - Expected encrypt: ce8d123a9badc46aab7bfac002148c51
2026-04-09 14:24:48 - getOutlet.php - Received encrypt: ce8d123a9badc46aab7bfac002148c51
2026-04-09 14:24:48 - getOutlet.php - Authentication berhasil
2026-04-09 14:24:48 - getOutlet.php - Query: SELECT id_out, nama_out, '' AS alamat_out, ofcode_out
            FROM outlet 
            WHERE status_out IN ('Active', '1', 'active')
            AND (nama_out LIKE :key OR ofcode_out LIKE :key)
            ORDER BY nama_out ASC
            LIMIT 20
2026-04-09 14:24:48 - getOutlet.php - Query berhasil, mengembalikan 20 record
2026-04-09 14:24:48 - getOutlet.php - === END REQUEST ===
2026-04-09 07:24:48 - getOutlet.php - === REQUEST GETOUTLET ===
2026-04-09 07:24:48 - getOutlet.php - Method: POST
2026-04-09 07:24:48 - getOutlet.php - POST data: {"tgl":"2026-04-09","encrypt":"ce8d123a9badc46aab7bfac002148c51","id_apl":"APL01","key":"apotek"}
2026-04-09 14:24:48 - getOutlet.php - Params - tgl: 2026-04-09, encrypt: ce8d123a9badc46aab7bfac002148c51, id_apl: APL01, key: apotek
2026-04-09 14:24:48 - getOutlet.php - Aplikasi ditemukan: Ya
2026-04-09 14:24:48 - getOutlet.php - Key aplikasi: YbcJSFjkds...
2026-04-09 14:24:48 - getOutlet.php - Expected encrypt: ce8d123a9badc46aab7bfac002148c51
2026-04-09 14:24:48 - getOutlet.php - Received encrypt: ce8d123a9badc46aab7bfac002148c51
2026-04-09 14:24:48 - getOutlet.php - Authentication berhasil
2026-04-09 14:24:48 - getOutlet.php - Query: SELECT id_out, nama_out, '' AS alamat_out, ofcode_out
            FROM outlet 
            WHERE status_out IN ('Active', '1', 'active')
            AND (nama_out LIKE :key OR ofcode_out LIKE :key)
            ORDER BY nama_out ASC
            LIMIT 20
2026-04-09 14:24:48 - getOutlet.php - Query berhasil, mengembalikan 20 record
2026-04-09 14:24:48 - getOutlet.php - === END REQUEST ===
2026-04-09 07:24:49 - getOutlet.php - === REQUEST GETOUTLET ===
2026-04-09 07:24:49 - getOutlet.php - Method: POST
2026-04-09 07:24:49 - getOutlet.php - POST data: {"tgl":"2026-04-09","encrypt":"ce8d123a9badc46aab7bfac002148c51","id_apl":"APL01","key":"apotek b"}
2026-04-09 14:24:49 - getOutlet.php - Params - tgl: 2026-04-09, encrypt: ce8d123a9badc46aab7bfac002148c51, id_apl: APL01, key: apotek b
2026-04-09 14:24:49 - getOutlet.php - Aplikasi ditemukan: Ya
2026-04-09 14:24:49 - getOutlet.php - Key aplikasi: YbcJSFjkds...
2026-04-09 14:24:49 - getOutlet.php - Expected encrypt: ce8d123a9badc46aab7bfac002148c51
2026-04-09 14:24:49 - getOutlet.php - Received encrypt: ce8d123a9badc46aab7bfac002148c51
2026-04-09 14:24:49 - getOutlet.php - Authentication berhasil
2026-04-09 14:24:49 - getOutlet.php - Query: SELECT id_out, nama_out, '' AS alamat_out, ofcode_out
            FROM outlet 
            WHERE status_out IN ('Active', '1', 'active')
            AND (nama_out LIKE :key OR ofcode_out LIKE :key)
            ORDER BY nama_out ASC
            LIMIT 20
2026-04-09 14:24:49 - getOutlet.php - Query berhasil, mengembalikan 20 record
2026-04-09 14:24:49 - getOutlet.php - === END REQUEST ===
2026-04-09 07:24:49 - getOutlet.php - === REQUEST GETOUTLET ===
2026-04-09 07:24:49 - getOutlet.php - Method: POST
2026-04-09 07:24:49 - getOutlet.php - POST data: {"tgl":"2026-04-09","encrypt":"ce8d123a9badc46aab7bfac002148c51","id_apl":"APL01","key":"apotek bo"}
2026-04-09 14:24:49 - getOutlet.php - Params - tgl: 2026-04-09, encrypt: ce8d123a9badc46aab7bfac002148c51, id_apl: APL01, key: apotek bo
2026-04-09 14:24:49 - getOutlet.php - Aplikasi ditemukan: Ya
2026-04-09 14:24:49 - getOutlet.php - Key aplikasi: YbcJSFjkds...
2026-04-09 14:24:49 - getOutlet.php - Expected encrypt: ce8d123a9badc46aab7bfac002148c51
2026-04-09 14:24:49 - getOutlet.php - Received encrypt: ce8d123a9badc46aab7bfac002148c51
2026-04-09 14:24:49 - getOutlet.php - Authentication berhasil
2026-04-09 14:24:49 - getOutlet.php - Query: SELECT id_out, nama_out, '' AS alamat_out, ofcode_out
            FROM outlet 
            WHERE status_out IN ('Active', '1', 'active')
            AND (nama_out LIKE :key OR ofcode_out LIKE :key)
            ORDER BY nama_out ASC
            LIMIT 20
2026-04-09 14:24:49 - getOutlet.php - Query berhasil, mengembalikan 20 record
2026-04-09 14:24:49 - getOutlet.php - === END REQUEST ===
2026-04-09 07:24:49 - getOutlet.php - === REQUEST GETOUTLET ===
2026-04-09 07:24:49 - getOutlet.php - Method: POST
2026-04-09 07:24:49 - getOutlet.php - POST data: {"tgl":"2026-04-09","encrypt":"ce8d123a9badc46aab7bfac002148c51","id_apl":"APL01","key":"apotek boo"}
2026-04-09 14:24:49 - getOutlet.php - Params - tgl: 2026-04-09, encrypt: ce8d123a9badc46aab7bfac002148c51, id_apl: APL01, key: apotek boo
2026-04-09 14:24:49 - getOutlet.php - Aplikasi ditemukan: Ya
2026-04-09 14:24:49 - getOutlet.php - Key aplikasi: YbcJSFjkds...
2026-04-09 14:24:49 - getOutlet.php - Expected encrypt: ce8d123a9badc46aab7bfac002148c51
2026-04-09 14:24:49 - getOutlet.php - Received encrypt: ce8d123a9badc46aab7bfac002148c51
2026-04-09 14:24:49 - getOutlet.php - Authentication berhasil
2026-04-09 14:24:49 - getOutlet.php - Query: SELECT id_out, nama_out, '' AS alamat_out, ofcode_out
            FROM outlet 
            WHERE status_out IN ('Active', '1', 'active')
            AND (nama_out LIKE :key OR ofcode_out LIKE :key)
            ORDER BY nama_out ASC
            LIMIT 20
2026-04-09 14:24:49 - getOutlet.php - Query berhasil, mengembalikan 20 record
2026-04-09 14:24:49 - getOutlet.php - === END REQUEST ===
2026-04-09 07:24:50 - getOutlet.php - === REQUEST GETOUTLET ===
2026-04-09 07:24:50 - getOutlet.php - Method: POST
2026-04-09 07:24:50 - getOutlet.php - POST data: {"tgl":"2026-04-09","encrypt":"ce8d123a9badc46aab7bfac002148c51","id_apl":"APL01","key":"apotek boot"}
2026-04-09 14:24:50 - getOutlet.php - Params - tgl: 2026-04-09, encrypt: ce8d123a9badc46aab7bfac002148c51, id_apl: APL01, key: apotek boot
2026-04-09 14:24:50 - getOutlet.php - Aplikasi ditemukan: Ya
2026-04-09 14:24:50 - getOutlet.php - Key aplikasi: YbcJSFjkds...
2026-04-09 14:24:50 - getOutlet.php - Expected encrypt: ce8d123a9badc46aab7bfac002148c51
2026-04-09 14:24:50 - getOutlet.php - Received encrypt: ce8d123a9badc46aab7bfac002148c51
2026-04-09 14:24:50 - getOutlet.php - Authentication berhasil
2026-04-09 14:24:50 - getOutlet.php - Query: SELECT id_out, nama_out, '' AS alamat_out, ofcode_out
            FROM outlet 
            WHERE status_out IN ('Active', '1', 'active')
            AND (nama_out LIKE :key OR ofcode_out LIKE :key)
            ORDER BY nama_out ASC
            LIMIT 20
2026-04-09 14:24:50 - getOutlet.php - Query berhasil, mengembalikan 20 record
2026-04-09 14:24:50 - getOutlet.php - === END REQUEST ===
2026-04-09 07:24:50 - getOutlet.php - === REQUEST GETOUTLET ===
2026-04-09 07:24:50 - getOutlet.php - Method: POST
2026-04-09 07:24:50 - getOutlet.php - POST data: {"tgl":"2026-04-09","encrypt":"ce8d123a9badc46aab7bfac002148c51","id_apl":"APL01","key":"apotek boots"}
2026-04-09 14:24:50 - getOutlet.php - Params - tgl: 2026-04-09, encrypt: ce8d123a9badc46aab7bfac002148c51, id_apl: APL01, key: apotek boots
2026-04-09 14:24:50 - getOutlet.php - Aplikasi ditemukan: Ya
2026-04-09 14:24:50 - getOutlet.php - Key aplikasi: YbcJSFjkds...
2026-04-09 14:24:50 - getOutlet.php - Expected encrypt: ce8d123a9badc46aab7bfac002148c51
2026-04-09 14:24:50 - getOutlet.php - Received encrypt: ce8d123a9badc46aab7bfac002148c51
2026-04-09 14:24:50 - getOutlet.php - Authentication berhasil
2026-04-09 14:24:50 - getOutlet.php - Query: SELECT id_out, nama_out, '' AS alamat_out, ofcode_out
            FROM outlet 
            WHERE status_out IN ('Active', '1', 'active')
            AND (nama_out LIKE :key OR ofcode_out LIKE :key)
            ORDER BY nama_out ASC
            LIMIT 20
2026-04-09 14:24:50 - getOutlet.php - Query berhasil, mengembalikan 20 record
2026-04-09 14:24:50 - getOutlet.php - === END REQUEST ===
2026-04-09 07:24:50 - getOutlet.php - === REQUEST GETOUTLET ===
2026-04-09 07:24:50 - getOutlet.php - Method: POST
2026-04-09 07:24:50 - getOutlet.php - POST data: {"tgl":"2026-04-09","encrypt":"ce8d123a9badc46aab7bfac002148c51","id_apl":"APL01","key":"apotek boots"}
2026-04-09 14:24:50 - getOutlet.php - Params - tgl: 2026-04-09, encrypt: ce8d123a9badc46aab7bfac002148c51, id_apl: APL01, key: apotek boots
2026-04-09 14:24:50 - getOutlet.php - Aplikasi ditemukan: Ya
2026-04-09 14:24:50 - getOutlet.php - Key aplikasi: YbcJSFjkds...
2026-04-09 14:24:50 - getOutlet.php - Expected encrypt: ce8d123a9badc46aab7bfac002148c51
2026-04-09 14:24:50 - getOutlet.php - Received encrypt: ce8d123a9badc46aab7bfac002148c51
2026-04-09 14:24:50 - getOutlet.php - Authentication berhasil
2026-04-09 14:24:50 - getOutlet.php - Query: SELECT id_out, nama_out, '' AS alamat_out, ofcode_out
            FROM outlet 
            WHERE status_out IN ('Active', '1', 'active')
            AND (nama_out LIKE :key OR ofcode_out LIKE :key)
            ORDER BY nama_out ASC
            LIMIT 20
2026-04-09 14:24:50 - getOutlet.php - Query berhasil, mengembalikan 20 record
2026-04-09 14:24:50 - getOutlet.php - === END REQUEST ===
2026-04-09 07:24:53 - getOutlet.php - === REQUEST GETOUTLET ===
2026-04-09 07:24:53 - getOutlet.php - Method: POST
2026-04-09 07:24:53 - getOutlet.php - POST data: {"tgl":"2026-04-09","encrypt":"ce8d123a9badc46aab7bfac002148c51","id_apl":"APL01","key":"apotek boots m"}
2026-04-09 14:24:53 - getOutlet.php - Params - tgl: 2026-04-09, encrypt: ce8d123a9badc46aab7bfac002148c51, id_apl: APL01, key: apotek boots m
2026-04-09 14:24:53 - getOutlet.php - Aplikasi ditemukan: Ya
2026-04-09 14:24:53 - getOutlet.php - Key aplikasi: YbcJSFjkds...
2026-04-09 14:24:53 - getOutlet.php - Expected encrypt: ce8d123a9badc46aab7bfac002148c51
2026-04-09 14:24:53 - getOutlet.php - Received encrypt: ce8d123a9badc46aab7bfac002148c51
2026-04-09 14:24:53 - getOutlet.php - Authentication berhasil
2026-04-09 14:24:53 - getOutlet.php - Query: SELECT id_out, nama_out, '' AS alamat_out, ofcode_out
            FROM outlet 
            WHERE status_out IN ('Active', '1', 'active')
            AND (nama_out LIKE :key OR ofcode_out LIKE :key)
            ORDER BY nama_out ASC
            LIMIT 20
2026-04-09 14:24:53 - getOutlet.php - Query berhasil, mengembalikan 3 record
2026-04-09 14:24:53 - getOutlet.php - === END REQUEST ===
2026-04-09 07:24:53 - getOutlet.php - === REQUEST GETOUTLET ===
2026-04-09 07:24:53 - getOutlet.php - Method: POST
2026-04-09 07:24:53 - getOutlet.php - POST data: {"tgl":"2026-04-09","encrypt":"ce8d123a9badc46aab7bfac002148c51","id_apl":"APL01","key":"apotek boots ma"}
2026-04-09 14:24:53 - getOutlet.php - Params - tgl: 2026-04-09, encrypt: ce8d123a9badc46aab7bfac002148c51, id_apl: APL01, key: apotek boots ma
2026-04-09 14:24:53 - getOutlet.php - Aplikasi ditemukan: Ya
2026-04-09 14:24:53 - getOutlet.php - Key aplikasi: YbcJSFjkds...
2026-04-09 14:24:53 - getOutlet.php - Expected encrypt: ce8d123a9badc46aab7bfac002148c51
2026-04-09 14:24:53 - getOutlet.php - Received encrypt: ce8d123a9badc46aab7bfac002148c51
2026-04-09 14:24:53 - getOutlet.php - Authentication berhasil
2026-04-09 14:24:53 - getOutlet.php - Query: SELECT id_out, nama_out, '' AS alamat_out, ofcode_out
            FROM outlet 
            WHERE status_out IN ('Active', '1', 'active')
            AND (nama_out LIKE :key OR ofcode_out LIKE :key)
            ORDER BY nama_out ASC
            LIMIT 20
2026-04-09 14:24:53 - getOutlet.php - Query berhasil, mengembalikan 2 record
2026-04-09 14:24:53 - getOutlet.php - === END REQUEST ===
2026-04-09 07:24:54 - getOutlet.php - === REQUEST GETOUTLET ===
2026-04-09 07:24:54 - getOutlet.php - Method: POST
2026-04-09 07:24:54 - getOutlet.php - POST data: {"tgl":"2026-04-09","encrypt":"ce8d123a9badc46aab7bfac002148c51","id_apl":"APL01","key":"apotek boots mal"}
2026-04-09 14:24:54 - getOutlet.php - Params - tgl: 2026-04-09, encrypt: ce8d123a9badc46aab7bfac002148c51, id_apl: APL01, key: apotek boots mal
2026-04-09 14:24:54 - getOutlet.php - Aplikasi ditemukan: Ya
2026-04-09 14:24:54 - getOutlet.php - Key aplikasi: YbcJSFjkds...
2026-04-09 14:24:54 - getOutlet.php - Expected encrypt: ce8d123a9badc46aab7bfac002148c51
2026-04-09 14:24:54 - getOutlet.php - Received encrypt: ce8d123a9badc46aab7bfac002148c51
2026-04-09 14:24:54 - getOutlet.php - Authentication berhasil
2026-04-09 14:24:54 - getOutlet.php - Query: SELECT id_out, nama_out, '' AS alamat_out, ofcode_out
            FROM outlet 
            WHERE status_out IN ('Active', '1', 'active')
            AND (nama_out LIKE :key OR ofcode_out LIKE :key)
            ORDER BY nama_out ASC
            LIMIT 20
2026-04-09 14:24:54 - getOutlet.php - Query berhasil, mengembalikan 1 record
2026-04-09 14:24:54 - getOutlet.php - === END REQUEST ===
2026-04-09 07:24:54 - getOutlet.php - === REQUEST GETOUTLET ===
2026-04-09 07:24:54 - getOutlet.php - Method: POST
2026-04-09 07:24:54 - getOutlet.php - POST data: {"tgl":"2026-04-09","encrypt":"ce8d123a9badc46aab7bfac002148c51","id_apl":"APL01","key":"apotek boots mall"}
2026-04-09 14:24:54 - getOutlet.php - Params - tgl: 2026-04-09, encrypt: ce8d123a9badc46aab7bfac002148c51, id_apl: APL01, key: apotek boots mall
2026-04-09 14:24:54 - getOutlet.php - Aplikasi ditemukan: Ya
2026-04-09 14:24:54 - getOutlet.php - Key aplikasi: YbcJSFjkds...
2026-04-09 14:24:54 - getOutlet.php - Expected encrypt: ce8d123a9badc46aab7bfac002148c51
2026-04-09 14:24:54 - getOutlet.php - Received encrypt: ce8d123a9badc46aab7bfac002148c51
2026-04-09 14:24:54 - getOutlet.php - Authentication berhasil
2026-04-09 14:24:54 - getOutlet.php - Query: SELECT id_out, nama_out, '' AS alamat_out, ofcode_out
            FROM outlet 
            WHERE status_out IN ('Active', '1', 'active')
            AND (nama_out LIKE :key OR ofcode_out LIKE :key)
            ORDER BY nama_out ASC
            LIMIT 20
2026-04-09 14:24:54 - getOutlet.php - Query berhasil, mengembalikan 1 record
2026-04-09 14:24:54 - getOutlet.php - === END REQUEST ===
2026-04-09 07:24:55 - getOutlet.php - === REQUEST GETOUTLET ===
2026-04-09 07:24:55 - getOutlet.php - Method: POST
2026-04-09 07:24:55 - getOutlet.php - POST data: {"tgl":"2026-04-09","encrypt":"ce8d123a9badc46aab7bfac002148c51","id_apl":"APL01","key":"apotek boots mall"}
2026-04-09 14:24:55 - getOutlet.php - Params - tgl: 2026-04-09, encrypt: ce8d123a9badc46aab7bfac002148c51, id_apl: APL01, key: apotek boots mall
2026-04-09 14:24:55 - getOutlet.php - Aplikasi ditemukan: Ya
2026-04-09 14:24:55 - getOutlet.php - Key aplikasi: YbcJSFjkds...
2026-04-09 14:24:55 - getOutlet.php - Expected encrypt: ce8d123a9badc46aab7bfac002148c51
2026-04-09 14:24:55 - getOutlet.php - Received encrypt: ce8d123a9badc46aab7bfac002148c51
2026-04-09 14:24:55 - getOutlet.php - Authentication berhasil
2026-04-09 14:24:55 - getOutlet.php - Query: SELECT id_out, nama_out, '' AS alamat_out, ofcode_out
            FROM outlet 
            WHERE status_out IN ('Active', '1', 'active')
            AND (nama_out LIKE :key OR ofcode_out LIKE :key)
            ORDER BY nama_out ASC
            LIMIT 20
2026-04-09 14:24:55 - getOutlet.php - Query berhasil, mengembalikan 1 record
2026-04-09 14:24:55 - getOutlet.php - === END REQUEST ===
2026-04-09 07:24:55 - getOutlet.php - === REQUEST GETOUTLET ===
2026-04-09 07:24:55 - getOutlet.php - Method: POST
2026-04-09 07:24:55 - getOutlet.php - POST data: {"tgl":"2026-04-09","encrypt":"ce8d123a9badc46aab7bfac002148c51","id_apl":"APL01","key":"apotek boots mall g"}
2026-04-09 14:24:55 - getOutlet.php - Params - tgl: 2026-04-09, encrypt: ce8d123a9badc46aab7bfac002148c51, id_apl: APL01, key: apotek boots mall g
2026-04-09 14:24:55 - getOutlet.php - Aplikasi ditemukan: Ya
2026-04-09 14:24:55 - getOutlet.php - Key aplikasi: YbcJSFjkds...
2026-04-09 14:24:55 - getOutlet.php - Expected encrypt: ce8d123a9badc46aab7bfac002148c51
2026-04-09 14:24:55 - getOutlet.php - Received encrypt: ce8d123a9badc46aab7bfac002148c51
2026-04-09 14:24:55 - getOutlet.php - Authentication berhasil
2026-04-09 14:24:55 - getOutlet.php - Query: SELECT id_out, nama_out, '' AS alamat_out, ofcode_out
            FROM outlet 
            WHERE status_out IN ('Active', '1', 'active')
            AND (nama_out LIKE :key OR ofcode_out LIKE :key)
            ORDER BY nama_out ASC
            LIMIT 20
2026-04-09 14:24:55 - getOutlet.php - Query berhasil, mengembalikan 0 record
2026-04-09 14:24:55 - getOutlet.php - === END REQUEST ===
2026-04-09 07:24:56 - getOutlet.php - === REQUEST GETOUTLET ===
2026-04-09 07:24:56 - getOutlet.php - Method: POST
2026-04-09 07:24:56 - getOutlet.php - POST data: {"tgl":"2026-04-09","encrypt":"ce8d123a9badc46aab7bfac002148c51","id_apl":"APL01","key":"apotek boots mall gr"}
2026-04-09 14:24:56 - getOutlet.php - Params - tgl: 2026-04-09, encrypt: ce8d123a9badc46aab7bfac002148c51, id_apl: APL01, key: apotek boots mall gr
2026-04-09 14:24:56 - getOutlet.php - Aplikasi ditemukan: Ya
2026-04-09 14:24:56 - getOutlet.php - Key aplikasi: YbcJSFjkds...
2026-04-09 14:24:56 - getOutlet.php - Expected encrypt: ce8d123a9badc46aab7bfac002148c51
2026-04-09 14:24:56 - getOutlet.php - Received encrypt: ce8d123a9badc46aab7bfac002148c51
2026-04-09 14:24:56 - getOutlet.php - Authentication berhasil
2026-04-09 14:24:56 - getOutlet.php - Query: SELECT id_out, nama_out, '' AS alamat_out, ofcode_out
            FROM outlet 
            WHERE status_out IN ('Active', '1', 'active')
            AND (nama_out LIKE :key OR ofcode_out LIKE :key)
            ORDER BY nama_out ASC
            LIMIT 20
2026-04-09 14:24:56 - getOutlet.php - Query berhasil, mengembalikan 0 record
2026-04-09 14:24:56 - getOutlet.php - === END REQUEST ===
2026-04-09 07:24:56 - getOutlet.php - === REQUEST GETOUTLET ===
2026-04-09 07:24:56 - getOutlet.php - Method: POST
2026-04-09 07:24:56 - getOutlet.php - POST data: {"tgl":"2026-04-09","encrypt":"ce8d123a9badc46aab7bfac002148c51","id_apl":"APL01","key":"apotek boots mall gra"}
2026-04-09 14:24:56 - getOutlet.php - Params - tgl: 2026-04-09, encrypt: ce8d123a9badc46aab7bfac002148c51, id_apl: APL01, key: apotek boots mall gra
2026-04-09 14:24:56 - getOutlet.php - Aplikasi ditemukan: Ya
2026-04-09 14:24:56 - getOutlet.php - Key aplikasi: YbcJSFjkds...
2026-04-09 14:24:56 - getOutlet.php - Expected encrypt: ce8d123a9badc46aab7bfac002148c51
2026-04-09 14:24:56 - getOutlet.php - Received encrypt: ce8d123a9badc46aab7bfac002148c51
2026-04-09 14:24:56 - getOutlet.php - Authentication berhasil
2026-04-09 14:24:56 - getOutlet.php - Query: SELECT id_out, nama_out, '' AS alamat_out, ofcode_out
            FROM outlet 
            WHERE status_out IN ('Active', '1', 'active')
            AND (nama_out LIKE :key OR ofcode_out LIKE :key)
            ORDER BY nama_out ASC
            LIMIT 20
2026-04-09 14:24:56 - getOutlet.php - Query berhasil, mengembalikan 0 record
2026-04-09 14:24:56 - getOutlet.php - === END REQUEST ===
2026-04-09 07:24:57 - getOutlet.php - === REQUEST GETOUTLET ===
2026-04-09 07:24:57 - getOutlet.php - Method: POST
2026-04-09 07:24:57 - getOutlet.php - POST data: {"tgl":"2026-04-09","encrypt":"ce8d123a9badc46aab7bfac002148c51","id_apl":"APL01","key":"apotek boots mall gr"}
2026-04-09 14:24:57 - getOutlet.php - Params - tgl: 2026-04-09, encrypt: ce8d123a9badc46aab7bfac002148c51, id_apl: APL01, key: apotek boots mall gr
2026-04-09 14:24:57 - getOutlet.php - Aplikasi ditemukan: Ya
2026-04-09 14:24:57 - getOutlet.php - Key aplikasi: YbcJSFjkds...
2026-04-09 14:24:57 - getOutlet.php - Expected encrypt: ce8d123a9badc46aab7bfac002148c51
2026-04-09 14:24:57 - getOutlet.php - Received encrypt: ce8d123a9badc46aab7bfac002148c51
2026-04-09 14:24:57 - getOutlet.php - Authentication berhasil
2026-04-09 14:24:57 - getOutlet.php - Query: SELECT id_out, nama_out, '' AS alamat_out, ofcode_out
            FROM outlet 
            WHERE status_out IN ('Active', '1', 'active')
            AND (nama_out LIKE :key OR ofcode_out LIKE :key)
            ORDER BY nama_out ASC
            LIMIT 20
2026-04-09 14:24:57 - getOutlet.php - Query berhasil, mengembalikan 0 record
2026-04-09 14:24:57 - getOutlet.php - === END REQUEST ===
2026-04-09 07:24:57 - getOutlet.php - === REQUEST GETOUTLET ===
2026-04-09 07:24:57 - getOutlet.php - Method: POST
2026-04-09 07:24:57 - getOutlet.php - POST data: {"tgl":"2026-04-09","encrypt":"ce8d123a9badc46aab7bfac002148c51","id_apl":"APL01","key":"apotek boots mall g"}
2026-04-09 14:24:57 - getOutlet.php - Params - tgl: 2026-04-09, encrypt: ce8d123a9badc46aab7bfac002148c51, id_apl: APL01, key: apotek boots mall g
2026-04-09 14:24:57 - getOutlet.php - Aplikasi ditemukan: Ya
2026-04-09 14:24:57 - getOutlet.php - Key aplikasi: YbcJSFjkds...
2026-04-09 14:24:57 - getOutlet.php - Expected encrypt: ce8d123a9badc46aab7bfac002148c51
2026-04-09 14:24:57 - getOutlet.php - Received encrypt: ce8d123a9badc46aab7bfac002148c51
2026-04-09 14:24:57 - getOutlet.php - Authentication berhasil
2026-04-09 14:24:57 - getOutlet.php - Query: SELECT id_out, nama_out, '' AS alamat_out, ofcode_out
            FROM outlet 
            WHERE status_out IN ('Active', '1', 'active')
            AND (nama_out LIKE :key OR ofcode_out LIKE :key)
            ORDER BY nama_out ASC
            LIMIT 20
2026-04-09 14:24:57 - getOutlet.php - Query berhasil, mengembalikan 0 record
2026-04-09 14:24:57 - getOutlet.php - === END REQUEST ===
2026-04-09 07:24:58 - getOutlet.php - === REQUEST GETOUTLET ===
2026-04-09 07:24:58 - getOutlet.php - Method: POST
2026-04-09 07:24:58 - getOutlet.php - POST data: {"tgl":"2026-04-09","encrypt":"ce8d123a9badc46aab7bfac002148c51","id_apl":"APL01","key":"apotek boots mall"}
2026-04-09 14:24:58 - getOutlet.php - Params - tgl: 2026-04-09, encrypt: ce8d123a9badc46aab7bfac002148c51, id_apl: APL01, key: apotek boots mall
2026-04-09 14:24:58 - getOutlet.php - Aplikasi ditemukan: Ya
2026-04-09 14:24:58 - getOutlet.php - Key aplikasi: YbcJSFjkds...
2026-04-09 14:24:58 - getOutlet.php - Expected encrypt: ce8d123a9badc46aab7bfac002148c51
2026-04-09 14:24:58 - getOutlet.php - Received encrypt: ce8d123a9badc46aab7bfac002148c51
2026-04-09 14:24:58 - getOutlet.php - Authentication berhasil
2026-04-09 14:24:58 - getOutlet.php - Query: SELECT id_out, nama_out, '' AS alamat_out, ofcode_out
            FROM outlet 
            WHERE status_out IN ('Active', '1', 'active')
            AND (nama_out LIKE :key OR ofcode_out LIKE :key)
            ORDER BY nama_out ASC
            LIMIT 20
2026-04-09 14:24:58 - getOutlet.php - Query berhasil, mengembalikan 1 record
2026-04-09 14:24:58 - getOutlet.php - === END REQUEST ===
2026-04-09 07:24:58 - getOutlet.php - === REQUEST GETOUTLET ===
2026-04-09 07:24:58 - getOutlet.php - Method: POST
2026-04-09 07:24:58 - getOutlet.php - POST data: {"tgl":"2026-04-09","encrypt":"ce8d123a9badc46aab7bfac002148c51","id_apl":"APL01","key":"apotek boots mall"}
2026-04-09 14:24:58 - getOutlet.php - Params - tgl: 2026-04-09, encrypt: ce8d123a9badc46aab7bfac002148c51, id_apl: APL01, key: apotek boots mall
2026-04-09 14:24:58 - getOutlet.php - Aplikasi ditemukan: Ya
2026-04-09 14:24:58 - getOutlet.php - Key aplikasi: YbcJSFjkds...
2026-04-09 14:24:58 - getOutlet.php - Expected encrypt: ce8d123a9badc46aab7bfac002148c51
2026-04-09 14:24:58 - getOutlet.php - Received encrypt: ce8d123a9badc46aab7bfac002148c51
2026-04-09 14:24:58 - getOutlet.php - Authentication berhasil
2026-04-09 14:24:58 - getOutlet.php - Query: SELECT id_out, nama_out, '' AS alamat_out, ofcode_out
            FROM outlet 
            WHERE status_out IN ('Active', '1', 'active')
            AND (nama_out LIKE :key OR ofcode_out LIKE :key)
            ORDER BY nama_out ASC
            LIMIT 20
2026-04-09 14:24:58 - getOutlet.php - Query berhasil, mengembalikan 1 record
2026-04-09 14:24:58 - getOutlet.php - === END REQUEST ===
2026-04-09 07:24:58 - getOutlet.php - === REQUEST GETOUTLET ===
2026-04-09 07:24:58 - getOutlet.php - Method: POST
2026-04-09 07:24:58 - getOutlet.php - POST data: {"tgl":"2026-04-09","encrypt":"ce8d123a9badc46aab7bfac002148c51","id_apl":"APL01","key":"apotek boots mal"}
2026-04-09 14:24:58 - getOutlet.php - Params - tgl: 2026-04-09, encrypt: ce8d123a9badc46aab7bfac002148c51, id_apl: APL01, key: apotek boots mal
2026-04-09 14:24:58 - getOutlet.php - Aplikasi ditemukan: Ya
2026-04-09 14:24:58 - getOutlet.php - Key aplikasi: YbcJSFjkds...
2026-04-09 14:24:58 - getOutlet.php - Expected encrypt: ce8d123a9badc46aab7bfac002148c51
2026-04-09 14:24:58 - getOutlet.php - Received encrypt: ce8d123a9badc46aab7bfac002148c51
2026-04-09 14:24:58 - getOutlet.php - Authentication berhasil
2026-04-09 14:24:58 - getOutlet.php - Query: SELECT id_out, nama_out, '' AS alamat_out, ofcode_out
            FROM outlet 
            WHERE status_out IN ('Active', '1', 'active')
            AND (nama_out LIKE :key OR ofcode_out LIKE :key)
            ORDER BY nama_out ASC
            LIMIT 20
2026-04-09 14:24:58 - getOutlet.php - Query berhasil, mengembalikan 1 record
2026-04-09 14:24:58 - getOutlet.php - === END REQUEST ===
2026-04-09 07:24:58 - getOutlet.php - === REQUEST GETOUTLET ===
2026-04-09 07:24:58 - getOutlet.php - Method: POST
2026-04-09 07:24:58 - getOutlet.php - POST data: {"tgl":"2026-04-09","encrypt":"ce8d123a9badc46aab7bfac002148c51","id_apl":"APL01","key":"apotek boots ma"}
2026-04-09 14:24:58 - getOutlet.php - Params - tgl: 2026-04-09, encrypt: ce8d123a9badc46aab7bfac002148c51, id_apl: APL01, key: apotek boots ma
2026-04-09 14:24:58 - getOutlet.php - Aplikasi ditemukan: Ya
2026-04-09 14:24:58 - getOutlet.php - Key aplikasi: YbcJSFjkds...
2026-04-09 14:24:58 - getOutlet.php - Expected encrypt: ce8d123a9badc46aab7bfac002148c51
2026-04-09 14:24:58 - getOutlet.php - Received encrypt: ce8d123a9badc46aab7bfac002148c51
2026-04-09 14:24:58 - getOutlet.php - Authentication berhasil
2026-04-09 14:24:58 - getOutlet.php - Query: SELECT id_out, nama_out, '' AS alamat_out, ofcode_out
            FROM outlet 
            WHERE status_out IN ('Active', '1', 'active')
            AND (nama_out LIKE :key OR ofcode_out LIKE :key)
            ORDER BY nama_out ASC
            LIMIT 20
2026-04-09 14:24:58 - getOutlet.php - Query berhasil, mengembalikan 2 record
2026-04-09 14:24:58 - getOutlet.php - === END REQUEST ===
2026-04-09 07:24:58 - getOutlet.php - === REQUEST GETOUTLET ===
2026-04-09 07:24:58 - getOutlet.php - Method: POST
2026-04-09 07:24:58 - getOutlet.php - POST data: {"tgl":"2026-04-09","encrypt":"ce8d123a9badc46aab7bfac002148c51","id_apl":"APL01","key":"apotek boots m"}
2026-04-09 14:24:58 - getOutlet.php - Params - tgl: 2026-04-09, encrypt: ce8d123a9badc46aab7bfac002148c51, id_apl: APL01, key: apotek boots m
2026-04-09 14:24:58 - getOutlet.php - Aplikasi ditemukan: Ya
2026-04-09 14:24:58 - getOutlet.php - Key aplikasi: YbcJSFjkds...
2026-04-09 14:24:58 - getOutlet.php - Expected encrypt: ce8d123a9badc46aab7bfac002148c51
2026-04-09 14:24:58 - getOutlet.php - Received encrypt: ce8d123a9badc46aab7bfac002148c51
2026-04-09 14:24:58 - getOutlet.php - Authentication berhasil
2026-04-09 14:24:58 - getOutlet.php - Query: SELECT id_out, nama_out, '' AS alamat_out, ofcode_out
            FROM outlet 
            WHERE status_out IN ('Active', '1', 'active')
            AND (nama_out LIKE :key OR ofcode_out LIKE :key)
            ORDER BY nama_out ASC
            LIMIT 20
2026-04-09 14:24:58 - getOutlet.php - Query berhasil, mengembalikan 3 record
2026-04-09 14:24:58 - getOutlet.php - === END REQUEST ===
2026-04-09 07:24:58 - getOutlet.php - === REQUEST GETOUTLET ===
2026-04-09 07:24:58 - getOutlet.php - Method: POST
2026-04-09 07:24:58 - getOutlet.php - POST data: {"tgl":"2026-04-09","encrypt":"ce8d123a9badc46aab7bfac002148c51","id_apl":"APL01","key":"apotek boots"}
2026-04-09 14:24:58 - getOutlet.php - Params - tgl: 2026-04-09, encrypt: ce8d123a9badc46aab7bfac002148c51, id_apl: APL01, key: apotek boots
2026-04-09 14:24:58 - getOutlet.php - Aplikasi ditemukan: Ya
2026-04-09 14:24:58 - getOutlet.php - Key aplikasi: YbcJSFjkds...
2026-04-09 14:24:58 - getOutlet.php - Expected encrypt: ce8d123a9badc46aab7bfac002148c51
2026-04-09 14:24:58 - getOutlet.php - Received encrypt: ce8d123a9badc46aab7bfac002148c51
2026-04-09 14:24:58 - getOutlet.php - Authentication berhasil
2026-04-09 14:24:58 - getOutlet.php - Query: SELECT id_out, nama_out, '' AS alamat_out, ofcode_out
            FROM outlet 
            WHERE status_out IN ('Active', '1', 'active')
            AND (nama_out LIKE :key OR ofcode_out LIKE :key)
            ORDER BY nama_out ASC
            LIMIT 20
2026-04-09 14:24:58 - getOutlet.php - Query berhasil, mengembalikan 20 record
2026-04-09 14:24:58 - getOutlet.php - === END REQUEST ===
2026-04-09 07:24:59 - getOutlet.php - === REQUEST GETOUTLET ===
2026-04-09 07:24:59 - getOutlet.php - Method: POST
2026-04-09 07:24:59 - getOutlet.php - POST data: {"tgl":"2026-04-09","encrypt":"ce8d123a9badc46aab7bfac002148c51","id_apl":"APL01","key":"apotek boots"}
2026-04-09 14:24:59 - getOutlet.php - Params - tgl: 2026-04-09, encrypt: ce8d123a9badc46aab7bfac002148c51, id_apl: APL01, key: apotek boots
2026-04-09 14:24:59 - getOutlet.php - Aplikasi ditemukan: Ya
2026-04-09 14:24:59 - getOutlet.php - Key aplikasi: YbcJSFjkds...
2026-04-09 14:24:59 - getOutlet.php - Expected encrypt: ce8d123a9badc46aab7bfac002148c51
2026-04-09 14:24:59 - getOutlet.php - Received encrypt: ce8d123a9badc46aab7bfac002148c51
2026-04-09 14:24:59 - getOutlet.php - Authentication berhasil
2026-04-09 14:24:59 - getOutlet.php - Query: SELECT id_out, nama_out, '' AS alamat_out, ofcode_out
            FROM outlet 
            WHERE status_out IN ('Active', '1', 'active')
            AND (nama_out LIKE :key OR ofcode_out LIKE :key)
            ORDER BY nama_out ASC
            LIMIT 20
2026-04-09 14:24:59 - getOutlet.php - Query berhasil, mengembalikan 20 record
2026-04-09 14:24:59 - getOutlet.php - === END REQUEST ===
2026-04-09 07:24:59 - getOutlet.php - === REQUEST GETOUTLET ===
2026-04-09 07:24:59 - getOutlet.php - Method: POST
2026-04-09 07:24:59 - getOutlet.php - POST data: {"tgl":"2026-04-09","encrypt":"ce8d123a9badc46aab7bfac002148c51","id_apl":"APL01","key":"apotek boots"}
2026-04-09 14:24:59 - getOutlet.php - Params - tgl: 2026-04-09, encrypt: ce8d123a9badc46aab7bfac002148c51, id_apl: APL01, key: apotek boots
2026-04-09 14:24:59 - getOutlet.php - Aplikasi ditemukan: Ya
2026-04-09 14:24:59 - getOutlet.php - Key aplikasi: YbcJSFjkds...
2026-04-09 14:24:59 - getOutlet.php - Expected encrypt: ce8d123a9badc46aab7bfac002148c51
2026-04-09 14:24:59 - getOutlet.php - Received encrypt: ce8d123a9badc46aab7bfac002148c51
2026-04-09 14:24:59 - getOutlet.php - Authentication berhasil
2026-04-09 14:24:59 - getOutlet.php - Query: SELECT id_out, nama_out, '' AS alamat_out, ofcode_out
            FROM outlet 
            WHERE status_out IN ('Active', '1', 'active')
            AND (nama_out LIKE :key OR ofcode_out LIKE :key)
            ORDER BY nama_out ASC
            LIMIT 20
2026-04-09 14:24:59 - getOutlet.php - Query berhasil, mengembalikan 20 record
2026-04-09 14:24:59 - getOutlet.php - === END REQUEST ===
2026-04-09 07:25:00 - getOutlet.php - === REQUEST GETOUTLET ===
2026-04-09 07:25:00 - getOutlet.php - Method: POST
2026-04-09 07:25:00 - getOutlet.php - POST data: {"tgl":"2026-04-09","encrypt":"ce8d123a9badc46aab7bfac002148c51","id_apl":"APL01","key":"apotek boots g"}
2026-04-09 14:25:00 - getOutlet.php - Params - tgl: 2026-04-09, encrypt: ce8d123a9badc46aab7bfac002148c51, id_apl: APL01, key: apotek boots g
2026-04-09 14:25:00 - getOutlet.php - Aplikasi ditemukan: Ya
2026-04-09 14:25:00 - getOutlet.php - Key aplikasi: YbcJSFjkds...
2026-04-09 14:25:00 - getOutlet.php - Expected encrypt: ce8d123a9badc46aab7bfac002148c51
2026-04-09 14:25:00 - getOutlet.php - Received encrypt: ce8d123a9badc46aab7bfac002148c51
2026-04-09 14:25:00 - getOutlet.php - Authentication berhasil
2026-04-09 14:25:00 - getOutlet.php - Query: SELECT id_out, nama_out, '' AS alamat_out, ofcode_out
            FROM outlet 
            WHERE status_out IN ('Active', '1', 'active')
            AND (nama_out LIKE :key OR ofcode_out LIKE :key)
            ORDER BY nama_out ASC
            LIMIT 20
2026-04-09 14:25:00 - getOutlet.php - Query berhasil, mengembalikan 3 record
2026-04-09 14:25:00 - getOutlet.php - === END REQUEST ===
2026-04-09 07:25:00 - getOutlet.php - === REQUEST GETOUTLET ===
2026-04-09 07:25:00 - getOutlet.php - Method: POST
2026-04-09 07:25:00 - getOutlet.php - POST data: {"tgl":"2026-04-09","encrypt":"ce8d123a9badc46aab7bfac002148c51","id_apl":"APL01","key":"apotek boots gr"}
2026-04-09 14:25:00 - getOutlet.php - Params - tgl: 2026-04-09, encrypt: ce8d123a9badc46aab7bfac002148c51, id_apl: APL01, key: apotek boots gr
2026-04-09 14:25:00 - getOutlet.php - Aplikasi ditemukan: Ya
2026-04-09 14:25:00 - getOutlet.php - Key aplikasi: YbcJSFjkds...
2026-04-09 14:25:00 - getOutlet.php - Expected encrypt: ce8d123a9badc46aab7bfac002148c51
2026-04-09 14:25:00 - getOutlet.php - Received encrypt: ce8d123a9badc46aab7bfac002148c51
2026-04-09 14:25:00 - getOutlet.php - Authentication berhasil
2026-04-09 14:25:00 - getOutlet.php - Query: SELECT id_out, nama_out, '' AS alamat_out, ofcode_out
            FROM outlet 
            WHERE status_out IN ('Active', '1', 'active')
            AND (nama_out LIKE :key OR ofcode_out LIKE :key)
            ORDER BY nama_out ASC
            LIMIT 20
2026-04-09 14:25:00 - getOutlet.php - Query berhasil, mengembalikan 2 record
2026-04-09 14:25:00 - getOutlet.php - === END REQUEST ===
2026-04-09 07:25:00 - getOutlet.php - === REQUEST GETOUTLET ===
2026-04-09 07:25:00 - getOutlet.php - Method: POST
2026-04-09 07:25:00 - getOutlet.php - POST data: {"tgl":"2026-04-09","encrypt":"ce8d123a9badc46aab7bfac002148c51","id_apl":"APL01","key":"apotek boots gra"}
2026-04-09 14:25:00 - getOutlet.php - Params - tgl: 2026-04-09, encrypt: ce8d123a9badc46aab7bfac002148c51, id_apl: APL01, key: apotek boots gra
2026-04-09 14:25:00 - getOutlet.php - Aplikasi ditemukan: Ya
2026-04-09 14:25:00 - getOutlet.php - Key aplikasi: YbcJSFjkds...
2026-04-09 14:25:00 - getOutlet.php - Expected encrypt: ce8d123a9badc46aab7bfac002148c51
2026-04-09 14:25:00 - getOutlet.php - Received encrypt: ce8d123a9badc46aab7bfac002148c51
2026-04-09 14:25:00 - getOutlet.php - Authentication berhasil
2026-04-09 14:25:00 - getOutlet.php - Query: SELECT id_out, nama_out, '' AS alamat_out, ofcode_out
            FROM outlet 
            WHERE status_out IN ('Active', '1', 'active')
            AND (nama_out LIKE :key OR ofcode_out LIKE :key)
            ORDER BY nama_out ASC
            LIMIT 20
2026-04-09 14:25:00 - getOutlet.php - Query berhasil, mengembalikan 2 record
2026-04-09 14:25:00 - getOutlet.php - === END REQUEST ===
2026-04-09 07:25:00 - getOutlet.php - === REQUEST GETOUTLET ===
2026-04-09 07:25:00 - getOutlet.php - Method: POST
2026-04-09 07:25:00 - getOutlet.php - POST data: {"tgl":"2026-04-09","encrypt":"ce8d123a9badc46aab7bfac002148c51","id_apl":"APL01","key":"apotek boots gran"}
2026-04-09 14:25:00 - getOutlet.php - Params - tgl: 2026-04-09, encrypt: ce8d123a9badc46aab7bfac002148c51, id_apl: APL01, key: apotek boots gran
2026-04-09 14:25:01 - getOutlet.php - Aplikasi ditemukan: Ya
2026-04-09 14:25:01 - getOutlet.php - Key aplikasi: YbcJSFjkds...
2026-04-09 14:25:01 - getOutlet.php - Expected encrypt: ce8d123a9badc46aab7bfac002148c51
2026-04-09 14:25:01 - getOutlet.php - Received encrypt: ce8d123a9badc46aab7bfac002148c51
2026-04-09 14:25:01 - getOutlet.php - Authentication berhasil
2026-04-09 14:25:01 - getOutlet.php - Query: SELECT id_out, nama_out, '' AS alamat_out, ofcode_out
            FROM outlet 
            WHERE status_out IN ('Active', '1', 'active')
            AND (nama_out LIKE :key OR ofcode_out LIKE :key)
            ORDER BY nama_out ASC
            LIMIT 20
2026-04-09 14:25:01 - getOutlet.php - Query berhasil, mengembalikan 2 record
2026-04-09 14:25:01 - getOutlet.php - === END REQUEST ===
2026-04-09 07:25:03 - getOutlet.php - === REQUEST GETOUTLET ===
2026-04-09 07:25:03 - getOutlet.php - Method: POST
2026-04-09 07:25:03 - getOutlet.php - POST data: {"tgl":"2026-04-09","encrypt":"ce8d123a9badc46aab7bfac002148c51","id_apl":"APL01","key":"Apotek Boots Grand Indonesia"}
2026-04-09 14:25:03 - getOutlet.php - Params - tgl: 2026-04-09, encrypt: ce8d123a9badc46aab7bfac002148c51, id_apl: APL01, key: Apotek Boots Grand Indonesia
2026-04-09 14:25:03 - getOutlet.php - Aplikasi ditemukan: Ya
2026-04-09 14:25:03 - getOutlet.php - Key aplikasi: YbcJSFjkds...
2026-04-09 14:25:03 - getOutlet.php - Expected encrypt: ce8d123a9badc46aab7bfac002148c51
2026-04-09 14:25:03 - getOutlet.php - Received encrypt: ce8d123a9badc46aab7bfac002148c51
2026-04-09 14:25:03 - getOutlet.php - Authentication berhasil
2026-04-09 14:25:03 - getOutlet.php - Query: SELECT id_out, nama_out, '' AS alamat_out, ofcode_out
            FROM outlet 
            WHERE status_out IN ('Active', '1', 'active')
            AND (nama_out LIKE :key OR ofcode_out LIKE :key)
            ORDER BY nama_out ASC
            LIMIT 20
2026-04-09 14:25:03 - getOutlet.php - Query berhasil, mengembalikan 1 record
2026-04-09 14:25:03 - getOutlet.php - === END REQUEST ===
2026-04-09 07:27:17 - getOutlet.php - === REQUEST GETOUTLET ===
2026-04-09 07:27:17 - getOutlet.php - Method: POST
2026-04-09 07:27:17 - getOutlet.php - POST data: {"tgl":"2026-04-09","encrypt":"ce8d123a9badc46aab7bfac002148c51","id_apl":"APL01","key":"ap"}
2026-04-09 14:27:17 - getOutlet.php - Params - tgl: 2026-04-09, encrypt: ce8d123a9badc46aab7bfac002148c51, id_apl: APL01, key: ap
2026-04-09 14:27:17 - getOutlet.php - Aplikasi ditemukan: Ya
2026-04-09 14:27:17 - getOutlet.php - Key aplikasi: YbcJSFjkds...
2026-04-09 14:27:17 - getOutlet.php - Expected encrypt: ce8d123a9badc46aab7bfac002148c51
2026-04-09 14:27:17 - getOutlet.php - Received encrypt: ce8d123a9badc46aab7bfac002148c51
2026-04-09 14:27:17 - getOutlet.php - Authentication berhasil
2026-04-09 14:27:17 - getOutlet.php - Query: SELECT id_out, nama_out, '' AS alamat_out, ofcode_out
            FROM outlet 
            WHERE status_out IN ('Active', '1', 'active')
            AND (nama_out LIKE :key OR ofcode_out LIKE :key)
            ORDER BY nama_out ASC
            LIMIT 20
2026-04-09 14:27:17 - getOutlet.php - Query berhasil, mengembalikan 20 record
2026-04-09 14:27:17 - getOutlet.php - === END REQUEST ===
2026-04-09 07:27:17 - getOutlet.php - === REQUEST GETOUTLET ===
2026-04-09 07:27:17 - getOutlet.php - Method: POST
2026-04-09 07:27:17 - getOutlet.php - POST data: {"tgl":"2026-04-09","encrypt":"ce8d123a9badc46aab7bfac002148c51","id_apl":"APL01","key":"apo"}
2026-04-09 14:27:17 - getOutlet.php - Params - tgl: 2026-04-09, encrypt: ce8d123a9badc46aab7bfac002148c51, id_apl: APL01, key: apo
2026-04-09 14:27:17 - getOutlet.php - Aplikasi ditemukan: Ya
2026-04-09 14:27:17 - getOutlet.php - Key aplikasi: YbcJSFjkds...
2026-04-09 14:27:17 - getOutlet.php - Expected encrypt: ce8d123a9badc46aab7bfac002148c51
2026-04-09 14:27:17 - getOutlet.php - Received encrypt: ce8d123a9badc46aab7bfac002148c51
2026-04-09 14:27:17 - getOutlet.php - Authentication berhasil
2026-04-09 14:27:17 - getOutlet.php - Query: SELECT id_out, nama_out, '' AS alamat_out, ofcode_out
            FROM outlet 
            WHERE status_out IN ('Active', '1', 'active')
            AND (nama_out LIKE :key OR ofcode_out LIKE :key)
            ORDER BY nama_out ASC
            LIMIT 20
2026-04-09 14:27:17 - getOutlet.php - Query berhasil, mengembalikan 20 record
2026-04-09 14:27:17 - getOutlet.php - === END REQUEST ===
2026-04-09 07:27:18 - getOutlet.php - === REQUEST GETOUTLET ===
2026-04-09 07:27:18 - getOutlet.php - Method: POST
2026-04-09 07:27:18 - getOutlet.php - POST data: {"tgl":"2026-04-09","encrypt":"ce8d123a9badc46aab7bfac002148c51","id_apl":"APL01","key":"apot"}
2026-04-09 14:27:18 - getOutlet.php - Params - tgl: 2026-04-09, encrypt: ce8d123a9badc46aab7bfac002148c51, id_apl: APL01, key: apot
2026-04-09 14:27:18 - getOutlet.php - Aplikasi ditemukan: Ya
2026-04-09 14:27:18 - getOutlet.php - Key aplikasi: YbcJSFjkds...
2026-04-09 14:27:18 - getOutlet.php - Expected encrypt: ce8d123a9badc46aab7bfac002148c51
2026-04-09 14:27:18 - getOutlet.php - Received encrypt: ce8d123a9badc46aab7bfac002148c51
2026-04-09 14:27:18 - getOutlet.php - Authentication berhasil
2026-04-09 14:27:18 - getOutlet.php - Query: SELECT id_out, nama_out, '' AS alamat_out, ofcode_out
            FROM outlet 
            WHERE status_out IN ('Active', '1', 'active')
            AND (nama_out LIKE :key OR ofcode_out LIKE :key)
            ORDER BY nama_out ASC
            LIMIT 20
2026-04-09 14:27:18 - getOutlet.php - Query berhasil, mengembalikan 20 record
2026-04-09 14:27:18 - getOutlet.php - === END REQUEST ===
2026-04-09 07:27:18 - getOutlet.php - === REQUEST GETOUTLET ===
2026-04-09 07:27:18 - getOutlet.php - Method: POST
2026-04-09 07:27:18 - getOutlet.php - POST data: {"tgl":"2026-04-09","encrypt":"ce8d123a9badc46aab7bfac002148c51","id_apl":"APL01","key":"apote"}
2026-04-09 14:27:18 - getOutlet.php - Params - tgl: 2026-04-09, encrypt: ce8d123a9badc46aab7bfac002148c51, id_apl: APL01, key: apote
2026-04-09 14:27:18 - getOutlet.php - Aplikasi ditemukan: Ya
2026-04-09 14:27:18 - getOutlet.php - Key aplikasi: YbcJSFjkds...
2026-04-09 14:27:18 - getOutlet.php - Expected encrypt: ce8d123a9badc46aab7bfac002148c51
2026-04-09 14:27:18 - getOutlet.php - Received encrypt: ce8d123a9badc46aab7bfac002148c51
2026-04-09 14:27:18 - getOutlet.php - Authentication berhasil
2026-04-09 14:27:18 - getOutlet.php - Query: SELECT id_out, nama_out, '' AS alamat_out, ofcode_out
            FROM outlet 
            WHERE status_out IN ('Active', '1', 'active')
            AND (nama_out LIKE :key OR ofcode_out LIKE :key)
            ORDER BY nama_out ASC
            LIMIT 20
2026-04-09 14:27:18 - getOutlet.php - Query berhasil, mengembalikan 20 record
2026-04-09 14:27:18 - getOutlet.php - === END REQUEST ===
2026-04-09 07:27:18 - getOutlet.php - === REQUEST GETOUTLET ===
2026-04-09 07:27:18 - getOutlet.php - Method: POST
2026-04-09 07:27:18 - getOutlet.php - POST data: {"tgl":"2026-04-09","encrypt":"ce8d123a9badc46aab7bfac002148c51","id_apl":"APL01","key":"apotek"}
2026-04-09 14:27:18 - getOutlet.php - Params - tgl: 2026-04-09, encrypt: ce8d123a9badc46aab7bfac002148c51, id_apl: APL01, key: apotek
2026-04-09 14:27:18 - getOutlet.php - Aplikasi ditemukan: Ya
2026-04-09 14:27:18 - getOutlet.php - Key aplikasi: YbcJSFjkds...
2026-04-09 14:27:18 - getOutlet.php - Expected encrypt: ce8d123a9badc46aab7bfac002148c51
2026-04-09 14:27:18 - getOutlet.php - Received encrypt: ce8d123a9badc46aab7bfac002148c51
2026-04-09 14:27:18 - getOutlet.php - Authentication berhasil
2026-04-09 14:27:18 - getOutlet.php - Query: SELECT id_out, nama_out, '' AS alamat_out, ofcode_out
            FROM outlet 
            WHERE status_out IN ('Active', '1', 'active')
            AND (nama_out LIKE :key OR ofcode_out LIKE :key)
            ORDER BY nama_out ASC
            LIMIT 20
2026-04-09 14:27:18 - getOutlet.php - Query berhasil, mengembalikan 20 record
2026-04-09 14:27:18 - getOutlet.php - === END REQUEST ===
2026-04-09 07:27:19 - getOutlet.php - === REQUEST GETOUTLET ===
2026-04-09 07:27:19 - getOutlet.php - Method: POST
2026-04-09 07:27:19 - getOutlet.php - POST data: {"tgl":"2026-04-09","encrypt":"ce8d123a9badc46aab7bfac002148c51","id_apl":"APL01","key":"apotek"}
2026-04-09 14:27:19 - getOutlet.php - Params - tgl: 2026-04-09, encrypt: ce8d123a9badc46aab7bfac002148c51, id_apl: APL01, key: apotek
2026-04-09 14:27:19 - getOutlet.php - Aplikasi ditemukan: Ya
2026-04-09 14:27:19 - getOutlet.php - Key aplikasi: YbcJSFjkds...
2026-04-09 14:27:19 - getOutlet.php - Expected encrypt: ce8d123a9badc46aab7bfac002148c51
2026-04-09 14:27:19 - getOutlet.php - Received encrypt: ce8d123a9badc46aab7bfac002148c51
2026-04-09 14:27:19 - getOutlet.php - Authentication berhasil
2026-04-09 14:27:19 - getOutlet.php - Query: SELECT id_out, nama_out, '' AS alamat_out, ofcode_out
            FROM outlet 
            WHERE status_out IN ('Active', '1', 'active')
            AND (nama_out LIKE :key OR ofcode_out LIKE :key)
            ORDER BY nama_out ASC
            LIMIT 20
2026-04-09 14:27:19 - getOutlet.php - Query berhasil, mengembalikan 20 record
2026-04-09 14:27:19 - getOutlet.php - === END REQUEST ===
2026-04-09 07:27:21 - getOutlet.php - === REQUEST GETOUTLET ===
2026-04-09 07:27:21 - getOutlet.php - Method: POST
2026-04-09 07:27:21 - getOutlet.php - POST data: {"tgl":"2026-04-09","encrypt":"ce8d123a9badc46aab7bfac002148c51","id_apl":"APL01","key":"apotek 1"}
2026-04-09 14:27:21 - getOutlet.php - Params - tgl: 2026-04-09, encrypt: ce8d123a9badc46aab7bfac002148c51, id_apl: APL01, key: apotek 1
2026-04-09 14:27:21 - getOutlet.php - Aplikasi ditemukan: Ya
2026-04-09 14:27:21 - getOutlet.php - Key aplikasi: YbcJSFjkds...
2026-04-09 14:27:21 - getOutlet.php - Expected encrypt: ce8d123a9badc46aab7bfac002148c51
2026-04-09 14:27:21 - getOutlet.php - Received encrypt: ce8d123a9badc46aab7bfac002148c51
2026-04-09 14:27:21 - getOutlet.php - Authentication berhasil
2026-04-09 14:27:21 - getOutlet.php - Query: SELECT id_out, nama_out, '' AS alamat_out, ofcode_out
            FROM outlet 
            WHERE status_out IN ('Active', '1', 'active')
            AND (nama_out LIKE :key OR ofcode_out LIKE :key)
            ORDER BY nama_out ASC
            LIMIT 20
2026-04-09 14:27:21 - getOutlet.php - Query berhasil, mengembalikan 0 record
2026-04-09 14:27:21 - getOutlet.php - === END REQUEST ===
2026-04-09 07:27:21 - getOutlet.php - === REQUEST GETOUTLET ===
2026-04-09 07:27:21 - getOutlet.php - Method: POST
2026-04-09 07:27:21 - getOutlet.php - POST data: {"tgl":"2026-04-09","encrypt":"ce8d123a9badc46aab7bfac002148c51","id_apl":"APL01","key":"apotek 12"}
2026-04-09 14:27:21 - getOutlet.php - Params - tgl: 2026-04-09, encrypt: ce8d123a9badc46aab7bfac002148c51, id_apl: APL01, key: apotek 12
2026-04-09 14:27:21 - getOutlet.php - Aplikasi ditemukan: Ya
2026-04-09 14:27:21 - getOutlet.php - Key aplikasi: YbcJSFjkds...
2026-04-09 14:27:21 - getOutlet.php - Expected encrypt: ce8d123a9badc46aab7bfac002148c51
2026-04-09 14:27:21 - getOutlet.php - Received encrypt: ce8d123a9badc46aab7bfac002148c51
2026-04-09 14:27:21 - getOutlet.php - Authentication berhasil
2026-04-09 14:27:21 - getOutlet.php - Query: SELECT id_out, nama_out, '' AS alamat_out, ofcode_out
            FROM outlet 
            WHERE status_out IN ('Active', '1', 'active')
            AND (nama_out LIKE :key OR ofcode_out LIKE :key)
            ORDER BY nama_out ASC
            LIMIT 20
2026-04-09 14:27:21 - getOutlet.php - Query berhasil, mengembalikan 0 record
2026-04-09 14:27:21 - getOutlet.php - === END REQUEST ===
2026-04-09 07:27:23 - getOutlet.php - === REQUEST GETOUTLET ===
2026-04-09 07:27:23 - getOutlet.php - Method: POST
2026-04-09 07:27:23 - getOutlet.php - POST data: {"tgl":"2026-04-09","encrypt":"ce8d123a9badc46aab7bfac002148c51","id_apl":"APL01","key":"APOTEK 129 PRAMUKA"}
2026-04-09 14:27:23 - getOutlet.php - Params - tgl: 2026-04-09, encrypt: ce8d123a9badc46aab7bfac002148c51, id_apl: APL01, key: APOTEK 129 PRAMUKA
2026-04-09 14:27:23 - getOutlet.php - Aplikasi ditemukan: Ya
2026-04-09 14:27:23 - getOutlet.php - Key aplikasi: YbcJSFjkds...
2026-04-09 14:27:23 - getOutlet.php - Expected encrypt: ce8d123a9badc46aab7bfac002148c51
2026-04-09 14:27:23 - getOutlet.php - Received encrypt: ce8d123a9badc46aab7bfac002148c51
2026-04-09 14:27:23 - getOutlet.php - Authentication berhasil
2026-04-09 14:27:23 - getOutlet.php - Query: SELECT id_out, nama_out, '' AS alamat_out, ofcode_out
            FROM outlet 
            WHERE status_out IN ('Active', '1', 'active')
            AND (nama_out LIKE :key OR ofcode_out LIKE :key)
            ORDER BY nama_out ASC
            LIMIT 20
2026-04-09 14:27:23 - getOutlet.php - Query berhasil, mengembalikan 0 record
2026-04-09 14:27:23 - getOutlet.php - === END REQUEST ===
2026-04-09 22:55:15 - getOutlet.php - === REQUEST GETOUTLET ===
2026-04-09 22:55:15 - getOutlet.php - Method: POST
2026-04-09 22:55:15 - getOutlet.php - POST data: {"tgl":"2026-04-10","encrypt":"9c4dbb2fbbf655d89ed70aff0dc28c97","id_apl":"APL01","key":"Ap"}
2026-04-10 05:55:15 - getOutlet.php - Params - tgl: 2026-04-10, encrypt: 9c4dbb2fbbf655d89ed70aff0dc28c97, id_apl: APL01, key: Ap
2026-04-10 05:55:15 - getOutlet.php - Aplikasi ditemukan: Ya
2026-04-10 05:55:15 - getOutlet.php - Key aplikasi: YbcJSFjkds...
2026-04-10 05:55:15 - getOutlet.php - Expected encrypt: 9c4dbb2fbbf655d89ed70aff0dc28c97
2026-04-10 05:55:15 - getOutlet.php - Received encrypt: 9c4dbb2fbbf655d89ed70aff0dc28c97
2026-04-10 05:55:15 - getOutlet.php - Authentication berhasil
2026-04-10 05:55:15 - getOutlet.php - Query: SELECT id_out, nama_out, '' AS alamat_out, ofcode_out
            FROM outlet 
            WHERE status_out IN ('Active', '1', 'active')
            AND (nama_out LIKE :key OR ofcode_out LIKE :key)
            ORDER BY nama_out ASC
            LIMIT 20
2026-04-10 05:55:15 - getOutlet.php - Query berhasil, mengembalikan 20 record
2026-04-10 05:55:15 - getOutlet.php - === END REQUEST ===
2026-04-09 22:55:15 - getOutlet.php - === REQUEST GETOUTLET ===
2026-04-09 22:55:15 - getOutlet.php - Method: POST
2026-04-09 22:55:15 - getOutlet.php - POST data: {"tgl":"2026-04-10","encrypt":"9c4dbb2fbbf655d89ed70aff0dc28c97","id_apl":"APL01","key":"Apo"}
2026-04-10 05:55:15 - getOutlet.php - Params - tgl: 2026-04-10, encrypt: 9c4dbb2fbbf655d89ed70aff0dc28c97, id_apl: APL01, key: Apo
2026-04-10 05:55:15 - getOutlet.php - Aplikasi ditemukan: Ya
2026-04-10 05:55:15 - getOutlet.php - Key aplikasi: YbcJSFjkds...
2026-04-10 05:55:15 - getOutlet.php - Expected encrypt: 9c4dbb2fbbf655d89ed70aff0dc28c97
2026-04-10 05:55:15 - getOutlet.php - Received encrypt: 9c4dbb2fbbf655d89ed70aff0dc28c97
2026-04-10 05:55:15 - getOutlet.php - Authentication berhasil
2026-04-10 05:55:15 - getOutlet.php - Query: SELECT id_out, nama_out, '' AS alamat_out, ofcode_out
            FROM outlet 
            WHERE status_out IN ('Active', '1', 'active')
            AND (nama_out LIKE :key OR ofcode_out LIKE :key)
            ORDER BY nama_out ASC
            LIMIT 20
2026-04-10 05:55:15 - getOutlet.php - Query berhasil, mengembalikan 20 record
2026-04-10 05:55:15 - getOutlet.php - === END REQUEST ===
2026-04-09 22:55:15 - getOutlet.php - === REQUEST GETOUTLET ===
2026-04-09 22:55:15 - getOutlet.php - Method: POST
2026-04-09 22:55:15 - getOutlet.php - POST data: {"tgl":"2026-04-10","encrypt":"9c4dbb2fbbf655d89ed70aff0dc28c97","id_apl":"APL01","key":"Apot"}
2026-04-10 05:55:15 - getOutlet.php - Params - tgl: 2026-04-10, encrypt: 9c4dbb2fbbf655d89ed70aff0dc28c97, id_apl: APL01, key: Apot
2026-04-10 05:55:15 - getOutlet.php - Aplikasi ditemukan: Ya
2026-04-10 05:55:15 - getOutlet.php - Key aplikasi: YbcJSFjkds...
2026-04-10 05:55:15 - getOutlet.php - Expected encrypt: 9c4dbb2fbbf655d89ed70aff0dc28c97
2026-04-10 05:55:15 - getOutlet.php - Received encrypt: 9c4dbb2fbbf655d89ed70aff0dc28c97
2026-04-10 05:55:15 - getOutlet.php - Authentication berhasil
2026-04-10 05:55:15 - getOutlet.php - Query: SELECT id_out, nama_out, '' AS alamat_out, ofcode_out
            FROM outlet 
            WHERE status_out IN ('Active', '1', 'active')
            AND (nama_out LIKE :key OR ofcode_out LIKE :key)
            ORDER BY nama_out ASC
            LIMIT 20
2026-04-10 05:55:15 - getOutlet.php - Query berhasil, mengembalikan 20 record
2026-04-10 05:55:15 - getOutlet.php - === END REQUEST ===
2026-04-09 22:55:15 - getOutlet.php - === REQUEST GETOUTLET ===
2026-04-09 22:55:15 - getOutlet.php - Method: POST
2026-04-09 22:55:15 - getOutlet.php - POST data: {"tgl":"2026-04-10","encrypt":"9c4dbb2fbbf655d89ed70aff0dc28c97","id_apl":"APL01","key":"Apote"}
2026-04-10 05:55:15 - getOutlet.php - Params - tgl: 2026-04-10, encrypt: 9c4dbb2fbbf655d89ed70aff0dc28c97, id_apl: APL01, key: Apote
2026-04-10 05:55:15 - getOutlet.php - Aplikasi ditemukan: Ya
2026-04-10 05:55:15 - getOutlet.php - Key aplikasi: YbcJSFjkds...
2026-04-10 05:55:15 - getOutlet.php - Expected encrypt: 9c4dbb2fbbf655d89ed70aff0dc28c97
2026-04-10 05:55:15 - getOutlet.php - Received encrypt: 9c4dbb2fbbf655d89ed70aff0dc28c97
2026-04-10 05:55:15 - getOutlet.php - Authentication berhasil
2026-04-10 05:55:15 - getOutlet.php - Query: SELECT id_out, nama_out, '' AS alamat_out, ofcode_out
            FROM outlet 
            WHERE status_out IN ('Active', '1', 'active')
            AND (nama_out LIKE :key OR ofcode_out LIKE :key)
            ORDER BY nama_out ASC
            LIMIT 20
2026-04-10 05:55:15 - getOutlet.php - Query berhasil, mengembalikan 20 record
2026-04-10 05:55:15 - getOutlet.php - === END REQUEST ===
2026-04-09 22:55:16 - getOutlet.php - === REQUEST GETOUTLET ===
2026-04-09 22:55:16 - getOutlet.php - Method: POST
2026-04-09 22:55:16 - getOutlet.php - POST data: {"tgl":"2026-04-10","encrypt":"9c4dbb2fbbf655d89ed70aff0dc28c97","id_apl":"APL01","key":"Apotek"}
2026-04-10 05:55:16 - getOutlet.php - Params - tgl: 2026-04-10, encrypt: 9c4dbb2fbbf655d89ed70aff0dc28c97, id_apl: APL01, key: Apotek
2026-04-10 05:55:16 - getOutlet.php - Aplikasi ditemukan: Ya
2026-04-10 05:55:16 - getOutlet.php - Key aplikasi: YbcJSFjkds...
2026-04-10 05:55:16 - getOutlet.php - Expected encrypt: 9c4dbb2fbbf655d89ed70aff0dc28c97
2026-04-10 05:55:16 - getOutlet.php - Received encrypt: 9c4dbb2fbbf655d89ed70aff0dc28c97
2026-04-10 05:55:16 - getOutlet.php - Authentication berhasil
2026-04-10 05:55:16 - getOutlet.php - Query: SELECT id_out, nama_out, '' AS alamat_out, ofcode_out
            FROM outlet 
            WHERE status_out IN ('Active', '1', 'active')
            AND (nama_out LIKE :key OR ofcode_out LIKE :key)
            ORDER BY nama_out ASC
            LIMIT 20
2026-04-10 05:55:16 - getOutlet.php - Query berhasil, mengembalikan 20 record
2026-04-10 05:55:16 - getOutlet.php - === END REQUEST ===
2026-04-09 22:55:17 - getOutlet.php - === REQUEST GETOUTLET ===
2026-04-09 22:55:17 - getOutlet.php - Method: POST
2026-04-09 22:55:17 - getOutlet.php - POST data: {"tgl":"2026-04-10","encrypt":"9c4dbb2fbbf655d89ed70aff0dc28c97","id_apl":"APL01","key":"Apotek"}
2026-04-10 05:55:17 - getOutlet.php - Params - tgl: 2026-04-10, encrypt: 9c4dbb2fbbf655d89ed70aff0dc28c97, id_apl: APL01, key: Apotek
2026-04-10 05:55:17 - getOutlet.php - Aplikasi ditemukan: Ya
2026-04-10 05:55:17 - getOutlet.php - Key aplikasi: YbcJSFjkds...
2026-04-10 05:55:17 - getOutlet.php - Expected encrypt: 9c4dbb2fbbf655d89ed70aff0dc28c97
2026-04-10 05:55:17 - getOutlet.php - Received encrypt: 9c4dbb2fbbf655d89ed70aff0dc28c97
2026-04-10 05:55:17 - getOutlet.php - Authentication berhasil
2026-04-10 05:55:17 - getOutlet.php - Query: SELECT id_out, nama_out, '' AS alamat_out, ofcode_out
            FROM outlet 
            WHERE status_out IN ('Active', '1', 'active')
            AND (nama_out LIKE :key OR ofcode_out LIKE :key)
            ORDER BY nama_out ASC
            LIMIT 20
2026-04-10 05:55:17 - getOutlet.php - Query berhasil, mengembalikan 20 record
2026-04-10 05:55:17 - getOutlet.php - === END REQUEST ===
2026-04-09 22:55:17 - getOutlet.php - === REQUEST GETOUTLET ===
2026-04-09 22:55:17 - getOutlet.php - Method: POST
2026-04-09 22:55:17 - getOutlet.php - POST data: {"tgl":"2026-04-10","encrypt":"9c4dbb2fbbf655d89ed70aff0dc28c97","id_apl":"APL01","key":"Apotek"}
2026-04-10 05:55:17 - getOutlet.php - Params - tgl: 2026-04-10, encrypt: 9c4dbb2fbbf655d89ed70aff0dc28c97, id_apl: APL01, key: Apotek
2026-04-10 05:55:17 - getOutlet.php - Aplikasi ditemukan: Ya
2026-04-10 05:55:17 - getOutlet.php - Key aplikasi: YbcJSFjkds...
2026-04-10 05:55:17 - getOutlet.php - Expected encrypt: 9c4dbb2fbbf655d89ed70aff0dc28c97
2026-04-10 05:55:17 - getOutlet.php - Received encrypt: 9c4dbb2fbbf655d89ed70aff0dc28c97
2026-04-10 05:55:17 - getOutlet.php - Authentication berhasil
2026-04-10 05:55:17 - getOutlet.php - Query: SELECT id_out, nama_out, '' AS alamat_out, ofcode_out
            FROM outlet 
            WHERE status_out IN ('Active', '1', 'active')
            AND (nama_out LIKE :key OR ofcode_out LIKE :key)
            ORDER BY nama_out ASC
            LIMIT 20
2026-04-10 05:55:17 - getOutlet.php - Query berhasil, mengembalikan 20 record
2026-04-10 05:55:17 - getOutlet.php - === END REQUEST ===
2026-04-09 22:55:17 - getOutlet.php - === REQUEST GETOUTLET ===
2026-04-09 22:55:17 - getOutlet.php - Method: POST
2026-04-09 22:55:17 - getOutlet.php - POST data: {"tgl":"2026-04-10","encrypt":"9c4dbb2fbbf655d89ed70aff0dc28c97","id_apl":"APL01","key":"Apotek b"}
2026-04-10 05:55:17 - getOutlet.php - Params - tgl: 2026-04-10, encrypt: 9c4dbb2fbbf655d89ed70aff0dc28c97, id_apl: APL01, key: Apotek b
2026-04-10 05:55:17 - getOutlet.php - Aplikasi ditemukan: Ya
2026-04-10 05:55:17 - getOutlet.php - Key aplikasi: YbcJSFjkds...
2026-04-10 05:55:17 - getOutlet.php - Expected encrypt: 9c4dbb2fbbf655d89ed70aff0dc28c97
2026-04-10 05:55:17 - getOutlet.php - Received encrypt: 9c4dbb2fbbf655d89ed70aff0dc28c97
2026-04-10 05:55:17 - getOutlet.php - Authentication berhasil
2026-04-10 05:55:17 - getOutlet.php - Query: SELECT id_out, nama_out, '' AS alamat_out, ofcode_out
            FROM outlet 
            WHERE status_out IN ('Active', '1', 'active')
            AND (nama_out LIKE :key OR ofcode_out LIKE :key)
            ORDER BY nama_out ASC
            LIMIT 20
2026-04-10 05:55:17 - getOutlet.php - Query berhasil, mengembalikan 20 record
2026-04-10 05:55:17 - getOutlet.php - === END REQUEST ===
2026-04-09 22:55:18 - getOutlet.php - === REQUEST GETOUTLET ===
2026-04-09 22:55:18 - getOutlet.php - Method: POST
2026-04-09 22:55:18 - getOutlet.php - POST data: {"tgl":"2026-04-10","encrypt":"9c4dbb2fbbf655d89ed70aff0dc28c97","id_apl":"APL01","key":"Apotek bo"}
2026-04-10 05:55:18 - getOutlet.php - Params - tgl: 2026-04-10, encrypt: 9c4dbb2fbbf655d89ed70aff0dc28c97, id_apl: APL01, key: Apotek bo
2026-04-10 05:55:18 - getOutlet.php - Aplikasi ditemukan: Ya
2026-04-10 05:55:18 - getOutlet.php - Key aplikasi: YbcJSFjkds...
2026-04-10 05:55:18 - getOutlet.php - Expected encrypt: 9c4dbb2fbbf655d89ed70aff0dc28c97
2026-04-10 05:55:18 - getOutlet.php - Received encrypt: 9c4dbb2fbbf655d89ed70aff0dc28c97
2026-04-10 05:55:18 - getOutlet.php - Authentication berhasil
2026-04-10 05:55:18 - getOutlet.php - Query: SELECT id_out, nama_out, '' AS alamat_out, ofcode_out
            FROM outlet 
            WHERE status_out IN ('Active', '1', 'active')
            AND (nama_out LIKE :key OR ofcode_out LIKE :key)
            ORDER BY nama_out ASC
            LIMIT 20
2026-04-10 05:55:18 - getOutlet.php - Query berhasil, mengembalikan 20 record
2026-04-10 05:55:18 - getOutlet.php - === END REQUEST ===
2026-04-09 22:55:19 - getOutlet.php - === REQUEST GETOUTLET ===
2026-04-09 22:55:19 - getOutlet.php - Method: POST
2026-04-09 22:55:19 - getOutlet.php - POST data: {"tgl":"2026-04-10","encrypt":"9c4dbb2fbbf655d89ed70aff0dc28c97","id_apl":"APL01","key":"Apotek boo"}
2026-04-10 05:55:19 - getOutlet.php - Params - tgl: 2026-04-10, encrypt: 9c4dbb2fbbf655d89ed70aff0dc28c97, id_apl: APL01, key: Apotek boo
2026-04-10 05:55:19 - getOutlet.php - Aplikasi ditemukan: Ya
2026-04-10 05:55:19 - getOutlet.php - Key aplikasi: YbcJSFjkds...
2026-04-10 05:55:19 - getOutlet.php - Expected encrypt: 9c4dbb2fbbf655d89ed70aff0dc28c97
2026-04-10 05:55:19 - getOutlet.php - Received encrypt: 9c4dbb2fbbf655d89ed70aff0dc28c97
2026-04-10 05:55:19 - getOutlet.php - Authentication berhasil
2026-04-10 05:55:19 - getOutlet.php - Query: SELECT id_out, nama_out, '' AS alamat_out, ofcode_out
            FROM outlet 
            WHERE status_out IN ('Active', '1', 'active')
            AND (nama_out LIKE :key OR ofcode_out LIKE :key)
            ORDER BY nama_out ASC
            LIMIT 20
2026-04-10 05:55:19 - getOutlet.php - Query berhasil, mengembalikan 20 record
2026-04-10 05:55:19 - getOutlet.php - === END REQUEST ===
2026-04-09 22:55:20 - getOutlet.php - === REQUEST GETOUTLET ===
2026-04-09 22:55:20 - getOutlet.php - Method: POST
2026-04-09 22:55:20 - getOutlet.php - POST data: {"tgl":"2026-04-10","encrypt":"9c4dbb2fbbf655d89ed70aff0dc28c97","id_apl":"APL01","key":"Apotek boots"}
2026-04-10 05:55:20 - getOutlet.php - Params - tgl: 2026-04-10, encrypt: 9c4dbb2fbbf655d89ed70aff0dc28c97, id_apl: APL01, key: Apotek boots
2026-04-10 05:55:20 - getOutlet.php - Aplikasi ditemukan: Ya
2026-04-10 05:55:20 - getOutlet.php - Key aplikasi: YbcJSFjkds...
2026-04-10 05:55:20 - getOutlet.php - Expected encrypt: 9c4dbb2fbbf655d89ed70aff0dc28c97
2026-04-10 05:55:20 - getOutlet.php - Received encrypt: 9c4dbb2fbbf655d89ed70aff0dc28c97
2026-04-10 05:55:20 - getOutlet.php - Authentication berhasil
2026-04-10 05:55:20 - getOutlet.php - Query: SELECT id_out, nama_out, '' AS alamat_out, ofcode_out
            FROM outlet 
            WHERE status_out IN ('Active', '1', 'active')
            AND (nama_out LIKE :key OR ofcode_out LIKE :key)
            ORDER BY nama_out ASC
            LIMIT 20
2026-04-10 05:55:20 - getOutlet.php - Query berhasil, mengembalikan 20 record
2026-04-10 05:55:20 - getOutlet.php - === END REQUEST ===
2026-04-09 22:55:21 - getOutlet.php - === REQUEST GETOUTLET ===
2026-04-09 22:55:21 - getOutlet.php - Method: POST
2026-04-09 22:55:21 - getOutlet.php - POST data: {"tgl":"2026-04-10","encrypt":"9c4dbb2fbbf655d89ed70aff0dc28c97","id_apl":"APL01","key":"Apotek boots"}
2026-04-10 05:55:21 - getOutlet.php - Params - tgl: 2026-04-10, encrypt: 9c4dbb2fbbf655d89ed70aff0dc28c97, id_apl: APL01, key: Apotek boots
2026-04-10 05:55:21 - getOutlet.php - Aplikasi ditemukan: Ya
2026-04-10 05:55:21 - getOutlet.php - Key aplikasi: YbcJSFjkds...
2026-04-10 05:55:21 - getOutlet.php - Expected encrypt: 9c4dbb2fbbf655d89ed70aff0dc28c97
2026-04-10 05:55:21 - getOutlet.php - Received encrypt: 9c4dbb2fbbf655d89ed70aff0dc28c97
2026-04-10 05:55:21 - getOutlet.php - Authentication berhasil
2026-04-10 05:55:21 - getOutlet.php - Query: SELECT id_out, nama_out, '' AS alamat_out, ofcode_out
            FROM outlet 
            WHERE status_out IN ('Active', '1', 'active')
            AND (nama_out LIKE :key OR ofcode_out LIKE :key)
            ORDER BY nama_out ASC
            LIMIT 20
2026-04-10 05:55:21 - getOutlet.php - Query berhasil, mengembalikan 20 record
2026-04-10 05:55:21 - getOutlet.php - === END REQUEST ===
2026-04-09 22:55:21 - getOutlet.php - === REQUEST GETOUTLET ===
2026-04-09 22:55:21 - getOutlet.php - Method: POST
2026-04-09 22:55:21 - getOutlet.php - POST data: {"tgl":"2026-04-10","encrypt":"9c4dbb2fbbf655d89ed70aff0dc28c97","id_apl":"APL01","key":"Apotek boots k"}
2026-04-10 05:55:21 - getOutlet.php - Params - tgl: 2026-04-10, encrypt: 9c4dbb2fbbf655d89ed70aff0dc28c97, id_apl: APL01, key: Apotek boots k
2026-04-10 05:55:21 - getOutlet.php - Aplikasi ditemukan: Ya
2026-04-10 05:55:21 - getOutlet.php - Key aplikasi: YbcJSFjkds...
2026-04-10 05:55:21 - getOutlet.php - Expected encrypt: 9c4dbb2fbbf655d89ed70aff0dc28c97
2026-04-10 05:55:21 - getOutlet.php - Received encrypt: 9c4dbb2fbbf655d89ed70aff0dc28c97
2026-04-10 05:55:21 - getOutlet.php - Authentication berhasil
2026-04-10 05:55:21 - getOutlet.php - Query: SELECT id_out, nama_out, '' AS alamat_out, ofcode_out
            FROM outlet 
            WHERE status_out IN ('Active', '1', 'active')
            AND (nama_out LIKE :key OR ofcode_out LIKE :key)
            ORDER BY nama_out ASC
            LIMIT 20
2026-04-10 05:55:21 - getOutlet.php - Query berhasil, mengembalikan 0 record
2026-04-10 05:55:21 - getOutlet.php - === END REQUEST ===
2026-04-09 22:55:21 - getOutlet.php - === REQUEST GETOUTLET ===
2026-04-09 22:55:21 - getOutlet.php - Method: POST
2026-04-09 22:55:21 - getOutlet.php - POST data: {"tgl":"2026-04-10","encrypt":"9c4dbb2fbbf655d89ed70aff0dc28c97","id_apl":"APL01","key":"Apotek boots ko"}
2026-04-10 05:55:21 - getOutlet.php - Params - tgl: 2026-04-10, encrypt: 9c4dbb2fbbf655d89ed70aff0dc28c97, id_apl: APL01, key: Apotek boots ko
2026-04-10 05:55:21 - getOutlet.php - Aplikasi ditemukan: Ya
2026-04-10 05:55:21 - getOutlet.php - Key aplikasi: YbcJSFjkds...
2026-04-10 05:55:21 - getOutlet.php - Expected encrypt: 9c4dbb2fbbf655d89ed70aff0dc28c97
2026-04-10 05:55:21 - getOutlet.php - Received encrypt: 9c4dbb2fbbf655d89ed70aff0dc28c97
2026-04-10 05:55:21 - getOutlet.php - Authentication berhasil
2026-04-10 05:55:21 - getOutlet.php - Query: SELECT id_out, nama_out, '' AS alamat_out, ofcode_out
            FROM outlet 
            WHERE status_out IN ('Active', '1', 'active')
            AND (nama_out LIKE :key OR ofcode_out LIKE :key)
            ORDER BY nama_out ASC
            LIMIT 20
2026-04-10 05:55:21 - getOutlet.php - Query berhasil, mengembalikan 0 record
2026-04-10 05:55:21 - getOutlet.php - === END REQUEST ===
2026-04-09 22:55:21 - getOutlet.php - === REQUEST GETOUTLET ===
2026-04-09 22:55:21 - getOutlet.php - Method: POST
2026-04-09 22:55:21 - getOutlet.php - POST data: {"tgl":"2026-04-10","encrypt":"9c4dbb2fbbf655d89ed70aff0dc28c97","id_apl":"APL01","key":"Apotek boots kot"}
2026-04-10 05:55:21 - getOutlet.php - Params - tgl: 2026-04-10, encrypt: 9c4dbb2fbbf655d89ed70aff0dc28c97, id_apl: APL01, key: Apotek boots kot
2026-04-10 05:55:21 - getOutlet.php - Aplikasi ditemukan: Ya
2026-04-10 05:55:21 - getOutlet.php - Key aplikasi: YbcJSFjkds...
2026-04-10 05:55:21 - getOutlet.php - Expected encrypt: 9c4dbb2fbbf655d89ed70aff0dc28c97
2026-04-10 05:55:21 - getOutlet.php - Received encrypt: 9c4dbb2fbbf655d89ed70aff0dc28c97
2026-04-10 05:55:21 - getOutlet.php - Authentication berhasil
2026-04-10 05:55:21 - getOutlet.php - Query: SELECT id_out, nama_out, '' AS alamat_out, ofcode_out
            FROM outlet 
            WHERE status_out IN ('Active', '1', 'active')
            AND (nama_out LIKE :key OR ofcode_out LIKE :key)
            ORDER BY nama_out ASC
            LIMIT 20
2026-04-10 05:55:21 - getOutlet.php - Query berhasil, mengembalikan 0 record
2026-04-10 05:55:21 - getOutlet.php - === END REQUEST ===
2026-04-09 22:55:22 - getOutlet.php - === REQUEST GETOUTLET ===
2026-04-09 22:55:22 - getOutlet.php - Method: POST
2026-04-09 22:55:22 - getOutlet.php - POST data: {"tgl":"2026-04-10","encrypt":"9c4dbb2fbbf655d89ed70aff0dc28c97","id_apl":"APL01","key":"Apotek boots kota"}
2026-04-10 05:55:22 - getOutlet.php - Params - tgl: 2026-04-10, encrypt: 9c4dbb2fbbf655d89ed70aff0dc28c97, id_apl: APL01, key: Apotek boots kota
2026-04-10 05:55:22 - getOutlet.php - Aplikasi ditemukan: Ya
2026-04-10 05:55:22 - getOutlet.php - Key aplikasi: YbcJSFjkds...
2026-04-10 05:55:22 - getOutlet.php - Expected encrypt: 9c4dbb2fbbf655d89ed70aff0dc28c97
2026-04-10 05:55:22 - getOutlet.php - Received encrypt: 9c4dbb2fbbf655d89ed70aff0dc28c97
2026-04-10 05:55:22 - getOutlet.php - Authentication berhasil
2026-04-10 05:55:22 - getOutlet.php - Query: SELECT id_out, nama_out, '' AS alamat_out, ofcode_out
            FROM outlet 
            WHERE status_out IN ('Active', '1', 'active')
            AND (nama_out LIKE :key OR ofcode_out LIKE :key)
            ORDER BY nama_out ASC
            LIMIT 20
2026-04-10 05:55:22 - getOutlet.php - Query berhasil, mengembalikan 0 record
2026-04-10 05:55:22 - getOutlet.php - === END REQUEST ===
2026-04-09 22:55:24 - getOutlet.php - === REQUEST GETOUTLET ===
2026-04-09 22:55:24 - getOutlet.php - Method: POST
2026-04-09 22:55:24 - getOutlet.php - POST data: {"tgl":"2026-04-10","encrypt":"9c4dbb2fbbf655d89ed70aff0dc28c97","id_apl":"APL01","key":"Apotek boots kot"}
2026-04-10 05:55:24 - getOutlet.php - Params - tgl: 2026-04-10, encrypt: 9c4dbb2fbbf655d89ed70aff0dc28c97, id_apl: APL01, key: Apotek boots kot
2026-04-10 05:55:24 - getOutlet.php - Aplikasi ditemukan: Ya
2026-04-10 05:55:24 - getOutlet.php - Key aplikasi: YbcJSFjkds...
2026-04-10 05:55:24 - getOutlet.php - Expected encrypt: 9c4dbb2fbbf655d89ed70aff0dc28c97
2026-04-10 05:55:24 - getOutlet.php - Received encrypt: 9c4dbb2fbbf655d89ed70aff0dc28c97
2026-04-10 05:55:24 - getOutlet.php - Authentication berhasil
2026-04-10 05:55:24 - getOutlet.php - Query: SELECT id_out, nama_out, '' AS alamat_out, ofcode_out
            FROM outlet 
            WHERE status_out IN ('Active', '1', 'active')
            AND (nama_out LIKE :key OR ofcode_out LIKE :key)
            ORDER BY nama_out ASC
            LIMIT 20
2026-04-10 05:55:24 - getOutlet.php - Query berhasil, mengembalikan 0 record
2026-04-10 05:55:24 - getOutlet.php - === END REQUEST ===
2026-04-09 22:55:24 - getOutlet.php - === REQUEST GETOUTLET ===
2026-04-09 22:55:24 - getOutlet.php - Method: POST
2026-04-09 22:55:24 - getOutlet.php - POST data: {"tgl":"2026-04-10","encrypt":"9c4dbb2fbbf655d89ed70aff0dc28c97","id_apl":"APL01","key":"Apotek boots ko"}
2026-04-10 05:55:24 - getOutlet.php - Params - tgl: 2026-04-10, encrypt: 9c4dbb2fbbf655d89ed70aff0dc28c97, id_apl: APL01, key: Apotek boots ko
2026-04-10 05:55:24 - getOutlet.php - Aplikasi ditemukan: Ya
2026-04-10 05:55:24 - getOutlet.php - Key aplikasi: YbcJSFjkds...
2026-04-10 05:55:24 - getOutlet.php - Expected encrypt: 9c4dbb2fbbf655d89ed70aff0dc28c97
2026-04-10 05:55:24 - getOutlet.php - Received encrypt: 9c4dbb2fbbf655d89ed70aff0dc28c97
2026-04-10 05:55:24 - getOutlet.php - Authentication berhasil
2026-04-10 05:55:24 - getOutlet.php - Query: SELECT id_out, nama_out, '' AS alamat_out, ofcode_out
            FROM outlet 
            WHERE status_out IN ('Active', '1', 'active')
            AND (nama_out LIKE :key OR ofcode_out LIKE :key)
            ORDER BY nama_out ASC
            LIMIT 20
2026-04-10 05:55:24 - getOutlet.php - Query berhasil, mengembalikan 0 record
2026-04-10 05:55:24 - getOutlet.php - === END REQUEST ===
2026-04-09 22:55:25 - getOutlet.php - === REQUEST GETOUTLET ===
2026-04-09 22:55:25 - getOutlet.php - Method: POST
2026-04-09 22:55:25 - getOutlet.php - POST data: {"tgl":"2026-04-10","encrypt":"9c4dbb2fbbf655d89ed70aff0dc28c97","id_apl":"APL01","key":"Apotek boots k"}
2026-04-10 05:55:25 - getOutlet.php - Params - tgl: 2026-04-10, encrypt: 9c4dbb2fbbf655d89ed70aff0dc28c97, id_apl: APL01, key: Apotek boots k
2026-04-10 05:55:25 - getOutlet.php - Aplikasi ditemukan: Ya
2026-04-10 05:55:25 - getOutlet.php - Key aplikasi: YbcJSFjkds...
2026-04-10 05:55:25 - getOutlet.php - Expected encrypt: 9c4dbb2fbbf655d89ed70aff0dc28c97
2026-04-10 05:55:25 - getOutlet.php - Received encrypt: 9c4dbb2fbbf655d89ed70aff0dc28c97
2026-04-10 05:55:25 - getOutlet.php - Authentication berhasil
2026-04-10 05:55:25 - getOutlet.php - Query: SELECT id_out, nama_out, '' AS alamat_out, ofcode_out
            FROM outlet 
            WHERE status_out IN ('Active', '1', 'active')
            AND (nama_out LIKE :key OR ofcode_out LIKE :key)
            ORDER BY nama_out ASC
            LIMIT 20
2026-04-10 05:55:25 - getOutlet.php - Query berhasil, mengembalikan 0 record
2026-04-10 05:55:25 - getOutlet.php - === END REQUEST ===
2026-04-09 22:55:25 - getOutlet.php - === REQUEST GETOUTLET ===
2026-04-09 22:55:25 - getOutlet.php - Method: POST
2026-04-09 22:55:25 - getOutlet.php - POST data: {"tgl":"2026-04-10","encrypt":"9c4dbb2fbbf655d89ed70aff0dc28c97","id_apl":"APL01","key":"Apotek boots"}
2026-04-10 05:55:25 - getOutlet.php - Params - tgl: 2026-04-10, encrypt: 9c4dbb2fbbf655d89ed70aff0dc28c97, id_apl: APL01, key: Apotek boots
2026-04-10 05:55:25 - getOutlet.php - Aplikasi ditemukan: Ya
2026-04-10 05:55:25 - getOutlet.php - Key aplikasi: YbcJSFjkds...
2026-04-10 05:55:25 - getOutlet.php - Expected encrypt: 9c4dbb2fbbf655d89ed70aff0dc28c97
2026-04-10 05:55:25 - getOutlet.php - Received encrypt: 9c4dbb2fbbf655d89ed70aff0dc28c97
2026-04-10 05:55:25 - getOutlet.php - Authentication berhasil
2026-04-10 05:55:25 - getOutlet.php - Query: SELECT id_out, nama_out, '' AS alamat_out, ofcode_out
            FROM outlet 
            WHERE status_out IN ('Active', '1', 'active')
            AND (nama_out LIKE :key OR ofcode_out LIKE :key)
            ORDER BY nama_out ASC
            LIMIT 20
2026-04-10 05:55:25 - getOutlet.php - Query berhasil, mengembalikan 20 record
2026-04-10 05:55:25 - getOutlet.php - === END REQUEST ===
2026-04-09 22:55:32 - getOutlet.php - === REQUEST GETOUTLET ===
2026-04-09 22:55:32 - getOutlet.php - Method: POST
2026-04-09 22:55:32 - getOutlet.php - POST data: {"tgl":"2026-04-10","encrypt":"9c4dbb2fbbf655d89ed70aff0dc28c97","id_apl":"APL01","key":"Apotek boots c"}
2026-04-10 05:55:32 - getOutlet.php - Params - tgl: 2026-04-10, encrypt: 9c4dbb2fbbf655d89ed70aff0dc28c97, id_apl: APL01, key: Apotek boots c
2026-04-10 05:55:32 - getOutlet.php - Aplikasi ditemukan: Ya
2026-04-10 05:55:32 - getOutlet.php - Key aplikasi: YbcJSFjkds...
2026-04-10 05:55:32 - getOutlet.php - Expected encrypt: 9c4dbb2fbbf655d89ed70aff0dc28c97
2026-04-10 05:55:32 - getOutlet.php - Received encrypt: 9c4dbb2fbbf655d89ed70aff0dc28c97
2026-04-10 05:55:32 - getOutlet.php - Authentication berhasil
2026-04-10 05:55:32 - getOutlet.php - Query: SELECT id_out, nama_out, '' AS alamat_out, ofcode_out
            FROM outlet 
            WHERE status_out IN ('Active', '1', 'active')
            AND (nama_out LIKE :key OR ofcode_out LIKE :key)
            ORDER BY nama_out ASC
            LIMIT 20
2026-04-10 05:55:32 - getOutlet.php - Query berhasil, mengembalikan 2 record
2026-04-10 05:55:32 - getOutlet.php - === END REQUEST ===
2026-04-09 22:55:33 - getOutlet.php - === REQUEST GETOUTLET ===
2026-04-09 22:55:33 - getOutlet.php - Method: POST
2026-04-09 22:55:33 - getOutlet.php - POST data: {"tgl":"2026-04-10","encrypt":"9c4dbb2fbbf655d89ed70aff0dc28c97","id_apl":"APL01","key":"Apotek boots ca"}
2026-04-10 05:55:33 - getOutlet.php - Params - tgl: 2026-04-10, encrypt: 9c4dbb2fbbf655d89ed70aff0dc28c97, id_apl: APL01, key: Apotek boots ca
2026-04-10 05:55:33 - getOutlet.php - Aplikasi ditemukan: Ya
2026-04-10 05:55:33 - getOutlet.php - Key aplikasi: YbcJSFjkds...
2026-04-10 05:55:33 - getOutlet.php - Expected encrypt: 9c4dbb2fbbf655d89ed70aff0dc28c97
2026-04-10 05:55:33 - getOutlet.php - Received encrypt: 9c4dbb2fbbf655d89ed70aff0dc28c97
2026-04-10 05:55:33 - getOutlet.php - Authentication berhasil
2026-04-10 05:55:33 - getOutlet.php - Query: SELECT id_out, nama_out, '' AS alamat_out, ofcode_out
            FROM outlet 
            WHERE status_out IN ('Active', '1', 'active')
            AND (nama_out LIKE :key OR ofcode_out LIKE :key)
            ORDER BY nama_out ASC
            LIMIT 20
2026-04-10 05:55:33 - getOutlet.php - Query berhasil, mengembalikan 0 record
2026-04-10 05:55:33 - getOutlet.php - === END REQUEST ===
2026-04-09 22:55:35 - getOutlet.php - === REQUEST GETOUTLET ===
2026-04-09 22:55:35 - getOutlet.php - Method: POST
2026-04-09 22:55:35 - getOutlet.php - POST data: {"tgl":"2026-04-10","encrypt":"9c4dbb2fbbf655d89ed70aff0dc28c97","id_apl":"APL01","key":"Apotek boots c"}
2026-04-10 05:55:35 - getOutlet.php - Params - tgl: 2026-04-10, encrypt: 9c4dbb2fbbf655d89ed70aff0dc28c97, id_apl: APL01, key: Apotek boots c
2026-04-10 05:55:35 - getOutlet.php - Aplikasi ditemukan: Ya
2026-04-10 05:55:35 - getOutlet.php - Key aplikasi: YbcJSFjkds...
2026-04-10 05:55:35 - getOutlet.php - Expected encrypt: 9c4dbb2fbbf655d89ed70aff0dc28c97
2026-04-10 05:55:35 - getOutlet.php - Received encrypt: 9c4dbb2fbbf655d89ed70aff0dc28c97
2026-04-10 05:55:35 - getOutlet.php - Authentication berhasil
2026-04-10 05:55:35 - getOutlet.php - Query: SELECT id_out, nama_out, '' AS alamat_out, ofcode_out
            FROM outlet 
            WHERE status_out IN ('Active', '1', 'active')
            AND (nama_out LIKE :key OR ofcode_out LIKE :key)
            ORDER BY nama_out ASC
            LIMIT 20
2026-04-10 05:55:35 - getOutlet.php - Query berhasil, mengembalikan 2 record
2026-04-10 05:55:35 - getOutlet.php - === END REQUEST ===
2026-04-09 22:55:35 - getOutlet.php - === REQUEST GETOUTLET ===
2026-04-09 22:55:35 - getOutlet.php - Method: POST
2026-04-09 22:55:35 - getOutlet.php - POST data: {"tgl":"2026-04-10","encrypt":"9c4dbb2fbbf655d89ed70aff0dc28c97","id_apl":"APL01","key":"Apotek boots"}
2026-04-10 05:55:35 - getOutlet.php - Params - tgl: 2026-04-10, encrypt: 9c4dbb2fbbf655d89ed70aff0dc28c97, id_apl: APL01, key: Apotek boots
2026-04-10 05:55:35 - getOutlet.php - Aplikasi ditemukan: Ya
2026-04-10 05:55:35 - getOutlet.php - Key aplikasi: YbcJSFjkds...
2026-04-10 05:55:35 - getOutlet.php - Expected encrypt: 9c4dbb2fbbf655d89ed70aff0dc28c97
2026-04-10 05:55:35 - getOutlet.php - Received encrypt: 9c4dbb2fbbf655d89ed70aff0dc28c97
2026-04-10 05:55:35 - getOutlet.php - Authentication berhasil
2026-04-10 05:55:35 - getOutlet.php - Query: SELECT id_out, nama_out, '' AS alamat_out, ofcode_out
            FROM outlet 
            WHERE status_out IN ('Active', '1', 'active')
            AND (nama_out LIKE :key OR ofcode_out LIKE :key)
            ORDER BY nama_out ASC
            LIMIT 20
2026-04-10 05:55:35 - getOutlet.php - Query berhasil, mengembalikan 20 record
2026-04-10 05:55:35 - getOutlet.php - === END REQUEST ===
2026-04-09 22:55:35 - getOutlet.php - === REQUEST GETOUTLET ===
2026-04-09 22:55:35 - getOutlet.php - Method: POST
2026-04-09 22:55:35 - getOutlet.php - POST data: {"tgl":"2026-04-10","encrypt":"9c4dbb2fbbf655d89ed70aff0dc28c97","id_apl":"APL01","key":"Apotek boots k"}
2026-04-10 05:55:35 - getOutlet.php - Params - tgl: 2026-04-10, encrypt: 9c4dbb2fbbf655d89ed70aff0dc28c97, id_apl: APL01, key: Apotek boots k
2026-04-10 05:55:35 - getOutlet.php - Aplikasi ditemukan: Ya
2026-04-10 05:55:35 - getOutlet.php - Key aplikasi: YbcJSFjkds...
2026-04-10 05:55:35 - getOutlet.php - Expected encrypt: 9c4dbb2fbbf655d89ed70aff0dc28c97
2026-04-10 05:55:35 - getOutlet.php - Received encrypt: 9c4dbb2fbbf655d89ed70aff0dc28c97
2026-04-10 05:55:35 - getOutlet.php - Authentication berhasil
2026-04-10 05:55:35 - getOutlet.php - Query: SELECT id_out, nama_out, '' AS alamat_out, ofcode_out
            FROM outlet 
            WHERE status_out IN ('Active', '1', 'active')
            AND (nama_out LIKE :key OR ofcode_out LIKE :key)
            ORDER BY nama_out ASC
            LIMIT 20
2026-04-10 05:55:35 - getOutlet.php - Query berhasil, mengembalikan 0 record
2026-04-10 05:55:35 - getOutlet.php - === END REQUEST ===
2026-04-09 22:55:35 - getOutlet.php - === REQUEST GETOUTLET ===
2026-04-09 22:55:35 - getOutlet.php - Method: POST
2026-04-09 22:55:35 - getOutlet.php - POST data: {"tgl":"2026-04-10","encrypt":"9c4dbb2fbbf655d89ed70aff0dc28c97","id_apl":"APL01","key":"Apotek boots ka"}
2026-04-10 05:55:35 - getOutlet.php - Params - tgl: 2026-04-10, encrypt: 9c4dbb2fbbf655d89ed70aff0dc28c97, id_apl: APL01, key: Apotek boots ka
2026-04-10 05:55:35 - getOutlet.php - Aplikasi ditemukan: Ya
2026-04-10 05:55:35 - getOutlet.php - Key aplikasi: YbcJSFjkds...
2026-04-10 05:55:35 - getOutlet.php - Expected encrypt: 9c4dbb2fbbf655d89ed70aff0dc28c97
2026-04-10 05:55:35 - getOutlet.php - Received encrypt: 9c4dbb2fbbf655d89ed70aff0dc28c97
2026-04-10 05:55:35 - getOutlet.php - Authentication berhasil
2026-04-10 05:55:35 - getOutlet.php - Query: SELECT id_out, nama_out, '' AS alamat_out, ofcode_out
            FROM outlet 
            WHERE status_out IN ('Active', '1', 'active')
            AND (nama_out LIKE :key OR ofcode_out LIKE :key)
            ORDER BY nama_out ASC
            LIMIT 20
2026-04-10 05:55:35 - getOutlet.php - Query berhasil, mengembalikan 0 record
2026-04-10 05:55:35 - getOutlet.php - === END REQUEST ===
2026-04-09 22:55:36 - getOutlet.php - === REQUEST GETOUTLET ===
2026-04-09 22:55:36 - getOutlet.php - Method: POST
2026-04-09 22:55:36 - getOutlet.php - POST data: {"tgl":"2026-04-10","encrypt":"9c4dbb2fbbf655d89ed70aff0dc28c97","id_apl":"APL01","key":"Apotek boots k"}
2026-04-10 05:55:36 - getOutlet.php - Params - tgl: 2026-04-10, encrypt: 9c4dbb2fbbf655d89ed70aff0dc28c97, id_apl: APL01, key: Apotek boots k
2026-04-10 05:55:36 - getOutlet.php - Aplikasi ditemukan: Ya
2026-04-10 05:55:36 - getOutlet.php - Key aplikasi: YbcJSFjkds...
2026-04-10 05:55:36 - getOutlet.php - Expected encrypt: 9c4dbb2fbbf655d89ed70aff0dc28c97
2026-04-10 05:55:36 - getOutlet.php - Received encrypt: 9c4dbb2fbbf655d89ed70aff0dc28c97
2026-04-10 05:55:36 - getOutlet.php - Authentication berhasil
2026-04-10 05:55:36 - getOutlet.php - Query: SELECT id_out, nama_out, '' AS alamat_out, ofcode_out
            FROM outlet 
            WHERE status_out IN ('Active', '1', 'active')
            AND (nama_out LIKE :key OR ofcode_out LIKE :key)
            ORDER BY nama_out ASC
            LIMIT 20
2026-04-10 05:55:36 - getOutlet.php - Query berhasil, mengembalikan 0 record
2026-04-10 05:55:36 - getOutlet.php - === END REQUEST ===
2026-04-09 22:55:38 - getOutlet.php - === REQUEST GETOUTLET ===
2026-04-09 22:55:38 - getOutlet.php - Method: POST
2026-04-09 22:55:38 - getOutlet.php - POST data: {"tgl":"2026-04-10","encrypt":"9c4dbb2fbbf655d89ed70aff0dc28c97","id_apl":"APL01","key":"Apotek boots"}
2026-04-10 05:55:38 - getOutlet.php - Params - tgl: 2026-04-10, encrypt: 9c4dbb2fbbf655d89ed70aff0dc28c97, id_apl: APL01, key: Apotek boots
2026-04-10 05:55:38 - getOutlet.php - Aplikasi ditemukan: Ya
2026-04-10 05:55:38 - getOutlet.php - Key aplikasi: YbcJSFjkds...
2026-04-10 05:55:38 - getOutlet.php - Expected encrypt: 9c4dbb2fbbf655d89ed70aff0dc28c97
2026-04-10 05:55:38 - getOutlet.php - Received encrypt: 9c4dbb2fbbf655d89ed70aff0dc28c97
2026-04-10 05:55:38 - getOutlet.php - Authentication berhasil
2026-04-10 05:55:38 - getOutlet.php - Query: SELECT id_out, nama_out, '' AS alamat_out, ofcode_out
            FROM outlet 
            WHERE status_out IN ('Active', '1', 'active')
            AND (nama_out LIKE :key OR ofcode_out LIKE :key)
            ORDER BY nama_out ASC
            LIMIT 20
2026-04-10 05:55:38 - getOutlet.php - Query berhasil, mengembalikan 20 record
2026-04-10 05:55:38 - getOutlet.php - === END REQUEST ===
2026-04-09 22:55:39 - getOutlet.php - === REQUEST GETOUTLET ===
2026-04-09 22:55:39 - getOutlet.php - Method: POST
2026-04-09 22:55:39 - getOutlet.php - POST data: {"tgl":"2026-04-10","encrypt":"9c4dbb2fbbf655d89ed70aff0dc28c97","id_apl":"APL01","key":"Apotek boots s"}
2026-04-10 05:55:39 - getOutlet.php - Params - tgl: 2026-04-10, encrypt: 9c4dbb2fbbf655d89ed70aff0dc28c97, id_apl: APL01, key: Apotek boots s
2026-04-10 05:55:39 - getOutlet.php - Aplikasi ditemukan: Ya
2026-04-10 05:55:39 - getOutlet.php - Key aplikasi: YbcJSFjkds...
2026-04-10 05:55:39 - getOutlet.php - Expected encrypt: 9c4dbb2fbbf655d89ed70aff0dc28c97
2026-04-10 05:55:39 - getOutlet.php - Received encrypt: 9c4dbb2fbbf655d89ed70aff0dc28c97
2026-04-10 05:55:39 - getOutlet.php - Authentication berhasil
2026-04-10 05:55:39 - getOutlet.php - Query: SELECT id_out, nama_out, '' AS alamat_out, ofcode_out
            FROM outlet 
            WHERE status_out IN ('Active', '1', 'active')
            AND (nama_out LIKE :key OR ofcode_out LIKE :key)
            ORDER BY nama_out ASC
            LIMIT 20
2026-04-10 05:55:39 - getOutlet.php - Query berhasil, mengembalikan 5 record
2026-04-10 05:55:39 - getOutlet.php - === END REQUEST ===
2026-04-09 22:55:40 - getOutlet.php - === REQUEST GETOUTLET ===
2026-04-09 22:55:40 - getOutlet.php - Method: POST
2026-04-09 22:55:40 - getOutlet.php - POST data: {"tgl":"2026-04-10","encrypt":"9c4dbb2fbbf655d89ed70aff0dc28c97","id_apl":"APL01","key":"Apotek boots so"}
2026-04-10 05:55:40 - getOutlet.php - Params - tgl: 2026-04-10, encrypt: 9c4dbb2fbbf655d89ed70aff0dc28c97, id_apl: APL01, key: Apotek boots so
2026-04-10 05:55:40 - getOutlet.php - Aplikasi ditemukan: Ya
2026-04-10 05:55:40 - getOutlet.php - Key aplikasi: YbcJSFjkds...
2026-04-10 05:55:40 - getOutlet.php - Expected encrypt: 9c4dbb2fbbf655d89ed70aff0dc28c97
2026-04-10 05:55:40 - getOutlet.php - Received encrypt: 9c4dbb2fbbf655d89ed70aff0dc28c97
2026-04-10 05:55:40 - getOutlet.php - Authentication berhasil
2026-04-10 05:55:40 - getOutlet.php - Query: SELECT id_out, nama_out, '' AS alamat_out, ofcode_out
            FROM outlet 
            WHERE status_out IN ('Active', '1', 'active')
            AND (nama_out LIKE :key OR ofcode_out LIKE :key)
            ORDER BY nama_out ASC
            LIMIT 20
2026-04-10 05:55:40 - getOutlet.php - Query berhasil, mengembalikan 3 record
2026-04-10 05:55:40 - getOutlet.php - === END REQUEST ===
2026-04-09 22:55:42 - getOutlet.php - === REQUEST GETOUTLET ===
2026-04-09 22:55:42 - getOutlet.php - Method: POST
2026-04-09 22:55:42 - getOutlet.php - POST data: {"tgl":"2026-04-10","encrypt":"9c4dbb2fbbf655d89ed70aff0dc28c97","id_apl":"APL01","key":"APOTEK BOOTS SOGO KOTA KASABLANGKA"}
2026-04-10 05:55:42 - getOutlet.php - Params - tgl: 2026-04-10, encrypt: 9c4dbb2fbbf655d89ed70aff0dc28c97, id_apl: APL01, key: APOTEK BOOTS SOGO KOTA KASABLANGKA
2026-04-10 05:55:42 - getOutlet.php - Aplikasi ditemukan: Ya
2026-04-10 05:55:42 - getOutlet.php - Key aplikasi: YbcJSFjkds...
2026-04-10 05:55:42 - getOutlet.php - Expected encrypt: 9c4dbb2fbbf655d89ed70aff0dc28c97
2026-04-10 05:55:42 - getOutlet.php - Received encrypt: 9c4dbb2fbbf655d89ed70aff0dc28c97
2026-04-10 05:55:42 - getOutlet.php - Authentication berhasil
2026-04-10 05:55:42 - getOutlet.php - Query: SELECT id_out, nama_out, '' AS alamat_out, ofcode_out
            FROM outlet 
            WHERE status_out IN ('Active', '1', 'active')
            AND (nama_out LIKE :key OR ofcode_out LIKE :key)
            ORDER BY nama_out ASC
            LIMIT 20
2026-04-10 05:55:42 - getOutlet.php - Query berhasil, mengembalikan 1 record
2026-04-10 05:55:42 - getOutlet.php - === END REQUEST ===
