2026-04-02 03:16:13 - getOutlet.php - === REQUEST GETOUTLET ===
2026-04-02 03:16:13 - getOutlet.php - Method: POST
2026-04-02 03:16:13 - getOutlet.php - POST data: {"tgl":"2026-04-02","encrypt":"7e7f1d062ca9b9e5c530948d57925ffe","id_apl":"APL01","key":"Kr"}
2026-04-02 10:16:13 - getOutlet.php - Params - tgl: 2026-04-02, encrypt: 7e7f1d062ca9b9e5c530948d57925ffe, id_apl: APL01, key: Kr
2026-04-02 10:16:13 - getOutlet.php - Aplikasi ditemukan: Ya
2026-04-02 10:16:13 - getOutlet.php - Key aplikasi: YbcJSFjkds...
2026-04-02 10:16:13 - getOutlet.php - Expected encrypt: 7e7f1d062ca9b9e5c530948d57925ffe
2026-04-02 10:16:13 - getOutlet.php - Received encrypt: 7e7f1d062ca9b9e5c530948d57925ffe
2026-04-02 10:16:13 - getOutlet.php - Authentication berhasil
2026-04-02 10:16:13 - getOutlet.php - Query: SELECT id_out, nama_out, '' AS alamat_out, ofcode_out
            FROM outlet 
            WHERE status_out IN ('Active', '1', 'active')
            AND (nama_out LIKE :key OR ofcode_out LIKE :key)
            ORDER BY nama_out ASC
            LIMIT 20
2026-04-02 10:16:13 - getOutlet.php - Query berhasil, mengembalikan 10 record
2026-04-02 10:16:13 - getOutlet.php - === END REQUEST ===
2026-04-02 03:16:13 - getOutlet.php - === REQUEST GETOUTLET ===
2026-04-02 03:16:13 - getOutlet.php - Method: POST
2026-04-02 03:16:13 - getOutlet.php - POST data: {"tgl":"2026-04-02","encrypt":"7e7f1d062ca9b9e5c530948d57925ffe","id_apl":"APL01","key":"Kra"}
2026-04-02 10:16:13 - getOutlet.php - Params - tgl: 2026-04-02, encrypt: 7e7f1d062ca9b9e5c530948d57925ffe, id_apl: APL01, key: Kra
2026-04-02 10:16:13 - getOutlet.php - Aplikasi ditemukan: Ya
2026-04-02 10:16:13 - getOutlet.php - Key aplikasi: YbcJSFjkds...
2026-04-02 10:16:13 - getOutlet.php - Expected encrypt: 7e7f1d062ca9b9e5c530948d57925ffe
2026-04-02 10:16:13 - getOutlet.php - Received encrypt: 7e7f1d062ca9b9e5c530948d57925ffe
2026-04-02 10:16:13 - getOutlet.php - Authentication berhasil
2026-04-02 10:16:13 - getOutlet.php - Query: SELECT id_out, nama_out, '' AS alamat_out, ofcode_out
            FROM outlet 
            WHERE status_out IN ('Active', '1', 'active')
            AND (nama_out LIKE :key OR ofcode_out LIKE :key)
            ORDER BY nama_out ASC
            LIMIT 20
2026-04-02 10:16:13 - getOutlet.php - Query berhasil, mengembalikan 6 record
2026-04-02 10:16:13 - getOutlet.php - === END REQUEST ===
2026-04-02 03:16:16 - getOutlet.php - === REQUEST GETOUTLET ===
2026-04-02 03:16:16 - getOutlet.php - Method: POST
2026-04-02 03:16:16 - getOutlet.php - POST data: {"tgl":"2026-04-02","encrypt":"7e7f1d062ca9b9e5c530948d57925ffe","id_apl":"APL01","key":"Krak"}
2026-04-02 10:16:16 - getOutlet.php - Params - tgl: 2026-04-02, encrypt: 7e7f1d062ca9b9e5c530948d57925ffe, id_apl: APL01, key: Krak
2026-04-02 10:16:16 - getOutlet.php - Aplikasi ditemukan: Ya
2026-04-02 10:16:16 - getOutlet.php - Key aplikasi: YbcJSFjkds...
2026-04-02 10:16:16 - getOutlet.php - Expected encrypt: 7e7f1d062ca9b9e5c530948d57925ffe
2026-04-02 10:16:16 - getOutlet.php - Received encrypt: 7e7f1d062ca9b9e5c530948d57925ffe
2026-04-02 10:16:16 - getOutlet.php - Authentication berhasil
2026-04-02 10:16:16 - getOutlet.php - Query: SELECT id_out, nama_out, '' AS alamat_out, ofcode_out
            FROM outlet 
            WHERE status_out IN ('Active', '1', 'active')
            AND (nama_out LIKE :key OR ofcode_out LIKE :key)
            ORDER BY nama_out ASC
            LIMIT 20
2026-04-02 10:16:16 - getOutlet.php - Query berhasil, mengembalikan 1 record
2026-04-02 10:16:16 - getOutlet.php - === END REQUEST ===
2026-04-02 03:16:16 - getOutlet.php - === REQUEST GETOUTLET ===
2026-04-02 03:16:16 - getOutlet.php - Method: POST
2026-04-02 03:16:16 - getOutlet.php - POST data: {"tgl":"2026-04-02","encrypt":"7e7f1d062ca9b9e5c530948d57925ffe","id_apl":"APL01","key":"Kraka"}
2026-04-02 10:16:16 - getOutlet.php - Params - tgl: 2026-04-02, encrypt: 7e7f1d062ca9b9e5c530948d57925ffe, id_apl: APL01, key: Kraka
2026-04-02 10:16:16 - getOutlet.php - Aplikasi ditemukan: Ya
2026-04-02 10:16:16 - getOutlet.php - Key aplikasi: YbcJSFjkds...
2026-04-02 10:16:16 - getOutlet.php - Expected encrypt: 7e7f1d062ca9b9e5c530948d57925ffe
2026-04-02 10:16:16 - getOutlet.php - Received encrypt: 7e7f1d062ca9b9e5c530948d57925ffe
2026-04-02 10:16:16 - getOutlet.php - Authentication berhasil
2026-04-02 10:16:16 - getOutlet.php - Query: SELECT id_out, nama_out, '' AS alamat_out, ofcode_out
            FROM outlet 
            WHERE status_out IN ('Active', '1', 'active')
            AND (nama_out LIKE :key OR ofcode_out LIKE :key)
            ORDER BY nama_out ASC
            LIMIT 20
2026-04-02 10:16:16 - getOutlet.php - Query berhasil, mengembalikan 1 record
2026-04-02 10:16:16 - getOutlet.php - === END REQUEST ===
2026-04-02 03:16:18 - getOutlet.php - === REQUEST GETOUTLET ===
2026-04-02 03:16:18 - getOutlet.php - Method: POST
2026-04-02 03:16:18 - getOutlet.php - POST data: {"tgl":"2026-04-02","encrypt":"7e7f1d062ca9b9e5c530948d57925ffe","id_apl":"APL01","key":"RS KRAKATAU MEDIKA"}
2026-04-02 10:16:18 - getOutlet.php - Params - tgl: 2026-04-02, encrypt: 7e7f1d062ca9b9e5c530948d57925ffe, id_apl: APL01, key: RS KRAKATAU MEDIKA
2026-04-02 10:16:18 - getOutlet.php - Aplikasi ditemukan: Ya
2026-04-02 10:16:18 - getOutlet.php - Key aplikasi: YbcJSFjkds...
2026-04-02 10:16:18 - getOutlet.php - Expected encrypt: 7e7f1d062ca9b9e5c530948d57925ffe
2026-04-02 10:16:18 - getOutlet.php - Received encrypt: 7e7f1d062ca9b9e5c530948d57925ffe
2026-04-02 10:16:18 - getOutlet.php - Authentication berhasil
2026-04-02 10:16:18 - getOutlet.php - Query: SELECT id_out, nama_out, '' AS alamat_out, ofcode_out
            FROM outlet 
            WHERE status_out IN ('Active', '1', 'active')
            AND (nama_out LIKE :key OR ofcode_out LIKE :key)
            ORDER BY nama_out ASC
            LIMIT 20
2026-04-02 10:16:18 - getOutlet.php - Query berhasil, mengembalikan 1 record
2026-04-02 10:16:18 - getOutlet.php - === END REQUEST ===
2026-04-02 03:17:14 - getOutlet.php - === REQUEST GETOUTLET ===
2026-04-02 03:17:14 - getOutlet.php - Method: POST
2026-04-02 03:17:14 - getOutlet.php - POST data: {"tgl":"2026-04-02","encrypt":"7e7f1d062ca9b9e5c530948d57925ffe","id_apl":"APL01","key":"Ac"}
2026-04-02 10:17:14 - getOutlet.php - Params - tgl: 2026-04-02, encrypt: 7e7f1d062ca9b9e5c530948d57925ffe, id_apl: APL01, key: Ac
2026-04-02 10:17:14 - getOutlet.php - Aplikasi ditemukan: Ya
2026-04-02 10:17:14 - getOutlet.php - Key aplikasi: YbcJSFjkds...
2026-04-02 10:17:14 - getOutlet.php - Expected encrypt: 7e7f1d062ca9b9e5c530948d57925ffe
2026-04-02 10:17:14 - getOutlet.php - Received encrypt: 7e7f1d062ca9b9e5c530948d57925ffe
2026-04-02 10:17:14 - getOutlet.php - Authentication berhasil
2026-04-02 10:17:14 - getOutlet.php - Query: SELECT id_out, nama_out, '' AS alamat_out, ofcode_out
            FROM outlet 
            WHERE status_out IN ('Active', '1', 'active')
            AND (nama_out LIKE :key OR ofcode_out LIKE :key)
            ORDER BY nama_out ASC
            LIMIT 20
2026-04-02 10:17:14 - getOutlet.php - Query berhasil, mengembalikan 18 record
2026-04-02 10:17:14 - getOutlet.php - === END REQUEST ===
2026-04-02 03:17:14 - getOutlet.php - === REQUEST GETOUTLET ===
2026-04-02 03:17:14 - getOutlet.php - Method: POST
2026-04-02 03:17:14 - getOutlet.php - POST data: {"tgl":"2026-04-02","encrypt":"7e7f1d062ca9b9e5c530948d57925ffe","id_apl":"APL01","key":"Ach"}
2026-04-02 10:17:14 - getOutlet.php - Params - tgl: 2026-04-02, encrypt: 7e7f1d062ca9b9e5c530948d57925ffe, id_apl: APL01, key: Ach
2026-04-02 10:17:14 - getOutlet.php - Aplikasi ditemukan: Ya
2026-04-02 10:17:14 - getOutlet.php - Key aplikasi: YbcJSFjkds...
2026-04-02 10:17:14 - getOutlet.php - Expected encrypt: 7e7f1d062ca9b9e5c530948d57925ffe
2026-04-02 10:17:14 - getOutlet.php - Received encrypt: 7e7f1d062ca9b9e5c530948d57925ffe
2026-04-02 10:17:14 - getOutlet.php - Authentication berhasil
2026-04-02 10:17:14 - getOutlet.php - Query: SELECT id_out, nama_out, '' AS alamat_out, ofcode_out
            FROM outlet 
            WHERE status_out IN ('Active', '1', 'active')
            AND (nama_out LIKE :key OR ofcode_out LIKE :key)
            ORDER BY nama_out ASC
            LIMIT 20
2026-04-02 10:17:14 - getOutlet.php - Query berhasil, mengembalikan 1 record
2026-04-02 10:17:14 - getOutlet.php - === END REQUEST ===
2026-04-02 03:17:15 - getOutlet.php - === REQUEST GETOUTLET ===
2026-04-02 03:17:15 - getOutlet.php - Method: POST
2026-04-02 03:17:15 - getOutlet.php - POST data: {"tgl":"2026-04-02","encrypt":"7e7f1d062ca9b9e5c530948d57925ffe","id_apl":"APL01","key":"Achm"}
2026-04-02 10:17:15 - getOutlet.php - Params - tgl: 2026-04-02, encrypt: 7e7f1d062ca9b9e5c530948d57925ffe, id_apl: APL01, key: Achm
2026-04-02 10:17:15 - getOutlet.php - Aplikasi ditemukan: Ya
2026-04-02 10:17:15 - getOutlet.php - Key aplikasi: YbcJSFjkds...
2026-04-02 10:17:15 - getOutlet.php - Expected encrypt: 7e7f1d062ca9b9e5c530948d57925ffe
2026-04-02 10:17:15 - getOutlet.php - Received encrypt: 7e7f1d062ca9b9e5c530948d57925ffe
2026-04-02 10:17:15 - getOutlet.php - Authentication berhasil
2026-04-02 10:17:15 - getOutlet.php - Query: SELECT id_out, nama_out, '' AS alamat_out, ofcode_out
            FROM outlet 
            WHERE status_out IN ('Active', '1', 'active')
            AND (nama_out LIKE :key OR ofcode_out LIKE :key)
            ORDER BY nama_out ASC
            LIMIT 20
2026-04-02 10:17:15 - getOutlet.php - Query berhasil, mengembalikan 1 record
2026-04-02 10:17:15 - getOutlet.php - === END REQUEST ===
2026-04-02 03:17:15 - getOutlet.php - === REQUEST GETOUTLET ===
2026-04-02 03:17:15 - getOutlet.php - Method: POST
2026-04-02 03:17:15 - getOutlet.php - POST data: {"tgl":"2026-04-02","encrypt":"7e7f1d062ca9b9e5c530948d57925ffe","id_apl":"APL01","key":"Achma"}
2026-04-02 10:17:15 - getOutlet.php - Params - tgl: 2026-04-02, encrypt: 7e7f1d062ca9b9e5c530948d57925ffe, id_apl: APL01, key: Achma
2026-04-02 10:17:15 - getOutlet.php - Aplikasi ditemukan: Ya
2026-04-02 10:17:15 - getOutlet.php - Key aplikasi: YbcJSFjkds...
2026-04-02 10:17:15 - getOutlet.php - Expected encrypt: 7e7f1d062ca9b9e5c530948d57925ffe
2026-04-02 10:17:15 - getOutlet.php - Received encrypt: 7e7f1d062ca9b9e5c530948d57925ffe
2026-04-02 10:17:15 - getOutlet.php - Authentication berhasil
2026-04-02 10:17:15 - getOutlet.php - Query: SELECT id_out, nama_out, '' AS alamat_out, ofcode_out
            FROM outlet 
            WHERE status_out IN ('Active', '1', 'active')
            AND (nama_out LIKE :key OR ofcode_out LIKE :key)
            ORDER BY nama_out ASC
            LIMIT 20
2026-04-02 10:17:15 - getOutlet.php - Query berhasil, mengembalikan 1 record
2026-04-02 10:17:15 - getOutlet.php - === END REQUEST ===
2026-04-02 03:17:15 - getOutlet.php - === REQUEST GETOUTLET ===
2026-04-02 03:17:15 - getOutlet.php - Method: POST
2026-04-02 03:17:15 - getOutlet.php - POST data: {"tgl":"2026-04-02","encrypt":"7e7f1d062ca9b9e5c530948d57925ffe","id_apl":"APL01","key":"Achmad"}
2026-04-02 10:17:15 - getOutlet.php - Params - tgl: 2026-04-02, encrypt: 7e7f1d062ca9b9e5c530948d57925ffe, id_apl: APL01, key: Achmad
2026-04-02 10:17:15 - getOutlet.php - Aplikasi ditemukan: Ya
2026-04-02 10:17:15 - getOutlet.php - Key aplikasi: YbcJSFjkds...
2026-04-02 10:17:15 - getOutlet.php - Expected encrypt: 7e7f1d062ca9b9e5c530948d57925ffe
2026-04-02 10:17:15 - getOutlet.php - Received encrypt: 7e7f1d062ca9b9e5c530948d57925ffe
2026-04-02 10:17:15 - getOutlet.php - Authentication berhasil
2026-04-02 10:17:15 - getOutlet.php - Query: SELECT id_out, nama_out, '' AS alamat_out, ofcode_out
            FROM outlet 
            WHERE status_out IN ('Active', '1', 'active')
            AND (nama_out LIKE :key OR ofcode_out LIKE :key)
            ORDER BY nama_out ASC
            LIMIT 20
2026-04-02 10:17:15 - getOutlet.php - Query berhasil, mengembalikan 1 record
2026-04-02 10:17:15 - getOutlet.php - === END REQUEST ===
2026-04-02 03:17:17 - getOutlet.php - === REQUEST GETOUTLET ===
2026-04-02 03:17:17 - getOutlet.php - Method: POST
2026-04-02 03:17:17 - getOutlet.php - POST data: {"tgl":"2026-04-02","encrypt":"7e7f1d062ca9b9e5c530948d57925ffe","id_apl":"APL01","key":"RS Achmad Wardi"}
2026-04-02 10:17:17 - getOutlet.php - Params - tgl: 2026-04-02, encrypt: 7e7f1d062ca9b9e5c530948d57925ffe, id_apl: APL01, key: RS Achmad Wardi
2026-04-02 10:17:17 - getOutlet.php - Aplikasi ditemukan: Ya
2026-04-02 10:17:17 - getOutlet.php - Key aplikasi: YbcJSFjkds...
2026-04-02 10:17:17 - getOutlet.php - Expected encrypt: 7e7f1d062ca9b9e5c530948d57925ffe
2026-04-02 10:17:17 - getOutlet.php - Received encrypt: 7e7f1d062ca9b9e5c530948d57925ffe
2026-04-02 10:17:17 - getOutlet.php - Authentication berhasil
2026-04-02 10:17:17 - getOutlet.php - Query: SELECT id_out, nama_out, '' AS alamat_out, ofcode_out
            FROM outlet 
            WHERE status_out IN ('Active', '1', 'active')
            AND (nama_out LIKE :key OR ofcode_out LIKE :key)
            ORDER BY nama_out ASC
            LIMIT 20
2026-04-02 10:17:17 - getOutlet.php - Query berhasil, mengembalikan 1 record
2026-04-02 10:17:17 - getOutlet.php - === END REQUEST ===
2026-04-02 03:17:36 - getOutlet.php - === REQUEST GETOUTLET ===
2026-04-02 03:17:36 - getOutlet.php - Method: POST
2026-04-02 03:17:36 - getOutlet.php - POST data: {"tgl":"2026-04-02","encrypt":"7e7f1d062ca9b9e5c530948d57925ffe","id_apl":"APL01","key":"Pri"}
2026-04-02 10:17:36 - getOutlet.php - Params - tgl: 2026-04-02, encrypt: 7e7f1d062ca9b9e5c530948d57925ffe, id_apl: APL01, key: Pri
2026-04-02 10:17:36 - getOutlet.php - Aplikasi ditemukan: Ya
2026-04-02 10:17:36 - getOutlet.php - Key aplikasi: YbcJSFjkds...
2026-04-02 10:17:36 - getOutlet.php - Expected encrypt: 7e7f1d062ca9b9e5c530948d57925ffe
2026-04-02 10:17:36 - getOutlet.php - Received encrypt: 7e7f1d062ca9b9e5c530948d57925ffe
2026-04-02 10:17:36 - getOutlet.php - Authentication berhasil
2026-04-02 10:17:36 - getOutlet.php - Query: SELECT id_out, nama_out, '' AS alamat_out, ofcode_out
            FROM outlet 
            WHERE status_out IN ('Active', '1', 'active')
            AND (nama_out LIKE :key OR ofcode_out LIKE :key)
            ORDER BY nama_out ASC
            LIMIT 20
2026-04-02 10:17:36 - getOutlet.php - Query berhasil, mengembalikan 20 record
2026-04-02 10:17:36 - getOutlet.php - === END REQUEST ===
2026-04-02 03:17:36 - getOutlet.php - === REQUEST GETOUTLET ===
2026-04-02 03:17:36 - getOutlet.php - Method: POST
2026-04-02 03:17:36 - getOutlet.php - POST data: {"tgl":"2026-04-02","encrypt":"7e7f1d062ca9b9e5c530948d57925ffe","id_apl":"APL01","key":"Pr"}
2026-04-02 10:17:36 - getOutlet.php - Params - tgl: 2026-04-02, encrypt: 7e7f1d062ca9b9e5c530948d57925ffe, id_apl: APL01, key: Pr
2026-04-02 10:17:36 - getOutlet.php - Aplikasi ditemukan: Ya
2026-04-02 10:17:36 - getOutlet.php - Key aplikasi: YbcJSFjkds...
2026-04-02 10:17:36 - getOutlet.php - Expected encrypt: 7e7f1d062ca9b9e5c530948d57925ffe
2026-04-02 10:17:36 - getOutlet.php - Received encrypt: 7e7f1d062ca9b9e5c530948d57925ffe
2026-04-02 10:17:36 - getOutlet.php - Authentication berhasil
2026-04-02 10:17:36 - getOutlet.php - Query: SELECT id_out, nama_out, '' AS alamat_out, ofcode_out
            FROM outlet 
            WHERE status_out IN ('Active', '1', 'active')
            AND (nama_out LIKE :key OR ofcode_out LIKE :key)
            ORDER BY nama_out ASC
            LIMIT 20
2026-04-02 10:17:36 - getOutlet.php - Query berhasil, mengembalikan 20 record
2026-04-02 10:17:36 - getOutlet.php - === END REQUEST ===
2026-04-02 03:17:36 - getOutlet.php - === REQUEST GETOUTLET ===
2026-04-02 03:17:36 - getOutlet.php - Method: POST
2026-04-02 03:17:36 - getOutlet.php - POST data: {"tgl":"2026-04-02","encrypt":"7e7f1d062ca9b9e5c530948d57925ffe","id_apl":"APL01","key":"Prim"}
2026-04-02 10:17:36 - getOutlet.php - Params - tgl: 2026-04-02, encrypt: 7e7f1d062ca9b9e5c530948d57925ffe, id_apl: APL01, key: Prim
2026-04-02 10:17:36 - getOutlet.php - Aplikasi ditemukan: Ya
2026-04-02 10:17:36 - getOutlet.php - Key aplikasi: YbcJSFjkds...
2026-04-02 10:17:36 - getOutlet.php - Expected encrypt: 7e7f1d062ca9b9e5c530948d57925ffe
2026-04-02 10:17:36 - getOutlet.php - Received encrypt: 7e7f1d062ca9b9e5c530948d57925ffe
2026-04-02 10:17:36 - getOutlet.php - Authentication berhasil
2026-04-02 10:17:36 - getOutlet.php - Query: SELECT id_out, nama_out, '' AS alamat_out, ofcode_out
            FROM outlet 
            WHERE status_out IN ('Active', '1', 'active')
            AND (nama_out LIKE :key OR ofcode_out LIKE :key)
            ORDER BY nama_out ASC
            LIMIT 20
2026-04-02 10:17:36 - getOutlet.php - Query berhasil, mengembalikan 20 record
2026-04-02 10:17:36 - getOutlet.php - === END REQUEST ===
2026-04-02 03:17:36 - getOutlet.php - === REQUEST GETOUTLET ===
2026-04-02 03:17:36 - getOutlet.php - Method: POST
2026-04-02 03:17:36 - getOutlet.php - POST data: {"tgl":"2026-04-02","encrypt":"7e7f1d062ca9b9e5c530948d57925ffe","id_apl":"APL01","key":"Prima"}
2026-04-02 10:17:36 - getOutlet.php - Params - tgl: 2026-04-02, encrypt: 7e7f1d062ca9b9e5c530948d57925ffe, id_apl: APL01, key: Prima
2026-04-02 10:17:36 - getOutlet.php - Aplikasi ditemukan: Ya
2026-04-02 10:17:36 - getOutlet.php - Key aplikasi: YbcJSFjkds...
2026-04-02 10:17:36 - getOutlet.php - Expected encrypt: 7e7f1d062ca9b9e5c530948d57925ffe
2026-04-02 10:17:36 - getOutlet.php - Received encrypt: 7e7f1d062ca9b9e5c530948d57925ffe
2026-04-02 10:17:36 - getOutlet.php - Authentication berhasil
2026-04-02 10:17:36 - getOutlet.php - Query: SELECT id_out, nama_out, '' AS alamat_out, ofcode_out
            FROM outlet 
            WHERE status_out IN ('Active', '1', 'active')
            AND (nama_out LIKE :key OR ofcode_out LIKE :key)
            ORDER BY nama_out ASC
            LIMIT 20
2026-04-02 10:17:36 - getOutlet.php - Query berhasil, mengembalikan 20 record
2026-04-02 10:17:36 - getOutlet.php - === END REQUEST ===
2026-04-02 03:17:37 - getOutlet.php - === REQUEST GETOUTLET ===
2026-04-02 03:17:37 - getOutlet.php - Method: POST
2026-04-02 03:17:37 - getOutlet.php - POST data: {"tgl":"2026-04-02","encrypt":"7e7f1d062ca9b9e5c530948d57925ffe","id_apl":"APL01","key":"Primay"}
2026-04-02 10:17:37 - getOutlet.php - Params - tgl: 2026-04-02, encrypt: 7e7f1d062ca9b9e5c530948d57925ffe, id_apl: APL01, key: Primay
2026-04-02 10:17:37 - getOutlet.php - Aplikasi ditemukan: Ya
2026-04-02 10:17:37 - getOutlet.php - Key aplikasi: YbcJSFjkds...
2026-04-02 10:17:37 - getOutlet.php - Expected encrypt: 7e7f1d062ca9b9e5c530948d57925ffe
2026-04-02 10:17:37 - getOutlet.php - Received encrypt: 7e7f1d062ca9b9e5c530948d57925ffe
2026-04-02 10:17:37 - getOutlet.php - Authentication berhasil
2026-04-02 10:17:37 - getOutlet.php - Query: SELECT id_out, nama_out, '' AS alamat_out, ofcode_out
            FROM outlet 
            WHERE status_out IN ('Active', '1', 'active')
            AND (nama_out LIKE :key OR ofcode_out LIKE :key)
            ORDER BY nama_out ASC
            LIMIT 20
2026-04-02 10:17:37 - getOutlet.php - Query berhasil, mengembalikan 12 record
2026-04-02 10:17:37 - getOutlet.php - === END REQUEST ===
2026-04-02 03:17:37 - getOutlet.php - === REQUEST GETOUTLET ===
2026-04-02 03:17:37 - getOutlet.php - Method: POST
2026-04-02 03:17:37 - getOutlet.php - POST data: {"tgl":"2026-04-02","encrypt":"7e7f1d062ca9b9e5c530948d57925ffe","id_apl":"APL01","key":"Primaya"}
2026-04-02 10:17:37 - getOutlet.php - Params - tgl: 2026-04-02, encrypt: 7e7f1d062ca9b9e5c530948d57925ffe, id_apl: APL01, key: Primaya
2026-04-02 10:17:37 - getOutlet.php - Aplikasi ditemukan: Ya
2026-04-02 10:17:37 - getOutlet.php - Key aplikasi: YbcJSFjkds...
2026-04-02 10:17:37 - getOutlet.php - Expected encrypt: 7e7f1d062ca9b9e5c530948d57925ffe
2026-04-02 10:17:37 - getOutlet.php - Received encrypt: 7e7f1d062ca9b9e5c530948d57925ffe
2026-04-02 10:17:37 - getOutlet.php - Authentication berhasil
2026-04-02 10:17:37 - getOutlet.php - Query: SELECT id_out, nama_out, '' AS alamat_out, ofcode_out
            FROM outlet 
            WHERE status_out IN ('Active', '1', 'active')
            AND (nama_out LIKE :key OR ofcode_out LIKE :key)
            ORDER BY nama_out ASC
            LIMIT 20
2026-04-02 10:17:37 - getOutlet.php - Query berhasil, mengembalikan 12 record
2026-04-02 10:17:37 - getOutlet.php - === END REQUEST ===
2026-04-02 03:17:53 - getOutlet.php - === REQUEST GETOUTLET ===
2026-04-02 03:17:53 - getOutlet.php - Method: POST
2026-04-02 03:17:53 - getOutlet.php - POST data: {"tgl":"2026-04-02","encrypt":"7e7f1d062ca9b9e5c530948d57925ffe","id_apl":"APL01","key":"RS Primaya Hospital Tangerang"}
2026-04-02 10:17:53 - getOutlet.php - Params - tgl: 2026-04-02, encrypt: 7e7f1d062ca9b9e5c530948d57925ffe, id_apl: APL01, key: RS Primaya Hospital Tangerang
2026-04-02 10:17:53 - getOutlet.php - Aplikasi ditemukan: Ya
2026-04-02 10:17:53 - getOutlet.php - Key aplikasi: YbcJSFjkds...
2026-04-02 10:17:53 - getOutlet.php - Expected encrypt: 7e7f1d062ca9b9e5c530948d57925ffe
2026-04-02 10:17:53 - getOutlet.php - Received encrypt: 7e7f1d062ca9b9e5c530948d57925ffe
2026-04-02 10:17:53 - getOutlet.php - Authentication berhasil
2026-04-02 10:17:53 - getOutlet.php - Query: SELECT id_out, nama_out, '' AS alamat_out, ofcode_out
            FROM outlet 
            WHERE status_out IN ('Active', '1', 'active')
            AND (nama_out LIKE :key OR ofcode_out LIKE :key)
            ORDER BY nama_out ASC
            LIMIT 20
2026-04-02 10:17:53 - getOutlet.php - Query berhasil, mengembalikan 1 record
2026-04-02 10:17:53 - getOutlet.php - === END REQUEST ===
2026-04-02 03:39:57 - getOutlet.php - === REQUEST GETOUTLET ===
2026-04-02 03:39:57 - getOutlet.php - Method: POST
2026-04-02 03:39:57 - getOutlet.php - POST data: {"tgl":"2026-04-02","encrypt":"7e7f1d062ca9b9e5c530948d57925ffe","id_apl":"APL01","key":"Bo"}
2026-04-02 10:39:57 - getOutlet.php - Params - tgl: 2026-04-02, encrypt: 7e7f1d062ca9b9e5c530948d57925ffe, id_apl: APL01, key: Bo
2026-04-02 10:39:57 - getOutlet.php - Aplikasi ditemukan: Ya
2026-04-02 10:39:57 - getOutlet.php - Key aplikasi: YbcJSFjkds...
2026-04-02 10:39:57 - getOutlet.php - Expected encrypt: 7e7f1d062ca9b9e5c530948d57925ffe
2026-04-02 10:39:57 - getOutlet.php - Received encrypt: 7e7f1d062ca9b9e5c530948d57925ffe
2026-04-02 10:39:57 - getOutlet.php - Authentication berhasil
2026-04-02 10:39:57 - getOutlet.php - Query: SELECT id_out, nama_out, '' AS alamat_out, ofcode_out
            FROM outlet 
            WHERE status_out IN ('Active', '1', 'active')
            AND (nama_out LIKE :key OR ofcode_out LIKE :key)
            ORDER BY nama_out ASC
            LIMIT 20
2026-04-02 10:39:57 - getOutlet.php - Query berhasil, mengembalikan 20 record
2026-04-02 10:39:57 - getOutlet.php - === END REQUEST ===
2026-04-02 03:39:57 - getOutlet.php - === REQUEST GETOUTLET ===
2026-04-02 03:39:57 - getOutlet.php - Method: POST
2026-04-02 03:39:57 - getOutlet.php - POST data: {"tgl":"2026-04-02","encrypt":"7e7f1d062ca9b9e5c530948d57925ffe","id_apl":"APL01","key":"Boo"}
2026-04-02 10:39:57 - getOutlet.php - Params - tgl: 2026-04-02, encrypt: 7e7f1d062ca9b9e5c530948d57925ffe, id_apl: APL01, key: Boo
2026-04-02 10:39:57 - getOutlet.php - Aplikasi ditemukan: Ya
2026-04-02 10:39:57 - getOutlet.php - Key aplikasi: YbcJSFjkds...
2026-04-02 10:39:57 - getOutlet.php - Expected encrypt: 7e7f1d062ca9b9e5c530948d57925ffe
2026-04-02 10:39:57 - getOutlet.php - Received encrypt: 7e7f1d062ca9b9e5c530948d57925ffe
2026-04-02 10:39:57 - getOutlet.php - Authentication berhasil
2026-04-02 10:39:57 - getOutlet.php - Query: SELECT id_out, nama_out, '' AS alamat_out, ofcode_out
            FROM outlet 
            WHERE status_out IN ('Active', '1', 'active')
            AND (nama_out LIKE :key OR ofcode_out LIKE :key)
            ORDER BY nama_out ASC
            LIMIT 20
2026-04-02 10:39:57 - getOutlet.php - Query berhasil, mengembalikan 20 record
2026-04-02 10:39:57 - getOutlet.php - === END REQUEST ===
2026-04-02 03:39:57 - getOutlet.php - === REQUEST GETOUTLET ===
2026-04-02 03:39:57 - getOutlet.php - Method: POST
2026-04-02 03:39:57 - getOutlet.php - POST data: {"tgl":"2026-04-02","encrypt":"7e7f1d062ca9b9e5c530948d57925ffe","id_apl":"APL01","key":"Boot"}
2026-04-02 10:39:57 - getOutlet.php - Params - tgl: 2026-04-02, encrypt: 7e7f1d062ca9b9e5c530948d57925ffe, id_apl: APL01, key: Boot
2026-04-02 10:39:57 - getOutlet.php - Aplikasi ditemukan: Ya
2026-04-02 10:39:57 - getOutlet.php - Key aplikasi: YbcJSFjkds...
2026-04-02 10:39:57 - getOutlet.php - Expected encrypt: 7e7f1d062ca9b9e5c530948d57925ffe
2026-04-02 10:39:57 - getOutlet.php - Received encrypt: 7e7f1d062ca9b9e5c530948d57925ffe
2026-04-02 10:39:57 - getOutlet.php - Authentication berhasil
2026-04-02 10:39:57 - getOutlet.php - Query: SELECT id_out, nama_out, '' AS alamat_out, ofcode_out
            FROM outlet 
            WHERE status_out IN ('Active', '1', 'active')
            AND (nama_out LIKE :key OR ofcode_out LIKE :key)
            ORDER BY nama_out ASC
            LIMIT 20
2026-04-02 10:39:57 - getOutlet.php - Query berhasil, mengembalikan 20 record
2026-04-02 10:39:57 - getOutlet.php - === END REQUEST ===
2026-04-02 03:39:57 - getOutlet.php - === REQUEST GETOUTLET ===
2026-04-02 03:39:57 - getOutlet.php - Method: POST
2026-04-02 03:39:57 - getOutlet.php - POST data: {"tgl":"2026-04-02","encrypt":"7e7f1d062ca9b9e5c530948d57925ffe","id_apl":"APL01","key":"Boots"}
2026-04-02 10:39:57 - getOutlet.php - Params - tgl: 2026-04-02, encrypt: 7e7f1d062ca9b9e5c530948d57925ffe, id_apl: APL01, key: Boots
2026-04-02 10:39:57 - getOutlet.php - Aplikasi ditemukan: Ya
2026-04-02 10:39:57 - getOutlet.php - Key aplikasi: YbcJSFjkds...
2026-04-02 10:39:57 - getOutlet.php - Expected encrypt: 7e7f1d062ca9b9e5c530948d57925ffe
2026-04-02 10:39:57 - getOutlet.php - Received encrypt: 7e7f1d062ca9b9e5c530948d57925ffe
2026-04-02 10:39:57 - getOutlet.php - Authentication berhasil
2026-04-02 10:39:57 - getOutlet.php - Query: SELECT id_out, nama_out, '' AS alamat_out, ofcode_out
            FROM outlet 
            WHERE status_out IN ('Active', '1', 'active')
            AND (nama_out LIKE :key OR ofcode_out LIKE :key)
            ORDER BY nama_out ASC
            LIMIT 20
2026-04-02 10:39:57 - getOutlet.php - Query berhasil, mengembalikan 20 record
2026-04-02 10:39:57 - getOutlet.php - === END REQUEST ===
2026-04-02 03:39:59 - getOutlet.php - === REQUEST GETOUTLET ===
2026-04-02 03:39:59 - getOutlet.php - Method: POST
2026-04-02 03:39:59 - getOutlet.php - POST data: {"tgl":"2026-04-02","encrypt":"7e7f1d062ca9b9e5c530948d57925ffe","id_apl":"APL01","key":"APOTEK BOOTS AEON TANJUNG BARAT"}
2026-04-02 10:39:59 - getOutlet.php - Params - tgl: 2026-04-02, encrypt: 7e7f1d062ca9b9e5c530948d57925ffe, id_apl: APL01, key: APOTEK BOOTS AEON TANJUNG BARAT
2026-04-02 10:39:59 - getOutlet.php - Aplikasi ditemukan: Ya
2026-04-02 10:39:59 - getOutlet.php - Key aplikasi: YbcJSFjkds...
2026-04-02 10:39:59 - getOutlet.php - Expected encrypt: 7e7f1d062ca9b9e5c530948d57925ffe
2026-04-02 10:39:59 - getOutlet.php - Received encrypt: 7e7f1d062ca9b9e5c530948d57925ffe
2026-04-02 10:39:59 - getOutlet.php - Authentication berhasil
2026-04-02 10:39:59 - getOutlet.php - Query: SELECT id_out, nama_out, '' AS alamat_out, ofcode_out
            FROM outlet 
            WHERE status_out IN ('Active', '1', 'active')
            AND (nama_out LIKE :key OR ofcode_out LIKE :key)
            ORDER BY nama_out ASC
            LIMIT 20
2026-04-02 10:39:59 - getOutlet.php - Query berhasil, mengembalikan 1 record
2026-04-02 10:39:59 - getOutlet.php - === END REQUEST ===
2026-04-02 03:40:12 - getOutlet.php - === REQUEST GETOUTLET ===
2026-04-02 03:40:12 - getOutlet.php - Method: POST
2026-04-02 03:40:12 - getOutlet.php - POST data: {"tgl":"2026-04-02","encrypt":"7e7f1d062ca9b9e5c530948d57925ffe","id_apl":"APL01","key":"Bo"}
2026-04-02 10:40:12 - getOutlet.php - Params - tgl: 2026-04-02, encrypt: 7e7f1d062ca9b9e5c530948d57925ffe, id_apl: APL01, key: Bo
2026-04-02 10:40:12 - getOutlet.php - Aplikasi ditemukan: Ya
2026-04-02 10:40:12 - getOutlet.php - Key aplikasi: YbcJSFjkds...
2026-04-02 10:40:12 - getOutlet.php - Expected encrypt: 7e7f1d062ca9b9e5c530948d57925ffe
2026-04-02 10:40:12 - getOutlet.php - Received encrypt: 7e7f1d062ca9b9e5c530948d57925ffe
2026-04-02 10:40:12 - getOutlet.php - Authentication berhasil
2026-04-02 10:40:12 - getOutlet.php - Query: SELECT id_out, nama_out, '' AS alamat_out, ofcode_out
            FROM outlet 
            WHERE status_out IN ('Active', '1', 'active')
            AND (nama_out LIKE :key OR ofcode_out LIKE :key)
            ORDER BY nama_out ASC
            LIMIT 20
2026-04-02 10:40:12 - getOutlet.php - Query berhasil, mengembalikan 20 record
2026-04-02 10:40:12 - getOutlet.php - === END REQUEST ===
2026-04-02 03:40:12 - getOutlet.php - === REQUEST GETOUTLET ===
2026-04-02 03:40:12 - getOutlet.php - Method: POST
2026-04-02 03:40:12 - getOutlet.php - POST data: {"tgl":"2026-04-02","encrypt":"7e7f1d062ca9b9e5c530948d57925ffe","id_apl":"APL01","key":"Boo"}
2026-04-02 10:40:12 - getOutlet.php - Params - tgl: 2026-04-02, encrypt: 7e7f1d062ca9b9e5c530948d57925ffe, id_apl: APL01, key: Boo
2026-04-02 10:40:12 - getOutlet.php - Aplikasi ditemukan: Ya
2026-04-02 10:40:12 - getOutlet.php - Key aplikasi: YbcJSFjkds...
2026-04-02 10:40:12 - getOutlet.php - Expected encrypt: 7e7f1d062ca9b9e5c530948d57925ffe
2026-04-02 10:40:12 - getOutlet.php - Received encrypt: 7e7f1d062ca9b9e5c530948d57925ffe
2026-04-02 10:40:12 - getOutlet.php - Authentication berhasil
2026-04-02 10:40:12 - getOutlet.php - Query: SELECT id_out, nama_out, '' AS alamat_out, ofcode_out
            FROM outlet 
            WHERE status_out IN ('Active', '1', 'active')
            AND (nama_out LIKE :key OR ofcode_out LIKE :key)
            ORDER BY nama_out ASC
            LIMIT 20
2026-04-02 10:40:12 - getOutlet.php - Query berhasil, mengembalikan 20 record
2026-04-02 10:40:12 - getOutlet.php - === END REQUEST ===
2026-04-02 03:40:12 - getOutlet.php - === REQUEST GETOUTLET ===
2026-04-02 03:40:12 - getOutlet.php - Method: POST
2026-04-02 03:40:12 - getOutlet.php - POST data: {"tgl":"2026-04-02","encrypt":"7e7f1d062ca9b9e5c530948d57925ffe","id_apl":"APL01","key":"Boot"}
2026-04-02 10:40:12 - getOutlet.php - Params - tgl: 2026-04-02, encrypt: 7e7f1d062ca9b9e5c530948d57925ffe, id_apl: APL01, key: Boot
2026-04-02 10:40:12 - getOutlet.php - Aplikasi ditemukan: Ya
2026-04-02 10:40:12 - getOutlet.php - Key aplikasi: YbcJSFjkds...
2026-04-02 10:40:12 - getOutlet.php - Expected encrypt: 7e7f1d062ca9b9e5c530948d57925ffe
2026-04-02 10:40:12 - getOutlet.php - Received encrypt: 7e7f1d062ca9b9e5c530948d57925ffe
2026-04-02 10:40:12 - getOutlet.php - Authentication berhasil
2026-04-02 10:40:12 - getOutlet.php - Query: SELECT id_out, nama_out, '' AS alamat_out, ofcode_out
            FROM outlet 
            WHERE status_out IN ('Active', '1', 'active')
            AND (nama_out LIKE :key OR ofcode_out LIKE :key)
            ORDER BY nama_out ASC
            LIMIT 20
2026-04-02 10:40:12 - getOutlet.php - Query berhasil, mengembalikan 20 record
2026-04-02 10:40:12 - getOutlet.php - === END REQUEST ===
2026-04-02 03:40:12 - getOutlet.php - === REQUEST GETOUTLET ===
2026-04-02 03:40:12 - getOutlet.php - Method: POST
2026-04-02 03:40:12 - getOutlet.php - POST data: {"tgl":"2026-04-02","encrypt":"7e7f1d062ca9b9e5c530948d57925ffe","id_apl":"APL01","key":"Boots"}
2026-04-02 10:40:12 - getOutlet.php - Params - tgl: 2026-04-02, encrypt: 7e7f1d062ca9b9e5c530948d57925ffe, id_apl: APL01, key: Boots
2026-04-02 10:40:12 - getOutlet.php - Aplikasi ditemukan: Ya
2026-04-02 10:40:12 - getOutlet.php - Key aplikasi: YbcJSFjkds...
2026-04-02 10:40:12 - getOutlet.php - Expected encrypt: 7e7f1d062ca9b9e5c530948d57925ffe
2026-04-02 10:40:12 - getOutlet.php - Received encrypt: 7e7f1d062ca9b9e5c530948d57925ffe
2026-04-02 10:40:12 - getOutlet.php - Authentication berhasil
2026-04-02 10:40:12 - getOutlet.php - Query: SELECT id_out, nama_out, '' AS alamat_out, ofcode_out
            FROM outlet 
            WHERE status_out IN ('Active', '1', 'active')
            AND (nama_out LIKE :key OR ofcode_out LIKE :key)
            ORDER BY nama_out ASC
            LIMIT 20
2026-04-02 10:40:12 - getOutlet.php - Query berhasil, mengembalikan 20 record
2026-04-02 10:40:12 - getOutlet.php - === END REQUEST ===
2026-04-02 03:40:13 - getOutlet.php - === REQUEST GETOUTLET ===
2026-04-02 03:40:13 - getOutlet.php - Method: POST
2026-04-02 03:40:13 - getOutlet.php - POST data: {"tgl":"2026-04-02","encrypt":"7e7f1d062ca9b9e5c530948d57925ffe","id_apl":"APL01","key":"Boots"}
2026-04-02 10:40:13 - getOutlet.php - Params - tgl: 2026-04-02, encrypt: 7e7f1d062ca9b9e5c530948d57925ffe, id_apl: APL01, key: Boots
2026-04-02 10:40:13 - getOutlet.php - Aplikasi ditemukan: Ya
2026-04-02 10:40:13 - getOutlet.php - Key aplikasi: YbcJSFjkds...
2026-04-02 10:40:13 - getOutlet.php - Expected encrypt: 7e7f1d062ca9b9e5c530948d57925ffe
2026-04-02 10:40:13 - getOutlet.php - Received encrypt: 7e7f1d062ca9b9e5c530948d57925ffe
2026-04-02 10:40:13 - getOutlet.php - Authentication berhasil
2026-04-02 10:40:13 - getOutlet.php - Query: SELECT id_out, nama_out, '' AS alamat_out, ofcode_out
            FROM outlet 
            WHERE status_out IN ('Active', '1', 'active')
            AND (nama_out LIKE :key OR ofcode_out LIKE :key)
            ORDER BY nama_out ASC
            LIMIT 20
2026-04-02 10:40:13 - getOutlet.php - Query berhasil, mengembalikan 20 record
2026-04-02 10:40:13 - getOutlet.php - === END REQUEST ===
2026-04-02 03:40:13 - getOutlet.php - === REQUEST GETOUTLET ===
2026-04-02 03:40:13 - getOutlet.php - Method: POST
2026-04-02 03:40:13 - getOutlet.php - POST data: {"tgl":"2026-04-02","encrypt":"7e7f1d062ca9b9e5c530948d57925ffe","id_apl":"APL01","key":"Boots"}
2026-04-02 10:40:13 - getOutlet.php - Params - tgl: 2026-04-02, encrypt: 7e7f1d062ca9b9e5c530948d57925ffe, id_apl: APL01, key: Boots
2026-04-02 10:40:13 - getOutlet.php - Aplikasi ditemukan: Ya
2026-04-02 10:40:13 - getOutlet.php - Key aplikasi: YbcJSFjkds...
2026-04-02 10:40:13 - getOutlet.php - Expected encrypt: 7e7f1d062ca9b9e5c530948d57925ffe
2026-04-02 10:40:13 - getOutlet.php - Received encrypt: 7e7f1d062ca9b9e5c530948d57925ffe
2026-04-02 10:40:13 - getOutlet.php - Authentication berhasil
2026-04-02 10:40:13 - getOutlet.php - Query: SELECT id_out, nama_out, '' AS alamat_out, ofcode_out
            FROM outlet 
            WHERE status_out IN ('Active', '1', 'active')
            AND (nama_out LIKE :key OR ofcode_out LIKE :key)
            ORDER BY nama_out ASC
            LIMIT 20
2026-04-02 10:40:13 - getOutlet.php - Query berhasil, mengembalikan 20 record
2026-04-02 10:40:13 - getOutlet.php - === END REQUEST ===
2026-04-02 03:40:13 - getOutlet.php - === REQUEST GETOUTLET ===
2026-04-02 03:40:13 - getOutlet.php - Method: POST
2026-04-02 03:40:13 - getOutlet.php - POST data: {"tgl":"2026-04-02","encrypt":"7e7f1d062ca9b9e5c530948d57925ffe","id_apl":"APL01","key":"Boots g"}
2026-04-02 10:40:13 - getOutlet.php - Params - tgl: 2026-04-02, encrypt: 7e7f1d062ca9b9e5c530948d57925ffe, id_apl: APL01, key: Boots g
2026-04-02 10:40:13 - getOutlet.php - Aplikasi ditemukan: Ya
2026-04-02 10:40:13 - getOutlet.php - Key aplikasi: YbcJSFjkds...
2026-04-02 10:40:13 - getOutlet.php - Expected encrypt: 7e7f1d062ca9b9e5c530948d57925ffe
2026-04-02 10:40:13 - getOutlet.php - Received encrypt: 7e7f1d062ca9b9e5c530948d57925ffe
2026-04-02 10:40:13 - getOutlet.php - Authentication berhasil
2026-04-02 10:40:13 - getOutlet.php - Query: SELECT id_out, nama_out, '' AS alamat_out, ofcode_out
            FROM outlet 
            WHERE status_out IN ('Active', '1', 'active')
            AND (nama_out LIKE :key OR ofcode_out LIKE :key)
            ORDER BY nama_out ASC
            LIMIT 20
2026-04-02 10:40:13 - getOutlet.php - Query berhasil, mengembalikan 3 record
2026-04-02 10:40:13 - getOutlet.php - === END REQUEST ===
2026-04-02 03:40:13 - getOutlet.php - === REQUEST GETOUTLET ===
2026-04-02 03:40:13 - getOutlet.php - Method: POST
2026-04-02 03:40:13 - getOutlet.php - POST data: {"tgl":"2026-04-02","encrypt":"7e7f1d062ca9b9e5c530948d57925ffe","id_apl":"APL01","key":"Boots ga"}
2026-04-02 10:40:13 - getOutlet.php - Params - tgl: 2026-04-02, encrypt: 7e7f1d062ca9b9e5c530948d57925ffe, id_apl: APL01, key: Boots ga
2026-04-02 10:40:13 - getOutlet.php - Aplikasi ditemukan: Ya
2026-04-02 10:40:13 - getOutlet.php - Key aplikasi: YbcJSFjkds...
2026-04-02 10:40:13 - getOutlet.php - Expected encrypt: 7e7f1d062ca9b9e5c530948d57925ffe
2026-04-02 10:40:13 - getOutlet.php - Received encrypt: 7e7f1d062ca9b9e5c530948d57925ffe
2026-04-02 10:40:13 - getOutlet.php - Authentication berhasil
2026-04-02 10:40:13 - getOutlet.php - Query: SELECT id_out, nama_out, '' AS alamat_out, ofcode_out
            FROM outlet 
            WHERE status_out IN ('Active', '1', 'active')
            AND (nama_out LIKE :key OR ofcode_out LIKE :key)
            ORDER BY nama_out ASC
            LIMIT 20
2026-04-02 10:40:13 - getOutlet.php - Query berhasil, mengembalikan 1 record
2026-04-02 10:40:13 - getOutlet.php - === END REQUEST ===
2026-04-02 03:40:14 - getOutlet.php - === REQUEST GETOUTLET ===
2026-04-02 03:40:14 - getOutlet.php - Method: POST
2026-04-02 03:40:14 - getOutlet.php - POST data: {"tgl":"2026-04-02","encrypt":"7e7f1d062ca9b9e5c530948d57925ffe","id_apl":"APL01","key":"APOTEK BOOTS GANDARIA CITY"}
2026-04-02 10:40:14 - getOutlet.php - Params - tgl: 2026-04-02, encrypt: 7e7f1d062ca9b9e5c530948d57925ffe, id_apl: APL01, key: APOTEK BOOTS GANDARIA CITY
2026-04-02 10:40:14 - getOutlet.php - Aplikasi ditemukan: Ya
2026-04-02 10:40:14 - getOutlet.php - Key aplikasi: YbcJSFjkds...
2026-04-02 10:40:14 - getOutlet.php - Expected encrypt: 7e7f1d062ca9b9e5c530948d57925ffe
2026-04-02 10:40:14 - getOutlet.php - Received encrypt: 7e7f1d062ca9b9e5c530948d57925ffe
2026-04-02 10:40:14 - getOutlet.php - Authentication berhasil
2026-04-02 10:40:14 - getOutlet.php - Query: SELECT id_out, nama_out, '' AS alamat_out, ofcode_out
            FROM outlet 
            WHERE status_out IN ('Active', '1', 'active')
            AND (nama_out LIKE :key OR ofcode_out LIKE :key)
            ORDER BY nama_out ASC
            LIMIT 20
2026-04-02 10:40:14 - getOutlet.php - Query berhasil, mengembalikan 1 record
2026-04-02 10:40:14 - getOutlet.php - === END REQUEST ===
2026-04-02 03:40:24 - getOutlet.php - === REQUEST GETOUTLET ===
2026-04-02 03:40:24 - getOutlet.php - Method: POST
2026-04-02 03:40:24 - getOutlet.php - POST data: {"tgl":"2026-04-02","encrypt":"7e7f1d062ca9b9e5c530948d57925ffe","id_apl":"APL01","key":"Bo"}
2026-04-02 10:40:24 - getOutlet.php - Params - tgl: 2026-04-02, encrypt: 7e7f1d062ca9b9e5c530948d57925ffe, id_apl: APL01, key: Bo
2026-04-02 10:40:24 - getOutlet.php - Aplikasi ditemukan: Ya
2026-04-02 10:40:24 - getOutlet.php - Key aplikasi: YbcJSFjkds...
2026-04-02 10:40:24 - getOutlet.php - Expected encrypt: 7e7f1d062ca9b9e5c530948d57925ffe
2026-04-02 10:40:24 - getOutlet.php - Received encrypt: 7e7f1d062ca9b9e5c530948d57925ffe
2026-04-02 10:40:24 - getOutlet.php - Authentication berhasil
2026-04-02 10:40:24 - getOutlet.php - Query: SELECT id_out, nama_out, '' AS alamat_out, ofcode_out
            FROM outlet 
            WHERE status_out IN ('Active', '1', 'active')
            AND (nama_out LIKE :key OR ofcode_out LIKE :key)
            ORDER BY nama_out ASC
            LIMIT 20
2026-04-02 10:40:24 - getOutlet.php - Query berhasil, mengembalikan 20 record
2026-04-02 10:40:24 - getOutlet.php - === END REQUEST ===
2026-04-02 03:40:24 - getOutlet.php - === REQUEST GETOUTLET ===
2026-04-02 03:40:24 - getOutlet.php - Method: POST
2026-04-02 03:40:24 - getOutlet.php - POST data: {"tgl":"2026-04-02","encrypt":"7e7f1d062ca9b9e5c530948d57925ffe","id_apl":"APL01","key":"Boo"}
2026-04-02 10:40:24 - getOutlet.php - Params - tgl: 2026-04-02, encrypt: 7e7f1d062ca9b9e5c530948d57925ffe, id_apl: APL01, key: Boo
2026-04-02 10:40:24 - getOutlet.php - Aplikasi ditemukan: Ya
2026-04-02 10:40:24 - getOutlet.php - Key aplikasi: YbcJSFjkds...
2026-04-02 10:40:24 - getOutlet.php - Expected encrypt: 7e7f1d062ca9b9e5c530948d57925ffe
2026-04-02 10:40:24 - getOutlet.php - Received encrypt: 7e7f1d062ca9b9e5c530948d57925ffe
2026-04-02 10:40:24 - getOutlet.php - Authentication berhasil
2026-04-02 10:40:24 - getOutlet.php - Query: SELECT id_out, nama_out, '' AS alamat_out, ofcode_out
            FROM outlet 
            WHERE status_out IN ('Active', '1', 'active')
            AND (nama_out LIKE :key OR ofcode_out LIKE :key)
            ORDER BY nama_out ASC
            LIMIT 20
2026-04-02 10:40:24 - getOutlet.php - Query berhasil, mengembalikan 20 record
2026-04-02 10:40:24 - getOutlet.php - === END REQUEST ===
2026-04-02 03:40:24 - getOutlet.php - === REQUEST GETOUTLET ===
2026-04-02 03:40:24 - getOutlet.php - Method: POST
2026-04-02 03:40:24 - getOutlet.php - POST data: {"tgl":"2026-04-02","encrypt":"7e7f1d062ca9b9e5c530948d57925ffe","id_apl":"APL01","key":"Boot"}
2026-04-02 10:40:24 - getOutlet.php - Params - tgl: 2026-04-02, encrypt: 7e7f1d062ca9b9e5c530948d57925ffe, id_apl: APL01, key: Boot
2026-04-02 10:40:24 - getOutlet.php - Aplikasi ditemukan: Ya
2026-04-02 10:40:24 - getOutlet.php - Key aplikasi: YbcJSFjkds...
2026-04-02 10:40:24 - getOutlet.php - Expected encrypt: 7e7f1d062ca9b9e5c530948d57925ffe
2026-04-02 10:40:24 - getOutlet.php - Received encrypt: 7e7f1d062ca9b9e5c530948d57925ffe
2026-04-02 10:40:24 - getOutlet.php - Authentication berhasil
2026-04-02 10:40:24 - getOutlet.php - Query: SELECT id_out, nama_out, '' AS alamat_out, ofcode_out
            FROM outlet 
            WHERE status_out IN ('Active', '1', 'active')
            AND (nama_out LIKE :key OR ofcode_out LIKE :key)
            ORDER BY nama_out ASC
            LIMIT 20
2026-04-02 10:40:24 - getOutlet.php - Query berhasil, mengembalikan 20 record
2026-04-02 10:40:24 - getOutlet.php - === END REQUEST ===
2026-04-02 03:40:24 - getOutlet.php - === REQUEST GETOUTLET ===
2026-04-02 03:40:24 - getOutlet.php - Method: POST
2026-04-02 03:40:24 - getOutlet.php - POST data: {"tgl":"2026-04-02","encrypt":"7e7f1d062ca9b9e5c530948d57925ffe","id_apl":"APL01","key":"Boots"}
2026-04-02 10:40:24 - getOutlet.php - Params - tgl: 2026-04-02, encrypt: 7e7f1d062ca9b9e5c530948d57925ffe, id_apl: APL01, key: Boots
2026-04-02 10:40:24 - getOutlet.php - Aplikasi ditemukan: Ya
2026-04-02 10:40:24 - getOutlet.php - Key aplikasi: YbcJSFjkds...
2026-04-02 10:40:24 - getOutlet.php - Expected encrypt: 7e7f1d062ca9b9e5c530948d57925ffe
2026-04-02 10:40:24 - getOutlet.php - Received encrypt: 7e7f1d062ca9b9e5c530948d57925ffe
2026-04-02 10:40:24 - getOutlet.php - Authentication berhasil
2026-04-02 10:40:24 - getOutlet.php - Query: SELECT id_out, nama_out, '' AS alamat_out, ofcode_out
            FROM outlet 
            WHERE status_out IN ('Active', '1', 'active')
            AND (nama_out LIKE :key OR ofcode_out LIKE :key)
            ORDER BY nama_out ASC
            LIMIT 20
2026-04-02 10:40:24 - getOutlet.php - Query berhasil, mengembalikan 20 record
2026-04-02 10:40:24 - getOutlet.php - === END REQUEST ===
2026-04-02 03:40:25 - getOutlet.php - === REQUEST GETOUTLET ===
2026-04-02 03:40:25 - getOutlet.php - Method: POST
2026-04-02 03:40:25 - getOutlet.php - POST data: {"tgl":"2026-04-02","encrypt":"7e7f1d062ca9b9e5c530948d57925ffe","id_apl":"APL01","key":"Boots"}
2026-04-02 10:40:25 - getOutlet.php - Params - tgl: 2026-04-02, encrypt: 7e7f1d062ca9b9e5c530948d57925ffe, id_apl: APL01, key: Boots
2026-04-02 10:40:25 - getOutlet.php - Aplikasi ditemukan: Ya
2026-04-02 10:40:25 - getOutlet.php - Key aplikasi: YbcJSFjkds...
2026-04-02 10:40:25 - getOutlet.php - Expected encrypt: 7e7f1d062ca9b9e5c530948d57925ffe
2026-04-02 10:40:25 - getOutlet.php - Received encrypt: 7e7f1d062ca9b9e5c530948d57925ffe
2026-04-02 10:40:25 - getOutlet.php - Authentication berhasil
2026-04-02 10:40:25 - getOutlet.php - Query: SELECT id_out, nama_out, '' AS alamat_out, ofcode_out
            FROM outlet 
            WHERE status_out IN ('Active', '1', 'active')
            AND (nama_out LIKE :key OR ofcode_out LIKE :key)
            ORDER BY nama_out ASC
            LIMIT 20
2026-04-02 10:40:25 - getOutlet.php - Query berhasil, mengembalikan 20 record
2026-04-02 10:40:25 - getOutlet.php - === END REQUEST ===
2026-04-02 03:40:25 - getOutlet.php - === REQUEST GETOUTLET ===
2026-04-02 03:40:25 - getOutlet.php - Method: POST
2026-04-02 03:40:25 - getOutlet.php - POST data: {"tgl":"2026-04-02","encrypt":"7e7f1d062ca9b9e5c530948d57925ffe","id_apl":"APL01","key":"Boots"}
2026-04-02 10:40:25 - getOutlet.php - Params - tgl: 2026-04-02, encrypt: 7e7f1d062ca9b9e5c530948d57925ffe, id_apl: APL01, key: Boots
2026-04-02 10:40:25 - getOutlet.php - Aplikasi ditemukan: Ya
2026-04-02 10:40:25 - getOutlet.php - Key aplikasi: YbcJSFjkds...
2026-04-02 10:40:25 - getOutlet.php - Expected encrypt: 7e7f1d062ca9b9e5c530948d57925ffe
2026-04-02 10:40:25 - getOutlet.php - Received encrypt: 7e7f1d062ca9b9e5c530948d57925ffe
2026-04-02 10:40:25 - getOutlet.php - Authentication berhasil
2026-04-02 10:40:25 - getOutlet.php - Query: SELECT id_out, nama_out, '' AS alamat_out, ofcode_out
            FROM outlet 
            WHERE status_out IN ('Active', '1', 'active')
            AND (nama_out LIKE :key OR ofcode_out LIKE :key)
            ORDER BY nama_out ASC
            LIMIT 20
2026-04-02 10:40:25 - getOutlet.php - Query berhasil, mengembalikan 20 record
2026-04-02 10:40:25 - getOutlet.php - === END REQUEST ===
2026-04-02 03:40:26 - getOutlet.php - === REQUEST GETOUTLET ===
2026-04-02 03:40:26 - getOutlet.php - Method: POST
2026-04-02 03:40:26 - getOutlet.php - POST data: {"tgl":"2026-04-02","encrypt":"7e7f1d062ca9b9e5c530948d57925ffe","id_apl":"APL01","key":"Boots g"}
2026-04-02 10:40:26 - getOutlet.php - Params - tgl: 2026-04-02, encrypt: 7e7f1d062ca9b9e5c530948d57925ffe, id_apl: APL01, key: Boots g
2026-04-02 10:40:26 - getOutlet.php - Aplikasi ditemukan: Ya
2026-04-02 10:40:26 - getOutlet.php - Key aplikasi: YbcJSFjkds...
2026-04-02 10:40:26 - getOutlet.php - Expected encrypt: 7e7f1d062ca9b9e5c530948d57925ffe
2026-04-02 10:40:26 - getOutlet.php - Received encrypt: 7e7f1d062ca9b9e5c530948d57925ffe
2026-04-02 10:40:26 - getOutlet.php - Authentication berhasil
2026-04-02 10:40:26 - getOutlet.php - Query: SELECT id_out, nama_out, '' AS alamat_out, ofcode_out
            FROM outlet 
            WHERE status_out IN ('Active', '1', 'active')
            AND (nama_out LIKE :key OR ofcode_out LIKE :key)
            ORDER BY nama_out ASC
            LIMIT 20
2026-04-02 10:40:26 - getOutlet.php - Query berhasil, mengembalikan 3 record
2026-04-02 10:40:26 - getOutlet.php - === END REQUEST ===
2026-04-02 03:40:26 - getOutlet.php - === REQUEST GETOUTLET ===
2026-04-02 03:40:26 - getOutlet.php - Method: POST
2026-04-02 03:40:26 - getOutlet.php - POST data: {"tgl":"2026-04-02","encrypt":"7e7f1d062ca9b9e5c530948d57925ffe","id_apl":"APL01","key":"Boots ga"}
2026-04-02 10:40:26 - getOutlet.php - Params - tgl: 2026-04-02, encrypt: 7e7f1d062ca9b9e5c530948d57925ffe, id_apl: APL01, key: Boots ga
2026-04-02 10:40:26 - getOutlet.php - Aplikasi ditemukan: Ya
2026-04-02 10:40:26 - getOutlet.php - Key aplikasi: YbcJSFjkds...
2026-04-02 10:40:26 - getOutlet.php - Expected encrypt: 7e7f1d062ca9b9e5c530948d57925ffe
2026-04-02 10:40:26 - getOutlet.php - Received encrypt: 7e7f1d062ca9b9e5c530948d57925ffe
2026-04-02 10:40:26 - getOutlet.php - Authentication berhasil
2026-04-02 10:40:26 - getOutlet.php - Query: SELECT id_out, nama_out, '' AS alamat_out, ofcode_out
            FROM outlet 
            WHERE status_out IN ('Active', '1', 'active')
            AND (nama_out LIKE :key OR ofcode_out LIKE :key)
            ORDER BY nama_out ASC
            LIMIT 20
2026-04-02 10:40:26 - getOutlet.php - Query berhasil, mengembalikan 1 record
2026-04-02 10:40:26 - getOutlet.php - === END REQUEST ===
2026-04-02 03:40:26 - getOutlet.php - === REQUEST GETOUTLET ===
2026-04-02 03:40:26 - getOutlet.php - Method: POST
2026-04-02 03:40:26 - getOutlet.php - POST data: {"tgl":"2026-04-02","encrypt":"7e7f1d062ca9b9e5c530948d57925ffe","id_apl":"APL01","key":"Boots gan"}
2026-04-02 10:40:26 - getOutlet.php - Params - tgl: 2026-04-02, encrypt: 7e7f1d062ca9b9e5c530948d57925ffe, id_apl: APL01, key: Boots gan
2026-04-02 10:40:26 - getOutlet.php - Aplikasi ditemukan: Ya
2026-04-02 10:40:26 - getOutlet.php - Key aplikasi: YbcJSFjkds...
2026-04-02 10:40:26 - getOutlet.php - Expected encrypt: 7e7f1d062ca9b9e5c530948d57925ffe
2026-04-02 10:40:26 - getOutlet.php - Received encrypt: 7e7f1d062ca9b9e5c530948d57925ffe
2026-04-02 10:40:26 - getOutlet.php - Authentication berhasil
2026-04-02 10:40:26 - getOutlet.php - Query: SELECT id_out, nama_out, '' AS alamat_out, ofcode_out
            FROM outlet 
            WHERE status_out IN ('Active', '1', 'active')
            AND (nama_out LIKE :key OR ofcode_out LIKE :key)
            ORDER BY nama_out ASC
            LIMIT 20
2026-04-02 10:40:26 - getOutlet.php - Query berhasil, mengembalikan 1 record
2026-04-02 10:40:26 - getOutlet.php - === END REQUEST ===
2026-04-02 03:40:27 - getOutlet.php - === REQUEST GETOUTLET ===
2026-04-02 03:40:27 - getOutlet.php - Method: POST
2026-04-02 03:40:27 - getOutlet.php - POST data: {"tgl":"2026-04-02","encrypt":"7e7f1d062ca9b9e5c530948d57925ffe","id_apl":"APL01","key":"APOTEK BOOTS GANDARIA CITY"}
2026-04-02 10:40:27 - getOutlet.php - Params - tgl: 2026-04-02, encrypt: 7e7f1d062ca9b9e5c530948d57925ffe, id_apl: APL01, key: APOTEK BOOTS GANDARIA CITY
2026-04-02 10:40:27 - getOutlet.php - Aplikasi ditemukan: Ya
2026-04-02 10:40:27 - getOutlet.php - Key aplikasi: YbcJSFjkds...
2026-04-02 10:40:27 - getOutlet.php - Expected encrypt: 7e7f1d062ca9b9e5c530948d57925ffe
2026-04-02 10:40:27 - getOutlet.php - Received encrypt: 7e7f1d062ca9b9e5c530948d57925ffe
2026-04-02 10:40:27 - getOutlet.php - Authentication berhasil
2026-04-02 10:40:27 - getOutlet.php - Query: SELECT id_out, nama_out, '' AS alamat_out, ofcode_out
            FROM outlet 
            WHERE status_out IN ('Active', '1', 'active')
            AND (nama_out LIKE :key OR ofcode_out LIKE :key)
            ORDER BY nama_out ASC
            LIMIT 20
2026-04-02 10:40:27 - getOutlet.php - Query berhasil, mengembalikan 1 record
2026-04-02 10:40:27 - getOutlet.php - === END REQUEST ===
2026-04-02 03:40:46 - getOutlet.php - === REQUEST GETOUTLET ===
2026-04-02 03:40:46 - getOutlet.php - Method: POST
2026-04-02 03:40:46 - getOutlet.php - POST data: {"tgl":"2026-04-02","encrypt":"7e7f1d062ca9b9e5c530948d57925ffe","id_apl":"APL01","key":"Bo"}
2026-04-02 10:40:46 - getOutlet.php - Params - tgl: 2026-04-02, encrypt: 7e7f1d062ca9b9e5c530948d57925ffe, id_apl: APL01, key: Bo
2026-04-02 10:40:46 - getOutlet.php - Aplikasi ditemukan: Ya
2026-04-02 10:40:46 - getOutlet.php - Key aplikasi: YbcJSFjkds...
2026-04-02 10:40:46 - getOutlet.php - Expected encrypt: 7e7f1d062ca9b9e5c530948d57925ffe
2026-04-02 10:40:46 - getOutlet.php - Received encrypt: 7e7f1d062ca9b9e5c530948d57925ffe
2026-04-02 10:40:46 - getOutlet.php - Authentication berhasil
2026-04-02 10:40:46 - getOutlet.php - Query: SELECT id_out, nama_out, '' AS alamat_out, ofcode_out
            FROM outlet 
            WHERE status_out IN ('Active', '1', 'active')
            AND (nama_out LIKE :key OR ofcode_out LIKE :key)
            ORDER BY nama_out ASC
            LIMIT 20
2026-04-02 10:40:46 - getOutlet.php - Query berhasil, mengembalikan 20 record
2026-04-02 10:40:46 - getOutlet.php - === END REQUEST ===
2026-04-02 03:40:46 - getOutlet.php - === REQUEST GETOUTLET ===
2026-04-02 03:40:46 - getOutlet.php - Method: POST
2026-04-02 03:40:46 - getOutlet.php - POST data: {"tgl":"2026-04-02","encrypt":"7e7f1d062ca9b9e5c530948d57925ffe","id_apl":"APL01","key":"Boo"}
2026-04-02 10:40:46 - getOutlet.php - Params - tgl: 2026-04-02, encrypt: 7e7f1d062ca9b9e5c530948d57925ffe, id_apl: APL01, key: Boo
2026-04-02 10:40:46 - getOutlet.php - Aplikasi ditemukan: Ya
2026-04-02 10:40:46 - getOutlet.php - Key aplikasi: YbcJSFjkds...
2026-04-02 10:40:46 - getOutlet.php - Expected encrypt: 7e7f1d062ca9b9e5c530948d57925ffe
2026-04-02 10:40:46 - getOutlet.php - Received encrypt: 7e7f1d062ca9b9e5c530948d57925ffe
2026-04-02 10:40:46 - getOutlet.php - Authentication berhasil
2026-04-02 10:40:46 - getOutlet.php - Query: SELECT id_out, nama_out, '' AS alamat_out, ofcode_out
            FROM outlet 
            WHERE status_out IN ('Active', '1', 'active')
            AND (nama_out LIKE :key OR ofcode_out LIKE :key)
            ORDER BY nama_out ASC
            LIMIT 20
2026-04-02 10:40:46 - getOutlet.php - Query berhasil, mengembalikan 20 record
2026-04-02 10:40:46 - getOutlet.php - === END REQUEST ===
2026-04-02 03:40:46 - getOutlet.php - === REQUEST GETOUTLET ===
2026-04-02 03:40:46 - getOutlet.php - Method: POST
2026-04-02 03:40:46 - getOutlet.php - POST data: {"tgl":"2026-04-02","encrypt":"7e7f1d062ca9b9e5c530948d57925ffe","id_apl":"APL01","key":"Boot"}
2026-04-02 10:40:46 - getOutlet.php - Params - tgl: 2026-04-02, encrypt: 7e7f1d062ca9b9e5c530948d57925ffe, id_apl: APL01, key: Boot
2026-04-02 10:40:46 - getOutlet.php - Aplikasi ditemukan: Ya
2026-04-02 10:40:46 - getOutlet.php - Key aplikasi: YbcJSFjkds...
2026-04-02 10:40:46 - getOutlet.php - Expected encrypt: 7e7f1d062ca9b9e5c530948d57925ffe
2026-04-02 10:40:46 - getOutlet.php - Received encrypt: 7e7f1d062ca9b9e5c530948d57925ffe
2026-04-02 10:40:46 - getOutlet.php - Authentication berhasil
2026-04-02 10:40:46 - getOutlet.php - Query: SELECT id_out, nama_out, '' AS alamat_out, ofcode_out
            FROM outlet 
            WHERE status_out IN ('Active', '1', 'active')
            AND (nama_out LIKE :key OR ofcode_out LIKE :key)
            ORDER BY nama_out ASC
            LIMIT 20
2026-04-02 10:40:46 - getOutlet.php - Query berhasil, mengembalikan 20 record
2026-04-02 10:40:46 - getOutlet.php - === END REQUEST ===
2026-04-02 03:40:47 - getOutlet.php - === REQUEST GETOUTLET ===
2026-04-02 03:40:47 - getOutlet.php - Method: POST
2026-04-02 03:40:47 - getOutlet.php - POST data: {"tgl":"2026-04-02","encrypt":"7e7f1d062ca9b9e5c530948d57925ffe","id_apl":"APL01","key":"Boots"}
2026-04-02 10:40:47 - getOutlet.php - Params - tgl: 2026-04-02, encrypt: 7e7f1d062ca9b9e5c530948d57925ffe, id_apl: APL01, key: Boots
2026-04-02 10:40:47 - getOutlet.php - Aplikasi ditemukan: Ya
2026-04-02 10:40:47 - getOutlet.php - Key aplikasi: YbcJSFjkds...
2026-04-02 10:40:47 - getOutlet.php - Expected encrypt: 7e7f1d062ca9b9e5c530948d57925ffe
2026-04-02 10:40:47 - getOutlet.php - Received encrypt: 7e7f1d062ca9b9e5c530948d57925ffe
2026-04-02 10:40:47 - getOutlet.php - Authentication berhasil
2026-04-02 10:40:47 - getOutlet.php - Query: SELECT id_out, nama_out, '' AS alamat_out, ofcode_out
            FROM outlet 
            WHERE status_out IN ('Active', '1', 'active')
            AND (nama_out LIKE :key OR ofcode_out LIKE :key)
            ORDER BY nama_out ASC
            LIMIT 20
2026-04-02 10:40:47 - getOutlet.php - Query berhasil, mengembalikan 20 record
2026-04-02 10:40:47 - getOutlet.php - === END REQUEST ===
2026-04-02 03:40:48 - getOutlet.php - === REQUEST GETOUTLET ===
2026-04-02 03:40:48 - getOutlet.php - === REQUEST GETOUTLET ===
2026-04-02 03:40:48 - getOutlet.php - Method: POST
2026-04-02 03:40:48 - getOutlet.php - Method: POST
2026-04-02 03:40:48 - getOutlet.php - POST data: {"tgl":"2026-04-02","encrypt":"7e7f1d062ca9b9e5c530948d57925ffe","id_apl":"APL01","key":"Boots"}
2026-04-02 03:40:48 - getOutlet.php - POST data: {"tgl":"2026-04-02","encrypt":"7e7f1d062ca9b9e5c530948d57925ffe","id_apl":"APL01","key":"Boots"}
2026-04-02 10:40:48 - getOutlet.php - Params - tgl: 2026-04-02, encrypt: 7e7f1d062ca9b9e5c530948d57925ffe, id_apl: APL01, key: Boots
2026-04-02 10:40:48 - getOutlet.php - Params - tgl: 2026-04-02, encrypt: 7e7f1d062ca9b9e5c530948d57925ffe, id_apl: APL01, key: Boots
2026-04-02 10:40:48 - getOutlet.php - Aplikasi ditemukan: Ya
2026-04-02 10:40:48 - getOutlet.php - Key aplikasi: YbcJSFjkds...
2026-04-02 10:40:48 - getOutlet.php - Expected encrypt: 7e7f1d062ca9b9e5c530948d57925ffe
2026-04-02 10:40:48 - getOutlet.php - Received encrypt: 7e7f1d062ca9b9e5c530948d57925ffe
2026-04-02 10:40:48 - getOutlet.php - Authentication berhasil
2026-04-02 10:40:48 - getOutlet.php - Aplikasi ditemukan: Ya
2026-04-02 10:40:48 - getOutlet.php - Key aplikasi: YbcJSFjkds...
2026-04-02 10:40:48 - getOutlet.php - Expected encrypt: 7e7f1d062ca9b9e5c530948d57925ffe
2026-04-02 10:40:48 - getOutlet.php - Received encrypt: 7e7f1d062ca9b9e5c530948d57925ffe
2026-04-02 10:40:48 - getOutlet.php - Authentication berhasil
2026-04-02 10:40:48 - getOutlet.php - Query: SELECT id_out, nama_out, '' AS alamat_out, ofcode_out
            FROM outlet 
            WHERE status_out IN ('Active', '1', 'active')
            AND (nama_out LIKE :key OR ofcode_out LIKE :key)
            ORDER BY nama_out ASC
            LIMIT 20
2026-04-02 10:40:48 - getOutlet.php - Query: SELECT id_out, nama_out, '' AS alamat_out, ofcode_out
            FROM outlet 
            WHERE status_out IN ('Active', '1', 'active')
            AND (nama_out LIKE :key OR ofcode_out LIKE :key)
            ORDER BY nama_out ASC
            LIMIT 20
2026-04-02 10:40:48 - getOutlet.php - Query berhasil, mengembalikan 20 record
2026-04-02 10:40:48 - getOutlet.php - Query berhasil, mengembalikan 20 record
2026-04-02 10:40:48 - getOutlet.php - === END REQUEST ===
2026-04-02 10:40:48 - getOutlet.php - === END REQUEST ===
2026-04-02 03:40:48 - getOutlet.php - === REQUEST GETOUTLET ===
2026-04-02 03:40:48 - getOutlet.php - Method: POST
2026-04-02 03:40:48 - getOutlet.php - POST data: {"tgl":"2026-04-02","encrypt":"7e7f1d062ca9b9e5c530948d57925ffe","id_apl":"APL01","key":"Boots s"}
2026-04-02 10:40:48 - getOutlet.php - Params - tgl: 2026-04-02, encrypt: 7e7f1d062ca9b9e5c530948d57925ffe, id_apl: APL01, key: Boots s
2026-04-02 10:40:48 - getOutlet.php - Aplikasi ditemukan: Ya
2026-04-02 10:40:48 - getOutlet.php - Key aplikasi: YbcJSFjkds...
2026-04-02 10:40:48 - getOutlet.php - Expected encrypt: 7e7f1d062ca9b9e5c530948d57925ffe
2026-04-02 10:40:48 - getOutlet.php - Received encrypt: 7e7f1d062ca9b9e5c530948d57925ffe
2026-04-02 10:40:48 - getOutlet.php - Authentication berhasil
2026-04-02 10:40:48 - getOutlet.php - Query: SELECT id_out, nama_out, '' AS alamat_out, ofcode_out
            FROM outlet 
            WHERE status_out IN ('Active', '1', 'active')
            AND (nama_out LIKE :key OR ofcode_out LIKE :key)
            ORDER BY nama_out ASC
            LIMIT 20
2026-04-02 10:40:48 - getOutlet.php - Query berhasil, mengembalikan 5 record
2026-04-02 10:40:48 - getOutlet.php - === END REQUEST ===
2026-04-02 03:40:48 - getOutlet.php - === REQUEST GETOUTLET ===
2026-04-02 03:40:48 - getOutlet.php - Method: POST
2026-04-02 03:40:48 - getOutlet.php - POST data: {"tgl":"2026-04-02","encrypt":"7e7f1d062ca9b9e5c530948d57925ffe","id_apl":"APL01","key":"Boots se"}
2026-04-02 10:40:48 - getOutlet.php - Params - tgl: 2026-04-02, encrypt: 7e7f1d062ca9b9e5c530948d57925ffe, id_apl: APL01, key: Boots se
2026-04-02 10:40:48 - getOutlet.php - Aplikasi ditemukan: Ya
2026-04-02 10:40:48 - getOutlet.php - Key aplikasi: YbcJSFjkds...
2026-04-02 10:40:48 - getOutlet.php - Expected encrypt: 7e7f1d062ca9b9e5c530948d57925ffe
2026-04-02 10:40:48 - getOutlet.php - Received encrypt: 7e7f1d062ca9b9e5c530948d57925ffe
2026-04-02 10:40:48 - getOutlet.php - Authentication berhasil
2026-04-02 10:40:48 - getOutlet.php - Query: SELECT id_out, nama_out, '' AS alamat_out, ofcode_out
            FROM outlet 
            WHERE status_out IN ('Active', '1', 'active')
            AND (nama_out LIKE :key OR ofcode_out LIKE :key)
            ORDER BY nama_out ASC
            LIMIT 20
2026-04-02 10:40:48 - getOutlet.php - Query berhasil, mengembalikan 1 record
2026-04-02 10:40:48 - getOutlet.php - === END REQUEST ===
2026-04-02 03:40:49 - getOutlet.php - === REQUEST GETOUTLET ===
2026-04-02 03:40:49 - getOutlet.php - Method: POST
2026-04-02 03:40:49 - getOutlet.php - POST data: {"tgl":"2026-04-02","encrypt":"7e7f1d062ca9b9e5c530948d57925ffe","id_apl":"APL01","key":"APOTEK BOOTS SENAYAN CITY"}
2026-04-02 10:40:49 - getOutlet.php - Params - tgl: 2026-04-02, encrypt: 7e7f1d062ca9b9e5c530948d57925ffe, id_apl: APL01, key: APOTEK BOOTS SENAYAN CITY
2026-04-02 10:40:49 - getOutlet.php - Aplikasi ditemukan: Ya
2026-04-02 10:40:49 - getOutlet.php - Key aplikasi: YbcJSFjkds...
2026-04-02 10:40:49 - getOutlet.php - Expected encrypt: 7e7f1d062ca9b9e5c530948d57925ffe
2026-04-02 10:40:49 - getOutlet.php - Received encrypt: 7e7f1d062ca9b9e5c530948d57925ffe
2026-04-02 10:40:49 - getOutlet.php - Authentication berhasil
2026-04-02 10:40:49 - getOutlet.php - Query: SELECT id_out, nama_out, '' AS alamat_out, ofcode_out
            FROM outlet 
            WHERE status_out IN ('Active', '1', 'active')
            AND (nama_out LIKE :key OR ofcode_out LIKE :key)
            ORDER BY nama_out ASC
            LIMIT 20
2026-04-02 10:40:49 - getOutlet.php - Query berhasil, mengembalikan 1 record
2026-04-02 10:40:49 - getOutlet.php - === END REQUEST ===
2026-04-02 03:40:56 - getOutlet.php - === REQUEST GETOUTLET ===
2026-04-02 03:40:56 - getOutlet.php - Method: POST
2026-04-02 03:40:56 - getOutlet.php - POST data: {"tgl":"2026-04-02","encrypt":"7e7f1d062ca9b9e5c530948d57925ffe","id_apl":"APL01","key":"Bo"}
2026-04-02 10:40:56 - getOutlet.php - Params - tgl: 2026-04-02, encrypt: 7e7f1d062ca9b9e5c530948d57925ffe, id_apl: APL01, key: Bo
2026-04-02 10:40:56 - getOutlet.php - Aplikasi ditemukan: Ya
2026-04-02 10:40:56 - getOutlet.php - Key aplikasi: YbcJSFjkds...
2026-04-02 10:40:56 - getOutlet.php - Expected encrypt: 7e7f1d062ca9b9e5c530948d57925ffe
2026-04-02 10:40:56 - getOutlet.php - Received encrypt: 7e7f1d062ca9b9e5c530948d57925ffe
2026-04-02 10:40:56 - getOutlet.php - Authentication berhasil
2026-04-02 10:40:56 - getOutlet.php - Query: SELECT id_out, nama_out, '' AS alamat_out, ofcode_out
            FROM outlet 
            WHERE status_out IN ('Active', '1', 'active')
            AND (nama_out LIKE :key OR ofcode_out LIKE :key)
            ORDER BY nama_out ASC
            LIMIT 20
2026-04-02 10:40:56 - getOutlet.php - Query berhasil, mengembalikan 20 record
2026-04-02 10:40:56 - getOutlet.php - === END REQUEST ===
2026-04-02 03:40:56 - getOutlet.php - === REQUEST GETOUTLET ===
2026-04-02 03:40:56 - getOutlet.php - Method: POST
2026-04-02 03:40:56 - getOutlet.php - POST data: {"tgl":"2026-04-02","encrypt":"7e7f1d062ca9b9e5c530948d57925ffe","id_apl":"APL01","key":"Boo"}
2026-04-02 10:40:56 - getOutlet.php - Params - tgl: 2026-04-02, encrypt: 7e7f1d062ca9b9e5c530948d57925ffe, id_apl: APL01, key: Boo
2026-04-02 10:40:56 - getOutlet.php - Aplikasi ditemukan: Ya
2026-04-02 10:40:56 - getOutlet.php - Key aplikasi: YbcJSFjkds...
2026-04-02 10:40:56 - getOutlet.php - Expected encrypt: 7e7f1d062ca9b9e5c530948d57925ffe
2026-04-02 10:40:56 - getOutlet.php - Received encrypt: 7e7f1d062ca9b9e5c530948d57925ffe
2026-04-02 10:40:56 - getOutlet.php - Authentication berhasil
2026-04-02 10:40:56 - getOutlet.php - Query: SELECT id_out, nama_out, '' AS alamat_out, ofcode_out
            FROM outlet 
            WHERE status_out IN ('Active', '1', 'active')
            AND (nama_out LIKE :key OR ofcode_out LIKE :key)
            ORDER BY nama_out ASC
            LIMIT 20
2026-04-02 10:40:56 - getOutlet.php - Query berhasil, mengembalikan 20 record
2026-04-02 10:40:56 - getOutlet.php - === END REQUEST ===
2026-04-02 03:40:56 - getOutlet.php - === REQUEST GETOUTLET ===
2026-04-02 03:40:56 - getOutlet.php - Method: POST
2026-04-02 03:40:56 - getOutlet.php - POST data: {"tgl":"2026-04-02","encrypt":"7e7f1d062ca9b9e5c530948d57925ffe","id_apl":"APL01","key":"Boot"}
2026-04-02 10:40:56 - getOutlet.php - Params - tgl: 2026-04-02, encrypt: 7e7f1d062ca9b9e5c530948d57925ffe, id_apl: APL01, key: Boot
2026-04-02 10:40:56 - getOutlet.php - Aplikasi ditemukan: Ya
2026-04-02 10:40:56 - getOutlet.php - Key aplikasi: YbcJSFjkds...
2026-04-02 10:40:56 - getOutlet.php - Expected encrypt: 7e7f1d062ca9b9e5c530948d57925ffe
2026-04-02 10:40:56 - getOutlet.php - Received encrypt: 7e7f1d062ca9b9e5c530948d57925ffe
2026-04-02 10:40:56 - getOutlet.php - Authentication berhasil
2026-04-02 10:40:56 - getOutlet.php - Query: SELECT id_out, nama_out, '' AS alamat_out, ofcode_out
            FROM outlet 
            WHERE status_out IN ('Active', '1', 'active')
            AND (nama_out LIKE :key OR ofcode_out LIKE :key)
            ORDER BY nama_out ASC
            LIMIT 20
2026-04-02 10:40:56 - getOutlet.php - Query berhasil, mengembalikan 20 record
2026-04-02 10:40:56 - getOutlet.php - === END REQUEST ===
2026-04-02 03:40:56 - getOutlet.php - === REQUEST GETOUTLET ===
2026-04-02 03:40:56 - getOutlet.php - Method: POST
2026-04-02 03:40:56 - getOutlet.php - POST data: {"tgl":"2026-04-02","encrypt":"7e7f1d062ca9b9e5c530948d57925ffe","id_apl":"APL01","key":"Boots"}
2026-04-02 10:40:56 - getOutlet.php - Params - tgl: 2026-04-02, encrypt: 7e7f1d062ca9b9e5c530948d57925ffe, id_apl: APL01, key: Boots
2026-04-02 10:40:56 - getOutlet.php - Aplikasi ditemukan: Ya
2026-04-02 10:40:56 - getOutlet.php - Key aplikasi: YbcJSFjkds...
2026-04-02 10:40:56 - getOutlet.php - Expected encrypt: 7e7f1d062ca9b9e5c530948d57925ffe
2026-04-02 10:40:56 - getOutlet.php - Received encrypt: 7e7f1d062ca9b9e5c530948d57925ffe
2026-04-02 10:40:56 - getOutlet.php - Authentication berhasil
2026-04-02 10:40:56 - getOutlet.php - Query: SELECT id_out, nama_out, '' AS alamat_out, ofcode_out
            FROM outlet 
            WHERE status_out IN ('Active', '1', 'active')
            AND (nama_out LIKE :key OR ofcode_out LIKE :key)
            ORDER BY nama_out ASC
            LIMIT 20
2026-04-02 10:40:56 - getOutlet.php - Query berhasil, mengembalikan 20 record
2026-04-02 10:40:56 - getOutlet.php - === END REQUEST ===
2026-04-02 03:40:56 - getOutlet.php - === REQUEST GETOUTLET ===
2026-04-02 03:40:56 - getOutlet.php - Method: POST
2026-04-02 03:40:56 - getOutlet.php - POST data: {"tgl":"2026-04-02","encrypt":"7e7f1d062ca9b9e5c530948d57925ffe","id_apl":"APL01","key":"Boots"}
2026-04-02 10:40:56 - getOutlet.php - Params - tgl: 2026-04-02, encrypt: 7e7f1d062ca9b9e5c530948d57925ffe, id_apl: APL01, key: Boots
2026-04-02 10:40:56 - getOutlet.php - Aplikasi ditemukan: Ya
2026-04-02 10:40:56 - getOutlet.php - Key aplikasi: YbcJSFjkds...
2026-04-02 10:40:56 - getOutlet.php - Expected encrypt: 7e7f1d062ca9b9e5c530948d57925ffe
2026-04-02 10:40:56 - getOutlet.php - Received encrypt: 7e7f1d062ca9b9e5c530948d57925ffe
2026-04-02 10:40:56 - getOutlet.php - Authentication berhasil
2026-04-02 10:40:56 - getOutlet.php - Query: SELECT id_out, nama_out, '' AS alamat_out, ofcode_out
            FROM outlet 
            WHERE status_out IN ('Active', '1', 'active')
            AND (nama_out LIKE :key OR ofcode_out LIKE :key)
            ORDER BY nama_out ASC
            LIMIT 20
2026-04-02 10:40:56 - getOutlet.php - Query berhasil, mengembalikan 20 record
2026-04-02 10:40:56 - getOutlet.php - === END REQUEST ===
2026-04-02 03:40:56 - getOutlet.php - === REQUEST GETOUTLET ===
2026-04-02 03:40:56 - getOutlet.php - Method: POST
2026-04-02 03:40:56 - getOutlet.php - POST data: {"tgl":"2026-04-02","encrypt":"7e7f1d062ca9b9e5c530948d57925ffe","id_apl":"APL01","key":"Boots"}
2026-04-02 10:40:56 - getOutlet.php - Params - tgl: 2026-04-02, encrypt: 7e7f1d062ca9b9e5c530948d57925ffe, id_apl: APL01, key: Boots
2026-04-02 10:40:56 - getOutlet.php - Aplikasi ditemukan: Ya
2026-04-02 10:40:56 - getOutlet.php - Key aplikasi: YbcJSFjkds...
2026-04-02 10:40:56 - getOutlet.php - Expected encrypt: 7e7f1d062ca9b9e5c530948d57925ffe
2026-04-02 10:40:56 - getOutlet.php - Received encrypt: 7e7f1d062ca9b9e5c530948d57925ffe
2026-04-02 10:40:56 - getOutlet.php - Authentication berhasil
2026-04-02 10:40:56 - getOutlet.php - Query: SELECT id_out, nama_out, '' AS alamat_out, ofcode_out
            FROM outlet 
            WHERE status_out IN ('Active', '1', 'active')
            AND (nama_out LIKE :key OR ofcode_out LIKE :key)
            ORDER BY nama_out ASC
            LIMIT 20
2026-04-02 10:40:57 - getOutlet.php - Query berhasil, mengembalikan 20 record
2026-04-02 10:40:57 - getOutlet.php - === END REQUEST ===
2026-04-02 03:40:57 - getOutlet.php - === REQUEST GETOUTLET ===
2026-04-02 03:40:57 - getOutlet.php - Method: POST
2026-04-02 03:40:57 - getOutlet.php - POST data: {"tgl":"2026-04-02","encrypt":"7e7f1d062ca9b9e5c530948d57925ffe","id_apl":"APL01","key":"Boots s"}
2026-04-02 10:40:57 - getOutlet.php - Params - tgl: 2026-04-02, encrypt: 7e7f1d062ca9b9e5c530948d57925ffe, id_apl: APL01, key: Boots s
2026-04-02 10:40:57 - getOutlet.php - Aplikasi ditemukan: Ya
2026-04-02 10:40:57 - getOutlet.php - Key aplikasi: YbcJSFjkds...
2026-04-02 10:40:57 - getOutlet.php - Expected encrypt: 7e7f1d062ca9b9e5c530948d57925ffe
2026-04-02 10:40:57 - getOutlet.php - Received encrypt: 7e7f1d062ca9b9e5c530948d57925ffe
2026-04-02 10:40:57 - getOutlet.php - Authentication berhasil
2026-04-02 10:40:57 - getOutlet.php - Query: SELECT id_out, nama_out, '' AS alamat_out, ofcode_out
            FROM outlet 
            WHERE status_out IN ('Active', '1', 'active')
            AND (nama_out LIKE :key OR ofcode_out LIKE :key)
            ORDER BY nama_out ASC
            LIMIT 20
2026-04-02 10:40:57 - getOutlet.php - Query berhasil, mengembalikan 5 record
2026-04-02 10:40:57 - getOutlet.php - === END REQUEST ===
2026-04-02 03:40:57 - getOutlet.php - === REQUEST GETOUTLET ===
2026-04-02 03:40:57 - getOutlet.php - Method: POST
2026-04-02 03:40:57 - getOutlet.php - POST data: {"tgl":"2026-04-02","encrypt":"7e7f1d062ca9b9e5c530948d57925ffe","id_apl":"APL01","key":"Boots so"}
2026-04-02 10:40:57 - getOutlet.php - Params - tgl: 2026-04-02, encrypt: 7e7f1d062ca9b9e5c530948d57925ffe, id_apl: APL01, key: Boots so
2026-04-02 10:40:57 - getOutlet.php - Aplikasi ditemukan: Ya
2026-04-02 10:40:57 - getOutlet.php - Key aplikasi: YbcJSFjkds...
2026-04-02 10:40:57 - getOutlet.php - Expected encrypt: 7e7f1d062ca9b9e5c530948d57925ffe
2026-04-02 10:40:57 - getOutlet.php - Received encrypt: 7e7f1d062ca9b9e5c530948d57925ffe
2026-04-02 10:40:57 - getOutlet.php - Authentication berhasil
2026-04-02 10:40:57 - getOutlet.php - Query: SELECT id_out, nama_out, '' AS alamat_out, ofcode_out
            FROM outlet 
            WHERE status_out IN ('Active', '1', 'active')
            AND (nama_out LIKE :key OR ofcode_out LIKE :key)
            ORDER BY nama_out ASC
            LIMIT 20
2026-04-02 10:40:57 - getOutlet.php - Query berhasil, mengembalikan 3 record
2026-04-02 10:40:57 - getOutlet.php - === END REQUEST ===
2026-04-02 03:40:58 - getOutlet.php - === REQUEST GETOUTLET ===
2026-04-02 03:40:58 - getOutlet.php - Method: POST
2026-04-02 03:40:58 - getOutlet.php - POST data: {"tgl":"2026-04-02","encrypt":"7e7f1d062ca9b9e5c530948d57925ffe","id_apl":"APL01","key":"Boots sog"}
2026-04-02 10:40:58 - getOutlet.php - Params - tgl: 2026-04-02, encrypt: 7e7f1d062ca9b9e5c530948d57925ffe, id_apl: APL01, key: Boots sog
2026-04-02 10:40:58 - getOutlet.php - Aplikasi ditemukan: Ya
2026-04-02 10:40:58 - getOutlet.php - Key aplikasi: YbcJSFjkds...
2026-04-02 10:40:58 - getOutlet.php - Expected encrypt: 7e7f1d062ca9b9e5c530948d57925ffe
2026-04-02 10:40:58 - getOutlet.php - Received encrypt: 7e7f1d062ca9b9e5c530948d57925ffe
2026-04-02 10:40:58 - getOutlet.php - Authentication berhasil
2026-04-02 10:40:58 - getOutlet.php - Query: SELECT id_out, nama_out, '' AS alamat_out, ofcode_out
            FROM outlet 
            WHERE status_out IN ('Active', '1', 'active')
            AND (nama_out LIKE :key OR ofcode_out LIKE :key)
            ORDER BY nama_out ASC
            LIMIT 20
2026-04-02 10:40:58 - getOutlet.php - Query berhasil, mengembalikan 3 record
2026-04-02 10:40:58 - getOutlet.php - === END REQUEST ===
2026-04-02 03:40:58 - getOutlet.php - === REQUEST GETOUTLET ===
2026-04-02 03:40:58 - getOutlet.php - Method: POST
2026-04-02 03:40:58 - getOutlet.php - POST data: {"tgl":"2026-04-02","encrypt":"7e7f1d062ca9b9e5c530948d57925ffe","id_apl":"APL01","key":"Boots sogo"}
2026-04-02 10:40:58 - getOutlet.php - Params - tgl: 2026-04-02, encrypt: 7e7f1d062ca9b9e5c530948d57925ffe, id_apl: APL01, key: Boots sogo
2026-04-02 10:40:58 - getOutlet.php - Aplikasi ditemukan: Ya
2026-04-02 10:40:58 - getOutlet.php - Key aplikasi: YbcJSFjkds...
2026-04-02 10:40:58 - getOutlet.php - Expected encrypt: 7e7f1d062ca9b9e5c530948d57925ffe
2026-04-02 10:40:58 - getOutlet.php - Received encrypt: 7e7f1d062ca9b9e5c530948d57925ffe
2026-04-02 10:40:58 - getOutlet.php - Authentication berhasil
2026-04-02 10:40:58 - getOutlet.php - Query: SELECT id_out, nama_out, '' AS alamat_out, ofcode_out
            FROM outlet 
            WHERE status_out IN ('Active', '1', 'active')
            AND (nama_out LIKE :key OR ofcode_out LIKE :key)
            ORDER BY nama_out ASC
            LIMIT 20
2026-04-02 10:40:58 - getOutlet.php - Query berhasil, mengembalikan 3 record
2026-04-02 10:40:58 - getOutlet.php - === END REQUEST ===
2026-04-02 03:41:00 - getOutlet.php - === REQUEST GETOUTLET ===
2026-04-02 03:41:00 - getOutlet.php - Method: POST
2026-04-02 03:41:00 - getOutlet.php - POST data: {"tgl":"2026-04-02","encrypt":"7e7f1d062ca9b9e5c530948d57925ffe","id_apl":"APL01","key":"APOTEK BOOTS SOGO PLAZA SENAYAN"}
2026-04-02 10:41:00 - getOutlet.php - Params - tgl: 2026-04-02, encrypt: 7e7f1d062ca9b9e5c530948d57925ffe, id_apl: APL01, key: APOTEK BOOTS SOGO PLAZA SENAYAN
2026-04-02 10:41:00 - getOutlet.php - Aplikasi ditemukan: Ya
2026-04-02 10:41:00 - getOutlet.php - Key aplikasi: YbcJSFjkds...
2026-04-02 10:41:00 - getOutlet.php - Expected encrypt: 7e7f1d062ca9b9e5c530948d57925ffe
2026-04-02 10:41:00 - getOutlet.php - Received encrypt: 7e7f1d062ca9b9e5c530948d57925ffe
2026-04-02 10:41:00 - getOutlet.php - Authentication berhasil
2026-04-02 10:41:00 - getOutlet.php - Query: SELECT id_out, nama_out, '' AS alamat_out, ofcode_out
            FROM outlet 
            WHERE status_out IN ('Active', '1', 'active')
            AND (nama_out LIKE :key OR ofcode_out LIKE :key)
            ORDER BY nama_out ASC
            LIMIT 20
2026-04-02 10:41:00 - getOutlet.php - Query berhasil, mengembalikan 1 record
2026-04-02 10:41:00 - getOutlet.php - === END REQUEST ===
2026-04-02 03:47:44 - getOutlet.php - === REQUEST GETOUTLET ===
2026-04-02 03:47:44 - getOutlet.php - Method: POST
2026-04-02 03:47:44 - getOutlet.php - POST data: {"tgl":"2026-04-02","encrypt":"7e7f1d062ca9b9e5c530948d57925ffe","id_apl":"APL01","key":"Kl"}
2026-04-02 10:47:44 - getOutlet.php - Params - tgl: 2026-04-02, encrypt: 7e7f1d062ca9b9e5c530948d57925ffe, id_apl: APL01, key: Kl
2026-04-02 10:47:44 - getOutlet.php - Aplikasi ditemukan: Ya
2026-04-02 10:47:44 - getOutlet.php - Key aplikasi: YbcJSFjkds...
2026-04-02 10:47:44 - getOutlet.php - Expected encrypt: 7e7f1d062ca9b9e5c530948d57925ffe
2026-04-02 10:47:44 - getOutlet.php - Received encrypt: 7e7f1d062ca9b9e5c530948d57925ffe
2026-04-02 10:47:44 - getOutlet.php - Authentication berhasil
2026-04-02 10:47:44 - getOutlet.php - Query: SELECT id_out, nama_out, '' AS alamat_out, ofcode_out
            FROM outlet 
            WHERE status_out IN ('Active', '1', 'active')
            AND (nama_out LIKE :key OR ofcode_out LIKE :key)
            ORDER BY nama_out ASC
            LIMIT 20
2026-04-02 10:47:44 - getOutlet.php - Query berhasil, mengembalikan 20 record
2026-04-02 10:47:44 - getOutlet.php - === END REQUEST ===
2026-04-02 03:47:45 - getOutlet.php - === REQUEST GETOUTLET ===
2026-04-02 03:47:45 - getOutlet.php - Method: POST
2026-04-02 03:47:45 - getOutlet.php - POST data: {"tgl":"2026-04-02","encrypt":"7e7f1d062ca9b9e5c530948d57925ffe","id_apl":"APL01","key":"Kli"}
2026-04-02 10:47:45 - getOutlet.php - Params - tgl: 2026-04-02, encrypt: 7e7f1d062ca9b9e5c530948d57925ffe, id_apl: APL01, key: Kli
2026-04-02 10:47:45 - getOutlet.php - Aplikasi ditemukan: Ya
2026-04-02 10:47:45 - getOutlet.php - Key aplikasi: YbcJSFjkds...
2026-04-02 10:47:45 - getOutlet.php - Expected encrypt: 7e7f1d062ca9b9e5c530948d57925ffe
2026-04-02 10:47:45 - getOutlet.php - Received encrypt: 7e7f1d062ca9b9e5c530948d57925ffe
2026-04-02 10:47:45 - getOutlet.php - Authentication berhasil
2026-04-02 10:47:45 - getOutlet.php - Query: SELECT id_out, nama_out, '' AS alamat_out, ofcode_out
            FROM outlet 
            WHERE status_out IN ('Active', '1', 'active')
            AND (nama_out LIKE :key OR ofcode_out LIKE :key)
            ORDER BY nama_out ASC
            LIMIT 20
2026-04-02 10:47:45 - getOutlet.php - Query berhasil, mengembalikan 20 record
2026-04-02 10:47:45 - getOutlet.php - === END REQUEST ===
2026-04-02 03:47:45 - getOutlet.php - === REQUEST GETOUTLET ===
2026-04-02 03:47:45 - getOutlet.php - Method: POST
2026-04-02 03:47:45 - getOutlet.php - POST data: {"tgl":"2026-04-02","encrypt":"7e7f1d062ca9b9e5c530948d57925ffe","id_apl":"APL01","key":"Klin"}
2026-04-02 10:47:45 - getOutlet.php - Params - tgl: 2026-04-02, encrypt: 7e7f1d062ca9b9e5c530948d57925ffe, id_apl: APL01, key: Klin
2026-04-02 10:47:45 - getOutlet.php - Aplikasi ditemukan: Ya
2026-04-02 10:47:45 - getOutlet.php - Key aplikasi: YbcJSFjkds...
2026-04-02 10:47:45 - getOutlet.php - Expected encrypt: 7e7f1d062ca9b9e5c530948d57925ffe
2026-04-02 10:47:45 - getOutlet.php - Received encrypt: 7e7f1d062ca9b9e5c530948d57925ffe
2026-04-02 10:47:45 - getOutlet.php - Authentication berhasil
2026-04-02 10:47:45 - getOutlet.php - Query: SELECT id_out, nama_out, '' AS alamat_out, ofcode_out
            FROM outlet 
            WHERE status_out IN ('Active', '1', 'active')
            AND (nama_out LIKE :key OR ofcode_out LIKE :key)
            ORDER BY nama_out ASC
            LIMIT 20
2026-04-02 10:47:45 - getOutlet.php - Query berhasil, mengembalikan 20 record
2026-04-02 10:47:45 - getOutlet.php - === END REQUEST ===
2026-04-02 03:47:45 - getOutlet.php - === REQUEST GETOUTLET ===
2026-04-02 03:47:45 - getOutlet.php - Method: POST
2026-04-02 03:47:45 - getOutlet.php - POST data: {"tgl":"2026-04-02","encrypt":"7e7f1d062ca9b9e5c530948d57925ffe","id_apl":"APL01","key":"Klini"}
2026-04-02 10:47:45 - getOutlet.php - Params - tgl: 2026-04-02, encrypt: 7e7f1d062ca9b9e5c530948d57925ffe, id_apl: APL01, key: Klini
2026-04-02 10:47:45 - getOutlet.php - Aplikasi ditemukan: Ya
2026-04-02 10:47:45 - getOutlet.php - Key aplikasi: YbcJSFjkds...
2026-04-02 10:47:45 - getOutlet.php - Expected encrypt: 7e7f1d062ca9b9e5c530948d57925ffe
2026-04-02 10:47:45 - getOutlet.php - Received encrypt: 7e7f1d062ca9b9e5c530948d57925ffe
2026-04-02 10:47:45 - getOutlet.php - Authentication berhasil
2026-04-02 10:47:45 - getOutlet.php - Query: SELECT id_out, nama_out, '' AS alamat_out, ofcode_out
            FROM outlet 
            WHERE status_out IN ('Active', '1', 'active')
            AND (nama_out LIKE :key OR ofcode_out LIKE :key)
            ORDER BY nama_out ASC
            LIMIT 20
2026-04-02 10:47:45 - getOutlet.php - Query berhasil, mengembalikan 20 record
2026-04-02 10:47:45 - getOutlet.php - === END REQUEST ===
2026-04-02 03:47:45 - getOutlet.php - === REQUEST GETOUTLET ===
2026-04-02 03:47:45 - getOutlet.php - Method: POST
2026-04-02 03:47:45 - getOutlet.php - POST data: {"tgl":"2026-04-02","encrypt":"7e7f1d062ca9b9e5c530948d57925ffe","id_apl":"APL01","key":"Klinik"}
2026-04-02 10:47:45 - getOutlet.php - Params - tgl: 2026-04-02, encrypt: 7e7f1d062ca9b9e5c530948d57925ffe, id_apl: APL01, key: Klinik
2026-04-02 10:47:45 - getOutlet.php - Aplikasi ditemukan: Ya
2026-04-02 10:47:45 - getOutlet.php - Key aplikasi: YbcJSFjkds...
2026-04-02 10:47:45 - getOutlet.php - Expected encrypt: 7e7f1d062ca9b9e5c530948d57925ffe
2026-04-02 10:47:45 - getOutlet.php - Received encrypt: 7e7f1d062ca9b9e5c530948d57925ffe
2026-04-02 10:47:45 - getOutlet.php - Authentication berhasil
2026-04-02 10:47:45 - getOutlet.php - Query: SELECT id_out, nama_out, '' AS alamat_out, ofcode_out
            FROM outlet 
            WHERE status_out IN ('Active', '1', 'active')
            AND (nama_out LIKE :key OR ofcode_out LIKE :key)
            ORDER BY nama_out ASC
            LIMIT 20
2026-04-02 10:47:45 - getOutlet.php - Query berhasil, mengembalikan 20 record
2026-04-02 10:47:45 - getOutlet.php - === END REQUEST ===
2026-04-02 03:47:45 - getOutlet.php - === REQUEST GETOUTLET ===
2026-04-02 03:47:45 - getOutlet.php - Method: POST
2026-04-02 03:47:45 - getOutlet.php - POST data: {"tgl":"2026-04-02","encrypt":"7e7f1d062ca9b9e5c530948d57925ffe","id_apl":"APL01","key":"Klinik"}
2026-04-02 10:47:45 - getOutlet.php - Params - tgl: 2026-04-02, encrypt: 7e7f1d062ca9b9e5c530948d57925ffe, id_apl: APL01, key: Klinik
2026-04-02 03:47:45 - getOutlet.php - === REQUEST GETOUTLET ===
2026-04-02 03:47:45 - getOutlet.php - Method: POST
2026-04-02 03:47:45 - getOutlet.php - POST data: {"tgl":"2026-04-02","encrypt":"7e7f1d062ca9b9e5c530948d57925ffe","id_apl":"APL01","key":"Klinik"}
2026-04-02 10:47:45 - getOutlet.php - Params - tgl: 2026-04-02, encrypt: 7e7f1d062ca9b9e5c530948d57925ffe, id_apl: APL01, key: Klinik
2026-04-02 10:47:45 - getOutlet.php - Aplikasi ditemukan: Ya
2026-04-02 10:47:45 - getOutlet.php - Aplikasi ditemukan: Ya
2026-04-02 10:47:45 - getOutlet.php - Key aplikasi: YbcJSFjkds...
2026-04-02 10:47:45 - getOutlet.php - Expected encrypt: 7e7f1d062ca9b9e5c530948d57925ffe
2026-04-02 10:47:45 - getOutlet.php - Key aplikasi: YbcJSFjkds...
2026-04-02 10:47:45 - getOutlet.php - Received encrypt: 7e7f1d062ca9b9e5c530948d57925ffe
2026-04-02 10:47:45 - getOutlet.php - Expected encrypt: 7e7f1d062ca9b9e5c530948d57925ffe
2026-04-02 10:47:45 - getOutlet.php - Authentication berhasil
2026-04-02 10:47:45 - getOutlet.php - Received encrypt: 7e7f1d062ca9b9e5c530948d57925ffe
2026-04-02 10:47:45 - getOutlet.php - Authentication berhasil
2026-04-02 10:47:45 - getOutlet.php - Query: SELECT id_out, nama_out, '' AS alamat_out, ofcode_out
            FROM outlet 
            WHERE status_out IN ('Active', '1', 'active')
            AND (nama_out LIKE :key OR ofcode_out LIKE :key)
            ORDER BY nama_out ASC
            LIMIT 20
2026-04-02 10:47:45 - getOutlet.php - Query berhasil, mengembalikan 20 record
2026-04-02 10:47:45 - getOutlet.php - === END REQUEST ===
2026-04-02 10:47:45 - getOutlet.php - Query: SELECT id_out, nama_out, '' AS alamat_out, ofcode_out
            FROM outlet 
            WHERE status_out IN ('Active', '1', 'active')
            AND (nama_out LIKE :key OR ofcode_out LIKE :key)
            ORDER BY nama_out ASC
            LIMIT 20
2026-04-02 10:47:45 - getOutlet.php - Query berhasil, mengembalikan 20 record
2026-04-02 10:47:45 - getOutlet.php - === END REQUEST ===
2026-04-02 03:47:46 - getOutlet.php - === REQUEST GETOUTLET ===
2026-04-02 03:47:46 - getOutlet.php - Method: POST
2026-04-02 03:47:46 - getOutlet.php - POST data: {"tgl":"2026-04-02","encrypt":"7e7f1d062ca9b9e5c530948d57925ffe","id_apl":"APL01","key":"Klinik z"}
2026-04-02 10:47:46 - getOutlet.php - Params - tgl: 2026-04-02, encrypt: 7e7f1d062ca9b9e5c530948d57925ffe, id_apl: APL01, key: Klinik z
2026-04-02 10:47:46 - getOutlet.php - Aplikasi ditemukan: Ya
2026-04-02 10:47:46 - getOutlet.php - Key aplikasi: YbcJSFjkds...
2026-04-02 10:47:46 - getOutlet.php - Expected encrypt: 7e7f1d062ca9b9e5c530948d57925ffe
2026-04-02 10:47:46 - getOutlet.php - Received encrypt: 7e7f1d062ca9b9e5c530948d57925ffe
2026-04-02 10:47:46 - getOutlet.php - Authentication berhasil
2026-04-02 10:47:46 - getOutlet.php - Query: SELECT id_out, nama_out, '' AS alamat_out, ofcode_out
            FROM outlet 
            WHERE status_out IN ('Active', '1', 'active')
            AND (nama_out LIKE :key OR ofcode_out LIKE :key)
            ORDER BY nama_out ASC
            LIMIT 20
2026-04-02 10:47:46 - getOutlet.php - Query berhasil, mengembalikan 0 record
2026-04-02 10:47:46 - getOutlet.php - === END REQUEST ===
2026-04-02 03:47:46 - getOutlet.php - === REQUEST GETOUTLET ===
2026-04-02 03:47:46 - getOutlet.php - Method: POST
2026-04-02 03:47:46 - getOutlet.php - POST data: {"tgl":"2026-04-02","encrypt":"7e7f1d062ca9b9e5c530948d57925ffe","id_apl":"APL01","key":"Klinik ze"}
2026-04-02 10:47:46 - getOutlet.php - Params - tgl: 2026-04-02, encrypt: 7e7f1d062ca9b9e5c530948d57925ffe, id_apl: APL01, key: Klinik ze
2026-04-02 10:47:46 - getOutlet.php - Aplikasi ditemukan: Ya
2026-04-02 10:47:46 - getOutlet.php - Key aplikasi: YbcJSFjkds...
2026-04-02 10:47:46 - getOutlet.php - Expected encrypt: 7e7f1d062ca9b9e5c530948d57925ffe
2026-04-02 10:47:46 - getOutlet.php - Received encrypt: 7e7f1d062ca9b9e5c530948d57925ffe
2026-04-02 10:47:46 - getOutlet.php - Authentication berhasil
2026-04-02 10:47:46 - getOutlet.php - Query: SELECT id_out, nama_out, '' AS alamat_out, ofcode_out
            FROM outlet 
            WHERE status_out IN ('Active', '1', 'active')
            AND (nama_out LIKE :key OR ofcode_out LIKE :key)
            ORDER BY nama_out ASC
            LIMIT 20
2026-04-02 10:47:46 - getOutlet.php - Query berhasil, mengembalikan 0 record
2026-04-02 10:47:46 - getOutlet.php - === END REQUEST ===
2026-04-02 03:47:47 - getOutlet.php - === REQUEST GETOUTLET ===
2026-04-02 03:47:47 - getOutlet.php - Method: POST
2026-04-02 03:47:47 - getOutlet.php - POST data: {"tgl":"2026-04-02","encrypt":"7e7f1d062ca9b9e5c530948d57925ffe","id_apl":"APL01","key":"Klinik zef"}
2026-04-02 10:47:47 - getOutlet.php - Params - tgl: 2026-04-02, encrypt: 7e7f1d062ca9b9e5c530948d57925ffe, id_apl: APL01, key: Klinik zef
2026-04-02 10:47:47 - getOutlet.php - Aplikasi ditemukan: Ya
2026-04-02 10:47:47 - getOutlet.php - Key aplikasi: YbcJSFjkds...
2026-04-02 10:47:47 - getOutlet.php - Expected encrypt: 7e7f1d062ca9b9e5c530948d57925ffe
2026-04-02 10:47:47 - getOutlet.php - Received encrypt: 7e7f1d062ca9b9e5c530948d57925ffe
2026-04-02 10:47:47 - getOutlet.php - Authentication berhasil
2026-04-02 10:47:47 - getOutlet.php - Query: SELECT id_out, nama_out, '' AS alamat_out, ofcode_out
            FROM outlet 
            WHERE status_out IN ('Active', '1', 'active')
            AND (nama_out LIKE :key OR ofcode_out LIKE :key)
            ORDER BY nama_out ASC
            LIMIT 20
2026-04-02 10:47:47 - getOutlet.php - Query berhasil, mengembalikan 0 record
2026-04-02 10:47:47 - getOutlet.php - === END REQUEST ===
2026-04-02 03:47:48 - getOutlet.php - === REQUEST GETOUTLET ===
2026-04-02 03:47:48 - getOutlet.php - Method: POST
2026-04-02 03:47:48 - getOutlet.php - POST data: {"tgl":"2026-04-02","encrypt":"7e7f1d062ca9b9e5c530948d57925ffe","id_apl":"APL01","key":"Klinik ze"}
2026-04-02 10:47:48 - getOutlet.php - Params - tgl: 2026-04-02, encrypt: 7e7f1d062ca9b9e5c530948d57925ffe, id_apl: APL01, key: Klinik ze
2026-04-02 10:47:48 - getOutlet.php - Aplikasi ditemukan: Ya
2026-04-02 10:47:48 - getOutlet.php - Key aplikasi: YbcJSFjkds...
2026-04-02 10:47:48 - getOutlet.php - Expected encrypt: 7e7f1d062ca9b9e5c530948d57925ffe
2026-04-02 10:47:48 - getOutlet.php - Received encrypt: 7e7f1d062ca9b9e5c530948d57925ffe
2026-04-02 10:47:48 - getOutlet.php - Authentication berhasil
2026-04-02 10:47:48 - getOutlet.php - Query: SELECT id_out, nama_out, '' AS alamat_out, ofcode_out
            FROM outlet 
            WHERE status_out IN ('Active', '1', 'active')
            AND (nama_out LIKE :key OR ofcode_out LIKE :key)
            ORDER BY nama_out ASC
            LIMIT 20
2026-04-02 10:47:48 - getOutlet.php - Query berhasil, mengembalikan 0 record
2026-04-02 10:47:48 - getOutlet.php - === END REQUEST ===
2026-04-02 03:47:48 - getOutlet.php - === REQUEST GETOUTLET ===
2026-04-02 03:47:48 - getOutlet.php - Method: POST
2026-04-02 03:47:48 - getOutlet.php - POST data: {"tgl":"2026-04-02","encrypt":"7e7f1d062ca9b9e5c530948d57925ffe","id_apl":"APL01","key":"Klinik z"}
2026-04-02 10:47:48 - getOutlet.php - Params - tgl: 2026-04-02, encrypt: 7e7f1d062ca9b9e5c530948d57925ffe, id_apl: APL01, key: Klinik z
2026-04-02 10:47:48 - getOutlet.php - Aplikasi ditemukan: Ya
2026-04-02 10:47:48 - getOutlet.php - Key aplikasi: YbcJSFjkds...
2026-04-02 10:47:48 - getOutlet.php - Expected encrypt: 7e7f1d062ca9b9e5c530948d57925ffe
2026-04-02 10:47:48 - getOutlet.php - Received encrypt: 7e7f1d062ca9b9e5c530948d57925ffe
2026-04-02 10:47:48 - getOutlet.php - Authentication berhasil
2026-04-02 10:47:48 - getOutlet.php - Query: SELECT id_out, nama_out, '' AS alamat_out, ofcode_out
            FROM outlet 
            WHERE status_out IN ('Active', '1', 'active')
            AND (nama_out LIKE :key OR ofcode_out LIKE :key)
            ORDER BY nama_out ASC
            LIMIT 20
2026-04-02 10:47:48 - getOutlet.php - Query berhasil, mengembalikan 0 record
2026-04-02 10:47:48 - getOutlet.php - === END REQUEST ===
2026-04-02 03:47:48 - getOutlet.php - === REQUEST GETOUTLET ===
2026-04-02 03:47:48 - getOutlet.php - Method: POST
2026-04-02 03:47:48 - getOutlet.php - POST data: {"tgl":"2026-04-02","encrypt":"7e7f1d062ca9b9e5c530948d57925ffe","id_apl":"APL01","key":"Klinik"}
2026-04-02 10:47:48 - getOutlet.php - Params - tgl: 2026-04-02, encrypt: 7e7f1d062ca9b9e5c530948d57925ffe, id_apl: APL01, key: Klinik
2026-04-02 10:47:48 - getOutlet.php - Aplikasi ditemukan: Ya
2026-04-02 10:47:48 - getOutlet.php - Key aplikasi: YbcJSFjkds...
2026-04-02 10:47:48 - getOutlet.php - Expected encrypt: 7e7f1d062ca9b9e5c530948d57925ffe
2026-04-02 10:47:48 - getOutlet.php - Received encrypt: 7e7f1d062ca9b9e5c530948d57925ffe
2026-04-02 10:47:48 - getOutlet.php - Authentication berhasil
2026-04-02 10:47:48 - getOutlet.php - Query: SELECT id_out, nama_out, '' AS alamat_out, ofcode_out
            FROM outlet 
            WHERE status_out IN ('Active', '1', 'active')
            AND (nama_out LIKE :key OR ofcode_out LIKE :key)
            ORDER BY nama_out ASC
            LIMIT 20
2026-04-02 10:47:48 - getOutlet.php - Query berhasil, mengembalikan 20 record
2026-04-02 10:47:48 - getOutlet.php - === END REQUEST ===
2026-04-02 03:47:48 - getOutlet.php - === REQUEST GETOUTLET ===
2026-04-02 03:47:48 - getOutlet.php - Method: POST
2026-04-02 03:47:48 - getOutlet.php - POST data: {"tgl":"2026-04-02","encrypt":"7e7f1d062ca9b9e5c530948d57925ffe","id_apl":"APL01","key":"Klinik"}
2026-04-02 10:47:48 - getOutlet.php - Params - tgl: 2026-04-02, encrypt: 7e7f1d062ca9b9e5c530948d57925ffe, id_apl: APL01, key: Klinik
2026-04-02 10:47:48 - getOutlet.php - Aplikasi ditemukan: Ya
2026-04-02 10:47:48 - getOutlet.php - Key aplikasi: YbcJSFjkds...
2026-04-02 10:47:48 - getOutlet.php - Expected encrypt: 7e7f1d062ca9b9e5c530948d57925ffe
2026-04-02 10:47:48 - getOutlet.php - Received encrypt: 7e7f1d062ca9b9e5c530948d57925ffe
2026-04-02 10:47:48 - getOutlet.php - Authentication berhasil
2026-04-02 10:47:48 - getOutlet.php - Query: SELECT id_out, nama_out, '' AS alamat_out, ofcode_out
            FROM outlet 
            WHERE status_out IN ('Active', '1', 'active')
            AND (nama_out LIKE :key OR ofcode_out LIKE :key)
            ORDER BY nama_out ASC
            LIMIT 20
2026-04-02 10:47:48 - getOutlet.php - Query berhasil, mengembalikan 20 record
2026-04-02 10:47:48 - getOutlet.php - === END REQUEST ===
2026-04-02 03:47:48 - getOutlet.php - === REQUEST GETOUTLET ===
2026-04-02 03:47:48 - getOutlet.php - Method: POST
2026-04-02 03:47:48 - getOutlet.php - POST data: {"tgl":"2026-04-02","encrypt":"7e7f1d062ca9b9e5c530948d57925ffe","id_apl":"APL01","key":"Klini"}
2026-04-02 10:47:48 - getOutlet.php - Params - tgl: 2026-04-02, encrypt: 7e7f1d062ca9b9e5c530948d57925ffe, id_apl: APL01, key: Klini
2026-04-02 10:47:48 - getOutlet.php - Aplikasi ditemukan: Ya
2026-04-02 10:47:48 - getOutlet.php - Key aplikasi: YbcJSFjkds...
2026-04-02 10:47:48 - getOutlet.php - Expected encrypt: 7e7f1d062ca9b9e5c530948d57925ffe
2026-04-02 10:47:48 - getOutlet.php - Received encrypt: 7e7f1d062ca9b9e5c530948d57925ffe
2026-04-02 10:47:48 - getOutlet.php - Authentication berhasil
2026-04-02 10:47:48 - getOutlet.php - Query: SELECT id_out, nama_out, '' AS alamat_out, ofcode_out
            FROM outlet 
            WHERE status_out IN ('Active', '1', 'active')
            AND (nama_out LIKE :key OR ofcode_out LIKE :key)
            ORDER BY nama_out ASC
            LIMIT 20
2026-04-02 10:47:48 - getOutlet.php - Query berhasil, mengembalikan 20 record
2026-04-02 10:47:48 - getOutlet.php - === END REQUEST ===
2026-04-02 03:47:48 - getOutlet.php - === REQUEST GETOUTLET ===
2026-04-02 03:47:48 - getOutlet.php - Method: POST
2026-04-02 03:47:48 - getOutlet.php - POST data: {"tgl":"2026-04-02","encrypt":"7e7f1d062ca9b9e5c530948d57925ffe","id_apl":"APL01","key":"Klin"}
2026-04-02 10:47:48 - getOutlet.php - Params - tgl: 2026-04-02, encrypt: 7e7f1d062ca9b9e5c530948d57925ffe, id_apl: APL01, key: Klin
2026-04-02 10:47:48 - getOutlet.php - Aplikasi ditemukan: Ya
2026-04-02 10:47:48 - getOutlet.php - Key aplikasi: YbcJSFjkds...
2026-04-02 10:47:48 - getOutlet.php - Expected encrypt: 7e7f1d062ca9b9e5c530948d57925ffe
2026-04-02 10:47:48 - getOutlet.php - Received encrypt: 7e7f1d062ca9b9e5c530948d57925ffe
2026-04-02 10:47:48 - getOutlet.php - Authentication berhasil
2026-04-02 10:47:48 - getOutlet.php - Query: SELECT id_out, nama_out, '' AS alamat_out, ofcode_out
            FROM outlet 
            WHERE status_out IN ('Active', '1', 'active')
            AND (nama_out LIKE :key OR ofcode_out LIKE :key)
            ORDER BY nama_out ASC
            LIMIT 20
2026-04-02 10:47:48 - getOutlet.php - Query berhasil, mengembalikan 20 record
2026-04-02 10:47:48 - getOutlet.php - === END REQUEST ===
2026-04-02 03:47:48 - getOutlet.php - === REQUEST GETOUTLET ===
2026-04-02 03:47:48 - getOutlet.php - Method: POST
2026-04-02 03:47:48 - getOutlet.php - POST data: {"tgl":"2026-04-02","encrypt":"7e7f1d062ca9b9e5c530948d57925ffe","id_apl":"APL01","key":"Kli"}
2026-04-02 10:47:48 - getOutlet.php - Params - tgl: 2026-04-02, encrypt: 7e7f1d062ca9b9e5c530948d57925ffe, id_apl: APL01, key: Kli
2026-04-02 10:47:48 - getOutlet.php - Aplikasi ditemukan: Ya
2026-04-02 10:47:48 - getOutlet.php - Key aplikasi: YbcJSFjkds...
2026-04-02 10:47:48 - getOutlet.php - Expected encrypt: 7e7f1d062ca9b9e5c530948d57925ffe
2026-04-02 10:47:48 - getOutlet.php - Received encrypt: 7e7f1d062ca9b9e5c530948d57925ffe
2026-04-02 10:47:48 - getOutlet.php - Authentication berhasil
2026-04-02 10:47:48 - getOutlet.php - Query: SELECT id_out, nama_out, '' AS alamat_out, ofcode_out
            FROM outlet 
            WHERE status_out IN ('Active', '1', 'active')
            AND (nama_out LIKE :key OR ofcode_out LIKE :key)
            ORDER BY nama_out ASC
            LIMIT 20
2026-04-02 10:47:48 - getOutlet.php - Query berhasil, mengembalikan 20 record
2026-04-02 10:47:48 - getOutlet.php - === END REQUEST ===
2026-04-02 03:47:48 - getOutlet.php - === REQUEST GETOUTLET ===
2026-04-02 03:47:48 - getOutlet.php - Method: POST
2026-04-02 03:47:48 - getOutlet.php - POST data: {"tgl":"2026-04-02","encrypt":"7e7f1d062ca9b9e5c530948d57925ffe","id_apl":"APL01","key":"Kl"}
2026-04-02 10:47:48 - getOutlet.php - Params - tgl: 2026-04-02, encrypt: 7e7f1d062ca9b9e5c530948d57925ffe, id_apl: APL01, key: Kl
2026-04-02 10:47:48 - getOutlet.php - Aplikasi ditemukan: Ya
2026-04-02 10:47:48 - getOutlet.php - Key aplikasi: YbcJSFjkds...
2026-04-02 10:47:48 - getOutlet.php - Expected encrypt: 7e7f1d062ca9b9e5c530948d57925ffe
2026-04-02 10:47:48 - getOutlet.php - Received encrypt: 7e7f1d062ca9b9e5c530948d57925ffe
2026-04-02 10:47:48 - getOutlet.php - Authentication berhasil
2026-04-02 10:47:48 - getOutlet.php - Query: SELECT id_out, nama_out, '' AS alamat_out, ofcode_out
            FROM outlet 
            WHERE status_out IN ('Active', '1', 'active')
            AND (nama_out LIKE :key OR ofcode_out LIKE :key)
            ORDER BY nama_out ASC
            LIMIT 20
2026-04-02 10:47:48 - getOutlet.php - Query berhasil, mengembalikan 20 record
2026-04-02 10:47:48 - getOutlet.php - === END REQUEST ===
2026-04-02 03:47:50 - getOutlet.php - === REQUEST GETOUTLET ===
2026-04-02 03:47:50 - getOutlet.php - Method: POST
2026-04-02 03:47:50 - getOutlet.php - POST data: {"tgl":"2026-04-02","encrypt":"7e7f1d062ca9b9e5c530948d57925ffe","id_apl":"APL01","key":"Ze"}
2026-04-02 10:47:50 - getOutlet.php - Params - tgl: 2026-04-02, encrypt: 7e7f1d062ca9b9e5c530948d57925ffe, id_apl: APL01, key: Ze
2026-04-02 10:47:50 - getOutlet.php - Aplikasi ditemukan: Ya
2026-04-02 10:47:50 - getOutlet.php - Key aplikasi: YbcJSFjkds...
2026-04-02 10:47:50 - getOutlet.php - Expected encrypt: 7e7f1d062ca9b9e5c530948d57925ffe
2026-04-02 10:47:50 - getOutlet.php - Received encrypt: 7e7f1d062ca9b9e5c530948d57925ffe
2026-04-02 10:47:50 - getOutlet.php - Authentication berhasil
2026-04-02 10:47:50 - getOutlet.php - Query: SELECT id_out, nama_out, '' AS alamat_out, ofcode_out
            FROM outlet 
            WHERE status_out IN ('Active', '1', 'active')
            AND (nama_out LIKE :key OR ofcode_out LIKE :key)
            ORDER BY nama_out ASC
            LIMIT 20
2026-04-02 10:47:50 - getOutlet.php - Query berhasil, mengembalikan 2 record
2026-04-02 10:47:50 - getOutlet.php - === END REQUEST ===
2026-04-02 03:47:51 - getOutlet.php - === REQUEST GETOUTLET ===
2026-04-02 03:47:51 - getOutlet.php - Method: POST
2026-04-02 03:47:51 - getOutlet.php - POST data: {"tgl":"2026-04-02","encrypt":"7e7f1d062ca9b9e5c530948d57925ffe","id_apl":"APL01","key":"Zef"}
2026-04-02 10:47:51 - getOutlet.php - Params - tgl: 2026-04-02, encrypt: 7e7f1d062ca9b9e5c530948d57925ffe, id_apl: APL01, key: Zef
2026-04-02 10:47:51 - getOutlet.php - Aplikasi ditemukan: Ya
2026-04-02 10:47:51 - getOutlet.php - Key aplikasi: YbcJSFjkds...
2026-04-02 10:47:51 - getOutlet.php - Expected encrypt: 7e7f1d062ca9b9e5c530948d57925ffe
2026-04-02 10:47:51 - getOutlet.php - Received encrypt: 7e7f1d062ca9b9e5c530948d57925ffe
2026-04-02 10:47:51 - getOutlet.php - Authentication berhasil
2026-04-02 10:47:51 - getOutlet.php - Query: SELECT id_out, nama_out, '' AS alamat_out, ofcode_out
            FROM outlet 
            WHERE status_out IN ('Active', '1', 'active')
            AND (nama_out LIKE :key OR ofcode_out LIKE :key)
            ORDER BY nama_out ASC
            LIMIT 20
2026-04-02 10:47:51 - getOutlet.php - Query berhasil, mengembalikan 0 record
2026-04-02 10:47:51 - getOutlet.php - === END REQUEST ===
2026-04-02 03:47:52 - getOutlet.php - === REQUEST GETOUTLET ===
2026-04-02 03:47:52 - getOutlet.php - Method: POST
2026-04-02 03:47:52 - getOutlet.php - POST data: {"tgl":"2026-04-02","encrypt":"7e7f1d062ca9b9e5c530948d57925ffe","id_apl":"APL01","key":"Ze"}
2026-04-02 10:47:52 - getOutlet.php - Params - tgl: 2026-04-02, encrypt: 7e7f1d062ca9b9e5c530948d57925ffe, id_apl: APL01, key: Ze
2026-04-02 10:47:52 - getOutlet.php - Aplikasi ditemukan: Ya
2026-04-02 10:47:52 - getOutlet.php - Key aplikasi: YbcJSFjkds...
2026-04-02 10:47:52 - getOutlet.php - Expected encrypt: 7e7f1d062ca9b9e5c530948d57925ffe
2026-04-02 10:47:52 - getOutlet.php - Received encrypt: 7e7f1d062ca9b9e5c530948d57925ffe
2026-04-02 10:47:52 - getOutlet.php - Authentication berhasil
2026-04-02 10:47:52 - getOutlet.php - Query: SELECT id_out, nama_out, '' AS alamat_out, ofcode_out
            FROM outlet 
            WHERE status_out IN ('Active', '1', 'active')
            AND (nama_out LIKE :key OR ofcode_out LIKE :key)
            ORDER BY nama_out ASC
            LIMIT 20
2026-04-02 10:47:52 - getOutlet.php - Query berhasil, mengembalikan 2 record
2026-04-02 10:47:52 - getOutlet.php - === END REQUEST ===
2026-04-02 03:47:54 - getOutlet.php - === REQUEST GETOUTLET ===
2026-04-02 03:47:54 - getOutlet.php - Method: POST
2026-04-02 03:47:54 - getOutlet.php - POST data: {"tgl":"2026-04-02","encrypt":"7e7f1d062ca9b9e5c530948d57925ffe","id_apl":"APL01","key":"Ey"}
2026-04-02 10:47:54 - getOutlet.php - Params - tgl: 2026-04-02, encrypt: 7e7f1d062ca9b9e5c530948d57925ffe, id_apl: APL01, key: Ey
2026-04-02 10:47:54 - getOutlet.php - Aplikasi ditemukan: Ya
2026-04-02 10:47:54 - getOutlet.php - Key aplikasi: YbcJSFjkds...
2026-04-02 10:47:54 - getOutlet.php - Expected encrypt: 7e7f1d062ca9b9e5c530948d57925ffe
2026-04-02 10:47:54 - getOutlet.php - Received encrypt: 7e7f1d062ca9b9e5c530948d57925ffe
2026-04-02 10:47:54 - getOutlet.php - Authentication berhasil
2026-04-02 10:47:54 - getOutlet.php - Query: SELECT id_out, nama_out, '' AS alamat_out, ofcode_out
            FROM outlet 
            WHERE status_out IN ('Active', '1', 'active')
            AND (nama_out LIKE :key OR ofcode_out LIKE :key)
            ORDER BY nama_out ASC
            LIMIT 20
2026-04-02 10:47:54 - getOutlet.php - Query berhasil, mengembalikan 12 record
2026-04-02 10:47:54 - getOutlet.php - === END REQUEST ===
2026-04-02 03:47:54 - getOutlet.php - === REQUEST GETOUTLET ===
2026-04-02 03:47:54 - getOutlet.php - Method: POST
2026-04-02 03:47:54 - getOutlet.php - POST data: {"tgl":"2026-04-02","encrypt":"7e7f1d062ca9b9e5c530948d57925ffe","id_apl":"APL01","key":"Eye"}
2026-04-02 10:47:54 - getOutlet.php - Params - tgl: 2026-04-02, encrypt: 7e7f1d062ca9b9e5c530948d57925ffe, id_apl: APL01, key: Eye
2026-04-02 10:47:54 - getOutlet.php - Aplikasi ditemukan: Ya
2026-04-02 10:47:54 - getOutlet.php - Key aplikasi: YbcJSFjkds...
2026-04-02 10:47:54 - getOutlet.php - Expected encrypt: 7e7f1d062ca9b9e5c530948d57925ffe
2026-04-02 10:47:54 - getOutlet.php - Received encrypt: 7e7f1d062ca9b9e5c530948d57925ffe
2026-04-02 10:47:54 - getOutlet.php - Authentication berhasil
2026-04-02 10:47:54 - getOutlet.php - Query: SELECT id_out, nama_out, '' AS alamat_out, ofcode_out
            FROM outlet 
            WHERE status_out IN ('Active', '1', 'active')
            AND (nama_out LIKE :key OR ofcode_out LIKE :key)
            ORDER BY nama_out ASC
            LIMIT 20
2026-04-02 10:47:54 - getOutlet.php - Query berhasil, mengembalikan 12 record
2026-04-02 10:47:54 - getOutlet.php - === END REQUEST ===
2026-04-02 03:47:55 - getOutlet.php - === REQUEST GETOUTLET ===
2026-04-02 03:47:55 - getOutlet.php - Method: POST
2026-04-02 03:47:55 - getOutlet.php - POST data: {"tgl":"2026-04-02","encrypt":"7e7f1d062ca9b9e5c530948d57925ffe","id_apl":"APL01","key":"Eye"}
2026-04-02 10:47:55 - getOutlet.php - Params - tgl: 2026-04-02, encrypt: 7e7f1d062ca9b9e5c530948d57925ffe, id_apl: APL01, key: Eye
2026-04-02 10:47:55 - getOutlet.php - Aplikasi ditemukan: Ya
2026-04-02 10:47:55 - getOutlet.php - Key aplikasi: YbcJSFjkds...
2026-04-02 10:47:55 - getOutlet.php - Expected encrypt: 7e7f1d062ca9b9e5c530948d57925ffe
2026-04-02 10:47:55 - getOutlet.php - Received encrypt: 7e7f1d062ca9b9e5c530948d57925ffe
2026-04-02 10:47:55 - getOutlet.php - Authentication berhasil
2026-04-02 10:47:55 - getOutlet.php - Query: SELECT id_out, nama_out, '' AS alamat_out, ofcode_out
            FROM outlet 
            WHERE status_out IN ('Active', '1', 'active')
            AND (nama_out LIKE :key OR ofcode_out LIKE :key)
            ORDER BY nama_out ASC
            LIMIT 20
2026-04-02 10:47:55 - getOutlet.php - Query berhasil, mengembalikan 12 record
2026-04-02 10:47:55 - getOutlet.php - === END REQUEST ===
2026-04-02 03:47:55 - getOutlet.php - === REQUEST GETOUTLET ===
2026-04-02 03:47:55 - getOutlet.php - Method: POST
2026-04-02 03:47:55 - getOutlet.php - POST data: {"tgl":"2026-04-02","encrypt":"7e7f1d062ca9b9e5c530948d57925ffe","id_apl":"APL01","key":"Eye"}
2026-04-02 10:47:55 - getOutlet.php - Params - tgl: 2026-04-02, encrypt: 7e7f1d062ca9b9e5c530948d57925ffe, id_apl: APL01, key: Eye
2026-04-02 10:47:55 - getOutlet.php - Aplikasi ditemukan: Ya
2026-04-02 10:47:55 - getOutlet.php - Key aplikasi: YbcJSFjkds...
2026-04-02 10:47:55 - getOutlet.php - Expected encrypt: 7e7f1d062ca9b9e5c530948d57925ffe
2026-04-02 10:47:55 - getOutlet.php - Received encrypt: 7e7f1d062ca9b9e5c530948d57925ffe
2026-04-02 10:47:55 - getOutlet.php - Authentication berhasil
2026-04-02 10:47:55 - getOutlet.php - Query: SELECT id_out, nama_out, '' AS alamat_out, ofcode_out
            FROM outlet 
            WHERE status_out IN ('Active', '1', 'active')
            AND (nama_out LIKE :key OR ofcode_out LIKE :key)
            ORDER BY nama_out ASC
            LIMIT 20
2026-04-02 10:47:55 - getOutlet.php - Query berhasil, mengembalikan 12 record
2026-04-02 10:47:55 - getOutlet.php - === END REQUEST ===
2026-04-02 03:47:55 - getOutlet.php - === REQUEST GETOUTLET ===
2026-04-02 03:47:55 - getOutlet.php - Method: POST
2026-04-02 03:47:55 - getOutlet.php - POST data: {"tgl":"2026-04-02","encrypt":"7e7f1d062ca9b9e5c530948d57925ffe","id_apl":"APL01","key":"Eye c"}
2026-04-02 10:47:55 - getOutlet.php - Params - tgl: 2026-04-02, encrypt: 7e7f1d062ca9b9e5c530948d57925ffe, id_apl: APL01, key: Eye c
2026-04-02 10:47:55 - getOutlet.php - Aplikasi ditemukan: Ya
2026-04-02 10:47:55 - getOutlet.php - Key aplikasi: YbcJSFjkds...
2026-04-02 10:47:55 - getOutlet.php - Expected encrypt: 7e7f1d062ca9b9e5c530948d57925ffe
2026-04-02 10:47:55 - getOutlet.php - Received encrypt: 7e7f1d062ca9b9e5c530948d57925ffe
2026-04-02 10:47:55 - getOutlet.php - Authentication berhasil
2026-04-02 10:47:55 - getOutlet.php - Query: SELECT id_out, nama_out, '' AS alamat_out, ofcode_out
            FROM outlet 
            WHERE status_out IN ('Active', '1', 'active')
            AND (nama_out LIKE :key OR ofcode_out LIKE :key)
            ORDER BY nama_out ASC
            LIMIT 20
2026-04-02 10:47:55 - getOutlet.php - Query berhasil, mengembalikan 12 record
2026-04-02 10:47:55 - getOutlet.php - === END REQUEST ===
2026-04-02 03:47:56 - getOutlet.php - === REQUEST GETOUTLET ===
2026-04-02 03:47:56 - getOutlet.php - Method: POST
2026-04-02 03:47:56 - getOutlet.php - POST data: {"tgl":"2026-04-02","encrypt":"7e7f1d062ca9b9e5c530948d57925ffe","id_apl":"APL01","key":"Eye ca"}
2026-04-02 10:47:56 - getOutlet.php - Params - tgl: 2026-04-02, encrypt: 7e7f1d062ca9b9e5c530948d57925ffe, id_apl: APL01, key: Eye ca
2026-04-02 10:47:56 - getOutlet.php - Aplikasi ditemukan: Ya
2026-04-02 10:47:56 - getOutlet.php - Key aplikasi: YbcJSFjkds...
2026-04-02 10:47:56 - getOutlet.php - Expected encrypt: 7e7f1d062ca9b9e5c530948d57925ffe
2026-04-02 10:47:56 - getOutlet.php - Received encrypt: 7e7f1d062ca9b9e5c530948d57925ffe
2026-04-02 10:47:56 - getOutlet.php - Authentication berhasil
2026-04-02 10:47:56 - getOutlet.php - Query: SELECT id_out, nama_out, '' AS alamat_out, ofcode_out
            FROM outlet 
            WHERE status_out IN ('Active', '1', 'active')
            AND (nama_out LIKE :key OR ofcode_out LIKE :key)
            ORDER BY nama_out ASC
            LIMIT 20
2026-04-02 10:47:56 - getOutlet.php - Query berhasil, mengembalikan 1 record
2026-04-02 10:47:56 - getOutlet.php - === END REQUEST ===
2026-04-02 03:47:56 - getOutlet.php - === REQUEST GETOUTLET ===
2026-04-02 03:47:56 - getOutlet.php - Method: POST
2026-04-02 03:47:56 - getOutlet.php - POST data: {"tgl":"2026-04-02","encrypt":"7e7f1d062ca9b9e5c530948d57925ffe","id_apl":"APL01","key":"Eye car"}
2026-04-02 10:47:56 - getOutlet.php - Params - tgl: 2026-04-02, encrypt: 7e7f1d062ca9b9e5c530948d57925ffe, id_apl: APL01, key: Eye car
2026-04-02 10:47:56 - getOutlet.php - Aplikasi ditemukan: Ya
2026-04-02 10:47:56 - getOutlet.php - Key aplikasi: YbcJSFjkds...
2026-04-02 10:47:56 - getOutlet.php - Expected encrypt: 7e7f1d062ca9b9e5c530948d57925ffe
2026-04-02 10:47:56 - getOutlet.php - Received encrypt: 7e7f1d062ca9b9e5c530948d57925ffe
2026-04-02 10:47:56 - getOutlet.php - Authentication berhasil
2026-04-02 10:47:56 - getOutlet.php - Query: SELECT id_out, nama_out, '' AS alamat_out, ofcode_out
            FROM outlet 
            WHERE status_out IN ('Active', '1', 'active')
            AND (nama_out LIKE :key OR ofcode_out LIKE :key)
            ORDER BY nama_out ASC
            LIMIT 20
2026-04-02 10:47:56 - getOutlet.php - Query berhasil, mengembalikan 1 record
2026-04-02 10:47:56 - getOutlet.php - === END REQUEST ===
2026-04-02 03:47:56 - getOutlet.php - === REQUEST GETOUTLET ===
2026-04-02 03:47:56 - getOutlet.php - Method: POST
2026-04-02 03:47:56 - getOutlet.php - POST data: {"tgl":"2026-04-02","encrypt":"7e7f1d062ca9b9e5c530948d57925ffe","id_apl":"APL01","key":"Eye care"}
2026-04-02 10:47:56 - getOutlet.php - Params - tgl: 2026-04-02, encrypt: 7e7f1d062ca9b9e5c530948d57925ffe, id_apl: APL01, key: Eye care
2026-04-02 10:47:56 - getOutlet.php - Aplikasi ditemukan: Ya
2026-04-02 10:47:56 - getOutlet.php - Key aplikasi: YbcJSFjkds...
2026-04-02 10:47:56 - getOutlet.php - Expected encrypt: 7e7f1d062ca9b9e5c530948d57925ffe
2026-04-02 10:47:56 - getOutlet.php - Received encrypt: 7e7f1d062ca9b9e5c530948d57925ffe
2026-04-02 10:47:56 - getOutlet.php - Authentication berhasil
2026-04-02 10:47:56 - getOutlet.php - Query: SELECT id_out, nama_out, '' AS alamat_out, ofcode_out
            FROM outlet 
            WHERE status_out IN ('Active', '1', 'active')
            AND (nama_out LIKE :key OR ofcode_out LIKE :key)
            ORDER BY nama_out ASC
            LIMIT 20
2026-04-02 10:47:56 - getOutlet.php - Query berhasil, mengembalikan 1 record
2026-04-02 10:47:56 - getOutlet.php - === END REQUEST ===
2026-04-02 03:47:58 - getOutlet.php - === REQUEST GETOUTLET ===
2026-04-02 03:47:58 - getOutlet.php - Method: POST
2026-04-02 03:47:58 - getOutlet.php - POST data: {"tgl":"2026-04-02","encrypt":"7e7f1d062ca9b9e5c530948d57925ffe","id_apl":"APL01","key":"Zaf Eye Care"}
2026-04-02 10:47:58 - getOutlet.php - Params - tgl: 2026-04-02, encrypt: 7e7f1d062ca9b9e5c530948d57925ffe, id_apl: APL01, key: Zaf Eye Care
2026-04-02 10:47:58 - getOutlet.php - Aplikasi ditemukan: Ya
2026-04-02 10:47:58 - getOutlet.php - Key aplikasi: YbcJSFjkds...
2026-04-02 10:47:58 - getOutlet.php - Expected encrypt: 7e7f1d062ca9b9e5c530948d57925ffe
2026-04-02 10:47:58 - getOutlet.php - Received encrypt: 7e7f1d062ca9b9e5c530948d57925ffe
2026-04-02 10:47:58 - getOutlet.php - Authentication berhasil
2026-04-02 10:47:58 - getOutlet.php - Query: SELECT id_out, nama_out, '' AS alamat_out, ofcode_out
            FROM outlet 
            WHERE status_out IN ('Active', '1', 'active')
            AND (nama_out LIKE :key OR ofcode_out LIKE :key)
            ORDER BY nama_out ASC
            LIMIT 20
2026-04-02 10:47:58 - getOutlet.php - Query berhasil, mengembalikan 0 record
2026-04-02 10:47:58 - getOutlet.php - === END REQUEST ===
2026-04-02 03:48:09 - getOutlet.php - === REQUEST GETOUTLET ===
2026-04-02 03:48:09 - getOutlet.php - Method: POST
2026-04-02 03:48:09 - getOutlet.php - POST data: {"tgl":"2026-04-02","encrypt":"7e7f1d062ca9b9e5c530948d57925ffe","id_apl":"APL01","key":"Zaf Eye Car"}
2026-04-02 10:48:09 - getOutlet.php - Params - tgl: 2026-04-02, encrypt: 7e7f1d062ca9b9e5c530948d57925ffe, id_apl: APL01, key: Zaf Eye Car
2026-04-02 10:48:09 - getOutlet.php - Aplikasi ditemukan: Ya
2026-04-02 10:48:09 - getOutlet.php - Key aplikasi: YbcJSFjkds...
2026-04-02 10:48:09 - getOutlet.php - Expected encrypt: 7e7f1d062ca9b9e5c530948d57925ffe
2026-04-02 10:48:09 - getOutlet.php - Received encrypt: 7e7f1d062ca9b9e5c530948d57925ffe
2026-04-02 10:48:09 - getOutlet.php - Authentication berhasil
2026-04-02 10:48:09 - getOutlet.php - Query: SELECT id_out, nama_out, '' AS alamat_out, ofcode_out
            FROM outlet 
            WHERE status_out IN ('Active', '1', 'active')
            AND (nama_out LIKE :key OR ofcode_out LIKE :key)
            ORDER BY nama_out ASC
            LIMIT 20
2026-04-02 10:48:09 - getOutlet.php - Query berhasil, mengembalikan 0 record
2026-04-02 10:48:09 - getOutlet.php - === END REQUEST ===
2026-04-02 03:48:09 - getOutlet.php - === REQUEST GETOUTLET ===
2026-04-02 03:48:09 - getOutlet.php - Method: POST
2026-04-02 03:48:09 - getOutlet.php - POST data: {"tgl":"2026-04-02","encrypt":"7e7f1d062ca9b9e5c530948d57925ffe","id_apl":"APL01","key":"Zaf Eye C"}
2026-04-02 10:48:09 - getOutlet.php - Params - tgl: 2026-04-02, encrypt: 7e7f1d062ca9b9e5c530948d57925ffe, id_apl: APL01, key: Zaf Eye C
2026-04-02 03:48:09 - getOutlet.php - === REQUEST GETOUTLET ===
2026-04-02 03:48:09 - getOutlet.php - Method: POST
2026-04-02 03:48:09 - getOutlet.php - POST data: {"tgl":"2026-04-02","encrypt":"7e7f1d062ca9b9e5c530948d57925ffe","id_apl":"APL01","key":"Zaf E"}
2026-04-02 10:48:09 - getOutlet.php - Params - tgl: 2026-04-02, encrypt: 7e7f1d062ca9b9e5c530948d57925ffe, id_apl: APL01, key: Zaf E
2026-04-02 10:48:09 - getOutlet.php - Aplikasi ditemukan: Ya
2026-04-02 10:48:09 - getOutlet.php - Key aplikasi: YbcJSFjkds...
2026-04-02 10:48:09 - getOutlet.php - Expected encrypt: 7e7f1d062ca9b9e5c530948d57925ffe
2026-04-02 10:48:09 - getOutlet.php - Received encrypt: 7e7f1d062ca9b9e5c530948d57925ffe
2026-04-02 10:48:09 - getOutlet.php - Authentication berhasil
2026-04-02 10:48:09 - getOutlet.php - Query: SELECT id_out, nama_out, '' AS alamat_out, ofcode_out
            FROM outlet 
            WHERE status_out IN ('Active', '1', 'active')
            AND (nama_out LIKE :key OR ofcode_out LIKE :key)
            ORDER BY nama_out ASC
            LIMIT 20
2026-04-02 10:48:09 - getOutlet.php - Aplikasi ditemukan: Ya
2026-04-02 10:48:09 - getOutlet.php - Key aplikasi: YbcJSFjkds...
2026-04-02 10:48:09 - getOutlet.php - Expected encrypt: 7e7f1d062ca9b9e5c530948d57925ffe
2026-04-02 10:48:09 - getOutlet.php - Received encrypt: 7e7f1d062ca9b9e5c530948d57925ffe
2026-04-02 10:48:09 - getOutlet.php - Authentication berhasil
2026-04-02 10:48:09 - getOutlet.php - Query berhasil, mengembalikan 0 record
2026-04-02 10:48:09 - getOutlet.php - === END REQUEST ===
2026-04-02 10:48:09 - getOutlet.php - Query: SELECT id_out, nama_out, '' AS alamat_out, ofcode_out
            FROM outlet 
            WHERE status_out IN ('Active', '1', 'active')
            AND (nama_out LIKE :key OR ofcode_out LIKE :key)
            ORDER BY nama_out ASC
            LIMIT 20
2026-04-02 10:48:09 - getOutlet.php - Query berhasil, mengembalikan 0 record
2026-04-02 10:48:09 - getOutlet.php - === END REQUEST ===
2026-04-02 03:48:09 - getOutlet.php - === REQUEST GETOUTLET ===
2026-04-02 03:48:09 - getOutlet.php - Method: POST
2026-04-02 03:48:09 - getOutlet.php - POST data: {"tgl":"2026-04-02","encrypt":"7e7f1d062ca9b9e5c530948d57925ffe","id_apl":"APL01","key":"Zaf Eye"}
2026-04-02 10:48:09 - getOutlet.php - Params - tgl: 2026-04-02, encrypt: 7e7f1d062ca9b9e5c530948d57925ffe, id_apl: APL01, key: Zaf Eye
2026-04-02 10:48:09 - getOutlet.php - Aplikasi ditemukan: Ya
2026-04-02 10:48:09 - getOutlet.php - Key aplikasi: YbcJSFjkds...
2026-04-02 10:48:09 - getOutlet.php - Expected encrypt: 7e7f1d062ca9b9e5c530948d57925ffe
2026-04-02 10:48:09 - getOutlet.php - Received encrypt: 7e7f1d062ca9b9e5c530948d57925ffe
2026-04-02 10:48:09 - getOutlet.php - Authentication berhasil
2026-04-02 10:48:09 - getOutlet.php - Query: SELECT id_out, nama_out, '' AS alamat_out, ofcode_out
            FROM outlet 
            WHERE status_out IN ('Active', '1', 'active')
            AND (nama_out LIKE :key OR ofcode_out LIKE :key)
            ORDER BY nama_out ASC
            LIMIT 20
2026-04-02 10:48:09 - getOutlet.php - Query berhasil, mengembalikan 0 record
2026-04-02 10:48:09 - getOutlet.php - === END REQUEST ===
2026-04-02 03:48:09 - getOutlet.php - === REQUEST GETOUTLET ===
2026-04-02 03:48:09 - getOutlet.php - Method: POST
2026-04-02 03:48:09 - getOutlet.php - POST data: {"tgl":"2026-04-02","encrypt":"7e7f1d062ca9b9e5c530948d57925ffe","id_apl":"APL01","key":"Zaf Ey"}
2026-04-02 10:48:09 - getOutlet.php - Params - tgl: 2026-04-02, encrypt: 7e7f1d062ca9b9e5c530948d57925ffe, id_apl: APL01, key: Zaf Ey
2026-04-02 10:48:09 - getOutlet.php - Aplikasi ditemukan: Ya
2026-04-02 10:48:09 - getOutlet.php - Key aplikasi: YbcJSFjkds...
2026-04-02 10:48:09 - getOutlet.php - Expected encrypt: 7e7f1d062ca9b9e5c530948d57925ffe
2026-04-02 10:48:09 - getOutlet.php - Received encrypt: 7e7f1d062ca9b9e5c530948d57925ffe
2026-04-02 10:48:09 - getOutlet.php - Authentication berhasil
2026-04-02 10:48:09 - getOutlet.php - Query: SELECT id_out, nama_out, '' AS alamat_out, ofcode_out
            FROM outlet 
            WHERE status_out IN ('Active', '1', 'active')
            AND (nama_out LIKE :key OR ofcode_out LIKE :key)
            ORDER BY nama_out ASC
            LIMIT 20
2026-04-02 10:48:09 - getOutlet.php - Query berhasil, mengembalikan 0 record
2026-04-02 10:48:09 - getOutlet.php - === END REQUEST ===
2026-04-02 03:48:09 - getOutlet.php - === REQUEST GETOUTLET ===
2026-04-02 03:48:09 - getOutlet.php - Method: POST
2026-04-02 03:48:09 - getOutlet.php - POST data: {"tgl":"2026-04-02","encrypt":"7e7f1d062ca9b9e5c530948d57925ffe","id_apl":"APL01","key":"Zaf Eye"}
2026-04-02 10:48:09 - getOutlet.php - Params - tgl: 2026-04-02, encrypt: 7e7f1d062ca9b9e5c530948d57925ffe, id_apl: APL01, key: Zaf Eye
2026-04-02 03:48:09 - getOutlet.php - === REQUEST GETOUTLET ===
2026-04-02 03:48:09 - getOutlet.php - Method: POST
2026-04-02 03:48:09 - getOutlet.php - POST data: {"tgl":"2026-04-02","encrypt":"7e7f1d062ca9b9e5c530948d57925ffe","id_apl":"APL01","key":"Zaf"}
2026-04-02 10:48:09 - getOutlet.php - Params - tgl: 2026-04-02, encrypt: 7e7f1d062ca9b9e5c530948d57925ffe, id_apl: APL01, key: Zaf
2026-04-02 10:48:09 - getOutlet.php - Aplikasi ditemukan: Ya
2026-04-02 10:48:09 - getOutlet.php - Key aplikasi: YbcJSFjkds...
2026-04-02 10:48:09 - getOutlet.php - Expected encrypt: 7e7f1d062ca9b9e5c530948d57925ffe
2026-04-02 10:48:09 - getOutlet.php - Received encrypt: 7e7f1d062ca9b9e5c530948d57925ffe
2026-04-02 10:48:09 - getOutlet.php - Authentication berhasil
2026-04-02 03:48:09 - getOutlet.php - === REQUEST GETOUTLET ===
2026-04-02 03:48:09 - getOutlet.php - Method: POST
2026-04-02 03:48:09 - getOutlet.php - POST data: {"tgl":"2026-04-02","encrypt":"7e7f1d062ca9b9e5c530948d57925ffe","id_apl":"APL01","key":"Zaf Eye Ca"}
2026-04-02 10:48:09 - getOutlet.php - Params - tgl: 2026-04-02, encrypt: 7e7f1d062ca9b9e5c530948d57925ffe, id_apl: APL01, key: Zaf Eye Ca
2026-04-02 10:48:09 - getOutlet.php - Query: SELECT id_out, nama_out, '' AS alamat_out, ofcode_out
            FROM outlet 
            WHERE status_out IN ('Active', '1', 'active')
            AND (nama_out LIKE :key OR ofcode_out LIKE :key)
            ORDER BY nama_out ASC
            LIMIT 20
2026-04-02 10:48:09 - getOutlet.php - Query berhasil, mengembalikan 0 record
2026-04-02 10:48:09 - getOutlet.php - === END REQUEST ===
2026-04-02 10:48:09 - getOutlet.php - Aplikasi ditemukan: Ya
2026-04-02 10:48:09 - getOutlet.php - Key aplikasi: YbcJSFjkds...
2026-04-02 10:48:09 - getOutlet.php - Expected encrypt: 7e7f1d062ca9b9e5c530948d57925ffe
2026-04-02 10:48:09 - getOutlet.php - Received encrypt: 7e7f1d062ca9b9e5c530948d57925ffe
2026-04-02 10:48:09 - getOutlet.php - Aplikasi ditemukan: Ya
2026-04-02 10:48:09 - getOutlet.php - Authentication berhasil
2026-04-02 10:48:09 - getOutlet.php - Key aplikasi: YbcJSFjkds...
2026-04-02 10:48:09 - getOutlet.php - Expected encrypt: 7e7f1d062ca9b9e5c530948d57925ffe
2026-04-02 10:48:09 - getOutlet.php - Received encrypt: 7e7f1d062ca9b9e5c530948d57925ffe
2026-04-02 10:48:09 - getOutlet.php - Authentication berhasil
2026-04-02 10:48:09 - getOutlet.php - Query: SELECT id_out, nama_out, '' AS alamat_out, ofcode_out
            FROM outlet 
            WHERE status_out IN ('Active', '1', 'active')
            AND (nama_out LIKE :key OR ofcode_out LIKE :key)
            ORDER BY nama_out ASC
            LIMIT 20
2026-04-02 10:48:09 - getOutlet.php - Query: SELECT id_out, nama_out, '' AS alamat_out, ofcode_out
            FROM outlet 
            WHERE status_out IN ('Active', '1', 'active')
            AND (nama_out LIKE :key OR ofcode_out LIKE :key)
            ORDER BY nama_out ASC
            LIMIT 20
2026-04-02 10:48:09 - getOutlet.php - Query berhasil, mengembalikan 0 record
2026-04-02 10:48:09 - getOutlet.php - === END REQUEST ===
2026-04-02 10:48:09 - getOutlet.php - Query berhasil, mengembalikan 0 record
2026-04-02 10:48:09 - getOutlet.php - === END REQUEST ===
2026-04-02 03:48:09 - getOutlet.php - === REQUEST GETOUTLET ===
2026-04-02 03:48:09 - getOutlet.php - Method: POST
2026-04-02 03:48:09 - getOutlet.php - POST data: {"tgl":"2026-04-02","encrypt":"7e7f1d062ca9b9e5c530948d57925ffe","id_apl":"APL01","key":"Zaf"}
2026-04-02 10:48:09 - getOutlet.php - Params - tgl: 2026-04-02, encrypt: 7e7f1d062ca9b9e5c530948d57925ffe, id_apl: APL01, key: Zaf
2026-04-02 10:48:09 - getOutlet.php - Aplikasi ditemukan: Ya
2026-04-02 10:48:09 - getOutlet.php - Key aplikasi: YbcJSFjkds...
2026-04-02 10:48:09 - getOutlet.php - Expected encrypt: 7e7f1d062ca9b9e5c530948d57925ffe
2026-04-02 10:48:09 - getOutlet.php - Received encrypt: 7e7f1d062ca9b9e5c530948d57925ffe
2026-04-02 10:48:09 - getOutlet.php - Authentication berhasil
2026-04-02 10:48:09 - getOutlet.php - Query: SELECT id_out, nama_out, '' AS alamat_out, ofcode_out
            FROM outlet 
            WHERE status_out IN ('Active', '1', 'active')
            AND (nama_out LIKE :key OR ofcode_out LIKE :key)
            ORDER BY nama_out ASC
            LIMIT 20
2026-04-02 10:48:09 - getOutlet.php - Query berhasil, mengembalikan 0 record
2026-04-02 10:48:09 - getOutlet.php - === END REQUEST ===
2026-04-02 03:48:09 - getOutlet.php - === REQUEST GETOUTLET ===
2026-04-02 03:48:09 - getOutlet.php - Method: POST
2026-04-02 03:48:09 - getOutlet.php - POST data: {"tgl":"2026-04-02","encrypt":"7e7f1d062ca9b9e5c530948d57925ffe","id_apl":"APL01","key":"Za"}
2026-04-02 10:48:09 - getOutlet.php - Params - tgl: 2026-04-02, encrypt: 7e7f1d062ca9b9e5c530948d57925ffe, id_apl: APL01, key: Za
2026-04-02 10:48:10 - getOutlet.php - Aplikasi ditemukan: Ya
2026-04-02 10:48:10 - getOutlet.php - Key aplikasi: YbcJSFjkds...
2026-04-02 10:48:10 - getOutlet.php - Expected encrypt: 7e7f1d062ca9b9e5c530948d57925ffe
2026-04-02 10:48:10 - getOutlet.php - Received encrypt: 7e7f1d062ca9b9e5c530948d57925ffe
2026-04-02 10:48:10 - getOutlet.php - Authentication berhasil
2026-04-02 10:48:10 - getOutlet.php - Query: SELECT id_out, nama_out, '' AS alamat_out, ofcode_out
            FROM outlet 
            WHERE status_out IN ('Active', '1', 'active')
            AND (nama_out LIKE :key OR ofcode_out LIKE :key)
            ORDER BY nama_out ASC
            LIMIT 20
2026-04-02 10:48:10 - getOutlet.php - Query berhasil, mengembalikan 20 record
2026-04-02 10:48:10 - getOutlet.php - === END REQUEST ===
2026-04-02 03:48:10 - getOutlet.php - === REQUEST GETOUTLET ===
2026-04-02 03:48:10 - getOutlet.php - Method: POST
2026-04-02 03:48:10 - getOutlet.php - POST data: {"tgl":"2026-04-02","encrypt":"7e7f1d062ca9b9e5c530948d57925ffe","id_apl":"APL01","key":"Ek"}
2026-04-02 10:48:10 - getOutlet.php - Params - tgl: 2026-04-02, encrypt: 7e7f1d062ca9b9e5c530948d57925ffe, id_apl: APL01, key: Ek
2026-04-02 10:48:10 - getOutlet.php - Aplikasi ditemukan: Ya
2026-04-02 10:48:10 - getOutlet.php - Key aplikasi: YbcJSFjkds...
2026-04-02 10:48:10 - getOutlet.php - Expected encrypt: 7e7f1d062ca9b9e5c530948d57925ffe
2026-04-02 10:48:10 - getOutlet.php - Received encrypt: 7e7f1d062ca9b9e5c530948d57925ffe
2026-04-02 10:48:10 - getOutlet.php - Authentication berhasil
2026-04-02 10:48:10 - getOutlet.php - Query: SELECT id_out, nama_out, '' AS alamat_out, ofcode_out
            FROM outlet 
            WHERE status_out IN ('Active', '1', 'active')
            AND (nama_out LIKE :key OR ofcode_out LIKE :key)
            ORDER BY nama_out ASC
            LIMIT 20
2026-04-02 10:48:10 - getOutlet.php - Query berhasil, mengembalikan 20 record
2026-04-02 10:48:10 - getOutlet.php - === END REQUEST ===
2026-04-02 03:48:11 - getOutlet.php - === REQUEST GETOUTLET ===
2026-04-02 03:48:11 - getOutlet.php - Method: POST
2026-04-02 03:48:11 - getOutlet.php - POST data: {"tgl":"2026-04-02","encrypt":"7e7f1d062ca9b9e5c530948d57925ffe","id_apl":"APL01","key":"Eka"}
2026-04-02 10:48:11 - getOutlet.php - Params - tgl: 2026-04-02, encrypt: 7e7f1d062ca9b9e5c530948d57925ffe, id_apl: APL01, key: Eka
2026-04-02 10:48:11 - getOutlet.php - Aplikasi ditemukan: Ya
2026-04-02 10:48:11 - getOutlet.php - Key aplikasi: YbcJSFjkds...
2026-04-02 10:48:11 - getOutlet.php - Expected encrypt: 7e7f1d062ca9b9e5c530948d57925ffe
2026-04-02 10:48:11 - getOutlet.php - Received encrypt: 7e7f1d062ca9b9e5c530948d57925ffe
2026-04-02 10:48:11 - getOutlet.php - Authentication berhasil
2026-04-02 10:48:11 - getOutlet.php - Query: SELECT id_out, nama_out, '' AS alamat_out, ofcode_out
            FROM outlet 
            WHERE status_out IN ('Active', '1', 'active')
            AND (nama_out LIKE :key OR ofcode_out LIKE :key)
            ORDER BY nama_out ASC
            LIMIT 20
2026-04-02 10:48:11 - getOutlet.php - Query berhasil, mengembalikan 20 record
2026-04-02 10:48:11 - getOutlet.php - === END REQUEST ===
2026-04-02 03:48:11 - getOutlet.php - === REQUEST GETOUTLET ===
2026-04-02 03:48:11 - getOutlet.php - Method: POST
2026-04-02 03:48:11 - getOutlet.php - POST data: {"tgl":"2026-04-02","encrypt":"7e7f1d062ca9b9e5c530948d57925ffe","id_apl":"APL01","key":"Eka"}
2026-04-02 10:48:11 - getOutlet.php - Params - tgl: 2026-04-02, encrypt: 7e7f1d062ca9b9e5c530948d57925ffe, id_apl: APL01, key: Eka
2026-04-02 10:48:11 - getOutlet.php - Aplikasi ditemukan: Ya
2026-04-02 10:48:11 - getOutlet.php - Key aplikasi: YbcJSFjkds...
2026-04-02 10:48:11 - getOutlet.php - Expected encrypt: 7e7f1d062ca9b9e5c530948d57925ffe
2026-04-02 10:48:11 - getOutlet.php - Received encrypt: 7e7f1d062ca9b9e5c530948d57925ffe
2026-04-02 10:48:11 - getOutlet.php - Authentication berhasil
2026-04-02 10:48:11 - getOutlet.php - Query: SELECT id_out, nama_out, '' AS alamat_out, ofcode_out
            FROM outlet 
            WHERE status_out IN ('Active', '1', 'active')
            AND (nama_out LIKE :key OR ofcode_out LIKE :key)
            ORDER BY nama_out ASC
            LIMIT 20
2026-04-02 10:48:11 - getOutlet.php - Query berhasil, mengembalikan 20 record
2026-04-02 10:48:11 - getOutlet.php - === END REQUEST ===
2026-04-02 03:48:11 - getOutlet.php - === REQUEST GETOUTLET ===
2026-04-02 03:48:11 - getOutlet.php - Method: POST
2026-04-02 03:48:11 - getOutlet.php - POST data: {"tgl":"2026-04-02","encrypt":"7e7f1d062ca9b9e5c530948d57925ffe","id_apl":"APL01","key":"Eka"}
2026-04-02 10:48:11 - getOutlet.php - Params - tgl: 2026-04-02, encrypt: 7e7f1d062ca9b9e5c530948d57925ffe, id_apl: APL01, key: Eka
2026-04-02 10:48:11 - getOutlet.php - Aplikasi ditemukan: Ya
2026-04-02 10:48:11 - getOutlet.php - Key aplikasi: YbcJSFjkds...
2026-04-02 10:48:11 - getOutlet.php - Expected encrypt: 7e7f1d062ca9b9e5c530948d57925ffe
2026-04-02 10:48:11 - getOutlet.php - Received encrypt: 7e7f1d062ca9b9e5c530948d57925ffe
2026-04-02 10:48:11 - getOutlet.php - Authentication berhasil
2026-04-02 10:48:11 - getOutlet.php - Query: SELECT id_out, nama_out, '' AS alamat_out, ofcode_out
            FROM outlet 
            WHERE status_out IN ('Active', '1', 'active')
            AND (nama_out LIKE :key OR ofcode_out LIKE :key)
            ORDER BY nama_out ASC
            LIMIT 20
2026-04-02 10:48:11 - getOutlet.php - Query berhasil, mengembalikan 20 record
2026-04-02 10:48:11 - getOutlet.php - === END REQUEST ===
2026-04-02 03:48:11 - getOutlet.php - === REQUEST GETOUTLET ===
2026-04-02 03:48:11 - getOutlet.php - Method: POST
2026-04-02 03:48:11 - getOutlet.php - POST data: {"tgl":"2026-04-02","encrypt":"7e7f1d062ca9b9e5c530948d57925ffe","id_apl":"APL01","key":"Eka p"}
2026-04-02 10:48:11 - getOutlet.php - Params - tgl: 2026-04-02, encrypt: 7e7f1d062ca9b9e5c530948d57925ffe, id_apl: APL01, key: Eka p
2026-04-02 10:48:11 - getOutlet.php - Aplikasi ditemukan: Ya
2026-04-02 10:48:11 - getOutlet.php - Key aplikasi: YbcJSFjkds...
2026-04-02 10:48:11 - getOutlet.php - Expected encrypt: 7e7f1d062ca9b9e5c530948d57925ffe
2026-04-02 10:48:11 - getOutlet.php - Received encrypt: 7e7f1d062ca9b9e5c530948d57925ffe
2026-04-02 10:48:11 - getOutlet.php - Authentication berhasil
2026-04-02 10:48:11 - getOutlet.php - Query: SELECT id_out, nama_out, '' AS alamat_out, ofcode_out
            FROM outlet 
            WHERE status_out IN ('Active', '1', 'active')
            AND (nama_out LIKE :key OR ofcode_out LIKE :key)
            ORDER BY nama_out ASC
            LIMIT 20
2026-04-02 10:48:11 - getOutlet.php - Query berhasil, mengembalikan 1 record
2026-04-02 10:48:11 - getOutlet.php - === END REQUEST ===
2026-04-02 03:48:12 - getOutlet.php - === REQUEST GETOUTLET ===
2026-04-02 03:48:12 - getOutlet.php - Method: POST
2026-04-02 03:48:12 - getOutlet.php - POST data: {"tgl":"2026-04-02","encrypt":"7e7f1d062ca9b9e5c530948d57925ffe","id_apl":"APL01","key":"Eka pe"}
2026-04-02 10:48:12 - getOutlet.php - Params - tgl: 2026-04-02, encrypt: 7e7f1d062ca9b9e5c530948d57925ffe, id_apl: APL01, key: Eka pe
2026-04-02 10:48:12 - getOutlet.php - Aplikasi ditemukan: Ya
2026-04-02 10:48:12 - getOutlet.php - Key aplikasi: YbcJSFjkds...
2026-04-02 10:48:12 - getOutlet.php - Expected encrypt: 7e7f1d062ca9b9e5c530948d57925ffe
2026-04-02 10:48:12 - getOutlet.php - Received encrypt: 7e7f1d062ca9b9e5c530948d57925ffe
2026-04-02 10:48:12 - getOutlet.php - Authentication berhasil
2026-04-02 10:48:12 - getOutlet.php - Query: SELECT id_out, nama_out, '' AS alamat_out, ofcode_out
            FROM outlet 
            WHERE status_out IN ('Active', '1', 'active')
            AND (nama_out LIKE :key OR ofcode_out LIKE :key)
            ORDER BY nama_out ASC
            LIMIT 20
2026-04-02 10:48:12 - getOutlet.php - Query berhasil, mengembalikan 1 record
2026-04-02 10:48:12 - getOutlet.php - === END REQUEST ===
2026-04-02 03:48:12 - getOutlet.php - === REQUEST GETOUTLET ===
2026-04-02 03:48:12 - getOutlet.php - Method: POST
2026-04-02 03:48:12 - getOutlet.php - POST data: {"tgl":"2026-04-02","encrypt":"7e7f1d062ca9b9e5c530948d57925ffe","id_apl":"APL01","key":"Eka per"}
2026-04-02 10:48:12 - getOutlet.php - Params - tgl: 2026-04-02, encrypt: 7e7f1d062ca9b9e5c530948d57925ffe, id_apl: APL01, key: Eka per
2026-04-02 10:48:12 - getOutlet.php - Aplikasi ditemukan: Ya
2026-04-02 10:48:12 - getOutlet.php - Key aplikasi: YbcJSFjkds...
2026-04-02 10:48:12 - getOutlet.php - Expected encrypt: 7e7f1d062ca9b9e5c530948d57925ffe
2026-04-02 10:48:12 - getOutlet.php - Received encrypt: 7e7f1d062ca9b9e5c530948d57925ffe
2026-04-02 10:48:12 - getOutlet.php - Authentication berhasil
2026-04-02 10:48:12 - getOutlet.php - Query: SELECT id_out, nama_out, '' AS alamat_out, ofcode_out
            FROM outlet 
            WHERE status_out IN ('Active', '1', 'active')
            AND (nama_out LIKE :key OR ofcode_out LIKE :key)
            ORDER BY nama_out ASC
            LIMIT 20
2026-04-02 10:48:12 - getOutlet.php - Query berhasil, mengembalikan 1 record
2026-04-02 10:48:12 - getOutlet.php - === END REQUEST ===
2026-04-02 03:48:13 - getOutlet.php - === REQUEST GETOUTLET ===
2026-04-02 03:48:13 - getOutlet.php - Method: POST
2026-04-02 03:48:13 - getOutlet.php - POST data: {"tgl":"2026-04-02","encrypt":"7e7f1d062ca9b9e5c530948d57925ffe","id_apl":"APL01","key":"RSU EKA PERMATA HIJAU"}
2026-04-02 10:48:13 - getOutlet.php - Params - tgl: 2026-04-02, encrypt: 7e7f1d062ca9b9e5c530948d57925ffe, id_apl: APL01, key: RSU EKA PERMATA HIJAU
2026-04-02 10:48:13 - getOutlet.php - Aplikasi ditemukan: Ya
2026-04-02 10:48:13 - getOutlet.php - Key aplikasi: YbcJSFjkds...
2026-04-02 10:48:13 - getOutlet.php - Expected encrypt: 7e7f1d062ca9b9e5c530948d57925ffe
2026-04-02 10:48:13 - getOutlet.php - Received encrypt: 7e7f1d062ca9b9e5c530948d57925ffe
2026-04-02 10:48:13 - getOutlet.php - Authentication berhasil
2026-04-02 10:48:13 - getOutlet.php - Query: SELECT id_out, nama_out, '' AS alamat_out, ofcode_out
            FROM outlet 
            WHERE status_out IN ('Active', '1', 'active')
            AND (nama_out LIKE :key OR ofcode_out LIKE :key)
            ORDER BY nama_out ASC
            LIMIT 20
2026-04-02 10:48:13 - getOutlet.php - Query berhasil, mengembalikan 1 record
2026-04-02 10:48:13 - getOutlet.php - === END REQUEST ===
2026-04-02 03:48:18 - getOutlet.php - === REQUEST GETOUTLET ===
2026-04-02 03:48:18 - getOutlet.php - Method: POST
2026-04-02 03:48:18 - getOutlet.php - POST data: {"tgl":"2026-04-02","encrypt":"7e7f1d062ca9b9e5c530948d57925ffe","id_apl":"APL01","key":"RSU EKA PERMATA HIJAU"}
2026-04-02 10:48:18 - getOutlet.php - Params - tgl: 2026-04-02, encrypt: 7e7f1d062ca9b9e5c530948d57925ffe, id_apl: APL01, key: RSU EKA PERMATA HIJAU
2026-04-02 10:48:18 - getOutlet.php - Aplikasi ditemukan: Ya
2026-04-02 10:48:18 - getOutlet.php - Key aplikasi: YbcJSFjkds...
2026-04-02 10:48:18 - getOutlet.php - Expected encrypt: 7e7f1d062ca9b9e5c530948d57925ffe
2026-04-02 10:48:18 - getOutlet.php - Received encrypt: 7e7f1d062ca9b9e5c530948d57925ffe
2026-04-02 10:48:18 - getOutlet.php - Authentication berhasil
2026-04-02 10:48:18 - getOutlet.php - Query: SELECT id_out, nama_out, '' AS alamat_out, ofcode_out
            FROM outlet 
            WHERE status_out IN ('Active', '1', 'active')
            AND (nama_out LIKE :key OR ofcode_out LIKE :key)
            ORDER BY nama_out ASC
            LIMIT 20
2026-04-02 10:48:18 - getOutlet.php - Query berhasil, mengembalikan 1 record
2026-04-02 10:48:18 - getOutlet.php - === END REQUEST ===
2026-04-02 03:48:19 - getOutlet.php - === REQUEST GETOUTLET ===
2026-04-02 03:48:19 - getOutlet.php - Method: POST
2026-04-02 03:48:19 - getOutlet.php - POST data: {"tgl":"2026-04-02","encrypt":"7e7f1d062ca9b9e5c530948d57925ffe","id_apl":"APL01","key":"RSU EKA PERMATA HIJAU"}
2026-04-02 10:48:19 - getOutlet.php - Params - tgl: 2026-04-02, encrypt: 7e7f1d062ca9b9e5c530948d57925ffe, id_apl: APL01, key: RSU EKA PERMATA HIJAU
2026-04-02 10:48:19 - getOutlet.php - Aplikasi ditemukan: Ya
2026-04-02 10:48:19 - getOutlet.php - Key aplikasi: YbcJSFjkds...
2026-04-02 10:48:19 - getOutlet.php - Expected encrypt: 7e7f1d062ca9b9e5c530948d57925ffe
2026-04-02 10:48:19 - getOutlet.php - Received encrypt: 7e7f1d062ca9b9e5c530948d57925ffe
2026-04-02 10:48:19 - getOutlet.php - Authentication berhasil
2026-04-02 10:48:19 - getOutlet.php - Query: SELECT id_out, nama_out, '' AS alamat_out, ofcode_out
            FROM outlet 
            WHERE status_out IN ('Active', '1', 'active')
            AND (nama_out LIKE :key OR ofcode_out LIKE :key)
            ORDER BY nama_out ASC
            LIMIT 20
2026-04-02 10:48:19 - getOutlet.php - Query berhasil, mengembalikan 1 record
2026-04-02 10:48:19 - getOutlet.php - === END REQUEST ===
2026-04-02 03:48:25 - getOutlet.php - === REQUEST GETOUTLET ===
2026-04-02 03:48:25 - getOutlet.php - Method: POST
2026-04-02 03:48:25 - getOutlet.php - POST data: {"tgl":"2026-04-02","encrypt":"7e7f1d062ca9b9e5c530948d57925ffe","id_apl":"APL01","key":"Bo"}
2026-04-02 10:48:25 - getOutlet.php - Params - tgl: 2026-04-02, encrypt: 7e7f1d062ca9b9e5c530948d57925ffe, id_apl: APL01, key: Bo
2026-04-02 10:48:25 - getOutlet.php - Aplikasi ditemukan: Ya
2026-04-02 10:48:25 - getOutlet.php - Key aplikasi: YbcJSFjkds...
2026-04-02 10:48:25 - getOutlet.php - Expected encrypt: 7e7f1d062ca9b9e5c530948d57925ffe
2026-04-02 10:48:25 - getOutlet.php - Received encrypt: 7e7f1d062ca9b9e5c530948d57925ffe
2026-04-02 10:48:25 - getOutlet.php - Authentication berhasil
2026-04-02 10:48:25 - getOutlet.php - Query: SELECT id_out, nama_out, '' AS alamat_out, ofcode_out
            FROM outlet 
            WHERE status_out IN ('Active', '1', 'active')
            AND (nama_out LIKE :key OR ofcode_out LIKE :key)
            ORDER BY nama_out ASC
            LIMIT 20
2026-04-02 10:48:25 - getOutlet.php - Query berhasil, mengembalikan 20 record
2026-04-02 10:48:25 - getOutlet.php - === END REQUEST ===
2026-04-02 03:48:25 - getOutlet.php - === REQUEST GETOUTLET ===
2026-04-02 03:48:25 - getOutlet.php - Method: POST
2026-04-02 03:48:25 - getOutlet.php - POST data: {"tgl":"2026-04-02","encrypt":"7e7f1d062ca9b9e5c530948d57925ffe","id_apl":"APL01","key":"Boo"}
2026-04-02 10:48:25 - getOutlet.php - Params - tgl: 2026-04-02, encrypt: 7e7f1d062ca9b9e5c530948d57925ffe, id_apl: APL01, key: Boo
2026-04-02 10:48:25 - getOutlet.php - Aplikasi ditemukan: Ya
2026-04-02 10:48:25 - getOutlet.php - Key aplikasi: YbcJSFjkds...
2026-04-02 10:48:25 - getOutlet.php - Expected encrypt: 7e7f1d062ca9b9e5c530948d57925ffe
2026-04-02 10:48:25 - getOutlet.php - Received encrypt: 7e7f1d062ca9b9e5c530948d57925ffe
2026-04-02 10:48:25 - getOutlet.php - Authentication berhasil
2026-04-02 10:48:25 - getOutlet.php - Query: SELECT id_out, nama_out, '' AS alamat_out, ofcode_out
            FROM outlet 
            WHERE status_out IN ('Active', '1', 'active')
            AND (nama_out LIKE :key OR ofcode_out LIKE :key)
            ORDER BY nama_out ASC
            LIMIT 20
2026-04-02 10:48:25 - getOutlet.php - Query berhasil, mengembalikan 20 record
2026-04-02 10:48:25 - getOutlet.php - === END REQUEST ===
2026-04-02 03:48:26 - getOutlet.php - === REQUEST GETOUTLET ===
2026-04-02 03:48:26 - getOutlet.php - Method: POST
2026-04-02 03:48:26 - getOutlet.php - POST data: {"tgl":"2026-04-02","encrypt":"7e7f1d062ca9b9e5c530948d57925ffe","id_apl":"APL01","key":"Boot"}
2026-04-02 10:48:26 - getOutlet.php - Params - tgl: 2026-04-02, encrypt: 7e7f1d062ca9b9e5c530948d57925ffe, id_apl: APL01, key: Boot
2026-04-02 10:48:26 - getOutlet.php - Aplikasi ditemukan: Ya
2026-04-02 10:48:26 - getOutlet.php - Key aplikasi: YbcJSFjkds...
2026-04-02 10:48:26 - getOutlet.php - Expected encrypt: 7e7f1d062ca9b9e5c530948d57925ffe
2026-04-02 10:48:26 - getOutlet.php - Received encrypt: 7e7f1d062ca9b9e5c530948d57925ffe
2026-04-02 10:48:26 - getOutlet.php - Authentication berhasil
2026-04-02 10:48:26 - getOutlet.php - Query: SELECT id_out, nama_out, '' AS alamat_out, ofcode_out
            FROM outlet 
            WHERE status_out IN ('Active', '1', 'active')
            AND (nama_out LIKE :key OR ofcode_out LIKE :key)
            ORDER BY nama_out ASC
            LIMIT 20
2026-04-02 10:48:26 - getOutlet.php - Query berhasil, mengembalikan 20 record
2026-04-02 10:48:26 - getOutlet.php - === END REQUEST ===
2026-04-02 03:48:26 - getOutlet.php - === REQUEST GETOUTLET ===
2026-04-02 03:48:26 - getOutlet.php - Method: POST
2026-04-02 03:48:26 - getOutlet.php - POST data: {"tgl":"2026-04-02","encrypt":"7e7f1d062ca9b9e5c530948d57925ffe","id_apl":"APL01","key":"Boots"}
2026-04-02 10:48:26 - getOutlet.php - Params - tgl: 2026-04-02, encrypt: 7e7f1d062ca9b9e5c530948d57925ffe, id_apl: APL01, key: Boots
2026-04-02 10:48:26 - getOutlet.php - Aplikasi ditemukan: Ya
2026-04-02 10:48:26 - getOutlet.php - Key aplikasi: YbcJSFjkds...
2026-04-02 10:48:26 - getOutlet.php - Expected encrypt: 7e7f1d062ca9b9e5c530948d57925ffe
2026-04-02 10:48:26 - getOutlet.php - Received encrypt: 7e7f1d062ca9b9e5c530948d57925ffe
2026-04-02 10:48:26 - getOutlet.php - Authentication berhasil
2026-04-02 10:48:26 - getOutlet.php - Query: SELECT id_out, nama_out, '' AS alamat_out, ofcode_out
            FROM outlet 
            WHERE status_out IN ('Active', '1', 'active')
            AND (nama_out LIKE :key OR ofcode_out LIKE :key)
            ORDER BY nama_out ASC
            LIMIT 20
2026-04-02 10:48:26 - getOutlet.php - Query berhasil, mengembalikan 20 record
2026-04-02 10:48:26 - getOutlet.php - === END REQUEST ===
2026-04-02 03:48:26 - getOutlet.php - === REQUEST GETOUTLET ===
2026-04-02 03:48:26 - getOutlet.php - Method: POST
2026-04-02 03:48:26 - getOutlet.php - POST data: {"tgl":"2026-04-02","encrypt":"7e7f1d062ca9b9e5c530948d57925ffe","id_apl":"APL01","key":"Boots"}
2026-04-02 10:48:26 - getOutlet.php - Params - tgl: 2026-04-02, encrypt: 7e7f1d062ca9b9e5c530948d57925ffe, id_apl: APL01, key: Boots
2026-04-02 10:48:26 - getOutlet.php - Aplikasi ditemukan: Ya
2026-04-02 10:48:26 - getOutlet.php - Key aplikasi: YbcJSFjkds...
2026-04-02 10:48:26 - getOutlet.php - Expected encrypt: 7e7f1d062ca9b9e5c530948d57925ffe
2026-04-02 10:48:26 - getOutlet.php - Received encrypt: 7e7f1d062ca9b9e5c530948d57925ffe
2026-04-02 10:48:26 - getOutlet.php - Authentication berhasil
2026-04-02 10:48:26 - getOutlet.php - Query: SELECT id_out, nama_out, '' AS alamat_out, ofcode_out
            FROM outlet 
            WHERE status_out IN ('Active', '1', 'active')
            AND (nama_out LIKE :key OR ofcode_out LIKE :key)
            ORDER BY nama_out ASC
            LIMIT 20
2026-04-02 10:48:26 - getOutlet.php - Query berhasil, mengembalikan 20 record
2026-04-02 10:48:26 - getOutlet.php - === END REQUEST ===
2026-04-02 03:48:26 - getOutlet.php - === REQUEST GETOUTLET ===
2026-04-02 03:48:26 - getOutlet.php - Method: POST
2026-04-02 03:48:26 - getOutlet.php - POST data: {"tgl":"2026-04-02","encrypt":"7e7f1d062ca9b9e5c530948d57925ffe","id_apl":"APL01","key":"Boots"}
2026-04-02 10:48:26 - getOutlet.php - Params - tgl: 2026-04-02, encrypt: 7e7f1d062ca9b9e5c530948d57925ffe, id_apl: APL01, key: Boots
2026-04-02 10:48:26 - getOutlet.php - Aplikasi ditemukan: Ya
2026-04-02 10:48:26 - getOutlet.php - Key aplikasi: YbcJSFjkds...
2026-04-02 10:48:26 - getOutlet.php - Expected encrypt: 7e7f1d062ca9b9e5c530948d57925ffe
2026-04-02 10:48:26 - getOutlet.php - Received encrypt: 7e7f1d062ca9b9e5c530948d57925ffe
2026-04-02 10:48:26 - getOutlet.php - Authentication berhasil
2026-04-02 10:48:26 - getOutlet.php - Query: SELECT id_out, nama_out, '' AS alamat_out, ofcode_out
            FROM outlet 
            WHERE status_out IN ('Active', '1', 'active')
            AND (nama_out LIKE :key OR ofcode_out LIKE :key)
            ORDER BY nama_out ASC
            LIMIT 20
2026-04-02 10:48:26 - getOutlet.php - Query berhasil, mengembalikan 20 record
2026-04-02 10:48:26 - getOutlet.php - === END REQUEST ===
2026-04-02 03:48:26 - getOutlet.php - === REQUEST GETOUTLET ===
2026-04-02 03:48:26 - getOutlet.php - Method: POST
2026-04-02 03:48:26 - getOutlet.php - POST data: {"tgl":"2026-04-02","encrypt":"7e7f1d062ca9b9e5c530948d57925ffe","id_apl":"APL01","key":"Boots p"}
2026-04-02 10:48:26 - getOutlet.php - Params - tgl: 2026-04-02, encrypt: 7e7f1d062ca9b9e5c530948d57925ffe, id_apl: APL01, key: Boots p
2026-04-02 10:48:26 - getOutlet.php - Aplikasi ditemukan: Ya
2026-04-02 10:48:26 - getOutlet.php - Key aplikasi: YbcJSFjkds...
2026-04-02 10:48:26 - getOutlet.php - Expected encrypt: 7e7f1d062ca9b9e5c530948d57925ffe
2026-04-02 10:48:26 - getOutlet.php - Received encrypt: 7e7f1d062ca9b9e5c530948d57925ffe
2026-04-02 10:48:26 - getOutlet.php - Authentication berhasil
2026-04-02 10:48:26 - getOutlet.php - Query: SELECT id_out, nama_out, '' AS alamat_out, ofcode_out
            FROM outlet 
            WHERE status_out IN ('Active', '1', 'active')
            AND (nama_out LIKE :key OR ofcode_out LIKE :key)
            ORDER BY nama_out ASC
            LIMIT 20
2026-04-02 10:48:26 - getOutlet.php - Query berhasil, mengembalikan 5 record
2026-04-02 10:48:26 - getOutlet.php - === END REQUEST ===
2026-04-02 03:48:27 - getOutlet.php - === REQUEST GETOUTLET ===
2026-04-02 03:48:27 - getOutlet.php - Method: POST
2026-04-02 03:48:27 - getOutlet.php - POST data: {"tgl":"2026-04-02","encrypt":"7e7f1d062ca9b9e5c530948d57925ffe","id_apl":"APL01","key":"Boots pi"}
2026-04-02 10:48:27 - getOutlet.php - Params - tgl: 2026-04-02, encrypt: 7e7f1d062ca9b9e5c530948d57925ffe, id_apl: APL01, key: Boots pi
2026-04-02 10:48:27 - getOutlet.php - Aplikasi ditemukan: Ya
2026-04-02 10:48:27 - getOutlet.php - Key aplikasi: YbcJSFjkds...
2026-04-02 10:48:27 - getOutlet.php - Expected encrypt: 7e7f1d062ca9b9e5c530948d57925ffe
2026-04-02 10:48:27 - getOutlet.php - Received encrypt: 7e7f1d062ca9b9e5c530948d57925ffe
2026-04-02 10:48:27 - getOutlet.php - Authentication berhasil
2026-04-02 10:48:27 - getOutlet.php - Query: SELECT id_out, nama_out, '' AS alamat_out, ofcode_out
            FROM outlet 
            WHERE status_out IN ('Active', '1', 'active')
            AND (nama_out LIKE :key OR ofcode_out LIKE :key)
            ORDER BY nama_out ASC
            LIMIT 20
2026-04-02 10:48:27 - getOutlet.php - Query berhasil, mengembalikan 2 record
2026-04-02 10:48:27 - getOutlet.php - === END REQUEST ===
2026-04-02 03:48:27 - getOutlet.php - === REQUEST GETOUTLET ===
2026-04-02 03:48:27 - getOutlet.php - Method: POST
2026-04-02 03:48:27 - getOutlet.php - POST data: {"tgl":"2026-04-02","encrypt":"7e7f1d062ca9b9e5c530948d57925ffe","id_apl":"APL01","key":"Boots pim"}
2026-04-02 10:48:27 - getOutlet.php - Params - tgl: 2026-04-02, encrypt: 7e7f1d062ca9b9e5c530948d57925ffe, id_apl: APL01, key: Boots pim
2026-04-02 10:48:27 - getOutlet.php - Aplikasi ditemukan: Ya
2026-04-02 10:48:27 - getOutlet.php - Key aplikasi: YbcJSFjkds...
2026-04-02 10:48:27 - getOutlet.php - Expected encrypt: 7e7f1d062ca9b9e5c530948d57925ffe
2026-04-02 10:48:27 - getOutlet.php - Received encrypt: 7e7f1d062ca9b9e5c530948d57925ffe
2026-04-02 10:48:27 - getOutlet.php - Authentication berhasil
2026-04-02 10:48:27 - getOutlet.php - Query: SELECT id_out, nama_out, '' AS alamat_out, ofcode_out
            FROM outlet 
            WHERE status_out IN ('Active', '1', 'active')
            AND (nama_out LIKE :key OR ofcode_out LIKE :key)
            ORDER BY nama_out ASC
            LIMIT 20
2026-04-02 10:48:27 - getOutlet.php - Query berhasil, mengembalikan 1 record
2026-04-02 10:48:27 - getOutlet.php - === END REQUEST ===
2026-04-02 03:48:27 - getOutlet.php - === REQUEST GETOUTLET ===
2026-04-02 03:48:27 - getOutlet.php - Method: POST
2026-04-02 03:48:27 - getOutlet.php - POST data: {"tgl":"2026-04-02","encrypt":"7e7f1d062ca9b9e5c530948d57925ffe","id_apl":"APL01","key":"Boots pim"}
2026-04-02 10:48:27 - getOutlet.php - Params - tgl: 2026-04-02, encrypt: 7e7f1d062ca9b9e5c530948d57925ffe, id_apl: APL01, key: Boots pim
2026-04-02 10:48:27 - getOutlet.php - Aplikasi ditemukan: Ya
2026-04-02 10:48:27 - getOutlet.php - Key aplikasi: YbcJSFjkds...
2026-04-02 10:48:27 - getOutlet.php - Expected encrypt: 7e7f1d062ca9b9e5c530948d57925ffe
2026-04-02 10:48:27 - getOutlet.php - Received encrypt: 7e7f1d062ca9b9e5c530948d57925ffe
2026-04-02 10:48:27 - getOutlet.php - Authentication berhasil
2026-04-02 10:48:27 - getOutlet.php - Query: SELECT id_out, nama_out, '' AS alamat_out, ofcode_out
            FROM outlet 
            WHERE status_out IN ('Active', '1', 'active')
            AND (nama_out LIKE :key OR ofcode_out LIKE :key)
            ORDER BY nama_out ASC
            LIMIT 20
2026-04-02 10:48:27 - getOutlet.php - Query berhasil, mengembalikan 1 record
2026-04-02 10:48:27 - getOutlet.php - === END REQUEST ===
2026-04-02 03:48:27 - getOutlet.php - === REQUEST GETOUTLET ===
2026-04-02 03:48:27 - getOutlet.php - Method: POST
2026-04-02 03:48:27 - getOutlet.php - POST data: {"tgl":"2026-04-02","encrypt":"7e7f1d062ca9b9e5c530948d57925ffe","id_apl":"APL01","key":"Boots pim"}
2026-04-02 10:48:27 - getOutlet.php - Params - tgl: 2026-04-02, encrypt: 7e7f1d062ca9b9e5c530948d57925ffe, id_apl: APL01, key: Boots pim
2026-04-02 10:48:27 - getOutlet.php - Aplikasi ditemukan: Ya
2026-04-02 10:48:27 - getOutlet.php - Key aplikasi: YbcJSFjkds...
2026-04-02 10:48:27 - getOutlet.php - Expected encrypt: 7e7f1d062ca9b9e5c530948d57925ffe
2026-04-02 10:48:27 - getOutlet.php - Received encrypt: 7e7f1d062ca9b9e5c530948d57925ffe
2026-04-02 10:48:27 - getOutlet.php - Authentication berhasil
2026-04-02 10:48:27 - getOutlet.php - Query: SELECT id_out, nama_out, '' AS alamat_out, ofcode_out
            FROM outlet 
            WHERE status_out IN ('Active', '1', 'active')
            AND (nama_out LIKE :key OR ofcode_out LIKE :key)
            ORDER BY nama_out ASC
            LIMIT 20
2026-04-02 10:48:27 - getOutlet.php - Query berhasil, mengembalikan 1 record
2026-04-02 10:48:27 - getOutlet.php - === END REQUEST ===
2026-04-02 03:48:28 - getOutlet.php - === REQUEST GETOUTLET ===
2026-04-02 03:48:28 - getOutlet.php - Method: POST
2026-04-02 03:48:28 - getOutlet.php - POST data: {"tgl":"2026-04-02","encrypt":"7e7f1d062ca9b9e5c530948d57925ffe","id_apl":"APL01","key":"Boots pim 3"}
2026-04-02 10:48:28 - getOutlet.php - Params - tgl: 2026-04-02, encrypt: 7e7f1d062ca9b9e5c530948d57925ffe, id_apl: APL01, key: Boots pim 3
2026-04-02 10:48:28 - getOutlet.php - Aplikasi ditemukan: Ya
2026-04-02 10:48:28 - getOutlet.php - Key aplikasi: YbcJSFjkds...
2026-04-02 10:48:28 - getOutlet.php - Expected encrypt: 7e7f1d062ca9b9e5c530948d57925ffe
2026-04-02 10:48:28 - getOutlet.php - Received encrypt: 7e7f1d062ca9b9e5c530948d57925ffe
2026-04-02 10:48:28 - getOutlet.php - Authentication berhasil
2026-04-02 10:48:28 - getOutlet.php - Query: SELECT id_out, nama_out, '' AS alamat_out, ofcode_out
            FROM outlet 
            WHERE status_out IN ('Active', '1', 'active')
            AND (nama_out LIKE :key OR ofcode_out LIKE :key)
            ORDER BY nama_out ASC
            LIMIT 20
2026-04-02 10:48:28 - getOutlet.php - Query berhasil, mengembalikan 1 record
2026-04-02 10:48:28 - getOutlet.php - === END REQUEST ===
2026-04-02 03:48:29 - getOutlet.php - === REQUEST GETOUTLET ===
2026-04-02 03:48:29 - getOutlet.php - Method: POST
2026-04-02 03:48:29 - getOutlet.php - POST data: {"tgl":"2026-04-02","encrypt":"7e7f1d062ca9b9e5c530948d57925ffe","id_apl":"APL01","key":"APOTEK BOOTS PIM 3"}
2026-04-02 10:48:29 - getOutlet.php - Params - tgl: 2026-04-02, encrypt: 7e7f1d062ca9b9e5c530948d57925ffe, id_apl: APL01, key: APOTEK BOOTS PIM 3
2026-04-02 10:48:29 - getOutlet.php - Aplikasi ditemukan: Ya
2026-04-02 10:48:29 - getOutlet.php - Key aplikasi: YbcJSFjkds...
2026-04-02 10:48:29 - getOutlet.php - Expected encrypt: 7e7f1d062ca9b9e5c530948d57925ffe
2026-04-02 10:48:29 - getOutlet.php - Received encrypt: 7e7f1d062ca9b9e5c530948d57925ffe
2026-04-02 10:48:29 - getOutlet.php - Authentication berhasil
2026-04-02 10:48:29 - getOutlet.php - Query: SELECT id_out, nama_out, '' AS alamat_out, ofcode_out
            FROM outlet 
            WHERE status_out IN ('Active', '1', 'active')
            AND (nama_out LIKE :key OR ofcode_out LIKE :key)
            ORDER BY nama_out ASC
            LIMIT 20
2026-04-02 10:48:29 - getOutlet.php - Query berhasil, mengembalikan 1 record
2026-04-02 10:48:29 - getOutlet.php - === END REQUEST ===
2026-04-02 03:49:38 - getOutlet.php - === REQUEST GETOUTLET ===
2026-04-02 03:49:38 - getOutlet.php - Method: POST
2026-04-02 03:49:38 - getOutlet.php - POST data: {"tgl":"2026-04-02","encrypt":"7e7f1d062ca9b9e5c530948d57925ffe","id_apl":"APL01","key":"Bo"}
2026-04-02 10:49:38 - getOutlet.php - Params - tgl: 2026-04-02, encrypt: 7e7f1d062ca9b9e5c530948d57925ffe, id_apl: APL01, key: Bo
2026-04-02 10:49:38 - getOutlet.php - Aplikasi ditemukan: Ya
2026-04-02 10:49:38 - getOutlet.php - Key aplikasi: YbcJSFjkds...
2026-04-02 10:49:38 - getOutlet.php - Expected encrypt: 7e7f1d062ca9b9e5c530948d57925ffe
2026-04-02 10:49:38 - getOutlet.php - Received encrypt: 7e7f1d062ca9b9e5c530948d57925ffe
2026-04-02 10:49:38 - getOutlet.php - Authentication berhasil
2026-04-02 10:49:38 - getOutlet.php - Query: SELECT id_out, nama_out, '' AS alamat_out, ofcode_out
            FROM outlet 
            WHERE status_out IN ('Active', '1', 'active')
            AND (nama_out LIKE :key OR ofcode_out LIKE :key)
            ORDER BY nama_out ASC
            LIMIT 20
2026-04-02 10:49:38 - getOutlet.php - Query berhasil, mengembalikan 20 record
2026-04-02 10:49:38 - getOutlet.php - === END REQUEST ===
2026-04-02 03:49:38 - getOutlet.php - === REQUEST GETOUTLET ===
2026-04-02 03:49:38 - getOutlet.php - Method: POST
2026-04-02 03:49:38 - getOutlet.php - POST data: {"tgl":"2026-04-02","encrypt":"7e7f1d062ca9b9e5c530948d57925ffe","id_apl":"APL01","key":"Boo"}
2026-04-02 10:49:38 - getOutlet.php - Params - tgl: 2026-04-02, encrypt: 7e7f1d062ca9b9e5c530948d57925ffe, id_apl: APL01, key: Boo
2026-04-02 10:49:38 - getOutlet.php - Aplikasi ditemukan: Ya
2026-04-02 10:49:38 - getOutlet.php - Key aplikasi: YbcJSFjkds...
2026-04-02 10:49:38 - getOutlet.php - Expected encrypt: 7e7f1d062ca9b9e5c530948d57925ffe
2026-04-02 10:49:38 - getOutlet.php - Received encrypt: 7e7f1d062ca9b9e5c530948d57925ffe
2026-04-02 10:49:38 - getOutlet.php - Authentication berhasil
2026-04-02 10:49:38 - getOutlet.php - Query: SELECT id_out, nama_out, '' AS alamat_out, ofcode_out
            FROM outlet 
            WHERE status_out IN ('Active', '1', 'active')
            AND (nama_out LIKE :key OR ofcode_out LIKE :key)
            ORDER BY nama_out ASC
            LIMIT 20
2026-04-02 10:49:38 - getOutlet.php - Query berhasil, mengembalikan 20 record
2026-04-02 10:49:38 - getOutlet.php - === END REQUEST ===
2026-04-02 03:49:38 - getOutlet.php - === REQUEST GETOUTLET ===
2026-04-02 03:49:38 - getOutlet.php - Method: POST
2026-04-02 03:49:38 - getOutlet.php - POST data: {"tgl":"2026-04-02","encrypt":"7e7f1d062ca9b9e5c530948d57925ffe","id_apl":"APL01","key":"Boot"}
2026-04-02 10:49:38 - getOutlet.php - Params - tgl: 2026-04-02, encrypt: 7e7f1d062ca9b9e5c530948d57925ffe, id_apl: APL01, key: Boot
2026-04-02 10:49:38 - getOutlet.php - Aplikasi ditemukan: Ya
2026-04-02 10:49:38 - getOutlet.php - Key aplikasi: YbcJSFjkds...
2026-04-02 10:49:38 - getOutlet.php - Expected encrypt: 7e7f1d062ca9b9e5c530948d57925ffe
2026-04-02 10:49:38 - getOutlet.php - Received encrypt: 7e7f1d062ca9b9e5c530948d57925ffe
2026-04-02 10:49:38 - getOutlet.php - Authentication berhasil
2026-04-02 10:49:38 - getOutlet.php - Query: SELECT id_out, nama_out, '' AS alamat_out, ofcode_out
            FROM outlet 
            WHERE status_out IN ('Active', '1', 'active')
            AND (nama_out LIKE :key OR ofcode_out LIKE :key)
            ORDER BY nama_out ASC
            LIMIT 20
2026-04-02 10:49:38 - getOutlet.php - Query berhasil, mengembalikan 20 record
2026-04-02 10:49:38 - getOutlet.php - === END REQUEST ===
2026-04-02 03:49:38 - getOutlet.php - === REQUEST GETOUTLET ===
2026-04-02 03:49:38 - getOutlet.php - Method: POST
2026-04-02 03:49:38 - getOutlet.php - POST data: {"tgl":"2026-04-02","encrypt":"7e7f1d062ca9b9e5c530948d57925ffe","id_apl":"APL01","key":"Boots"}
2026-04-02 10:49:38 - getOutlet.php - Params - tgl: 2026-04-02, encrypt: 7e7f1d062ca9b9e5c530948d57925ffe, id_apl: APL01, key: Boots
2026-04-02 10:49:38 - getOutlet.php - Aplikasi ditemukan: Ya
2026-04-02 10:49:38 - getOutlet.php - Key aplikasi: YbcJSFjkds...
2026-04-02 10:49:38 - getOutlet.php - Expected encrypt: 7e7f1d062ca9b9e5c530948d57925ffe
2026-04-02 10:49:38 - getOutlet.php - Received encrypt: 7e7f1d062ca9b9e5c530948d57925ffe
2026-04-02 10:49:38 - getOutlet.php - Authentication berhasil
2026-04-02 10:49:38 - getOutlet.php - Query: SELECT id_out, nama_out, '' AS alamat_out, ofcode_out
            FROM outlet 
            WHERE status_out IN ('Active', '1', 'active')
            AND (nama_out LIKE :key OR ofcode_out LIKE :key)
            ORDER BY nama_out ASC
            LIMIT 20
2026-04-02 10:49:38 - getOutlet.php - Query berhasil, mengembalikan 20 record
2026-04-02 10:49:38 - getOutlet.php - === END REQUEST ===
2026-04-02 03:49:39 - getOutlet.php - === REQUEST GETOUTLET ===
2026-04-02 03:49:39 - getOutlet.php - Method: POST
2026-04-02 03:49:39 - getOutlet.php - POST data: {"tgl":"2026-04-02","encrypt":"7e7f1d062ca9b9e5c530948d57925ffe","id_apl":"APL01","key":"Boots"}
2026-04-02 10:49:39 - getOutlet.php - Params - tgl: 2026-04-02, encrypt: 7e7f1d062ca9b9e5c530948d57925ffe, id_apl: APL01, key: Boots
2026-04-02 10:49:39 - getOutlet.php - Aplikasi ditemukan: Ya
2026-04-02 10:49:39 - getOutlet.php - Key aplikasi: YbcJSFjkds...
2026-04-02 10:49:39 - getOutlet.php - Expected encrypt: 7e7f1d062ca9b9e5c530948d57925ffe
2026-04-02 10:49:39 - getOutlet.php - Received encrypt: 7e7f1d062ca9b9e5c530948d57925ffe
2026-04-02 10:49:39 - getOutlet.php - Authentication berhasil
2026-04-02 10:49:39 - getOutlet.php - Query: SELECT id_out, nama_out, '' AS alamat_out, ofcode_out
            FROM outlet 
            WHERE status_out IN ('Active', '1', 'active')
            AND (nama_out LIKE :key OR ofcode_out LIKE :key)
            ORDER BY nama_out ASC
            LIMIT 20
2026-04-02 10:49:39 - getOutlet.php - Query berhasil, mengembalikan 20 record
2026-04-02 10:49:39 - getOutlet.php - === END REQUEST ===
2026-04-02 03:49:39 - getOutlet.php - === REQUEST GETOUTLET ===
2026-04-02 03:49:39 - getOutlet.php - Method: POST
2026-04-02 03:49:39 - getOutlet.php - POST data: {"tgl":"2026-04-02","encrypt":"7e7f1d062ca9b9e5c530948d57925ffe","id_apl":"APL01","key":"Boots"}
2026-04-02 10:49:39 - getOutlet.php - Params - tgl: 2026-04-02, encrypt: 7e7f1d062ca9b9e5c530948d57925ffe, id_apl: APL01, key: Boots
2026-04-02 10:49:39 - getOutlet.php - Aplikasi ditemukan: Ya
2026-04-02 10:49:39 - getOutlet.php - Key aplikasi: YbcJSFjkds...
2026-04-02 10:49:39 - getOutlet.php - Expected encrypt: 7e7f1d062ca9b9e5c530948d57925ffe
2026-04-02 10:49:39 - getOutlet.php - Received encrypt: 7e7f1d062ca9b9e5c530948d57925ffe
2026-04-02 10:49:39 - getOutlet.php - Authentication berhasil
2026-04-02 10:49:39 - getOutlet.php - Query: SELECT id_out, nama_out, '' AS alamat_out, ofcode_out
            FROM outlet 
            WHERE status_out IN ('Active', '1', 'active')
            AND (nama_out LIKE :key OR ofcode_out LIKE :key)
            ORDER BY nama_out ASC
            LIMIT 20
2026-04-02 10:49:39 - getOutlet.php - Query berhasil, mengembalikan 20 record
2026-04-02 10:49:39 - getOutlet.php - === END REQUEST ===
2026-04-02 03:49:39 - getOutlet.php - === REQUEST GETOUTLET ===
2026-04-02 03:49:39 - getOutlet.php - Method: POST
2026-04-02 03:49:39 - getOutlet.php - POST data: {"tgl":"2026-04-02","encrypt":"7e7f1d062ca9b9e5c530948d57925ffe","id_apl":"APL01","key":"Boots b"}
2026-04-02 10:49:39 - getOutlet.php - Params - tgl: 2026-04-02, encrypt: 7e7f1d062ca9b9e5c530948d57925ffe, id_apl: APL01, key: Boots b
2026-04-02 10:49:39 - getOutlet.php - Aplikasi ditemukan: Ya
2026-04-02 10:49:39 - getOutlet.php - Key aplikasi: YbcJSFjkds...
2026-04-02 10:49:39 - getOutlet.php - Expected encrypt: 7e7f1d062ca9b9e5c530948d57925ffe
2026-04-02 10:49:39 - getOutlet.php - Received encrypt: 7e7f1d062ca9b9e5c530948d57925ffe
2026-04-02 10:49:39 - getOutlet.php - Authentication berhasil
2026-04-02 10:49:39 - getOutlet.php - Query: SELECT id_out, nama_out, '' AS alamat_out, ofcode_out
            FROM outlet 
            WHERE status_out IN ('Active', '1', 'active')
            AND (nama_out LIKE :key OR ofcode_out LIKE :key)
            ORDER BY nama_out ASC
            LIMIT 20
2026-04-02 10:49:39 - getOutlet.php - Query berhasil, mengembalikan 1 record
2026-04-02 10:49:39 - getOutlet.php - === END REQUEST ===
2026-04-02 03:49:40 - getOutlet.php - === REQUEST GETOUTLET ===
2026-04-02 03:49:40 - getOutlet.php - Method: POST
2026-04-02 03:49:40 - getOutlet.php - POST data: {"tgl":"2026-04-02","encrypt":"7e7f1d062ca9b9e5c530948d57925ffe","id_apl":"APL01","key":"Boots blo"}
2026-04-02 10:49:40 - getOutlet.php - Params - tgl: 2026-04-02, encrypt: 7e7f1d062ca9b9e5c530948d57925ffe, id_apl: APL01, key: Boots blo
2026-04-02 10:49:40 - getOutlet.php - Aplikasi ditemukan: Ya
2026-04-02 10:49:40 - getOutlet.php - Key aplikasi: YbcJSFjkds...
2026-04-02 10:49:40 - getOutlet.php - Expected encrypt: 7e7f1d062ca9b9e5c530948d57925ffe
2026-04-02 10:49:40 - getOutlet.php - Received encrypt: 7e7f1d062ca9b9e5c530948d57925ffe
2026-04-02 10:49:40 - getOutlet.php - Authentication berhasil
2026-04-02 10:49:40 - getOutlet.php - Query: SELECT id_out, nama_out, '' AS alamat_out, ofcode_out
            FROM outlet 
            WHERE status_out IN ('Active', '1', 'active')
            AND (nama_out LIKE :key OR ofcode_out LIKE :key)
            ORDER BY nama_out ASC
            LIMIT 20
2026-04-02 10:49:40 - getOutlet.php - Query berhasil, mengembalikan 0 record
2026-04-02 10:49:40 - getOutlet.php - === END REQUEST ===
2026-04-02 03:49:40 - getOutlet.php - === REQUEST GETOUTLET ===
2026-04-02 03:49:40 - getOutlet.php - Method: POST
2026-04-02 03:49:40 - getOutlet.php - POST data: {"tgl":"2026-04-02","encrypt":"7e7f1d062ca9b9e5c530948d57925ffe","id_apl":"APL01","key":"Boots bl"}
2026-04-02 10:49:40 - getOutlet.php - Params - tgl: 2026-04-02, encrypt: 7e7f1d062ca9b9e5c530948d57925ffe, id_apl: APL01, key: Boots bl
2026-04-02 10:49:40 - getOutlet.php - Aplikasi ditemukan: Ya
2026-04-02 10:49:40 - getOutlet.php - Key aplikasi: YbcJSFjkds...
2026-04-02 10:49:40 - getOutlet.php - Expected encrypt: 7e7f1d062ca9b9e5c530948d57925ffe
2026-04-02 10:49:40 - getOutlet.php - Received encrypt: 7e7f1d062ca9b9e5c530948d57925ffe
2026-04-02 10:49:40 - getOutlet.php - Authentication berhasil
2026-04-02 10:49:40 - getOutlet.php - Query: SELECT id_out, nama_out, '' AS alamat_out, ofcode_out
            FROM outlet 
            WHERE status_out IN ('Active', '1', 'active')
            AND (nama_out LIKE :key OR ofcode_out LIKE :key)
            ORDER BY nama_out ASC
            LIMIT 20
2026-04-02 10:49:40 - getOutlet.php - Query berhasil, mengembalikan 0 record
2026-04-02 10:49:40 - getOutlet.php - === END REQUEST ===
2026-04-02 03:49:40 - getOutlet.php - === REQUEST GETOUTLET ===
2026-04-02 03:49:40 - getOutlet.php - Method: POST
2026-04-02 03:49:40 - getOutlet.php - POST data: {"tgl":"2026-04-02","encrypt":"7e7f1d062ca9b9e5c530948d57925ffe","id_apl":"APL01","key":"Boots blok"}
2026-04-02 10:49:40 - getOutlet.php - Params - tgl: 2026-04-02, encrypt: 7e7f1d062ca9b9e5c530948d57925ffe, id_apl: APL01, key: Boots blok
2026-04-02 10:49:40 - getOutlet.php - Aplikasi ditemukan: Ya
2026-04-02 10:49:40 - getOutlet.php - Key aplikasi: YbcJSFjkds...
2026-04-02 10:49:40 - getOutlet.php - Expected encrypt: 7e7f1d062ca9b9e5c530948d57925ffe
2026-04-02 10:49:40 - getOutlet.php - Received encrypt: 7e7f1d062ca9b9e5c530948d57925ffe
2026-04-02 10:49:40 - getOutlet.php - Authentication berhasil
2026-04-02 10:49:40 - getOutlet.php - Query: SELECT id_out, nama_out, '' AS alamat_out, ofcode_out
            FROM outlet 
            WHERE status_out IN ('Active', '1', 'active')
            AND (nama_out LIKE :key OR ofcode_out LIKE :key)
            ORDER BY nama_out ASC
            LIMIT 20
2026-04-02 10:49:40 - getOutlet.php - Query berhasil, mengembalikan 0 record
2026-04-02 10:49:40 - getOutlet.php - === END REQUEST ===
2026-04-02 03:49:40 - getOutlet.php - === REQUEST GETOUTLET ===
2026-04-02 03:49:40 - getOutlet.php - Method: POST
2026-04-02 03:49:40 - getOutlet.php - POST data: {"tgl":"2026-04-02","encrypt":"7e7f1d062ca9b9e5c530948d57925ffe","id_apl":"APL01","key":"Boots blok"}
2026-04-02 10:49:40 - getOutlet.php - Params - tgl: 2026-04-02, encrypt: 7e7f1d062ca9b9e5c530948d57925ffe, id_apl: APL01, key: Boots blok
2026-04-02 10:49:40 - getOutlet.php - Aplikasi ditemukan: Ya
2026-04-02 10:49:40 - getOutlet.php - Key aplikasi: YbcJSFjkds...
2026-04-02 10:49:40 - getOutlet.php - Expected encrypt: 7e7f1d062ca9b9e5c530948d57925ffe
2026-04-02 10:49:40 - getOutlet.php - Received encrypt: 7e7f1d062ca9b9e5c530948d57925ffe
2026-04-02 10:49:40 - getOutlet.php - Authentication berhasil
2026-04-02 10:49:40 - getOutlet.php - Query: SELECT id_out, nama_out, '' AS alamat_out, ofcode_out
            FROM outlet 
            WHERE status_out IN ('Active', '1', 'active')
            AND (nama_out LIKE :key OR ofcode_out LIKE :key)
            ORDER BY nama_out ASC
            LIMIT 20
2026-04-02 10:49:40 - getOutlet.php - Query berhasil, mengembalikan 0 record
2026-04-02 10:49:40 - getOutlet.php - === END REQUEST ===
2026-04-02 03:49:40 - getOutlet.php - === REQUEST GETOUTLET ===
2026-04-02 03:49:40 - getOutlet.php - Method: POST
2026-04-02 03:49:40 - getOutlet.php - POST data: {"tgl":"2026-04-02","encrypt":"7e7f1d062ca9b9e5c530948d57925ffe","id_apl":"APL01","key":"Boots blok"}
2026-04-02 10:49:40 - getOutlet.php - Params - tgl: 2026-04-02, encrypt: 7e7f1d062ca9b9e5c530948d57925ffe, id_apl: APL01, key: Boots blok
2026-04-02 10:49:40 - getOutlet.php - Aplikasi ditemukan: Ya
2026-04-02 10:49:40 - getOutlet.php - Key aplikasi: YbcJSFjkds...
2026-04-02 10:49:40 - getOutlet.php - Expected encrypt: 7e7f1d062ca9b9e5c530948d57925ffe
2026-04-02 10:49:40 - getOutlet.php - Received encrypt: 7e7f1d062ca9b9e5c530948d57925ffe
2026-04-02 10:49:40 - getOutlet.php - Authentication berhasil
2026-04-02 10:49:40 - getOutlet.php - Query: SELECT id_out, nama_out, '' AS alamat_out, ofcode_out
            FROM outlet 
            WHERE status_out IN ('Active', '1', 'active')
            AND (nama_out LIKE :key OR ofcode_out LIKE :key)
            ORDER BY nama_out ASC
            LIMIT 20
2026-04-02 10:49:40 - getOutlet.php - Query berhasil, mengembalikan 0 record
2026-04-02 10:49:40 - getOutlet.php - === END REQUEST ===
2026-04-02 03:49:40 - getOutlet.php - === REQUEST GETOUTLET ===
2026-04-02 03:49:40 - getOutlet.php - Method: POST
2026-04-02 03:49:40 - getOutlet.php - POST data: {"tgl":"2026-04-02","encrypt":"7e7f1d062ca9b9e5c530948d57925ffe","id_apl":"APL01","key":"Boots blok m"}
2026-04-02 10:49:40 - getOutlet.php - Params - tgl: 2026-04-02, encrypt: 7e7f1d062ca9b9e5c530948d57925ffe, id_apl: APL01, key: Boots blok m
2026-04-02 10:49:40 - getOutlet.php - Aplikasi ditemukan: Ya
2026-04-02 10:49:40 - getOutlet.php - Key aplikasi: YbcJSFjkds...
2026-04-02 10:49:40 - getOutlet.php - Expected encrypt: 7e7f1d062ca9b9e5c530948d57925ffe
2026-04-02 10:49:40 - getOutlet.php - Received encrypt: 7e7f1d062ca9b9e5c530948d57925ffe
2026-04-02 10:49:40 - getOutlet.php - Authentication berhasil
2026-04-02 10:49:40 - getOutlet.php - Query: SELECT id_out, nama_out, '' AS alamat_out, ofcode_out
            FROM outlet 
            WHERE status_out IN ('Active', '1', 'active')
            AND (nama_out LIKE :key OR ofcode_out LIKE :key)
            ORDER BY nama_out ASC
            LIMIT 20
2026-04-02 10:49:40 - getOutlet.php - Query berhasil, mengembalikan 0 record
2026-04-02 10:49:40 - getOutlet.php - === END REQUEST ===
2026-04-02 03:49:42 - getOutlet.php - === REQUEST GETOUTLET ===
2026-04-02 03:49:42 - getOutlet.php - Method: POST
2026-04-02 03:49:42 - getOutlet.php - POST data: {"tgl":"2026-04-02","encrypt":"7e7f1d062ca9b9e5c530948d57925ffe","id_apl":"APL01","key":"Boots blok"}
2026-04-02 10:49:42 - getOutlet.php - Params - tgl: 2026-04-02, encrypt: 7e7f1d062ca9b9e5c530948d57925ffe, id_apl: APL01, key: Boots blok
2026-04-02 10:49:42 - getOutlet.php - Aplikasi ditemukan: Ya
2026-04-02 10:49:42 - getOutlet.php - Key aplikasi: YbcJSFjkds...
2026-04-02 10:49:42 - getOutlet.php - Expected encrypt: 7e7f1d062ca9b9e5c530948d57925ffe
2026-04-02 10:49:42 - getOutlet.php - Received encrypt: 7e7f1d062ca9b9e5c530948d57925ffe
2026-04-02 10:49:42 - getOutlet.php - Authentication berhasil
2026-04-02 10:49:42 - getOutlet.php - Query: SELECT id_out, nama_out, '' AS alamat_out, ofcode_out
            FROM outlet 
            WHERE status_out IN ('Active', '1', 'active')
            AND (nama_out LIKE :key OR ofcode_out LIKE :key)
            ORDER BY nama_out ASC
            LIMIT 20
2026-04-02 10:49:42 - getOutlet.php - Query berhasil, mengembalikan 0 record
2026-04-02 10:49:42 - getOutlet.php - === END REQUEST ===
2026-04-02 03:49:43 - getOutlet.php - === REQUEST GETOUTLET ===
2026-04-02 03:49:43 - getOutlet.php - Method: POST
2026-04-02 03:49:43 - getOutlet.php - POST data: {"tgl":"2026-04-02","encrypt":"7e7f1d062ca9b9e5c530948d57925ffe","id_apl":"APL01","key":"Boots blok"}
2026-04-02 10:49:43 - getOutlet.php - Params - tgl: 2026-04-02, encrypt: 7e7f1d062ca9b9e5c530948d57925ffe, id_apl: APL01, key: Boots blok
2026-04-02 10:49:43 - getOutlet.php - Aplikasi ditemukan: Ya
2026-04-02 10:49:43 - getOutlet.php - Key aplikasi: YbcJSFjkds...
2026-04-02 10:49:43 - getOutlet.php - Expected encrypt: 7e7f1d062ca9b9e5c530948d57925ffe
2026-04-02 10:49:43 - getOutlet.php - Received encrypt: 7e7f1d062ca9b9e5c530948d57925ffe
2026-04-02 10:49:43 - getOutlet.php - Authentication berhasil
2026-04-02 10:49:43 - getOutlet.php - Query: SELECT id_out, nama_out, '' AS alamat_out, ofcode_out
            FROM outlet 
            WHERE status_out IN ('Active', '1', 'active')
            AND (nama_out LIKE :key OR ofcode_out LIKE :key)
            ORDER BY nama_out ASC
            LIMIT 20
2026-04-02 10:49:43 - getOutlet.php - Query berhasil, mengembalikan 0 record
2026-04-02 10:49:43 - getOutlet.php - === END REQUEST ===
2026-04-02 03:49:43 - getOutlet.php - === REQUEST GETOUTLET ===
2026-04-02 03:49:43 - getOutlet.php - Method: POST
2026-04-02 03:49:43 - getOutlet.php - POST data: {"tgl":"2026-04-02","encrypt":"7e7f1d062ca9b9e5c530948d57925ffe","id_apl":"APL01","key":"Boots blo"}
2026-04-02 10:49:43 - getOutlet.php - Params - tgl: 2026-04-02, encrypt: 7e7f1d062ca9b9e5c530948d57925ffe, id_apl: APL01, key: Boots blo
2026-04-02 10:49:43 - getOutlet.php - Aplikasi ditemukan: Ya
2026-04-02 10:49:43 - getOutlet.php - Key aplikasi: YbcJSFjkds...
2026-04-02 10:49:43 - getOutlet.php - Expected encrypt: 7e7f1d062ca9b9e5c530948d57925ffe
2026-04-02 10:49:43 - getOutlet.php - Received encrypt: 7e7f1d062ca9b9e5c530948d57925ffe
2026-04-02 10:49:43 - getOutlet.php - Authentication berhasil
2026-04-02 10:49:43 - getOutlet.php - Query: SELECT id_out, nama_out, '' AS alamat_out, ofcode_out
            FROM outlet 
            WHERE status_out IN ('Active', '1', 'active')
            AND (nama_out LIKE :key OR ofcode_out LIKE :key)
            ORDER BY nama_out ASC
            LIMIT 20
2026-04-02 10:49:43 - getOutlet.php - Query berhasil, mengembalikan 0 record
2026-04-02 10:49:43 - getOutlet.php - === END REQUEST ===
2026-04-02 03:49:43 - getOutlet.php - === REQUEST GETOUTLET ===
2026-04-02 03:49:43 - getOutlet.php - Method: POST
2026-04-02 03:49:43 - getOutlet.php - POST data: {"tgl":"2026-04-02","encrypt":"7e7f1d062ca9b9e5c530948d57925ffe","id_apl":"APL01","key":"Boots bl"}
2026-04-02 10:49:43 - getOutlet.php - Params - tgl: 2026-04-02, encrypt: 7e7f1d062ca9b9e5c530948d57925ffe, id_apl: APL01, key: Boots bl
2026-04-02 10:49:43 - getOutlet.php - Aplikasi ditemukan: Ya
2026-04-02 10:49:43 - getOutlet.php - Key aplikasi: YbcJSFjkds...
2026-04-02 10:49:43 - getOutlet.php - Expected encrypt: 7e7f1d062ca9b9e5c530948d57925ffe
2026-04-02 10:49:43 - getOutlet.php - Received encrypt: 7e7f1d062ca9b9e5c530948d57925ffe
2026-04-02 10:49:43 - getOutlet.php - Authentication berhasil
2026-04-02 10:49:43 - getOutlet.php - Query: SELECT id_out, nama_out, '' AS alamat_out, ofcode_out
            FROM outlet 
            WHERE status_out IN ('Active', '1', 'active')
            AND (nama_out LIKE :key OR ofcode_out LIKE :key)
            ORDER BY nama_out ASC
            LIMIT 20
2026-04-02 10:49:43 - getOutlet.php - Query berhasil, mengembalikan 0 record
2026-04-02 10:49:43 - getOutlet.php - === END REQUEST ===
2026-04-02 03:49:43 - getOutlet.php - === REQUEST GETOUTLET ===
2026-04-02 03:49:43 - getOutlet.php - Method: POST
2026-04-02 03:49:43 - getOutlet.php - POST data: {"tgl":"2026-04-02","encrypt":"7e7f1d062ca9b9e5c530948d57925ffe","id_apl":"APL01","key":"Boots b"}
2026-04-02 10:49:43 - getOutlet.php - Params - tgl: 2026-04-02, encrypt: 7e7f1d062ca9b9e5c530948d57925ffe, id_apl: APL01, key: Boots b
2026-04-02 10:49:43 - getOutlet.php - Aplikasi ditemukan: Ya
2026-04-02 10:49:43 - getOutlet.php - Key aplikasi: YbcJSFjkds...
2026-04-02 10:49:43 - getOutlet.php - Expected encrypt: 7e7f1d062ca9b9e5c530948d57925ffe
2026-04-02 10:49:43 - getOutlet.php - Received encrypt: 7e7f1d062ca9b9e5c530948d57925ffe
2026-04-02 10:49:43 - getOutlet.php - Authentication berhasil
2026-04-02 10:49:43 - getOutlet.php - Query: SELECT id_out, nama_out, '' AS alamat_out, ofcode_out
            FROM outlet 
            WHERE status_out IN ('Active', '1', 'active')
            AND (nama_out LIKE :key OR ofcode_out LIKE :key)
            ORDER BY nama_out ASC
            LIMIT 20
2026-04-02 10:49:43 - getOutlet.php - Query berhasil, mengembalikan 1 record
2026-04-02 10:49:43 - getOutlet.php - === END REQUEST ===
2026-04-02 03:49:43 - getOutlet.php - === REQUEST GETOUTLET ===
2026-04-02 03:49:43 - getOutlet.php - Method: POST
2026-04-02 03:49:43 - getOutlet.php - POST data: {"tgl":"2026-04-02","encrypt":"7e7f1d062ca9b9e5c530948d57925ffe","id_apl":"APL01","key":"Boots"}
2026-04-02 10:49:43 - getOutlet.php - Params - tgl: 2026-04-02, encrypt: 7e7f1d062ca9b9e5c530948d57925ffe, id_apl: APL01, key: Boots
2026-04-02 10:49:43 - getOutlet.php - Aplikasi ditemukan: Ya
2026-04-02 10:49:43 - getOutlet.php - Key aplikasi: YbcJSFjkds...
2026-04-02 10:49:43 - getOutlet.php - Expected encrypt: 7e7f1d062ca9b9e5c530948d57925ffe
2026-04-02 10:49:43 - getOutlet.php - Received encrypt: 7e7f1d062ca9b9e5c530948d57925ffe
2026-04-02 10:49:43 - getOutlet.php - Authentication berhasil
2026-04-02 10:49:43 - getOutlet.php - Query: SELECT id_out, nama_out, '' AS alamat_out, ofcode_out
            FROM outlet 
            WHERE status_out IN ('Active', '1', 'active')
            AND (nama_out LIKE :key OR ofcode_out LIKE :key)
            ORDER BY nama_out ASC
            LIMIT 20
2026-04-02 10:49:43 - getOutlet.php - Query berhasil, mengembalikan 20 record
2026-04-02 10:49:43 - getOutlet.php - === END REQUEST ===
2026-04-02 03:49:44 - getOutlet.php - === REQUEST GETOUTLET ===
2026-04-02 03:49:44 - getOutlet.php - Method: POST
2026-04-02 03:49:44 - getOutlet.php - POST data: {"tgl":"2026-04-02","encrypt":"7e7f1d062ca9b9e5c530948d57925ffe","id_apl":"APL01","key":"Ap"}
2026-04-02 10:49:44 - getOutlet.php - Params - tgl: 2026-04-02, encrypt: 7e7f1d062ca9b9e5c530948d57925ffe, id_apl: APL01, key: Ap
2026-04-02 10:49:44 - getOutlet.php - Aplikasi ditemukan: Ya
2026-04-02 10:49:44 - getOutlet.php - Key aplikasi: YbcJSFjkds...
2026-04-02 10:49:44 - getOutlet.php - Expected encrypt: 7e7f1d062ca9b9e5c530948d57925ffe
2026-04-02 10:49:44 - getOutlet.php - Received encrypt: 7e7f1d062ca9b9e5c530948d57925ffe
2026-04-02 10:49:44 - getOutlet.php - Authentication berhasil
2026-04-02 10:49:44 - getOutlet.php - Query: SELECT id_out, nama_out, '' AS alamat_out, ofcode_out
            FROM outlet 
            WHERE status_out IN ('Active', '1', 'active')
            AND (nama_out LIKE :key OR ofcode_out LIKE :key)
            ORDER BY nama_out ASC
            LIMIT 20
2026-04-02 10:49:44 - getOutlet.php - Query berhasil, mengembalikan 20 record
2026-04-02 10:49:44 - getOutlet.php - === END REQUEST ===
2026-04-02 03:49:44 - getOutlet.php - === REQUEST GETOUTLET ===
2026-04-02 03:49:44 - getOutlet.php - Method: POST
2026-04-02 03:49:44 - getOutlet.php - POST data: {"tgl":"2026-04-02","encrypt":"7e7f1d062ca9b9e5c530948d57925ffe","id_apl":"APL01","key":"Apo"}
2026-04-02 10:49:44 - getOutlet.php - Params - tgl: 2026-04-02, encrypt: 7e7f1d062ca9b9e5c530948d57925ffe, id_apl: APL01, key: Apo
2026-04-02 10:49:44 - getOutlet.php - Aplikasi ditemukan: Ya
2026-04-02 10:49:44 - getOutlet.php - Key aplikasi: YbcJSFjkds...
2026-04-02 10:49:44 - getOutlet.php - Expected encrypt: 7e7f1d062ca9b9e5c530948d57925ffe
2026-04-02 10:49:44 - getOutlet.php - Received encrypt: 7e7f1d062ca9b9e5c530948d57925ffe
2026-04-02 10:49:44 - getOutlet.php - Authentication berhasil
2026-04-02 10:49:44 - getOutlet.php - Query: SELECT id_out, nama_out, '' AS alamat_out, ofcode_out
            FROM outlet 
            WHERE status_out IN ('Active', '1', 'active')
            AND (nama_out LIKE :key OR ofcode_out LIKE :key)
            ORDER BY nama_out ASC
            LIMIT 20
2026-04-02 10:49:44 - getOutlet.php - Query berhasil, mengembalikan 20 record
2026-04-02 10:49:44 - getOutlet.php - === END REQUEST ===
2026-04-02 03:49:45 - getOutlet.php - === REQUEST GETOUTLET ===
2026-04-02 03:49:45 - getOutlet.php - Method: POST
2026-04-02 03:49:45 - getOutlet.php - POST data: {"tgl":"2026-04-02","encrypt":"7e7f1d062ca9b9e5c530948d57925ffe","id_apl":"APL01","key":"Apot"}
2026-04-02 10:49:45 - getOutlet.php - Params - tgl: 2026-04-02, encrypt: 7e7f1d062ca9b9e5c530948d57925ffe, id_apl: APL01, key: Apot
2026-04-02 10:49:45 - getOutlet.php - Aplikasi ditemukan: Ya
2026-04-02 10:49:45 - getOutlet.php - Key aplikasi: YbcJSFjkds...
2026-04-02 10:49:45 - getOutlet.php - Expected encrypt: 7e7f1d062ca9b9e5c530948d57925ffe
2026-04-02 10:49:45 - getOutlet.php - Received encrypt: 7e7f1d062ca9b9e5c530948d57925ffe
2026-04-02 10:49:45 - getOutlet.php - Authentication berhasil
2026-04-02 10:49:45 - getOutlet.php - Query: SELECT id_out, nama_out, '' AS alamat_out, ofcode_out
            FROM outlet 
            WHERE status_out IN ('Active', '1', 'active')
            AND (nama_out LIKE :key OR ofcode_out LIKE :key)
            ORDER BY nama_out ASC
            LIMIT 20
2026-04-02 10:49:45 - getOutlet.php - Query berhasil, mengembalikan 20 record
2026-04-02 10:49:45 - getOutlet.php - === END REQUEST ===
2026-04-02 03:49:45 - getOutlet.php - === REQUEST GETOUTLET ===
2026-04-02 03:49:45 - getOutlet.php - Method: POST
2026-04-02 03:49:45 - getOutlet.php - POST data: {"tgl":"2026-04-02","encrypt":"7e7f1d062ca9b9e5c530948d57925ffe","id_apl":"APL01","key":"Apotek"}
2026-04-02 10:49:45 - getOutlet.php - Params - tgl: 2026-04-02, encrypt: 7e7f1d062ca9b9e5c530948d57925ffe, id_apl: APL01, key: Apotek
2026-04-02 10:49:45 - getOutlet.php - Aplikasi ditemukan: Ya
2026-04-02 10:49:45 - getOutlet.php - Key aplikasi: YbcJSFjkds...
2026-04-02 10:49:45 - getOutlet.php - Expected encrypt: 7e7f1d062ca9b9e5c530948d57925ffe
2026-04-02 10:49:45 - getOutlet.php - Received encrypt: 7e7f1d062ca9b9e5c530948d57925ffe
2026-04-02 10:49:45 - getOutlet.php - Authentication berhasil
2026-04-02 10:49:45 - getOutlet.php - Query: SELECT id_out, nama_out, '' AS alamat_out, ofcode_out
            FROM outlet 
            WHERE status_out IN ('Active', '1', 'active')
            AND (nama_out LIKE :key OR ofcode_out LIKE :key)
            ORDER BY nama_out ASC
            LIMIT 20
2026-04-02 10:49:45 - getOutlet.php - Query berhasil, mengembalikan 20 record
2026-04-02 10:49:45 - getOutlet.php - === END REQUEST ===
2026-04-02 03:49:46 - getOutlet.php - === REQUEST GETOUTLET ===
2026-04-02 03:49:46 - getOutlet.php - Method: POST
2026-04-02 03:49:46 - getOutlet.php - POST data: {"tgl":"2026-04-02","encrypt":"7e7f1d062ca9b9e5c530948d57925ffe","id_apl":"APL01","key":"Apotek holong"}
2026-04-02 10:49:46 - getOutlet.php - Params - tgl: 2026-04-02, encrypt: 7e7f1d062ca9b9e5c530948d57925ffe, id_apl: APL01, key: Apotek holong
2026-04-02 10:49:46 - getOutlet.php - Aplikasi ditemukan: Ya
2026-04-02 10:49:46 - getOutlet.php - Key aplikasi: YbcJSFjkds...
2026-04-02 10:49:46 - getOutlet.php - Expected encrypt: 7e7f1d062ca9b9e5c530948d57925ffe
2026-04-02 10:49:46 - getOutlet.php - Received encrypt: 7e7f1d062ca9b9e5c530948d57925ffe
2026-04-02 10:49:46 - getOutlet.php - Authentication berhasil
2026-04-02 10:49:46 - getOutlet.php - Query: SELECT id_out, nama_out, '' AS alamat_out, ofcode_out
            FROM outlet 
            WHERE status_out IN ('Active', '1', 'active')
            AND (nama_out LIKE :key OR ofcode_out LIKE :key)
            ORDER BY nama_out ASC
            LIMIT 20
2026-04-02 10:49:46 - getOutlet.php - Query berhasil, mengembalikan 1 record
2026-04-02 10:49:46 - getOutlet.php - === END REQUEST ===
2026-04-02 03:49:47 - getOutlet.php - === REQUEST GETOUTLET ===
2026-04-02 03:49:47 - getOutlet.php - Method: POST
2026-04-02 03:49:47 - getOutlet.php - POST data: {"tgl":"2026-04-02","encrypt":"7e7f1d062ca9b9e5c530948d57925ffe","id_apl":"APL01","key":"Apotek Holong"}
2026-04-02 10:49:47 - getOutlet.php - Params - tgl: 2026-04-02, encrypt: 7e7f1d062ca9b9e5c530948d57925ffe, id_apl: APL01, key: Apotek Holong
2026-04-02 10:49:47 - getOutlet.php - Aplikasi ditemukan: Ya
2026-04-02 10:49:47 - getOutlet.php - Key aplikasi: YbcJSFjkds...
2026-04-02 10:49:47 - getOutlet.php - Expected encrypt: 7e7f1d062ca9b9e5c530948d57925ffe
2026-04-02 10:49:47 - getOutlet.php - Received encrypt: 7e7f1d062ca9b9e5c530948d57925ffe
2026-04-02 10:49:47 - getOutlet.php - Authentication berhasil
2026-04-02 10:49:47 - getOutlet.php - Query: SELECT id_out, nama_out, '' AS alamat_out, ofcode_out
            FROM outlet 
            WHERE status_out IN ('Active', '1', 'active')
            AND (nama_out LIKE :key OR ofcode_out LIKE :key)
            ORDER BY nama_out ASC
            LIMIT 20
2026-04-02 10:49:47 - getOutlet.php - Query berhasil, mengembalikan 1 record
2026-04-02 10:49:47 - getOutlet.php - === END REQUEST ===
2026-04-02 03:49:54 - getOutlet.php - === REQUEST GETOUTLET ===
2026-04-02 03:49:54 - getOutlet.php - Method: POST
2026-04-02 03:49:54 - getOutlet.php - POST data: {"tgl":"2026-04-02","encrypt":"7e7f1d062ca9b9e5c530948d57925ffe","id_apl":"APL01","key":"APOTEK BOOTS PLAZA BLOK M"}
2026-04-02 10:49:54 - getOutlet.php - Params - tgl: 2026-04-02, encrypt: 7e7f1d062ca9b9e5c530948d57925ffe, id_apl: APL01, key: APOTEK BOOTS PLAZA BLOK M
2026-04-02 10:49:54 - getOutlet.php - Aplikasi ditemukan: Ya
2026-04-02 10:49:54 - getOutlet.php - Key aplikasi: YbcJSFjkds...
2026-04-02 10:49:54 - getOutlet.php - Expected encrypt: 7e7f1d062ca9b9e5c530948d57925ffe
2026-04-02 10:49:54 - getOutlet.php - Received encrypt: 7e7f1d062ca9b9e5c530948d57925ffe
2026-04-02 10:49:54 - getOutlet.php - Authentication berhasil
2026-04-02 10:49:54 - getOutlet.php - Query: SELECT id_out, nama_out, '' AS alamat_out, ofcode_out
            FROM outlet 
            WHERE status_out IN ('Active', '1', 'active')
            AND (nama_out LIKE :key OR ofcode_out LIKE :key)
            ORDER BY nama_out ASC
            LIMIT 20
2026-04-02 10:49:54 - getOutlet.php - Query berhasil, mengembalikan 1 record
2026-04-02 10:49:54 - getOutlet.php - === END REQUEST ===
2026-04-02 03:49:58 - getOutlet.php - === REQUEST GETOUTLET ===
2026-04-02 03:49:58 - getOutlet.php - Method: POST
2026-04-02 03:49:58 - getOutlet.php - POST data: {"tgl":"2026-04-02","encrypt":"7e7f1d062ca9b9e5c530948d57925ffe","id_apl":"APL01","key":"Ap"}
2026-04-02 10:49:58 - getOutlet.php - Params - tgl: 2026-04-02, encrypt: 7e7f1d062ca9b9e5c530948d57925ffe, id_apl: APL01, key: Ap
2026-04-02 10:49:58 - getOutlet.php - Aplikasi ditemukan: Ya
2026-04-02 10:49:58 - getOutlet.php - Key aplikasi: YbcJSFjkds...
2026-04-02 10:49:58 - getOutlet.php - Expected encrypt: 7e7f1d062ca9b9e5c530948d57925ffe
2026-04-02 10:49:58 - getOutlet.php - Received encrypt: 7e7f1d062ca9b9e5c530948d57925ffe
2026-04-02 10:49:58 - getOutlet.php - Authentication berhasil
2026-04-02 10:49:58 - getOutlet.php - Query: SELECT id_out, nama_out, '' AS alamat_out, ofcode_out
            FROM outlet 
            WHERE status_out IN ('Active', '1', 'active')
            AND (nama_out LIKE :key OR ofcode_out LIKE :key)
            ORDER BY nama_out ASC
            LIMIT 20
2026-04-02 10:49:58 - getOutlet.php - Query berhasil, mengembalikan 20 record
2026-04-02 10:49:58 - getOutlet.php - === END REQUEST ===
2026-04-02 03:49:58 - getOutlet.php - === REQUEST GETOUTLET ===
2026-04-02 03:49:58 - getOutlet.php - Method: POST
2026-04-02 03:49:58 - getOutlet.php - POST data: {"tgl":"2026-04-02","encrypt":"7e7f1d062ca9b9e5c530948d57925ffe","id_apl":"APL01","key":"Apo"}
2026-04-02 10:49:58 - getOutlet.php - Params - tgl: 2026-04-02, encrypt: 7e7f1d062ca9b9e5c530948d57925ffe, id_apl: APL01, key: Apo
2026-04-02 10:49:58 - getOutlet.php - Aplikasi ditemukan: Ya
2026-04-02 10:49:58 - getOutlet.php - Key aplikasi: YbcJSFjkds...
2026-04-02 10:49:58 - getOutlet.php - Expected encrypt: 7e7f1d062ca9b9e5c530948d57925ffe
2026-04-02 10:49:58 - getOutlet.php - Received encrypt: 7e7f1d062ca9b9e5c530948d57925ffe
2026-04-02 10:49:58 - getOutlet.php - Authentication berhasil
2026-04-02 10:49:58 - getOutlet.php - Query: SELECT id_out, nama_out, '' AS alamat_out, ofcode_out
            FROM outlet 
            WHERE status_out IN ('Active', '1', 'active')
            AND (nama_out LIKE :key OR ofcode_out LIKE :key)
            ORDER BY nama_out ASC
            LIMIT 20
2026-04-02 10:49:58 - getOutlet.php - Query berhasil, mengembalikan 20 record
2026-04-02 10:49:58 - getOutlet.php - === END REQUEST ===
2026-04-02 03:49:59 - getOutlet.php - === REQUEST GETOUTLET ===
2026-04-02 03:49:59 - getOutlet.php - Method: POST
2026-04-02 03:49:59 - getOutlet.php - POST data: {"tgl":"2026-04-02","encrypt":"7e7f1d062ca9b9e5c530948d57925ffe","id_apl":"APL01","key":"Apotek"}
2026-04-02 10:49:59 - getOutlet.php - Params - tgl: 2026-04-02, encrypt: 7e7f1d062ca9b9e5c530948d57925ffe, id_apl: APL01, key: Apotek
2026-04-02 10:49:59 - getOutlet.php - Aplikasi ditemukan: Ya
2026-04-02 10:49:59 - getOutlet.php - Key aplikasi: YbcJSFjkds...
2026-04-02 10:49:59 - getOutlet.php - Expected encrypt: 7e7f1d062ca9b9e5c530948d57925ffe
2026-04-02 10:49:59 - getOutlet.php - Received encrypt: 7e7f1d062ca9b9e5c530948d57925ffe
2026-04-02 10:49:59 - getOutlet.php - Authentication berhasil
2026-04-02 10:49:59 - getOutlet.php - Query: SELECT id_out, nama_out, '' AS alamat_out, ofcode_out
            FROM outlet 
            WHERE status_out IN ('Active', '1', 'active')
            AND (nama_out LIKE :key OR ofcode_out LIKE :key)
            ORDER BY nama_out ASC
            LIMIT 20
2026-04-02 10:49:59 - getOutlet.php - Query berhasil, mengembalikan 20 record
2026-04-02 10:49:59 - getOutlet.php - === END REQUEST ===
2026-04-02 03:49:59 - getOutlet.php - === REQUEST GETOUTLET ===
2026-04-02 03:49:59 - getOutlet.php - Method: POST
2026-04-02 03:49:59 - getOutlet.php - POST data: {"tgl":"2026-04-02","encrypt":"7e7f1d062ca9b9e5c530948d57925ffe","id_apl":"APL01","key":"Apotek k"}
2026-04-02 10:49:59 - getOutlet.php - Params - tgl: 2026-04-02, encrypt: 7e7f1d062ca9b9e5c530948d57925ffe, id_apl: APL01, key: Apotek k
2026-04-02 10:49:59 - getOutlet.php - Aplikasi ditemukan: Ya
2026-04-02 10:49:59 - getOutlet.php - Key aplikasi: YbcJSFjkds...
2026-04-02 10:49:59 - getOutlet.php - Expected encrypt: 7e7f1d062ca9b9e5c530948d57925ffe
2026-04-02 10:49:59 - getOutlet.php - Received encrypt: 7e7f1d062ca9b9e5c530948d57925ffe
2026-04-02 10:49:59 - getOutlet.php - Authentication berhasil
2026-04-02 10:49:59 - getOutlet.php - Query: SELECT id_out, nama_out, '' AS alamat_out, ofcode_out
            FROM outlet 
            WHERE status_out IN ('Active', '1', 'active')
            AND (nama_out LIKE :key OR ofcode_out LIKE :key)
            ORDER BY nama_out ASC
            LIMIT 20
2026-04-02 10:49:59 - getOutlet.php - Query berhasil, mengembalikan 20 record
2026-04-02 10:49:59 - getOutlet.php - === END REQUEST ===
2026-04-02 03:50:00 - getOutlet.php - === REQUEST GETOUTLET ===
2026-04-02 03:50:00 - getOutlet.php - Method: POST
2026-04-02 03:50:00 - getOutlet.php - POST data: {"tgl":"2026-04-02","encrypt":"7e7f1d062ca9b9e5c530948d57925ffe","id_apl":"APL01","key":"Apotek ke"}
2026-04-02 10:50:00 - getOutlet.php - Params - tgl: 2026-04-02, encrypt: 7e7f1d062ca9b9e5c530948d57925ffe, id_apl: APL01, key: Apotek ke
2026-04-02 10:50:00 - getOutlet.php - Aplikasi ditemukan: Ya
2026-04-02 10:50:00 - getOutlet.php - Key aplikasi: YbcJSFjkds...
2026-04-02 10:50:00 - getOutlet.php - Expected encrypt: 7e7f1d062ca9b9e5c530948d57925ffe
2026-04-02 10:50:00 - getOutlet.php - Received encrypt: 7e7f1d062ca9b9e5c530948d57925ffe
2026-04-02 10:50:00 - getOutlet.php - Authentication berhasil
2026-04-02 10:50:00 - getOutlet.php - Query: SELECT id_out, nama_out, '' AS alamat_out, ofcode_out
            FROM outlet 
            WHERE status_out IN ('Active', '1', 'active')
            AND (nama_out LIKE :key OR ofcode_out LIKE :key)
            ORDER BY nama_out ASC
            LIMIT 20
2026-04-02 10:50:00 - getOutlet.php - Query berhasil, mengembalikan 1 record
2026-04-02 10:50:00 - getOutlet.php - === END REQUEST ===
2026-04-02 03:50:00 - getOutlet.php - === REQUEST GETOUTLET ===
2026-04-02 03:50:00 - getOutlet.php - Method: POST
2026-04-02 03:50:00 - getOutlet.php - POST data: {"tgl":"2026-04-02","encrypt":"7e7f1d062ca9b9e5c530948d57925ffe","id_apl":"APL01","key":"Apotek kel"}
2026-04-02 10:50:00 - getOutlet.php - Params - tgl: 2026-04-02, encrypt: 7e7f1d062ca9b9e5c530948d57925ffe, id_apl: APL01, key: Apotek kel
2026-04-02 10:50:00 - getOutlet.php - Aplikasi ditemukan: Ya
2026-04-02 10:50:00 - getOutlet.php - Key aplikasi: YbcJSFjkds...
2026-04-02 10:50:00 - getOutlet.php - Expected encrypt: 7e7f1d062ca9b9e5c530948d57925ffe
2026-04-02 10:50:00 - getOutlet.php - Received encrypt: 7e7f1d062ca9b9e5c530948d57925ffe
2026-04-02 10:50:00 - getOutlet.php - Authentication berhasil
2026-04-02 10:50:00 - getOutlet.php - Query: SELECT id_out, nama_out, '' AS alamat_out, ofcode_out
            FROM outlet 
            WHERE status_out IN ('Active', '1', 'active')
            AND (nama_out LIKE :key OR ofcode_out LIKE :key)
            ORDER BY nama_out ASC
            LIMIT 20
2026-04-02 10:50:00 - getOutlet.php - Query berhasil, mengembalikan 1 record
2026-04-02 10:50:00 - getOutlet.php - === END REQUEST ===
2026-04-02 03:50:00 - getOutlet.php - === REQUEST GETOUTLET ===
2026-04-02 03:50:00 - getOutlet.php - Method: POST
2026-04-02 03:50:00 - getOutlet.php - POST data: {"tgl":"2026-04-02","encrypt":"7e7f1d062ca9b9e5c530948d57925ffe","id_apl":"APL01","key":"Apotek kelu"}
2026-04-02 10:50:00 - getOutlet.php - Params - tgl: 2026-04-02, encrypt: 7e7f1d062ca9b9e5c530948d57925ffe, id_apl: APL01, key: Apotek kelu
2026-04-02 10:50:00 - getOutlet.php - Aplikasi ditemukan: Ya
2026-04-02 10:50:00 - getOutlet.php - Key aplikasi: YbcJSFjkds...
2026-04-02 10:50:00 - getOutlet.php - Expected encrypt: 7e7f1d062ca9b9e5c530948d57925ffe
2026-04-02 10:50:00 - getOutlet.php - Received encrypt: 7e7f1d062ca9b9e5c530948d57925ffe
2026-04-02 10:50:00 - getOutlet.php - Authentication berhasil
2026-04-02 10:50:00 - getOutlet.php - Query: SELECT id_out, nama_out, '' AS alamat_out, ofcode_out
            FROM outlet 
            WHERE status_out IN ('Active', '1', 'active')
            AND (nama_out LIKE :key OR ofcode_out LIKE :key)
            ORDER BY nama_out ASC
            LIMIT 20
2026-04-02 10:50:00 - getOutlet.php - Query berhasil, mengembalikan 1 record
2026-04-02 10:50:00 - getOutlet.php - === END REQUEST ===
2026-04-02 03:50:00 - getOutlet.php - === REQUEST GETOUTLET ===
2026-04-02 03:50:00 - getOutlet.php - Method: POST
2026-04-02 03:50:00 - getOutlet.php - POST data: {"tgl":"2026-04-02","encrypt":"7e7f1d062ca9b9e5c530948d57925ffe","id_apl":"APL01","key":"Apotek keluarga"}
2026-04-02 10:50:00 - getOutlet.php - Params - tgl: 2026-04-02, encrypt: 7e7f1d062ca9b9e5c530948d57925ffe, id_apl: APL01, key: Apotek keluarga
2026-04-02 10:50:00 - getOutlet.php - Aplikasi ditemukan: Ya
2026-04-02 10:50:00 - getOutlet.php - Key aplikasi: YbcJSFjkds...
2026-04-02 10:50:00 - getOutlet.php - Expected encrypt: 7e7f1d062ca9b9e5c530948d57925ffe
2026-04-02 10:50:00 - getOutlet.php - Received encrypt: 7e7f1d062ca9b9e5c530948d57925ffe
2026-04-02 10:50:00 - getOutlet.php - Authentication berhasil
2026-04-02 10:50:00 - getOutlet.php - Query: SELECT id_out, nama_out, '' AS alamat_out, ofcode_out
            FROM outlet 
            WHERE status_out IN ('Active', '1', 'active')
            AND (nama_out LIKE :key OR ofcode_out LIKE :key)
            ORDER BY nama_out ASC
            LIMIT 20
2026-04-02 10:50:00 - getOutlet.php - Query berhasil, mengembalikan 1 record
2026-04-02 10:50:00 - getOutlet.php - === END REQUEST ===
2026-04-02 03:50:05 - getOutlet.php - === REQUEST GETOUTLET ===
2026-04-02 03:50:05 - getOutlet.php - Method: POST
2026-04-02 03:50:05 - getOutlet.php - POST data: {"tgl":"2026-04-02","encrypt":"7e7f1d062ca9b9e5c530948d57925ffe","id_apl":"APL01","key":"Apotek keluarga"}
2026-04-02 10:50:05 - getOutlet.php - Params - tgl: 2026-04-02, encrypt: 7e7f1d062ca9b9e5c530948d57925ffe, id_apl: APL01, key: Apotek keluarga
2026-04-02 10:50:05 - getOutlet.php - Aplikasi ditemukan: Ya
2026-04-02 10:50:05 - getOutlet.php - Key aplikasi: YbcJSFjkds...
2026-04-02 10:50:05 - getOutlet.php - Expected encrypt: 7e7f1d062ca9b9e5c530948d57925ffe
2026-04-02 10:50:05 - getOutlet.php - Received encrypt: 7e7f1d062ca9b9e5c530948d57925ffe
2026-04-02 10:50:05 - getOutlet.php - Authentication berhasil
2026-04-02 10:50:05 - getOutlet.php - Query: SELECT id_out, nama_out, '' AS alamat_out, ofcode_out
            FROM outlet 
            WHERE status_out IN ('Active', '1', 'active')
            AND (nama_out LIKE :key OR ofcode_out LIKE :key)
            ORDER BY nama_out ASC
            LIMIT 20
2026-04-02 10:50:05 - getOutlet.php - Query berhasil, mengembalikan 1 record
2026-04-02 10:50:05 - getOutlet.php - === END REQUEST ===
2026-04-02 03:50:06 - getOutlet.php - === REQUEST GETOUTLET ===
2026-04-02 03:50:06 - getOutlet.php - Method: POST
2026-04-02 03:50:06 - getOutlet.php - POST data: {"tgl":"2026-04-02","encrypt":"7e7f1d062ca9b9e5c530948d57925ffe","id_apl":"APL01","key":"APOTEK KELUARGA"}
2026-04-02 10:50:06 - getOutlet.php - Params - tgl: 2026-04-02, encrypt: 7e7f1d062ca9b9e5c530948d57925ffe, id_apl: APL01, key: APOTEK KELUARGA
2026-04-02 10:50:06 - getOutlet.php - Aplikasi ditemukan: Ya
2026-04-02 10:50:06 - getOutlet.php - Key aplikasi: YbcJSFjkds...
2026-04-02 10:50:06 - getOutlet.php - Expected encrypt: 7e7f1d062ca9b9e5c530948d57925ffe
2026-04-02 10:50:06 - getOutlet.php - Received encrypt: 7e7f1d062ca9b9e5c530948d57925ffe
2026-04-02 10:50:06 - getOutlet.php - Authentication berhasil
2026-04-02 10:50:06 - getOutlet.php - Query: SELECT id_out, nama_out, '' AS alamat_out, ofcode_out
            FROM outlet 
            WHERE status_out IN ('Active', '1', 'active')
            AND (nama_out LIKE :key OR ofcode_out LIKE :key)
            ORDER BY nama_out ASC
            LIMIT 20
2026-04-02 10:50:06 - getOutlet.php - Query berhasil, mengembalikan 1 record
2026-04-02 10:50:06 - getOutlet.php - === END REQUEST ===
2026-04-02 03:50:09 - getOutlet.php - === REQUEST GETOUTLET ===
2026-04-02 03:50:09 - getOutlet.php - Method: POST
2026-04-02 03:50:09 - getOutlet.php - POST data: {"tgl":"2026-04-02","encrypt":"7e7f1d062ca9b9e5c530948d57925ffe","id_apl":"APL01","key":"APOTEK KELUARG"}
2026-04-02 10:50:09 - getOutlet.php - Params - tgl: 2026-04-02, encrypt: 7e7f1d062ca9b9e5c530948d57925ffe, id_apl: APL01, key: APOTEK KELUARG
2026-04-02 10:50:09 - getOutlet.php - Aplikasi ditemukan: Ya
2026-04-02 10:50:09 - getOutlet.php - Key aplikasi: YbcJSFjkds...
2026-04-02 10:50:09 - getOutlet.php - Expected encrypt: 7e7f1d062ca9b9e5c530948d57925ffe
2026-04-02 10:50:09 - getOutlet.php - Received encrypt: 7e7f1d062ca9b9e5c530948d57925ffe
2026-04-02 10:50:09 - getOutlet.php - Authentication berhasil
2026-04-02 10:50:09 - getOutlet.php - Query: SELECT id_out, nama_out, '' AS alamat_out, ofcode_out
            FROM outlet 
            WHERE status_out IN ('Active', '1', 'active')
            AND (nama_out LIKE :key OR ofcode_out LIKE :key)
            ORDER BY nama_out ASC
            LIMIT 20
2026-04-02 10:50:09 - getOutlet.php - Query berhasil, mengembalikan 1 record
2026-04-02 10:50:09 - getOutlet.php - === END REQUEST ===
2026-04-02 03:50:09 - getOutlet.php - === REQUEST GETOUTLET ===
2026-04-02 03:50:09 - getOutlet.php - Method: POST
2026-04-02 03:50:09 - getOutlet.php - POST data: {"tgl":"2026-04-02","encrypt":"7e7f1d062ca9b9e5c530948d57925ffe","id_apl":"APL01","key":"APOTEK KELUAR"}
2026-04-02 10:50:09 - getOutlet.php - Params - tgl: 2026-04-02, encrypt: 7e7f1d062ca9b9e5c530948d57925ffe, id_apl: APL01, key: APOTEK KELUAR
2026-04-02 10:50:09 - getOutlet.php - Aplikasi ditemukan: Ya
2026-04-02 10:50:09 - getOutlet.php - Key aplikasi: YbcJSFjkds...
2026-04-02 10:50:09 - getOutlet.php - Expected encrypt: 7e7f1d062ca9b9e5c530948d57925ffe
2026-04-02 10:50:09 - getOutlet.php - Received encrypt: 7e7f1d062ca9b9e5c530948d57925ffe
2026-04-02 10:50:09 - getOutlet.php - Authentication berhasil
2026-04-02 10:50:09 - getOutlet.php - Query: SELECT id_out, nama_out, '' AS alamat_out, ofcode_out
            FROM outlet 
            WHERE status_out IN ('Active', '1', 'active')
            AND (nama_out LIKE :key OR ofcode_out LIKE :key)
            ORDER BY nama_out ASC
            LIMIT 20
2026-04-02 10:50:09 - getOutlet.php - Query berhasil, mengembalikan 1 record
2026-04-02 10:50:09 - getOutlet.php - === END REQUEST ===
2026-04-02 03:50:09 - getOutlet.php - === REQUEST GETOUTLET ===
2026-04-02 03:50:09 - getOutlet.php - Method: POST
2026-04-02 03:50:09 - getOutlet.php - POST data: {"tgl":"2026-04-02","encrypt":"7e7f1d062ca9b9e5c530948d57925ffe","id_apl":"APL01","key":"APOTEK KELUA"}
2026-04-02 10:50:09 - getOutlet.php - Params - tgl: 2026-04-02, encrypt: 7e7f1d062ca9b9e5c530948d57925ffe, id_apl: APL01, key: APOTEK KELUA
2026-04-02 10:50:09 - getOutlet.php - Aplikasi ditemukan: Ya
2026-04-02 10:50:09 - getOutlet.php - Key aplikasi: YbcJSFjkds...
2026-04-02 10:50:09 - getOutlet.php - Expected encrypt: 7e7f1d062ca9b9e5c530948d57925ffe
2026-04-02 10:50:09 - getOutlet.php - Received encrypt: 7e7f1d062ca9b9e5c530948d57925ffe
2026-04-02 10:50:09 - getOutlet.php - Authentication berhasil
2026-04-02 10:50:09 - getOutlet.php - Query: SELECT id_out, nama_out, '' AS alamat_out, ofcode_out
            FROM outlet 
            WHERE status_out IN ('Active', '1', 'active')
            AND (nama_out LIKE :key OR ofcode_out LIKE :key)
            ORDER BY nama_out ASC
            LIMIT 20
2026-04-02 10:50:09 - getOutlet.php - Query berhasil, mengembalikan 1 record
2026-04-02 10:50:09 - getOutlet.php - === END REQUEST ===
2026-04-02 03:50:09 - getOutlet.php - === REQUEST GETOUTLET ===
2026-04-02 03:50:09 - getOutlet.php - Method: POST
2026-04-02 03:50:09 - getOutlet.php - POST data: {"tgl":"2026-04-02","encrypt":"7e7f1d062ca9b9e5c530948d57925ffe","id_apl":"APL01","key":"APOTEK KELU"}
2026-04-02 10:50:09 - getOutlet.php - Params - tgl: 2026-04-02, encrypt: 7e7f1d062ca9b9e5c530948d57925ffe, id_apl: APL01, key: APOTEK KELU
2026-04-02 10:50:09 - getOutlet.php - Aplikasi ditemukan: Ya
2026-04-02 10:50:09 - getOutlet.php - Key aplikasi: YbcJSFjkds...
2026-04-02 10:50:09 - getOutlet.php - Expected encrypt: 7e7f1d062ca9b9e5c530948d57925ffe
2026-04-02 10:50:09 - getOutlet.php - Received encrypt: 7e7f1d062ca9b9e5c530948d57925ffe
2026-04-02 10:50:09 - getOutlet.php - Authentication berhasil
2026-04-02 10:50:09 - getOutlet.php - Query: SELECT id_out, nama_out, '' AS alamat_out, ofcode_out
            FROM outlet 
            WHERE status_out IN ('Active', '1', 'active')
            AND (nama_out LIKE :key OR ofcode_out LIKE :key)
            ORDER BY nama_out ASC
            LIMIT 20
2026-04-02 10:50:09 - getOutlet.php - Query berhasil, mengembalikan 1 record
2026-04-02 10:50:09 - getOutlet.php - === END REQUEST ===
2026-04-02 03:50:09 - getOutlet.php - === REQUEST GETOUTLET ===
2026-04-02 03:50:09 - getOutlet.php - Method: POST
2026-04-02 03:50:09 - getOutlet.php - POST data: {"tgl":"2026-04-02","encrypt":"7e7f1d062ca9b9e5c530948d57925ffe","id_apl":"APL01","key":"APOTEK KEL"}
2026-04-02 10:50:09 - getOutlet.php - Params - tgl: 2026-04-02, encrypt: 7e7f1d062ca9b9e5c530948d57925ffe, id_apl: APL01, key: APOTEK KEL
2026-04-02 10:50:09 - getOutlet.php - Aplikasi ditemukan: Ya
2026-04-02 10:50:09 - getOutlet.php - Key aplikasi: YbcJSFjkds...
2026-04-02 10:50:09 - getOutlet.php - Expected encrypt: 7e7f1d062ca9b9e5c530948d57925ffe
2026-04-02 10:50:09 - getOutlet.php - Received encrypt: 7e7f1d062ca9b9e5c530948d57925ffe
2026-04-02 10:50:09 - getOutlet.php - Authentication berhasil
2026-04-02 10:50:09 - getOutlet.php - Query: SELECT id_out, nama_out, '' AS alamat_out, ofcode_out
            FROM outlet 
            WHERE status_out IN ('Active', '1', 'active')
            AND (nama_out LIKE :key OR ofcode_out LIKE :key)
            ORDER BY nama_out ASC
            LIMIT 20
2026-04-02 10:50:09 - getOutlet.php - Query berhasil, mengembalikan 1 record
2026-04-02 10:50:09 - getOutlet.php - === END REQUEST ===
2026-04-02 03:50:09 - getOutlet.php - === REQUEST GETOUTLET ===
2026-04-02 03:50:09 - getOutlet.php - Method: POST
2026-04-02 03:50:09 - getOutlet.php - POST data: {"tgl":"2026-04-02","encrypt":"7e7f1d062ca9b9e5c530948d57925ffe","id_apl":"APL01","key":"APOTEK KE"}
2026-04-02 10:50:09 - getOutlet.php - Params - tgl: 2026-04-02, encrypt: 7e7f1d062ca9b9e5c530948d57925ffe, id_apl: APL01, key: APOTEK KE
2026-04-02 10:50:09 - getOutlet.php - Aplikasi ditemukan: Ya
2026-04-02 10:50:09 - getOutlet.php - Key aplikasi: YbcJSFjkds...
2026-04-02 10:50:09 - getOutlet.php - Expected encrypt: 7e7f1d062ca9b9e5c530948d57925ffe
2026-04-02 10:50:09 - getOutlet.php - Received encrypt: 7e7f1d062ca9b9e5c530948d57925ffe
2026-04-02 10:50:09 - getOutlet.php - Authentication berhasil
2026-04-02 10:50:09 - getOutlet.php - Query: SELECT id_out, nama_out, '' AS alamat_out, ofcode_out
            FROM outlet 
            WHERE status_out IN ('Active', '1', 'active')
            AND (nama_out LIKE :key OR ofcode_out LIKE :key)
            ORDER BY nama_out ASC
            LIMIT 20
2026-04-02 10:50:09 - getOutlet.php - Query berhasil, mengembalikan 1 record
2026-04-02 10:50:09 - getOutlet.php - === END REQUEST ===
2026-04-02 03:50:09 - getOutlet.php - === REQUEST GETOUTLET ===
2026-04-02 03:50:09 - getOutlet.php - Method: POST
2026-04-02 03:50:09 - getOutlet.php - POST data: {"tgl":"2026-04-02","encrypt":"7e7f1d062ca9b9e5c530948d57925ffe","id_apl":"APL01","key":"APOTEK K"}
2026-04-02 10:50:09 - getOutlet.php - Params - tgl: 2026-04-02, encrypt: 7e7f1d062ca9b9e5c530948d57925ffe, id_apl: APL01, key: APOTEK K
2026-04-02 10:50:09 - getOutlet.php - Aplikasi ditemukan: Ya
2026-04-02 10:50:09 - getOutlet.php - Key aplikasi: YbcJSFjkds...
2026-04-02 10:50:09 - getOutlet.php - Expected encrypt: 7e7f1d062ca9b9e5c530948d57925ffe
2026-04-02 10:50:09 - getOutlet.php - Received encrypt: 7e7f1d062ca9b9e5c530948d57925ffe
2026-04-02 10:50:09 - getOutlet.php - Authentication berhasil
2026-04-02 10:50:09 - getOutlet.php - Query: SELECT id_out, nama_out, '' AS alamat_out, ofcode_out
            FROM outlet 
            WHERE status_out IN ('Active', '1', 'active')
            AND (nama_out LIKE :key OR ofcode_out LIKE :key)
            ORDER BY nama_out ASC
            LIMIT 20
2026-04-02 10:50:09 - getOutlet.php - Query berhasil, mengembalikan 20 record
2026-04-02 10:50:09 - getOutlet.php - === END REQUEST ===
2026-04-02 03:50:09 - getOutlet.php - === REQUEST GETOUTLET ===
2026-04-02 03:50:09 - getOutlet.php - Method: POST
2026-04-02 03:50:09 - getOutlet.php - POST data: {"tgl":"2026-04-02","encrypt":"7e7f1d062ca9b9e5c530948d57925ffe","id_apl":"APL01","key":"APOTEK"}
2026-04-02 10:50:09 - getOutlet.php - Params - tgl: 2026-04-02, encrypt: 7e7f1d062ca9b9e5c530948d57925ffe, id_apl: APL01, key: APOTEK
2026-04-02 10:50:09 - getOutlet.php - Aplikasi ditemukan: Ya
2026-04-02 10:50:09 - getOutlet.php - Key aplikasi: YbcJSFjkds...
2026-04-02 03:50:09 - getOutlet.php - === REQUEST GETOUTLET ===
2026-04-02 10:50:09 - getOutlet.php - Expected encrypt: 7e7f1d062ca9b9e5c530948d57925ffe
2026-04-02 03:50:09 - getOutlet.php - Method: POST
2026-04-02 10:50:09 - getOutlet.php - Received encrypt: 7e7f1d062ca9b9e5c530948d57925ffe
2026-04-02 03:50:09 - getOutlet.php - POST data: {"tgl":"2026-04-02","encrypt":"7e7f1d062ca9b9e5c530948d57925ffe","id_apl":"APL01","key":"APOTEK"}
2026-04-02 10:50:09 - getOutlet.php - Authentication berhasil
2026-04-02 10:50:09 - getOutlet.php - Params - tgl: 2026-04-02, encrypt: 7e7f1d062ca9b9e5c530948d57925ffe, id_apl: APL01, key: APOTEK
2026-04-02 10:50:09 - getOutlet.php - Query: SELECT id_out, nama_out, '' AS alamat_out, ofcode_out
            FROM outlet 
            WHERE status_out IN ('Active', '1', 'active')
            AND (nama_out LIKE :key OR ofcode_out LIKE :key)
            ORDER BY nama_out ASC
            LIMIT 20
2026-04-02 10:50:09 - getOutlet.php - Query berhasil, mengembalikan 20 record
2026-04-02 10:50:09 - getOutlet.php - === END REQUEST ===
2026-04-02 10:50:09 - getOutlet.php - Aplikasi ditemukan: Ya
2026-04-02 10:50:09 - getOutlet.php - Key aplikasi: YbcJSFjkds...
2026-04-02 10:50:09 - getOutlet.php - Expected encrypt: 7e7f1d062ca9b9e5c530948d57925ffe
2026-04-02 10:50:09 - getOutlet.php - Received encrypt: 7e7f1d062ca9b9e5c530948d57925ffe
2026-04-02 10:50:09 - getOutlet.php - Authentication berhasil
2026-04-02 10:50:09 - getOutlet.php - Query: SELECT id_out, nama_out, '' AS alamat_out, ofcode_out
            FROM outlet 
            WHERE status_out IN ('Active', '1', 'active')
            AND (nama_out LIKE :key OR ofcode_out LIKE :key)
            ORDER BY nama_out ASC
            LIMIT 20
2026-04-02 10:50:09 - getOutlet.php - Query berhasil, mengembalikan 20 record
2026-04-02 10:50:09 - getOutlet.php - === END REQUEST ===
2026-04-02 03:50:09 - getOutlet.php - === REQUEST GETOUTLET ===
2026-04-02 03:50:09 - getOutlet.php - Method: POST
2026-04-02 03:50:09 - getOutlet.php - POST data: {"tgl":"2026-04-02","encrypt":"7e7f1d062ca9b9e5c530948d57925ffe","id_apl":"APL01","key":"APOTE"}
2026-04-02 10:50:09 - getOutlet.php - Params - tgl: 2026-04-02, encrypt: 7e7f1d062ca9b9e5c530948d57925ffe, id_apl: APL01, key: APOTE
2026-04-02 10:50:09 - getOutlet.php - Aplikasi ditemukan: Ya
2026-04-02 10:50:09 - getOutlet.php - Key aplikasi: YbcJSFjkds...
2026-04-02 10:50:09 - getOutlet.php - Expected encrypt: 7e7f1d062ca9b9e5c530948d57925ffe
2026-04-02 10:50:09 - getOutlet.php - Received encrypt: 7e7f1d062ca9b9e5c530948d57925ffe
2026-04-02 10:50:09 - getOutlet.php - Authentication berhasil
2026-04-02 10:50:09 - getOutlet.php - Query: SELECT id_out, nama_out, '' AS alamat_out, ofcode_out
            FROM outlet 
            WHERE status_out IN ('Active', '1', 'active')
            AND (nama_out LIKE :key OR ofcode_out LIKE :key)
            ORDER BY nama_out ASC
            LIMIT 20
2026-04-02 10:50:09 - getOutlet.php - Query berhasil, mengembalikan 20 record
2026-04-02 10:50:09 - getOutlet.php - === END REQUEST ===
2026-04-02 03:50:09 - getOutlet.php - === REQUEST GETOUTLET ===
2026-04-02 03:50:09 - getOutlet.php - Method: POST
2026-04-02 03:50:09 - getOutlet.php - POST data: {"tgl":"2026-04-02","encrypt":"7e7f1d062ca9b9e5c530948d57925ffe","id_apl":"APL01","key":"APOT"}
2026-04-02 10:50:09 - getOutlet.php - Params - tgl: 2026-04-02, encrypt: 7e7f1d062ca9b9e5c530948d57925ffe, id_apl: APL01, key: APOT
2026-04-02 10:50:09 - getOutlet.php - Aplikasi ditemukan: Ya
2026-04-02 10:50:09 - getOutlet.php - Key aplikasi: YbcJSFjkds...
2026-04-02 10:50:09 - getOutlet.php - Expected encrypt: 7e7f1d062ca9b9e5c530948d57925ffe
2026-04-02 10:50:09 - getOutlet.php - Received encrypt: 7e7f1d062ca9b9e5c530948d57925ffe
2026-04-02 10:50:09 - getOutlet.php - Authentication berhasil
2026-04-02 10:50:09 - getOutlet.php - Query: SELECT id_out, nama_out, '' AS alamat_out, ofcode_out
            FROM outlet 
            WHERE status_out IN ('Active', '1', 'active')
            AND (nama_out LIKE :key OR ofcode_out LIKE :key)
            ORDER BY nama_out ASC
            LIMIT 20
2026-04-02 10:50:09 - getOutlet.php - Query berhasil, mengembalikan 20 record
2026-04-02 10:50:09 - getOutlet.php - === END REQUEST ===
2026-04-02 03:50:09 - getOutlet.php - === REQUEST GETOUTLET ===
2026-04-02 03:50:09 - getOutlet.php - Method: POST
2026-04-02 03:50:09 - getOutlet.php - POST data: {"tgl":"2026-04-02","encrypt":"7e7f1d062ca9b9e5c530948d57925ffe","id_apl":"APL01","key":"AP"}
2026-04-02 10:50:09 - getOutlet.php - Params - tgl: 2026-04-02, encrypt: 7e7f1d062ca9b9e5c530948d57925ffe, id_apl: APL01, key: AP
2026-04-02 10:50:09 - getOutlet.php - Aplikasi ditemukan: Ya
2026-04-02 10:50:09 - getOutlet.php - Key aplikasi: YbcJSFjkds...
2026-04-02 10:50:09 - getOutlet.php - Expected encrypt: 7e7f1d062ca9b9e5c530948d57925ffe
2026-04-02 10:50:09 - getOutlet.php - Received encrypt: 7e7f1d062ca9b9e5c530948d57925ffe
2026-04-02 10:50:09 - getOutlet.php - Authentication berhasil
2026-04-02 10:50:09 - getOutlet.php - Query: SELECT id_out, nama_out, '' AS alamat_out, ofcode_out
            FROM outlet 
            WHERE status_out IN ('Active', '1', 'active')
            AND (nama_out LIKE :key OR ofcode_out LIKE :key)
            ORDER BY nama_out ASC
            LIMIT 20
2026-04-02 10:50:09 - getOutlet.php - Query berhasil, mengembalikan 20 record
2026-04-02 10:50:09 - getOutlet.php - === END REQUEST ===
2026-04-02 03:50:09 - getOutlet.php - === REQUEST GETOUTLET ===
2026-04-02 03:50:09 - getOutlet.php - Method: POST
2026-04-02 03:50:09 - getOutlet.php - POST data: {"tgl":"2026-04-02","encrypt":"7e7f1d062ca9b9e5c530948d57925ffe","id_apl":"APL01","key":"APO"}
2026-04-02 10:50:09 - getOutlet.php - Params - tgl: 2026-04-02, encrypt: 7e7f1d062ca9b9e5c530948d57925ffe, id_apl: APL01, key: APO
2026-04-02 10:50:09 - getOutlet.php - Aplikasi ditemukan: Ya
2026-04-02 10:50:09 - getOutlet.php - Key aplikasi: YbcJSFjkds...
2026-04-02 10:50:09 - getOutlet.php - Expected encrypt: 7e7f1d062ca9b9e5c530948d57925ffe
2026-04-02 10:50:09 - getOutlet.php - Received encrypt: 7e7f1d062ca9b9e5c530948d57925ffe
2026-04-02 10:50:09 - getOutlet.php - Authentication berhasil
2026-04-02 10:50:09 - getOutlet.php - Query: SELECT id_out, nama_out, '' AS alamat_out, ofcode_out
            FROM outlet 
            WHERE status_out IN ('Active', '1', 'active')
            AND (nama_out LIKE :key OR ofcode_out LIKE :key)
            ORDER BY nama_out ASC
            LIMIT 20
2026-04-02 10:50:09 - getOutlet.php - Query berhasil, mengembalikan 20 record
2026-04-02 10:50:09 - getOutlet.php - === END REQUEST ===
2026-04-02 03:50:17 - getOutlet.php - === REQUEST GETOUTLET ===
2026-04-02 03:50:17 - getOutlet.php - Method: POST
2026-04-02 03:50:17 - getOutlet.php - POST data: {"tgl":"2026-04-02","encrypt":"7e7f1d062ca9b9e5c530948d57925ffe","id_apl":"APL01","key":"Rs"}
2026-04-02 10:50:17 - getOutlet.php - Params - tgl: 2026-04-02, encrypt: 7e7f1d062ca9b9e5c530948d57925ffe, id_apl: APL01, key: Rs
2026-04-02 10:50:17 - getOutlet.php - Aplikasi ditemukan: Ya
2026-04-02 10:50:17 - getOutlet.php - Key aplikasi: YbcJSFjkds...
2026-04-02 10:50:17 - getOutlet.php - Expected encrypt: 7e7f1d062ca9b9e5c530948d57925ffe
2026-04-02 10:50:17 - getOutlet.php - Received encrypt: 7e7f1d062ca9b9e5c530948d57925ffe
2026-04-02 10:50:17 - getOutlet.php - Authentication berhasil
2026-04-02 10:50:17 - getOutlet.php - Query: SELECT id_out, nama_out, '' AS alamat_out, ofcode_out
            FROM outlet 
            WHERE status_out IN ('Active', '1', 'active')
            AND (nama_out LIKE :key OR ofcode_out LIKE :key)
            ORDER BY nama_out ASC
            LIMIT 20
2026-04-02 10:50:17 - getOutlet.php - Query berhasil, mengembalikan 20 record
2026-04-02 10:50:17 - getOutlet.php - === END REQUEST ===
2026-04-02 03:50:17 - getOutlet.php - === REQUEST GETOUTLET ===
2026-04-02 03:50:17 - getOutlet.php - Method: POST
2026-04-02 03:50:17 - getOutlet.php - POST data: {"tgl":"2026-04-02","encrypt":"7e7f1d062ca9b9e5c530948d57925ffe","id_apl":"APL01","key":"RS"}
2026-04-02 10:50:17 - getOutlet.php - Params - tgl: 2026-04-02, encrypt: 7e7f1d062ca9b9e5c530948d57925ffe, id_apl: APL01, key: RS
2026-04-02 10:50:17 - getOutlet.php - Aplikasi ditemukan: Ya
2026-04-02 10:50:17 - getOutlet.php - Key aplikasi: YbcJSFjkds...
2026-04-02 10:50:17 - getOutlet.php - Expected encrypt: 7e7f1d062ca9b9e5c530948d57925ffe
2026-04-02 10:50:17 - getOutlet.php - Received encrypt: 7e7f1d062ca9b9e5c530948d57925ffe
2026-04-02 10:50:17 - getOutlet.php - Authentication berhasil
2026-04-02 10:50:17 - getOutlet.php - Query: SELECT id_out, nama_out, '' AS alamat_out, ofcode_out
            FROM outlet 
            WHERE status_out IN ('Active', '1', 'active')
            AND (nama_out LIKE :key OR ofcode_out LIKE :key)
            ORDER BY nama_out ASC
            LIMIT 20
2026-04-02 10:50:17 - getOutlet.php - Query berhasil, mengembalikan 20 record
2026-04-02 10:50:17 - getOutlet.php - === END REQUEST ===
2026-04-02 03:50:17 - getOutlet.php - === REQUEST GETOUTLET ===
2026-04-02 03:50:17 - getOutlet.php - Method: POST
2026-04-02 03:50:17 - getOutlet.php - POST data: {"tgl":"2026-04-02","encrypt":"7e7f1d062ca9b9e5c530948d57925ffe","id_apl":"APL01","key":"RS d"}
2026-04-02 10:50:17 - getOutlet.php - Params - tgl: 2026-04-02, encrypt: 7e7f1d062ca9b9e5c530948d57925ffe, id_apl: APL01, key: RS d
2026-04-02 10:50:17 - getOutlet.php - Aplikasi ditemukan: Ya
2026-04-02 10:50:17 - getOutlet.php - Key aplikasi: YbcJSFjkds...
2026-04-02 10:50:17 - getOutlet.php - Expected encrypt: 7e7f1d062ca9b9e5c530948d57925ffe
2026-04-02 10:50:17 - getOutlet.php - Received encrypt: 7e7f1d062ca9b9e5c530948d57925ffe
2026-04-02 10:50:17 - getOutlet.php - Authentication berhasil
2026-04-02 10:50:17 - getOutlet.php - Query: SELECT id_out, nama_out, '' AS alamat_out, ofcode_out
            FROM outlet 
            WHERE status_out IN ('Active', '1', 'active')
            AND (nama_out LIKE :key OR ofcode_out LIKE :key)
            ORDER BY nama_out ASC
            LIMIT 20
2026-04-02 10:50:17 - getOutlet.php - Query berhasil, mengembalikan 7 record
2026-04-02 10:50:17 - getOutlet.php - === END REQUEST ===
2026-04-02 03:50:17 - getOutlet.php - === REQUEST GETOUTLET ===
2026-04-02 03:50:17 - getOutlet.php - Method: POST
2026-04-02 03:50:17 - getOutlet.php - POST data: {"tgl":"2026-04-02","encrypt":"7e7f1d062ca9b9e5c530948d57925ffe","id_apl":"APL01","key":"RS di"}
2026-04-02 10:50:17 - getOutlet.php - Params - tgl: 2026-04-02, encrypt: 7e7f1d062ca9b9e5c530948d57925ffe, id_apl: APL01, key: RS di
2026-04-02 10:50:17 - getOutlet.php - Aplikasi ditemukan: Ya
2026-04-02 10:50:17 - getOutlet.php - Key aplikasi: YbcJSFjkds...
2026-04-02 10:50:17 - getOutlet.php - Expected encrypt: 7e7f1d062ca9b9e5c530948d57925ffe
2026-04-02 10:50:17 - getOutlet.php - Received encrypt: 7e7f1d062ca9b9e5c530948d57925ffe
2026-04-02 10:50:17 - getOutlet.php - Authentication berhasil
2026-04-02 10:50:17 - getOutlet.php - Query: SELECT id_out, nama_out, '' AS alamat_out, ofcode_out
            FROM outlet 
            WHERE status_out IN ('Active', '1', 'active')
            AND (nama_out LIKE :key OR ofcode_out LIKE :key)
            ORDER BY nama_out ASC
            LIMIT 20
2026-04-02 10:50:17 - getOutlet.php - Query berhasil, mengembalikan 1 record
2026-04-02 10:50:17 - getOutlet.php - === END REQUEST ===
2026-04-02 03:50:17 - getOutlet.php - === REQUEST GETOUTLET ===
2026-04-02 03:50:17 - getOutlet.php - Method: POST
2026-04-02 03:50:17 - getOutlet.php - POST data: {"tgl":"2026-04-02","encrypt":"7e7f1d062ca9b9e5c530948d57925ffe","id_apl":"APL01","key":"RS din"}
2026-04-02 10:50:17 - getOutlet.php - Params - tgl: 2026-04-02, encrypt: 7e7f1d062ca9b9e5c530948d57925ffe, id_apl: APL01, key: RS din
2026-04-02 10:50:17 - getOutlet.php - Aplikasi ditemukan: Ya
2026-04-02 10:50:17 - getOutlet.php - Key aplikasi: YbcJSFjkds...
2026-04-02 10:50:17 - getOutlet.php - Expected encrypt: 7e7f1d062ca9b9e5c530948d57925ffe
2026-04-02 10:50:17 - getOutlet.php - Received encrypt: 7e7f1d062ca9b9e5c530948d57925ffe
2026-04-02 10:50:17 - getOutlet.php - Authentication berhasil
2026-04-02 10:50:17 - getOutlet.php - Query: SELECT id_out, nama_out, '' AS alamat_out, ofcode_out
            FROM outlet 
            WHERE status_out IN ('Active', '1', 'active')
            AND (nama_out LIKE :key OR ofcode_out LIKE :key)
            ORDER BY nama_out ASC
            LIMIT 20
2026-04-02 10:50:17 - getOutlet.php - Query berhasil, mengembalikan 1 record
2026-04-02 10:50:17 - getOutlet.php - === END REQUEST ===
2026-04-02 03:50:18 - getOutlet.php - === REQUEST GETOUTLET ===
2026-04-02 03:50:18 - getOutlet.php - Method: POST
2026-04-02 03:50:18 - getOutlet.php - POST data: {"tgl":"2026-04-02","encrypt":"7e7f1d062ca9b9e5c530948d57925ffe","id_apl":"APL01","key":"RS DINDA"}
2026-04-02 10:50:18 - getOutlet.php - Params - tgl: 2026-04-02, encrypt: 7e7f1d062ca9b9e5c530948d57925ffe, id_apl: APL01, key: RS DINDA
2026-04-02 10:50:18 - getOutlet.php - Aplikasi ditemukan: Ya
2026-04-02 10:50:18 - getOutlet.php - Key aplikasi: YbcJSFjkds...
2026-04-02 10:50:18 - getOutlet.php - Expected encrypt: 7e7f1d062ca9b9e5c530948d57925ffe
2026-04-02 10:50:18 - getOutlet.php - Received encrypt: 7e7f1d062ca9b9e5c530948d57925ffe
2026-04-02 10:50:18 - getOutlet.php - Authentication berhasil
2026-04-02 10:50:18 - getOutlet.php - Query: SELECT id_out, nama_out, '' AS alamat_out, ofcode_out
            FROM outlet 
            WHERE status_out IN ('Active', '1', 'active')
            AND (nama_out LIKE :key OR ofcode_out LIKE :key)
            ORDER BY nama_out ASC
            LIMIT 20
2026-04-02 10:50:18 - getOutlet.php - Query berhasil, mengembalikan 1 record
2026-04-02 10:50:18 - getOutlet.php - === END REQUEST ===
2026-04-02 03:50:36 - getOutlet.php - === REQUEST GETOUTLET ===
2026-04-02 03:50:36 - getOutlet.php - Method: POST
2026-04-02 03:50:36 - getOutlet.php - POST data: {"tgl":"2026-04-02","encrypt":"7e7f1d062ca9b9e5c530948d57925ffe","id_apl":"APL01","key":"Ap"}
2026-04-02 10:50:36 - getOutlet.php - Params - tgl: 2026-04-02, encrypt: 7e7f1d062ca9b9e5c530948d57925ffe, id_apl: APL01, key: Ap
2026-04-02 10:50:36 - getOutlet.php - Aplikasi ditemukan: Ya
2026-04-02 10:50:36 - getOutlet.php - Key aplikasi: YbcJSFjkds...
2026-04-02 10:50:36 - getOutlet.php - Expected encrypt: 7e7f1d062ca9b9e5c530948d57925ffe
2026-04-02 10:50:36 - getOutlet.php - Received encrypt: 7e7f1d062ca9b9e5c530948d57925ffe
2026-04-02 10:50:36 - getOutlet.php - Authentication berhasil
2026-04-02 10:50:36 - getOutlet.php - Query: SELECT id_out, nama_out, '' AS alamat_out, ofcode_out
            FROM outlet 
            WHERE status_out IN ('Active', '1', 'active')
            AND (nama_out LIKE :key OR ofcode_out LIKE :key)
            ORDER BY nama_out ASC
            LIMIT 20
2026-04-02 10:50:36 - getOutlet.php - Query berhasil, mengembalikan 20 record
2026-04-02 10:50:36 - getOutlet.php - === END REQUEST ===
2026-04-02 03:50:36 - getOutlet.php - === REQUEST GETOUTLET ===
2026-04-02 03:50:36 - getOutlet.php - Method: POST
2026-04-02 03:50:36 - getOutlet.php - POST data: {"tgl":"2026-04-02","encrypt":"7e7f1d062ca9b9e5c530948d57925ffe","id_apl":"APL01","key":"Apo"}
2026-04-02 10:50:36 - getOutlet.php - Params - tgl: 2026-04-02, encrypt: 7e7f1d062ca9b9e5c530948d57925ffe, id_apl: APL01, key: Apo
2026-04-02 10:50:36 - getOutlet.php - Aplikasi ditemukan: Ya
2026-04-02 10:50:36 - getOutlet.php - Key aplikasi: YbcJSFjkds...
2026-04-02 10:50:36 - getOutlet.php - Expected encrypt: 7e7f1d062ca9b9e5c530948d57925ffe
2026-04-02 10:50:36 - getOutlet.php - Received encrypt: 7e7f1d062ca9b9e5c530948d57925ffe
2026-04-02 10:50:36 - getOutlet.php - Authentication berhasil
2026-04-02 10:50:36 - getOutlet.php - Query: SELECT id_out, nama_out, '' AS alamat_out, ofcode_out
            FROM outlet 
            WHERE status_out IN ('Active', '1', 'active')
            AND (nama_out LIKE :key OR ofcode_out LIKE :key)
            ORDER BY nama_out ASC
            LIMIT 20
2026-04-02 10:50:36 - getOutlet.php - Query berhasil, mengembalikan 20 record
2026-04-02 10:50:36 - getOutlet.php - === END REQUEST ===
2026-04-02 03:50:37 - getOutlet.php - === REQUEST GETOUTLET ===
2026-04-02 03:50:37 - getOutlet.php - Method: POST
2026-04-02 03:50:37 - getOutlet.php - POST data: {"tgl":"2026-04-02","encrypt":"7e7f1d062ca9b9e5c530948d57925ffe","id_apl":"APL01","key":"Apot"}
2026-04-02 10:50:37 - getOutlet.php - Params - tgl: 2026-04-02, encrypt: 7e7f1d062ca9b9e5c530948d57925ffe, id_apl: APL01, key: Apot
2026-04-02 10:50:37 - getOutlet.php - Aplikasi ditemukan: Ya
2026-04-02 10:50:37 - getOutlet.php - Key aplikasi: YbcJSFjkds...
2026-04-02 10:50:37 - getOutlet.php - Expected encrypt: 7e7f1d062ca9b9e5c530948d57925ffe
2026-04-02 10:50:37 - getOutlet.php - Received encrypt: 7e7f1d062ca9b9e5c530948d57925ffe
2026-04-02 10:50:37 - getOutlet.php - Authentication berhasil
2026-04-02 10:50:37 - getOutlet.php - Query: SELECT id_out, nama_out, '' AS alamat_out, ofcode_out
            FROM outlet 
            WHERE status_out IN ('Active', '1', 'active')
            AND (nama_out LIKE :key OR ofcode_out LIKE :key)
            ORDER BY nama_out ASC
            LIMIT 20
2026-04-02 10:50:37 - getOutlet.php - Query berhasil, mengembalikan 20 record
2026-04-02 10:50:37 - getOutlet.php - === END REQUEST ===
2026-04-02 03:50:37 - getOutlet.php - === REQUEST GETOUTLET ===
2026-04-02 03:50:37 - getOutlet.php - Method: POST
2026-04-02 03:50:37 - getOutlet.php - POST data: {"tgl":"2026-04-02","encrypt":"7e7f1d062ca9b9e5c530948d57925ffe","id_apl":"APL01","key":"Apote"}
2026-04-02 10:50:37 - getOutlet.php - Params - tgl: 2026-04-02, encrypt: 7e7f1d062ca9b9e5c530948d57925ffe, id_apl: APL01, key: Apote
2026-04-02 03:50:37 - getOutlet.php - === REQUEST GETOUTLET ===
2026-04-02 03:50:37 - getOutlet.php - Method: POST
2026-04-02 03:50:37 - getOutlet.php - POST data: {"tgl":"2026-04-02","encrypt":"7e7f1d062ca9b9e5c530948d57925ffe","id_apl":"APL01","key":"Apotek"}
2026-04-02 10:50:37 - getOutlet.php - Params - tgl: 2026-04-02, encrypt: 7e7f1d062ca9b9e5c530948d57925ffe, id_apl: APL01, key: Apotek
2026-04-02 10:50:37 - getOutlet.php - Aplikasi ditemukan: Ya
2026-04-02 10:50:37 - getOutlet.php - Key aplikasi: YbcJSFjkds...
2026-04-02 10:50:37 - getOutlet.php - Aplikasi ditemukan: Ya
2026-04-02 10:50:37 - getOutlet.php - Expected encrypt: 7e7f1d062ca9b9e5c530948d57925ffe
2026-04-02 10:50:37 - getOutlet.php - Key aplikasi: YbcJSFjkds...
2026-04-02 10:50:37 - getOutlet.php - Received encrypt: 7e7f1d062ca9b9e5c530948d57925ffe
2026-04-02 10:50:37 - getOutlet.php - Expected encrypt: 7e7f1d062ca9b9e5c530948d57925ffe
2026-04-02 10:50:37 - getOutlet.php - Authentication berhasil
2026-04-02 10:50:37 - getOutlet.php - Received encrypt: 7e7f1d062ca9b9e5c530948d57925ffe
2026-04-02 10:50:37 - getOutlet.php - Authentication berhasil
2026-04-02 10:50:37 - getOutlet.php - Query: SELECT id_out, nama_out, '' AS alamat_out, ofcode_out
            FROM outlet 
            WHERE status_out IN ('Active', '1', 'active')
            AND (nama_out LIKE :key OR ofcode_out LIKE :key)
            ORDER BY nama_out ASC
            LIMIT 20
2026-04-02 10:50:37 - getOutlet.php - Query: SELECT id_out, nama_out, '' AS alamat_out, ofcode_out
            FROM outlet 
            WHERE status_out IN ('Active', '1', 'active')
            AND (nama_out LIKE :key OR ofcode_out LIKE :key)
            ORDER BY nama_out ASC
            LIMIT 20
2026-04-02 10:50:37 - getOutlet.php - Query berhasil, mengembalikan 20 record
2026-04-02 10:50:37 - getOutlet.php - === END REQUEST ===
2026-04-02 10:50:37 - getOutlet.php - Query berhasil, mengembalikan 20 record
2026-04-02 10:50:37 - getOutlet.php - === END REQUEST ===
2026-04-02 03:50:40 - getOutlet.php - === REQUEST GETOUTLET ===
2026-04-02 03:50:40 - getOutlet.php - Method: POST
2026-04-02 03:50:40 - getOutlet.php - POST data: {"tgl":"2026-04-02","encrypt":"7e7f1d062ca9b9e5c530948d57925ffe","id_apl":"APL01","key":"Apotek"}
2026-04-02 10:50:40 - getOutlet.php - Params - tgl: 2026-04-02, encrypt: 7e7f1d062ca9b9e5c530948d57925ffe, id_apl: APL01, key: Apotek
2026-04-02 10:50:40 - getOutlet.php - Aplikasi ditemukan: Ya
2026-04-02 10:50:40 - getOutlet.php - Key aplikasi: YbcJSFjkds...
2026-04-02 10:50:40 - getOutlet.php - Expected encrypt: 7e7f1d062ca9b9e5c530948d57925ffe
2026-04-02 10:50:40 - getOutlet.php - Received encrypt: 7e7f1d062ca9b9e5c530948d57925ffe
2026-04-02 10:50:40 - getOutlet.php - Authentication berhasil
2026-04-02 10:50:40 - getOutlet.php - Query: SELECT id_out, nama_out, '' AS alamat_out, ofcode_out
            FROM outlet 
            WHERE status_out IN ('Active', '1', 'active')
            AND (nama_out LIKE :key OR ofcode_out LIKE :key)
            ORDER BY nama_out ASC
            LIMIT 20
2026-04-02 10:50:40 - getOutlet.php - Query berhasil, mengembalikan 20 record
2026-04-02 10:50:40 - getOutlet.php - === END REQUEST ===
2026-04-02 03:50:40 - getOutlet.php - === REQUEST GETOUTLET ===
2026-04-02 03:50:40 - getOutlet.php - Method: POST
2026-04-02 03:50:40 - getOutlet.php - POST data: {"tgl":"2026-04-02","encrypt":"7e7f1d062ca9b9e5c530948d57925ffe","id_apl":"APL01","key":"Apotek"}
2026-04-02 10:50:40 - getOutlet.php - Params - tgl: 2026-04-02, encrypt: 7e7f1d062ca9b9e5c530948d57925ffe, id_apl: APL01, key: Apotek
2026-04-02 10:50:40 - getOutlet.php - Aplikasi ditemukan: Ya
2026-04-02 10:50:40 - getOutlet.php - Key aplikasi: YbcJSFjkds...
2026-04-02 10:50:40 - getOutlet.php - Expected encrypt: 7e7f1d062ca9b9e5c530948d57925ffe
2026-04-02 10:50:40 - getOutlet.php - Received encrypt: 7e7f1d062ca9b9e5c530948d57925ffe
2026-04-02 10:50:40 - getOutlet.php - Authentication berhasil
2026-04-02 10:50:40 - getOutlet.php - Query: SELECT id_out, nama_out, '' AS alamat_out, ofcode_out
            FROM outlet 
            WHERE status_out IN ('Active', '1', 'active')
            AND (nama_out LIKE :key OR ofcode_out LIKE :key)
            ORDER BY nama_out ASC
            LIMIT 20
2026-04-02 10:50:40 - getOutlet.php - Query berhasil, mengembalikan 20 record
2026-04-02 10:50:40 - getOutlet.php - === END REQUEST ===
2026-04-02 03:50:40 - getOutlet.php - === REQUEST GETOUTLET ===
2026-04-02 03:50:40 - getOutlet.php - Method: POST
2026-04-02 03:50:40 - getOutlet.php - POST data: {"tgl":"2026-04-02","encrypt":"7e7f1d062ca9b9e5c530948d57925ffe","id_apl":"APL01","key":"Pr"}
2026-04-02 10:50:40 - getOutlet.php - Params - tgl: 2026-04-02, encrypt: 7e7f1d062ca9b9e5c530948d57925ffe, id_apl: APL01, key: Pr
2026-04-02 10:50:40 - getOutlet.php - Aplikasi ditemukan: Ya
2026-04-02 10:50:40 - getOutlet.php - Key aplikasi: YbcJSFjkds...
2026-04-02 10:50:40 - getOutlet.php - Expected encrypt: 7e7f1d062ca9b9e5c530948d57925ffe
2026-04-02 10:50:40 - getOutlet.php - Received encrypt: 7e7f1d062ca9b9e5c530948d57925ffe
2026-04-02 10:50:40 - getOutlet.php - Authentication berhasil
2026-04-02 10:50:40 - getOutlet.php - Query: SELECT id_out, nama_out, '' AS alamat_out, ofcode_out
            FROM outlet 
            WHERE status_out IN ('Active', '1', 'active')
            AND (nama_out LIKE :key OR ofcode_out LIKE :key)
            ORDER BY nama_out ASC
            LIMIT 20
2026-04-02 10:50:40 - getOutlet.php - Query berhasil, mengembalikan 20 record
2026-04-02 10:50:40 - getOutlet.php - === END REQUEST ===
2026-04-02 03:50:40 - getOutlet.php - === REQUEST GETOUTLET ===
2026-04-02 03:50:40 - getOutlet.php - Method: POST
2026-04-02 03:50:40 - getOutlet.php - POST data: {"tgl":"2026-04-02","encrypt":"7e7f1d062ca9b9e5c530948d57925ffe","id_apl":"APL01","key":"Apotek b"}
2026-04-02 10:50:40 - getOutlet.php - Params - tgl: 2026-04-02, encrypt: 7e7f1d062ca9b9e5c530948d57925ffe, id_apl: APL01, key: Apotek b
2026-04-02 10:50:40 - getOutlet.php - Aplikasi ditemukan: Ya
2026-04-02 10:50:40 - getOutlet.php - Key aplikasi: YbcJSFjkds...
2026-04-02 10:50:40 - getOutlet.php - Expected encrypt: 7e7f1d062ca9b9e5c530948d57925ffe
2026-04-02 10:50:40 - getOutlet.php - Received encrypt: 7e7f1d062ca9b9e5c530948d57925ffe
2026-04-02 10:50:40 - getOutlet.php - Authentication berhasil
2026-04-02 10:50:40 - getOutlet.php - Query: SELECT id_out, nama_out, '' AS alamat_out, ofcode_out
            FROM outlet 
            WHERE status_out IN ('Active', '1', 'active')
            AND (nama_out LIKE :key OR ofcode_out LIKE :key)
            ORDER BY nama_out ASC
            LIMIT 20
2026-04-02 10:50:40 - getOutlet.php - Query berhasil, mengembalikan 20 record
2026-04-02 10:50:40 - getOutlet.php - === END REQUEST ===
2026-04-02 03:50:40 - getOutlet.php - === REQUEST GETOUTLET ===
2026-04-02 03:50:40 - getOutlet.php - Method: POST
2026-04-02 03:50:40 - getOutlet.php - POST data: {"tgl":"2026-04-02","encrypt":"7e7f1d062ca9b9e5c530948d57925ffe","id_apl":"APL01","key":"Pri"}
2026-04-02 10:50:40 - getOutlet.php - Params - tgl: 2026-04-02, encrypt: 7e7f1d062ca9b9e5c530948d57925ffe, id_apl: APL01, key: Pri
2026-04-02 10:50:40 - getOutlet.php - Aplikasi ditemukan: Ya
2026-04-02 10:50:40 - getOutlet.php - Key aplikasi: YbcJSFjkds...
2026-04-02 10:50:40 - getOutlet.php - Expected encrypt: 7e7f1d062ca9b9e5c530948d57925ffe
2026-04-02 10:50:40 - getOutlet.php - Received encrypt: 7e7f1d062ca9b9e5c530948d57925ffe
2026-04-02 10:50:40 - getOutlet.php - Authentication berhasil
2026-04-02 10:50:40 - getOutlet.php - Query: SELECT id_out, nama_out, '' AS alamat_out, ofcode_out
            FROM outlet 
            WHERE status_out IN ('Active', '1', 'active')
            AND (nama_out LIKE :key OR ofcode_out LIKE :key)
            ORDER BY nama_out ASC
            LIMIT 20
2026-04-02 10:50:40 - getOutlet.php - Query berhasil, mengembalikan 20 record
2026-04-02 10:50:40 - getOutlet.php - === END REQUEST ===
2026-04-02 03:50:40 - getOutlet.php - === REQUEST GETOUTLET ===
2026-04-02 03:50:40 - getOutlet.php - Method: POST
2026-04-02 03:50:40 - getOutlet.php - POST data: {"tgl":"2026-04-02","encrypt":"7e7f1d062ca9b9e5c530948d57925ffe","id_apl":"APL01","key":"Apotek bo"}
2026-04-02 10:50:40 - getOutlet.php - Params - tgl: 2026-04-02, encrypt: 7e7f1d062ca9b9e5c530948d57925ffe, id_apl: APL01, key: Apotek bo
2026-04-02 10:50:40 - getOutlet.php - Aplikasi ditemukan: Ya
2026-04-02 10:50:40 - getOutlet.php - Key aplikasi: YbcJSFjkds...
2026-04-02 10:50:40 - getOutlet.php - Expected encrypt: 7e7f1d062ca9b9e5c530948d57925ffe
2026-04-02 10:50:40 - getOutlet.php - Received encrypt: 7e7f1d062ca9b9e5c530948d57925ffe
2026-04-02 10:50:40 - getOutlet.php - Authentication berhasil
2026-04-02 10:50:40 - getOutlet.php - Query: SELECT id_out, nama_out, '' AS alamat_out, ofcode_out
            FROM outlet 
            WHERE status_out IN ('Active', '1', 'active')
            AND (nama_out LIKE :key OR ofcode_out LIKE :key)
            ORDER BY nama_out ASC
            LIMIT 20
2026-04-02 10:50:40 - getOutlet.php - Query berhasil, mengembalikan 20 record
2026-04-02 10:50:40 - getOutlet.php - === END REQUEST ===
2026-04-02 03:50:40 - getOutlet.php - === REQUEST GETOUTLET ===
2026-04-02 03:50:40 - getOutlet.php - Method: POST
2026-04-02 03:50:40 - getOutlet.php - POST data: {"tgl":"2026-04-02","encrypt":"7e7f1d062ca9b9e5c530948d57925ffe","id_apl":"APL01","key":"Primaya"}
2026-04-02 10:50:40 - getOutlet.php - Params - tgl: 2026-04-02, encrypt: 7e7f1d062ca9b9e5c530948d57925ffe, id_apl: APL01, key: Primaya
2026-04-02 10:50:40 - getOutlet.php - Aplikasi ditemukan: Ya
2026-04-02 10:50:40 - getOutlet.php - Key aplikasi: YbcJSFjkds...
2026-04-02 10:50:40 - getOutlet.php - Expected encrypt: 7e7f1d062ca9b9e5c530948d57925ffe
2026-04-02 10:50:40 - getOutlet.php - Received encrypt: 7e7f1d062ca9b9e5c530948d57925ffe
2026-04-02 10:50:40 - getOutlet.php - Authentication berhasil
2026-04-02 10:50:40 - getOutlet.php - Query: SELECT id_out, nama_out, '' AS alamat_out, ofcode_out
            FROM outlet 
            WHERE status_out IN ('Active', '1', 'active')
            AND (nama_out LIKE :key OR ofcode_out LIKE :key)
            ORDER BY nama_out ASC
            LIMIT 20
2026-04-02 10:50:40 - getOutlet.php - Query berhasil, mengembalikan 12 record
2026-04-02 10:50:40 - getOutlet.php - === END REQUEST ===
2026-04-02 03:50:40 - getOutlet.php - === REQUEST GETOUTLET ===
2026-04-02 03:50:40 - getOutlet.php - Method: POST
2026-04-02 03:50:40 - getOutlet.php - POST data: {"tgl":"2026-04-02","encrypt":"7e7f1d062ca9b9e5c530948d57925ffe","id_apl":"APL01","key":"Apotek boo"}
2026-04-02 10:50:40 - getOutlet.php - Params - tgl: 2026-04-02, encrypt: 7e7f1d062ca9b9e5c530948d57925ffe, id_apl: APL01, key: Apotek boo
2026-04-02 10:50:40 - getOutlet.php - Aplikasi ditemukan: Ya
2026-04-02 10:50:40 - getOutlet.php - Key aplikasi: YbcJSFjkds...
2026-04-02 10:50:40 - getOutlet.php - Expected encrypt: 7e7f1d062ca9b9e5c530948d57925ffe
2026-04-02 10:50:40 - getOutlet.php - Received encrypt: 7e7f1d062ca9b9e5c530948d57925ffe
2026-04-02 10:50:40 - getOutlet.php - Authentication berhasil
2026-04-02 10:50:40 - getOutlet.php - Query: SELECT id_out, nama_out, '' AS alamat_out, ofcode_out
            FROM outlet 
            WHERE status_out IN ('Active', '1', 'active')
            AND (nama_out LIKE :key OR ofcode_out LIKE :key)
            ORDER BY nama_out ASC
            LIMIT 20
2026-04-02 10:50:40 - getOutlet.php - Query berhasil, mengembalikan 20 record
2026-04-02 10:50:40 - getOutlet.php - === END REQUEST ===
2026-04-02 03:50:41 - getOutlet.php - === REQUEST GETOUTLET ===
2026-04-02 03:50:41 - getOutlet.php - Method: POST
2026-04-02 03:50:41 - getOutlet.php - POST data: {"tgl":"2026-04-02","encrypt":"7e7f1d062ca9b9e5c530948d57925ffe","id_apl":"APL01","key":"Apotek boot"}
2026-04-02 10:50:41 - getOutlet.php - Params - tgl: 2026-04-02, encrypt: 7e7f1d062ca9b9e5c530948d57925ffe, id_apl: APL01, key: Apotek boot
2026-04-02 10:50:41 - getOutlet.php - Aplikasi ditemukan: Ya
2026-04-02 10:50:41 - getOutlet.php - Key aplikasi: YbcJSFjkds...
2026-04-02 10:50:41 - getOutlet.php - Expected encrypt: 7e7f1d062ca9b9e5c530948d57925ffe
2026-04-02 10:50:41 - getOutlet.php - Received encrypt: 7e7f1d062ca9b9e5c530948d57925ffe
2026-04-02 10:50:41 - getOutlet.php - Authentication berhasil
2026-04-02 10:50:41 - getOutlet.php - Query: SELECT id_out, nama_out, '' AS alamat_out, ofcode_out
            FROM outlet 
            WHERE status_out IN ('Active', '1', 'active')
            AND (nama_out LIKE :key OR ofcode_out LIKE :key)
            ORDER BY nama_out ASC
            LIMIT 20
2026-04-02 10:50:41 - getOutlet.php - Query berhasil, mengembalikan 20 record
2026-04-02 10:50:41 - getOutlet.php - === END REQUEST ===
2026-04-02 03:50:41 - getOutlet.php - === REQUEST GETOUTLET ===
2026-04-02 03:50:41 - getOutlet.php - Method: POST
2026-04-02 03:50:41 - getOutlet.php - POST data: {"tgl":"2026-04-02","encrypt":"7e7f1d062ca9b9e5c530948d57925ffe","id_apl":"APL01","key":"Primaya pasar"}
2026-04-02 10:50:41 - getOutlet.php - Params - tgl: 2026-04-02, encrypt: 7e7f1d062ca9b9e5c530948d57925ffe, id_apl: APL01, key: Primaya pasar
2026-04-02 10:50:41 - getOutlet.php - Aplikasi ditemukan: Ya
2026-04-02 10:50:41 - getOutlet.php - Key aplikasi: YbcJSFjkds...
2026-04-02 10:50:41 - getOutlet.php - Expected encrypt: 7e7f1d062ca9b9e5c530948d57925ffe
2026-04-02 10:50:41 - getOutlet.php - Received encrypt: 7e7f1d062ca9b9e5c530948d57925ffe
2026-04-02 10:50:41 - getOutlet.php - Authentication berhasil
2026-04-02 10:50:41 - getOutlet.php - Query: SELECT id_out, nama_out, '' AS alamat_out, ofcode_out
            FROM outlet 
            WHERE status_out IN ('Active', '1', 'active')
            AND (nama_out LIKE :key OR ofcode_out LIKE :key)
            ORDER BY nama_out ASC
            LIMIT 20
2026-04-02 10:50:41 - getOutlet.php - Query berhasil, mengembalikan 1 record
2026-04-02 10:50:41 - getOutlet.php - === END REQUEST ===
2026-04-02 03:50:42 - getOutlet.php - === REQUEST GETOUTLET ===
2026-04-02 03:50:42 - getOutlet.php - Method: POST
2026-04-02 03:50:42 - getOutlet.php - POST data: {"tgl":"2026-04-02","encrypt":"7e7f1d062ca9b9e5c530948d57925ffe","id_apl":"APL01","key":"Primaya pasar Kemis"}
2026-04-02 10:50:42 - getOutlet.php - Params - tgl: 2026-04-02, encrypt: 7e7f1d062ca9b9e5c530948d57925ffe, id_apl: APL01, key: Primaya pasar Kemis
2026-04-02 10:50:42 - getOutlet.php - Aplikasi ditemukan: Ya
2026-04-02 10:50:42 - getOutlet.php - Key aplikasi: YbcJSFjkds...
2026-04-02 10:50:42 - getOutlet.php - Expected encrypt: 7e7f1d062ca9b9e5c530948d57925ffe
2026-04-02 10:50:42 - getOutlet.php - Received encrypt: 7e7f1d062ca9b9e5c530948d57925ffe
2026-04-02 10:50:42 - getOutlet.php - Authentication berhasil
2026-04-02 10:50:42 - getOutlet.php - Query: SELECT id_out, nama_out, '' AS alamat_out, ofcode_out
            FROM outlet 
            WHERE status_out IN ('Active', '1', 'active')
            AND (nama_out LIKE :key OR ofcode_out LIKE :key)
            ORDER BY nama_out ASC
            LIMIT 20
2026-04-02 10:50:42 - getOutlet.php - Query berhasil, mengembalikan 1 record
2026-04-02 10:50:42 - getOutlet.php - === END REQUEST ===
2026-04-02 03:50:43 - getOutlet.php - === REQUEST GETOUTLET ===
2026-04-02 03:50:43 - getOutlet.php - Method: POST
2026-04-02 03:50:43 - getOutlet.php - POST data: {"tgl":"2026-04-02","encrypt":"7e7f1d062ca9b9e5c530948d57925ffe","id_apl":"APL01","key":"RS PRIMAYA PASAR KEMIS"}
2026-04-02 10:50:43 - getOutlet.php - Params - tgl: 2026-04-02, encrypt: 7e7f1d062ca9b9e5c530948d57925ffe, id_apl: APL01, key: RS PRIMAYA PASAR KEMIS
2026-04-02 10:50:43 - getOutlet.php - Aplikasi ditemukan: Ya
2026-04-02 10:50:43 - getOutlet.php - Key aplikasi: YbcJSFjkds...
2026-04-02 10:50:43 - getOutlet.php - Expected encrypt: 7e7f1d062ca9b9e5c530948d57925ffe
2026-04-02 10:50:43 - getOutlet.php - Received encrypt: 7e7f1d062ca9b9e5c530948d57925ffe
2026-04-02 10:50:43 - getOutlet.php - Authentication berhasil
2026-04-02 10:50:43 - getOutlet.php - Query: SELECT id_out, nama_out, '' AS alamat_out, ofcode_out
            FROM outlet 
            WHERE status_out IN ('Active', '1', 'active')
            AND (nama_out LIKE :key OR ofcode_out LIKE :key)
            ORDER BY nama_out ASC
            LIMIT 20
2026-04-02 10:50:43 - getOutlet.php - Query berhasil, mengembalikan 1 record
2026-04-02 10:50:43 - getOutlet.php - === END REQUEST ===
2026-04-02 03:50:44 - getOutlet.php - === REQUEST GETOUTLET ===
2026-04-02 03:50:44 - getOutlet.php - Method: POST
2026-04-02 03:50:44 - getOutlet.php - POST data: {"tgl":"2026-04-02","encrypt":"7e7f1d062ca9b9e5c530948d57925ffe","id_apl":"APL01","key":"Apotek boots"}
2026-04-02 10:50:44 - getOutlet.php - Params - tgl: 2026-04-02, encrypt: 7e7f1d062ca9b9e5c530948d57925ffe, id_apl: APL01, key: Apotek boots
2026-04-02 10:50:44 - getOutlet.php - Aplikasi ditemukan: Ya
2026-04-02 10:50:44 - getOutlet.php - Key aplikasi: YbcJSFjkds...
2026-04-02 10:50:44 - getOutlet.php - Expected encrypt: 7e7f1d062ca9b9e5c530948d57925ffe
2026-04-02 10:50:44 - getOutlet.php - Received encrypt: 7e7f1d062ca9b9e5c530948d57925ffe
2026-04-02 10:50:44 - getOutlet.php - Authentication berhasil
2026-04-02 10:50:44 - getOutlet.php - Query: SELECT id_out, nama_out, '' AS alamat_out, ofcode_out
            FROM outlet 
            WHERE status_out IN ('Active', '1', 'active')
            AND (nama_out LIKE :key OR ofcode_out LIKE :key)
            ORDER BY nama_out ASC
            LIMIT 20
2026-04-02 10:50:44 - getOutlet.php - Query berhasil, mengembalikan 20 record
2026-04-02 10:50:44 - getOutlet.php - === END REQUEST ===
2026-04-02 03:50:46 - getOutlet.php - === REQUEST GETOUTLET ===
2026-04-02 03:50:46 - getOutlet.php - Method: POST
2026-04-02 03:50:46 - getOutlet.php - POST data: {"tgl":"2026-04-02","encrypt":"7e7f1d062ca9b9e5c530948d57925ffe","id_apl":"APL01","key":"Apotek boots"}
2026-04-02 10:50:46 - getOutlet.php - Params - tgl: 2026-04-02, encrypt: 7e7f1d062ca9b9e5c530948d57925ffe, id_apl: APL01, key: Apotek boots
2026-04-02 10:50:46 - getOutlet.php - Aplikasi ditemukan: Ya
2026-04-02 10:50:46 - getOutlet.php - Key aplikasi: YbcJSFjkds...
2026-04-02 10:50:46 - getOutlet.php - Expected encrypt: 7e7f1d062ca9b9e5c530948d57925ffe
2026-04-02 10:50:46 - getOutlet.php - Received encrypt: 7e7f1d062ca9b9e5c530948d57925ffe
2026-04-02 10:50:46 - getOutlet.php - Authentication berhasil
2026-04-02 10:50:46 - getOutlet.php - Query: SELECT id_out, nama_out, '' AS alamat_out, ofcode_out
            FROM outlet 
            WHERE status_out IN ('Active', '1', 'active')
            AND (nama_out LIKE :key OR ofcode_out LIKE :key)
            ORDER BY nama_out ASC
            LIMIT 20
2026-04-02 10:50:46 - getOutlet.php - Query berhasil, mengembalikan 20 record
2026-04-02 03:50:46 - getOutlet.php - === REQUEST GETOUTLET ===
2026-04-02 03:50:46 - getOutlet.php - Method: POST
2026-04-02 10:50:46 - getOutlet.php - === END REQUEST ===
2026-04-02 03:50:46 - getOutlet.php - POST data: {"tgl":"2026-04-02","encrypt":"7e7f1d062ca9b9e5c530948d57925ffe","id_apl":"APL01","key":"Apotek boots"}
2026-04-02 10:50:46 - getOutlet.php - Params - tgl: 2026-04-02, encrypt: 7e7f1d062ca9b9e5c530948d57925ffe, id_apl: APL01, key: Apotek boots
2026-04-02 10:50:46 - getOutlet.php - Aplikasi ditemukan: Ya
2026-04-02 10:50:46 - getOutlet.php - Key aplikasi: YbcJSFjkds...
2026-04-02 10:50:46 - getOutlet.php - Expected encrypt: 7e7f1d062ca9b9e5c530948d57925ffe
2026-04-02 10:50:46 - getOutlet.php - Received encrypt: 7e7f1d062ca9b9e5c530948d57925ffe
2026-04-02 10:50:46 - getOutlet.php - Authentication berhasil
2026-04-02 10:50:46 - getOutlet.php - Query: SELECT id_out, nama_out, '' AS alamat_out, ofcode_out
            FROM outlet 
            WHERE status_out IN ('Active', '1', 'active')
            AND (nama_out LIKE :key OR ofcode_out LIKE :key)
            ORDER BY nama_out ASC
            LIMIT 20
2026-04-02 10:50:46 - getOutlet.php - Query berhasil, mengembalikan 20 record
2026-04-02 10:50:46 - getOutlet.php - === END REQUEST ===
2026-04-02 03:50:46 - getOutlet.php - === REQUEST GETOUTLET ===
2026-04-02 03:50:46 - getOutlet.php - Method: POST
2026-04-02 03:50:46 - getOutlet.php - POST data: {"tgl":"2026-04-02","encrypt":"7e7f1d062ca9b9e5c530948d57925ffe","id_apl":"APL01","key":"Apotek boots p"}
2026-04-02 10:50:46 - getOutlet.php - Params - tgl: 2026-04-02, encrypt: 7e7f1d062ca9b9e5c530948d57925ffe, id_apl: APL01, key: Apotek boots p
2026-04-02 10:50:46 - getOutlet.php - Aplikasi ditemukan: Ya
2026-04-02 10:50:46 - getOutlet.php - Key aplikasi: YbcJSFjkds...
2026-04-02 10:50:46 - getOutlet.php - Expected encrypt: 7e7f1d062ca9b9e5c530948d57925ffe
2026-04-02 10:50:46 - getOutlet.php - Received encrypt: 7e7f1d062ca9b9e5c530948d57925ffe
2026-04-02 10:50:46 - getOutlet.php - Authentication berhasil
2026-04-02 10:50:46 - getOutlet.php - Query: SELECT id_out, nama_out, '' AS alamat_out, ofcode_out
            FROM outlet 
            WHERE status_out IN ('Active', '1', 'active')
            AND (nama_out LIKE :key OR ofcode_out LIKE :key)
            ORDER BY nama_out ASC
            LIMIT 20
2026-04-02 10:50:46 - getOutlet.php - Query berhasil, mengembalikan 5 record
2026-04-02 10:50:46 - getOutlet.php - === END REQUEST ===
2026-04-02 03:50:46 - getOutlet.php - === REQUEST GETOUTLET ===
2026-04-02 03:50:46 - getOutlet.php - Method: POST
2026-04-02 03:50:46 - getOutlet.php - POST data: {"tgl":"2026-04-02","encrypt":"7e7f1d062ca9b9e5c530948d57925ffe","id_apl":"APL01","key":"Apotek boots pl"}
2026-04-02 10:50:46 - getOutlet.php - Params - tgl: 2026-04-02, encrypt: 7e7f1d062ca9b9e5c530948d57925ffe, id_apl: APL01, key: Apotek boots pl
2026-04-02 10:50:46 - getOutlet.php - Aplikasi ditemukan: Ya
2026-04-02 10:50:46 - getOutlet.php - Key aplikasi: YbcJSFjkds...
2026-04-02 10:50:46 - getOutlet.php - Expected encrypt: 7e7f1d062ca9b9e5c530948d57925ffe
2026-04-02 10:50:46 - getOutlet.php - Received encrypt: 7e7f1d062ca9b9e5c530948d57925ffe
2026-04-02 10:50:46 - getOutlet.php - Authentication berhasil
2026-04-02 10:50:46 - getOutlet.php - Query: SELECT id_out, nama_out, '' AS alamat_out, ofcode_out
            FROM outlet 
            WHERE status_out IN ('Active', '1', 'active')
            AND (nama_out LIKE :key OR ofcode_out LIKE :key)
            ORDER BY nama_out ASC
            LIMIT 20
2026-04-02 10:50:46 - getOutlet.php - Query berhasil, mengembalikan 2 record
2026-04-02 10:50:46 - getOutlet.php - === END REQUEST ===
2026-04-02 03:50:47 - getOutlet.php - === REQUEST GETOUTLET ===
2026-04-02 03:50:47 - getOutlet.php - Method: POST
2026-04-02 03:50:47 - getOutlet.php - POST data: {"tgl":"2026-04-02","encrypt":"7e7f1d062ca9b9e5c530948d57925ffe","id_apl":"APL01","key":"Apotek boots pla"}
2026-04-02 10:50:47 - getOutlet.php - Params - tgl: 2026-04-02, encrypt: 7e7f1d062ca9b9e5c530948d57925ffe, id_apl: APL01, key: Apotek boots pla
2026-04-02 10:50:47 - getOutlet.php - Aplikasi ditemukan: Ya
2026-04-02 10:50:47 - getOutlet.php - Key aplikasi: YbcJSFjkds...
2026-04-02 10:50:47 - getOutlet.php - Expected encrypt: 7e7f1d062ca9b9e5c530948d57925ffe
2026-04-02 10:50:47 - getOutlet.php - Received encrypt: 7e7f1d062ca9b9e5c530948d57925ffe
2026-04-02 10:50:47 - getOutlet.php - Authentication berhasil
2026-04-02 10:50:47 - getOutlet.php - Query: SELECT id_out, nama_out, '' AS alamat_out, ofcode_out
            FROM outlet 
            WHERE status_out IN ('Active', '1', 'active')
            AND (nama_out LIKE :key OR ofcode_out LIKE :key)
            ORDER BY nama_out ASC
            LIMIT 20
2026-04-02 10:50:47 - getOutlet.php - Query berhasil, mengembalikan 2 record
2026-04-02 10:50:47 - getOutlet.php - === END REQUEST ===
2026-04-02 03:50:47 - getOutlet.php - === REQUEST GETOUTLET ===
2026-04-02 03:50:47 - getOutlet.php - Method: POST
2026-04-02 03:50:47 - getOutlet.php - POST data: {"tgl":"2026-04-02","encrypt":"7e7f1d062ca9b9e5c530948d57925ffe","id_apl":"APL01","key":"Apotek boots plaz"}
2026-04-02 10:50:47 - getOutlet.php - Params - tgl: 2026-04-02, encrypt: 7e7f1d062ca9b9e5c530948d57925ffe, id_apl: APL01, key: Apotek boots plaz
2026-04-02 10:50:47 - getOutlet.php - Aplikasi ditemukan: Ya
2026-04-02 10:50:47 - getOutlet.php - Key aplikasi: YbcJSFjkds...
2026-04-02 10:50:47 - getOutlet.php - Expected encrypt: 7e7f1d062ca9b9e5c530948d57925ffe
2026-04-02 10:50:47 - getOutlet.php - Received encrypt: 7e7f1d062ca9b9e5c530948d57925ffe
2026-04-02 10:50:47 - getOutlet.php - Authentication berhasil
2026-04-02 10:50:47 - getOutlet.php - Query: SELECT id_out, nama_out, '' AS alamat_out, ofcode_out
            FROM outlet 
            WHERE status_out IN ('Active', '1', 'active')
            AND (nama_out LIKE :key OR ofcode_out LIKE :key)
            ORDER BY nama_out ASC
            LIMIT 20
2026-04-02 10:50:47 - getOutlet.php - Query berhasil, mengembalikan 2 record
2026-04-02 10:50:47 - getOutlet.php - === END REQUEST ===
2026-04-02 03:50:47 - getOutlet.php - === REQUEST GETOUTLET ===
2026-04-02 03:50:47 - getOutlet.php - Method: POST
2026-04-02 03:50:47 - getOutlet.php - POST data: {"tgl":"2026-04-02","encrypt":"7e7f1d062ca9b9e5c530948d57925ffe","id_apl":"APL01","key":"Apotek boots plaza"}
2026-04-02 10:50:47 - getOutlet.php - Params - tgl: 2026-04-02, encrypt: 7e7f1d062ca9b9e5c530948d57925ffe, id_apl: APL01, key: Apotek boots plaza
2026-04-02 10:50:47 - getOutlet.php - Aplikasi ditemukan: Ya
2026-04-02 10:50:47 - getOutlet.php - Key aplikasi: YbcJSFjkds...
2026-04-02 10:50:47 - getOutlet.php - Expected encrypt: 7e7f1d062ca9b9e5c530948d57925ffe
2026-04-02 10:50:47 - getOutlet.php - Received encrypt: 7e7f1d062ca9b9e5c530948d57925ffe
2026-04-02 10:50:47 - getOutlet.php - Authentication berhasil
2026-04-02 10:50:47 - getOutlet.php - Query: SELECT id_out, nama_out, '' AS alamat_out, ofcode_out
            FROM outlet 
            WHERE status_out IN ('Active', '1', 'active')
            AND (nama_out LIKE :key OR ofcode_out LIKE :key)
            ORDER BY nama_out ASC
            LIMIT 20
2026-04-02 10:50:47 - getOutlet.php - Query berhasil, mengembalikan 2 record
2026-04-02 10:50:47 - getOutlet.php - === END REQUEST ===
2026-04-02 03:50:54 - getOutlet.php - === REQUEST GETOUTLET ===
2026-04-02 03:50:54 - getOutlet.php - Method: POST
2026-04-02 03:50:54 - getOutlet.php - POST data: {"tgl":"2026-04-02","encrypt":"7e7f1d062ca9b9e5c530948d57925ffe","id_apl":"APL01","key":"APOTEK BOOTS PLAZA BINTARO"}
2026-04-02 10:50:54 - getOutlet.php - Params - tgl: 2026-04-02, encrypt: 7e7f1d062ca9b9e5c530948d57925ffe, id_apl: APL01, key: APOTEK BOOTS PLAZA BINTARO
2026-04-02 10:50:54 - getOutlet.php - Aplikasi ditemukan: Ya
2026-04-02 10:50:54 - getOutlet.php - Key aplikasi: YbcJSFjkds...
2026-04-02 10:50:54 - getOutlet.php - Expected encrypt: 7e7f1d062ca9b9e5c530948d57925ffe
2026-04-02 10:50:54 - getOutlet.php - Received encrypt: 7e7f1d062ca9b9e5c530948d57925ffe
2026-04-02 10:50:54 - getOutlet.php - Authentication berhasil
2026-04-02 10:50:54 - getOutlet.php - Query: SELECT id_out, nama_out, '' AS alamat_out, ofcode_out
            FROM outlet 
            WHERE status_out IN ('Active', '1', 'active')
            AND (nama_out LIKE :key OR ofcode_out LIKE :key)
            ORDER BY nama_out ASC
            LIMIT 20
2026-04-02 10:50:54 - getOutlet.php - Query berhasil, mengembalikan 0 record
2026-04-02 10:50:54 - getOutlet.php - === END REQUEST ===
2026-04-02 03:50:57 - getOutlet.php - === REQUEST GETOUTLET ===
2026-04-02 03:50:57 - getOutlet.php - Method: POST
2026-04-02 03:50:57 - getOutlet.php - POST data: {"tgl":"2026-04-02","encrypt":"7e7f1d062ca9b9e5c530948d57925ffe","id_apl":"APL01","key":"Rs"}
2026-04-02 10:50:57 - getOutlet.php - Params - tgl: 2026-04-02, encrypt: 7e7f1d062ca9b9e5c530948d57925ffe, id_apl: APL01, key: Rs
2026-04-02 10:50:57 - getOutlet.php - Aplikasi ditemukan: Ya
2026-04-02 10:50:57 - getOutlet.php - Key aplikasi: YbcJSFjkds...
2026-04-02 10:50:57 - getOutlet.php - Expected encrypt: 7e7f1d062ca9b9e5c530948d57925ffe
2026-04-02 10:50:57 - getOutlet.php - Received encrypt: 7e7f1d062ca9b9e5c530948d57925ffe
2026-04-02 10:50:57 - getOutlet.php - Authentication berhasil
2026-04-02 10:50:57 - getOutlet.php - Query: SELECT id_out, nama_out, '' AS alamat_out, ofcode_out
            FROM outlet 
            WHERE status_out IN ('Active', '1', 'active')
            AND (nama_out LIKE :key OR ofcode_out LIKE :key)
            ORDER BY nama_out ASC
            LIMIT 20
2026-04-02 10:50:57 - getOutlet.php - Query berhasil, mengembalikan 20 record
2026-04-02 10:50:57 - getOutlet.php - === END REQUEST ===
2026-04-02 03:50:58 - getOutlet.php - === REQUEST GETOUTLET ===
2026-04-02 03:50:58 - getOutlet.php - Method: POST
2026-04-02 03:50:58 - getOutlet.php - POST data: {"tgl":"2026-04-02","encrypt":"7e7f1d062ca9b9e5c530948d57925ffe","id_apl":"APL01","key":"RS"}
2026-04-02 10:50:58 - getOutlet.php - Params - tgl: 2026-04-02, encrypt: 7e7f1d062ca9b9e5c530948d57925ffe, id_apl: APL01, key: RS
2026-04-02 10:50:58 - getOutlet.php - Aplikasi ditemukan: Ya
2026-04-02 10:50:58 - getOutlet.php - Key aplikasi: YbcJSFjkds...
2026-04-02 10:50:58 - getOutlet.php - Expected encrypt: 7e7f1d062ca9b9e5c530948d57925ffe
2026-04-02 10:50:58 - getOutlet.php - Received encrypt: 7e7f1d062ca9b9e5c530948d57925ffe
2026-04-02 10:50:58 - getOutlet.php - Authentication berhasil
2026-04-02 10:50:58 - getOutlet.php - Query: SELECT id_out, nama_out, '' AS alamat_out, ofcode_out
            FROM outlet 
            WHERE status_out IN ('Active', '1', 'active')
            AND (nama_out LIKE :key OR ofcode_out LIKE :key)
            ORDER BY nama_out ASC
            LIMIT 20
2026-04-02 10:50:58 - getOutlet.php - Query berhasil, mengembalikan 20 record
2026-04-02 10:50:58 - getOutlet.php - === END REQUEST ===
2026-04-02 03:50:58 - getOutlet.php - === REQUEST GETOUTLET ===
2026-04-02 03:50:58 - getOutlet.php - Method: POST
2026-04-02 03:50:58 - getOutlet.php - POST data: {"tgl":"2026-04-02","encrypt":"7e7f1d062ca9b9e5c530948d57925ffe","id_apl":"APL01","key":"RS a"}
2026-04-02 10:50:58 - getOutlet.php - Params - tgl: 2026-04-02, encrypt: 7e7f1d062ca9b9e5c530948d57925ffe, id_apl: APL01, key: RS a
2026-04-02 10:50:58 - getOutlet.php - Aplikasi ditemukan: Ya
2026-04-02 10:50:58 - getOutlet.php - Key aplikasi: YbcJSFjkds...
2026-04-02 10:50:58 - getOutlet.php - Expected encrypt: 7e7f1d062ca9b9e5c530948d57925ffe
2026-04-02 10:50:58 - getOutlet.php - Received encrypt: 7e7f1d062ca9b9e5c530948d57925ffe
2026-04-02 10:50:58 - getOutlet.php - Authentication berhasil
2026-04-02 10:50:58 - getOutlet.php - Query: SELECT id_out, nama_out, '' AS alamat_out, ofcode_out
            FROM outlet 
            WHERE status_out IN ('Active', '1', 'active')
            AND (nama_out LIKE :key OR ofcode_out LIKE :key)
            ORDER BY nama_out ASC
            LIMIT 20
2026-04-02 10:50:58 - getOutlet.php - Query berhasil, mengembalikan 18 record
2026-04-02 10:50:58 - getOutlet.php - === END REQUEST ===
2026-04-02 03:50:58 - getOutlet.php - === REQUEST GETOUTLET ===
2026-04-02 03:50:58 - getOutlet.php - Method: POST
2026-04-02 03:50:58 - getOutlet.php - POST data: {"tgl":"2026-04-02","encrypt":"7e7f1d062ca9b9e5c530948d57925ffe","id_apl":"APL01","key":"RS an"}
2026-04-02 10:50:58 - getOutlet.php - Params - tgl: 2026-04-02, encrypt: 7e7f1d062ca9b9e5c530948d57925ffe, id_apl: APL01, key: RS an
2026-04-02 10:50:58 - getOutlet.php - Aplikasi ditemukan: Ya
2026-04-02 10:50:58 - getOutlet.php - Key aplikasi: YbcJSFjkds...
2026-04-02 10:50:58 - getOutlet.php - Expected encrypt: 7e7f1d062ca9b9e5c530948d57925ffe
2026-04-02 10:50:58 - getOutlet.php - Received encrypt: 7e7f1d062ca9b9e5c530948d57925ffe
2026-04-02 10:50:58 - getOutlet.php - Authentication berhasil
2026-04-02 10:50:58 - getOutlet.php - Query: SELECT id_out, nama_out, '' AS alamat_out, ofcode_out
            FROM outlet 
            WHERE status_out IN ('Active', '1', 'active')
            AND (nama_out LIKE :key OR ofcode_out LIKE :key)
            ORDER BY nama_out ASC
            LIMIT 20
2026-04-02 10:50:58 - getOutlet.php - Query berhasil, mengembalikan 8 record
2026-04-02 10:50:58 - getOutlet.php - === END REQUEST ===
2026-04-02 03:51:00 - getOutlet.php - === REQUEST GETOUTLET ===
2026-04-02 03:51:00 - getOutlet.php - Method: POST
2026-04-02 03:51:00 - getOutlet.php - POST data: {"tgl":"2026-04-02","encrypt":"7e7f1d062ca9b9e5c530948d57925ffe","id_apl":"APL01","key":"RS AN-NISA"}
2026-04-02 10:51:00 - getOutlet.php - Params - tgl: 2026-04-02, encrypt: 7e7f1d062ca9b9e5c530948d57925ffe, id_apl: APL01, key: RS AN-NISA
2026-04-02 10:51:00 - getOutlet.php - Aplikasi ditemukan: Ya
2026-04-02 10:51:00 - getOutlet.php - Key aplikasi: YbcJSFjkds...
2026-04-02 10:51:00 - getOutlet.php - Expected encrypt: 7e7f1d062ca9b9e5c530948d57925ffe
2026-04-02 10:51:00 - getOutlet.php - Received encrypt: 7e7f1d062ca9b9e5c530948d57925ffe
2026-04-02 10:51:00 - getOutlet.php - Authentication berhasil
2026-04-02 10:51:00 - getOutlet.php - Query: SELECT id_out, nama_out, '' AS alamat_out, ofcode_out
            FROM outlet 
            WHERE status_out IN ('Active', '1', 'active')
            AND (nama_out LIKE :key OR ofcode_out LIKE :key)
            ORDER BY nama_out ASC
            LIMIT 20
2026-04-02 10:51:00 - getOutlet.php - Query berhasil, mengembalikan 1 record
2026-04-02 10:51:00 - getOutlet.php - === END REQUEST ===
2026-04-02 03:51:09 - getOutlet.php - === REQUEST GETOUTLET ===
2026-04-02 03:51:09 - getOutlet.php - Method: POST
2026-04-02 03:51:09 - getOutlet.php - POST data: {"tgl":"2026-04-02","encrypt":"7e7f1d062ca9b9e5c530948d57925ffe","id_apl":"APL01","key":"Em"}
2026-04-02 10:51:09 - getOutlet.php - Params - tgl: 2026-04-02, encrypt: 7e7f1d062ca9b9e5c530948d57925ffe, id_apl: APL01, key: Em
2026-04-02 10:51:09 - getOutlet.php - Aplikasi ditemukan: Ya
2026-04-02 10:51:09 - getOutlet.php - Key aplikasi: YbcJSFjkds...
2026-04-02 10:51:09 - getOutlet.php - Expected encrypt: 7e7f1d062ca9b9e5c530948d57925ffe
2026-04-02 10:51:09 - getOutlet.php - Received encrypt: 7e7f1d062ca9b9e5c530948d57925ffe
2026-04-02 10:51:09 - getOutlet.php - Authentication berhasil
2026-04-02 10:51:09 - getOutlet.php - Query: SELECT id_out, nama_out, '' AS alamat_out, ofcode_out
            FROM outlet 
            WHERE status_out IN ('Active', '1', 'active')
            AND (nama_out LIKE :key OR ofcode_out LIKE :key)
            ORDER BY nama_out ASC
            LIMIT 20
2026-04-02 10:51:09 - getOutlet.php - Query berhasil, mengembalikan 20 record
2026-04-02 10:51:09 - getOutlet.php - === END REQUEST ===
2026-04-02 03:51:09 - getOutlet.php - === REQUEST GETOUTLET ===
2026-04-02 03:51:09 - getOutlet.php - Method: POST
2026-04-02 03:51:09 - getOutlet.php - POST data: {"tgl":"2026-04-02","encrypt":"7e7f1d062ca9b9e5c530948d57925ffe","id_apl":"APL01","key":"Emc"}
2026-04-02 10:51:09 - getOutlet.php - Params - tgl: 2026-04-02, encrypt: 7e7f1d062ca9b9e5c530948d57925ffe, id_apl: APL01, key: Emc
2026-04-02 10:51:09 - getOutlet.php - Aplikasi ditemukan: Ya
2026-04-02 10:51:09 - getOutlet.php - Key aplikasi: YbcJSFjkds...
2026-04-02 10:51:09 - getOutlet.php - Expected encrypt: 7e7f1d062ca9b9e5c530948d57925ffe
2026-04-02 10:51:09 - getOutlet.php - Received encrypt: 7e7f1d062ca9b9e5c530948d57925ffe
2026-04-02 10:51:09 - getOutlet.php - Authentication berhasil
2026-04-02 10:51:09 - getOutlet.php - Query: SELECT id_out, nama_out, '' AS alamat_out, ofcode_out
            FROM outlet 
            WHERE status_out IN ('Active', '1', 'active')
            AND (nama_out LIKE :key OR ofcode_out LIKE :key)
            ORDER BY nama_out ASC
            LIMIT 20
2026-04-02 10:51:09 - getOutlet.php - Query berhasil, mengembalikan 7 record
2026-04-02 10:51:09 - getOutlet.php - === END REQUEST ===
2026-04-02 03:51:10 - getOutlet.php - === REQUEST GETOUTLET ===
2026-04-02 03:51:10 - getOutlet.php - Method: POST
2026-04-02 03:51:10 - getOutlet.php - POST data: {"tgl":"2026-04-02","encrypt":"7e7f1d062ca9b9e5c530948d57925ffe","id_apl":"APL01","key":"Emc"}
2026-04-02 10:51:10 - getOutlet.php - Params - tgl: 2026-04-02, encrypt: 7e7f1d062ca9b9e5c530948d57925ffe, id_apl: APL01, key: Emc
2026-04-02 10:51:10 - getOutlet.php - Aplikasi ditemukan: Ya
2026-04-02 10:51:10 - getOutlet.php - Key aplikasi: YbcJSFjkds...
2026-04-02 10:51:10 - getOutlet.php - Expected encrypt: 7e7f1d062ca9b9e5c530948d57925ffe
2026-04-02 10:51:10 - getOutlet.php - Received encrypt: 7e7f1d062ca9b9e5c530948d57925ffe
2026-04-02 10:51:10 - getOutlet.php - Authentication berhasil
2026-04-02 10:51:10 - getOutlet.php - Query: SELECT id_out, nama_out, '' AS alamat_out, ofcode_out
            FROM outlet 
            WHERE status_out IN ('Active', '1', 'active')
            AND (nama_out LIKE :key OR ofcode_out LIKE :key)
            ORDER BY nama_out ASC
            LIMIT 20
2026-04-02 10:51:10 - getOutlet.php - Query berhasil, mengembalikan 7 record
2026-04-02 10:51:10 - getOutlet.php - === END REQUEST ===
2026-04-02 03:51:12 - getOutlet.php - === REQUEST GETOUTLET ===
2026-04-02 03:51:12 - getOutlet.php - Method: POST
2026-04-02 03:51:12 - getOutlet.php - POST data: {"tgl":"2026-04-02","encrypt":"7e7f1d062ca9b9e5c530948d57925ffe","id_apl":"APL01","key":"Emc Tangerang"}
2026-04-02 10:51:12 - getOutlet.php - Params - tgl: 2026-04-02, encrypt: 7e7f1d062ca9b9e5c530948d57925ffe, id_apl: APL01, key: Emc Tangerang
2026-04-02 10:51:12 - getOutlet.php - Aplikasi ditemukan: Ya
2026-04-02 10:51:12 - getOutlet.php - Key aplikasi: YbcJSFjkds...
2026-04-02 10:51:12 - getOutlet.php - Expected encrypt: 7e7f1d062ca9b9e5c530948d57925ffe
2026-04-02 10:51:12 - getOutlet.php - Received encrypt: 7e7f1d062ca9b9e5c530948d57925ffe
2026-04-02 10:51:12 - getOutlet.php - Authentication berhasil
2026-04-02 10:51:12 - getOutlet.php - Query: SELECT id_out, nama_out, '' AS alamat_out, ofcode_out
            FROM outlet 
            WHERE status_out IN ('Active', '1', 'active')
            AND (nama_out LIKE :key OR ofcode_out LIKE :key)
            ORDER BY nama_out ASC
            LIMIT 20
2026-04-02 10:51:12 - getOutlet.php - Query berhasil, mengembalikan 1 record
2026-04-02 10:51:12 - getOutlet.php - === END REQUEST ===
2026-04-02 03:51:13 - getOutlet.php - === REQUEST GETOUTLET ===
2026-04-02 03:51:13 - getOutlet.php - Method: POST
2026-04-02 03:51:13 - getOutlet.php - POST data: {"tgl":"2026-04-02","encrypt":"7e7f1d062ca9b9e5c530948d57925ffe","id_apl":"APL01","key":"RS EMC Tangerang"}
2026-04-02 10:51:13 - getOutlet.php - Params - tgl: 2026-04-02, encrypt: 7e7f1d062ca9b9e5c530948d57925ffe, id_apl: APL01, key: RS EMC Tangerang
2026-04-02 10:51:13 - getOutlet.php - Aplikasi ditemukan: Ya
2026-04-02 10:51:13 - getOutlet.php - Key aplikasi: YbcJSFjkds...
2026-04-02 10:51:13 - getOutlet.php - Expected encrypt: 7e7f1d062ca9b9e5c530948d57925ffe
2026-04-02 10:51:13 - getOutlet.php - Received encrypt: 7e7f1d062ca9b9e5c530948d57925ffe
2026-04-02 10:51:13 - getOutlet.php - Authentication berhasil
2026-04-02 10:51:13 - getOutlet.php - Query: SELECT id_out, nama_out, '' AS alamat_out, ofcode_out
            FROM outlet 
            WHERE status_out IN ('Active', '1', 'active')
            AND (nama_out LIKE :key OR ofcode_out LIKE :key)
            ORDER BY nama_out ASC
            LIMIT 20
2026-04-02 10:51:13 - getOutlet.php - Query berhasil, mengembalikan 1 record
2026-04-02 10:51:13 - getOutlet.php - === END REQUEST ===
2026-04-02 03:51:47 - getOutlet.php - === REQUEST GETOUTLET ===
2026-04-02 03:51:47 - getOutlet.php - Method: POST
2026-04-02 03:51:47 - getOutlet.php - POST data: {"tgl":"2026-04-02","encrypt":"7e7f1d062ca9b9e5c530948d57925ffe","id_apl":"APL01","key":"APOTEK BOOTS PLAZA"}
2026-04-02 10:51:47 - getOutlet.php - Params - tgl: 2026-04-02, encrypt: 7e7f1d062ca9b9e5c530948d57925ffe, id_apl: APL01, key: APOTEK BOOTS PLAZA
2026-04-02 03:51:47 - getOutlet.php - === REQUEST GETOUTLET ===
2026-04-02 03:51:47 - getOutlet.php - Method: POST
2026-04-02 03:51:47 - getOutlet.php - POST data: {"tgl":"2026-04-02","encrypt":"7e7f1d062ca9b9e5c530948d57925ffe","id_apl":"APL01","key":"APOTEK BOOTS PLAZA"}
2026-04-02 10:51:47 - getOutlet.php - Params - tgl: 2026-04-02, encrypt: 7e7f1d062ca9b9e5c530948d57925ffe, id_apl: APL01, key: APOTEK BOOTS PLAZA
2026-04-02 03:51:47 - getOutlet.php - === REQUEST GETOUTLET ===
2026-04-02 03:51:47 - getOutlet.php - Method: POST
2026-04-02 03:51:47 - getOutlet.php - POST data: {"tgl":"2026-04-02","encrypt":"7e7f1d062ca9b9e5c530948d57925ffe","id_apl":"APL01","key":"APOTEK BOOTS PLAZA BINT"}
2026-04-02 10:51:47 - getOutlet.php - Params - tgl: 2026-04-02, encrypt: 7e7f1d062ca9b9e5c530948d57925ffe, id_apl: APL01, key: APOTEK BOOTS PLAZA BINT
2026-04-02 03:51:47 - getOutlet.php - === REQUEST GETOUTLET ===
2026-04-02 03:51:47 - getOutlet.php - Method: POST
2026-04-02 03:51:47 - getOutlet.php - POST data: {"tgl":"2026-04-02","encrypt":"7e7f1d062ca9b9e5c530948d57925ffe","id_apl":"APL01","key":"APOTEK BOOTS PLAZA BIN"}
2026-04-02 10:51:47 - getOutlet.php - Params - tgl: 2026-04-02, encrypt: 7e7f1d062ca9b9e5c530948d57925ffe, id_apl: APL01, key: APOTEK BOOTS PLAZA BIN
2026-04-02 03:51:47 - getOutlet.php - === REQUEST GETOUTLET ===
2026-04-02 03:51:47 - getOutlet.php - Method: POST
2026-04-02 03:51:47 - getOutlet.php - POST data: {"tgl":"2026-04-02","encrypt":"7e7f1d062ca9b9e5c530948d57925ffe","id_apl":"APL01","key":"APOTEK BOOTS PLAZA BI"}
2026-04-02 10:51:47 - getOutlet.php - Params - tgl: 2026-04-02, encrypt: 7e7f1d062ca9b9e5c530948d57925ffe, id_apl: APL01, key: APOTEK BOOTS PLAZA BI
2026-04-02 03:51:47 - getOutlet.php - === REQUEST GETOUTLET ===
2026-04-02 03:51:47 - getOutlet.php - Method: POST
2026-04-02 03:51:47 - getOutlet.php - POST data: {"tgl":"2026-04-02","encrypt":"7e7f1d062ca9b9e5c530948d57925ffe","id_apl":"APL01","key":"APOTEK BOOTS PLAZA BINTAR"}
2026-04-02 10:51:47 - getOutlet.php - Params - tgl: 2026-04-02, encrypt: 7e7f1d062ca9b9e5c530948d57925ffe, id_apl: APL01, key: APOTEK BOOTS PLAZA BINTAR
2026-04-02 03:51:47 - getOutlet.php - === REQUEST GETOUTLET ===
2026-04-02 03:51:47 - getOutlet.php - Method: POST
2026-04-02 03:51:47 - getOutlet.php - POST data: {"tgl":"2026-04-02","encrypt":"7e7f1d062ca9b9e5c530948d57925ffe","id_apl":"APL01","key":"APOTEK BOOTS P"}
2026-04-02 10:51:47 - getOutlet.php - Params - tgl: 2026-04-02, encrypt: 7e7f1d062ca9b9e5c530948d57925ffe, id_apl: APL01, key: APOTEK BOOTS P
2026-04-02 03:51:47 - getOutlet.php - === REQUEST GETOUTLET ===
2026-04-02 03:51:47 - getOutlet.php - Method: POST
2026-04-02 03:51:47 - getOutlet.php - POST data: {"tgl":"2026-04-02","encrypt":"7e7f1d062ca9b9e5c530948d57925ffe","id_apl":"APL01","key":"APOTEK BOOTS PLAZA BINTA"}
2026-04-02 03:51:47 - getOutlet.php - === REQUEST GETOUTLET ===
2026-04-02 10:51:47 - getOutlet.php - Params - tgl: 2026-04-02, encrypt: 7e7f1d062ca9b9e5c530948d57925ffe, id_apl: APL01, key: APOTEK BOOTS PLAZA BINTA
2026-04-02 03:51:47 - getOutlet.php - Method: POST
2026-04-02 03:51:47 - getOutlet.php - POST data: {"tgl":"2026-04-02","encrypt":"7e7f1d062ca9b9e5c530948d57925ffe","id_apl":"APL01","key":"APOTEK BOOTS PLAZ"}
2026-04-02 10:51:47 - getOutlet.php - Params - tgl: 2026-04-02, encrypt: 7e7f1d062ca9b9e5c530948d57925ffe, id_apl: APL01, key: APOTEK BOOTS PLAZ
2026-04-02 03:51:47 - getOutlet.php - === REQUEST GETOUTLET ===
2026-04-02 03:51:47 - getOutlet.php - Method: POST
2026-04-02 03:51:47 - getOutlet.php - POST data: {"tgl":"2026-04-02","encrypt":"7e7f1d062ca9b9e5c530948d57925ffe","id_apl":"APL01","key":"APOTEK BOOTS PLA"}
2026-04-02 03:51:47 - getOutlet.php - === REQUEST GETOUTLET ===
2026-04-02 10:51:47 - getOutlet.php - Params - tgl: 2026-04-02, encrypt: 7e7f1d062ca9b9e5c530948d57925ffe, id_apl: APL01, key: APOTEK BOOTS PLA
2026-04-02 03:51:47 - getOutlet.php - Method: POST
2026-04-02 03:51:47 - getOutlet.php - POST data: {"tgl":"2026-04-02","encrypt":"7e7f1d062ca9b9e5c530948d57925ffe","id_apl":"APL01","key":"APOTEK BOOTS PLAZA B"}
2026-04-02 10:51:47 - getOutlet.php - Params - tgl: 2026-04-02, encrypt: 7e7f1d062ca9b9e5c530948d57925ffe, id_apl: APL01, key: APOTEK BOOTS PLAZA B
2026-04-02 03:51:47 - getOutlet.php - === REQUEST GETOUTLET ===
2026-04-02 03:51:47 - getOutlet.php - Method: POST
2026-04-02 03:51:47 - getOutlet.php - POST data: {"tgl":"2026-04-02","encrypt":"7e7f1d062ca9b9e5c530948d57925ffe","id_apl":"APL01","key":"APOTEK BOOTS PL"}
2026-04-02 10:51:47 - getOutlet.php - Params - tgl: 2026-04-02, encrypt: 7e7f1d062ca9b9e5c530948d57925ffe, id_apl: APL01, key: APOTEK BOOTS PL
2026-04-02 03:51:47 - getOutlet.php - === REQUEST GETOUTLET ===
2026-04-02 03:51:47 - getOutlet.php - Method: POST
2026-04-02 03:51:47 - getOutlet.php - POST data: {"tgl":"2026-04-02","encrypt":"7e7f1d062ca9b9e5c530948d57925ffe","id_apl":"APL01","key":"APOTEK BOOTS"}
2026-04-02 10:51:47 - getOutlet.php - Params - tgl: 2026-04-02, encrypt: 7e7f1d062ca9b9e5c530948d57925ffe, id_apl: APL01, key: APOTEK BOOTS
2026-04-02 10:51:50 - getOutlet.php - Aplikasi ditemukan: Ya
2026-04-02 10:51:50 - getOutlet.php - Aplikasi ditemukan: Ya
2026-04-02 10:51:50 - getOutlet.php - Aplikasi ditemukan: Ya
2026-04-02 10:51:50 - getOutlet.php - Key aplikasi: YbcJSFjkds...
2026-04-02 10:51:50 - getOutlet.php - Aplikasi ditemukan: Ya
2026-04-02 10:51:50 - getOutlet.php - Key aplikasi: YbcJSFjkds...
2026-04-02 10:51:50 - getOutlet.php - Key aplikasi: YbcJSFjkds...
2026-04-02 10:51:50 - getOutlet.php - Aplikasi ditemukan: Ya
2026-04-02 10:51:50 - getOutlet.php - Expected encrypt: 7e7f1d062ca9b9e5c530948d57925ffe
2026-04-02 10:51:50 - getOutlet.php - Expected encrypt: 7e7f1d062ca9b9e5c530948d57925ffe
2026-04-02 10:51:50 - getOutlet.php - Expected encrypt: 7e7f1d062ca9b9e5c530948d57925ffe
2026-04-02 10:51:50 - getOutlet.php - Received encrypt: 7e7f1d062ca9b9e5c530948d57925ffe
2026-04-02 10:51:50 - getOutlet.php - Key aplikasi: YbcJSFjkds...
2026-04-02 10:51:50 - getOutlet.php - Aplikasi ditemukan: Ya
2026-04-02 10:51:50 - getOutlet.php - Received encrypt: 7e7f1d062ca9b9e5c530948d57925ffe
2026-04-02 10:51:50 - getOutlet.php - Authentication berhasil
2026-04-02 10:51:50 - getOutlet.php - Key aplikasi: YbcJSFjkds...
2026-04-02 10:51:50 - getOutlet.php - Received encrypt: 7e7f1d062ca9b9e5c530948d57925ffe
2026-04-02 10:51:50 - getOutlet.php - Authentication berhasil
2026-04-02 10:51:50 - getOutlet.php - Expected encrypt: 7e7f1d062ca9b9e5c530948d57925ffe
2026-04-02 10:51:50 - getOutlet.php - Expected encrypt: 7e7f1d062ca9b9e5c530948d57925ffe
2026-04-02 10:51:50 - getOutlet.php - Authentication berhasil
2026-04-02 10:51:50 - getOutlet.php - Key aplikasi: YbcJSFjkds...
2026-04-02 10:51:50 - getOutlet.php - Received encrypt: 7e7f1d062ca9b9e5c530948d57925ffe
2026-04-02 10:51:50 - getOutlet.php - Received encrypt: 7e7f1d062ca9b9e5c530948d57925ffe
2026-04-02 10:51:50 - getOutlet.php - Expected encrypt: 7e7f1d062ca9b9e5c530948d57925ffe
2026-04-02 10:51:50 - getOutlet.php - Authentication berhasil
2026-04-02 10:51:50 - getOutlet.php - Authentication berhasil
2026-04-02 10:51:50 - getOutlet.php - Received encrypt: 7e7f1d062ca9b9e5c530948d57925ffe
2026-04-02 10:51:50 - getOutlet.php - Authentication berhasil
2026-04-02 10:51:50 - getOutlet.php - Aplikasi ditemukan: Ya
2026-04-02 10:51:50 - getOutlet.php - Key aplikasi: YbcJSFjkds...
2026-04-02 10:51:50 - getOutlet.php - Expected encrypt: 7e7f1d062ca9b9e5c530948d57925ffe
2026-04-02 10:51:50 - getOutlet.php - Received encrypt: 7e7f1d062ca9b9e5c530948d57925ffe
2026-04-02 10:51:50 - getOutlet.php - Authentication berhasil
2026-04-02 10:51:50 - getOutlet.php - Query: SELECT id_out, nama_out, '' AS alamat_out, ofcode_out
            FROM outlet 
            WHERE status_out IN ('Active', '1', 'active')
            AND (nama_out LIKE :key OR ofcode_out LIKE :key)
            ORDER BY nama_out ASC
            LIMIT 20
2026-04-02 10:51:50 - getOutlet.php - Aplikasi ditemukan: Ya
2026-04-02 10:51:50 - getOutlet.php - Aplikasi ditemukan: Ya
2026-04-02 10:51:50 - getOutlet.php - Key aplikasi: YbcJSFjkds...
2026-04-02 10:51:50 - getOutlet.php - Key aplikasi: YbcJSFjkds...
2026-04-02 10:51:50 - getOutlet.php - Expected encrypt: 7e7f1d062ca9b9e5c530948d57925ffe
2026-04-02 10:51:50 - getOutlet.php - Aplikasi ditemukan: Ya
2026-04-02 10:51:50 - getOutlet.php - Expected encrypt: 7e7f1d062ca9b9e5c530948d57925ffe
2026-04-02 10:51:50 - getOutlet.php - Received encrypt: 7e7f1d062ca9b9e5c530948d57925ffe
2026-04-02 10:51:50 - getOutlet.php - Authentication berhasil
2026-04-02 10:51:50 - getOutlet.php - Received encrypt: 7e7f1d062ca9b9e5c530948d57925ffe
2026-04-02 10:51:50 - getOutlet.php - Aplikasi ditemukan: Ya
2026-04-02 10:51:50 - getOutlet.php - Key aplikasi: YbcJSFjkds...
2026-04-02 10:51:50 - getOutlet.php - Aplikasi ditemukan: Ya
2026-04-02 10:51:50 - getOutlet.php - Authentication berhasil
2026-04-02 10:51:50 - getOutlet.php - Expected encrypt: 7e7f1d062ca9b9e5c530948d57925ffe
2026-04-02 10:51:50 - getOutlet.php - Key aplikasi: YbcJSFjkds...
2026-04-02 10:51:50 - getOutlet.php - Query: SELECT id_out, nama_out, '' AS alamat_out, ofcode_out
            FROM outlet 
            WHERE status_out IN ('Active', '1', 'active')
            AND (nama_out LIKE :key OR ofcode_out LIKE :key)
            ORDER BY nama_out ASC
            LIMIT 20
2026-04-02 10:51:50 - getOutlet.php - Key aplikasi: YbcJSFjkds...
2026-04-02 10:51:50 - getOutlet.php - Expected encrypt: 7e7f1d062ca9b9e5c530948d57925ffe
2026-04-02 10:51:50 - getOutlet.php - Received encrypt: 7e7f1d062ca9b9e5c530948d57925ffe
2026-04-02 10:51:50 - getOutlet.php - Expected encrypt: 7e7f1d062ca9b9e5c530948d57925ffe
2026-04-02 10:51:50 - getOutlet.php - Received encrypt: 7e7f1d062ca9b9e5c530948d57925ffe
2026-04-02 10:51:50 - getOutlet.php - Authentication berhasil
2026-04-02 10:51:50 - getOutlet.php - Authentication berhasil
2026-04-02 10:51:50 - getOutlet.php - Received encrypt: 7e7f1d062ca9b9e5c530948d57925ffe
2026-04-02 10:51:50 - getOutlet.php - Authentication berhasil
2026-04-02 10:51:50 - getOutlet.php - Aplikasi ditemukan: Ya
2026-04-02 10:51:50 - getOutlet.php - Key aplikasi: YbcJSFjkds...
2026-04-02 10:51:50 - getOutlet.php - Expected encrypt: 7e7f1d062ca9b9e5c530948d57925ffe
2026-04-02 10:51:50 - getOutlet.php - Received encrypt: 7e7f1d062ca9b9e5c530948d57925ffe
2026-04-02 10:51:50 - getOutlet.php - Query berhasil, mengembalikan 2 record
2026-04-02 10:51:50 - getOutlet.php - Query berhasil, mengembalikan 2 record
2026-04-02 10:51:50 - getOutlet.php - Authentication berhasil
2026-04-02 10:51:50 - getOutlet.php - === END REQUEST ===
2026-04-02 10:51:50 - getOutlet.php - === END REQUEST ===
2026-04-02 10:51:50 - getOutlet.php - Query: SELECT id_out, nama_out, '' AS alamat_out, ofcode_out
            FROM outlet 
            WHERE status_out IN ('Active', '1', 'active')
            AND (nama_out LIKE :key OR ofcode_out LIKE :key)
            ORDER BY nama_out ASC
            LIMIT 20
2026-04-02 10:51:50 - getOutlet.php - Query berhasil, mengembalikan 2 record
2026-04-02 10:51:50 - getOutlet.php - Query: SELECT id_out, nama_out, '' AS alamat_out, ofcode_out
            FROM outlet 
            WHERE status_out IN ('Active', '1', 'active')
            AND (nama_out LIKE :key OR ofcode_out LIKE :key)
            ORDER BY nama_out ASC
            LIMIT 20
2026-04-02 10:51:50 - getOutlet.php - === END REQUEST ===
2026-04-02 10:51:50 - getOutlet.php - Query berhasil, mengembalikan 0 record
2026-04-02 10:51:50 - getOutlet.php - === END REQUEST ===
2026-04-02 10:51:50 - getOutlet.php - Query: SELECT id_out, nama_out, '' AS alamat_out, ofcode_out
            FROM outlet 
            WHERE status_out IN ('Active', '1', 'active')
            AND (nama_out LIKE :key OR ofcode_out LIKE :key)
            ORDER BY nama_out ASC
            LIMIT 20
2026-04-02 10:51:50 - getOutlet.php - Query: SELECT id_out, nama_out, '' AS alamat_out, ofcode_out
            FROM outlet 
            WHERE status_out IN ('Active', '1', 'active')
            AND (nama_out LIKE :key OR ofcode_out LIKE :key)
            ORDER BY nama_out ASC
            LIMIT 20
2026-04-02 10:51:50 - getOutlet.php - Query: SELECT id_out, nama_out, '' AS alamat_out, ofcode_out
            FROM outlet 
            WHERE status_out IN ('Active', '1', 'active')
            AND (nama_out LIKE :key OR ofcode_out LIKE :key)
            ORDER BY nama_out ASC
            LIMIT 20
2026-04-02 10:51:50 - getOutlet.php - Query: SELECT id_out, nama_out, '' AS alamat_out, ofcode_out
            FROM outlet 
            WHERE status_out IN ('Active', '1', 'active')
            AND (nama_out LIKE :key OR ofcode_out LIKE :key)
            ORDER BY nama_out ASC
            LIMIT 20
2026-04-02 10:51:50 - getOutlet.php - Query: SELECT id_out, nama_out, '' AS alamat_out, ofcode_out
            FROM outlet 
            WHERE status_out IN ('Active', '1', 'active')
            AND (nama_out LIKE :key OR ofcode_out LIKE :key)
            ORDER BY nama_out ASC
            LIMIT 20
2026-04-02 10:51:50 - getOutlet.php - Query berhasil, mengembalikan 2 record
2026-04-02 10:51:50 - getOutlet.php - Query: SELECT id_out, nama_out, '' AS alamat_out, ofcode_out
            FROM outlet 
            WHERE status_out IN ('Active', '1', 'active')
            AND (nama_out LIKE :key OR ofcode_out LIKE :key)
            ORDER BY nama_out ASC
            LIMIT 20
2026-04-02 10:51:50 - getOutlet.php - === END REQUEST ===
2026-04-02 10:51:50 - getOutlet.php - Query berhasil, mengembalikan 0 record
2026-04-02 10:51:50 - getOutlet.php - === END REQUEST ===
2026-04-02 10:51:50 - getOutlet.php - Query berhasil, mengembalikan 0 record
2026-04-02 10:51:50 - getOutlet.php - === END REQUEST ===
2026-04-02 10:51:50 - getOutlet.php - Query berhasil, mengembalikan 5 record
2026-04-02 10:51:50 - getOutlet.php - === END REQUEST ===
2026-04-02 10:51:50 - getOutlet.php - Query berhasil, mengembalikan 0 record
2026-04-02 10:51:50 - getOutlet.php - === END REQUEST ===
2026-04-02 10:51:50 - getOutlet.php - Query: SELECT id_out, nama_out, '' AS alamat_out, ofcode_out
            FROM outlet 
            WHERE status_out IN ('Active', '1', 'active')
            AND (nama_out LIKE :key OR ofcode_out LIKE :key)
            ORDER BY nama_out ASC
            LIMIT 20
2026-04-02 10:51:50 - getOutlet.php - Query: SELECT id_out, nama_out, '' AS alamat_out, ofcode_out
            FROM outlet 
            WHERE status_out IN ('Active', '1', 'active')
            AND (nama_out LIKE :key OR ofcode_out LIKE :key)
            ORDER BY nama_out ASC
            LIMIT 20
2026-04-02 10:51:50 - getOutlet.php - Query: SELECT id_out, nama_out, '' AS alamat_out, ofcode_out
            FROM outlet 
            WHERE status_out IN ('Active', '1', 'active')
            AND (nama_out LIKE :key OR ofcode_out LIKE :key)
            ORDER BY nama_out ASC
            LIMIT 20
2026-04-02 10:51:50 - getOutlet.php - Query berhasil, mengembalikan 1 record
2026-04-02 10:51:50 - getOutlet.php - === END REQUEST ===
2026-04-02 10:51:50 - getOutlet.php - Query berhasil, mengembalikan 2 record
2026-04-02 10:51:50 - getOutlet.php - === END REQUEST ===
2026-04-02 10:51:50 - getOutlet.php - Query berhasil, mengembalikan 0 record
2026-04-02 10:51:50 - getOutlet.php - Query berhasil, mengembalikan 20 record
2026-04-02 10:51:50 - getOutlet.php - === END REQUEST ===
2026-04-02 10:51:50 - getOutlet.php - === END REQUEST ===
2026-04-02 03:51:50 - getOutlet.php - === REQUEST GETOUTLET ===
2026-04-02 03:51:50 - getOutlet.php - Method: POST
2026-04-02 03:51:50 - getOutlet.php - POST data: {"tgl":"2026-04-02","encrypt":"7e7f1d062ca9b9e5c530948d57925ffe","id_apl":"APL01","key":"APOTEK BOOTS"}
2026-04-02 10:51:50 - getOutlet.php - Params - tgl: 2026-04-02, encrypt: 7e7f1d062ca9b9e5c530948d57925ffe, id_apl: APL01, key: APOTEK BOOTS
2026-04-02 03:51:50 - getOutlet.php - === REQUEST GETOUTLET ===
2026-04-02 03:51:50 - getOutlet.php - Method: POST
2026-04-02 03:51:50 - getOutlet.php - POST data: {"tgl":"2026-04-02","encrypt":"7e7f1d062ca9b9e5c530948d57925ffe","id_apl":"APL01","key":"APOTEK B"}
2026-04-02 10:51:50 - getOutlet.php - Params - tgl: 2026-04-02, encrypt: 7e7f1d062ca9b9e5c530948d57925ffe, id_apl: APL01, key: APOTEK B
2026-04-02 03:51:50 - getOutlet.php - === REQUEST GETOUTLET ===
2026-04-02 03:51:50 - getOutlet.php - Method: POST
2026-04-02 03:51:50 - getOutlet.php - POST data: {"tgl":"2026-04-02","encrypt":"7e7f1d062ca9b9e5c530948d57925ffe","id_apl":"APL01","key":"APOTEK BOOT"}
2026-04-02 10:51:50 - getOutlet.php - Params - tgl: 2026-04-02, encrypt: 7e7f1d062ca9b9e5c530948d57925ffe, id_apl: APL01, key: APOTEK BOOT
2026-04-02 03:51:50 - getOutlet.php - === REQUEST GETOUTLET ===
2026-04-02 03:51:50 - getOutlet.php - Method: POST
2026-04-02 03:51:50 - getOutlet.php - POST data: {"tgl":"2026-04-02","encrypt":"7e7f1d062ca9b9e5c530948d57925ffe","id_apl":"APL01","key":"APOTEK"}
2026-04-02 10:51:50 - getOutlet.php - Params - tgl: 2026-04-02, encrypt: 7e7f1d062ca9b9e5c530948d57925ffe, id_apl: APL01, key: APOTEK
2026-04-02 03:51:50 - getOutlet.php - === REQUEST GETOUTLET ===
2026-04-02 03:51:50 - getOutlet.php - Method: POST
2026-04-02 03:51:50 - getOutlet.php - POST data: {"tgl":"2026-04-02","encrypt":"7e7f1d062ca9b9e5c530948d57925ffe","id_apl":"APL01","key":"APOTEK BO"}
2026-04-02 10:51:50 - getOutlet.php - Params - tgl: 2026-04-02, encrypt: 7e7f1d062ca9b9e5c530948d57925ffe, id_apl: APL01, key: APOTEK BO
2026-04-02 10:51:50 - getOutlet.php - Aplikasi ditemukan: Ya
2026-04-02 10:51:50 - getOutlet.php - Key aplikasi: YbcJSFjkds...
2026-04-02 10:51:50 - getOutlet.php - Expected encrypt: 7e7f1d062ca9b9e5c530948d57925ffe
2026-04-02 10:51:50 - getOutlet.php - Received encrypt: 7e7f1d062ca9b9e5c530948d57925ffe
2026-04-02 10:51:50 - getOutlet.php - Authentication berhasil
2026-04-02 10:51:50 - getOutlet.php - Query: SELECT id_out, nama_out, '' AS alamat_out, ofcode_out
            FROM outlet 
            WHERE status_out IN ('Active', '1', 'active')
            AND (nama_out LIKE :key OR ofcode_out LIKE :key)
            ORDER BY nama_out ASC
            LIMIT 20
2026-04-02 10:51:50 - getOutlet.php - Query berhasil, mengembalikan 20 record
2026-04-02 10:51:50 - getOutlet.php - === END REQUEST ===
2026-04-02 03:51:50 - getOutlet.php - === REQUEST GETOUTLET ===
2026-04-02 03:51:50 - getOutlet.php - Method: POST
2026-04-02 03:51:50 - getOutlet.php - POST data: {"tgl":"2026-04-02","encrypt":"7e7f1d062ca9b9e5c530948d57925ffe","id_apl":"APL01","key":"APOTEK"}
2026-04-02 10:51:50 - getOutlet.php - Params - tgl: 2026-04-02, encrypt: 7e7f1d062ca9b9e5c530948d57925ffe, id_apl: APL01, key: APOTEK
2026-04-02 10:51:50 - getOutlet.php - Aplikasi ditemukan: Ya
2026-04-02 10:51:50 - getOutlet.php - Key aplikasi: YbcJSFjkds...
2026-04-02 10:51:50 - getOutlet.php - Expected encrypt: 7e7f1d062ca9b9e5c530948d57925ffe
2026-04-02 10:51:50 - getOutlet.php - Received encrypt: 7e7f1d062ca9b9e5c530948d57925ffe
2026-04-02 10:51:50 - getOutlet.php - Authentication berhasil
2026-04-02 10:51:50 - getOutlet.php - Query: SELECT id_out, nama_out, '' AS alamat_out, ofcode_out
            FROM outlet 
            WHERE status_out IN ('Active', '1', 'active')
            AND (nama_out LIKE :key OR ofcode_out LIKE :key)
            ORDER BY nama_out ASC
            LIMIT 20
2026-04-02 10:51:50 - getOutlet.php - Query berhasil, mengembalikan 20 record
2026-04-02 10:51:50 - getOutlet.php - === END REQUEST ===
2026-04-02 10:51:51 - getOutlet.php - Aplikasi ditemukan: Ya
2026-04-02 10:51:51 - getOutlet.php - Key aplikasi: YbcJSFjkds...
2026-04-02 10:51:51 - getOutlet.php - Expected encrypt: 7e7f1d062ca9b9e5c530948d57925ffe
2026-04-02 10:51:51 - getOutlet.php - Received encrypt: 7e7f1d062ca9b9e5c530948d57925ffe
2026-04-02 10:51:51 - getOutlet.php - Authentication berhasil
2026-04-02 10:51:51 - getOutlet.php - Query: SELECT id_out, nama_out, '' AS alamat_out, ofcode_out
            FROM outlet 
            WHERE status_out IN ('Active', '1', 'active')
            AND (nama_out LIKE :key OR ofcode_out LIKE :key)
            ORDER BY nama_out ASC
            LIMIT 20
2026-04-02 10:51:51 - getOutlet.php - Query berhasil, mengembalikan 20 record
2026-04-02 10:51:51 - getOutlet.php - === END REQUEST ===
2026-04-02 10:51:51 - getOutlet.php - Aplikasi ditemukan: Ya
2026-04-02 10:51:51 - getOutlet.php - Key aplikasi: YbcJSFjkds...
2026-04-02 10:51:51 - getOutlet.php - Expected encrypt: 7e7f1d062ca9b9e5c530948d57925ffe
2026-04-02 10:51:51 - getOutlet.php - Received encrypt: 7e7f1d062ca9b9e5c530948d57925ffe
2026-04-02 10:51:51 - getOutlet.php - Authentication berhasil
2026-04-02 10:51:51 - getOutlet.php - Query: SELECT id_out, nama_out, '' AS alamat_out, ofcode_out
            FROM outlet 
            WHERE status_out IN ('Active', '1', 'active')
            AND (nama_out LIKE :key OR ofcode_out LIKE :key)
            ORDER BY nama_out ASC
            LIMIT 20
2026-04-02 10:51:51 - getOutlet.php - Query berhasil, mengembalikan 20 record
2026-04-02 10:51:51 - getOutlet.php - === END REQUEST ===
2026-04-02 10:51:51 - getOutlet.php - Aplikasi ditemukan: Ya
2026-04-02 10:51:51 - getOutlet.php - Key aplikasi: YbcJSFjkds...
2026-04-02 10:51:51 - getOutlet.php - Expected encrypt: 7e7f1d062ca9b9e5c530948d57925ffe
2026-04-02 10:51:51 - getOutlet.php - Received encrypt: 7e7f1d062ca9b9e5c530948d57925ffe
2026-04-02 10:51:51 - getOutlet.php - Authentication berhasil
2026-04-02 10:51:51 - getOutlet.php - Query: SELECT id_out, nama_out, '' AS alamat_out, ofcode_out
            FROM outlet 
            WHERE status_out IN ('Active', '1', 'active')
            AND (nama_out LIKE :key OR ofcode_out LIKE :key)
            ORDER BY nama_out ASC
            LIMIT 20
2026-04-02 10:51:51 - getOutlet.php - Query berhasil, mengembalikan 20 record
2026-04-02 10:51:51 - getOutlet.php - === END REQUEST ===
2026-04-02 10:51:51 - getOutlet.php - Aplikasi ditemukan: Ya
2026-04-02 10:51:51 - getOutlet.php - Key aplikasi: YbcJSFjkds...
2026-04-02 10:51:51 - getOutlet.php - Expected encrypt: 7e7f1d062ca9b9e5c530948d57925ffe
2026-04-02 10:51:51 - getOutlet.php - Received encrypt: 7e7f1d062ca9b9e5c530948d57925ffe
2026-04-02 10:51:51 - getOutlet.php - Authentication berhasil
2026-04-02 10:51:51 - getOutlet.php - Query: SELECT id_out, nama_out, '' AS alamat_out, ofcode_out
            FROM outlet 
            WHERE status_out IN ('Active', '1', 'active')
            AND (nama_out LIKE :key OR ofcode_out LIKE :key)
            ORDER BY nama_out ASC
            LIMIT 20
2026-04-02 10:51:51 - getOutlet.php - Query berhasil, mengembalikan 20 record
2026-04-02 10:51:51 - getOutlet.php - === END REQUEST ===
2026-04-02 03:51:52 - getOutlet.php - === REQUEST GETOUTLET ===
2026-04-02 03:51:52 - getOutlet.php - Method: POST
2026-04-02 03:51:52 - getOutlet.php - POST data: {"tgl":"2026-04-02","encrypt":"7e7f1d062ca9b9e5c530948d57925ffe","id_apl":"APL01","key":"APOTEK BOO"}
2026-04-02 10:51:52 - getOutlet.php - Params - tgl: 2026-04-02, encrypt: 7e7f1d062ca9b9e5c530948d57925ffe, id_apl: APL01, key: APOTEK BOO
2026-04-02 03:51:52 - getOutlet.php - === REQUEST GETOUTLET ===
2026-04-02 03:51:52 - getOutlet.php - Method: POST
2026-04-02 03:51:52 - getOutlet.php - POST data: {"tgl":"2026-04-02","encrypt":"7e7f1d062ca9b9e5c530948d57925ffe","id_apl":"APL01","key":"AP"}
2026-04-02 10:51:52 - getOutlet.php - Params - tgl: 2026-04-02, encrypt: 7e7f1d062ca9b9e5c530948d57925ffe, id_apl: APL01, key: AP
2026-04-02 10:51:52 - getOutlet.php - Aplikasi ditemukan: Ya
2026-04-02 10:51:52 - getOutlet.php - Key aplikasi: YbcJSFjkds...
2026-04-02 10:51:52 - getOutlet.php - Expected encrypt: 7e7f1d062ca9b9e5c530948d57925ffe
2026-04-02 10:51:52 - getOutlet.php - Received encrypt: 7e7f1d062ca9b9e5c530948d57925ffe
2026-04-02 10:51:52 - getOutlet.php - Authentication berhasil
2026-04-02 10:51:52 - getOutlet.php - Query: SELECT id_out, nama_out, '' AS alamat_out, ofcode_out
            FROM outlet 
            WHERE status_out IN ('Active', '1', 'active')
            AND (nama_out LIKE :key OR ofcode_out LIKE :key)
            ORDER BY nama_out ASC
            LIMIT 20
2026-04-02 10:51:52 - getOutlet.php - Query berhasil, mengembalikan 20 record
2026-04-02 10:51:52 - getOutlet.php - === END REQUEST ===
2026-04-02 03:51:52 - getOutlet.php - === REQUEST GETOUTLET ===
2026-04-02 03:51:52 - getOutlet.php - Method: POST
2026-04-02 03:51:52 - getOutlet.php - POST data: {"tgl":"2026-04-02","encrypt":"7e7f1d062ca9b9e5c530948d57925ffe","id_apl":"APL01","key":"Bo"}
2026-04-02 10:51:52 - getOutlet.php - Params - tgl: 2026-04-02, encrypt: 7e7f1d062ca9b9e5c530948d57925ffe, id_apl: APL01, key: Bo
2026-04-02 10:51:52 - getOutlet.php - Aplikasi ditemukan: Ya
2026-04-02 10:51:52 - getOutlet.php - Key aplikasi: YbcJSFjkds...
2026-04-02 10:51:52 - getOutlet.php - Expected encrypt: 7e7f1d062ca9b9e5c530948d57925ffe
2026-04-02 10:51:52 - getOutlet.php - Received encrypt: 7e7f1d062ca9b9e5c530948d57925ffe
2026-04-02 10:51:52 - getOutlet.php - Authentication berhasil
2026-04-02 10:51:52 - getOutlet.php - Aplikasi ditemukan: Ya
2026-04-02 10:51:52 - getOutlet.php - Key aplikasi: YbcJSFjkds...
2026-04-02 10:51:52 - getOutlet.php - Expected encrypt: 7e7f1d062ca9b9e5c530948d57925ffe
2026-04-02 10:51:52 - getOutlet.php - Received encrypt: 7e7f1d062ca9b9e5c530948d57925ffe
2026-04-02 10:51:52 - getOutlet.php - Authentication berhasil
2026-04-02 03:51:52 - getOutlet.php - === REQUEST GETOUTLET ===
2026-04-02 03:51:52 - getOutlet.php - Method: POST
2026-04-02 03:51:52 - getOutlet.php - POST data: {"tgl":"2026-04-02","encrypt":"7e7f1d062ca9b9e5c530948d57925ffe","id_apl":"APL01","key":"Boots plaz"}
2026-04-02 10:51:52 - getOutlet.php - Query: SELECT id_out, nama_out, '' AS alamat_out, ofcode_out
            FROM outlet 
            WHERE status_out IN ('Active', '1', 'active')
            AND (nama_out LIKE :key OR ofcode_out LIKE :key)
            ORDER BY nama_out ASC
            LIMIT 20
2026-04-02 10:51:52 - getOutlet.php - Params - tgl: 2026-04-02, encrypt: 7e7f1d062ca9b9e5c530948d57925ffe, id_apl: APL01, key: Boots plaz
2026-04-02 10:51:52 - getOutlet.php - Query berhasil, mengembalikan 20 record
2026-04-02 10:51:52 - getOutlet.php - === END REQUEST ===
2026-04-02 03:51:52 - getOutlet.php - === REQUEST GETOUTLET ===
2026-04-02 03:51:52 - getOutlet.php - Method: POST
2026-04-02 03:51:52 - getOutlet.php - POST data: {"tgl":"2026-04-02","encrypt":"7e7f1d062ca9b9e5c530948d57925ffe","id_apl":"APL01","key":"Boots pla"}
2026-04-02 10:51:52 - getOutlet.php - Params - tgl: 2026-04-02, encrypt: 7e7f1d062ca9b9e5c530948d57925ffe, id_apl: APL01, key: Boots pla
2026-04-02 03:51:52 - getOutlet.php - === REQUEST GETOUTLET ===
2026-04-02 03:51:52 - getOutlet.php - Method: POST
2026-04-02 03:51:52 - getOutlet.php - POST data: {"tgl":"2026-04-02","encrypt":"7e7f1d062ca9b9e5c530948d57925ffe","id_apl":"APL01","key":"Boo"}
2026-04-02 10:51:52 - getOutlet.php - Params - tgl: 2026-04-02, encrypt: 7e7f1d062ca9b9e5c530948d57925ffe, id_apl: APL01, key: Boo
2026-04-02 03:51:52 - getOutlet.php - === REQUEST GETOUTLET ===
2026-04-02 03:51:52 - getOutlet.php - Method: POST
2026-04-02 03:51:52 - getOutlet.php - POST data: {"tgl":"2026-04-02","encrypt":"7e7f1d062ca9b9e5c530948d57925ffe","id_apl":"APL01","key":"Boots p"}
2026-04-02 10:51:52 - getOutlet.php - Params - tgl: 2026-04-02, encrypt: 7e7f1d062ca9b9e5c530948d57925ffe, id_apl: APL01, key: Boots p
2026-04-02 03:51:52 - getOutlet.php - === REQUEST GETOUTLET ===
2026-04-02 03:51:52 - getOutlet.php - Method: POST
2026-04-02 03:51:52 - getOutlet.php - POST data: {"tgl":"2026-04-02","encrypt":"7e7f1d062ca9b9e5c530948d57925ffe","id_apl":"APL01","key":"Boots"}
2026-04-02 10:51:52 - getOutlet.php - Params - tgl: 2026-04-02, encrypt: 7e7f1d062ca9b9e5c530948d57925ffe, id_apl: APL01, key: Boots
2026-04-02 03:51:52 - getOutlet.php - === REQUEST GETOUTLET ===
2026-04-02 03:51:52 - getOutlet.php - Method: POST
2026-04-02 03:51:52 - getOutlet.php - POST data: {"tgl":"2026-04-02","encrypt":"7e7f1d062ca9b9e5c530948d57925ffe","id_apl":"APL01","key":"APOT"}
2026-04-02 10:51:52 - getOutlet.php - Params - tgl: 2026-04-02, encrypt: 7e7f1d062ca9b9e5c530948d57925ffe, id_apl: APL01, key: APOT
2026-04-02 10:51:52 - getOutlet.php - Query: SELECT id_out, nama_out, '' AS alamat_out, ofcode_out
            FROM outlet 
            WHERE status_out IN ('Active', '1', 'active')
            AND (nama_out LIKE :key OR ofcode_out LIKE :key)
            ORDER BY nama_out ASC
            LIMIT 20
2026-04-02 03:51:52 - getOutlet.php - === REQUEST GETOUTLET ===
2026-04-02 03:51:52 - getOutlet.php - Method: POST
2026-04-02 03:51:52 - getOutlet.php - POST data: {"tgl":"2026-04-02","encrypt":"7e7f1d062ca9b9e5c530948d57925ffe","id_apl":"APL01","key":"Boots plaza"}
2026-04-02 10:51:52 - getOutlet.php - Params - tgl: 2026-04-02, encrypt: 7e7f1d062ca9b9e5c530948d57925ffe, id_apl: APL01, key: Boots plaza
2026-04-02 03:51:52 - getOutlet.php - === REQUEST GETOUTLET ===
2026-04-02 03:51:52 - getOutlet.php - Method: POST
2026-04-02 03:51:52 - getOutlet.php - POST data: {"tgl":"2026-04-02","encrypt":"7e7f1d062ca9b9e5c530948d57925ffe","id_apl":"APL01","key":"Boots"}
2026-04-02 10:51:52 - getOutlet.php - Params - tgl: 2026-04-02, encrypt: 7e7f1d062ca9b9e5c530948d57925ffe, id_apl: APL01, key: Boots
2026-04-02 10:51:52 - getOutlet.php - Query berhasil, mengembalikan 20 record
2026-04-02 10:51:52 - getOutlet.php - === END REQUEST ===
2026-04-02 03:51:52 - getOutlet.php - === REQUEST GETOUTLET ===
2026-04-02 03:51:52 - getOutlet.php - Method: POST
2026-04-02 03:51:52 - getOutlet.php - POST data: {"tgl":"2026-04-02","encrypt":"7e7f1d062ca9b9e5c530948d57925ffe","id_apl":"APL01","key":"Boots"}
2026-04-02 10:51:52 - getOutlet.php - Params - tgl: 2026-04-02, encrypt: 7e7f1d062ca9b9e5c530948d57925ffe, id_apl: APL01, key: Boots
2026-04-02 10:51:52 - getOutlet.php - Aplikasi ditemukan: Ya
2026-04-02 10:51:52 - getOutlet.php - Key aplikasi: YbcJSFjkds...
2026-04-02 10:51:52 - getOutlet.php - Expected encrypt: 7e7f1d062ca9b9e5c530948d57925ffe
2026-04-02 10:51:52 - getOutlet.php - Received encrypt: 7e7f1d062ca9b9e5c530948d57925ffe
2026-04-02 10:51:52 - getOutlet.php - Authentication berhasil
2026-04-02 10:51:52 - getOutlet.php - Aplikasi ditemukan: Ya
2026-04-02 10:51:52 - getOutlet.php - Key aplikasi: YbcJSFjkds...
2026-04-02 10:51:52 - getOutlet.php - Expected encrypt: 7e7f1d062ca9b9e5c530948d57925ffe
2026-04-02 10:51:52 - getOutlet.php - Received encrypt: 7e7f1d062ca9b9e5c530948d57925ffe
2026-04-02 10:51:52 - getOutlet.php - Authentication berhasil
2026-04-02 10:51:52 - getOutlet.php - Query: SELECT id_out, nama_out, '' AS alamat_out, ofcode_out
            FROM outlet 
            WHERE status_out IN ('Active', '1', 'active')
            AND (nama_out LIKE :key OR ofcode_out LIKE :key)
            ORDER BY nama_out ASC
            LIMIT 20
2026-04-02 10:51:52 - getOutlet.php - Query berhasil, mengembalikan 20 record
2026-04-02 10:51:52 - getOutlet.php - === END REQUEST ===
2026-04-02 10:51:52 - getOutlet.php - Query: SELECT id_out, nama_out, '' AS alamat_out, ofcode_out
            FROM outlet 
            WHERE status_out IN ('Active', '1', 'active')
            AND (nama_out LIKE :key OR ofcode_out LIKE :key)
            ORDER BY nama_out ASC
            LIMIT 20
2026-04-02 10:51:52 - getOutlet.php - Query berhasil, mengembalikan 2 record
2026-04-02 10:51:52 - getOutlet.php - === END REQUEST ===
2026-04-02 03:51:52 - getOutlet.php - === REQUEST GETOUTLET ===
2026-04-02 03:51:52 - getOutlet.php - Method: POST
2026-04-02 03:51:52 - getOutlet.php - POST data: {"tgl":"2026-04-02","encrypt":"7e7f1d062ca9b9e5c530948d57925ffe","id_apl":"APL01","key":"Boots pl"}
2026-04-02 10:51:52 - getOutlet.php - Params - tgl: 2026-04-02, encrypt: 7e7f1d062ca9b9e5c530948d57925ffe, id_apl: APL01, key: Boots pl
2026-04-02 10:51:52 - getOutlet.php - Aplikasi ditemukan: Ya
2026-04-02 10:51:52 - getOutlet.php - Key aplikasi: YbcJSFjkds...
2026-04-02 10:51:52 - getOutlet.php - Expected encrypt: 7e7f1d062ca9b9e5c530948d57925ffe
2026-04-02 10:51:52 - getOutlet.php - Received encrypt: 7e7f1d062ca9b9e5c530948d57925ffe
2026-04-02 10:51:52 - getOutlet.php - Authentication berhasil
2026-04-02 10:51:52 - getOutlet.php - Aplikasi ditemukan: Ya
2026-04-02 10:51:52 - getOutlet.php - Key aplikasi: YbcJSFjkds...
2026-04-02 10:51:52 - getOutlet.php - Expected encrypt: 7e7f1d062ca9b9e5c530948d57925ffe
2026-04-02 10:51:52 - getOutlet.php - Received encrypt: 7e7f1d062ca9b9e5c530948d57925ffe
2026-04-02 10:51:52 - getOutlet.php - Authentication berhasil
2026-04-02 10:51:52 - getOutlet.php - Query: SELECT id_out, nama_out, '' AS alamat_out, ofcode_out
            FROM outlet 
            WHERE status_out IN ('Active', '1', 'active')
            AND (nama_out LIKE :key OR ofcode_out LIKE :key)
            ORDER BY nama_out ASC
            LIMIT 20
2026-04-02 10:51:52 - getOutlet.php - Query berhasil, mengembalikan 2 record
2026-04-02 10:51:52 - getOutlet.php - === END REQUEST ===
2026-04-02 03:51:52 - getOutlet.php - === REQUEST GETOUTLET ===
2026-04-02 10:51:52 - getOutlet.php - Aplikasi ditemukan: Ya
2026-04-02 10:51:52 - getOutlet.php - Key aplikasi: YbcJSFjkds...
2026-04-02 10:51:52 - getOutlet.php - Expected encrypt: 7e7f1d062ca9b9e5c530948d57925ffe
2026-04-02 10:51:52 - getOutlet.php - Received encrypt: 7e7f1d062ca9b9e5c530948d57925ffe
2026-04-02 10:51:52 - getOutlet.php - Authentication berhasil
2026-04-02 10:51:52 - getOutlet.php - Aplikasi ditemukan: Ya
2026-04-02 10:51:52 - getOutlet.php - Key aplikasi: YbcJSFjkds...
2026-04-02 10:51:52 - getOutlet.php - Expected encrypt: 7e7f1d062ca9b9e5c530948d57925ffe
2026-04-02 10:51:52 - getOutlet.php - Received encrypt: 7e7f1d062ca9b9e5c530948d57925ffe
2026-04-02 10:51:52 - getOutlet.php - Authentication berhasil
2026-04-02 03:51:52 - getOutlet.php - Method: POST
2026-04-02 03:51:52 - getOutlet.php - POST data: {"tgl":"2026-04-02","encrypt":"7e7f1d062ca9b9e5c530948d57925ffe","id_apl":"APL01","key":"Boot"}
2026-04-02 10:51:52 - getOutlet.php - Params - tgl: 2026-04-02, encrypt: 7e7f1d062ca9b9e5c530948d57925ffe, id_apl: APL01, key: Boot
2026-04-02 10:51:52 - getOutlet.php - Query: SELECT id_out, nama_out, '' AS alamat_out, ofcode_out
            FROM outlet 
            WHERE status_out IN ('Active', '1', 'active')
            AND (nama_out LIKE :key OR ofcode_out LIKE :key)
            ORDER BY nama_out ASC
            LIMIT 20
2026-04-02 10:51:52 - getOutlet.php - Query berhasil, mengembalikan 20 record
2026-04-02 10:51:52 - getOutlet.php - === END REQUEST ===
2026-04-02 10:51:52 - getOutlet.php - Query: SELECT id_out, nama_out, '' AS alamat_out, ofcode_out
            FROM outlet 
            WHERE status_out IN ('Active', '1', 'active')
            AND (nama_out LIKE :key OR ofcode_out LIKE :key)
            ORDER BY nama_out ASC
            LIMIT 20
2026-04-02 10:51:52 - getOutlet.php - Query berhasil, mengembalikan 5 record
2026-04-02 10:51:52 - getOutlet.php - === END REQUEST ===
2026-04-02 10:51:52 - getOutlet.php - Aplikasi ditemukan: Ya
2026-04-02 10:51:52 - getOutlet.php - Key aplikasi: YbcJSFjkds...
2026-04-02 10:51:52 - getOutlet.php - Expected encrypt: 7e7f1d062ca9b9e5c530948d57925ffe
2026-04-02 10:51:52 - getOutlet.php - Received encrypt: 7e7f1d062ca9b9e5c530948d57925ffe
2026-04-02 10:51:52 - getOutlet.php - Authentication berhasil
2026-04-02 10:51:52 - getOutlet.php - Aplikasi ditemukan: Ya
2026-04-02 10:51:52 - getOutlet.php - Key aplikasi: YbcJSFjkds...
2026-04-02 10:51:52 - getOutlet.php - Expected encrypt: 7e7f1d062ca9b9e5c530948d57925ffe
2026-04-02 10:51:52 - getOutlet.php - Received encrypt: 7e7f1d062ca9b9e5c530948d57925ffe
2026-04-02 10:51:52 - getOutlet.php - Authentication berhasil
2026-04-02 10:51:52 - getOutlet.php - Query: SELECT id_out, nama_out, '' AS alamat_out, ofcode_out
            FROM outlet 
            WHERE status_out IN ('Active', '1', 'active')
            AND (nama_out LIKE :key OR ofcode_out LIKE :key)
            ORDER BY nama_out ASC
            LIMIT 20
2026-04-02 10:51:52 - getOutlet.php - Query berhasil, mengembalikan 20 record
2026-04-02 10:51:52 - getOutlet.php - === END REQUEST ===
2026-04-02 10:51:52 - getOutlet.php - Query: SELECT id_out, nama_out, '' AS alamat_out, ofcode_out
            FROM outlet 
            WHERE status_out IN ('Active', '1', 'active')
            AND (nama_out LIKE :key OR ofcode_out LIKE :key)
            ORDER BY nama_out ASC
            LIMIT 20
2026-04-02 10:51:52 - getOutlet.php - Query berhasil, mengembalikan 20 record
2026-04-02 10:51:52 - getOutlet.php - === END REQUEST ===
2026-04-02 10:51:52 - getOutlet.php - Aplikasi ditemukan: Ya
2026-04-02 10:51:52 - getOutlet.php - Key aplikasi: YbcJSFjkds...
2026-04-02 10:51:52 - getOutlet.php - Expected encrypt: 7e7f1d062ca9b9e5c530948d57925ffe
2026-04-02 10:51:52 - getOutlet.php - Received encrypt: 7e7f1d062ca9b9e5c530948d57925ffe
2026-04-02 10:51:52 - getOutlet.php - Authentication berhasil
2026-04-02 10:51:52 - getOutlet.php - Aplikasi ditemukan: Ya
2026-04-02 10:51:52 - getOutlet.php - Key aplikasi: YbcJSFjkds...
2026-04-02 10:51:52 - getOutlet.php - Expected encrypt: 7e7f1d062ca9b9e5c530948d57925ffe
2026-04-02 10:51:52 - getOutlet.php - Received encrypt: 7e7f1d062ca9b9e5c530948d57925ffe
2026-04-02 10:51:52 - getOutlet.php - Authentication berhasil
2026-04-02 10:51:52 - getOutlet.php - Query: SELECT id_out, nama_out, '' AS alamat_out, ofcode_out
            FROM outlet 
            WHERE status_out IN ('Active', '1', 'active')
            AND (nama_out LIKE :key OR ofcode_out LIKE :key)
            ORDER BY nama_out ASC
            LIMIT 20
2026-04-02 10:51:52 - getOutlet.php - Query: SELECT id_out, nama_out, '' AS alamat_out, ofcode_out
            FROM outlet 
            WHERE status_out IN ('Active', '1', 'active')
            AND (nama_out LIKE :key OR ofcode_out LIKE :key)
            ORDER BY nama_out ASC
            LIMIT 20
2026-04-02 10:51:52 - getOutlet.php - Query berhasil, mengembalikan 20 record
2026-04-02 10:51:52 - getOutlet.php - Query berhasil, mengembalikan 2 record
2026-04-02 10:51:52 - getOutlet.php - === END REQUEST ===
2026-04-02 10:51:52 - getOutlet.php - === END REQUEST ===
2026-04-02 10:51:52 - getOutlet.php - Aplikasi ditemukan: Ya
2026-04-02 10:51:52 - getOutlet.php - Key aplikasi: YbcJSFjkds...
2026-04-02 10:51:52 - getOutlet.php - Expected encrypt: 7e7f1d062ca9b9e5c530948d57925ffe
2026-04-02 10:51:52 - getOutlet.php - Received encrypt: 7e7f1d062ca9b9e5c530948d57925ffe
2026-04-02 10:51:52 - getOutlet.php - Authentication berhasil
2026-04-02 03:51:52 - getOutlet.php - === REQUEST GETOUTLET ===
2026-04-02 03:51:52 - getOutlet.php - Method: POST
2026-04-02 03:51:52 - getOutlet.php - POST data: {"tgl":"2026-04-02","encrypt":"7e7f1d062ca9b9e5c530948d57925ffe","id_apl":"APL01","key":"Boots plaza"}
2026-04-02 10:51:52 - getOutlet.php - Params - tgl: 2026-04-02, encrypt: 7e7f1d062ca9b9e5c530948d57925ffe, id_apl: APL01, key: Boots plaza
2026-04-02 10:51:52 - getOutlet.php - Aplikasi ditemukan: Ya
2026-04-02 10:51:52 - getOutlet.php - Key aplikasi: YbcJSFjkds...
2026-04-02 10:51:52 - getOutlet.php - Expected encrypt: 7e7f1d062ca9b9e5c530948d57925ffe
2026-04-02 10:51:52 - getOutlet.php - Received encrypt: 7e7f1d062ca9b9e5c530948d57925ffe
2026-04-02 10:51:52 - getOutlet.php - Authentication berhasil
2026-04-02 10:51:52 - getOutlet.php - Query: SELECT id_out, nama_out, '' AS alamat_out, ofcode_out
            FROM outlet 
            WHERE status_out IN ('Active', '1', 'active')
            AND (nama_out LIKE :key OR ofcode_out LIKE :key)
            ORDER BY nama_out ASC
            LIMIT 20
2026-04-02 10:51:52 - getOutlet.php - Query berhasil, mengembalikan 2 record
2026-04-02 10:51:52 - getOutlet.php - === END REQUEST ===
2026-04-02 03:51:52 - getOutlet.php - === REQUEST GETOUTLET ===
2026-04-02 03:51:52 - getOutlet.php - Method: POST
2026-04-02 03:51:52 - getOutlet.php - POST data: {"tgl":"2026-04-02","encrypt":"7e7f1d062ca9b9e5c530948d57925ffe","id_apl":"APL01","key":"Boots plaza"}
2026-04-02 10:51:52 - getOutlet.php - Params - tgl: 2026-04-02, encrypt: 7e7f1d062ca9b9e5c530948d57925ffe, id_apl: APL01, key: Boots plaza
2026-04-02 10:51:52 - getOutlet.php - Aplikasi ditemukan: Ya
2026-04-02 10:51:52 - getOutlet.php - Key aplikasi: YbcJSFjkds...
2026-04-02 10:51:52 - getOutlet.php - Expected encrypt: 7e7f1d062ca9b9e5c530948d57925ffe
2026-04-02 10:51:52 - getOutlet.php - Received encrypt: 7e7f1d062ca9b9e5c530948d57925ffe
2026-04-02 10:51:52 - getOutlet.php - Authentication berhasil
2026-04-02 10:51:52 - getOutlet.php - Query: SELECT id_out, nama_out, '' AS alamat_out, ofcode_out
            FROM outlet 
            WHERE status_out IN ('Active', '1', 'active')
            AND (nama_out LIKE :key OR ofcode_out LIKE :key)
            ORDER BY nama_out ASC
            LIMIT 20
2026-04-02 10:51:52 - getOutlet.php - Query berhasil, mengembalikan 2 record
2026-04-02 10:51:52 - getOutlet.php - === END REQUEST ===
2026-04-02 10:51:53 - getOutlet.php - Query: SELECT id_out, nama_out, '' AS alamat_out, ofcode_out
            FROM outlet 
            WHERE status_out IN ('Active', '1', 'active')
            AND (nama_out LIKE :key OR ofcode_out LIKE :key)
            ORDER BY nama_out ASC
            LIMIT 20
2026-04-02 10:51:53 - getOutlet.php - Query: SELECT id_out, nama_out, '' AS alamat_out, ofcode_out
            FROM outlet 
            WHERE status_out IN ('Active', '1', 'active')
            AND (nama_out LIKE :key OR ofcode_out LIKE :key)
            ORDER BY nama_out ASC
            LIMIT 20
2026-04-02 10:51:53 - getOutlet.php - Query berhasil, mengembalikan 20 record
2026-04-02 10:51:53 - getOutlet.php - === END REQUEST ===
2026-04-02 10:51:53 - getOutlet.php - Query berhasil, mengembalikan 2 record
2026-04-02 10:51:53 - getOutlet.php - === END REQUEST ===
2026-04-02 03:51:54 - getOutlet.php - === REQUEST GETOUTLET ===
2026-04-02 03:51:54 - getOutlet.php - Method: POST
2026-04-02 03:51:54 - getOutlet.php - POST data: {"tgl":"2026-04-02","encrypt":"7e7f1d062ca9b9e5c530948d57925ffe","id_apl":"APL01","key":"APOTEK BOOTS PLAZA BINTARO"}
2026-04-02 10:51:54 - getOutlet.php - Params - tgl: 2026-04-02, encrypt: 7e7f1d062ca9b9e5c530948d57925ffe, id_apl: APL01, key: APOTEK BOOTS PLAZA BINTARO
2026-04-02 10:51:54 - getOutlet.php - Aplikasi ditemukan: Ya
2026-04-02 10:51:54 - getOutlet.php - Key aplikasi: YbcJSFjkds...
2026-04-02 10:51:54 - getOutlet.php - Expected encrypt: 7e7f1d062ca9b9e5c530948d57925ffe
2026-04-02 10:51:54 - getOutlet.php - Received encrypt: 7e7f1d062ca9b9e5c530948d57925ffe
2026-04-02 10:51:54 - getOutlet.php - Authentication berhasil
2026-04-02 10:51:54 - getOutlet.php - Query: SELECT id_out, nama_out, '' AS alamat_out, ofcode_out
            FROM outlet 
            WHERE status_out IN ('Active', '1', 'active')
            AND (nama_out LIKE :key OR ofcode_out LIKE :key)
            ORDER BY nama_out ASC
            LIMIT 20
2026-04-02 10:51:54 - getOutlet.php - Query berhasil, mengembalikan 0 record
2026-04-02 10:51:54 - getOutlet.php - === END REQUEST ===
2026-04-02 03:52:53 - getOutlet.php - === REQUEST GETOUTLET ===
2026-04-02 03:52:53 - getOutlet.php - Method: POST
2026-04-02 03:52:53 - getOutlet.php - POST data: {"tgl":"2026-04-02","encrypt":"7e7f1d062ca9b9e5c530948d57925ffe","id_apl":"APL01","key":"Bo"}
2026-04-02 10:52:53 - getOutlet.php - Params - tgl: 2026-04-02, encrypt: 7e7f1d062ca9b9e5c530948d57925ffe, id_apl: APL01, key: Bo
2026-04-02 10:52:53 - getOutlet.php - Aplikasi ditemukan: Ya
2026-04-02 10:52:53 - getOutlet.php - Key aplikasi: YbcJSFjkds...
2026-04-02 10:52:53 - getOutlet.php - Expected encrypt: 7e7f1d062ca9b9e5c530948d57925ffe
2026-04-02 10:52:53 - getOutlet.php - Received encrypt: 7e7f1d062ca9b9e5c530948d57925ffe
2026-04-02 10:52:53 - getOutlet.php - Authentication berhasil
2026-04-02 10:52:53 - getOutlet.php - Query: SELECT id_out, nama_out, '' AS alamat_out, ofcode_out
            FROM outlet 
            WHERE status_out IN ('Active', '1', 'active')
            AND (nama_out LIKE :key OR ofcode_out LIKE :key)
            ORDER BY nama_out ASC
            LIMIT 20
2026-04-02 10:52:53 - getOutlet.php - Query berhasil, mengembalikan 20 record
2026-04-02 10:52:53 - getOutlet.php - === END REQUEST ===
2026-04-02 03:52:53 - getOutlet.php - === REQUEST GETOUTLET ===
2026-04-02 03:52:53 - getOutlet.php - Method: POST
2026-04-02 03:52:53 - getOutlet.php - POST data: {"tgl":"2026-04-02","encrypt":"7e7f1d062ca9b9e5c530948d57925ffe","id_apl":"APL01","key":"Boo"}
2026-04-02 10:52:53 - getOutlet.php - Params - tgl: 2026-04-02, encrypt: 7e7f1d062ca9b9e5c530948d57925ffe, id_apl: APL01, key: Boo
2026-04-02 10:52:53 - getOutlet.php - Aplikasi ditemukan: Ya
2026-04-02 10:52:53 - getOutlet.php - Key aplikasi: YbcJSFjkds...
2026-04-02 10:52:53 - getOutlet.php - Expected encrypt: 7e7f1d062ca9b9e5c530948d57925ffe
2026-04-02 10:52:53 - getOutlet.php - Received encrypt: 7e7f1d062ca9b9e5c530948d57925ffe
2026-04-02 10:52:53 - getOutlet.php - Authentication berhasil
2026-04-02 10:52:53 - getOutlet.php - Query: SELECT id_out, nama_out, '' AS alamat_out, ofcode_out
            FROM outlet 
            WHERE status_out IN ('Active', '1', 'active')
            AND (nama_out LIKE :key OR ofcode_out LIKE :key)
            ORDER BY nama_out ASC
            LIMIT 20
2026-04-02 10:52:53 - getOutlet.php - Query berhasil, mengembalikan 20 record
2026-04-02 10:52:53 - getOutlet.php - === END REQUEST ===
2026-04-02 03:52:54 - getOutlet.php - === REQUEST GETOUTLET ===
2026-04-02 03:52:54 - getOutlet.php - Method: POST
2026-04-02 03:52:54 - getOutlet.php - POST data: {"tgl":"2026-04-02","encrypt":"7e7f1d062ca9b9e5c530948d57925ffe","id_apl":"APL01","key":"Boot"}
2026-04-02 10:52:54 - getOutlet.php - Params - tgl: 2026-04-02, encrypt: 7e7f1d062ca9b9e5c530948d57925ffe, id_apl: APL01, key: Boot
2026-04-02 10:52:54 - getOutlet.php - Aplikasi ditemukan: Ya
2026-04-02 10:52:54 - getOutlet.php - Key aplikasi: YbcJSFjkds...
2026-04-02 10:52:54 - getOutlet.php - Expected encrypt: 7e7f1d062ca9b9e5c530948d57925ffe
2026-04-02 10:52:54 - getOutlet.php - Received encrypt: 7e7f1d062ca9b9e5c530948d57925ffe
2026-04-02 10:52:54 - getOutlet.php - Authentication berhasil
2026-04-02 10:52:54 - getOutlet.php - Query: SELECT id_out, nama_out, '' AS alamat_out, ofcode_out
            FROM outlet 
            WHERE status_out IN ('Active', '1', 'active')
            AND (nama_out LIKE :key OR ofcode_out LIKE :key)
            ORDER BY nama_out ASC
            LIMIT 20
2026-04-02 10:52:54 - getOutlet.php - Query berhasil, mengembalikan 20 record
2026-04-02 10:52:54 - getOutlet.php - === END REQUEST ===
2026-04-02 03:52:54 - getOutlet.php - === REQUEST GETOUTLET ===
2026-04-02 03:52:54 - getOutlet.php - Method: POST
2026-04-02 03:52:54 - getOutlet.php - POST data: {"tgl":"2026-04-02","encrypt":"7e7f1d062ca9b9e5c530948d57925ffe","id_apl":"APL01","key":"Boots"}
2026-04-02 10:52:54 - getOutlet.php - Params - tgl: 2026-04-02, encrypt: 7e7f1d062ca9b9e5c530948d57925ffe, id_apl: APL01, key: Boots
2026-04-02 10:52:54 - getOutlet.php - Aplikasi ditemukan: Ya
2026-04-02 10:52:54 - getOutlet.php - Key aplikasi: YbcJSFjkds...
2026-04-02 10:52:54 - getOutlet.php - Expected encrypt: 7e7f1d062ca9b9e5c530948d57925ffe
2026-04-02 10:52:54 - getOutlet.php - Received encrypt: 7e7f1d062ca9b9e5c530948d57925ffe
2026-04-02 10:52:54 - getOutlet.php - Authentication berhasil
2026-04-02 10:52:54 - getOutlet.php - Query: SELECT id_out, nama_out, '' AS alamat_out, ofcode_out
            FROM outlet 
            WHERE status_out IN ('Active', '1', 'active')
            AND (nama_out LIKE :key OR ofcode_out LIKE :key)
            ORDER BY nama_out ASC
            LIMIT 20
2026-04-02 10:52:54 - getOutlet.php - Query berhasil, mengembalikan 20 record
2026-04-02 10:52:54 - getOutlet.php - === END REQUEST ===
2026-04-02 03:52:56 - getOutlet.php - === REQUEST GETOUTLET ===
2026-04-02 03:52:56 - getOutlet.php - Method: POST
2026-04-02 03:52:56 - getOutlet.php - POST data: {"tgl":"2026-04-02","encrypt":"7e7f1d062ca9b9e5c530948d57925ffe","id_apl":"APL01","key":"Boots"}
2026-04-02 10:52:56 - getOutlet.php - Params - tgl: 2026-04-02, encrypt: 7e7f1d062ca9b9e5c530948d57925ffe, id_apl: APL01, key: Boots
2026-04-02 10:52:56 - getOutlet.php - Aplikasi ditemukan: Ya
2026-04-02 10:52:56 - getOutlet.php - Key aplikasi: YbcJSFjkds...
2026-04-02 10:52:56 - getOutlet.php - Expected encrypt: 7e7f1d062ca9b9e5c530948d57925ffe
2026-04-02 10:52:56 - getOutlet.php - Received encrypt: 7e7f1d062ca9b9e5c530948d57925ffe
2026-04-02 10:52:56 - getOutlet.php - Authentication berhasil
2026-04-02 10:52:56 - getOutlet.php - Query: SELECT id_out, nama_out, '' AS alamat_out, ofcode_out
            FROM outlet 
            WHERE status_out IN ('Active', '1', 'active')
            AND (nama_out LIKE :key OR ofcode_out LIKE :key)
            ORDER BY nama_out ASC
            LIMIT 20
2026-04-02 10:52:56 - getOutlet.php - Query berhasil, mengembalikan 20 record
2026-04-02 10:52:56 - getOutlet.php - === END REQUEST ===
2026-04-02 03:52:56 - getOutlet.php - === REQUEST GETOUTLET ===
2026-04-02 03:52:56 - getOutlet.php - Method: POST
2026-04-02 03:52:56 - getOutlet.php - POST data: {"tgl":"2026-04-02","encrypt":"7e7f1d062ca9b9e5c530948d57925ffe","id_apl":"APL01","key":"Boots"}
2026-04-02 10:52:56 - getOutlet.php - Params - tgl: 2026-04-02, encrypt: 7e7f1d062ca9b9e5c530948d57925ffe, id_apl: APL01, key: Boots
2026-04-02 10:52:56 - getOutlet.php - Aplikasi ditemukan: Ya
2026-04-02 10:52:56 - getOutlet.php - Key aplikasi: YbcJSFjkds...
2026-04-02 10:52:56 - getOutlet.php - Expected encrypt: 7e7f1d062ca9b9e5c530948d57925ffe
2026-04-02 10:52:56 - getOutlet.php - Received encrypt: 7e7f1d062ca9b9e5c530948d57925ffe
2026-04-02 10:52:56 - getOutlet.php - Authentication berhasil
2026-04-02 10:52:56 - getOutlet.php - Query: SELECT id_out, nama_out, '' AS alamat_out, ofcode_out
            FROM outlet 
            WHERE status_out IN ('Active', '1', 'active')
            AND (nama_out LIKE :key OR ofcode_out LIKE :key)
            ORDER BY nama_out ASC
            LIMIT 20
2026-04-02 10:52:56 - getOutlet.php - Query berhasil, mengembalikan 20 record
2026-04-02 10:52:56 - getOutlet.php - === END REQUEST ===
2026-04-02 03:52:56 - getOutlet.php - === REQUEST GETOUTLET ===
2026-04-02 03:52:56 - getOutlet.php - Method: POST
2026-04-02 03:52:56 - getOutlet.php - POST data: {"tgl":"2026-04-02","encrypt":"7e7f1d062ca9b9e5c530948d57925ffe","id_apl":"APL01","key":"Boots p"}
2026-04-02 10:52:56 - getOutlet.php - Params - tgl: 2026-04-02, encrypt: 7e7f1d062ca9b9e5c530948d57925ffe, id_apl: APL01, key: Boots p
2026-04-02 10:52:56 - getOutlet.php - Aplikasi ditemukan: Ya
2026-04-02 10:52:56 - getOutlet.php - Key aplikasi: YbcJSFjkds...
2026-04-02 10:52:56 - getOutlet.php - Expected encrypt: 7e7f1d062ca9b9e5c530948d57925ffe
2026-04-02 10:52:56 - getOutlet.php - Received encrypt: 7e7f1d062ca9b9e5c530948d57925ffe
2026-04-02 10:52:56 - getOutlet.php - Authentication berhasil
2026-04-02 10:52:56 - getOutlet.php - Query: SELECT id_out, nama_out, '' AS alamat_out, ofcode_out
            FROM outlet 
            WHERE status_out IN ('Active', '1', 'active')
            AND (nama_out LIKE :key OR ofcode_out LIKE :key)
            ORDER BY nama_out ASC
            LIMIT 20
2026-04-02 10:52:56 - getOutlet.php - Query berhasil, mengembalikan 5 record
2026-04-02 10:52:56 - getOutlet.php - === END REQUEST ===
2026-04-02 03:52:56 - getOutlet.php - === REQUEST GETOUTLET ===
2026-04-02 03:52:56 - getOutlet.php - Method: POST
2026-04-02 03:52:56 - getOutlet.php - POST data: {"tgl":"2026-04-02","encrypt":"7e7f1d062ca9b9e5c530948d57925ffe","id_apl":"APL01","key":"Boots pl"}
2026-04-02 10:52:56 - getOutlet.php - Params - tgl: 2026-04-02, encrypt: 7e7f1d062ca9b9e5c530948d57925ffe, id_apl: APL01, key: Boots pl
2026-04-02 10:52:56 - getOutlet.php - Aplikasi ditemukan: Ya
2026-04-02 10:52:56 - getOutlet.php - Key aplikasi: YbcJSFjkds...
2026-04-02 10:52:56 - getOutlet.php - Expected encrypt: 7e7f1d062ca9b9e5c530948d57925ffe
2026-04-02 10:52:56 - getOutlet.php - Received encrypt: 7e7f1d062ca9b9e5c530948d57925ffe
2026-04-02 10:52:56 - getOutlet.php - Authentication berhasil
2026-04-02 10:52:56 - getOutlet.php - Query: SELECT id_out, nama_out, '' AS alamat_out, ofcode_out
            FROM outlet 
            WHERE status_out IN ('Active', '1', 'active')
            AND (nama_out LIKE :key OR ofcode_out LIKE :key)
            ORDER BY nama_out ASC
            LIMIT 20
2026-04-02 10:52:56 - getOutlet.php - Query berhasil, mengembalikan 2 record
2026-04-02 10:52:56 - getOutlet.php - === END REQUEST ===
2026-04-02 03:52:57 - getOutlet.php - === REQUEST GETOUTLET ===
2026-04-02 03:52:57 - getOutlet.php - Method: POST
2026-04-02 03:52:57 - getOutlet.php - POST data: {"tgl":"2026-04-02","encrypt":"7e7f1d062ca9b9e5c530948d57925ffe","id_apl":"APL01","key":"Boots pla"}
2026-04-02 10:52:57 - getOutlet.php - Params - tgl: 2026-04-02, encrypt: 7e7f1d062ca9b9e5c530948d57925ffe, id_apl: APL01, key: Boots pla
2026-04-02 10:52:57 - getOutlet.php - Aplikasi ditemukan: Ya
2026-04-02 10:52:57 - getOutlet.php - Key aplikasi: YbcJSFjkds...
2026-04-02 10:52:57 - getOutlet.php - Expected encrypt: 7e7f1d062ca9b9e5c530948d57925ffe
2026-04-02 10:52:57 - getOutlet.php - Received encrypt: 7e7f1d062ca9b9e5c530948d57925ffe
2026-04-02 10:52:57 - getOutlet.php - Authentication berhasil
2026-04-02 10:52:57 - getOutlet.php - Query: SELECT id_out, nama_out, '' AS alamat_out, ofcode_out
            FROM outlet 
            WHERE status_out IN ('Active', '1', 'active')
            AND (nama_out LIKE :key OR ofcode_out LIKE :key)
            ORDER BY nama_out ASC
            LIMIT 20
2026-04-02 10:52:57 - getOutlet.php - Query berhasil, mengembalikan 2 record
2026-04-02 10:52:57 - getOutlet.php - === END REQUEST ===
2026-04-02 03:52:57 - getOutlet.php - === REQUEST GETOUTLET ===
2026-04-02 03:52:57 - getOutlet.php - Method: POST
2026-04-02 03:52:57 - getOutlet.php - POST data: {"tgl":"2026-04-02","encrypt":"7e7f1d062ca9b9e5c530948d57925ffe","id_apl":"APL01","key":"Boots plaz"}
2026-04-02 10:52:57 - getOutlet.php - Params - tgl: 2026-04-02, encrypt: 7e7f1d062ca9b9e5c530948d57925ffe, id_apl: APL01, key: Boots plaz
2026-04-02 10:52:57 - getOutlet.php - Aplikasi ditemukan: Ya
2026-04-02 10:52:57 - getOutlet.php - Key aplikasi: YbcJSFjkds...
2026-04-02 10:52:57 - getOutlet.php - Expected encrypt: 7e7f1d062ca9b9e5c530948d57925ffe
2026-04-02 10:52:57 - getOutlet.php - Received encrypt: 7e7f1d062ca9b9e5c530948d57925ffe
2026-04-02 10:52:57 - getOutlet.php - Authentication berhasil
2026-04-02 10:52:57 - getOutlet.php - Query: SELECT id_out, nama_out, '' AS alamat_out, ofcode_out
            FROM outlet 
            WHERE status_out IN ('Active', '1', 'active')
            AND (nama_out LIKE :key OR ofcode_out LIKE :key)
            ORDER BY nama_out ASC
            LIMIT 20
2026-04-02 10:52:57 - getOutlet.php - Query berhasil, mengembalikan 2 record
2026-04-02 10:52:57 - getOutlet.php - === END REQUEST ===
2026-04-02 03:52:57 - getOutlet.php - === REQUEST GETOUTLET ===
2026-04-02 03:52:57 - getOutlet.php - Method: POST
2026-04-02 03:52:57 - getOutlet.php - POST data: {"tgl":"2026-04-02","encrypt":"7e7f1d062ca9b9e5c530948d57925ffe","id_apl":"APL01","key":"Boots plaza"}
2026-04-02 10:52:57 - getOutlet.php - Params - tgl: 2026-04-02, encrypt: 7e7f1d062ca9b9e5c530948d57925ffe, id_apl: APL01, key: Boots plaza
2026-04-02 10:52:57 - getOutlet.php - Aplikasi ditemukan: Ya
2026-04-02 10:52:57 - getOutlet.php - Key aplikasi: YbcJSFjkds...
2026-04-02 10:52:57 - getOutlet.php - Expected encrypt: 7e7f1d062ca9b9e5c530948d57925ffe
2026-04-02 10:52:57 - getOutlet.php - Received encrypt: 7e7f1d062ca9b9e5c530948d57925ffe
2026-04-02 10:52:57 - getOutlet.php - Authentication berhasil
2026-04-02 10:52:57 - getOutlet.php - Query: SELECT id_out, nama_out, '' AS alamat_out, ofcode_out
            FROM outlet 
            WHERE status_out IN ('Active', '1', 'active')
            AND (nama_out LIKE :key OR ofcode_out LIKE :key)
            ORDER BY nama_out ASC
            LIMIT 20
2026-04-02 10:52:57 - getOutlet.php - Query berhasil, mengembalikan 2 record
2026-04-02 10:52:57 - getOutlet.php - === END REQUEST ===
2026-04-02 03:53:16 - getOutlet.php - === REQUEST GETOUTLET ===
2026-04-02 03:53:16 - getOutlet.php - Method: POST
2026-04-02 03:53:16 - getOutlet.php - POST data: {"tgl":"2026-04-02","encrypt":"7e7f1d062ca9b9e5c530948d57925ffe","id_apl":"APL01","key":"Boots plaz"}
2026-04-02 10:53:16 - getOutlet.php - Params - tgl: 2026-04-02, encrypt: 7e7f1d062ca9b9e5c530948d57925ffe, id_apl: APL01, key: Boots plaz
2026-04-02 10:53:16 - getOutlet.php - Aplikasi ditemukan: Ya
2026-04-02 10:53:16 - getOutlet.php - Key aplikasi: YbcJSFjkds...
2026-04-02 10:53:16 - getOutlet.php - Expected encrypt: 7e7f1d062ca9b9e5c530948d57925ffe
2026-04-02 10:53:16 - getOutlet.php - Received encrypt: 7e7f1d062ca9b9e5c530948d57925ffe
2026-04-02 10:53:16 - getOutlet.php - Authentication berhasil
2026-04-02 10:53:16 - getOutlet.php - Query: SELECT id_out, nama_out, '' AS alamat_out, ofcode_out
            FROM outlet 
            WHERE status_out IN ('Active', '1', 'active')
            AND (nama_out LIKE :key OR ofcode_out LIKE :key)
            ORDER BY nama_out ASC
            LIMIT 20
2026-04-02 10:53:16 - getOutlet.php - Query berhasil, mengembalikan 2 record
2026-04-02 10:53:16 - getOutlet.php - === END REQUEST ===
2026-04-02 03:53:16 - getOutlet.php - === REQUEST GETOUTLET ===
2026-04-02 03:53:16 - getOutlet.php - Method: POST
2026-04-02 03:53:16 - getOutlet.php - POST data: {"tgl":"2026-04-02","encrypt":"7e7f1d062ca9b9e5c530948d57925ffe","id_apl":"APL01","key":"Boots pla"}
2026-04-02 10:53:16 - getOutlet.php - Params - tgl: 2026-04-02, encrypt: 7e7f1d062ca9b9e5c530948d57925ffe, id_apl: APL01, key: Boots pla
2026-04-02 10:53:16 - getOutlet.php - Aplikasi ditemukan: Ya
2026-04-02 10:53:16 - getOutlet.php - Key aplikasi: YbcJSFjkds...
2026-04-02 10:53:16 - getOutlet.php - Expected encrypt: 7e7f1d062ca9b9e5c530948d57925ffe
2026-04-02 10:53:16 - getOutlet.php - Received encrypt: 7e7f1d062ca9b9e5c530948d57925ffe
2026-04-02 10:53:16 - getOutlet.php - Authentication berhasil
2026-04-02 10:53:16 - getOutlet.php - Query: SELECT id_out, nama_out, '' AS alamat_out, ofcode_out
            FROM outlet 
            WHERE status_out IN ('Active', '1', 'active')
            AND (nama_out LIKE :key OR ofcode_out LIKE :key)
            ORDER BY nama_out ASC
            LIMIT 20
2026-04-02 10:53:16 - getOutlet.php - Query berhasil, mengembalikan 2 record
2026-04-02 10:53:16 - getOutlet.php - === END REQUEST ===
2026-04-02 03:53:16 - getOutlet.php - === REQUEST GETOUTLET ===
2026-04-02 03:53:16 - getOutlet.php - Method: POST
2026-04-02 03:53:16 - getOutlet.php - POST data: {"tgl":"2026-04-02","encrypt":"7e7f1d062ca9b9e5c530948d57925ffe","id_apl":"APL01","key":"Boots pl"}
2026-04-02 10:53:16 - getOutlet.php - Params - tgl: 2026-04-02, encrypt: 7e7f1d062ca9b9e5c530948d57925ffe, id_apl: APL01, key: Boots pl
2026-04-02 10:53:16 - getOutlet.php - Aplikasi ditemukan: Ya
2026-04-02 10:53:16 - getOutlet.php - Key aplikasi: YbcJSFjkds...
2026-04-02 10:53:16 - getOutlet.php - Expected encrypt: 7e7f1d062ca9b9e5c530948d57925ffe
2026-04-02 10:53:16 - getOutlet.php - Received encrypt: 7e7f1d062ca9b9e5c530948d57925ffe
2026-04-02 10:53:16 - getOutlet.php - Authentication berhasil
2026-04-02 10:53:16 - getOutlet.php - Query: SELECT id_out, nama_out, '' AS alamat_out, ofcode_out
            FROM outlet 
            WHERE status_out IN ('Active', '1', 'active')
            AND (nama_out LIKE :key OR ofcode_out LIKE :key)
            ORDER BY nama_out ASC
            LIMIT 20
2026-04-02 10:53:16 - getOutlet.php - Query berhasil, mengembalikan 2 record
2026-04-02 10:53:16 - getOutlet.php - === END REQUEST ===
2026-04-02 03:53:16 - getOutlet.php - === REQUEST GETOUTLET ===
2026-04-02 03:53:16 - getOutlet.php - Method: POST
2026-04-02 03:53:16 - getOutlet.php - POST data: {"tgl":"2026-04-02","encrypt":"7e7f1d062ca9b9e5c530948d57925ffe","id_apl":"APL01","key":"Boots p"}
2026-04-02 10:53:16 - getOutlet.php - Params - tgl: 2026-04-02, encrypt: 7e7f1d062ca9b9e5c530948d57925ffe, id_apl: APL01, key: Boots p
2026-04-02 10:53:16 - getOutlet.php - Aplikasi ditemukan: Ya
2026-04-02 10:53:16 - getOutlet.php - Key aplikasi: YbcJSFjkds...
2026-04-02 10:53:16 - getOutlet.php - Expected encrypt: 7e7f1d062ca9b9e5c530948d57925ffe
2026-04-02 10:53:16 - getOutlet.php - Received encrypt: 7e7f1d062ca9b9e5c530948d57925ffe
2026-04-02 10:53:16 - getOutlet.php - Authentication berhasil
2026-04-02 10:53:16 - getOutlet.php - Query: SELECT id_out, nama_out, '' AS alamat_out, ofcode_out
            FROM outlet 
            WHERE status_out IN ('Active', '1', 'active')
            AND (nama_out LIKE :key OR ofcode_out LIKE :key)
            ORDER BY nama_out ASC
            LIMIT 20
2026-04-02 10:53:16 - getOutlet.php - Query berhasil, mengembalikan 5 record
2026-04-02 10:53:16 - getOutlet.php - === END REQUEST ===
2026-04-02 03:53:16 - getOutlet.php - === REQUEST GETOUTLET ===
2026-04-02 03:53:16 - getOutlet.php - Method: POST
2026-04-02 03:53:16 - getOutlet.php - POST data: {"tgl":"2026-04-02","encrypt":"7e7f1d062ca9b9e5c530948d57925ffe","id_apl":"APL01","key":"Boots"}
2026-04-02 10:53:16 - getOutlet.php - Params - tgl: 2026-04-02, encrypt: 7e7f1d062ca9b9e5c530948d57925ffe, id_apl: APL01, key: Boots
2026-04-02 10:53:16 - getOutlet.php - Aplikasi ditemukan: Ya
2026-04-02 10:53:16 - getOutlet.php - Key aplikasi: YbcJSFjkds...
2026-04-02 10:53:16 - getOutlet.php - Expected encrypt: 7e7f1d062ca9b9e5c530948d57925ffe
2026-04-02 10:53:16 - getOutlet.php - Received encrypt: 7e7f1d062ca9b9e5c530948d57925ffe
2026-04-02 10:53:16 - getOutlet.php - Authentication berhasil
2026-04-02 10:53:16 - getOutlet.php - Query: SELECT id_out, nama_out, '' AS alamat_out, ofcode_out
            FROM outlet 
            WHERE status_out IN ('Active', '1', 'active')
            AND (nama_out LIKE :key OR ofcode_out LIKE :key)
            ORDER BY nama_out ASC
            LIMIT 20
2026-04-02 10:53:16 - getOutlet.php - Query berhasil, mengembalikan 20 record
2026-04-02 10:53:16 - getOutlet.php - === END REQUEST ===
2026-04-02 03:53:16 - getOutlet.php - === REQUEST GETOUTLET ===
2026-04-02 03:53:16 - getOutlet.php - Method: POST
2026-04-02 03:53:16 - getOutlet.php - POST data: {"tgl":"2026-04-02","encrypt":"7e7f1d062ca9b9e5c530948d57925ffe","id_apl":"APL01","key":"Boots"}
2026-04-02 10:53:16 - getOutlet.php - Params - tgl: 2026-04-02, encrypt: 7e7f1d062ca9b9e5c530948d57925ffe, id_apl: APL01, key: Boots
2026-04-02 10:53:16 - getOutlet.php - Aplikasi ditemukan: Ya
2026-04-02 10:53:16 - getOutlet.php - Key aplikasi: YbcJSFjkds...
2026-04-02 10:53:16 - getOutlet.php - Expected encrypt: 7e7f1d062ca9b9e5c530948d57925ffe
2026-04-02 10:53:16 - getOutlet.php - Received encrypt: 7e7f1d062ca9b9e5c530948d57925ffe
2026-04-02 10:53:16 - getOutlet.php - Authentication berhasil
2026-04-02 10:53:16 - getOutlet.php - Query: SELECT id_out, nama_out, '' AS alamat_out, ofcode_out
            FROM outlet 
            WHERE status_out IN ('Active', '1', 'active')
            AND (nama_out LIKE :key OR ofcode_out LIKE :key)
            ORDER BY nama_out ASC
            LIMIT 20
2026-04-02 10:53:16 - getOutlet.php - Query berhasil, mengembalikan 20 record
2026-04-02 10:53:16 - getOutlet.php - === END REQUEST ===
2026-04-02 03:53:16 - getOutlet.php - === REQUEST GETOUTLET ===
2026-04-02 03:53:16 - getOutlet.php - Method: POST
2026-04-02 03:53:16 - getOutlet.php - POST data: {"tgl":"2026-04-02","encrypt":"7e7f1d062ca9b9e5c530948d57925ffe","id_apl":"APL01","key":"Boot"}
2026-04-02 10:53:16 - getOutlet.php - Params - tgl: 2026-04-02, encrypt: 7e7f1d062ca9b9e5c530948d57925ffe, id_apl: APL01, key: Boot
2026-04-02 10:53:16 - getOutlet.php - Aplikasi ditemukan: Ya
2026-04-02 10:53:16 - getOutlet.php - Key aplikasi: YbcJSFjkds...
2026-04-02 10:53:16 - getOutlet.php - Expected encrypt: 7e7f1d062ca9b9e5c530948d57925ffe
2026-04-02 10:53:16 - getOutlet.php - Received encrypt: 7e7f1d062ca9b9e5c530948d57925ffe
2026-04-02 10:53:16 - getOutlet.php - Authentication berhasil
2026-04-02 10:53:16 - getOutlet.php - Query: SELECT id_out, nama_out, '' AS alamat_out, ofcode_out
            FROM outlet 
            WHERE status_out IN ('Active', '1', 'active')
            AND (nama_out LIKE :key OR ofcode_out LIKE :key)
            ORDER BY nama_out ASC
            LIMIT 20
2026-04-02 10:53:16 - getOutlet.php - Query berhasil, mengembalikan 20 record
2026-04-02 10:53:16 - getOutlet.php - === END REQUEST ===
2026-04-02 03:53:16 - getOutlet.php - === REQUEST GETOUTLET ===
2026-04-02 03:53:16 - getOutlet.php - Method: POST
2026-04-02 03:53:16 - getOutlet.php - POST data: {"tgl":"2026-04-02","encrypt":"7e7f1d062ca9b9e5c530948d57925ffe","id_apl":"APL01","key":"Boo"}
2026-04-02 10:53:16 - getOutlet.php - Params - tgl: 2026-04-02, encrypt: 7e7f1d062ca9b9e5c530948d57925ffe, id_apl: APL01, key: Boo
2026-04-02 10:53:16 - getOutlet.php - Aplikasi ditemukan: Ya
2026-04-02 10:53:16 - getOutlet.php - Key aplikasi: YbcJSFjkds...
2026-04-02 10:53:16 - getOutlet.php - Expected encrypt: 7e7f1d062ca9b9e5c530948d57925ffe
2026-04-02 10:53:16 - getOutlet.php - Received encrypt: 7e7f1d062ca9b9e5c530948d57925ffe
2026-04-02 10:53:16 - getOutlet.php - Authentication berhasil
2026-04-02 10:53:16 - getOutlet.php - Query: SELECT id_out, nama_out, '' AS alamat_out, ofcode_out
            FROM outlet 
            WHERE status_out IN ('Active', '1', 'active')
            AND (nama_out LIKE :key OR ofcode_out LIKE :key)
            ORDER BY nama_out ASC
            LIMIT 20
2026-04-02 10:53:16 - getOutlet.php - Query berhasil, mengembalikan 20 record
2026-04-02 10:53:16 - getOutlet.php - === END REQUEST ===
2026-04-02 03:53:16 - getOutlet.php - === REQUEST GETOUTLET ===
2026-04-02 03:53:16 - getOutlet.php - Method: POST
2026-04-02 03:53:16 - getOutlet.php - POST data: {"tgl":"2026-04-02","encrypt":"7e7f1d062ca9b9e5c530948d57925ffe","id_apl":"APL01","key":"Bo"}
2026-04-02 10:53:16 - getOutlet.php - Params - tgl: 2026-04-02, encrypt: 7e7f1d062ca9b9e5c530948d57925ffe, id_apl: APL01, key: Bo
2026-04-02 10:53:16 - getOutlet.php - Aplikasi ditemukan: Ya
2026-04-02 10:53:16 - getOutlet.php - Key aplikasi: YbcJSFjkds...
2026-04-02 10:53:16 - getOutlet.php - Expected encrypt: 7e7f1d062ca9b9e5c530948d57925ffe
2026-04-02 10:53:16 - getOutlet.php - Received encrypt: 7e7f1d062ca9b9e5c530948d57925ffe
2026-04-02 10:53:16 - getOutlet.php - Authentication berhasil
2026-04-02 10:53:16 - getOutlet.php - Query: SELECT id_out, nama_out, '' AS alamat_out, ofcode_out
            FROM outlet 
            WHERE status_out IN ('Active', '1', 'active')
            AND (nama_out LIKE :key OR ofcode_out LIKE :key)
            ORDER BY nama_out ASC
            LIMIT 20
2026-04-02 10:53:16 - getOutlet.php - Query berhasil, mengembalikan 20 record
2026-04-02 10:53:16 - getOutlet.php - === END REQUEST ===
2026-04-02 03:53:17 - getOutlet.php - === REQUEST GETOUTLET ===
2026-04-02 03:53:17 - getOutlet.php - Method: POST
2026-04-02 03:53:17 - getOutlet.php - POST data: {"tgl":"2026-04-02","encrypt":"7e7f1d062ca9b9e5c530948d57925ffe","id_apl":"APL01","key":"Ra"}
2026-04-02 10:53:17 - getOutlet.php - Params - tgl: 2026-04-02, encrypt: 7e7f1d062ca9b9e5c530948d57925ffe, id_apl: APL01, key: Ra
2026-04-02 10:53:17 - getOutlet.php - Aplikasi ditemukan: Ya
2026-04-02 10:53:17 - getOutlet.php - Key aplikasi: YbcJSFjkds...
2026-04-02 10:53:17 - getOutlet.php - Expected encrypt: 7e7f1d062ca9b9e5c530948d57925ffe
2026-04-02 10:53:17 - getOutlet.php - Received encrypt: 7e7f1d062ca9b9e5c530948d57925ffe
2026-04-02 10:53:17 - getOutlet.php - Authentication berhasil
2026-04-02 10:53:17 - getOutlet.php - Query: SELECT id_out, nama_out, '' AS alamat_out, ofcode_out
            FROM outlet 
            WHERE status_out IN ('Active', '1', 'active')
            AND (nama_out LIKE :key OR ofcode_out LIKE :key)
            ORDER BY nama_out ASC
            LIMIT 20
2026-04-02 10:53:17 - getOutlet.php - Query berhasil, mengembalikan 20 record
2026-04-02 10:53:17 - getOutlet.php - === END REQUEST ===
2026-04-02 03:53:18 - getOutlet.php - === REQUEST GETOUTLET ===
2026-04-02 03:53:18 - getOutlet.php - Method: POST
2026-04-02 03:53:18 - getOutlet.php - POST data: {"tgl":"2026-04-02","encrypt":"7e7f1d062ca9b9e5c530948d57925ffe","id_apl":"APL01","key":"Ra"}
2026-04-02 10:53:18 - getOutlet.php - Params - tgl: 2026-04-02, encrypt: 7e7f1d062ca9b9e5c530948d57925ffe, id_apl: APL01, key: Ra
2026-04-02 10:53:18 - getOutlet.php - Aplikasi ditemukan: Ya
2026-04-02 10:53:18 - getOutlet.php - Key aplikasi: YbcJSFjkds...
2026-04-02 10:53:18 - getOutlet.php - Expected encrypt: 7e7f1d062ca9b9e5c530948d57925ffe
2026-04-02 10:53:18 - getOutlet.php - Received encrypt: 7e7f1d062ca9b9e5c530948d57925ffe
2026-04-02 10:53:18 - getOutlet.php - Authentication berhasil
2026-04-02 10:53:18 - getOutlet.php - Query: SELECT id_out, nama_out, '' AS alamat_out, ofcode_out
            FROM outlet 
            WHERE status_out IN ('Active', '1', 'active')
            AND (nama_out LIKE :key OR ofcode_out LIKE :key)
            ORDER BY nama_out ASC
            LIMIT 20
2026-04-02 10:53:18 - getOutlet.php - Query berhasil, mengembalikan 20 record
2026-04-02 10:53:18 - getOutlet.php - === END REQUEST ===
2026-04-02 03:53:18 - getOutlet.php - === REQUEST GETOUTLET ===
2026-04-02 03:53:18 - getOutlet.php - Method: POST
2026-04-02 03:53:18 - getOutlet.php - POST data: {"tgl":"2026-04-02","encrypt":"7e7f1d062ca9b9e5c530948d57925ffe","id_apl":"APL01","key":"Ra"}
2026-04-02 10:53:18 - getOutlet.php - Params - tgl: 2026-04-02, encrypt: 7e7f1d062ca9b9e5c530948d57925ffe, id_apl: APL01, key: Ra
2026-04-02 10:53:18 - getOutlet.php - Aplikasi ditemukan: Ya
2026-04-02 10:53:18 - getOutlet.php - Key aplikasi: YbcJSFjkds...
2026-04-02 10:53:18 - getOutlet.php - Expected encrypt: 7e7f1d062ca9b9e5c530948d57925ffe
2026-04-02 10:53:18 - getOutlet.php - Received encrypt: 7e7f1d062ca9b9e5c530948d57925ffe
2026-04-02 10:53:18 - getOutlet.php - Authentication berhasil
2026-04-02 10:53:18 - getOutlet.php - Query: SELECT id_out, nama_out, '' AS alamat_out, ofcode_out
            FROM outlet 
            WHERE status_out IN ('Active', '1', 'active')
            AND (nama_out LIKE :key OR ofcode_out LIKE :key)
            ORDER BY nama_out ASC
            LIMIT 20
2026-04-02 10:53:18 - getOutlet.php - Query berhasil, mengembalikan 20 record
2026-04-02 10:53:18 - getOutlet.php - === END REQUEST ===
2026-04-02 03:53:19 - getOutlet.php - === REQUEST GETOUTLET ===
2026-04-02 03:53:19 - getOutlet.php - Method: POST
2026-04-02 03:53:19 - getOutlet.php - POST data: {"tgl":"2026-04-02","encrypt":"7e7f1d062ca9b9e5c530948d57925ffe","id_apl":"APL01","key":"Ra a"}
2026-04-02 10:53:19 - getOutlet.php - Params - tgl: 2026-04-02, encrypt: 7e7f1d062ca9b9e5c530948d57925ffe, id_apl: APL01, key: Ra a
2026-04-02 10:53:19 - getOutlet.php - Aplikasi ditemukan: Ya
2026-04-02 10:53:19 - getOutlet.php - Key aplikasi: YbcJSFjkds...
2026-04-02 10:53:19 - getOutlet.php - Expected encrypt: 7e7f1d062ca9b9e5c530948d57925ffe
2026-04-02 10:53:19 - getOutlet.php - Received encrypt: 7e7f1d062ca9b9e5c530948d57925ffe
2026-04-02 10:53:19 - getOutlet.php - Authentication berhasil
2026-04-02 10:53:19 - getOutlet.php - Query: SELECT id_out, nama_out, '' AS alamat_out, ofcode_out
            FROM outlet 
            WHERE status_out IN ('Active', '1', 'active')
            AND (nama_out LIKE :key OR ofcode_out LIKE :key)
            ORDER BY nama_out ASC
            LIMIT 20
2026-04-02 10:53:19 - getOutlet.php - Query berhasil, mengembalikan 4 record
2026-04-02 10:53:19 - getOutlet.php - === END REQUEST ===
2026-04-02 03:53:19 - getOutlet.php - === REQUEST GETOUTLET ===
2026-04-02 03:53:19 - getOutlet.php - Method: POST
2026-04-02 03:53:19 - getOutlet.php - POST data: {"tgl":"2026-04-02","encrypt":"7e7f1d062ca9b9e5c530948d57925ffe","id_apl":"APL01","key":"Ra aq"}
2026-04-02 10:53:19 - getOutlet.php - Params - tgl: 2026-04-02, encrypt: 7e7f1d062ca9b9e5c530948d57925ffe, id_apl: APL01, key: Ra aq
2026-04-02 10:53:19 - getOutlet.php - Aplikasi ditemukan: Ya
2026-04-02 10:53:19 - getOutlet.php - Key aplikasi: YbcJSFjkds...
2026-04-02 10:53:19 - getOutlet.php - Expected encrypt: 7e7f1d062ca9b9e5c530948d57925ffe
2026-04-02 10:53:19 - getOutlet.php - Received encrypt: 7e7f1d062ca9b9e5c530948d57925ffe
2026-04-02 10:53:19 - getOutlet.php - Authentication berhasil
2026-04-02 10:53:19 - getOutlet.php - Query: SELECT id_out, nama_out, '' AS alamat_out, ofcode_out
            FROM outlet 
            WHERE status_out IN ('Active', '1', 'active')
            AND (nama_out LIKE :key OR ofcode_out LIKE :key)
            ORDER BY nama_out ASC
            LIMIT 20
2026-04-02 10:53:19 - getOutlet.php - Query berhasil, mengembalikan 0 record
2026-04-02 10:53:19 - getOutlet.php - === END REQUEST ===
2026-04-02 03:53:19 - getOutlet.php - === REQUEST GETOUTLET ===
2026-04-02 03:53:19 - getOutlet.php - Method: POST
2026-04-02 03:53:19 - getOutlet.php - POST data: {"tgl":"2026-04-02","encrypt":"7e7f1d062ca9b9e5c530948d57925ffe","id_apl":"APL01","key":"Ra aqi"}
2026-04-02 10:53:19 - getOutlet.php - Params - tgl: 2026-04-02, encrypt: 7e7f1d062ca9b9e5c530948d57925ffe, id_apl: APL01, key: Ra aqi
2026-04-02 10:53:19 - getOutlet.php - Aplikasi ditemukan: Ya
2026-04-02 10:53:19 - getOutlet.php - Key aplikasi: YbcJSFjkds...
2026-04-02 10:53:19 - getOutlet.php - Expected encrypt: 7e7f1d062ca9b9e5c530948d57925ffe
2026-04-02 10:53:19 - getOutlet.php - Received encrypt: 7e7f1d062ca9b9e5c530948d57925ffe
2026-04-02 10:53:19 - getOutlet.php - Authentication berhasil
2026-04-02 10:53:19 - getOutlet.php - Query: SELECT id_out, nama_out, '' AS alamat_out, ofcode_out
            FROM outlet 
            WHERE status_out IN ('Active', '1', 'active')
            AND (nama_out LIKE :key OR ofcode_out LIKE :key)
            ORDER BY nama_out ASC
            LIMIT 20
2026-04-02 10:53:19 - getOutlet.php - Query berhasil, mengembalikan 0 record
2026-04-02 10:53:19 - getOutlet.php - === END REQUEST ===
2026-04-02 03:53:20 - getOutlet.php - === REQUEST GETOUTLET ===
2026-04-02 03:53:20 - getOutlet.php - Method: POST
2026-04-02 03:53:20 - getOutlet.php - POST data: {"tgl":"2026-04-02","encrypt":"7e7f1d062ca9b9e5c530948d57925ffe","id_apl":"APL01","key":"Ra aqid"}
2026-04-02 10:53:20 - getOutlet.php - Params - tgl: 2026-04-02, encrypt: 7e7f1d062ca9b9e5c530948d57925ffe, id_apl: APL01, key: Ra aqid
2026-04-02 10:53:20 - getOutlet.php - Aplikasi ditemukan: Ya
2026-04-02 10:53:20 - getOutlet.php - Key aplikasi: YbcJSFjkds...
2026-04-02 10:53:20 - getOutlet.php - Expected encrypt: 7e7f1d062ca9b9e5c530948d57925ffe
2026-04-02 10:53:20 - getOutlet.php - Received encrypt: 7e7f1d062ca9b9e5c530948d57925ffe
2026-04-02 10:53:20 - getOutlet.php - Authentication berhasil
2026-04-02 10:53:20 - getOutlet.php - Query: SELECT id_out, nama_out, '' AS alamat_out, ofcode_out
            FROM outlet 
            WHERE status_out IN ('Active', '1', 'active')
            AND (nama_out LIKE :key OR ofcode_out LIKE :key)
            ORDER BY nama_out ASC
            LIMIT 20
2026-04-02 10:53:20 - getOutlet.php - Query berhasil, mengembalikan 0 record
2026-04-02 10:53:20 - getOutlet.php - === END REQUEST ===
2026-04-02 03:53:20 - getOutlet.php - === REQUEST GETOUTLET ===
2026-04-02 03:53:20 - getOutlet.php - Method: POST
2026-04-02 03:53:20 - getOutlet.php - POST data: {"tgl":"2026-04-02","encrypt":"7e7f1d062ca9b9e5c530948d57925ffe","id_apl":"APL01","key":"Ra aqida"}
2026-04-02 10:53:20 - getOutlet.php - Params - tgl: 2026-04-02, encrypt: 7e7f1d062ca9b9e5c530948d57925ffe, id_apl: APL01, key: Ra aqida
2026-04-02 10:53:20 - getOutlet.php - Aplikasi ditemukan: Ya
2026-04-02 10:53:20 - getOutlet.php - Key aplikasi: YbcJSFjkds...
2026-04-02 10:53:20 - getOutlet.php - Expected encrypt: 7e7f1d062ca9b9e5c530948d57925ffe
2026-04-02 10:53:20 - getOutlet.php - Received encrypt: 7e7f1d062ca9b9e5c530948d57925ffe
2026-04-02 10:53:20 - getOutlet.php - Authentication berhasil
2026-04-02 10:53:20 - getOutlet.php - Query: SELECT id_out, nama_out, '' AS alamat_out, ofcode_out
            FROM outlet 
            WHERE status_out IN ('Active', '1', 'active')
            AND (nama_out LIKE :key OR ofcode_out LIKE :key)
            ORDER BY nama_out ASC
            LIMIT 20
2026-04-02 10:53:20 - getOutlet.php - Query berhasil, mengembalikan 0 record
2026-04-02 10:53:20 - getOutlet.php - === END REQUEST ===
2026-04-02 03:53:20 - getOutlet.php - === REQUEST GETOUTLET ===
2026-04-02 03:53:20 - getOutlet.php - Method: POST
2026-04-02 03:53:20 - getOutlet.php - POST data: {"tgl":"2026-04-02","encrypt":"7e7f1d062ca9b9e5c530948d57925ffe","id_apl":"APL01","key":"Ra aqidah"}
2026-04-02 10:53:20 - getOutlet.php - Params - tgl: 2026-04-02, encrypt: 7e7f1d062ca9b9e5c530948d57925ffe, id_apl: APL01, key: Ra aqidah
2026-04-02 10:53:20 - getOutlet.php - Aplikasi ditemukan: Ya
2026-04-02 10:53:20 - getOutlet.php - Key aplikasi: YbcJSFjkds...
2026-04-02 10:53:20 - getOutlet.php - Expected encrypt: 7e7f1d062ca9b9e5c530948d57925ffe
2026-04-02 10:53:20 - getOutlet.php - Received encrypt: 7e7f1d062ca9b9e5c530948d57925ffe
2026-04-02 10:53:20 - getOutlet.php - Authentication berhasil
2026-04-02 10:53:20 - getOutlet.php - Query: SELECT id_out, nama_out, '' AS alamat_out, ofcode_out
            FROM outlet 
            WHERE status_out IN ('Active', '1', 'active')
            AND (nama_out LIKE :key OR ofcode_out LIKE :key)
            ORDER BY nama_out ASC
            LIMIT 20
2026-04-02 10:53:20 - getOutlet.php - Query berhasil, mengembalikan 0 record
2026-04-02 10:53:20 - getOutlet.php - === END REQUEST ===
2026-04-02 03:53:26 - getOutlet.php - === REQUEST GETOUTLET ===
2026-04-02 03:53:26 - getOutlet.php - Method: POST
2026-04-02 03:53:26 - getOutlet.php - POST data: {"tgl":"2026-04-02","encrypt":"7e7f1d062ca9b9e5c530948d57925ffe","id_apl":"APL01","key":"Raaqidah"}
2026-04-02 10:53:26 - getOutlet.php - Params - tgl: 2026-04-02, encrypt: 7e7f1d062ca9b9e5c530948d57925ffe, id_apl: APL01, key: Raaqidah
2026-04-02 10:53:26 - getOutlet.php - Aplikasi ditemukan: Ya
2026-04-02 10:53:26 - getOutlet.php - Key aplikasi: YbcJSFjkds...
2026-04-02 10:53:26 - getOutlet.php - Expected encrypt: 7e7f1d062ca9b9e5c530948d57925ffe
2026-04-02 10:53:26 - getOutlet.php - Received encrypt: 7e7f1d062ca9b9e5c530948d57925ffe
2026-04-02 10:53:26 - getOutlet.php - Authentication berhasil
2026-04-02 10:53:26 - getOutlet.php - Query: SELECT id_out, nama_out, '' AS alamat_out, ofcode_out
            FROM outlet 
            WHERE status_out IN ('Active', '1', 'active')
            AND (nama_out LIKE :key OR ofcode_out LIKE :key)
            ORDER BY nama_out ASC
            LIMIT 20
2026-04-02 10:53:26 - getOutlet.php - Query berhasil, mengembalikan 0 record
2026-04-02 10:53:26 - getOutlet.php - === END REQUEST ===
2026-04-02 03:53:26 - getOutlet.php - === REQUEST GETOUTLET ===
2026-04-02 03:53:26 - getOutlet.php - Method: POST
2026-04-02 03:53:26 - getOutlet.php - POST data: {"tgl":"2026-04-02","encrypt":"7e7f1d062ca9b9e5c530948d57925ffe","id_apl":"APL01","key":"Raqidah"}
2026-04-02 10:53:26 - getOutlet.php - Params - tgl: 2026-04-02, encrypt: 7e7f1d062ca9b9e5c530948d57925ffe, id_apl: APL01, key: Raqidah
2026-04-02 10:53:26 - getOutlet.php - Aplikasi ditemukan: Ya
2026-04-02 10:53:26 - getOutlet.php - Key aplikasi: YbcJSFjkds...
2026-04-02 10:53:26 - getOutlet.php - Expected encrypt: 7e7f1d062ca9b9e5c530948d57925ffe
2026-04-02 10:53:26 - getOutlet.php - Received encrypt: 7e7f1d062ca9b9e5c530948d57925ffe
2026-04-02 10:53:26 - getOutlet.php - Authentication berhasil
2026-04-02 10:53:26 - getOutlet.php - Query: SELECT id_out, nama_out, '' AS alamat_out, ofcode_out
            FROM outlet 
            WHERE status_out IN ('Active', '1', 'active')
            AND (nama_out LIKE :key OR ofcode_out LIKE :key)
            ORDER BY nama_out ASC
            LIMIT 20
2026-04-02 10:53:26 - getOutlet.php - Query berhasil, mengembalikan 0 record
2026-04-02 10:53:26 - getOutlet.php - === END REQUEST ===
2026-04-02 03:53:27 - getOutlet.php - === REQUEST GETOUTLET ===
2026-04-02 03:53:27 - getOutlet.php - Method: POST
2026-04-02 03:53:27 - getOutlet.php - POST data: {"tgl":"2026-04-02","encrypt":"7e7f1d062ca9b9e5c530948d57925ffe","id_apl":"APL01","key":"Rsaqidah"}
2026-04-02 10:53:27 - getOutlet.php - Params - tgl: 2026-04-02, encrypt: 7e7f1d062ca9b9e5c530948d57925ffe, id_apl: APL01, key: Rsaqidah
2026-04-02 10:53:27 - getOutlet.php - Aplikasi ditemukan: Ya
2026-04-02 10:53:27 - getOutlet.php - Key aplikasi: YbcJSFjkds...
2026-04-02 10:53:27 - getOutlet.php - Expected encrypt: 7e7f1d062ca9b9e5c530948d57925ffe
2026-04-02 10:53:27 - getOutlet.php - Received encrypt: 7e7f1d062ca9b9e5c530948d57925ffe
2026-04-02 10:53:27 - getOutlet.php - Authentication berhasil
2026-04-02 10:53:27 - getOutlet.php - Query: SELECT id_out, nama_out, '' AS alamat_out, ofcode_out
            FROM outlet 
            WHERE status_out IN ('Active', '1', 'active')
            AND (nama_out LIKE :key OR ofcode_out LIKE :key)
            ORDER BY nama_out ASC
            LIMIT 20
2026-04-02 10:53:27 - getOutlet.php - Query berhasil, mengembalikan 0 record
2026-04-02 10:53:27 - getOutlet.php - === END REQUEST ===
2026-04-02 03:53:27 - getOutlet.php - === REQUEST GETOUTLET ===
2026-04-02 03:53:27 - getOutlet.php - Method: POST
2026-04-02 03:53:27 - getOutlet.php - POST data: {"tgl":"2026-04-02","encrypt":"7e7f1d062ca9b9e5c530948d57925ffe","id_apl":"APL01","key":"Rs aqidah"}
2026-04-02 10:53:27 - getOutlet.php - Params - tgl: 2026-04-02, encrypt: 7e7f1d062ca9b9e5c530948d57925ffe, id_apl: APL01, key: Rs aqidah
2026-04-02 10:53:27 - getOutlet.php - Aplikasi ditemukan: Ya
2026-04-02 10:53:27 - getOutlet.php - Key aplikasi: YbcJSFjkds...
2026-04-02 10:53:27 - getOutlet.php - Expected encrypt: 7e7f1d062ca9b9e5c530948d57925ffe
2026-04-02 10:53:27 - getOutlet.php - Received encrypt: 7e7f1d062ca9b9e5c530948d57925ffe
2026-04-02 10:53:27 - getOutlet.php - Authentication berhasil
2026-04-02 10:53:27 - getOutlet.php - Query: SELECT id_out, nama_out, '' AS alamat_out, ofcode_out
            FROM outlet 
            WHERE status_out IN ('Active', '1', 'active')
            AND (nama_out LIKE :key OR ofcode_out LIKE :key)
            ORDER BY nama_out ASC
            LIMIT 20
2026-04-02 10:53:27 - getOutlet.php - Query berhasil, mengembalikan 1 record
2026-04-02 10:53:27 - getOutlet.php - === END REQUEST ===
2026-04-02 03:53:31 - getOutlet.php - === REQUEST GETOUTLET ===
2026-04-02 03:53:31 - getOutlet.php - Method: POST
2026-04-02 03:53:31 - getOutlet.php - POST data: {"tgl":"2026-04-02","encrypt":"7e7f1d062ca9b9e5c530948d57925ffe","id_apl":"APL01","key":"RS Aqidah"}
2026-04-02 10:53:31 - getOutlet.php - Params - tgl: 2026-04-02, encrypt: 7e7f1d062ca9b9e5c530948d57925ffe, id_apl: APL01, key: RS Aqidah
2026-04-02 10:53:31 - getOutlet.php - Aplikasi ditemukan: Ya
2026-04-02 10:53:31 - getOutlet.php - Key aplikasi: YbcJSFjkds...
2026-04-02 10:53:31 - getOutlet.php - Expected encrypt: 7e7f1d062ca9b9e5c530948d57925ffe
2026-04-02 10:53:31 - getOutlet.php - Received encrypt: 7e7f1d062ca9b9e5c530948d57925ffe
2026-04-02 10:53:31 - getOutlet.php - Authentication berhasil
2026-04-02 10:53:31 - getOutlet.php - Query: SELECT id_out, nama_out, '' AS alamat_out, ofcode_out
            FROM outlet 
            WHERE status_out IN ('Active', '1', 'active')
            AND (nama_out LIKE :key OR ofcode_out LIKE :key)
            ORDER BY nama_out ASC
            LIMIT 20
2026-04-02 10:53:31 - getOutlet.php - Query berhasil, mengembalikan 1 record
2026-04-02 10:53:31 - getOutlet.php - === END REQUEST ===
2026-04-02 03:54:08 - getOutlet.php - === REQUEST GETOUTLET ===
2026-04-02 03:54:08 - getOutlet.php - Method: POST
2026-04-02 03:54:08 - getOutlet.php - POST data: {"tgl":"2026-04-02","encrypt":"7e7f1d062ca9b9e5c530948d57925ffe","id_apl":"APL01","key":"Rs"}
2026-04-02 10:54:08 - getOutlet.php - Params - tgl: 2026-04-02, encrypt: 7e7f1d062ca9b9e5c530948d57925ffe, id_apl: APL01, key: Rs
2026-04-02 10:54:08 - getOutlet.php - Aplikasi ditemukan: Ya
2026-04-02 10:54:08 - getOutlet.php - Key aplikasi: YbcJSFjkds...
2026-04-02 10:54:08 - getOutlet.php - Expected encrypt: 7e7f1d062ca9b9e5c530948d57925ffe
2026-04-02 10:54:08 - getOutlet.php - Received encrypt: 7e7f1d062ca9b9e5c530948d57925ffe
2026-04-02 10:54:08 - getOutlet.php - Authentication berhasil
2026-04-02 10:54:08 - getOutlet.php - Query: SELECT id_out, nama_out, '' AS alamat_out, ofcode_out
            FROM outlet 
            WHERE status_out IN ('Active', '1', 'active')
            AND (nama_out LIKE :key OR ofcode_out LIKE :key)
            ORDER BY nama_out ASC
            LIMIT 20
2026-04-02 10:54:08 - getOutlet.php - Query berhasil, mengembalikan 20 record
2026-04-02 10:54:08 - getOutlet.php - === END REQUEST ===
2026-04-02 03:54:08 - getOutlet.php - === REQUEST GETOUTLET ===
2026-04-02 03:54:08 - getOutlet.php - Method: POST
2026-04-02 03:54:08 - getOutlet.php - POST data: {"tgl":"2026-04-02","encrypt":"7e7f1d062ca9b9e5c530948d57925ffe","id_apl":"APL01","key":"Rs"}
2026-04-02 10:54:08 - getOutlet.php - Params - tgl: 2026-04-02, encrypt: 7e7f1d062ca9b9e5c530948d57925ffe, id_apl: APL01, key: Rs
2026-04-02 10:54:08 - getOutlet.php - Aplikasi ditemukan: Ya
2026-04-02 10:54:08 - getOutlet.php - Key aplikasi: YbcJSFjkds...
2026-04-02 10:54:08 - getOutlet.php - Expected encrypt: 7e7f1d062ca9b9e5c530948d57925ffe
2026-04-02 10:54:08 - getOutlet.php - Received encrypt: 7e7f1d062ca9b9e5c530948d57925ffe
2026-04-02 10:54:08 - getOutlet.php - Authentication berhasil
2026-04-02 10:54:08 - getOutlet.php - Query: SELECT id_out, nama_out, '' AS alamat_out, ofcode_out
            FROM outlet 
            WHERE status_out IN ('Active', '1', 'active')
            AND (nama_out LIKE :key OR ofcode_out LIKE :key)
            ORDER BY nama_out ASC
            LIMIT 20
2026-04-02 10:54:08 - getOutlet.php - Query berhasil, mengembalikan 20 record
2026-04-02 10:54:08 - getOutlet.php - === END REQUEST ===
2026-04-02 03:54:08 - getOutlet.php - === REQUEST GETOUTLET ===
2026-04-02 03:54:08 - getOutlet.php - Method: POST
2026-04-02 03:54:08 - getOutlet.php - POST data: {"tgl":"2026-04-02","encrypt":"7e7f1d062ca9b9e5c530948d57925ffe","id_apl":"APL01","key":"Rs"}
2026-04-02 10:54:08 - getOutlet.php - Params - tgl: 2026-04-02, encrypt: 7e7f1d062ca9b9e5c530948d57925ffe, id_apl: APL01, key: Rs
2026-04-02 10:54:08 - getOutlet.php - Aplikasi ditemukan: Ya
2026-04-02 10:54:08 - getOutlet.php - Key aplikasi: YbcJSFjkds...
2026-04-02 10:54:08 - getOutlet.php - Expected encrypt: 7e7f1d062ca9b9e5c530948d57925ffe
2026-04-02 10:54:08 - getOutlet.php - Received encrypt: 7e7f1d062ca9b9e5c530948d57925ffe
2026-04-02 10:54:08 - getOutlet.php - Authentication berhasil
2026-04-02 10:54:08 - getOutlet.php - Query: SELECT id_out, nama_out, '' AS alamat_out, ofcode_out
            FROM outlet 
            WHERE status_out IN ('Active', '1', 'active')
            AND (nama_out LIKE :key OR ofcode_out LIKE :key)
            ORDER BY nama_out ASC
            LIMIT 20
2026-04-02 10:54:08 - getOutlet.php - Query berhasil, mengembalikan 20 record
2026-04-02 10:54:08 - getOutlet.php - === END REQUEST ===
2026-04-02 03:54:09 - getOutlet.php - === REQUEST GETOUTLET ===
2026-04-02 03:54:09 - getOutlet.php - Method: POST
2026-04-02 03:54:09 - getOutlet.php - POST data: {"tgl":"2026-04-02","encrypt":"7e7f1d062ca9b9e5c530948d57925ffe","id_apl":"APL01","key":"Rs mit"}
2026-04-02 10:54:09 - getOutlet.php - Params - tgl: 2026-04-02, encrypt: 7e7f1d062ca9b9e5c530948d57925ffe, id_apl: APL01, key: Rs mit
2026-04-02 10:54:09 - getOutlet.php - Aplikasi ditemukan: Ya
2026-04-02 10:54:09 - getOutlet.php - Key aplikasi: YbcJSFjkds...
2026-04-02 10:54:09 - getOutlet.php - Expected encrypt: 7e7f1d062ca9b9e5c530948d57925ffe
2026-04-02 10:54:09 - getOutlet.php - Received encrypt: 7e7f1d062ca9b9e5c530948d57925ffe
2026-04-02 10:54:09 - getOutlet.php - Authentication berhasil
2026-04-02 10:54:09 - getOutlet.php - Query: SELECT id_out, nama_out, '' AS alamat_out, ofcode_out
            FROM outlet 
            WHERE status_out IN ('Active', '1', 'active')
            AND (nama_out LIKE :key OR ofcode_out LIKE :key)
            ORDER BY nama_out ASC
            LIMIT 20
2026-04-02 10:54:09 - getOutlet.php - Query berhasil, mengembalikan 17 record
2026-04-02 10:54:09 - getOutlet.php - === END REQUEST ===
2026-04-02 03:54:09 - getOutlet.php - === REQUEST GETOUTLET ===
2026-04-02 03:54:09 - getOutlet.php - Method: POST
2026-04-02 03:54:09 - getOutlet.php - POST data: {"tgl":"2026-04-02","encrypt":"7e7f1d062ca9b9e5c530948d57925ffe","id_apl":"APL01","key":"Rs m"}
2026-04-02 10:54:09 - getOutlet.php - Params - tgl: 2026-04-02, encrypt: 7e7f1d062ca9b9e5c530948d57925ffe, id_apl: APL01, key: Rs m
2026-04-02 10:54:09 - getOutlet.php - Aplikasi ditemukan: Ya
2026-04-02 10:54:09 - getOutlet.php - Key aplikasi: YbcJSFjkds...
2026-04-02 10:54:09 - getOutlet.php - Expected encrypt: 7e7f1d062ca9b9e5c530948d57925ffe
2026-04-02 10:54:09 - getOutlet.php - Received encrypt: 7e7f1d062ca9b9e5c530948d57925ffe
2026-04-02 10:54:09 - getOutlet.php - Authentication berhasil
2026-04-02 10:54:09 - getOutlet.php - Query: SELECT id_out, nama_out, '' AS alamat_out, ofcode_out
            FROM outlet 
            WHERE status_out IN ('Active', '1', 'active')
            AND (nama_out LIKE :key OR ofcode_out LIKE :key)
            ORDER BY nama_out ASC
            LIMIT 20
2026-04-02 03:54:09 - getOutlet.php - === REQUEST GETOUTLET ===
2026-04-02 03:54:09 - getOutlet.php - Method: POST
2026-04-02 03:54:09 - getOutlet.php - POST data: {"tgl":"2026-04-02","encrypt":"7e7f1d062ca9b9e5c530948d57925ffe","id_apl":"APL01","key":"Rs mi"}
2026-04-02 10:54:09 - getOutlet.php - Params - tgl: 2026-04-02, encrypt: 7e7f1d062ca9b9e5c530948d57925ffe, id_apl: APL01, key: Rs mi
2026-04-02 10:54:09 - getOutlet.php - Query berhasil, mengembalikan 20 record
2026-04-02 10:54:09 - getOutlet.php - === END REQUEST ===
2026-04-02 10:54:09 - getOutlet.php - Aplikasi ditemukan: Ya
2026-04-02 10:54:09 - getOutlet.php - Key aplikasi: YbcJSFjkds...
2026-04-02 10:54:09 - getOutlet.php - Expected encrypt: 7e7f1d062ca9b9e5c530948d57925ffe
2026-04-02 10:54:09 - getOutlet.php - Received encrypt: 7e7f1d062ca9b9e5c530948d57925ffe
2026-04-02 10:54:09 - getOutlet.php - Authentication berhasil
2026-04-02 10:54:09 - getOutlet.php - Query: SELECT id_out, nama_out, '' AS alamat_out, ofcode_out
            FROM outlet 
            WHERE status_out IN ('Active', '1', 'active')
            AND (nama_out LIKE :key OR ofcode_out LIKE :key)
            ORDER BY nama_out ASC
            LIMIT 20
2026-04-02 10:54:09 - getOutlet.php - Query berhasil, mengembalikan 17 record
2026-04-02 10:54:09 - getOutlet.php - === END REQUEST ===
2026-04-02 03:54:10 - getOutlet.php - === REQUEST GETOUTLET ===
2026-04-02 03:54:10 - getOutlet.php - Method: POST
2026-04-02 03:54:10 - getOutlet.php - POST data: {"tgl":"2026-04-02","encrypt":"7e7f1d062ca9b9e5c530948d57925ffe","id_apl":"APL01","key":"Rs mitr"}
2026-04-02 10:54:10 - getOutlet.php - Params - tgl: 2026-04-02, encrypt: 7e7f1d062ca9b9e5c530948d57925ffe, id_apl: APL01, key: Rs mitr
2026-04-02 10:54:10 - getOutlet.php - Aplikasi ditemukan: Ya
2026-04-02 10:54:10 - getOutlet.php - Key aplikasi: YbcJSFjkds...
2026-04-02 10:54:10 - getOutlet.php - Expected encrypt: 7e7f1d062ca9b9e5c530948d57925ffe
2026-04-02 10:54:10 - getOutlet.php - Received encrypt: 7e7f1d062ca9b9e5c530948d57925ffe
2026-04-02 10:54:10 - getOutlet.php - Authentication berhasil
2026-04-02 10:54:10 - getOutlet.php - Query: SELECT id_out, nama_out, '' AS alamat_out, ofcode_out
            FROM outlet 
            WHERE status_out IN ('Active', '1', 'active')
            AND (nama_out LIKE :key OR ofcode_out LIKE :key)
            ORDER BY nama_out ASC
            LIMIT 20
2026-04-02 10:54:10 - getOutlet.php - Query berhasil, mengembalikan 17 record
2026-04-02 10:54:10 - getOutlet.php - === END REQUEST ===
2026-04-02 03:54:10 - getOutlet.php - === REQUEST GETOUTLET ===
2026-04-02 03:54:10 - getOutlet.php - Method: POST
2026-04-02 03:54:10 - getOutlet.php - POST data: {"tgl":"2026-04-02","encrypt":"7e7f1d062ca9b9e5c530948d57925ffe","id_apl":"APL01","key":"Rs mitra"}
2026-04-02 10:54:10 - getOutlet.php - Params - tgl: 2026-04-02, encrypt: 7e7f1d062ca9b9e5c530948d57925ffe, id_apl: APL01, key: Rs mitra
2026-04-02 10:54:10 - getOutlet.php - Aplikasi ditemukan: Ya
2026-04-02 10:54:10 - getOutlet.php - Key aplikasi: YbcJSFjkds...
2026-04-02 10:54:10 - getOutlet.php - Expected encrypt: 7e7f1d062ca9b9e5c530948d57925ffe
2026-04-02 10:54:10 - getOutlet.php - Received encrypt: 7e7f1d062ca9b9e5c530948d57925ffe
2026-04-02 10:54:10 - getOutlet.php - Authentication berhasil
2026-04-02 10:54:10 - getOutlet.php - Query: SELECT id_out, nama_out, '' AS alamat_out, ofcode_out
            FROM outlet 
            WHERE status_out IN ('Active', '1', 'active')
            AND (nama_out LIKE :key OR ofcode_out LIKE :key)
            ORDER BY nama_out ASC
            LIMIT 20
2026-04-02 10:54:10 - getOutlet.php - Query berhasil, mengembalikan 17 record
2026-04-02 10:54:10 - getOutlet.php - === END REQUEST ===
2026-04-02 03:54:14 - getOutlet.php - === REQUEST GETOUTLET ===
2026-04-02 03:54:14 - getOutlet.php - Method: POST
2026-04-02 03:54:14 - getOutlet.php - POST data: {"tgl":"2026-04-02","encrypt":"7e7f1d062ca9b9e5c530948d57925ffe","id_apl":"APL01","key":" RS Mitra Keluarga Pamulang"}
2026-04-02 10:54:14 - getOutlet.php - Params - tgl: 2026-04-02, encrypt: 7e7f1d062ca9b9e5c530948d57925ffe, id_apl: APL01, key: RS Mitra Keluarga Pamulang
2026-04-02 10:54:14 - getOutlet.php - Aplikasi ditemukan: Ya
2026-04-02 10:54:14 - getOutlet.php - Key aplikasi: YbcJSFjkds...
2026-04-02 10:54:14 - getOutlet.php - Expected encrypt: 7e7f1d062ca9b9e5c530948d57925ffe
2026-04-02 10:54:14 - getOutlet.php - Received encrypt: 7e7f1d062ca9b9e5c530948d57925ffe
2026-04-02 10:54:14 - getOutlet.php - Authentication berhasil
2026-04-02 10:54:14 - getOutlet.php - Query: SELECT id_out, nama_out, '' AS alamat_out, ofcode_out
            FROM outlet 
            WHERE status_out IN ('Active', '1', 'active')
            AND (nama_out LIKE :key OR ofcode_out LIKE :key)
            ORDER BY nama_out ASC
            LIMIT 20
2026-04-02 10:54:14 - getOutlet.php - Query berhasil, mengembalikan 1 record
2026-04-02 10:54:14 - getOutlet.php - === END REQUEST ===
2026-04-02 03:54:45 - getOutlet.php - === REQUEST GETOUTLET ===
2026-04-02 03:54:45 - getOutlet.php - Method: POST
2026-04-02 03:54:45 - getOutlet.php - POST data: {"tgl":"2026-04-02","encrypt":"7e7f1d062ca9b9e5c530948d57925ffe","id_apl":"APL01","key":"Ap"}
2026-04-02 10:54:45 - getOutlet.php - Params - tgl: 2026-04-02, encrypt: 7e7f1d062ca9b9e5c530948d57925ffe, id_apl: APL01, key: Ap
2026-04-02 10:54:45 - getOutlet.php - Aplikasi ditemukan: Ya
2026-04-02 10:54:45 - getOutlet.php - Key aplikasi: YbcJSFjkds...
2026-04-02 10:54:45 - getOutlet.php - Expected encrypt: 7e7f1d062ca9b9e5c530948d57925ffe
2026-04-02 10:54:45 - getOutlet.php - Received encrypt: 7e7f1d062ca9b9e5c530948d57925ffe
2026-04-02 10:54:45 - getOutlet.php - Authentication berhasil
2026-04-02 10:54:45 - getOutlet.php - Query: SELECT id_out, nama_out, '' AS alamat_out, ofcode_out
            FROM outlet 
            WHERE status_out IN ('Active', '1', 'active')
            AND (nama_out LIKE :key OR ofcode_out LIKE :key)
            ORDER BY nama_out ASC
            LIMIT 20
2026-04-02 10:54:45 - getOutlet.php - Query berhasil, mengembalikan 20 record
2026-04-02 10:54:45 - getOutlet.php - === END REQUEST ===
2026-04-02 03:54:46 - getOutlet.php - === REQUEST GETOUTLET ===
2026-04-02 03:54:46 - getOutlet.php - Method: POST
2026-04-02 03:54:46 - getOutlet.php - POST data: {"tgl":"2026-04-02","encrypt":"7e7f1d062ca9b9e5c530948d57925ffe","id_apl":"APL01","key":"Apot"}
2026-04-02 10:54:46 - getOutlet.php - Params - tgl: 2026-04-02, encrypt: 7e7f1d062ca9b9e5c530948d57925ffe, id_apl: APL01, key: Apot
2026-04-02 10:54:46 - getOutlet.php - Aplikasi ditemukan: Ya
2026-04-02 10:54:46 - getOutlet.php - Key aplikasi: YbcJSFjkds...
2026-04-02 10:54:46 - getOutlet.php - Expected encrypt: 7e7f1d062ca9b9e5c530948d57925ffe
2026-04-02 10:54:46 - getOutlet.php - Received encrypt: 7e7f1d062ca9b9e5c530948d57925ffe
2026-04-02 10:54:46 - getOutlet.php - Authentication berhasil
2026-04-02 10:54:46 - getOutlet.php - Query: SELECT id_out, nama_out, '' AS alamat_out, ofcode_out
            FROM outlet 
            WHERE status_out IN ('Active', '1', 'active')
            AND (nama_out LIKE :key OR ofcode_out LIKE :key)
            ORDER BY nama_out ASC
            LIMIT 20
2026-04-02 10:54:46 - getOutlet.php - Query berhasil, mengembalikan 20 record
2026-04-02 10:54:46 - getOutlet.php - === END REQUEST ===
2026-04-02 03:54:46 - getOutlet.php - === REQUEST GETOUTLET ===
2026-04-02 03:54:46 - getOutlet.php - Method: POST
2026-04-02 03:54:46 - getOutlet.php - POST data: {"tgl":"2026-04-02","encrypt":"7e7f1d062ca9b9e5c530948d57925ffe","id_apl":"APL01","key":"Apo"}
2026-04-02 10:54:46 - getOutlet.php - Params - tgl: 2026-04-02, encrypt: 7e7f1d062ca9b9e5c530948d57925ffe, id_apl: APL01, key: Apo
2026-04-02 10:54:46 - getOutlet.php - Aplikasi ditemukan: Ya
2026-04-02 10:54:46 - getOutlet.php - Key aplikasi: YbcJSFjkds...
2026-04-02 10:54:46 - getOutlet.php - Expected encrypt: 7e7f1d062ca9b9e5c530948d57925ffe
2026-04-02 10:54:46 - getOutlet.php - Received encrypt: 7e7f1d062ca9b9e5c530948d57925ffe
2026-04-02 10:54:46 - getOutlet.php - Authentication berhasil
2026-04-02 10:54:46 - getOutlet.php - Query: SELECT id_out, nama_out, '' AS alamat_out, ofcode_out
            FROM outlet 
            WHERE status_out IN ('Active', '1', 'active')
            AND (nama_out LIKE :key OR ofcode_out LIKE :key)
            ORDER BY nama_out ASC
            LIMIT 20
2026-04-02 10:54:46 - getOutlet.php - Query berhasil, mengembalikan 20 record
2026-04-02 10:54:46 - getOutlet.php - === END REQUEST ===
2026-04-02 03:54:46 - getOutlet.php - === REQUEST GETOUTLET ===
2026-04-02 03:54:46 - getOutlet.php - Method: POST
2026-04-02 03:54:46 - getOutlet.php - POST data: {"tgl":"2026-04-02","encrypt":"7e7f1d062ca9b9e5c530948d57925ffe","id_apl":"APL01","key":"Apote"}
2026-04-02 10:54:46 - getOutlet.php - Params - tgl: 2026-04-02, encrypt: 7e7f1d062ca9b9e5c530948d57925ffe, id_apl: APL01, key: Apote
2026-04-02 10:54:46 - getOutlet.php - Aplikasi ditemukan: Ya
2026-04-02 10:54:46 - getOutlet.php - Key aplikasi: YbcJSFjkds...
2026-04-02 10:54:46 - getOutlet.php - Expected encrypt: 7e7f1d062ca9b9e5c530948d57925ffe
2026-04-02 10:54:46 - getOutlet.php - Received encrypt: 7e7f1d062ca9b9e5c530948d57925ffe
2026-04-02 10:54:46 - getOutlet.php - Authentication berhasil
2026-04-02 10:54:46 - getOutlet.php - Query: SELECT id_out, nama_out, '' AS alamat_out, ofcode_out
            FROM outlet 
            WHERE status_out IN ('Active', '1', 'active')
            AND (nama_out LIKE :key OR ofcode_out LIKE :key)
            ORDER BY nama_out ASC
            LIMIT 20
2026-04-02 10:54:46 - getOutlet.php - Query berhasil, mengembalikan 20 record
2026-04-02 10:54:46 - getOutlet.php - === END REQUEST ===
2026-04-02 03:54:46 - getOutlet.php - === REQUEST GETOUTLET ===
2026-04-02 03:54:46 - getOutlet.php - Method: POST
2026-04-02 03:54:46 - getOutlet.php - POST data: {"tgl":"2026-04-02","encrypt":"7e7f1d062ca9b9e5c530948d57925ffe","id_apl":"APL01","key":"Apotek"}
2026-04-02 10:54:46 - getOutlet.php - Params - tgl: 2026-04-02, encrypt: 7e7f1d062ca9b9e5c530948d57925ffe, id_apl: APL01, key: Apotek
2026-04-02 10:54:46 - getOutlet.php - Aplikasi ditemukan: Ya
2026-04-02 10:54:46 - getOutlet.php - Key aplikasi: YbcJSFjkds...
2026-04-02 10:54:46 - getOutlet.php - Expected encrypt: 7e7f1d062ca9b9e5c530948d57925ffe
2026-04-02 10:54:46 - getOutlet.php - Received encrypt: 7e7f1d062ca9b9e5c530948d57925ffe
2026-04-02 10:54:46 - getOutlet.php - Authentication berhasil
2026-04-02 10:54:46 - getOutlet.php - Query: SELECT id_out, nama_out, '' AS alamat_out, ofcode_out
            FROM outlet 
            WHERE status_out IN ('Active', '1', 'active')
            AND (nama_out LIKE :key OR ofcode_out LIKE :key)
            ORDER BY nama_out ASC
            LIMIT 20
2026-04-02 10:54:46 - getOutlet.php - Query berhasil, mengembalikan 20 record
2026-04-02 10:54:46 - getOutlet.php - === END REQUEST ===
2026-04-02 03:54:46 - getOutlet.php - === REQUEST GETOUTLET ===
2026-04-02 03:54:46 - getOutlet.php - Method: POST
2026-04-02 03:54:46 - getOutlet.php - POST data: {"tgl":"2026-04-02","encrypt":"7e7f1d062ca9b9e5c530948d57925ffe","id_apl":"APL01","key":"Apotek"}
2026-04-02 10:54:46 - getOutlet.php - Params - tgl: 2026-04-02, encrypt: 7e7f1d062ca9b9e5c530948d57925ffe, id_apl: APL01, key: Apotek
2026-04-02 10:54:46 - getOutlet.php - Aplikasi ditemukan: Ya
2026-04-02 10:54:46 - getOutlet.php - Key aplikasi: YbcJSFjkds...
2026-04-02 10:54:46 - getOutlet.php - Expected encrypt: 7e7f1d062ca9b9e5c530948d57925ffe
2026-04-02 10:54:46 - getOutlet.php - Received encrypt: 7e7f1d062ca9b9e5c530948d57925ffe
2026-04-02 10:54:46 - getOutlet.php - Authentication berhasil
2026-04-02 10:54:46 - getOutlet.php - Query: SELECT id_out, nama_out, '' AS alamat_out, ofcode_out
            FROM outlet 
            WHERE status_out IN ('Active', '1', 'active')
            AND (nama_out LIKE :key OR ofcode_out LIKE :key)
            ORDER BY nama_out ASC
            LIMIT 20
2026-04-02 10:54:46 - getOutlet.php - Query berhasil, mengembalikan 20 record
2026-04-02 10:54:46 - getOutlet.php - === END REQUEST ===
2026-04-02 03:54:46 - getOutlet.php - === REQUEST GETOUTLET ===
2026-04-02 03:54:46 - getOutlet.php - Method: POST
2026-04-02 03:54:46 - getOutlet.php - POST data: {"tgl":"2026-04-02","encrypt":"7e7f1d062ca9b9e5c530948d57925ffe","id_apl":"APL01","key":"Apotek"}
2026-04-02 10:54:46 - getOutlet.php - Params - tgl: 2026-04-02, encrypt: 7e7f1d062ca9b9e5c530948d57925ffe, id_apl: APL01, key: Apotek
2026-04-02 10:54:46 - getOutlet.php - Aplikasi ditemukan: Ya
2026-04-02 10:54:46 - getOutlet.php - Key aplikasi: YbcJSFjkds...
2026-04-02 10:54:46 - getOutlet.php - Expected encrypt: 7e7f1d062ca9b9e5c530948d57925ffe
2026-04-02 10:54:46 - getOutlet.php - Received encrypt: 7e7f1d062ca9b9e5c530948d57925ffe
2026-04-02 10:54:46 - getOutlet.php - Authentication berhasil
2026-04-02 10:54:46 - getOutlet.php - Query: SELECT id_out, nama_out, '' AS alamat_out, ofcode_out
            FROM outlet 
            WHERE status_out IN ('Active', '1', 'active')
            AND (nama_out LIKE :key OR ofcode_out LIKE :key)
            ORDER BY nama_out ASC
            LIMIT 20
2026-04-02 10:54:46 - getOutlet.php - Query berhasil, mengembalikan 20 record
2026-04-02 10:54:46 - getOutlet.php - === END REQUEST ===
2026-04-02 03:54:48 - getOutlet.php - === REQUEST GETOUTLET ===
2026-04-02 03:54:48 - getOutlet.php - Method: POST
2026-04-02 03:54:48 - getOutlet.php - POST data: {"tgl":"2026-04-02","encrypt":"7e7f1d062ca9b9e5c530948d57925ffe","id_apl":"APL01","key":"Apotek b"}
2026-04-02 10:54:48 - getOutlet.php - Params - tgl: 2026-04-02, encrypt: 7e7f1d062ca9b9e5c530948d57925ffe, id_apl: APL01, key: Apotek b
2026-04-02 10:54:48 - getOutlet.php - Aplikasi ditemukan: Ya
2026-04-02 10:54:48 - getOutlet.php - Key aplikasi: YbcJSFjkds...
2026-04-02 10:54:48 - getOutlet.php - Expected encrypt: 7e7f1d062ca9b9e5c530948d57925ffe
2026-04-02 10:54:48 - getOutlet.php - Received encrypt: 7e7f1d062ca9b9e5c530948d57925ffe
2026-04-02 10:54:48 - getOutlet.php - Authentication berhasil
2026-04-02 10:54:48 - getOutlet.php - Query: SELECT id_out, nama_out, '' AS alamat_out, ofcode_out
            FROM outlet 
            WHERE status_out IN ('Active', '1', 'active')
            AND (nama_out LIKE :key OR ofcode_out LIKE :key)
            ORDER BY nama_out ASC
            LIMIT 20
2026-04-02 10:54:48 - getOutlet.php - Query berhasil, mengembalikan 20 record
2026-04-02 10:54:48 - getOutlet.php - === END REQUEST ===
2026-04-02 03:54:48 - getOutlet.php - === REQUEST GETOUTLET ===
2026-04-02 03:54:48 - getOutlet.php - Method: POST
2026-04-02 03:54:48 - getOutlet.php - POST data: {"tgl":"2026-04-02","encrypt":"7e7f1d062ca9b9e5c530948d57925ffe","id_apl":"APL01","key":"Apotek bo"}
2026-04-02 10:54:48 - getOutlet.php - Params - tgl: 2026-04-02, encrypt: 7e7f1d062ca9b9e5c530948d57925ffe, id_apl: APL01, key: Apotek bo
2026-04-02 10:54:48 - getOutlet.php - Aplikasi ditemukan: Ya
2026-04-02 10:54:48 - getOutlet.php - Key aplikasi: YbcJSFjkds...
2026-04-02 10:54:48 - getOutlet.php - Expected encrypt: 7e7f1d062ca9b9e5c530948d57925ffe
2026-04-02 10:54:48 - getOutlet.php - Received encrypt: 7e7f1d062ca9b9e5c530948d57925ffe
2026-04-02 10:54:48 - getOutlet.php - Authentication berhasil
2026-04-02 10:54:48 - getOutlet.php - Query: SELECT id_out, nama_out, '' AS alamat_out, ofcode_out
            FROM outlet 
            WHERE status_out IN ('Active', '1', 'active')
            AND (nama_out LIKE :key OR ofcode_out LIKE :key)
            ORDER BY nama_out ASC
            LIMIT 20
2026-04-02 10:54:48 - getOutlet.php - Query berhasil, mengembalikan 20 record
2026-04-02 10:54:48 - getOutlet.php - === END REQUEST ===
2026-04-02 03:54:49 - getOutlet.php - === REQUEST GETOUTLET ===
2026-04-02 03:54:49 - getOutlet.php - Method: POST
2026-04-02 03:54:49 - getOutlet.php - POST data: {"tgl":"2026-04-02","encrypt":"7e7f1d062ca9b9e5c530948d57925ffe","id_apl":"APL01","key":"Apotek boo"}
2026-04-02 10:54:49 - getOutlet.php - Params - tgl: 2026-04-02, encrypt: 7e7f1d062ca9b9e5c530948d57925ffe, id_apl: APL01, key: Apotek boo
2026-04-02 10:54:49 - getOutlet.php - Aplikasi ditemukan: Ya
2026-04-02 10:54:49 - getOutlet.php - Key aplikasi: YbcJSFjkds...
2026-04-02 10:54:49 - getOutlet.php - Expected encrypt: 7e7f1d062ca9b9e5c530948d57925ffe
2026-04-02 10:54:49 - getOutlet.php - Received encrypt: 7e7f1d062ca9b9e5c530948d57925ffe
2026-04-02 10:54:49 - getOutlet.php - Authentication berhasil
2026-04-02 10:54:49 - getOutlet.php - Query: SELECT id_out, nama_out, '' AS alamat_out, ofcode_out
            FROM outlet 
            WHERE status_out IN ('Active', '1', 'active')
            AND (nama_out LIKE :key OR ofcode_out LIKE :key)
            ORDER BY nama_out ASC
            LIMIT 20
2026-04-02 10:54:49 - getOutlet.php - Query berhasil, mengembalikan 20 record
2026-04-02 10:54:49 - getOutlet.php - === END REQUEST ===
2026-04-02 03:54:50 - getOutlet.php - === REQUEST GETOUTLET ===
2026-04-02 03:54:50 - getOutlet.php - Method: POST
2026-04-02 03:54:50 - getOutlet.php - POST data: {"tgl":"2026-04-02","encrypt":"7e7f1d062ca9b9e5c530948d57925ffe","id_apl":"APL01","key":"Apotek boor"}
2026-04-02 10:54:50 - getOutlet.php - Params - tgl: 2026-04-02, encrypt: 7e7f1d062ca9b9e5c530948d57925ffe, id_apl: APL01, key: Apotek boor
2026-04-02 10:54:50 - getOutlet.php - Aplikasi ditemukan: Ya
2026-04-02 10:54:50 - getOutlet.php - Key aplikasi: YbcJSFjkds...
2026-04-02 10:54:50 - getOutlet.php - Expected encrypt: 7e7f1d062ca9b9e5c530948d57925ffe
2026-04-02 10:54:50 - getOutlet.php - Received encrypt: 7e7f1d062ca9b9e5c530948d57925ffe
2026-04-02 10:54:50 - getOutlet.php - Authentication berhasil
2026-04-02 10:54:50 - getOutlet.php - Query: SELECT id_out, nama_out, '' AS alamat_out, ofcode_out
            FROM outlet 
            WHERE status_out IN ('Active', '1', 'active')
            AND (nama_out LIKE :key OR ofcode_out LIKE :key)
            ORDER BY nama_out ASC
            LIMIT 20
2026-04-02 10:54:50 - getOutlet.php - Query berhasil, mengembalikan 0 record
2026-04-02 10:54:50 - getOutlet.php - === END REQUEST ===
2026-04-02 03:54:50 - getOutlet.php - === REQUEST GETOUTLET ===
2026-04-02 03:54:50 - getOutlet.php - Method: POST
2026-04-02 03:54:50 - getOutlet.php - POST data: {"tgl":"2026-04-02","encrypt":"7e7f1d062ca9b9e5c530948d57925ffe","id_apl":"APL01","key":"Apotek boo"}
2026-04-02 10:54:50 - getOutlet.php - Params - tgl: 2026-04-02, encrypt: 7e7f1d062ca9b9e5c530948d57925ffe, id_apl: APL01, key: Apotek boo
2026-04-02 10:54:50 - getOutlet.php - Aplikasi ditemukan: Ya
2026-04-02 10:54:50 - getOutlet.php - Key aplikasi: YbcJSFjkds...
2026-04-02 10:54:50 - getOutlet.php - Expected encrypt: 7e7f1d062ca9b9e5c530948d57925ffe
2026-04-02 10:54:50 - getOutlet.php - Received encrypt: 7e7f1d062ca9b9e5c530948d57925ffe
2026-04-02 10:54:50 - getOutlet.php - Authentication berhasil
2026-04-02 10:54:50 - getOutlet.php - Query: SELECT id_out, nama_out, '' AS alamat_out, ofcode_out
            FROM outlet 
            WHERE status_out IN ('Active', '1', 'active')
            AND (nama_out LIKE :key OR ofcode_out LIKE :key)
            ORDER BY nama_out ASC
            LIMIT 20
2026-04-02 10:54:50 - getOutlet.php - Query berhasil, mengembalikan 20 record
2026-04-02 10:54:50 - getOutlet.php - === END REQUEST ===
2026-04-02 03:54:50 - getOutlet.php - === REQUEST GETOUTLET ===
2026-04-02 03:54:50 - getOutlet.php - Method: POST
2026-04-02 03:54:50 - getOutlet.php - POST data: {"tgl":"2026-04-02","encrypt":"7e7f1d062ca9b9e5c530948d57925ffe","id_apl":"APL01","key":"Apotek boot"}
2026-04-02 10:54:50 - getOutlet.php - Params - tgl: 2026-04-02, encrypt: 7e7f1d062ca9b9e5c530948d57925ffe, id_apl: APL01, key: Apotek boot
2026-04-02 10:54:50 - getOutlet.php - Aplikasi ditemukan: Ya
2026-04-02 10:54:50 - getOutlet.php - Key aplikasi: YbcJSFjkds...
2026-04-02 10:54:50 - getOutlet.php - Expected encrypt: 7e7f1d062ca9b9e5c530948d57925ffe
2026-04-02 10:54:50 - getOutlet.php - Received encrypt: 7e7f1d062ca9b9e5c530948d57925ffe
2026-04-02 10:54:50 - getOutlet.php - Authentication berhasil
2026-04-02 10:54:50 - getOutlet.php - Query: SELECT id_out, nama_out, '' AS alamat_out, ofcode_out
            FROM outlet 
            WHERE status_out IN ('Active', '1', 'active')
            AND (nama_out LIKE :key OR ofcode_out LIKE :key)
            ORDER BY nama_out ASC
            LIMIT 20
2026-04-02 10:54:50 - getOutlet.php - Query berhasil, mengembalikan 20 record
2026-04-02 10:54:50 - getOutlet.php - === END REQUEST ===
2026-04-02 03:54:51 - getOutlet.php - === REQUEST GETOUTLET ===
2026-04-02 03:54:51 - getOutlet.php - Method: POST
2026-04-02 03:54:51 - getOutlet.php - POST data: {"tgl":"2026-04-02","encrypt":"7e7f1d062ca9b9e5c530948d57925ffe","id_apl":"APL01","key":"Apotek boots"}
2026-04-02 10:54:51 - getOutlet.php - Params - tgl: 2026-04-02, encrypt: 7e7f1d062ca9b9e5c530948d57925ffe, id_apl: APL01, key: Apotek boots
2026-04-02 10:54:51 - getOutlet.php - Aplikasi ditemukan: Ya
2026-04-02 10:54:51 - getOutlet.php - Key aplikasi: YbcJSFjkds...
2026-04-02 10:54:51 - getOutlet.php - Expected encrypt: 7e7f1d062ca9b9e5c530948d57925ffe
2026-04-02 10:54:51 - getOutlet.php - Received encrypt: 7e7f1d062ca9b9e5c530948d57925ffe
2026-04-02 10:54:51 - getOutlet.php - Authentication berhasil
2026-04-02 10:54:51 - getOutlet.php - Query: SELECT id_out, nama_out, '' AS alamat_out, ofcode_out
            FROM outlet 
            WHERE status_out IN ('Active', '1', 'active')
            AND (nama_out LIKE :key OR ofcode_out LIKE :key)
            ORDER BY nama_out ASC
            LIMIT 20
2026-04-02 10:54:51 - getOutlet.php - Query berhasil, mengembalikan 20 record
2026-04-02 10:54:51 - getOutlet.php - === END REQUEST ===
2026-04-02 03:54:57 - getOutlet.php - === REQUEST GETOUTLET ===
2026-04-02 03:54:57 - getOutlet.php - Method: POST
2026-04-02 03:54:57 - getOutlet.php - POST data: {"tgl":"2026-04-02","encrypt":"7e7f1d062ca9b9e5c530948d57925ffe","id_apl":"APL01","key":"APOTEK BOOTS PLAZA BINTARO"}
2026-04-02 10:54:57 - getOutlet.php - Params - tgl: 2026-04-02, encrypt: 7e7f1d062ca9b9e5c530948d57925ffe, id_apl: APL01, key: APOTEK BOOTS PLAZA BINTARO
2026-04-02 10:54:57 - getOutlet.php - Aplikasi ditemukan: Ya
2026-04-02 10:54:57 - getOutlet.php - Key aplikasi: YbcJSFjkds...
2026-04-02 10:54:57 - getOutlet.php - Expected encrypt: 7e7f1d062ca9b9e5c530948d57925ffe
2026-04-02 10:54:57 - getOutlet.php - Received encrypt: 7e7f1d062ca9b9e5c530948d57925ffe
2026-04-02 10:54:57 - getOutlet.php - Authentication berhasil
2026-04-02 10:54:57 - getOutlet.php - Query: SELECT id_out, nama_out, '' AS alamat_out, ofcode_out
            FROM outlet 
            WHERE status_out IN ('Active', '1', 'active')
            AND (nama_out LIKE :key OR ofcode_out LIKE :key)
            ORDER BY nama_out ASC
            LIMIT 20
2026-04-02 10:54:57 - getOutlet.php - Query berhasil, mengembalikan 0 record
2026-04-02 10:54:57 - getOutlet.php - === END REQUEST ===
2026-04-02 03:55:13 - getOutlet.php - === REQUEST GETOUTLET ===
2026-04-02 03:55:13 - getOutlet.php - Method: POST
2026-04-02 03:55:13 - getOutlet.php - POST data: {"tgl":"2026-04-02","encrypt":"7e7f1d062ca9b9e5c530948d57925ffe","id_apl":"APL01","key":"APOTEK BOOTS PLAZA BINTAR"}
2026-04-02 10:55:13 - getOutlet.php - Params - tgl: 2026-04-02, encrypt: 7e7f1d062ca9b9e5c530948d57925ffe, id_apl: APL01, key: APOTEK BOOTS PLAZA BINTAR
2026-04-02 10:55:13 - getOutlet.php - Aplikasi ditemukan: Ya
2026-04-02 10:55:13 - getOutlet.php - Key aplikasi: YbcJSFjkds...
2026-04-02 10:55:13 - getOutlet.php - Expected encrypt: 7e7f1d062ca9b9e5c530948d57925ffe
2026-04-02 10:55:13 - getOutlet.php - Received encrypt: 7e7f1d062ca9b9e5c530948d57925ffe
2026-04-02 10:55:13 - getOutlet.php - Authentication berhasil
2026-04-02 10:55:13 - getOutlet.php - Query: SELECT id_out, nama_out, '' AS alamat_out, ofcode_out
            FROM outlet 
            WHERE status_out IN ('Active', '1', 'active')
            AND (nama_out LIKE :key OR ofcode_out LIKE :key)
            ORDER BY nama_out ASC
            LIMIT 20
2026-04-02 03:55:13 - getOutlet.php - === REQUEST GETOUTLET ===
2026-04-02 03:55:13 - getOutlet.php - Method: POST
2026-04-02 03:55:13 - getOutlet.php - POST data: {"tgl":"2026-04-02","encrypt":"7e7f1d062ca9b9e5c530948d57925ffe","id_apl":"APL01","key":"APOTEK BOOTS PLAZA BINTA"}
2026-04-02 10:55:13 - getOutlet.php - Params - tgl: 2026-04-02, encrypt: 7e7f1d062ca9b9e5c530948d57925ffe, id_apl: APL01, key: APOTEK BOOTS PLAZA BINTA
2026-04-02 10:55:13 - getOutlet.php - Query berhasil, mengembalikan 0 record
2026-04-02 10:55:13 - getOutlet.php - === END REQUEST ===
2026-04-02 10:55:13 - getOutlet.php - Aplikasi ditemukan: Ya
2026-04-02 10:55:13 - getOutlet.php - Key aplikasi: YbcJSFjkds...
2026-04-02 10:55:13 - getOutlet.php - Expected encrypt: 7e7f1d062ca9b9e5c530948d57925ffe
2026-04-02 10:55:13 - getOutlet.php - Received encrypt: 7e7f1d062ca9b9e5c530948d57925ffe
2026-04-02 10:55:13 - getOutlet.php - Authentication berhasil
2026-04-02 10:55:13 - getOutlet.php - Query: SELECT id_out, nama_out, '' AS alamat_out, ofcode_out
            FROM outlet 
            WHERE status_out IN ('Active', '1', 'active')
            AND (nama_out LIKE :key OR ofcode_out LIKE :key)
            ORDER BY nama_out ASC
            LIMIT 20
2026-04-02 10:55:13 - getOutlet.php - Query berhasil, mengembalikan 0 record
2026-04-02 10:55:13 - getOutlet.php - === END REQUEST ===
2026-04-02 03:55:13 - getOutlet.php - === REQUEST GETOUTLET ===
2026-04-02 03:55:13 - getOutlet.php - Method: POST
2026-04-02 03:55:13 - getOutlet.php - POST data: {"tgl":"2026-04-02","encrypt":"7e7f1d062ca9b9e5c530948d57925ffe","id_apl":"APL01","key":"APOTEK BOOTS PLAZA BIN"}
2026-04-02 10:55:13 - getOutlet.php - Params - tgl: 2026-04-02, encrypt: 7e7f1d062ca9b9e5c530948d57925ffe, id_apl: APL01, key: APOTEK BOOTS PLAZA BIN
2026-04-02 10:55:13 - getOutlet.php - Aplikasi ditemukan: Ya
2026-04-02 10:55:13 - getOutlet.php - Key aplikasi: YbcJSFjkds...
2026-04-02 10:55:13 - getOutlet.php - Expected encrypt: 7e7f1d062ca9b9e5c530948d57925ffe
2026-04-02 10:55:13 - getOutlet.php - Received encrypt: 7e7f1d062ca9b9e5c530948d57925ffe
2026-04-02 10:55:13 - getOutlet.php - Authentication berhasil
2026-04-02 10:55:13 - getOutlet.php - Query: SELECT id_out, nama_out, '' AS alamat_out, ofcode_out
            FROM outlet 
            WHERE status_out IN ('Active', '1', 'active')
            AND (nama_out LIKE :key OR ofcode_out LIKE :key)
            ORDER BY nama_out ASC
            LIMIT 20
2026-04-02 10:55:13 - getOutlet.php - Query berhasil, mengembalikan 0 record
2026-04-02 10:55:13 - getOutlet.php - === END REQUEST ===
2026-04-02 03:55:13 - getOutlet.php - === REQUEST GETOUTLET ===
2026-04-02 03:55:13 - getOutlet.php - Method: POST
2026-04-02 03:55:13 - getOutlet.php - POST data: {"tgl":"2026-04-02","encrypt":"7e7f1d062ca9b9e5c530948d57925ffe","id_apl":"APL01","key":"APOTEK BOOTS PLAZA BINT"}
2026-04-02 10:55:13 - getOutlet.php - Params - tgl: 2026-04-02, encrypt: 7e7f1d062ca9b9e5c530948d57925ffe, id_apl: APL01, key: APOTEK BOOTS PLAZA BINT
2026-04-02 10:55:13 - getOutlet.php - Aplikasi ditemukan: Ya
2026-04-02 10:55:13 - getOutlet.php - Key aplikasi: YbcJSFjkds...
2026-04-02 10:55:13 - getOutlet.php - Expected encrypt: 7e7f1d062ca9b9e5c530948d57925ffe
2026-04-02 10:55:13 - getOutlet.php - Received encrypt: 7e7f1d062ca9b9e5c530948d57925ffe
2026-04-02 10:55:13 - getOutlet.php - Authentication berhasil
2026-04-02 10:55:13 - getOutlet.php - Query: SELECT id_out, nama_out, '' AS alamat_out, ofcode_out
            FROM outlet 
            WHERE status_out IN ('Active', '1', 'active')
            AND (nama_out LIKE :key OR ofcode_out LIKE :key)
            ORDER BY nama_out ASC
            LIMIT 20
2026-04-02 10:55:13 - getOutlet.php - Query berhasil, mengembalikan 0 record
2026-04-02 10:55:13 - getOutlet.php - === END REQUEST ===
2026-04-02 03:55:13 - getOutlet.php - === REQUEST GETOUTLET ===
2026-04-02 03:55:13 - getOutlet.php - Method: POST
2026-04-02 03:55:13 - getOutlet.php - POST data: {"tgl":"2026-04-02","encrypt":"7e7f1d062ca9b9e5c530948d57925ffe","id_apl":"APL01","key":"APOTEK BOOTS PLAZA BI"}
2026-04-02 10:55:13 - getOutlet.php - Params - tgl: 2026-04-02, encrypt: 7e7f1d062ca9b9e5c530948d57925ffe, id_apl: APL01, key: APOTEK BOOTS PLAZA BI
2026-04-02 10:55:13 - getOutlet.php - Aplikasi ditemukan: Ya
2026-04-02 10:55:13 - getOutlet.php - Key aplikasi: YbcJSFjkds...
2026-04-02 10:55:13 - getOutlet.php - Expected encrypt: 7e7f1d062ca9b9e5c530948d57925ffe
2026-04-02 10:55:13 - getOutlet.php - Received encrypt: 7e7f1d062ca9b9e5c530948d57925ffe
2026-04-02 10:55:13 - getOutlet.php - Authentication berhasil
2026-04-02 10:55:13 - getOutlet.php - Query: SELECT id_out, nama_out, '' AS alamat_out, ofcode_out
            FROM outlet 
            WHERE status_out IN ('Active', '1', 'active')
            AND (nama_out LIKE :key OR ofcode_out LIKE :key)
            ORDER BY nama_out ASC
            LIMIT 20
2026-04-02 10:55:13 - getOutlet.php - Query berhasil, mengembalikan 0 record
2026-04-02 10:55:13 - getOutlet.php - === END REQUEST ===
2026-04-02 03:55:14 - getOutlet.php - === REQUEST GETOUTLET ===
2026-04-02 03:55:14 - getOutlet.php - Method: POST
2026-04-02 03:55:14 - getOutlet.php - POST data: {"tgl":"2026-04-02","encrypt":"7e7f1d062ca9b9e5c530948d57925ffe","id_apl":"APL01","key":"APOTEK BOOTS PLAZA B"}
2026-04-02 10:55:14 - getOutlet.php - Params - tgl: 2026-04-02, encrypt: 7e7f1d062ca9b9e5c530948d57925ffe, id_apl: APL01, key: APOTEK BOOTS PLAZA B
2026-04-02 10:55:14 - getOutlet.php - Aplikasi ditemukan: Ya
2026-04-02 10:55:14 - getOutlet.php - Key aplikasi: YbcJSFjkds...
2026-04-02 10:55:14 - getOutlet.php - Expected encrypt: 7e7f1d062ca9b9e5c530948d57925ffe
2026-04-02 10:55:14 - getOutlet.php - Received encrypt: 7e7f1d062ca9b9e5c530948d57925ffe
2026-04-02 10:55:14 - getOutlet.php - Authentication berhasil
2026-04-02 10:55:14 - getOutlet.php - Query: SELECT id_out, nama_out, '' AS alamat_out, ofcode_out
            FROM outlet 
            WHERE status_out IN ('Active', '1', 'active')
            AND (nama_out LIKE :key OR ofcode_out LIKE :key)
            ORDER BY nama_out ASC
            LIMIT 20
2026-04-02 10:55:14 - getOutlet.php - Query berhasil, mengembalikan 1 record
2026-04-02 10:55:14 - getOutlet.php - === END REQUEST ===
2026-04-02 03:55:14 - getOutlet.php - === REQUEST GETOUTLET ===
2026-04-02 03:55:14 - getOutlet.php - Method: POST
2026-04-02 03:55:14 - getOutlet.php - POST data: {"tgl":"2026-04-02","encrypt":"7e7f1d062ca9b9e5c530948d57925ffe","id_apl":"APL01","key":"APOTEK BOOTS PLAZA"}
2026-04-02 10:55:14 - getOutlet.php - Params - tgl: 2026-04-02, encrypt: 7e7f1d062ca9b9e5c530948d57925ffe, id_apl: APL01, key: APOTEK BOOTS PLAZA
2026-04-02 10:55:14 - getOutlet.php - Aplikasi ditemukan: Ya
2026-04-02 10:55:14 - getOutlet.php - Key aplikasi: YbcJSFjkds...
2026-04-02 10:55:14 - getOutlet.php - Expected encrypt: 7e7f1d062ca9b9e5c530948d57925ffe
2026-04-02 10:55:14 - getOutlet.php - Received encrypt: 7e7f1d062ca9b9e5c530948d57925ffe
2026-04-02 10:55:14 - getOutlet.php - Authentication berhasil
2026-04-02 10:55:14 - getOutlet.php - Query: SELECT id_out, nama_out, '' AS alamat_out, ofcode_out
            FROM outlet 
            WHERE status_out IN ('Active', '1', 'active')
            AND (nama_out LIKE :key OR ofcode_out LIKE :key)
            ORDER BY nama_out ASC
            LIMIT 20
2026-04-02 10:55:14 - getOutlet.php - Query berhasil, mengembalikan 2 record
2026-04-02 10:55:14 - getOutlet.php - === END REQUEST ===
2026-04-02 03:55:14 - getOutlet.php - === REQUEST GETOUTLET ===
2026-04-02 03:55:14 - getOutlet.php - Method: POST
2026-04-02 03:55:14 - getOutlet.php - POST data: {"tgl":"2026-04-02","encrypt":"7e7f1d062ca9b9e5c530948d57925ffe","id_apl":"APL01","key":"APOTEK BOOTS PLAZ"}
2026-04-02 10:55:14 - getOutlet.php - Params - tgl: 2026-04-02, encrypt: 7e7f1d062ca9b9e5c530948d57925ffe, id_apl: APL01, key: APOTEK BOOTS PLAZ
2026-04-02 10:55:14 - getOutlet.php - Aplikasi ditemukan: Ya
2026-04-02 10:55:14 - getOutlet.php - Key aplikasi: YbcJSFjkds...
2026-04-02 10:55:14 - getOutlet.php - Expected encrypt: 7e7f1d062ca9b9e5c530948d57925ffe
2026-04-02 10:55:14 - getOutlet.php - Received encrypt: 7e7f1d062ca9b9e5c530948d57925ffe
2026-04-02 10:55:14 - getOutlet.php - Authentication berhasil
2026-04-02 10:55:14 - getOutlet.php - Query: SELECT id_out, nama_out, '' AS alamat_out, ofcode_out
            FROM outlet 
            WHERE status_out IN ('Active', '1', 'active')
            AND (nama_out LIKE :key OR ofcode_out LIKE :key)
            ORDER BY nama_out ASC
            LIMIT 20
2026-04-02 03:55:14 - getOutlet.php - === REQUEST GETOUTLET ===
2026-04-02 03:55:14 - getOutlet.php - Method: POST
2026-04-02 03:55:14 - getOutlet.php - POST data: {"tgl":"2026-04-02","encrypt":"7e7f1d062ca9b9e5c530948d57925ffe","id_apl":"APL01","key":"APOTEK BOOTS PLAZA"}
2026-04-02 10:55:14 - getOutlet.php - Params - tgl: 2026-04-02, encrypt: 7e7f1d062ca9b9e5c530948d57925ffe, id_apl: APL01, key: APOTEK BOOTS PLAZA
2026-04-02 10:55:14 - getOutlet.php - Query berhasil, mengembalikan 2 record
2026-04-02 10:55:14 - getOutlet.php - === END REQUEST ===
2026-04-02 10:55:14 - getOutlet.php - Aplikasi ditemukan: Ya
2026-04-02 10:55:14 - getOutlet.php - Key aplikasi: YbcJSFjkds...
2026-04-02 10:55:14 - getOutlet.php - Expected encrypt: 7e7f1d062ca9b9e5c530948d57925ffe
2026-04-02 10:55:14 - getOutlet.php - Received encrypt: 7e7f1d062ca9b9e5c530948d57925ffe
2026-04-02 10:55:14 - getOutlet.php - Authentication berhasil
2026-04-02 10:55:14 - getOutlet.php - Query: SELECT id_out, nama_out, '' AS alamat_out, ofcode_out
            FROM outlet 
            WHERE status_out IN ('Active', '1', 'active')
            AND (nama_out LIKE :key OR ofcode_out LIKE :key)
            ORDER BY nama_out ASC
            LIMIT 20
2026-04-02 10:55:14 - getOutlet.php - Query berhasil, mengembalikan 2 record
2026-04-02 10:55:14 - getOutlet.php - === END REQUEST ===
2026-04-02 03:55:14 - getOutlet.php - === REQUEST GETOUTLET ===
2026-04-02 03:55:14 - getOutlet.php - Method: POST
2026-04-02 03:55:14 - getOutlet.php - POST data: {"tgl":"2026-04-02","encrypt":"7e7f1d062ca9b9e5c530948d57925ffe","id_apl":"APL01","key":"APOTEK BOOTS PLA"}
2026-04-02 10:55:14 - getOutlet.php - Params - tgl: 2026-04-02, encrypt: 7e7f1d062ca9b9e5c530948d57925ffe, id_apl: APL01, key: APOTEK BOOTS PLA
2026-04-02 10:55:14 - getOutlet.php - Aplikasi ditemukan: Ya
2026-04-02 10:55:14 - getOutlet.php - Key aplikasi: YbcJSFjkds...
2026-04-02 10:55:14 - getOutlet.php - Expected encrypt: 7e7f1d062ca9b9e5c530948d57925ffe
2026-04-02 10:55:14 - getOutlet.php - Received encrypt: 7e7f1d062ca9b9e5c530948d57925ffe
2026-04-02 10:55:14 - getOutlet.php - Authentication berhasil
2026-04-02 10:55:14 - getOutlet.php - Query: SELECT id_out, nama_out, '' AS alamat_out, ofcode_out
            FROM outlet 
            WHERE status_out IN ('Active', '1', 'active')
            AND (nama_out LIKE :key OR ofcode_out LIKE :key)
            ORDER BY nama_out ASC
            LIMIT 20
2026-04-02 10:55:14 - getOutlet.php - Query berhasil, mengembalikan 2 record
2026-04-02 10:55:14 - getOutlet.php - === END REQUEST ===
2026-04-02 03:55:14 - getOutlet.php - === REQUEST GETOUTLET ===
2026-04-02 03:55:14 - getOutlet.php - Method: POST
2026-04-02 03:55:14 - getOutlet.php - POST data: {"tgl":"2026-04-02","encrypt":"7e7f1d062ca9b9e5c530948d57925ffe","id_apl":"APL01","key":"APOTEK BOOTS PL"}
2026-04-02 10:55:14 - getOutlet.php - Params - tgl: 2026-04-02, encrypt: 7e7f1d062ca9b9e5c530948d57925ffe, id_apl: APL01, key: APOTEK BOOTS PL
2026-04-02 10:55:14 - getOutlet.php - Aplikasi ditemukan: Ya
2026-04-02 10:55:14 - getOutlet.php - Key aplikasi: YbcJSFjkds...
2026-04-02 03:55:14 - getOutlet.php - === REQUEST GETOUTLET ===
2026-04-02 10:55:14 - getOutlet.php - Expected encrypt: 7e7f1d062ca9b9e5c530948d57925ffe
2026-04-02 10:55:14 - getOutlet.php - Received encrypt: 7e7f1d062ca9b9e5c530948d57925ffe
2026-04-02 03:55:14 - getOutlet.php - Method: POST
2026-04-02 10:55:14 - getOutlet.php - Authentication berhasil
2026-04-02 03:55:14 - getOutlet.php - POST data: {"tgl":"2026-04-02","encrypt":"7e7f1d062ca9b9e5c530948d57925ffe","id_apl":"APL01","key":"APOTEK BOOTS P"}
2026-04-02 10:55:14 - getOutlet.php - Params - tgl: 2026-04-02, encrypt: 7e7f1d062ca9b9e5c530948d57925ffe, id_apl: APL01, key: APOTEK BOOTS P
2026-04-02 10:55:14 - getOutlet.php - Query: SELECT id_out, nama_out, '' AS alamat_out, ofcode_out
            FROM outlet 
            WHERE status_out IN ('Active', '1', 'active')
            AND (nama_out LIKE :key OR ofcode_out LIKE :key)
            ORDER BY nama_out ASC
            LIMIT 20
2026-04-02 10:55:14 - getOutlet.php - Aplikasi ditemukan: Ya
2026-04-02 10:55:14 - getOutlet.php - Key aplikasi: YbcJSFjkds...
2026-04-02 10:55:14 - getOutlet.php - Expected encrypt: 7e7f1d062ca9b9e5c530948d57925ffe
2026-04-02 10:55:14 - getOutlet.php - Received encrypt: 7e7f1d062ca9b9e5c530948d57925ffe
2026-04-02 10:55:14 - getOutlet.php - Authentication berhasil
2026-04-02 10:55:14 - getOutlet.php - Query berhasil, mengembalikan 2 record
2026-04-02 10:55:14 - getOutlet.php - === END REQUEST ===
2026-04-02 10:55:14 - getOutlet.php - Query: SELECT id_out, nama_out, '' AS alamat_out, ofcode_out
            FROM outlet 
            WHERE status_out IN ('Active', '1', 'active')
            AND (nama_out LIKE :key OR ofcode_out LIKE :key)
            ORDER BY nama_out ASC
            LIMIT 20
2026-04-02 10:55:14 - getOutlet.php - Query berhasil, mengembalikan 5 record
2026-04-02 10:55:14 - getOutlet.php - === END REQUEST ===
2026-04-02 03:55:14 - getOutlet.php - === REQUEST GETOUTLET ===
2026-04-02 03:55:14 - getOutlet.php - Method: POST
2026-04-02 03:55:14 - getOutlet.php - POST data: {"tgl":"2026-04-02","encrypt":"7e7f1d062ca9b9e5c530948d57925ffe","id_apl":"APL01","key":"APOTEK BOOTS"}
2026-04-02 10:55:14 - getOutlet.php - Params - tgl: 2026-04-02, encrypt: 7e7f1d062ca9b9e5c530948d57925ffe, id_apl: APL01, key: APOTEK BOOTS
2026-04-02 10:55:14 - getOutlet.php - Aplikasi ditemukan: Ya
2026-04-02 10:55:14 - getOutlet.php - Key aplikasi: YbcJSFjkds...
2026-04-02 10:55:14 - getOutlet.php - Expected encrypt: 7e7f1d062ca9b9e5c530948d57925ffe
2026-04-02 10:55:14 - getOutlet.php - Received encrypt: 7e7f1d062ca9b9e5c530948d57925ffe
2026-04-02 10:55:14 - getOutlet.php - Authentication berhasil
2026-04-02 10:55:14 - getOutlet.php - Query: SELECT id_out, nama_out, '' AS alamat_out, ofcode_out
            FROM outlet 
            WHERE status_out IN ('Active', '1', 'active')
            AND (nama_out LIKE :key OR ofcode_out LIKE :key)
            ORDER BY nama_out ASC
            LIMIT 20
2026-04-02 10:55:14 - getOutlet.php - Query berhasil, mengembalikan 20 record
2026-04-02 10:55:14 - getOutlet.php - === END REQUEST ===
2026-04-02 03:55:14 - getOutlet.php - === REQUEST GETOUTLET ===
2026-04-02 03:55:14 - getOutlet.php - Method: POST
2026-04-02 03:55:14 - getOutlet.php - POST data: {"tgl":"2026-04-02","encrypt":"7e7f1d062ca9b9e5c530948d57925ffe","id_apl":"APL01","key":"APOTEK BOOT"}
2026-04-02 10:55:14 - getOutlet.php - Params - tgl: 2026-04-02, encrypt: 7e7f1d062ca9b9e5c530948d57925ffe, id_apl: APL01, key: APOTEK BOOT
2026-04-02 10:55:14 - getOutlet.php - Aplikasi ditemukan: Ya
2026-04-02 10:55:14 - getOutlet.php - Key aplikasi: YbcJSFjkds...
2026-04-02 10:55:14 - getOutlet.php - Expected encrypt: 7e7f1d062ca9b9e5c530948d57925ffe
2026-04-02 10:55:14 - getOutlet.php - Received encrypt: 7e7f1d062ca9b9e5c530948d57925ffe
2026-04-02 10:55:14 - getOutlet.php - Authentication berhasil
2026-04-02 10:55:14 - getOutlet.php - Query: SELECT id_out, nama_out, '' AS alamat_out, ofcode_out
            FROM outlet 
            WHERE status_out IN ('Active', '1', 'active')
            AND (nama_out LIKE :key OR ofcode_out LIKE :key)
            ORDER BY nama_out ASC
            LIMIT 20
2026-04-02 10:55:14 - getOutlet.php - Query berhasil, mengembalikan 20 record
2026-04-02 10:55:14 - getOutlet.php - === END REQUEST ===
2026-04-02 03:55:14 - getOutlet.php - === REQUEST GETOUTLET ===
2026-04-02 03:55:14 - getOutlet.php - Method: POST
2026-04-02 03:55:14 - getOutlet.php - POST data: {"tgl":"2026-04-02","encrypt":"7e7f1d062ca9b9e5c530948d57925ffe","id_apl":"APL01","key":"APOTEK BOOTS"}
2026-04-02 10:55:14 - getOutlet.php - Params - tgl: 2026-04-02, encrypt: 7e7f1d062ca9b9e5c530948d57925ffe, id_apl: APL01, key: APOTEK BOOTS
2026-04-02 10:55:14 - getOutlet.php - Aplikasi ditemukan: Ya
2026-04-02 10:55:14 - getOutlet.php - Key aplikasi: YbcJSFjkds...
2026-04-02 10:55:14 - getOutlet.php - Expected encrypt: 7e7f1d062ca9b9e5c530948d57925ffe
2026-04-02 10:55:14 - getOutlet.php - Received encrypt: 7e7f1d062ca9b9e5c530948d57925ffe
2026-04-02 10:55:14 - getOutlet.php - Authentication berhasil
2026-04-02 10:55:14 - getOutlet.php - Query: SELECT id_out, nama_out, '' AS alamat_out, ofcode_out
            FROM outlet 
            WHERE status_out IN ('Active', '1', 'active')
            AND (nama_out LIKE :key OR ofcode_out LIKE :key)
            ORDER BY nama_out ASC
            LIMIT 20
2026-04-02 10:55:14 - getOutlet.php - Query berhasil, mengembalikan 20 record
2026-04-02 10:55:14 - getOutlet.php - === END REQUEST ===
2026-04-02 03:55:14 - getOutlet.php - === REQUEST GETOUTLET ===
2026-04-02 03:55:14 - getOutlet.php - Method: POST
2026-04-02 03:55:14 - getOutlet.php - POST data: {"tgl":"2026-04-02","encrypt":"7e7f1d062ca9b9e5c530948d57925ffe","id_apl":"APL01","key":"APOTEK BOO"}
2026-04-02 10:55:14 - getOutlet.php - Params - tgl: 2026-04-02, encrypt: 7e7f1d062ca9b9e5c530948d57925ffe, id_apl: APL01, key: APOTEK BOO
2026-04-02 10:55:14 - getOutlet.php - Aplikasi ditemukan: Ya
2026-04-02 10:55:14 - getOutlet.php - Key aplikasi: YbcJSFjkds...
2026-04-02 10:55:14 - getOutlet.php - Expected encrypt: 7e7f1d062ca9b9e5c530948d57925ffe
2026-04-02 10:55:14 - getOutlet.php - Received encrypt: 7e7f1d062ca9b9e5c530948d57925ffe
2026-04-02 10:55:14 - getOutlet.php - Authentication berhasil
2026-04-02 10:55:14 - getOutlet.php - Query: SELECT id_out, nama_out, '' AS alamat_out, ofcode_out
            FROM outlet 
            WHERE status_out IN ('Active', '1', 'active')
            AND (nama_out LIKE :key OR ofcode_out LIKE :key)
            ORDER BY nama_out ASC
            LIMIT 20
2026-04-02 10:55:14 - getOutlet.php - Query berhasil, mengembalikan 20 record
2026-04-02 10:55:14 - getOutlet.php - === END REQUEST ===
2026-04-02 03:55:14 - getOutlet.php - === REQUEST GETOUTLET ===
2026-04-02 03:55:14 - getOutlet.php - Method: POST
2026-04-02 03:55:14 - getOutlet.php - POST data: {"tgl":"2026-04-02","encrypt":"7e7f1d062ca9b9e5c530948d57925ffe","id_apl":"APL01","key":"APOTEK BO"}
2026-04-02 10:55:14 - getOutlet.php - Params - tgl: 2026-04-02, encrypt: 7e7f1d062ca9b9e5c530948d57925ffe, id_apl: APL01, key: APOTEK BO
2026-04-02 10:55:14 - getOutlet.php - Aplikasi ditemukan: Ya
2026-04-02 10:55:14 - getOutlet.php - Key aplikasi: YbcJSFjkds...
2026-04-02 10:55:14 - getOutlet.php - Expected encrypt: 7e7f1d062ca9b9e5c530948d57925ffe
2026-04-02 10:55:14 - getOutlet.php - Received encrypt: 7e7f1d062ca9b9e5c530948d57925ffe
2026-04-02 10:55:14 - getOutlet.php - Authentication berhasil
2026-04-02 10:55:14 - getOutlet.php - Query: SELECT id_out, nama_out, '' AS alamat_out, ofcode_out
            FROM outlet 
            WHERE status_out IN ('Active', '1', 'active')
            AND (nama_out LIKE :key OR ofcode_out LIKE :key)
            ORDER BY nama_out ASC
            LIMIT 20
2026-04-02 10:55:14 - getOutlet.php - Query berhasil, mengembalikan 20 record
2026-04-02 10:55:14 - getOutlet.php - === END REQUEST ===
2026-04-02 03:55:14 - getOutlet.php - === REQUEST GETOUTLET ===
2026-04-02 03:55:14 - getOutlet.php - Method: POST
2026-04-02 03:55:14 - getOutlet.php - POST data: {"tgl":"2026-04-02","encrypt":"7e7f1d062ca9b9e5c530948d57925ffe","id_apl":"APL01","key":"APOTEK B"}
2026-04-02 10:55:14 - getOutlet.php - Params - tgl: 2026-04-02, encrypt: 7e7f1d062ca9b9e5c530948d57925ffe, id_apl: APL01, key: APOTEK B
2026-04-02 10:55:14 - getOutlet.php - Aplikasi ditemukan: Ya
2026-04-02 10:55:14 - getOutlet.php - Key aplikasi: YbcJSFjkds...
2026-04-02 10:55:14 - getOutlet.php - Expected encrypt: 7e7f1d062ca9b9e5c530948d57925ffe
2026-04-02 10:55:14 - getOutlet.php - Received encrypt: 7e7f1d062ca9b9e5c530948d57925ffe
2026-04-02 10:55:14 - getOutlet.php - Authentication berhasil
2026-04-02 10:55:14 - getOutlet.php - Query: SELECT id_out, nama_out, '' AS alamat_out, ofcode_out
            FROM outlet 
            WHERE status_out IN ('Active', '1', 'active')
            AND (nama_out LIKE :key OR ofcode_out LIKE :key)
            ORDER BY nama_out ASC
            LIMIT 20
2026-04-02 10:55:14 - getOutlet.php - Query berhasil, mengembalikan 20 record
2026-04-02 10:55:14 - getOutlet.php - === END REQUEST ===
2026-04-02 03:55:14 - getOutlet.php - === REQUEST GETOUTLET ===
2026-04-02 03:55:14 - getOutlet.php - Method: POST
2026-04-02 03:55:14 - getOutlet.php - POST data: {"tgl":"2026-04-02","encrypt":"7e7f1d062ca9b9e5c530948d57925ffe","id_apl":"APL01","key":"APOTEK"}
2026-04-02 10:55:14 - getOutlet.php - Params - tgl: 2026-04-02, encrypt: 7e7f1d062ca9b9e5c530948d57925ffe, id_apl: APL01, key: APOTEK
2026-04-02 10:55:14 - getOutlet.php - Aplikasi ditemukan: Ya
2026-04-02 10:55:14 - getOutlet.php - Key aplikasi: YbcJSFjkds...
2026-04-02 10:55:14 - getOutlet.php - Expected encrypt: 7e7f1d062ca9b9e5c530948d57925ffe
2026-04-02 10:55:14 - getOutlet.php - Received encrypt: 7e7f1d062ca9b9e5c530948d57925ffe
2026-04-02 10:55:14 - getOutlet.php - Authentication berhasil
2026-04-02 10:55:14 - getOutlet.php - Query: SELECT id_out, nama_out, '' AS alamat_out, ofcode_out
            FROM outlet 
            WHERE status_out IN ('Active', '1', 'active')
            AND (nama_out LIKE :key OR ofcode_out LIKE :key)
            ORDER BY nama_out ASC
            LIMIT 20
2026-04-02 10:55:14 - getOutlet.php - Query berhasil, mengembalikan 20 record
2026-04-02 10:55:14 - getOutlet.php - === END REQUEST ===
2026-04-02 03:55:14 - getOutlet.php - === REQUEST GETOUTLET ===
2026-04-02 03:55:14 - getOutlet.php - Method: POST
2026-04-02 03:55:14 - getOutlet.php - POST data: {"tgl":"2026-04-02","encrypt":"7e7f1d062ca9b9e5c530948d57925ffe","id_apl":"APL01","key":"APOTEK"}
2026-04-02 10:55:14 - getOutlet.php - Params - tgl: 2026-04-02, encrypt: 7e7f1d062ca9b9e5c530948d57925ffe, id_apl: APL01, key: APOTEK
2026-04-02 03:55:14 - getOutlet.php - === REQUEST GETOUTLET ===
2026-04-02 03:55:14 - getOutlet.php - Method: POST
2026-04-02 03:55:14 - getOutlet.php - POST data: {"tgl":"2026-04-02","encrypt":"7e7f1d062ca9b9e5c530948d57925ffe","id_apl":"APL01","key":"APOT"}
2026-04-02 10:55:14 - getOutlet.php - Params - tgl: 2026-04-02, encrypt: 7e7f1d062ca9b9e5c530948d57925ffe, id_apl: APL01, key: APOT
2026-04-02 10:55:14 - getOutlet.php - Aplikasi ditemukan: Ya
2026-04-02 10:55:14 - getOutlet.php - Key aplikasi: YbcJSFjkds...
2026-04-02 10:55:14 - getOutlet.php - Expected encrypt: 7e7f1d062ca9b9e5c530948d57925ffe
2026-04-02 10:55:14 - getOutlet.php - Received encrypt: 7e7f1d062ca9b9e5c530948d57925ffe
2026-04-02 10:55:14 - getOutlet.php - Authentication berhasil
2026-04-02 10:55:14 - getOutlet.php - Aplikasi ditemukan: Ya
2026-04-02 10:55:14 - getOutlet.php - Key aplikasi: YbcJSFjkds...
2026-04-02 10:55:14 - getOutlet.php - Expected encrypt: 7e7f1d062ca9b9e5c530948d57925ffe
2026-04-02 10:55:14 - getOutlet.php - Received encrypt: 7e7f1d062ca9b9e5c530948d57925ffe
2026-04-02 10:55:14 - getOutlet.php - Authentication berhasil
2026-04-02 10:55:14 - getOutlet.php - Query: SELECT id_out, nama_out, '' AS alamat_out, ofcode_out
            FROM outlet 
            WHERE status_out IN ('Active', '1', 'active')
            AND (nama_out LIKE :key OR ofcode_out LIKE :key)
            ORDER BY nama_out ASC
            LIMIT 20
2026-04-02 10:55:14 - getOutlet.php - Query: SELECT id_out, nama_out, '' AS alamat_out, ofcode_out
            FROM outlet 
            WHERE status_out IN ('Active', '1', 'active')
            AND (nama_out LIKE :key OR ofcode_out LIKE :key)
            ORDER BY nama_out ASC
            LIMIT 20
2026-04-02 10:55:14 - getOutlet.php - Query berhasil, mengembalikan 20 record
2026-04-02 10:55:14 - getOutlet.php - === END REQUEST ===
2026-04-02 10:55:14 - getOutlet.php - Query berhasil, mengembalikan 20 record
2026-04-02 10:55:14 - getOutlet.php - === END REQUEST ===
2026-04-02 03:55:14 - getOutlet.php - === REQUEST GETOUTLET ===
2026-04-02 03:55:14 - getOutlet.php - Method: POST
2026-04-02 03:55:14 - getOutlet.php - POST data: {"tgl":"2026-04-02","encrypt":"7e7f1d062ca9b9e5c530948d57925ffe","id_apl":"APL01","key":"AP"}
2026-04-02 10:55:14 - getOutlet.php - Params - tgl: 2026-04-02, encrypt: 7e7f1d062ca9b9e5c530948d57925ffe, id_apl: APL01, key: AP
2026-04-02 10:55:14 - getOutlet.php - Aplikasi ditemukan: Ya
2026-04-02 10:55:14 - getOutlet.php - Key aplikasi: YbcJSFjkds...
2026-04-02 10:55:14 - getOutlet.php - Expected encrypt: 7e7f1d062ca9b9e5c530948d57925ffe
2026-04-02 10:55:14 - getOutlet.php - Received encrypt: 7e7f1d062ca9b9e5c530948d57925ffe
2026-04-02 10:55:14 - getOutlet.php - Authentication berhasil
2026-04-02 10:55:14 - getOutlet.php - Query: SELECT id_out, nama_out, '' AS alamat_out, ofcode_out
            FROM outlet 
            WHERE status_out IN ('Active', '1', 'active')
            AND (nama_out LIKE :key OR ofcode_out LIKE :key)
            ORDER BY nama_out ASC
            LIMIT 20
2026-04-02 10:55:14 - getOutlet.php - Query berhasil, mengembalikan 20 record
2026-04-02 10:55:14 - getOutlet.php - === END REQUEST ===
2026-04-02 03:55:24 - getOutlet.php - === REQUEST GETOUTLET ===
2026-04-02 03:55:24 - getOutlet.php - Method: POST
2026-04-02 03:55:24 - getOutlet.php - POST data: {"tgl":"2026-04-02","encrypt":"7e7f1d062ca9b9e5c530948d57925ffe","id_apl":"APL01","key":"Ap"}
2026-04-02 10:55:24 - getOutlet.php - Params - tgl: 2026-04-02, encrypt: 7e7f1d062ca9b9e5c530948d57925ffe, id_apl: APL01, key: Ap
2026-04-02 10:55:24 - getOutlet.php - Aplikasi ditemukan: Ya
2026-04-02 10:55:24 - getOutlet.php - Key aplikasi: YbcJSFjkds...
2026-04-02 10:55:24 - getOutlet.php - Expected encrypt: 7e7f1d062ca9b9e5c530948d57925ffe
2026-04-02 10:55:24 - getOutlet.php - Received encrypt: 7e7f1d062ca9b9e5c530948d57925ffe
2026-04-02 10:55:24 - getOutlet.php - Authentication berhasil
2026-04-02 10:55:24 - getOutlet.php - Query: SELECT id_out, nama_out, '' AS alamat_out, ofcode_out
            FROM outlet 
            WHERE status_out IN ('Active', '1', 'active')
            AND (nama_out LIKE :key OR ofcode_out LIKE :key)
            ORDER BY nama_out ASC
            LIMIT 20
2026-04-02 10:55:24 - getOutlet.php - Query berhasil, mengembalikan 20 record
2026-04-02 10:55:24 - getOutlet.php - === END REQUEST ===
2026-04-02 03:55:24 - getOutlet.php - === REQUEST GETOUTLET ===
2026-04-02 03:55:24 - getOutlet.php - Method: POST
2026-04-02 03:55:24 - getOutlet.php - POST data: {"tgl":"2026-04-02","encrypt":"7e7f1d062ca9b9e5c530948d57925ffe","id_apl":"APL01","key":"Apo"}
2026-04-02 10:55:24 - getOutlet.php - Params - tgl: 2026-04-02, encrypt: 7e7f1d062ca9b9e5c530948d57925ffe, id_apl: APL01, key: Apo
2026-04-02 10:55:24 - getOutlet.php - Aplikasi ditemukan: Ya
2026-04-02 10:55:24 - getOutlet.php - Key aplikasi: YbcJSFjkds...
2026-04-02 10:55:24 - getOutlet.php - Expected encrypt: 7e7f1d062ca9b9e5c530948d57925ffe
2026-04-02 10:55:24 - getOutlet.php - Received encrypt: 7e7f1d062ca9b9e5c530948d57925ffe
2026-04-02 10:55:24 - getOutlet.php - Authentication berhasil
2026-04-02 10:55:24 - getOutlet.php - Query: SELECT id_out, nama_out, '' AS alamat_out, ofcode_out
            FROM outlet 
            WHERE status_out IN ('Active', '1', 'active')
            AND (nama_out LIKE :key OR ofcode_out LIKE :key)
            ORDER BY nama_out ASC
            LIMIT 20
2026-04-02 10:55:24 - getOutlet.php - Query berhasil, mengembalikan 20 record
2026-04-02 10:55:24 - getOutlet.php - === END REQUEST ===
2026-04-02 03:55:25 - getOutlet.php - === REQUEST GETOUTLET ===
2026-04-02 03:55:25 - getOutlet.php - Method: POST
2026-04-02 03:55:25 - getOutlet.php - POST data: {"tgl":"2026-04-02","encrypt":"7e7f1d062ca9b9e5c530948d57925ffe","id_apl":"APL01","key":"Apot"}
2026-04-02 10:55:25 - getOutlet.php - Params - tgl: 2026-04-02, encrypt: 7e7f1d062ca9b9e5c530948d57925ffe, id_apl: APL01, key: Apot
2026-04-02 10:55:25 - getOutlet.php - Aplikasi ditemukan: Ya
2026-04-02 10:55:25 - getOutlet.php - Key aplikasi: YbcJSFjkds...
2026-04-02 10:55:25 - getOutlet.php - Expected encrypt: 7e7f1d062ca9b9e5c530948d57925ffe
2026-04-02 10:55:25 - getOutlet.php - Received encrypt: 7e7f1d062ca9b9e5c530948d57925ffe
2026-04-02 10:55:25 - getOutlet.php - Authentication berhasil
2026-04-02 10:55:25 - getOutlet.php - Query: SELECT id_out, nama_out, '' AS alamat_out, ofcode_out
            FROM outlet 
            WHERE status_out IN ('Active', '1', 'active')
            AND (nama_out LIKE :key OR ofcode_out LIKE :key)
            ORDER BY nama_out ASC
            LIMIT 20
2026-04-02 10:55:25 - getOutlet.php - Query berhasil, mengembalikan 20 record
2026-04-02 10:55:25 - getOutlet.php - === END REQUEST ===
2026-04-02 03:55:25 - getOutlet.php - === REQUEST GETOUTLET ===
2026-04-02 03:55:25 - getOutlet.php - Method: POST
2026-04-02 03:55:25 - getOutlet.php - POST data: {"tgl":"2026-04-02","encrypt":"7e7f1d062ca9b9e5c530948d57925ffe","id_apl":"APL01","key":"Apote"}
2026-04-02 10:55:25 - getOutlet.php - Params - tgl: 2026-04-02, encrypt: 7e7f1d062ca9b9e5c530948d57925ffe, id_apl: APL01, key: Apote
2026-04-02 10:55:25 - getOutlet.php - Aplikasi ditemukan: Ya
2026-04-02 10:55:25 - getOutlet.php - Key aplikasi: YbcJSFjkds...
2026-04-02 10:55:25 - getOutlet.php - Expected encrypt: 7e7f1d062ca9b9e5c530948d57925ffe
2026-04-02 10:55:25 - getOutlet.php - Received encrypt: 7e7f1d062ca9b9e5c530948d57925ffe
2026-04-02 10:55:25 - getOutlet.php - Authentication berhasil
2026-04-02 10:55:25 - getOutlet.php - Query: SELECT id_out, nama_out, '' AS alamat_out, ofcode_out
            FROM outlet 
            WHERE status_out IN ('Active', '1', 'active')
            AND (nama_out LIKE :key OR ofcode_out LIKE :key)
            ORDER BY nama_out ASC
            LIMIT 20
2026-04-02 10:55:25 - getOutlet.php - Query berhasil, mengembalikan 20 record
2026-04-02 10:55:25 - getOutlet.php - === END REQUEST ===
2026-04-02 03:55:25 - getOutlet.php - === REQUEST GETOUTLET ===
2026-04-02 03:55:25 - getOutlet.php - Method: POST
2026-04-02 03:55:25 - getOutlet.php - POST data: {"tgl":"2026-04-02","encrypt":"7e7f1d062ca9b9e5c530948d57925ffe","id_apl":"APL01","key":"Apotek"}
2026-04-02 10:55:25 - getOutlet.php - Params - tgl: 2026-04-02, encrypt: 7e7f1d062ca9b9e5c530948d57925ffe, id_apl: APL01, key: Apotek
2026-04-02 10:55:25 - getOutlet.php - Aplikasi ditemukan: Ya
2026-04-02 10:55:25 - getOutlet.php - Key aplikasi: YbcJSFjkds...
2026-04-02 10:55:25 - getOutlet.php - Expected encrypt: 7e7f1d062ca9b9e5c530948d57925ffe
2026-04-02 10:55:25 - getOutlet.php - Received encrypt: 7e7f1d062ca9b9e5c530948d57925ffe
2026-04-02 10:55:25 - getOutlet.php - Authentication berhasil
2026-04-02 10:55:25 - getOutlet.php - Query: SELECT id_out, nama_out, '' AS alamat_out, ofcode_out
            FROM outlet 
            WHERE status_out IN ('Active', '1', 'active')
            AND (nama_out LIKE :key OR ofcode_out LIKE :key)
            ORDER BY nama_out ASC
            LIMIT 20
2026-04-02 10:55:25 - getOutlet.php - Query berhasil, mengembalikan 20 record
2026-04-02 10:55:25 - getOutlet.php - === END REQUEST ===
2026-04-02 03:55:26 - getOutlet.php - === REQUEST GETOUTLET ===
2026-04-02 03:55:26 - getOutlet.php - Method: POST
2026-04-02 03:55:26 - getOutlet.php - POST data: {"tgl":"2026-04-02","encrypt":"7e7f1d062ca9b9e5c530948d57925ffe","id_apl":"APL01","key":"Apotek"}
2026-04-02 10:55:26 - getOutlet.php - Params - tgl: 2026-04-02, encrypt: 7e7f1d062ca9b9e5c530948d57925ffe, id_apl: APL01, key: Apotek
2026-04-02 10:55:26 - getOutlet.php - Aplikasi ditemukan: Ya
2026-04-02 10:55:26 - getOutlet.php - Key aplikasi: YbcJSFjkds...
2026-04-02 10:55:26 - getOutlet.php - Expected encrypt: 7e7f1d062ca9b9e5c530948d57925ffe
2026-04-02 10:55:26 - getOutlet.php - Received encrypt: 7e7f1d062ca9b9e5c530948d57925ffe
2026-04-02 10:55:26 - getOutlet.php - Authentication berhasil
2026-04-02 10:55:26 - getOutlet.php - Query: SELECT id_out, nama_out, '' AS alamat_out, ofcode_out
            FROM outlet 
            WHERE status_out IN ('Active', '1', 'active')
            AND (nama_out LIKE :key OR ofcode_out LIKE :key)
            ORDER BY nama_out ASC
            LIMIT 20
2026-04-02 10:55:26 - getOutlet.php - Query berhasil, mengembalikan 20 record
2026-04-02 10:55:26 - getOutlet.php - === END REQUEST ===
2026-04-02 03:55:26 - getOutlet.php - === REQUEST GETOUTLET ===
2026-04-02 03:55:26 - getOutlet.php - Method: POST
2026-04-02 03:55:26 - getOutlet.php - POST data: {"tgl":"2026-04-02","encrypt":"7e7f1d062ca9b9e5c530948d57925ffe","id_apl":"APL01","key":"Apotek"}
2026-04-02 10:55:26 - getOutlet.php - Params - tgl: 2026-04-02, encrypt: 7e7f1d062ca9b9e5c530948d57925ffe, id_apl: APL01, key: Apotek
2026-04-02 10:55:26 - getOutlet.php - Aplikasi ditemukan: Ya
2026-04-02 10:55:26 - getOutlet.php - Key aplikasi: YbcJSFjkds...
2026-04-02 10:55:26 - getOutlet.php - Expected encrypt: 7e7f1d062ca9b9e5c530948d57925ffe
2026-04-02 10:55:26 - getOutlet.php - Received encrypt: 7e7f1d062ca9b9e5c530948d57925ffe
2026-04-02 10:55:26 - getOutlet.php - Authentication berhasil
2026-04-02 10:55:26 - getOutlet.php - Query: SELECT id_out, nama_out, '' AS alamat_out, ofcode_out
            FROM outlet 
            WHERE status_out IN ('Active', '1', 'active')
            AND (nama_out LIKE :key OR ofcode_out LIKE :key)
            ORDER BY nama_out ASC
            LIMIT 20
2026-04-02 10:55:26 - getOutlet.php - Query berhasil, mengembalikan 20 record
2026-04-02 10:55:26 - getOutlet.php - === END REQUEST ===
2026-04-02 03:55:27 - getOutlet.php - === REQUEST GETOUTLET ===
2026-04-02 03:55:27 - getOutlet.php - Method: POST
2026-04-02 03:55:27 - getOutlet.php - POST data: {"tgl":"2026-04-02","encrypt":"7e7f1d062ca9b9e5c530948d57925ffe","id_apl":"APL01","key":"Apotek b"}
2026-04-02 10:55:27 - getOutlet.php - Params - tgl: 2026-04-02, encrypt: 7e7f1d062ca9b9e5c530948d57925ffe, id_apl: APL01, key: Apotek b
2026-04-02 10:55:27 - getOutlet.php - Aplikasi ditemukan: Ya
2026-04-02 10:55:27 - getOutlet.php - Key aplikasi: YbcJSFjkds...
2026-04-02 10:55:27 - getOutlet.php - Expected encrypt: 7e7f1d062ca9b9e5c530948d57925ffe
2026-04-02 10:55:27 - getOutlet.php - Received encrypt: 7e7f1d062ca9b9e5c530948d57925ffe
2026-04-02 10:55:27 - getOutlet.php - Authentication berhasil
2026-04-02 10:55:27 - getOutlet.php - Query: SELECT id_out, nama_out, '' AS alamat_out, ofcode_out
            FROM outlet 
            WHERE status_out IN ('Active', '1', 'active')
            AND (nama_out LIKE :key OR ofcode_out LIKE :key)
            ORDER BY nama_out ASC
            LIMIT 20
2026-04-02 10:55:27 - getOutlet.php - Query berhasil, mengembalikan 20 record
2026-04-02 10:55:27 - getOutlet.php - === END REQUEST ===
2026-04-02 03:55:27 - getOutlet.php - === REQUEST GETOUTLET ===
2026-04-02 03:55:27 - getOutlet.php - Method: POST
2026-04-02 03:55:27 - getOutlet.php - POST data: {"tgl":"2026-04-02","encrypt":"7e7f1d062ca9b9e5c530948d57925ffe","id_apl":"APL01","key":"Apotek bo"}
2026-04-02 10:55:27 - getOutlet.php - Params - tgl: 2026-04-02, encrypt: 7e7f1d062ca9b9e5c530948d57925ffe, id_apl: APL01, key: Apotek bo
2026-04-02 10:55:27 - getOutlet.php - Aplikasi ditemukan: Ya
2026-04-02 10:55:27 - getOutlet.php - Key aplikasi: YbcJSFjkds...
2026-04-02 10:55:27 - getOutlet.php - Expected encrypt: 7e7f1d062ca9b9e5c530948d57925ffe
2026-04-02 10:55:27 - getOutlet.php - Received encrypt: 7e7f1d062ca9b9e5c530948d57925ffe
2026-04-02 10:55:27 - getOutlet.php - Authentication berhasil
2026-04-02 10:55:27 - getOutlet.php - Query: SELECT id_out, nama_out, '' AS alamat_out, ofcode_out
            FROM outlet 
            WHERE status_out IN ('Active', '1', 'active')
            AND (nama_out LIKE :key OR ofcode_out LIKE :key)
            ORDER BY nama_out ASC
            LIMIT 20
2026-04-02 10:55:27 - getOutlet.php - Query berhasil, mengembalikan 20 record
2026-04-02 10:55:27 - getOutlet.php - === END REQUEST ===
2026-04-02 03:55:27 - getOutlet.php - === REQUEST GETOUTLET ===
2026-04-02 03:55:27 - getOutlet.php - Method: POST
2026-04-02 03:55:27 - getOutlet.php - POST data: {"tgl":"2026-04-02","encrypt":"7e7f1d062ca9b9e5c530948d57925ffe","id_apl":"APL01","key":"Apotek boo"}
2026-04-02 10:55:27 - getOutlet.php - Params - tgl: 2026-04-02, encrypt: 7e7f1d062ca9b9e5c530948d57925ffe, id_apl: APL01, key: Apotek boo
2026-04-02 10:55:27 - getOutlet.php - Aplikasi ditemukan: Ya
2026-04-02 10:55:27 - getOutlet.php - Key aplikasi: YbcJSFjkds...
2026-04-02 10:55:27 - getOutlet.php - Expected encrypt: 7e7f1d062ca9b9e5c530948d57925ffe
2026-04-02 10:55:27 - getOutlet.php - Received encrypt: 7e7f1d062ca9b9e5c530948d57925ffe
2026-04-02 10:55:27 - getOutlet.php - Authentication berhasil
2026-04-02 10:55:27 - getOutlet.php - Query: SELECT id_out, nama_out, '' AS alamat_out, ofcode_out
            FROM outlet 
            WHERE status_out IN ('Active', '1', 'active')
            AND (nama_out LIKE :key OR ofcode_out LIKE :key)
            ORDER BY nama_out ASC
            LIMIT 20
2026-04-02 10:55:27 - getOutlet.php - Query berhasil, mengembalikan 20 record
2026-04-02 10:55:27 - getOutlet.php - === END REQUEST ===
2026-04-02 03:55:27 - getOutlet.php - === REQUEST GETOUTLET ===
2026-04-02 03:55:27 - getOutlet.php - Method: POST
2026-04-02 03:55:27 - getOutlet.php - POST data: {"tgl":"2026-04-02","encrypt":"7e7f1d062ca9b9e5c530948d57925ffe","id_apl":"APL01","key":"Apotek boot"}
2026-04-02 10:55:27 - getOutlet.php - Params - tgl: 2026-04-02, encrypt: 7e7f1d062ca9b9e5c530948d57925ffe, id_apl: APL01, key: Apotek boot
2026-04-02 10:55:27 - getOutlet.php - Aplikasi ditemukan: Ya
2026-04-02 10:55:27 - getOutlet.php - Key aplikasi: YbcJSFjkds...
2026-04-02 10:55:27 - getOutlet.php - Expected encrypt: 7e7f1d062ca9b9e5c530948d57925ffe
2026-04-02 10:55:27 - getOutlet.php - Received encrypt: 7e7f1d062ca9b9e5c530948d57925ffe
2026-04-02 10:55:27 - getOutlet.php - Authentication berhasil
2026-04-02 10:55:27 - getOutlet.php - Query: SELECT id_out, nama_out, '' AS alamat_out, ofcode_out
            FROM outlet 
            WHERE status_out IN ('Active', '1', 'active')
            AND (nama_out LIKE :key OR ofcode_out LIKE :key)
            ORDER BY nama_out ASC
            LIMIT 20
2026-04-02 10:55:27 - getOutlet.php - Query berhasil, mengembalikan 20 record
2026-04-02 10:55:27 - getOutlet.php - === END REQUEST ===
2026-04-02 03:55:28 - getOutlet.php - === REQUEST GETOUTLET ===
2026-04-02 03:55:28 - getOutlet.php - Method: POST
2026-04-02 03:55:28 - getOutlet.php - POST data: {"tgl":"2026-04-02","encrypt":"7e7f1d062ca9b9e5c530948d57925ffe","id_apl":"APL01","key":"Apotek boots"}
2026-04-02 10:55:28 - getOutlet.php - Params - tgl: 2026-04-02, encrypt: 7e7f1d062ca9b9e5c530948d57925ffe, id_apl: APL01, key: Apotek boots
2026-04-02 10:55:28 - getOutlet.php - Aplikasi ditemukan: Ya
2026-04-02 10:55:28 - getOutlet.php - Key aplikasi: YbcJSFjkds...
2026-04-02 10:55:28 - getOutlet.php - Expected encrypt: 7e7f1d062ca9b9e5c530948d57925ffe
2026-04-02 10:55:28 - getOutlet.php - Received encrypt: 7e7f1d062ca9b9e5c530948d57925ffe
2026-04-02 10:55:28 - getOutlet.php - Authentication berhasil
2026-04-02 10:55:28 - getOutlet.php - Query: SELECT id_out, nama_out, '' AS alamat_out, ofcode_out
            FROM outlet 
            WHERE status_out IN ('Active', '1', 'active')
            AND (nama_out LIKE :key OR ofcode_out LIKE :key)
            ORDER BY nama_out ASC
            LIMIT 20
2026-04-02 10:55:28 - getOutlet.php - Query berhasil, mengembalikan 20 record
2026-04-02 10:55:28 - getOutlet.php - === END REQUEST ===
2026-04-02 03:55:30 - getOutlet.php - === REQUEST GETOUTLET ===
2026-04-02 03:55:30 - getOutlet.php - Method: POST
2026-04-02 03:55:30 - getOutlet.php - POST data: {"tgl":"2026-04-02","encrypt":"7e7f1d062ca9b9e5c530948d57925ffe","id_apl":"APL01","key":"Apotek boots"}
2026-04-02 10:55:30 - getOutlet.php - Params - tgl: 2026-04-02, encrypt: 7e7f1d062ca9b9e5c530948d57925ffe, id_apl: APL01, key: Apotek boots
2026-04-02 10:55:30 - getOutlet.php - Aplikasi ditemukan: Ya
2026-04-02 10:55:30 - getOutlet.php - Key aplikasi: YbcJSFjkds...
2026-04-02 10:55:30 - getOutlet.php - Expected encrypt: 7e7f1d062ca9b9e5c530948d57925ffe
2026-04-02 10:55:30 - getOutlet.php - Received encrypt: 7e7f1d062ca9b9e5c530948d57925ffe
2026-04-02 10:55:30 - getOutlet.php - Authentication berhasil
2026-04-02 10:55:30 - getOutlet.php - Query: SELECT id_out, nama_out, '' AS alamat_out, ofcode_out
            FROM outlet 
            WHERE status_out IN ('Active', '1', 'active')
            AND (nama_out LIKE :key OR ofcode_out LIKE :key)
            ORDER BY nama_out ASC
            LIMIT 20
2026-04-02 10:55:30 - getOutlet.php - Query berhasil, mengembalikan 20 record
2026-04-02 03:55:30 - getOutlet.php - === REQUEST GETOUTLET ===
2026-04-02 10:55:30 - getOutlet.php - === END REQUEST ===
2026-04-02 03:55:30 - getOutlet.php - Method: POST
2026-04-02 03:55:30 - getOutlet.php - POST data: {"tgl":"2026-04-02","encrypt":"7e7f1d062ca9b9e5c530948d57925ffe","id_apl":"APL01","key":"Apotek boots"}
2026-04-02 10:55:30 - getOutlet.php - Params - tgl: 2026-04-02, encrypt: 7e7f1d062ca9b9e5c530948d57925ffe, id_apl: APL01, key: Apotek boots
2026-04-02 10:55:30 - getOutlet.php - Aplikasi ditemukan: Ya
2026-04-02 10:55:30 - getOutlet.php - Key aplikasi: YbcJSFjkds...
2026-04-02 10:55:30 - getOutlet.php - Expected encrypt: 7e7f1d062ca9b9e5c530948d57925ffe
2026-04-02 10:55:30 - getOutlet.php - Received encrypt: 7e7f1d062ca9b9e5c530948d57925ffe
2026-04-02 10:55:30 - getOutlet.php - Authentication berhasil
2026-04-02 10:55:30 - getOutlet.php - Query: SELECT id_out, nama_out, '' AS alamat_out, ofcode_out
            FROM outlet 
            WHERE status_out IN ('Active', '1', 'active')
            AND (nama_out LIKE :key OR ofcode_out LIKE :key)
            ORDER BY nama_out ASC
            LIMIT 20
2026-04-02 10:55:30 - getOutlet.php - Query berhasil, mengembalikan 20 record
2026-04-02 10:55:30 - getOutlet.php - === END REQUEST ===
2026-04-02 03:55:31 - getOutlet.php - === REQUEST GETOUTLET ===
2026-04-02 03:55:31 - getOutlet.php - Method: POST
2026-04-02 03:55:31 - getOutlet.php - POST data: {"tgl":"2026-04-02","encrypt":"7e7f1d062ca9b9e5c530948d57925ffe","id_apl":"APL01","key":"Apotek boots b"}
2026-04-02 10:55:31 - getOutlet.php - Params - tgl: 2026-04-02, encrypt: 7e7f1d062ca9b9e5c530948d57925ffe, id_apl: APL01, key: Apotek boots b
2026-04-02 10:55:31 - getOutlet.php - Aplikasi ditemukan: Ya
2026-04-02 10:55:31 - getOutlet.php - Key aplikasi: YbcJSFjkds...
2026-04-02 10:55:31 - getOutlet.php - Expected encrypt: 7e7f1d062ca9b9e5c530948d57925ffe
2026-04-02 10:55:31 - getOutlet.php - Received encrypt: 7e7f1d062ca9b9e5c530948d57925ffe
2026-04-02 10:55:31 - getOutlet.php - Authentication berhasil
2026-04-02 10:55:31 - getOutlet.php - Query: SELECT id_out, nama_out, '' AS alamat_out, ofcode_out
            FROM outlet 
            WHERE status_out IN ('Active', '1', 'active')
            AND (nama_out LIKE :key OR ofcode_out LIKE :key)
            ORDER BY nama_out ASC
            LIMIT 20
2026-04-02 10:55:31 - getOutlet.php - Query berhasil, mengembalikan 1 record
2026-04-02 10:55:31 - getOutlet.php - === END REQUEST ===
2026-04-02 03:55:31 - getOutlet.php - === REQUEST GETOUTLET ===
2026-04-02 03:55:31 - getOutlet.php - Method: POST
2026-04-02 03:55:31 - getOutlet.php - POST data: {"tgl":"2026-04-02","encrypt":"7e7f1d062ca9b9e5c530948d57925ffe","id_apl":"APL01","key":"Apotek boots bi"}
2026-04-02 10:55:31 - getOutlet.php - Params - tgl: 2026-04-02, encrypt: 7e7f1d062ca9b9e5c530948d57925ffe, id_apl: APL01, key: Apotek boots bi
2026-04-02 10:55:31 - getOutlet.php - Aplikasi ditemukan: Ya
2026-04-02 10:55:31 - getOutlet.php - Key aplikasi: YbcJSFjkds...
2026-04-02 10:55:31 - getOutlet.php - Expected encrypt: 7e7f1d062ca9b9e5c530948d57925ffe
2026-04-02 10:55:31 - getOutlet.php - Received encrypt: 7e7f1d062ca9b9e5c530948d57925ffe
2026-04-02 10:55:31 - getOutlet.php - Authentication berhasil
2026-04-02 10:55:31 - getOutlet.php - Query: SELECT id_out, nama_out, '' AS alamat_out, ofcode_out
            FROM outlet 
            WHERE status_out IN ('Active', '1', 'active')
            AND (nama_out LIKE :key OR ofcode_out LIKE :key)
            ORDER BY nama_out ASC
            LIMIT 20
2026-04-02 10:55:31 - getOutlet.php - Query berhasil, mengembalikan 1 record
2026-04-02 10:55:31 - getOutlet.php - === END REQUEST ===
2026-04-02 03:55:31 - getOutlet.php - === REQUEST GETOUTLET ===
2026-04-02 03:55:31 - getOutlet.php - Method: POST
2026-04-02 03:55:31 - getOutlet.php - POST data: {"tgl":"2026-04-02","encrypt":"7e7f1d062ca9b9e5c530948d57925ffe","id_apl":"APL01","key":"Apotek boots bib"}
2026-04-02 10:55:31 - getOutlet.php - Params - tgl: 2026-04-02, encrypt: 7e7f1d062ca9b9e5c530948d57925ffe, id_apl: APL01, key: Apotek boots bib
2026-04-02 10:55:31 - getOutlet.php - Aplikasi ditemukan: Ya
2026-04-02 10:55:31 - getOutlet.php - Key aplikasi: YbcJSFjkds...
2026-04-02 10:55:31 - getOutlet.php - Expected encrypt: 7e7f1d062ca9b9e5c530948d57925ffe
2026-04-02 10:55:31 - getOutlet.php - Received encrypt: 7e7f1d062ca9b9e5c530948d57925ffe
2026-04-02 10:55:31 - getOutlet.php - Authentication berhasil
2026-04-02 10:55:31 - getOutlet.php - Query: SELECT id_out, nama_out, '' AS alamat_out, ofcode_out
            FROM outlet 
            WHERE status_out IN ('Active', '1', 'active')
            AND (nama_out LIKE :key OR ofcode_out LIKE :key)
            ORDER BY nama_out ASC
            LIMIT 20
2026-04-02 10:55:31 - getOutlet.php - Query berhasil, mengembalikan 0 record
2026-04-02 10:55:31 - getOutlet.php - === END REQUEST ===
2026-04-02 03:55:31 - getOutlet.php - === REQUEST GETOUTLET ===
2026-04-02 03:55:31 - getOutlet.php - Method: POST
2026-04-02 03:55:31 - getOutlet.php - POST data: {"tgl":"2026-04-02","encrypt":"7e7f1d062ca9b9e5c530948d57925ffe","id_apl":"APL01","key":"Apotek boots bibt"}
2026-04-02 10:55:31 - getOutlet.php - Params - tgl: 2026-04-02, encrypt: 7e7f1d062ca9b9e5c530948d57925ffe, id_apl: APL01, key: Apotek boots bibt
2026-04-02 10:55:31 - getOutlet.php - Aplikasi ditemukan: Ya
2026-04-02 10:55:31 - getOutlet.php - Key aplikasi: YbcJSFjkds...
2026-04-02 10:55:31 - getOutlet.php - Expected encrypt: 7e7f1d062ca9b9e5c530948d57925ffe
2026-04-02 10:55:31 - getOutlet.php - Received encrypt: 7e7f1d062ca9b9e5c530948d57925ffe
2026-04-02 10:55:31 - getOutlet.php - Authentication berhasil
2026-04-02 10:55:31 - getOutlet.php - Query: SELECT id_out, nama_out, '' AS alamat_out, ofcode_out
            FROM outlet 
            WHERE status_out IN ('Active', '1', 'active')
            AND (nama_out LIKE :key OR ofcode_out LIKE :key)
            ORDER BY nama_out ASC
            LIMIT 20
2026-04-02 10:55:31 - getOutlet.php - Query berhasil, mengembalikan 0 record
2026-04-02 10:55:31 - getOutlet.php - === END REQUEST ===
2026-04-02 03:55:31 - getOutlet.php - === REQUEST GETOUTLET ===
2026-04-02 03:55:31 - getOutlet.php - Method: POST
2026-04-02 03:55:31 - getOutlet.php - POST data: {"tgl":"2026-04-02","encrypt":"7e7f1d062ca9b9e5c530948d57925ffe","id_apl":"APL01","key":"Apotek boots bibta"}
2026-04-02 10:55:31 - getOutlet.php - Params - tgl: 2026-04-02, encrypt: 7e7f1d062ca9b9e5c530948d57925ffe, id_apl: APL01, key: Apotek boots bibta
2026-04-02 10:55:31 - getOutlet.php - Aplikasi ditemukan: Ya
2026-04-02 10:55:31 - getOutlet.php - Key aplikasi: YbcJSFjkds...
2026-04-02 10:55:31 - getOutlet.php - Expected encrypt: 7e7f1d062ca9b9e5c530948d57925ffe
2026-04-02 10:55:31 - getOutlet.php - Received encrypt: 7e7f1d062ca9b9e5c530948d57925ffe
2026-04-02 10:55:31 - getOutlet.php - Authentication berhasil
2026-04-02 10:55:31 - getOutlet.php - Query: SELECT id_out, nama_out, '' AS alamat_out, ofcode_out
            FROM outlet 
            WHERE status_out IN ('Active', '1', 'active')
            AND (nama_out LIKE :key OR ofcode_out LIKE :key)
            ORDER BY nama_out ASC
            LIMIT 20
2026-04-02 10:55:31 - getOutlet.php - Query berhasil, mengembalikan 0 record
2026-04-02 10:55:31 - getOutlet.php - === END REQUEST ===
2026-04-02 03:55:32 - getOutlet.php - === REQUEST GETOUTLET ===
2026-04-02 03:55:32 - getOutlet.php - Method: POST
2026-04-02 03:55:32 - getOutlet.php - POST data: {"tgl":"2026-04-02","encrypt":"7e7f1d062ca9b9e5c530948d57925ffe","id_apl":"APL01","key":"Apotek boots bibtar"}
2026-04-02 10:55:32 - getOutlet.php - Params - tgl: 2026-04-02, encrypt: 7e7f1d062ca9b9e5c530948d57925ffe, id_apl: APL01, key: Apotek boots bibtar
2026-04-02 10:55:32 - getOutlet.php - Aplikasi ditemukan: Ya
2026-04-02 10:55:32 - getOutlet.php - Key aplikasi: YbcJSFjkds...
2026-04-02 10:55:32 - getOutlet.php - Expected encrypt: 7e7f1d062ca9b9e5c530948d57925ffe
2026-04-02 10:55:32 - getOutlet.php - Received encrypt: 7e7f1d062ca9b9e5c530948d57925ffe
2026-04-02 10:55:32 - getOutlet.php - Authentication berhasil
2026-04-02 10:55:32 - getOutlet.php - Query: SELECT id_out, nama_out, '' AS alamat_out, ofcode_out
            FROM outlet 
            WHERE status_out IN ('Active', '1', 'active')
            AND (nama_out LIKE :key OR ofcode_out LIKE :key)
            ORDER BY nama_out ASC
            LIMIT 20
2026-04-02 10:55:32 - getOutlet.php - Query berhasil, mengembalikan 0 record
2026-04-02 10:55:32 - getOutlet.php - === END REQUEST ===
2026-04-02 03:55:32 - getOutlet.php - === REQUEST GETOUTLET ===
2026-04-02 03:55:32 - getOutlet.php - Method: POST
2026-04-02 03:55:32 - getOutlet.php - POST data: {"tgl":"2026-04-02","encrypt":"7e7f1d062ca9b9e5c530948d57925ffe","id_apl":"APL01","key":"Apotek boots bibtaro"}
2026-04-02 10:55:32 - getOutlet.php - Params - tgl: 2026-04-02, encrypt: 7e7f1d062ca9b9e5c530948d57925ffe, id_apl: APL01, key: Apotek boots bibtaro
2026-04-02 10:55:32 - getOutlet.php - Aplikasi ditemukan: Ya
2026-04-02 10:55:32 - getOutlet.php - Key aplikasi: YbcJSFjkds...
2026-04-02 10:55:32 - getOutlet.php - Expected encrypt: 7e7f1d062ca9b9e5c530948d57925ffe
2026-04-02 10:55:32 - getOutlet.php - Received encrypt: 7e7f1d062ca9b9e5c530948d57925ffe
2026-04-02 10:55:32 - getOutlet.php - Authentication berhasil
2026-04-02 10:55:32 - getOutlet.php - Query: SELECT id_out, nama_out, '' AS alamat_out, ofcode_out
            FROM outlet 
            WHERE status_out IN ('Active', '1', 'active')
            AND (nama_out LIKE :key OR ofcode_out LIKE :key)
            ORDER BY nama_out ASC
            LIMIT 20
2026-04-02 10:55:32 - getOutlet.php - Query berhasil, mengembalikan 0 record
2026-04-02 10:55:32 - getOutlet.php - === END REQUEST ===
2026-04-02 03:55:34 - getOutlet.php - === REQUEST GETOUTLET ===
2026-04-02 03:55:34 - getOutlet.php - Method: POST
2026-04-02 03:55:34 - getOutlet.php - POST data: {"tgl":"2026-04-02","encrypt":"7e7f1d062ca9b9e5c530948d57925ffe","id_apl":"APL01","key":"Apotek boots bibtar"}
2026-04-02 10:55:34 - getOutlet.php - Params - tgl: 2026-04-02, encrypt: 7e7f1d062ca9b9e5c530948d57925ffe, id_apl: APL01, key: Apotek boots bibtar
2026-04-02 10:55:34 - getOutlet.php - Aplikasi ditemukan: Ya
2026-04-02 10:55:34 - getOutlet.php - Key aplikasi: YbcJSFjkds...
2026-04-02 10:55:34 - getOutlet.php - Expected encrypt: 7e7f1d062ca9b9e5c530948d57925ffe
2026-04-02 10:55:34 - getOutlet.php - Received encrypt: 7e7f1d062ca9b9e5c530948d57925ffe
2026-04-02 10:55:34 - getOutlet.php - Authentication berhasil
2026-04-02 10:55:34 - getOutlet.php - Query: SELECT id_out, nama_out, '' AS alamat_out, ofcode_out
            FROM outlet 
            WHERE status_out IN ('Active', '1', 'active')
            AND (nama_out LIKE :key OR ofcode_out LIKE :key)
            ORDER BY nama_out ASC
            LIMIT 20
2026-04-02 10:55:34 - getOutlet.php - Query berhasil, mengembalikan 0 record
2026-04-02 10:55:34 - getOutlet.php - === END REQUEST ===
2026-04-02 03:55:34 - getOutlet.php - === REQUEST GETOUTLET ===
2026-04-02 03:55:34 - getOutlet.php - Method: POST
2026-04-02 03:55:34 - getOutlet.php - POST data: {"tgl":"2026-04-02","encrypt":"7e7f1d062ca9b9e5c530948d57925ffe","id_apl":"APL01","key":"Apotek boots bibta"}
2026-04-02 10:55:34 - getOutlet.php - Params - tgl: 2026-04-02, encrypt: 7e7f1d062ca9b9e5c530948d57925ffe, id_apl: APL01, key: Apotek boots bibta
2026-04-02 10:55:34 - getOutlet.php - Aplikasi ditemukan: Ya
2026-04-02 10:55:34 - getOutlet.php - Key aplikasi: YbcJSFjkds...
2026-04-02 10:55:34 - getOutlet.php - Expected encrypt: 7e7f1d062ca9b9e5c530948d57925ffe
2026-04-02 10:55:34 - getOutlet.php - Received encrypt: 7e7f1d062ca9b9e5c530948d57925ffe
2026-04-02 10:55:34 - getOutlet.php - Authentication berhasil
2026-04-02 10:55:34 - getOutlet.php - Query: SELECT id_out, nama_out, '' AS alamat_out, ofcode_out
            FROM outlet 
            WHERE status_out IN ('Active', '1', 'active')
            AND (nama_out LIKE :key OR ofcode_out LIKE :key)
            ORDER BY nama_out ASC
            LIMIT 20
2026-04-02 10:55:34 - getOutlet.php - Query berhasil, mengembalikan 0 record
2026-04-02 10:55:34 - getOutlet.php - === END REQUEST ===
2026-04-02 03:55:35 - getOutlet.php - === REQUEST GETOUTLET ===
2026-04-02 03:55:35 - getOutlet.php - Method: POST
2026-04-02 03:55:35 - getOutlet.php - POST data: {"tgl":"2026-04-02","encrypt":"7e7f1d062ca9b9e5c530948d57925ffe","id_apl":"APL01","key":"Apotek boots bibt"}
2026-04-02 10:55:35 - getOutlet.php - Params - tgl: 2026-04-02, encrypt: 7e7f1d062ca9b9e5c530948d57925ffe, id_apl: APL01, key: Apotek boots bibt
2026-04-02 10:55:35 - getOutlet.php - Aplikasi ditemukan: Ya
2026-04-02 10:55:35 - getOutlet.php - Key aplikasi: YbcJSFjkds...
2026-04-02 10:55:35 - getOutlet.php - Expected encrypt: 7e7f1d062ca9b9e5c530948d57925ffe
2026-04-02 10:55:35 - getOutlet.php - Received encrypt: 7e7f1d062ca9b9e5c530948d57925ffe
2026-04-02 10:55:35 - getOutlet.php - Authentication berhasil
2026-04-02 10:55:35 - getOutlet.php - Query: SELECT id_out, nama_out, '' AS alamat_out, ofcode_out
            FROM outlet 
            WHERE status_out IN ('Active', '1', 'active')
            AND (nama_out LIKE :key OR ofcode_out LIKE :key)
            ORDER BY nama_out ASC
            LIMIT 20
2026-04-02 10:55:35 - getOutlet.php - Query berhasil, mengembalikan 0 record
2026-04-02 10:55:35 - getOutlet.php - === END REQUEST ===
2026-04-02 03:55:35 - getOutlet.php - === REQUEST GETOUTLET ===
2026-04-02 03:55:35 - getOutlet.php - Method: POST
2026-04-02 03:55:35 - getOutlet.php - POST data: {"tgl":"2026-04-02","encrypt":"7e7f1d062ca9b9e5c530948d57925ffe","id_apl":"APL01","key":"Apotek boots bib"}
2026-04-02 10:55:35 - getOutlet.php - Params - tgl: 2026-04-02, encrypt: 7e7f1d062ca9b9e5c530948d57925ffe, id_apl: APL01, key: Apotek boots bib
2026-04-02 10:55:35 - getOutlet.php - Aplikasi ditemukan: Ya
2026-04-02 10:55:35 - getOutlet.php - Key aplikasi: YbcJSFjkds...
2026-04-02 10:55:35 - getOutlet.php - Expected encrypt: 7e7f1d062ca9b9e5c530948d57925ffe
2026-04-02 10:55:35 - getOutlet.php - Received encrypt: 7e7f1d062ca9b9e5c530948d57925ffe
2026-04-02 10:55:35 - getOutlet.php - Authentication berhasil
2026-04-02 10:55:35 - getOutlet.php - Query: SELECT id_out, nama_out, '' AS alamat_out, ofcode_out
            FROM outlet 
            WHERE status_out IN ('Active', '1', 'active')
            AND (nama_out LIKE :key OR ofcode_out LIKE :key)
            ORDER BY nama_out ASC
            LIMIT 20
2026-04-02 10:55:35 - getOutlet.php - Query berhasil, mengembalikan 0 record
2026-04-02 10:55:35 - getOutlet.php - === END REQUEST ===
2026-04-02 03:55:35 - getOutlet.php - === REQUEST GETOUTLET ===
2026-04-02 03:55:35 - getOutlet.php - Method: POST
2026-04-02 03:55:35 - getOutlet.php - POST data: {"tgl":"2026-04-02","encrypt":"7e7f1d062ca9b9e5c530948d57925ffe","id_apl":"APL01","key":"Apotek boots bi"}
2026-04-02 10:55:35 - getOutlet.php - Params - tgl: 2026-04-02, encrypt: 7e7f1d062ca9b9e5c530948d57925ffe, id_apl: APL01, key: Apotek boots bi
2026-04-02 10:55:35 - getOutlet.php - Aplikasi ditemukan: Ya
2026-04-02 10:55:35 - getOutlet.php - Key aplikasi: YbcJSFjkds...
2026-04-02 10:55:35 - getOutlet.php - Expected encrypt: 7e7f1d062ca9b9e5c530948d57925ffe
2026-04-02 10:55:35 - getOutlet.php - Received encrypt: 7e7f1d062ca9b9e5c530948d57925ffe
2026-04-02 10:55:35 - getOutlet.php - Authentication berhasil
2026-04-02 10:55:35 - getOutlet.php - Query: SELECT id_out, nama_out, '' AS alamat_out, ofcode_out
            FROM outlet 
            WHERE status_out IN ('Active', '1', 'active')
            AND (nama_out LIKE :key OR ofcode_out LIKE :key)
            ORDER BY nama_out ASC
            LIMIT 20
2026-04-02 10:55:35 - getOutlet.php - Query berhasil, mengembalikan 1 record
2026-04-02 10:55:35 - getOutlet.php - === END REQUEST ===
2026-04-02 03:55:38 - getOutlet.php - === REQUEST GETOUTLET ===
2026-04-02 03:55:38 - getOutlet.php - Method: POST
2026-04-02 03:55:38 - getOutlet.php - POST data: {"tgl":"2026-04-02","encrypt":"7e7f1d062ca9b9e5c530948d57925ffe","id_apl":"APL01","key":"Apotek Boots Bintaro Xchange 2"}
2026-04-02 10:55:38 - getOutlet.php - Params - tgl: 2026-04-02, encrypt: 7e7f1d062ca9b9e5c530948d57925ffe, id_apl: APL01, key: Apotek Boots Bintaro Xchange 2
2026-04-02 10:55:38 - getOutlet.php - Aplikasi ditemukan: Ya
2026-04-02 10:55:38 - getOutlet.php - Key aplikasi: YbcJSFjkds...
2026-04-02 10:55:38 - getOutlet.php - Expected encrypt: 7e7f1d062ca9b9e5c530948d57925ffe
2026-04-02 10:55:38 - getOutlet.php - Received encrypt: 7e7f1d062ca9b9e5c530948d57925ffe
2026-04-02 10:55:38 - getOutlet.php - Authentication berhasil
2026-04-02 10:55:38 - getOutlet.php - Query: SELECT id_out, nama_out, '' AS alamat_out, ofcode_out
            FROM outlet 
            WHERE status_out IN ('Active', '1', 'active')
            AND (nama_out LIKE :key OR ofcode_out LIKE :key)
            ORDER BY nama_out ASC
            LIMIT 20
2026-04-02 10:55:38 - getOutlet.php - Query berhasil, mengembalikan 1 record
2026-04-02 10:55:38 - getOutlet.php - === END REQUEST ===
2026-04-02 03:56:02 - getOutlet.php - === REQUEST GETOUTLET ===
2026-04-02 03:56:02 - getOutlet.php - Method: POST
2026-04-02 03:56:02 - getOutlet.php - POST data: {"tgl":"2026-04-02","encrypt":"7e7f1d062ca9b9e5c530948d57925ffe","id_apl":"APL01","key":"Rs"}
2026-04-02 10:56:02 - getOutlet.php - Params - tgl: 2026-04-02, encrypt: 7e7f1d062ca9b9e5c530948d57925ffe, id_apl: APL01, key: Rs
2026-04-02 10:56:02 - getOutlet.php - Aplikasi ditemukan: Ya
2026-04-02 10:56:02 - getOutlet.php - Key aplikasi: YbcJSFjkds...
2026-04-02 10:56:02 - getOutlet.php - Expected encrypt: 7e7f1d062ca9b9e5c530948d57925ffe
2026-04-02 10:56:02 - getOutlet.php - Received encrypt: 7e7f1d062ca9b9e5c530948d57925ffe
2026-04-02 10:56:02 - getOutlet.php - Authentication berhasil
2026-04-02 10:56:02 - getOutlet.php - Query: SELECT id_out, nama_out, '' AS alamat_out, ofcode_out
            FROM outlet 
            WHERE status_out IN ('Active', '1', 'active')
            AND (nama_out LIKE :key OR ofcode_out LIKE :key)
            ORDER BY nama_out ASC
            LIMIT 20
2026-04-02 10:56:02 - getOutlet.php - Query berhasil, mengembalikan 20 record
2026-04-02 10:56:02 - getOutlet.php - === END REQUEST ===
2026-04-02 03:56:04 - getOutlet.php - === REQUEST GETOUTLET ===
2026-04-02 03:56:04 - getOutlet.php - Method: POST
2026-04-02 03:56:04 - getOutlet.php - POST data: {"tgl":"2026-04-02","encrypt":"7e7f1d062ca9b9e5c530948d57925ffe","id_apl":"APL01","key":"Rs"}
2026-04-02 10:56:04 - getOutlet.php - Params - tgl: 2026-04-02, encrypt: 7e7f1d062ca9b9e5c530948d57925ffe, id_apl: APL01, key: Rs
2026-04-02 03:56:04 - getOutlet.php - === REQUEST GETOUTLET ===
2026-04-02 03:56:04 - getOutlet.php - Method: POST
2026-04-02 03:56:04 - getOutlet.php - POST data: {"tgl":"2026-04-02","encrypt":"7e7f1d062ca9b9e5c530948d57925ffe","id_apl":"APL01","key":"Rs m"}
2026-04-02 10:56:04 - getOutlet.php - Params - tgl: 2026-04-02, encrypt: 7e7f1d062ca9b9e5c530948d57925ffe, id_apl: APL01, key: Rs m
2026-04-02 03:56:04 - getOutlet.php - === REQUEST GETOUTLET ===
2026-04-02 03:56:04 - getOutlet.php - Method: POST
2026-04-02 03:56:04 - getOutlet.php - POST data: {"tgl":"2026-04-02","encrypt":"7e7f1d062ca9b9e5c530948d57925ffe","id_apl":"APL01","key":"Rs"}
2026-04-02 10:56:04 - getOutlet.php - Params - tgl: 2026-04-02, encrypt: 7e7f1d062ca9b9e5c530948d57925ffe, id_apl: APL01, key: Rs
2026-04-02 10:56:04 - getOutlet.php - Aplikasi ditemukan: Ya
2026-04-02 10:56:04 - getOutlet.php - Key aplikasi: YbcJSFjkds...
2026-04-02 10:56:04 - getOutlet.php - Expected encrypt: 7e7f1d062ca9b9e5c530948d57925ffe
2026-04-02 10:56:04 - getOutlet.php - Received encrypt: 7e7f1d062ca9b9e5c530948d57925ffe
2026-04-02 10:56:04 - getOutlet.php - Authentication berhasil
2026-04-02 10:56:04 - getOutlet.php - Query: SELECT id_out, nama_out, '' AS alamat_out, ofcode_out
            FROM outlet 
            WHERE status_out IN ('Active', '1', 'active')
            AND (nama_out LIKE :key OR ofcode_out LIKE :key)
            ORDER BY nama_out ASC
            LIMIT 20
2026-04-02 10:56:04 - getOutlet.php - Query berhasil, mengembalikan 20 record
2026-04-02 10:56:04 - getOutlet.php - === END REQUEST ===
2026-04-02 03:56:04 - getOutlet.php - === REQUEST GETOUTLET ===
2026-04-02 03:56:04 - getOutlet.php - Method: POST
2026-04-02 03:56:04 - getOutlet.php - POST data: {"tgl":"2026-04-02","encrypt":"7e7f1d062ca9b9e5c530948d57925ffe","id_apl":"APL01","key":"Rs mi"}
2026-04-02 10:56:04 - getOutlet.php - Params - tgl: 2026-04-02, encrypt: 7e7f1d062ca9b9e5c530948d57925ffe, id_apl: APL01, key: Rs mi
2026-04-02 10:56:04 - getOutlet.php - Aplikasi ditemukan: Ya
2026-04-02 10:56:04 - getOutlet.php - Key aplikasi: YbcJSFjkds...
2026-04-02 10:56:04 - getOutlet.php - Expected encrypt: 7e7f1d062ca9b9e5c530948d57925ffe
2026-04-02 10:56:04 - getOutlet.php - Received encrypt: 7e7f1d062ca9b9e5c530948d57925ffe
2026-04-02 10:56:04 - getOutlet.php - Authentication berhasil
2026-04-02 10:56:04 - getOutlet.php - Query: SELECT id_out, nama_out, '' AS alamat_out, ofcode_out
            FROM outlet 
            WHERE status_out IN ('Active', '1', 'active')
            AND (nama_out LIKE :key OR ofcode_out LIKE :key)
            ORDER BY nama_out ASC
            LIMIT 20
2026-04-02 10:56:04 - getOutlet.php - Query berhasil, mengembalikan 17 record
2026-04-02 10:56:04 - getOutlet.php - === END REQUEST ===
2026-04-02 10:56:04 - getOutlet.php - Aplikasi ditemukan: Ya
2026-04-02 10:56:04 - getOutlet.php - Key aplikasi: YbcJSFjkds...
2026-04-02 10:56:04 - getOutlet.php - Expected encrypt: 7e7f1d062ca9b9e5c530948d57925ffe
2026-04-02 10:56:04 - getOutlet.php - Received encrypt: 7e7f1d062ca9b9e5c530948d57925ffe
2026-04-02 10:56:04 - getOutlet.php - Authentication berhasil
2026-04-02 10:56:04 - getOutlet.php - Aplikasi ditemukan: Ya
2026-04-02 10:56:04 - getOutlet.php - Key aplikasi: YbcJSFjkds...
2026-04-02 10:56:04 - getOutlet.php - Expected encrypt: 7e7f1d062ca9b9e5c530948d57925ffe
2026-04-02 10:56:04 - getOutlet.php - Received encrypt: 7e7f1d062ca9b9e5c530948d57925ffe
2026-04-02 10:56:04 - getOutlet.php - Authentication berhasil
2026-04-02 10:56:04 - getOutlet.php - Query: SELECT id_out, nama_out, '' AS alamat_out, ofcode_out
            FROM outlet 
            WHERE status_out IN ('Active', '1', 'active')
            AND (nama_out LIKE :key OR ofcode_out LIKE :key)
            ORDER BY nama_out ASC
            LIMIT 20
2026-04-02 10:56:04 - getOutlet.php - Query: SELECT id_out, nama_out, '' AS alamat_out, ofcode_out
            FROM outlet 
            WHERE status_out IN ('Active', '1', 'active')
            AND (nama_out LIKE :key OR ofcode_out LIKE :key)
            ORDER BY nama_out ASC
            LIMIT 20
2026-04-02 10:56:04 - getOutlet.php - Query berhasil, mengembalikan 20 record
2026-04-02 10:56:04 - getOutlet.php - === END REQUEST ===
2026-04-02 10:56:04 - getOutlet.php - Query berhasil, mengembalikan 20 record
2026-04-02 10:56:04 - getOutlet.php - === END REQUEST ===
2026-04-02 03:56:04 - getOutlet.php - === REQUEST GETOUTLET ===
2026-04-02 03:56:04 - getOutlet.php - Method: POST
2026-04-02 03:56:04 - getOutlet.php - POST data: {"tgl":"2026-04-02","encrypt":"7e7f1d062ca9b9e5c530948d57925ffe","id_apl":"APL01","key":"Rs mit"}
2026-04-02 10:56:04 - getOutlet.php - Params - tgl: 2026-04-02, encrypt: 7e7f1d062ca9b9e5c530948d57925ffe, id_apl: APL01, key: Rs mit
2026-04-02 10:56:04 - getOutlet.php - Aplikasi ditemukan: Ya
2026-04-02 10:56:04 - getOutlet.php - Key aplikasi: YbcJSFjkds...
2026-04-02 10:56:04 - getOutlet.php - Expected encrypt: 7e7f1d062ca9b9e5c530948d57925ffe
2026-04-02 10:56:04 - getOutlet.php - Received encrypt: 7e7f1d062ca9b9e5c530948d57925ffe
2026-04-02 10:56:04 - getOutlet.php - Authentication berhasil
2026-04-02 10:56:04 - getOutlet.php - Query: SELECT id_out, nama_out, '' AS alamat_out, ofcode_out
            FROM outlet 
            WHERE status_out IN ('Active', '1', 'active')
            AND (nama_out LIKE :key OR ofcode_out LIKE :key)
            ORDER BY nama_out ASC
            LIMIT 20
2026-04-02 10:56:04 - getOutlet.php - Query berhasil, mengembalikan 17 record
2026-04-02 10:56:04 - getOutlet.php - === END REQUEST ===
2026-04-02 03:56:04 - getOutlet.php - === REQUEST GETOUTLET ===
2026-04-02 03:56:04 - getOutlet.php - Method: POST
2026-04-02 03:56:04 - getOutlet.php - POST data: {"tgl":"2026-04-02","encrypt":"7e7f1d062ca9b9e5c530948d57925ffe","id_apl":"APL01","key":"Rs mitr"}
2026-04-02 10:56:04 - getOutlet.php - Params - tgl: 2026-04-02, encrypt: 7e7f1d062ca9b9e5c530948d57925ffe, id_apl: APL01, key: Rs mitr
2026-04-02 10:56:04 - getOutlet.php - Aplikasi ditemukan: Ya
2026-04-02 10:56:04 - getOutlet.php - Key aplikasi: YbcJSFjkds...
2026-04-02 10:56:04 - getOutlet.php - Expected encrypt: 7e7f1d062ca9b9e5c530948d57925ffe
2026-04-02 10:56:04 - getOutlet.php - Received encrypt: 7e7f1d062ca9b9e5c530948d57925ffe
2026-04-02 10:56:04 - getOutlet.php - Authentication berhasil
2026-04-02 10:56:04 - getOutlet.php - Query: SELECT id_out, nama_out, '' AS alamat_out, ofcode_out
            FROM outlet 
            WHERE status_out IN ('Active', '1', 'active')
            AND (nama_out LIKE :key OR ofcode_out LIKE :key)
            ORDER BY nama_out ASC
            LIMIT 20
2026-04-02 10:56:04 - getOutlet.php - Query berhasil, mengembalikan 17 record
2026-04-02 10:56:04 - getOutlet.php - === END REQUEST ===
2026-04-02 03:56:04 - getOutlet.php - === REQUEST GETOUTLET ===
2026-04-02 03:56:04 - getOutlet.php - Method: POST
2026-04-02 03:56:04 - getOutlet.php - POST data: {"tgl":"2026-04-02","encrypt":"7e7f1d062ca9b9e5c530948d57925ffe","id_apl":"APL01","key":"Rs mitra"}
2026-04-02 10:56:04 - getOutlet.php - Params - tgl: 2026-04-02, encrypt: 7e7f1d062ca9b9e5c530948d57925ffe, id_apl: APL01, key: Rs mitra
2026-04-02 10:56:04 - getOutlet.php - Aplikasi ditemukan: Ya
2026-04-02 10:56:04 - getOutlet.php - Key aplikasi: YbcJSFjkds...
2026-04-02 10:56:04 - getOutlet.php - Expected encrypt: 7e7f1d062ca9b9e5c530948d57925ffe
2026-04-02 10:56:04 - getOutlet.php - Received encrypt: 7e7f1d062ca9b9e5c530948d57925ffe
2026-04-02 10:56:04 - getOutlet.php - Authentication berhasil
2026-04-02 10:56:04 - getOutlet.php - Query: SELECT id_out, nama_out, '' AS alamat_out, ofcode_out
            FROM outlet 
            WHERE status_out IN ('Active', '1', 'active')
            AND (nama_out LIKE :key OR ofcode_out LIKE :key)
            ORDER BY nama_out ASC
            LIMIT 20
2026-04-02 10:56:04 - getOutlet.php - Query berhasil, mengembalikan 17 record
2026-04-02 10:56:04 - getOutlet.php - === END REQUEST ===
2026-04-02 03:56:04 - getOutlet.php - === REQUEST GETOUTLET ===
2026-04-02 03:56:04 - getOutlet.php - Method: POST
2026-04-02 03:56:04 - getOutlet.php - POST data: {"tgl":"2026-04-02","encrypt":"7e7f1d062ca9b9e5c530948d57925ffe","id_apl":"APL01","key":"Rs mitra"}
2026-04-02 10:56:04 - getOutlet.php - Params - tgl: 2026-04-02, encrypt: 7e7f1d062ca9b9e5c530948d57925ffe, id_apl: APL01, key: Rs mitra
2026-04-02 10:56:04 - getOutlet.php - Aplikasi ditemukan: Ya
2026-04-02 10:56:04 - getOutlet.php - Key aplikasi: YbcJSFjkds...
2026-04-02 10:56:04 - getOutlet.php - Expected encrypt: 7e7f1d062ca9b9e5c530948d57925ffe
2026-04-02 10:56:04 - getOutlet.php - Received encrypt: 7e7f1d062ca9b9e5c530948d57925ffe
2026-04-02 10:56:04 - getOutlet.php - Authentication berhasil
2026-04-02 10:56:04 - getOutlet.php - Query: SELECT id_out, nama_out, '' AS alamat_out, ofcode_out
            FROM outlet 
            WHERE status_out IN ('Active', '1', 'active')
            AND (nama_out LIKE :key OR ofcode_out LIKE :key)
            ORDER BY nama_out ASC
            LIMIT 20
2026-04-02 10:56:04 - getOutlet.php - Query berhasil, mengembalikan 17 record
2026-04-02 10:56:04 - getOutlet.php - === END REQUEST ===
2026-04-02 03:56:05 - getOutlet.php - === REQUEST GETOUTLET ===
2026-04-02 03:56:05 - getOutlet.php - Method: POST
2026-04-02 03:56:05 - getOutlet.php - POST data: {"tgl":"2026-04-02","encrypt":"7e7f1d062ca9b9e5c530948d57925ffe","id_apl":"APL01","key":"Rs mitra"}
2026-04-02 10:56:05 - getOutlet.php - Params - tgl: 2026-04-02, encrypt: 7e7f1d062ca9b9e5c530948d57925ffe, id_apl: APL01, key: Rs mitra
2026-04-02 10:56:05 - getOutlet.php - Aplikasi ditemukan: Ya
2026-04-02 10:56:05 - getOutlet.php - Key aplikasi: YbcJSFjkds...
2026-04-02 10:56:05 - getOutlet.php - Expected encrypt: 7e7f1d062ca9b9e5c530948d57925ffe
2026-04-02 10:56:05 - getOutlet.php - Received encrypt: 7e7f1d062ca9b9e5c530948d57925ffe
2026-04-02 10:56:05 - getOutlet.php - Authentication berhasil
2026-04-02 10:56:05 - getOutlet.php - Query: SELECT id_out, nama_out, '' AS alamat_out, ofcode_out
            FROM outlet 
            WHERE status_out IN ('Active', '1', 'active')
            AND (nama_out LIKE :key OR ofcode_out LIKE :key)
            ORDER BY nama_out ASC
            LIMIT 20
2026-04-02 10:56:05 - getOutlet.php - Query berhasil, mengembalikan 17 record
2026-04-02 10:56:05 - getOutlet.php - === END REQUEST ===
2026-04-02 03:56:05 - getOutlet.php - === REQUEST GETOUTLET ===
2026-04-02 03:56:05 - getOutlet.php - Method: POST
2026-04-02 03:56:05 - getOutlet.php - POST data: {"tgl":"2026-04-02","encrypt":"7e7f1d062ca9b9e5c530948d57925ffe","id_apl":"APL01","key":"Rs mitra kel"}
2026-04-02 10:56:05 - getOutlet.php - Params - tgl: 2026-04-02, encrypt: 7e7f1d062ca9b9e5c530948d57925ffe, id_apl: APL01, key: Rs mitra kel
2026-04-02 10:56:05 - getOutlet.php - Aplikasi ditemukan: Ya
2026-04-02 10:56:05 - getOutlet.php - Key aplikasi: YbcJSFjkds...
2026-04-02 10:56:05 - getOutlet.php - Expected encrypt: 7e7f1d062ca9b9e5c530948d57925ffe
2026-04-02 10:56:05 - getOutlet.php - Received encrypt: 7e7f1d062ca9b9e5c530948d57925ffe
2026-04-02 10:56:05 - getOutlet.php - Authentication berhasil
2026-04-02 03:56:05 - getOutlet.php - === REQUEST GETOUTLET ===
2026-04-02 03:56:05 - getOutlet.php - Method: POST
2026-04-02 03:56:05 - getOutlet.php - POST data: {"tgl":"2026-04-02","encrypt":"7e7f1d062ca9b9e5c530948d57925ffe","id_apl":"APL01","key":"Rs mitra k"}
2026-04-02 10:56:05 - getOutlet.php - Params - tgl: 2026-04-02, encrypt: 7e7f1d062ca9b9e5c530948d57925ffe, id_apl: APL01, key: Rs mitra k
2026-04-02 10:56:05 - getOutlet.php - Query: SELECT id_out, nama_out, '' AS alamat_out, ofcode_out
            FROM outlet 
            WHERE status_out IN ('Active', '1', 'active')
            AND (nama_out LIKE :key OR ofcode_out LIKE :key)
            ORDER BY nama_out ASC
            LIMIT 20
2026-04-02 10:56:05 - getOutlet.php - Query berhasil, mengembalikan 16 record
2026-04-02 10:56:05 - getOutlet.php - === END REQUEST ===
2026-04-02 10:56:05 - getOutlet.php - Aplikasi ditemukan: Ya
2026-04-02 10:56:05 - getOutlet.php - Key aplikasi: YbcJSFjkds...
2026-04-02 10:56:05 - getOutlet.php - Expected encrypt: 7e7f1d062ca9b9e5c530948d57925ffe
2026-04-02 10:56:05 - getOutlet.php - Received encrypt: 7e7f1d062ca9b9e5c530948d57925ffe
2026-04-02 10:56:05 - getOutlet.php - Authentication berhasil
2026-04-02 10:56:05 - getOutlet.php - Query: SELECT id_out, nama_out, '' AS alamat_out, ofcode_out
            FROM outlet 
            WHERE status_out IN ('Active', '1', 'active')
            AND (nama_out LIKE :key OR ofcode_out LIKE :key)
            ORDER BY nama_out ASC
            LIMIT 20
2026-04-02 10:56:05 - getOutlet.php - Query berhasil, mengembalikan 16 record
2026-04-02 10:56:05 - getOutlet.php - === END REQUEST ===
2026-04-02 03:56:05 - getOutlet.php - === REQUEST GETOUTLET ===
2026-04-02 03:56:05 - getOutlet.php - Method: POST
2026-04-02 03:56:05 - getOutlet.php - POST data: {"tgl":"2026-04-02","encrypt":"7e7f1d062ca9b9e5c530948d57925ffe","id_apl":"APL01","key":"Rs mitra ke"}
2026-04-02 10:56:05 - getOutlet.php - Params - tgl: 2026-04-02, encrypt: 7e7f1d062ca9b9e5c530948d57925ffe, id_apl: APL01, key: Rs mitra ke
2026-04-02 10:56:05 - getOutlet.php - Aplikasi ditemukan: Ya
2026-04-02 10:56:05 - getOutlet.php - Key aplikasi: YbcJSFjkds...
2026-04-02 10:56:05 - getOutlet.php - Expected encrypt: 7e7f1d062ca9b9e5c530948d57925ffe
2026-04-02 10:56:05 - getOutlet.php - Received encrypt: 7e7f1d062ca9b9e5c530948d57925ffe
2026-04-02 10:56:05 - getOutlet.php - Authentication berhasil
2026-04-02 10:56:05 - getOutlet.php - Query: SELECT id_out, nama_out, '' AS alamat_out, ofcode_out
            FROM outlet 
            WHERE status_out IN ('Active', '1', 'active')
            AND (nama_out LIKE :key OR ofcode_out LIKE :key)
            ORDER BY nama_out ASC
            LIMIT 20
2026-04-02 10:56:05 - getOutlet.php - Query berhasil, mengembalikan 16 record
2026-04-02 10:56:05 - getOutlet.php - === END REQUEST ===
2026-04-02 03:56:05 - getOutlet.php - === REQUEST GETOUTLET ===
2026-04-02 03:56:05 - getOutlet.php - Method: POST
2026-04-02 03:56:05 - getOutlet.php - POST data: {"tgl":"2026-04-02","encrypt":"7e7f1d062ca9b9e5c530948d57925ffe","id_apl":"APL01","key":"Rs mitra kelu"}
2026-04-02 10:56:05 - getOutlet.php - Params - tgl: 2026-04-02, encrypt: 7e7f1d062ca9b9e5c530948d57925ffe, id_apl: APL01, key: Rs mitra kelu
2026-04-02 10:56:05 - getOutlet.php - Aplikasi ditemukan: Ya
2026-04-02 10:56:05 - getOutlet.php - Key aplikasi: YbcJSFjkds...
2026-04-02 10:56:05 - getOutlet.php - Expected encrypt: 7e7f1d062ca9b9e5c530948d57925ffe
2026-04-02 10:56:05 - getOutlet.php - Received encrypt: 7e7f1d062ca9b9e5c530948d57925ffe
2026-04-02 10:56:05 - getOutlet.php - Authentication berhasil
2026-04-02 10:56:05 - getOutlet.php - Query: SELECT id_out, nama_out, '' AS alamat_out, ofcode_out
            FROM outlet 
            WHERE status_out IN ('Active', '1', 'active')
            AND (nama_out LIKE :key OR ofcode_out LIKE :key)
            ORDER BY nama_out ASC
            LIMIT 20
2026-04-02 10:56:05 - getOutlet.php - Query berhasil, mengembalikan 16 record
2026-04-02 10:56:05 - getOutlet.php - === END REQUEST ===
2026-04-02 03:56:05 - getOutlet.php - === REQUEST GETOUTLET ===
2026-04-02 03:56:05 - getOutlet.php - Method: POST
2026-04-02 03:56:05 - getOutlet.php - POST data: {"tgl":"2026-04-02","encrypt":"7e7f1d062ca9b9e5c530948d57925ffe","id_apl":"APL01","key":"Rs mitra kelua"}
2026-04-02 10:56:05 - getOutlet.php - Params - tgl: 2026-04-02, encrypt: 7e7f1d062ca9b9e5c530948d57925ffe, id_apl: APL01, key: Rs mitra kelua
2026-04-02 10:56:05 - getOutlet.php - Aplikasi ditemukan: Ya
2026-04-02 10:56:05 - getOutlet.php - Key aplikasi: YbcJSFjkds...
2026-04-02 10:56:05 - getOutlet.php - Expected encrypt: 7e7f1d062ca9b9e5c530948d57925ffe
2026-04-02 10:56:05 - getOutlet.php - Received encrypt: 7e7f1d062ca9b9e5c530948d57925ffe
2026-04-02 10:56:05 - getOutlet.php - Authentication berhasil
2026-04-02 10:56:05 - getOutlet.php - Query: SELECT id_out, nama_out, '' AS alamat_out, ofcode_out
            FROM outlet 
            WHERE status_out IN ('Active', '1', 'active')
            AND (nama_out LIKE :key OR ofcode_out LIKE :key)
            ORDER BY nama_out ASC
            LIMIT 20
2026-04-02 10:56:05 - getOutlet.php - Query berhasil, mengembalikan 16 record
2026-04-02 10:56:05 - getOutlet.php - === END REQUEST ===
2026-04-02 03:56:06 - getOutlet.php - === REQUEST GETOUTLET ===
2026-04-02 03:56:06 - getOutlet.php - Method: POST
2026-04-02 03:56:06 - getOutlet.php - POST data: {"tgl":"2026-04-02","encrypt":"7e7f1d062ca9b9e5c530948d57925ffe","id_apl":"APL01","key":"Rs mitra keluar"}
2026-04-02 10:56:06 - getOutlet.php - Params - tgl: 2026-04-02, encrypt: 7e7f1d062ca9b9e5c530948d57925ffe, id_apl: APL01, key: Rs mitra keluar
2026-04-02 10:56:06 - getOutlet.php - Aplikasi ditemukan: Ya
2026-04-02 10:56:06 - getOutlet.php - Key aplikasi: YbcJSFjkds...
2026-04-02 10:56:06 - getOutlet.php - Expected encrypt: 7e7f1d062ca9b9e5c530948d57925ffe
2026-04-02 10:56:06 - getOutlet.php - Received encrypt: 7e7f1d062ca9b9e5c530948d57925ffe
2026-04-02 10:56:06 - getOutlet.php - Authentication berhasil
2026-04-02 10:56:06 - getOutlet.php - Query: SELECT id_out, nama_out, '' AS alamat_out, ofcode_out
            FROM outlet 
            WHERE status_out IN ('Active', '1', 'active')
            AND (nama_out LIKE :key OR ofcode_out LIKE :key)
            ORDER BY nama_out ASC
            LIMIT 20
2026-04-02 10:56:06 - getOutlet.php - Query berhasil, mengembalikan 16 record
2026-04-02 10:56:06 - getOutlet.php - === END REQUEST ===
2026-04-02 03:56:06 - getOutlet.php - === REQUEST GETOUTLET ===
2026-04-02 03:56:06 - getOutlet.php - Method: POST
2026-04-02 03:56:06 - getOutlet.php - POST data: {"tgl":"2026-04-02","encrypt":"7e7f1d062ca9b9e5c530948d57925ffe","id_apl":"APL01","key":"Rs mitra keluarf"}
2026-04-02 10:56:06 - getOutlet.php - Params - tgl: 2026-04-02, encrypt: 7e7f1d062ca9b9e5c530948d57925ffe, id_apl: APL01, key: Rs mitra keluarf
2026-04-02 10:56:06 - getOutlet.php - Aplikasi ditemukan: Ya
2026-04-02 10:56:06 - getOutlet.php - Key aplikasi: YbcJSFjkds...
2026-04-02 10:56:06 - getOutlet.php - Expected encrypt: 7e7f1d062ca9b9e5c530948d57925ffe
2026-04-02 10:56:06 - getOutlet.php - Received encrypt: 7e7f1d062ca9b9e5c530948d57925ffe
2026-04-02 10:56:06 - getOutlet.php - Authentication berhasil
2026-04-02 10:56:06 - getOutlet.php - Query: SELECT id_out, nama_out, '' AS alamat_out, ofcode_out
            FROM outlet 
            WHERE status_out IN ('Active', '1', 'active')
            AND (nama_out LIKE :key OR ofcode_out LIKE :key)
            ORDER BY nama_out ASC
            LIMIT 20
2026-04-02 10:56:06 - getOutlet.php - Query berhasil, mengembalikan 0 record
2026-04-02 10:56:06 - getOutlet.php - === END REQUEST ===
2026-04-02 03:56:07 - getOutlet.php - === REQUEST GETOUTLET ===
2026-04-02 03:56:07 - getOutlet.php - Method: POST
2026-04-02 03:56:07 - getOutlet.php - POST data: {"tgl":"2026-04-02","encrypt":"7e7f1d062ca9b9e5c530948d57925ffe","id_apl":"APL01","key":"Rs mitra keluarfa"}
2026-04-02 10:56:07 - getOutlet.php - Params - tgl: 2026-04-02, encrypt: 7e7f1d062ca9b9e5c530948d57925ffe, id_apl: APL01, key: Rs mitra keluarfa
2026-04-02 10:56:07 - getOutlet.php - Aplikasi ditemukan: Ya
2026-04-02 10:56:07 - getOutlet.php - Key aplikasi: YbcJSFjkds...
2026-04-02 10:56:07 - getOutlet.php - Expected encrypt: 7e7f1d062ca9b9e5c530948d57925ffe
2026-04-02 10:56:07 - getOutlet.php - Received encrypt: 7e7f1d062ca9b9e5c530948d57925ffe
2026-04-02 10:56:07 - getOutlet.php - Authentication berhasil
2026-04-02 10:56:07 - getOutlet.php - Query: SELECT id_out, nama_out, '' AS alamat_out, ofcode_out
            FROM outlet 
            WHERE status_out IN ('Active', '1', 'active')
            AND (nama_out LIKE :key OR ofcode_out LIKE :key)
            ORDER BY nama_out ASC
            LIMIT 20
2026-04-02 10:56:07 - getOutlet.php - Query berhasil, mengembalikan 0 record
2026-04-02 10:56:07 - getOutlet.php - === END REQUEST ===
2026-04-02 03:56:08 - getOutlet.php - === REQUEST GETOUTLET ===
2026-04-02 03:56:08 - getOutlet.php - Method: POST
2026-04-02 03:56:08 - getOutlet.php - POST data: {"tgl":"2026-04-02","encrypt":"7e7f1d062ca9b9e5c530948d57925ffe","id_apl":"APL01","key":"Rs mitra keluarf"}
2026-04-02 10:56:08 - getOutlet.php - Params - tgl: 2026-04-02, encrypt: 7e7f1d062ca9b9e5c530948d57925ffe, id_apl: APL01, key: Rs mitra keluarf
2026-04-02 10:56:08 - getOutlet.php - Aplikasi ditemukan: Ya
2026-04-02 10:56:08 - getOutlet.php - Key aplikasi: YbcJSFjkds...
2026-04-02 10:56:08 - getOutlet.php - Expected encrypt: 7e7f1d062ca9b9e5c530948d57925ffe
2026-04-02 10:56:08 - getOutlet.php - Received encrypt: 7e7f1d062ca9b9e5c530948d57925ffe
2026-04-02 10:56:08 - getOutlet.php - Authentication berhasil
2026-04-02 10:56:08 - getOutlet.php - Query: SELECT id_out, nama_out, '' AS alamat_out, ofcode_out
            FROM outlet 
            WHERE status_out IN ('Active', '1', 'active')
            AND (nama_out LIKE :key OR ofcode_out LIKE :key)
            ORDER BY nama_out ASC
            LIMIT 20
2026-04-02 10:56:08 - getOutlet.php - Query berhasil, mengembalikan 0 record
2026-04-02 10:56:08 - getOutlet.php - === END REQUEST ===
2026-04-02 03:56:08 - getOutlet.php - === REQUEST GETOUTLET ===
2026-04-02 03:56:08 - getOutlet.php - Method: POST
2026-04-02 03:56:08 - getOutlet.php - POST data: {"tgl":"2026-04-02","encrypt":"7e7f1d062ca9b9e5c530948d57925ffe","id_apl":"APL01","key":"Rs mitra keluar"}
2026-04-02 10:56:08 - getOutlet.php - Params - tgl: 2026-04-02, encrypt: 7e7f1d062ca9b9e5c530948d57925ffe, id_apl: APL01, key: Rs mitra keluar
2026-04-02 10:56:08 - getOutlet.php - Aplikasi ditemukan: Ya
2026-04-02 10:56:08 - getOutlet.php - Key aplikasi: YbcJSFjkds...
2026-04-02 10:56:08 - getOutlet.php - Expected encrypt: 7e7f1d062ca9b9e5c530948d57925ffe
2026-04-02 10:56:08 - getOutlet.php - Received encrypt: 7e7f1d062ca9b9e5c530948d57925ffe
2026-04-02 10:56:08 - getOutlet.php - Authentication berhasil
2026-04-02 10:56:08 - getOutlet.php - Query: SELECT id_out, nama_out, '' AS alamat_out, ofcode_out
            FROM outlet 
            WHERE status_out IN ('Active', '1', 'active')
            AND (nama_out LIKE :key OR ofcode_out LIKE :key)
            ORDER BY nama_out ASC
            LIMIT 20
2026-04-02 10:56:08 - getOutlet.php - Query berhasil, mengembalikan 16 record
2026-04-02 10:56:08 - getOutlet.php - === END REQUEST ===
2026-04-02 03:56:10 - getOutlet.php - === REQUEST GETOUTLET ===
2026-04-02 03:56:10 - getOutlet.php - Method: POST
2026-04-02 03:56:10 - getOutlet.php - POST data: {"tgl":"2026-04-02","encrypt":"7e7f1d062ca9b9e5c530948d57925ffe","id_apl":"APL01","key":"Rs mitra keluarg"}
2026-04-02 10:56:10 - getOutlet.php - Params - tgl: 2026-04-02, encrypt: 7e7f1d062ca9b9e5c530948d57925ffe, id_apl: APL01, key: Rs mitra keluarg
2026-04-02 10:56:10 - getOutlet.php - Aplikasi ditemukan: Ya
2026-04-02 10:56:10 - getOutlet.php - Key aplikasi: YbcJSFjkds...
2026-04-02 10:56:10 - getOutlet.php - Expected encrypt: 7e7f1d062ca9b9e5c530948d57925ffe
2026-04-02 10:56:10 - getOutlet.php - Received encrypt: 7e7f1d062ca9b9e5c530948d57925ffe
2026-04-02 10:56:10 - getOutlet.php - Authentication berhasil
2026-04-02 10:56:10 - getOutlet.php - Query: SELECT id_out, nama_out, '' AS alamat_out, ofcode_out
            FROM outlet 
            WHERE status_out IN ('Active', '1', 'active')
            AND (nama_out LIKE :key OR ofcode_out LIKE :key)
            ORDER BY nama_out ASC
            LIMIT 20
2026-04-02 10:56:10 - getOutlet.php - Query berhasil, mengembalikan 16 record
2026-04-02 10:56:10 - getOutlet.php - === END REQUEST ===
2026-04-02 03:56:11 - getOutlet.php - === REQUEST GETOUTLET ===
2026-04-02 03:56:11 - getOutlet.php - Method: POST
2026-04-02 03:56:11 - getOutlet.php - POST data: {"tgl":"2026-04-02","encrypt":"7e7f1d062ca9b9e5c530948d57925ffe","id_apl":"APL01","key":"Rs mitra keluarga"}
2026-04-02 10:56:11 - getOutlet.php - Params - tgl: 2026-04-02, encrypt: 7e7f1d062ca9b9e5c530948d57925ffe, id_apl: APL01, key: Rs mitra keluarga
2026-04-02 10:56:11 - getOutlet.php - Aplikasi ditemukan: Ya
2026-04-02 10:56:11 - getOutlet.php - Key aplikasi: YbcJSFjkds...
2026-04-02 10:56:11 - getOutlet.php - Expected encrypt: 7e7f1d062ca9b9e5c530948d57925ffe
2026-04-02 10:56:11 - getOutlet.php - Received encrypt: 7e7f1d062ca9b9e5c530948d57925ffe
2026-04-02 10:56:11 - getOutlet.php - Authentication berhasil
2026-04-02 10:56:11 - getOutlet.php - Query: SELECT id_out, nama_out, '' AS alamat_out, ofcode_out
            FROM outlet 
            WHERE status_out IN ('Active', '1', 'active')
            AND (nama_out LIKE :key OR ofcode_out LIKE :key)
            ORDER BY nama_out ASC
            LIMIT 20
2026-04-02 10:56:11 - getOutlet.php - Query berhasil, mengembalikan 16 record
2026-04-02 10:56:11 - getOutlet.php - === END REQUEST ===
2026-04-02 03:56:12 - getOutlet.php - === REQUEST GETOUTLET ===
2026-04-02 03:56:12 - getOutlet.php - === REQUEST GETOUTLET ===
2026-04-02 03:56:12 - getOutlet.php - Method: POST
2026-04-02 03:56:12 - getOutlet.php - Method: POST
2026-04-02 03:56:12 - getOutlet.php - POST data: {"tgl":"2026-04-02","encrypt":"7e7f1d062ca9b9e5c530948d57925ffe","id_apl":"APL01","key":"Rs mitra keluarga"}
2026-04-02 03:56:12 - getOutlet.php - POST data: {"tgl":"2026-04-02","encrypt":"7e7f1d062ca9b9e5c530948d57925ffe","id_apl":"APL01","key":"Rs mitra keluarga"}
2026-04-02 10:56:12 - getOutlet.php - Params - tgl: 2026-04-02, encrypt: 7e7f1d062ca9b9e5c530948d57925ffe, id_apl: APL01, key: Rs mitra keluarga
2026-04-02 10:56:12 - getOutlet.php - Params - tgl: 2026-04-02, encrypt: 7e7f1d062ca9b9e5c530948d57925ffe, id_apl: APL01, key: Rs mitra keluarga
2026-04-02 10:56:12 - getOutlet.php - Aplikasi ditemukan: Ya
2026-04-02 10:56:12 - getOutlet.php - Key aplikasi: YbcJSFjkds...
2026-04-02 10:56:12 - getOutlet.php - Expected encrypt: 7e7f1d062ca9b9e5c530948d57925ffe
2026-04-02 10:56:12 - getOutlet.php - Received encrypt: 7e7f1d062ca9b9e5c530948d57925ffe
2026-04-02 10:56:12 - getOutlet.php - Authentication berhasil
2026-04-02 10:56:12 - getOutlet.php - Aplikasi ditemukan: Ya
2026-04-02 10:56:12 - getOutlet.php - Key aplikasi: YbcJSFjkds...
2026-04-02 10:56:12 - getOutlet.php - Expected encrypt: 7e7f1d062ca9b9e5c530948d57925ffe
2026-04-02 10:56:12 - getOutlet.php - Query: SELECT id_out, nama_out, '' AS alamat_out, ofcode_out
            FROM outlet 
            WHERE status_out IN ('Active', '1', 'active')
            AND (nama_out LIKE :key OR ofcode_out LIKE :key)
            ORDER BY nama_out ASC
            LIMIT 20
2026-04-02 10:56:12 - getOutlet.php - Received encrypt: 7e7f1d062ca9b9e5c530948d57925ffe
2026-04-02 10:56:12 - getOutlet.php - Authentication berhasil
2026-04-02 10:56:12 - getOutlet.php - Query berhasil, mengembalikan 16 record
2026-04-02 10:56:12 - getOutlet.php - === END REQUEST ===
2026-04-02 10:56:12 - getOutlet.php - Query: SELECT id_out, nama_out, '' AS alamat_out, ofcode_out
            FROM outlet 
            WHERE status_out IN ('Active', '1', 'active')
            AND (nama_out LIKE :key OR ofcode_out LIKE :key)
            ORDER BY nama_out ASC
            LIMIT 20
2026-04-02 10:56:12 - getOutlet.php - Query berhasil, mengembalikan 16 record
2026-04-02 10:56:12 - getOutlet.php - === END REQUEST ===
2026-04-02 03:56:13 - getOutlet.php - === REQUEST GETOUTLET ===
2026-04-02 03:56:13 - getOutlet.php - Method: POST
2026-04-02 03:56:13 - getOutlet.php - POST data: {"tgl":"2026-04-02","encrypt":"7e7f1d062ca9b9e5c530948d57925ffe","id_apl":"APL01","key":"Rs mitra keluarga b"}
2026-04-02 10:56:13 - getOutlet.php - Params - tgl: 2026-04-02, encrypt: 7e7f1d062ca9b9e5c530948d57925ffe, id_apl: APL01, key: Rs mitra keluarga b
2026-04-02 10:56:13 - getOutlet.php - Aplikasi ditemukan: Ya
2026-04-02 10:56:13 - getOutlet.php - Key aplikasi: YbcJSFjkds...
2026-04-02 10:56:13 - getOutlet.php - Expected encrypt: 7e7f1d062ca9b9e5c530948d57925ffe
2026-04-02 10:56:13 - getOutlet.php - Received encrypt: 7e7f1d062ca9b9e5c530948d57925ffe
2026-04-02 10:56:13 - getOutlet.php - Authentication berhasil
2026-04-02 10:56:13 - getOutlet.php - Query: SELECT id_out, nama_out, '' AS alamat_out, ofcode_out
            FROM outlet 
            WHERE status_out IN ('Active', '1', 'active')
            AND (nama_out LIKE :key OR ofcode_out LIKE :key)
            ORDER BY nama_out ASC
            LIMIT 20
2026-04-02 10:56:13 - getOutlet.php - Query berhasil, mengembalikan 3 record
2026-04-02 10:56:13 - getOutlet.php - === END REQUEST ===
2026-04-02 03:56:13 - getOutlet.php - === REQUEST GETOUTLET ===
2026-04-02 03:56:13 - getOutlet.php - Method: POST
2026-04-02 03:56:13 - getOutlet.php - POST data: {"tgl":"2026-04-02","encrypt":"7e7f1d062ca9b9e5c530948d57925ffe","id_apl":"APL01","key":"Rs mitra keluarga bi"}
2026-04-02 10:56:13 - getOutlet.php - Params - tgl: 2026-04-02, encrypt: 7e7f1d062ca9b9e5c530948d57925ffe, id_apl: APL01, key: Rs mitra keluarga bi
2026-04-02 10:56:13 - getOutlet.php - Aplikasi ditemukan: Ya
2026-04-02 10:56:13 - getOutlet.php - Key aplikasi: YbcJSFjkds...
2026-04-02 10:56:13 - getOutlet.php - Expected encrypt: 7e7f1d062ca9b9e5c530948d57925ffe
2026-04-02 10:56:13 - getOutlet.php - Received encrypt: 7e7f1d062ca9b9e5c530948d57925ffe
2026-04-02 10:56:13 - getOutlet.php - Authentication berhasil
2026-04-02 10:56:13 - getOutlet.php - Query: SELECT id_out, nama_out, '' AS alamat_out, ofcode_out
            FROM outlet 
            WHERE status_out IN ('Active', '1', 'active')
            AND (nama_out LIKE :key OR ofcode_out LIKE :key)
            ORDER BY nama_out ASC
            LIMIT 20
2026-04-02 10:56:13 - getOutlet.php - Query berhasil, mengembalikan 1 record
2026-04-02 10:56:13 - getOutlet.php - === END REQUEST ===
2026-04-02 03:56:13 - getOutlet.php - === REQUEST GETOUTLET ===
2026-04-02 03:56:13 - getOutlet.php - Method: POST
2026-04-02 03:56:13 - getOutlet.php - POST data: {"tgl":"2026-04-02","encrypt":"7e7f1d062ca9b9e5c530948d57925ffe","id_apl":"APL01","key":"Rs mitra keluarga bin"}
2026-04-02 10:56:13 - getOutlet.php - Params - tgl: 2026-04-02, encrypt: 7e7f1d062ca9b9e5c530948d57925ffe, id_apl: APL01, key: Rs mitra keluarga bin
2026-04-02 10:56:13 - getOutlet.php - Aplikasi ditemukan: Ya
2026-04-02 10:56:13 - getOutlet.php - Key aplikasi: YbcJSFjkds...
2026-04-02 10:56:13 - getOutlet.php - Expected encrypt: 7e7f1d062ca9b9e5c530948d57925ffe
2026-04-02 10:56:13 - getOutlet.php - Received encrypt: 7e7f1d062ca9b9e5c530948d57925ffe
2026-04-02 10:56:13 - getOutlet.php - Authentication berhasil
2026-04-02 10:56:13 - getOutlet.php - Query: SELECT id_out, nama_out, '' AS alamat_out, ofcode_out
            FROM outlet 
            WHERE status_out IN ('Active', '1', 'active')
            AND (nama_out LIKE :key OR ofcode_out LIKE :key)
            ORDER BY nama_out ASC
            LIMIT 20
2026-04-02 10:56:13 - getOutlet.php - Query berhasil, mengembalikan 1 record
2026-04-02 10:56:13 - getOutlet.php - === END REQUEST ===
2026-04-02 03:56:13 - getOutlet.php - === REQUEST GETOUTLET ===
2026-04-02 03:56:13 - getOutlet.php - Method: POST
2026-04-02 03:56:13 - getOutlet.php - POST data: {"tgl":"2026-04-02","encrypt":"7e7f1d062ca9b9e5c530948d57925ffe","id_apl":"APL01","key":"Rs mitra keluarga bint"}
2026-04-02 10:56:13 - getOutlet.php - Params - tgl: 2026-04-02, encrypt: 7e7f1d062ca9b9e5c530948d57925ffe, id_apl: APL01, key: Rs mitra keluarga bint
2026-04-02 10:56:13 - getOutlet.php - Aplikasi ditemukan: Ya
2026-04-02 10:56:13 - getOutlet.php - Key aplikasi: YbcJSFjkds...
2026-04-02 10:56:13 - getOutlet.php - Expected encrypt: 7e7f1d062ca9b9e5c530948d57925ffe
2026-04-02 10:56:13 - getOutlet.php - Received encrypt: 7e7f1d062ca9b9e5c530948d57925ffe
2026-04-02 10:56:13 - getOutlet.php - Authentication berhasil
2026-04-02 10:56:13 - getOutlet.php - Query: SELECT id_out, nama_out, '' AS alamat_out, ofcode_out
            FROM outlet 
            WHERE status_out IN ('Active', '1', 'active')
            AND (nama_out LIKE :key OR ofcode_out LIKE :key)
            ORDER BY nama_out ASC
            LIMIT 20
2026-04-02 10:56:13 - getOutlet.php - Query berhasil, mengembalikan 1 record
2026-04-02 10:56:13 - getOutlet.php - === END REQUEST ===
2026-04-02 03:56:13 - getOutlet.php - === REQUEST GETOUTLET ===
2026-04-02 03:56:13 - getOutlet.php - Method: POST
2026-04-02 03:56:13 - getOutlet.php - POST data: {"tgl":"2026-04-02","encrypt":"7e7f1d062ca9b9e5c530948d57925ffe","id_apl":"APL01","key":"Rs mitra keluarga binta"}
2026-04-02 10:56:13 - getOutlet.php - Params - tgl: 2026-04-02, encrypt: 7e7f1d062ca9b9e5c530948d57925ffe, id_apl: APL01, key: Rs mitra keluarga binta
2026-04-02 10:56:13 - getOutlet.php - Aplikasi ditemukan: Ya
2026-04-02 10:56:13 - getOutlet.php - Key aplikasi: YbcJSFjkds...
2026-04-02 10:56:13 - getOutlet.php - Expected encrypt: 7e7f1d062ca9b9e5c530948d57925ffe
2026-04-02 10:56:13 - getOutlet.php - Received encrypt: 7e7f1d062ca9b9e5c530948d57925ffe
2026-04-02 10:56:13 - getOutlet.php - Authentication berhasil
2026-04-02 10:56:13 - getOutlet.php - Query: SELECT id_out, nama_out, '' AS alamat_out, ofcode_out
            FROM outlet 
            WHERE status_out IN ('Active', '1', 'active')
            AND (nama_out LIKE :key OR ofcode_out LIKE :key)
            ORDER BY nama_out ASC
            LIMIT 20
2026-04-02 10:56:13 - getOutlet.php - Query berhasil, mengembalikan 1 record
2026-04-02 10:56:13 - getOutlet.php - === END REQUEST ===
2026-04-02 03:56:13 - getOutlet.php - === REQUEST GETOUTLET ===
2026-04-02 03:56:13 - getOutlet.php - Method: POST
2026-04-02 03:56:13 - getOutlet.php - POST data: {"tgl":"2026-04-02","encrypt":"7e7f1d062ca9b9e5c530948d57925ffe","id_apl":"APL01","key":"Rs mitra keluarga bintar"}
2026-04-02 10:56:13 - getOutlet.php - Params - tgl: 2026-04-02, encrypt: 7e7f1d062ca9b9e5c530948d57925ffe, id_apl: APL01, key: Rs mitra keluarga bintar
2026-04-02 10:56:13 - getOutlet.php - Aplikasi ditemukan: Ya
2026-04-02 10:56:13 - getOutlet.php - Key aplikasi: YbcJSFjkds...
2026-04-02 10:56:13 - getOutlet.php - Expected encrypt: 7e7f1d062ca9b9e5c530948d57925ffe
2026-04-02 10:56:13 - getOutlet.php - Received encrypt: 7e7f1d062ca9b9e5c530948d57925ffe
2026-04-02 10:56:13 - getOutlet.php - Authentication berhasil
2026-04-02 10:56:13 - getOutlet.php - Query: SELECT id_out, nama_out, '' AS alamat_out, ofcode_out
            FROM outlet 
            WHERE status_out IN ('Active', '1', 'active')
            AND (nama_out LIKE :key OR ofcode_out LIKE :key)
            ORDER BY nama_out ASC
            LIMIT 20
2026-04-02 10:56:13 - getOutlet.php - Query berhasil, mengembalikan 1 record
2026-04-02 10:56:13 - getOutlet.php - === END REQUEST ===
2026-04-02 03:56:14 - getOutlet.php - === REQUEST GETOUTLET ===
2026-04-02 03:56:14 - getOutlet.php - Method: POST
2026-04-02 03:56:14 - getOutlet.php - POST data: {"tgl":"2026-04-02","encrypt":"7e7f1d062ca9b9e5c530948d57925ffe","id_apl":"APL01","key":"Rs mitra keluarga bintaro"}
2026-04-02 10:56:14 - getOutlet.php - Params - tgl: 2026-04-02, encrypt: 7e7f1d062ca9b9e5c530948d57925ffe, id_apl: APL01, key: Rs mitra keluarga bintaro
2026-04-02 10:56:14 - getOutlet.php - Aplikasi ditemukan: Ya
2026-04-02 10:56:14 - getOutlet.php - Key aplikasi: YbcJSFjkds...
2026-04-02 10:56:14 - getOutlet.php - Expected encrypt: 7e7f1d062ca9b9e5c530948d57925ffe
2026-04-02 10:56:14 - getOutlet.php - Received encrypt: 7e7f1d062ca9b9e5c530948d57925ffe
2026-04-02 10:56:14 - getOutlet.php - Authentication berhasil
2026-04-02 10:56:14 - getOutlet.php - Query: SELECT id_out, nama_out, '' AS alamat_out, ofcode_out
            FROM outlet 
            WHERE status_out IN ('Active', '1', 'active')
            AND (nama_out LIKE :key OR ofcode_out LIKE :key)
            ORDER BY nama_out ASC
            LIMIT 20
2026-04-02 10:56:14 - getOutlet.php - Query berhasil, mengembalikan 1 record
2026-04-02 10:56:14 - getOutlet.php - === END REQUEST ===
2026-04-02 03:56:17 - getOutlet.php - === REQUEST GETOUTLET ===
2026-04-02 03:56:17 - getOutlet.php - Method: POST
2026-04-02 03:56:17 - getOutlet.php - POST data: {"tgl":"2026-04-02","encrypt":"7e7f1d062ca9b9e5c530948d57925ffe","id_apl":"APL01","key":"RS Mitra Keluarga Bintaro"}
2026-04-02 10:56:17 - getOutlet.php - Params - tgl: 2026-04-02, encrypt: 7e7f1d062ca9b9e5c530948d57925ffe, id_apl: APL01, key: RS Mitra Keluarga Bintaro
2026-04-02 10:56:17 - getOutlet.php - Aplikasi ditemukan: Ya
2026-04-02 10:56:17 - getOutlet.php - Key aplikasi: YbcJSFjkds...
2026-04-02 10:56:17 - getOutlet.php - Expected encrypt: 7e7f1d062ca9b9e5c530948d57925ffe
2026-04-02 10:56:17 - getOutlet.php - Received encrypt: 7e7f1d062ca9b9e5c530948d57925ffe
2026-04-02 10:56:17 - getOutlet.php - Authentication berhasil
2026-04-02 10:56:17 - getOutlet.php - Query: SELECT id_out, nama_out, '' AS alamat_out, ofcode_out
            FROM outlet 
            WHERE status_out IN ('Active', '1', 'active')
            AND (nama_out LIKE :key OR ofcode_out LIKE :key)
            ORDER BY nama_out ASC
            LIMIT 20
2026-04-02 10:56:17 - getOutlet.php - Query berhasil, mengembalikan 1 record
2026-04-02 10:56:17 - getOutlet.php - === END REQUEST ===
2026-04-02 03:56:37 - getOutlet.php - === REQUEST GETOUTLET ===
2026-04-02 03:56:37 - getOutlet.php - Method: POST
2026-04-02 03:56:37 - getOutlet.php - POST data: {"tgl":"2026-04-02","encrypt":"7e7f1d062ca9b9e5c530948d57925ffe","id_apl":"APL01","key":"Rs"}
2026-04-02 10:56:37 - getOutlet.php - Params - tgl: 2026-04-02, encrypt: 7e7f1d062ca9b9e5c530948d57925ffe, id_apl: APL01, key: Rs
2026-04-02 10:56:37 - getOutlet.php - Aplikasi ditemukan: Ya
2026-04-02 10:56:37 - getOutlet.php - Key aplikasi: YbcJSFjkds...
2026-04-02 10:56:37 - getOutlet.php - Expected encrypt: 7e7f1d062ca9b9e5c530948d57925ffe
2026-04-02 10:56:37 - getOutlet.php - Received encrypt: 7e7f1d062ca9b9e5c530948d57925ffe
2026-04-02 10:56:37 - getOutlet.php - Authentication berhasil
2026-04-02 10:56:37 - getOutlet.php - Query: SELECT id_out, nama_out, '' AS alamat_out, ofcode_out
            FROM outlet 
            WHERE status_out IN ('Active', '1', 'active')
            AND (nama_out LIKE :key OR ofcode_out LIKE :key)
            ORDER BY nama_out ASC
            LIMIT 20
2026-04-02 10:56:37 - getOutlet.php - Query berhasil, mengembalikan 20 record
2026-04-02 10:56:37 - getOutlet.php - === END REQUEST ===
2026-04-02 03:56:38 - getOutlet.php - === REQUEST GETOUTLET ===
2026-04-02 03:56:38 - getOutlet.php - Method: POST
2026-04-02 03:56:38 - getOutlet.php - POST data: {"tgl":"2026-04-02","encrypt":"7e7f1d062ca9b9e5c530948d57925ffe","id_apl":"APL01","key":"Rs"}
2026-04-02 10:56:38 - getOutlet.php - Params - tgl: 2026-04-02, encrypt: 7e7f1d062ca9b9e5c530948d57925ffe, id_apl: APL01, key: Rs
2026-04-02 10:56:38 - getOutlet.php - Aplikasi ditemukan: Ya
2026-04-02 10:56:38 - getOutlet.php - Key aplikasi: YbcJSFjkds...
2026-04-02 10:56:38 - getOutlet.php - Expected encrypt: 7e7f1d062ca9b9e5c530948d57925ffe
2026-04-02 10:56:38 - getOutlet.php - Received encrypt: 7e7f1d062ca9b9e5c530948d57925ffe
2026-04-02 10:56:38 - getOutlet.php - Authentication berhasil
2026-04-02 10:56:38 - getOutlet.php - Query: SELECT id_out, nama_out, '' AS alamat_out, ofcode_out
            FROM outlet 
            WHERE status_out IN ('Active', '1', 'active')
            AND (nama_out LIKE :key OR ofcode_out LIKE :key)
            ORDER BY nama_out ASC
            LIMIT 20
2026-04-02 10:56:38 - getOutlet.php - Query berhasil, mengembalikan 20 record
2026-04-02 10:56:38 - getOutlet.php - === END REQUEST ===
2026-04-02 03:56:38 - getOutlet.php - === REQUEST GETOUTLET ===
2026-04-02 03:56:38 - getOutlet.php - Method: POST
2026-04-02 03:56:38 - getOutlet.php - POST data: {"tgl":"2026-04-02","encrypt":"7e7f1d062ca9b9e5c530948d57925ffe","id_apl":"APL01","key":"Rs"}
2026-04-02 10:56:38 - getOutlet.php - Params - tgl: 2026-04-02, encrypt: 7e7f1d062ca9b9e5c530948d57925ffe, id_apl: APL01, key: Rs
2026-04-02 10:56:38 - getOutlet.php - Aplikasi ditemukan: Ya
2026-04-02 10:56:38 - getOutlet.php - Key aplikasi: YbcJSFjkds...
2026-04-02 10:56:38 - getOutlet.php - Expected encrypt: 7e7f1d062ca9b9e5c530948d57925ffe
2026-04-02 10:56:38 - getOutlet.php - Received encrypt: 7e7f1d062ca9b9e5c530948d57925ffe
2026-04-02 10:56:38 - getOutlet.php - Authentication berhasil
2026-04-02 10:56:38 - getOutlet.php - Query: SELECT id_out, nama_out, '' AS alamat_out, ofcode_out
            FROM outlet 
            WHERE status_out IN ('Active', '1', 'active')
            AND (nama_out LIKE :key OR ofcode_out LIKE :key)
            ORDER BY nama_out ASC
            LIMIT 20
2026-04-02 10:56:38 - getOutlet.php - Query berhasil, mengembalikan 20 record
2026-04-02 10:56:38 - getOutlet.php - === END REQUEST ===
2026-04-02 03:56:38 - getOutlet.php - === REQUEST GETOUTLET ===
2026-04-02 03:56:38 - getOutlet.php - Method: POST
2026-04-02 03:56:38 - getOutlet.php - POST data: {"tgl":"2026-04-02","encrypt":"7e7f1d062ca9b9e5c530948d57925ffe","id_apl":"APL01","key":"Rs e"}
2026-04-02 10:56:38 - getOutlet.php - Params - tgl: 2026-04-02, encrypt: 7e7f1d062ca9b9e5c530948d57925ffe, id_apl: APL01, key: Rs e
2026-04-02 10:56:38 - getOutlet.php - Aplikasi ditemukan: Ya
2026-04-02 10:56:38 - getOutlet.php - Key aplikasi: YbcJSFjkds...
2026-04-02 10:56:38 - getOutlet.php - Expected encrypt: 7e7f1d062ca9b9e5c530948d57925ffe
2026-04-02 10:56:38 - getOutlet.php - Received encrypt: 7e7f1d062ca9b9e5c530948d57925ffe
2026-04-02 10:56:38 - getOutlet.php - Authentication berhasil
2026-04-02 10:56:38 - getOutlet.php - Query: SELECT id_out, nama_out, '' AS alamat_out, ofcode_out
            FROM outlet 
            WHERE status_out IN ('Active', '1', 'active')
            AND (nama_out LIKE :key OR ofcode_out LIKE :key)
            ORDER BY nama_out ASC
            LIMIT 20
2026-04-02 10:56:38 - getOutlet.php - Query berhasil, mengembalikan 11 record
2026-04-02 10:56:38 - getOutlet.php - === END REQUEST ===
2026-04-02 03:56:38 - getOutlet.php - === REQUEST GETOUTLET ===
2026-04-02 03:56:38 - getOutlet.php - Method: POST
2026-04-02 03:56:38 - getOutlet.php - POST data: {"tgl":"2026-04-02","encrypt":"7e7f1d062ca9b9e5c530948d57925ffe","id_apl":"APL01","key":"Rs ek"}
2026-04-02 10:56:38 - getOutlet.php - Params - tgl: 2026-04-02, encrypt: 7e7f1d062ca9b9e5c530948d57925ffe, id_apl: APL01, key: Rs ek
2026-04-02 10:56:38 - getOutlet.php - Aplikasi ditemukan: Ya
2026-04-02 10:56:38 - getOutlet.php - Key aplikasi: YbcJSFjkds...
2026-04-02 10:56:38 - getOutlet.php - Expected encrypt: 7e7f1d062ca9b9e5c530948d57925ffe
2026-04-02 10:56:38 - getOutlet.php - Received encrypt: 7e7f1d062ca9b9e5c530948d57925ffe
2026-04-02 10:56:38 - getOutlet.php - Authentication berhasil
2026-04-02 10:56:38 - getOutlet.php - Query: SELECT id_out, nama_out, '' AS alamat_out, ofcode_out
            FROM outlet 
            WHERE status_out IN ('Active', '1', 'active')
            AND (nama_out LIKE :key OR ofcode_out LIKE :key)
            ORDER BY nama_out ASC
            LIMIT 20
2026-04-02 10:56:38 - getOutlet.php - Query berhasil, mengembalikan 4 record
2026-04-02 10:56:38 - getOutlet.php - === END REQUEST ===
2026-04-02 03:56:39 - getOutlet.php - === REQUEST GETOUTLET ===
2026-04-02 03:56:39 - getOutlet.php - Method: POST
2026-04-02 03:56:39 - getOutlet.php - POST data: {"tgl":"2026-04-02","encrypt":"7e7f1d062ca9b9e5c530948d57925ffe","id_apl":"APL01","key":"Rs eka"}
2026-04-02 10:56:39 - getOutlet.php - Params - tgl: 2026-04-02, encrypt: 7e7f1d062ca9b9e5c530948d57925ffe, id_apl: APL01, key: Rs eka
2026-04-02 10:56:39 - getOutlet.php - Aplikasi ditemukan: Ya
2026-04-02 10:56:39 - getOutlet.php - Key aplikasi: YbcJSFjkds...
2026-04-02 10:56:39 - getOutlet.php - Expected encrypt: 7e7f1d062ca9b9e5c530948d57925ffe
2026-04-02 10:56:39 - getOutlet.php - Received encrypt: 7e7f1d062ca9b9e5c530948d57925ffe
2026-04-02 10:56:39 - getOutlet.php - Authentication berhasil
2026-04-02 10:56:39 - getOutlet.php - Query: SELECT id_out, nama_out, '' AS alamat_out, ofcode_out
            FROM outlet 
            WHERE status_out IN ('Active', '1', 'active')
            AND (nama_out LIKE :key OR ofcode_out LIKE :key)
            ORDER BY nama_out ASC
            LIMIT 20
2026-04-02 10:56:39 - getOutlet.php - Query berhasil, mengembalikan 4 record
2026-04-02 10:56:39 - getOutlet.php - === END REQUEST ===
2026-04-02 03:56:39 - getOutlet.php - === REQUEST GETOUTLET ===
2026-04-02 03:56:39 - getOutlet.php - Method: POST
2026-04-02 03:56:39 - getOutlet.php - POST data: {"tgl":"2026-04-02","encrypt":"7e7f1d062ca9b9e5c530948d57925ffe","id_apl":"APL01","key":"Rs eka"}
2026-04-02 10:56:39 - getOutlet.php - Params - tgl: 2026-04-02, encrypt: 7e7f1d062ca9b9e5c530948d57925ffe, id_apl: APL01, key: Rs eka
2026-04-02 10:56:39 - getOutlet.php - Aplikasi ditemukan: Ya
2026-04-02 10:56:39 - getOutlet.php - Key aplikasi: YbcJSFjkds...
2026-04-02 10:56:39 - getOutlet.php - Expected encrypt: 7e7f1d062ca9b9e5c530948d57925ffe
2026-04-02 10:56:39 - getOutlet.php - Received encrypt: 7e7f1d062ca9b9e5c530948d57925ffe
2026-04-02 10:56:39 - getOutlet.php - Authentication berhasil
2026-04-02 10:56:39 - getOutlet.php - Query: SELECT id_out, nama_out, '' AS alamat_out, ofcode_out
            FROM outlet 
            WHERE status_out IN ('Active', '1', 'active')
            AND (nama_out LIKE :key OR ofcode_out LIKE :key)
            ORDER BY nama_out ASC
            LIMIT 20
2026-04-02 03:56:39 - getOutlet.php - === REQUEST GETOUTLET ===
2026-04-02 03:56:39 - getOutlet.php - Method: POST
2026-04-02 03:56:39 - getOutlet.php - POST data: {"tgl":"2026-04-02","encrypt":"7e7f1d062ca9b9e5c530948d57925ffe","id_apl":"APL01","key":"Rs eka"}
2026-04-02 10:56:39 - getOutlet.php - Params - tgl: 2026-04-02, encrypt: 7e7f1d062ca9b9e5c530948d57925ffe, id_apl: APL01, key: Rs eka
2026-04-02 10:56:39 - getOutlet.php - Query berhasil, mengembalikan 4 record
2026-04-02 10:56:39 - getOutlet.php - === END REQUEST ===
2026-04-02 10:56:39 - getOutlet.php - Aplikasi ditemukan: Ya
2026-04-02 10:56:39 - getOutlet.php - Key aplikasi: YbcJSFjkds...
2026-04-02 10:56:39 - getOutlet.php - Expected encrypt: 7e7f1d062ca9b9e5c530948d57925ffe
2026-04-02 10:56:39 - getOutlet.php - Received encrypt: 7e7f1d062ca9b9e5c530948d57925ffe
2026-04-02 10:56:39 - getOutlet.php - Authentication berhasil
2026-04-02 10:56:39 - getOutlet.php - Query: SELECT id_out, nama_out, '' AS alamat_out, ofcode_out
            FROM outlet 
            WHERE status_out IN ('Active', '1', 'active')
            AND (nama_out LIKE :key OR ofcode_out LIKE :key)
            ORDER BY nama_out ASC
            LIMIT 20
2026-04-02 10:56:39 - getOutlet.php - Query berhasil, mengembalikan 4 record
2026-04-02 10:56:39 - getOutlet.php - === END REQUEST ===
2026-04-02 03:56:42 - getOutlet.php - === REQUEST GETOUTLET ===
2026-04-02 03:56:42 - getOutlet.php - Method: POST
2026-04-02 03:56:42 - getOutlet.php - POST data: {"tgl":"2026-04-02","encrypt":"7e7f1d062ca9b9e5c530948d57925ffe","id_apl":"APL01","key":"RS EKA HOSPITAL BSD"}
2026-04-02 10:56:42 - getOutlet.php - Params - tgl: 2026-04-02, encrypt: 7e7f1d062ca9b9e5c530948d57925ffe, id_apl: APL01, key: RS EKA HOSPITAL BSD
2026-04-02 10:56:42 - getOutlet.php - Aplikasi ditemukan: Ya
2026-04-02 10:56:42 - getOutlet.php - Key aplikasi: YbcJSFjkds...
2026-04-02 10:56:42 - getOutlet.php - Expected encrypt: 7e7f1d062ca9b9e5c530948d57925ffe
2026-04-02 10:56:42 - getOutlet.php - Received encrypt: 7e7f1d062ca9b9e5c530948d57925ffe
2026-04-02 10:56:42 - getOutlet.php - Authentication berhasil
2026-04-02 10:56:42 - getOutlet.php - Query: SELECT id_out, nama_out, '' AS alamat_out, ofcode_out
            FROM outlet 
            WHERE status_out IN ('Active', '1', 'active')
            AND (nama_out LIKE :key OR ofcode_out LIKE :key)
            ORDER BY nama_out ASC
            LIMIT 20
2026-04-02 10:56:42 - getOutlet.php - Query berhasil, mengembalikan 1 record
2026-04-02 10:56:42 - getOutlet.php - === END REQUEST ===
2026-04-02 04:12:42 - getOutlet.php - === REQUEST GETOUTLET ===
2026-04-02 04:12:42 - getOutlet.php - Method: POST
2026-04-02 04:12:42 - getOutlet.php - POST data: {"tgl":"2026-04-02","encrypt":"7e7f1d062ca9b9e5c530948d57925ffe","id_apl":"APL01","key":"Br"}
2026-04-02 11:12:42 - getOutlet.php - Params - tgl: 2026-04-02, encrypt: 7e7f1d062ca9b9e5c530948d57925ffe, id_apl: APL01, key: Br
2026-04-02 11:12:42 - getOutlet.php - Aplikasi ditemukan: Ya
2026-04-02 11:12:42 - getOutlet.php - Key aplikasi: YbcJSFjkds...
2026-04-02 11:12:42 - getOutlet.php - Expected encrypt: 7e7f1d062ca9b9e5c530948d57925ffe
2026-04-02 11:12:42 - getOutlet.php - Received encrypt: 7e7f1d062ca9b9e5c530948d57925ffe
2026-04-02 11:12:42 - getOutlet.php - Authentication berhasil
2026-04-02 11:12:42 - getOutlet.php - Query: SELECT id_out, nama_out, '' AS alamat_out, ofcode_out
            FROM outlet 
            WHERE status_out IN ('Active', '1', 'active')
            AND (nama_out LIKE :key OR ofcode_out LIKE :key)
            ORDER BY nama_out ASC
            LIMIT 20
2026-04-02 11:12:42 - getOutlet.php - Query berhasil, mengembalikan 11 record
2026-04-02 11:12:42 - getOutlet.php - === END REQUEST ===
2026-04-02 04:12:42 - getOutlet.php - === REQUEST GETOUTLET ===
2026-04-02 04:12:42 - getOutlet.php - Method: POST
2026-04-02 04:12:42 - getOutlet.php - POST data: {"tgl":"2026-04-02","encrypt":"7e7f1d062ca9b9e5c530948d57925ffe","id_apl":"APL01","key":"Bra"}
2026-04-02 11:12:42 - getOutlet.php - Params - tgl: 2026-04-02, encrypt: 7e7f1d062ca9b9e5c530948d57925ffe, id_apl: APL01, key: Bra
2026-04-02 11:12:42 - getOutlet.php - Aplikasi ditemukan: Ya
2026-04-02 11:12:42 - getOutlet.php - Key aplikasi: YbcJSFjkds...
2026-04-02 11:12:42 - getOutlet.php - Expected encrypt: 7e7f1d062ca9b9e5c530948d57925ffe
2026-04-02 11:12:42 - getOutlet.php - Received encrypt: 7e7f1d062ca9b9e5c530948d57925ffe
2026-04-02 11:12:42 - getOutlet.php - Authentication berhasil
2026-04-02 11:12:42 - getOutlet.php - Query: SELECT id_out, nama_out, '' AS alamat_out, ofcode_out
            FROM outlet 
            WHERE status_out IN ('Active', '1', 'active')
            AND (nama_out LIKE :key OR ofcode_out LIKE :key)
            ORDER BY nama_out ASC
            LIMIT 20
2026-04-02 11:12:42 - getOutlet.php - Query berhasil, mengembalikan 7 record
2026-04-02 11:12:42 - getOutlet.php - === END REQUEST ===
2026-04-02 04:12:42 - getOutlet.php - === REQUEST GETOUTLET ===
2026-04-02 04:12:42 - getOutlet.php - Method: POST
2026-04-02 04:12:42 - getOutlet.php - POST data: {"tgl":"2026-04-02","encrypt":"7e7f1d062ca9b9e5c530948d57925ffe","id_apl":"APL01","key":"Braw"}
2026-04-02 11:12:42 - getOutlet.php - Params - tgl: 2026-04-02, encrypt: 7e7f1d062ca9b9e5c530948d57925ffe, id_apl: APL01, key: Braw
2026-04-02 11:12:42 - getOutlet.php - Aplikasi ditemukan: Ya
2026-04-02 11:12:42 - getOutlet.php - Key aplikasi: YbcJSFjkds...
2026-04-02 11:12:42 - getOutlet.php - Expected encrypt: 7e7f1d062ca9b9e5c530948d57925ffe
2026-04-02 11:12:42 - getOutlet.php - Received encrypt: 7e7f1d062ca9b9e5c530948d57925ffe
2026-04-02 11:12:42 - getOutlet.php - Authentication berhasil
2026-04-02 11:12:42 - getOutlet.php - Query: SELECT id_out, nama_out, '' AS alamat_out, ofcode_out
            FROM outlet 
            WHERE status_out IN ('Active', '1', 'active')
            AND (nama_out LIKE :key OR ofcode_out LIKE :key)
            ORDER BY nama_out ASC
            LIMIT 20
2026-04-02 11:12:42 - getOutlet.php - Query berhasil, mengembalikan 6 record
2026-04-02 11:12:42 - getOutlet.php - === END REQUEST ===
2026-04-02 04:12:43 - getOutlet.php - === REQUEST GETOUTLET ===
2026-04-02 04:12:43 - getOutlet.php - Method: POST
2026-04-02 04:12:43 - getOutlet.php - POST data: {"tgl":"2026-04-02","encrypt":"7e7f1d062ca9b9e5c530948d57925ffe","id_apl":"APL01","key":"Brawi"}
2026-04-02 11:12:43 - getOutlet.php - Params - tgl: 2026-04-02, encrypt: 7e7f1d062ca9b9e5c530948d57925ffe, id_apl: APL01, key: Brawi
2026-04-02 11:12:43 - getOutlet.php - Aplikasi ditemukan: Ya
2026-04-02 11:12:43 - getOutlet.php - Key aplikasi: YbcJSFjkds...
2026-04-02 11:12:43 - getOutlet.php - Expected encrypt: 7e7f1d062ca9b9e5c530948d57925ffe
2026-04-02 11:12:43 - getOutlet.php - Received encrypt: 7e7f1d062ca9b9e5c530948d57925ffe
2026-04-02 11:12:43 - getOutlet.php - Authentication berhasil
2026-04-02 11:12:43 - getOutlet.php - Query: SELECT id_out, nama_out, '' AS alamat_out, ofcode_out
            FROM outlet 
            WHERE status_out IN ('Active', '1', 'active')
            AND (nama_out LIKE :key OR ofcode_out LIKE :key)
            ORDER BY nama_out ASC
            LIMIT 20
2026-04-02 11:12:43 - getOutlet.php - Query berhasil, mengembalikan 6 record
2026-04-02 11:12:43 - getOutlet.php - === END REQUEST ===
2026-04-02 04:12:43 - getOutlet.php - === REQUEST GETOUTLET ===
2026-04-02 04:12:43 - getOutlet.php - Method: POST
2026-04-02 04:12:43 - getOutlet.php - POST data: {"tgl":"2026-04-02","encrypt":"7e7f1d062ca9b9e5c530948d57925ffe","id_apl":"APL01","key":"Brawij"}
2026-04-02 11:12:43 - getOutlet.php - Params - tgl: 2026-04-02, encrypt: 7e7f1d062ca9b9e5c530948d57925ffe, id_apl: APL01, key: Brawij
2026-04-02 11:12:43 - getOutlet.php - Aplikasi ditemukan: Ya
2026-04-02 11:12:43 - getOutlet.php - Key aplikasi: YbcJSFjkds...
2026-04-02 11:12:43 - getOutlet.php - Expected encrypt: 7e7f1d062ca9b9e5c530948d57925ffe
2026-04-02 11:12:43 - getOutlet.php - Received encrypt: 7e7f1d062ca9b9e5c530948d57925ffe
2026-04-02 11:12:43 - getOutlet.php - Authentication berhasil
2026-04-02 11:12:43 - getOutlet.php - Query: SELECT id_out, nama_out, '' AS alamat_out, ofcode_out
            FROM outlet 
            WHERE status_out IN ('Active', '1', 'active')
            AND (nama_out LIKE :key OR ofcode_out LIKE :key)
            ORDER BY nama_out ASC
            LIMIT 20
2026-04-02 11:12:43 - getOutlet.php - Query berhasil, mengembalikan 6 record
2026-04-02 11:12:43 - getOutlet.php - === END REQUEST ===
2026-04-02 04:12:43 - getOutlet.php - === REQUEST GETOUTLET ===
2026-04-02 04:12:43 - getOutlet.php - Method: POST
2026-04-02 04:12:43 - getOutlet.php - POST data: {"tgl":"2026-04-02","encrypt":"7e7f1d062ca9b9e5c530948d57925ffe","id_apl":"APL01","key":"Brawija"}
2026-04-02 11:12:43 - getOutlet.php - Params - tgl: 2026-04-02, encrypt: 7e7f1d062ca9b9e5c530948d57925ffe, id_apl: APL01, key: Brawija
2026-04-02 11:12:43 - getOutlet.php - Aplikasi ditemukan: Ya
2026-04-02 11:12:43 - getOutlet.php - Key aplikasi: YbcJSFjkds...
2026-04-02 11:12:43 - getOutlet.php - Expected encrypt: 7e7f1d062ca9b9e5c530948d57925ffe
2026-04-02 11:12:43 - getOutlet.php - Received encrypt: 7e7f1d062ca9b9e5c530948d57925ffe
2026-04-02 11:12:43 - getOutlet.php - Authentication berhasil
2026-04-02 11:12:43 - getOutlet.php - Query: SELECT id_out, nama_out, '' AS alamat_out, ofcode_out
            FROM outlet 
            WHERE status_out IN ('Active', '1', 'active')
            AND (nama_out LIKE :key OR ofcode_out LIKE :key)
            ORDER BY nama_out ASC
            LIMIT 20
2026-04-02 11:12:43 - getOutlet.php - Query berhasil, mengembalikan 6 record
2026-04-02 11:12:43 - getOutlet.php - === END REQUEST ===
2026-04-02 04:12:48 - getOutlet.php - === REQUEST GETOUTLET ===
2026-04-02 04:12:48 - getOutlet.php - Method: POST
2026-04-02 04:12:48 - getOutlet.php - POST data: {"tgl":"2026-04-02","encrypt":"7e7f1d062ca9b9e5c530948d57925ffe","id_apl":"APL01","key":"RS BRAWIJAYA TANGERANG"}
2026-04-02 11:12:48 - getOutlet.php - Params - tgl: 2026-04-02, encrypt: 7e7f1d062ca9b9e5c530948d57925ffe, id_apl: APL01, key: RS BRAWIJAYA TANGERANG
2026-04-02 11:12:48 - getOutlet.php - Aplikasi ditemukan: Ya
2026-04-02 11:12:48 - getOutlet.php - Key aplikasi: YbcJSFjkds...
2026-04-02 11:12:48 - getOutlet.php - Expected encrypt: 7e7f1d062ca9b9e5c530948d57925ffe
2026-04-02 11:12:48 - getOutlet.php - Received encrypt: 7e7f1d062ca9b9e5c530948d57925ffe
2026-04-02 11:12:48 - getOutlet.php - Authentication berhasil
2026-04-02 11:12:48 - getOutlet.php - Query: SELECT id_out, nama_out, '' AS alamat_out, ofcode_out
            FROM outlet 
            WHERE status_out IN ('Active', '1', 'active')
            AND (nama_out LIKE :key OR ofcode_out LIKE :key)
            ORDER BY nama_out ASC
            LIMIT 20
2026-04-02 11:12:48 - getOutlet.php - Query berhasil, mengembalikan 1 record
2026-04-02 11:12:48 - getOutlet.php - === END REQUEST ===
2026-04-02 04:19:30 - getOutlet.php - === REQUEST GETOUTLET ===
2026-04-02 04:19:30 - getOutlet.php - Method: POST
2026-04-02 04:19:30 - getOutlet.php - POST data: {"tgl":"2026-04-02","encrypt":"7e7f1d062ca9b9e5c530948d57925ffe","id_apl":"APL01","key":"Ap"}
2026-04-02 11:19:30 - getOutlet.php - Params - tgl: 2026-04-02, encrypt: 7e7f1d062ca9b9e5c530948d57925ffe, id_apl: APL01, key: Ap
2026-04-02 11:19:30 - getOutlet.php - Aplikasi ditemukan: Ya
2026-04-02 11:19:30 - getOutlet.php - Key aplikasi: YbcJSFjkds...
2026-04-02 11:19:30 - getOutlet.php - Expected encrypt: 7e7f1d062ca9b9e5c530948d57925ffe
2026-04-02 11:19:30 - getOutlet.php - Received encrypt: 7e7f1d062ca9b9e5c530948d57925ffe
2026-04-02 11:19:30 - getOutlet.php - Authentication berhasil
2026-04-02 11:19:30 - getOutlet.php - Query: SELECT id_out, nama_out, '' AS alamat_out, ofcode_out
            FROM outlet 
            WHERE status_out IN ('Active', '1', 'active')
            AND (nama_out LIKE :key OR ofcode_out LIKE :key)
            ORDER BY nama_out ASC
            LIMIT 20
2026-04-02 11:19:30 - getOutlet.php - Query berhasil, mengembalikan 20 record
2026-04-02 11:19:30 - getOutlet.php - === END REQUEST ===
2026-04-02 04:19:30 - getOutlet.php - === REQUEST GETOUTLET ===
2026-04-02 04:19:30 - getOutlet.php - Method: POST
2026-04-02 04:19:30 - getOutlet.php - POST data: {"tgl":"2026-04-02","encrypt":"7e7f1d062ca9b9e5c530948d57925ffe","id_apl":"APL01","key":"Apo"}
2026-04-02 11:19:30 - getOutlet.php - Params - tgl: 2026-04-02, encrypt: 7e7f1d062ca9b9e5c530948d57925ffe, id_apl: APL01, key: Apo
2026-04-02 11:19:30 - getOutlet.php - Aplikasi ditemukan: Ya
2026-04-02 11:19:30 - getOutlet.php - Key aplikasi: YbcJSFjkds...
2026-04-02 11:19:30 - getOutlet.php - Expected encrypt: 7e7f1d062ca9b9e5c530948d57925ffe
2026-04-02 11:19:30 - getOutlet.php - Received encrypt: 7e7f1d062ca9b9e5c530948d57925ffe
2026-04-02 11:19:30 - getOutlet.php - Authentication berhasil
2026-04-02 11:19:30 - getOutlet.php - Query: SELECT id_out, nama_out, '' AS alamat_out, ofcode_out
            FROM outlet 
            WHERE status_out IN ('Active', '1', 'active')
            AND (nama_out LIKE :key OR ofcode_out LIKE :key)
            ORDER BY nama_out ASC
            LIMIT 20
2026-04-02 11:19:30 - getOutlet.php - Query berhasil, mengembalikan 20 record
2026-04-02 11:19:30 - getOutlet.php - === END REQUEST ===
2026-04-02 04:19:31 - getOutlet.php - === REQUEST GETOUTLET ===
2026-04-02 04:19:31 - getOutlet.php - Method: POST
2026-04-02 04:19:31 - getOutlet.php - POST data: {"tgl":"2026-04-02","encrypt":"7e7f1d062ca9b9e5c530948d57925ffe","id_apl":"APL01","key":"Apot"}
2026-04-02 11:19:31 - getOutlet.php - Params - tgl: 2026-04-02, encrypt: 7e7f1d062ca9b9e5c530948d57925ffe, id_apl: APL01, key: Apot
2026-04-02 11:19:31 - getOutlet.php - Aplikasi ditemukan: Ya
2026-04-02 11:19:31 - getOutlet.php - Key aplikasi: YbcJSFjkds...
2026-04-02 11:19:31 - getOutlet.php - Expected encrypt: 7e7f1d062ca9b9e5c530948d57925ffe
2026-04-02 04:19:31 - getOutlet.php - === REQUEST GETOUTLET ===
2026-04-02 04:19:31 - getOutlet.php - Method: POST
2026-04-02 11:19:31 - getOutlet.php - Received encrypt: 7e7f1d062ca9b9e5c530948d57925ffe
2026-04-02 04:19:31 - getOutlet.php - POST data: {"tgl":"2026-04-02","encrypt":"7e7f1d062ca9b9e5c530948d57925ffe","id_apl":"APL01","key":"Apote"}
2026-04-02 11:19:31 - getOutlet.php - Authentication berhasil
2026-04-02 11:19:31 - getOutlet.php - Params - tgl: 2026-04-02, encrypt: 7e7f1d062ca9b9e5c530948d57925ffe, id_apl: APL01, key: Apote
2026-04-02 11:19:31 - getOutlet.php - Aplikasi ditemukan: Ya
2026-04-02 11:19:31 - getOutlet.php - Key aplikasi: YbcJSFjkds...
2026-04-02 11:19:31 - getOutlet.php - Expected encrypt: 7e7f1d062ca9b9e5c530948d57925ffe
2026-04-02 11:19:31 - getOutlet.php - Received encrypt: 7e7f1d062ca9b9e5c530948d57925ffe
2026-04-02 11:19:31 - getOutlet.php - Authentication berhasil
2026-04-02 11:19:31 - getOutlet.php - Query: SELECT id_out, nama_out, '' AS alamat_out, ofcode_out
            FROM outlet 
            WHERE status_out IN ('Active', '1', 'active')
            AND (nama_out LIKE :key OR ofcode_out LIKE :key)
            ORDER BY nama_out ASC
            LIMIT 20
2026-04-02 11:19:31 - getOutlet.php - Query: SELECT id_out, nama_out, '' AS alamat_out, ofcode_out
            FROM outlet 
            WHERE status_out IN ('Active', '1', 'active')
            AND (nama_out LIKE :key OR ofcode_out LIKE :key)
            ORDER BY nama_out ASC
            LIMIT 20
2026-04-02 11:19:31 - getOutlet.php - Query berhasil, mengembalikan 20 record
2026-04-02 11:19:31 - getOutlet.php - === END REQUEST ===
2026-04-02 11:19:31 - getOutlet.php - Query berhasil, mengembalikan 20 record
2026-04-02 11:19:31 - getOutlet.php - === END REQUEST ===
2026-04-02 04:19:31 - getOutlet.php - === REQUEST GETOUTLET ===
2026-04-02 04:19:31 - getOutlet.php - Method: POST
2026-04-02 04:19:31 - getOutlet.php - POST data: {"tgl":"2026-04-02","encrypt":"7e7f1d062ca9b9e5c530948d57925ffe","id_apl":"APL01","key":"Apotek"}
2026-04-02 11:19:31 - getOutlet.php - Params - tgl: 2026-04-02, encrypt: 7e7f1d062ca9b9e5c530948d57925ffe, id_apl: APL01, key: Apotek
2026-04-02 11:19:31 - getOutlet.php - Aplikasi ditemukan: Ya
2026-04-02 11:19:31 - getOutlet.php - Key aplikasi: YbcJSFjkds...
2026-04-02 11:19:31 - getOutlet.php - Expected encrypt: 7e7f1d062ca9b9e5c530948d57925ffe
2026-04-02 11:19:31 - getOutlet.php - Received encrypt: 7e7f1d062ca9b9e5c530948d57925ffe
2026-04-02 11:19:31 - getOutlet.php - Authentication berhasil
2026-04-02 11:19:31 - getOutlet.php - Query: SELECT id_out, nama_out, '' AS alamat_out, ofcode_out
            FROM outlet 
            WHERE status_out IN ('Active', '1', 'active')
            AND (nama_out LIKE :key OR ofcode_out LIKE :key)
            ORDER BY nama_out ASC
            LIMIT 20
2026-04-02 11:19:31 - getOutlet.php - Query berhasil, mengembalikan 20 record
2026-04-02 11:19:31 - getOutlet.php - === END REQUEST ===
2026-04-02 04:19:32 - getOutlet.php - === REQUEST GETOUTLET ===
2026-04-02 04:19:32 - getOutlet.php - Method: POST
2026-04-02 04:19:32 - getOutlet.php - POST data: {"tgl":"2026-04-02","encrypt":"7e7f1d062ca9b9e5c530948d57925ffe","id_apl":"APL01","key":"Apotek"}
2026-04-02 11:19:32 - getOutlet.php - Params - tgl: 2026-04-02, encrypt: 7e7f1d062ca9b9e5c530948d57925ffe, id_apl: APL01, key: Apotek
2026-04-02 04:19:32 - getOutlet.php - === REQUEST GETOUTLET ===
2026-04-02 04:19:32 - getOutlet.php - Method: POST
2026-04-02 04:19:32 - getOutlet.php - POST data: {"tgl":"2026-04-02","encrypt":"7e7f1d062ca9b9e5c530948d57925ffe","id_apl":"APL01","key":"Apotek"}
2026-04-02 11:19:32 - getOutlet.php - Params - tgl: 2026-04-02, encrypt: 7e7f1d062ca9b9e5c530948d57925ffe, id_apl: APL01, key: Apotek
2026-04-02 11:19:32 - getOutlet.php - Aplikasi ditemukan: Ya
2026-04-02 11:19:32 - getOutlet.php - Aplikasi ditemukan: Ya
2026-04-02 11:19:32 - getOutlet.php - Key aplikasi: YbcJSFjkds...
2026-04-02 11:19:32 - getOutlet.php - Key aplikasi: YbcJSFjkds...
2026-04-02 11:19:32 - getOutlet.php - Expected encrypt: 7e7f1d062ca9b9e5c530948d57925ffe
2026-04-02 11:19:32 - getOutlet.php - Expected encrypt: 7e7f1d062ca9b9e5c530948d57925ffe
2026-04-02 11:19:32 - getOutlet.php - Received encrypt: 7e7f1d062ca9b9e5c530948d57925ffe
2026-04-02 11:19:32 - getOutlet.php - Received encrypt: 7e7f1d062ca9b9e5c530948d57925ffe
2026-04-02 11:19:32 - getOutlet.php - Authentication berhasil
2026-04-02 11:19:32 - getOutlet.php - Authentication berhasil
2026-04-02 11:19:32 - getOutlet.php - Query: SELECT id_out, nama_out, '' AS alamat_out, ofcode_out
            FROM outlet 
            WHERE status_out IN ('Active', '1', 'active')
            AND (nama_out LIKE :key OR ofcode_out LIKE :key)
            ORDER BY nama_out ASC
            LIMIT 20
2026-04-02 11:19:32 - getOutlet.php - Query berhasil, mengembalikan 20 record
2026-04-02 11:19:32 - getOutlet.php - === END REQUEST ===
2026-04-02 11:19:32 - getOutlet.php - Query: SELECT id_out, nama_out, '' AS alamat_out, ofcode_out
            FROM outlet 
            WHERE status_out IN ('Active', '1', 'active')
            AND (nama_out LIKE :key OR ofcode_out LIKE :key)
            ORDER BY nama_out ASC
            LIMIT 20
2026-04-02 11:19:32 - getOutlet.php - Query berhasil, mengembalikan 20 record
2026-04-02 11:19:32 - getOutlet.php - === END REQUEST ===
2026-04-02 04:19:33 - getOutlet.php - === REQUEST GETOUTLET ===
2026-04-02 04:19:33 - getOutlet.php - Method: POST
2026-04-02 04:19:33 - getOutlet.php - POST data: {"tgl":"2026-04-02","encrypt":"7e7f1d062ca9b9e5c530948d57925ffe","id_apl":"APL01","key":"Apotek p"}
2026-04-02 11:19:33 - getOutlet.php - Params - tgl: 2026-04-02, encrypt: 7e7f1d062ca9b9e5c530948d57925ffe, id_apl: APL01, key: Apotek p
2026-04-02 11:19:33 - getOutlet.php - Aplikasi ditemukan: Ya
2026-04-02 11:19:33 - getOutlet.php - Key aplikasi: YbcJSFjkds...
2026-04-02 11:19:33 - getOutlet.php - Expected encrypt: 7e7f1d062ca9b9e5c530948d57925ffe
2026-04-02 11:19:33 - getOutlet.php - Received encrypt: 7e7f1d062ca9b9e5c530948d57925ffe
2026-04-02 11:19:33 - getOutlet.php - Authentication berhasil
2026-04-02 11:19:33 - getOutlet.php - Query: SELECT id_out, nama_out, '' AS alamat_out, ofcode_out
            FROM outlet 
            WHERE status_out IN ('Active', '1', 'active')
            AND (nama_out LIKE :key OR ofcode_out LIKE :key)
            ORDER BY nama_out ASC
            LIMIT 20
2026-04-02 11:19:33 - getOutlet.php - Query berhasil, mengembalikan 13 record
2026-04-02 11:19:33 - getOutlet.php - === END REQUEST ===
2026-04-02 04:19:33 - getOutlet.php - === REQUEST GETOUTLET ===
2026-04-02 04:19:33 - getOutlet.php - Method: POST
2026-04-02 04:19:33 - getOutlet.php - POST data: {"tgl":"2026-04-02","encrypt":"7e7f1d062ca9b9e5c530948d57925ffe","id_apl":"APL01","key":"Apotek pa"}
2026-04-02 11:19:33 - getOutlet.php - Params - tgl: 2026-04-02, encrypt: 7e7f1d062ca9b9e5c530948d57925ffe, id_apl: APL01, key: Apotek pa
2026-04-02 11:19:33 - getOutlet.php - Aplikasi ditemukan: Ya
2026-04-02 11:19:33 - getOutlet.php - Key aplikasi: YbcJSFjkds...
2026-04-02 11:19:33 - getOutlet.php - Expected encrypt: 7e7f1d062ca9b9e5c530948d57925ffe
2026-04-02 11:19:33 - getOutlet.php - Received encrypt: 7e7f1d062ca9b9e5c530948d57925ffe
2026-04-02 11:19:33 - getOutlet.php - Authentication berhasil
2026-04-02 11:19:33 - getOutlet.php - Query: SELECT id_out, nama_out, '' AS alamat_out, ofcode_out
            FROM outlet 
            WHERE status_out IN ('Active', '1', 'active')
            AND (nama_out LIKE :key OR ofcode_out LIKE :key)
            ORDER BY nama_out ASC
            LIMIT 20
2026-04-02 11:19:33 - getOutlet.php - Query berhasil, mengembalikan 4 record
2026-04-02 11:19:33 - getOutlet.php - === END REQUEST ===
2026-04-02 04:19:34 - getOutlet.php - === REQUEST GETOUTLET ===
2026-04-02 04:19:34 - getOutlet.php - Method: POST
2026-04-02 04:19:34 - getOutlet.php - POST data: {"tgl":"2026-04-02","encrypt":"7e7f1d062ca9b9e5c530948d57925ffe","id_apl":"APL01","key":"Apotek pad"}
2026-04-02 11:19:34 - getOutlet.php - Params - tgl: 2026-04-02, encrypt: 7e7f1d062ca9b9e5c530948d57925ffe, id_apl: APL01, key: Apotek pad
2026-04-02 11:19:34 - getOutlet.php - Aplikasi ditemukan: Ya
2026-04-02 11:19:34 - getOutlet.php - Key aplikasi: YbcJSFjkds...
2026-04-02 11:19:34 - getOutlet.php - Expected encrypt: 7e7f1d062ca9b9e5c530948d57925ffe
2026-04-02 11:19:34 - getOutlet.php - Received encrypt: 7e7f1d062ca9b9e5c530948d57925ffe
2026-04-02 11:19:34 - getOutlet.php - Authentication berhasil
2026-04-02 11:19:34 - getOutlet.php - Query: SELECT id_out, nama_out, '' AS alamat_out, ofcode_out
            FROM outlet 
            WHERE status_out IN ('Active', '1', 'active')
            AND (nama_out LIKE :key OR ofcode_out LIKE :key)
            ORDER BY nama_out ASC
            LIMIT 20
2026-04-02 11:19:34 - getOutlet.php - Query berhasil, mengembalikan 2 record
2026-04-02 11:19:34 - getOutlet.php - === END REQUEST ===
2026-04-02 04:19:34 - getOutlet.php - === REQUEST GETOUTLET ===
2026-04-02 04:19:34 - getOutlet.php - Method: POST
2026-04-02 04:19:34 - getOutlet.php - POST data: {"tgl":"2026-04-02","encrypt":"7e7f1d062ca9b9e5c530948d57925ffe","id_apl":"APL01","key":"Apotek padi"}
2026-04-02 11:19:34 - getOutlet.php - Params - tgl: 2026-04-02, encrypt: 7e7f1d062ca9b9e5c530948d57925ffe, id_apl: APL01, key: Apotek padi
2026-04-02 11:19:34 - getOutlet.php - Aplikasi ditemukan: Ya
2026-04-02 11:19:34 - getOutlet.php - Key aplikasi: YbcJSFjkds...
2026-04-02 11:19:34 - getOutlet.php - Expected encrypt: 7e7f1d062ca9b9e5c530948d57925ffe
2026-04-02 11:19:34 - getOutlet.php - Received encrypt: 7e7f1d062ca9b9e5c530948d57925ffe
2026-04-02 11:19:34 - getOutlet.php - Authentication berhasil
2026-04-02 11:19:34 - getOutlet.php - Query: SELECT id_out, nama_out, '' AS alamat_out, ofcode_out
            FROM outlet 
            WHERE status_out IN ('Active', '1', 'active')
            AND (nama_out LIKE :key OR ofcode_out LIKE :key)
            ORDER BY nama_out ASC
            LIMIT 20
2026-04-02 11:19:34 - getOutlet.php - Query berhasil, mengembalikan 2 record
2026-04-02 11:19:34 - getOutlet.php - === END REQUEST ===
2026-04-02 04:19:44 - getOutlet.php - === REQUEST GETOUTLET ===
2026-04-02 04:19:44 - getOutlet.php - Method: POST
2026-04-02 04:19:44 - getOutlet.php - POST data: {"tgl":"2026-04-02","encrypt":"7e7f1d062ca9b9e5c530948d57925ffe","id_apl":"APL01","key":"APOTEK PADI FARMA"}
2026-04-02 11:19:44 - getOutlet.php - Params - tgl: 2026-04-02, encrypt: 7e7f1d062ca9b9e5c530948d57925ffe, id_apl: APL01, key: APOTEK PADI FARMA
2026-04-02 11:19:44 - getOutlet.php - Aplikasi ditemukan: Ya
2026-04-02 11:19:44 - getOutlet.php - Key aplikasi: YbcJSFjkds...
2026-04-02 11:19:44 - getOutlet.php - Expected encrypt: 7e7f1d062ca9b9e5c530948d57925ffe
2026-04-02 11:19:44 - getOutlet.php - Received encrypt: 7e7f1d062ca9b9e5c530948d57925ffe
2026-04-02 11:19:44 - getOutlet.php - Authentication berhasil
2026-04-02 11:19:44 - getOutlet.php - Query: SELECT id_out, nama_out, '' AS alamat_out, ofcode_out
            FROM outlet 
            WHERE status_out IN ('Active', '1', 'active')
            AND (nama_out LIKE :key OR ofcode_out LIKE :key)
            ORDER BY nama_out ASC
            LIMIT 20
2026-04-02 11:19:44 - getOutlet.php - Query berhasil, mengembalikan 2 record
2026-04-02 11:19:44 - getOutlet.php - === END REQUEST ===
2026-04-02 04:20:02 - getOutlet.php - === REQUEST GETOUTLET ===
2026-04-02 04:20:02 - getOutlet.php - Method: POST
2026-04-02 04:20:02 - getOutlet.php - POST data: {"tgl":"2026-04-02","encrypt":"7e7f1d062ca9b9e5c530948d57925ffe","id_apl":"APL01","key":"Br"}
2026-04-02 11:20:02 - getOutlet.php - Params - tgl: 2026-04-02, encrypt: 7e7f1d062ca9b9e5c530948d57925ffe, id_apl: APL01, key: Br
2026-04-02 11:20:02 - getOutlet.php - Aplikasi ditemukan: Ya
2026-04-02 11:20:02 - getOutlet.php - Key aplikasi: YbcJSFjkds...
2026-04-02 11:20:02 - getOutlet.php - Expected encrypt: 7e7f1d062ca9b9e5c530948d57925ffe
2026-04-02 11:20:02 - getOutlet.php - Received encrypt: 7e7f1d062ca9b9e5c530948d57925ffe
2026-04-02 11:20:02 - getOutlet.php - Authentication berhasil
2026-04-02 11:20:02 - getOutlet.php - Query: SELECT id_out, nama_out, '' AS alamat_out, ofcode_out
            FROM outlet 
            WHERE status_out IN ('Active', '1', 'active')
            AND (nama_out LIKE :key OR ofcode_out LIKE :key)
            ORDER BY nama_out ASC
            LIMIT 20
2026-04-02 11:20:02 - getOutlet.php - Query berhasil, mengembalikan 11 record
2026-04-02 11:20:02 - getOutlet.php - === END REQUEST ===
2026-04-02 04:20:02 - getOutlet.php - === REQUEST GETOUTLET ===
2026-04-02 04:20:02 - getOutlet.php - Method: POST
2026-04-02 04:20:02 - getOutlet.php - POST data: {"tgl":"2026-04-02","encrypt":"7e7f1d062ca9b9e5c530948d57925ffe","id_apl":"APL01","key":"Bra"}
2026-04-02 11:20:02 - getOutlet.php - Params - tgl: 2026-04-02, encrypt: 7e7f1d062ca9b9e5c530948d57925ffe, id_apl: APL01, key: Bra
2026-04-02 11:20:02 - getOutlet.php - Aplikasi ditemukan: Ya
2026-04-02 11:20:02 - getOutlet.php - Key aplikasi: YbcJSFjkds...
2026-04-02 11:20:02 - getOutlet.php - Expected encrypt: 7e7f1d062ca9b9e5c530948d57925ffe
2026-04-02 11:20:02 - getOutlet.php - Received encrypt: 7e7f1d062ca9b9e5c530948d57925ffe
2026-04-02 11:20:02 - getOutlet.php - Authentication berhasil
2026-04-02 11:20:03 - getOutlet.php - Query: SELECT id_out, nama_out, '' AS alamat_out, ofcode_out
            FROM outlet 
            WHERE status_out IN ('Active', '1', 'active')
            AND (nama_out LIKE :key OR ofcode_out LIKE :key)
            ORDER BY nama_out ASC
            LIMIT 20
2026-04-02 11:20:03 - getOutlet.php - Query berhasil, mengembalikan 7 record
2026-04-02 11:20:03 - getOutlet.php - === END REQUEST ===
2026-04-02 04:20:03 - getOutlet.php - === REQUEST GETOUTLET ===
2026-04-02 04:20:03 - getOutlet.php - Method: POST
2026-04-02 04:20:03 - getOutlet.php - POST data: {"tgl":"2026-04-02","encrypt":"7e7f1d062ca9b9e5c530948d57925ffe","id_apl":"APL01","key":"Braw"}
2026-04-02 11:20:03 - getOutlet.php - Params - tgl: 2026-04-02, encrypt: 7e7f1d062ca9b9e5c530948d57925ffe, id_apl: APL01, key: Braw
2026-04-02 11:20:03 - getOutlet.php - Aplikasi ditemukan: Ya
2026-04-02 11:20:03 - getOutlet.php - Key aplikasi: YbcJSFjkds...
2026-04-02 11:20:03 - getOutlet.php - Expected encrypt: 7e7f1d062ca9b9e5c530948d57925ffe
2026-04-02 11:20:03 - getOutlet.php - Received encrypt: 7e7f1d062ca9b9e5c530948d57925ffe
2026-04-02 11:20:03 - getOutlet.php - Authentication berhasil
2026-04-02 11:20:03 - getOutlet.php - Query: SELECT id_out, nama_out, '' AS alamat_out, ofcode_out
            FROM outlet 
            WHERE status_out IN ('Active', '1', 'active')
            AND (nama_out LIKE :key OR ofcode_out LIKE :key)
            ORDER BY nama_out ASC
            LIMIT 20
2026-04-02 11:20:03 - getOutlet.php - Query berhasil, mengembalikan 6 record
2026-04-02 11:20:03 - getOutlet.php - === END REQUEST ===
2026-04-02 04:20:03 - getOutlet.php - === REQUEST GETOUTLET ===
2026-04-02 04:20:03 - getOutlet.php - Method: POST
2026-04-02 04:20:03 - getOutlet.php - POST data: {"tgl":"2026-04-02","encrypt":"7e7f1d062ca9b9e5c530948d57925ffe","id_apl":"APL01","key":"Brawi"}
2026-04-02 11:20:03 - getOutlet.php - Params - tgl: 2026-04-02, encrypt: 7e7f1d062ca9b9e5c530948d57925ffe, id_apl: APL01, key: Brawi
2026-04-02 11:20:03 - getOutlet.php - Aplikasi ditemukan: Ya
2026-04-02 11:20:03 - getOutlet.php - Key aplikasi: YbcJSFjkds...
2026-04-02 11:20:03 - getOutlet.php - Expected encrypt: 7e7f1d062ca9b9e5c530948d57925ffe
2026-04-02 11:20:03 - getOutlet.php - Received encrypt: 7e7f1d062ca9b9e5c530948d57925ffe
2026-04-02 11:20:03 - getOutlet.php - Authentication berhasil
2026-04-02 11:20:03 - getOutlet.php - Query: SELECT id_out, nama_out, '' AS alamat_out, ofcode_out
            FROM outlet 
            WHERE status_out IN ('Active', '1', 'active')
            AND (nama_out LIKE :key OR ofcode_out LIKE :key)
            ORDER BY nama_out ASC
            LIMIT 20
2026-04-02 11:20:03 - getOutlet.php - Query berhasil, mengembalikan 6 record
2026-04-02 11:20:03 - getOutlet.php - === END REQUEST ===
2026-04-02 04:20:03 - getOutlet.php - === REQUEST GETOUTLET ===
2026-04-02 04:20:03 - getOutlet.php - Method: POST
2026-04-02 04:20:03 - getOutlet.php - POST data: {"tgl":"2026-04-02","encrypt":"7e7f1d062ca9b9e5c530948d57925ffe","id_apl":"APL01","key":"Brawij"}
2026-04-02 11:20:03 - getOutlet.php - Params - tgl: 2026-04-02, encrypt: 7e7f1d062ca9b9e5c530948d57925ffe, id_apl: APL01, key: Brawij
2026-04-02 11:20:03 - getOutlet.php - Aplikasi ditemukan: Ya
2026-04-02 11:20:03 - getOutlet.php - Key aplikasi: YbcJSFjkds...
2026-04-02 11:20:03 - getOutlet.php - Expected encrypt: 7e7f1d062ca9b9e5c530948d57925ffe
2026-04-02 11:20:03 - getOutlet.php - Received encrypt: 7e7f1d062ca9b9e5c530948d57925ffe
2026-04-02 11:20:03 - getOutlet.php - Authentication berhasil
2026-04-02 11:20:03 - getOutlet.php - Query: SELECT id_out, nama_out, '' AS alamat_out, ofcode_out
            FROM outlet 
            WHERE status_out IN ('Active', '1', 'active')
            AND (nama_out LIKE :key OR ofcode_out LIKE :key)
            ORDER BY nama_out ASC
            LIMIT 20
2026-04-02 11:20:03 - getOutlet.php - Query berhasil, mengembalikan 6 record
2026-04-02 11:20:03 - getOutlet.php - === END REQUEST ===
2026-04-02 04:38:23 - getOutlet.php - === REQUEST GETOUTLET ===
2026-04-02 04:38:23 - getOutlet.php - Method: POST
2026-04-02 04:38:23 - getOutlet.php - POST data: {"tgl":"2026-04-02","encrypt":"7e7f1d062ca9b9e5c530948d57925ffe","id_apl":"APL01","key":"Rs"}
2026-04-02 11:38:23 - getOutlet.php - Params - tgl: 2026-04-02, encrypt: 7e7f1d062ca9b9e5c530948d57925ffe, id_apl: APL01, key: Rs
2026-04-02 11:38:23 - getOutlet.php - Aplikasi ditemukan: Ya
2026-04-02 11:38:23 - getOutlet.php - Key aplikasi: YbcJSFjkds...
2026-04-02 11:38:23 - getOutlet.php - Expected encrypt: 7e7f1d062ca9b9e5c530948d57925ffe
2026-04-02 11:38:23 - getOutlet.php - Received encrypt: 7e7f1d062ca9b9e5c530948d57925ffe
2026-04-02 11:38:23 - getOutlet.php - Authentication berhasil
2026-04-02 11:38:23 - getOutlet.php - Query: SELECT id_out, nama_out, '' AS alamat_out, ofcode_out
            FROM outlet 
            WHERE status_out IN ('Active', '1', 'active')
            AND (nama_out LIKE :key OR ofcode_out LIKE :key)
            ORDER BY nama_out ASC
            LIMIT 20
2026-04-02 11:38:23 - getOutlet.php - Query berhasil, mengembalikan 20 record
2026-04-02 11:38:23 - getOutlet.php - === END REQUEST ===
2026-04-02 04:38:23 - getOutlet.php - === REQUEST GETOUTLET ===
2026-04-02 04:38:23 - getOutlet.php - Method: POST
2026-04-02 04:38:23 - getOutlet.php - POST data: {"tgl":"2026-04-02","encrypt":"7e7f1d062ca9b9e5c530948d57925ffe","id_apl":"APL01","key":"RS"}
2026-04-02 11:38:23 - getOutlet.php - Params - tgl: 2026-04-02, encrypt: 7e7f1d062ca9b9e5c530948d57925ffe, id_apl: APL01, key: RS
2026-04-02 11:38:23 - getOutlet.php - Aplikasi ditemukan: Ya
2026-04-02 11:38:23 - getOutlet.php - Key aplikasi: YbcJSFjkds...
2026-04-02 11:38:23 - getOutlet.php - Expected encrypt: 7e7f1d062ca9b9e5c530948d57925ffe
2026-04-02 11:38:23 - getOutlet.php - Received encrypt: 7e7f1d062ca9b9e5c530948d57925ffe
2026-04-02 11:38:23 - getOutlet.php - Authentication berhasil
2026-04-02 11:38:23 - getOutlet.php - Query: SELECT id_out, nama_out, '' AS alamat_out, ofcode_out
            FROM outlet 
            WHERE status_out IN ('Active', '1', 'active')
            AND (nama_out LIKE :key OR ofcode_out LIKE :key)
            ORDER BY nama_out ASC
            LIMIT 20
2026-04-02 11:38:23 - getOutlet.php - Query berhasil, mengembalikan 20 record
2026-04-02 11:38:23 - getOutlet.php - === END REQUEST ===
2026-04-02 04:38:23 - getOutlet.php - === REQUEST GETOUTLET ===
2026-04-02 04:38:23 - getOutlet.php - Method: POST
2026-04-02 04:38:23 - getOutlet.php - POST data: {"tgl":"2026-04-02","encrypt":"7e7f1d062ca9b9e5c530948d57925ffe","id_apl":"APL01","key":"RS m"}
2026-04-02 11:38:23 - getOutlet.php - Params - tgl: 2026-04-02, encrypt: 7e7f1d062ca9b9e5c530948d57925ffe, id_apl: APL01, key: RS m
2026-04-02 11:38:23 - getOutlet.php - Aplikasi ditemukan: Ya
2026-04-02 11:38:23 - getOutlet.php - Key aplikasi: YbcJSFjkds...
2026-04-02 11:38:23 - getOutlet.php - Expected encrypt: 7e7f1d062ca9b9e5c530948d57925ffe
2026-04-02 11:38:23 - getOutlet.php - Received encrypt: 7e7f1d062ca9b9e5c530948d57925ffe
2026-04-02 11:38:23 - getOutlet.php - Authentication berhasil
2026-04-02 11:38:23 - getOutlet.php - Query: SELECT id_out, nama_out, '' AS alamat_out, ofcode_out
            FROM outlet 
            WHERE status_out IN ('Active', '1', 'active')
            AND (nama_out LIKE :key OR ofcode_out LIKE :key)
            ORDER BY nama_out ASC
            LIMIT 20
2026-04-02 11:38:23 - getOutlet.php - Query berhasil, mengembalikan 20 record
2026-04-02 11:38:23 - getOutlet.php - === END REQUEST ===
2026-04-02 04:38:24 - getOutlet.php - === REQUEST GETOUTLET ===
2026-04-02 04:38:24 - getOutlet.php - Method: POST
2026-04-02 04:38:24 - getOutlet.php - POST data: {"tgl":"2026-04-02","encrypt":"7e7f1d062ca9b9e5c530948d57925ffe","id_apl":"APL01","key":"RS ma"}
2026-04-02 11:38:24 - getOutlet.php - Params - tgl: 2026-04-02, encrypt: 7e7f1d062ca9b9e5c530948d57925ffe, id_apl: APL01, key: RS ma
2026-04-02 11:38:24 - getOutlet.php - Aplikasi ditemukan: Ya
2026-04-02 11:38:24 - getOutlet.php - Key aplikasi: YbcJSFjkds...
2026-04-02 11:38:24 - getOutlet.php - Expected encrypt: 7e7f1d062ca9b9e5c530948d57925ffe
2026-04-02 11:38:24 - getOutlet.php - Received encrypt: 7e7f1d062ca9b9e5c530948d57925ffe
2026-04-02 11:38:24 - getOutlet.php - Authentication berhasil
2026-04-02 11:38:24 - getOutlet.php - Query: SELECT id_out, nama_out, '' AS alamat_out, ofcode_out
            FROM outlet 
            WHERE status_out IN ('Active', '1', 'active')
            AND (nama_out LIKE :key OR ofcode_out LIKE :key)
            ORDER BY nama_out ASC
            LIMIT 20
2026-04-02 11:38:24 - getOutlet.php - Query berhasil, mengembalikan 18 record
2026-04-02 11:38:24 - getOutlet.php - === END REQUEST ===
2026-04-02 04:38:24 - getOutlet.php - === REQUEST GETOUTLET ===
2026-04-02 04:38:24 - getOutlet.php - Method: POST
2026-04-02 04:38:24 - getOutlet.php - POST data: {"tgl":"2026-04-02","encrypt":"7e7f1d062ca9b9e5c530948d57925ffe","id_apl":"APL01","key":"RS mata"}
2026-04-02 11:38:24 - getOutlet.php - Params - tgl: 2026-04-02, encrypt: 7e7f1d062ca9b9e5c530948d57925ffe, id_apl: APL01, key: RS mata
2026-04-02 11:38:24 - getOutlet.php - Aplikasi ditemukan: Ya
2026-04-02 11:38:24 - getOutlet.php - Key aplikasi: YbcJSFjkds...
2026-04-02 11:38:24 - getOutlet.php - Expected encrypt: 7e7f1d062ca9b9e5c530948d57925ffe
2026-04-02 11:38:24 - getOutlet.php - Received encrypt: 7e7f1d062ca9b9e5c530948d57925ffe
2026-04-02 11:38:24 - getOutlet.php - Authentication berhasil
2026-04-02 11:38:24 - getOutlet.php - Query: SELECT id_out, nama_out, '' AS alamat_out, ofcode_out
            FROM outlet 
            WHERE status_out IN ('Active', '1', 'active')
            AND (nama_out LIKE :key OR ofcode_out LIKE :key)
            ORDER BY nama_out ASC
            LIMIT 20
2026-04-02 11:38:24 - getOutlet.php - Query berhasil, mengembalikan 8 record
2026-04-02 11:38:24 - getOutlet.php - === END REQUEST ===
2026-04-02 04:38:24 - getOutlet.php - === REQUEST GETOUTLET ===
2026-04-02 04:38:24 - getOutlet.php - Method: POST
2026-04-02 04:38:24 - getOutlet.php - POST data: {"tgl":"2026-04-02","encrypt":"7e7f1d062ca9b9e5c530948d57925ffe","id_apl":"APL01","key":"RS mat"}
2026-04-02 11:38:24 - getOutlet.php - Params - tgl: 2026-04-02, encrypt: 7e7f1d062ca9b9e5c530948d57925ffe, id_apl: APL01, key: RS mat
2026-04-02 11:38:24 - getOutlet.php - Aplikasi ditemukan: Ya
2026-04-02 11:38:24 - getOutlet.php - Key aplikasi: YbcJSFjkds...
2026-04-02 11:38:24 - getOutlet.php - Expected encrypt: 7e7f1d062ca9b9e5c530948d57925ffe
2026-04-02 11:38:24 - getOutlet.php - Received encrypt: 7e7f1d062ca9b9e5c530948d57925ffe
2026-04-02 11:38:24 - getOutlet.php - Authentication berhasil
2026-04-02 11:38:24 - getOutlet.php - Query: SELECT id_out, nama_out, '' AS alamat_out, ofcode_out
            FROM outlet 
            WHERE status_out IN ('Active', '1', 'active')
            AND (nama_out LIKE :key OR ofcode_out LIKE :key)
            ORDER BY nama_out ASC
            LIMIT 20
2026-04-02 11:38:24 - getOutlet.php - Query berhasil, mengembalikan 8 record
2026-04-02 11:38:24 - getOutlet.php - === END REQUEST ===
2026-04-02 04:38:29 - getOutlet.php - === REQUEST GETOUTLET ===
2026-04-02 04:38:29 - getOutlet.php - Method: POST
2026-04-02 04:38:29 - getOutlet.php - POST data: {"tgl":"2026-04-02","encrypt":"7e7f1d062ca9b9e5c530948d57925ffe","id_apl":"APL01","key":"RS mataj"}
2026-04-02 11:38:29 - getOutlet.php - Params - tgl: 2026-04-02, encrypt: 7e7f1d062ca9b9e5c530948d57925ffe, id_apl: APL01, key: RS mataj
2026-04-02 11:38:29 - getOutlet.php - Aplikasi ditemukan: Ya
2026-04-02 11:38:29 - getOutlet.php - Key aplikasi: YbcJSFjkds...
2026-04-02 11:38:29 - getOutlet.php - Expected encrypt: 7e7f1d062ca9b9e5c530948d57925ffe
2026-04-02 11:38:29 - getOutlet.php - Received encrypt: 7e7f1d062ca9b9e5c530948d57925ffe
2026-04-02 11:38:29 - getOutlet.php - Authentication berhasil
2026-04-02 11:38:29 - getOutlet.php - Query: SELECT id_out, nama_out, '' AS alamat_out, ofcode_out
            FROM outlet 
            WHERE status_out IN ('Active', '1', 'active')
            AND (nama_out LIKE :key OR ofcode_out LIKE :key)
            ORDER BY nama_out ASC
            LIMIT 20
2026-04-02 11:38:29 - getOutlet.php - Query berhasil, mengembalikan 0 record
2026-04-02 11:38:29 - getOutlet.php - === END REQUEST ===
2026-04-02 04:38:29 - getOutlet.php - === REQUEST GETOUTLET ===
2026-04-02 04:38:29 - getOutlet.php - Method: POST
2026-04-02 04:38:29 - getOutlet.php - POST data: {"tgl":"2026-04-02","encrypt":"7e7f1d062ca9b9e5c530948d57925ffe","id_apl":"APL01","key":"RS mataje"}
2026-04-02 11:38:29 - getOutlet.php - Params - tgl: 2026-04-02, encrypt: 7e7f1d062ca9b9e5c530948d57925ffe, id_apl: APL01, key: RS mataje
2026-04-02 11:38:29 - getOutlet.php - Aplikasi ditemukan: Ya
2026-04-02 11:38:29 - getOutlet.php - Key aplikasi: YbcJSFjkds...
2026-04-02 11:38:29 - getOutlet.php - Expected encrypt: 7e7f1d062ca9b9e5c530948d57925ffe
2026-04-02 11:38:29 - getOutlet.php - Received encrypt: 7e7f1d062ca9b9e5c530948d57925ffe
2026-04-02 11:38:29 - getOutlet.php - Authentication berhasil
2026-04-02 11:38:29 - getOutlet.php - Query: SELECT id_out, nama_out, '' AS alamat_out, ofcode_out
            FROM outlet 
            WHERE status_out IN ('Active', '1', 'active')
            AND (nama_out LIKE :key OR ofcode_out LIKE :key)
            ORDER BY nama_out ASC
            LIMIT 20
2026-04-02 11:38:29 - getOutlet.php - Query berhasil, mengembalikan 0 record
2026-04-02 11:38:29 - getOutlet.php - === END REQUEST ===
2026-04-02 04:38:30 - getOutlet.php - === REQUEST GETOUTLET ===
2026-04-02 04:38:30 - getOutlet.php - Method: POST
2026-04-02 04:38:30 - getOutlet.php - POST data: {"tgl":"2026-04-02","encrypt":"7e7f1d062ca9b9e5c530948d57925ffe","id_apl":"APL01","key":"RS matajec"}
2026-04-02 11:38:30 - getOutlet.php - Params - tgl: 2026-04-02, encrypt: 7e7f1d062ca9b9e5c530948d57925ffe, id_apl: APL01, key: RS matajec
2026-04-02 11:38:30 - getOutlet.php - Aplikasi ditemukan: Ya
2026-04-02 11:38:30 - getOutlet.php - Key aplikasi: YbcJSFjkds...
2026-04-02 11:38:30 - getOutlet.php - Expected encrypt: 7e7f1d062ca9b9e5c530948d57925ffe
2026-04-02 11:38:30 - getOutlet.php - Received encrypt: 7e7f1d062ca9b9e5c530948d57925ffe
2026-04-02 11:38:30 - getOutlet.php - Authentication berhasil
2026-04-02 11:38:30 - getOutlet.php - Query: SELECT id_out, nama_out, '' AS alamat_out, ofcode_out
            FROM outlet 
            WHERE status_out IN ('Active', '1', 'active')
            AND (nama_out LIKE :key OR ofcode_out LIKE :key)
            ORDER BY nama_out ASC
            LIMIT 20
2026-04-02 11:38:30 - getOutlet.php - Query berhasil, mengembalikan 0 record
2026-04-02 11:38:30 - getOutlet.php - === END REQUEST ===
2026-04-02 04:38:31 - getOutlet.php - === REQUEST GETOUTLET ===
2026-04-02 04:38:31 - getOutlet.php - Method: POST
2026-04-02 04:38:31 - getOutlet.php - POST data: {"tgl":"2026-04-02","encrypt":"7e7f1d062ca9b9e5c530948d57925ffe","id_apl":"APL01","key":"RS mataje"}
2026-04-02 11:38:31 - getOutlet.php - Params - tgl: 2026-04-02, encrypt: 7e7f1d062ca9b9e5c530948d57925ffe, id_apl: APL01, key: RS mataje
2026-04-02 11:38:31 - getOutlet.php - Aplikasi ditemukan: Ya
2026-04-02 11:38:31 - getOutlet.php - Key aplikasi: YbcJSFjkds...
2026-04-02 11:38:31 - getOutlet.php - Expected encrypt: 7e7f1d062ca9b9e5c530948d57925ffe
2026-04-02 11:38:31 - getOutlet.php - Received encrypt: 7e7f1d062ca9b9e5c530948d57925ffe
2026-04-02 11:38:31 - getOutlet.php - Authentication berhasil
2026-04-02 11:38:31 - getOutlet.php - Query: SELECT id_out, nama_out, '' AS alamat_out, ofcode_out
            FROM outlet 
            WHERE status_out IN ('Active', '1', 'active')
            AND (nama_out LIKE :key OR ofcode_out LIKE :key)
            ORDER BY nama_out ASC
            LIMIT 20
2026-04-02 11:38:31 - getOutlet.php - Query berhasil, mengembalikan 0 record
2026-04-02 11:38:31 - getOutlet.php - === END REQUEST ===
2026-04-02 04:38:31 - getOutlet.php - === REQUEST GETOUTLET ===
2026-04-02 04:38:31 - getOutlet.php - Method: POST
2026-04-02 04:38:31 - getOutlet.php - POST data: {"tgl":"2026-04-02","encrypt":"7e7f1d062ca9b9e5c530948d57925ffe","id_apl":"APL01","key":"RS mataj"}
2026-04-02 11:38:31 - getOutlet.php - Params - tgl: 2026-04-02, encrypt: 7e7f1d062ca9b9e5c530948d57925ffe, id_apl: APL01, key: RS mataj
2026-04-02 11:38:31 - getOutlet.php - Aplikasi ditemukan: Ya
2026-04-02 11:38:31 - getOutlet.php - Key aplikasi: YbcJSFjkds...
2026-04-02 11:38:31 - getOutlet.php - Expected encrypt: 7e7f1d062ca9b9e5c530948d57925ffe
2026-04-02 11:38:31 - getOutlet.php - Received encrypt: 7e7f1d062ca9b9e5c530948d57925ffe
2026-04-02 11:38:31 - getOutlet.php - Authentication berhasil
2026-04-02 11:38:31 - getOutlet.php - Query: SELECT id_out, nama_out, '' AS alamat_out, ofcode_out
            FROM outlet 
            WHERE status_out IN ('Active', '1', 'active')
            AND (nama_out LIKE :key OR ofcode_out LIKE :key)
            ORDER BY nama_out ASC
            LIMIT 20
2026-04-02 11:38:31 - getOutlet.php - Query berhasil, mengembalikan 0 record
2026-04-02 11:38:31 - getOutlet.php - === END REQUEST ===
2026-04-02 04:38:31 - getOutlet.php - === REQUEST GETOUTLET ===
2026-04-02 04:38:31 - getOutlet.php - Method: POST
2026-04-02 04:38:31 - getOutlet.php - POST data: {"tgl":"2026-04-02","encrypt":"7e7f1d062ca9b9e5c530948d57925ffe","id_apl":"APL01","key":"RS mata"}
2026-04-02 11:38:31 - getOutlet.php - Params - tgl: 2026-04-02, encrypt: 7e7f1d062ca9b9e5c530948d57925ffe, id_apl: APL01, key: RS mata
2026-04-02 11:38:31 - getOutlet.php - Aplikasi ditemukan: Ya
2026-04-02 11:38:31 - getOutlet.php - Key aplikasi: YbcJSFjkds...
2026-04-02 11:38:31 - getOutlet.php - Expected encrypt: 7e7f1d062ca9b9e5c530948d57925ffe
2026-04-02 11:38:31 - getOutlet.php - Received encrypt: 7e7f1d062ca9b9e5c530948d57925ffe
2026-04-02 11:38:31 - getOutlet.php - Authentication berhasil
2026-04-02 11:38:31 - getOutlet.php - Query: SELECT id_out, nama_out, '' AS alamat_out, ofcode_out
            FROM outlet 
            WHERE status_out IN ('Active', '1', 'active')
            AND (nama_out LIKE :key OR ofcode_out LIKE :key)
            ORDER BY nama_out ASC
            LIMIT 20
2026-04-02 11:38:31 - getOutlet.php - Query berhasil, mengembalikan 8 record
2026-04-02 11:38:31 - getOutlet.php - === END REQUEST ===
2026-04-02 04:38:32 - getOutlet.php - === REQUEST GETOUTLET ===
2026-04-02 04:38:32 - getOutlet.php - Method: POST
2026-04-02 04:38:32 - getOutlet.php - POST data: {"tgl":"2026-04-02","encrypt":"7e7f1d062ca9b9e5c530948d57925ffe","id_apl":"APL01","key":"RS mata"}
2026-04-02 11:38:32 - getOutlet.php - Params - tgl: 2026-04-02, encrypt: 7e7f1d062ca9b9e5c530948d57925ffe, id_apl: APL01, key: RS mata
2026-04-02 11:38:32 - getOutlet.php - Aplikasi ditemukan: Ya
2026-04-02 11:38:32 - getOutlet.php - Key aplikasi: YbcJSFjkds...
2026-04-02 11:38:32 - getOutlet.php - Expected encrypt: 7e7f1d062ca9b9e5c530948d57925ffe
2026-04-02 11:38:32 - getOutlet.php - Received encrypt: 7e7f1d062ca9b9e5c530948d57925ffe
2026-04-02 11:38:32 - getOutlet.php - Authentication berhasil
2026-04-02 11:38:32 - getOutlet.php - Query: SELECT id_out, nama_out, '' AS alamat_out, ofcode_out
            FROM outlet 
            WHERE status_out IN ('Active', '1', 'active')
            AND (nama_out LIKE :key OR ofcode_out LIKE :key)
            ORDER BY nama_out ASC
            LIMIT 20
2026-04-02 11:38:32 - getOutlet.php - Query berhasil, mengembalikan 8 record
2026-04-02 11:38:32 - getOutlet.php - === END REQUEST ===
2026-04-02 04:38:32 - getOutlet.php - === REQUEST GETOUTLET ===
2026-04-02 04:38:32 - getOutlet.php - Method: POST
2026-04-02 04:38:32 - getOutlet.php - POST data: {"tgl":"2026-04-02","encrypt":"7e7f1d062ca9b9e5c530948d57925ffe","id_apl":"APL01","key":"RS mata j"}
2026-04-02 11:38:32 - getOutlet.php - Params - tgl: 2026-04-02, encrypt: 7e7f1d062ca9b9e5c530948d57925ffe, id_apl: APL01, key: RS mata j
2026-04-02 11:38:32 - getOutlet.php - Aplikasi ditemukan: Ya
2026-04-02 11:38:32 - getOutlet.php - Key aplikasi: YbcJSFjkds...
2026-04-02 11:38:32 - getOutlet.php - Expected encrypt: 7e7f1d062ca9b9e5c530948d57925ffe
2026-04-02 11:38:32 - getOutlet.php - Received encrypt: 7e7f1d062ca9b9e5c530948d57925ffe
2026-04-02 11:38:32 - getOutlet.php - Authentication berhasil
2026-04-02 11:38:32 - getOutlet.php - Query: SELECT id_out, nama_out, '' AS alamat_out, ofcode_out
            FROM outlet 
            WHERE status_out IN ('Active', '1', 'active')
            AND (nama_out LIKE :key OR ofcode_out LIKE :key)
            ORDER BY nama_out ASC
            LIMIT 20
2026-04-02 11:38:32 - getOutlet.php - Query berhasil, mengembalikan 5 record
2026-04-02 11:38:32 - getOutlet.php - === END REQUEST ===
2026-04-02 04:38:33 - getOutlet.php - === REQUEST GETOUTLET ===
2026-04-02 04:38:33 - getOutlet.php - Method: POST
2026-04-02 04:38:33 - getOutlet.php - POST data: {"tgl":"2026-04-02","encrypt":"7e7f1d062ca9b9e5c530948d57925ffe","id_apl":"APL01","key":"RS mata je"}
2026-04-02 11:38:33 - getOutlet.php - Params - tgl: 2026-04-02, encrypt: 7e7f1d062ca9b9e5c530948d57925ffe, id_apl: APL01, key: RS mata je
2026-04-02 11:38:33 - getOutlet.php - Aplikasi ditemukan: Ya
2026-04-02 11:38:33 - getOutlet.php - Key aplikasi: YbcJSFjkds...
2026-04-02 11:38:33 - getOutlet.php - Expected encrypt: 7e7f1d062ca9b9e5c530948d57925ffe
2026-04-02 11:38:33 - getOutlet.php - Received encrypt: 7e7f1d062ca9b9e5c530948d57925ffe
2026-04-02 11:38:33 - getOutlet.php - Authentication berhasil
2026-04-02 11:38:33 - getOutlet.php - Query: SELECT id_out, nama_out, '' AS alamat_out, ofcode_out
            FROM outlet 
            WHERE status_out IN ('Active', '1', 'active')
            AND (nama_out LIKE :key OR ofcode_out LIKE :key)
            ORDER BY nama_out ASC
            LIMIT 20
2026-04-02 11:38:33 - getOutlet.php - Query berhasil, mengembalikan 5 record
2026-04-02 11:38:33 - getOutlet.php - === END REQUEST ===
2026-04-02 04:38:33 - getOutlet.php - === REQUEST GETOUTLET ===
2026-04-02 04:38:33 - getOutlet.php - Method: POST
2026-04-02 04:38:33 - getOutlet.php - POST data: {"tgl":"2026-04-02","encrypt":"7e7f1d062ca9b9e5c530948d57925ffe","id_apl":"APL01","key":"RS mata jec"}
2026-04-02 11:38:33 - getOutlet.php - Params - tgl: 2026-04-02, encrypt: 7e7f1d062ca9b9e5c530948d57925ffe, id_apl: APL01, key: RS mata jec
2026-04-02 11:38:33 - getOutlet.php - Aplikasi ditemukan: Ya
2026-04-02 11:38:33 - getOutlet.php - Key aplikasi: YbcJSFjkds...
2026-04-02 11:38:33 - getOutlet.php - Expected encrypt: 7e7f1d062ca9b9e5c530948d57925ffe
2026-04-02 11:38:33 - getOutlet.php - Received encrypt: 7e7f1d062ca9b9e5c530948d57925ffe
2026-04-02 11:38:33 - getOutlet.php - Authentication berhasil
2026-04-02 11:38:33 - getOutlet.php - Query: SELECT id_out, nama_out, '' AS alamat_out, ofcode_out
            FROM outlet 
            WHERE status_out IN ('Active', '1', 'active')
            AND (nama_out LIKE :key OR ofcode_out LIKE :key)
            ORDER BY nama_out ASC
            LIMIT 20
2026-04-02 11:38:33 - getOutlet.php - Query berhasil, mengembalikan 5 record
2026-04-02 11:38:33 - getOutlet.php - === END REQUEST ===
2026-04-02 04:38:36 - getOutlet.php - === REQUEST GETOUTLET ===
2026-04-02 04:38:36 - getOutlet.php - Method: POST
2026-04-02 04:38:36 - getOutlet.php - POST data: {"tgl":"2026-04-02","encrypt":"7e7f1d062ca9b9e5c530948d57925ffe","id_apl":"APL01","key":"RS MATA JEC KEDOYA"}
2026-04-02 11:38:36 - getOutlet.php - Params - tgl: 2026-04-02, encrypt: 7e7f1d062ca9b9e5c530948d57925ffe, id_apl: APL01, key: RS MATA JEC KEDOYA
2026-04-02 11:38:36 - getOutlet.php - Aplikasi ditemukan: Ya
2026-04-02 11:38:36 - getOutlet.php - Key aplikasi: YbcJSFjkds...
2026-04-02 11:38:36 - getOutlet.php - Expected encrypt: 7e7f1d062ca9b9e5c530948d57925ffe
2026-04-02 11:38:36 - getOutlet.php - Received encrypt: 7e7f1d062ca9b9e5c530948d57925ffe
2026-04-02 11:38:36 - getOutlet.php - Authentication berhasil
2026-04-02 11:38:36 - getOutlet.php - Query: SELECT id_out, nama_out, '' AS alamat_out, ofcode_out
            FROM outlet 
            WHERE status_out IN ('Active', '1', 'active')
            AND (nama_out LIKE :key OR ofcode_out LIKE :key)
            ORDER BY nama_out ASC
            LIMIT 20
2026-04-02 11:38:36 - getOutlet.php - Query berhasil, mengembalikan 1 record
2026-04-02 11:38:36 - getOutlet.php - === END REQUEST ===
2026-04-02 04:39:03 - getOutlet.php - === REQUEST GETOUTLET ===
2026-04-02 04:39:03 - getOutlet.php - Method: POST
2026-04-02 04:39:03 - getOutlet.php - POST data: {"tgl":"2026-04-02","encrypt":"7e7f1d062ca9b9e5c530948d57925ffe","id_apl":"APL01","key":"Rs"}
2026-04-02 11:39:03 - getOutlet.php - Params - tgl: 2026-04-02, encrypt: 7e7f1d062ca9b9e5c530948d57925ffe, id_apl: APL01, key: Rs
2026-04-02 11:39:03 - getOutlet.php - Aplikasi ditemukan: Ya
2026-04-02 11:39:03 - getOutlet.php - Key aplikasi: YbcJSFjkds...
2026-04-02 11:39:03 - getOutlet.php - Expected encrypt: 7e7f1d062ca9b9e5c530948d57925ffe
2026-04-02 11:39:03 - getOutlet.php - Received encrypt: 7e7f1d062ca9b9e5c530948d57925ffe
2026-04-02 11:39:03 - getOutlet.php - Authentication berhasil
2026-04-02 11:39:03 - getOutlet.php - Query: SELECT id_out, nama_out, '' AS alamat_out, ofcode_out
            FROM outlet 
            WHERE status_out IN ('Active', '1', 'active')
            AND (nama_out LIKE :key OR ofcode_out LIKE :key)
            ORDER BY nama_out ASC
            LIMIT 20
2026-04-02 11:39:03 - getOutlet.php - Query berhasil, mengembalikan 20 record
2026-04-02 11:39:03 - getOutlet.php - === END REQUEST ===
2026-04-02 04:39:03 - getOutlet.php - === REQUEST GETOUTLET ===
2026-04-02 04:39:03 - getOutlet.php - Method: POST
2026-04-02 04:39:03 - getOutlet.php - POST data: {"tgl":"2026-04-02","encrypt":"7e7f1d062ca9b9e5c530948d57925ffe","id_apl":"APL01","key":"Rsu"}
2026-04-02 11:39:03 - getOutlet.php - Params - tgl: 2026-04-02, encrypt: 7e7f1d062ca9b9e5c530948d57925ffe, id_apl: APL01, key: Rsu
2026-04-02 11:39:03 - getOutlet.php - Aplikasi ditemukan: Ya
2026-04-02 11:39:03 - getOutlet.php - Key aplikasi: YbcJSFjkds...
2026-04-02 11:39:03 - getOutlet.php - Expected encrypt: 7e7f1d062ca9b9e5c530948d57925ffe
2026-04-02 11:39:03 - getOutlet.php - Received encrypt: 7e7f1d062ca9b9e5c530948d57925ffe
2026-04-02 11:39:03 - getOutlet.php - Authentication berhasil
2026-04-02 11:39:03 - getOutlet.php - Query: SELECT id_out, nama_out, '' AS alamat_out, ofcode_out
            FROM outlet 
            WHERE status_out IN ('Active', '1', 'active')
            AND (nama_out LIKE :key OR ofcode_out LIKE :key)
            ORDER BY nama_out ASC
            LIMIT 20
2026-04-02 11:39:03 - getOutlet.php - Query berhasil, mengembalikan 20 record
2026-04-02 11:39:03 - getOutlet.php - === END REQUEST ===
2026-04-02 04:39:14 - getOutlet.php - === REQUEST GETOUTLET ===
2026-04-02 04:39:14 - getOutlet.php - Method: POST
2026-04-02 04:39:14 - getOutlet.php - POST data: {"tgl":"2026-04-02","encrypt":"7e7f1d062ca9b9e5c530948d57925ffe","id_apl":"APL01","key":"Rsu"}
2026-04-02 11:39:14 - getOutlet.php - Params - tgl: 2026-04-02, encrypt: 7e7f1d062ca9b9e5c530948d57925ffe, id_apl: APL01, key: Rsu
2026-04-02 11:39:14 - getOutlet.php - Aplikasi ditemukan: Ya
2026-04-02 11:39:14 - getOutlet.php - Key aplikasi: YbcJSFjkds...
2026-04-02 11:39:14 - getOutlet.php - Expected encrypt: 7e7f1d062ca9b9e5c530948d57925ffe
2026-04-02 11:39:14 - getOutlet.php - Received encrypt: 7e7f1d062ca9b9e5c530948d57925ffe
2026-04-02 11:39:14 - getOutlet.php - Authentication berhasil
2026-04-02 11:39:14 - getOutlet.php - Query: SELECT id_out, nama_out, '' AS alamat_out, ofcode_out
            FROM outlet 
            WHERE status_out IN ('Active', '1', 'active')
            AND (nama_out LIKE :key OR ofcode_out LIKE :key)
            ORDER BY nama_out ASC
            LIMIT 20
2026-04-02 11:39:14 - getOutlet.php - Query berhasil, mengembalikan 20 record
2026-04-02 11:39:14 - getOutlet.php - === END REQUEST ===
2026-04-02 04:39:14 - getOutlet.php - === REQUEST GETOUTLET ===
2026-04-02 04:39:14 - getOutlet.php - Method: POST
2026-04-02 04:39:14 - getOutlet.php - POST data: {"tgl":"2026-04-02","encrypt":"7e7f1d062ca9b9e5c530948d57925ffe","id_apl":"APL01","key":"Rsu u"}
2026-04-02 11:39:14 - getOutlet.php - Params - tgl: 2026-04-02, encrypt: 7e7f1d062ca9b9e5c530948d57925ffe, id_apl: APL01, key: Rsu u
2026-04-02 11:39:14 - getOutlet.php - Aplikasi ditemukan: Ya
2026-04-02 11:39:14 - getOutlet.php - Key aplikasi: YbcJSFjkds...
2026-04-02 11:39:14 - getOutlet.php - Expected encrypt: 7e7f1d062ca9b9e5c530948d57925ffe
2026-04-02 11:39:14 - getOutlet.php - Received encrypt: 7e7f1d062ca9b9e5c530948d57925ffe
2026-04-02 11:39:14 - getOutlet.php - Authentication berhasil
2026-04-02 11:39:14 - getOutlet.php - Query: SELECT id_out, nama_out, '' AS alamat_out, ofcode_out
            FROM outlet 
            WHERE status_out IN ('Active', '1', 'active')
            AND (nama_out LIKE :key OR ofcode_out LIKE :key)
            ORDER BY nama_out ASC
            LIMIT 20
2026-04-02 11:39:14 - getOutlet.php - Query berhasil, mengembalikan 2 record
2026-04-02 11:39:14 - getOutlet.php - === END REQUEST ===
2026-04-02 04:39:14 - getOutlet.php - === REQUEST GETOUTLET ===
2026-04-02 04:39:14 - getOutlet.php - Method: POST
2026-04-02 04:39:14 - getOutlet.php - POST data: {"tgl":"2026-04-02","encrypt":"7e7f1d062ca9b9e5c530948d57925ffe","id_apl":"APL01","key":"Rsu un"}
2026-04-02 11:39:14 - getOutlet.php - Params - tgl: 2026-04-02, encrypt: 7e7f1d062ca9b9e5c530948d57925ffe, id_apl: APL01, key: Rsu un
2026-04-02 11:39:14 - getOutlet.php - Aplikasi ditemukan: Ya
2026-04-02 11:39:14 - getOutlet.php - Key aplikasi: YbcJSFjkds...
2026-04-02 11:39:14 - getOutlet.php - Expected encrypt: 7e7f1d062ca9b9e5c530948d57925ffe
2026-04-02 11:39:14 - getOutlet.php - Received encrypt: 7e7f1d062ca9b9e5c530948d57925ffe
2026-04-02 11:39:14 - getOutlet.php - Authentication berhasil
2026-04-02 11:39:14 - getOutlet.php - Query: SELECT id_out, nama_out, '' AS alamat_out, ofcode_out
            FROM outlet 
            WHERE status_out IN ('Active', '1', 'active')
            AND (nama_out LIKE :key OR ofcode_out LIKE :key)
            ORDER BY nama_out ASC
            LIMIT 20
2026-04-02 11:39:14 - getOutlet.php - Query berhasil, mengembalikan 2 record
2026-04-02 11:39:14 - getOutlet.php - === END REQUEST ===
2026-04-02 04:39:14 - getOutlet.php - === REQUEST GETOUTLET ===
2026-04-02 04:39:14 - getOutlet.php - Method: POST
2026-04-02 04:39:14 - getOutlet.php - POST data: {"tgl":"2026-04-02","encrypt":"7e7f1d062ca9b9e5c530948d57925ffe","id_apl":"APL01","key":"Rsu uni"}
2026-04-02 11:39:14 - getOutlet.php - Params - tgl: 2026-04-02, encrypt: 7e7f1d062ca9b9e5c530948d57925ffe, id_apl: APL01, key: Rsu uni
2026-04-02 11:39:14 - getOutlet.php - Aplikasi ditemukan: Ya
2026-04-02 11:39:14 - getOutlet.php - Key aplikasi: YbcJSFjkds...
2026-04-02 11:39:14 - getOutlet.php - Expected encrypt: 7e7f1d062ca9b9e5c530948d57925ffe
2026-04-02 11:39:14 - getOutlet.php - Received encrypt: 7e7f1d062ca9b9e5c530948d57925ffe
2026-04-02 11:39:14 - getOutlet.php - Authentication berhasil
2026-04-02 11:39:14 - getOutlet.php - Query: SELECT id_out, nama_out, '' AS alamat_out, ofcode_out
            FROM outlet 
            WHERE status_out IN ('Active', '1', 'active')
            AND (nama_out LIKE :key OR ofcode_out LIKE :key)
            ORDER BY nama_out ASC
            LIMIT 20
2026-04-02 11:39:14 - getOutlet.php - Query berhasil, mengembalikan 2 record
2026-04-02 11:39:14 - getOutlet.php - === END REQUEST ===
2026-04-02 04:39:16 - getOutlet.php - === REQUEST GETOUTLET ===
2026-04-02 04:39:16 - getOutlet.php - Method: POST
2026-04-02 04:39:16 - getOutlet.php - POST data: {"tgl":"2026-04-02","encrypt":"7e7f1d062ca9b9e5c530948d57925ffe","id_apl":"APL01","key":"RSU UNIVERSITAS KRISTEN INDONESIA"}
2026-04-02 11:39:16 - getOutlet.php - Params - tgl: 2026-04-02, encrypt: 7e7f1d062ca9b9e5c530948d57925ffe, id_apl: APL01, key: RSU UNIVERSITAS KRISTEN INDONESIA
2026-04-02 11:39:16 - getOutlet.php - Aplikasi ditemukan: Ya
2026-04-02 11:39:16 - getOutlet.php - Key aplikasi: YbcJSFjkds...
2026-04-02 11:39:16 - getOutlet.php - Expected encrypt: 7e7f1d062ca9b9e5c530948d57925ffe
2026-04-02 11:39:16 - getOutlet.php - Received encrypt: 7e7f1d062ca9b9e5c530948d57925ffe
2026-04-02 11:39:16 - getOutlet.php - Authentication berhasil
2026-04-02 11:39:16 - getOutlet.php - Query: SELECT id_out, nama_out, '' AS alamat_out, ofcode_out
            FROM outlet 
            WHERE status_out IN ('Active', '1', 'active')
            AND (nama_out LIKE :key OR ofcode_out LIKE :key)
            ORDER BY nama_out ASC
            LIMIT 20
2026-04-02 11:39:16 - getOutlet.php - Query berhasil, mengembalikan 1 record
2026-04-02 11:39:16 - getOutlet.php - === END REQUEST ===
2026-04-02 04:39:37 - getOutlet.php - === REQUEST GETOUTLET ===
2026-04-02 04:39:37 - getOutlet.php - Method: POST
2026-04-02 04:39:37 - getOutlet.php - POST data: {"tgl":"2026-04-02","encrypt":"7e7f1d062ca9b9e5c530948d57925ffe","id_apl":"APL01","key":"Rs"}
2026-04-02 11:39:37 - getOutlet.php - Params - tgl: 2026-04-02, encrypt: 7e7f1d062ca9b9e5c530948d57925ffe, id_apl: APL01, key: Rs
2026-04-02 11:39:37 - getOutlet.php - Aplikasi ditemukan: Ya
2026-04-02 11:39:37 - getOutlet.php - Key aplikasi: YbcJSFjkds...
2026-04-02 11:39:37 - getOutlet.php - Expected encrypt: 7e7f1d062ca9b9e5c530948d57925ffe
2026-04-02 11:39:37 - getOutlet.php - Received encrypt: 7e7f1d062ca9b9e5c530948d57925ffe
2026-04-02 11:39:37 - getOutlet.php - Authentication berhasil
2026-04-02 11:39:37 - getOutlet.php - Query: SELECT id_out, nama_out, '' AS alamat_out, ofcode_out
            FROM outlet 
            WHERE status_out IN ('Active', '1', 'active')
            AND (nama_out LIKE :key OR ofcode_out LIKE :key)
            ORDER BY nama_out ASC
            LIMIT 20
2026-04-02 11:39:37 - getOutlet.php - Query berhasil, mengembalikan 20 record
2026-04-02 11:39:37 - getOutlet.php - === END REQUEST ===
2026-04-02 04:39:37 - getOutlet.php - === REQUEST GETOUTLET ===
2026-04-02 04:39:37 - getOutlet.php - Method: POST
2026-04-02 04:39:37 - getOutlet.php - POST data: {"tgl":"2026-04-02","encrypt":"7e7f1d062ca9b9e5c530948d57925ffe","id_apl":"APL01","key":"Rsu"}
2026-04-02 11:39:37 - getOutlet.php - Params - tgl: 2026-04-02, encrypt: 7e7f1d062ca9b9e5c530948d57925ffe, id_apl: APL01, key: Rsu
2026-04-02 11:39:37 - getOutlet.php - Aplikasi ditemukan: Ya
2026-04-02 11:39:37 - getOutlet.php - Key aplikasi: YbcJSFjkds...
2026-04-02 11:39:37 - getOutlet.php - Expected encrypt: 7e7f1d062ca9b9e5c530948d57925ffe
2026-04-02 11:39:37 - getOutlet.php - Received encrypt: 7e7f1d062ca9b9e5c530948d57925ffe
2026-04-02 11:39:37 - getOutlet.php - Authentication berhasil
2026-04-02 11:39:37 - getOutlet.php - Query: SELECT id_out, nama_out, '' AS alamat_out, ofcode_out
            FROM outlet 
            WHERE status_out IN ('Active', '1', 'active')
            AND (nama_out LIKE :key OR ofcode_out LIKE :key)
            ORDER BY nama_out ASC
            LIMIT 20
2026-04-02 11:39:37 - getOutlet.php - Query berhasil, mengembalikan 20 record
2026-04-02 11:39:37 - getOutlet.php - === END REQUEST ===
2026-04-02 04:39:38 - getOutlet.php - === REQUEST GETOUTLET ===
2026-04-02 04:39:38 - getOutlet.php - Method: POST
2026-04-02 04:39:38 - getOutlet.php - POST data: {"tgl":"2026-04-02","encrypt":"7e7f1d062ca9b9e5c530948d57925ffe","id_apl":"APL01","key":"Rsu"}
2026-04-02 11:39:38 - getOutlet.php - Params - tgl: 2026-04-02, encrypt: 7e7f1d062ca9b9e5c530948d57925ffe, id_apl: APL01, key: Rsu
2026-04-02 11:39:38 - getOutlet.php - Aplikasi ditemukan: Ya
2026-04-02 11:39:38 - getOutlet.php - Key aplikasi: YbcJSFjkds...
2026-04-02 11:39:38 - getOutlet.php - Expected encrypt: 7e7f1d062ca9b9e5c530948d57925ffe
2026-04-02 11:39:38 - getOutlet.php - Received encrypt: 7e7f1d062ca9b9e5c530948d57925ffe
2026-04-02 11:39:38 - getOutlet.php - Authentication berhasil
2026-04-02 11:39:38 - getOutlet.php - Query: SELECT id_out, nama_out, '' AS alamat_out, ofcode_out
            FROM outlet 
            WHERE status_out IN ('Active', '1', 'active')
            AND (nama_out LIKE :key OR ofcode_out LIKE :key)
            ORDER BY nama_out ASC
            LIMIT 20
2026-04-02 11:39:38 - getOutlet.php - Query berhasil, mengembalikan 20 record
2026-04-02 11:39:38 - getOutlet.php - === END REQUEST ===
2026-04-02 04:39:39 - getOutlet.php - === REQUEST GETOUTLET ===
2026-04-02 04:39:39 - getOutlet.php - Method: POST
2026-04-02 04:39:39 - getOutlet.php - POST data: {"tgl":"2026-04-02","encrypt":"7e7f1d062ca9b9e5c530948d57925ffe","id_apl":"APL01","key":"Rsu p"}
2026-04-02 11:39:39 - getOutlet.php - Params - tgl: 2026-04-02, encrypt: 7e7f1d062ca9b9e5c530948d57925ffe, id_apl: APL01, key: Rsu p
2026-04-02 11:39:39 - getOutlet.php - Aplikasi ditemukan: Ya
2026-04-02 11:39:39 - getOutlet.php - Key aplikasi: YbcJSFjkds...
2026-04-02 11:39:39 - getOutlet.php - Expected encrypt: 7e7f1d062ca9b9e5c530948d57925ffe
2026-04-02 11:39:39 - getOutlet.php - Received encrypt: 7e7f1d062ca9b9e5c530948d57925ffe
2026-04-02 11:39:39 - getOutlet.php - Authentication berhasil
2026-04-02 11:39:39 - getOutlet.php - Query: SELECT id_out, nama_out, '' AS alamat_out, ofcode_out
            FROM outlet 
            WHERE status_out IN ('Active', '1', 'active')
            AND (nama_out LIKE :key OR ofcode_out LIKE :key)
            ORDER BY nama_out ASC
            LIMIT 20
2026-04-02 11:39:39 - getOutlet.php - Query berhasil, mengembalikan 10 record
2026-04-02 11:39:39 - getOutlet.php - === END REQUEST ===
2026-04-02 04:39:39 - getOutlet.php - === REQUEST GETOUTLET ===
2026-04-02 04:39:39 - getOutlet.php - Method: POST
2026-04-02 04:39:39 - getOutlet.php - POST data: {"tgl":"2026-04-02","encrypt":"7e7f1d062ca9b9e5c530948d57925ffe","id_apl":"APL01","key":"Rsu pe"}
2026-04-02 11:39:39 - getOutlet.php - Params - tgl: 2026-04-02, encrypt: 7e7f1d062ca9b9e5c530948d57925ffe, id_apl: APL01, key: Rsu pe
2026-04-02 11:39:39 - getOutlet.php - Aplikasi ditemukan: Ya
2026-04-02 11:39:39 - getOutlet.php - Key aplikasi: YbcJSFjkds...
2026-04-02 11:39:39 - getOutlet.php - Expected encrypt: 7e7f1d062ca9b9e5c530948d57925ffe
2026-04-02 11:39:39 - getOutlet.php - Received encrypt: 7e7f1d062ca9b9e5c530948d57925ffe
2026-04-02 11:39:39 - getOutlet.php - Authentication berhasil
2026-04-02 11:39:39 - getOutlet.php - Query: SELECT id_out, nama_out, '' AS alamat_out, ofcode_out
            FROM outlet 
            WHERE status_out IN ('Active', '1', 'active')
            AND (nama_out LIKE :key OR ofcode_out LIKE :key)
            ORDER BY nama_out ASC
            LIMIT 20
2026-04-02 11:39:39 - getOutlet.php - Query berhasil, mengembalikan 5 record
2026-04-02 11:39:39 - getOutlet.php - === END REQUEST ===
2026-04-02 04:39:39 - getOutlet.php - === REQUEST GETOUTLET ===
2026-04-02 04:39:39 - getOutlet.php - Method: POST
2026-04-02 04:39:39 - getOutlet.php - POST data: {"tgl":"2026-04-02","encrypt":"7e7f1d062ca9b9e5c530948d57925ffe","id_apl":"APL01","key":"Rsu per"}
2026-04-02 11:39:39 - getOutlet.php - Params - tgl: 2026-04-02, encrypt: 7e7f1d062ca9b9e5c530948d57925ffe, id_apl: APL01, key: Rsu per
2026-04-02 11:39:39 - getOutlet.php - Aplikasi ditemukan: Ya
2026-04-02 11:39:39 - getOutlet.php - Key aplikasi: YbcJSFjkds...
2026-04-02 11:39:39 - getOutlet.php - Expected encrypt: 7e7f1d062ca9b9e5c530948d57925ffe
2026-04-02 11:39:39 - getOutlet.php - Received encrypt: 7e7f1d062ca9b9e5c530948d57925ffe
2026-04-02 11:39:39 - getOutlet.php - Authentication berhasil
2026-04-02 11:39:39 - getOutlet.php - Query: SELECT id_out, nama_out, '' AS alamat_out, ofcode_out
            FROM outlet 
            WHERE status_out IN ('Active', '1', 'active')
            AND (nama_out LIKE :key OR ofcode_out LIKE :key)
            ORDER BY nama_out ASC
            LIMIT 20
2026-04-02 11:39:39 - getOutlet.php - Query berhasil, mengembalikan 3 record
2026-04-02 11:39:39 - getOutlet.php - === END REQUEST ===
2026-04-02 04:39:40 - getOutlet.php - === REQUEST GETOUTLET ===
2026-04-02 04:39:40 - getOutlet.php - Method: POST
2026-04-02 04:39:40 - getOutlet.php - POST data: {"tgl":"2026-04-02","encrypt":"7e7f1d062ca9b9e5c530948d57925ffe","id_apl":"APL01","key":"Rsu pers"}
2026-04-02 11:39:40 - getOutlet.php - Params - tgl: 2026-04-02, encrypt: 7e7f1d062ca9b9e5c530948d57925ffe, id_apl: APL01, key: Rsu pers
2026-04-02 11:39:40 - getOutlet.php - Aplikasi ditemukan: Ya
2026-04-02 11:39:40 - getOutlet.php - Key aplikasi: YbcJSFjkds...
2026-04-02 11:39:40 - getOutlet.php - Expected encrypt: 7e7f1d062ca9b9e5c530948d57925ffe
2026-04-02 11:39:40 - getOutlet.php - Received encrypt: 7e7f1d062ca9b9e5c530948d57925ffe
2026-04-02 11:39:40 - getOutlet.php - Authentication berhasil
2026-04-02 11:39:40 - getOutlet.php - Query: SELECT id_out, nama_out, '' AS alamat_out, ofcode_out
            FROM outlet 
            WHERE status_out IN ('Active', '1', 'active')
            AND (nama_out LIKE :key OR ofcode_out LIKE :key)
            ORDER BY nama_out ASC
            LIMIT 20
2026-04-02 11:39:40 - getOutlet.php - Query berhasil, mengembalikan 1 record
2026-04-02 11:39:40 - getOutlet.php - === END REQUEST ===
2026-04-02 04:39:40 - getOutlet.php - === REQUEST GETOUTLET ===
2026-04-02 04:39:40 - getOutlet.php - Method: POST
2026-04-02 04:39:40 - getOutlet.php - POST data: {"tgl":"2026-04-02","encrypt":"7e7f1d062ca9b9e5c530948d57925ffe","id_apl":"APL01","key":"Rsu persa"}
2026-04-02 11:39:40 - getOutlet.php - Params - tgl: 2026-04-02, encrypt: 7e7f1d062ca9b9e5c530948d57925ffe, id_apl: APL01, key: Rsu persa
2026-04-02 11:39:40 - getOutlet.php - Aplikasi ditemukan: Ya
2026-04-02 11:39:40 - getOutlet.php - Key aplikasi: YbcJSFjkds...
2026-04-02 11:39:40 - getOutlet.php - Expected encrypt: 7e7f1d062ca9b9e5c530948d57925ffe
2026-04-02 11:39:40 - getOutlet.php - Received encrypt: 7e7f1d062ca9b9e5c530948d57925ffe
2026-04-02 11:39:40 - getOutlet.php - Authentication berhasil
2026-04-02 11:39:40 - getOutlet.php - Query: SELECT id_out, nama_out, '' AS alamat_out, ofcode_out
            FROM outlet 
            WHERE status_out IN ('Active', '1', 'active')
            AND (nama_out LIKE :key OR ofcode_out LIKE :key)
            ORDER BY nama_out ASC
            LIMIT 20
2026-04-02 11:39:40 - getOutlet.php - Query berhasil, mengembalikan 1 record
2026-04-02 11:39:40 - getOutlet.php - === END REQUEST ===
2026-04-02 04:39:41 - getOutlet.php - === REQUEST GETOUTLET ===
2026-04-02 04:39:41 - getOutlet.php - Method: POST
2026-04-02 04:39:41 - getOutlet.php - POST data: {"tgl":"2026-04-02","encrypt":"7e7f1d062ca9b9e5c530948d57925ffe","id_apl":"APL01","key":"Rsu persah"}
2026-04-02 11:39:41 - getOutlet.php - Params - tgl: 2026-04-02, encrypt: 7e7f1d062ca9b9e5c530948d57925ffe, id_apl: APL01, key: Rsu persah
2026-04-02 11:39:41 - getOutlet.php - Aplikasi ditemukan: Ya
2026-04-02 11:39:41 - getOutlet.php - Key aplikasi: YbcJSFjkds...
2026-04-02 11:39:41 - getOutlet.php - Expected encrypt: 7e7f1d062ca9b9e5c530948d57925ffe
2026-04-02 11:39:41 - getOutlet.php - Received encrypt: 7e7f1d062ca9b9e5c530948d57925ffe
2026-04-02 11:39:41 - getOutlet.php - Authentication berhasil
2026-04-02 11:39:41 - getOutlet.php - Query: SELECT id_out, nama_out, '' AS alamat_out, ofcode_out
            FROM outlet 
            WHERE status_out IN ('Active', '1', 'active')
            AND (nama_out LIKE :key OR ofcode_out LIKE :key)
            ORDER BY nama_out ASC
            LIMIT 20
2026-04-02 11:39:41 - getOutlet.php - Query berhasil, mengembalikan 1 record
2026-04-02 11:39:41 - getOutlet.php - === END REQUEST ===
2026-04-02 04:39:41 - getOutlet.php - === REQUEST GETOUTLET ===
2026-04-02 04:39:41 - getOutlet.php - Method: POST
2026-04-02 04:39:41 - getOutlet.php - POST data: {"tgl":"2026-04-02","encrypt":"7e7f1d062ca9b9e5c530948d57925ffe","id_apl":"APL01","key":"Rsu persaha"}
2026-04-02 11:39:41 - getOutlet.php - Params - tgl: 2026-04-02, encrypt: 7e7f1d062ca9b9e5c530948d57925ffe, id_apl: APL01, key: Rsu persaha
2026-04-02 11:39:41 - getOutlet.php - Aplikasi ditemukan: Ya
2026-04-02 11:39:41 - getOutlet.php - Key aplikasi: YbcJSFjkds...
2026-04-02 11:39:41 - getOutlet.php - Expected encrypt: 7e7f1d062ca9b9e5c530948d57925ffe
2026-04-02 11:39:41 - getOutlet.php - Received encrypt: 7e7f1d062ca9b9e5c530948d57925ffe
2026-04-02 11:39:41 - getOutlet.php - Authentication berhasil
2026-04-02 11:39:41 - getOutlet.php - Query: SELECT id_out, nama_out, '' AS alamat_out, ofcode_out
            FROM outlet 
            WHERE status_out IN ('Active', '1', 'active')
            AND (nama_out LIKE :key OR ofcode_out LIKE :key)
            ORDER BY nama_out ASC
            LIMIT 20
2026-04-02 11:39:41 - getOutlet.php - Query berhasil, mengembalikan 1 record
2026-04-02 11:39:41 - getOutlet.php - === END REQUEST ===
2026-04-02 04:39:42 - getOutlet.php - === REQUEST GETOUTLET ===
2026-04-02 04:39:42 - getOutlet.php - Method: POST
2026-04-02 04:39:42 - getOutlet.php - POST data: {"tgl":"2026-04-02","encrypt":"7e7f1d062ca9b9e5c530948d57925ffe","id_apl":"APL01","key":"Rsu persahabatan"}
2026-04-02 11:39:42 - getOutlet.php - Params - tgl: 2026-04-02, encrypt: 7e7f1d062ca9b9e5c530948d57925ffe, id_apl: APL01, key: Rsu persahabatan
2026-04-02 11:39:42 - getOutlet.php - Aplikasi ditemukan: Ya
2026-04-02 11:39:42 - getOutlet.php - Key aplikasi: YbcJSFjkds...
2026-04-02 11:39:42 - getOutlet.php - Expected encrypt: 7e7f1d062ca9b9e5c530948d57925ffe
2026-04-02 11:39:42 - getOutlet.php - Received encrypt: 7e7f1d062ca9b9e5c530948d57925ffe
2026-04-02 11:39:42 - getOutlet.php - Authentication berhasil
2026-04-02 11:39:42 - getOutlet.php - Query: SELECT id_out, nama_out, '' AS alamat_out, ofcode_out
            FROM outlet 
            WHERE status_out IN ('Active', '1', 'active')
            AND (nama_out LIKE :key OR ofcode_out LIKE :key)
            ORDER BY nama_out ASC
            LIMIT 20
2026-04-02 11:39:42 - getOutlet.php - Query berhasil, mengembalikan 1 record
2026-04-02 11:39:42 - getOutlet.php - === END REQUEST ===
2026-04-02 04:39:44 - getOutlet.php - === REQUEST GETOUTLET ===
2026-04-02 04:39:44 - getOutlet.php - Method: POST
2026-04-02 04:39:44 - getOutlet.php - POST data: {"tgl":"2026-04-02","encrypt":"7e7f1d062ca9b9e5c530948d57925ffe","id_apl":"APL01","key":"RSU PERSAHABATAN "}
2026-04-02 11:39:44 - getOutlet.php - Params - tgl: 2026-04-02, encrypt: 7e7f1d062ca9b9e5c530948d57925ffe, id_apl: APL01, key: RSU PERSAHABATAN
2026-04-02 11:39:44 - getOutlet.php - Aplikasi ditemukan: Ya
2026-04-02 11:39:44 - getOutlet.php - Key aplikasi: YbcJSFjkds...
2026-04-02 11:39:44 - getOutlet.php - Expected encrypt: 7e7f1d062ca9b9e5c530948d57925ffe
2026-04-02 11:39:44 - getOutlet.php - Received encrypt: 7e7f1d062ca9b9e5c530948d57925ffe
2026-04-02 11:39:44 - getOutlet.php - Authentication berhasil
2026-04-02 11:39:44 - getOutlet.php - Query: SELECT id_out, nama_out, '' AS alamat_out, ofcode_out
            FROM outlet 
            WHERE status_out IN ('Active', '1', 'active')
            AND (nama_out LIKE :key OR ofcode_out LIKE :key)
            ORDER BY nama_out ASC
            LIMIT 20
2026-04-02 11:39:44 - getOutlet.php - Query berhasil, mengembalikan 1 record
2026-04-02 11:39:44 - getOutlet.php - === END REQUEST ===
2026-04-02 04:39:55 - getOutlet.php - === REQUEST GETOUTLET ===
2026-04-02 04:39:55 - getOutlet.php - Method: POST
2026-04-02 04:39:55 - getOutlet.php - POST data: {"tgl":"2026-04-02","encrypt":"7e7f1d062ca9b9e5c530948d57925ffe","id_apl":"APL01","key":"Rs"}
2026-04-02 11:39:55 - getOutlet.php - Params - tgl: 2026-04-02, encrypt: 7e7f1d062ca9b9e5c530948d57925ffe, id_apl: APL01, key: Rs
2026-04-02 11:39:55 - getOutlet.php - Aplikasi ditemukan: Ya
2026-04-02 11:39:55 - getOutlet.php - Key aplikasi: YbcJSFjkds...
2026-04-02 11:39:55 - getOutlet.php - Expected encrypt: 7e7f1d062ca9b9e5c530948d57925ffe
2026-04-02 11:39:55 - getOutlet.php - Received encrypt: 7e7f1d062ca9b9e5c530948d57925ffe
2026-04-02 11:39:55 - getOutlet.php - Authentication berhasil
2026-04-02 11:39:55 - getOutlet.php - Query: SELECT id_out, nama_out, '' AS alamat_out, ofcode_out
            FROM outlet 
            WHERE status_out IN ('Active', '1', 'active')
            AND (nama_out LIKE :key OR ofcode_out LIKE :key)
            ORDER BY nama_out ASC
            LIMIT 20
2026-04-02 11:39:55 - getOutlet.php - Query berhasil, mengembalikan 20 record
2026-04-02 11:39:55 - getOutlet.php - === END REQUEST ===
2026-04-02 04:39:55 - getOutlet.php - === REQUEST GETOUTLET ===
2026-04-02 04:39:55 - getOutlet.php - Method: POST
2026-04-02 04:39:55 - getOutlet.php - POST data: {"tgl":"2026-04-02","encrypt":"7e7f1d062ca9b9e5c530948d57925ffe","id_apl":"APL01","key":"RS"}
2026-04-02 11:39:55 - getOutlet.php - Params - tgl: 2026-04-02, encrypt: 7e7f1d062ca9b9e5c530948d57925ffe, id_apl: APL01, key: RS
2026-04-02 11:39:55 - getOutlet.php - Aplikasi ditemukan: Ya
2026-04-02 11:39:55 - getOutlet.php - Key aplikasi: YbcJSFjkds...
2026-04-02 11:39:55 - getOutlet.php - Expected encrypt: 7e7f1d062ca9b9e5c530948d57925ffe
2026-04-02 11:39:55 - getOutlet.php - Received encrypt: 7e7f1d062ca9b9e5c530948d57925ffe
2026-04-02 11:39:55 - getOutlet.php - Authentication berhasil
2026-04-02 11:39:55 - getOutlet.php - Query: SELECT id_out, nama_out, '' AS alamat_out, ofcode_out
            FROM outlet 
            WHERE status_out IN ('Active', '1', 'active')
            AND (nama_out LIKE :key OR ofcode_out LIKE :key)
            ORDER BY nama_out ASC
            LIMIT 20
2026-04-02 11:39:55 - getOutlet.php - Query berhasil, mengembalikan 20 record
2026-04-02 11:39:55 - getOutlet.php - === END REQUEST ===
2026-04-02 04:39:56 - getOutlet.php - === REQUEST GETOUTLET ===
2026-04-02 04:39:56 - getOutlet.php - Method: POST
2026-04-02 04:39:56 - getOutlet.php - POST data: {"tgl":"2026-04-02","encrypt":"7e7f1d062ca9b9e5c530948d57925ffe","id_apl":"APL01","key":"RS h"}
2026-04-02 11:39:56 - getOutlet.php - Params - tgl: 2026-04-02, encrypt: 7e7f1d062ca9b9e5c530948d57925ffe, id_apl: APL01, key: RS h
2026-04-02 11:39:56 - getOutlet.php - Aplikasi ditemukan: Ya
2026-04-02 11:39:56 - getOutlet.php - Key aplikasi: YbcJSFjkds...
2026-04-02 11:39:56 - getOutlet.php - Expected encrypt: 7e7f1d062ca9b9e5c530948d57925ffe
2026-04-02 11:39:56 - getOutlet.php - Received encrypt: 7e7f1d062ca9b9e5c530948d57925ffe
2026-04-02 11:39:56 - getOutlet.php - Authentication berhasil
2026-04-02 11:39:56 - getOutlet.php - Query: SELECT id_out, nama_out, '' AS alamat_out, ofcode_out
            FROM outlet 
            WHERE status_out IN ('Active', '1', 'active')
            AND (nama_out LIKE :key OR ofcode_out LIKE :key)
            ORDER BY nama_out ASC
            LIMIT 20
2026-04-02 11:39:56 - getOutlet.php - Query berhasil, mengembalikan 14 record
2026-04-02 11:39:56 - getOutlet.php - === END REQUEST ===
2026-04-02 04:39:56 - getOutlet.php - === REQUEST GETOUTLET ===
2026-04-02 04:39:56 - getOutlet.php - Method: POST
2026-04-02 04:39:56 - getOutlet.php - POST data: {"tgl":"2026-04-02","encrypt":"7e7f1d062ca9b9e5c530948d57925ffe","id_apl":"APL01","key":"RS ha"}
2026-04-02 11:39:56 - getOutlet.php - Params - tgl: 2026-04-02, encrypt: 7e7f1d062ca9b9e5c530948d57925ffe, id_apl: APL01, key: RS ha
2026-04-02 11:39:56 - getOutlet.php - Aplikasi ditemukan: Ya
2026-04-02 11:39:56 - getOutlet.php - Key aplikasi: YbcJSFjkds...
2026-04-02 11:39:56 - getOutlet.php - Expected encrypt: 7e7f1d062ca9b9e5c530948d57925ffe
2026-04-02 11:39:56 - getOutlet.php - Received encrypt: 7e7f1d062ca9b9e5c530948d57925ffe
2026-04-02 11:39:56 - getOutlet.php - Authentication berhasil
2026-04-02 11:39:56 - getOutlet.php - Query: SELECT id_out, nama_out, '' AS alamat_out, ofcode_out
            FROM outlet 
            WHERE status_out IN ('Active', '1', 'active')
            AND (nama_out LIKE :key OR ofcode_out LIKE :key)
            ORDER BY nama_out ASC
            LIMIT 20
2026-04-02 11:39:56 - getOutlet.php - Query berhasil, mengembalikan 8 record
2026-04-02 11:39:56 - getOutlet.php - === END REQUEST ===
2026-04-02 04:39:56 - getOutlet.php - === REQUEST GETOUTLET ===
2026-04-02 04:39:56 - getOutlet.php - Method: POST
2026-04-02 04:39:56 - getOutlet.php - POST data: {"tgl":"2026-04-02","encrypt":"7e7f1d062ca9b9e5c530948d57925ffe","id_apl":"APL01","key":"RS har"}
2026-04-02 11:39:56 - getOutlet.php - Params - tgl: 2026-04-02, encrypt: 7e7f1d062ca9b9e5c530948d57925ffe, id_apl: APL01, key: RS har
2026-04-02 11:39:56 - getOutlet.php - Aplikasi ditemukan: Ya
2026-04-02 11:39:56 - getOutlet.php - Key aplikasi: YbcJSFjkds...
2026-04-02 11:39:56 - getOutlet.php - Expected encrypt: 7e7f1d062ca9b9e5c530948d57925ffe
2026-04-02 11:39:56 - getOutlet.php - Received encrypt: 7e7f1d062ca9b9e5c530948d57925ffe
2026-04-02 11:39:56 - getOutlet.php - Authentication berhasil
2026-04-02 11:39:56 - getOutlet.php - Query: SELECT id_out, nama_out, '' AS alamat_out, ofcode_out
            FROM outlet 
            WHERE status_out IN ('Active', '1', 'active')
            AND (nama_out LIKE :key OR ofcode_out LIKE :key)
            ORDER BY nama_out ASC
            LIMIT 20
2026-04-02 11:39:56 - getOutlet.php - Query berhasil, mengembalikan 6 record
2026-04-02 11:39:56 - getOutlet.php - === END REQUEST ===
2026-04-02 04:39:57 - getOutlet.php - === REQUEST GETOUTLET ===
2026-04-02 04:39:57 - getOutlet.php - Method: POST
2026-04-02 04:39:57 - getOutlet.php - POST data: {"tgl":"2026-04-02","encrypt":"7e7f1d062ca9b9e5c530948d57925ffe","id_apl":"APL01","key":"RS haru"}
2026-04-02 11:39:57 - getOutlet.php - Params - tgl: 2026-04-02, encrypt: 7e7f1d062ca9b9e5c530948d57925ffe, id_apl: APL01, key: RS haru
2026-04-02 11:39:57 - getOutlet.php - Aplikasi ditemukan: Ya
2026-04-02 11:39:57 - getOutlet.php - Key aplikasi: YbcJSFjkds...
2026-04-02 11:39:57 - getOutlet.php - Expected encrypt: 7e7f1d062ca9b9e5c530948d57925ffe
2026-04-02 11:39:57 - getOutlet.php - Received encrypt: 7e7f1d062ca9b9e5c530948d57925ffe
2026-04-02 11:39:57 - getOutlet.php - Authentication berhasil
2026-04-02 11:39:57 - getOutlet.php - Query: SELECT id_out, nama_out, '' AS alamat_out, ofcode_out
            FROM outlet 
            WHERE status_out IN ('Active', '1', 'active')
            AND (nama_out LIKE :key OR ofcode_out LIKE :key)
            ORDER BY nama_out ASC
            LIMIT 20
2026-04-02 11:39:57 - getOutlet.php - Query berhasil, mengembalikan 1 record
2026-04-02 11:39:57 - getOutlet.php - === END REQUEST ===
2026-04-02 04:39:57 - getOutlet.php - === REQUEST GETOUTLET ===
2026-04-02 04:39:57 - getOutlet.php - Method: POST
2026-04-02 04:39:57 - getOutlet.php - POST data: {"tgl":"2026-04-02","encrypt":"7e7f1d062ca9b9e5c530948d57925ffe","id_apl":"APL01","key":"RS harum"}
2026-04-02 11:39:57 - getOutlet.php - Params - tgl: 2026-04-02, encrypt: 7e7f1d062ca9b9e5c530948d57925ffe, id_apl: APL01, key: RS harum
2026-04-02 11:39:57 - getOutlet.php - Aplikasi ditemukan: Ya
2026-04-02 11:39:57 - getOutlet.php - Key aplikasi: YbcJSFjkds...
2026-04-02 11:39:57 - getOutlet.php - Expected encrypt: 7e7f1d062ca9b9e5c530948d57925ffe
2026-04-02 11:39:57 - getOutlet.php - Received encrypt: 7e7f1d062ca9b9e5c530948d57925ffe
2026-04-02 11:39:57 - getOutlet.php - Authentication berhasil
2026-04-02 11:39:57 - getOutlet.php - Query: SELECT id_out, nama_out, '' AS alamat_out, ofcode_out
            FROM outlet 
            WHERE status_out IN ('Active', '1', 'active')
            AND (nama_out LIKE :key OR ofcode_out LIKE :key)
            ORDER BY nama_out ASC
            LIMIT 20
2026-04-02 11:39:57 - getOutlet.php - Query berhasil, mengembalikan 1 record
2026-04-02 11:39:57 - getOutlet.php - === END REQUEST ===
2026-04-02 04:39:58 - getOutlet.php - === REQUEST GETOUTLET ===
2026-04-02 04:39:58 - getOutlet.php - Method: POST
2026-04-02 04:39:58 - getOutlet.php - POST data: {"tgl":"2026-04-02","encrypt":"7e7f1d062ca9b9e5c530948d57925ffe","id_apl":"APL01","key":"RS harum sisma"}
2026-04-02 11:39:58 - getOutlet.php - Params - tgl: 2026-04-02, encrypt: 7e7f1d062ca9b9e5c530948d57925ffe, id_apl: APL01, key: RS harum sisma
2026-04-02 11:39:58 - getOutlet.php - Aplikasi ditemukan: Ya
2026-04-02 11:39:58 - getOutlet.php - Key aplikasi: YbcJSFjkds...
2026-04-02 11:39:58 - getOutlet.php - Expected encrypt: 7e7f1d062ca9b9e5c530948d57925ffe
2026-04-02 11:39:58 - getOutlet.php - Received encrypt: 7e7f1d062ca9b9e5c530948d57925ffe
2026-04-02 11:39:58 - getOutlet.php - Authentication berhasil
2026-04-02 11:39:58 - getOutlet.php - Query: SELECT id_out, nama_out, '' AS alamat_out, ofcode_out
            FROM outlet 
            WHERE status_out IN ('Active', '1', 'active')
            AND (nama_out LIKE :key OR ofcode_out LIKE :key)
            ORDER BY nama_out ASC
            LIMIT 20
2026-04-02 11:39:58 - getOutlet.php - Query berhasil, mengembalikan 1 record
2026-04-02 11:39:58 - getOutlet.php - === END REQUEST ===
2026-04-02 04:40:01 - getOutlet.php - === REQUEST GETOUTLET ===
2026-04-02 04:40:01 - getOutlet.php - Method: POST
2026-04-02 04:40:01 - getOutlet.php - POST data: {"tgl":"2026-04-02","encrypt":"7e7f1d062ca9b9e5c530948d57925ffe","id_apl":"APL01","key":"RS HARUM SISMA MEDIKA"}
2026-04-02 11:40:01 - getOutlet.php - Params - tgl: 2026-04-02, encrypt: 7e7f1d062ca9b9e5c530948d57925ffe, id_apl: APL01, key: RS HARUM SISMA MEDIKA
2026-04-02 11:40:01 - getOutlet.php - Aplikasi ditemukan: Ya
2026-04-02 11:40:01 - getOutlet.php - Key aplikasi: YbcJSFjkds...
2026-04-02 11:40:01 - getOutlet.php - Expected encrypt: 7e7f1d062ca9b9e5c530948d57925ffe
2026-04-02 11:40:01 - getOutlet.php - Received encrypt: 7e7f1d062ca9b9e5c530948d57925ffe
2026-04-02 11:40:01 - getOutlet.php - Authentication berhasil
2026-04-02 11:40:01 - getOutlet.php - Query: SELECT id_out, nama_out, '' AS alamat_out, ofcode_out
            FROM outlet 
            WHERE status_out IN ('Active', '1', 'active')
            AND (nama_out LIKE :key OR ofcode_out LIKE :key)
            ORDER BY nama_out ASC
            LIMIT 20
2026-04-02 11:40:01 - getOutlet.php - Query berhasil, mengembalikan 1 record
2026-04-02 11:40:01 - getOutlet.php - === END REQUEST ===
2026-04-02 04:40:12 - getOutlet.php - === REQUEST GETOUTLET ===
2026-04-02 04:40:12 - getOutlet.php - Method: POST
2026-04-02 04:40:12 - getOutlet.php - POST data: {"tgl":"2026-04-02","encrypt":"7e7f1d062ca9b9e5c530948d57925ffe","id_apl":"APL01","key":"Rs"}
2026-04-02 11:40:12 - getOutlet.php - Params - tgl: 2026-04-02, encrypt: 7e7f1d062ca9b9e5c530948d57925ffe, id_apl: APL01, key: Rs
2026-04-02 11:40:12 - getOutlet.php - Aplikasi ditemukan: Ya
2026-04-02 11:40:12 - getOutlet.php - Key aplikasi: YbcJSFjkds...
2026-04-02 11:40:12 - getOutlet.php - Expected encrypt: 7e7f1d062ca9b9e5c530948d57925ffe
2026-04-02 11:40:12 - getOutlet.php - Received encrypt: 7e7f1d062ca9b9e5c530948d57925ffe
2026-04-02 11:40:12 - getOutlet.php - Authentication berhasil
2026-04-02 11:40:12 - getOutlet.php - Query: SELECT id_out, nama_out, '' AS alamat_out, ofcode_out
            FROM outlet 
            WHERE status_out IN ('Active', '1', 'active')
            AND (nama_out LIKE :key OR ofcode_out LIKE :key)
            ORDER BY nama_out ASC
            LIMIT 20
2026-04-02 11:40:12 - getOutlet.php - Query berhasil, mengembalikan 20 record
2026-04-02 11:40:12 - getOutlet.php - === END REQUEST ===
2026-04-02 04:40:12 - getOutlet.php - === REQUEST GETOUTLET ===
2026-04-02 04:40:12 - getOutlet.php - Method: POST
2026-04-02 04:40:12 - getOutlet.php - POST data: {"tgl":"2026-04-02","encrypt":"7e7f1d062ca9b9e5c530948d57925ffe","id_apl":"APL01","key":"RS"}
2026-04-02 11:40:12 - getOutlet.php - Params - tgl: 2026-04-02, encrypt: 7e7f1d062ca9b9e5c530948d57925ffe, id_apl: APL01, key: RS
2026-04-02 11:40:12 - getOutlet.php - Aplikasi ditemukan: Ya
2026-04-02 11:40:12 - getOutlet.php - Key aplikasi: YbcJSFjkds...
2026-04-02 11:40:12 - getOutlet.php - Expected encrypt: 7e7f1d062ca9b9e5c530948d57925ffe
2026-04-02 11:40:12 - getOutlet.php - Received encrypt: 7e7f1d062ca9b9e5c530948d57925ffe
2026-04-02 11:40:12 - getOutlet.php - Authentication berhasil
2026-04-02 11:40:12 - getOutlet.php - Query: SELECT id_out, nama_out, '' AS alamat_out, ofcode_out
            FROM outlet 
            WHERE status_out IN ('Active', '1', 'active')
            AND (nama_out LIKE :key OR ofcode_out LIKE :key)
            ORDER BY nama_out ASC
            LIMIT 20
2026-04-02 11:40:12 - getOutlet.php - Query berhasil, mengembalikan 20 record
2026-04-02 11:40:12 - getOutlet.php - === END REQUEST ===
2026-04-02 04:40:12 - getOutlet.php - === REQUEST GETOUTLET ===
2026-04-02 04:40:12 - getOutlet.php - Method: POST
2026-04-02 04:40:12 - getOutlet.php - POST data: {"tgl":"2026-04-02","encrypt":"7e7f1d062ca9b9e5c530948d57925ffe","id_apl":"APL01","key":"RS e"}
2026-04-02 11:40:12 - getOutlet.php - Params - tgl: 2026-04-02, encrypt: 7e7f1d062ca9b9e5c530948d57925ffe, id_apl: APL01, key: RS e
2026-04-02 11:40:12 - getOutlet.php - Aplikasi ditemukan: Ya
2026-04-02 11:40:12 - getOutlet.php - Key aplikasi: YbcJSFjkds...
2026-04-02 11:40:12 - getOutlet.php - Expected encrypt: 7e7f1d062ca9b9e5c530948d57925ffe
2026-04-02 11:40:12 - getOutlet.php - Received encrypt: 7e7f1d062ca9b9e5c530948d57925ffe
2026-04-02 11:40:12 - getOutlet.php - Authentication berhasil
2026-04-02 11:40:12 - getOutlet.php - Query: SELECT id_out, nama_out, '' AS alamat_out, ofcode_out
            FROM outlet 
            WHERE status_out IN ('Active', '1', 'active')
            AND (nama_out LIKE :key OR ofcode_out LIKE :key)
            ORDER BY nama_out ASC
            LIMIT 20
2026-04-02 11:40:12 - getOutlet.php - Query berhasil, mengembalikan 11 record
2026-04-02 11:40:12 - getOutlet.php - === END REQUEST ===
2026-04-02 04:40:13 - getOutlet.php - === REQUEST GETOUTLET ===
2026-04-02 04:40:13 - getOutlet.php - Method: POST
2026-04-02 04:40:13 - getOutlet.php - POST data: {"tgl":"2026-04-02","encrypt":"7e7f1d062ca9b9e5c530948d57925ffe","id_apl":"APL01","key":"RS em"}
2026-04-02 11:40:13 - getOutlet.php - Params - tgl: 2026-04-02, encrypt: 7e7f1d062ca9b9e5c530948d57925ffe, id_apl: APL01, key: RS em
2026-04-02 11:40:13 - getOutlet.php - Aplikasi ditemukan: Ya
2026-04-02 11:40:13 - getOutlet.php - Key aplikasi: YbcJSFjkds...
2026-04-02 11:40:13 - getOutlet.php - Expected encrypt: 7e7f1d062ca9b9e5c530948d57925ffe
2026-04-02 11:40:13 - getOutlet.php - Received encrypt: 7e7f1d062ca9b9e5c530948d57925ffe
2026-04-02 11:40:13 - getOutlet.php - Authentication berhasil
2026-04-02 11:40:13 - getOutlet.php - Query: SELECT id_out, nama_out, '' AS alamat_out, ofcode_out
            FROM outlet 
            WHERE status_out IN ('Active', '1', 'active')
            AND (nama_out LIKE :key OR ofcode_out LIKE :key)
            ORDER BY nama_out ASC
            LIMIT 20
2026-04-02 11:40:13 - getOutlet.php - Query berhasil, mengembalikan 7 record
2026-04-02 11:40:13 - getOutlet.php - === END REQUEST ===
2026-04-02 04:40:13 - getOutlet.php - === REQUEST GETOUTLET ===
2026-04-02 04:40:13 - getOutlet.php - Method: POST
2026-04-02 04:40:13 - getOutlet.php - POST data: {"tgl":"2026-04-02","encrypt":"7e7f1d062ca9b9e5c530948d57925ffe","id_apl":"APL01","key":"RS emc"}
2026-04-02 11:40:13 - getOutlet.php - Params - tgl: 2026-04-02, encrypt: 7e7f1d062ca9b9e5c530948d57925ffe, id_apl: APL01, key: RS emc
2026-04-02 11:40:13 - getOutlet.php - Aplikasi ditemukan: Ya
2026-04-02 11:40:13 - getOutlet.php - Key aplikasi: YbcJSFjkds...
2026-04-02 11:40:13 - getOutlet.php - Expected encrypt: 7e7f1d062ca9b9e5c530948d57925ffe
2026-04-02 11:40:13 - getOutlet.php - Received encrypt: 7e7f1d062ca9b9e5c530948d57925ffe
2026-04-02 11:40:13 - getOutlet.php - Authentication berhasil
2026-04-02 11:40:13 - getOutlet.php - Query: SELECT id_out, nama_out, '' AS alamat_out, ofcode_out
            FROM outlet 
            WHERE status_out IN ('Active', '1', 'active')
            AND (nama_out LIKE :key OR ofcode_out LIKE :key)
            ORDER BY nama_out ASC
            LIMIT 20
2026-04-02 11:40:13 - getOutlet.php - Query berhasil, mengembalikan 7 record
2026-04-02 11:40:13 - getOutlet.php - === END REQUEST ===
2026-04-02 04:40:14 - getOutlet.php - === REQUEST GETOUTLET ===
2026-04-02 04:40:14 - getOutlet.php - Method: POST
2026-04-02 04:40:14 - getOutlet.php - POST data: {"tgl":"2026-04-02","encrypt":"7e7f1d062ca9b9e5c530948d57925ffe","id_apl":"APL01","key":"RS"}
2026-04-02 11:40:14 - getOutlet.php - Params - tgl: 2026-04-02, encrypt: 7e7f1d062ca9b9e5c530948d57925ffe, id_apl: APL01, key: RS
2026-04-02 11:40:14 - getOutlet.php - Aplikasi ditemukan: Ya
2026-04-02 11:40:14 - getOutlet.php - Key aplikasi: YbcJSFjkds...
2026-04-02 11:40:14 - getOutlet.php - Expected encrypt: 7e7f1d062ca9b9e5c530948d57925ffe
2026-04-02 11:40:14 - getOutlet.php - Received encrypt: 7e7f1d062ca9b9e5c530948d57925ffe
2026-04-02 11:40:14 - getOutlet.php - Authentication berhasil
2026-04-02 11:40:14 - getOutlet.php - Query: SELECT id_out, nama_out, '' AS alamat_out, ofcode_out
            FROM outlet 
            WHERE status_out IN ('Active', '1', 'active')
            AND (nama_out LIKE :key OR ofcode_out LIKE :key)
            ORDER BY nama_out ASC
            LIMIT 20
2026-04-02 11:40:14 - getOutlet.php - Query berhasil, mengembalikan 20 record
2026-04-02 11:40:14 - getOutlet.php - === END REQUEST ===
2026-04-02 04:40:14 - getOutlet.php - === REQUEST GETOUTLET ===
2026-04-02 04:40:14 - getOutlet.php - Method: POST
2026-04-02 04:40:14 - getOutlet.php - POST data: {"tgl":"2026-04-02","encrypt":"7e7f1d062ca9b9e5c530948d57925ffe","id_apl":"APL01","key":"RS EMC"}
2026-04-02 11:40:14 - getOutlet.php - Params - tgl: 2026-04-02, encrypt: 7e7f1d062ca9b9e5c530948d57925ffe, id_apl: APL01, key: RS EMC
2026-04-02 11:40:14 - getOutlet.php - Aplikasi ditemukan: Ya
2026-04-02 11:40:14 - getOutlet.php - Key aplikasi: YbcJSFjkds...
2026-04-02 11:40:14 - getOutlet.php - Expected encrypt: 7e7f1d062ca9b9e5c530948d57925ffe
2026-04-02 11:40:14 - getOutlet.php - Received encrypt: 7e7f1d062ca9b9e5c530948d57925ffe
2026-04-02 11:40:14 - getOutlet.php - Authentication berhasil
2026-04-02 11:40:14 - getOutlet.php - Query: SELECT id_out, nama_out, '' AS alamat_out, ofcode_out
            FROM outlet 
            WHERE status_out IN ('Active', '1', 'active')
            AND (nama_out LIKE :key OR ofcode_out LIKE :key)
            ORDER BY nama_out ASC
            LIMIT 20
2026-04-02 11:40:14 - getOutlet.php - Query berhasil, mengembalikan 7 record
2026-04-02 11:40:14 - getOutlet.php - === END REQUEST ===
2026-04-02 04:40:17 - getOutlet.php - === REQUEST GETOUTLET ===
2026-04-02 04:40:17 - getOutlet.php - Method: POST
2026-04-02 04:40:17 - getOutlet.php - POST data: {"tgl":"2026-04-02","encrypt":"7e7f1d062ca9b9e5c530948d57925ffe","id_apl":"APL01","key":"RS EMC Pulomas"}
2026-04-02 11:40:17 - getOutlet.php - Params - tgl: 2026-04-02, encrypt: 7e7f1d062ca9b9e5c530948d57925ffe, id_apl: APL01, key: RS EMC Pulomas
2026-04-02 11:40:17 - getOutlet.php - Aplikasi ditemukan: Ya
2026-04-02 11:40:17 - getOutlet.php - Key aplikasi: YbcJSFjkds...
2026-04-02 11:40:17 - getOutlet.php - Expected encrypt: 7e7f1d062ca9b9e5c530948d57925ffe
2026-04-02 11:40:17 - getOutlet.php - Received encrypt: 7e7f1d062ca9b9e5c530948d57925ffe
2026-04-02 11:40:17 - getOutlet.php - Authentication berhasil
2026-04-02 11:40:17 - getOutlet.php - Query: SELECT id_out, nama_out, '' AS alamat_out, ofcode_out
            FROM outlet 
            WHERE status_out IN ('Active', '1', 'active')
            AND (nama_out LIKE :key OR ofcode_out LIKE :key)
            ORDER BY nama_out ASC
            LIMIT 20
2026-04-02 11:40:17 - getOutlet.php - Query berhasil, mengembalikan 1 record
2026-04-02 11:40:17 - getOutlet.php - === END REQUEST ===
2026-04-02 04:41:31 - getOutlet.php - === REQUEST GETOUTLET ===
2026-04-02 04:41:31 - getOutlet.php - Method: POST
2026-04-02 04:41:31 - getOutlet.php - POST data: {"tgl":"2026-04-02","encrypt":"7e7f1d062ca9b9e5c530948d57925ffe","id_apl":"APL01","key":"RS EMC Puloma"}
2026-04-02 11:41:31 - getOutlet.php - Params - tgl: 2026-04-02, encrypt: 7e7f1d062ca9b9e5c530948d57925ffe, id_apl: APL01, key: RS EMC Puloma
2026-04-02 11:41:31 - getOutlet.php - Aplikasi ditemukan: Ya
2026-04-02 11:41:31 - getOutlet.php - Key aplikasi: YbcJSFjkds...
2026-04-02 11:41:31 - getOutlet.php - Expected encrypt: 7e7f1d062ca9b9e5c530948d57925ffe
2026-04-02 11:41:31 - getOutlet.php - Received encrypt: 7e7f1d062ca9b9e5c530948d57925ffe
2026-04-02 11:41:31 - getOutlet.php - Authentication berhasil
2026-04-02 11:41:31 - getOutlet.php - Query: SELECT id_out, nama_out, '' AS alamat_out, ofcode_out
            FROM outlet 
            WHERE status_out IN ('Active', '1', 'active')
            AND (nama_out LIKE :key OR ofcode_out LIKE :key)
            ORDER BY nama_out ASC
            LIMIT 20
2026-04-02 11:41:31 - getOutlet.php - Query berhasil, mengembalikan 1 record
2026-04-02 11:41:31 - getOutlet.php - === END REQUEST ===
2026-04-02 04:41:31 - getOutlet.php - === REQUEST GETOUTLET ===
2026-04-02 04:41:31 - getOutlet.php - Method: POST
2026-04-02 04:41:31 - getOutlet.php - POST data: {"tgl":"2026-04-02","encrypt":"7e7f1d062ca9b9e5c530948d57925ffe","id_apl":"APL01","key":"RS EMC Pulomas"}
2026-04-02 11:41:31 - getOutlet.php - Params - tgl: 2026-04-02, encrypt: 7e7f1d062ca9b9e5c530948d57925ffe, id_apl: APL01, key: RS EMC Pulomas
2026-04-02 11:41:31 - getOutlet.php - Aplikasi ditemukan: Ya
2026-04-02 11:41:31 - getOutlet.php - Key aplikasi: YbcJSFjkds...
2026-04-02 11:41:31 - getOutlet.php - Expected encrypt: 7e7f1d062ca9b9e5c530948d57925ffe
2026-04-02 11:41:31 - getOutlet.php - Received encrypt: 7e7f1d062ca9b9e5c530948d57925ffe
2026-04-02 11:41:31 - getOutlet.php - Authentication berhasil
2026-04-02 11:41:31 - getOutlet.php - Query: SELECT id_out, nama_out, '' AS alamat_out, ofcode_out
            FROM outlet 
            WHERE status_out IN ('Active', '1', 'active')
            AND (nama_out LIKE :key OR ofcode_out LIKE :key)
            ORDER BY nama_out ASC
            LIMIT 20
2026-04-02 11:41:31 - getOutlet.php - Query berhasil, mengembalikan 1 record
2026-04-02 11:41:31 - getOutlet.php - === END REQUEST ===
2026-04-02 04:41:31 - getOutlet.php - === REQUEST GETOUTLET ===
2026-04-02 04:41:31 - getOutlet.php - Method: POST
2026-04-02 04:41:31 - getOutlet.php - POST data: {"tgl":"2026-04-02","encrypt":"7e7f1d062ca9b9e5c530948d57925ffe","id_apl":"APL01","key":"RS EMC Pulo"}
2026-04-02 11:41:31 - getOutlet.php - Params - tgl: 2026-04-02, encrypt: 7e7f1d062ca9b9e5c530948d57925ffe, id_apl: APL01, key: RS EMC Pulo
2026-04-02 04:41:31 - getOutlet.php - === REQUEST GETOUTLET ===
2026-04-02 04:41:31 - getOutlet.php - Method: POST
2026-04-02 04:41:31 - getOutlet.php - POST data: {"tgl":"2026-04-02","encrypt":"7e7f1d062ca9b9e5c530948d57925ffe","id_apl":"APL01","key":"RS EMC Pulom"}
2026-04-02 11:41:31 - getOutlet.php - Params - tgl: 2026-04-02, encrypt: 7e7f1d062ca9b9e5c530948d57925ffe, id_apl: APL01, key: RS EMC Pulom
2026-04-02 11:41:31 - getOutlet.php - Aplikasi ditemukan: Ya
2026-04-02 11:41:31 - getOutlet.php - Key aplikasi: YbcJSFjkds...
2026-04-02 11:41:31 - getOutlet.php - Expected encrypt: 7e7f1d062ca9b9e5c530948d57925ffe
2026-04-02 11:41:31 - getOutlet.php - Received encrypt: 7e7f1d062ca9b9e5c530948d57925ffe
2026-04-02 11:41:31 - getOutlet.php - Authentication berhasil
2026-04-02 11:41:31 - getOutlet.php - Aplikasi ditemukan: Ya
2026-04-02 11:41:31 - getOutlet.php - Key aplikasi: YbcJSFjkds...
2026-04-02 11:41:31 - getOutlet.php - Expected encrypt: 7e7f1d062ca9b9e5c530948d57925ffe
2026-04-02 11:41:31 - getOutlet.php - Received encrypt: 7e7f1d062ca9b9e5c530948d57925ffe
2026-04-02 11:41:31 - getOutlet.php - Authentication berhasil
2026-04-02 11:41:31 - getOutlet.php - Query: SELECT id_out, nama_out, '' AS alamat_out, ofcode_out
            FROM outlet 
            WHERE status_out IN ('Active', '1', 'active')
            AND (nama_out LIKE :key OR ofcode_out LIKE :key)
            ORDER BY nama_out ASC
            LIMIT 20
2026-04-02 11:41:31 - getOutlet.php - Query: SELECT id_out, nama_out, '' AS alamat_out, ofcode_out
            FROM outlet 
            WHERE status_out IN ('Active', '1', 'active')
            AND (nama_out LIKE :key OR ofcode_out LIKE :key)
            ORDER BY nama_out ASC
            LIMIT 20
2026-04-02 11:41:31 - getOutlet.php - Query berhasil, mengembalikan 1 record
2026-04-02 11:41:31 - getOutlet.php - === END REQUEST ===
2026-04-02 11:41:31 - getOutlet.php - Query berhasil, mengembalikan 1 record
2026-04-02 11:41:31 - getOutlet.php - === END REQUEST ===
2026-04-02 04:41:31 - getOutlet.php - === REQUEST GETOUTLET ===
2026-04-02 04:41:31 - getOutlet.php - Method: POST
2026-04-02 04:41:31 - getOutlet.php - POST data: {"tgl":"2026-04-02","encrypt":"7e7f1d062ca9b9e5c530948d57925ffe","id_apl":"APL01","key":"RS EMC Pul"}
2026-04-02 11:41:31 - getOutlet.php - Params - tgl: 2026-04-02, encrypt: 7e7f1d062ca9b9e5c530948d57925ffe, id_apl: APL01, key: RS EMC Pul
2026-04-02 11:41:31 - getOutlet.php - Aplikasi ditemukan: Ya
2026-04-02 11:41:31 - getOutlet.php - Key aplikasi: YbcJSFjkds...
2026-04-02 11:41:31 - getOutlet.php - Expected encrypt: 7e7f1d062ca9b9e5c530948d57925ffe
2026-04-02 11:41:31 - getOutlet.php - Received encrypt: 7e7f1d062ca9b9e5c530948d57925ffe
2026-04-02 11:41:31 - getOutlet.php - Authentication berhasil
2026-04-02 11:41:31 - getOutlet.php - Query: SELECT id_out, nama_out, '' AS alamat_out, ofcode_out
            FROM outlet 
            WHERE status_out IN ('Active', '1', 'active')
            AND (nama_out LIKE :key OR ofcode_out LIKE :key)
            ORDER BY nama_out ASC
            LIMIT 20
2026-04-02 11:41:31 - getOutlet.php - Query berhasil, mengembalikan 1 record
2026-04-02 11:41:31 - getOutlet.php - === END REQUEST ===
2026-04-02 04:41:31 - getOutlet.php - === REQUEST GETOUTLET ===
2026-04-02 04:41:31 - getOutlet.php - Method: POST
2026-04-02 04:41:31 - getOutlet.php - POST data: {"tgl":"2026-04-02","encrypt":"7e7f1d062ca9b9e5c530948d57925ffe","id_apl":"APL01","key":"RS EMC P"}
2026-04-02 11:41:31 - getOutlet.php - Params - tgl: 2026-04-02, encrypt: 7e7f1d062ca9b9e5c530948d57925ffe, id_apl: APL01, key: RS EMC P
2026-04-02 11:41:31 - getOutlet.php - Aplikasi ditemukan: Ya
2026-04-02 11:41:31 - getOutlet.php - Key aplikasi: YbcJSFjkds...
2026-04-02 11:41:31 - getOutlet.php - Expected encrypt: 7e7f1d062ca9b9e5c530948d57925ffe
2026-04-02 11:41:31 - getOutlet.php - Received encrypt: 7e7f1d062ca9b9e5c530948d57925ffe
2026-04-02 11:41:31 - getOutlet.php - Authentication berhasil
2026-04-02 11:41:31 - getOutlet.php - Query: SELECT id_out, nama_out, '' AS alamat_out, ofcode_out
            FROM outlet 
            WHERE status_out IN ('Active', '1', 'active')
            AND (nama_out LIKE :key OR ofcode_out LIKE :key)
            ORDER BY nama_out ASC
            LIMIT 20
2026-04-02 11:41:31 - getOutlet.php - Query berhasil, mengembalikan 2 record
2026-04-02 11:41:31 - getOutlet.php - === END REQUEST ===
2026-04-02 04:41:31 - getOutlet.php - === REQUEST GETOUTLET ===
2026-04-02 04:41:31 - getOutlet.php - Method: POST
2026-04-02 04:41:31 - getOutlet.php - POST data: {"tgl":"2026-04-02","encrypt":"7e7f1d062ca9b9e5c530948d57925ffe","id_apl":"APL01","key":"RS EMC Pu"}
2026-04-02 11:41:31 - getOutlet.php - Params - tgl: 2026-04-02, encrypt: 7e7f1d062ca9b9e5c530948d57925ffe, id_apl: APL01, key: RS EMC Pu
2026-04-02 04:41:31 - getOutlet.php - === REQUEST GETOUTLET ===
2026-04-02 04:41:31 - getOutlet.php - Method: POST
2026-04-02 04:41:31 - getOutlet.php - POST data: {"tgl":"2026-04-02","encrypt":"7e7f1d062ca9b9e5c530948d57925ffe","id_apl":"APL01","key":"RS EMC"}
2026-04-02 11:41:31 - getOutlet.php - Params - tgl: 2026-04-02, encrypt: 7e7f1d062ca9b9e5c530948d57925ffe, id_apl: APL01, key: RS EMC
2026-04-02 11:41:31 - getOutlet.php - Aplikasi ditemukan: Ya
2026-04-02 11:41:31 - getOutlet.php - Key aplikasi: YbcJSFjkds...
2026-04-02 11:41:31 - getOutlet.php - Expected encrypt: 7e7f1d062ca9b9e5c530948d57925ffe
2026-04-02 11:41:31 - getOutlet.php - Received encrypt: 7e7f1d062ca9b9e5c530948d57925ffe
2026-04-02 11:41:31 - getOutlet.php - Authentication berhasil
2026-04-02 11:41:31 - getOutlet.php - Aplikasi ditemukan: Ya
2026-04-02 11:41:31 - getOutlet.php - Key aplikasi: YbcJSFjkds...
2026-04-02 11:41:31 - getOutlet.php - Expected encrypt: 7e7f1d062ca9b9e5c530948d57925ffe
2026-04-02 11:41:31 - getOutlet.php - Received encrypt: 7e7f1d062ca9b9e5c530948d57925ffe
2026-04-02 11:41:31 - getOutlet.php - Authentication berhasil
2026-04-02 11:41:31 - getOutlet.php - Query: SELECT id_out, nama_out, '' AS alamat_out, ofcode_out
            FROM outlet 
            WHERE status_out IN ('Active', '1', 'active')
            AND (nama_out LIKE :key OR ofcode_out LIKE :key)
            ORDER BY nama_out ASC
            LIMIT 20
2026-04-02 11:41:31 - getOutlet.php - Query: SELECT id_out, nama_out, '' AS alamat_out, ofcode_out
            FROM outlet 
            WHERE status_out IN ('Active', '1', 'active')
            AND (nama_out LIKE :key OR ofcode_out LIKE :key)
            ORDER BY nama_out ASC
            LIMIT 20
2026-04-02 11:41:31 - getOutlet.php - Query berhasil, mengembalikan 7 record
2026-04-02 11:41:31 - getOutlet.php - Query berhasil, mengembalikan 1 record
2026-04-02 11:41:31 - getOutlet.php - === END REQUEST ===
2026-04-02 11:41:31 - getOutlet.php - === END REQUEST ===
2026-04-02 04:41:31 - getOutlet.php - === REQUEST GETOUTLET ===
2026-04-02 04:41:31 - getOutlet.php - Method: POST
2026-04-02 04:41:31 - getOutlet.php - POST data: {"tgl":"2026-04-02","encrypt":"7e7f1d062ca9b9e5c530948d57925ffe","id_apl":"APL01","key":"RS E"}
2026-04-02 11:41:31 - getOutlet.php - Params - tgl: 2026-04-02, encrypt: 7e7f1d062ca9b9e5c530948d57925ffe, id_apl: APL01, key: RS E
2026-04-02 11:41:31 - getOutlet.php - Aplikasi ditemukan: Ya
2026-04-02 11:41:31 - getOutlet.php - Key aplikasi: YbcJSFjkds...
2026-04-02 11:41:31 - getOutlet.php - Expected encrypt: 7e7f1d062ca9b9e5c530948d57925ffe
2026-04-02 11:41:31 - getOutlet.php - Received encrypt: 7e7f1d062ca9b9e5c530948d57925ffe
2026-04-02 11:41:31 - getOutlet.php - Authentication berhasil
2026-04-02 04:41:31 - getOutlet.php - === REQUEST GETOUTLET ===
2026-04-02 04:41:31 - getOutlet.php - Method: POST
2026-04-02 04:41:31 - getOutlet.php - POST data: {"tgl":"2026-04-02","encrypt":"7e7f1d062ca9b9e5c530948d57925ffe","id_apl":"APL01","key":"RS EMC"}
2026-04-02 11:41:31 - getOutlet.php - Params - tgl: 2026-04-02, encrypt: 7e7f1d062ca9b9e5c530948d57925ffe, id_apl: APL01, key: RS EMC
2026-04-02 11:41:31 - getOutlet.php - Query: SELECT id_out, nama_out, '' AS alamat_out, ofcode_out
            FROM outlet 
            WHERE status_out IN ('Active', '1', 'active')
            AND (nama_out LIKE :key OR ofcode_out LIKE :key)
            ORDER BY nama_out ASC
            LIMIT 20
2026-04-02 11:41:31 - getOutlet.php - Aplikasi ditemukan: Ya
2026-04-02 11:41:31 - getOutlet.php - Key aplikasi: YbcJSFjkds...
2026-04-02 11:41:31 - getOutlet.php - Expected encrypt: 7e7f1d062ca9b9e5c530948d57925ffe
2026-04-02 11:41:31 - getOutlet.php - Received encrypt: 7e7f1d062ca9b9e5c530948d57925ffe
2026-04-02 11:41:31 - getOutlet.php - Authentication berhasil
2026-04-02 11:41:31 - getOutlet.php - Query berhasil, mengembalikan 11 record
2026-04-02 11:41:31 - getOutlet.php - === END REQUEST ===
2026-04-02 11:41:31 - getOutlet.php - Query: SELECT id_out, nama_out, '' AS alamat_out, ofcode_out
            FROM outlet 
            WHERE status_out IN ('Active', '1', 'active')
            AND (nama_out LIKE :key OR ofcode_out LIKE :key)
            ORDER BY nama_out ASC
            LIMIT 20
2026-04-02 11:41:31 - getOutlet.php - Query berhasil, mengembalikan 7 record
2026-04-02 11:41:31 - getOutlet.php - === END REQUEST ===
2026-04-02 04:41:31 - getOutlet.php - === REQUEST GETOUTLET ===
2026-04-02 04:41:31 - getOutlet.php - Method: POST
2026-04-02 04:41:31 - getOutlet.php - POST data: {"tgl":"2026-04-02","encrypt":"7e7f1d062ca9b9e5c530948d57925ffe","id_apl":"APL01","key":"RS EM"}
2026-04-02 11:41:31 - getOutlet.php - Params - tgl: 2026-04-02, encrypt: 7e7f1d062ca9b9e5c530948d57925ffe, id_apl: APL01, key: RS EM
2026-04-02 11:41:31 - getOutlet.php - Aplikasi ditemukan: Ya
2026-04-02 11:41:31 - getOutlet.php - Key aplikasi: YbcJSFjkds...
2026-04-02 11:41:31 - getOutlet.php - Expected encrypt: 7e7f1d062ca9b9e5c530948d57925ffe
2026-04-02 11:41:31 - getOutlet.php - Received encrypt: 7e7f1d062ca9b9e5c530948d57925ffe
2026-04-02 11:41:31 - getOutlet.php - Authentication berhasil
2026-04-02 11:41:31 - getOutlet.php - Query: SELECT id_out, nama_out, '' AS alamat_out, ofcode_out
            FROM outlet 
            WHERE status_out IN ('Active', '1', 'active')
            AND (nama_out LIKE :key OR ofcode_out LIKE :key)
            ORDER BY nama_out ASC
            LIMIT 20
2026-04-02 11:41:31 - getOutlet.php - Query berhasil, mengembalikan 7 record
2026-04-02 11:41:31 - getOutlet.php - === END REQUEST ===
2026-04-02 04:41:31 - getOutlet.php - === REQUEST GETOUTLET ===
2026-04-02 04:41:31 - getOutlet.php - Method: POST
2026-04-02 04:41:31 - getOutlet.php - POST data: {"tgl":"2026-04-02","encrypt":"7e7f1d062ca9b9e5c530948d57925ffe","id_apl":"APL01","key":"RS"}
2026-04-02 11:41:31 - getOutlet.php - Params - tgl: 2026-04-02, encrypt: 7e7f1d062ca9b9e5c530948d57925ffe, id_apl: APL01, key: RS
2026-04-02 11:41:31 - getOutlet.php - Aplikasi ditemukan: Ya
2026-04-02 11:41:31 - getOutlet.php - Key aplikasi: YbcJSFjkds...
2026-04-02 11:41:31 - getOutlet.php - Expected encrypt: 7e7f1d062ca9b9e5c530948d57925ffe
2026-04-02 11:41:31 - getOutlet.php - Received encrypt: 7e7f1d062ca9b9e5c530948d57925ffe
2026-04-02 11:41:31 - getOutlet.php - Authentication berhasil
2026-04-02 11:41:31 - getOutlet.php - Query: SELECT id_out, nama_out, '' AS alamat_out, ofcode_out
            FROM outlet 
            WHERE status_out IN ('Active', '1', 'active')
            AND (nama_out LIKE :key OR ofcode_out LIKE :key)
            ORDER BY nama_out ASC
            LIMIT 20
2026-04-02 11:41:31 - getOutlet.php - Query berhasil, mengembalikan 20 record
2026-04-02 11:41:31 - getOutlet.php - === END REQUEST ===
2026-04-02 04:41:31 - getOutlet.php - === REQUEST GETOUTLET ===
2026-04-02 04:41:31 - getOutlet.php - Method: POST
2026-04-02 04:41:31 - getOutlet.php - POST data: {"tgl":"2026-04-02","encrypt":"7e7f1d062ca9b9e5c530948d57925ffe","id_apl":"APL01","key":"RS"}
2026-04-02 11:41:31 - getOutlet.php - Params - tgl: 2026-04-02, encrypt: 7e7f1d062ca9b9e5c530948d57925ffe, id_apl: APL01, key: RS
2026-04-02 11:41:31 - getOutlet.php - Aplikasi ditemukan: Ya
2026-04-02 11:41:31 - getOutlet.php - Key aplikasi: YbcJSFjkds...
2026-04-02 11:41:31 - getOutlet.php - Expected encrypt: 7e7f1d062ca9b9e5c530948d57925ffe
2026-04-02 11:41:31 - getOutlet.php - Received encrypt: 7e7f1d062ca9b9e5c530948d57925ffe
2026-04-02 11:41:31 - getOutlet.php - Authentication berhasil
2026-04-02 11:41:31 - getOutlet.php - Query: SELECT id_out, nama_out, '' AS alamat_out, ofcode_out
            FROM outlet 
            WHERE status_out IN ('Active', '1', 'active')
            AND (nama_out LIKE :key OR ofcode_out LIKE :key)
            ORDER BY nama_out ASC
            LIMIT 20
2026-04-02 11:41:31 - getOutlet.php - Query berhasil, mengembalikan 20 record
2026-04-02 11:41:31 - getOutlet.php - === END REQUEST ===
2026-04-02 04:41:33 - getOutlet.php - === REQUEST GETOUTLET ===
2026-04-02 04:41:33 - getOutlet.php - Method: POST
2026-04-02 04:41:33 - getOutlet.php - POST data: {"tgl":"2026-04-02","encrypt":"7e7f1d062ca9b9e5c530948d57925ffe","id_apl":"APL01","key":"Rs"}
2026-04-02 11:41:33 - getOutlet.php - Params - tgl: 2026-04-02, encrypt: 7e7f1d062ca9b9e5c530948d57925ffe, id_apl: APL01, key: Rs
2026-04-02 11:41:33 - getOutlet.php - Aplikasi ditemukan: Ya
2026-04-02 11:41:33 - getOutlet.php - Key aplikasi: YbcJSFjkds...
2026-04-02 11:41:33 - getOutlet.php - Expected encrypt: 7e7f1d062ca9b9e5c530948d57925ffe
2026-04-02 11:41:33 - getOutlet.php - Received encrypt: 7e7f1d062ca9b9e5c530948d57925ffe
2026-04-02 11:41:33 - getOutlet.php - Authentication berhasil
2026-04-02 11:41:33 - getOutlet.php - Query: SELECT id_out, nama_out, '' AS alamat_out, ofcode_out
            FROM outlet 
            WHERE status_out IN ('Active', '1', 'active')
            AND (nama_out LIKE :key OR ofcode_out LIKE :key)
            ORDER BY nama_out ASC
            LIMIT 20
2026-04-02 11:41:33 - getOutlet.php - Query berhasil, mengembalikan 20 record
2026-04-02 11:41:33 - getOutlet.php - === END REQUEST ===
2026-04-02 04:41:33 - getOutlet.php - === REQUEST GETOUTLET ===
2026-04-02 04:41:33 - getOutlet.php - Method: POST
2026-04-02 04:41:33 - getOutlet.php - POST data: {"tgl":"2026-04-02","encrypt":"7e7f1d062ca9b9e5c530948d57925ffe","id_apl":"APL01","key":"Rs"}
2026-04-02 11:41:33 - getOutlet.php - Params - tgl: 2026-04-02, encrypt: 7e7f1d062ca9b9e5c530948d57925ffe, id_apl: APL01, key: Rs
2026-04-02 11:41:33 - getOutlet.php - Aplikasi ditemukan: Ya
2026-04-02 11:41:33 - getOutlet.php - Key aplikasi: YbcJSFjkds...
2026-04-02 11:41:33 - getOutlet.php - Expected encrypt: 7e7f1d062ca9b9e5c530948d57925ffe
2026-04-02 11:41:33 - getOutlet.php - Received encrypt: 7e7f1d062ca9b9e5c530948d57925ffe
2026-04-02 11:41:33 - getOutlet.php - Authentication berhasil
2026-04-02 11:41:33 - getOutlet.php - Query: SELECT id_out, nama_out, '' AS alamat_out, ofcode_out
            FROM outlet 
            WHERE status_out IN ('Active', '1', 'active')
            AND (nama_out LIKE :key OR ofcode_out LIKE :key)
            ORDER BY nama_out ASC
            LIMIT 20
2026-04-02 11:41:33 - getOutlet.php - Query berhasil, mengembalikan 20 record
2026-04-02 11:41:33 - getOutlet.php - === END REQUEST ===
2026-04-02 04:41:34 - getOutlet.php - === REQUEST GETOUTLET ===
2026-04-02 04:41:34 - getOutlet.php - Method: POST
2026-04-02 04:41:34 - getOutlet.php - POST data: {"tgl":"2026-04-02","encrypt":"7e7f1d062ca9b9e5c530948d57925ffe","id_apl":"APL01","key":"Rs e"}
2026-04-02 11:41:34 - getOutlet.php - Params - tgl: 2026-04-02, encrypt: 7e7f1d062ca9b9e5c530948d57925ffe, id_apl: APL01, key: Rs e
2026-04-02 11:41:34 - getOutlet.php - Aplikasi ditemukan: Ya
2026-04-02 11:41:34 - getOutlet.php - Key aplikasi: YbcJSFjkds...
2026-04-02 11:41:34 - getOutlet.php - Expected encrypt: 7e7f1d062ca9b9e5c530948d57925ffe
2026-04-02 11:41:34 - getOutlet.php - Received encrypt: 7e7f1d062ca9b9e5c530948d57925ffe
2026-04-02 11:41:34 - getOutlet.php - Authentication berhasil
2026-04-02 11:41:34 - getOutlet.php - Query: SELECT id_out, nama_out, '' AS alamat_out, ofcode_out
            FROM outlet 
            WHERE status_out IN ('Active', '1', 'active')
            AND (nama_out LIKE :key OR ofcode_out LIKE :key)
            ORDER BY nama_out ASC
            LIMIT 20
2026-04-02 11:41:34 - getOutlet.php - Query berhasil, mengembalikan 11 record
2026-04-02 11:41:34 - getOutlet.php - === END REQUEST ===
2026-04-02 04:41:34 - getOutlet.php - === REQUEST GETOUTLET ===
2026-04-02 04:41:34 - getOutlet.php - Method: POST
2026-04-02 04:41:34 - getOutlet.php - POST data: {"tgl":"2026-04-02","encrypt":"7e7f1d062ca9b9e5c530948d57925ffe","id_apl":"APL01","key":"Rs em"}
2026-04-02 11:41:34 - getOutlet.php - Params - tgl: 2026-04-02, encrypt: 7e7f1d062ca9b9e5c530948d57925ffe, id_apl: APL01, key: Rs em
2026-04-02 11:41:34 - getOutlet.php - Aplikasi ditemukan: Ya
2026-04-02 11:41:34 - getOutlet.php - Key aplikasi: YbcJSFjkds...
2026-04-02 11:41:34 - getOutlet.php - Expected encrypt: 7e7f1d062ca9b9e5c530948d57925ffe
2026-04-02 11:41:34 - getOutlet.php - Received encrypt: 7e7f1d062ca9b9e5c530948d57925ffe
2026-04-02 11:41:34 - getOutlet.php - Authentication berhasil
2026-04-02 11:41:34 - getOutlet.php - Query: SELECT id_out, nama_out, '' AS alamat_out, ofcode_out
            FROM outlet 
            WHERE status_out IN ('Active', '1', 'active')
            AND (nama_out LIKE :key OR ofcode_out LIKE :key)
            ORDER BY nama_out ASC
            LIMIT 20
2026-04-02 11:41:34 - getOutlet.php - Query berhasil, mengembalikan 7 record
2026-04-02 11:41:34 - getOutlet.php - === END REQUEST ===
2026-04-02 04:41:34 - getOutlet.php - === REQUEST GETOUTLET ===
2026-04-02 04:41:34 - getOutlet.php - Method: POST
2026-04-02 04:41:34 - getOutlet.php - POST data: {"tgl":"2026-04-02","encrypt":"7e7f1d062ca9b9e5c530948d57925ffe","id_apl":"APL01","key":"Rs emc"}
2026-04-02 11:41:34 - getOutlet.php - Params - tgl: 2026-04-02, encrypt: 7e7f1d062ca9b9e5c530948d57925ffe, id_apl: APL01, key: Rs emc
2026-04-02 11:41:34 - getOutlet.php - Aplikasi ditemukan: Ya
2026-04-02 11:41:34 - getOutlet.php - Key aplikasi: YbcJSFjkds...
2026-04-02 11:41:34 - getOutlet.php - Expected encrypt: 7e7f1d062ca9b9e5c530948d57925ffe
2026-04-02 11:41:34 - getOutlet.php - Received encrypt: 7e7f1d062ca9b9e5c530948d57925ffe
2026-04-02 11:41:34 - getOutlet.php - Authentication berhasil
2026-04-02 11:41:34 - getOutlet.php - Query: SELECT id_out, nama_out, '' AS alamat_out, ofcode_out
            FROM outlet 
            WHERE status_out IN ('Active', '1', 'active')
            AND (nama_out LIKE :key OR ofcode_out LIKE :key)
            ORDER BY nama_out ASC
            LIMIT 20
2026-04-02 11:41:34 - getOutlet.php - Query berhasil, mengembalikan 7 record
2026-04-02 11:41:34 - getOutlet.php - === END REQUEST ===
2026-04-02 04:41:35 - getOutlet.php - === REQUEST GETOUTLET ===
2026-04-02 04:41:35 - getOutlet.php - Method: POST
2026-04-02 04:41:35 - getOutlet.php - POST data: {"tgl":"2026-04-02","encrypt":"7e7f1d062ca9b9e5c530948d57925ffe","id_apl":"APL01","key":"Rs"}
2026-04-02 11:41:35 - getOutlet.php - Params - tgl: 2026-04-02, encrypt: 7e7f1d062ca9b9e5c530948d57925ffe, id_apl: APL01, key: Rs
2026-04-02 11:41:35 - getOutlet.php - Aplikasi ditemukan: Ya
2026-04-02 11:41:35 - getOutlet.php - Key aplikasi: YbcJSFjkds...
2026-04-02 11:41:35 - getOutlet.php - Expected encrypt: 7e7f1d062ca9b9e5c530948d57925ffe
2026-04-02 11:41:35 - getOutlet.php - Received encrypt: 7e7f1d062ca9b9e5c530948d57925ffe
2026-04-02 11:41:35 - getOutlet.php - Authentication berhasil
2026-04-02 11:41:35 - getOutlet.php - Query: SELECT id_out, nama_out, '' AS alamat_out, ofcode_out
            FROM outlet 
            WHERE status_out IN ('Active', '1', 'active')
            AND (nama_out LIKE :key OR ofcode_out LIKE :key)
            ORDER BY nama_out ASC
            LIMIT 20
2026-04-02 11:41:35 - getOutlet.php - Query berhasil, mengembalikan 20 record
2026-04-02 11:41:35 - getOutlet.php - === END REQUEST ===
2026-04-02 04:41:35 - getOutlet.php - === REQUEST GETOUTLET ===
2026-04-02 04:41:35 - getOutlet.php - Method: POST
2026-04-02 04:41:35 - getOutlet.php - POST data: {"tgl":"2026-04-02","encrypt":"7e7f1d062ca9b9e5c530948d57925ffe","id_apl":"APL01","key":"Rs EMC"}
2026-04-02 11:41:35 - getOutlet.php - Params - tgl: 2026-04-02, encrypt: 7e7f1d062ca9b9e5c530948d57925ffe, id_apl: APL01, key: Rs EMC
2026-04-02 11:41:35 - getOutlet.php - Aplikasi ditemukan: Ya
2026-04-02 11:41:35 - getOutlet.php - Key aplikasi: YbcJSFjkds...
2026-04-02 11:41:35 - getOutlet.php - Expected encrypt: 7e7f1d062ca9b9e5c530948d57925ffe
2026-04-02 11:41:35 - getOutlet.php - Received encrypt: 7e7f1d062ca9b9e5c530948d57925ffe
2026-04-02 11:41:35 - getOutlet.php - Authentication berhasil
2026-04-02 11:41:35 - getOutlet.php - Query: SELECT id_out, nama_out, '' AS alamat_out, ofcode_out
            FROM outlet 
            WHERE status_out IN ('Active', '1', 'active')
            AND (nama_out LIKE :key OR ofcode_out LIKE :key)
            ORDER BY nama_out ASC
            LIMIT 20
2026-04-02 11:41:35 - getOutlet.php - Query berhasil, mengembalikan 7 record
2026-04-02 11:41:35 - getOutlet.php - === END REQUEST ===
2026-04-02 04:41:44 - getOutlet.php - === REQUEST GETOUTLET ===
2026-04-02 04:41:44 - getOutlet.php - Method: POST
2026-04-02 04:41:44 - getOutlet.php - POST data: {"tgl":"2026-04-02","encrypt":"7e7f1d062ca9b9e5c530948d57925ffe","id_apl":"APL01","key":"Rs EMC p"}
2026-04-02 11:41:44 - getOutlet.php - Params - tgl: 2026-04-02, encrypt: 7e7f1d062ca9b9e5c530948d57925ffe, id_apl: APL01, key: Rs EMC p
2026-04-02 11:41:44 - getOutlet.php - Aplikasi ditemukan: Ya
2026-04-02 11:41:44 - getOutlet.php - Key aplikasi: YbcJSFjkds...
2026-04-02 11:41:44 - getOutlet.php - Expected encrypt: 7e7f1d062ca9b9e5c530948d57925ffe
2026-04-02 11:41:44 - getOutlet.php - Received encrypt: 7e7f1d062ca9b9e5c530948d57925ffe
2026-04-02 11:41:44 - getOutlet.php - Authentication berhasil
2026-04-02 11:41:44 - getOutlet.php - Query: SELECT id_out, nama_out, '' AS alamat_out, ofcode_out
            FROM outlet 
            WHERE status_out IN ('Active', '1', 'active')
            AND (nama_out LIKE :key OR ofcode_out LIKE :key)
            ORDER BY nama_out ASC
            LIMIT 20
2026-04-02 11:41:44 - getOutlet.php - Query berhasil, mengembalikan 2 record
2026-04-02 11:41:44 - getOutlet.php - === END REQUEST ===
2026-04-02 04:41:47 - getOutlet.php - === REQUEST GETOUTLET ===
2026-04-02 04:41:47 - getOutlet.php - Method: POST
2026-04-02 04:41:47 - getOutlet.php - POST data: {"tgl":"2026-04-02","encrypt":"7e7f1d062ca9b9e5c530948d57925ffe","id_apl":"APL01","key":"RS EMC Pulomas"}
2026-04-02 11:41:47 - getOutlet.php - Params - tgl: 2026-04-02, encrypt: 7e7f1d062ca9b9e5c530948d57925ffe, id_apl: APL01, key: RS EMC Pulomas
2026-04-02 11:41:47 - getOutlet.php - Aplikasi ditemukan: Ya
2026-04-02 11:41:47 - getOutlet.php - Key aplikasi: YbcJSFjkds...
2026-04-02 11:41:47 - getOutlet.php - Expected encrypt: 7e7f1d062ca9b9e5c530948d57925ffe
2026-04-02 11:41:47 - getOutlet.php - Received encrypt: 7e7f1d062ca9b9e5c530948d57925ffe
2026-04-02 11:41:47 - getOutlet.php - Authentication berhasil
2026-04-02 11:41:47 - getOutlet.php - Query: SELECT id_out, nama_out, '' AS alamat_out, ofcode_out
            FROM outlet 
            WHERE status_out IN ('Active', '1', 'active')
            AND (nama_out LIKE :key OR ofcode_out LIKE :key)
            ORDER BY nama_out ASC
            LIMIT 20
2026-04-02 11:41:47 - getOutlet.php - Query berhasil, mengembalikan 1 record
2026-04-02 11:41:47 - getOutlet.php - === END REQUEST ===
2026-04-02 04:44:21 - getOutlet.php - === REQUEST GETOUTLET ===
2026-04-02 04:44:21 - getOutlet.php - Method: POST
2026-04-02 04:44:21 - getOutlet.php - POST data: {"tgl":"2026-04-02","encrypt":"7e7f1d062ca9b9e5c530948d57925ffe","id_apl":"APL01","key":"Rs"}
2026-04-02 11:44:21 - getOutlet.php - Params - tgl: 2026-04-02, encrypt: 7e7f1d062ca9b9e5c530948d57925ffe, id_apl: APL01, key: Rs
2026-04-02 11:44:21 - getOutlet.php - Aplikasi ditemukan: Ya
2026-04-02 11:44:21 - getOutlet.php - Key aplikasi: YbcJSFjkds...
2026-04-02 11:44:21 - getOutlet.php - Expected encrypt: 7e7f1d062ca9b9e5c530948d57925ffe
2026-04-02 11:44:21 - getOutlet.php - Received encrypt: 7e7f1d062ca9b9e5c530948d57925ffe
2026-04-02 11:44:21 - getOutlet.php - Authentication berhasil
2026-04-02 11:44:21 - getOutlet.php - Query: SELECT id_out, nama_out, '' AS alamat_out, ofcode_out
            FROM outlet 
            WHERE status_out IN ('Active', '1', 'active')
            AND (nama_out LIKE :key OR ofcode_out LIKE :key)
            ORDER BY nama_out ASC
            LIMIT 20
2026-04-02 11:44:21 - getOutlet.php - Query berhasil, mengembalikan 20 record
2026-04-02 11:44:21 - getOutlet.php - === END REQUEST ===
2026-04-02 04:44:21 - getOutlet.php - === REQUEST GETOUTLET ===
2026-04-02 04:44:21 - getOutlet.php - Method: POST
2026-04-02 04:44:21 - getOutlet.php - POST data: {"tgl":"2026-04-02","encrypt":"7e7f1d062ca9b9e5c530948d57925ffe","id_apl":"APL01","key":"Rs"}
2026-04-02 11:44:21 - getOutlet.php - Params - tgl: 2026-04-02, encrypt: 7e7f1d062ca9b9e5c530948d57925ffe, id_apl: APL01, key: Rs
2026-04-02 11:44:21 - getOutlet.php - Aplikasi ditemukan: Ya
2026-04-02 11:44:21 - getOutlet.php - Key aplikasi: YbcJSFjkds...
2026-04-02 11:44:21 - getOutlet.php - Expected encrypt: 7e7f1d062ca9b9e5c530948d57925ffe
2026-04-02 11:44:21 - getOutlet.php - Received encrypt: 7e7f1d062ca9b9e5c530948d57925ffe
2026-04-02 11:44:21 - getOutlet.php - Authentication berhasil
2026-04-02 11:44:21 - getOutlet.php - Query: SELECT id_out, nama_out, '' AS alamat_out, ofcode_out
            FROM outlet 
            WHERE status_out IN ('Active', '1', 'active')
            AND (nama_out LIKE :key OR ofcode_out LIKE :key)
            ORDER BY nama_out ASC
            LIMIT 20
2026-04-02 11:44:21 - getOutlet.php - Query berhasil, mengembalikan 20 record
2026-04-02 11:44:21 - getOutlet.php - === END REQUEST ===
2026-04-02 04:44:22 - getOutlet.php - === REQUEST GETOUTLET ===
2026-04-02 04:44:22 - getOutlet.php - Method: POST
2026-04-02 04:44:22 - getOutlet.php - POST data: {"tgl":"2026-04-02","encrypt":"7e7f1d062ca9b9e5c530948d57925ffe","id_apl":"APL01","key":"Rs pe"}
2026-04-02 11:44:22 - getOutlet.php - Params - tgl: 2026-04-02, encrypt: 7e7f1d062ca9b9e5c530948d57925ffe, id_apl: APL01, key: Rs pe
2026-04-02 11:44:22 - getOutlet.php - Aplikasi ditemukan: Ya
2026-04-02 11:44:22 - getOutlet.php - Key aplikasi: YbcJSFjkds...
2026-04-02 11:44:22 - getOutlet.php - Expected encrypt: 7e7f1d062ca9b9e5c530948d57925ffe
2026-04-02 04:44:22 - getOutlet.php - === REQUEST GETOUTLET ===
2026-04-02 11:44:22 - getOutlet.php - Received encrypt: 7e7f1d062ca9b9e5c530948d57925ffe
2026-04-02 11:44:22 - getOutlet.php - Authentication berhasil
2026-04-02 04:44:22 - getOutlet.php - Method: POST
2026-04-02 04:44:22 - getOutlet.php - POST data: {"tgl":"2026-04-02","encrypt":"7e7f1d062ca9b9e5c530948d57925ffe","id_apl":"APL01","key":"Rs p"}
2026-04-02 11:44:22 - getOutlet.php - Params - tgl: 2026-04-02, encrypt: 7e7f1d062ca9b9e5c530948d57925ffe, id_apl: APL01, key: Rs p
2026-04-02 11:44:22 - getOutlet.php - Aplikasi ditemukan: Ya
2026-04-02 11:44:22 - getOutlet.php - Key aplikasi: YbcJSFjkds...
2026-04-02 11:44:22 - getOutlet.php - Expected encrypt: 7e7f1d062ca9b9e5c530948d57925ffe
2026-04-02 11:44:22 - getOutlet.php - Received encrypt: 7e7f1d062ca9b9e5c530948d57925ffe
2026-04-02 11:44:22 - getOutlet.php - Query: SELECT id_out, nama_out, '' AS alamat_out, ofcode_out
            FROM outlet 
            WHERE status_out IN ('Active', '1', 'active')
            AND (nama_out LIKE :key OR ofcode_out LIKE :key)
            ORDER BY nama_out ASC
            LIMIT 20
2026-04-02 11:44:22 - getOutlet.php - Authentication berhasil
2026-04-02 11:44:22 - getOutlet.php - Query: SELECT id_out, nama_out, '' AS alamat_out, ofcode_out
            FROM outlet 
            WHERE status_out IN ('Active', '1', 'active')
            AND (nama_out LIKE :key OR ofcode_out LIKE :key)
            ORDER BY nama_out ASC
            LIMIT 20
2026-04-02 11:44:22 - getOutlet.php - Query berhasil, mengembalikan 13 record
2026-04-02 11:44:22 - getOutlet.php - === END REQUEST ===
2026-04-02 11:44:22 - getOutlet.php - Query berhasil, mengembalikan 20 record
2026-04-02 11:44:22 - getOutlet.php - === END REQUEST ===
2026-04-02 04:44:23 - getOutlet.php - === REQUEST GETOUTLET ===
2026-04-02 04:44:23 - getOutlet.php - Method: POST
2026-04-02 04:44:23 - getOutlet.php - POST data: {"tgl":"2026-04-02","encrypt":"7e7f1d062ca9b9e5c530948d57925ffe","id_apl":"APL01","key":"Rs pel"}
2026-04-02 11:44:23 - getOutlet.php - Params - tgl: 2026-04-02, encrypt: 7e7f1d062ca9b9e5c530948d57925ffe, id_apl: APL01, key: Rs pel
2026-04-02 11:44:23 - getOutlet.php - Aplikasi ditemukan: Ya
2026-04-02 11:44:23 - getOutlet.php - Key aplikasi: YbcJSFjkds...
2026-04-02 11:44:23 - getOutlet.php - Expected encrypt: 7e7f1d062ca9b9e5c530948d57925ffe
2026-04-02 11:44:23 - getOutlet.php - Received encrypt: 7e7f1d062ca9b9e5c530948d57925ffe
2026-04-02 11:44:23 - getOutlet.php - Authentication berhasil
2026-04-02 11:44:23 - getOutlet.php - Query: SELECT id_out, nama_out, '' AS alamat_out, ofcode_out
            FROM outlet 
            WHERE status_out IN ('Active', '1', 'active')
            AND (nama_out LIKE :key OR ofcode_out LIKE :key)
            ORDER BY nama_out ASC
            LIMIT 20
2026-04-02 11:44:23 - getOutlet.php - Query berhasil, mengembalikan 2 record
2026-04-02 11:44:23 - getOutlet.php - === END REQUEST ===
2026-04-02 04:44:25 - getOutlet.php - === REQUEST GETOUTLET ===
2026-04-02 04:44:25 - getOutlet.php - Method: POST
2026-04-02 04:44:25 - getOutlet.php - POST data: {"tgl":"2026-04-02","encrypt":"7e7f1d062ca9b9e5c530948d57925ffe","id_apl":"APL01","key":"Rs peln"}
2026-04-02 11:44:25 - getOutlet.php - Params - tgl: 2026-04-02, encrypt: 7e7f1d062ca9b9e5c530948d57925ffe, id_apl: APL01, key: Rs peln
2026-04-02 11:44:25 - getOutlet.php - Aplikasi ditemukan: Ya
2026-04-02 11:44:25 - getOutlet.php - Key aplikasi: YbcJSFjkds...
2026-04-02 11:44:25 - getOutlet.php - Expected encrypt: 7e7f1d062ca9b9e5c530948d57925ffe
2026-04-02 11:44:25 - getOutlet.php - Received encrypt: 7e7f1d062ca9b9e5c530948d57925ffe
2026-04-02 11:44:25 - getOutlet.php - Authentication berhasil
2026-04-02 11:44:25 - getOutlet.php - Query: SELECT id_out, nama_out, '' AS alamat_out, ofcode_out
            FROM outlet 
            WHERE status_out IN ('Active', '1', 'active')
            AND (nama_out LIKE :key OR ofcode_out LIKE :key)
            ORDER BY nama_out ASC
            LIMIT 20
2026-04-02 11:44:25 - getOutlet.php - Query berhasil, mengembalikan 1 record
2026-04-02 11:44:25 - getOutlet.php - === END REQUEST ===
2026-04-02 04:44:25 - getOutlet.php - === REQUEST GETOUTLET ===
2026-04-02 04:44:25 - getOutlet.php - Method: POST
2026-04-02 04:44:25 - getOutlet.php - POST data: {"tgl":"2026-04-02","encrypt":"7e7f1d062ca9b9e5c530948d57925ffe","id_apl":"APL01","key":"Rs pelni"}
2026-04-02 11:44:25 - getOutlet.php - Params - tgl: 2026-04-02, encrypt: 7e7f1d062ca9b9e5c530948d57925ffe, id_apl: APL01, key: Rs pelni
2026-04-02 11:44:25 - getOutlet.php - Aplikasi ditemukan: Ya
2026-04-02 11:44:25 - getOutlet.php - Key aplikasi: YbcJSFjkds...
2026-04-02 11:44:25 - getOutlet.php - Expected encrypt: 7e7f1d062ca9b9e5c530948d57925ffe
2026-04-02 11:44:25 - getOutlet.php - Received encrypt: 7e7f1d062ca9b9e5c530948d57925ffe
2026-04-02 11:44:25 - getOutlet.php - Authentication berhasil
2026-04-02 11:44:25 - getOutlet.php - Query: SELECT id_out, nama_out, '' AS alamat_out, ofcode_out
            FROM outlet 
            WHERE status_out IN ('Active', '1', 'active')
            AND (nama_out LIKE :key OR ofcode_out LIKE :key)
            ORDER BY nama_out ASC
            LIMIT 20
2026-04-02 11:44:25 - getOutlet.php - Query berhasil, mengembalikan 1 record
2026-04-02 11:44:25 - getOutlet.php - === END REQUEST ===
2026-04-02 04:44:28 - getOutlet.php - === REQUEST GETOUTLET ===
2026-04-02 04:44:28 - getOutlet.php - Method: POST
2026-04-02 04:44:28 - getOutlet.php - POST data: {"tgl":"2026-04-02","encrypt":"7e7f1d062ca9b9e5c530948d57925ffe","id_apl":"APL01","key":"RS PELNI"}
2026-04-02 11:44:28 - getOutlet.php - Params - tgl: 2026-04-02, encrypt: 7e7f1d062ca9b9e5c530948d57925ffe, id_apl: APL01, key: RS PELNI
2026-04-02 11:44:28 - getOutlet.php - Aplikasi ditemukan: Ya
2026-04-02 11:44:28 - getOutlet.php - Key aplikasi: YbcJSFjkds...
2026-04-02 11:44:28 - getOutlet.php - Expected encrypt: 7e7f1d062ca9b9e5c530948d57925ffe
2026-04-02 11:44:28 - getOutlet.php - Received encrypt: 7e7f1d062ca9b9e5c530948d57925ffe
2026-04-02 11:44:28 - getOutlet.php - Authentication berhasil
2026-04-02 11:44:28 - getOutlet.php - Query: SELECT id_out, nama_out, '' AS alamat_out, ofcode_out
            FROM outlet 
            WHERE status_out IN ('Active', '1', 'active')
            AND (nama_out LIKE :key OR ofcode_out LIKE :key)
            ORDER BY nama_out ASC
            LIMIT 20
2026-04-02 11:44:28 - getOutlet.php - Query berhasil, mengembalikan 1 record
2026-04-02 11:44:28 - getOutlet.php - === END REQUEST ===
2026-04-02 04:44:53 - getOutlet.php - === REQUEST GETOUTLET ===
2026-04-02 04:44:53 - getOutlet.php - Method: POST
2026-04-02 04:44:53 - getOutlet.php - POST data: {"tgl":"2026-04-02","encrypt":"7e7f1d062ca9b9e5c530948d57925ffe","id_apl":"APL01","key":"Ap"}
2026-04-02 11:44:53 - getOutlet.php - Params - tgl: 2026-04-02, encrypt: 7e7f1d062ca9b9e5c530948d57925ffe, id_apl: APL01, key: Ap
2026-04-02 11:44:53 - getOutlet.php - Aplikasi ditemukan: Ya
2026-04-02 11:44:53 - getOutlet.php - Key aplikasi: YbcJSFjkds...
2026-04-02 11:44:53 - getOutlet.php - Expected encrypt: 7e7f1d062ca9b9e5c530948d57925ffe
2026-04-02 11:44:53 - getOutlet.php - Received encrypt: 7e7f1d062ca9b9e5c530948d57925ffe
2026-04-02 11:44:53 - getOutlet.php - Authentication berhasil
2026-04-02 11:44:53 - getOutlet.php - Query: SELECT id_out, nama_out, '' AS alamat_out, ofcode_out
            FROM outlet 
            WHERE status_out IN ('Active', '1', 'active')
            AND (nama_out LIKE :key OR ofcode_out LIKE :key)
            ORDER BY nama_out ASC
            LIMIT 20
2026-04-02 11:44:53 - getOutlet.php - Query berhasil, mengembalikan 20 record
2026-04-02 11:44:53 - getOutlet.php - === END REQUEST ===
2026-04-02 04:44:53 - getOutlet.php - === REQUEST GETOUTLET ===
2026-04-02 04:44:53 - getOutlet.php - Method: POST
2026-04-02 04:44:53 - getOutlet.php - POST data: {"tgl":"2026-04-02","encrypt":"7e7f1d062ca9b9e5c530948d57925ffe","id_apl":"APL01","key":"Apo"}
2026-04-02 11:44:53 - getOutlet.php - Params - tgl: 2026-04-02, encrypt: 7e7f1d062ca9b9e5c530948d57925ffe, id_apl: APL01, key: Apo
2026-04-02 11:44:53 - getOutlet.php - Aplikasi ditemukan: Ya
2026-04-02 11:44:53 - getOutlet.php - Key aplikasi: YbcJSFjkds...
2026-04-02 11:44:53 - getOutlet.php - Expected encrypt: 7e7f1d062ca9b9e5c530948d57925ffe
2026-04-02 11:44:53 - getOutlet.php - Received encrypt: 7e7f1d062ca9b9e5c530948d57925ffe
2026-04-02 11:44:53 - getOutlet.php - Authentication berhasil
2026-04-02 11:44:53 - getOutlet.php - Query: SELECT id_out, nama_out, '' AS alamat_out, ofcode_out
            FROM outlet 
            WHERE status_out IN ('Active', '1', 'active')
            AND (nama_out LIKE :key OR ofcode_out LIKE :key)
            ORDER BY nama_out ASC
            LIMIT 20
2026-04-02 11:44:53 - getOutlet.php - Query berhasil, mengembalikan 20 record
2026-04-02 11:44:53 - getOutlet.php - === END REQUEST ===
2026-04-02 04:44:54 - getOutlet.php - === REQUEST GETOUTLET ===
2026-04-02 04:44:54 - getOutlet.php - Method: POST
2026-04-02 04:44:54 - getOutlet.php - POST data: {"tgl":"2026-04-02","encrypt":"7e7f1d062ca9b9e5c530948d57925ffe","id_apl":"APL01","key":"Apotek"}
2026-04-02 11:44:54 - getOutlet.php - Params - tgl: 2026-04-02, encrypt: 7e7f1d062ca9b9e5c530948d57925ffe, id_apl: APL01, key: Apotek
2026-04-02 11:44:54 - getOutlet.php - Aplikasi ditemukan: Ya
2026-04-02 11:44:54 - getOutlet.php - Key aplikasi: YbcJSFjkds...
2026-04-02 11:44:54 - getOutlet.php - Expected encrypt: 7e7f1d062ca9b9e5c530948d57925ffe
2026-04-02 11:44:54 - getOutlet.php - Received encrypt: 7e7f1d062ca9b9e5c530948d57925ffe
2026-04-02 11:44:54 - getOutlet.php - Authentication berhasil
2026-04-02 11:44:54 - getOutlet.php - Query: SELECT id_out, nama_out, '' AS alamat_out, ofcode_out
            FROM outlet 
            WHERE status_out IN ('Active', '1', 'active')
            AND (nama_out LIKE :key OR ofcode_out LIKE :key)
            ORDER BY nama_out ASC
            LIMIT 20
2026-04-02 11:44:54 - getOutlet.php - Query berhasil, mengembalikan 20 record
2026-04-02 11:44:54 - getOutlet.php - === END REQUEST ===
2026-04-02 04:44:54 - getOutlet.php - === REQUEST GETOUTLET ===
2026-04-02 04:44:54 - getOutlet.php - Method: POST
2026-04-02 04:44:54 - getOutlet.php - POST data: {"tgl":"2026-04-02","encrypt":"7e7f1d062ca9b9e5c530948d57925ffe","id_apl":"APL01","key":"Apotek m"}
2026-04-02 11:44:54 - getOutlet.php - Params - tgl: 2026-04-02, encrypt: 7e7f1d062ca9b9e5c530948d57925ffe, id_apl: APL01, key: Apotek m
2026-04-02 11:44:54 - getOutlet.php - Aplikasi ditemukan: Ya
2026-04-02 11:44:54 - getOutlet.php - Key aplikasi: YbcJSFjkds...
2026-04-02 11:44:54 - getOutlet.php - Expected encrypt: 7e7f1d062ca9b9e5c530948d57925ffe
2026-04-02 11:44:54 - getOutlet.php - Received encrypt: 7e7f1d062ca9b9e5c530948d57925ffe
2026-04-02 11:44:54 - getOutlet.php - Authentication berhasil
2026-04-02 11:44:54 - getOutlet.php - Query: SELECT id_out, nama_out, '' AS alamat_out, ofcode_out
            FROM outlet 
            WHERE status_out IN ('Active', '1', 'active')
            AND (nama_out LIKE :key OR ofcode_out LIKE :key)
            ORDER BY nama_out ASC
            LIMIT 20
2026-04-02 11:44:54 - getOutlet.php - Query berhasil, mengembalikan 20 record
2026-04-02 11:44:54 - getOutlet.php - === END REQUEST ===
2026-04-02 04:44:54 - getOutlet.php - === REQUEST GETOUTLET ===
2026-04-02 04:44:54 - getOutlet.php - Method: POST
2026-04-02 04:44:54 - getOutlet.php - POST data: {"tgl":"2026-04-02","encrypt":"7e7f1d062ca9b9e5c530948d57925ffe","id_apl":"APL01","key":"Apotek ma"}
2026-04-02 11:44:54 - getOutlet.php - Params - tgl: 2026-04-02, encrypt: 7e7f1d062ca9b9e5c530948d57925ffe, id_apl: APL01, key: Apotek ma
2026-04-02 11:44:54 - getOutlet.php - Aplikasi ditemukan: Ya
2026-04-02 11:44:54 - getOutlet.php - Key aplikasi: YbcJSFjkds...
2026-04-02 11:44:54 - getOutlet.php - Expected encrypt: 7e7f1d062ca9b9e5c530948d57925ffe
2026-04-02 11:44:54 - getOutlet.php - Received encrypt: 7e7f1d062ca9b9e5c530948d57925ffe
2026-04-02 11:44:54 - getOutlet.php - Authentication berhasil
2026-04-02 11:44:54 - getOutlet.php - Query: SELECT id_out, nama_out, '' AS alamat_out, ofcode_out
            FROM outlet 
            WHERE status_out IN ('Active', '1', 'active')
            AND (nama_out LIKE :key OR ofcode_out LIKE :key)
            ORDER BY nama_out ASC
            LIMIT 20
2026-04-02 11:44:54 - getOutlet.php - Query berhasil, mengembalikan 5 record
2026-04-02 11:44:54 - getOutlet.php - === END REQUEST ===
2026-04-02 04:44:55 - getOutlet.php - === REQUEST GETOUTLET ===
2026-04-02 04:44:55 - getOutlet.php - Method: POST
2026-04-02 04:44:55 - getOutlet.php - POST data: {"tgl":"2026-04-02","encrypt":"7e7f1d062ca9b9e5c530948d57925ffe","id_apl":"APL01","key":"Apotek man"}
2026-04-02 11:44:55 - getOutlet.php - Params - tgl: 2026-04-02, encrypt: 7e7f1d062ca9b9e5c530948d57925ffe, id_apl: APL01, key: Apotek man
2026-04-02 11:44:55 - getOutlet.php - Aplikasi ditemukan: Ya
2026-04-02 11:44:55 - getOutlet.php - Key aplikasi: YbcJSFjkds...
2026-04-02 11:44:55 - getOutlet.php - Expected encrypt: 7e7f1d062ca9b9e5c530948d57925ffe
2026-04-02 11:44:55 - getOutlet.php - Received encrypt: 7e7f1d062ca9b9e5c530948d57925ffe
2026-04-02 11:44:55 - getOutlet.php - Authentication berhasil
2026-04-02 11:44:55 - getOutlet.php - Query: SELECT id_out, nama_out, '' AS alamat_out, ofcode_out
            FROM outlet 
            WHERE status_out IN ('Active', '1', 'active')
            AND (nama_out LIKE :key OR ofcode_out LIKE :key)
            ORDER BY nama_out ASC
            LIMIT 20
2026-04-02 11:44:55 - getOutlet.php - Query berhasil, mengembalikan 3 record
2026-04-02 11:44:55 - getOutlet.php - === END REQUEST ===
2026-04-02 04:44:55 - getOutlet.php - === REQUEST GETOUTLET ===
2026-04-02 04:44:55 - getOutlet.php - Method: POST
2026-04-02 04:44:55 - getOutlet.php - POST data: {"tgl":"2026-04-02","encrypt":"7e7f1d062ca9b9e5c530948d57925ffe","id_apl":"APL01","key":"Apotek mand"}
2026-04-02 11:44:55 - getOutlet.php - Params - tgl: 2026-04-02, encrypt: 7e7f1d062ca9b9e5c530948d57925ffe, id_apl: APL01, key: Apotek mand
2026-04-02 11:44:55 - getOutlet.php - Aplikasi ditemukan: Ya
2026-04-02 11:44:55 - getOutlet.php - Key aplikasi: YbcJSFjkds...
2026-04-02 11:44:55 - getOutlet.php - Expected encrypt: 7e7f1d062ca9b9e5c530948d57925ffe
2026-04-02 11:44:55 - getOutlet.php - Received encrypt: 7e7f1d062ca9b9e5c530948d57925ffe
2026-04-02 11:44:55 - getOutlet.php - Authentication berhasil
2026-04-02 11:44:55 - getOutlet.php - Query: SELECT id_out, nama_out, '' AS alamat_out, ofcode_out
            FROM outlet 
            WHERE status_out IN ('Active', '1', 'active')
            AND (nama_out LIKE :key OR ofcode_out LIKE :key)
            ORDER BY nama_out ASC
            LIMIT 20
2026-04-02 11:44:55 - getOutlet.php - Query berhasil, mengembalikan 1 record
2026-04-02 11:44:55 - getOutlet.php - === END REQUEST ===
2026-04-02 04:44:56 - getOutlet.php - === REQUEST GETOUTLET ===
2026-04-02 04:44:56 - getOutlet.php - Method: POST
2026-04-02 04:44:56 - getOutlet.php - POST data: {"tgl":"2026-04-02","encrypt":"7e7f1d062ca9b9e5c530948d57925ffe","id_apl":"APL01","key":"Apotek mandjur"}
2026-04-02 11:44:56 - getOutlet.php - Params - tgl: 2026-04-02, encrypt: 7e7f1d062ca9b9e5c530948d57925ffe, id_apl: APL01, key: Apotek mandjur
2026-04-02 11:44:56 - getOutlet.php - Aplikasi ditemukan: Ya
2026-04-02 11:44:56 - getOutlet.php - Key aplikasi: YbcJSFjkds...
2026-04-02 11:44:56 - getOutlet.php - Expected encrypt: 7e7f1d062ca9b9e5c530948d57925ffe
2026-04-02 11:44:56 - getOutlet.php - Received encrypt: 7e7f1d062ca9b9e5c530948d57925ffe
2026-04-02 11:44:56 - getOutlet.php - Authentication berhasil
2026-04-02 11:44:56 - getOutlet.php - Query: SELECT id_out, nama_out, '' AS alamat_out, ofcode_out
            FROM outlet 
            WHERE status_out IN ('Active', '1', 'active')
            AND (nama_out LIKE :key OR ofcode_out LIKE :key)
            ORDER BY nama_out ASC
            LIMIT 20
2026-04-02 11:44:56 - getOutlet.php - Query berhasil, mengembalikan 1 record
2026-04-02 11:44:56 - getOutlet.php - === END REQUEST ===
2026-04-02 04:44:58 - getOutlet.php - === REQUEST GETOUTLET ===
2026-04-02 04:44:58 - getOutlet.php - Method: POST
2026-04-02 04:44:58 - getOutlet.php - POST data: {"tgl":"2026-04-02","encrypt":"7e7f1d062ca9b9e5c530948d57925ffe","id_apl":"APL01","key":"Apotek Mandjur Menteng "}
2026-04-02 11:44:58 - getOutlet.php - Params - tgl: 2026-04-02, encrypt: 7e7f1d062ca9b9e5c530948d57925ffe, id_apl: APL01, key: Apotek Mandjur Menteng
2026-04-02 11:44:58 - getOutlet.php - Aplikasi ditemukan: Ya
2026-04-02 11:44:58 - getOutlet.php - Key aplikasi: YbcJSFjkds...
2026-04-02 11:44:58 - getOutlet.php - Expected encrypt: 7e7f1d062ca9b9e5c530948d57925ffe
2026-04-02 11:44:58 - getOutlet.php - Received encrypt: 7e7f1d062ca9b9e5c530948d57925ffe
2026-04-02 11:44:58 - getOutlet.php - Authentication berhasil
2026-04-02 11:44:58 - getOutlet.php - Query: SELECT id_out, nama_out, '' AS alamat_out, ofcode_out
            FROM outlet 
            WHERE status_out IN ('Active', '1', 'active')
            AND (nama_out LIKE :key OR ofcode_out LIKE :key)
            ORDER BY nama_out ASC
            LIMIT 20
2026-04-02 11:44:58 - getOutlet.php - Query berhasil, mengembalikan 1 record
2026-04-02 11:44:58 - getOutlet.php - === END REQUEST ===
2026-04-02 05:31:08 - getOutlet.php - === REQUEST GETOUTLET ===
2026-04-02 05:31:08 - getOutlet.php - Method: POST
2026-04-02 05:31:08 - getOutlet.php - POST data: {"tgl":"2026-04-02","encrypt":"7e7f1d062ca9b9e5c530948d57925ffe","id_apl":"APL01","key":"Pri"}
2026-04-02 12:31:08 - getOutlet.php - Params - tgl: 2026-04-02, encrypt: 7e7f1d062ca9b9e5c530948d57925ffe, id_apl: APL01, key: Pri
2026-04-02 12:31:08 - getOutlet.php - Aplikasi ditemukan: Ya
2026-04-02 12:31:08 - getOutlet.php - Key aplikasi: YbcJSFjkds...
2026-04-02 12:31:08 - getOutlet.php - Expected encrypt: 7e7f1d062ca9b9e5c530948d57925ffe
2026-04-02 12:31:08 - getOutlet.php - Received encrypt: 7e7f1d062ca9b9e5c530948d57925ffe
2026-04-02 12:31:08 - getOutlet.php - Authentication berhasil
2026-04-02 12:31:08 - getOutlet.php - Query: SELECT id_out, nama_out, '' AS alamat_out, ofcode_out
            FROM outlet 
            WHERE status_out IN ('Active', '1', 'active')
            AND (nama_out LIKE :key OR ofcode_out LIKE :key)
            ORDER BY nama_out ASC
            LIMIT 20
2026-04-02 12:31:08 - getOutlet.php - Query berhasil, mengembalikan 20 record
2026-04-02 12:31:08 - getOutlet.php - === END REQUEST ===
2026-04-02 05:31:08 - getOutlet.php - === REQUEST GETOUTLET ===
2026-04-02 05:31:08 - getOutlet.php - Method: POST
2026-04-02 05:31:08 - getOutlet.php - POST data: {"tgl":"2026-04-02","encrypt":"7e7f1d062ca9b9e5c530948d57925ffe","id_apl":"APL01","key":"Pr"}
2026-04-02 12:31:08 - getOutlet.php - Params - tgl: 2026-04-02, encrypt: 7e7f1d062ca9b9e5c530948d57925ffe, id_apl: APL01, key: Pr
2026-04-02 12:31:08 - getOutlet.php - Aplikasi ditemukan: Ya
2026-04-02 12:31:08 - getOutlet.php - Key aplikasi: YbcJSFjkds...
2026-04-02 12:31:08 - getOutlet.php - Expected encrypt: 7e7f1d062ca9b9e5c530948d57925ffe
2026-04-02 12:31:08 - getOutlet.php - Received encrypt: 7e7f1d062ca9b9e5c530948d57925ffe
2026-04-02 12:31:08 - getOutlet.php - Authentication berhasil
2026-04-02 12:31:08 - getOutlet.php - Query: SELECT id_out, nama_out, '' AS alamat_out, ofcode_out
            FROM outlet 
            WHERE status_out IN ('Active', '1', 'active')
            AND (nama_out LIKE :key OR ofcode_out LIKE :key)
            ORDER BY nama_out ASC
            LIMIT 20
2026-04-02 12:31:08 - getOutlet.php - Query berhasil, mengembalikan 20 record
2026-04-02 12:31:08 - getOutlet.php - === END REQUEST ===
2026-04-02 05:31:08 - getOutlet.php - === REQUEST GETOUTLET ===
2026-04-02 05:31:08 - getOutlet.php - Method: POST
2026-04-02 05:31:08 - getOutlet.php - POST data: {"tgl":"2026-04-02","encrypt":"7e7f1d062ca9b9e5c530948d57925ffe","id_apl":"APL01","key":"Primaya"}
2026-04-02 12:31:08 - getOutlet.php - Params - tgl: 2026-04-02, encrypt: 7e7f1d062ca9b9e5c530948d57925ffe, id_apl: APL01, key: Primaya
2026-04-02 12:31:08 - getOutlet.php - Aplikasi ditemukan: Ya
2026-04-02 12:31:08 - getOutlet.php - Key aplikasi: YbcJSFjkds...
2026-04-02 12:31:08 - getOutlet.php - Expected encrypt: 7e7f1d062ca9b9e5c530948d57925ffe
2026-04-02 12:31:08 - getOutlet.php - Received encrypt: 7e7f1d062ca9b9e5c530948d57925ffe
2026-04-02 12:31:08 - getOutlet.php - Authentication berhasil
2026-04-02 12:31:08 - getOutlet.php - Query: SELECT id_out, nama_out, '' AS alamat_out, ofcode_out
            FROM outlet 
            WHERE status_out IN ('Active', '1', 'active')
            AND (nama_out LIKE :key OR ofcode_out LIKE :key)
            ORDER BY nama_out ASC
            LIMIT 20
2026-04-02 12:31:08 - getOutlet.php - Query berhasil, mengembalikan 12 record
2026-04-02 12:31:08 - getOutlet.php - === END REQUEST ===
2026-04-02 05:31:10 - getOutlet.php - === REQUEST GETOUTLET ===
2026-04-02 05:31:10 - getOutlet.php - Method: POST
2026-04-02 05:31:10 - getOutlet.php - POST data: {"tgl":"2026-04-02","encrypt":"7e7f1d062ca9b9e5c530948d57925ffe","id_apl":"APL01","key":"Primaya hos"}
2026-04-02 12:31:10 - getOutlet.php - Params - tgl: 2026-04-02, encrypt: 7e7f1d062ca9b9e5c530948d57925ffe, id_apl: APL01, key: Primaya hos
2026-04-02 12:31:10 - getOutlet.php - Aplikasi ditemukan: Ya
2026-04-02 12:31:10 - getOutlet.php - Key aplikasi: YbcJSFjkds...
2026-04-02 12:31:10 - getOutlet.php - Expected encrypt: 7e7f1d062ca9b9e5c530948d57925ffe
2026-04-02 12:31:10 - getOutlet.php - Received encrypt: 7e7f1d062ca9b9e5c530948d57925ffe
2026-04-02 12:31:10 - getOutlet.php - Authentication berhasil
2026-04-02 12:31:10 - getOutlet.php - Query: SELECT id_out, nama_out, '' AS alamat_out, ofcode_out
            FROM outlet 
            WHERE status_out IN ('Active', '1', 'active')
            AND (nama_out LIKE :key OR ofcode_out LIKE :key)
            ORDER BY nama_out ASC
            LIMIT 20
2026-04-02 12:31:10 - getOutlet.php - Query berhasil, mengembalikan 4 record
2026-04-02 12:31:10 - getOutlet.php - === END REQUEST ===
2026-04-02 05:31:10 - getOutlet.php - === REQUEST GETOUTLET ===
2026-04-02 05:31:10 - getOutlet.php - Method: POST
2026-04-02 05:31:10 - getOutlet.php - POST data: {"tgl":"2026-04-02","encrypt":"7e7f1d062ca9b9e5c530948d57925ffe","id_apl":"APL01","key":"Primaya hos"}
2026-04-02 12:31:10 - getOutlet.php - Params - tgl: 2026-04-02, encrypt: 7e7f1d062ca9b9e5c530948d57925ffe, id_apl: APL01, key: Primaya hos
2026-04-02 12:31:10 - getOutlet.php - Aplikasi ditemukan: Ya
2026-04-02 12:31:10 - getOutlet.php - Key aplikasi: YbcJSFjkds...
2026-04-02 12:31:10 - getOutlet.php - Expected encrypt: 7e7f1d062ca9b9e5c530948d57925ffe
2026-04-02 12:31:10 - getOutlet.php - Received encrypt: 7e7f1d062ca9b9e5c530948d57925ffe
2026-04-02 12:31:10 - getOutlet.php - Authentication berhasil
2026-04-02 12:31:10 - getOutlet.php - Query: SELECT id_out, nama_out, '' AS alamat_out, ofcode_out
            FROM outlet 
            WHERE status_out IN ('Active', '1', 'active')
            AND (nama_out LIKE :key OR ofcode_out LIKE :key)
            ORDER BY nama_out ASC
            LIMIT 20
2026-04-02 12:31:10 - getOutlet.php - Query berhasil, mengembalikan 4 record
2026-04-02 12:31:10 - getOutlet.php - === END REQUEST ===
2026-04-02 05:31:13 - getOutlet.php - === REQUEST GETOUTLET ===
2026-04-02 05:31:13 - getOutlet.php - Method: POST
2026-04-02 05:31:13 - getOutlet.php - POST data: {"tgl":"2026-04-02","encrypt":"7e7f1d062ca9b9e5c530948d57925ffe","id_apl":"APL01","key":"RS Primaya Hospital Tangerang"}
2026-04-02 12:31:13 - getOutlet.php - Params - tgl: 2026-04-02, encrypt: 7e7f1d062ca9b9e5c530948d57925ffe, id_apl: APL01, key: RS Primaya Hospital Tangerang
2026-04-02 12:31:13 - getOutlet.php - Aplikasi ditemukan: Ya
2026-04-02 12:31:13 - getOutlet.php - Key aplikasi: YbcJSFjkds...
2026-04-02 12:31:13 - getOutlet.php - Expected encrypt: 7e7f1d062ca9b9e5c530948d57925ffe
2026-04-02 12:31:13 - getOutlet.php - Received encrypt: 7e7f1d062ca9b9e5c530948d57925ffe
2026-04-02 12:31:13 - getOutlet.php - Authentication berhasil
2026-04-02 12:31:13 - getOutlet.php - Query: SELECT id_out, nama_out, '' AS alamat_out, ofcode_out
            FROM outlet 
            WHERE status_out IN ('Active', '1', 'active')
            AND (nama_out LIKE :key OR ofcode_out LIKE :key)
            ORDER BY nama_out ASC
            LIMIT 20
2026-04-02 12:31:13 - getOutlet.php - Query berhasil, mengembalikan 1 record
2026-04-02 12:31:13 - getOutlet.php - === END REQUEST ===
2026-04-02 08:53:55 - getOutlet.php - === REQUEST GETOUTLET ===
2026-04-02 08:53:55 - getOutlet.php - Method: POST
2026-04-02 08:53:55 - getOutlet.php - POST data: {"tgl":"2026-04-02","encrypt":"7e7f1d062ca9b9e5c530948d57925ffe","id_apl":"APL01","key":"MA"}
2026-04-02 15:53:55 - getOutlet.php - Params - tgl: 2026-04-02, encrypt: 7e7f1d062ca9b9e5c530948d57925ffe, id_apl: APL01, key: MA
2026-04-02 15:53:55 - getOutlet.php - Aplikasi ditemukan: Ya
2026-04-02 15:53:55 - getOutlet.php - Key aplikasi: YbcJSFjkds...
2026-04-02 15:53:55 - getOutlet.php - Expected encrypt: 7e7f1d062ca9b9e5c530948d57925ffe
2026-04-02 15:53:55 - getOutlet.php - Received encrypt: 7e7f1d062ca9b9e5c530948d57925ffe
2026-04-02 15:53:55 - getOutlet.php - Authentication berhasil
2026-04-02 15:53:55 - getOutlet.php - Query: SELECT id_out, nama_out, '' AS alamat_out, ofcode_out
            FROM outlet 
            WHERE status_out IN ('Active', '1', 'active')
            AND (nama_out LIKE :key OR ofcode_out LIKE :key)
            ORDER BY nama_out ASC
            LIMIT 20
2026-04-02 15:53:55 - getOutlet.php - Query berhasil, mengembalikan 20 record
2026-04-02 15:53:55 - getOutlet.php - === END REQUEST ===
2026-04-02 08:53:58 - getOutlet.php - === REQUEST GETOUTLET ===
2026-04-02 08:53:58 - getOutlet.php - Method: POST
2026-04-02 08:53:58 - getOutlet.php - POST data: {"tgl":"2026-04-02","encrypt":"7e7f1d062ca9b9e5c530948d57925ffe","id_apl":"APL01","key":"MAN"}
2026-04-02 15:53:58 - getOutlet.php - Params - tgl: 2026-04-02, encrypt: 7e7f1d062ca9b9e5c530948d57925ffe, id_apl: APL01, key: MAN
2026-04-02 15:53:58 - getOutlet.php - Aplikasi ditemukan: Ya
2026-04-02 15:53:58 - getOutlet.php - Key aplikasi: YbcJSFjkds...
2026-04-02 15:53:58 - getOutlet.php - Expected encrypt: 7e7f1d062ca9b9e5c530948d57925ffe
2026-04-02 15:53:58 - getOutlet.php - Received encrypt: 7e7f1d062ca9b9e5c530948d57925ffe
2026-04-02 15:53:58 - getOutlet.php - Authentication berhasil
2026-04-02 15:53:58 - getOutlet.php - Query: SELECT id_out, nama_out, '' AS alamat_out, ofcode_out
            FROM outlet 
            WHERE status_out IN ('Active', '1', 'active')
            AND (nama_out LIKE :key OR ofcode_out LIKE :key)
            ORDER BY nama_out ASC
            LIMIT 20
2026-04-02 15:53:58 - getOutlet.php - Query berhasil, mengembalikan 20 record
2026-04-02 15:53:58 - getOutlet.php - === END REQUEST ===
2026-04-02 08:53:58 - getOutlet.php - === REQUEST GETOUTLET ===
2026-04-02 08:53:58 - getOutlet.php - Method: POST
2026-04-02 08:53:58 - getOutlet.php - POST data: {"tgl":"2026-04-02","encrypt":"7e7f1d062ca9b9e5c530948d57925ffe","id_apl":"APL01","key":"MANO"}
2026-04-02 15:53:58 - getOutlet.php - Params - tgl: 2026-04-02, encrypt: 7e7f1d062ca9b9e5c530948d57925ffe, id_apl: APL01, key: MANO
2026-04-02 15:53:58 - getOutlet.php - Aplikasi ditemukan: Ya
2026-04-02 15:53:58 - getOutlet.php - Key aplikasi: YbcJSFjkds...
2026-04-02 15:53:58 - getOutlet.php - Expected encrypt: 7e7f1d062ca9b9e5c530948d57925ffe
2026-04-02 15:53:58 - getOutlet.php - Received encrypt: 7e7f1d062ca9b9e5c530948d57925ffe
2026-04-02 15:53:58 - getOutlet.php - Authentication berhasil
2026-04-02 15:53:58 - getOutlet.php - Query: SELECT id_out, nama_out, '' AS alamat_out, ofcode_out
            FROM outlet 
            WHERE status_out IN ('Active', '1', 'active')
            AND (nama_out LIKE :key OR ofcode_out LIKE :key)
            ORDER BY nama_out ASC
            LIMIT 20
2026-04-02 15:53:58 - getOutlet.php - Query berhasil, mengembalikan 1 record
2026-04-02 15:53:58 - getOutlet.php - === END REQUEST ===
2026-04-02 08:54:01 - getOutlet.php - === REQUEST GETOUTLET ===
2026-04-02 08:54:01 - getOutlet.php - Method: POST
2026-04-02 08:54:01 - getOutlet.php - POST data: {"tgl":"2026-04-02","encrypt":"7e7f1d062ca9b9e5c530948d57925ffe","id_apl":"APL01","key":"Manokwari Eye Center"}
2026-04-02 15:54:01 - getOutlet.php - Params - tgl: 2026-04-02, encrypt: 7e7f1d062ca9b9e5c530948d57925ffe, id_apl: APL01, key: Manokwari Eye Center
2026-04-02 15:54:01 - getOutlet.php - Aplikasi ditemukan: Ya
2026-04-02 15:54:01 - getOutlet.php - Key aplikasi: YbcJSFjkds...
2026-04-02 15:54:01 - getOutlet.php - Expected encrypt: 7e7f1d062ca9b9e5c530948d57925ffe
2026-04-02 15:54:01 - getOutlet.php - Received encrypt: 7e7f1d062ca9b9e5c530948d57925ffe
2026-04-02 15:54:01 - getOutlet.php - Authentication berhasil
2026-04-02 15:54:01 - getOutlet.php - Query: SELECT id_out, nama_out, '' AS alamat_out, ofcode_out
            FROM outlet 
            WHERE status_out IN ('Active', '1', 'active')
            AND (nama_out LIKE :key OR ofcode_out LIKE :key)
            ORDER BY nama_out ASC
            LIMIT 20
2026-04-02 15:54:01 - getOutlet.php - Query berhasil, mengembalikan 1 record
2026-04-02 15:54:01 - getOutlet.php - === END REQUEST ===
2026-04-02 08:55:03 - getOutlet.php - === REQUEST GETOUTLET ===
2026-04-02 08:55:03 - getOutlet.php - Method: POST
2026-04-02 08:55:03 - getOutlet.php - POST data: {"tgl":"2026-04-02","encrypt":"7e7f1d062ca9b9e5c530948d57925ffe","id_apl":"APL01","key":"DE"}
2026-04-02 15:55:03 - getOutlet.php - Params - tgl: 2026-04-02, encrypt: 7e7f1d062ca9b9e5c530948d57925ffe, id_apl: APL01, key: DE
2026-04-02 15:55:03 - getOutlet.php - Aplikasi ditemukan: Ya
2026-04-02 15:55:03 - getOutlet.php - Key aplikasi: YbcJSFjkds...
2026-04-02 15:55:03 - getOutlet.php - Expected encrypt: 7e7f1d062ca9b9e5c530948d57925ffe
2026-04-02 15:55:03 - getOutlet.php - Received encrypt: 7e7f1d062ca9b9e5c530948d57925ffe
2026-04-02 15:55:03 - getOutlet.php - Authentication berhasil
2026-04-02 15:55:03 - getOutlet.php - Query: SELECT id_out, nama_out, '' AS alamat_out, ofcode_out
            FROM outlet 
            WHERE status_out IN ('Active', '1', 'active')
            AND (nama_out LIKE :key OR ofcode_out LIKE :key)
            ORDER BY nama_out ASC
            LIMIT 20
2026-04-02 15:55:03 - getOutlet.php - Query berhasil, mengembalikan 20 record
2026-04-02 15:55:03 - getOutlet.php - === END REQUEST ===
2026-04-02 08:55:07 - getOutlet.php - === REQUEST GETOUTLET ===
2026-04-02 08:55:07 - getOutlet.php - Method: POST
2026-04-02 08:55:07 - getOutlet.php - POST data: {"tgl":"2026-04-02","encrypt":"7e7f1d062ca9b9e5c530948d57925ffe","id_apl":"APL01","key":"Dn"}
2026-04-02 15:55:07 - getOutlet.php - Params - tgl: 2026-04-02, encrypt: 7e7f1d062ca9b9e5c530948d57925ffe, id_apl: APL01, key: Dn
2026-04-02 15:55:07 - getOutlet.php - Aplikasi ditemukan: Ya
2026-04-02 15:55:07 - getOutlet.php - Key aplikasi: YbcJSFjkds...
2026-04-02 15:55:07 - getOutlet.php - Expected encrypt: 7e7f1d062ca9b9e5c530948d57925ffe
2026-04-02 15:55:07 - getOutlet.php - Received encrypt: 7e7f1d062ca9b9e5c530948d57925ffe
2026-04-02 15:55:07 - getOutlet.php - Authentication berhasil
2026-04-02 15:55:07 - getOutlet.php - Query: SELECT id_out, nama_out, '' AS alamat_out, ofcode_out
            FROM outlet 
            WHERE status_out IN ('Active', '1', 'active')
            AND (nama_out LIKE :key OR ofcode_out LIKE :key)
            ORDER BY nama_out ASC
            LIMIT 20
2026-04-02 15:55:07 - getOutlet.php - Query berhasil, mengembalikan 1 record
2026-04-02 15:55:07 - getOutlet.php - === END REQUEST ===
2026-04-02 08:55:08 - getOutlet.php - === REQUEST GETOUTLET ===
2026-04-02 08:55:08 - getOutlet.php - Method: POST
2026-04-02 08:55:08 - getOutlet.php - POST data: {"tgl":"2026-04-02","encrypt":"7e7f1d062ca9b9e5c530948d57925ffe","id_apl":"APL01","key":"De"}
2026-04-02 15:55:08 - getOutlet.php - Params - tgl: 2026-04-02, encrypt: 7e7f1d062ca9b9e5c530948d57925ffe, id_apl: APL01, key: De
2026-04-02 15:55:08 - getOutlet.php - Aplikasi ditemukan: Ya
2026-04-02 15:55:08 - getOutlet.php - Key aplikasi: YbcJSFjkds...
2026-04-02 15:55:08 - getOutlet.php - Expected encrypt: 7e7f1d062ca9b9e5c530948d57925ffe
2026-04-02 15:55:08 - getOutlet.php - Received encrypt: 7e7f1d062ca9b9e5c530948d57925ffe
2026-04-02 15:55:08 - getOutlet.php - Authentication berhasil
2026-04-02 15:55:08 - getOutlet.php - Query: SELECT id_out, nama_out, '' AS alamat_out, ofcode_out
            FROM outlet 
            WHERE status_out IN ('Active', '1', 'active')
            AND (nama_out LIKE :key OR ofcode_out LIKE :key)
            ORDER BY nama_out ASC
            LIMIT 20
2026-04-02 15:55:08 - getOutlet.php - Query berhasil, mengembalikan 20 record
2026-04-02 15:55:08 - getOutlet.php - === END REQUEST ===
2026-04-02 08:55:08 - getOutlet.php - === REQUEST GETOUTLET ===
2026-04-02 08:55:08 - getOutlet.php - Method: POST
2026-04-02 08:55:08 - getOutlet.php - POST data: {"tgl":"2026-04-02","encrypt":"7e7f1d062ca9b9e5c530948d57925ffe","id_apl":"APL01","key":"Den"}
2026-04-02 15:55:08 - getOutlet.php - Params - tgl: 2026-04-02, encrypt: 7e7f1d062ca9b9e5c530948d57925ffe, id_apl: APL01, key: Den
2026-04-02 15:55:08 - getOutlet.php - Aplikasi ditemukan: Ya
2026-04-02 15:55:08 - getOutlet.php - Key aplikasi: YbcJSFjkds...
2026-04-02 15:55:08 - getOutlet.php - Expected encrypt: 7e7f1d062ca9b9e5c530948d57925ffe
2026-04-02 15:55:08 - getOutlet.php - Received encrypt: 7e7f1d062ca9b9e5c530948d57925ffe
2026-04-02 15:55:08 - getOutlet.php - Authentication berhasil
2026-04-02 15:55:08 - getOutlet.php - Query: SELECT id_out, nama_out, '' AS alamat_out, ofcode_out
            FROM outlet 
            WHERE status_out IN ('Active', '1', 'active')
            AND (nama_out LIKE :key OR ofcode_out LIKE :key)
            ORDER BY nama_out ASC
            LIMIT 20
2026-04-02 15:55:08 - getOutlet.php - Query berhasil, mengembalikan 12 record
2026-04-02 15:55:08 - getOutlet.php - === END REQUEST ===
2026-04-02 08:55:09 - getOutlet.php - === REQUEST GETOUTLET ===
2026-04-02 08:55:09 - getOutlet.php - Method: POST
2026-04-02 08:55:09 - getOutlet.php - POST data: {"tgl":"2026-04-02","encrypt":"7e7f1d062ca9b9e5c530948d57925ffe","id_apl":"APL01","key":"Denp"}
2026-04-02 15:55:09 - getOutlet.php - Params - tgl: 2026-04-02, encrypt: 7e7f1d062ca9b9e5c530948d57925ffe, id_apl: APL01, key: Denp
2026-04-02 15:55:09 - getOutlet.php - Aplikasi ditemukan: Ya
2026-04-02 15:55:09 - getOutlet.php - Key aplikasi: YbcJSFjkds...
2026-04-02 15:55:09 - getOutlet.php - Expected encrypt: 7e7f1d062ca9b9e5c530948d57925ffe
2026-04-02 15:55:09 - getOutlet.php - Received encrypt: 7e7f1d062ca9b9e5c530948d57925ffe
2026-04-02 15:55:09 - getOutlet.php - Authentication berhasil
2026-04-02 15:55:09 - getOutlet.php - Query: SELECT id_out, nama_out, '' AS alamat_out, ofcode_out
            FROM outlet 
            WHERE status_out IN ('Active', '1', 'active')
            AND (nama_out LIKE :key OR ofcode_out LIKE :key)
            ORDER BY nama_out ASC
            LIMIT 20
2026-04-02 15:55:09 - getOutlet.php - Query berhasil, mengembalikan 2 record
2026-04-02 15:55:09 - getOutlet.php - === END REQUEST ===
2026-04-02 08:55:13 - getOutlet.php - === REQUEST GETOUTLET ===
2026-04-02 08:55:13 - getOutlet.php - Method: POST
2026-04-02 08:55:13 - getOutlet.php - POST data: {"tgl":"2026-04-02","encrypt":"7e7f1d062ca9b9e5c530948d57925ffe","id_apl":"APL01","key":"Denpa"}
2026-04-02 15:55:13 - getOutlet.php - Params - tgl: 2026-04-02, encrypt: 7e7f1d062ca9b9e5c530948d57925ffe, id_apl: APL01, key: Denpa
2026-04-02 15:55:13 - getOutlet.php - Aplikasi ditemukan: Ya
2026-04-02 15:55:13 - getOutlet.php - Key aplikasi: YbcJSFjkds...
2026-04-02 15:55:13 - getOutlet.php - Expected encrypt: 7e7f1d062ca9b9e5c530948d57925ffe
2026-04-02 15:55:13 - getOutlet.php - Received encrypt: 7e7f1d062ca9b9e5c530948d57925ffe
2026-04-02 15:55:13 - getOutlet.php - Authentication berhasil
2026-04-02 15:55:13 - getOutlet.php - Query: SELECT id_out, nama_out, '' AS alamat_out, ofcode_out
            FROM outlet 
            WHERE status_out IN ('Active', '1', 'active')
            AND (nama_out LIKE :key OR ofcode_out LIKE :key)
            ORDER BY nama_out ASC
            LIMIT 20
2026-04-02 15:55:13 - getOutlet.php - Query berhasil, mengembalikan 2 record
2026-04-02 15:55:13 - getOutlet.php - === END REQUEST ===
2026-04-02 08:55:13 - getOutlet.php - === REQUEST GETOUTLET ===
2026-04-02 08:55:13 - getOutlet.php - Method: POST
2026-04-02 08:55:13 - getOutlet.php - POST data: {"tgl":"2026-04-02","encrypt":"7e7f1d062ca9b9e5c530948d57925ffe","id_apl":"APL01","key":"Denpas"}
2026-04-02 15:55:13 - getOutlet.php - Params - tgl: 2026-04-02, encrypt: 7e7f1d062ca9b9e5c530948d57925ffe, id_apl: APL01, key: Denpas
2026-04-02 15:55:13 - getOutlet.php - Aplikasi ditemukan: Ya
2026-04-02 15:55:13 - getOutlet.php - Key aplikasi: YbcJSFjkds...
2026-04-02 15:55:13 - getOutlet.php - Expected encrypt: 7e7f1d062ca9b9e5c530948d57925ffe
2026-04-02 15:55:13 - getOutlet.php - Received encrypt: 7e7f1d062ca9b9e5c530948d57925ffe
2026-04-02 15:55:13 - getOutlet.php - Authentication berhasil
2026-04-02 15:55:13 - getOutlet.php - Query: SELECT id_out, nama_out, '' AS alamat_out, ofcode_out
            FROM outlet 
            WHERE status_out IN ('Active', '1', 'active')
            AND (nama_out LIKE :key OR ofcode_out LIKE :key)
            ORDER BY nama_out ASC
            LIMIT 20
2026-04-02 15:55:13 - getOutlet.php - Query berhasil, mengembalikan 2 record
2026-04-02 15:55:13 - getOutlet.php - === END REQUEST ===
2026-04-02 08:55:14 - getOutlet.php - === REQUEST GETOUTLET ===
2026-04-02 08:55:14 - getOutlet.php - Method: POST
2026-04-02 08:55:14 - getOutlet.php - POST data: {"tgl":"2026-04-02","encrypt":"7e7f1d062ca9b9e5c530948d57925ffe","id_apl":"APL01","key":"Denpasa"}
2026-04-02 15:55:14 - getOutlet.php - Params - tgl: 2026-04-02, encrypt: 7e7f1d062ca9b9e5c530948d57925ffe, id_apl: APL01, key: Denpasa
2026-04-02 15:55:14 - getOutlet.php - Aplikasi ditemukan: Ya
2026-04-02 15:55:14 - getOutlet.php - Key aplikasi: YbcJSFjkds...
2026-04-02 15:55:14 - getOutlet.php - Expected encrypt: 7e7f1d062ca9b9e5c530948d57925ffe
2026-04-02 15:55:14 - getOutlet.php - Received encrypt: 7e7f1d062ca9b9e5c530948d57925ffe
2026-04-02 15:55:14 - getOutlet.php - Authentication berhasil
2026-04-02 15:55:14 - getOutlet.php - Query: SELECT id_out, nama_out, '' AS alamat_out, ofcode_out
            FROM outlet 
            WHERE status_out IN ('Active', '1', 'active')
            AND (nama_out LIKE :key OR ofcode_out LIKE :key)
            ORDER BY nama_out ASC
            LIMIT 20
2026-04-02 15:55:14 - getOutlet.php - Query berhasil, mengembalikan 2 record
2026-04-02 15:55:14 - getOutlet.php - === END REQUEST ===
2026-04-02 08:55:14 - getOutlet.php - === REQUEST GETOUTLET ===
2026-04-02 08:55:14 - getOutlet.php - Method: POST
2026-04-02 08:55:14 - getOutlet.php - POST data: {"tgl":"2026-04-02","encrypt":"7e7f1d062ca9b9e5c530948d57925ffe","id_apl":"APL01","key":"Denpasar"}
2026-04-02 15:55:14 - getOutlet.php - Params - tgl: 2026-04-02, encrypt: 7e7f1d062ca9b9e5c530948d57925ffe, id_apl: APL01, key: Denpasar
2026-04-02 15:55:14 - getOutlet.php - Aplikasi ditemukan: Ya
2026-04-02 15:55:14 - getOutlet.php - Key aplikasi: YbcJSFjkds...
2026-04-02 15:55:14 - getOutlet.php - Expected encrypt: 7e7f1d062ca9b9e5c530948d57925ffe
2026-04-02 15:55:14 - getOutlet.php - Received encrypt: 7e7f1d062ca9b9e5c530948d57925ffe
2026-04-02 15:55:14 - getOutlet.php - Authentication berhasil
2026-04-02 15:55:14 - getOutlet.php - Query: SELECT id_out, nama_out, '' AS alamat_out, ofcode_out
            FROM outlet 
            WHERE status_out IN ('Active', '1', 'active')
            AND (nama_out LIKE :key OR ofcode_out LIKE :key)
            ORDER BY nama_out ASC
            LIMIT 20
2026-04-02 15:55:14 - getOutlet.php - Query berhasil, mengembalikan 2 record
2026-04-02 15:55:14 - getOutlet.php - === END REQUEST ===
2026-04-02 08:55:19 - getOutlet.php - === REQUEST GETOUTLET ===
2026-04-02 08:55:19 - getOutlet.php - Method: POST
2026-04-02 08:55:19 - getOutlet.php - POST data: {"tgl":"2026-04-02","encrypt":"7e7f1d062ca9b9e5c530948d57925ffe","id_apl":"APL01","key":"Denpasa"}
2026-04-02 15:55:19 - getOutlet.php - Params - tgl: 2026-04-02, encrypt: 7e7f1d062ca9b9e5c530948d57925ffe, id_apl: APL01, key: Denpasa
2026-04-02 15:55:19 - getOutlet.php - Aplikasi ditemukan: Ya
2026-04-02 15:55:19 - getOutlet.php - Key aplikasi: YbcJSFjkds...
2026-04-02 15:55:19 - getOutlet.php - Expected encrypt: 7e7f1d062ca9b9e5c530948d57925ffe
2026-04-02 15:55:19 - getOutlet.php - Received encrypt: 7e7f1d062ca9b9e5c530948d57925ffe
2026-04-02 15:55:19 - getOutlet.php - Authentication berhasil
2026-04-02 15:55:19 - getOutlet.php - Query: SELECT id_out, nama_out, '' AS alamat_out, ofcode_out
            FROM outlet 
            WHERE status_out IN ('Active', '1', 'active')
            AND (nama_out LIKE :key OR ofcode_out LIKE :key)
            ORDER BY nama_out ASC
            LIMIT 20
2026-04-02 15:55:19 - getOutlet.php - Query berhasil, mengembalikan 2 record
2026-04-02 15:55:19 - getOutlet.php - === END REQUEST ===
2026-04-02 08:55:20 - getOutlet.php - === REQUEST GETOUTLET ===
2026-04-02 08:55:20 - getOutlet.php - Method: POST
2026-04-02 08:55:20 - getOutlet.php - POST data: {"tgl":"2026-04-02","encrypt":"7e7f1d062ca9b9e5c530948d57925ffe","id_apl":"APL01","key":"Denpas"}
2026-04-02 15:55:20 - getOutlet.php - Params - tgl: 2026-04-02, encrypt: 7e7f1d062ca9b9e5c530948d57925ffe, id_apl: APL01, key: Denpas
2026-04-02 15:55:20 - getOutlet.php - Aplikasi ditemukan: Ya
2026-04-02 15:55:20 - getOutlet.php - Key aplikasi: YbcJSFjkds...
2026-04-02 15:55:20 - getOutlet.php - Expected encrypt: 7e7f1d062ca9b9e5c530948d57925ffe
2026-04-02 15:55:20 - getOutlet.php - Received encrypt: 7e7f1d062ca9b9e5c530948d57925ffe
2026-04-02 15:55:20 - getOutlet.php - Authentication berhasil
2026-04-02 15:55:20 - getOutlet.php - Query: SELECT id_out, nama_out, '' AS alamat_out, ofcode_out
            FROM outlet 
            WHERE status_out IN ('Active', '1', 'active')
            AND (nama_out LIKE :key OR ofcode_out LIKE :key)
            ORDER BY nama_out ASC
            LIMIT 20
2026-04-02 15:55:20 - getOutlet.php - Query berhasil, mengembalikan 2 record
2026-04-02 15:55:20 - getOutlet.php - === END REQUEST ===
2026-04-02 08:55:20 - getOutlet.php - === REQUEST GETOUTLET ===
2026-04-02 08:55:20 - getOutlet.php - Method: POST
2026-04-02 08:55:20 - getOutlet.php - POST data: {"tgl":"2026-04-02","encrypt":"7e7f1d062ca9b9e5c530948d57925ffe","id_apl":"APL01","key":"Denp"}
2026-04-02 15:55:20 - getOutlet.php - Params - tgl: 2026-04-02, encrypt: 7e7f1d062ca9b9e5c530948d57925ffe, id_apl: APL01, key: Denp
2026-04-02 08:55:20 - getOutlet.php - === REQUEST GETOUTLET ===
2026-04-02 08:55:20 - getOutlet.php - Method: POST
2026-04-02 08:55:20 - getOutlet.php - POST data: {"tgl":"2026-04-02","encrypt":"7e7f1d062ca9b9e5c530948d57925ffe","id_apl":"APL01","key":"Denpa"}
2026-04-02 15:55:20 - getOutlet.php - Params - tgl: 2026-04-02, encrypt: 7e7f1d062ca9b9e5c530948d57925ffe, id_apl: APL01, key: Denpa
2026-04-02 15:55:20 - getOutlet.php - Aplikasi ditemukan: Ya
2026-04-02 15:55:20 - getOutlet.php - Key aplikasi: YbcJSFjkds...
2026-04-02 15:55:20 - getOutlet.php - Expected encrypt: 7e7f1d062ca9b9e5c530948d57925ffe
2026-04-02 15:55:20 - getOutlet.php - Aplikasi ditemukan: Ya
2026-04-02 15:55:20 - getOutlet.php - Received encrypt: 7e7f1d062ca9b9e5c530948d57925ffe
2026-04-02 15:55:20 - getOutlet.php - Authentication berhasil
2026-04-02 15:55:20 - getOutlet.php - Key aplikasi: YbcJSFjkds...
2026-04-02 15:55:20 - getOutlet.php - Expected encrypt: 7e7f1d062ca9b9e5c530948d57925ffe
2026-04-02 15:55:20 - getOutlet.php - Received encrypt: 7e7f1d062ca9b9e5c530948d57925ffe
2026-04-02 15:55:20 - getOutlet.php - Authentication berhasil
2026-04-02 15:55:20 - getOutlet.php - Query: SELECT id_out, nama_out, '' AS alamat_out, ofcode_out
            FROM outlet 
            WHERE status_out IN ('Active', '1', 'active')
            AND (nama_out LIKE :key OR ofcode_out LIKE :key)
            ORDER BY nama_out ASC
            LIMIT 20
2026-04-02 15:55:20 - getOutlet.php - Query: SELECT id_out, nama_out, '' AS alamat_out, ofcode_out
            FROM outlet 
            WHERE status_out IN ('Active', '1', 'active')
            AND (nama_out LIKE :key OR ofcode_out LIKE :key)
            ORDER BY nama_out ASC
            LIMIT 20
2026-04-02 15:55:20 - getOutlet.php - Query berhasil, mengembalikan 2 record
2026-04-02 15:55:20 - getOutlet.php - === END REQUEST ===
2026-04-02 15:55:20 - getOutlet.php - Query berhasil, mengembalikan 2 record
2026-04-02 15:55:20 - getOutlet.php - === END REQUEST ===
2026-04-02 08:55:20 - getOutlet.php - === REQUEST GETOUTLET ===
2026-04-02 08:55:20 - getOutlet.php - Method: POST
2026-04-02 08:55:20 - getOutlet.php - POST data: {"tgl":"2026-04-02","encrypt":"7e7f1d062ca9b9e5c530948d57925ffe","id_apl":"APL01","key":"Den"}
2026-04-02 15:55:20 - getOutlet.php - Params - tgl: 2026-04-02, encrypt: 7e7f1d062ca9b9e5c530948d57925ffe, id_apl: APL01, key: Den
2026-04-02 15:55:20 - getOutlet.php - Aplikasi ditemukan: Ya
2026-04-02 15:55:20 - getOutlet.php - Key aplikasi: YbcJSFjkds...
2026-04-02 15:55:20 - getOutlet.php - Expected encrypt: 7e7f1d062ca9b9e5c530948d57925ffe
2026-04-02 15:55:20 - getOutlet.php - Received encrypt: 7e7f1d062ca9b9e5c530948d57925ffe
2026-04-02 15:55:20 - getOutlet.php - Authentication berhasil
2026-04-02 15:55:20 - getOutlet.php - Query: SELECT id_out, nama_out, '' AS alamat_out, ofcode_out
            FROM outlet 
            WHERE status_out IN ('Active', '1', 'active')
            AND (nama_out LIKE :key OR ofcode_out LIKE :key)
            ORDER BY nama_out ASC
            LIMIT 20
2026-04-02 15:55:20 - getOutlet.php - Query berhasil, mengembalikan 12 record
2026-04-02 15:55:20 - getOutlet.php - === END REQUEST ===
2026-04-02 08:55:20 - getOutlet.php - === REQUEST GETOUTLET ===
2026-04-02 08:55:20 - getOutlet.php - Method: POST
2026-04-02 08:55:20 - getOutlet.php - POST data: {"tgl":"2026-04-02","encrypt":"7e7f1d062ca9b9e5c530948d57925ffe","id_apl":"APL01","key":"De"}
2026-04-02 15:55:20 - getOutlet.php - Params - tgl: 2026-04-02, encrypt: 7e7f1d062ca9b9e5c530948d57925ffe, id_apl: APL01, key: De
2026-04-02 15:55:20 - getOutlet.php - Aplikasi ditemukan: Ya
2026-04-02 15:55:20 - getOutlet.php - Key aplikasi: YbcJSFjkds...
2026-04-02 15:55:20 - getOutlet.php - Expected encrypt: 7e7f1d062ca9b9e5c530948d57925ffe
2026-04-02 15:55:20 - getOutlet.php - Received encrypt: 7e7f1d062ca9b9e5c530948d57925ffe
2026-04-02 15:55:20 - getOutlet.php - Authentication berhasil
2026-04-02 15:55:20 - getOutlet.php - Query: SELECT id_out, nama_out, '' AS alamat_out, ofcode_out
            FROM outlet 
            WHERE status_out IN ('Active', '1', 'active')
            AND (nama_out LIKE :key OR ofcode_out LIKE :key)
            ORDER BY nama_out ASC
            LIMIT 20
2026-04-02 15:55:20 - getOutlet.php - Query berhasil, mengembalikan 20 record
2026-04-02 15:55:20 - getOutlet.php - === END REQUEST ===
2026-04-02 08:55:24 - getOutlet.php - === REQUEST GETOUTLET ===
2026-04-02 08:55:24 - getOutlet.php - Method: POST
2026-04-02 08:55:24 - getOutlet.php - POST data: {"tgl":"2026-04-02","encrypt":"7e7f1d062ca9b9e5c530948d57925ffe","id_apl":"APL01","key":"BA"}
2026-04-02 15:55:24 - getOutlet.php - Params - tgl: 2026-04-02, encrypt: 7e7f1d062ca9b9e5c530948d57925ffe, id_apl: APL01, key: BA
2026-04-02 15:55:24 - getOutlet.php - Aplikasi ditemukan: Ya
2026-04-02 15:55:24 - getOutlet.php - Key aplikasi: YbcJSFjkds...
2026-04-02 15:55:24 - getOutlet.php - Expected encrypt: 7e7f1d062ca9b9e5c530948d57925ffe
2026-04-02 15:55:24 - getOutlet.php - Received encrypt: 7e7f1d062ca9b9e5c530948d57925ffe
2026-04-02 15:55:24 - getOutlet.php - Authentication berhasil
2026-04-02 15:55:24 - getOutlet.php - Query: SELECT id_out, nama_out, '' AS alamat_out, ofcode_out
            FROM outlet 
            WHERE status_out IN ('Active', '1', 'active')
            AND (nama_out LIKE :key OR ofcode_out LIKE :key)
            ORDER BY nama_out ASC
            LIMIT 20
2026-04-02 15:55:24 - getOutlet.php - Query berhasil, mengembalikan 20 record
2026-04-02 15:55:24 - getOutlet.php - === END REQUEST ===
2026-04-02 08:55:25 - getOutlet.php - === REQUEST GETOUTLET ===
2026-04-02 08:55:25 - getOutlet.php - Method: POST
2026-04-02 08:55:25 - getOutlet.php - POST data: {"tgl":"2026-04-02","encrypt":"7e7f1d062ca9b9e5c530948d57925ffe","id_apl":"APL01","key":"BAK"}
2026-04-02 15:55:25 - getOutlet.php - Params - tgl: 2026-04-02, encrypt: 7e7f1d062ca9b9e5c530948d57925ffe, id_apl: APL01, key: BAK
2026-04-02 15:55:25 - getOutlet.php - Aplikasi ditemukan: Ya
2026-04-02 15:55:25 - getOutlet.php - Key aplikasi: YbcJSFjkds...
2026-04-02 15:55:25 - getOutlet.php - Expected encrypt: 7e7f1d062ca9b9e5c530948d57925ffe
2026-04-02 15:55:25 - getOutlet.php - Received encrypt: 7e7f1d062ca9b9e5c530948d57925ffe
2026-04-02 15:55:25 - getOutlet.php - Authentication berhasil
2026-04-02 15:55:25 - getOutlet.php - Query: SELECT id_out, nama_out, '' AS alamat_out, ofcode_out
            FROM outlet 
            WHERE status_out IN ('Active', '1', 'active')
            AND (nama_out LIKE :key OR ofcode_out LIKE :key)
            ORDER BY nama_out ASC
            LIMIT 20
2026-04-02 15:55:25 - getOutlet.php - Query berhasil, mengembalikan 8 record
2026-04-02 15:55:25 - getOutlet.php - === END REQUEST ===
2026-04-02 08:55:27 - getOutlet.php - === REQUEST GETOUTLET ===
2026-04-02 08:55:27 - getOutlet.php - Method: POST
2026-04-02 08:55:27 - getOutlet.php - POST data: {"tgl":"2026-04-02","encrypt":"7e7f1d062ca9b9e5c530948d57925ffe","id_apl":"APL01","key":"BA"}
2026-04-02 15:55:27 - getOutlet.php - Params - tgl: 2026-04-02, encrypt: 7e7f1d062ca9b9e5c530948d57925ffe, id_apl: APL01, key: BA
2026-04-02 15:55:27 - getOutlet.php - Aplikasi ditemukan: Ya
2026-04-02 15:55:27 - getOutlet.php - Key aplikasi: YbcJSFjkds...
2026-04-02 15:55:27 - getOutlet.php - Expected encrypt: 7e7f1d062ca9b9e5c530948d57925ffe
2026-04-02 15:55:27 - getOutlet.php - Received encrypt: 7e7f1d062ca9b9e5c530948d57925ffe
2026-04-02 15:55:27 - getOutlet.php - Authentication berhasil
2026-04-02 15:55:27 - getOutlet.php - Query: SELECT id_out, nama_out, '' AS alamat_out, ofcode_out
            FROM outlet 
            WHERE status_out IN ('Active', '1', 'active')
            AND (nama_out LIKE :key OR ofcode_out LIKE :key)
            ORDER BY nama_out ASC
            LIMIT 20
2026-04-02 15:55:27 - getOutlet.php - Query berhasil, mengembalikan 20 record
2026-04-02 15:55:27 - getOutlet.php - === END REQUEST ===
2026-04-02 08:55:27 - getOutlet.php - === REQUEST GETOUTLET ===
2026-04-02 08:55:27 - getOutlet.php - Method: POST
2026-04-02 08:55:27 - getOutlet.php - POST data: {"tgl":"2026-04-02","encrypt":"7e7f1d062ca9b9e5c530948d57925ffe","id_apl":"APL01","key":"BAL"}
2026-04-02 15:55:27 - getOutlet.php - Params - tgl: 2026-04-02, encrypt: 7e7f1d062ca9b9e5c530948d57925ffe, id_apl: APL01, key: BAL
2026-04-02 15:55:27 - getOutlet.php - Aplikasi ditemukan: Ya
2026-04-02 15:55:27 - getOutlet.php - Key aplikasi: YbcJSFjkds...
2026-04-02 15:55:27 - getOutlet.php - Expected encrypt: 7e7f1d062ca9b9e5c530948d57925ffe
2026-04-02 15:55:27 - getOutlet.php - Received encrypt: 7e7f1d062ca9b9e5c530948d57925ffe
2026-04-02 15:55:27 - getOutlet.php - Authentication berhasil
2026-04-02 15:55:27 - getOutlet.php - Query: SELECT id_out, nama_out, '' AS alamat_out, ofcode_out
            FROM outlet 
            WHERE status_out IN ('Active', '1', 'active')
            AND (nama_out LIKE :key OR ofcode_out LIKE :key)
            ORDER BY nama_out ASC
            LIMIT 20
2026-04-02 15:55:27 - getOutlet.php - Query berhasil, mengembalikan 20 record
2026-04-02 15:55:27 - getOutlet.php - === END REQUEST ===
2026-04-02 08:55:29 - getOutlet.php - === REQUEST GETOUTLET ===
2026-04-02 08:55:29 - getOutlet.php - Method: POST
2026-04-02 08:55:29 - getOutlet.php - POST data: {"tgl":"2026-04-02","encrypt":"7e7f1d062ca9b9e5c530948d57925ffe","id_apl":"APL01","key":"BALI"}
2026-04-02 15:55:29 - getOutlet.php - Params - tgl: 2026-04-02, encrypt: 7e7f1d062ca9b9e5c530948d57925ffe, id_apl: APL01, key: BALI
2026-04-02 15:55:29 - getOutlet.php - Aplikasi ditemukan: Ya
2026-04-02 15:55:29 - getOutlet.php - Key aplikasi: YbcJSFjkds...
2026-04-02 15:55:29 - getOutlet.php - Expected encrypt: 7e7f1d062ca9b9e5c530948d57925ffe
2026-04-02 15:55:29 - getOutlet.php - Received encrypt: 7e7f1d062ca9b9e5c530948d57925ffe
2026-04-02 15:55:29 - getOutlet.php - Authentication berhasil
2026-04-02 15:55:29 - getOutlet.php - Query: SELECT id_out, nama_out, '' AS alamat_out, ofcode_out
            FROM outlet 
            WHERE status_out IN ('Active', '1', 'active')
            AND (nama_out LIKE :key OR ofcode_out LIKE :key)
            ORDER BY nama_out ASC
            LIMIT 20
2026-04-02 15:55:29 - getOutlet.php - Query berhasil, mengembalikan 14 record
2026-04-02 15:55:29 - getOutlet.php - === END REQUEST ===
2026-04-02 08:55:31 - getOutlet.php - === REQUEST GETOUTLET ===
2026-04-02 08:55:31 - getOutlet.php - Method: POST
2026-04-02 08:55:31 - getOutlet.php - POST data: {"tgl":"2026-04-02","encrypt":"7e7f1d062ca9b9e5c530948d57925ffe","id_apl":"APL01","key":"BAL"}
2026-04-02 15:55:31 - getOutlet.php - Params - tgl: 2026-04-02, encrypt: 7e7f1d062ca9b9e5c530948d57925ffe, id_apl: APL01, key: BAL
2026-04-02 15:55:31 - getOutlet.php - Aplikasi ditemukan: Ya
2026-04-02 15:55:31 - getOutlet.php - Key aplikasi: YbcJSFjkds...
2026-04-02 15:55:31 - getOutlet.php - Expected encrypt: 7e7f1d062ca9b9e5c530948d57925ffe
2026-04-02 15:55:31 - getOutlet.php - Received encrypt: 7e7f1d062ca9b9e5c530948d57925ffe
2026-04-02 15:55:31 - getOutlet.php - Authentication berhasil
2026-04-02 15:55:31 - getOutlet.php - Query: SELECT id_out, nama_out, '' AS alamat_out, ofcode_out
            FROM outlet 
            WHERE status_out IN ('Active', '1', 'active')
            AND (nama_out LIKE :key OR ofcode_out LIKE :key)
            ORDER BY nama_out ASC
            LIMIT 20
2026-04-02 15:55:31 - getOutlet.php - Query berhasil, mengembalikan 20 record
2026-04-02 15:55:31 - getOutlet.php - === END REQUEST ===
2026-04-02 08:55:31 - getOutlet.php - === REQUEST GETOUTLET ===
2026-04-02 08:55:31 - getOutlet.php - Method: POST
2026-04-02 08:55:31 - getOutlet.php - POST data: {"tgl":"2026-04-02","encrypt":"7e7f1d062ca9b9e5c530948d57925ffe","id_apl":"APL01","key":"BA"}
2026-04-02 15:55:31 - getOutlet.php - Params - tgl: 2026-04-02, encrypt: 7e7f1d062ca9b9e5c530948d57925ffe, id_apl: APL01, key: BA
2026-04-02 15:55:31 - getOutlet.php - Aplikasi ditemukan: Ya
2026-04-02 15:55:31 - getOutlet.php - Key aplikasi: YbcJSFjkds...
2026-04-02 15:55:31 - getOutlet.php - Expected encrypt: 7e7f1d062ca9b9e5c530948d57925ffe
2026-04-02 15:55:31 - getOutlet.php - Received encrypt: 7e7f1d062ca9b9e5c530948d57925ffe
2026-04-02 15:55:31 - getOutlet.php - Authentication berhasil
2026-04-02 15:55:31 - getOutlet.php - Query: SELECT id_out, nama_out, '' AS alamat_out, ofcode_out
            FROM outlet 
            WHERE status_out IN ('Active', '1', 'active')
            AND (nama_out LIKE :key OR ofcode_out LIKE :key)
            ORDER BY nama_out ASC
            LIMIT 20
2026-04-02 15:55:31 - getOutlet.php - Query berhasil, mengembalikan 20 record
2026-04-02 15:55:31 - getOutlet.php - === END REQUEST ===
2026-04-02 08:55:38 - getOutlet.php - === REQUEST GETOUTLET ===
2026-04-02 08:55:38 - getOutlet.php - Method: POST
2026-04-02 08:55:38 - getOutlet.php - POST data: {"tgl":"2026-04-02","encrypt":"7e7f1d062ca9b9e5c530948d57925ffe","id_apl":"APL01","key":"kL"}
2026-04-02 15:55:38 - getOutlet.php - Params - tgl: 2026-04-02, encrypt: 7e7f1d062ca9b9e5c530948d57925ffe, id_apl: APL01, key: kL
2026-04-02 15:55:38 - getOutlet.php - Aplikasi ditemukan: Ya
2026-04-02 15:55:38 - getOutlet.php - Key aplikasi: YbcJSFjkds...
2026-04-02 15:55:38 - getOutlet.php - Expected encrypt: 7e7f1d062ca9b9e5c530948d57925ffe
2026-04-02 15:55:38 - getOutlet.php - Received encrypt: 7e7f1d062ca9b9e5c530948d57925ffe
2026-04-02 15:55:38 - getOutlet.php - Authentication berhasil
2026-04-02 15:55:38 - getOutlet.php - Query: SELECT id_out, nama_out, '' AS alamat_out, ofcode_out
            FROM outlet 
            WHERE status_out IN ('Active', '1', 'active')
            AND (nama_out LIKE :key OR ofcode_out LIKE :key)
            ORDER BY nama_out ASC
            LIMIT 20
2026-04-02 15:55:38 - getOutlet.php - Query berhasil, mengembalikan 20 record
2026-04-02 15:55:38 - getOutlet.php - === END REQUEST ===
2026-04-02 08:55:38 - getOutlet.php - === REQUEST GETOUTLET ===
2026-04-02 08:55:38 - getOutlet.php - Method: POST
2026-04-02 08:55:38 - getOutlet.php - POST data: {"tgl":"2026-04-02","encrypt":"7e7f1d062ca9b9e5c530948d57925ffe","id_apl":"APL01","key":"kLI"}
2026-04-02 15:55:38 - getOutlet.php - Params - tgl: 2026-04-02, encrypt: 7e7f1d062ca9b9e5c530948d57925ffe, id_apl: APL01, key: kLI
2026-04-02 15:55:38 - getOutlet.php - Aplikasi ditemukan: Ya
2026-04-02 15:55:38 - getOutlet.php - Key aplikasi: YbcJSFjkds...
2026-04-02 15:55:38 - getOutlet.php - Expected encrypt: 7e7f1d062ca9b9e5c530948d57925ffe
2026-04-02 15:55:38 - getOutlet.php - Received encrypt: 7e7f1d062ca9b9e5c530948d57925ffe
2026-04-02 15:55:38 - getOutlet.php - Authentication berhasil
2026-04-02 15:55:38 - getOutlet.php - Query: SELECT id_out, nama_out, '' AS alamat_out, ofcode_out
            FROM outlet 
            WHERE status_out IN ('Active', '1', 'active')
            AND (nama_out LIKE :key OR ofcode_out LIKE :key)
            ORDER BY nama_out ASC
            LIMIT 20
2026-04-02 15:55:38 - getOutlet.php - Query berhasil, mengembalikan 20 record
2026-04-02 15:55:38 - getOutlet.php - === END REQUEST ===
2026-04-02 08:55:39 - getOutlet.php - === REQUEST GETOUTLET ===
2026-04-02 08:55:39 - getOutlet.php - Method: POST
2026-04-02 08:55:39 - getOutlet.php - POST data: {"tgl":"2026-04-02","encrypt":"7e7f1d062ca9b9e5c530948d57925ffe","id_apl":"APL01","key":"kLIN"}
2026-04-02 15:55:39 - getOutlet.php - Params - tgl: 2026-04-02, encrypt: 7e7f1d062ca9b9e5c530948d57925ffe, id_apl: APL01, key: kLIN
2026-04-02 15:55:39 - getOutlet.php - Aplikasi ditemukan: Ya
2026-04-02 15:55:39 - getOutlet.php - Key aplikasi: YbcJSFjkds...
2026-04-02 15:55:39 - getOutlet.php - Expected encrypt: 7e7f1d062ca9b9e5c530948d57925ffe
2026-04-02 15:55:39 - getOutlet.php - Received encrypt: 7e7f1d062ca9b9e5c530948d57925ffe
2026-04-02 15:55:39 - getOutlet.php - Authentication berhasil
2026-04-02 15:55:39 - getOutlet.php - Query: SELECT id_out, nama_out, '' AS alamat_out, ofcode_out
            FROM outlet 
            WHERE status_out IN ('Active', '1', 'active')
            AND (nama_out LIKE :key OR ofcode_out LIKE :key)
            ORDER BY nama_out ASC
            LIMIT 20
2026-04-02 15:55:39 - getOutlet.php - Query berhasil, mengembalikan 20 record
2026-04-02 15:55:39 - getOutlet.php - === END REQUEST ===
2026-04-02 08:55:39 - getOutlet.php - === REQUEST GETOUTLET ===
2026-04-02 08:55:39 - getOutlet.php - Method: POST
2026-04-02 08:55:39 - getOutlet.php - POST data: {"tgl":"2026-04-02","encrypt":"7e7f1d062ca9b9e5c530948d57925ffe","id_apl":"APL01","key":"kLINI"}
2026-04-02 15:55:39 - getOutlet.php - Params - tgl: 2026-04-02, encrypt: 7e7f1d062ca9b9e5c530948d57925ffe, id_apl: APL01, key: kLINI
2026-04-02 15:55:39 - getOutlet.php - Aplikasi ditemukan: Ya
2026-04-02 15:55:39 - getOutlet.php - Key aplikasi: YbcJSFjkds...
2026-04-02 15:55:39 - getOutlet.php - Expected encrypt: 7e7f1d062ca9b9e5c530948d57925ffe
2026-04-02 15:55:39 - getOutlet.php - Received encrypt: 7e7f1d062ca9b9e5c530948d57925ffe
2026-04-02 15:55:39 - getOutlet.php - Authentication berhasil
2026-04-02 15:55:39 - getOutlet.php - Query: SELECT id_out, nama_out, '' AS alamat_out, ofcode_out
            FROM outlet 
            WHERE status_out IN ('Active', '1', 'active')
            AND (nama_out LIKE :key OR ofcode_out LIKE :key)
            ORDER BY nama_out ASC
            LIMIT 20
2026-04-02 15:55:39 - getOutlet.php - Query berhasil, mengembalikan 20 record
2026-04-02 15:55:39 - getOutlet.php - === END REQUEST ===
2026-04-02 08:55:39 - getOutlet.php - === REQUEST GETOUTLET ===
2026-04-02 08:55:39 - getOutlet.php - Method: POST
2026-04-02 08:55:39 - getOutlet.php - POST data: {"tgl":"2026-04-02","encrypt":"7e7f1d062ca9b9e5c530948d57925ffe","id_apl":"APL01","key":"kLINIK"}
2026-04-02 15:55:39 - getOutlet.php - Params - tgl: 2026-04-02, encrypt: 7e7f1d062ca9b9e5c530948d57925ffe, id_apl: APL01, key: kLINIK
2026-04-02 15:55:39 - getOutlet.php - Aplikasi ditemukan: Ya
2026-04-02 15:55:39 - getOutlet.php - Key aplikasi: YbcJSFjkds...
2026-04-02 15:55:39 - getOutlet.php - Expected encrypt: 7e7f1d062ca9b9e5c530948d57925ffe
2026-04-02 15:55:39 - getOutlet.php - Received encrypt: 7e7f1d062ca9b9e5c530948d57925ffe
2026-04-02 15:55:39 - getOutlet.php - Authentication berhasil
2026-04-02 15:55:39 - getOutlet.php - Query: SELECT id_out, nama_out, '' AS alamat_out, ofcode_out
            FROM outlet 
            WHERE status_out IN ('Active', '1', 'active')
            AND (nama_out LIKE :key OR ofcode_out LIKE :key)
            ORDER BY nama_out ASC
            LIMIT 20
2026-04-02 15:55:39 - getOutlet.php - Query berhasil, mengembalikan 20 record
2026-04-02 15:55:39 - getOutlet.php - === END REQUEST ===
2026-04-02 08:55:40 - getOutlet.php - === REQUEST GETOUTLET ===
2026-04-02 08:55:40 - getOutlet.php - Method: POST
2026-04-02 08:55:40 - getOutlet.php - POST data: {"tgl":"2026-04-02","encrypt":"7e7f1d062ca9b9e5c530948d57925ffe","id_apl":"APL01","key":"kLINI"}
2026-04-02 15:55:40 - getOutlet.php - Params - tgl: 2026-04-02, encrypt: 7e7f1d062ca9b9e5c530948d57925ffe, id_apl: APL01, key: kLINI
2026-04-02 15:55:40 - getOutlet.php - Aplikasi ditemukan: Ya
2026-04-02 15:55:40 - getOutlet.php - Key aplikasi: YbcJSFjkds...
2026-04-02 15:55:40 - getOutlet.php - Expected encrypt: 7e7f1d062ca9b9e5c530948d57925ffe
2026-04-02 15:55:40 - getOutlet.php - Received encrypt: 7e7f1d062ca9b9e5c530948d57925ffe
2026-04-02 15:55:40 - getOutlet.php - Authentication berhasil
2026-04-02 15:55:40 - getOutlet.php - Query: SELECT id_out, nama_out, '' AS alamat_out, ofcode_out
            FROM outlet 
            WHERE status_out IN ('Active', '1', 'active')
            AND (nama_out LIKE :key OR ofcode_out LIKE :key)
            ORDER BY nama_out ASC
            LIMIT 20
2026-04-02 15:55:40 - getOutlet.php - Query berhasil, mengembalikan 20 record
2026-04-02 15:55:40 - getOutlet.php - === END REQUEST ===
2026-04-02 08:55:41 - getOutlet.php - === REQUEST GETOUTLET ===
2026-04-02 08:55:41 - getOutlet.php - Method: POST
2026-04-02 08:55:41 - getOutlet.php - POST data: {"tgl":"2026-04-02","encrypt":"7e7f1d062ca9b9e5c530948d57925ffe","id_apl":"APL01","key":"kLIN"}
2026-04-02 15:55:41 - getOutlet.php - Params - tgl: 2026-04-02, encrypt: 7e7f1d062ca9b9e5c530948d57925ffe, id_apl: APL01, key: kLIN
2026-04-02 15:55:41 - getOutlet.php - Aplikasi ditemukan: Ya
2026-04-02 15:55:41 - getOutlet.php - Key aplikasi: YbcJSFjkds...
2026-04-02 15:55:41 - getOutlet.php - Expected encrypt: 7e7f1d062ca9b9e5c530948d57925ffe
2026-04-02 15:55:41 - getOutlet.php - Received encrypt: 7e7f1d062ca9b9e5c530948d57925ffe
2026-04-02 15:55:41 - getOutlet.php - Authentication berhasil
2026-04-02 15:55:41 - getOutlet.php - Query: SELECT id_out, nama_out, '' AS alamat_out, ofcode_out
            FROM outlet 
            WHERE status_out IN ('Active', '1', 'active')
            AND (nama_out LIKE :key OR ofcode_out LIKE :key)
            ORDER BY nama_out ASC
            LIMIT 20
2026-04-02 15:55:41 - getOutlet.php - Query berhasil, mengembalikan 20 record
2026-04-02 15:55:41 - getOutlet.php - === END REQUEST ===
2026-04-02 08:55:41 - getOutlet.php - === REQUEST GETOUTLET ===
2026-04-02 08:55:41 - getOutlet.php - Method: POST
2026-04-02 08:55:41 - getOutlet.php - POST data: {"tgl":"2026-04-02","encrypt":"7e7f1d062ca9b9e5c530948d57925ffe","id_apl":"APL01","key":"kLI"}
2026-04-02 15:55:41 - getOutlet.php - Params - tgl: 2026-04-02, encrypt: 7e7f1d062ca9b9e5c530948d57925ffe, id_apl: APL01, key: kLI
2026-04-02 15:55:41 - getOutlet.php - Aplikasi ditemukan: Ya
2026-04-02 15:55:41 - getOutlet.php - Key aplikasi: YbcJSFjkds...
2026-04-02 15:55:41 - getOutlet.php - Expected encrypt: 7e7f1d062ca9b9e5c530948d57925ffe
2026-04-02 15:55:41 - getOutlet.php - Received encrypt: 7e7f1d062ca9b9e5c530948d57925ffe
2026-04-02 15:55:41 - getOutlet.php - Authentication berhasil
2026-04-02 15:55:41 - getOutlet.php - Query: SELECT id_out, nama_out, '' AS alamat_out, ofcode_out
            FROM outlet 
            WHERE status_out IN ('Active', '1', 'active')
            AND (nama_out LIKE :key OR ofcode_out LIKE :key)
            ORDER BY nama_out ASC
            LIMIT 20
2026-04-02 15:55:41 - getOutlet.php - Query berhasil, mengembalikan 20 record
2026-04-02 15:55:41 - getOutlet.php - === END REQUEST ===
2026-04-02 08:55:41 - getOutlet.php - === REQUEST GETOUTLET ===
2026-04-02 08:55:41 - getOutlet.php - Method: POST
2026-04-02 08:55:41 - getOutlet.php - POST data: {"tgl":"2026-04-02","encrypt":"7e7f1d062ca9b9e5c530948d57925ffe","id_apl":"APL01","key":"kL"}
2026-04-02 15:55:41 - getOutlet.php - Params - tgl: 2026-04-02, encrypt: 7e7f1d062ca9b9e5c530948d57925ffe, id_apl: APL01, key: kL
2026-04-02 15:55:41 - getOutlet.php - Aplikasi ditemukan: Ya
2026-04-02 15:55:41 - getOutlet.php - Key aplikasi: YbcJSFjkds...
2026-04-02 15:55:41 - getOutlet.php - Expected encrypt: 7e7f1d062ca9b9e5c530948d57925ffe
2026-04-02 15:55:41 - getOutlet.php - Received encrypt: 7e7f1d062ca9b9e5c530948d57925ffe
2026-04-02 15:55:41 - getOutlet.php - Authentication berhasil
2026-04-02 15:55:41 - getOutlet.php - Query: SELECT id_out, nama_out, '' AS alamat_out, ofcode_out
            FROM outlet 
            WHERE status_out IN ('Active', '1', 'active')
            AND (nama_out LIKE :key OR ofcode_out LIKE :key)
            ORDER BY nama_out ASC
            LIMIT 20
2026-04-02 15:55:41 - getOutlet.php - Query berhasil, mengembalikan 20 record
2026-04-02 15:55:41 - getOutlet.php - === END REQUEST ===
2026-04-02 08:55:46 - getOutlet.php - === REQUEST GETOUTLET ===
2026-04-02 08:55:46 - getOutlet.php - Method: POST
2026-04-02 08:55:46 - getOutlet.php - POST data: {"tgl":"2026-04-02","encrypt":"7e7f1d062ca9b9e5c530948d57925ffe","id_apl":"APL01","key":"Kl"}
2026-04-02 15:55:46 - getOutlet.php - Params - tgl: 2026-04-02, encrypt: 7e7f1d062ca9b9e5c530948d57925ffe, id_apl: APL01, key: Kl
2026-04-02 15:55:46 - getOutlet.php - Aplikasi ditemukan: Ya
2026-04-02 15:55:46 - getOutlet.php - Key aplikasi: YbcJSFjkds...
2026-04-02 15:55:46 - getOutlet.php - Expected encrypt: 7e7f1d062ca9b9e5c530948d57925ffe
2026-04-02 15:55:46 - getOutlet.php - Received encrypt: 7e7f1d062ca9b9e5c530948d57925ffe
2026-04-02 15:55:46 - getOutlet.php - Authentication berhasil
2026-04-02 15:55:46 - getOutlet.php - Query: SELECT id_out, nama_out, '' AS alamat_out, ofcode_out
            FROM outlet 
            WHERE status_out IN ('Active', '1', 'active')
            AND (nama_out LIKE :key OR ofcode_out LIKE :key)
            ORDER BY nama_out ASC
            LIMIT 20
2026-04-02 15:55:46 - getOutlet.php - Query berhasil, mengembalikan 20 record
2026-04-02 15:55:46 - getOutlet.php - === END REQUEST ===
2026-04-02 08:55:46 - getOutlet.php - === REQUEST GETOUTLET ===
2026-04-02 08:55:46 - getOutlet.php - Method: POST
2026-04-02 08:55:46 - getOutlet.php - POST data: {"tgl":"2026-04-02","encrypt":"7e7f1d062ca9b9e5c530948d57925ffe","id_apl":"APL01","key":"Kli"}
2026-04-02 15:55:46 - getOutlet.php - Params - tgl: 2026-04-02, encrypt: 7e7f1d062ca9b9e5c530948d57925ffe, id_apl: APL01, key: Kli
2026-04-02 15:55:46 - getOutlet.php - Aplikasi ditemukan: Ya
2026-04-02 15:55:46 - getOutlet.php - Key aplikasi: YbcJSFjkds...
2026-04-02 15:55:46 - getOutlet.php - Expected encrypt: 7e7f1d062ca9b9e5c530948d57925ffe
2026-04-02 15:55:46 - getOutlet.php - Received encrypt: 7e7f1d062ca9b9e5c530948d57925ffe
2026-04-02 15:55:46 - getOutlet.php - Authentication berhasil
2026-04-02 15:55:46 - getOutlet.php - Query: SELECT id_out, nama_out, '' AS alamat_out, ofcode_out
            FROM outlet 
            WHERE status_out IN ('Active', '1', 'active')
            AND (nama_out LIKE :key OR ofcode_out LIKE :key)
            ORDER BY nama_out ASC
            LIMIT 20
2026-04-02 15:55:46 - getOutlet.php - Query berhasil, mengembalikan 20 record
2026-04-02 15:55:46 - getOutlet.php - === END REQUEST ===
2026-04-02 08:55:46 - getOutlet.php - === REQUEST GETOUTLET ===
2026-04-02 08:55:46 - getOutlet.php - Method: POST
2026-04-02 08:55:46 - getOutlet.php - POST data: {"tgl":"2026-04-02","encrypt":"7e7f1d062ca9b9e5c530948d57925ffe","id_apl":"APL01","key":"Klin"}
2026-04-02 15:55:46 - getOutlet.php - Params - tgl: 2026-04-02, encrypt: 7e7f1d062ca9b9e5c530948d57925ffe, id_apl: APL01, key: Klin
2026-04-02 15:55:46 - getOutlet.php - Aplikasi ditemukan: Ya
2026-04-02 15:55:46 - getOutlet.php - Key aplikasi: YbcJSFjkds...
2026-04-02 15:55:46 - getOutlet.php - Expected encrypt: 7e7f1d062ca9b9e5c530948d57925ffe
2026-04-02 15:55:46 - getOutlet.php - Received encrypt: 7e7f1d062ca9b9e5c530948d57925ffe
2026-04-02 15:55:46 - getOutlet.php - Authentication berhasil
2026-04-02 15:55:46 - getOutlet.php - Query: SELECT id_out, nama_out, '' AS alamat_out, ofcode_out
            FROM outlet 
            WHERE status_out IN ('Active', '1', 'active')
            AND (nama_out LIKE :key OR ofcode_out LIKE :key)
            ORDER BY nama_out ASC
            LIMIT 20
2026-04-02 15:55:46 - getOutlet.php - Query berhasil, mengembalikan 20 record
2026-04-02 15:55:46 - getOutlet.php - === END REQUEST ===
2026-04-02 08:55:46 - getOutlet.php - === REQUEST GETOUTLET ===
2026-04-02 08:55:46 - getOutlet.php - Method: POST
2026-04-02 08:55:46 - getOutlet.php - POST data: {"tgl":"2026-04-02","encrypt":"7e7f1d062ca9b9e5c530948d57925ffe","id_apl":"APL01","key":"Klini"}
2026-04-02 15:55:46 - getOutlet.php - Params - tgl: 2026-04-02, encrypt: 7e7f1d062ca9b9e5c530948d57925ffe, id_apl: APL01, key: Klini
2026-04-02 15:55:46 - getOutlet.php - Aplikasi ditemukan: Ya
2026-04-02 15:55:46 - getOutlet.php - Key aplikasi: YbcJSFjkds...
2026-04-02 15:55:46 - getOutlet.php - Expected encrypt: 7e7f1d062ca9b9e5c530948d57925ffe
2026-04-02 15:55:46 - getOutlet.php - Received encrypt: 7e7f1d062ca9b9e5c530948d57925ffe
2026-04-02 15:55:46 - getOutlet.php - Authentication berhasil
2026-04-02 15:55:46 - getOutlet.php - Query: SELECT id_out, nama_out, '' AS alamat_out, ofcode_out
            FROM outlet 
            WHERE status_out IN ('Active', '1', 'active')
            AND (nama_out LIKE :key OR ofcode_out LIKE :key)
            ORDER BY nama_out ASC
            LIMIT 20
2026-04-02 15:55:46 - getOutlet.php - Query berhasil, mengembalikan 20 record
2026-04-02 15:55:46 - getOutlet.php - === END REQUEST ===
2026-04-02 08:55:47 - getOutlet.php - === REQUEST GETOUTLET ===
2026-04-02 08:55:47 - getOutlet.php - Method: POST
2026-04-02 08:55:47 - getOutlet.php - POST data: {"tgl":"2026-04-02","encrypt":"7e7f1d062ca9b9e5c530948d57925ffe","id_apl":"APL01","key":"Klinik"}
2026-04-02 15:55:47 - getOutlet.php - Params - tgl: 2026-04-02, encrypt: 7e7f1d062ca9b9e5c530948d57925ffe, id_apl: APL01, key: Klinik
2026-04-02 15:55:47 - getOutlet.php - Aplikasi ditemukan: Ya
2026-04-02 15:55:47 - getOutlet.php - Key aplikasi: YbcJSFjkds...
2026-04-02 15:55:47 - getOutlet.php - Expected encrypt: 7e7f1d062ca9b9e5c530948d57925ffe
2026-04-02 15:55:47 - getOutlet.php - Received encrypt: 7e7f1d062ca9b9e5c530948d57925ffe
2026-04-02 15:55:47 - getOutlet.php - Authentication berhasil
2026-04-02 15:55:47 - getOutlet.php - Query: SELECT id_out, nama_out, '' AS alamat_out, ofcode_out
            FROM outlet 
            WHERE status_out IN ('Active', '1', 'active')
            AND (nama_out LIKE :key OR ofcode_out LIKE :key)
            ORDER BY nama_out ASC
            LIMIT 20
2026-04-02 15:55:47 - getOutlet.php - Query berhasil, mengembalikan 20 record
2026-04-02 15:55:47 - getOutlet.php - === END REQUEST ===
2026-04-02 08:55:47 - getOutlet.php - === REQUEST GETOUTLET ===
2026-04-02 08:55:47 - getOutlet.php - Method: POST
2026-04-02 08:55:47 - getOutlet.php - POST data: {"tgl":"2026-04-02","encrypt":"7e7f1d062ca9b9e5c530948d57925ffe","id_apl":"APL01","key":"Klinik"}
2026-04-02 15:55:47 - getOutlet.php - Params - tgl: 2026-04-02, encrypt: 7e7f1d062ca9b9e5c530948d57925ffe, id_apl: APL01, key: Klinik
2026-04-02 15:55:47 - getOutlet.php - Aplikasi ditemukan: Ya
2026-04-02 15:55:47 - getOutlet.php - Key aplikasi: YbcJSFjkds...
2026-04-02 15:55:47 - getOutlet.php - Expected encrypt: 7e7f1d062ca9b9e5c530948d57925ffe
2026-04-02 15:55:47 - getOutlet.php - Received encrypt: 7e7f1d062ca9b9e5c530948d57925ffe
2026-04-02 15:55:47 - getOutlet.php - Authentication berhasil
2026-04-02 15:55:47 - getOutlet.php - Query: SELECT id_out, nama_out, '' AS alamat_out, ofcode_out
            FROM outlet 
            WHERE status_out IN ('Active', '1', 'active')
            AND (nama_out LIKE :key OR ofcode_out LIKE :key)
            ORDER BY nama_out ASC
            LIMIT 20
2026-04-02 15:55:47 - getOutlet.php - Query berhasil, mengembalikan 20 record
2026-04-02 15:55:47 - getOutlet.php - === END REQUEST ===
2026-04-02 08:55:48 - getOutlet.php - === REQUEST GETOUTLET ===
2026-04-02 08:55:48 - getOutlet.php - Method: POST
2026-04-02 08:55:48 - getOutlet.php - POST data: {"tgl":"2026-04-02","encrypt":"7e7f1d062ca9b9e5c530948d57925ffe","id_apl":"APL01","key":"Klinik M"}
2026-04-02 15:55:48 - getOutlet.php - Params - tgl: 2026-04-02, encrypt: 7e7f1d062ca9b9e5c530948d57925ffe, id_apl: APL01, key: Klinik M
2026-04-02 15:55:48 - getOutlet.php - Aplikasi ditemukan: Ya
2026-04-02 15:55:48 - getOutlet.php - Key aplikasi: YbcJSFjkds...
2026-04-02 15:55:48 - getOutlet.php - Expected encrypt: 7e7f1d062ca9b9e5c530948d57925ffe
2026-04-02 15:55:48 - getOutlet.php - Received encrypt: 7e7f1d062ca9b9e5c530948d57925ffe
2026-04-02 15:55:48 - getOutlet.php - Authentication berhasil
2026-04-02 15:55:48 - getOutlet.php - Query: SELECT id_out, nama_out, '' AS alamat_out, ofcode_out
            FROM outlet 
            WHERE status_out IN ('Active', '1', 'active')
            AND (nama_out LIKE :key OR ofcode_out LIKE :key)
            ORDER BY nama_out ASC
            LIMIT 20
2026-04-02 15:55:48 - getOutlet.php - Query berhasil, mengembalikan 18 record
2026-04-02 15:55:48 - getOutlet.php - === END REQUEST ===
2026-04-02 08:55:48 - getOutlet.php - === REQUEST GETOUTLET ===
2026-04-02 08:55:48 - getOutlet.php - Method: POST
2026-04-02 08:55:48 - getOutlet.php - POST data: {"tgl":"2026-04-02","encrypt":"7e7f1d062ca9b9e5c530948d57925ffe","id_apl":"APL01","key":"Klinik MA"}
2026-04-02 15:55:48 - getOutlet.php - Params - tgl: 2026-04-02, encrypt: 7e7f1d062ca9b9e5c530948d57925ffe, id_apl: APL01, key: Klinik MA
2026-04-02 15:55:48 - getOutlet.php - Aplikasi ditemukan: Ya
2026-04-02 15:55:48 - getOutlet.php - Key aplikasi: YbcJSFjkds...
2026-04-02 15:55:48 - getOutlet.php - Expected encrypt: 7e7f1d062ca9b9e5c530948d57925ffe
2026-04-02 15:55:48 - getOutlet.php - Received encrypt: 7e7f1d062ca9b9e5c530948d57925ffe
2026-04-02 15:55:48 - getOutlet.php - Authentication berhasil
2026-04-02 15:55:48 - getOutlet.php - Query: SELECT id_out, nama_out, '' AS alamat_out, ofcode_out
            FROM outlet 
            WHERE status_out IN ('Active', '1', 'active')
            AND (nama_out LIKE :key OR ofcode_out LIKE :key)
            ORDER BY nama_out ASC
            LIMIT 20
2026-04-02 15:55:48 - getOutlet.php - Query berhasil, mengembalikan 17 record
2026-04-02 15:55:48 - getOutlet.php - === END REQUEST ===
2026-04-02 08:55:49 - getOutlet.php - === REQUEST GETOUTLET ===
2026-04-02 08:55:49 - getOutlet.php - Method: POST
2026-04-02 08:55:49 - getOutlet.php - POST data: {"tgl":"2026-04-02","encrypt":"7e7f1d062ca9b9e5c530948d57925ffe","id_apl":"APL01","key":"Klinik M"}
2026-04-02 15:55:49 - getOutlet.php - Params - tgl: 2026-04-02, encrypt: 7e7f1d062ca9b9e5c530948d57925ffe, id_apl: APL01, key: Klinik M
2026-04-02 15:55:49 - getOutlet.php - Aplikasi ditemukan: Ya
2026-04-02 15:55:49 - getOutlet.php - Key aplikasi: YbcJSFjkds...
2026-04-02 15:55:49 - getOutlet.php - Expected encrypt: 7e7f1d062ca9b9e5c530948d57925ffe
2026-04-02 15:55:49 - getOutlet.php - Received encrypt: 7e7f1d062ca9b9e5c530948d57925ffe
2026-04-02 15:55:49 - getOutlet.php - Authentication berhasil
2026-04-02 15:55:49 - getOutlet.php - Query: SELECT id_out, nama_out, '' AS alamat_out, ofcode_out
            FROM outlet 
            WHERE status_out IN ('Active', '1', 'active')
            AND (nama_out LIKE :key OR ofcode_out LIKE :key)
            ORDER BY nama_out ASC
            LIMIT 20
2026-04-02 15:55:49 - getOutlet.php - Query berhasil, mengembalikan 18 record
2026-04-02 15:55:49 - getOutlet.php - === END REQUEST ===
2026-04-02 08:55:50 - getOutlet.php - === REQUEST GETOUTLET ===
2026-04-02 08:55:50 - getOutlet.php - Method: POST
2026-04-02 08:55:50 - getOutlet.php - POST data: {"tgl":"2026-04-02","encrypt":"7e7f1d062ca9b9e5c530948d57925ffe","id_apl":"APL01","key":"Klinik Ma"}
2026-04-02 15:55:50 - getOutlet.php - Params - tgl: 2026-04-02, encrypt: 7e7f1d062ca9b9e5c530948d57925ffe, id_apl: APL01, key: Klinik Ma
2026-04-02 15:55:50 - getOutlet.php - Aplikasi ditemukan: Ya
2026-04-02 15:55:50 - getOutlet.php - Key aplikasi: YbcJSFjkds...
2026-04-02 15:55:50 - getOutlet.php - Expected encrypt: 7e7f1d062ca9b9e5c530948d57925ffe
2026-04-02 15:55:50 - getOutlet.php - Received encrypt: 7e7f1d062ca9b9e5c530948d57925ffe
2026-04-02 15:55:50 - getOutlet.php - Authentication berhasil
2026-04-02 15:55:50 - getOutlet.php - Query: SELECT id_out, nama_out, '' AS alamat_out, ofcode_out
            FROM outlet 
            WHERE status_out IN ('Active', '1', 'active')
            AND (nama_out LIKE :key OR ofcode_out LIKE :key)
            ORDER BY nama_out ASC
            LIMIT 20
2026-04-02 15:55:50 - getOutlet.php - Query berhasil, mengembalikan 17 record
2026-04-02 15:55:50 - getOutlet.php - === END REQUEST ===
2026-04-02 08:55:50 - getOutlet.php - === REQUEST GETOUTLET ===
2026-04-02 08:55:50 - getOutlet.php - Method: POST
2026-04-02 08:55:50 - getOutlet.php - POST data: {"tgl":"2026-04-02","encrypt":"7e7f1d062ca9b9e5c530948d57925ffe","id_apl":"APL01","key":"Klinik Mat"}
2026-04-02 15:55:50 - getOutlet.php - Params - tgl: 2026-04-02, encrypt: 7e7f1d062ca9b9e5c530948d57925ffe, id_apl: APL01, key: Klinik Mat
2026-04-02 15:55:50 - getOutlet.php - Aplikasi ditemukan: Ya
2026-04-02 15:55:50 - getOutlet.php - Key aplikasi: YbcJSFjkds...
2026-04-02 15:55:50 - getOutlet.php - Expected encrypt: 7e7f1d062ca9b9e5c530948d57925ffe
2026-04-02 15:55:50 - getOutlet.php - Received encrypt: 7e7f1d062ca9b9e5c530948d57925ffe
2026-04-02 15:55:50 - getOutlet.php - Authentication berhasil
2026-04-02 15:55:50 - getOutlet.php - Query: SELECT id_out, nama_out, '' AS alamat_out, ofcode_out
            FROM outlet 
            WHERE status_out IN ('Active', '1', 'active')
            AND (nama_out LIKE :key OR ofcode_out LIKE :key)
            ORDER BY nama_out ASC
            LIMIT 20
2026-04-02 15:55:50 - getOutlet.php - Query berhasil, mengembalikan 17 record
2026-04-02 15:55:50 - getOutlet.php - === END REQUEST ===
2026-04-02 08:55:50 - getOutlet.php - === REQUEST GETOUTLET ===
2026-04-02 08:55:50 - getOutlet.php - Method: POST
2026-04-02 08:55:50 - getOutlet.php - POST data: {"tgl":"2026-04-02","encrypt":"7e7f1d062ca9b9e5c530948d57925ffe","id_apl":"APL01","key":"Klinik Mata"}
2026-04-02 15:55:50 - getOutlet.php - Params - tgl: 2026-04-02, encrypt: 7e7f1d062ca9b9e5c530948d57925ffe, id_apl: APL01, key: Klinik Mata
2026-04-02 15:55:50 - getOutlet.php - Aplikasi ditemukan: Ya
2026-04-02 15:55:50 - getOutlet.php - Key aplikasi: YbcJSFjkds...
2026-04-02 15:55:50 - getOutlet.php - Expected encrypt: 7e7f1d062ca9b9e5c530948d57925ffe
2026-04-02 15:55:50 - getOutlet.php - Received encrypt: 7e7f1d062ca9b9e5c530948d57925ffe
2026-04-02 15:55:50 - getOutlet.php - Authentication berhasil
2026-04-02 15:55:50 - getOutlet.php - Query: SELECT id_out, nama_out, '' AS alamat_out, ofcode_out
            FROM outlet 
            WHERE status_out IN ('Active', '1', 'active')
            AND (nama_out LIKE :key OR ofcode_out LIKE :key)
            ORDER BY nama_out ASC
            LIMIT 20
2026-04-02 15:55:50 - getOutlet.php - Query berhasil, mengembalikan 17 record
2026-04-02 15:55:50 - getOutlet.php - === END REQUEST ===
2026-04-02 08:55:51 - getOutlet.php - === REQUEST GETOUTLET ===
2026-04-02 08:55:51 - getOutlet.php - Method: POST
2026-04-02 08:55:51 - getOutlet.php - POST data: {"tgl":"2026-04-02","encrypt":"7e7f1d062ca9b9e5c530948d57925ffe","id_apl":"APL01","key":"Klinik Mata"}
2026-04-02 15:55:51 - getOutlet.php - Params - tgl: 2026-04-02, encrypt: 7e7f1d062ca9b9e5c530948d57925ffe, id_apl: APL01, key: Klinik Mata
2026-04-02 15:55:51 - getOutlet.php - Aplikasi ditemukan: Ya
2026-04-02 15:55:51 - getOutlet.php - Key aplikasi: YbcJSFjkds...
2026-04-02 15:55:51 - getOutlet.php - Expected encrypt: 7e7f1d062ca9b9e5c530948d57925ffe
2026-04-02 15:55:51 - getOutlet.php - Received encrypt: 7e7f1d062ca9b9e5c530948d57925ffe
2026-04-02 15:55:51 - getOutlet.php - Authentication berhasil
2026-04-02 15:55:51 - getOutlet.php - Query: SELECT id_out, nama_out, '' AS alamat_out, ofcode_out
            FROM outlet 
            WHERE status_out IN ('Active', '1', 'active')
            AND (nama_out LIKE :key OR ofcode_out LIKE :key)
            ORDER BY nama_out ASC
            LIMIT 20
2026-04-02 15:55:51 - getOutlet.php - Query berhasil, mengembalikan 17 record
2026-04-02 15:55:51 - getOutlet.php - === END REQUEST ===
2026-04-02 08:55:54 - getOutlet.php - === REQUEST GETOUTLET ===
2026-04-02 08:55:54 - getOutlet.php - Method: POST
2026-04-02 08:55:54 - getOutlet.php - POST data: {"tgl":"2026-04-02","encrypt":"7e7f1d062ca9b9e5c530948d57925ffe","id_apl":"APL01","key":"Klinik Mata O"}
2026-04-02 15:55:54 - getOutlet.php - Params - tgl: 2026-04-02, encrypt: 7e7f1d062ca9b9e5c530948d57925ffe, id_apl: APL01, key: Klinik Mata O
2026-04-02 15:55:54 - getOutlet.php - Aplikasi ditemukan: Ya
2026-04-02 15:55:54 - getOutlet.php - Key aplikasi: YbcJSFjkds...
2026-04-02 15:55:54 - getOutlet.php - Expected encrypt: 7e7f1d062ca9b9e5c530948d57925ffe
2026-04-02 15:55:54 - getOutlet.php - Received encrypt: 7e7f1d062ca9b9e5c530948d57925ffe
2026-04-02 15:55:54 - getOutlet.php - Authentication berhasil
2026-04-02 15:55:54 - getOutlet.php - Query: SELECT id_out, nama_out, '' AS alamat_out, ofcode_out
            FROM outlet 
            WHERE status_out IN ('Active', '1', 'active')
            AND (nama_out LIKE :key OR ofcode_out LIKE :key)
            ORDER BY nama_out ASC
            LIMIT 20
2026-04-02 15:55:54 - getOutlet.php - Query berhasil, mengembalikan 1 record
2026-04-02 15:55:54 - getOutlet.php - === END REQUEST ===
2026-04-02 08:55:55 - getOutlet.php - === REQUEST GETOUTLET ===
2026-04-02 08:55:55 - getOutlet.php - Method: POST
2026-04-02 08:55:55 - getOutlet.php - POST data: {"tgl":"2026-04-02","encrypt":"7e7f1d062ca9b9e5c530948d57925ffe","id_apl":"APL01","key":"Klinik Mata Or"}
2026-04-02 15:55:55 - getOutlet.php - Params - tgl: 2026-04-02, encrypt: 7e7f1d062ca9b9e5c530948d57925ffe, id_apl: APL01, key: Klinik Mata Or
2026-04-02 15:55:55 - getOutlet.php - Aplikasi ditemukan: Ya
2026-04-02 15:55:55 - getOutlet.php - Key aplikasi: YbcJSFjkds...
2026-04-02 15:55:55 - getOutlet.php - Expected encrypt: 7e7f1d062ca9b9e5c530948d57925ffe
2026-04-02 15:55:55 - getOutlet.php - Received encrypt: 7e7f1d062ca9b9e5c530948d57925ffe
2026-04-02 15:55:55 - getOutlet.php - Authentication berhasil
2026-04-02 15:55:55 - getOutlet.php - Query: SELECT id_out, nama_out, '' AS alamat_out, ofcode_out
            FROM outlet 
            WHERE status_out IN ('Active', '1', 'active')
            AND (nama_out LIKE :key OR ofcode_out LIKE :key)
            ORDER BY nama_out ASC
            LIMIT 20
2026-04-02 15:55:55 - getOutlet.php - Query berhasil, mengembalikan 1 record
2026-04-02 15:55:55 - getOutlet.php - === END REQUEST ===
2026-04-02 08:55:57 - getOutlet.php - === REQUEST GETOUTLET ===
2026-04-02 08:55:57 - getOutlet.php - Method: POST
2026-04-02 08:55:57 - getOutlet.php - POST data: {"tgl":"2026-04-02","encrypt":"7e7f1d062ca9b9e5c530948d57925ffe","id_apl":"APL01","key":"Klinik Mata Orbita"}
2026-04-02 15:55:57 - getOutlet.php - Params - tgl: 2026-04-02, encrypt: 7e7f1d062ca9b9e5c530948d57925ffe, id_apl: APL01, key: Klinik Mata Orbita
2026-04-02 15:55:57 - getOutlet.php - Aplikasi ditemukan: Ya
2026-04-02 15:55:57 - getOutlet.php - Key aplikasi: YbcJSFjkds...
2026-04-02 15:55:57 - getOutlet.php - Expected encrypt: 7e7f1d062ca9b9e5c530948d57925ffe
2026-04-02 15:55:57 - getOutlet.php - Received encrypt: 7e7f1d062ca9b9e5c530948d57925ffe
2026-04-02 15:55:57 - getOutlet.php - Authentication berhasil
2026-04-02 15:55:57 - getOutlet.php - Query: SELECT id_out, nama_out, '' AS alamat_out, ofcode_out
            FROM outlet 
            WHERE status_out IN ('Active', '1', 'active')
            AND (nama_out LIKE :key OR ofcode_out LIKE :key)
            ORDER BY nama_out ASC
            LIMIT 20
2026-04-02 15:55:57 - getOutlet.php - Query berhasil, mengembalikan 1 record
2026-04-02 15:55:57 - getOutlet.php - === END REQUEST ===
2026-04-02 08:56:34 - getOutlet.php - === REQUEST GETOUTLET ===
2026-04-02 08:56:34 - getOutlet.php - Method: POST
2026-04-02 08:56:34 - getOutlet.php - POST data: {"tgl":"2026-04-02","encrypt":"7e7f1d062ca9b9e5c530948d57925ffe","id_apl":"APL01","key":"Rs"}
2026-04-02 15:56:34 - getOutlet.php - Params - tgl: 2026-04-02, encrypt: 7e7f1d062ca9b9e5c530948d57925ffe, id_apl: APL01, key: Rs
2026-04-02 15:56:34 - getOutlet.php - Aplikasi ditemukan: Ya
2026-04-02 15:56:34 - getOutlet.php - Key aplikasi: YbcJSFjkds...
2026-04-02 15:56:34 - getOutlet.php - Expected encrypt: 7e7f1d062ca9b9e5c530948d57925ffe
2026-04-02 15:56:34 - getOutlet.php - Received encrypt: 7e7f1d062ca9b9e5c530948d57925ffe
2026-04-02 15:56:34 - getOutlet.php - Authentication berhasil
2026-04-02 15:56:34 - getOutlet.php - Query: SELECT id_out, nama_out, '' AS alamat_out, ofcode_out
            FROM outlet 
            WHERE status_out IN ('Active', '1', 'active')
            AND (nama_out LIKE :key OR ofcode_out LIKE :key)
            ORDER BY nama_out ASC
            LIMIT 20
2026-04-02 15:56:34 - getOutlet.php - Query berhasil, mengembalikan 20 record
2026-04-02 15:56:34 - getOutlet.php - === END REQUEST ===
2026-04-02 08:56:34 - getOutlet.php - === REQUEST GETOUTLET ===
2026-04-02 08:56:34 - getOutlet.php - Method: POST
2026-04-02 08:56:34 - getOutlet.php - POST data: {"tgl":"2026-04-02","encrypt":"7e7f1d062ca9b9e5c530948d57925ffe","id_apl":"APL01","key":"Rs"}
2026-04-02 15:56:34 - getOutlet.php - Params - tgl: 2026-04-02, encrypt: 7e7f1d062ca9b9e5c530948d57925ffe, id_apl: APL01, key: Rs
2026-04-02 15:56:34 - getOutlet.php - Aplikasi ditemukan: Ya
2026-04-02 15:56:34 - getOutlet.php - Key aplikasi: YbcJSFjkds...
2026-04-02 15:56:34 - getOutlet.php - Expected encrypt: 7e7f1d062ca9b9e5c530948d57925ffe
2026-04-02 15:56:34 - getOutlet.php - Received encrypt: 7e7f1d062ca9b9e5c530948d57925ffe
2026-04-02 15:56:34 - getOutlet.php - Authentication berhasil
2026-04-02 15:56:34 - getOutlet.php - Query: SELECT id_out, nama_out, '' AS alamat_out, ofcode_out
            FROM outlet 
            WHERE status_out IN ('Active', '1', 'active')
            AND (nama_out LIKE :key OR ofcode_out LIKE :key)
            ORDER BY nama_out ASC
            LIMIT 20
2026-04-02 08:56:34 - getOutlet.php - === REQUEST GETOUTLET ===
2026-04-02 08:56:34 - getOutlet.php - Method: POST
2026-04-02 08:56:34 - getOutlet.php - POST data: {"tgl":"2026-04-02","encrypt":"7e7f1d062ca9b9e5c530948d57925ffe","id_apl":"APL01","key":"Rs"}
2026-04-02 15:56:34 - getOutlet.php - Params - tgl: 2026-04-02, encrypt: 7e7f1d062ca9b9e5c530948d57925ffe, id_apl: APL01, key: Rs
2026-04-02 15:56:34 - getOutlet.php - Query berhasil, mengembalikan 20 record
2026-04-02 15:56:34 - getOutlet.php - === END REQUEST ===
2026-04-02 15:56:34 - getOutlet.php - Aplikasi ditemukan: Ya
2026-04-02 15:56:34 - getOutlet.php - Key aplikasi: YbcJSFjkds...
2026-04-02 15:56:34 - getOutlet.php - Expected encrypt: 7e7f1d062ca9b9e5c530948d57925ffe
2026-04-02 15:56:34 - getOutlet.php - Received encrypt: 7e7f1d062ca9b9e5c530948d57925ffe
2026-04-02 15:56:34 - getOutlet.php - Authentication berhasil
2026-04-02 15:56:34 - getOutlet.php - Query: SELECT id_out, nama_out, '' AS alamat_out, ofcode_out
            FROM outlet 
            WHERE status_out IN ('Active', '1', 'active')
            AND (nama_out LIKE :key OR ofcode_out LIKE :key)
            ORDER BY nama_out ASC
            LIMIT 20
2026-04-02 15:56:34 - getOutlet.php - Query berhasil, mengembalikan 20 record
2026-04-02 15:56:34 - getOutlet.php - === END REQUEST ===
2026-04-02 08:56:35 - getOutlet.php - === REQUEST GETOUTLET ===
2026-04-02 08:56:35 - getOutlet.php - Method: POST
2026-04-02 08:56:35 - getOutlet.php - POST data: {"tgl":"2026-04-02","encrypt":"7e7f1d062ca9b9e5c530948d57925ffe","id_apl":"APL01","key":"Rs s"}
2026-04-02 15:56:35 - getOutlet.php - Params - tgl: 2026-04-02, encrypt: 7e7f1d062ca9b9e5c530948d57925ffe, id_apl: APL01, key: Rs s
2026-04-02 15:56:35 - getOutlet.php - Aplikasi ditemukan: Ya
2026-04-02 15:56:35 - getOutlet.php - Key aplikasi: YbcJSFjkds...
2026-04-02 15:56:35 - getOutlet.php - Expected encrypt: 7e7f1d062ca9b9e5c530948d57925ffe
2026-04-02 15:56:35 - getOutlet.php - Received encrypt: 7e7f1d062ca9b9e5c530948d57925ffe
2026-04-02 15:56:35 - getOutlet.php - Authentication berhasil
2026-04-02 15:56:35 - getOutlet.php - Query: SELECT id_out, nama_out, '' AS alamat_out, ofcode_out
            FROM outlet 
            WHERE status_out IN ('Active', '1', 'active')
            AND (nama_out LIKE :key OR ofcode_out LIKE :key)
            ORDER BY nama_out ASC
            LIMIT 20
2026-04-02 15:56:35 - getOutlet.php - Query berhasil, mengembalikan 20 record
2026-04-02 15:56:35 - getOutlet.php - === END REQUEST ===
2026-04-02 08:56:35 - getOutlet.php - === REQUEST GETOUTLET ===
2026-04-02 08:56:35 - getOutlet.php - Method: POST
2026-04-02 08:56:35 - getOutlet.php - POST data: {"tgl":"2026-04-02","encrypt":"7e7f1d062ca9b9e5c530948d57925ffe","id_apl":"APL01","key":"Rs si"}
2026-04-02 15:56:35 - getOutlet.php - Params - tgl: 2026-04-02, encrypt: 7e7f1d062ca9b9e5c530948d57925ffe, id_apl: APL01, key: Rs si
2026-04-02 15:56:35 - getOutlet.php - Aplikasi ditemukan: Ya
2026-04-02 15:56:35 - getOutlet.php - Key aplikasi: YbcJSFjkds...
2026-04-02 15:56:35 - getOutlet.php - Expected encrypt: 7e7f1d062ca9b9e5c530948d57925ffe
2026-04-02 15:56:35 - getOutlet.php - Received encrypt: 7e7f1d062ca9b9e5c530948d57925ffe
2026-04-02 15:56:35 - getOutlet.php - Authentication berhasil
2026-04-02 15:56:35 - getOutlet.php - Query: SELECT id_out, nama_out, '' AS alamat_out, ofcode_out
            FROM outlet 
            WHERE status_out IN ('Active', '1', 'active')
            AND (nama_out LIKE :key OR ofcode_out LIKE :key)
            ORDER BY nama_out ASC
            LIMIT 20
2026-04-02 15:56:35 - getOutlet.php - Query berhasil, mengembalikan 14 record
2026-04-02 15:56:35 - getOutlet.php - === END REQUEST ===
2026-04-02 08:56:35 - getOutlet.php - === REQUEST GETOUTLET ===
2026-04-02 08:56:35 - getOutlet.php - Method: POST
2026-04-02 08:56:35 - getOutlet.php - POST data: {"tgl":"2026-04-02","encrypt":"7e7f1d062ca9b9e5c530948d57925ffe","id_apl":"APL01","key":"Rs sil"}
2026-04-02 15:56:35 - getOutlet.php - Params - tgl: 2026-04-02, encrypt: 7e7f1d062ca9b9e5c530948d57925ffe, id_apl: APL01, key: Rs sil
2026-04-02 15:56:35 - getOutlet.php - Aplikasi ditemukan: Ya
2026-04-02 15:56:35 - getOutlet.php - Key aplikasi: YbcJSFjkds...
2026-04-02 15:56:35 - getOutlet.php - Expected encrypt: 7e7f1d062ca9b9e5c530948d57925ffe
2026-04-02 15:56:35 - getOutlet.php - Received encrypt: 7e7f1d062ca9b9e5c530948d57925ffe
2026-04-02 15:56:35 - getOutlet.php - Authentication berhasil
2026-04-02 15:56:35 - getOutlet.php - Query: SELECT id_out, nama_out, '' AS alamat_out, ofcode_out
            FROM outlet 
            WHERE status_out IN ('Active', '1', 'active')
            AND (nama_out LIKE :key OR ofcode_out LIKE :key)
            ORDER BY nama_out ASC
            LIMIT 20
2026-04-02 15:56:35 - getOutlet.php - Query berhasil, mengembalikan 14 record
2026-04-02 15:56:35 - getOutlet.php - === END REQUEST ===
2026-04-02 08:56:35 - getOutlet.php - === REQUEST GETOUTLET ===
2026-04-02 08:56:35 - getOutlet.php - Method: POST
2026-04-02 08:56:35 - getOutlet.php - POST data: {"tgl":"2026-04-02","encrypt":"7e7f1d062ca9b9e5c530948d57925ffe","id_apl":"APL01","key":"Rs silo"}
2026-04-02 15:56:35 - getOutlet.php - Params - tgl: 2026-04-02, encrypt: 7e7f1d062ca9b9e5c530948d57925ffe, id_apl: APL01, key: Rs silo
2026-04-02 15:56:35 - getOutlet.php - Aplikasi ditemukan: Ya
2026-04-02 15:56:35 - getOutlet.php - Key aplikasi: YbcJSFjkds...
2026-04-02 15:56:35 - getOutlet.php - Expected encrypt: 7e7f1d062ca9b9e5c530948d57925ffe
2026-04-02 15:56:35 - getOutlet.php - Received encrypt: 7e7f1d062ca9b9e5c530948d57925ffe
2026-04-02 15:56:35 - getOutlet.php - Authentication berhasil
2026-04-02 15:56:35 - getOutlet.php - Query: SELECT id_out, nama_out, '' AS alamat_out, ofcode_out
            FROM outlet 
            WHERE status_out IN ('Active', '1', 'active')
            AND (nama_out LIKE :key OR ofcode_out LIKE :key)
            ORDER BY nama_out ASC
            LIMIT 20
2026-04-02 15:56:35 - getOutlet.php - Query berhasil, mengembalikan 14 record
2026-04-02 15:56:35 - getOutlet.php - === END REQUEST ===
2026-04-02 08:56:35 - getOutlet.php - === REQUEST GETOUTLET ===
2026-04-02 08:56:35 - getOutlet.php - Method: POST
2026-04-02 08:56:35 - getOutlet.php - POST data: {"tgl":"2026-04-02","encrypt":"7e7f1d062ca9b9e5c530948d57925ffe","id_apl":"APL01","key":"Rs siloa"}
2026-04-02 15:56:35 - getOutlet.php - Params - tgl: 2026-04-02, encrypt: 7e7f1d062ca9b9e5c530948d57925ffe, id_apl: APL01, key: Rs siloa
2026-04-02 08:56:35 - getOutlet.php - === REQUEST GETOUTLET ===
2026-04-02 08:56:35 - getOutlet.php - Method: POST
2026-04-02 08:56:35 - getOutlet.php - POST data: {"tgl":"2026-04-02","encrypt":"7e7f1d062ca9b9e5c530948d57925ffe","id_apl":"APL01","key":"Rs siloam"}
2026-04-02 15:56:35 - getOutlet.php - Params - tgl: 2026-04-02, encrypt: 7e7f1d062ca9b9e5c530948d57925ffe, id_apl: APL01, key: Rs siloam
2026-04-02 15:56:35 - getOutlet.php - Aplikasi ditemukan: Ya
2026-04-02 15:56:35 - getOutlet.php - Aplikasi ditemukan: Ya
2026-04-02 15:56:35 - getOutlet.php - Key aplikasi: YbcJSFjkds...
2026-04-02 15:56:35 - getOutlet.php - Key aplikasi: YbcJSFjkds...
2026-04-02 15:56:35 - getOutlet.php - Expected encrypt: 7e7f1d062ca9b9e5c530948d57925ffe
2026-04-02 15:56:35 - getOutlet.php - Expected encrypt: 7e7f1d062ca9b9e5c530948d57925ffe
2026-04-02 15:56:35 - getOutlet.php - Received encrypt: 7e7f1d062ca9b9e5c530948d57925ffe
2026-04-02 15:56:35 - getOutlet.php - Received encrypt: 7e7f1d062ca9b9e5c530948d57925ffe
2026-04-02 15:56:35 - getOutlet.php - Authentication berhasil
2026-04-02 15:56:35 - getOutlet.php - Authentication berhasil
2026-04-02 15:56:35 - getOutlet.php - Query: SELECT id_out, nama_out, '' AS alamat_out, ofcode_out
            FROM outlet 
            WHERE status_out IN ('Active', '1', 'active')
            AND (nama_out LIKE :key OR ofcode_out LIKE :key)
            ORDER BY nama_out ASC
            LIMIT 20
2026-04-02 15:56:35 - getOutlet.php - Query: SELECT id_out, nama_out, '' AS alamat_out, ofcode_out
            FROM outlet 
            WHERE status_out IN ('Active', '1', 'active')
            AND (nama_out LIKE :key OR ofcode_out LIKE :key)
            ORDER BY nama_out ASC
            LIMIT 20
2026-04-02 15:56:35 - getOutlet.php - Query berhasil, mengembalikan 14 record
2026-04-02 15:56:35 - getOutlet.php - Query berhasil, mengembalikan 14 record
2026-04-02 15:56:35 - getOutlet.php - === END REQUEST ===
2026-04-02 15:56:35 - getOutlet.php - === END REQUEST ===
2026-04-02 08:56:37 - getOutlet.php - === REQUEST GETOUTLET ===
2026-04-02 08:56:37 - getOutlet.php - Method: POST
2026-04-02 08:56:37 - getOutlet.php - POST data: {"tgl":"2026-04-02","encrypt":"7e7f1d062ca9b9e5c530948d57925ffe","id_apl":"APL01","key":"RS SILOAM AGORA"}
2026-04-02 15:56:37 - getOutlet.php - Params - tgl: 2026-04-02, encrypt: 7e7f1d062ca9b9e5c530948d57925ffe, id_apl: APL01, key: RS SILOAM AGORA
2026-04-02 15:56:37 - getOutlet.php - Aplikasi ditemukan: Ya
2026-04-02 15:56:37 - getOutlet.php - Key aplikasi: YbcJSFjkds...
2026-04-02 15:56:37 - getOutlet.php - Expected encrypt: 7e7f1d062ca9b9e5c530948d57925ffe
2026-04-02 15:56:37 - getOutlet.php - Received encrypt: 7e7f1d062ca9b9e5c530948d57925ffe
2026-04-02 15:56:37 - getOutlet.php - Authentication berhasil
2026-04-02 15:56:37 - getOutlet.php - Query: SELECT id_out, nama_out, '' AS alamat_out, ofcode_out
            FROM outlet 
            WHERE status_out IN ('Active', '1', 'active')
            AND (nama_out LIKE :key OR ofcode_out LIKE :key)
            ORDER BY nama_out ASC
            LIMIT 20
2026-04-02 15:56:37 - getOutlet.php - Query berhasil, mengembalikan 1 record
2026-04-02 15:56:37 - getOutlet.php - === END REQUEST ===
2026-04-02 08:57:10 - getOutlet.php - === REQUEST GETOUTLET ===
2026-04-02 08:57:10 - getOutlet.php - Method: POST
2026-04-02 08:57:10 - getOutlet.php - POST data: {"tgl":"2026-04-02","encrypt":"7e7f1d062ca9b9e5c530948d57925ffe","id_apl":"APL01","key":"Kl"}
2026-04-02 15:57:10 - getOutlet.php - Params - tgl: 2026-04-02, encrypt: 7e7f1d062ca9b9e5c530948d57925ffe, id_apl: APL01, key: Kl
2026-04-02 15:57:10 - getOutlet.php - Aplikasi ditemukan: Ya
2026-04-02 15:57:10 - getOutlet.php - Key aplikasi: YbcJSFjkds...
2026-04-02 15:57:10 - getOutlet.php - Expected encrypt: 7e7f1d062ca9b9e5c530948d57925ffe
2026-04-02 15:57:10 - getOutlet.php - Received encrypt: 7e7f1d062ca9b9e5c530948d57925ffe
2026-04-02 15:57:10 - getOutlet.php - Authentication berhasil
2026-04-02 15:57:10 - getOutlet.php - Query: SELECT id_out, nama_out, '' AS alamat_out, ofcode_out
            FROM outlet 
            WHERE status_out IN ('Active', '1', 'active')
            AND (nama_out LIKE :key OR ofcode_out LIKE :key)
            ORDER BY nama_out ASC
            LIMIT 20
2026-04-02 15:57:10 - getOutlet.php - Query berhasil, mengembalikan 20 record
2026-04-02 15:57:10 - getOutlet.php - === END REQUEST ===
2026-04-02 08:57:11 - getOutlet.php - === REQUEST GETOUTLET ===
2026-04-02 08:57:11 - getOutlet.php - Method: POST
2026-04-02 08:57:11 - getOutlet.php - POST data: {"tgl":"2026-04-02","encrypt":"7e7f1d062ca9b9e5c530948d57925ffe","id_apl":"APL01","key":"Kli"}
2026-04-02 15:57:11 - getOutlet.php - Params - tgl: 2026-04-02, encrypt: 7e7f1d062ca9b9e5c530948d57925ffe, id_apl: APL01, key: Kli
2026-04-02 15:57:11 - getOutlet.php - Aplikasi ditemukan: Ya
2026-04-02 15:57:11 - getOutlet.php - Key aplikasi: YbcJSFjkds...
2026-04-02 15:57:11 - getOutlet.php - Expected encrypt: 7e7f1d062ca9b9e5c530948d57925ffe
2026-04-02 15:57:11 - getOutlet.php - Received encrypt: 7e7f1d062ca9b9e5c530948d57925ffe
2026-04-02 15:57:11 - getOutlet.php - Authentication berhasil
2026-04-02 15:57:11 - getOutlet.php - Query: SELECT id_out, nama_out, '' AS alamat_out, ofcode_out
            FROM outlet 
            WHERE status_out IN ('Active', '1', 'active')
            AND (nama_out LIKE :key OR ofcode_out LIKE :key)
            ORDER BY nama_out ASC
            LIMIT 20
2026-04-02 15:57:11 - getOutlet.php - Query berhasil, mengembalikan 20 record
2026-04-02 15:57:11 - getOutlet.php - === END REQUEST ===
2026-04-02 08:57:11 - getOutlet.php - === REQUEST GETOUTLET ===
2026-04-02 08:57:11 - getOutlet.php - Method: POST
2026-04-02 08:57:11 - getOutlet.php - POST data: {"tgl":"2026-04-02","encrypt":"7e7f1d062ca9b9e5c530948d57925ffe","id_apl":"APL01","key":"Klin"}
2026-04-02 15:57:11 - getOutlet.php - Params - tgl: 2026-04-02, encrypt: 7e7f1d062ca9b9e5c530948d57925ffe, id_apl: APL01, key: Klin
2026-04-02 15:57:11 - getOutlet.php - Aplikasi ditemukan: Ya
2026-04-02 15:57:11 - getOutlet.php - Key aplikasi: YbcJSFjkds...
2026-04-02 15:57:11 - getOutlet.php - Expected encrypt: 7e7f1d062ca9b9e5c530948d57925ffe
2026-04-02 15:57:11 - getOutlet.php - Received encrypt: 7e7f1d062ca9b9e5c530948d57925ffe
2026-04-02 15:57:11 - getOutlet.php - Authentication berhasil
2026-04-02 15:57:11 - getOutlet.php - Query: SELECT id_out, nama_out, '' AS alamat_out, ofcode_out
            FROM outlet 
            WHERE status_out IN ('Active', '1', 'active')
            AND (nama_out LIKE :key OR ofcode_out LIKE :key)
            ORDER BY nama_out ASC
            LIMIT 20
2026-04-02 15:57:11 - getOutlet.php - Query berhasil, mengembalikan 20 record
2026-04-02 15:57:11 - getOutlet.php - === END REQUEST ===
2026-04-02 08:57:11 - getOutlet.php - === REQUEST GETOUTLET ===
2026-04-02 08:57:11 - getOutlet.php - Method: POST
2026-04-02 08:57:11 - getOutlet.php - POST data: {"tgl":"2026-04-02","encrypt":"7e7f1d062ca9b9e5c530948d57925ffe","id_apl":"APL01","key":"Klini"}
2026-04-02 15:57:11 - getOutlet.php - Params - tgl: 2026-04-02, encrypt: 7e7f1d062ca9b9e5c530948d57925ffe, id_apl: APL01, key: Klini
2026-04-02 15:57:12 - getOutlet.php - Aplikasi ditemukan: Ya
2026-04-02 15:57:12 - getOutlet.php - Key aplikasi: YbcJSFjkds...
2026-04-02 15:57:12 - getOutlet.php - Expected encrypt: 7e7f1d062ca9b9e5c530948d57925ffe
2026-04-02 15:57:12 - getOutlet.php - Received encrypt: 7e7f1d062ca9b9e5c530948d57925ffe
2026-04-02 15:57:12 - getOutlet.php - Authentication berhasil
2026-04-02 15:57:12 - getOutlet.php - Query: SELECT id_out, nama_out, '' AS alamat_out, ofcode_out
            FROM outlet 
            WHERE status_out IN ('Active', '1', 'active')
            AND (nama_out LIKE :key OR ofcode_out LIKE :key)
            ORDER BY nama_out ASC
            LIMIT 20
2026-04-02 15:57:12 - getOutlet.php - Query berhasil, mengembalikan 20 record
2026-04-02 15:57:12 - getOutlet.php - === END REQUEST ===
2026-04-02 08:57:12 - getOutlet.php - === REQUEST GETOUTLET ===
2026-04-02 08:57:12 - getOutlet.php - Method: POST
2026-04-02 08:57:12 - getOutlet.php - POST data: {"tgl":"2026-04-02","encrypt":"7e7f1d062ca9b9e5c530948d57925ffe","id_apl":"APL01","key":"Klinik"}
2026-04-02 15:57:12 - getOutlet.php - Params - tgl: 2026-04-02, encrypt: 7e7f1d062ca9b9e5c530948d57925ffe, id_apl: APL01, key: Klinik
2026-04-02 15:57:12 - getOutlet.php - Aplikasi ditemukan: Ya
2026-04-02 15:57:12 - getOutlet.php - Key aplikasi: YbcJSFjkds...
2026-04-02 15:57:12 - getOutlet.php - Expected encrypt: 7e7f1d062ca9b9e5c530948d57925ffe
2026-04-02 15:57:12 - getOutlet.php - Received encrypt: 7e7f1d062ca9b9e5c530948d57925ffe
2026-04-02 15:57:12 - getOutlet.php - Authentication berhasil
2026-04-02 15:57:12 - getOutlet.php - Query: SELECT id_out, nama_out, '' AS alamat_out, ofcode_out
            FROM outlet 
            WHERE status_out IN ('Active', '1', 'active')
            AND (nama_out LIKE :key OR ofcode_out LIKE :key)
            ORDER BY nama_out ASC
            LIMIT 20
2026-04-02 15:57:12 - getOutlet.php - Query berhasil, mengembalikan 20 record
2026-04-02 15:57:12 - getOutlet.php - === END REQUEST ===
2026-04-02 08:57:12 - getOutlet.php - === REQUEST GETOUTLET ===
2026-04-02 08:57:12 - getOutlet.php - Method: POST
2026-04-02 08:57:12 - getOutlet.php - POST data: {"tgl":"2026-04-02","encrypt":"7e7f1d062ca9b9e5c530948d57925ffe","id_apl":"APL01","key":"Klinik"}
2026-04-02 15:57:12 - getOutlet.php - Params - tgl: 2026-04-02, encrypt: 7e7f1d062ca9b9e5c530948d57925ffe, id_apl: APL01, key: Klinik
2026-04-02 15:57:12 - getOutlet.php - Aplikasi ditemukan: Ya
2026-04-02 15:57:12 - getOutlet.php - Key aplikasi: YbcJSFjkds...
2026-04-02 15:57:12 - getOutlet.php - Expected encrypt: 7e7f1d062ca9b9e5c530948d57925ffe
2026-04-02 15:57:12 - getOutlet.php - Received encrypt: 7e7f1d062ca9b9e5c530948d57925ffe
2026-04-02 15:57:12 - getOutlet.php - Authentication berhasil
2026-04-02 15:57:12 - getOutlet.php - Query: SELECT id_out, nama_out, '' AS alamat_out, ofcode_out
            FROM outlet 
            WHERE status_out IN ('Active', '1', 'active')
            AND (nama_out LIKE :key OR ofcode_out LIKE :key)
            ORDER BY nama_out ASC
            LIMIT 20
2026-04-02 15:57:12 - getOutlet.php - Query berhasil, mengembalikan 20 record
2026-04-02 15:57:12 - getOutlet.php - === END REQUEST ===
2026-04-02 08:57:13 - getOutlet.php - === REQUEST GETOUTLET ===
2026-04-02 08:57:13 - getOutlet.php - Method: POST
2026-04-02 08:57:13 - getOutlet.php - POST data: {"tgl":"2026-04-02","encrypt":"7e7f1d062ca9b9e5c530948d57925ffe","id_apl":"APL01","key":"Klinik M"}
2026-04-02 15:57:13 - getOutlet.php - Params - tgl: 2026-04-02, encrypt: 7e7f1d062ca9b9e5c530948d57925ffe, id_apl: APL01, key: Klinik M
2026-04-02 15:57:13 - getOutlet.php - Aplikasi ditemukan: Ya
2026-04-02 15:57:13 - getOutlet.php - Key aplikasi: YbcJSFjkds...
2026-04-02 15:57:13 - getOutlet.php - Expected encrypt: 7e7f1d062ca9b9e5c530948d57925ffe
2026-04-02 15:57:13 - getOutlet.php - Received encrypt: 7e7f1d062ca9b9e5c530948d57925ffe
2026-04-02 15:57:13 - getOutlet.php - Authentication berhasil
2026-04-02 15:57:13 - getOutlet.php - Query: SELECT id_out, nama_out, '' AS alamat_out, ofcode_out
            FROM outlet 
            WHERE status_out IN ('Active', '1', 'active')
            AND (nama_out LIKE :key OR ofcode_out LIKE :key)
            ORDER BY nama_out ASC
            LIMIT 20
2026-04-02 15:57:13 - getOutlet.php - Query berhasil, mengembalikan 18 record
2026-04-02 15:57:13 - getOutlet.php - === END REQUEST ===
2026-04-02 08:57:14 - getOutlet.php - === REQUEST GETOUTLET ===
2026-04-02 08:57:14 - getOutlet.php - Method: POST
2026-04-02 08:57:14 - getOutlet.php - POST data: {"tgl":"2026-04-02","encrypt":"7e7f1d062ca9b9e5c530948d57925ffe","id_apl":"APL01","key":"Klinik Ma"}
2026-04-02 15:57:14 - getOutlet.php - Params - tgl: 2026-04-02, encrypt: 7e7f1d062ca9b9e5c530948d57925ffe, id_apl: APL01, key: Klinik Ma
2026-04-02 15:57:14 - getOutlet.php - Aplikasi ditemukan: Ya
2026-04-02 15:57:14 - getOutlet.php - Key aplikasi: YbcJSFjkds...
2026-04-02 15:57:14 - getOutlet.php - Expected encrypt: 7e7f1d062ca9b9e5c530948d57925ffe
2026-04-02 15:57:14 - getOutlet.php - Received encrypt: 7e7f1d062ca9b9e5c530948d57925ffe
2026-04-02 15:57:14 - getOutlet.php - Authentication berhasil
2026-04-02 15:57:14 - getOutlet.php - Query: SELECT id_out, nama_out, '' AS alamat_out, ofcode_out
            FROM outlet 
            WHERE status_out IN ('Active', '1', 'active')
            AND (nama_out LIKE :key OR ofcode_out LIKE :key)
            ORDER BY nama_out ASC
            LIMIT 20
2026-04-02 15:57:14 - getOutlet.php - Query berhasil, mengembalikan 17 record
2026-04-02 15:57:14 - getOutlet.php - === END REQUEST ===
2026-04-02 08:57:14 - getOutlet.php - === REQUEST GETOUTLET ===
2026-04-02 08:57:14 - getOutlet.php - Method: POST
2026-04-02 08:57:14 - getOutlet.php - POST data: {"tgl":"2026-04-02","encrypt":"7e7f1d062ca9b9e5c530948d57925ffe","id_apl":"APL01","key":"Klinik Mat"}
2026-04-02 15:57:14 - getOutlet.php - Params - tgl: 2026-04-02, encrypt: 7e7f1d062ca9b9e5c530948d57925ffe, id_apl: APL01, key: Klinik Mat
2026-04-02 15:57:14 - getOutlet.php - Aplikasi ditemukan: Ya
2026-04-02 15:57:14 - getOutlet.php - Key aplikasi: YbcJSFjkds...
2026-04-02 15:57:14 - getOutlet.php - Expected encrypt: 7e7f1d062ca9b9e5c530948d57925ffe
2026-04-02 15:57:14 - getOutlet.php - Received encrypt: 7e7f1d062ca9b9e5c530948d57925ffe
2026-04-02 15:57:14 - getOutlet.php - Authentication berhasil
2026-04-02 15:57:14 - getOutlet.php - Query: SELECT id_out, nama_out, '' AS alamat_out, ofcode_out
            FROM outlet 
            WHERE status_out IN ('Active', '1', 'active')
            AND (nama_out LIKE :key OR ofcode_out LIKE :key)
            ORDER BY nama_out ASC
            LIMIT 20
2026-04-02 15:57:14 - getOutlet.php - Query berhasil, mengembalikan 17 record
2026-04-02 15:57:14 - getOutlet.php - === END REQUEST ===
2026-04-02 08:57:14 - getOutlet.php - === REQUEST GETOUTLET ===
2026-04-02 08:57:14 - getOutlet.php - Method: POST
2026-04-02 08:57:14 - getOutlet.php - POST data: {"tgl":"2026-04-02","encrypt":"7e7f1d062ca9b9e5c530948d57925ffe","id_apl":"APL01","key":"Klinik Mata"}
2026-04-02 15:57:14 - getOutlet.php - Params - tgl: 2026-04-02, encrypt: 7e7f1d062ca9b9e5c530948d57925ffe, id_apl: APL01, key: Klinik Mata
2026-04-02 15:57:14 - getOutlet.php - Aplikasi ditemukan: Ya
2026-04-02 15:57:14 - getOutlet.php - Key aplikasi: YbcJSFjkds...
2026-04-02 15:57:14 - getOutlet.php - Expected encrypt: 7e7f1d062ca9b9e5c530948d57925ffe
2026-04-02 15:57:14 - getOutlet.php - Received encrypt: 7e7f1d062ca9b9e5c530948d57925ffe
2026-04-02 15:57:14 - getOutlet.php - Authentication berhasil
2026-04-02 15:57:14 - getOutlet.php - Query: SELECT id_out, nama_out, '' AS alamat_out, ofcode_out
            FROM outlet 
            WHERE status_out IN ('Active', '1', 'active')
            AND (nama_out LIKE :key OR ofcode_out LIKE :key)
            ORDER BY nama_out ASC
            LIMIT 20
2026-04-02 15:57:14 - getOutlet.php - Query berhasil, mengembalikan 17 record
2026-04-02 15:57:14 - getOutlet.php - === END REQUEST ===
2026-04-02 08:57:15 - getOutlet.php - === REQUEST GETOUTLET ===
2026-04-02 08:57:15 - getOutlet.php - Method: POST
2026-04-02 08:57:15 - getOutlet.php - POST data: {"tgl":"2026-04-02","encrypt":"7e7f1d062ca9b9e5c530948d57925ffe","id_apl":"APL01","key":"Klinik Mata"}
2026-04-02 15:57:15 - getOutlet.php - Params - tgl: 2026-04-02, encrypt: 7e7f1d062ca9b9e5c530948d57925ffe, id_apl: APL01, key: Klinik Mata
2026-04-02 15:57:15 - getOutlet.php - Aplikasi ditemukan: Ya
2026-04-02 15:57:15 - getOutlet.php - Key aplikasi: YbcJSFjkds...
2026-04-02 15:57:15 - getOutlet.php - Expected encrypt: 7e7f1d062ca9b9e5c530948d57925ffe
2026-04-02 15:57:15 - getOutlet.php - Received encrypt: 7e7f1d062ca9b9e5c530948d57925ffe
2026-04-02 15:57:15 - getOutlet.php - Authentication berhasil
2026-04-02 15:57:15 - getOutlet.php - Query: SELECT id_out, nama_out, '' AS alamat_out, ofcode_out
            FROM outlet 
            WHERE status_out IN ('Active', '1', 'active')
            AND (nama_out LIKE :key OR ofcode_out LIKE :key)
            ORDER BY nama_out ASC
            LIMIT 20
2026-04-02 15:57:15 - getOutlet.php - Query berhasil, mengembalikan 17 record
2026-04-02 15:57:15 - getOutlet.php - === END REQUEST ===
2026-04-02 08:57:16 - getOutlet.php - === REQUEST GETOUTLET ===
2026-04-02 08:57:16 - getOutlet.php - Method: POST
2026-04-02 08:57:16 - getOutlet.php - POST data: {"tgl":"2026-04-02","encrypt":"7e7f1d062ca9b9e5c530948d57925ffe","id_apl":"APL01","key":"Klinik Mata O"}
2026-04-02 15:57:16 - getOutlet.php - Params - tgl: 2026-04-02, encrypt: 7e7f1d062ca9b9e5c530948d57925ffe, id_apl: APL01, key: Klinik Mata O
2026-04-02 15:57:16 - getOutlet.php - Aplikasi ditemukan: Ya
2026-04-02 15:57:16 - getOutlet.php - Key aplikasi: YbcJSFjkds...
2026-04-02 15:57:16 - getOutlet.php - Expected encrypt: 7e7f1d062ca9b9e5c530948d57925ffe
2026-04-02 15:57:16 - getOutlet.php - Received encrypt: 7e7f1d062ca9b9e5c530948d57925ffe
2026-04-02 15:57:16 - getOutlet.php - Authentication berhasil
2026-04-02 15:57:16 - getOutlet.php - Query: SELECT id_out, nama_out, '' AS alamat_out, ofcode_out
            FROM outlet 
            WHERE status_out IN ('Active', '1', 'active')
            AND (nama_out LIKE :key OR ofcode_out LIKE :key)
            ORDER BY nama_out ASC
            LIMIT 20
2026-04-02 15:57:16 - getOutlet.php - Query berhasil, mengembalikan 1 record
2026-04-02 15:57:16 - getOutlet.php - === END REQUEST ===
2026-04-02 08:57:17 - getOutlet.php - === REQUEST GETOUTLET ===
2026-04-02 08:57:17 - getOutlet.php - Method: POST
2026-04-02 08:57:17 - getOutlet.php - POST data: {"tgl":"2026-04-02","encrypt":"7e7f1d062ca9b9e5c530948d57925ffe","id_apl":"APL01","key":"Klinik Mata Or"}
2026-04-02 15:57:17 - getOutlet.php - Params - tgl: 2026-04-02, encrypt: 7e7f1d062ca9b9e5c530948d57925ffe, id_apl: APL01, key: Klinik Mata Or
2026-04-02 15:57:17 - getOutlet.php - Aplikasi ditemukan: Ya
2026-04-02 15:57:17 - getOutlet.php - Key aplikasi: YbcJSFjkds...
2026-04-02 15:57:17 - getOutlet.php - Expected encrypt: 7e7f1d062ca9b9e5c530948d57925ffe
2026-04-02 15:57:17 - getOutlet.php - Received encrypt: 7e7f1d062ca9b9e5c530948d57925ffe
2026-04-02 15:57:17 - getOutlet.php - Authentication berhasil
2026-04-02 15:57:17 - getOutlet.php - Query: SELECT id_out, nama_out, '' AS alamat_out, ofcode_out
            FROM outlet 
            WHERE status_out IN ('Active', '1', 'active')
            AND (nama_out LIKE :key OR ofcode_out LIKE :key)
            ORDER BY nama_out ASC
            LIMIT 20
2026-04-02 15:57:17 - getOutlet.php - Query berhasil, mengembalikan 1 record
2026-04-02 15:57:17 - getOutlet.php - === END REQUEST ===
2026-04-02 08:57:17 - getOutlet.php - === REQUEST GETOUTLET ===
2026-04-02 08:57:17 - getOutlet.php - Method: POST
2026-04-02 08:57:17 - getOutlet.php - POST data: {"tgl":"2026-04-02","encrypt":"7e7f1d062ca9b9e5c530948d57925ffe","id_apl":"APL01","key":"Klinik Mata Orb"}
2026-04-02 15:57:17 - getOutlet.php - Params - tgl: 2026-04-02, encrypt: 7e7f1d062ca9b9e5c530948d57925ffe, id_apl: APL01, key: Klinik Mata Orb
2026-04-02 15:57:17 - getOutlet.php - Aplikasi ditemukan: Ya
2026-04-02 15:57:17 - getOutlet.php - Key aplikasi: YbcJSFjkds...
2026-04-02 15:57:17 - getOutlet.php - Expected encrypt: 7e7f1d062ca9b9e5c530948d57925ffe
2026-04-02 15:57:17 - getOutlet.php - Received encrypt: 7e7f1d062ca9b9e5c530948d57925ffe
2026-04-02 15:57:17 - getOutlet.php - Authentication berhasil
2026-04-02 15:57:17 - getOutlet.php - Query: SELECT id_out, nama_out, '' AS alamat_out, ofcode_out
            FROM outlet 
            WHERE status_out IN ('Active', '1', 'active')
            AND (nama_out LIKE :key OR ofcode_out LIKE :key)
            ORDER BY nama_out ASC
            LIMIT 20
2026-04-02 15:57:17 - getOutlet.php - Query berhasil, mengembalikan 1 record
2026-04-02 15:57:17 - getOutlet.php - === END REQUEST ===
2026-04-02 08:57:17 - getOutlet.php - === REQUEST GETOUTLET ===
2026-04-02 08:57:17 - getOutlet.php - Method: POST
2026-04-02 08:57:17 - getOutlet.php - POST data: {"tgl":"2026-04-02","encrypt":"7e7f1d062ca9b9e5c530948d57925ffe","id_apl":"APL01","key":"Klinik Mata Orbi"}
2026-04-02 15:57:17 - getOutlet.php - Params - tgl: 2026-04-02, encrypt: 7e7f1d062ca9b9e5c530948d57925ffe, id_apl: APL01, key: Klinik Mata Orbi
2026-04-02 15:57:17 - getOutlet.php - Aplikasi ditemukan: Ya
2026-04-02 15:57:17 - getOutlet.php - Key aplikasi: YbcJSFjkds...
2026-04-02 15:57:17 - getOutlet.php - Expected encrypt: 7e7f1d062ca9b9e5c530948d57925ffe
2026-04-02 15:57:17 - getOutlet.php - Received encrypt: 7e7f1d062ca9b9e5c530948d57925ffe
2026-04-02 15:57:17 - getOutlet.php - Authentication berhasil
2026-04-02 15:57:17 - getOutlet.php - Query: SELECT id_out, nama_out, '' AS alamat_out, ofcode_out
            FROM outlet 
            WHERE status_out IN ('Active', '1', 'active')
            AND (nama_out LIKE :key OR ofcode_out LIKE :key)
            ORDER BY nama_out ASC
            LIMIT 20
2026-04-02 15:57:17 - getOutlet.php - Query berhasil, mengembalikan 1 record
2026-04-02 15:57:17 - getOutlet.php - === END REQUEST ===
2026-04-02 08:57:18 - getOutlet.php - === REQUEST GETOUTLET ===
2026-04-02 08:57:18 - getOutlet.php - Method: POST
2026-04-02 08:57:18 - getOutlet.php - POST data: {"tgl":"2026-04-02","encrypt":"7e7f1d062ca9b9e5c530948d57925ffe","id_apl":"APL01","key":"Klinik Mata Orbit"}
2026-04-02 15:57:18 - getOutlet.php - Params - tgl: 2026-04-02, encrypt: 7e7f1d062ca9b9e5c530948d57925ffe, id_apl: APL01, key: Klinik Mata Orbit
2026-04-02 15:57:18 - getOutlet.php - Aplikasi ditemukan: Ya
2026-04-02 15:57:18 - getOutlet.php - Key aplikasi: YbcJSFjkds...
2026-04-02 15:57:18 - getOutlet.php - Expected encrypt: 7e7f1d062ca9b9e5c530948d57925ffe
2026-04-02 15:57:18 - getOutlet.php - Received encrypt: 7e7f1d062ca9b9e5c530948d57925ffe
2026-04-02 15:57:18 - getOutlet.php - Authentication berhasil
2026-04-02 15:57:18 - getOutlet.php - Query: SELECT id_out, nama_out, '' AS alamat_out, ofcode_out
            FROM outlet 
            WHERE status_out IN ('Active', '1', 'active')
            AND (nama_out LIKE :key OR ofcode_out LIKE :key)
            ORDER BY nama_out ASC
            LIMIT 20
2026-04-02 15:57:18 - getOutlet.php - Query berhasil, mengembalikan 1 record
2026-04-02 15:57:18 - getOutlet.php - === END REQUEST ===
2026-04-02 08:57:18 - getOutlet.php - === REQUEST GETOUTLET ===
2026-04-02 08:57:18 - getOutlet.php - Method: POST
2026-04-02 08:57:18 - getOutlet.php - POST data: {"tgl":"2026-04-02","encrypt":"7e7f1d062ca9b9e5c530948d57925ffe","id_apl":"APL01","key":"Klinik Mata Orbita"}
2026-04-02 15:57:18 - getOutlet.php - Params - tgl: 2026-04-02, encrypt: 7e7f1d062ca9b9e5c530948d57925ffe, id_apl: APL01, key: Klinik Mata Orbita
2026-04-02 15:57:18 - getOutlet.php - Aplikasi ditemukan: Ya
2026-04-02 15:57:18 - getOutlet.php - Key aplikasi: YbcJSFjkds...
2026-04-02 15:57:18 - getOutlet.php - Expected encrypt: 7e7f1d062ca9b9e5c530948d57925ffe
2026-04-02 15:57:18 - getOutlet.php - Received encrypt: 7e7f1d062ca9b9e5c530948d57925ffe
2026-04-02 15:57:18 - getOutlet.php - Authentication berhasil
2026-04-02 15:57:18 - getOutlet.php - Query: SELECT id_out, nama_out, '' AS alamat_out, ofcode_out
            FROM outlet 
            WHERE status_out IN ('Active', '1', 'active')
            AND (nama_out LIKE :key OR ofcode_out LIKE :key)
            ORDER BY nama_out ASC
            LIMIT 20
2026-04-02 15:57:18 - getOutlet.php - Query berhasil, mengembalikan 1 record
2026-04-02 15:57:18 - getOutlet.php - === END REQUEST ===
2026-04-02 08:57:19 - getOutlet.php - === REQUEST GETOUTLET ===
2026-04-02 08:57:19 - getOutlet.php - Method: POST
2026-04-02 08:57:19 - getOutlet.php - POST data: {"tgl":"2026-04-02","encrypt":"7e7f1d062ca9b9e5c530948d57925ffe","id_apl":"APL01","key":"Klinik Mata Orbita"}
2026-04-02 15:57:19 - getOutlet.php - Params - tgl: 2026-04-02, encrypt: 7e7f1d062ca9b9e5c530948d57925ffe, id_apl: APL01, key: Klinik Mata Orbita
2026-04-02 15:57:19 - getOutlet.php - Aplikasi ditemukan: Ya
2026-04-02 15:57:19 - getOutlet.php - Key aplikasi: YbcJSFjkds...
2026-04-02 15:57:19 - getOutlet.php - Expected encrypt: 7e7f1d062ca9b9e5c530948d57925ffe
2026-04-02 15:57:19 - getOutlet.php - Received encrypt: 7e7f1d062ca9b9e5c530948d57925ffe
2026-04-02 15:57:19 - getOutlet.php - Authentication berhasil
2026-04-02 15:57:19 - getOutlet.php - Query: SELECT id_out, nama_out, '' AS alamat_out, ofcode_out
            FROM outlet 
            WHERE status_out IN ('Active', '1', 'active')
            AND (nama_out LIKE :key OR ofcode_out LIKE :key)
            ORDER BY nama_out ASC
            LIMIT 20
2026-04-02 15:57:19 - getOutlet.php - Query berhasil, mengembalikan 1 record
2026-04-02 15:57:19 - getOutlet.php - === END REQUEST ===
2026-04-02 08:57:59 - getOutlet.php - === REQUEST GETOUTLET ===
2026-04-02 08:57:59 - getOutlet.php - Method: POST
2026-04-02 08:57:59 - getOutlet.php - POST data: {"tgl":"2026-04-02","encrypt":"7e7f1d062ca9b9e5c530948d57925ffe","id_apl":"APL01","key":"PT"}
2026-04-02 15:57:59 - getOutlet.php - Params - tgl: 2026-04-02, encrypt: 7e7f1d062ca9b9e5c530948d57925ffe, id_apl: APL01, key: PT
2026-04-02 15:57:59 - getOutlet.php - Aplikasi ditemukan: Ya
2026-04-02 15:57:59 - getOutlet.php - Key aplikasi: YbcJSFjkds...
2026-04-02 15:57:59 - getOutlet.php - Expected encrypt: 7e7f1d062ca9b9e5c530948d57925ffe
2026-04-02 15:57:59 - getOutlet.php - Received encrypt: 7e7f1d062ca9b9e5c530948d57925ffe
2026-04-02 15:57:59 - getOutlet.php - Authentication berhasil
2026-04-02 15:57:59 - getOutlet.php - Query: SELECT id_out, nama_out, '' AS alamat_out, ofcode_out
            FROM outlet 
            WHERE status_out IN ('Active', '1', 'active')
            AND (nama_out LIKE :key OR ofcode_out LIKE :key)
            ORDER BY nama_out ASC
            LIMIT 20
2026-04-02 15:57:59 - getOutlet.php - Query berhasil, mengembalikan 20 record
2026-04-02 15:57:59 - getOutlet.php - === END REQUEST ===
2026-04-02 08:58:06 - getOutlet.php - === REQUEST GETOUTLET ===
2026-04-02 08:58:06 - getOutlet.php - Method: POST
2026-04-02 08:58:06 - getOutlet.php - POST data: {"tgl":"2026-04-02","encrypt":"7e7f1d062ca9b9e5c530948d57925ffe","id_apl":"APL01","key":"PT"}
2026-04-02 15:58:06 - getOutlet.php - Params - tgl: 2026-04-02, encrypt: 7e7f1d062ca9b9e5c530948d57925ffe, id_apl: APL01, key: PT
2026-04-02 15:58:06 - getOutlet.php - Aplikasi ditemukan: Ya
2026-04-02 15:58:06 - getOutlet.php - Key aplikasi: YbcJSFjkds...
2026-04-02 15:58:06 - getOutlet.php - Expected encrypt: 7e7f1d062ca9b9e5c530948d57925ffe
2026-04-02 15:58:06 - getOutlet.php - Received encrypt: 7e7f1d062ca9b9e5c530948d57925ffe
2026-04-02 15:58:06 - getOutlet.php - Authentication berhasil
2026-04-02 15:58:06 - getOutlet.php - Query: SELECT id_out, nama_out, '' AS alamat_out, ofcode_out
            FROM outlet 
            WHERE status_out IN ('Active', '1', 'active')
            AND (nama_out LIKE :key OR ofcode_out LIKE :key)
            ORDER BY nama_out ASC
            LIMIT 20
2026-04-02 15:58:06 - getOutlet.php - Query berhasil, mengembalikan 20 record
2026-04-02 15:58:06 - getOutlet.php - === END REQUEST ===
2026-04-02 08:58:08 - getOutlet.php - === REQUEST GETOUTLET ===
2026-04-02 08:58:08 - getOutlet.php - Method: POST
2026-04-02 08:58:08 - getOutlet.php - POST data: {"tgl":"2026-04-02","encrypt":"7e7f1d062ca9b9e5c530948d57925ffe","id_apl":"APL01","key":"PT K"}
2026-04-02 15:58:08 - getOutlet.php - Params - tgl: 2026-04-02, encrypt: 7e7f1d062ca9b9e5c530948d57925ffe, id_apl: APL01, key: PT K
2026-04-02 15:58:08 - getOutlet.php - Aplikasi ditemukan: Ya
2026-04-02 15:58:08 - getOutlet.php - Key aplikasi: YbcJSFjkds...
2026-04-02 15:58:08 - getOutlet.php - Expected encrypt: 7e7f1d062ca9b9e5c530948d57925ffe
2026-04-02 15:58:08 - getOutlet.php - Received encrypt: 7e7f1d062ca9b9e5c530948d57925ffe
2026-04-02 15:58:08 - getOutlet.php - Authentication berhasil
2026-04-02 15:58:08 - getOutlet.php - Query: SELECT id_out, nama_out, '' AS alamat_out, ofcode_out
            FROM outlet 
            WHERE status_out IN ('Active', '1', 'active')
            AND (nama_out LIKE :key OR ofcode_out LIKE :key)
            ORDER BY nama_out ASC
            LIMIT 20
2026-04-02 15:58:08 - getOutlet.php - Query berhasil, mengembalikan 1 record
2026-04-02 15:58:08 - getOutlet.php - === END REQUEST ===
2026-04-02 08:58:08 - getOutlet.php - === REQUEST GETOUTLET ===
2026-04-02 08:58:08 - getOutlet.php - Method: POST
2026-04-02 08:58:08 - getOutlet.php - POST data: {"tgl":"2026-04-02","encrypt":"7e7f1d062ca9b9e5c530948d57925ffe","id_apl":"APL01","key":"PT KL"}
2026-04-02 15:58:08 - getOutlet.php - Params - tgl: 2026-04-02, encrypt: 7e7f1d062ca9b9e5c530948d57925ffe, id_apl: APL01, key: PT KL
2026-04-02 15:58:08 - getOutlet.php - Aplikasi ditemukan: Ya
2026-04-02 15:58:08 - getOutlet.php - Key aplikasi: YbcJSFjkds...
2026-04-02 15:58:08 - getOutlet.php - Expected encrypt: 7e7f1d062ca9b9e5c530948d57925ffe
2026-04-02 15:58:08 - getOutlet.php - Received encrypt: 7e7f1d062ca9b9e5c530948d57925ffe
2026-04-02 15:58:08 - getOutlet.php - Authentication berhasil
2026-04-02 15:58:08 - getOutlet.php - Query: SELECT id_out, nama_out, '' AS alamat_out, ofcode_out
            FROM outlet 
            WHERE status_out IN ('Active', '1', 'active')
            AND (nama_out LIKE :key OR ofcode_out LIKE :key)
            ORDER BY nama_out ASC
            LIMIT 20
2026-04-02 15:58:08 - getOutlet.php - Query berhasil, mengembalikan 1 record
2026-04-02 15:58:08 - getOutlet.php - === END REQUEST ===
2026-04-02 08:58:08 - getOutlet.php - === REQUEST GETOUTLET ===
2026-04-02 08:58:08 - getOutlet.php - Method: POST
2026-04-02 08:58:08 - getOutlet.php - POST data: {"tgl":"2026-04-02","encrypt":"7e7f1d062ca9b9e5c530948d57925ffe","id_apl":"APL01","key":"PT KLL"}
2026-04-02 15:58:08 - getOutlet.php - Params - tgl: 2026-04-02, encrypt: 7e7f1d062ca9b9e5c530948d57925ffe, id_apl: APL01, key: PT KLL
2026-04-02 15:58:08 - getOutlet.php - Aplikasi ditemukan: Ya
2026-04-02 15:58:08 - getOutlet.php - Key aplikasi: YbcJSFjkds...
2026-04-02 15:58:08 - getOutlet.php - Expected encrypt: 7e7f1d062ca9b9e5c530948d57925ffe
2026-04-02 15:58:08 - getOutlet.php - Received encrypt: 7e7f1d062ca9b9e5c530948d57925ffe
2026-04-02 15:58:08 - getOutlet.php - Authentication berhasil
2026-04-02 15:58:08 - getOutlet.php - Query: SELECT id_out, nama_out, '' AS alamat_out, ofcode_out
            FROM outlet 
            WHERE status_out IN ('Active', '1', 'active')
            AND (nama_out LIKE :key OR ofcode_out LIKE :key)
            ORDER BY nama_out ASC
            LIMIT 20
2026-04-02 15:58:08 - getOutlet.php - Query berhasil, mengembalikan 0 record
2026-04-02 15:58:08 - getOutlet.php - === END REQUEST ===
2026-04-02 08:58:09 - getOutlet.php - === REQUEST GETOUTLET ===
2026-04-02 08:58:09 - getOutlet.php - Method: POST
2026-04-02 08:58:09 - getOutlet.php - POST data: {"tgl":"2026-04-02","encrypt":"7e7f1d062ca9b9e5c530948d57925ffe","id_apl":"APL01","key":"PT KL"}
2026-04-02 15:58:09 - getOutlet.php - Params - tgl: 2026-04-02, encrypt: 7e7f1d062ca9b9e5c530948d57925ffe, id_apl: APL01, key: PT KL
2026-04-02 15:58:09 - getOutlet.php - Aplikasi ditemukan: Ya
2026-04-02 15:58:09 - getOutlet.php - Key aplikasi: YbcJSFjkds...
2026-04-02 15:58:09 - getOutlet.php - Expected encrypt: 7e7f1d062ca9b9e5c530948d57925ffe
2026-04-02 15:58:09 - getOutlet.php - Received encrypt: 7e7f1d062ca9b9e5c530948d57925ffe
2026-04-02 15:58:09 - getOutlet.php - Authentication berhasil
2026-04-02 15:58:09 - getOutlet.php - Query: SELECT id_out, nama_out, '' AS alamat_out, ofcode_out
            FROM outlet 
            WHERE status_out IN ('Active', '1', 'active')
            AND (nama_out LIKE :key OR ofcode_out LIKE :key)
            ORDER BY nama_out ASC
            LIMIT 20
2026-04-02 15:58:09 - getOutlet.php - Query berhasil, mengembalikan 1 record
2026-04-02 15:58:09 - getOutlet.php - === END REQUEST ===
2026-04-02 08:58:10 - getOutlet.php - === REQUEST GETOUTLET ===
2026-04-02 08:58:10 - getOutlet.php - Method: POST
2026-04-02 08:58:10 - getOutlet.php - POST data: {"tgl":"2026-04-02","encrypt":"7e7f1d062ca9b9e5c530948d57925ffe","id_apl":"APL01","key":"PT KLI"}
2026-04-02 15:58:10 - getOutlet.php - Params - tgl: 2026-04-02, encrypt: 7e7f1d062ca9b9e5c530948d57925ffe, id_apl: APL01, key: PT KLI
2026-04-02 15:58:10 - getOutlet.php - Aplikasi ditemukan: Ya
2026-04-02 15:58:10 - getOutlet.php - Key aplikasi: YbcJSFjkds...
2026-04-02 15:58:10 - getOutlet.php - Expected encrypt: 7e7f1d062ca9b9e5c530948d57925ffe
2026-04-02 15:58:10 - getOutlet.php - Received encrypt: 7e7f1d062ca9b9e5c530948d57925ffe
2026-04-02 15:58:10 - getOutlet.php - Authentication berhasil
2026-04-02 15:58:10 - getOutlet.php - Query: SELECT id_out, nama_out, '' AS alamat_out, ofcode_out
            FROM outlet 
            WHERE status_out IN ('Active', '1', 'active')
            AND (nama_out LIKE :key OR ofcode_out LIKE :key)
            ORDER BY nama_out ASC
            LIMIT 20
2026-04-02 15:58:10 - getOutlet.php - Query berhasil, mengembalikan 1 record
2026-04-02 15:58:10 - getOutlet.php - === END REQUEST ===
2026-04-02 08:58:10 - getOutlet.php - === REQUEST GETOUTLET ===
2026-04-02 08:58:10 - getOutlet.php - Method: POST
2026-04-02 08:58:10 - getOutlet.php - POST data: {"tgl":"2026-04-02","encrypt":"7e7f1d062ca9b9e5c530948d57925ffe","id_apl":"APL01","key":"PT KLIN"}
2026-04-02 15:58:10 - getOutlet.php - Params - tgl: 2026-04-02, encrypt: 7e7f1d062ca9b9e5c530948d57925ffe, id_apl: APL01, key: PT KLIN
2026-04-02 15:58:10 - getOutlet.php - Aplikasi ditemukan: Ya
2026-04-02 15:58:10 - getOutlet.php - Key aplikasi: YbcJSFjkds...
2026-04-02 15:58:10 - getOutlet.php - Expected encrypt: 7e7f1d062ca9b9e5c530948d57925ffe
2026-04-02 15:58:10 - getOutlet.php - Received encrypt: 7e7f1d062ca9b9e5c530948d57925ffe
2026-04-02 15:58:10 - getOutlet.php - Authentication berhasil
2026-04-02 15:58:10 - getOutlet.php - Query: SELECT id_out, nama_out, '' AS alamat_out, ofcode_out
            FROM outlet 
            WHERE status_out IN ('Active', '1', 'active')
            AND (nama_out LIKE :key OR ofcode_out LIKE :key)
            ORDER BY nama_out ASC
            LIMIT 20
2026-04-02 15:58:10 - getOutlet.php - Query berhasil, mengembalikan 1 record
2026-04-02 15:58:10 - getOutlet.php - === END REQUEST ===
2026-04-02 08:58:10 - getOutlet.php - === REQUEST GETOUTLET ===
2026-04-02 08:58:10 - getOutlet.php - Method: POST
2026-04-02 08:58:10 - getOutlet.php - POST data: {"tgl":"2026-04-02","encrypt":"7e7f1d062ca9b9e5c530948d57925ffe","id_apl":"APL01","key":"PT KLINI"}
2026-04-02 15:58:10 - getOutlet.php - Params - tgl: 2026-04-02, encrypt: 7e7f1d062ca9b9e5c530948d57925ffe, id_apl: APL01, key: PT KLINI
2026-04-02 15:58:10 - getOutlet.php - Aplikasi ditemukan: Ya
2026-04-02 15:58:10 - getOutlet.php - Key aplikasi: YbcJSFjkds...
2026-04-02 15:58:10 - getOutlet.php - Expected encrypt: 7e7f1d062ca9b9e5c530948d57925ffe
2026-04-02 15:58:10 - getOutlet.php - Received encrypt: 7e7f1d062ca9b9e5c530948d57925ffe
2026-04-02 15:58:10 - getOutlet.php - Authentication berhasil
2026-04-02 15:58:10 - getOutlet.php - Query: SELECT id_out, nama_out, '' AS alamat_out, ofcode_out
            FROM outlet 
            WHERE status_out IN ('Active', '1', 'active')
            AND (nama_out LIKE :key OR ofcode_out LIKE :key)
            ORDER BY nama_out ASC
            LIMIT 20
2026-04-02 15:58:10 - getOutlet.php - Query berhasil, mengembalikan 1 record
2026-04-02 15:58:10 - getOutlet.php - === END REQUEST ===
2026-04-02 08:58:10 - getOutlet.php - === REQUEST GETOUTLET ===
2026-04-02 08:58:10 - getOutlet.php - Method: POST
2026-04-02 08:58:10 - getOutlet.php - POST data: {"tgl":"2026-04-02","encrypt":"7e7f1d062ca9b9e5c530948d57925ffe","id_apl":"APL01","key":"PT KLINIK"}
2026-04-02 15:58:10 - getOutlet.php - Params - tgl: 2026-04-02, encrypt: 7e7f1d062ca9b9e5c530948d57925ffe, id_apl: APL01, key: PT KLINIK
2026-04-02 15:58:10 - getOutlet.php - Aplikasi ditemukan: Ya
2026-04-02 15:58:10 - getOutlet.php - Key aplikasi: YbcJSFjkds...
2026-04-02 15:58:10 - getOutlet.php - Expected encrypt: 7e7f1d062ca9b9e5c530948d57925ffe
2026-04-02 15:58:10 - getOutlet.php - Received encrypt: 7e7f1d062ca9b9e5c530948d57925ffe
2026-04-02 15:58:10 - getOutlet.php - Authentication berhasil
2026-04-02 15:58:10 - getOutlet.php - Query: SELECT id_out, nama_out, '' AS alamat_out, ofcode_out
            FROM outlet 
            WHERE status_out IN ('Active', '1', 'active')
            AND (nama_out LIKE :key OR ofcode_out LIKE :key)
            ORDER BY nama_out ASC
            LIMIT 20
2026-04-02 15:58:10 - getOutlet.php - Query berhasil, mengembalikan 1 record
2026-04-02 15:58:10 - getOutlet.php - === END REQUEST ===
2026-04-02 08:58:13 - getOutlet.php - === REQUEST GETOUTLET ===
2026-04-02 08:58:13 - getOutlet.php - Method: POST
2026-04-02 08:58:13 - getOutlet.php - POST data: {"tgl":"2026-04-02","encrypt":"7e7f1d062ca9b9e5c530948d57925ffe","id_apl":"APL01","key":"PT KLINIK MATA YOGYAKARTA"}
2026-04-02 15:58:13 - getOutlet.php - Params - tgl: 2026-04-02, encrypt: 7e7f1d062ca9b9e5c530948d57925ffe, id_apl: APL01, key: PT KLINIK MATA YOGYAKARTA
2026-04-02 15:58:13 - getOutlet.php - Aplikasi ditemukan: Ya
2026-04-02 15:58:13 - getOutlet.php - Key aplikasi: YbcJSFjkds...
2026-04-02 15:58:13 - getOutlet.php - Expected encrypt: 7e7f1d062ca9b9e5c530948d57925ffe
2026-04-02 15:58:13 - getOutlet.php - Received encrypt: 7e7f1d062ca9b9e5c530948d57925ffe
2026-04-02 15:58:13 - getOutlet.php - Authentication berhasil
2026-04-02 15:58:13 - getOutlet.php - Query: SELECT id_out, nama_out, '' AS alamat_out, ofcode_out
            FROM outlet 
            WHERE status_out IN ('Active', '1', 'active')
            AND (nama_out LIKE :key OR ofcode_out LIKE :key)
            ORDER BY nama_out ASC
            LIMIT 20
2026-04-02 15:58:13 - getOutlet.php - Query berhasil, mengembalikan 1 record
2026-04-02 15:58:13 - getOutlet.php - === END REQUEST ===
