2026-03-27 03:47:34 - getOutlet.php - === REQUEST GETOUTLET ===
2026-03-27 03:47:34 - getOutlet.php - Method: POST
2026-03-27 03:47:34 - getOutlet.php - POST data: {"tgl":"2026-03-27","encrypt":"388a4efa6470a27b196da6c25804cef2","id_apl":"APL01","key":"Ap"}
2026-03-27 10:47:34 - getOutlet.php - Params - tgl: 2026-03-27, encrypt: 388a4efa6470a27b196da6c25804cef2, id_apl: APL01, key: Ap
2026-03-27 10:47:34 - getOutlet.php - Aplikasi ditemukan: Ya
2026-03-27 10:47:34 - getOutlet.php - Key aplikasi: YbcJSFjkds...
2026-03-27 10:47:34 - getOutlet.php - Expected encrypt: 388a4efa6470a27b196da6c25804cef2
2026-03-27 10:47:34 - getOutlet.php - Received encrypt: 388a4efa6470a27b196da6c25804cef2
2026-03-27 10:47:34 - getOutlet.php - Authentication berhasil
2026-03-27 10:47:34 - getOutlet.php - Query: SELECT id_out, nama_out, '' AS alamat_out, ofcode_out
            FROM outlet 
            WHERE status_out IN ('Active', '1', 'active')
            AND (nama_out LIKE :key OR ofcode_out LIKE :key)
            ORDER BY nama_out ASC
            LIMIT 20
2026-03-27 10:47:34 - getOutlet.php - Query berhasil, mengembalikan 20 record
2026-03-27 10:47:34 - getOutlet.php - === END REQUEST ===
2026-03-27 03:47:34 - getOutlet.php - === REQUEST GETOUTLET ===
2026-03-27 03:47:34 - getOutlet.php - Method: POST
2026-03-27 03:47:34 - getOutlet.php - POST data: {"tgl":"2026-03-27","encrypt":"388a4efa6470a27b196da6c25804cef2","id_apl":"APL01","key":"Apo"}
2026-03-27 10:47:34 - getOutlet.php - Params - tgl: 2026-03-27, encrypt: 388a4efa6470a27b196da6c25804cef2, id_apl: APL01, key: Apo
2026-03-27 10:47:34 - getOutlet.php - Aplikasi ditemukan: Ya
2026-03-27 10:47:34 - getOutlet.php - Key aplikasi: YbcJSFjkds...
2026-03-27 10:47:34 - getOutlet.php - Expected encrypt: 388a4efa6470a27b196da6c25804cef2
2026-03-27 10:47:34 - getOutlet.php - Received encrypt: 388a4efa6470a27b196da6c25804cef2
2026-03-27 10:47:34 - getOutlet.php - Authentication berhasil
2026-03-27 10:47:34 - getOutlet.php - Query: SELECT id_out, nama_out, '' AS alamat_out, ofcode_out
            FROM outlet 
            WHERE status_out IN ('Active', '1', 'active')
            AND (nama_out LIKE :key OR ofcode_out LIKE :key)
            ORDER BY nama_out ASC
            LIMIT 20
2026-03-27 10:47:34 - getOutlet.php - Query berhasil, mengembalikan 20 record
2026-03-27 10:47:34 - getOutlet.php - === END REQUEST ===
2026-03-27 03:47:35 - getOutlet.php - === REQUEST GETOUTLET ===
2026-03-27 03:47:35 - getOutlet.php - Method: POST
2026-03-27 03:47:35 - getOutlet.php - POST data: {"tgl":"2026-03-27","encrypt":"388a4efa6470a27b196da6c25804cef2","id_apl":"APL01","key":"Apotek"}
2026-03-27 10:47:35 - getOutlet.php - Params - tgl: 2026-03-27, encrypt: 388a4efa6470a27b196da6c25804cef2, id_apl: APL01, key: Apotek
2026-03-27 10:47:35 - getOutlet.php - Aplikasi ditemukan: Ya
2026-03-27 10:47:35 - getOutlet.php - Key aplikasi: YbcJSFjkds...
2026-03-27 10:47:35 - getOutlet.php - Expected encrypt: 388a4efa6470a27b196da6c25804cef2
2026-03-27 10:47:35 - getOutlet.php - Received encrypt: 388a4efa6470a27b196da6c25804cef2
2026-03-27 10:47:35 - getOutlet.php - Authentication berhasil
2026-03-27 10:47:35 - getOutlet.php - Query: SELECT id_out, nama_out, '' AS alamat_out, ofcode_out
            FROM outlet 
            WHERE status_out IN ('Active', '1', 'active')
            AND (nama_out LIKE :key OR ofcode_out LIKE :key)
            ORDER BY nama_out ASC
            LIMIT 20
2026-03-27 10:47:35 - getOutlet.php - Query berhasil, mengembalikan 20 record
2026-03-27 10:47:35 - getOutlet.php - === END REQUEST ===
2026-03-27 03:47:36 - getOutlet.php - === REQUEST GETOUTLET ===
2026-03-27 03:47:36 - getOutlet.php - Method: POST
2026-03-27 03:47:36 - getOutlet.php - POST data: {"tgl":"2026-03-27","encrypt":"388a4efa6470a27b196da6c25804cef2","id_apl":"APL01","key":"Apotek holong"}
2026-03-27 10:47:36 - getOutlet.php - Params - tgl: 2026-03-27, encrypt: 388a4efa6470a27b196da6c25804cef2, id_apl: APL01, key: Apotek holong
2026-03-27 10:47:36 - getOutlet.php - Aplikasi ditemukan: Ya
2026-03-27 10:47:36 - getOutlet.php - Key aplikasi: YbcJSFjkds...
2026-03-27 10:47:36 - getOutlet.php - Expected encrypt: 388a4efa6470a27b196da6c25804cef2
2026-03-27 10:47:36 - getOutlet.php - Received encrypt: 388a4efa6470a27b196da6c25804cef2
2026-03-27 10:47:36 - getOutlet.php - Authentication berhasil
2026-03-27 10:47:36 - getOutlet.php - Query: SELECT id_out, nama_out, '' AS alamat_out, ofcode_out
            FROM outlet 
            WHERE status_out IN ('Active', '1', 'active')
            AND (nama_out LIKE :key OR ofcode_out LIKE :key)
            ORDER BY nama_out ASC
            LIMIT 20
2026-03-27 10:47:36 - getOutlet.php - Query berhasil, mengembalikan 1 record
2026-03-27 10:47:36 - getOutlet.php - === END REQUEST ===
2026-03-27 03:47:37 - getOutlet.php - === REQUEST GETOUTLET ===
2026-03-27 03:47:37 - getOutlet.php - Method: POST
2026-03-27 03:47:37 - getOutlet.php - POST data: {"tgl":"2026-03-27","encrypt":"388a4efa6470a27b196da6c25804cef2","id_apl":"APL01","key":"Apotek Holong"}
2026-03-27 10:47:37 - getOutlet.php - Params - tgl: 2026-03-27, encrypt: 388a4efa6470a27b196da6c25804cef2, id_apl: APL01, key: Apotek Holong
2026-03-27 10:47:37 - getOutlet.php - Aplikasi ditemukan: Ya
2026-03-27 10:47:37 - getOutlet.php - Key aplikasi: YbcJSFjkds...
2026-03-27 10:47:37 - getOutlet.php - Expected encrypt: 388a4efa6470a27b196da6c25804cef2
2026-03-27 10:47:37 - getOutlet.php - Received encrypt: 388a4efa6470a27b196da6c25804cef2
2026-03-27 10:47:37 - getOutlet.php - Authentication berhasil
2026-03-27 10:47:37 - getOutlet.php - Query: SELECT id_out, nama_out, '' AS alamat_out, ofcode_out
            FROM outlet 
            WHERE status_out IN ('Active', '1', 'active')
            AND (nama_out LIKE :key OR ofcode_out LIKE :key)
            ORDER BY nama_out ASC
            LIMIT 20
2026-03-27 10:47:37 - getOutlet.php - Query berhasil, mengembalikan 1 record
2026-03-27 10:47:37 - getOutlet.php - === END REQUEST ===
2026-03-27 03:48:02 - getOutlet.php - === REQUEST GETOUTLET ===
2026-03-27 03:48:02 - getOutlet.php - Method: POST
2026-03-27 03:48:02 - getOutlet.php - POST data: {"tgl":"2026-03-27","encrypt":"388a4efa6470a27b196da6c25804cef2","id_apl":"APL01","key":"Ap"}
2026-03-27 10:48:02 - getOutlet.php - Params - tgl: 2026-03-27, encrypt: 388a4efa6470a27b196da6c25804cef2, id_apl: APL01, key: Ap
2026-03-27 10:48:02 - getOutlet.php - Aplikasi ditemukan: Ya
2026-03-27 10:48:02 - getOutlet.php - Key aplikasi: YbcJSFjkds...
2026-03-27 10:48:02 - getOutlet.php - Expected encrypt: 388a4efa6470a27b196da6c25804cef2
2026-03-27 10:48:02 - getOutlet.php - Received encrypt: 388a4efa6470a27b196da6c25804cef2
2026-03-27 10:48:02 - getOutlet.php - Authentication berhasil
2026-03-27 10:48:02 - getOutlet.php - Query: SELECT id_out, nama_out, '' AS alamat_out, ofcode_out
            FROM outlet 
            WHERE status_out IN ('Active', '1', 'active')
            AND (nama_out LIKE :key OR ofcode_out LIKE :key)
            ORDER BY nama_out ASC
            LIMIT 20
2026-03-27 10:48:02 - getOutlet.php - Query berhasil, mengembalikan 20 record
2026-03-27 10:48:02 - getOutlet.php - === END REQUEST ===
2026-03-27 03:48:02 - getOutlet.php - === REQUEST GETOUTLET ===
2026-03-27 03:48:02 - getOutlet.php - Method: POST
2026-03-27 03:48:02 - getOutlet.php - POST data: {"tgl":"2026-03-27","encrypt":"388a4efa6470a27b196da6c25804cef2","id_apl":"APL01","key":"Apo"}
2026-03-27 10:48:02 - getOutlet.php - Params - tgl: 2026-03-27, encrypt: 388a4efa6470a27b196da6c25804cef2, id_apl: APL01, key: Apo
2026-03-27 10:48:02 - getOutlet.php - Aplikasi ditemukan: Ya
2026-03-27 10:48:02 - getOutlet.php - Key aplikasi: YbcJSFjkds...
2026-03-27 10:48:02 - getOutlet.php - Expected encrypt: 388a4efa6470a27b196da6c25804cef2
2026-03-27 10:48:02 - getOutlet.php - Received encrypt: 388a4efa6470a27b196da6c25804cef2
2026-03-27 10:48:02 - getOutlet.php - Authentication berhasil
2026-03-27 10:48:02 - getOutlet.php - Query: SELECT id_out, nama_out, '' AS alamat_out, ofcode_out
            FROM outlet 
            WHERE status_out IN ('Active', '1', 'active')
            AND (nama_out LIKE :key OR ofcode_out LIKE :key)
            ORDER BY nama_out ASC
            LIMIT 20
2026-03-27 10:48:02 - getOutlet.php - Query berhasil, mengembalikan 20 record
2026-03-27 10:48:02 - getOutlet.php - === END REQUEST ===
2026-03-27 03:48:03 - getOutlet.php - === REQUEST GETOUTLET ===
2026-03-27 03:48:03 - getOutlet.php - Method: POST
2026-03-27 03:48:03 - getOutlet.php - POST data: {"tgl":"2026-03-27","encrypt":"388a4efa6470a27b196da6c25804cef2","id_apl":"APL01","key":"Apotek"}
2026-03-27 10:48:03 - getOutlet.php - Params - tgl: 2026-03-27, encrypt: 388a4efa6470a27b196da6c25804cef2, id_apl: APL01, key: Apotek
2026-03-27 10:48:03 - getOutlet.php - Aplikasi ditemukan: Ya
2026-03-27 10:48:03 - getOutlet.php - Key aplikasi: YbcJSFjkds...
2026-03-27 10:48:03 - getOutlet.php - Expected encrypt: 388a4efa6470a27b196da6c25804cef2
2026-03-27 10:48:03 - getOutlet.php - Received encrypt: 388a4efa6470a27b196da6c25804cef2
2026-03-27 10:48:03 - getOutlet.php - Authentication berhasil
2026-03-27 10:48:03 - getOutlet.php - Query: SELECT id_out, nama_out, '' AS alamat_out, ofcode_out
            FROM outlet 
            WHERE status_out IN ('Active', '1', 'active')
            AND (nama_out LIKE :key OR ofcode_out LIKE :key)
            ORDER BY nama_out ASC
            LIMIT 20
2026-03-27 10:48:03 - getOutlet.php - Query berhasil, mengembalikan 20 record
2026-03-27 10:48:03 - getOutlet.php - === END REQUEST ===
2026-03-27 03:48:04 - getOutlet.php - === REQUEST GETOUTLET ===
2026-03-27 03:48:04 - getOutlet.php - Method: POST
2026-03-27 03:48:04 - getOutlet.php - POST data: {"tgl":"2026-03-27","encrypt":"388a4efa6470a27b196da6c25804cef2","id_apl":"APL01","key":"Apotek f"}
2026-03-27 10:48:04 - getOutlet.php - Params - tgl: 2026-03-27, encrypt: 388a4efa6470a27b196da6c25804cef2, id_apl: APL01, key: Apotek f
2026-03-27 10:48:04 - getOutlet.php - Aplikasi ditemukan: Ya
2026-03-27 10:48:04 - getOutlet.php - Key aplikasi: YbcJSFjkds...
2026-03-27 10:48:04 - getOutlet.php - Expected encrypt: 388a4efa6470a27b196da6c25804cef2
2026-03-27 10:48:04 - getOutlet.php - Received encrypt: 388a4efa6470a27b196da6c25804cef2
2026-03-27 10:48:04 - getOutlet.php - Authentication berhasil
2026-03-27 10:48:04 - getOutlet.php - Query: SELECT id_out, nama_out, '' AS alamat_out, ofcode_out
            FROM outlet 
            WHERE status_out IN ('Active', '1', 'active')
            AND (nama_out LIKE :key OR ofcode_out LIKE :key)
            ORDER BY nama_out ASC
            LIMIT 20
2026-03-27 10:48:04 - getOutlet.php - Query berhasil, mengembalikan 20 record
2026-03-27 10:48:04 - getOutlet.php - === END REQUEST ===
2026-03-27 03:48:05 - getOutlet.php - === REQUEST GETOUTLET ===
2026-03-27 03:48:05 - getOutlet.php - Method: POST
2026-03-27 03:48:05 - getOutlet.php - POST data: {"tgl":"2026-03-27","encrypt":"388a4efa6470a27b196da6c25804cef2","id_apl":"APL01","key":"Apotek"}
2026-03-27 10:48:05 - getOutlet.php - Params - tgl: 2026-03-27, encrypt: 388a4efa6470a27b196da6c25804cef2, id_apl: APL01, key: Apotek
2026-03-27 10:48:05 - getOutlet.php - Aplikasi ditemukan: Ya
2026-03-27 10:48:05 - getOutlet.php - Key aplikasi: YbcJSFjkds...
2026-03-27 10:48:05 - getOutlet.php - Expected encrypt: 388a4efa6470a27b196da6c25804cef2
2026-03-27 10:48:05 - getOutlet.php - Received encrypt: 388a4efa6470a27b196da6c25804cef2
2026-03-27 10:48:05 - getOutlet.php - Authentication berhasil
2026-03-27 10:48:05 - getOutlet.php - Query: SELECT id_out, nama_out, '' AS alamat_out, ofcode_out
            FROM outlet 
            WHERE status_out IN ('Active', '1', 'active')
            AND (nama_out LIKE :key OR ofcode_out LIKE :key)
            ORDER BY nama_out ASC
            LIMIT 20
2026-03-27 10:48:05 - getOutlet.php - Query berhasil, mengembalikan 20 record
2026-03-27 10:48:05 - getOutlet.php - === END REQUEST ===
2026-03-27 03:48:05 - getOutlet.php - === REQUEST GETOUTLET ===
2026-03-27 03:48:05 - getOutlet.php - Method: POST
2026-03-27 03:48:05 - getOutlet.php - POST data: {"tgl":"2026-03-27","encrypt":"388a4efa6470a27b196da6c25804cef2","id_apl":"APL01","key":"Apotek so"}
2026-03-27 10:48:05 - getOutlet.php - Params - tgl: 2026-03-27, encrypt: 388a4efa6470a27b196da6c25804cef2, id_apl: APL01, key: Apotek so
2026-03-27 10:48:05 - getOutlet.php - Aplikasi ditemukan: Ya
2026-03-27 10:48:05 - getOutlet.php - Key aplikasi: YbcJSFjkds...
2026-03-27 10:48:05 - getOutlet.php - Expected encrypt: 388a4efa6470a27b196da6c25804cef2
2026-03-27 10:48:05 - getOutlet.php - Received encrypt: 388a4efa6470a27b196da6c25804cef2
2026-03-27 10:48:05 - getOutlet.php - Authentication berhasil
2026-03-27 10:48:05 - getOutlet.php - Query: SELECT id_out, nama_out, '' AS alamat_out, ofcode_out
            FROM outlet 
            WHERE status_out IN ('Active', '1', 'active')
            AND (nama_out LIKE :key OR ofcode_out LIKE :key)
            ORDER BY nama_out ASC
            LIMIT 20
2026-03-27 10:48:05 - getOutlet.php - Query berhasil, mengembalikan 0 record
2026-03-27 10:48:05 - getOutlet.php - === END REQUEST ===
2026-03-27 03:48:05 - getOutlet.php - === REQUEST GETOUTLET ===
2026-03-27 03:48:05 - getOutlet.php - Method: POST
2026-03-27 03:48:05 - getOutlet.php - POST data: {"tgl":"2026-03-27","encrypt":"388a4efa6470a27b196da6c25804cef2","id_apl":"APL01","key":"Apotek s"}
2026-03-27 10:48:05 - getOutlet.php - Params - tgl: 2026-03-27, encrypt: 388a4efa6470a27b196da6c25804cef2, id_apl: APL01, key: Apotek s
2026-03-27 10:48:05 - getOutlet.php - Aplikasi ditemukan: Ya
2026-03-27 10:48:05 - getOutlet.php - Key aplikasi: YbcJSFjkds...
2026-03-27 10:48:05 - getOutlet.php - Expected encrypt: 388a4efa6470a27b196da6c25804cef2
2026-03-27 10:48:05 - getOutlet.php - Received encrypt: 388a4efa6470a27b196da6c25804cef2
2026-03-27 10:48:05 - getOutlet.php - Authentication berhasil
2026-03-27 10:48:05 - getOutlet.php - Query: SELECT id_out, nama_out, '' AS alamat_out, ofcode_out
            FROM outlet 
            WHERE status_out IN ('Active', '1', 'active')
            AND (nama_out LIKE :key OR ofcode_out LIKE :key)
            ORDER BY nama_out ASC
            LIMIT 20
2026-03-27 10:48:05 - getOutlet.php - Query berhasil, mengembalikan 14 record
2026-03-27 10:48:05 - getOutlet.php - === END REQUEST ===
2026-03-27 03:48:05 - getOutlet.php - === REQUEST GETOUTLET ===
2026-03-27 03:48:05 - getOutlet.php - Method: POST
2026-03-27 03:48:05 - getOutlet.php - POST data: {"tgl":"2026-03-27","encrypt":"388a4efa6470a27b196da6c25804cef2","id_apl":"APL01","key":"Apotek soc"}
2026-03-27 10:48:05 - getOutlet.php - Params - tgl: 2026-03-27, encrypt: 388a4efa6470a27b196da6c25804cef2, id_apl: APL01, key: Apotek soc
2026-03-27 10:48:05 - getOutlet.php - Aplikasi ditemukan: Ya
2026-03-27 10:48:05 - getOutlet.php - Key aplikasi: YbcJSFjkds...
2026-03-27 10:48:05 - getOutlet.php - Expected encrypt: 388a4efa6470a27b196da6c25804cef2
2026-03-27 10:48:05 - getOutlet.php - Received encrypt: 388a4efa6470a27b196da6c25804cef2
2026-03-27 10:48:05 - getOutlet.php - Authentication berhasil
2026-03-27 10:48:05 - getOutlet.php - Query: SELECT id_out, nama_out, '' AS alamat_out, ofcode_out
            FROM outlet 
            WHERE status_out IN ('Active', '1', 'active')
            AND (nama_out LIKE :key OR ofcode_out LIKE :key)
            ORDER BY nama_out ASC
            LIMIT 20
2026-03-27 10:48:05 - getOutlet.php - Query berhasil, mengembalikan 0 record
2026-03-27 10:48:05 - getOutlet.php - === END REQUEST ===
2026-03-27 03:48:05 - getOutlet.php - === REQUEST GETOUTLET ===
2026-03-27 03:48:05 - getOutlet.php - Method: POST
2026-03-27 03:48:05 - getOutlet.php - POST data: {"tgl":"2026-03-27","encrypt":"388a4efa6470a27b196da6c25804cef2","id_apl":"APL01","key":"Apotek so"}
2026-03-27 10:48:05 - getOutlet.php - Params - tgl: 2026-03-27, encrypt: 388a4efa6470a27b196da6c25804cef2, id_apl: APL01, key: Apotek so
2026-03-27 10:48:05 - getOutlet.php - Aplikasi ditemukan: Ya
2026-03-27 10:48:05 - getOutlet.php - Key aplikasi: YbcJSFjkds...
2026-03-27 10:48:05 - getOutlet.php - Expected encrypt: 388a4efa6470a27b196da6c25804cef2
2026-03-27 10:48:05 - getOutlet.php - Received encrypt: 388a4efa6470a27b196da6c25804cef2
2026-03-27 10:48:05 - getOutlet.php - Authentication berhasil
2026-03-27 10:48:05 - getOutlet.php - Query: SELECT id_out, nama_out, '' AS alamat_out, ofcode_out
            FROM outlet 
            WHERE status_out IN ('Active', '1', 'active')
            AND (nama_out LIKE :key OR ofcode_out LIKE :key)
            ORDER BY nama_out ASC
            LIMIT 20
2026-03-27 10:48:05 - getOutlet.php - Query berhasil, mengembalikan 0 record
2026-03-27 10:48:05 - getOutlet.php - === END REQUEST ===
2026-03-27 03:48:06 - getOutlet.php - === REQUEST GETOUTLET ===
2026-03-27 03:48:06 - getOutlet.php - Method: POST
2026-03-27 03:48:06 - getOutlet.php - POST data: {"tgl":"2026-03-27","encrypt":"388a4efa6470a27b196da6c25804cef2","id_apl":"APL01","key":"Apotek s"}
2026-03-27 10:48:06 - getOutlet.php - Params - tgl: 2026-03-27, encrypt: 388a4efa6470a27b196da6c25804cef2, id_apl: APL01, key: Apotek s
2026-03-27 10:48:06 - getOutlet.php - Aplikasi ditemukan: Ya
2026-03-27 10:48:06 - getOutlet.php - Key aplikasi: YbcJSFjkds...
2026-03-27 10:48:06 - getOutlet.php - Expected encrypt: 388a4efa6470a27b196da6c25804cef2
2026-03-27 10:48:06 - getOutlet.php - Received encrypt: 388a4efa6470a27b196da6c25804cef2
2026-03-27 10:48:06 - getOutlet.php - Authentication berhasil
2026-03-27 10:48:06 - getOutlet.php - Query: SELECT id_out, nama_out, '' AS alamat_out, ofcode_out
            FROM outlet 
            WHERE status_out IN ('Active', '1', 'active')
            AND (nama_out LIKE :key OR ofcode_out LIKE :key)
            ORDER BY nama_out ASC
            LIMIT 20
2026-03-27 10:48:06 - getOutlet.php - Query berhasil, mengembalikan 14 record
2026-03-27 10:48:06 - getOutlet.php - === END REQUEST ===
2026-03-27 03:48:06 - getOutlet.php - === REQUEST GETOUTLET ===
2026-03-27 03:48:06 - getOutlet.php - Method: POST
2026-03-27 03:48:06 - getOutlet.php - POST data: {"tgl":"2026-03-27","encrypt":"388a4efa6470a27b196da6c25804cef2","id_apl":"APL01","key":"Apotek"}
2026-03-27 10:48:06 - getOutlet.php - Params - tgl: 2026-03-27, encrypt: 388a4efa6470a27b196da6c25804cef2, id_apl: APL01, key: Apotek
2026-03-27 10:48:06 - getOutlet.php - Aplikasi ditemukan: Ya
2026-03-27 10:48:06 - getOutlet.php - Key aplikasi: YbcJSFjkds...
2026-03-27 10:48:06 - getOutlet.php - Expected encrypt: 388a4efa6470a27b196da6c25804cef2
2026-03-27 10:48:06 - getOutlet.php - Received encrypt: 388a4efa6470a27b196da6c25804cef2
2026-03-27 10:48:06 - getOutlet.php - Authentication berhasil
2026-03-27 10:48:06 - getOutlet.php - Query: SELECT id_out, nama_out, '' AS alamat_out, ofcode_out
            FROM outlet 
            WHERE status_out IN ('Active', '1', 'active')
            AND (nama_out LIKE :key OR ofcode_out LIKE :key)
            ORDER BY nama_out ASC
            LIMIT 20
2026-03-27 10:48:06 - getOutlet.php - Query berhasil, mengembalikan 20 record
2026-03-27 10:48:06 - getOutlet.php - === END REQUEST ===
2026-03-27 03:48:07 - getOutlet.php - === REQUEST GETOUTLET ===
2026-03-27 03:48:07 - getOutlet.php - Method: POST
2026-03-27 03:48:07 - getOutlet.php - POST data: {"tgl":"2026-03-27","encrypt":"388a4efa6470a27b196da6c25804cef2","id_apl":"APL01","key":"Apotek d"}
2026-03-27 10:48:07 - getOutlet.php - Params - tgl: 2026-03-27, encrypt: 388a4efa6470a27b196da6c25804cef2, id_apl: APL01, key: Apotek d
2026-03-27 10:48:07 - getOutlet.php - Aplikasi ditemukan: Ya
2026-03-27 10:48:07 - getOutlet.php - Key aplikasi: YbcJSFjkds...
2026-03-27 10:48:07 - getOutlet.php - Expected encrypt: 388a4efa6470a27b196da6c25804cef2
2026-03-27 10:48:07 - getOutlet.php - Received encrypt: 388a4efa6470a27b196da6c25804cef2
2026-03-27 10:48:07 - getOutlet.php - Authentication berhasil
2026-03-27 10:48:07 - getOutlet.php - Query: SELECT id_out, nama_out, '' AS alamat_out, ofcode_out
            FROM outlet 
            WHERE status_out IN ('Active', '1', 'active')
            AND (nama_out LIKE :key OR ofcode_out LIKE :key)
            ORDER BY nama_out ASC
            LIMIT 20
2026-03-27 10:48:07 - getOutlet.php - Query berhasil, mengembalikan 4 record
2026-03-27 10:48:07 - getOutlet.php - === END REQUEST ===
2026-03-27 03:48:07 - getOutlet.php - === REQUEST GETOUTLET ===
2026-03-27 03:48:07 - getOutlet.php - Method: POST
2026-03-27 03:48:07 - getOutlet.php - POST data: {"tgl":"2026-03-27","encrypt":"388a4efa6470a27b196da6c25804cef2","id_apl":"APL01","key":"Apotek do"}
2026-03-27 10:48:07 - getOutlet.php - Params - tgl: 2026-03-27, encrypt: 388a4efa6470a27b196da6c25804cef2, id_apl: APL01, key: Apotek do
2026-03-27 10:48:07 - getOutlet.php - Aplikasi ditemukan: Ya
2026-03-27 10:48:07 - getOutlet.php - Key aplikasi: YbcJSFjkds...
2026-03-27 10:48:07 - getOutlet.php - Expected encrypt: 388a4efa6470a27b196da6c25804cef2
2026-03-27 10:48:07 - getOutlet.php - Received encrypt: 388a4efa6470a27b196da6c25804cef2
2026-03-27 10:48:07 - getOutlet.php - Authentication berhasil
2026-03-27 10:48:07 - getOutlet.php - Query: SELECT id_out, nama_out, '' AS alamat_out, ofcode_out
            FROM outlet 
            WHERE status_out IN ('Active', '1', 'active')
            AND (nama_out LIKE :key OR ofcode_out LIKE :key)
            ORDER BY nama_out ASC
            LIMIT 20
2026-03-27 10:48:07 - getOutlet.php - Query berhasil, mengembalikan 1 record
2026-03-27 10:48:07 - getOutlet.php - === END REQUEST ===
2026-03-27 03:48:07 - getOutlet.php - === REQUEST GETOUTLET ===
2026-03-27 03:48:07 - getOutlet.php - Method: POST
2026-03-27 03:48:07 - getOutlet.php - POST data: {"tgl":"2026-03-27","encrypt":"388a4efa6470a27b196da6c25804cef2","id_apl":"APL01","key":"Apotek doc"}
2026-03-27 10:48:07 - getOutlet.php - Params - tgl: 2026-03-27, encrypt: 388a4efa6470a27b196da6c25804cef2, id_apl: APL01, key: Apotek doc
2026-03-27 10:48:07 - getOutlet.php - Aplikasi ditemukan: Ya
2026-03-27 10:48:07 - getOutlet.php - Key aplikasi: YbcJSFjkds...
2026-03-27 10:48:07 - getOutlet.php - Expected encrypt: 388a4efa6470a27b196da6c25804cef2
2026-03-27 10:48:07 - getOutlet.php - Received encrypt: 388a4efa6470a27b196da6c25804cef2
2026-03-27 10:48:07 - getOutlet.php - Authentication berhasil
2026-03-27 10:48:07 - getOutlet.php - Query: SELECT id_out, nama_out, '' AS alamat_out, ofcode_out
            FROM outlet 
            WHERE status_out IN ('Active', '1', 'active')
            AND (nama_out LIKE :key OR ofcode_out LIKE :key)
            ORDER BY nama_out ASC
            LIMIT 20
2026-03-27 10:48:07 - getOutlet.php - Query berhasil, mengembalikan 1 record
2026-03-27 10:48:07 - getOutlet.php - === END REQUEST ===
2026-03-27 03:48:07 - getOutlet.php - === REQUEST GETOUTLET ===
2026-03-27 03:48:07 - getOutlet.php - Method: POST
2026-03-27 03:48:07 - getOutlet.php - POST data: {"tgl":"2026-03-27","encrypt":"388a4efa6470a27b196da6c25804cef2","id_apl":"APL01","key":"Apotek doc"}
2026-03-27 10:48:07 - getOutlet.php - Params - tgl: 2026-03-27, encrypt: 388a4efa6470a27b196da6c25804cef2, id_apl: APL01, key: Apotek doc
2026-03-27 10:48:07 - getOutlet.php - Aplikasi ditemukan: Ya
2026-03-27 10:48:07 - getOutlet.php - Key aplikasi: YbcJSFjkds...
2026-03-27 10:48:07 - getOutlet.php - Expected encrypt: 388a4efa6470a27b196da6c25804cef2
2026-03-27 10:48:07 - getOutlet.php - Received encrypt: 388a4efa6470a27b196da6c25804cef2
2026-03-27 10:48:07 - getOutlet.php - Authentication berhasil
2026-03-27 10:48:07 - getOutlet.php - Query: SELECT id_out, nama_out, '' AS alamat_out, ofcode_out
            FROM outlet 
            WHERE status_out IN ('Active', '1', 'active')
            AND (nama_out LIKE :key OR ofcode_out LIKE :key)
            ORDER BY nama_out ASC
            LIMIT 20
2026-03-27 10:48:07 - getOutlet.php - Query berhasil, mengembalikan 1 record
2026-03-27 10:48:07 - getOutlet.php - === END REQUEST ===
2026-03-27 03:48:09 - getOutlet.php - === REQUEST GETOUTLET ===
2026-03-27 03:48:09 - getOutlet.php - Method: POST
2026-03-27 03:48:09 - getOutlet.php - POST data: {"tgl":"2026-03-27","encrypt":"388a4efa6470a27b196da6c25804cef2","id_apl":"APL01","key":"Apotek Doc n Me"}
2026-03-27 10:48:09 - getOutlet.php - Params - tgl: 2026-03-27, encrypt: 388a4efa6470a27b196da6c25804cef2, id_apl: APL01, key: Apotek Doc n Me
2026-03-27 10:48:09 - getOutlet.php - Aplikasi ditemukan: Ya
2026-03-27 10:48:09 - getOutlet.php - Key aplikasi: YbcJSFjkds...
2026-03-27 10:48:09 - getOutlet.php - Expected encrypt: 388a4efa6470a27b196da6c25804cef2
2026-03-27 10:48:09 - getOutlet.php - Received encrypt: 388a4efa6470a27b196da6c25804cef2
2026-03-27 10:48:09 - getOutlet.php - Authentication berhasil
2026-03-27 10:48:09 - getOutlet.php - Query: SELECT id_out, nama_out, '' AS alamat_out, ofcode_out
            FROM outlet 
            WHERE status_out IN ('Active', '1', 'active')
            AND (nama_out LIKE :key OR ofcode_out LIKE :key)
            ORDER BY nama_out ASC
            LIMIT 20
2026-03-27 10:48:09 - getOutlet.php - Query berhasil, mengembalikan 1 record
2026-03-27 10:48:09 - getOutlet.php - === END REQUEST ===
2026-03-27 03:48:17 - getOutlet.php - === REQUEST GETOUTLET ===
2026-03-27 03:48:17 - getOutlet.php - Method: POST
2026-03-27 03:48:17 - getOutlet.php - POST data: {"tgl":"2026-03-27","encrypt":"388a4efa6470a27b196da6c25804cef2","id_apl":"APL01","key":"Pr"}
2026-03-27 10:48:17 - getOutlet.php - Params - tgl: 2026-03-27, encrypt: 388a4efa6470a27b196da6c25804cef2, id_apl: APL01, key: Pr
2026-03-27 10:48:17 - getOutlet.php - Aplikasi ditemukan: Ya
2026-03-27 10:48:17 - getOutlet.php - Key aplikasi: YbcJSFjkds...
2026-03-27 10:48:17 - getOutlet.php - Expected encrypt: 388a4efa6470a27b196da6c25804cef2
2026-03-27 10:48:17 - getOutlet.php - Received encrypt: 388a4efa6470a27b196da6c25804cef2
2026-03-27 10:48:17 - getOutlet.php - Authentication berhasil
2026-03-27 10:48:17 - getOutlet.php - Query: SELECT id_out, nama_out, '' AS alamat_out, ofcode_out
            FROM outlet 
            WHERE status_out IN ('Active', '1', 'active')
            AND (nama_out LIKE :key OR ofcode_out LIKE :key)
            ORDER BY nama_out ASC
            LIMIT 20
2026-03-27 10:48:17 - getOutlet.php - Query berhasil, mengembalikan 20 record
2026-03-27 10:48:17 - getOutlet.php - === END REQUEST ===
2026-03-27 03:48:17 - getOutlet.php - === REQUEST GETOUTLET ===
2026-03-27 03:48:17 - getOutlet.php - Method: POST
2026-03-27 03:48:17 - getOutlet.php - POST data: {"tgl":"2026-03-27","encrypt":"388a4efa6470a27b196da6c25804cef2","id_apl":"APL01","key":"Pri"}
2026-03-27 10:48:17 - getOutlet.php - Params - tgl: 2026-03-27, encrypt: 388a4efa6470a27b196da6c25804cef2, id_apl: APL01, key: Pri
2026-03-27 10:48:17 - getOutlet.php - Aplikasi ditemukan: Ya
2026-03-27 10:48:17 - getOutlet.php - Key aplikasi: YbcJSFjkds...
2026-03-27 10:48:17 - getOutlet.php - Expected encrypt: 388a4efa6470a27b196da6c25804cef2
2026-03-27 10:48:17 - getOutlet.php - Received encrypt: 388a4efa6470a27b196da6c25804cef2
2026-03-27 10:48:17 - getOutlet.php - Authentication berhasil
2026-03-27 10:48:17 - getOutlet.php - Query: SELECT id_out, nama_out, '' AS alamat_out, ofcode_out
            FROM outlet 
            WHERE status_out IN ('Active', '1', 'active')
            AND (nama_out LIKE :key OR ofcode_out LIKE :key)
            ORDER BY nama_out ASC
            LIMIT 20
2026-03-27 10:48:17 - getOutlet.php - Query berhasil, mengembalikan 20 record
2026-03-27 10:48:17 - getOutlet.php - === END REQUEST ===
2026-03-27 03:48:18 - getOutlet.php - === REQUEST GETOUTLET ===
2026-03-27 03:48:18 - getOutlet.php - Method: POST
2026-03-27 03:48:18 - getOutlet.php - POST data: {"tgl":"2026-03-27","encrypt":"388a4efa6470a27b196da6c25804cef2","id_apl":"APL01","key":"Primaya"}
2026-03-27 10:48:18 - getOutlet.php - Params - tgl: 2026-03-27, encrypt: 388a4efa6470a27b196da6c25804cef2, id_apl: APL01, key: Primaya
2026-03-27 10:48:18 - getOutlet.php - Aplikasi ditemukan: Ya
2026-03-27 10:48:18 - getOutlet.php - Key aplikasi: YbcJSFjkds...
2026-03-27 10:48:18 - getOutlet.php - Expected encrypt: 388a4efa6470a27b196da6c25804cef2
2026-03-27 10:48:18 - getOutlet.php - Received encrypt: 388a4efa6470a27b196da6c25804cef2
2026-03-27 10:48:18 - getOutlet.php - Authentication berhasil
2026-03-27 10:48:18 - getOutlet.php - Query: SELECT id_out, nama_out, '' AS alamat_out, ofcode_out
            FROM outlet 
            WHERE status_out IN ('Active', '1', 'active')
            AND (nama_out LIKE :key OR ofcode_out LIKE :key)
            ORDER BY nama_out ASC
            LIMIT 20
2026-03-27 10:48:18 - getOutlet.php - Query berhasil, mengembalikan 12 record
2026-03-27 10:48:18 - getOutlet.php - === END REQUEST ===
2026-03-27 03:48:18 - getOutlet.php - === REQUEST GETOUTLET ===
2026-03-27 03:48:18 - getOutlet.php - Method: POST
2026-03-27 03:48:18 - getOutlet.php - POST data: {"tgl":"2026-03-27","encrypt":"388a4efa6470a27b196da6c25804cef2","id_apl":"APL01","key":"Primaya pasar"}
2026-03-27 10:48:18 - getOutlet.php - Params - tgl: 2026-03-27, encrypt: 388a4efa6470a27b196da6c25804cef2, id_apl: APL01, key: Primaya pasar
2026-03-27 10:48:18 - getOutlet.php - Aplikasi ditemukan: Ya
2026-03-27 10:48:18 - getOutlet.php - Key aplikasi: YbcJSFjkds...
2026-03-27 10:48:18 - getOutlet.php - Expected encrypt: 388a4efa6470a27b196da6c25804cef2
2026-03-27 10:48:18 - getOutlet.php - Received encrypt: 388a4efa6470a27b196da6c25804cef2
2026-03-27 10:48:18 - getOutlet.php - Authentication berhasil
2026-03-27 10:48:18 - getOutlet.php - Query: SELECT id_out, nama_out, '' AS alamat_out, ofcode_out
            FROM outlet 
            WHERE status_out IN ('Active', '1', 'active')
            AND (nama_out LIKE :key OR ofcode_out LIKE :key)
            ORDER BY nama_out ASC
            LIMIT 20
2026-03-27 10:48:18 - getOutlet.php - Query berhasil, mengembalikan 1 record
2026-03-27 10:48:18 - getOutlet.php - === END REQUEST ===
2026-03-27 03:48:19 - getOutlet.php - === REQUEST GETOUTLET ===
2026-03-27 03:48:19 - getOutlet.php - Method: POST
2026-03-27 03:48:19 - getOutlet.php - POST data: {"tgl":"2026-03-27","encrypt":"388a4efa6470a27b196da6c25804cef2","id_apl":"APL01","key":"Primaya pasar Kemis"}
2026-03-27 10:48:19 - getOutlet.php - Params - tgl: 2026-03-27, encrypt: 388a4efa6470a27b196da6c25804cef2, id_apl: APL01, key: Primaya pasar Kemis
2026-03-27 10:48:19 - getOutlet.php - Aplikasi ditemukan: Ya
2026-03-27 10:48:19 - getOutlet.php - Key aplikasi: YbcJSFjkds...
2026-03-27 10:48:19 - getOutlet.php - Expected encrypt: 388a4efa6470a27b196da6c25804cef2
2026-03-27 10:48:19 - getOutlet.php - Received encrypt: 388a4efa6470a27b196da6c25804cef2
2026-03-27 10:48:19 - getOutlet.php - Authentication berhasil
2026-03-27 10:48:19 - getOutlet.php - Query: SELECT id_out, nama_out, '' AS alamat_out, ofcode_out
            FROM outlet 
            WHERE status_out IN ('Active', '1', 'active')
            AND (nama_out LIKE :key OR ofcode_out LIKE :key)
            ORDER BY nama_out ASC
            LIMIT 20
2026-03-27 10:48:19 - getOutlet.php - Query berhasil, mengembalikan 1 record
2026-03-27 10:48:19 - getOutlet.php - === END REQUEST ===
2026-03-27 03:48:20 - getOutlet.php - === REQUEST GETOUTLET ===
2026-03-27 03:48:20 - getOutlet.php - Method: POST
2026-03-27 03:48:20 - getOutlet.php - POST data: {"tgl":"2026-03-27","encrypt":"388a4efa6470a27b196da6c25804cef2","id_apl":"APL01","key":"RS PRIMAYA PASAR KEMIS"}
2026-03-27 10:48:20 - getOutlet.php - Params - tgl: 2026-03-27, encrypt: 388a4efa6470a27b196da6c25804cef2, id_apl: APL01, key: RS PRIMAYA PASAR KEMIS
2026-03-27 10:48:20 - getOutlet.php - Aplikasi ditemukan: Ya
2026-03-27 10:48:20 - getOutlet.php - Key aplikasi: YbcJSFjkds...
2026-03-27 10:48:20 - getOutlet.php - Expected encrypt: 388a4efa6470a27b196da6c25804cef2
2026-03-27 10:48:20 - getOutlet.php - Received encrypt: 388a4efa6470a27b196da6c25804cef2
2026-03-27 10:48:20 - getOutlet.php - Authentication berhasil
2026-03-27 10:48:20 - getOutlet.php - Query: SELECT id_out, nama_out, '' AS alamat_out, ofcode_out
            FROM outlet 
            WHERE status_out IN ('Active', '1', 'active')
            AND (nama_out LIKE :key OR ofcode_out LIKE :key)
            ORDER BY nama_out ASC
            LIMIT 20
2026-03-27 10:48:20 - getOutlet.php - Query berhasil, mengembalikan 1 record
2026-03-27 10:48:20 - getOutlet.php - === END REQUEST ===
2026-03-27 03:49:30 - getOutlet.php - === REQUEST GETOUTLET ===
2026-03-27 03:49:30 - getOutlet.php - Method: POST
2026-03-27 03:49:30 - getOutlet.php - POST data: {"tgl":"2026-03-27","encrypt":"388a4efa6470a27b196da6c25804cef2","id_apl":"APL01","key":"Ap"}
2026-03-27 10:49:30 - getOutlet.php - Params - tgl: 2026-03-27, encrypt: 388a4efa6470a27b196da6c25804cef2, id_apl: APL01, key: Ap
2026-03-27 10:49:30 - getOutlet.php - Aplikasi ditemukan: Ya
2026-03-27 10:49:30 - getOutlet.php - Key aplikasi: YbcJSFjkds...
2026-03-27 10:49:30 - getOutlet.php - Expected encrypt: 388a4efa6470a27b196da6c25804cef2
2026-03-27 10:49:30 - getOutlet.php - Received encrypt: 388a4efa6470a27b196da6c25804cef2
2026-03-27 10:49:30 - getOutlet.php - Authentication berhasil
2026-03-27 10:49:30 - getOutlet.php - Query: SELECT id_out, nama_out, '' AS alamat_out, ofcode_out
            FROM outlet 
            WHERE status_out IN ('Active', '1', 'active')
            AND (nama_out LIKE :key OR ofcode_out LIKE :key)
            ORDER BY nama_out ASC
            LIMIT 20
2026-03-27 10:49:30 - getOutlet.php - Query berhasil, mengembalikan 20 record
2026-03-27 10:49:30 - getOutlet.php - === END REQUEST ===
2026-03-27 03:49:31 - getOutlet.php - === REQUEST GETOUTLET ===
2026-03-27 03:49:31 - getOutlet.php - Method: POST
2026-03-27 03:49:31 - getOutlet.php - POST data: {"tgl":"2026-03-27","encrypt":"388a4efa6470a27b196da6c25804cef2","id_apl":"APL01","key":"Apt"}
2026-03-27 10:49:31 - getOutlet.php - Params - tgl: 2026-03-27, encrypt: 388a4efa6470a27b196da6c25804cef2, id_apl: APL01, key: Apt
2026-03-27 10:49:31 - getOutlet.php - Aplikasi ditemukan: Ya
2026-03-27 10:49:31 - getOutlet.php - Key aplikasi: YbcJSFjkds...
2026-03-27 10:49:31 - getOutlet.php - Expected encrypt: 388a4efa6470a27b196da6c25804cef2
2026-03-27 10:49:31 - getOutlet.php - Received encrypt: 388a4efa6470a27b196da6c25804cef2
2026-03-27 10:49:31 - getOutlet.php - Authentication berhasil
2026-03-27 10:49:31 - getOutlet.php - Query: SELECT id_out, nama_out, '' AS alamat_out, ofcode_out
            FROM outlet 
            WHERE status_out IN ('Active', '1', 'active')
            AND (nama_out LIKE :key OR ofcode_out LIKE :key)
            ORDER BY nama_out ASC
            LIMIT 20
2026-03-27 10:49:31 - getOutlet.php - Query berhasil, mengembalikan 2 record
2026-03-27 10:49:31 - getOutlet.php - === END REQUEST ===
2026-03-27 03:49:38 - getOutlet.php - === REQUEST GETOUTLET ===
2026-03-27 03:49:38 - getOutlet.php - Method: POST
2026-03-27 03:49:38 - getOutlet.php - POST data: {"tgl":"2026-03-27","encrypt":"388a4efa6470a27b196da6c25804cef2","id_apl":"APL01","key":"Apt"}
2026-03-27 10:49:38 - getOutlet.php - Params - tgl: 2026-03-27, encrypt: 388a4efa6470a27b196da6c25804cef2, id_apl: APL01, key: Apt
2026-03-27 10:49:38 - getOutlet.php - Aplikasi ditemukan: Ya
2026-03-27 10:49:38 - getOutlet.php - Key aplikasi: YbcJSFjkds...
2026-03-27 10:49:38 - getOutlet.php - Expected encrypt: 388a4efa6470a27b196da6c25804cef2
2026-03-27 10:49:38 - getOutlet.php - Received encrypt: 388a4efa6470a27b196da6c25804cef2
2026-03-27 10:49:38 - getOutlet.php - Authentication berhasil
2026-03-27 10:49:38 - getOutlet.php - Query: SELECT id_out, nama_out, '' AS alamat_out, ofcode_out
            FROM outlet 
            WHERE status_out IN ('Active', '1', 'active')
            AND (nama_out LIKE :key OR ofcode_out LIKE :key)
            ORDER BY nama_out ASC
            LIMIT 20
2026-03-27 10:49:38 - getOutlet.php - Query berhasil, mengembalikan 2 record
2026-03-27 10:49:38 - getOutlet.php - === END REQUEST ===
2026-03-27 03:49:38 - getOutlet.php - === REQUEST GETOUTLET ===
2026-03-27 03:49:38 - getOutlet.php - Method: POST
2026-03-27 03:49:38 - getOutlet.php - POST data: {"tgl":"2026-03-27","encrypt":"388a4efa6470a27b196da6c25804cef2","id_apl":"APL01","key":"Apt"}
2026-03-27 10:49:38 - getOutlet.php - Params - tgl: 2026-03-27, encrypt: 388a4efa6470a27b196da6c25804cef2, id_apl: APL01, key: Apt
2026-03-27 10:49:38 - getOutlet.php - Aplikasi ditemukan: Ya
2026-03-27 10:49:38 - getOutlet.php - Key aplikasi: YbcJSFjkds...
2026-03-27 10:49:38 - getOutlet.php - Expected encrypt: 388a4efa6470a27b196da6c25804cef2
2026-03-27 10:49:38 - getOutlet.php - Received encrypt: 388a4efa6470a27b196da6c25804cef2
2026-03-27 10:49:38 - getOutlet.php - Authentication berhasil
2026-03-27 10:49:38 - getOutlet.php - Query: SELECT id_out, nama_out, '' AS alamat_out, ofcode_out
            FROM outlet 
            WHERE status_out IN ('Active', '1', 'active')
            AND (nama_out LIKE :key OR ofcode_out LIKE :key)
            ORDER BY nama_out ASC
            LIMIT 20
2026-03-27 10:49:38 - getOutlet.php - Query berhasil, mengembalikan 2 record
2026-03-27 10:49:38 - getOutlet.php - === END REQUEST ===
2026-03-27 03:49:38 - getOutlet.php - === REQUEST GETOUTLET ===
2026-03-27 03:49:38 - getOutlet.php - Method: POST
2026-03-27 03:49:38 - getOutlet.php - POST data: {"tgl":"2026-03-27","encrypt":"388a4efa6470a27b196da6c25804cef2","id_apl":"APL01","key":"Apt."}
2026-03-27 10:49:38 - getOutlet.php - Params - tgl: 2026-03-27, encrypt: 388a4efa6470a27b196da6c25804cef2, id_apl: APL01, key: Apt.
2026-03-27 10:49:38 - getOutlet.php - Aplikasi ditemukan: Ya
2026-03-27 10:49:38 - getOutlet.php - Key aplikasi: YbcJSFjkds...
2026-03-27 10:49:38 - getOutlet.php - Expected encrypt: 388a4efa6470a27b196da6c25804cef2
2026-03-27 10:49:38 - getOutlet.php - Received encrypt: 388a4efa6470a27b196da6c25804cef2
2026-03-27 10:49:38 - getOutlet.php - Authentication berhasil
2026-03-27 10:49:38 - getOutlet.php - Query: SELECT id_out, nama_out, '' AS alamat_out, ofcode_out
            FROM outlet 
            WHERE status_out IN ('Active', '1', 'active')
            AND (nama_out LIKE :key OR ofcode_out LIKE :key)
            ORDER BY nama_out ASC
            LIMIT 20
2026-03-27 10:49:38 - getOutlet.php - Query berhasil, mengembalikan 1 record
2026-03-27 10:49:38 - getOutlet.php - === END REQUEST ===
2026-03-27 03:49:39 - getOutlet.php - === REQUEST GETOUTLET ===
2026-03-27 03:49:39 - getOutlet.php - Method: POST
2026-03-27 03:49:39 - getOutlet.php - POST data: {"tgl":"2026-03-27","encrypt":"388a4efa6470a27b196da6c25804cef2","id_apl":"APL01","key":"Apt."}
2026-03-27 10:49:39 - getOutlet.php - Params - tgl: 2026-03-27, encrypt: 388a4efa6470a27b196da6c25804cef2, id_apl: APL01, key: Apt.
2026-03-27 10:49:39 - getOutlet.php - Aplikasi ditemukan: Ya
2026-03-27 10:49:39 - getOutlet.php - Key aplikasi: YbcJSFjkds...
2026-03-27 10:49:39 - getOutlet.php - Expected encrypt: 388a4efa6470a27b196da6c25804cef2
2026-03-27 10:49:39 - getOutlet.php - Received encrypt: 388a4efa6470a27b196da6c25804cef2
2026-03-27 10:49:39 - getOutlet.php - Authentication berhasil
2026-03-27 10:49:39 - getOutlet.php - Query: SELECT id_out, nama_out, '' AS alamat_out, ofcode_out
            FROM outlet 
            WHERE status_out IN ('Active', '1', 'active')
            AND (nama_out LIKE :key OR ofcode_out LIKE :key)
            ORDER BY nama_out ASC
            LIMIT 20
2026-03-27 10:49:39 - getOutlet.php - Query berhasil, mengembalikan 1 record
2026-03-27 10:49:39 - getOutlet.php - === END REQUEST ===
2026-03-27 03:49:40 - getOutlet.php - === REQUEST GETOUTLET ===
2026-03-27 03:49:40 - getOutlet.php - Method: POST
2026-03-27 03:49:40 - getOutlet.php - POST data: {"tgl":"2026-03-27","encrypt":"388a4efa6470a27b196da6c25804cef2","id_apl":"APL01","key":"Apt. C"}
2026-03-27 10:49:40 - getOutlet.php - Params - tgl: 2026-03-27, encrypt: 388a4efa6470a27b196da6c25804cef2, id_apl: APL01, key: Apt. C
2026-03-27 10:49:40 - getOutlet.php - Aplikasi ditemukan: Ya
2026-03-27 10:49:40 - getOutlet.php - Key aplikasi: YbcJSFjkds...
2026-03-27 10:49:40 - getOutlet.php - Expected encrypt: 388a4efa6470a27b196da6c25804cef2
2026-03-27 10:49:40 - getOutlet.php - Received encrypt: 388a4efa6470a27b196da6c25804cef2
2026-03-27 10:49:40 - getOutlet.php - Authentication berhasil
2026-03-27 10:49:40 - getOutlet.php - Query: SELECT id_out, nama_out, '' AS alamat_out, ofcode_out
            FROM outlet 
            WHERE status_out IN ('Active', '1', 'active')
            AND (nama_out LIKE :key OR ofcode_out LIKE :key)
            ORDER BY nama_out ASC
            LIMIT 20
2026-03-27 10:49:40 - getOutlet.php - Query berhasil, mengembalikan 1 record
2026-03-27 10:49:40 - getOutlet.php - === END REQUEST ===
2026-03-27 03:49:40 - getOutlet.php - === REQUEST GETOUTLET ===
2026-03-27 03:49:40 - getOutlet.php - Method: POST
2026-03-27 03:49:40 - getOutlet.php - POST data: {"tgl":"2026-03-27","encrypt":"388a4efa6470a27b196da6c25804cef2","id_apl":"APL01","key":"Apt. Ca"}
2026-03-27 10:49:40 - getOutlet.php - Params - tgl: 2026-03-27, encrypt: 388a4efa6470a27b196da6c25804cef2, id_apl: APL01, key: Apt. Ca
2026-03-27 10:49:40 - getOutlet.php - Aplikasi ditemukan: Ya
2026-03-27 10:49:40 - getOutlet.php - Key aplikasi: YbcJSFjkds...
2026-03-27 10:49:40 - getOutlet.php - Expected encrypt: 388a4efa6470a27b196da6c25804cef2
2026-03-27 10:49:40 - getOutlet.php - Received encrypt: 388a4efa6470a27b196da6c25804cef2
2026-03-27 10:49:40 - getOutlet.php - Authentication berhasil
2026-03-27 10:49:40 - getOutlet.php - Query: SELECT id_out, nama_out, '' AS alamat_out, ofcode_out
            FROM outlet 
            WHERE status_out IN ('Active', '1', 'active')
            AND (nama_out LIKE :key OR ofcode_out LIKE :key)
            ORDER BY nama_out ASC
            LIMIT 20
2026-03-27 10:49:40 - getOutlet.php - Query berhasil, mengembalikan 1 record
2026-03-27 10:49:40 - getOutlet.php - === END REQUEST ===
2026-03-27 03:49:40 - getOutlet.php - === REQUEST GETOUTLET ===
2026-03-27 03:49:40 - getOutlet.php - Method: POST
2026-03-27 03:49:40 - getOutlet.php - POST data: {"tgl":"2026-03-27","encrypt":"388a4efa6470a27b196da6c25804cef2","id_apl":"APL01","key":"Apt. Cah"}
2026-03-27 10:49:40 - getOutlet.php - Params - tgl: 2026-03-27, encrypt: 388a4efa6470a27b196da6c25804cef2, id_apl: APL01, key: Apt. Cah
2026-03-27 10:49:40 - getOutlet.php - Aplikasi ditemukan: Ya
2026-03-27 10:49:40 - getOutlet.php - Key aplikasi: YbcJSFjkds...
2026-03-27 10:49:40 - getOutlet.php - Expected encrypt: 388a4efa6470a27b196da6c25804cef2
2026-03-27 10:49:40 - getOutlet.php - Received encrypt: 388a4efa6470a27b196da6c25804cef2
2026-03-27 10:49:40 - getOutlet.php - Authentication berhasil
2026-03-27 10:49:40 - getOutlet.php - Query: SELECT id_out, nama_out, '' AS alamat_out, ofcode_out
            FROM outlet 
            WHERE status_out IN ('Active', '1', 'active')
            AND (nama_out LIKE :key OR ofcode_out LIKE :key)
            ORDER BY nama_out ASC
            LIMIT 20
2026-03-27 10:49:40 - getOutlet.php - Query berhasil, mengembalikan 1 record
2026-03-27 10:49:40 - getOutlet.php - === END REQUEST ===
2026-03-27 03:49:40 - getOutlet.php - === REQUEST GETOUTLET ===
2026-03-27 03:49:40 - getOutlet.php - Method: POST
2026-03-27 03:49:40 - getOutlet.php - POST data: {"tgl":"2026-03-27","encrypt":"388a4efa6470a27b196da6c25804cef2","id_apl":"APL01","key":"Apt. Caha"}
2026-03-27 10:49:40 - getOutlet.php - Params - tgl: 2026-03-27, encrypt: 388a4efa6470a27b196da6c25804cef2, id_apl: APL01, key: Apt. Caha
2026-03-27 10:49:40 - getOutlet.php - Aplikasi ditemukan: Ya
2026-03-27 10:49:40 - getOutlet.php - Key aplikasi: YbcJSFjkds...
2026-03-27 10:49:40 - getOutlet.php - Expected encrypt: 388a4efa6470a27b196da6c25804cef2
2026-03-27 10:49:40 - getOutlet.php - Received encrypt: 388a4efa6470a27b196da6c25804cef2
2026-03-27 10:49:40 - getOutlet.php - Authentication berhasil
2026-03-27 10:49:40 - getOutlet.php - Query: SELECT id_out, nama_out, '' AS alamat_out, ofcode_out
            FROM outlet 
            WHERE status_out IN ('Active', '1', 'active')
            AND (nama_out LIKE :key OR ofcode_out LIKE :key)
            ORDER BY nama_out ASC
            LIMIT 20
2026-03-27 10:49:40 - getOutlet.php - Query berhasil, mengembalikan 1 record
2026-03-27 10:49:40 - getOutlet.php - === END REQUEST ===
2026-03-27 03:49:41 - getOutlet.php - === REQUEST GETOUTLET ===
2026-03-27 03:49:41 - getOutlet.php - Method: POST
2026-03-27 03:49:41 - getOutlet.php - POST data: {"tgl":"2026-03-27","encrypt":"388a4efa6470a27b196da6c25804cef2","id_apl":"APL01","key":"Apt. Cahaya"}
2026-03-27 10:49:41 - getOutlet.php - Params - tgl: 2026-03-27, encrypt: 388a4efa6470a27b196da6c25804cef2, id_apl: APL01, key: Apt. Cahaya
2026-03-27 10:49:41 - getOutlet.php - Aplikasi ditemukan: Ya
2026-03-27 10:49:41 - getOutlet.php - Key aplikasi: YbcJSFjkds...
2026-03-27 10:49:41 - getOutlet.php - Expected encrypt: 388a4efa6470a27b196da6c25804cef2
2026-03-27 10:49:41 - getOutlet.php - Received encrypt: 388a4efa6470a27b196da6c25804cef2
2026-03-27 10:49:41 - getOutlet.php - Authentication berhasil
2026-03-27 10:49:41 - getOutlet.php - Query: SELECT id_out, nama_out, '' AS alamat_out, ofcode_out
            FROM outlet 
            WHERE status_out IN ('Active', '1', 'active')
            AND (nama_out LIKE :key OR ofcode_out LIKE :key)
            ORDER BY nama_out ASC
            LIMIT 20
2026-03-27 10:49:41 - getOutlet.php - Query berhasil, mengembalikan 1 record
2026-03-27 10:49:41 - getOutlet.php - === END REQUEST ===
2026-03-27 03:49:43 - getOutlet.php - === REQUEST GETOUTLET ===
2026-03-27 03:49:43 - getOutlet.php - Method: POST
2026-03-27 03:49:43 - getOutlet.php - POST data: {"tgl":"2026-03-27","encrypt":"388a4efa6470a27b196da6c25804cef2","id_apl":"APL01","key":"Apt. CAHAYA BERKAH"}
2026-03-27 10:49:43 - getOutlet.php - Params - tgl: 2026-03-27, encrypt: 388a4efa6470a27b196da6c25804cef2, id_apl: APL01, key: Apt. CAHAYA BERKAH
2026-03-27 10:49:43 - getOutlet.php - Aplikasi ditemukan: Ya
2026-03-27 10:49:43 - getOutlet.php - Key aplikasi: YbcJSFjkds...
2026-03-27 10:49:43 - getOutlet.php - Expected encrypt: 388a4efa6470a27b196da6c25804cef2
2026-03-27 10:49:43 - getOutlet.php - Received encrypt: 388a4efa6470a27b196da6c25804cef2
2026-03-27 10:49:43 - getOutlet.php - Authentication berhasil
2026-03-27 10:49:43 - getOutlet.php - Query: SELECT id_out, nama_out, '' AS alamat_out, ofcode_out
            FROM outlet 
            WHERE status_out IN ('Active', '1', 'active')
            AND (nama_out LIKE :key OR ofcode_out LIKE :key)
            ORDER BY nama_out ASC
            LIMIT 20
2026-03-27 10:49:43 - getOutlet.php - Query berhasil, mengembalikan 1 record
2026-03-27 10:49:43 - getOutlet.php - === END REQUEST ===
2026-03-27 03:50:11 - getOutlet.php - === REQUEST GETOUTLET ===
2026-03-27 03:50:11 - getOutlet.php - Method: POST
2026-03-27 03:50:11 - getOutlet.php - POST data: {"tgl":"2026-03-27","encrypt":"388a4efa6470a27b196da6c25804cef2","id_apl":"APL01","key":"Rs"}
2026-03-27 10:50:11 - getOutlet.php - Params - tgl: 2026-03-27, encrypt: 388a4efa6470a27b196da6c25804cef2, id_apl: APL01, key: Rs
2026-03-27 10:50:11 - getOutlet.php - Aplikasi ditemukan: Ya
2026-03-27 10:50:11 - getOutlet.php - Key aplikasi: YbcJSFjkds...
2026-03-27 10:50:11 - getOutlet.php - Expected encrypt: 388a4efa6470a27b196da6c25804cef2
2026-03-27 10:50:11 - getOutlet.php - Received encrypt: 388a4efa6470a27b196da6c25804cef2
2026-03-27 10:50:11 - getOutlet.php - Authentication berhasil
2026-03-27 10:50:11 - getOutlet.php - Query: SELECT id_out, nama_out, '' AS alamat_out, ofcode_out
            FROM outlet 
            WHERE status_out IN ('Active', '1', 'active')
            AND (nama_out LIKE :key OR ofcode_out LIKE :key)
            ORDER BY nama_out ASC
            LIMIT 20
2026-03-27 10:50:11 - getOutlet.php - Query berhasil, mengembalikan 20 record
2026-03-27 10:50:11 - getOutlet.php - === END REQUEST ===
2026-03-27 03:50:11 - getOutlet.php - === REQUEST GETOUTLET ===
2026-03-27 03:50:11 - getOutlet.php - Method: POST
2026-03-27 03:50:11 - getOutlet.php - POST data: {"tgl":"2026-03-27","encrypt":"388a4efa6470a27b196da6c25804cef2","id_apl":"APL01","key":"RS"}
2026-03-27 10:50:11 - getOutlet.php - Params - tgl: 2026-03-27, encrypt: 388a4efa6470a27b196da6c25804cef2, id_apl: APL01, key: RS
2026-03-27 10:50:11 - getOutlet.php - Aplikasi ditemukan: Ya
2026-03-27 10:50:11 - getOutlet.php - Key aplikasi: YbcJSFjkds...
2026-03-27 10:50:11 - getOutlet.php - Expected encrypt: 388a4efa6470a27b196da6c25804cef2
2026-03-27 10:50:11 - getOutlet.php - Received encrypt: 388a4efa6470a27b196da6c25804cef2
2026-03-27 10:50:11 - getOutlet.php - Authentication berhasil
2026-03-27 10:50:11 - getOutlet.php - Query: SELECT id_out, nama_out, '' AS alamat_out, ofcode_out
            FROM outlet 
            WHERE status_out IN ('Active', '1', 'active')
            AND (nama_out LIKE :key OR ofcode_out LIKE :key)
            ORDER BY nama_out ASC
            LIMIT 20
2026-03-27 10:50:11 - getOutlet.php - Query berhasil, mengembalikan 20 record
2026-03-27 10:50:11 - getOutlet.php - === END REQUEST ===
2026-03-27 03:50:11 - getOutlet.php - === REQUEST GETOUTLET ===
2026-03-27 03:50:11 - getOutlet.php - Method: POST
2026-03-27 03:50:11 - getOutlet.php - POST data: {"tgl":"2026-03-27","encrypt":"388a4efa6470a27b196da6c25804cef2","id_apl":"APL01","key":"RS a"}
2026-03-27 10:50:11 - getOutlet.php - Params - tgl: 2026-03-27, encrypt: 388a4efa6470a27b196da6c25804cef2, id_apl: APL01, key: RS a
2026-03-27 10:50:11 - getOutlet.php - Aplikasi ditemukan: Ya
2026-03-27 10:50:11 - getOutlet.php - Key aplikasi: YbcJSFjkds...
2026-03-27 10:50:11 - getOutlet.php - Expected encrypt: 388a4efa6470a27b196da6c25804cef2
2026-03-27 10:50:11 - getOutlet.php - Received encrypt: 388a4efa6470a27b196da6c25804cef2
2026-03-27 10:50:11 - getOutlet.php - Authentication berhasil
2026-03-27 10:50:11 - getOutlet.php - Query: SELECT id_out, nama_out, '' AS alamat_out, ofcode_out
            FROM outlet 
            WHERE status_out IN ('Active', '1', 'active')
            AND (nama_out LIKE :key OR ofcode_out LIKE :key)
            ORDER BY nama_out ASC
            LIMIT 20
2026-03-27 10:50:11 - getOutlet.php - Query berhasil, mengembalikan 18 record
2026-03-27 10:50:11 - getOutlet.php - === END REQUEST ===
2026-03-27 03:50:12 - getOutlet.php - === REQUEST GETOUTLET ===
2026-03-27 03:50:12 - getOutlet.php - Method: POST
2026-03-27 03:50:12 - getOutlet.php - POST data: {"tgl":"2026-03-27","encrypt":"388a4efa6470a27b196da6c25804cef2","id_apl":"APL01","key":"RS ab"}
2026-03-27 10:50:12 - getOutlet.php - Params - tgl: 2026-03-27, encrypt: 388a4efa6470a27b196da6c25804cef2, id_apl: APL01, key: RS ab
2026-03-27 10:50:12 - getOutlet.php - Aplikasi ditemukan: Ya
2026-03-27 10:50:12 - getOutlet.php - Key aplikasi: YbcJSFjkds...
2026-03-27 10:50:12 - getOutlet.php - Expected encrypt: 388a4efa6470a27b196da6c25804cef2
2026-03-27 10:50:12 - getOutlet.php - Received encrypt: 388a4efa6470a27b196da6c25804cef2
2026-03-27 10:50:12 - getOutlet.php - Authentication berhasil
2026-03-27 10:50:12 - getOutlet.php - Query: SELECT id_out, nama_out, '' AS alamat_out, ofcode_out
            FROM outlet 
            WHERE status_out IN ('Active', '1', 'active')
            AND (nama_out LIKE :key OR ofcode_out LIKE :key)
            ORDER BY nama_out ASC
            LIMIT 20
2026-03-27 10:50:12 - getOutlet.php - Query berhasil, mengembalikan 0 record
2026-03-27 10:50:12 - getOutlet.php - === END REQUEST ===
2026-03-27 03:50:13 - getOutlet.php - === REQUEST GETOUTLET ===
2026-03-27 03:50:13 - getOutlet.php - Method: POST
2026-03-27 03:50:13 - getOutlet.php - POST data: {"tgl":"2026-03-27","encrypt":"388a4efa6470a27b196da6c25804cef2","id_apl":"APL01","key":"RS"}
2026-03-27 10:50:13 - getOutlet.php - Params - tgl: 2026-03-27, encrypt: 388a4efa6470a27b196da6c25804cef2, id_apl: APL01, key: RS
2026-03-27 10:50:13 - getOutlet.php - Aplikasi ditemukan: Ya
2026-03-27 03:50:13 - getOutlet.php - === REQUEST GETOUTLET ===
2026-03-27 10:50:13 - getOutlet.php - Key aplikasi: YbcJSFjkds...
2026-03-27 03:50:13 - getOutlet.php - Method: POST
2026-03-27 10:50:13 - getOutlet.php - Expected encrypt: 388a4efa6470a27b196da6c25804cef2
2026-03-27 03:50:13 - getOutlet.php - POST data: {"tgl":"2026-03-27","encrypt":"388a4efa6470a27b196da6c25804cef2","id_apl":"APL01","key":"RS An"}
2026-03-27 10:50:13 - getOutlet.php - Received encrypt: 388a4efa6470a27b196da6c25804cef2
2026-03-27 10:50:13 - getOutlet.php - Params - tgl: 2026-03-27, encrypt: 388a4efa6470a27b196da6c25804cef2, id_apl: APL01, key: RS An
2026-03-27 10:50:13 - getOutlet.php - Authentication berhasil
2026-03-27 10:50:13 - getOutlet.php - Aplikasi ditemukan: Ya
2026-03-27 10:50:13 - getOutlet.php - Key aplikasi: YbcJSFjkds...
2026-03-27 10:50:13 - getOutlet.php - Expected encrypt: 388a4efa6470a27b196da6c25804cef2
2026-03-27 10:50:13 - getOutlet.php - Received encrypt: 388a4efa6470a27b196da6c25804cef2
2026-03-27 10:50:13 - getOutlet.php - Authentication berhasil
2026-03-27 10:50:13 - getOutlet.php - Query: SELECT id_out, nama_out, '' AS alamat_out, ofcode_out
            FROM outlet 
            WHERE status_out IN ('Active', '1', 'active')
            AND (nama_out LIKE :key OR ofcode_out LIKE :key)
            ORDER BY nama_out ASC
            LIMIT 20
2026-03-27 10:50:13 - getOutlet.php - Query: SELECT id_out, nama_out, '' AS alamat_out, ofcode_out
            FROM outlet 
            WHERE status_out IN ('Active', '1', 'active')
            AND (nama_out LIKE :key OR ofcode_out LIKE :key)
            ORDER BY nama_out ASC
            LIMIT 20
2026-03-27 10:50:13 - getOutlet.php - Query berhasil, mengembalikan 20 record
2026-03-27 10:50:13 - getOutlet.php - === END REQUEST ===
2026-03-27 10:50:13 - getOutlet.php - Query berhasil, mengembalikan 8 record
2026-03-27 10:50:13 - getOutlet.php - === END REQUEST ===
2026-03-27 03:50:13 - getOutlet.php - === REQUEST GETOUTLET ===
2026-03-27 03:50:13 - getOutlet.php - Method: POST
2026-03-27 03:50:13 - getOutlet.php - POST data: {"tgl":"2026-03-27","encrypt":"388a4efa6470a27b196da6c25804cef2","id_apl":"APL01","key":"RS An Nisa"}
2026-03-27 10:50:13 - getOutlet.php - Params - tgl: 2026-03-27, encrypt: 388a4efa6470a27b196da6c25804cef2, id_apl: APL01, key: RS An Nisa
2026-03-27 10:50:13 - getOutlet.php - Aplikasi ditemukan: Ya
2026-03-27 10:50:13 - getOutlet.php - Key aplikasi: YbcJSFjkds...
2026-03-27 10:50:13 - getOutlet.php - Expected encrypt: 388a4efa6470a27b196da6c25804cef2
2026-03-27 10:50:13 - getOutlet.php - Received encrypt: 388a4efa6470a27b196da6c25804cef2
2026-03-27 10:50:13 - getOutlet.php - Authentication berhasil
2026-03-27 10:50:13 - getOutlet.php - Query: SELECT id_out, nama_out, '' AS alamat_out, ofcode_out
            FROM outlet 
            WHERE status_out IN ('Active', '1', 'active')
            AND (nama_out LIKE :key OR ofcode_out LIKE :key)
            ORDER BY nama_out ASC
            LIMIT 20
2026-03-27 10:50:13 - getOutlet.php - Query berhasil, mengembalikan 0 record
2026-03-27 10:50:13 - getOutlet.php - === END REQUEST ===
2026-03-27 03:50:16 - getOutlet.php - === REQUEST GETOUTLET ===
2026-03-27 03:50:16 - getOutlet.php - Method: POST
2026-03-27 03:50:16 - getOutlet.php - POST data: {"tgl":"2026-03-27","encrypt":"388a4efa6470a27b196da6c25804cef2","id_apl":"APL01","key":"RS An Nisa"}
2026-03-27 10:50:16 - getOutlet.php - Params - tgl: 2026-03-27, encrypt: 388a4efa6470a27b196da6c25804cef2, id_apl: APL01, key: RS An Nisa
2026-03-27 10:50:16 - getOutlet.php - Aplikasi ditemukan: Ya
2026-03-27 10:50:16 - getOutlet.php - Key aplikasi: YbcJSFjkds...
2026-03-27 10:50:16 - getOutlet.php - Expected encrypt: 388a4efa6470a27b196da6c25804cef2
2026-03-27 10:50:16 - getOutlet.php - Received encrypt: 388a4efa6470a27b196da6c25804cef2
2026-03-27 10:50:16 - getOutlet.php - Authentication berhasil
2026-03-27 10:50:16 - getOutlet.php - Query: SELECT id_out, nama_out, '' AS alamat_out, ofcode_out
            FROM outlet 
            WHERE status_out IN ('Active', '1', 'active')
            AND (nama_out LIKE :key OR ofcode_out LIKE :key)
            ORDER BY nama_out ASC
            LIMIT 20
2026-03-27 10:50:16 - getOutlet.php - Query berhasil, mengembalikan 0 record
2026-03-27 10:50:16 - getOutlet.php - === END REQUEST ===
2026-03-27 03:50:16 - getOutlet.php - === REQUEST GETOUTLET ===
2026-03-27 03:50:16 - getOutlet.php - Method: POST
2026-03-27 03:50:16 - getOutlet.php - POST data: {"tgl":"2026-03-27","encrypt":"388a4efa6470a27b196da6c25804cef2","id_apl":"APL01","key":"RS An Nis"}
2026-03-27 10:50:16 - getOutlet.php - Params - tgl: 2026-03-27, encrypt: 388a4efa6470a27b196da6c25804cef2, id_apl: APL01, key: RS An Nis
2026-03-27 10:50:16 - getOutlet.php - Aplikasi ditemukan: Ya
2026-03-27 10:50:16 - getOutlet.php - Key aplikasi: YbcJSFjkds...
2026-03-27 10:50:16 - getOutlet.php - Expected encrypt: 388a4efa6470a27b196da6c25804cef2
2026-03-27 10:50:16 - getOutlet.php - Received encrypt: 388a4efa6470a27b196da6c25804cef2
2026-03-27 10:50:16 - getOutlet.php - Authentication berhasil
2026-03-27 10:50:16 - getOutlet.php - Query: SELECT id_out, nama_out, '' AS alamat_out, ofcode_out
            FROM outlet 
            WHERE status_out IN ('Active', '1', 'active')
            AND (nama_out LIKE :key OR ofcode_out LIKE :key)
            ORDER BY nama_out ASC
            LIMIT 20
2026-03-27 10:50:16 - getOutlet.php - Query berhasil, mengembalikan 0 record
2026-03-27 10:50:16 - getOutlet.php - === END REQUEST ===
2026-03-27 03:50:16 - getOutlet.php - === REQUEST GETOUTLET ===
2026-03-27 03:50:16 - getOutlet.php - Method: POST
2026-03-27 03:50:16 - getOutlet.php - POST data: {"tgl":"2026-03-27","encrypt":"388a4efa6470a27b196da6c25804cef2","id_apl":"APL01","key":"RS An Ni"}
2026-03-27 10:50:16 - getOutlet.php - Params - tgl: 2026-03-27, encrypt: 388a4efa6470a27b196da6c25804cef2, id_apl: APL01, key: RS An Ni
2026-03-27 10:50:16 - getOutlet.php - Aplikasi ditemukan: Ya
2026-03-27 10:50:16 - getOutlet.php - Key aplikasi: YbcJSFjkds...
2026-03-27 10:50:16 - getOutlet.php - Expected encrypt: 388a4efa6470a27b196da6c25804cef2
2026-03-27 10:50:16 - getOutlet.php - Received encrypt: 388a4efa6470a27b196da6c25804cef2
2026-03-27 10:50:16 - getOutlet.php - Authentication berhasil
2026-03-27 10:50:16 - getOutlet.php - Query: SELECT id_out, nama_out, '' AS alamat_out, ofcode_out
            FROM outlet 
            WHERE status_out IN ('Active', '1', 'active')
            AND (nama_out LIKE :key OR ofcode_out LIKE :key)
            ORDER BY nama_out ASC
            LIMIT 20
2026-03-27 10:50:16 - getOutlet.php - Query berhasil, mengembalikan 0 record
2026-03-27 10:50:16 - getOutlet.php - === END REQUEST ===
2026-03-27 03:50:17 - getOutlet.php - === REQUEST GETOUTLET ===
2026-03-27 03:50:17 - getOutlet.php - Method: POST
2026-03-27 03:50:17 - getOutlet.php - POST data: {"tgl":"2026-03-27","encrypt":"388a4efa6470a27b196da6c25804cef2","id_apl":"APL01","key":"RS An N"}
2026-03-27 10:50:17 - getOutlet.php - Params - tgl: 2026-03-27, encrypt: 388a4efa6470a27b196da6c25804cef2, id_apl: APL01, key: RS An N
2026-03-27 10:50:17 - getOutlet.php - Aplikasi ditemukan: Ya
2026-03-27 10:50:17 - getOutlet.php - Key aplikasi: YbcJSFjkds...
2026-03-27 10:50:17 - getOutlet.php - Expected encrypt: 388a4efa6470a27b196da6c25804cef2
2026-03-27 10:50:17 - getOutlet.php - Received encrypt: 388a4efa6470a27b196da6c25804cef2
2026-03-27 10:50:17 - getOutlet.php - Authentication berhasil
2026-03-27 10:50:17 - getOutlet.php - Query: SELECT id_out, nama_out, '' AS alamat_out, ofcode_out
            FROM outlet 
            WHERE status_out IN ('Active', '1', 'active')
            AND (nama_out LIKE :key OR ofcode_out LIKE :key)
            ORDER BY nama_out ASC
            LIMIT 20
2026-03-27 10:50:17 - getOutlet.php - Query berhasil, mengembalikan 0 record
2026-03-27 10:50:17 - getOutlet.php - === END REQUEST ===
2026-03-27 03:50:17 - getOutlet.php - === REQUEST GETOUTLET ===
2026-03-27 03:50:17 - getOutlet.php - Method: POST
2026-03-27 03:50:17 - getOutlet.php - POST data: {"tgl":"2026-03-27","encrypt":"388a4efa6470a27b196da6c25804cef2","id_apl":"APL01","key":"RS An"}
2026-03-27 10:50:17 - getOutlet.php - Params - tgl: 2026-03-27, encrypt: 388a4efa6470a27b196da6c25804cef2, id_apl: APL01, key: RS An
2026-03-27 10:50:17 - getOutlet.php - Aplikasi ditemukan: Ya
2026-03-27 10:50:17 - getOutlet.php - Key aplikasi: YbcJSFjkds...
2026-03-27 10:50:17 - getOutlet.php - Expected encrypt: 388a4efa6470a27b196da6c25804cef2
2026-03-27 10:50:17 - getOutlet.php - Received encrypt: 388a4efa6470a27b196da6c25804cef2
2026-03-27 10:50:17 - getOutlet.php - Authentication berhasil
2026-03-27 10:50:17 - getOutlet.php - Query: SELECT id_out, nama_out, '' AS alamat_out, ofcode_out
            FROM outlet 
            WHERE status_out IN ('Active', '1', 'active')
            AND (nama_out LIKE :key OR ofcode_out LIKE :key)
            ORDER BY nama_out ASC
            LIMIT 20
2026-03-27 10:50:17 - getOutlet.php - Query berhasil, mengembalikan 8 record
2026-03-27 10:50:17 - getOutlet.php - === END REQUEST ===
2026-03-27 03:50:18 - getOutlet.php - === REQUEST GETOUTLET ===
2026-03-27 03:50:18 - getOutlet.php - Method: POST
2026-03-27 03:50:18 - getOutlet.php - POST data: {"tgl":"2026-03-27","encrypt":"388a4efa6470a27b196da6c25804cef2","id_apl":"APL01","key":"RS AN-NISA"}
2026-03-27 10:50:18 - getOutlet.php - Params - tgl: 2026-03-27, encrypt: 388a4efa6470a27b196da6c25804cef2, id_apl: APL01, key: RS AN-NISA
2026-03-27 10:50:18 - getOutlet.php - Aplikasi ditemukan: Ya
2026-03-27 10:50:18 - getOutlet.php - Key aplikasi: YbcJSFjkds...
2026-03-27 10:50:18 - getOutlet.php - Expected encrypt: 388a4efa6470a27b196da6c25804cef2
2026-03-27 10:50:18 - getOutlet.php - Received encrypt: 388a4efa6470a27b196da6c25804cef2
2026-03-27 10:50:18 - getOutlet.php - Authentication berhasil
2026-03-27 10:50:18 - getOutlet.php - Query: SELECT id_out, nama_out, '' AS alamat_out, ofcode_out
            FROM outlet 
            WHERE status_out IN ('Active', '1', 'active')
            AND (nama_out LIKE :key OR ofcode_out LIKE :key)
            ORDER BY nama_out ASC
            LIMIT 20
2026-03-27 10:50:18 - getOutlet.php - Query berhasil, mengembalikan 1 record
2026-03-27 10:50:18 - getOutlet.php - === END REQUEST ===
2026-03-27 03:50:37 - getOutlet.php - === REQUEST GETOUTLET ===
2026-03-27 03:50:37 - getOutlet.php - Method: POST
2026-03-27 03:50:37 - getOutlet.php - POST data: {"tgl":"2026-03-27","encrypt":"388a4efa6470a27b196da6c25804cef2","id_apl":"APL01","key":"Pt"}
2026-03-27 10:50:37 - getOutlet.php - Params - tgl: 2026-03-27, encrypt: 388a4efa6470a27b196da6c25804cef2, id_apl: APL01, key: Pt
2026-03-27 10:50:37 - getOutlet.php - Aplikasi ditemukan: Ya
2026-03-27 10:50:37 - getOutlet.php - Key aplikasi: YbcJSFjkds...
2026-03-27 10:50:37 - getOutlet.php - Expected encrypt: 388a4efa6470a27b196da6c25804cef2
2026-03-27 10:50:37 - getOutlet.php - Received encrypt: 388a4efa6470a27b196da6c25804cef2
2026-03-27 10:50:37 - getOutlet.php - Authentication berhasil
2026-03-27 10:50:37 - getOutlet.php - Query: SELECT id_out, nama_out, '' AS alamat_out, ofcode_out
            FROM outlet 
            WHERE status_out IN ('Active', '1', 'active')
            AND (nama_out LIKE :key OR ofcode_out LIKE :key)
            ORDER BY nama_out ASC
            LIMIT 20
2026-03-27 10:50:37 - getOutlet.php - Query berhasil, mengembalikan 20 record
2026-03-27 10:50:37 - getOutlet.php - === END REQUEST ===
2026-03-27 03:50:38 - getOutlet.php - === REQUEST GETOUTLET ===
2026-03-27 03:50:38 - getOutlet.php - Method: POST
2026-03-27 03:50:38 - getOutlet.php - POST data: {"tgl":"2026-03-27","encrypt":"388a4efa6470a27b196da6c25804cef2","id_apl":"APL01","key":"PT"}
2026-03-27 10:50:38 - getOutlet.php - Params - tgl: 2026-03-27, encrypt: 388a4efa6470a27b196da6c25804cef2, id_apl: APL01, key: PT
2026-03-27 10:50:38 - getOutlet.php - Aplikasi ditemukan: Ya
2026-03-27 10:50:38 - getOutlet.php - Key aplikasi: YbcJSFjkds...
2026-03-27 10:50:38 - getOutlet.php - Expected encrypt: 388a4efa6470a27b196da6c25804cef2
2026-03-27 10:50:38 - getOutlet.php - Received encrypt: 388a4efa6470a27b196da6c25804cef2
2026-03-27 10:50:38 - getOutlet.php - Authentication berhasil
2026-03-27 10:50:38 - getOutlet.php - Query: SELECT id_out, nama_out, '' AS alamat_out, ofcode_out
            FROM outlet 
            WHERE status_out IN ('Active', '1', 'active')
            AND (nama_out LIKE :key OR ofcode_out LIKE :key)
            ORDER BY nama_out ASC
            LIMIT 20
2026-03-27 10:50:38 - getOutlet.php - Query berhasil, mengembalikan 20 record
2026-03-27 10:50:38 - getOutlet.php - === END REQUEST ===
2026-03-27 03:50:39 - getOutlet.php - === REQUEST GETOUTLET ===
2026-03-27 03:50:39 - getOutlet.php - Method: POST
2026-03-27 03:50:39 - getOutlet.php - POST data: {"tgl":"2026-03-27","encrypt":"388a4efa6470a27b196da6c25804cef2","id_apl":"APL01","key":"PT"}
2026-03-27 10:50:39 - getOutlet.php - Params - tgl: 2026-03-27, encrypt: 388a4efa6470a27b196da6c25804cef2, id_apl: APL01, key: PT
2026-03-27 10:50:39 - getOutlet.php - Aplikasi ditemukan: Ya
2026-03-27 10:50:39 - getOutlet.php - Key aplikasi: YbcJSFjkds...
2026-03-27 10:50:39 - getOutlet.php - Expected encrypt: 388a4efa6470a27b196da6c25804cef2
2026-03-27 10:50:39 - getOutlet.php - Received encrypt: 388a4efa6470a27b196da6c25804cef2
2026-03-27 10:50:39 - getOutlet.php - Authentication berhasil
2026-03-27 10:50:39 - getOutlet.php - Query: SELECT id_out, nama_out, '' AS alamat_out, ofcode_out
            FROM outlet 
            WHERE status_out IN ('Active', '1', 'active')
            AND (nama_out LIKE :key OR ofcode_out LIKE :key)
            ORDER BY nama_out ASC
            LIMIT 20
2026-03-27 10:50:39 - getOutlet.php - Query berhasil, mengembalikan 20 record
2026-03-27 10:50:39 - getOutlet.php - === END REQUEST ===
2026-03-27 03:50:40 - getOutlet.php - === REQUEST GETOUTLET ===
2026-03-27 03:50:40 - getOutlet.php - Method: POST
2026-03-27 03:50:40 - getOutlet.php - POST data: {"tgl":"2026-03-27","encrypt":"388a4efa6470a27b196da6c25804cef2","id_apl":"APL01","key":"PT."}
2026-03-27 10:50:40 - getOutlet.php - Params - tgl: 2026-03-27, encrypt: 388a4efa6470a27b196da6c25804cef2, id_apl: APL01, key: PT.
2026-03-27 10:50:40 - getOutlet.php - Aplikasi ditemukan: Ya
2026-03-27 10:50:40 - getOutlet.php - Key aplikasi: YbcJSFjkds...
2026-03-27 10:50:40 - getOutlet.php - Expected encrypt: 388a4efa6470a27b196da6c25804cef2
2026-03-27 10:50:40 - getOutlet.php - Received encrypt: 388a4efa6470a27b196da6c25804cef2
2026-03-27 10:50:40 - getOutlet.php - Authentication berhasil
2026-03-27 10:50:40 - getOutlet.php - Query: SELECT id_out, nama_out, '' AS alamat_out, ofcode_out
            FROM outlet 
            WHERE status_out IN ('Active', '1', 'active')
            AND (nama_out LIKE :key OR ofcode_out LIKE :key)
            ORDER BY nama_out ASC
            LIMIT 20
2026-03-27 10:50:40 - getOutlet.php - Query berhasil, mengembalikan 20 record
2026-03-27 10:50:40 - getOutlet.php - === END REQUEST ===
2026-03-27 03:50:44 - getOutlet.php - === REQUEST GETOUTLET ===
2026-03-27 03:50:44 - getOutlet.php - Method: POST
2026-03-27 03:50:44 - getOutlet.php - POST data: {"tgl":"2026-03-27","encrypt":"388a4efa6470a27b196da6c25804cef2","id_apl":"APL01","key":"PT.b"}
2026-03-27 10:50:44 - getOutlet.php - Params - tgl: 2026-03-27, encrypt: 388a4efa6470a27b196da6c25804cef2, id_apl: APL01, key: PT.b
2026-03-27 10:50:44 - getOutlet.php - Aplikasi ditemukan: Ya
2026-03-27 10:50:44 - getOutlet.php - Key aplikasi: YbcJSFjkds...
2026-03-27 10:50:44 - getOutlet.php - Expected encrypt: 388a4efa6470a27b196da6c25804cef2
2026-03-27 10:50:44 - getOutlet.php - Received encrypt: 388a4efa6470a27b196da6c25804cef2
2026-03-27 10:50:44 - getOutlet.php - Authentication berhasil
2026-03-27 10:50:44 - getOutlet.php - Query: SELECT id_out, nama_out, '' AS alamat_out, ofcode_out
            FROM outlet 
            WHERE status_out IN ('Active', '1', 'active')
            AND (nama_out LIKE :key OR ofcode_out LIKE :key)
            ORDER BY nama_out ASC
            LIMIT 20
2026-03-27 10:50:44 - getOutlet.php - Query berhasil, mengembalikan 0 record
2026-03-27 10:50:44 - getOutlet.php - === END REQUEST ===
2026-03-27 03:50:44 - getOutlet.php - === REQUEST GETOUTLET ===
2026-03-27 03:50:44 - getOutlet.php - Method: POST
2026-03-27 03:50:44 - getOutlet.php - POST data: {"tgl":"2026-03-27","encrypt":"388a4efa6470a27b196da6c25804cef2","id_apl":"APL01","key":"PT.be"}
2026-03-27 10:50:44 - getOutlet.php - Params - tgl: 2026-03-27, encrypt: 388a4efa6470a27b196da6c25804cef2, id_apl: APL01, key: PT.be
2026-03-27 10:50:44 - getOutlet.php - Aplikasi ditemukan: Ya
2026-03-27 10:50:44 - getOutlet.php - Key aplikasi: YbcJSFjkds...
2026-03-27 10:50:44 - getOutlet.php - Expected encrypt: 388a4efa6470a27b196da6c25804cef2
2026-03-27 10:50:44 - getOutlet.php - Received encrypt: 388a4efa6470a27b196da6c25804cef2
2026-03-27 10:50:44 - getOutlet.php - Authentication berhasil
2026-03-27 10:50:44 - getOutlet.php - Query: SELECT id_out, nama_out, '' AS alamat_out, ofcode_out
            FROM outlet 
            WHERE status_out IN ('Active', '1', 'active')
            AND (nama_out LIKE :key OR ofcode_out LIKE :key)
            ORDER BY nama_out ASC
            LIMIT 20
2026-03-27 10:50:44 - getOutlet.php - Query berhasil, mengembalikan 0 record
2026-03-27 10:50:44 - getOutlet.php - === END REQUEST ===
2026-03-27 03:50:44 - getOutlet.php - === REQUEST GETOUTLET ===
2026-03-27 03:50:44 - getOutlet.php - Method: POST
2026-03-27 03:50:44 - getOutlet.php - POST data: {"tgl":"2026-03-27","encrypt":"388a4efa6470a27b196da6c25804cef2","id_apl":"APL01","key":"PT.ber"}
2026-03-27 10:50:44 - getOutlet.php - Params - tgl: 2026-03-27, encrypt: 388a4efa6470a27b196da6c25804cef2, id_apl: APL01, key: PT.ber
2026-03-27 10:50:44 - getOutlet.php - Aplikasi ditemukan: Ya
2026-03-27 10:50:44 - getOutlet.php - Key aplikasi: YbcJSFjkds...
2026-03-27 10:50:44 - getOutlet.php - Expected encrypt: 388a4efa6470a27b196da6c25804cef2
2026-03-27 10:50:44 - getOutlet.php - Received encrypt: 388a4efa6470a27b196da6c25804cef2
2026-03-27 10:50:44 - getOutlet.php - Authentication berhasil
2026-03-27 10:50:44 - getOutlet.php - Query: SELECT id_out, nama_out, '' AS alamat_out, ofcode_out
            FROM outlet 
            WHERE status_out IN ('Active', '1', 'active')
            AND (nama_out LIKE :key OR ofcode_out LIKE :key)
            ORDER BY nama_out ASC
            LIMIT 20
2026-03-27 10:50:44 - getOutlet.php - Query berhasil, mengembalikan 0 record
2026-03-27 10:50:44 - getOutlet.php - === END REQUEST ===
2026-03-27 03:50:52 - getOutlet.php - === REQUEST GETOUTLET ===
2026-03-27 03:50:52 - getOutlet.php - Method: POST
2026-03-27 03:50:52 - getOutlet.php - POST data: {"tgl":"2026-03-27","encrypt":"388a4efa6470a27b196da6c25804cef2","id_apl":"APL01","key":"PT.be"}
2026-03-27 10:50:52 - getOutlet.php - Params - tgl: 2026-03-27, encrypt: 388a4efa6470a27b196da6c25804cef2, id_apl: APL01, key: PT.be
2026-03-27 10:50:52 - getOutlet.php - Aplikasi ditemukan: Ya
2026-03-27 10:50:52 - getOutlet.php - Key aplikasi: YbcJSFjkds...
2026-03-27 10:50:52 - getOutlet.php - Expected encrypt: 388a4efa6470a27b196da6c25804cef2
2026-03-27 10:50:52 - getOutlet.php - Received encrypt: 388a4efa6470a27b196da6c25804cef2
2026-03-27 10:50:52 - getOutlet.php - Authentication berhasil
2026-03-27 10:50:52 - getOutlet.php - Query: SELECT id_out, nama_out, '' AS alamat_out, ofcode_out
            FROM outlet 
            WHERE status_out IN ('Active', '1', 'active')
            AND (nama_out LIKE :key OR ofcode_out LIKE :key)
            ORDER BY nama_out ASC
            LIMIT 20
2026-03-27 10:50:52 - getOutlet.php - Query berhasil, mengembalikan 0 record
2026-03-27 10:50:52 - getOutlet.php - === END REQUEST ===
2026-03-27 03:50:53 - getOutlet.php - === REQUEST GETOUTLET ===
2026-03-27 03:50:53 - getOutlet.php - Method: POST
2026-03-27 03:50:53 - getOutlet.php - POST data: {"tgl":"2026-03-27","encrypt":"388a4efa6470a27b196da6c25804cef2","id_apl":"APL01","key":"PT.b"}
2026-03-27 10:50:53 - getOutlet.php - Params - tgl: 2026-03-27, encrypt: 388a4efa6470a27b196da6c25804cef2, id_apl: APL01, key: PT.b
2026-03-27 10:50:53 - getOutlet.php - Aplikasi ditemukan: Ya
2026-03-27 10:50:53 - getOutlet.php - Key aplikasi: YbcJSFjkds...
2026-03-27 10:50:53 - getOutlet.php - Expected encrypt: 388a4efa6470a27b196da6c25804cef2
2026-03-27 10:50:53 - getOutlet.php - Received encrypt: 388a4efa6470a27b196da6c25804cef2
2026-03-27 10:50:53 - getOutlet.php - Authentication berhasil
2026-03-27 10:50:53 - getOutlet.php - Query: SELECT id_out, nama_out, '' AS alamat_out, ofcode_out
            FROM outlet 
            WHERE status_out IN ('Active', '1', 'active')
            AND (nama_out LIKE :key OR ofcode_out LIKE :key)
            ORDER BY nama_out ASC
            LIMIT 20
2026-03-27 10:50:53 - getOutlet.php - Query berhasil, mengembalikan 0 record
2026-03-27 10:50:53 - getOutlet.php - === END REQUEST ===
2026-03-27 03:50:53 - getOutlet.php - === REQUEST GETOUTLET ===
2026-03-27 03:50:53 - getOutlet.php - Method: POST
2026-03-27 03:50:53 - getOutlet.php - POST data: {"tgl":"2026-03-27","encrypt":"388a4efa6470a27b196da6c25804cef2","id_apl":"APL01","key":"PT."}
2026-03-27 10:50:53 - getOutlet.php - Params - tgl: 2026-03-27, encrypt: 388a4efa6470a27b196da6c25804cef2, id_apl: APL01, key: PT.
2026-03-27 10:50:53 - getOutlet.php - Aplikasi ditemukan: Ya
2026-03-27 10:50:53 - getOutlet.php - Key aplikasi: YbcJSFjkds...
2026-03-27 10:50:53 - getOutlet.php - Expected encrypt: 388a4efa6470a27b196da6c25804cef2
2026-03-27 10:50:53 - getOutlet.php - Received encrypt: 388a4efa6470a27b196da6c25804cef2
2026-03-27 10:50:53 - getOutlet.php - Authentication berhasil
2026-03-27 10:50:53 - getOutlet.php - Query: SELECT id_out, nama_out, '' AS alamat_out, ofcode_out
            FROM outlet 
            WHERE status_out IN ('Active', '1', 'active')
            AND (nama_out LIKE :key OR ofcode_out LIKE :key)
            ORDER BY nama_out ASC
            LIMIT 20
2026-03-27 10:50:53 - getOutlet.php - Query berhasil, mengembalikan 20 record
2026-03-27 10:50:53 - getOutlet.php - === END REQUEST ===
2026-03-27 03:50:53 - getOutlet.php - === REQUEST GETOUTLET ===
2026-03-27 03:50:53 - getOutlet.php - Method: POST
2026-03-27 03:50:53 - getOutlet.php - POST data: {"tgl":"2026-03-27","encrypt":"388a4efa6470a27b196da6c25804cef2","id_apl":"APL01","key":"PT."}
2026-03-27 10:50:53 - getOutlet.php - Params - tgl: 2026-03-27, encrypt: 388a4efa6470a27b196da6c25804cef2, id_apl: APL01, key: PT.
2026-03-27 10:50:53 - getOutlet.php - Aplikasi ditemukan: Ya
2026-03-27 10:50:53 - getOutlet.php - Key aplikasi: YbcJSFjkds...
2026-03-27 10:50:53 - getOutlet.php - Expected encrypt: 388a4efa6470a27b196da6c25804cef2
2026-03-27 10:50:53 - getOutlet.php - Received encrypt: 388a4efa6470a27b196da6c25804cef2
2026-03-27 10:50:53 - getOutlet.php - Authentication berhasil
2026-03-27 10:50:53 - getOutlet.php - Query: SELECT id_out, nama_out, '' AS alamat_out, ofcode_out
            FROM outlet 
            WHERE status_out IN ('Active', '1', 'active')
            AND (nama_out LIKE :key OR ofcode_out LIKE :key)
            ORDER BY nama_out ASC
            LIMIT 20
2026-03-27 10:50:53 - getOutlet.php - Query berhasil, mengembalikan 20 record
2026-03-27 10:50:53 - getOutlet.php - === END REQUEST ===
2026-03-27 03:50:54 - getOutlet.php - === REQUEST GETOUTLET ===
2026-03-27 03:50:54 - getOutlet.php - Method: POST
2026-03-27 03:50:54 - getOutlet.php - POST data: {"tgl":"2026-03-27","encrypt":"388a4efa6470a27b196da6c25804cef2","id_apl":"APL01","key":"PT. B"}
2026-03-27 10:50:54 - getOutlet.php - Params - tgl: 2026-03-27, encrypt: 388a4efa6470a27b196da6c25804cef2, id_apl: APL01, key: PT. B
2026-03-27 10:50:54 - getOutlet.php - Aplikasi ditemukan: Ya
2026-03-27 10:50:54 - getOutlet.php - Key aplikasi: YbcJSFjkds...
2026-03-27 10:50:54 - getOutlet.php - Expected encrypt: 388a4efa6470a27b196da6c25804cef2
2026-03-27 10:50:54 - getOutlet.php - Received encrypt: 388a4efa6470a27b196da6c25804cef2
2026-03-27 10:50:54 - getOutlet.php - Authentication berhasil
2026-03-27 10:50:54 - getOutlet.php - Query: SELECT id_out, nama_out, '' AS alamat_out, ofcode_out
            FROM outlet 
            WHERE status_out IN ('Active', '1', 'active')
            AND (nama_out LIKE :key OR ofcode_out LIKE :key)
            ORDER BY nama_out ASC
            LIMIT 20
2026-03-27 10:50:54 - getOutlet.php - Query berhasil, mengembalikan 5 record
2026-03-27 10:50:54 - getOutlet.php - === END REQUEST ===
2026-03-27 03:50:54 - getOutlet.php - === REQUEST GETOUTLET ===
2026-03-27 03:50:54 - getOutlet.php - Method: POST
2026-03-27 03:50:54 - getOutlet.php - POST data: {"tgl":"2026-03-27","encrypt":"388a4efa6470a27b196da6c25804cef2","id_apl":"APL01","key":"PT. Be"}
2026-03-27 10:50:54 - getOutlet.php - Params - tgl: 2026-03-27, encrypt: 388a4efa6470a27b196da6c25804cef2, id_apl: APL01, key: PT. Be
2026-03-27 10:50:54 - getOutlet.php - Aplikasi ditemukan: Ya
2026-03-27 10:50:54 - getOutlet.php - Key aplikasi: YbcJSFjkds...
2026-03-27 10:50:54 - getOutlet.php - Expected encrypt: 388a4efa6470a27b196da6c25804cef2
2026-03-27 10:50:54 - getOutlet.php - Received encrypt: 388a4efa6470a27b196da6c25804cef2
2026-03-27 10:50:54 - getOutlet.php - Authentication berhasil
2026-03-27 10:50:54 - getOutlet.php - Query: SELECT id_out, nama_out, '' AS alamat_out, ofcode_out
            FROM outlet 
            WHERE status_out IN ('Active', '1', 'active')
            AND (nama_out LIKE :key OR ofcode_out LIKE :key)
            ORDER BY nama_out ASC
            LIMIT 20
2026-03-27 10:50:54 - getOutlet.php - Query berhasil, mengembalikan 1 record
2026-03-27 10:50:54 - getOutlet.php - === END REQUEST ===
2026-03-27 03:50:55 - getOutlet.php - === REQUEST GETOUTLET ===
2026-03-27 03:50:55 - getOutlet.php - Method: POST
2026-03-27 03:50:55 - getOutlet.php - POST data: {"tgl":"2026-03-27","encrypt":"388a4efa6470a27b196da6c25804cef2","id_apl":"APL01","key":"PT. Ber"}
2026-03-27 10:50:55 - getOutlet.php - Params - tgl: 2026-03-27, encrypt: 388a4efa6470a27b196da6c25804cef2, id_apl: APL01, key: PT. Ber
2026-03-27 10:50:55 - getOutlet.php - Aplikasi ditemukan: Ya
2026-03-27 10:50:55 - getOutlet.php - Key aplikasi: YbcJSFjkds...
2026-03-27 10:50:55 - getOutlet.php - Expected encrypt: 388a4efa6470a27b196da6c25804cef2
2026-03-27 10:50:55 - getOutlet.php - Received encrypt: 388a4efa6470a27b196da6c25804cef2
2026-03-27 10:50:55 - getOutlet.php - Authentication berhasil
2026-03-27 10:50:55 - getOutlet.php - Query: SELECT id_out, nama_out, '' AS alamat_out, ofcode_out
            FROM outlet 
            WHERE status_out IN ('Active', '1', 'active')
            AND (nama_out LIKE :key OR ofcode_out LIKE :key)
            ORDER BY nama_out ASC
            LIMIT 20
2026-03-27 10:50:55 - getOutlet.php - Query berhasil, mengembalikan 1 record
2026-03-27 10:50:55 - getOutlet.php - === END REQUEST ===
2026-03-27 03:50:57 - getOutlet.php - === REQUEST GETOUTLET ===
2026-03-27 03:50:57 - getOutlet.php - Method: POST
2026-03-27 03:50:57 - getOutlet.php - POST data: {"tgl":"2026-03-27","encrypt":"388a4efa6470a27b196da6c25804cef2","id_apl":"APL01","key":"PT. BERKAT MAHKOTA PUTRA"}
2026-03-27 10:50:57 - getOutlet.php - Params - tgl: 2026-03-27, encrypt: 388a4efa6470a27b196da6c25804cef2, id_apl: APL01, key: PT. BERKAT MAHKOTA PUTRA
2026-03-27 10:50:57 - getOutlet.php - Aplikasi ditemukan: Ya
2026-03-27 10:50:57 - getOutlet.php - Key aplikasi: YbcJSFjkds...
2026-03-27 10:50:57 - getOutlet.php - Expected encrypt: 388a4efa6470a27b196da6c25804cef2
2026-03-27 10:50:57 - getOutlet.php - Received encrypt: 388a4efa6470a27b196da6c25804cef2
2026-03-27 10:50:57 - getOutlet.php - Authentication berhasil
2026-03-27 10:50:57 - getOutlet.php - Query: SELECT id_out, nama_out, '' AS alamat_out, ofcode_out
            FROM outlet 
            WHERE status_out IN ('Active', '1', 'active')
            AND (nama_out LIKE :key OR ofcode_out LIKE :key)
            ORDER BY nama_out ASC
            LIMIT 20
2026-03-27 10:50:57 - getOutlet.php - Query berhasil, mengembalikan 1 record
2026-03-27 10:50:57 - getOutlet.php - === END REQUEST ===
2026-03-27 04:10:21 - getOutlet.php - === REQUEST GETOUTLET ===
2026-03-27 04:10:21 - getOutlet.php - Method: POST
2026-03-27 04:10:21 - getOutlet.php - POST data: {"tgl":"2026-03-27","encrypt":"388a4efa6470a27b196da6c25804cef2","id_apl":"APL01","key":"Pu"}
2026-03-27 11:10:21 - getOutlet.php - Params - tgl: 2026-03-27, encrypt: 388a4efa6470a27b196da6c25804cef2, id_apl: APL01, key: Pu
2026-03-27 11:10:21 - getOutlet.php - Aplikasi ditemukan: Ya
2026-03-27 11:10:21 - getOutlet.php - Key aplikasi: YbcJSFjkds...
2026-03-27 11:10:21 - getOutlet.php - Expected encrypt: 388a4efa6470a27b196da6c25804cef2
2026-03-27 11:10:21 - getOutlet.php - Received encrypt: 388a4efa6470a27b196da6c25804cef2
2026-03-27 11:10:21 - getOutlet.php - Authentication berhasil
2026-03-27 11:10:21 - getOutlet.php - Query: SELECT id_out, nama_out, '' AS alamat_out, ofcode_out
            FROM outlet 
            WHERE status_out IN ('Active', '1', 'active')
            AND (nama_out LIKE :key OR ofcode_out LIKE :key)
            ORDER BY nama_out ASC
            LIMIT 20
2026-03-27 11:10:21 - getOutlet.php - Query berhasil, mengembalikan 20 record
2026-03-27 11:10:21 - getOutlet.php - === END REQUEST ===
2026-03-27 04:10:21 - getOutlet.php - === REQUEST GETOUTLET ===
2026-03-27 04:10:21 - getOutlet.php - Method: POST
2026-03-27 04:10:21 - getOutlet.php - POST data: {"tgl":"2026-03-27","encrypt":"388a4efa6470a27b196da6c25804cef2","id_apl":"APL01","key":"Pur"}
2026-03-27 11:10:21 - getOutlet.php - Params - tgl: 2026-03-27, encrypt: 388a4efa6470a27b196da6c25804cef2, id_apl: APL01, key: Pur
2026-03-27 11:10:21 - getOutlet.php - Aplikasi ditemukan: Ya
2026-03-27 11:10:21 - getOutlet.php - Key aplikasi: YbcJSFjkds...
2026-03-27 11:10:21 - getOutlet.php - Expected encrypt: 388a4efa6470a27b196da6c25804cef2
2026-03-27 11:10:21 - getOutlet.php - Received encrypt: 388a4efa6470a27b196da6c25804cef2
2026-03-27 11:10:21 - getOutlet.php - Authentication berhasil
2026-03-27 11:10:21 - getOutlet.php - Query: SELECT id_out, nama_out, '' AS alamat_out, ofcode_out
            FROM outlet 
            WHERE status_out IN ('Active', '1', 'active')
            AND (nama_out LIKE :key OR ofcode_out LIKE :key)
            ORDER BY nama_out ASC
            LIMIT 20
2026-03-27 11:10:21 - getOutlet.php - Query berhasil, mengembalikan 18 record
2026-03-27 11:10:21 - getOutlet.php - === END REQUEST ===
2026-03-27 04:10:21 - getOutlet.php - === REQUEST GETOUTLET ===
2026-03-27 04:10:21 - getOutlet.php - Method: POST
2026-03-27 04:10:21 - getOutlet.php - POST data: {"tgl":"2026-03-27","encrypt":"388a4efa6470a27b196da6c25804cef2","id_apl":"APL01","key":"Puri"}
2026-03-27 11:10:21 - getOutlet.php - Params - tgl: 2026-03-27, encrypt: 388a4efa6470a27b196da6c25804cef2, id_apl: APL01, key: Puri
2026-03-27 11:10:21 - getOutlet.php - Aplikasi ditemukan: Ya
2026-03-27 11:10:21 - getOutlet.php - Key aplikasi: YbcJSFjkds...
2026-03-27 11:10:21 - getOutlet.php - Expected encrypt: 388a4efa6470a27b196da6c25804cef2
2026-03-27 11:10:21 - getOutlet.php - Received encrypt: 388a4efa6470a27b196da6c25804cef2
2026-03-27 11:10:21 - getOutlet.php - Authentication berhasil
2026-03-27 11:10:21 - getOutlet.php - Query: SELECT id_out, nama_out, '' AS alamat_out, ofcode_out
            FROM outlet 
            WHERE status_out IN ('Active', '1', 'active')
            AND (nama_out LIKE :key OR ofcode_out LIKE :key)
            ORDER BY nama_out ASC
            LIMIT 20
2026-03-27 11:10:22 - getOutlet.php - Query berhasil, mengembalikan 14 record
2026-03-27 11:10:22 - getOutlet.php - === END REQUEST ===
2026-03-27 04:10:22 - getOutlet.php - === REQUEST GETOUTLET ===
2026-03-27 04:10:22 - getOutlet.php - Method: POST
2026-03-27 04:10:22 - getOutlet.php - POST data: {"tgl":"2026-03-27","encrypt":"388a4efa6470a27b196da6c25804cef2","id_apl":"APL01","key":"Puri"}
2026-03-27 11:10:22 - getOutlet.php - Params - tgl: 2026-03-27, encrypt: 388a4efa6470a27b196da6c25804cef2, id_apl: APL01, key: Puri
2026-03-27 11:10:22 - getOutlet.php - Aplikasi ditemukan: Ya
2026-03-27 11:10:22 - getOutlet.php - Key aplikasi: YbcJSFjkds...
2026-03-27 11:10:22 - getOutlet.php - Expected encrypt: 388a4efa6470a27b196da6c25804cef2
2026-03-27 11:10:22 - getOutlet.php - Received encrypt: 388a4efa6470a27b196da6c25804cef2
2026-03-27 11:10:22 - getOutlet.php - Authentication berhasil
2026-03-27 11:10:22 - getOutlet.php - Query: SELECT id_out, nama_out, '' AS alamat_out, ofcode_out
            FROM outlet 
            WHERE status_out IN ('Active', '1', 'active')
            AND (nama_out LIKE :key OR ofcode_out LIKE :key)
            ORDER BY nama_out ASC
            LIMIT 20
2026-03-27 11:10:22 - getOutlet.php - Query berhasil, mengembalikan 14 record
2026-03-27 11:10:22 - getOutlet.php - === END REQUEST ===
2026-03-27 04:10:22 - getOutlet.php - === REQUEST GETOUTLET ===
2026-03-27 04:10:22 - getOutlet.php - Method: POST
2026-03-27 04:10:22 - getOutlet.php - POST data: {"tgl":"2026-03-27","encrypt":"388a4efa6470a27b196da6c25804cef2","id_apl":"APL01","key":"Puri"}
2026-03-27 11:10:22 - getOutlet.php - Params - tgl: 2026-03-27, encrypt: 388a4efa6470a27b196da6c25804cef2, id_apl: APL01, key: Puri
2026-03-27 11:10:22 - getOutlet.php - Aplikasi ditemukan: Ya
2026-03-27 11:10:22 - getOutlet.php - Key aplikasi: YbcJSFjkds...
2026-03-27 11:10:22 - getOutlet.php - Expected encrypt: 388a4efa6470a27b196da6c25804cef2
2026-03-27 11:10:22 - getOutlet.php - Received encrypt: 388a4efa6470a27b196da6c25804cef2
2026-03-27 11:10:22 - getOutlet.php - Authentication berhasil
2026-03-27 11:10:22 - getOutlet.php - Query: SELECT id_out, nama_out, '' AS alamat_out, ofcode_out
            FROM outlet 
            WHERE status_out IN ('Active', '1', 'active')
            AND (nama_out LIKE :key OR ofcode_out LIKE :key)
            ORDER BY nama_out ASC
            LIMIT 20
2026-03-27 11:10:22 - getOutlet.php - Query berhasil, mengembalikan 14 record
2026-03-27 11:10:22 - getOutlet.php - === END REQUEST ===
2026-03-27 04:10:23 - getOutlet.php - === REQUEST GETOUTLET ===
2026-03-27 04:10:23 - getOutlet.php - Method: POST
2026-03-27 04:10:23 - getOutlet.php - POST data: {"tgl":"2026-03-27","encrypt":"388a4efa6470a27b196da6c25804cef2","id_apl":"APL01","key":"Puri c"}
2026-03-27 11:10:23 - getOutlet.php - Params - tgl: 2026-03-27, encrypt: 388a4efa6470a27b196da6c25804cef2, id_apl: APL01, key: Puri c
2026-03-27 11:10:23 - getOutlet.php - Aplikasi ditemukan: Ya
2026-03-27 11:10:23 - getOutlet.php - Key aplikasi: YbcJSFjkds...
2026-03-27 11:10:23 - getOutlet.php - Expected encrypt: 388a4efa6470a27b196da6c25804cef2
2026-03-27 11:10:23 - getOutlet.php - Received encrypt: 388a4efa6470a27b196da6c25804cef2
2026-03-27 11:10:23 - getOutlet.php - Authentication berhasil
2026-03-27 11:10:23 - getOutlet.php - Query: SELECT id_out, nama_out, '' AS alamat_out, ofcode_out
            FROM outlet 
            WHERE status_out IN ('Active', '1', 'active')
            AND (nama_out LIKE :key OR ofcode_out LIKE :key)
            ORDER BY nama_out ASC
            LIMIT 20
2026-03-27 11:10:23 - getOutlet.php - Query berhasil, mengembalikan 2 record
2026-03-27 11:10:23 - getOutlet.php - === END REQUEST ===
2026-03-27 04:10:23 - getOutlet.php - === REQUEST GETOUTLET ===
2026-03-27 04:10:23 - getOutlet.php - Method: POST
2026-03-27 04:10:23 - getOutlet.php - POST data: {"tgl":"2026-03-27","encrypt":"388a4efa6470a27b196da6c25804cef2","id_apl":"APL01","key":"Puri ci"}
2026-03-27 11:10:23 - getOutlet.php - Params - tgl: 2026-03-27, encrypt: 388a4efa6470a27b196da6c25804cef2, id_apl: APL01, key: Puri ci
2026-03-27 11:10:23 - getOutlet.php - Aplikasi ditemukan: Ya
2026-03-27 11:10:23 - getOutlet.php - Key aplikasi: YbcJSFjkds...
2026-03-27 11:10:23 - getOutlet.php - Expected encrypt: 388a4efa6470a27b196da6c25804cef2
2026-03-27 11:10:23 - getOutlet.php - Received encrypt: 388a4efa6470a27b196da6c25804cef2
2026-03-27 11:10:23 - getOutlet.php - Authentication berhasil
2026-03-27 11:10:23 - getOutlet.php - Query: SELECT id_out, nama_out, '' AS alamat_out, ofcode_out
            FROM outlet 
            WHERE status_out IN ('Active', '1', 'active')
            AND (nama_out LIKE :key OR ofcode_out LIKE :key)
            ORDER BY nama_out ASC
            LIMIT 20
2026-03-27 11:10:23 - getOutlet.php - Query berhasil, mengembalikan 1 record
2026-03-27 11:10:23 - getOutlet.php - === END REQUEST ===
2026-03-27 04:10:24 - getOutlet.php - === REQUEST GETOUTLET ===
2026-03-27 04:10:24 - getOutlet.php - Method: POST
2026-03-27 04:10:24 - getOutlet.php - POST data: {"tgl":"2026-03-27","encrypt":"388a4efa6470a27b196da6c25804cef2","id_apl":"APL01","key":"RS PURI CINERE"}
2026-03-27 11:10:24 - getOutlet.php - Params - tgl: 2026-03-27, encrypt: 388a4efa6470a27b196da6c25804cef2, id_apl: APL01, key: RS PURI CINERE
2026-03-27 11:10:24 - getOutlet.php - Aplikasi ditemukan: Ya
2026-03-27 11:10:24 - getOutlet.php - Key aplikasi: YbcJSFjkds...
2026-03-27 11:10:24 - getOutlet.php - Expected encrypt: 388a4efa6470a27b196da6c25804cef2
2026-03-27 11:10:24 - getOutlet.php - Received encrypt: 388a4efa6470a27b196da6c25804cef2
2026-03-27 11:10:24 - getOutlet.php - Authentication berhasil
2026-03-27 11:10:24 - getOutlet.php - Query: SELECT id_out, nama_out, '' AS alamat_out, ofcode_out
            FROM outlet 
            WHERE status_out IN ('Active', '1', 'active')
            AND (nama_out LIKE :key OR ofcode_out LIKE :key)
            ORDER BY nama_out ASC
            LIMIT 20
2026-03-27 11:10:24 - getOutlet.php - Query berhasil, mengembalikan 1 record
2026-03-27 11:10:24 - getOutlet.php - === END REQUEST ===
2026-03-27 04:10:31 - getOutlet.php - === REQUEST GETOUTLET ===
2026-03-27 04:10:31 - getOutlet.php - Method: POST
2026-03-27 04:10:31 - getOutlet.php - POST data: {"tgl":"2026-03-27","encrypt":"388a4efa6470a27b196da6c25804cef2","id_apl":"APL01","key":"Ja"}
2026-03-27 11:10:31 - getOutlet.php - Params - tgl: 2026-03-27, encrypt: 388a4efa6470a27b196da6c25804cef2, id_apl: APL01, key: Ja
2026-03-27 11:10:31 - getOutlet.php - Aplikasi ditemukan: Ya
2026-03-27 11:10:31 - getOutlet.php - Key aplikasi: YbcJSFjkds...
2026-03-27 11:10:31 - getOutlet.php - Expected encrypt: 388a4efa6470a27b196da6c25804cef2
2026-03-27 11:10:31 - getOutlet.php - Received encrypt: 388a4efa6470a27b196da6c25804cef2
2026-03-27 11:10:31 - getOutlet.php - Authentication berhasil
2026-03-27 11:10:31 - getOutlet.php - Query: SELECT id_out, nama_out, '' AS alamat_out, ofcode_out
            FROM outlet 
            WHERE status_out IN ('Active', '1', 'active')
            AND (nama_out LIKE :key OR ofcode_out LIKE :key)
            ORDER BY nama_out ASC
            LIMIT 20
2026-03-27 11:10:31 - getOutlet.php - Query berhasil, mengembalikan 20 record
2026-03-27 11:10:31 - getOutlet.php - === END REQUEST ===
2026-03-27 04:10:32 - getOutlet.php - === REQUEST GETOUTLET ===
2026-03-27 04:10:32 - getOutlet.php - Method: POST
2026-03-27 04:10:32 - getOutlet.php - POST data: {"tgl":"2026-03-27","encrypt":"388a4efa6470a27b196da6c25804cef2","id_apl":"APL01","key":"Jag"}
2026-03-27 11:10:32 - getOutlet.php - Params - tgl: 2026-03-27, encrypt: 388a4efa6470a27b196da6c25804cef2, id_apl: APL01, key: Jag
2026-03-27 11:10:32 - getOutlet.php - Aplikasi ditemukan: Ya
2026-03-27 11:10:32 - getOutlet.php - Key aplikasi: YbcJSFjkds...
2026-03-27 11:10:32 - getOutlet.php - Expected encrypt: 388a4efa6470a27b196da6c25804cef2
2026-03-27 11:10:32 - getOutlet.php - Received encrypt: 388a4efa6470a27b196da6c25804cef2
2026-03-27 11:10:32 - getOutlet.php - Authentication berhasil
2026-03-27 11:10:32 - getOutlet.php - Query: SELECT id_out, nama_out, '' AS alamat_out, ofcode_out
            FROM outlet 
            WHERE status_out IN ('Active', '1', 'active')
            AND (nama_out LIKE :key OR ofcode_out LIKE :key)
            ORDER BY nama_out ASC
            LIMIT 20
2026-03-27 11:10:32 - getOutlet.php - Query berhasil, mengembalikan 4 record
2026-03-27 11:10:32 - getOutlet.php - === END REQUEST ===
2026-03-27 04:10:32 - getOutlet.php - === REQUEST GETOUTLET ===
2026-03-27 04:10:32 - getOutlet.php - Method: POST
2026-03-27 04:10:32 - getOutlet.php - POST data: {"tgl":"2026-03-27","encrypt":"388a4efa6470a27b196da6c25804cef2","id_apl":"APL01","key":"Jaga"}
2026-03-27 11:10:32 - getOutlet.php - Params - tgl: 2026-03-27, encrypt: 388a4efa6470a27b196da6c25804cef2, id_apl: APL01, key: Jaga
2026-03-27 11:10:32 - getOutlet.php - Aplikasi ditemukan: Ya
2026-03-27 11:10:32 - getOutlet.php - Key aplikasi: YbcJSFjkds...
2026-03-27 11:10:32 - getOutlet.php - Expected encrypt: 388a4efa6470a27b196da6c25804cef2
2026-03-27 11:10:32 - getOutlet.php - Received encrypt: 388a4efa6470a27b196da6c25804cef2
2026-03-27 11:10:32 - getOutlet.php - Authentication berhasil
2026-03-27 11:10:32 - getOutlet.php - Query: SELECT id_out, nama_out, '' AS alamat_out, ofcode_out
            FROM outlet 
            WHERE status_out IN ('Active', '1', 'active')
            AND (nama_out LIKE :key OR ofcode_out LIKE :key)
            ORDER BY nama_out ASC
            LIMIT 20
2026-03-27 11:10:32 - getOutlet.php - Query berhasil, mengembalikan 4 record
2026-03-27 11:10:32 - getOutlet.php - === END REQUEST ===
2026-03-27 04:10:33 - getOutlet.php - === REQUEST GETOUTLET ===
2026-03-27 04:10:33 - getOutlet.php - Method: POST
2026-03-27 04:10:33 - getOutlet.php - POST data: {"tgl":"2026-03-27","encrypt":"388a4efa6470a27b196da6c25804cef2","id_apl":"APL01","key":"Jagakarsa"}
2026-03-27 11:10:33 - getOutlet.php - Params - tgl: 2026-03-27, encrypt: 388a4efa6470a27b196da6c25804cef2, id_apl: APL01, key: Jagakarsa
2026-03-27 11:10:33 - getOutlet.php - Aplikasi ditemukan: Ya
2026-03-27 11:10:33 - getOutlet.php - Key aplikasi: YbcJSFjkds...
2026-03-27 11:10:33 - getOutlet.php - Expected encrypt: 388a4efa6470a27b196da6c25804cef2
2026-03-27 11:10:33 - getOutlet.php - Received encrypt: 388a4efa6470a27b196da6c25804cef2
2026-03-27 11:10:33 - getOutlet.php - Authentication berhasil
2026-03-27 11:10:33 - getOutlet.php - Query: SELECT id_out, nama_out, '' AS alamat_out, ofcode_out
            FROM outlet 
            WHERE status_out IN ('Active', '1', 'active')
            AND (nama_out LIKE :key OR ofcode_out LIKE :key)
            ORDER BY nama_out ASC
            LIMIT 20
2026-03-27 11:10:33 - getOutlet.php - Query berhasil, mengembalikan 4 record
2026-03-27 11:10:33 - getOutlet.php - === END REQUEST ===
2026-03-27 04:10:34 - getOutlet.php - === REQUEST GETOUTLET ===
2026-03-27 04:10:34 - getOutlet.php - Method: POST
2026-03-27 04:10:34 - getOutlet.php - POST data: {"tgl":"2026-03-27","encrypt":"388a4efa6470a27b196da6c25804cef2","id_apl":"APL01","key":"Apotek K-24 Jagakarsa"}
2026-03-27 11:10:34 - getOutlet.php - Params - tgl: 2026-03-27, encrypt: 388a4efa6470a27b196da6c25804cef2, id_apl: APL01, key: Apotek K-24 Jagakarsa
2026-03-27 11:10:34 - getOutlet.php - Aplikasi ditemukan: Ya
2026-03-27 11:10:34 - getOutlet.php - Key aplikasi: YbcJSFjkds...
2026-03-27 11:10:34 - getOutlet.php - Expected encrypt: 388a4efa6470a27b196da6c25804cef2
2026-03-27 11:10:34 - getOutlet.php - Received encrypt: 388a4efa6470a27b196da6c25804cef2
2026-03-27 11:10:34 - getOutlet.php - Authentication berhasil
2026-03-27 11:10:34 - getOutlet.php - Query: SELECT id_out, nama_out, '' AS alamat_out, ofcode_out
            FROM outlet 
            WHERE status_out IN ('Active', '1', 'active')
            AND (nama_out LIKE :key OR ofcode_out LIKE :key)
            ORDER BY nama_out ASC
            LIMIT 20
2026-03-27 11:10:34 - getOutlet.php - Query berhasil, mengembalikan 1 record
2026-03-27 11:10:34 - getOutlet.php - === END REQUEST ===
2026-03-27 04:10:40 - getOutlet.php - === REQUEST GETOUTLET ===
2026-03-27 04:10:40 - getOutlet.php - Method: POST
2026-03-27 04:10:40 - getOutlet.php - POST data: {"tgl":"2026-03-27","encrypt":"388a4efa6470a27b196da6c25804cef2","id_apl":"APL01","key":"Ap"}
2026-03-27 11:10:40 - getOutlet.php - Params - tgl: 2026-03-27, encrypt: 388a4efa6470a27b196da6c25804cef2, id_apl: APL01, key: Ap
2026-03-27 11:10:40 - getOutlet.php - Aplikasi ditemukan: Ya
2026-03-27 11:10:40 - getOutlet.php - Key aplikasi: YbcJSFjkds...
2026-03-27 11:10:40 - getOutlet.php - Expected encrypt: 388a4efa6470a27b196da6c25804cef2
2026-03-27 11:10:40 - getOutlet.php - Received encrypt: 388a4efa6470a27b196da6c25804cef2
2026-03-27 11:10:40 - getOutlet.php - Authentication berhasil
2026-03-27 11:10:40 - getOutlet.php - Query: SELECT id_out, nama_out, '' AS alamat_out, ofcode_out
            FROM outlet 
            WHERE status_out IN ('Active', '1', 'active')
            AND (nama_out LIKE :key OR ofcode_out LIKE :key)
            ORDER BY nama_out ASC
            LIMIT 20
2026-03-27 11:10:40 - getOutlet.php - Query berhasil, mengembalikan 20 record
2026-03-27 11:10:40 - getOutlet.php - === END REQUEST ===
2026-03-27 04:10:41 - getOutlet.php - === REQUEST GETOUTLET ===
2026-03-27 04:10:41 - getOutlet.php - Method: POST
2026-03-27 04:10:41 - getOutlet.php - POST data: {"tgl":"2026-03-27","encrypt":"388a4efa6470a27b196da6c25804cef2","id_apl":"APL01","key":"Apo"}
2026-03-27 11:10:41 - getOutlet.php - Params - tgl: 2026-03-27, encrypt: 388a4efa6470a27b196da6c25804cef2, id_apl: APL01, key: Apo
2026-03-27 11:10:41 - getOutlet.php - Aplikasi ditemukan: Ya
2026-03-27 11:10:41 - getOutlet.php - Key aplikasi: YbcJSFjkds...
2026-03-27 11:10:41 - getOutlet.php - Expected encrypt: 388a4efa6470a27b196da6c25804cef2
2026-03-27 11:10:41 - getOutlet.php - Received encrypt: 388a4efa6470a27b196da6c25804cef2
2026-03-27 11:10:41 - getOutlet.php - Authentication berhasil
2026-03-27 11:10:41 - getOutlet.php - Query: SELECT id_out, nama_out, '' AS alamat_out, ofcode_out
            FROM outlet 
            WHERE status_out IN ('Active', '1', 'active')
            AND (nama_out LIKE :key OR ofcode_out LIKE :key)
            ORDER BY nama_out ASC
            LIMIT 20
2026-03-27 11:10:41 - getOutlet.php - Query berhasil, mengembalikan 20 record
2026-03-27 11:10:41 - getOutlet.php - === END REQUEST ===
2026-03-27 04:10:41 - getOutlet.php - === REQUEST GETOUTLET ===
2026-03-27 04:10:41 - getOutlet.php - Method: POST
2026-03-27 04:10:41 - getOutlet.php - POST data: {"tgl":"2026-03-27","encrypt":"388a4efa6470a27b196da6c25804cef2","id_apl":"APL01","key":"Apot"}
2026-03-27 11:10:41 - getOutlet.php - Params - tgl: 2026-03-27, encrypt: 388a4efa6470a27b196da6c25804cef2, id_apl: APL01, key: Apot
2026-03-27 11:10:41 - getOutlet.php - Aplikasi ditemukan: Ya
2026-03-27 11:10:41 - getOutlet.php - Key aplikasi: YbcJSFjkds...
2026-03-27 11:10:41 - getOutlet.php - Expected encrypt: 388a4efa6470a27b196da6c25804cef2
2026-03-27 11:10:41 - getOutlet.php - Received encrypt: 388a4efa6470a27b196da6c25804cef2
2026-03-27 11:10:41 - getOutlet.php - Authentication berhasil
2026-03-27 11:10:41 - getOutlet.php - Query: SELECT id_out, nama_out, '' AS alamat_out, ofcode_out
            FROM outlet 
            WHERE status_out IN ('Active', '1', 'active')
            AND (nama_out LIKE :key OR ofcode_out LIKE :key)
            ORDER BY nama_out ASC
            LIMIT 20
2026-03-27 11:10:41 - getOutlet.php - Query berhasil, mengembalikan 20 record
2026-03-27 11:10:41 - getOutlet.php - === END REQUEST ===
2026-03-27 04:10:42 - getOutlet.php - === REQUEST GETOUTLET ===
2026-03-27 04:10:42 - getOutlet.php - Method: POST
2026-03-27 04:10:42 - getOutlet.php - POST data: {"tgl":"2026-03-27","encrypt":"388a4efa6470a27b196da6c25804cef2","id_apl":"APL01","key":"Apote"}
2026-03-27 11:10:42 - getOutlet.php - Params - tgl: 2026-03-27, encrypt: 388a4efa6470a27b196da6c25804cef2, id_apl: APL01, key: Apote
2026-03-27 11:10:42 - getOutlet.php - Aplikasi ditemukan: Ya
2026-03-27 11:10:42 - getOutlet.php - Key aplikasi: YbcJSFjkds...
2026-03-27 11:10:42 - getOutlet.php - Expected encrypt: 388a4efa6470a27b196da6c25804cef2
2026-03-27 11:10:42 - getOutlet.php - Received encrypt: 388a4efa6470a27b196da6c25804cef2
2026-03-27 11:10:42 - getOutlet.php - Authentication berhasil
2026-03-27 11:10:42 - getOutlet.php - Query: SELECT id_out, nama_out, '' AS alamat_out, ofcode_out
            FROM outlet 
            WHERE status_out IN ('Active', '1', 'active')
            AND (nama_out LIKE :key OR ofcode_out LIKE :key)
            ORDER BY nama_out ASC
            LIMIT 20
2026-03-27 11:10:42 - getOutlet.php - Query berhasil, mengembalikan 20 record
2026-03-27 11:10:42 - getOutlet.php - === END REQUEST ===
2026-03-27 04:10:42 - getOutlet.php - === REQUEST GETOUTLET ===
2026-03-27 04:10:42 - getOutlet.php - Method: POST
2026-03-27 04:10:42 - getOutlet.php - POST data: {"tgl":"2026-03-27","encrypt":"388a4efa6470a27b196da6c25804cef2","id_apl":"APL01","key":"Apotek"}
2026-03-27 11:10:42 - getOutlet.php - Params - tgl: 2026-03-27, encrypt: 388a4efa6470a27b196da6c25804cef2, id_apl: APL01, key: Apotek
2026-03-27 11:10:42 - getOutlet.php - Aplikasi ditemukan: Ya
2026-03-27 11:10:42 - getOutlet.php - Key aplikasi: YbcJSFjkds...
2026-03-27 11:10:42 - getOutlet.php - Expected encrypt: 388a4efa6470a27b196da6c25804cef2
2026-03-27 11:10:42 - getOutlet.php - Received encrypt: 388a4efa6470a27b196da6c25804cef2
2026-03-27 11:10:42 - getOutlet.php - Authentication berhasil
2026-03-27 11:10:42 - getOutlet.php - Query: SELECT id_out, nama_out, '' AS alamat_out, ofcode_out
            FROM outlet 
            WHERE status_out IN ('Active', '1', 'active')
            AND (nama_out LIKE :key OR ofcode_out LIKE :key)
            ORDER BY nama_out ASC
            LIMIT 20
2026-03-27 11:10:42 - getOutlet.php - Query berhasil, mengembalikan 20 record
2026-03-27 11:10:42 - getOutlet.php - === END REQUEST ===
2026-03-27 04:10:42 - getOutlet.php - === REQUEST GETOUTLET ===
2026-03-27 04:10:42 - getOutlet.php - Method: POST
2026-03-27 04:10:42 - getOutlet.php - POST data: {"tgl":"2026-03-27","encrypt":"388a4efa6470a27b196da6c25804cef2","id_apl":"APL01","key":"Apotek"}
2026-03-27 11:10:42 - getOutlet.php - Params - tgl: 2026-03-27, encrypt: 388a4efa6470a27b196da6c25804cef2, id_apl: APL01, key: Apotek
2026-03-27 11:10:42 - getOutlet.php - Aplikasi ditemukan: Ya
2026-03-27 11:10:42 - getOutlet.php - Key aplikasi: YbcJSFjkds...
2026-03-27 11:10:42 - getOutlet.php - Expected encrypt: 388a4efa6470a27b196da6c25804cef2
2026-03-27 11:10:42 - getOutlet.php - Received encrypt: 388a4efa6470a27b196da6c25804cef2
2026-03-27 11:10:42 - getOutlet.php - Authentication berhasil
2026-03-27 11:10:42 - getOutlet.php - Query: SELECT id_out, nama_out, '' AS alamat_out, ofcode_out
            FROM outlet 
            WHERE status_out IN ('Active', '1', 'active')
            AND (nama_out LIKE :key OR ofcode_out LIKE :key)
            ORDER BY nama_out ASC
            LIMIT 20
2026-03-27 11:10:42 - getOutlet.php - Query berhasil, mengembalikan 20 record
2026-03-27 11:10:42 - getOutlet.php - === END REQUEST ===
2026-03-27 04:10:42 - getOutlet.php - === REQUEST GETOUTLET ===
2026-03-27 04:10:42 - getOutlet.php - Method: POST
2026-03-27 04:10:42 - getOutlet.php - POST data: {"tgl":"2026-03-27","encrypt":"388a4efa6470a27b196da6c25804cef2","id_apl":"APL01","key":"Apotek"}
2026-03-27 11:10:42 - getOutlet.php - Params - tgl: 2026-03-27, encrypt: 388a4efa6470a27b196da6c25804cef2, id_apl: APL01, key: Apotek
2026-03-27 11:10:42 - getOutlet.php - Aplikasi ditemukan: Ya
2026-03-27 11:10:42 - getOutlet.php - Key aplikasi: YbcJSFjkds...
2026-03-27 11:10:42 - getOutlet.php - Expected encrypt: 388a4efa6470a27b196da6c25804cef2
2026-03-27 11:10:42 - getOutlet.php - Received encrypt: 388a4efa6470a27b196da6c25804cef2
2026-03-27 11:10:42 - getOutlet.php - Authentication berhasil
2026-03-27 11:10:42 - getOutlet.php - Query: SELECT id_out, nama_out, '' AS alamat_out, ofcode_out
            FROM outlet 
            WHERE status_out IN ('Active', '1', 'active')
            AND (nama_out LIKE :key OR ofcode_out LIKE :key)
            ORDER BY nama_out ASC
            LIMIT 20
2026-03-27 11:10:42 - getOutlet.php - Query berhasil, mengembalikan 20 record
2026-03-27 11:10:42 - getOutlet.php - === END REQUEST ===
2026-03-27 04:10:44 - getOutlet.php - === REQUEST GETOUTLET ===
2026-03-27 04:10:44 - getOutlet.php - Method: POST
2026-03-27 04:10:44 - getOutlet.php - POST data: {"tgl":"2026-03-27","encrypt":"388a4efa6470a27b196da6c25804cef2","id_apl":"APL01","key":"Apotek s"}
2026-03-27 11:10:44 - getOutlet.php - Params - tgl: 2026-03-27, encrypt: 388a4efa6470a27b196da6c25804cef2, id_apl: APL01, key: Apotek s
2026-03-27 11:10:44 - getOutlet.php - Aplikasi ditemukan: Ya
2026-03-27 11:10:44 - getOutlet.php - Key aplikasi: YbcJSFjkds...
2026-03-27 11:10:44 - getOutlet.php - Expected encrypt: 388a4efa6470a27b196da6c25804cef2
2026-03-27 11:10:44 - getOutlet.php - Received encrypt: 388a4efa6470a27b196da6c25804cef2
2026-03-27 11:10:44 - getOutlet.php - Authentication berhasil
2026-03-27 11:10:44 - getOutlet.php - Query: SELECT id_out, nama_out, '' AS alamat_out, ofcode_out
            FROM outlet 
            WHERE status_out IN ('Active', '1', 'active')
            AND (nama_out LIKE :key OR ofcode_out LIKE :key)
            ORDER BY nama_out ASC
            LIMIT 20
2026-03-27 11:10:44 - getOutlet.php - Query berhasil, mengembalikan 14 record
2026-03-27 11:10:44 - getOutlet.php - === END REQUEST ===
2026-03-27 04:10:44 - getOutlet.php - === REQUEST GETOUTLET ===
2026-03-27 04:10:44 - getOutlet.php - Method: POST
2026-03-27 04:10:44 - getOutlet.php - POST data: {"tgl":"2026-03-27","encrypt":"388a4efa6470a27b196da6c25804cef2","id_apl":"APL01","key":"Apotek se"}
2026-03-27 11:10:44 - getOutlet.php - Params - tgl: 2026-03-27, encrypt: 388a4efa6470a27b196da6c25804cef2, id_apl: APL01, key: Apotek se
2026-03-27 11:10:44 - getOutlet.php - Aplikasi ditemukan: Ya
2026-03-27 11:10:44 - getOutlet.php - Key aplikasi: YbcJSFjkds...
2026-03-27 11:10:44 - getOutlet.php - Expected encrypt: 388a4efa6470a27b196da6c25804cef2
2026-03-27 11:10:44 - getOutlet.php - Received encrypt: 388a4efa6470a27b196da6c25804cef2
2026-03-27 11:10:44 - getOutlet.php - Authentication berhasil
2026-03-27 11:10:44 - getOutlet.php - Query: SELECT id_out, nama_out, '' AS alamat_out, ofcode_out
            FROM outlet 
            WHERE status_out IN ('Active', '1', 'active')
            AND (nama_out LIKE :key OR ofcode_out LIKE :key)
            ORDER BY nama_out ASC
            LIMIT 20
2026-03-27 11:10:44 - getOutlet.php - Query berhasil, mengembalikan 6 record
2026-03-27 11:10:44 - getOutlet.php - === END REQUEST ===
2026-03-27 04:10:44 - getOutlet.php - === REQUEST GETOUTLET ===
2026-03-27 04:10:44 - getOutlet.php - Method: POST
2026-03-27 04:10:44 - getOutlet.php - POST data: {"tgl":"2026-03-27","encrypt":"388a4efa6470a27b196da6c25804cef2","id_apl":"APL01","key":"Apotek seh"}
2026-03-27 11:10:44 - getOutlet.php - Params - tgl: 2026-03-27, encrypt: 388a4efa6470a27b196da6c25804cef2, id_apl: APL01, key: Apotek seh
2026-03-27 11:10:44 - getOutlet.php - Aplikasi ditemukan: Ya
2026-03-27 11:10:44 - getOutlet.php - Key aplikasi: YbcJSFjkds...
2026-03-27 11:10:44 - getOutlet.php - Expected encrypt: 388a4efa6470a27b196da6c25804cef2
2026-03-27 11:10:44 - getOutlet.php - Received encrypt: 388a4efa6470a27b196da6c25804cef2
2026-03-27 11:10:44 - getOutlet.php - Authentication berhasil
2026-03-27 11:10:44 - getOutlet.php - Query: SELECT id_out, nama_out, '' AS alamat_out, ofcode_out
            FROM outlet 
            WHERE status_out IN ('Active', '1', 'active')
            AND (nama_out LIKE :key OR ofcode_out LIKE :key)
            ORDER BY nama_out ASC
            LIMIT 20
2026-03-27 11:10:44 - getOutlet.php - Query berhasil, mengembalikan 3 record
2026-03-27 11:10:44 - getOutlet.php - === END REQUEST ===
2026-03-27 04:10:44 - getOutlet.php - === REQUEST GETOUTLET ===
2026-03-27 04:10:44 - getOutlet.php - Method: POST
2026-03-27 04:10:44 - getOutlet.php - POST data: {"tgl":"2026-03-27","encrypt":"388a4efa6470a27b196da6c25804cef2","id_apl":"APL01","key":"Apotek seha"}
2026-03-27 11:10:44 - getOutlet.php - Params - tgl: 2026-03-27, encrypt: 388a4efa6470a27b196da6c25804cef2, id_apl: APL01, key: Apotek seha
2026-03-27 11:10:44 - getOutlet.php - Aplikasi ditemukan: Ya
2026-03-27 11:10:44 - getOutlet.php - Key aplikasi: YbcJSFjkds...
2026-03-27 11:10:44 - getOutlet.php - Expected encrypt: 388a4efa6470a27b196da6c25804cef2
2026-03-27 11:10:44 - getOutlet.php - Received encrypt: 388a4efa6470a27b196da6c25804cef2
2026-03-27 11:10:44 - getOutlet.php - Authentication berhasil
2026-03-27 11:10:44 - getOutlet.php - Query: SELECT id_out, nama_out, '' AS alamat_out, ofcode_out
            FROM outlet 
            WHERE status_out IN ('Active', '1', 'active')
            AND (nama_out LIKE :key OR ofcode_out LIKE :key)
            ORDER BY nama_out ASC
            LIMIT 20
2026-03-27 11:10:44 - getOutlet.php - Query berhasil, mengembalikan 3 record
2026-03-27 11:10:44 - getOutlet.php - === END REQUEST ===
2026-03-27 04:10:45 - getOutlet.php - === REQUEST GETOUTLET ===
2026-03-27 04:10:45 - getOutlet.php - Method: POST
2026-03-27 04:10:45 - getOutlet.php - POST data: {"tgl":"2026-03-27","encrypt":"388a4efa6470a27b196da6c25804cef2","id_apl":"APL01","key":"Apotek sehat"}
2026-03-27 11:10:45 - getOutlet.php - Params - tgl: 2026-03-27, encrypt: 388a4efa6470a27b196da6c25804cef2, id_apl: APL01, key: Apotek sehat
2026-03-27 11:10:45 - getOutlet.php - Aplikasi ditemukan: Ya
2026-03-27 11:10:45 - getOutlet.php - Key aplikasi: YbcJSFjkds...
2026-03-27 11:10:45 - getOutlet.php - Expected encrypt: 388a4efa6470a27b196da6c25804cef2
2026-03-27 11:10:45 - getOutlet.php - Received encrypt: 388a4efa6470a27b196da6c25804cef2
2026-03-27 11:10:45 - getOutlet.php - Authentication berhasil
2026-03-27 11:10:45 - getOutlet.php - Query: SELECT id_out, nama_out, '' AS alamat_out, ofcode_out
            FROM outlet 
            WHERE status_out IN ('Active', '1', 'active')
            AND (nama_out LIKE :key OR ofcode_out LIKE :key)
            ORDER BY nama_out ASC
            LIMIT 20
2026-03-27 11:10:45 - getOutlet.php - Query berhasil, mengembalikan 3 record
2026-03-27 11:10:45 - getOutlet.php - === END REQUEST ===
2026-03-27 04:10:45 - getOutlet.php - === REQUEST GETOUTLET ===
2026-03-27 04:10:45 - getOutlet.php - Method: POST
2026-03-27 04:10:45 - getOutlet.php - POST data: {"tgl":"2026-03-27","encrypt":"388a4efa6470a27b196da6c25804cef2","id_apl":"APL01","key":"Apotek sehat"}
2026-03-27 11:10:45 - getOutlet.php - Params - tgl: 2026-03-27, encrypt: 388a4efa6470a27b196da6c25804cef2, id_apl: APL01, key: Apotek sehat
2026-03-27 11:10:45 - getOutlet.php - Aplikasi ditemukan: Ya
2026-03-27 11:10:45 - getOutlet.php - Key aplikasi: YbcJSFjkds...
2026-03-27 11:10:45 - getOutlet.php - Expected encrypt: 388a4efa6470a27b196da6c25804cef2
2026-03-27 11:10:45 - getOutlet.php - Received encrypt: 388a4efa6470a27b196da6c25804cef2
2026-03-27 11:10:45 - getOutlet.php - Authentication berhasil
2026-03-27 11:10:45 - getOutlet.php - Query: SELECT id_out, nama_out, '' AS alamat_out, ofcode_out
            FROM outlet 
            WHERE status_out IN ('Active', '1', 'active')
            AND (nama_out LIKE :key OR ofcode_out LIKE :key)
            ORDER BY nama_out ASC
            LIMIT 20
2026-03-27 11:10:45 - getOutlet.php - Query berhasil, mengembalikan 3 record
2026-03-27 11:10:45 - getOutlet.php - === END REQUEST ===
2026-03-27 04:10:45 - getOutlet.php - === REQUEST GETOUTLET ===
2026-03-27 04:10:45 - getOutlet.php - Method: POST
2026-03-27 04:10:45 - getOutlet.php - POST data: {"tgl":"2026-03-27","encrypt":"388a4efa6470a27b196da6c25804cef2","id_apl":"APL01","key":"Apotek sehat"}
2026-03-27 11:10:45 - getOutlet.php - Params - tgl: 2026-03-27, encrypt: 388a4efa6470a27b196da6c25804cef2, id_apl: APL01, key: Apotek sehat
2026-03-27 11:10:45 - getOutlet.php - Aplikasi ditemukan: Ya
2026-03-27 11:10:45 - getOutlet.php - Key aplikasi: YbcJSFjkds...
2026-03-27 11:10:45 - getOutlet.php - Expected encrypt: 388a4efa6470a27b196da6c25804cef2
2026-03-27 11:10:45 - getOutlet.php - Received encrypt: 388a4efa6470a27b196da6c25804cef2
2026-03-27 11:10:45 - getOutlet.php - Authentication berhasil
2026-03-27 11:10:45 - getOutlet.php - Query: SELECT id_out, nama_out, '' AS alamat_out, ofcode_out
            FROM outlet 
            WHERE status_out IN ('Active', '1', 'active')
            AND (nama_out LIKE :key OR ofcode_out LIKE :key)
            ORDER BY nama_out ASC
            LIMIT 20
2026-03-27 11:10:45 - getOutlet.php - Query berhasil, mengembalikan 3 record
2026-03-27 11:10:45 - getOutlet.php - === END REQUEST ===
2026-03-27 04:10:46 - getOutlet.php - === REQUEST GETOUTLET ===
2026-03-27 04:10:46 - getOutlet.php - Method: POST
2026-03-27 04:10:46 - getOutlet.php - POST data: {"tgl":"2026-03-27","encrypt":"388a4efa6470a27b196da6c25804cef2","id_apl":"APL01","key":"Apotek sehat c"}
2026-03-27 11:10:46 - getOutlet.php - Params - tgl: 2026-03-27, encrypt: 388a4efa6470a27b196da6c25804cef2, id_apl: APL01, key: Apotek sehat c
2026-03-27 11:10:46 - getOutlet.php - Aplikasi ditemukan: Ya
2026-03-27 11:10:46 - getOutlet.php - Key aplikasi: YbcJSFjkds...
2026-03-27 11:10:46 - getOutlet.php - Expected encrypt: 388a4efa6470a27b196da6c25804cef2
2026-03-27 11:10:46 - getOutlet.php - Received encrypt: 388a4efa6470a27b196da6c25804cef2
2026-03-27 11:10:46 - getOutlet.php - Authentication berhasil
2026-03-27 11:10:46 - getOutlet.php - Query: SELECT id_out, nama_out, '' AS alamat_out, ofcode_out
            FROM outlet 
            WHERE status_out IN ('Active', '1', 'active')
            AND (nama_out LIKE :key OR ofcode_out LIKE :key)
            ORDER BY nama_out ASC
            LIMIT 20
2026-03-27 11:10:46 - getOutlet.php - Query berhasil, mengembalikan 0 record
2026-03-27 11:10:46 - getOutlet.php - === END REQUEST ===
2026-03-27 04:10:46 - getOutlet.php - === REQUEST GETOUTLET ===
2026-03-27 04:10:46 - getOutlet.php - Method: POST
2026-03-27 04:10:46 - getOutlet.php - POST data: {"tgl":"2026-03-27","encrypt":"388a4efa6470a27b196da6c25804cef2","id_apl":"APL01","key":"Apotek sehat ci"}
2026-03-27 11:10:46 - getOutlet.php - Params - tgl: 2026-03-27, encrypt: 388a4efa6470a27b196da6c25804cef2, id_apl: APL01, key: Apotek sehat ci
2026-03-27 11:10:46 - getOutlet.php - Aplikasi ditemukan: Ya
2026-03-27 11:10:46 - getOutlet.php - Key aplikasi: YbcJSFjkds...
2026-03-27 11:10:46 - getOutlet.php - Expected encrypt: 388a4efa6470a27b196da6c25804cef2
2026-03-27 11:10:46 - getOutlet.php - Received encrypt: 388a4efa6470a27b196da6c25804cef2
2026-03-27 11:10:46 - getOutlet.php - Authentication berhasil
2026-03-27 11:10:46 - getOutlet.php - Query: SELECT id_out, nama_out, '' AS alamat_out, ofcode_out
            FROM outlet 
            WHERE status_out IN ('Active', '1', 'active')
            AND (nama_out LIKE :key OR ofcode_out LIKE :key)
            ORDER BY nama_out ASC
            LIMIT 20
2026-03-27 11:10:46 - getOutlet.php - Query berhasil, mengembalikan 0 record
2026-03-27 11:10:46 - getOutlet.php - === END REQUEST ===
2026-03-27 04:10:49 - getOutlet.php - === REQUEST GETOUTLET ===
2026-03-27 04:10:49 - getOutlet.php - Method: POST
2026-03-27 04:10:49 - getOutlet.php - POST data: {"tgl":"2026-03-27","encrypt":"388a4efa6470a27b196da6c25804cef2","id_apl":"APL01","key":"Apotek sehat cik"}
2026-03-27 11:10:49 - getOutlet.php - Params - tgl: 2026-03-27, encrypt: 388a4efa6470a27b196da6c25804cef2, id_apl: APL01, key: Apotek sehat cik
2026-03-27 11:10:49 - getOutlet.php - Aplikasi ditemukan: Ya
2026-03-27 11:10:49 - getOutlet.php - Key aplikasi: YbcJSFjkds...
2026-03-27 11:10:49 - getOutlet.php - Expected encrypt: 388a4efa6470a27b196da6c25804cef2
2026-03-27 11:10:49 - getOutlet.php - Received encrypt: 388a4efa6470a27b196da6c25804cef2
2026-03-27 11:10:49 - getOutlet.php - Authentication berhasil
2026-03-27 11:10:49 - getOutlet.php - Query: SELECT id_out, nama_out, '' AS alamat_out, ofcode_out
            FROM outlet 
            WHERE status_out IN ('Active', '1', 'active')
            AND (nama_out LIKE :key OR ofcode_out LIKE :key)
            ORDER BY nama_out ASC
            LIMIT 20
2026-03-27 11:10:49 - getOutlet.php - Query berhasil, mengembalikan 0 record
2026-03-27 11:10:49 - getOutlet.php - === END REQUEST ===
2026-03-27 04:10:49 - getOutlet.php - === REQUEST GETOUTLET ===
2026-03-27 04:10:49 - getOutlet.php - Method: POST
2026-03-27 04:10:49 - getOutlet.php - POST data: {"tgl":"2026-03-27","encrypt":"388a4efa6470a27b196da6c25804cef2","id_apl":"APL01","key":"Apotek sehat ciko"}
2026-03-27 11:10:49 - getOutlet.php - Params - tgl: 2026-03-27, encrypt: 388a4efa6470a27b196da6c25804cef2, id_apl: APL01, key: Apotek sehat ciko
2026-03-27 11:10:49 - getOutlet.php - Aplikasi ditemukan: Ya
2026-03-27 11:10:49 - getOutlet.php - Key aplikasi: YbcJSFjkds...
2026-03-27 11:10:49 - getOutlet.php - Expected encrypt: 388a4efa6470a27b196da6c25804cef2
2026-03-27 11:10:49 - getOutlet.php - Received encrypt: 388a4efa6470a27b196da6c25804cef2
2026-03-27 11:10:49 - getOutlet.php - Authentication berhasil
2026-03-27 11:10:49 - getOutlet.php - Query: SELECT id_out, nama_out, '' AS alamat_out, ofcode_out
            FROM outlet 
            WHERE status_out IN ('Active', '1', 'active')
            AND (nama_out LIKE :key OR ofcode_out LIKE :key)
            ORDER BY nama_out ASC
            LIMIT 20
2026-03-27 11:10:49 - getOutlet.php - Query berhasil, mengembalikan 0 record
2026-03-27 11:10:49 - getOutlet.php - === END REQUEST ===
2026-03-27 04:10:49 - getOutlet.php - === REQUEST GETOUTLET ===
2026-03-27 04:10:49 - getOutlet.php - Method: POST
2026-03-27 04:10:49 - getOutlet.php - POST data: {"tgl":"2026-03-27","encrypt":"388a4efa6470a27b196da6c25804cef2","id_apl":"APL01","key":"Apotek sehat cikok"}
2026-03-27 11:10:49 - getOutlet.php - Params - tgl: 2026-03-27, encrypt: 388a4efa6470a27b196da6c25804cef2, id_apl: APL01, key: Apotek sehat cikok
2026-03-27 11:10:49 - getOutlet.php - Aplikasi ditemukan: Ya
2026-03-27 11:10:49 - getOutlet.php - Key aplikasi: YbcJSFjkds...
2026-03-27 11:10:49 - getOutlet.php - Expected encrypt: 388a4efa6470a27b196da6c25804cef2
2026-03-27 11:10:49 - getOutlet.php - Received encrypt: 388a4efa6470a27b196da6c25804cef2
2026-03-27 11:10:49 - getOutlet.php - Authentication berhasil
2026-03-27 11:10:49 - getOutlet.php - Query: SELECT id_out, nama_out, '' AS alamat_out, ofcode_out
            FROM outlet 
            WHERE status_out IN ('Active', '1', 'active')
            AND (nama_out LIKE :key OR ofcode_out LIKE :key)
            ORDER BY nama_out ASC
            LIMIT 20
2026-03-27 11:10:49 - getOutlet.php - Query berhasil, mengembalikan 0 record
2026-03-27 11:10:49 - getOutlet.php - === END REQUEST ===
2026-03-27 04:10:49 - getOutlet.php - === REQUEST GETOUTLET ===
2026-03-27 04:10:49 - getOutlet.php - Method: POST
2026-03-27 04:10:49 - getOutlet.php - POST data: {"tgl":"2026-03-27","encrypt":"388a4efa6470a27b196da6c25804cef2","id_apl":"APL01","key":"Apotek sehat cikoko"}
2026-03-27 11:10:49 - getOutlet.php - Params - tgl: 2026-03-27, encrypt: 388a4efa6470a27b196da6c25804cef2, id_apl: APL01, key: Apotek sehat cikoko
2026-03-27 11:10:49 - getOutlet.php - Aplikasi ditemukan: Ya
2026-03-27 11:10:49 - getOutlet.php - Key aplikasi: YbcJSFjkds...
2026-03-27 11:10:49 - getOutlet.php - Expected encrypt: 388a4efa6470a27b196da6c25804cef2
2026-03-27 11:10:49 - getOutlet.php - Received encrypt: 388a4efa6470a27b196da6c25804cef2
2026-03-27 11:10:49 - getOutlet.php - Authentication berhasil
2026-03-27 11:10:49 - getOutlet.php - Query: SELECT id_out, nama_out, '' AS alamat_out, ofcode_out
            FROM outlet 
            WHERE status_out IN ('Active', '1', 'active')
            AND (nama_out LIKE :key OR ofcode_out LIKE :key)
            ORDER BY nama_out ASC
            LIMIT 20
2026-03-27 11:10:49 - getOutlet.php - Query berhasil, mengembalikan 0 record
2026-03-27 11:10:49 - getOutlet.php - === END REQUEST ===
2026-03-27 04:10:50 - getOutlet.php - === REQUEST GETOUTLET ===
2026-03-27 04:10:50 - getOutlet.php - Method: POST
2026-03-27 04:10:50 - getOutlet.php - POST data: {"tgl":"2026-03-27","encrypt":"388a4efa6470a27b196da6c25804cef2","id_apl":"APL01","key":"Apotek sehat cikok"}
2026-03-27 11:10:50 - getOutlet.php - Params - tgl: 2026-03-27, encrypt: 388a4efa6470a27b196da6c25804cef2, id_apl: APL01, key: Apotek sehat cikok
2026-03-27 11:10:50 - getOutlet.php - Aplikasi ditemukan: Ya
2026-03-27 11:10:50 - getOutlet.php - Key aplikasi: YbcJSFjkds...
2026-03-27 11:10:50 - getOutlet.php - Expected encrypt: 388a4efa6470a27b196da6c25804cef2
2026-03-27 11:10:50 - getOutlet.php - Received encrypt: 388a4efa6470a27b196da6c25804cef2
2026-03-27 11:10:50 - getOutlet.php - Authentication berhasil
2026-03-27 11:10:50 - getOutlet.php - Query: SELECT id_out, nama_out, '' AS alamat_out, ofcode_out
            FROM outlet 
            WHERE status_out IN ('Active', '1', 'active')
            AND (nama_out LIKE :key OR ofcode_out LIKE :key)
            ORDER BY nama_out ASC
            LIMIT 20
2026-03-27 11:10:50 - getOutlet.php - Query berhasil, mengembalikan 0 record
2026-03-27 11:10:50 - getOutlet.php - === END REQUEST ===
2026-03-27 04:10:50 - getOutlet.php - === REQUEST GETOUTLET ===
2026-03-27 04:10:50 - getOutlet.php - Method: POST
2026-03-27 04:10:50 - getOutlet.php - POST data: {"tgl":"2026-03-27","encrypt":"388a4efa6470a27b196da6c25804cef2","id_apl":"APL01","key":"Apotek sehat ciko"}
2026-03-27 11:10:50 - getOutlet.php - Params - tgl: 2026-03-27, encrypt: 388a4efa6470a27b196da6c25804cef2, id_apl: APL01, key: Apotek sehat ciko
2026-03-27 11:10:50 - getOutlet.php - Aplikasi ditemukan: Ya
2026-03-27 11:10:50 - getOutlet.php - Key aplikasi: YbcJSFjkds...
2026-03-27 11:10:50 - getOutlet.php - Expected encrypt: 388a4efa6470a27b196da6c25804cef2
2026-03-27 11:10:50 - getOutlet.php - Received encrypt: 388a4efa6470a27b196da6c25804cef2
2026-03-27 11:10:50 - getOutlet.php - Authentication berhasil
2026-03-27 11:10:50 - getOutlet.php - Query: SELECT id_out, nama_out, '' AS alamat_out, ofcode_out
            FROM outlet 
            WHERE status_out IN ('Active', '1', 'active')
            AND (nama_out LIKE :key OR ofcode_out LIKE :key)
            ORDER BY nama_out ASC
            LIMIT 20
2026-03-27 11:10:50 - getOutlet.php - Query berhasil, mengembalikan 0 record
2026-03-27 11:10:50 - getOutlet.php - === END REQUEST ===
2026-03-27 04:10:50 - getOutlet.php - === REQUEST GETOUTLET ===
2026-03-27 04:10:50 - getOutlet.php - Method: POST
2026-03-27 04:10:50 - getOutlet.php - POST data: {"tgl":"2026-03-27","encrypt":"388a4efa6470a27b196da6c25804cef2","id_apl":"APL01","key":"Apotek sehat cik"}
2026-03-27 11:10:50 - getOutlet.php - Params - tgl: 2026-03-27, encrypt: 388a4efa6470a27b196da6c25804cef2, id_apl: APL01, key: Apotek sehat cik
2026-03-27 11:10:50 - getOutlet.php - Aplikasi ditemukan: Ya
2026-03-27 11:10:50 - getOutlet.php - Key aplikasi: YbcJSFjkds...
2026-03-27 11:10:50 - getOutlet.php - Expected encrypt: 388a4efa6470a27b196da6c25804cef2
2026-03-27 11:10:50 - getOutlet.php - Received encrypt: 388a4efa6470a27b196da6c25804cef2
2026-03-27 11:10:50 - getOutlet.php - Authentication berhasil
2026-03-27 11:10:50 - getOutlet.php - Query: SELECT id_out, nama_out, '' AS alamat_out, ofcode_out
            FROM outlet 
            WHERE status_out IN ('Active', '1', 'active')
            AND (nama_out LIKE :key OR ofcode_out LIKE :key)
            ORDER BY nama_out ASC
            LIMIT 20
2026-03-27 11:10:50 - getOutlet.php - Query berhasil, mengembalikan 0 record
2026-03-27 11:10:50 - getOutlet.php - === END REQUEST ===
2026-03-27 04:10:50 - getOutlet.php - === REQUEST GETOUTLET ===
2026-03-27 04:10:50 - getOutlet.php - Method: POST
2026-03-27 04:10:50 - getOutlet.php - POST data: {"tgl":"2026-03-27","encrypt":"388a4efa6470a27b196da6c25804cef2","id_apl":"APL01","key":"Apotek sehat ci"}
2026-03-27 11:10:50 - getOutlet.php - Params - tgl: 2026-03-27, encrypt: 388a4efa6470a27b196da6c25804cef2, id_apl: APL01, key: Apotek sehat ci
2026-03-27 11:10:50 - getOutlet.php - Aplikasi ditemukan: Ya
2026-03-27 11:10:50 - getOutlet.php - Key aplikasi: YbcJSFjkds...
2026-03-27 11:10:50 - getOutlet.php - Expected encrypt: 388a4efa6470a27b196da6c25804cef2
2026-03-27 11:10:50 - getOutlet.php - Received encrypt: 388a4efa6470a27b196da6c25804cef2
2026-03-27 11:10:50 - getOutlet.php - Authentication berhasil
2026-03-27 11:10:50 - getOutlet.php - Query: SELECT id_out, nama_out, '' AS alamat_out, ofcode_out
            FROM outlet 
            WHERE status_out IN ('Active', '1', 'active')
            AND (nama_out LIKE :key OR ofcode_out LIKE :key)
            ORDER BY nama_out ASC
            LIMIT 20
2026-03-27 11:10:50 - getOutlet.php - Query berhasil, mengembalikan 0 record
2026-03-27 11:10:50 - getOutlet.php - === END REQUEST ===
2026-03-27 04:10:50 - getOutlet.php - === REQUEST GETOUTLET ===
2026-03-27 04:10:50 - getOutlet.php - Method: POST
2026-03-27 04:10:50 - getOutlet.php - POST data: {"tgl":"2026-03-27","encrypt":"388a4efa6470a27b196da6c25804cef2","id_apl":"APL01","key":"Apotek sehat c"}
2026-03-27 11:10:50 - getOutlet.php - Params - tgl: 2026-03-27, encrypt: 388a4efa6470a27b196da6c25804cef2, id_apl: APL01, key: Apotek sehat c
2026-03-27 11:10:50 - getOutlet.php - Aplikasi ditemukan: Ya
2026-03-27 11:10:50 - getOutlet.php - Key aplikasi: YbcJSFjkds...
2026-03-27 11:10:50 - getOutlet.php - Expected encrypt: 388a4efa6470a27b196da6c25804cef2
2026-03-27 11:10:50 - getOutlet.php - Received encrypt: 388a4efa6470a27b196da6c25804cef2
2026-03-27 11:10:50 - getOutlet.php - Authentication berhasil
2026-03-27 11:10:50 - getOutlet.php - Query: SELECT id_out, nama_out, '' AS alamat_out, ofcode_out
            FROM outlet 
            WHERE status_out IN ('Active', '1', 'active')
            AND (nama_out LIKE :key OR ofcode_out LIKE :key)
            ORDER BY nama_out ASC
            LIMIT 20
2026-03-27 11:10:50 - getOutlet.php - Query berhasil, mengembalikan 0 record
2026-03-27 11:10:50 - getOutlet.php - === END REQUEST ===
2026-03-27 04:10:50 - getOutlet.php - === REQUEST GETOUTLET ===
2026-03-27 04:10:50 - getOutlet.php - Method: POST
2026-03-27 04:10:50 - getOutlet.php - POST data: {"tgl":"2026-03-27","encrypt":"388a4efa6470a27b196da6c25804cef2","id_apl":"APL01","key":"Apotek sehat"}
2026-03-27 11:10:50 - getOutlet.php - Params - tgl: 2026-03-27, encrypt: 388a4efa6470a27b196da6c25804cef2, id_apl: APL01, key: Apotek sehat
2026-03-27 11:10:50 - getOutlet.php - Aplikasi ditemukan: Ya
2026-03-27 11:10:50 - getOutlet.php - Key aplikasi: YbcJSFjkds...
2026-03-27 11:10:50 - getOutlet.php - Expected encrypt: 388a4efa6470a27b196da6c25804cef2
2026-03-27 11:10:50 - getOutlet.php - Received encrypt: 388a4efa6470a27b196da6c25804cef2
2026-03-27 11:10:50 - getOutlet.php - Authentication berhasil
2026-03-27 11:10:50 - getOutlet.php - Query: SELECT id_out, nama_out, '' AS alamat_out, ofcode_out
            FROM outlet 
            WHERE status_out IN ('Active', '1', 'active')
            AND (nama_out LIKE :key OR ofcode_out LIKE :key)
            ORDER BY nama_out ASC
            LIMIT 20
2026-03-27 11:10:50 - getOutlet.php - Query berhasil, mengembalikan 3 record
2026-03-27 11:10:50 - getOutlet.php - === END REQUEST ===
2026-03-27 04:10:50 - getOutlet.php - === REQUEST GETOUTLET ===
2026-03-27 04:10:50 - getOutlet.php - Method: POST
2026-03-27 04:10:50 - getOutlet.php - POST data: {"tgl":"2026-03-27","encrypt":"388a4efa6470a27b196da6c25804cef2","id_apl":"APL01","key":"Apotek sehat"}
2026-03-27 11:10:50 - getOutlet.php - Params - tgl: 2026-03-27, encrypt: 388a4efa6470a27b196da6c25804cef2, id_apl: APL01, key: Apotek sehat
2026-03-27 11:10:50 - getOutlet.php - Aplikasi ditemukan: Ya
2026-03-27 11:10:50 - getOutlet.php - Key aplikasi: YbcJSFjkds...
2026-03-27 11:10:50 - getOutlet.php - Expected encrypt: 388a4efa6470a27b196da6c25804cef2
2026-03-27 11:10:50 - getOutlet.php - Received encrypt: 388a4efa6470a27b196da6c25804cef2
2026-03-27 11:10:50 - getOutlet.php - Authentication berhasil
2026-03-27 11:10:50 - getOutlet.php - Query: SELECT id_out, nama_out, '' AS alamat_out, ofcode_out
            FROM outlet 
            WHERE status_out IN ('Active', '1', 'active')
            AND (nama_out LIKE :key OR ofcode_out LIKE :key)
            ORDER BY nama_out ASC
            LIMIT 20
2026-03-27 11:10:50 - getOutlet.php - Query berhasil, mengembalikan 3 record
2026-03-27 11:10:50 - getOutlet.php - === END REQUEST ===
2026-03-27 04:10:50 - getOutlet.php - === REQUEST GETOUTLET ===
2026-03-27 04:10:50 - getOutlet.php - Method: POST
2026-03-27 04:10:50 - getOutlet.php - POST data: {"tgl":"2026-03-27","encrypt":"388a4efa6470a27b196da6c25804cef2","id_apl":"APL01","key":"Apotek seha"}
2026-03-27 11:10:50 - getOutlet.php - Params - tgl: 2026-03-27, encrypt: 388a4efa6470a27b196da6c25804cef2, id_apl: APL01, key: Apotek seha
2026-03-27 11:10:50 - getOutlet.php - Aplikasi ditemukan: Ya
2026-03-27 11:10:50 - getOutlet.php - Key aplikasi: YbcJSFjkds...
2026-03-27 11:10:50 - getOutlet.php - Expected encrypt: 388a4efa6470a27b196da6c25804cef2
2026-03-27 11:10:50 - getOutlet.php - Received encrypt: 388a4efa6470a27b196da6c25804cef2
2026-03-27 11:10:50 - getOutlet.php - Authentication berhasil
2026-03-27 11:10:50 - getOutlet.php - Query: SELECT id_out, nama_out, '' AS alamat_out, ofcode_out
            FROM outlet 
            WHERE status_out IN ('Active', '1', 'active')
            AND (nama_out LIKE :key OR ofcode_out LIKE :key)
            ORDER BY nama_out ASC
            LIMIT 20
2026-03-27 11:10:50 - getOutlet.php - Query berhasil, mengembalikan 3 record
2026-03-27 11:10:50 - getOutlet.php - === END REQUEST ===
2026-03-27 04:10:50 - getOutlet.php - === REQUEST GETOUTLET ===
2026-03-27 04:10:50 - getOutlet.php - Method: POST
2026-03-27 04:10:50 - getOutlet.php - POST data: {"tgl":"2026-03-27","encrypt":"388a4efa6470a27b196da6c25804cef2","id_apl":"APL01","key":"Apotek seh"}
2026-03-27 11:10:50 - getOutlet.php - Params - tgl: 2026-03-27, encrypt: 388a4efa6470a27b196da6c25804cef2, id_apl: APL01, key: Apotek seh
2026-03-27 11:10:50 - getOutlet.php - Aplikasi ditemukan: Ya
2026-03-27 11:10:50 - getOutlet.php - Key aplikasi: YbcJSFjkds...
2026-03-27 11:10:50 - getOutlet.php - Expected encrypt: 388a4efa6470a27b196da6c25804cef2
2026-03-27 11:10:50 - getOutlet.php - Received encrypt: 388a4efa6470a27b196da6c25804cef2
2026-03-27 11:10:50 - getOutlet.php - Authentication berhasil
2026-03-27 11:10:50 - getOutlet.php - Query: SELECT id_out, nama_out, '' AS alamat_out, ofcode_out
            FROM outlet 
            WHERE status_out IN ('Active', '1', 'active')
            AND (nama_out LIKE :key OR ofcode_out LIKE :key)
            ORDER BY nama_out ASC
            LIMIT 20
2026-03-27 11:10:50 - getOutlet.php - Query berhasil, mengembalikan 3 record
2026-03-27 11:10:50 - getOutlet.php - === END REQUEST ===
2026-03-27 04:10:51 - getOutlet.php - === REQUEST GETOUTLET ===
2026-03-27 04:10:51 - getOutlet.php - Method: POST
2026-03-27 04:10:51 - getOutlet.php - POST data: {"tgl":"2026-03-27","encrypt":"388a4efa6470a27b196da6c25804cef2","id_apl":"APL01","key":"Apotek se"}
2026-03-27 11:10:51 - getOutlet.php - Params - tgl: 2026-03-27, encrypt: 388a4efa6470a27b196da6c25804cef2, id_apl: APL01, key: Apotek se
2026-03-27 11:10:51 - getOutlet.php - Aplikasi ditemukan: Ya
2026-03-27 11:10:51 - getOutlet.php - Key aplikasi: YbcJSFjkds...
2026-03-27 11:10:51 - getOutlet.php - Expected encrypt: 388a4efa6470a27b196da6c25804cef2
2026-03-27 11:10:51 - getOutlet.php - Received encrypt: 388a4efa6470a27b196da6c25804cef2
2026-03-27 11:10:51 - getOutlet.php - Authentication berhasil
2026-03-27 11:10:51 - getOutlet.php - Query: SELECT id_out, nama_out, '' AS alamat_out, ofcode_out
            FROM outlet 
            WHERE status_out IN ('Active', '1', 'active')
            AND (nama_out LIKE :key OR ofcode_out LIKE :key)
            ORDER BY nama_out ASC
            LIMIT 20
2026-03-27 11:10:51 - getOutlet.php - Query berhasil, mengembalikan 6 record
2026-03-27 11:10:51 - getOutlet.php - === END REQUEST ===
2026-03-27 04:10:51 - getOutlet.php - === REQUEST GETOUTLET ===
2026-03-27 04:10:51 - getOutlet.php - Method: POST
2026-03-27 04:10:51 - getOutlet.php - POST data: {"tgl":"2026-03-27","encrypt":"388a4efa6470a27b196da6c25804cef2","id_apl":"APL01","key":"Apotek s"}
2026-03-27 11:10:51 - getOutlet.php - Params - tgl: 2026-03-27, encrypt: 388a4efa6470a27b196da6c25804cef2, id_apl: APL01, key: Apotek s
2026-03-27 11:10:51 - getOutlet.php - Aplikasi ditemukan: Ya
2026-03-27 11:10:51 - getOutlet.php - Key aplikasi: YbcJSFjkds...
2026-03-27 11:10:51 - getOutlet.php - Expected encrypt: 388a4efa6470a27b196da6c25804cef2
2026-03-27 11:10:51 - getOutlet.php - Received encrypt: 388a4efa6470a27b196da6c25804cef2
2026-03-27 11:10:51 - getOutlet.php - Authentication berhasil
2026-03-27 11:10:51 - getOutlet.php - Query: SELECT id_out, nama_out, '' AS alamat_out, ofcode_out
            FROM outlet 
            WHERE status_out IN ('Active', '1', 'active')
            AND (nama_out LIKE :key OR ofcode_out LIKE :key)
            ORDER BY nama_out ASC
            LIMIT 20
2026-03-27 11:10:51 - getOutlet.php - Query berhasil, mengembalikan 14 record
2026-03-27 11:10:51 - getOutlet.php - === END REQUEST ===
2026-03-27 04:10:51 - getOutlet.php - === REQUEST GETOUTLET ===
2026-03-27 04:10:51 - getOutlet.php - Method: POST
2026-03-27 04:10:51 - getOutlet.php - POST data: {"tgl":"2026-03-27","encrypt":"388a4efa6470a27b196da6c25804cef2","id_apl":"APL01","key":"Apotek"}
2026-03-27 11:10:51 - getOutlet.php - Params - tgl: 2026-03-27, encrypt: 388a4efa6470a27b196da6c25804cef2, id_apl: APL01, key: Apotek
2026-03-27 11:10:51 - getOutlet.php - Aplikasi ditemukan: Ya
2026-03-27 11:10:51 - getOutlet.php - Key aplikasi: YbcJSFjkds...
2026-03-27 11:10:51 - getOutlet.php - Expected encrypt: 388a4efa6470a27b196da6c25804cef2
2026-03-27 11:10:51 - getOutlet.php - Received encrypt: 388a4efa6470a27b196da6c25804cef2
2026-03-27 11:10:51 - getOutlet.php - Authentication berhasil
2026-03-27 11:10:51 - getOutlet.php - Query: SELECT id_out, nama_out, '' AS alamat_out, ofcode_out
            FROM outlet 
            WHERE status_out IN ('Active', '1', 'active')
            AND (nama_out LIKE :key OR ofcode_out LIKE :key)
            ORDER BY nama_out ASC
            LIMIT 20
2026-03-27 11:10:51 - getOutlet.php - Query berhasil, mengembalikan 20 record
2026-03-27 11:10:51 - getOutlet.php - === END REQUEST ===
2026-03-27 04:10:51 - getOutlet.php - === REQUEST GETOUTLET ===
2026-03-27 04:10:51 - getOutlet.php - Method: POST
2026-03-27 04:10:51 - getOutlet.php - POST data: {"tgl":"2026-03-27","encrypt":"388a4efa6470a27b196da6c25804cef2","id_apl":"APL01","key":"Apotek"}
2026-03-27 11:10:51 - getOutlet.php - Params - tgl: 2026-03-27, encrypt: 388a4efa6470a27b196da6c25804cef2, id_apl: APL01, key: Apotek
2026-03-27 11:10:51 - getOutlet.php - Aplikasi ditemukan: Ya
2026-03-27 11:10:51 - getOutlet.php - Key aplikasi: YbcJSFjkds...
2026-03-27 11:10:51 - getOutlet.php - Expected encrypt: 388a4efa6470a27b196da6c25804cef2
2026-03-27 11:10:51 - getOutlet.php - Received encrypt: 388a4efa6470a27b196da6c25804cef2
2026-03-27 11:10:51 - getOutlet.php - Authentication berhasil
2026-03-27 11:10:51 - getOutlet.php - Query: SELECT id_out, nama_out, '' AS alamat_out, ofcode_out
            FROM outlet 
            WHERE status_out IN ('Active', '1', 'active')
            AND (nama_out LIKE :key OR ofcode_out LIKE :key)
            ORDER BY nama_out ASC
            LIMIT 20
2026-03-27 11:10:51 - getOutlet.php - Query berhasil, mengembalikan 20 record
2026-03-27 11:10:51 - getOutlet.php - === END REQUEST ===
2026-03-27 04:10:51 - getOutlet.php - === REQUEST GETOUTLET ===
2026-03-27 04:10:51 - getOutlet.php - Method: POST
2026-03-27 04:10:51 - getOutlet.php - POST data: {"tgl":"2026-03-27","encrypt":"388a4efa6470a27b196da6c25804cef2","id_apl":"APL01","key":"Apote"}
2026-03-27 11:10:51 - getOutlet.php - Params - tgl: 2026-03-27, encrypt: 388a4efa6470a27b196da6c25804cef2, id_apl: APL01, key: Apote
2026-03-27 11:10:51 - getOutlet.php - Aplikasi ditemukan: Ya
2026-03-27 11:10:51 - getOutlet.php - Key aplikasi: YbcJSFjkds...
2026-03-27 11:10:51 - getOutlet.php - Expected encrypt: 388a4efa6470a27b196da6c25804cef2
2026-03-27 11:10:51 - getOutlet.php - Received encrypt: 388a4efa6470a27b196da6c25804cef2
2026-03-27 11:10:51 - getOutlet.php - Authentication berhasil
2026-03-27 11:10:51 - getOutlet.php - Query: SELECT id_out, nama_out, '' AS alamat_out, ofcode_out
            FROM outlet 
            WHERE status_out IN ('Active', '1', 'active')
            AND (nama_out LIKE :key OR ofcode_out LIKE :key)
            ORDER BY nama_out ASC
            LIMIT 20
2026-03-27 11:10:51 - getOutlet.php - Query berhasil, mengembalikan 20 record
2026-03-27 11:10:51 - getOutlet.php - === END REQUEST ===
2026-03-27 04:10:51 - getOutlet.php - === REQUEST GETOUTLET ===
2026-03-27 04:10:51 - getOutlet.php - Method: POST
2026-03-27 04:10:51 - getOutlet.php - POST data: {"tgl":"2026-03-27","encrypt":"388a4efa6470a27b196da6c25804cef2","id_apl":"APL01","key":"Apot"}
2026-03-27 11:10:51 - getOutlet.php - Params - tgl: 2026-03-27, encrypt: 388a4efa6470a27b196da6c25804cef2, id_apl: APL01, key: Apot
2026-03-27 11:10:51 - getOutlet.php - Aplikasi ditemukan: Ya
2026-03-27 11:10:51 - getOutlet.php - Key aplikasi: YbcJSFjkds...
2026-03-27 11:10:51 - getOutlet.php - Expected encrypt: 388a4efa6470a27b196da6c25804cef2
2026-03-27 11:10:51 - getOutlet.php - Received encrypt: 388a4efa6470a27b196da6c25804cef2
2026-03-27 11:10:51 - getOutlet.php - Authentication berhasil
2026-03-27 11:10:51 - getOutlet.php - Query: SELECT id_out, nama_out, '' AS alamat_out, ofcode_out
            FROM outlet 
            WHERE status_out IN ('Active', '1', 'active')
            AND (nama_out LIKE :key OR ofcode_out LIKE :key)
            ORDER BY nama_out ASC
            LIMIT 20
2026-03-27 11:10:51 - getOutlet.php - Query berhasil, mengembalikan 20 record
2026-03-27 11:10:51 - getOutlet.php - === END REQUEST ===
2026-03-27 04:10:51 - getOutlet.php - === REQUEST GETOUTLET ===
2026-03-27 04:10:51 - getOutlet.php - Method: POST
2026-03-27 04:10:51 - getOutlet.php - POST data: {"tgl":"2026-03-27","encrypt":"388a4efa6470a27b196da6c25804cef2","id_apl":"APL01","key":"Apo"}
2026-03-27 11:10:51 - getOutlet.php - Params - tgl: 2026-03-27, encrypt: 388a4efa6470a27b196da6c25804cef2, id_apl: APL01, key: Apo
2026-03-27 11:10:51 - getOutlet.php - Aplikasi ditemukan: Ya
2026-03-27 11:10:51 - getOutlet.php - Key aplikasi: YbcJSFjkds...
2026-03-27 11:10:51 - getOutlet.php - Expected encrypt: 388a4efa6470a27b196da6c25804cef2
2026-03-27 11:10:51 - getOutlet.php - Received encrypt: 388a4efa6470a27b196da6c25804cef2
2026-03-27 11:10:51 - getOutlet.php - Authentication berhasil
2026-03-27 11:10:51 - getOutlet.php - Query: SELECT id_out, nama_out, '' AS alamat_out, ofcode_out
            FROM outlet 
            WHERE status_out IN ('Active', '1', 'active')
            AND (nama_out LIKE :key OR ofcode_out LIKE :key)
            ORDER BY nama_out ASC
            LIMIT 20
2026-03-27 11:10:51 - getOutlet.php - Query berhasil, mengembalikan 20 record
2026-03-27 11:10:51 - getOutlet.php - === END REQUEST ===
2026-03-27 04:10:51 - getOutlet.php - === REQUEST GETOUTLET ===
2026-03-27 04:10:51 - getOutlet.php - Method: POST
2026-03-27 04:10:51 - getOutlet.php - POST data: {"tgl":"2026-03-27","encrypt":"388a4efa6470a27b196da6c25804cef2","id_apl":"APL01","key":"Ap"}
2026-03-27 11:10:51 - getOutlet.php - Params - tgl: 2026-03-27, encrypt: 388a4efa6470a27b196da6c25804cef2, id_apl: APL01, key: Ap
2026-03-27 11:10:51 - getOutlet.php - Aplikasi ditemukan: Ya
2026-03-27 11:10:51 - getOutlet.php - Key aplikasi: YbcJSFjkds...
2026-03-27 11:10:51 - getOutlet.php - Expected encrypt: 388a4efa6470a27b196da6c25804cef2
2026-03-27 11:10:51 - getOutlet.php - Received encrypt: 388a4efa6470a27b196da6c25804cef2
2026-03-27 11:10:51 - getOutlet.php - Authentication berhasil
2026-03-27 11:10:51 - getOutlet.php - Query: SELECT id_out, nama_out, '' AS alamat_out, ofcode_out
            FROM outlet 
            WHERE status_out IN ('Active', '1', 'active')
            AND (nama_out LIKE :key OR ofcode_out LIKE :key)
            ORDER BY nama_out ASC
            LIMIT 20
2026-03-27 11:10:51 - getOutlet.php - Query berhasil, mengembalikan 20 record
2026-03-27 11:10:51 - getOutlet.php - === END REQUEST ===
2026-03-27 04:10:52 - getOutlet.php - === REQUEST GETOUTLET ===
2026-03-27 04:10:52 - getOutlet.php - Method: POST
2026-03-27 04:10:52 - getOutlet.php - POST data: {"tgl":"2026-03-27","encrypt":"388a4efa6470a27b196da6c25804cef2","id_apl":"APL01","key":"Ci"}
2026-03-27 11:10:52 - getOutlet.php - Params - tgl: 2026-03-27, encrypt: 388a4efa6470a27b196da6c25804cef2, id_apl: APL01, key: Ci
2026-03-27 11:10:52 - getOutlet.php - Aplikasi ditemukan: Ya
2026-03-27 11:10:52 - getOutlet.php - Key aplikasi: YbcJSFjkds...
2026-03-27 11:10:52 - getOutlet.php - Expected encrypt: 388a4efa6470a27b196da6c25804cef2
2026-03-27 11:10:52 - getOutlet.php - Received encrypt: 388a4efa6470a27b196da6c25804cef2
2026-03-27 11:10:52 - getOutlet.php - Authentication berhasil
2026-03-27 11:10:52 - getOutlet.php - Query: SELECT id_out, nama_out, '' AS alamat_out, ofcode_out
            FROM outlet 
            WHERE status_out IN ('Active', '1', 'active')
            AND (nama_out LIKE :key OR ofcode_out LIKE :key)
            ORDER BY nama_out ASC
            LIMIT 20
2026-03-27 11:10:52 - getOutlet.php - Query berhasil, mengembalikan 20 record
2026-03-27 11:10:52 - getOutlet.php - === END REQUEST ===
2026-03-27 04:10:52 - getOutlet.php - === REQUEST GETOUTLET ===
2026-03-27 04:10:52 - getOutlet.php - Method: POST
2026-03-27 04:10:52 - getOutlet.php - POST data: {"tgl":"2026-03-27","encrypt":"388a4efa6470a27b196da6c25804cef2","id_apl":"APL01","key":"Cik"}
2026-03-27 11:10:52 - getOutlet.php - Params - tgl: 2026-03-27, encrypt: 388a4efa6470a27b196da6c25804cef2, id_apl: APL01, key: Cik
2026-03-27 11:10:52 - getOutlet.php - Aplikasi ditemukan: Ya
2026-03-27 11:10:52 - getOutlet.php - Key aplikasi: YbcJSFjkds...
2026-03-27 11:10:52 - getOutlet.php - Expected encrypt: 388a4efa6470a27b196da6c25804cef2
2026-03-27 11:10:52 - getOutlet.php - Received encrypt: 388a4efa6470a27b196da6c25804cef2
2026-03-27 11:10:52 - getOutlet.php - Authentication berhasil
2026-03-27 11:10:52 - getOutlet.php - Query: SELECT id_out, nama_out, '' AS alamat_out, ofcode_out
            FROM outlet 
            WHERE status_out IN ('Active', '1', 'active')
            AND (nama_out LIKE :key OR ofcode_out LIKE :key)
            ORDER BY nama_out ASC
            LIMIT 20
2026-03-27 11:10:52 - getOutlet.php - Query berhasil, mengembalikan 12 record
2026-03-27 11:10:52 - getOutlet.php - === END REQUEST ===
2026-03-27 04:10:53 - getOutlet.php - === REQUEST GETOUTLET ===
2026-03-27 04:10:53 - getOutlet.php - Method: POST
2026-03-27 04:10:53 - getOutlet.php - POST data: {"tgl":"2026-03-27","encrypt":"388a4efa6470a27b196da6c25804cef2","id_apl":"APL01","key":"Ciko"}
2026-03-27 11:10:53 - getOutlet.php - Params - tgl: 2026-03-27, encrypt: 388a4efa6470a27b196da6c25804cef2, id_apl: APL01, key: Ciko
2026-03-27 11:10:53 - getOutlet.php - Aplikasi ditemukan: Ya
2026-03-27 11:10:53 - getOutlet.php - Key aplikasi: YbcJSFjkds...
2026-03-27 11:10:53 - getOutlet.php - Expected encrypt: 388a4efa6470a27b196da6c25804cef2
2026-03-27 11:10:53 - getOutlet.php - Received encrypt: 388a4efa6470a27b196da6c25804cef2
2026-03-27 11:10:53 - getOutlet.php - Authentication berhasil
2026-03-27 11:10:53 - getOutlet.php - Query: SELECT id_out, nama_out, '' AS alamat_out, ofcode_out
            FROM outlet 
            WHERE status_out IN ('Active', '1', 'active')
            AND (nama_out LIKE :key OR ofcode_out LIKE :key)
            ORDER BY nama_out ASC
            LIMIT 20
2026-03-27 11:10:53 - getOutlet.php - Query berhasil, mengembalikan 1 record
2026-03-27 11:10:53 - getOutlet.php - === END REQUEST ===
2026-03-27 04:20:00 - getOutlet.php - === REQUEST GETOUTLET ===
2026-03-27 04:20:00 - getOutlet.php - Method: POST
2026-03-27 04:20:00 - getOutlet.php - POST data: {"tgl":"2026-03-27","encrypt":"388a4efa6470a27b196da6c25804cef2","id_apl":"APL01","key":"APOTEK SEHATI CIKOKO"}
2026-03-27 11:20:00 - getOutlet.php - Params - tgl: 2026-03-27, encrypt: 388a4efa6470a27b196da6c25804cef2, id_apl: APL01, key: APOTEK SEHATI CIKOKO
2026-03-27 11:20:00 - getOutlet.php - Aplikasi ditemukan: Ya
2026-03-27 11:20:00 - getOutlet.php - Key aplikasi: YbcJSFjkds...
2026-03-27 11:20:00 - getOutlet.php - Expected encrypt: 388a4efa6470a27b196da6c25804cef2
2026-03-27 11:20:00 - getOutlet.php - Received encrypt: 388a4efa6470a27b196da6c25804cef2
2026-03-27 11:20:00 - getOutlet.php - Authentication berhasil
2026-03-27 11:20:00 - getOutlet.php - Query: SELECT id_out, nama_out, '' AS alamat_out, ofcode_out
            FROM outlet 
            WHERE status_out IN ('Active', '1', 'active')
            AND (nama_out LIKE :key OR ofcode_out LIKE :key)
            ORDER BY nama_out ASC
            LIMIT 20
2026-03-27 11:20:00 - getOutlet.php - Query berhasil, mengembalikan 1 record
2026-03-27 11:20:00 - getOutlet.php - === END REQUEST ===
2026-03-27 04:20:12 - getOutlet.php - === REQUEST GETOUTLET ===
2026-03-27 04:20:12 - getOutlet.php - Method: POST
2026-03-27 04:20:12 - getOutlet.php - POST data: {"tgl":"2026-03-27","encrypt":"388a4efa6470a27b196da6c25804cef2","id_apl":"APL01","key":"Ma"}
2026-03-27 11:20:12 - getOutlet.php - Params - tgl: 2026-03-27, encrypt: 388a4efa6470a27b196da6c25804cef2, id_apl: APL01, key: Ma
2026-03-27 11:20:12 - getOutlet.php - Aplikasi ditemukan: Ya
2026-03-27 11:20:12 - getOutlet.php - Key aplikasi: YbcJSFjkds...
2026-03-27 11:20:12 - getOutlet.php - Expected encrypt: 388a4efa6470a27b196da6c25804cef2
2026-03-27 11:20:12 - getOutlet.php - Received encrypt: 388a4efa6470a27b196da6c25804cef2
2026-03-27 11:20:12 - getOutlet.php - Authentication berhasil
2026-03-27 11:20:12 - getOutlet.php - Query: SELECT id_out, nama_out, '' AS alamat_out, ofcode_out
            FROM outlet 
            WHERE status_out IN ('Active', '1', 'active')
            AND (nama_out LIKE :key OR ofcode_out LIKE :key)
            ORDER BY nama_out ASC
            LIMIT 20
2026-03-27 11:20:12 - getOutlet.php - Query berhasil, mengembalikan 20 record
2026-03-27 11:20:12 - getOutlet.php - === END REQUEST ===
2026-03-27 04:20:12 - getOutlet.php - === REQUEST GETOUTLET ===
2026-03-27 04:20:12 - getOutlet.php - Method: POST
2026-03-27 04:20:12 - getOutlet.php - POST data: {"tgl":"2026-03-27","encrypt":"388a4efa6470a27b196da6c25804cef2","id_apl":"APL01","key":"May"}
2026-03-27 11:20:12 - getOutlet.php - Params - tgl: 2026-03-27, encrypt: 388a4efa6470a27b196da6c25804cef2, id_apl: APL01, key: May
2026-03-27 11:20:12 - getOutlet.php - Aplikasi ditemukan: Ya
2026-03-27 11:20:12 - getOutlet.php - Key aplikasi: YbcJSFjkds...
2026-03-27 11:20:12 - getOutlet.php - Expected encrypt: 388a4efa6470a27b196da6c25804cef2
2026-03-27 11:20:12 - getOutlet.php - Received encrypt: 388a4efa6470a27b196da6c25804cef2
2026-03-27 11:20:12 - getOutlet.php - Authentication berhasil
2026-03-27 11:20:13 - getOutlet.php - Query: SELECT id_out, nama_out, '' AS alamat_out, ofcode_out
            FROM outlet 
            WHERE status_out IN ('Active', '1', 'active')
            AND (nama_out LIKE :key OR ofcode_out LIKE :key)
            ORDER BY nama_out ASC
            LIMIT 20
2026-03-27 11:20:13 - getOutlet.php - Query berhasil, mengembalikan 20 record
2026-03-27 11:20:13 - getOutlet.php - === END REQUEST ===
2026-03-27 04:20:13 - getOutlet.php - === REQUEST GETOUTLET ===
2026-03-27 04:20:13 - getOutlet.php - Method: POST
2026-03-27 04:20:13 - getOutlet.php - POST data: {"tgl":"2026-03-27","encrypt":"388a4efa6470a27b196da6c25804cef2","id_apl":"APL01","key":"Maye"}
2026-03-27 11:20:13 - getOutlet.php - Params - tgl: 2026-03-27, encrypt: 388a4efa6470a27b196da6c25804cef2, id_apl: APL01, key: Maye
2026-03-27 11:20:13 - getOutlet.php - Aplikasi ditemukan: Ya
2026-03-27 11:20:13 - getOutlet.php - Key aplikasi: YbcJSFjkds...
2026-03-27 11:20:13 - getOutlet.php - Expected encrypt: 388a4efa6470a27b196da6c25804cef2
2026-03-27 11:20:13 - getOutlet.php - Received encrypt: 388a4efa6470a27b196da6c25804cef2
2026-03-27 11:20:13 - getOutlet.php - Authentication berhasil
2026-03-27 11:20:13 - getOutlet.php - Query: SELECT id_out, nama_out, '' AS alamat_out, ofcode_out
            FROM outlet 
            WHERE status_out IN ('Active', '1', 'active')
            AND (nama_out LIKE :key OR ofcode_out LIKE :key)
            ORDER BY nama_out ASC
            LIMIT 20
2026-03-27 11:20:13 - getOutlet.php - Query berhasil, mengembalikan 2 record
2026-03-27 11:20:13 - getOutlet.php - === END REQUEST ===
2026-03-27 04:20:13 - getOutlet.php - === REQUEST GETOUTLET ===
2026-03-27 04:20:13 - getOutlet.php - Method: POST
2026-03-27 04:20:13 - getOutlet.php - POST data: {"tgl":"2026-03-27","encrypt":"388a4efa6470a27b196da6c25804cef2","id_apl":"APL01","key":"Mayestik"}
2026-03-27 11:20:13 - getOutlet.php - Params - tgl: 2026-03-27, encrypt: 388a4efa6470a27b196da6c25804cef2, id_apl: APL01, key: Mayestik
2026-03-27 11:20:13 - getOutlet.php - Aplikasi ditemukan: Ya
2026-03-27 11:20:13 - getOutlet.php - Key aplikasi: YbcJSFjkds...
2026-03-27 11:20:13 - getOutlet.php - Expected encrypt: 388a4efa6470a27b196da6c25804cef2
2026-03-27 11:20:13 - getOutlet.php - Received encrypt: 388a4efa6470a27b196da6c25804cef2
2026-03-27 11:20:13 - getOutlet.php - Authentication berhasil
2026-03-27 11:20:13 - getOutlet.php - Query: SELECT id_out, nama_out, '' AS alamat_out, ofcode_out
            FROM outlet 
            WHERE status_out IN ('Active', '1', 'active')
            AND (nama_out LIKE :key OR ofcode_out LIKE :key)
            ORDER BY nama_out ASC
            LIMIT 20
2026-03-27 11:20:13 - getOutlet.php - Query berhasil, mengembalikan 2 record
2026-03-27 11:20:13 - getOutlet.php - === END REQUEST ===
2026-03-27 04:20:15 - getOutlet.php - === REQUEST GETOUTLET ===
2026-03-27 04:20:15 - getOutlet.php - Method: POST
2026-03-27 04:20:15 - getOutlet.php - POST data: {"tgl":"2026-03-27","encrypt":"388a4efa6470a27b196da6c25804cef2","id_apl":"APL01","key":"KLINIK UTAMA MATA MAYESTIK"}
2026-03-27 11:20:15 - getOutlet.php - Params - tgl: 2026-03-27, encrypt: 388a4efa6470a27b196da6c25804cef2, id_apl: APL01, key: KLINIK UTAMA MATA MAYESTIK
2026-03-27 11:20:15 - getOutlet.php - Aplikasi ditemukan: Ya
2026-03-27 11:20:15 - getOutlet.php - Key aplikasi: YbcJSFjkds...
2026-03-27 11:20:15 - getOutlet.php - Expected encrypt: 388a4efa6470a27b196da6c25804cef2
2026-03-27 11:20:15 - getOutlet.php - Received encrypt: 388a4efa6470a27b196da6c25804cef2
2026-03-27 11:20:15 - getOutlet.php - Authentication berhasil
2026-03-27 11:20:15 - getOutlet.php - Query: SELECT id_out, nama_out, '' AS alamat_out, ofcode_out
            FROM outlet 
            WHERE status_out IN ('Active', '1', 'active')
            AND (nama_out LIKE :key OR ofcode_out LIKE :key)
            ORDER BY nama_out ASC
            LIMIT 20
2026-03-27 11:20:15 - getOutlet.php - Query berhasil, mengembalikan 1 record
2026-03-27 11:20:15 - getOutlet.php - === END REQUEST ===
2026-03-27 04:25:57 - getOutlet.php - === REQUEST GETOUTLET ===
2026-03-27 04:25:57 - getOutlet.php - Method: POST
2026-03-27 04:25:57 - getOutlet.php - POST data: {"tgl":"2026-03-27","encrypt":"388a4efa6470a27b196da6c25804cef2","id_apl":"APL01","key":"Ka"}
2026-03-27 11:25:57 - getOutlet.php - Params - tgl: 2026-03-27, encrypt: 388a4efa6470a27b196da6c25804cef2, id_apl: APL01, key: Ka
2026-03-27 11:25:57 - getOutlet.php - Aplikasi ditemukan: Ya
2026-03-27 11:25:57 - getOutlet.php - Key aplikasi: YbcJSFjkds...
2026-03-27 11:25:57 - getOutlet.php - Expected encrypt: 388a4efa6470a27b196da6c25804cef2
2026-03-27 11:25:57 - getOutlet.php - Received encrypt: 388a4efa6470a27b196da6c25804cef2
2026-03-27 11:25:57 - getOutlet.php - Authentication berhasil
2026-03-27 11:25:57 - getOutlet.php - Query: SELECT id_out, nama_out, '' AS alamat_out, ofcode_out
            FROM outlet 
            WHERE status_out IN ('Active', '1', 'active')
            AND (nama_out LIKE :key OR ofcode_out LIKE :key)
            ORDER BY nama_out ASC
            LIMIT 20
2026-03-27 11:25:57 - getOutlet.php - Query berhasil, mengembalikan 20 record
2026-03-27 11:25:57 - getOutlet.php - === END REQUEST ===
2026-03-27 04:25:57 - getOutlet.php - === REQUEST GETOUTLET ===
2026-03-27 04:25:57 - getOutlet.php - Method: POST
2026-03-27 04:25:57 - getOutlet.php - POST data: {"tgl":"2026-03-27","encrypt":"388a4efa6470a27b196da6c25804cef2","id_apl":"APL01","key":"Kae"}
2026-03-27 11:25:57 - getOutlet.php - Params - tgl: 2026-03-27, encrypt: 388a4efa6470a27b196da6c25804cef2, id_apl: APL01, key: Kae
2026-03-27 11:25:57 - getOutlet.php - Aplikasi ditemukan: Ya
2026-03-27 11:25:57 - getOutlet.php - Key aplikasi: YbcJSFjkds...
2026-03-27 11:25:57 - getOutlet.php - Expected encrypt: 388a4efa6470a27b196da6c25804cef2
2026-03-27 11:25:57 - getOutlet.php - Received encrypt: 388a4efa6470a27b196da6c25804cef2
2026-03-27 11:25:57 - getOutlet.php - Authentication berhasil
2026-03-27 11:25:57 - getOutlet.php - Query: SELECT id_out, nama_out, '' AS alamat_out, ofcode_out
            FROM outlet 
            WHERE status_out IN ('Active', '1', 'active')
            AND (nama_out LIKE :key OR ofcode_out LIKE :key)
            ORDER BY nama_out ASC
            LIMIT 20
2026-03-27 11:25:57 - getOutlet.php - Query berhasil, mengembalikan 0 record
2026-03-27 11:25:57 - getOutlet.php - === END REQUEST ===
2026-03-27 04:25:57 - getOutlet.php - === REQUEST GETOUTLET ===
2026-03-27 04:25:57 - getOutlet.php - Method: POST
2026-03-27 04:25:57 - getOutlet.php - POST data: {"tgl":"2026-03-27","encrypt":"388a4efa6470a27b196da6c25804cef2","id_apl":"APL01","key":"Kaei"}
2026-03-27 11:25:57 - getOutlet.php - Params - tgl: 2026-03-27, encrypt: 388a4efa6470a27b196da6c25804cef2, id_apl: APL01, key: Kaei
2026-03-27 11:25:57 - getOutlet.php - Aplikasi ditemukan: Ya
2026-03-27 11:25:57 - getOutlet.php - Key aplikasi: YbcJSFjkds...
2026-03-27 11:25:57 - getOutlet.php - Expected encrypt: 388a4efa6470a27b196da6c25804cef2
2026-03-27 11:25:57 - getOutlet.php - Received encrypt: 388a4efa6470a27b196da6c25804cef2
2026-03-27 11:25:57 - getOutlet.php - Authentication berhasil
2026-03-27 11:25:57 - getOutlet.php - Query: SELECT id_out, nama_out, '' AS alamat_out, ofcode_out
            FROM outlet 
            WHERE status_out IN ('Active', '1', 'active')
            AND (nama_out LIKE :key OR ofcode_out LIKE :key)
            ORDER BY nama_out ASC
            LIMIT 20
2026-03-27 11:25:57 - getOutlet.php - Query berhasil, mengembalikan 0 record
2026-03-27 11:25:57 - getOutlet.php - === END REQUEST ===
2026-03-27 04:25:59 - getOutlet.php - === REQUEST GETOUTLET ===
2026-03-27 04:25:59 - getOutlet.php - Method: POST
2026-03-27 04:25:59 - getOutlet.php - POST data: {"tgl":"2026-03-27","encrypt":"388a4efa6470a27b196da6c25804cef2","id_apl":"APL01","key":"Kae"}
2026-03-27 11:25:59 - getOutlet.php - Params - tgl: 2026-03-27, encrypt: 388a4efa6470a27b196da6c25804cef2, id_apl: APL01, key: Kae
2026-03-27 11:25:59 - getOutlet.php - Aplikasi ditemukan: Ya
2026-03-27 11:25:59 - getOutlet.php - Key aplikasi: YbcJSFjkds...
2026-03-27 11:25:59 - getOutlet.php - Expected encrypt: 388a4efa6470a27b196da6c25804cef2
2026-03-27 11:25:59 - getOutlet.php - Received encrypt: 388a4efa6470a27b196da6c25804cef2
2026-03-27 11:25:59 - getOutlet.php - Authentication berhasil
2026-03-27 11:25:59 - getOutlet.php - Query: SELECT id_out, nama_out, '' AS alamat_out, ofcode_out
            FROM outlet 
            WHERE status_out IN ('Active', '1', 'active')
            AND (nama_out LIKE :key OR ofcode_out LIKE :key)
            ORDER BY nama_out ASC
            LIMIT 20
2026-03-27 11:25:59 - getOutlet.php - Query berhasil, mengembalikan 0 record
2026-03-27 11:25:59 - getOutlet.php - === END REQUEST ===
2026-03-27 04:25:59 - getOutlet.php - === REQUEST GETOUTLET ===
2026-03-27 04:25:59 - getOutlet.php - Method: POST
2026-03-27 04:25:59 - getOutlet.php - POST data: {"tgl":"2026-03-27","encrypt":"388a4efa6470a27b196da6c25804cef2","id_apl":"APL01","key":"Ka"}
2026-03-27 11:25:59 - getOutlet.php - Params - tgl: 2026-03-27, encrypt: 388a4efa6470a27b196da6c25804cef2, id_apl: APL01, key: Ka
2026-03-27 11:25:59 - getOutlet.php - Aplikasi ditemukan: Ya
2026-03-27 11:25:59 - getOutlet.php - Key aplikasi: YbcJSFjkds...
2026-03-27 11:25:59 - getOutlet.php - Expected encrypt: 388a4efa6470a27b196da6c25804cef2
2026-03-27 11:25:59 - getOutlet.php - Received encrypt: 388a4efa6470a27b196da6c25804cef2
2026-03-27 11:25:59 - getOutlet.php - Authentication berhasil
2026-03-27 11:25:59 - getOutlet.php - Query: SELECT id_out, nama_out, '' AS alamat_out, ofcode_out
            FROM outlet 
            WHERE status_out IN ('Active', '1', 'active')
            AND (nama_out LIKE :key OR ofcode_out LIKE :key)
            ORDER BY nama_out ASC
            LIMIT 20
2026-03-27 11:25:59 - getOutlet.php - Query berhasil, mengembalikan 20 record
2026-03-27 11:25:59 - getOutlet.php - === END REQUEST ===
2026-03-27 04:26:00 - getOutlet.php - === REQUEST GETOUTLET ===
2026-03-27 04:26:00 - getOutlet.php - Method: POST
2026-03-27 04:26:00 - getOutlet.php - POST data: {"tgl":"2026-03-27","encrypt":"388a4efa6470a27b196da6c25804cef2","id_apl":"APL01","key":"Kaw"}
2026-03-27 11:26:00 - getOutlet.php - Params - tgl: 2026-03-27, encrypt: 388a4efa6470a27b196da6c25804cef2, id_apl: APL01, key: Kaw
2026-03-27 11:26:00 - getOutlet.php - Aplikasi ditemukan: Ya
2026-03-27 11:26:00 - getOutlet.php - Key aplikasi: YbcJSFjkds...
2026-03-27 11:26:00 - getOutlet.php - Expected encrypt: 388a4efa6470a27b196da6c25804cef2
2026-03-27 11:26:00 - getOutlet.php - Received encrypt: 388a4efa6470a27b196da6c25804cef2
2026-03-27 11:26:00 - getOutlet.php - Authentication berhasil
2026-03-27 11:26:00 - getOutlet.php - Query: SELECT id_out, nama_out, '' AS alamat_out, ofcode_out
            FROM outlet 
            WHERE status_out IN ('Active', '1', 'active')
            AND (nama_out LIKE :key OR ofcode_out LIKE :key)
            ORDER BY nama_out ASC
            LIMIT 20
2026-03-27 11:26:00 - getOutlet.php - Query berhasil, mengembalikan 9 record
2026-03-27 11:26:00 - getOutlet.php - === END REQUEST ===
2026-03-27 04:26:00 - getOutlet.php - === REQUEST GETOUTLET ===
2026-03-27 04:26:00 - getOutlet.php - Method: POST
2026-03-27 04:26:00 - getOutlet.php - POST data: {"tgl":"2026-03-27","encrypt":"388a4efa6470a27b196da6c25804cef2","id_apl":"APL01","key":"Kawi"}
2026-03-27 11:26:00 - getOutlet.php - Params - tgl: 2026-03-27, encrypt: 388a4efa6470a27b196da6c25804cef2, id_apl: APL01, key: Kawi
2026-03-27 11:26:00 - getOutlet.php - Aplikasi ditemukan: Ya
2026-03-27 11:26:00 - getOutlet.php - Key aplikasi: YbcJSFjkds...
2026-03-27 11:26:00 - getOutlet.php - Expected encrypt: 388a4efa6470a27b196da6c25804cef2
2026-03-27 11:26:00 - getOutlet.php - Received encrypt: 388a4efa6470a27b196da6c25804cef2
2026-03-27 11:26:00 - getOutlet.php - Authentication berhasil
2026-03-27 11:26:00 - getOutlet.php - Query: SELECT id_out, nama_out, '' AS alamat_out, ofcode_out
            FROM outlet 
            WHERE status_out IN ('Active', '1', 'active')
            AND (nama_out LIKE :key OR ofcode_out LIKE :key)
            ORDER BY nama_out ASC
            LIMIT 20
2026-03-27 11:26:00 - getOutlet.php - Query berhasil, mengembalikan 8 record
2026-03-27 11:26:00 - getOutlet.php - === END REQUEST ===
2026-03-27 04:26:00 - getOutlet.php - === REQUEST GETOUTLET ===
2026-03-27 04:26:00 - getOutlet.php - Method: POST
2026-03-27 04:26:00 - getOutlet.php - POST data: {"tgl":"2026-03-27","encrypt":"388a4efa6470a27b196da6c25804cef2","id_apl":"APL01","key":"Kawij"}
2026-03-27 11:26:00 - getOutlet.php - Params - tgl: 2026-03-27, encrypt: 388a4efa6470a27b196da6c25804cef2, id_apl: APL01, key: Kawij
2026-03-27 11:26:00 - getOutlet.php - Aplikasi ditemukan: Ya
2026-03-27 11:26:00 - getOutlet.php - Key aplikasi: YbcJSFjkds...
2026-03-27 11:26:00 - getOutlet.php - Expected encrypt: 388a4efa6470a27b196da6c25804cef2
2026-03-27 11:26:00 - getOutlet.php - Received encrypt: 388a4efa6470a27b196da6c25804cef2
2026-03-27 11:26:00 - getOutlet.php - Authentication berhasil
2026-03-27 11:26:00 - getOutlet.php - Query: SELECT id_out, nama_out, '' AS alamat_out, ofcode_out
            FROM outlet 
            WHERE status_out IN ('Active', '1', 'active')
            AND (nama_out LIKE :key OR ofcode_out LIKE :key)
            ORDER BY nama_out ASC
            LIMIT 20
2026-03-27 11:26:00 - getOutlet.php - Query berhasil, mengembalikan 6 record
2026-03-27 11:26:00 - getOutlet.php - === END REQUEST ===
2026-03-27 04:26:00 - getOutlet.php - === REQUEST GETOUTLET ===
2026-03-27 04:26:00 - getOutlet.php - Method: POST
2026-03-27 04:26:00 - getOutlet.php - POST data: {"tgl":"2026-03-27","encrypt":"388a4efa6470a27b196da6c25804cef2","id_apl":"APL01","key":"Kawija"}
2026-03-27 11:26:00 - getOutlet.php - Params - tgl: 2026-03-27, encrypt: 388a4efa6470a27b196da6c25804cef2, id_apl: APL01, key: Kawija
2026-03-27 11:26:00 - getOutlet.php - Aplikasi ditemukan: Ya
2026-03-27 11:26:00 - getOutlet.php - Key aplikasi: YbcJSFjkds...
2026-03-27 11:26:00 - getOutlet.php - Expected encrypt: 388a4efa6470a27b196da6c25804cef2
2026-03-27 11:26:00 - getOutlet.php - Received encrypt: 388a4efa6470a27b196da6c25804cef2
2026-03-27 11:26:00 - getOutlet.php - Authentication berhasil
2026-03-27 11:26:00 - getOutlet.php - Query: SELECT id_out, nama_out, '' AS alamat_out, ofcode_out
            FROM outlet 
            WHERE status_out IN ('Active', '1', 'active')
            AND (nama_out LIKE :key OR ofcode_out LIKE :key)
            ORDER BY nama_out ASC
            LIMIT 20
2026-03-27 11:26:00 - getOutlet.php - Query berhasil, mengembalikan 6 record
2026-03-27 11:26:00 - getOutlet.php - === END REQUEST ===
2026-03-27 04:26:00 - getOutlet.php - === REQUEST GETOUTLET ===
2026-03-27 04:26:00 - getOutlet.php - Method: POST
2026-03-27 04:26:00 - getOutlet.php - POST data: {"tgl":"2026-03-27","encrypt":"388a4efa6470a27b196da6c25804cef2","id_apl":"APL01","key":"Kawijay"}
2026-03-27 11:26:00 - getOutlet.php - Params - tgl: 2026-03-27, encrypt: 388a4efa6470a27b196da6c25804cef2, id_apl: APL01, key: Kawijay
2026-03-27 11:26:00 - getOutlet.php - Aplikasi ditemukan: Ya
2026-03-27 11:26:00 - getOutlet.php - Key aplikasi: YbcJSFjkds...
2026-03-27 11:26:00 - getOutlet.php - Expected encrypt: 388a4efa6470a27b196da6c25804cef2
2026-03-27 11:26:00 - getOutlet.php - Received encrypt: 388a4efa6470a27b196da6c25804cef2
2026-03-27 11:26:00 - getOutlet.php - Authentication berhasil
2026-03-27 11:26:00 - getOutlet.php - Query: SELECT id_out, nama_out, '' AS alamat_out, ofcode_out
            FROM outlet 
            WHERE status_out IN ('Active', '1', 'active')
            AND (nama_out LIKE :key OR ofcode_out LIKE :key)
            ORDER BY nama_out ASC
            LIMIT 20
2026-03-27 11:26:00 - getOutlet.php - Query berhasil, mengembalikan 6 record
2026-03-27 11:26:00 - getOutlet.php - === END REQUEST ===
2026-03-27 04:26:00 - getOutlet.php - === REQUEST GETOUTLET ===
2026-03-27 04:26:00 - getOutlet.php - Method: POST
2026-03-27 04:26:00 - getOutlet.php - POST data: {"tgl":"2026-03-27","encrypt":"388a4efa6470a27b196da6c25804cef2","id_apl":"APL01","key":"Kawijaya"}
2026-03-27 11:26:00 - getOutlet.php - Params - tgl: 2026-03-27, encrypt: 388a4efa6470a27b196da6c25804cef2, id_apl: APL01, key: Kawijaya
2026-03-27 11:26:00 - getOutlet.php - Aplikasi ditemukan: Ya
2026-03-27 11:26:00 - getOutlet.php - Key aplikasi: YbcJSFjkds...
2026-03-27 11:26:00 - getOutlet.php - Expected encrypt: 388a4efa6470a27b196da6c25804cef2
2026-03-27 11:26:00 - getOutlet.php - Received encrypt: 388a4efa6470a27b196da6c25804cef2
2026-03-27 11:26:00 - getOutlet.php - Authentication berhasil
2026-03-27 11:26:00 - getOutlet.php - Query: SELECT id_out, nama_out, '' AS alamat_out, ofcode_out
            FROM outlet 
            WHERE status_out IN ('Active', '1', 'active')
            AND (nama_out LIKE :key OR ofcode_out LIKE :key)
            ORDER BY nama_out ASC
            LIMIT 20
2026-03-27 11:26:00 - getOutlet.php - Query berhasil, mengembalikan 6 record
2026-03-27 11:26:00 - getOutlet.php - === END REQUEST ===
2026-03-27 04:26:00 - getOutlet.php - === REQUEST GETOUTLET ===
2026-03-27 04:26:00 - getOutlet.php - Method: POST
2026-03-27 04:26:00 - getOutlet.php - POST data: {"tgl":"2026-03-27","encrypt":"388a4efa6470a27b196da6c25804cef2","id_apl":"APL01","key":"Kawijaya"}
2026-03-27 11:26:00 - getOutlet.php - Params - tgl: 2026-03-27, encrypt: 388a4efa6470a27b196da6c25804cef2, id_apl: APL01, key: Kawijaya
2026-03-27 11:26:00 - getOutlet.php - Aplikasi ditemukan: Ya
2026-03-27 11:26:00 - getOutlet.php - Key aplikasi: YbcJSFjkds...
2026-03-27 11:26:00 - getOutlet.php - Expected encrypt: 388a4efa6470a27b196da6c25804cef2
2026-03-27 11:26:00 - getOutlet.php - Received encrypt: 388a4efa6470a27b196da6c25804cef2
2026-03-27 11:26:00 - getOutlet.php - Authentication berhasil
2026-03-27 11:26:00 - getOutlet.php - Query: SELECT id_out, nama_out, '' AS alamat_out, ofcode_out
            FROM outlet 
            WHERE status_out IN ('Active', '1', 'active')
            AND (nama_out LIKE :key OR ofcode_out LIKE :key)
            ORDER BY nama_out ASC
            LIMIT 20
2026-03-27 11:26:00 - getOutlet.php - Query berhasil, mengembalikan 6 record
2026-03-27 11:26:00 - getOutlet.php - === END REQUEST ===
2026-03-27 04:26:09 - getOutlet.php - === REQUEST GETOUTLET ===
2026-03-27 04:26:09 - getOutlet.php - Method: POST
2026-03-27 04:26:09 - getOutlet.php - POST data: {"tgl":"2026-03-27","encrypt":"388a4efa6470a27b196da6c25804cef2","id_apl":"APL01","key":"Kawijaya"}
2026-03-27 11:26:09 - getOutlet.php - Params - tgl: 2026-03-27, encrypt: 388a4efa6470a27b196da6c25804cef2, id_apl: APL01, key: Kawijaya
2026-03-27 11:26:09 - getOutlet.php - Aplikasi ditemukan: Ya
2026-03-27 11:26:09 - getOutlet.php - Key aplikasi: YbcJSFjkds...
2026-03-27 11:26:09 - getOutlet.php - Expected encrypt: 388a4efa6470a27b196da6c25804cef2
2026-03-27 11:26:09 - getOutlet.php - Received encrypt: 388a4efa6470a27b196da6c25804cef2
2026-03-27 11:26:09 - getOutlet.php - Authentication berhasil
2026-03-27 11:26:09 - getOutlet.php - Query: SELECT id_out, nama_out, '' AS alamat_out, ofcode_out
            FROM outlet 
            WHERE status_out IN ('Active', '1', 'active')
            AND (nama_out LIKE :key OR ofcode_out LIKE :key)
            ORDER BY nama_out ASC
            LIMIT 20
2026-03-27 11:26:09 - getOutlet.php - Query berhasil, mengembalikan 6 record
2026-03-27 11:26:09 - getOutlet.php - === END REQUEST ===
2026-03-27 04:26:10 - getOutlet.php - === REQUEST GETOUTLET ===
2026-03-27 04:26:10 - getOutlet.php - Method: POST
2026-03-27 04:26:10 - getOutlet.php - POST data: {"tgl":"2026-03-27","encrypt":"388a4efa6470a27b196da6c25804cef2","id_apl":"APL01","key":"Kawijay"}
2026-03-27 11:26:10 - getOutlet.php - Params - tgl: 2026-03-27, encrypt: 388a4efa6470a27b196da6c25804cef2, id_apl: APL01, key: Kawijay
2026-03-27 11:26:10 - getOutlet.php - Aplikasi ditemukan: Ya
2026-03-27 11:26:10 - getOutlet.php - Key aplikasi: YbcJSFjkds...
2026-03-27 11:26:10 - getOutlet.php - Expected encrypt: 388a4efa6470a27b196da6c25804cef2
2026-03-27 11:26:10 - getOutlet.php - Received encrypt: 388a4efa6470a27b196da6c25804cef2
2026-03-27 11:26:10 - getOutlet.php - Authentication berhasil
2026-03-27 11:26:10 - getOutlet.php - Query: SELECT id_out, nama_out, '' AS alamat_out, ofcode_out
            FROM outlet 
            WHERE status_out IN ('Active', '1', 'active')
            AND (nama_out LIKE :key OR ofcode_out LIKE :key)
            ORDER BY nama_out ASC
            LIMIT 20
2026-03-27 11:26:10 - getOutlet.php - Query berhasil, mengembalikan 6 record
2026-03-27 11:26:10 - getOutlet.php - === END REQUEST ===
2026-03-27 04:26:10 - getOutlet.php - === REQUEST GETOUTLET ===
2026-03-27 04:26:10 - getOutlet.php - Method: POST
2026-03-27 04:26:10 - getOutlet.php - POST data: {"tgl":"2026-03-27","encrypt":"388a4efa6470a27b196da6c25804cef2","id_apl":"APL01","key":"Kawija"}
2026-03-27 11:26:10 - getOutlet.php - Params - tgl: 2026-03-27, encrypt: 388a4efa6470a27b196da6c25804cef2, id_apl: APL01, key: Kawija
2026-03-27 11:26:10 - getOutlet.php - Aplikasi ditemukan: Ya
2026-03-27 11:26:10 - getOutlet.php - Key aplikasi: YbcJSFjkds...
2026-03-27 11:26:10 - getOutlet.php - Expected encrypt: 388a4efa6470a27b196da6c25804cef2
2026-03-27 11:26:10 - getOutlet.php - Received encrypt: 388a4efa6470a27b196da6c25804cef2
2026-03-27 11:26:10 - getOutlet.php - Authentication berhasil
2026-03-27 11:26:10 - getOutlet.php - Query: SELECT id_out, nama_out, '' AS alamat_out, ofcode_out
            FROM outlet 
            WHERE status_out IN ('Active', '1', 'active')
            AND (nama_out LIKE :key OR ofcode_out LIKE :key)
            ORDER BY nama_out ASC
            LIMIT 20
2026-03-27 11:26:10 - getOutlet.php - Query berhasil, mengembalikan 6 record
2026-03-27 11:26:10 - getOutlet.php - === END REQUEST ===
2026-03-27 04:26:10 - getOutlet.php - === REQUEST GETOUTLET ===
2026-03-27 04:26:10 - getOutlet.php - Method: POST
2026-03-27 04:26:10 - getOutlet.php - POST data: {"tgl":"2026-03-27","encrypt":"388a4efa6470a27b196da6c25804cef2","id_apl":"APL01","key":"Kawij"}
2026-03-27 11:26:10 - getOutlet.php - Params - tgl: 2026-03-27, encrypt: 388a4efa6470a27b196da6c25804cef2, id_apl: APL01, key: Kawij
2026-03-27 11:26:10 - getOutlet.php - Aplikasi ditemukan: Ya
2026-03-27 11:26:10 - getOutlet.php - Key aplikasi: YbcJSFjkds...
2026-03-27 11:26:10 - getOutlet.php - Expected encrypt: 388a4efa6470a27b196da6c25804cef2
2026-03-27 11:26:10 - getOutlet.php - Received encrypt: 388a4efa6470a27b196da6c25804cef2
2026-03-27 11:26:10 - getOutlet.php - Authentication berhasil
2026-03-27 11:26:10 - getOutlet.php - Query: SELECT id_out, nama_out, '' AS alamat_out, ofcode_out
            FROM outlet 
            WHERE status_out IN ('Active', '1', 'active')
            AND (nama_out LIKE :key OR ofcode_out LIKE :key)
            ORDER BY nama_out ASC
            LIMIT 20
2026-03-27 11:26:10 - getOutlet.php - Query berhasil, mengembalikan 6 record
2026-03-27 11:26:10 - getOutlet.php - === END REQUEST ===
2026-03-27 04:26:11 - getOutlet.php - === REQUEST GETOUTLET ===
2026-03-27 04:26:11 - getOutlet.php - Method: POST
2026-03-27 04:26:11 - getOutlet.php - POST data: {"tgl":"2026-03-27","encrypt":"388a4efa6470a27b196da6c25804cef2","id_apl":"APL01","key":"Kawij"}
2026-03-27 11:26:11 - getOutlet.php - Params - tgl: 2026-03-27, encrypt: 388a4efa6470a27b196da6c25804cef2, id_apl: APL01, key: Kawij
2026-03-27 11:26:11 - getOutlet.php - Aplikasi ditemukan: Ya
2026-03-27 11:26:11 - getOutlet.php - Key aplikasi: YbcJSFjkds...
2026-03-27 11:26:11 - getOutlet.php - Expected encrypt: 388a4efa6470a27b196da6c25804cef2
2026-03-27 11:26:11 - getOutlet.php - Received encrypt: 388a4efa6470a27b196da6c25804cef2
2026-03-27 11:26:11 - getOutlet.php - Authentication berhasil
2026-03-27 11:26:11 - getOutlet.php - Query: SELECT id_out, nama_out, '' AS alamat_out, ofcode_out
            FROM outlet 
            WHERE status_out IN ('Active', '1', 'active')
            AND (nama_out LIKE :key OR ofcode_out LIKE :key)
            ORDER BY nama_out ASC
            LIMIT 20
2026-03-27 11:26:11 - getOutlet.php - Query berhasil, mengembalikan 6 record
2026-03-27 11:26:11 - getOutlet.php - === END REQUEST ===
2026-03-27 04:26:11 - getOutlet.php - === REQUEST GETOUTLET ===
2026-03-27 04:26:11 - getOutlet.php - Method: POST
2026-03-27 04:26:11 - getOutlet.php - POST data: {"tgl":"2026-03-27","encrypt":"388a4efa6470a27b196da6c25804cef2","id_apl":"APL01","key":"Kawij"}
2026-03-27 11:26:11 - getOutlet.php - Params - tgl: 2026-03-27, encrypt: 388a4efa6470a27b196da6c25804cef2, id_apl: APL01, key: Kawij
2026-03-27 11:26:11 - getOutlet.php - Aplikasi ditemukan: Ya
2026-03-27 11:26:11 - getOutlet.php - Key aplikasi: YbcJSFjkds...
2026-03-27 11:26:11 - getOutlet.php - Expected encrypt: 388a4efa6470a27b196da6c25804cef2
2026-03-27 11:26:11 - getOutlet.php - Received encrypt: 388a4efa6470a27b196da6c25804cef2
2026-03-27 11:26:11 - getOutlet.php - Authentication berhasil
2026-03-27 11:26:11 - getOutlet.php - Query: SELECT id_out, nama_out, '' AS alamat_out, ofcode_out
            FROM outlet 
            WHERE status_out IN ('Active', '1', 'active')
            AND (nama_out LIKE :key OR ofcode_out LIKE :key)
            ORDER BY nama_out ASC
            LIMIT 20
2026-03-27 11:26:11 - getOutlet.php - Query berhasil, mengembalikan 6 record
2026-03-27 11:26:11 - getOutlet.php - === END REQUEST ===
2026-03-27 04:26:11 - getOutlet.php - === REQUEST GETOUTLET ===
2026-03-27 04:26:11 - getOutlet.php - Method: POST
2026-03-27 04:26:11 - getOutlet.php - POST data: {"tgl":"2026-03-27","encrypt":"388a4efa6470a27b196da6c25804cef2","id_apl":"APL01","key":"Kawi"}
2026-03-27 11:26:11 - getOutlet.php - Params - tgl: 2026-03-27, encrypt: 388a4efa6470a27b196da6c25804cef2, id_apl: APL01, key: Kawi
2026-03-27 11:26:11 - getOutlet.php - Aplikasi ditemukan: Ya
2026-03-27 11:26:11 - getOutlet.php - Key aplikasi: YbcJSFjkds...
2026-03-27 11:26:11 - getOutlet.php - Expected encrypt: 388a4efa6470a27b196da6c25804cef2
2026-03-27 11:26:11 - getOutlet.php - Received encrypt: 388a4efa6470a27b196da6c25804cef2
2026-03-27 11:26:11 - getOutlet.php - Authentication berhasil
2026-03-27 11:26:11 - getOutlet.php - Query: SELECT id_out, nama_out, '' AS alamat_out, ofcode_out
            FROM outlet 
            WHERE status_out IN ('Active', '1', 'active')
            AND (nama_out LIKE :key OR ofcode_out LIKE :key)
            ORDER BY nama_out ASC
            LIMIT 20
2026-03-27 11:26:11 - getOutlet.php - Query berhasil, mengembalikan 8 record
2026-03-27 11:26:11 - getOutlet.php - === END REQUEST ===
2026-03-27 04:26:12 - getOutlet.php - === REQUEST GETOUTLET ===
2026-03-27 04:26:12 - getOutlet.php - Method: POST
2026-03-27 04:26:12 - getOutlet.php - POST data: {"tgl":"2026-03-27","encrypt":"388a4efa6470a27b196da6c25804cef2","id_apl":"APL01","key":"Kawi"}
2026-03-27 11:26:12 - getOutlet.php - Params - tgl: 2026-03-27, encrypt: 388a4efa6470a27b196da6c25804cef2, id_apl: APL01, key: Kawi
2026-03-27 11:26:12 - getOutlet.php - Aplikasi ditemukan: Ya
2026-03-27 11:26:12 - getOutlet.php - Key aplikasi: YbcJSFjkds...
2026-03-27 11:26:12 - getOutlet.php - Expected encrypt: 388a4efa6470a27b196da6c25804cef2
2026-03-27 11:26:12 - getOutlet.php - Received encrypt: 388a4efa6470a27b196da6c25804cef2
2026-03-27 11:26:12 - getOutlet.php - Authentication berhasil
2026-03-27 11:26:12 - getOutlet.php - Query: SELECT id_out, nama_out, '' AS alamat_out, ofcode_out
            FROM outlet 
            WHERE status_out IN ('Active', '1', 'active')
            AND (nama_out LIKE :key OR ofcode_out LIKE :key)
            ORDER BY nama_out ASC
            LIMIT 20
2026-03-27 11:26:12 - getOutlet.php - Query berhasil, mengembalikan 8 record
2026-03-27 11:26:12 - getOutlet.php - === END REQUEST ===
2026-03-27 04:26:12 - getOutlet.php - === REQUEST GETOUTLET ===
2026-03-27 04:26:12 - getOutlet.php - Method: POST
2026-03-27 04:26:12 - getOutlet.php - POST data: {"tgl":"2026-03-27","encrypt":"388a4efa6470a27b196da6c25804cef2","id_apl":"APL01","key":"Kawi j"}
2026-03-27 11:26:12 - getOutlet.php - Params - tgl: 2026-03-27, encrypt: 388a4efa6470a27b196da6c25804cef2, id_apl: APL01, key: Kawi j
2026-03-27 11:26:12 - getOutlet.php - Aplikasi ditemukan: Ya
2026-03-27 11:26:12 - getOutlet.php - Key aplikasi: YbcJSFjkds...
2026-03-27 11:26:12 - getOutlet.php - Expected encrypt: 388a4efa6470a27b196da6c25804cef2
2026-03-27 11:26:12 - getOutlet.php - Received encrypt: 388a4efa6470a27b196da6c25804cef2
2026-03-27 11:26:12 - getOutlet.php - Authentication berhasil
2026-03-27 11:26:12 - getOutlet.php - Query: SELECT id_out, nama_out, '' AS alamat_out, ofcode_out
            FROM outlet 
            WHERE status_out IN ('Active', '1', 'active')
            AND (nama_out LIKE :key OR ofcode_out LIKE :key)
            ORDER BY nama_out ASC
            LIMIT 20
2026-03-27 11:26:12 - getOutlet.php - Query berhasil, mengembalikan 2 record
2026-03-27 11:26:12 - getOutlet.php - === END REQUEST ===
2026-03-27 04:26:12 - getOutlet.php - === REQUEST GETOUTLET ===
2026-03-27 04:26:12 - getOutlet.php - Method: POST
2026-03-27 04:26:12 - getOutlet.php - POST data: {"tgl":"2026-03-27","encrypt":"388a4efa6470a27b196da6c25804cef2","id_apl":"APL01","key":"Kawi ja"}
2026-03-27 11:26:12 - getOutlet.php - Params - tgl: 2026-03-27, encrypt: 388a4efa6470a27b196da6c25804cef2, id_apl: APL01, key: Kawi ja
2026-03-27 11:26:12 - getOutlet.php - Aplikasi ditemukan: Ya
2026-03-27 11:26:12 - getOutlet.php - Key aplikasi: YbcJSFjkds...
2026-03-27 11:26:12 - getOutlet.php - Expected encrypt: 388a4efa6470a27b196da6c25804cef2
2026-03-27 11:26:12 - getOutlet.php - Received encrypt: 388a4efa6470a27b196da6c25804cef2
2026-03-27 11:26:12 - getOutlet.php - Authentication berhasil
2026-03-27 11:26:12 - getOutlet.php - Query: SELECT id_out, nama_out, '' AS alamat_out, ofcode_out
            FROM outlet 
            WHERE status_out IN ('Active', '1', 'active')
            AND (nama_out LIKE :key OR ofcode_out LIKE :key)
            ORDER BY nama_out ASC
            LIMIT 20
2026-03-27 11:26:12 - getOutlet.php - Query berhasil, mengembalikan 2 record
2026-03-27 11:26:12 - getOutlet.php - === END REQUEST ===
2026-03-27 04:26:12 - getOutlet.php - === REQUEST GETOUTLET ===
2026-03-27 04:26:12 - getOutlet.php - Method: POST
2026-03-27 04:26:12 - getOutlet.php - POST data: {"tgl":"2026-03-27","encrypt":"388a4efa6470a27b196da6c25804cef2","id_apl":"APL01","key":"Kawi jay"}
2026-03-27 11:26:12 - getOutlet.php - Params - tgl: 2026-03-27, encrypt: 388a4efa6470a27b196da6c25804cef2, id_apl: APL01, key: Kawi jay
2026-03-27 11:26:12 - getOutlet.php - Aplikasi ditemukan: Ya
2026-03-27 11:26:12 - getOutlet.php - Key aplikasi: YbcJSFjkds...
2026-03-27 11:26:12 - getOutlet.php - Expected encrypt: 388a4efa6470a27b196da6c25804cef2
2026-03-27 11:26:12 - getOutlet.php - Received encrypt: 388a4efa6470a27b196da6c25804cef2
2026-03-27 11:26:12 - getOutlet.php - Authentication berhasil
2026-03-27 11:26:12 - getOutlet.php - Query: SELECT id_out, nama_out, '' AS alamat_out, ofcode_out
            FROM outlet 
            WHERE status_out IN ('Active', '1', 'active')
            AND (nama_out LIKE :key OR ofcode_out LIKE :key)
            ORDER BY nama_out ASC
            LIMIT 20
2026-03-27 11:26:12 - getOutlet.php - Query berhasil, mengembalikan 2 record
2026-03-27 11:26:12 - getOutlet.php - === END REQUEST ===
2026-03-27 04:26:13 - getOutlet.php - === REQUEST GETOUTLET ===
2026-03-27 04:26:13 - getOutlet.php - Method: POST
2026-03-27 04:26:13 - getOutlet.php - POST data: {"tgl":"2026-03-27","encrypt":"388a4efa6470a27b196da6c25804cef2","id_apl":"APL01","key":"Kawi jaya"}
2026-03-27 11:26:13 - getOutlet.php - Params - tgl: 2026-03-27, encrypt: 388a4efa6470a27b196da6c25804cef2, id_apl: APL01, key: Kawi jaya
2026-03-27 11:26:13 - getOutlet.php - Aplikasi ditemukan: Ya
2026-03-27 11:26:13 - getOutlet.php - Key aplikasi: YbcJSFjkds...
2026-03-27 11:26:13 - getOutlet.php - Expected encrypt: 388a4efa6470a27b196da6c25804cef2
2026-03-27 11:26:13 - getOutlet.php - Received encrypt: 388a4efa6470a27b196da6c25804cef2
2026-03-27 11:26:13 - getOutlet.php - Authentication berhasil
2026-03-27 11:26:13 - getOutlet.php - Query: SELECT id_out, nama_out, '' AS alamat_out, ofcode_out
            FROM outlet 
            WHERE status_out IN ('Active', '1', 'active')
            AND (nama_out LIKE :key OR ofcode_out LIKE :key)
            ORDER BY nama_out ASC
            LIMIT 20
2026-03-27 11:26:13 - getOutlet.php - Query berhasil, mengembalikan 2 record
2026-03-27 11:26:13 - getOutlet.php - === END REQUEST ===
2026-03-27 04:26:14 - getOutlet.php - === REQUEST GETOUTLET ===
2026-03-27 04:26:14 - getOutlet.php - Method: POST
2026-03-27 04:26:14 - getOutlet.php - POST data: {"tgl":"2026-03-27","encrypt":"388a4efa6470a27b196da6c25804cef2","id_apl":"APL01","key":"APOTEK KAWI JAYA BSD"}
2026-03-27 11:26:14 - getOutlet.php - Params - tgl: 2026-03-27, encrypt: 388a4efa6470a27b196da6c25804cef2, id_apl: APL01, key: APOTEK KAWI JAYA BSD
2026-03-27 11:26:14 - getOutlet.php - Aplikasi ditemukan: Ya
2026-03-27 11:26:14 - getOutlet.php - Key aplikasi: YbcJSFjkds...
2026-03-27 11:26:14 - getOutlet.php - Expected encrypt: 388a4efa6470a27b196da6c25804cef2
2026-03-27 11:26:14 - getOutlet.php - Received encrypt: 388a4efa6470a27b196da6c25804cef2
2026-03-27 11:26:14 - getOutlet.php - Authentication berhasil
2026-03-27 11:26:14 - getOutlet.php - Query: SELECT id_out, nama_out, '' AS alamat_out, ofcode_out
            FROM outlet 
            WHERE status_out IN ('Active', '1', 'active')
            AND (nama_out LIKE :key OR ofcode_out LIKE :key)
            ORDER BY nama_out ASC
            LIMIT 20
2026-03-27 11:26:14 - getOutlet.php - Query berhasil, mengembalikan 1 record
2026-03-27 11:26:14 - getOutlet.php - === END REQUEST ===
2026-03-27 04:26:40 - getOutlet.php - === REQUEST GETOUTLET ===
2026-03-27 04:26:40 - getOutlet.php - Method: POST
2026-03-27 04:26:40 - getOutlet.php - POST data: {"tgl":"2026-03-27","encrypt":"388a4efa6470a27b196da6c25804cef2","id_apl":"APL01","key":"kr"}
2026-03-27 11:26:40 - getOutlet.php - Params - tgl: 2026-03-27, encrypt: 388a4efa6470a27b196da6c25804cef2, id_apl: APL01, key: kr
2026-03-27 11:26:40 - getOutlet.php - Aplikasi ditemukan: Ya
2026-03-27 11:26:40 - getOutlet.php - Key aplikasi: YbcJSFjkds...
2026-03-27 11:26:40 - getOutlet.php - Expected encrypt: 388a4efa6470a27b196da6c25804cef2
2026-03-27 11:26:40 - getOutlet.php - Received encrypt: 388a4efa6470a27b196da6c25804cef2
2026-03-27 11:26:40 - getOutlet.php - Authentication berhasil
2026-03-27 11:26:40 - getOutlet.php - Query: SELECT id_out, nama_out, '' AS alamat_out, ofcode_out
            FROM outlet 
            WHERE status_out IN ('Active', '1', 'active')
            AND (nama_out LIKE :key OR ofcode_out LIKE :key)
            ORDER BY nama_out ASC
            LIMIT 20
2026-03-27 11:26:40 - getOutlet.php - Query berhasil, mengembalikan 9 record
2026-03-27 11:26:40 - getOutlet.php - === END REQUEST ===
2026-03-27 04:26:40 - getOutlet.php - === REQUEST GETOUTLET ===
2026-03-27 04:26:40 - getOutlet.php - Method: POST
2026-03-27 04:26:40 - getOutlet.php - POST data: {"tgl":"2026-03-27","encrypt":"388a4efa6470a27b196da6c25804cef2","id_apl":"APL01","key":"kra"}
2026-03-27 11:26:40 - getOutlet.php - Params - tgl: 2026-03-27, encrypt: 388a4efa6470a27b196da6c25804cef2, id_apl: APL01, key: kra
2026-03-27 11:26:40 - getOutlet.php - Aplikasi ditemukan: Ya
2026-03-27 11:26:40 - getOutlet.php - Key aplikasi: YbcJSFjkds...
2026-03-27 11:26:40 - getOutlet.php - Expected encrypt: 388a4efa6470a27b196da6c25804cef2
2026-03-27 11:26:40 - getOutlet.php - Received encrypt: 388a4efa6470a27b196da6c25804cef2
2026-03-27 11:26:40 - getOutlet.php - Authentication berhasil
2026-03-27 11:26:40 - getOutlet.php - Query: SELECT id_out, nama_out, '' AS alamat_out, ofcode_out
            FROM outlet 
            WHERE status_out IN ('Active', '1', 'active')
            AND (nama_out LIKE :key OR ofcode_out LIKE :key)
            ORDER BY nama_out ASC
            LIMIT 20
2026-03-27 11:26:40 - getOutlet.php - Query berhasil, mengembalikan 5 record
2026-03-27 11:26:40 - getOutlet.php - === END REQUEST ===
2026-03-27 04:26:40 - getOutlet.php - === REQUEST GETOUTLET ===
2026-03-27 04:26:40 - getOutlet.php - Method: POST
2026-03-27 04:26:40 - getOutlet.php - POST data: {"tgl":"2026-03-27","encrypt":"388a4efa6470a27b196da6c25804cef2","id_apl":"APL01","key":"krak"}
2026-03-27 11:26:40 - getOutlet.php - Params - tgl: 2026-03-27, encrypt: 388a4efa6470a27b196da6c25804cef2, id_apl: APL01, key: krak
2026-03-27 11:26:40 - getOutlet.php - Aplikasi ditemukan: Ya
2026-03-27 11:26:40 - getOutlet.php - Key aplikasi: YbcJSFjkds...
2026-03-27 11:26:40 - getOutlet.php - Expected encrypt: 388a4efa6470a27b196da6c25804cef2
2026-03-27 11:26:40 - getOutlet.php - Received encrypt: 388a4efa6470a27b196da6c25804cef2
2026-03-27 11:26:40 - getOutlet.php - Authentication berhasil
2026-03-27 11:26:40 - getOutlet.php - Query: SELECT id_out, nama_out, '' AS alamat_out, ofcode_out
            FROM outlet 
            WHERE status_out IN ('Active', '1', 'active')
            AND (nama_out LIKE :key OR ofcode_out LIKE :key)
            ORDER BY nama_out ASC
            LIMIT 20
2026-03-27 11:26:40 - getOutlet.php - Query berhasil, mengembalikan 1 record
2026-03-27 11:26:40 - getOutlet.php - === END REQUEST ===
2026-03-27 04:26:40 - getOutlet.php - === REQUEST GETOUTLET ===
2026-03-27 04:26:40 - getOutlet.php - Method: POST
2026-03-27 04:26:40 - getOutlet.php - POST data: {"tgl":"2026-03-27","encrypt":"388a4efa6470a27b196da6c25804cef2","id_apl":"APL01","key":"kraka"}
2026-03-27 11:26:40 - getOutlet.php - Params - tgl: 2026-03-27, encrypt: 388a4efa6470a27b196da6c25804cef2, id_apl: APL01, key: kraka
2026-03-27 11:26:40 - getOutlet.php - Aplikasi ditemukan: Ya
2026-03-27 11:26:40 - getOutlet.php - Key aplikasi: YbcJSFjkds...
2026-03-27 11:26:40 - getOutlet.php - Expected encrypt: 388a4efa6470a27b196da6c25804cef2
2026-03-27 11:26:40 - getOutlet.php - Received encrypt: 388a4efa6470a27b196da6c25804cef2
2026-03-27 11:26:40 - getOutlet.php - Authentication berhasil
2026-03-27 11:26:40 - getOutlet.php - Query: SELECT id_out, nama_out, '' AS alamat_out, ofcode_out
            FROM outlet 
            WHERE status_out IN ('Active', '1', 'active')
            AND (nama_out LIKE :key OR ofcode_out LIKE :key)
            ORDER BY nama_out ASC
            LIMIT 20
2026-03-27 11:26:40 - getOutlet.php - Query berhasil, mengembalikan 1 record
2026-03-27 11:26:40 - getOutlet.php - === END REQUEST ===
2026-03-27 04:26:40 - getOutlet.php - === REQUEST GETOUTLET ===
2026-03-27 04:26:40 - getOutlet.php - Method: POST
2026-03-27 04:26:40 - getOutlet.php - POST data: {"tgl":"2026-03-27","encrypt":"388a4efa6470a27b196da6c25804cef2","id_apl":"APL01","key":"krakat"}
2026-03-27 11:26:40 - getOutlet.php - Params - tgl: 2026-03-27, encrypt: 388a4efa6470a27b196da6c25804cef2, id_apl: APL01, key: krakat
2026-03-27 11:26:40 - getOutlet.php - Aplikasi ditemukan: Ya
2026-03-27 11:26:40 - getOutlet.php - Key aplikasi: YbcJSFjkds...
2026-03-27 11:26:40 - getOutlet.php - Expected encrypt: 388a4efa6470a27b196da6c25804cef2
2026-03-27 11:26:40 - getOutlet.php - Received encrypt: 388a4efa6470a27b196da6c25804cef2
2026-03-27 11:26:40 - getOutlet.php - Authentication berhasil
2026-03-27 11:26:40 - getOutlet.php - Query: SELECT id_out, nama_out, '' AS alamat_out, ofcode_out
            FROM outlet 
            WHERE status_out IN ('Active', '1', 'active')
            AND (nama_out LIKE :key OR ofcode_out LIKE :key)
            ORDER BY nama_out ASC
            LIMIT 20
2026-03-27 11:26:40 - getOutlet.php - Query berhasil, mengembalikan 1 record
2026-03-27 11:26:40 - getOutlet.php - === END REQUEST ===
2026-03-27 04:26:40 - getOutlet.php - === REQUEST GETOUTLET ===
2026-03-27 04:26:40 - getOutlet.php - Method: POST
2026-03-27 04:26:40 - getOutlet.php - POST data: {"tgl":"2026-03-27","encrypt":"388a4efa6470a27b196da6c25804cef2","id_apl":"APL01","key":"krakata"}
2026-03-27 11:26:40 - getOutlet.php - Params - tgl: 2026-03-27, encrypt: 388a4efa6470a27b196da6c25804cef2, id_apl: APL01, key: krakata
2026-03-27 11:26:40 - getOutlet.php - Aplikasi ditemukan: Ya
2026-03-27 11:26:40 - getOutlet.php - Key aplikasi: YbcJSFjkds...
2026-03-27 11:26:40 - getOutlet.php - Expected encrypt: 388a4efa6470a27b196da6c25804cef2
2026-03-27 11:26:40 - getOutlet.php - Received encrypt: 388a4efa6470a27b196da6c25804cef2
2026-03-27 11:26:40 - getOutlet.php - Authentication berhasil
2026-03-27 11:26:40 - getOutlet.php - Query: SELECT id_out, nama_out, '' AS alamat_out, ofcode_out
            FROM outlet 
            WHERE status_out IN ('Active', '1', 'active')
            AND (nama_out LIKE :key OR ofcode_out LIKE :key)
            ORDER BY nama_out ASC
            LIMIT 20
2026-03-27 11:26:40 - getOutlet.php - Query berhasil, mengembalikan 1 record
2026-03-27 11:26:40 - getOutlet.php - === END REQUEST ===
2026-03-27 04:26:40 - getOutlet.php - === REQUEST GETOUTLET ===
2026-03-27 04:26:40 - getOutlet.php - Method: POST
2026-03-27 04:26:40 - getOutlet.php - POST data: {"tgl":"2026-03-27","encrypt":"388a4efa6470a27b196da6c25804cef2","id_apl":"APL01","key":"krakatau"}
2026-03-27 11:26:40 - getOutlet.php - Params - tgl: 2026-03-27, encrypt: 388a4efa6470a27b196da6c25804cef2, id_apl: APL01, key: krakatau
2026-03-27 11:26:40 - getOutlet.php - Aplikasi ditemukan: Ya
2026-03-27 11:26:40 - getOutlet.php - Key aplikasi: YbcJSFjkds...
2026-03-27 11:26:40 - getOutlet.php - Expected encrypt: 388a4efa6470a27b196da6c25804cef2
2026-03-27 11:26:40 - getOutlet.php - Received encrypt: 388a4efa6470a27b196da6c25804cef2
2026-03-27 11:26:40 - getOutlet.php - Authentication berhasil
2026-03-27 11:26:40 - getOutlet.php - Query: SELECT id_out, nama_out, '' AS alamat_out, ofcode_out
            FROM outlet 
            WHERE status_out IN ('Active', '1', 'active')
            AND (nama_out LIKE :key OR ofcode_out LIKE :key)
            ORDER BY nama_out ASC
            LIMIT 20
2026-03-27 11:26:40 - getOutlet.php - Query berhasil, mengembalikan 1 record
2026-03-27 11:26:40 - getOutlet.php - === END REQUEST ===
2026-03-27 04:26:42 - getOutlet.php - === REQUEST GETOUTLET ===
2026-03-27 04:26:42 - getOutlet.php - Method: POST
2026-03-27 04:26:42 - getOutlet.php - POST data: {"tgl":"2026-03-27","encrypt":"388a4efa6470a27b196da6c25804cef2","id_apl":"APL01","key":"RS KRAKATAU MEDIKA"}
2026-03-27 11:26:42 - getOutlet.php - Params - tgl: 2026-03-27, encrypt: 388a4efa6470a27b196da6c25804cef2, id_apl: APL01, key: RS KRAKATAU MEDIKA
2026-03-27 11:26:42 - getOutlet.php - Aplikasi ditemukan: Ya
2026-03-27 11:26:42 - getOutlet.php - Key aplikasi: YbcJSFjkds...
2026-03-27 11:26:42 - getOutlet.php - Expected encrypt: 388a4efa6470a27b196da6c25804cef2
2026-03-27 11:26:42 - getOutlet.php - Received encrypt: 388a4efa6470a27b196da6c25804cef2
2026-03-27 11:26:42 - getOutlet.php - Authentication berhasil
2026-03-27 11:26:42 - getOutlet.php - Query: SELECT id_out, nama_out, '' AS alamat_out, ofcode_out
            FROM outlet 
            WHERE status_out IN ('Active', '1', 'active')
            AND (nama_out LIKE :key OR ofcode_out LIKE :key)
            ORDER BY nama_out ASC
            LIMIT 20
2026-03-27 11:26:42 - getOutlet.php - Query berhasil, mengembalikan 1 record
2026-03-27 11:26:42 - getOutlet.php - === END REQUEST ===
2026-03-27 04:27:24 - getOutlet.php - === REQUEST GETOUTLET ===
2026-03-27 04:27:24 - getOutlet.php - Method: POST
2026-03-27 04:27:24 - getOutlet.php - POST data: {"tgl":"2026-03-27","encrypt":"388a4efa6470a27b196da6c25804cef2","id_apl":"APL01","key":"ga"}
2026-03-27 11:27:24 - getOutlet.php - Params - tgl: 2026-03-27, encrypt: 388a4efa6470a27b196da6c25804cef2, id_apl: APL01, key: ga
2026-03-27 11:27:24 - getOutlet.php - Aplikasi ditemukan: Ya
2026-03-27 11:27:24 - getOutlet.php - Key aplikasi: YbcJSFjkds...
2026-03-27 11:27:24 - getOutlet.php - Expected encrypt: 388a4efa6470a27b196da6c25804cef2
2026-03-27 11:27:24 - getOutlet.php - Received encrypt: 388a4efa6470a27b196da6c25804cef2
2026-03-27 11:27:24 - getOutlet.php - Authentication berhasil
2026-03-27 11:27:24 - getOutlet.php - Query: SELECT id_out, nama_out, '' AS alamat_out, ofcode_out
            FROM outlet 
            WHERE status_out IN ('Active', '1', 'active')
            AND (nama_out LIKE :key OR ofcode_out LIKE :key)
            ORDER BY nama_out ASC
            LIMIT 20
2026-03-27 11:27:24 - getOutlet.php - Query berhasil, mengembalikan 20 record
2026-03-27 11:27:24 - getOutlet.php - === END REQUEST ===
2026-03-27 04:27:24 - getOutlet.php - === REQUEST GETOUTLET ===
2026-03-27 04:27:24 - getOutlet.php - Method: POST
2026-03-27 04:27:24 - getOutlet.php - POST data: {"tgl":"2026-03-27","encrypt":"388a4efa6470a27b196da6c25804cef2","id_apl":"APL01","key":"gat"}
2026-03-27 11:27:24 - getOutlet.php - Params - tgl: 2026-03-27, encrypt: 388a4efa6470a27b196da6c25804cef2, id_apl: APL01, key: gat
2026-03-27 11:27:24 - getOutlet.php - Aplikasi ditemukan: Ya
2026-03-27 11:27:24 - getOutlet.php - Key aplikasi: YbcJSFjkds...
2026-03-27 11:27:24 - getOutlet.php - Expected encrypt: 388a4efa6470a27b196da6c25804cef2
2026-03-27 11:27:24 - getOutlet.php - Received encrypt: 388a4efa6470a27b196da6c25804cef2
2026-03-27 11:27:24 - getOutlet.php - Authentication berhasil
2026-03-27 11:27:24 - getOutlet.php - Query: SELECT id_out, nama_out, '' AS alamat_out, ofcode_out
            FROM outlet 
            WHERE status_out IN ('Active', '1', 'active')
            AND (nama_out LIKE :key OR ofcode_out LIKE :key)
            ORDER BY nama_out ASC
            LIMIT 20
2026-03-27 11:27:24 - getOutlet.php - Query berhasil, mengembalikan 1 record
2026-03-27 11:27:24 - getOutlet.php - === END REQUEST ===
2026-03-27 04:27:24 - getOutlet.php - === REQUEST GETOUTLET ===
2026-03-27 04:27:24 - getOutlet.php - Method: POST
2026-03-27 04:27:24 - getOutlet.php - POST data: {"tgl":"2026-03-27","encrypt":"388a4efa6470a27b196da6c25804cef2","id_apl":"APL01","key":"gato"}
2026-03-27 11:27:24 - getOutlet.php - Params - tgl: 2026-03-27, encrypt: 388a4efa6470a27b196da6c25804cef2, id_apl: APL01, key: gato
2026-03-27 11:27:24 - getOutlet.php - Aplikasi ditemukan: Ya
2026-03-27 11:27:24 - getOutlet.php - Key aplikasi: YbcJSFjkds...
2026-03-27 11:27:24 - getOutlet.php - Expected encrypt: 388a4efa6470a27b196da6c25804cef2
2026-03-27 11:27:24 - getOutlet.php - Received encrypt: 388a4efa6470a27b196da6c25804cef2
2026-03-27 11:27:24 - getOutlet.php - Authentication berhasil
2026-03-27 11:27:24 - getOutlet.php - Query: SELECT id_out, nama_out, '' AS alamat_out, ofcode_out
            FROM outlet 
            WHERE status_out IN ('Active', '1', 'active')
            AND (nama_out LIKE :key OR ofcode_out LIKE :key)
            ORDER BY nama_out ASC
            LIMIT 20
2026-03-27 11:27:24 - getOutlet.php - Query berhasil, mengembalikan 1 record
2026-03-27 11:27:24 - getOutlet.php - === END REQUEST ===
2026-03-27 04:27:25 - getOutlet.php - === REQUEST GETOUTLET ===
2026-03-27 04:27:25 - getOutlet.php - Method: POST
2026-03-27 04:27:25 - getOutlet.php - POST data: {"tgl":"2026-03-27","encrypt":"388a4efa6470a27b196da6c25804cef2","id_apl":"APL01","key":"gatot"}
2026-03-27 11:27:25 - getOutlet.php - Params - tgl: 2026-03-27, encrypt: 388a4efa6470a27b196da6c25804cef2, id_apl: APL01, key: gatot
2026-03-27 11:27:25 - getOutlet.php - Aplikasi ditemukan: Ya
2026-03-27 11:27:25 - getOutlet.php - Key aplikasi: YbcJSFjkds...
2026-03-27 11:27:25 - getOutlet.php - Expected encrypt: 388a4efa6470a27b196da6c25804cef2
2026-03-27 11:27:25 - getOutlet.php - Received encrypt: 388a4efa6470a27b196da6c25804cef2
2026-03-27 11:27:25 - getOutlet.php - Authentication berhasil
2026-03-27 11:27:25 - getOutlet.php - Query: SELECT id_out, nama_out, '' AS alamat_out, ofcode_out
            FROM outlet 
            WHERE status_out IN ('Active', '1', 'active')
            AND (nama_out LIKE :key OR ofcode_out LIKE :key)
            ORDER BY nama_out ASC
            LIMIT 20
2026-03-27 11:27:25 - getOutlet.php - Query berhasil, mengembalikan 1 record
2026-03-27 11:27:25 - getOutlet.php - === END REQUEST ===
2026-03-27 04:27:26 - getOutlet.php - === REQUEST GETOUTLET ===
2026-03-27 04:27:26 - getOutlet.php - Method: POST
2026-03-27 04:27:26 - getOutlet.php - POST data: {"tgl":"2026-03-27","encrypt":"388a4efa6470a27b196da6c25804cef2","id_apl":"APL01","key":"PPK MATKES RSPAD GATOT SOEBROTO"}
2026-03-27 11:27:26 - getOutlet.php - Params - tgl: 2026-03-27, encrypt: 388a4efa6470a27b196da6c25804cef2, id_apl: APL01, key: PPK MATKES RSPAD GATOT SOEBROTO
2026-03-27 11:27:26 - getOutlet.php - Aplikasi ditemukan: Ya
2026-03-27 11:27:26 - getOutlet.php - Key aplikasi: YbcJSFjkds...
2026-03-27 11:27:26 - getOutlet.php - Expected encrypt: 388a4efa6470a27b196da6c25804cef2
2026-03-27 11:27:26 - getOutlet.php - Received encrypt: 388a4efa6470a27b196da6c25804cef2
2026-03-27 11:27:26 - getOutlet.php - Authentication berhasil
2026-03-27 11:27:26 - getOutlet.php - Query: SELECT id_out, nama_out, '' AS alamat_out, ofcode_out
            FROM outlet 
            WHERE status_out IN ('Active', '1', 'active')
            AND (nama_out LIKE :key OR ofcode_out LIKE :key)
            ORDER BY nama_out ASC
            LIMIT 20
2026-03-27 11:27:26 - getOutlet.php - Query berhasil, mengembalikan 1 record
2026-03-27 11:27:26 - getOutlet.php - === END REQUEST ===
2026-03-27 04:27:57 - getOutlet.php - === REQUEST GETOUTLET ===
2026-03-27 04:27:57 - getOutlet.php - Method: POST
2026-03-27 04:27:57 - getOutlet.php - POST data: {"tgl":"2026-03-27","encrypt":"388a4efa6470a27b196da6c25804cef2","id_apl":"APL01","key":"ha"}
2026-03-27 11:27:57 - getOutlet.php - Params - tgl: 2026-03-27, encrypt: 388a4efa6470a27b196da6c25804cef2, id_apl: APL01, key: ha
2026-03-27 11:27:57 - getOutlet.php - Aplikasi ditemukan: Ya
2026-03-27 11:27:57 - getOutlet.php - Key aplikasi: YbcJSFjkds...
2026-03-27 11:27:57 - getOutlet.php - Expected encrypt: 388a4efa6470a27b196da6c25804cef2
2026-03-27 11:27:57 - getOutlet.php - Received encrypt: 388a4efa6470a27b196da6c25804cef2
2026-03-27 11:27:57 - getOutlet.php - Authentication berhasil
2026-03-27 11:27:57 - getOutlet.php - Query: SELECT id_out, nama_out, '' AS alamat_out, ofcode_out
            FROM outlet 
            WHERE status_out IN ('Active', '1', 'active')
            AND (nama_out LIKE :key OR ofcode_out LIKE :key)
            ORDER BY nama_out ASC
            LIMIT 20
2026-03-27 11:27:57 - getOutlet.php - Query berhasil, mengembalikan 20 record
2026-03-27 11:27:57 - getOutlet.php - === END REQUEST ===
2026-03-27 04:27:57 - getOutlet.php - === REQUEST GETOUTLET ===
2026-03-27 04:27:57 - getOutlet.php - Method: POST
2026-03-27 04:27:57 - getOutlet.php - POST data: {"tgl":"2026-03-27","encrypt":"388a4efa6470a27b196da6c25804cef2","id_apl":"APL01","key":"har"}
2026-03-27 11:27:57 - getOutlet.php - Params - tgl: 2026-03-27, encrypt: 388a4efa6470a27b196da6c25804cef2, id_apl: APL01, key: har
2026-03-27 11:27:57 - getOutlet.php - Aplikasi ditemukan: Ya
2026-03-27 11:27:57 - getOutlet.php - Key aplikasi: YbcJSFjkds...
2026-03-27 11:27:57 - getOutlet.php - Expected encrypt: 388a4efa6470a27b196da6c25804cef2
2026-03-27 11:27:57 - getOutlet.php - Received encrypt: 388a4efa6470a27b196da6c25804cef2
2026-03-27 11:27:57 - getOutlet.php - Authentication berhasil
2026-03-27 11:27:57 - getOutlet.php - Query: SELECT id_out, nama_out, '' AS alamat_out, ofcode_out
            FROM outlet 
            WHERE status_out IN ('Active', '1', 'active')
            AND (nama_out LIKE :key OR ofcode_out LIKE :key)
            ORDER BY nama_out ASC
            LIMIT 20
2026-03-27 11:27:57 - getOutlet.php - Query berhasil, mengembalikan 20 record
2026-03-27 11:27:57 - getOutlet.php - === END REQUEST ===
2026-03-27 04:27:58 - getOutlet.php - === REQUEST GETOUTLET ===
2026-03-27 04:27:58 - getOutlet.php - Method: POST
2026-03-27 04:27:58 - getOutlet.php - POST data: {"tgl":"2026-03-27","encrypt":"388a4efa6470a27b196da6c25804cef2","id_apl":"APL01","key":"haru"}
2026-03-27 11:27:58 - getOutlet.php - Params - tgl: 2026-03-27, encrypt: 388a4efa6470a27b196da6c25804cef2, id_apl: APL01, key: haru
2026-03-27 11:27:58 - getOutlet.php - Aplikasi ditemukan: Ya
2026-03-27 11:27:58 - getOutlet.php - Key aplikasi: YbcJSFjkds...
2026-03-27 11:27:58 - getOutlet.php - Expected encrypt: 388a4efa6470a27b196da6c25804cef2
2026-03-27 11:27:58 - getOutlet.php - Received encrypt: 388a4efa6470a27b196da6c25804cef2
2026-03-27 11:27:58 - getOutlet.php - Authentication berhasil
2026-03-27 11:27:58 - getOutlet.php - Query: SELECT id_out, nama_out, '' AS alamat_out, ofcode_out
            FROM outlet 
            WHERE status_out IN ('Active', '1', 'active')
            AND (nama_out LIKE :key OR ofcode_out LIKE :key)
            ORDER BY nama_out ASC
            LIMIT 20
2026-03-27 11:27:58 - getOutlet.php - Query berhasil, mengembalikan 2 record
2026-03-27 11:27:58 - getOutlet.php - === END REQUEST ===
2026-03-27 04:27:58 - getOutlet.php - === REQUEST GETOUTLET ===
2026-03-27 04:27:58 - getOutlet.php - Method: POST
2026-03-27 04:27:58 - getOutlet.php - POST data: {"tgl":"2026-03-27","encrypt":"388a4efa6470a27b196da6c25804cef2","id_apl":"APL01","key":"harum"}
2026-03-27 11:27:58 - getOutlet.php - Params - tgl: 2026-03-27, encrypt: 388a4efa6470a27b196da6c25804cef2, id_apl: APL01, key: harum
2026-03-27 11:27:58 - getOutlet.php - Aplikasi ditemukan: Ya
2026-03-27 11:27:58 - getOutlet.php - Key aplikasi: YbcJSFjkds...
2026-03-27 11:27:58 - getOutlet.php - Expected encrypt: 388a4efa6470a27b196da6c25804cef2
2026-03-27 11:27:58 - getOutlet.php - Received encrypt: 388a4efa6470a27b196da6c25804cef2
2026-03-27 11:27:58 - getOutlet.php - Authentication berhasil
2026-03-27 11:27:58 - getOutlet.php - Query: SELECT id_out, nama_out, '' AS alamat_out, ofcode_out
            FROM outlet 
            WHERE status_out IN ('Active', '1', 'active')
            AND (nama_out LIKE :key OR ofcode_out LIKE :key)
            ORDER BY nama_out ASC
            LIMIT 20
2026-03-27 11:27:58 - getOutlet.php - Query berhasil, mengembalikan 1 record
2026-03-27 11:27:58 - getOutlet.php - === END REQUEST ===
2026-03-27 04:27:59 - getOutlet.php - === REQUEST GETOUTLET ===
2026-03-27 04:27:59 - getOutlet.php - Method: POST
2026-03-27 04:27:59 - getOutlet.php - POST data: {"tgl":"2026-03-27","encrypt":"388a4efa6470a27b196da6c25804cef2","id_apl":"APL01","key":"RS HARUM SISMA MEDIKA"}
2026-03-27 11:27:59 - getOutlet.php - Params - tgl: 2026-03-27, encrypt: 388a4efa6470a27b196da6c25804cef2, id_apl: APL01, key: RS HARUM SISMA MEDIKA
2026-03-27 11:27:59 - getOutlet.php - Aplikasi ditemukan: Ya
2026-03-27 11:27:59 - getOutlet.php - Key aplikasi: YbcJSFjkds...
2026-03-27 11:27:59 - getOutlet.php - Expected encrypt: 388a4efa6470a27b196da6c25804cef2
2026-03-27 11:27:59 - getOutlet.php - Received encrypt: 388a4efa6470a27b196da6c25804cef2
2026-03-27 11:27:59 - getOutlet.php - Authentication berhasil
2026-03-27 11:27:59 - getOutlet.php - Query: SELECT id_out, nama_out, '' AS alamat_out, ofcode_out
            FROM outlet 
            WHERE status_out IN ('Active', '1', 'active')
            AND (nama_out LIKE :key OR ofcode_out LIKE :key)
            ORDER BY nama_out ASC
            LIMIT 20
2026-03-27 11:27:59 - getOutlet.php - Query berhasil, mengembalikan 1 record
2026-03-27 11:27:59 - getOutlet.php - === END REQUEST ===
2026-03-27 04:28:26 - getOutlet.php - === REQUEST GETOUTLET ===
2026-03-27 04:28:26 - getOutlet.php - Method: POST
2026-03-27 04:28:26 - getOutlet.php - POST data: {"tgl":"2026-03-27","encrypt":"388a4efa6470a27b196da6c25804cef2","id_apl":"APL01","key":"rs"}
2026-03-27 11:28:26 - getOutlet.php - Params - tgl: 2026-03-27, encrypt: 388a4efa6470a27b196da6c25804cef2, id_apl: APL01, key: rs
2026-03-27 11:28:26 - getOutlet.php - Aplikasi ditemukan: Ya
2026-03-27 11:28:26 - getOutlet.php - Key aplikasi: YbcJSFjkds...
2026-03-27 11:28:26 - getOutlet.php - Expected encrypt: 388a4efa6470a27b196da6c25804cef2
2026-03-27 11:28:26 - getOutlet.php - Received encrypt: 388a4efa6470a27b196da6c25804cef2
2026-03-27 11:28:26 - getOutlet.php - Authentication berhasil
2026-03-27 11:28:26 - getOutlet.php - Query: SELECT id_out, nama_out, '' AS alamat_out, ofcode_out
            FROM outlet 
            WHERE status_out IN ('Active', '1', 'active')
            AND (nama_out LIKE :key OR ofcode_out LIKE :key)
            ORDER BY nama_out ASC
            LIMIT 20
2026-03-27 11:28:26 - getOutlet.php - Query berhasil, mengembalikan 20 record
2026-03-27 11:28:26 - getOutlet.php - === END REQUEST ===
2026-03-27 04:28:26 - getOutlet.php - === REQUEST GETOUTLET ===
2026-03-27 04:28:26 - getOutlet.php - Method: POST
2026-03-27 04:28:26 - getOutlet.php - POST data: {"tgl":"2026-03-27","encrypt":"388a4efa6470a27b196da6c25804cef2","id_apl":"APL01","key":"rsi"}
2026-03-27 11:28:26 - getOutlet.php - Params - tgl: 2026-03-27, encrypt: 388a4efa6470a27b196da6c25804cef2, id_apl: APL01, key: rsi
2026-03-27 11:28:26 - getOutlet.php - Aplikasi ditemukan: Ya
2026-03-27 11:28:26 - getOutlet.php - Key aplikasi: YbcJSFjkds...
2026-03-27 11:28:26 - getOutlet.php - Expected encrypt: 388a4efa6470a27b196da6c25804cef2
2026-03-27 11:28:26 - getOutlet.php - Received encrypt: 388a4efa6470a27b196da6c25804cef2
2026-03-27 11:28:26 - getOutlet.php - Authentication berhasil
2026-03-27 11:28:26 - getOutlet.php - Query: SELECT id_out, nama_out, '' AS alamat_out, ofcode_out
            FROM outlet 
            WHERE status_out IN ('Active', '1', 'active')
            AND (nama_out LIKE :key OR ofcode_out LIKE :key)
            ORDER BY nama_out ASC
            LIMIT 20
2026-03-27 11:28:26 - getOutlet.php - Query berhasil, mengembalikan 20 record
2026-03-27 11:28:26 - getOutlet.php - === END REQUEST ===
2026-03-27 04:28:27 - getOutlet.php - === REQUEST GETOUTLET ===
2026-03-27 04:28:27 - getOutlet.php - Method: POST
2026-03-27 04:28:27 - getOutlet.php - POST data: {"tgl":"2026-03-27","encrypt":"388a4efa6470a27b196da6c25804cef2","id_apl":"APL01","key":"rsi"}
2026-03-27 11:28:27 - getOutlet.php - Params - tgl: 2026-03-27, encrypt: 388a4efa6470a27b196da6c25804cef2, id_apl: APL01, key: rsi
2026-03-27 11:28:27 - getOutlet.php - Aplikasi ditemukan: Ya
2026-03-27 11:28:27 - getOutlet.php - Key aplikasi: YbcJSFjkds...
2026-03-27 11:28:27 - getOutlet.php - Expected encrypt: 388a4efa6470a27b196da6c25804cef2
2026-03-27 11:28:27 - getOutlet.php - Received encrypt: 388a4efa6470a27b196da6c25804cef2
2026-03-27 11:28:27 - getOutlet.php - Authentication berhasil
2026-03-27 11:28:27 - getOutlet.php - Query: SELECT id_out, nama_out, '' AS alamat_out, ofcode_out
            FROM outlet 
            WHERE status_out IN ('Active', '1', 'active')
            AND (nama_out LIKE :key OR ofcode_out LIKE :key)
            ORDER BY nama_out ASC
            LIMIT 20
2026-03-27 11:28:27 - getOutlet.php - Query berhasil, mengembalikan 20 record
2026-03-27 11:28:27 - getOutlet.php - === END REQUEST ===
2026-03-27 04:28:27 - getOutlet.php - === REQUEST GETOUTLET ===
2026-03-27 04:28:27 - getOutlet.php - Method: POST
2026-03-27 04:28:27 - getOutlet.php - POST data: {"tgl":"2026-03-27","encrypt":"388a4efa6470a27b196da6c25804cef2","id_apl":"APL01","key":"rsi p"}
2026-03-27 11:28:27 - getOutlet.php - Params - tgl: 2026-03-27, encrypt: 388a4efa6470a27b196da6c25804cef2, id_apl: APL01, key: rsi p
2026-03-27 11:28:27 - getOutlet.php - Aplikasi ditemukan: Ya
2026-03-27 11:28:27 - getOutlet.php - Key aplikasi: YbcJSFjkds...
2026-03-27 11:28:27 - getOutlet.php - Expected encrypt: 388a4efa6470a27b196da6c25804cef2
2026-03-27 11:28:27 - getOutlet.php - Received encrypt: 388a4efa6470a27b196da6c25804cef2
2026-03-27 11:28:27 - getOutlet.php - Authentication berhasil
2026-03-27 11:28:27 - getOutlet.php - Query: SELECT id_out, nama_out, '' AS alamat_out, ofcode_out
            FROM outlet 
            WHERE status_out IN ('Active', '1', 'active')
            AND (nama_out LIKE :key OR ofcode_out LIKE :key)
            ORDER BY nama_out ASC
            LIMIT 20
2026-03-27 11:28:27 - getOutlet.php - Query berhasil, mengembalikan 1 record
2026-03-27 11:28:27 - getOutlet.php - === END REQUEST ===
2026-03-27 04:28:27 - getOutlet.php - === REQUEST GETOUTLET ===
2026-03-27 04:28:27 - getOutlet.php - Method: POST
2026-03-27 04:28:27 - getOutlet.php - POST data: {"tgl":"2026-03-27","encrypt":"388a4efa6470a27b196da6c25804cef2","id_apl":"APL01","key":"rsi po"}
2026-03-27 11:28:27 - getOutlet.php - Params - tgl: 2026-03-27, encrypt: 388a4efa6470a27b196da6c25804cef2, id_apl: APL01, key: rsi po
2026-03-27 11:28:27 - getOutlet.php - Aplikasi ditemukan: Ya
2026-03-27 11:28:27 - getOutlet.php - Key aplikasi: YbcJSFjkds...
2026-03-27 11:28:27 - getOutlet.php - Expected encrypt: 388a4efa6470a27b196da6c25804cef2
2026-03-27 11:28:27 - getOutlet.php - Received encrypt: 388a4efa6470a27b196da6c25804cef2
2026-03-27 11:28:27 - getOutlet.php - Authentication berhasil
2026-03-27 11:28:27 - getOutlet.php - Query: SELECT id_out, nama_out, '' AS alamat_out, ofcode_out
            FROM outlet 
            WHERE status_out IN ('Active', '1', 'active')
            AND (nama_out LIKE :key OR ofcode_out LIKE :key)
            ORDER BY nama_out ASC
            LIMIT 20
2026-03-27 11:28:27 - getOutlet.php - Query berhasil, mengembalikan 1 record
2026-03-27 11:28:27 - getOutlet.php - === END REQUEST ===
2026-03-27 04:28:28 - getOutlet.php - === REQUEST GETOUTLET ===
2026-03-27 04:28:28 - getOutlet.php - Method: POST
2026-03-27 04:28:28 - getOutlet.php - POST data: {"tgl":"2026-03-27","encrypt":"388a4efa6470a27b196da6c25804cef2","id_apl":"APL01","key":"rsi pon"}
2026-03-27 11:28:28 - getOutlet.php - Params - tgl: 2026-03-27, encrypt: 388a4efa6470a27b196da6c25804cef2, id_apl: APL01, key: rsi pon
2026-03-27 11:28:28 - getOutlet.php - Aplikasi ditemukan: Ya
2026-03-27 11:28:28 - getOutlet.php - Key aplikasi: YbcJSFjkds...
2026-03-27 11:28:28 - getOutlet.php - Expected encrypt: 388a4efa6470a27b196da6c25804cef2
2026-03-27 11:28:28 - getOutlet.php - Received encrypt: 388a4efa6470a27b196da6c25804cef2
2026-03-27 11:28:28 - getOutlet.php - Authentication berhasil
2026-03-27 11:28:28 - getOutlet.php - Query: SELECT id_out, nama_out, '' AS alamat_out, ofcode_out
            FROM outlet 
            WHERE status_out IN ('Active', '1', 'active')
            AND (nama_out LIKE :key OR ofcode_out LIKE :key)
            ORDER BY nama_out ASC
            LIMIT 20
2026-03-27 11:28:28 - getOutlet.php - Query berhasil, mengembalikan 1 record
2026-03-27 11:28:28 - getOutlet.php - === END REQUEST ===
2026-03-27 04:28:28 - getOutlet.php - === REQUEST GETOUTLET ===
2026-03-27 04:28:28 - getOutlet.php - Method: POST
2026-03-27 04:28:28 - getOutlet.php - POST data: {"tgl":"2026-03-27","encrypt":"388a4efa6470a27b196da6c25804cef2","id_apl":"APL01","key":"rsi pond"}
2026-03-27 11:28:28 - getOutlet.php - Params - tgl: 2026-03-27, encrypt: 388a4efa6470a27b196da6c25804cef2, id_apl: APL01, key: rsi pond
2026-03-27 11:28:28 - getOutlet.php - Aplikasi ditemukan: Ya
2026-03-27 11:28:28 - getOutlet.php - Key aplikasi: YbcJSFjkds...
2026-03-27 11:28:28 - getOutlet.php - Expected encrypt: 388a4efa6470a27b196da6c25804cef2
2026-03-27 11:28:28 - getOutlet.php - Received encrypt: 388a4efa6470a27b196da6c25804cef2
2026-03-27 11:28:28 - getOutlet.php - Authentication berhasil
2026-03-27 11:28:28 - getOutlet.php - Query: SELECT id_out, nama_out, '' AS alamat_out, ofcode_out
            FROM outlet 
            WHERE status_out IN ('Active', '1', 'active')
            AND (nama_out LIKE :key OR ofcode_out LIKE :key)
            ORDER BY nama_out ASC
            LIMIT 20
2026-03-27 11:28:28 - getOutlet.php - Query berhasil, mengembalikan 1 record
2026-03-27 11:28:28 - getOutlet.php - === END REQUEST ===
2026-03-27 04:28:28 - getOutlet.php - === REQUEST GETOUTLET ===
2026-03-27 04:28:28 - getOutlet.php - Method: POST
2026-03-27 04:28:28 - getOutlet.php - POST data: {"tgl":"2026-03-27","encrypt":"388a4efa6470a27b196da6c25804cef2","id_apl":"APL01","key":"rsi pondo"}
2026-03-27 11:28:28 - getOutlet.php - Params - tgl: 2026-03-27, encrypt: 388a4efa6470a27b196da6c25804cef2, id_apl: APL01, key: rsi pondo
2026-03-27 11:28:28 - getOutlet.php - Aplikasi ditemukan: Ya
2026-03-27 11:28:28 - getOutlet.php - Key aplikasi: YbcJSFjkds...
2026-03-27 11:28:28 - getOutlet.php - Expected encrypt: 388a4efa6470a27b196da6c25804cef2
2026-03-27 11:28:28 - getOutlet.php - Received encrypt: 388a4efa6470a27b196da6c25804cef2
2026-03-27 11:28:28 - getOutlet.php - Authentication berhasil
2026-03-27 11:28:28 - getOutlet.php - Query: SELECT id_out, nama_out, '' AS alamat_out, ofcode_out
            FROM outlet 
            WHERE status_out IN ('Active', '1', 'active')
            AND (nama_out LIKE :key OR ofcode_out LIKE :key)
            ORDER BY nama_out ASC
            LIMIT 20
2026-03-27 11:28:28 - getOutlet.php - Query berhasil, mengembalikan 1 record
2026-03-27 11:28:28 - getOutlet.php - === END REQUEST ===
2026-03-27 04:28:28 - getOutlet.php - === REQUEST GETOUTLET ===
2026-03-27 04:28:28 - getOutlet.php - Method: POST
2026-03-27 04:28:28 - getOutlet.php - POST data: {"tgl":"2026-03-27","encrypt":"388a4efa6470a27b196da6c25804cef2","id_apl":"APL01","key":"rsi pondok"}
2026-03-27 11:28:28 - getOutlet.php - Params - tgl: 2026-03-27, encrypt: 388a4efa6470a27b196da6c25804cef2, id_apl: APL01, key: rsi pondok
2026-03-27 11:28:28 - getOutlet.php - Aplikasi ditemukan: Ya
2026-03-27 11:28:28 - getOutlet.php - Key aplikasi: YbcJSFjkds...
2026-03-27 11:28:28 - getOutlet.php - Expected encrypt: 388a4efa6470a27b196da6c25804cef2
2026-03-27 11:28:28 - getOutlet.php - Received encrypt: 388a4efa6470a27b196da6c25804cef2
2026-03-27 11:28:28 - getOutlet.php - Authentication berhasil
2026-03-27 11:28:28 - getOutlet.php - Query: SELECT id_out, nama_out, '' AS alamat_out, ofcode_out
            FROM outlet 
            WHERE status_out IN ('Active', '1', 'active')
            AND (nama_out LIKE :key OR ofcode_out LIKE :key)
            ORDER BY nama_out ASC
            LIMIT 20
2026-03-27 11:28:28 - getOutlet.php - Query berhasil, mengembalikan 1 record
2026-03-27 11:28:28 - getOutlet.php - === END REQUEST ===
2026-03-27 04:28:28 - getOutlet.php - === REQUEST GETOUTLET ===
2026-03-27 04:28:28 - getOutlet.php - Method: POST
2026-03-27 04:28:28 - getOutlet.php - POST data: {"tgl":"2026-03-27","encrypt":"388a4efa6470a27b196da6c25804cef2","id_apl":"APL01","key":"rsi pondok"}
2026-03-27 11:28:28 - getOutlet.php - Params - tgl: 2026-03-27, encrypt: 388a4efa6470a27b196da6c25804cef2, id_apl: APL01, key: rsi pondok
2026-03-27 11:28:28 - getOutlet.php - Aplikasi ditemukan: Ya
2026-03-27 11:28:28 - getOutlet.php - Key aplikasi: YbcJSFjkds...
2026-03-27 11:28:28 - getOutlet.php - Expected encrypt: 388a4efa6470a27b196da6c25804cef2
2026-03-27 11:28:28 - getOutlet.php - Received encrypt: 388a4efa6470a27b196da6c25804cef2
2026-03-27 11:28:28 - getOutlet.php - Authentication berhasil
2026-03-27 11:28:28 - getOutlet.php - Query: SELECT id_out, nama_out, '' AS alamat_out, ofcode_out
            FROM outlet 
            WHERE status_out IN ('Active', '1', 'active')
            AND (nama_out LIKE :key OR ofcode_out LIKE :key)
            ORDER BY nama_out ASC
            LIMIT 20
2026-03-27 11:28:28 - getOutlet.php - Query berhasil, mengembalikan 1 record
2026-03-27 11:28:28 - getOutlet.php - === END REQUEST ===
2026-03-27 04:28:29 - getOutlet.php - === REQUEST GETOUTLET ===
2026-03-27 04:28:29 - getOutlet.php - Method: POST
2026-03-27 04:28:29 - getOutlet.php - POST data: {"tgl":"2026-03-27","encrypt":"388a4efa6470a27b196da6c25804cef2","id_apl":"APL01","key":"rsi pondok k"}
2026-03-27 11:28:29 - getOutlet.php - Params - tgl: 2026-03-27, encrypt: 388a4efa6470a27b196da6c25804cef2, id_apl: APL01, key: rsi pondok k
2026-03-27 11:28:29 - getOutlet.php - Aplikasi ditemukan: Ya
2026-03-27 11:28:29 - getOutlet.php - Key aplikasi: YbcJSFjkds...
2026-03-27 11:28:29 - getOutlet.php - Expected encrypt: 388a4efa6470a27b196da6c25804cef2
2026-03-27 11:28:29 - getOutlet.php - Received encrypt: 388a4efa6470a27b196da6c25804cef2
2026-03-27 11:28:29 - getOutlet.php - Authentication berhasil
2026-03-27 11:28:29 - getOutlet.php - Query: SELECT id_out, nama_out, '' AS alamat_out, ofcode_out
            FROM outlet 
            WHERE status_out IN ('Active', '1', 'active')
            AND (nama_out LIKE :key OR ofcode_out LIKE :key)
            ORDER BY nama_out ASC
            LIMIT 20
2026-03-27 11:28:29 - getOutlet.php - Query berhasil, mengembalikan 1 record
2026-03-27 11:28:29 - getOutlet.php - === END REQUEST ===
2026-03-27 04:28:29 - getOutlet.php - === REQUEST GETOUTLET ===
2026-03-27 04:28:29 - getOutlet.php - Method: POST
2026-03-27 04:28:29 - getOutlet.php - POST data: {"tgl":"2026-03-27","encrypt":"388a4efa6470a27b196da6c25804cef2","id_apl":"APL01","key":"rsi pondok ko"}
2026-03-27 11:28:29 - getOutlet.php - Params - tgl: 2026-03-27, encrypt: 388a4efa6470a27b196da6c25804cef2, id_apl: APL01, key: rsi pondok ko
2026-03-27 11:28:29 - getOutlet.php - Aplikasi ditemukan: Ya
2026-03-27 11:28:29 - getOutlet.php - Key aplikasi: YbcJSFjkds...
2026-03-27 11:28:29 - getOutlet.php - Expected encrypt: 388a4efa6470a27b196da6c25804cef2
2026-03-27 11:28:29 - getOutlet.php - Received encrypt: 388a4efa6470a27b196da6c25804cef2
2026-03-27 11:28:29 - getOutlet.php - Authentication berhasil
2026-03-27 11:28:29 - getOutlet.php - Query: SELECT id_out, nama_out, '' AS alamat_out, ofcode_out
            FROM outlet 
            WHERE status_out IN ('Active', '1', 'active')
            AND (nama_out LIKE :key OR ofcode_out LIKE :key)
            ORDER BY nama_out ASC
            LIMIT 20
2026-03-27 11:28:29 - getOutlet.php - Query berhasil, mengembalikan 1 record
2026-03-27 11:28:29 - getOutlet.php - === END REQUEST ===
2026-03-27 04:28:29 - getOutlet.php - === REQUEST GETOUTLET ===
2026-03-27 04:28:29 - getOutlet.php - Method: POST
2026-03-27 04:28:29 - getOutlet.php - POST data: {"tgl":"2026-03-27","encrypt":"388a4efa6470a27b196da6c25804cef2","id_apl":"APL01","key":"rsi pondok kop"}
2026-03-27 11:28:29 - getOutlet.php - Params - tgl: 2026-03-27, encrypt: 388a4efa6470a27b196da6c25804cef2, id_apl: APL01, key: rsi pondok kop
2026-03-27 11:28:29 - getOutlet.php - Aplikasi ditemukan: Ya
2026-03-27 11:28:29 - getOutlet.php - Key aplikasi: YbcJSFjkds...
2026-03-27 11:28:29 - getOutlet.php - Expected encrypt: 388a4efa6470a27b196da6c25804cef2
2026-03-27 11:28:29 - getOutlet.php - Received encrypt: 388a4efa6470a27b196da6c25804cef2
2026-03-27 11:28:29 - getOutlet.php - Authentication berhasil
2026-03-27 11:28:29 - getOutlet.php - Query: SELECT id_out, nama_out, '' AS alamat_out, ofcode_out
            FROM outlet 
            WHERE status_out IN ('Active', '1', 'active')
            AND (nama_out LIKE :key OR ofcode_out LIKE :key)
            ORDER BY nama_out ASC
            LIMIT 20
2026-03-27 11:28:29 - getOutlet.php - Query berhasil, mengembalikan 1 record
2026-03-27 11:28:29 - getOutlet.php - === END REQUEST ===
2026-03-27 04:28:29 - getOutlet.php - === REQUEST GETOUTLET ===
2026-03-27 04:28:29 - getOutlet.php - Method: POST
2026-03-27 04:28:29 - getOutlet.php - POST data: {"tgl":"2026-03-27","encrypt":"388a4efa6470a27b196da6c25804cef2","id_apl":"APL01","key":"rsi pondok kopi"}
2026-03-27 11:28:29 - getOutlet.php - Params - tgl: 2026-03-27, encrypt: 388a4efa6470a27b196da6c25804cef2, id_apl: APL01, key: rsi pondok kopi
2026-03-27 11:28:29 - getOutlet.php - Aplikasi ditemukan: Ya
2026-03-27 11:28:29 - getOutlet.php - Key aplikasi: YbcJSFjkds...
2026-03-27 11:28:29 - getOutlet.php - Expected encrypt: 388a4efa6470a27b196da6c25804cef2
2026-03-27 11:28:29 - getOutlet.php - Received encrypt: 388a4efa6470a27b196da6c25804cef2
2026-03-27 11:28:29 - getOutlet.php - Authentication berhasil
2026-03-27 11:28:29 - getOutlet.php - Query: SELECT id_out, nama_out, '' AS alamat_out, ofcode_out
            FROM outlet 
            WHERE status_out IN ('Active', '1', 'active')
            AND (nama_out LIKE :key OR ofcode_out LIKE :key)
            ORDER BY nama_out ASC
            LIMIT 20
2026-03-27 11:28:29 - getOutlet.php - Query berhasil, mengembalikan 1 record
2026-03-27 11:28:29 - getOutlet.php - === END REQUEST ===
2026-03-27 04:28:31 - getOutlet.php - === REQUEST GETOUTLET ===
2026-03-27 04:28:31 - getOutlet.php - Method: POST
2026-03-27 04:28:31 - getOutlet.php - POST data: {"tgl":"2026-03-27","encrypt":"388a4efa6470a27b196da6c25804cef2","id_apl":"APL01","key":"RSI PONDOK KOPI"}
2026-03-27 11:28:31 - getOutlet.php - Params - tgl: 2026-03-27, encrypt: 388a4efa6470a27b196da6c25804cef2, id_apl: APL01, key: RSI PONDOK KOPI
2026-03-27 11:28:31 - getOutlet.php - Aplikasi ditemukan: Ya
2026-03-27 11:28:31 - getOutlet.php - Key aplikasi: YbcJSFjkds...
2026-03-27 11:28:31 - getOutlet.php - Expected encrypt: 388a4efa6470a27b196da6c25804cef2
2026-03-27 11:28:31 - getOutlet.php - Received encrypt: 388a4efa6470a27b196da6c25804cef2
2026-03-27 11:28:31 - getOutlet.php - Authentication berhasil
2026-03-27 11:28:31 - getOutlet.php - Query: SELECT id_out, nama_out, '' AS alamat_out, ofcode_out
            FROM outlet 
            WHERE status_out IN ('Active', '1', 'active')
            AND (nama_out LIKE :key OR ofcode_out LIKE :key)
            ORDER BY nama_out ASC
            LIMIT 20
2026-03-27 11:28:31 - getOutlet.php - Query berhasil, mengembalikan 1 record
2026-03-27 11:28:31 - getOutlet.php - === END REQUEST ===
2026-03-27 04:28:38 - getOutlet.php - === REQUEST GETOUTLET ===
2026-03-27 04:28:38 - getOutlet.php - Method: POST
2026-03-27 04:28:38 - getOutlet.php - POST data: {"tgl":"2026-03-27","encrypt":"388a4efa6470a27b196da6c25804cef2","id_apl":"APL01","key":"RSI PONDOK KO"}
2026-03-27 11:28:38 - getOutlet.php - Params - tgl: 2026-03-27, encrypt: 388a4efa6470a27b196da6c25804cef2, id_apl: APL01, key: RSI PONDOK KO
2026-03-27 11:28:38 - getOutlet.php - Aplikasi ditemukan: Ya
2026-03-27 11:28:38 - getOutlet.php - Key aplikasi: YbcJSFjkds...
2026-03-27 11:28:38 - getOutlet.php - Expected encrypt: 388a4efa6470a27b196da6c25804cef2
2026-03-27 11:28:38 - getOutlet.php - Received encrypt: 388a4efa6470a27b196da6c25804cef2
2026-03-27 11:28:38 - getOutlet.php - Authentication berhasil
2026-03-27 11:28:38 - getOutlet.php - Query: SELECT id_out, nama_out, '' AS alamat_out, ofcode_out
            FROM outlet 
            WHERE status_out IN ('Active', '1', 'active')
            AND (nama_out LIKE :key OR ofcode_out LIKE :key)
            ORDER BY nama_out ASC
            LIMIT 20
2026-03-27 11:28:38 - getOutlet.php - Query berhasil, mengembalikan 1 record
2026-03-27 11:28:38 - getOutlet.php - === END REQUEST ===
2026-03-27 04:28:38 - getOutlet.php - === REQUEST GETOUTLET ===
2026-03-27 04:28:38 - getOutlet.php - Method: POST
2026-03-27 04:28:38 - getOutlet.php - POST data: {"tgl":"2026-03-27","encrypt":"388a4efa6470a27b196da6c25804cef2","id_apl":"APL01","key":"RSI PONDOK"}
2026-03-27 11:28:38 - getOutlet.php - Params - tgl: 2026-03-27, encrypt: 388a4efa6470a27b196da6c25804cef2, id_apl: APL01, key: RSI PONDOK
2026-03-27 11:28:38 - getOutlet.php - Aplikasi ditemukan: Ya
2026-03-27 11:28:38 - getOutlet.php - Key aplikasi: YbcJSFjkds...
2026-03-27 11:28:38 - getOutlet.php - Expected encrypt: 388a4efa6470a27b196da6c25804cef2
2026-03-27 11:28:38 - getOutlet.php - Received encrypt: 388a4efa6470a27b196da6c25804cef2
2026-03-27 11:28:38 - getOutlet.php - Authentication berhasil
2026-03-27 11:28:38 - getOutlet.php - Query: SELECT id_out, nama_out, '' AS alamat_out, ofcode_out
            FROM outlet 
            WHERE status_out IN ('Active', '1', 'active')
            AND (nama_out LIKE :key OR ofcode_out LIKE :key)
            ORDER BY nama_out ASC
            LIMIT 20
2026-03-27 11:28:38 - getOutlet.php - Query berhasil, mengembalikan 1 record
2026-03-27 11:28:38 - getOutlet.php - === END REQUEST ===
2026-03-27 04:28:38 - getOutlet.php - === REQUEST GETOUTLET ===
2026-03-27 04:28:38 - getOutlet.php - Method: POST
2026-03-27 04:28:38 - getOutlet.php - POST data: {"tgl":"2026-03-27","encrypt":"388a4efa6470a27b196da6c25804cef2","id_apl":"APL01","key":"RSI PONDOK"}
2026-03-27 11:28:38 - getOutlet.php - Params - tgl: 2026-03-27, encrypt: 388a4efa6470a27b196da6c25804cef2, id_apl: APL01, key: RSI PONDOK
2026-03-27 11:28:38 - getOutlet.php - Aplikasi ditemukan: Ya
2026-03-27 11:28:38 - getOutlet.php - Key aplikasi: YbcJSFjkds...
2026-03-27 11:28:38 - getOutlet.php - Expected encrypt: 388a4efa6470a27b196da6c25804cef2
2026-03-27 11:28:38 - getOutlet.php - Received encrypt: 388a4efa6470a27b196da6c25804cef2
2026-03-27 11:28:38 - getOutlet.php - Authentication berhasil
2026-03-27 11:28:38 - getOutlet.php - Query: SELECT id_out, nama_out, '' AS alamat_out, ofcode_out
            FROM outlet 
            WHERE status_out IN ('Active', '1', 'active')
            AND (nama_out LIKE :key OR ofcode_out LIKE :key)
            ORDER BY nama_out ASC
            LIMIT 20
2026-03-27 11:28:38 - getOutlet.php - Query berhasil, mengembalikan 1 record
2026-03-27 11:28:38 - getOutlet.php - === END REQUEST ===
2026-03-27 04:28:38 - getOutlet.php - === REQUEST GETOUTLET ===
2026-03-27 04:28:38 - getOutlet.php - Method: POST
2026-03-27 04:28:38 - getOutlet.php - POST data: {"tgl":"2026-03-27","encrypt":"388a4efa6470a27b196da6c25804cef2","id_apl":"APL01","key":"RSI PON"}
2026-03-27 11:28:38 - getOutlet.php - Params - tgl: 2026-03-27, encrypt: 388a4efa6470a27b196da6c25804cef2, id_apl: APL01, key: RSI PON
2026-03-27 11:28:38 - getOutlet.php - Aplikasi ditemukan: Ya
2026-03-27 11:28:38 - getOutlet.php - Key aplikasi: YbcJSFjkds...
2026-03-27 11:28:38 - getOutlet.php - Expected encrypt: 388a4efa6470a27b196da6c25804cef2
2026-03-27 11:28:38 - getOutlet.php - Received encrypt: 388a4efa6470a27b196da6c25804cef2
2026-03-27 11:28:38 - getOutlet.php - Authentication berhasil
2026-03-27 11:28:38 - getOutlet.php - Query: SELECT id_out, nama_out, '' AS alamat_out, ofcode_out
            FROM outlet 
            WHERE status_out IN ('Active', '1', 'active')
            AND (nama_out LIKE :key OR ofcode_out LIKE :key)
            ORDER BY nama_out ASC
            LIMIT 20
2026-03-27 11:28:38 - getOutlet.php - Query berhasil, mengembalikan 1 record
2026-03-27 11:28:38 - getOutlet.php - === END REQUEST ===
2026-03-27 04:28:38 - getOutlet.php - === REQUEST GETOUTLET ===
2026-03-27 04:28:38 - getOutlet.php - Method: POST
2026-03-27 04:28:38 - getOutlet.php - POST data: {"tgl":"2026-03-27","encrypt":"388a4efa6470a27b196da6c25804cef2","id_apl":"APL01","key":"RSI PONDO"}
2026-03-27 11:28:38 - getOutlet.php - Params - tgl: 2026-03-27, encrypt: 388a4efa6470a27b196da6c25804cef2, id_apl: APL01, key: RSI PONDO
2026-03-27 11:28:38 - getOutlet.php - Aplikasi ditemukan: Ya
2026-03-27 11:28:38 - getOutlet.php - Key aplikasi: YbcJSFjkds...
2026-03-27 11:28:38 - getOutlet.php - Expected encrypt: 388a4efa6470a27b196da6c25804cef2
2026-03-27 11:28:38 - getOutlet.php - Received encrypt: 388a4efa6470a27b196da6c25804cef2
2026-03-27 11:28:38 - getOutlet.php - Authentication berhasil
2026-03-27 11:28:38 - getOutlet.php - Query: SELECT id_out, nama_out, '' AS alamat_out, ofcode_out
            FROM outlet 
            WHERE status_out IN ('Active', '1', 'active')
            AND (nama_out LIKE :key OR ofcode_out LIKE :key)
            ORDER BY nama_out ASC
            LIMIT 20
2026-03-27 11:28:38 - getOutlet.php - Query berhasil, mengembalikan 1 record
2026-03-27 11:28:38 - getOutlet.php - === END REQUEST ===
2026-03-27 04:28:38 - getOutlet.php - === REQUEST GETOUTLET ===
2026-03-27 04:28:38 - getOutlet.php - Method: POST
2026-03-27 04:28:38 - getOutlet.php - POST data: {"tgl":"2026-03-27","encrypt":"388a4efa6470a27b196da6c25804cef2","id_apl":"APL01","key":"RSI POND"}
2026-03-27 11:28:38 - getOutlet.php - Params - tgl: 2026-03-27, encrypt: 388a4efa6470a27b196da6c25804cef2, id_apl: APL01, key: RSI POND
2026-03-27 11:28:38 - getOutlet.php - Aplikasi ditemukan: Ya
2026-03-27 11:28:38 - getOutlet.php - Key aplikasi: YbcJSFjkds...
2026-03-27 11:28:38 - getOutlet.php - Expected encrypt: 388a4efa6470a27b196da6c25804cef2
2026-03-27 11:28:38 - getOutlet.php - Received encrypt: 388a4efa6470a27b196da6c25804cef2
2026-03-27 11:28:38 - getOutlet.php - Authentication berhasil
2026-03-27 11:28:38 - getOutlet.php - Query: SELECT id_out, nama_out, '' AS alamat_out, ofcode_out
            FROM outlet 
            WHERE status_out IN ('Active', '1', 'active')
            AND (nama_out LIKE :key OR ofcode_out LIKE :key)
            ORDER BY nama_out ASC
            LIMIT 20
2026-03-27 11:28:38 - getOutlet.php - Query berhasil, mengembalikan 1 record
2026-03-27 11:28:38 - getOutlet.php - === END REQUEST ===
2026-03-27 04:28:38 - getOutlet.php - === REQUEST GETOUTLET ===
2026-03-27 04:28:38 - getOutlet.php - Method: POST
2026-03-27 04:28:38 - getOutlet.php - POST data: {"tgl":"2026-03-27","encrypt":"388a4efa6470a27b196da6c25804cef2","id_apl":"APL01","key":"RSI PO"}
2026-03-27 11:28:38 - getOutlet.php - Params - tgl: 2026-03-27, encrypt: 388a4efa6470a27b196da6c25804cef2, id_apl: APL01, key: RSI PO
2026-03-27 11:28:38 - getOutlet.php - Aplikasi ditemukan: Ya
2026-03-27 11:28:38 - getOutlet.php - Key aplikasi: YbcJSFjkds...
2026-03-27 11:28:38 - getOutlet.php - Expected encrypt: 388a4efa6470a27b196da6c25804cef2
2026-03-27 11:28:38 - getOutlet.php - Received encrypt: 388a4efa6470a27b196da6c25804cef2
2026-03-27 11:28:38 - getOutlet.php - Authentication berhasil
2026-03-27 11:28:38 - getOutlet.php - Query: SELECT id_out, nama_out, '' AS alamat_out, ofcode_out
            FROM outlet 
            WHERE status_out IN ('Active', '1', 'active')
            AND (nama_out LIKE :key OR ofcode_out LIKE :key)
            ORDER BY nama_out ASC
            LIMIT 20
2026-03-27 11:28:38 - getOutlet.php - Query berhasil, mengembalikan 1 record
2026-03-27 11:28:38 - getOutlet.php - === END REQUEST ===
2026-03-27 04:28:38 - getOutlet.php - === REQUEST GETOUTLET ===
2026-03-27 04:28:38 - getOutlet.php - Method: POST
2026-03-27 04:28:38 - getOutlet.php - POST data: {"tgl":"2026-03-27","encrypt":"388a4efa6470a27b196da6c25804cef2","id_apl":"APL01","key":"RSI P"}
2026-03-27 11:28:38 - getOutlet.php - Params - tgl: 2026-03-27, encrypt: 388a4efa6470a27b196da6c25804cef2, id_apl: APL01, key: RSI P
2026-03-27 11:28:38 - getOutlet.php - Aplikasi ditemukan: Ya
2026-03-27 11:28:38 - getOutlet.php - Key aplikasi: YbcJSFjkds...
2026-03-27 11:28:38 - getOutlet.php - Expected encrypt: 388a4efa6470a27b196da6c25804cef2
2026-03-27 11:28:38 - getOutlet.php - Received encrypt: 388a4efa6470a27b196da6c25804cef2
2026-03-27 11:28:38 - getOutlet.php - Authentication berhasil
2026-03-27 11:28:38 - getOutlet.php - Query: SELECT id_out, nama_out, '' AS alamat_out, ofcode_out
            FROM outlet 
            WHERE status_out IN ('Active', '1', 'active')
            AND (nama_out LIKE :key OR ofcode_out LIKE :key)
            ORDER BY nama_out ASC
            LIMIT 20
2026-03-27 11:28:38 - getOutlet.php - Query berhasil, mengembalikan 1 record
2026-03-27 11:28:38 - getOutlet.php - === END REQUEST ===
2026-03-27 04:28:38 - getOutlet.php - === REQUEST GETOUTLET ===
2026-03-27 04:28:38 - getOutlet.php - Method: POST
2026-03-27 04:28:38 - getOutlet.php - POST data: {"tgl":"2026-03-27","encrypt":"388a4efa6470a27b196da6c25804cef2","id_apl":"APL01","key":"RSI"}
2026-03-27 11:28:38 - getOutlet.php - Params - tgl: 2026-03-27, encrypt: 388a4efa6470a27b196da6c25804cef2, id_apl: APL01, key: RSI
2026-03-27 11:28:38 - getOutlet.php - Aplikasi ditemukan: Ya
2026-03-27 11:28:38 - getOutlet.php - Key aplikasi: YbcJSFjkds...
2026-03-27 11:28:38 - getOutlet.php - Expected encrypt: 388a4efa6470a27b196da6c25804cef2
2026-03-27 11:28:38 - getOutlet.php - Received encrypt: 388a4efa6470a27b196da6c25804cef2
2026-03-27 11:28:38 - getOutlet.php - Authentication berhasil
2026-03-27 11:28:38 - getOutlet.php - Query: SELECT id_out, nama_out, '' AS alamat_out, ofcode_out
            FROM outlet 
            WHERE status_out IN ('Active', '1', 'active')
            AND (nama_out LIKE :key OR ofcode_out LIKE :key)
            ORDER BY nama_out ASC
            LIMIT 20
2026-03-27 11:28:38 - getOutlet.php - Query berhasil, mengembalikan 20 record
2026-03-27 11:28:38 - getOutlet.php - === END REQUEST ===
2026-03-27 04:28:38 - getOutlet.php - === REQUEST GETOUTLET ===
2026-03-27 04:28:38 - getOutlet.php - Method: POST
2026-03-27 04:28:38 - getOutlet.php - POST data: {"tgl":"2026-03-27","encrypt":"388a4efa6470a27b196da6c25804cef2","id_apl":"APL01","key":"RSI"}
2026-03-27 11:28:38 - getOutlet.php - Params - tgl: 2026-03-27, encrypt: 388a4efa6470a27b196da6c25804cef2, id_apl: APL01, key: RSI
2026-03-27 11:28:38 - getOutlet.php - Aplikasi ditemukan: Ya
2026-03-27 11:28:38 - getOutlet.php - Key aplikasi: YbcJSFjkds...
2026-03-27 11:28:38 - getOutlet.php - Expected encrypt: 388a4efa6470a27b196da6c25804cef2
2026-03-27 11:28:38 - getOutlet.php - Received encrypt: 388a4efa6470a27b196da6c25804cef2
2026-03-27 11:28:38 - getOutlet.php - Authentication berhasil
2026-03-27 11:28:38 - getOutlet.php - Query: SELECT id_out, nama_out, '' AS alamat_out, ofcode_out
            FROM outlet 
            WHERE status_out IN ('Active', '1', 'active')
            AND (nama_out LIKE :key OR ofcode_out LIKE :key)
            ORDER BY nama_out ASC
            LIMIT 20
2026-03-27 11:28:38 - getOutlet.php - Query berhasil, mengembalikan 20 record
2026-03-27 11:28:38 - getOutlet.php - === END REQUEST ===
2026-03-27 04:28:38 - getOutlet.php - === REQUEST GETOUTLET ===
2026-03-27 04:28:38 - getOutlet.php - Method: POST
2026-03-27 04:28:38 - getOutlet.php - POST data: {"tgl":"2026-03-27","encrypt":"388a4efa6470a27b196da6c25804cef2","id_apl":"APL01","key":"RS"}
2026-03-27 11:28:38 - getOutlet.php - Params - tgl: 2026-03-27, encrypt: 388a4efa6470a27b196da6c25804cef2, id_apl: APL01, key: RS
2026-03-27 11:28:38 - getOutlet.php - Aplikasi ditemukan: Ya
2026-03-27 11:28:38 - getOutlet.php - Key aplikasi: YbcJSFjkds...
2026-03-27 11:28:38 - getOutlet.php - Expected encrypt: 388a4efa6470a27b196da6c25804cef2
2026-03-27 11:28:38 - getOutlet.php - Received encrypt: 388a4efa6470a27b196da6c25804cef2
2026-03-27 11:28:38 - getOutlet.php - Authentication berhasil
2026-03-27 11:28:38 - getOutlet.php - Query: SELECT id_out, nama_out, '' AS alamat_out, ofcode_out
            FROM outlet 
            WHERE status_out IN ('Active', '1', 'active')
            AND (nama_out LIKE :key OR ofcode_out LIKE :key)
            ORDER BY nama_out ASC
            LIMIT 20
2026-03-27 11:28:38 - getOutlet.php - Query berhasil, mengembalikan 20 record
2026-03-27 11:28:38 - getOutlet.php - === END REQUEST ===
2026-03-27 04:28:39 - getOutlet.php - === REQUEST GETOUTLET ===
2026-03-27 04:28:39 - getOutlet.php - Method: POST
2026-03-27 04:28:39 - getOutlet.php - POST data: {"tgl":"2026-03-27","encrypt":"388a4efa6470a27b196da6c25804cef2","id_apl":"APL01","key":"RSI PONDOK KOP"}
2026-03-27 11:28:39 - getOutlet.php - Params - tgl: 2026-03-27, encrypt: 388a4efa6470a27b196da6c25804cef2, id_apl: APL01, key: RSI PONDOK KOP
2026-03-27 11:28:39 - getOutlet.php - Aplikasi ditemukan: Ya
2026-03-27 11:28:39 - getOutlet.php - Key aplikasi: YbcJSFjkds...
2026-03-27 11:28:39 - getOutlet.php - Expected encrypt: 388a4efa6470a27b196da6c25804cef2
2026-03-27 11:28:39 - getOutlet.php - Received encrypt: 388a4efa6470a27b196da6c25804cef2
2026-03-27 11:28:39 - getOutlet.php - Authentication berhasil
2026-03-27 11:28:39 - getOutlet.php - Query: SELECT id_out, nama_out, '' AS alamat_out, ofcode_out
            FROM outlet 
            WHERE status_out IN ('Active', '1', 'active')
            AND (nama_out LIKE :key OR ofcode_out LIKE :key)
            ORDER BY nama_out ASC
            LIMIT 20
2026-03-27 11:28:39 - getOutlet.php - Query berhasil, mengembalikan 1 record
2026-03-27 11:28:39 - getOutlet.php - === END REQUEST ===
2026-03-27 04:28:39 - getOutlet.php - === REQUEST GETOUTLET ===
2026-03-27 04:28:39 - getOutlet.php - Method: POST
2026-03-27 04:28:39 - getOutlet.php - POST data: {"tgl":"2026-03-27","encrypt":"388a4efa6470a27b196da6c25804cef2","id_apl":"APL01","key":"RSI PONDOK K"}
2026-03-27 11:28:39 - getOutlet.php - Params - tgl: 2026-03-27, encrypt: 388a4efa6470a27b196da6c25804cef2, id_apl: APL01, key: RSI PONDOK K
2026-03-27 11:28:39 - getOutlet.php - Aplikasi ditemukan: Ya
2026-03-27 11:28:39 - getOutlet.php - Key aplikasi: YbcJSFjkds...
2026-03-27 11:28:39 - getOutlet.php - Expected encrypt: 388a4efa6470a27b196da6c25804cef2
2026-03-27 11:28:39 - getOutlet.php - Received encrypt: 388a4efa6470a27b196da6c25804cef2
2026-03-27 11:28:39 - getOutlet.php - Authentication berhasil
2026-03-27 11:28:39 - getOutlet.php - Query: SELECT id_out, nama_out, '' AS alamat_out, ofcode_out
            FROM outlet 
            WHERE status_out IN ('Active', '1', 'active')
            AND (nama_out LIKE :key OR ofcode_out LIKE :key)
            ORDER BY nama_out ASC
            LIMIT 20
2026-03-27 11:28:39 - getOutlet.php - Query berhasil, mengembalikan 1 record
2026-03-27 11:28:39 - getOutlet.php - === END REQUEST ===
2026-03-27 04:28:42 - getOutlet.php - === REQUEST GETOUTLET ===
2026-03-27 04:28:42 - getOutlet.php - Method: POST
2026-03-27 04:28:42 - getOutlet.php - POST data: {"tgl":"2026-03-27","encrypt":"388a4efa6470a27b196da6c25804cef2","id_apl":"APL01","key":"ci"}
2026-03-27 11:28:42 - getOutlet.php - Params - tgl: 2026-03-27, encrypt: 388a4efa6470a27b196da6c25804cef2, id_apl: APL01, key: ci
2026-03-27 11:28:42 - getOutlet.php - Aplikasi ditemukan: Ya
2026-03-27 11:28:42 - getOutlet.php - Key aplikasi: YbcJSFjkds...
2026-03-27 11:28:42 - getOutlet.php - Expected encrypt: 388a4efa6470a27b196da6c25804cef2
2026-03-27 11:28:42 - getOutlet.php - Received encrypt: 388a4efa6470a27b196da6c25804cef2
2026-03-27 11:28:42 - getOutlet.php - Authentication berhasil
2026-03-27 11:28:42 - getOutlet.php - Query: SELECT id_out, nama_out, '' AS alamat_out, ofcode_out
            FROM outlet 
            WHERE status_out IN ('Active', '1', 'active')
            AND (nama_out LIKE :key OR ofcode_out LIKE :key)
            ORDER BY nama_out ASC
            LIMIT 20
2026-03-27 11:28:42 - getOutlet.php - Query berhasil, mengembalikan 20 record
2026-03-27 11:28:42 - getOutlet.php - === END REQUEST ===
2026-03-27 04:28:42 - getOutlet.php - === REQUEST GETOUTLET ===
2026-03-27 04:28:42 - getOutlet.php - Method: POST
2026-03-27 04:28:42 - getOutlet.php - POST data: {"tgl":"2026-03-27","encrypt":"388a4efa6470a27b196da6c25804cef2","id_apl":"APL01","key":"cik"}
2026-03-27 11:28:42 - getOutlet.php - Params - tgl: 2026-03-27, encrypt: 388a4efa6470a27b196da6c25804cef2, id_apl: APL01, key: cik
2026-03-27 11:28:42 - getOutlet.php - Aplikasi ditemukan: Ya
2026-03-27 11:28:42 - getOutlet.php - Key aplikasi: YbcJSFjkds...
2026-03-27 11:28:42 - getOutlet.php - Expected encrypt: 388a4efa6470a27b196da6c25804cef2
2026-03-27 11:28:42 - getOutlet.php - Received encrypt: 388a4efa6470a27b196da6c25804cef2
2026-03-27 11:28:42 - getOutlet.php - Authentication berhasil
2026-03-27 11:28:42 - getOutlet.php - Query: SELECT id_out, nama_out, '' AS alamat_out, ofcode_out
            FROM outlet 
            WHERE status_out IN ('Active', '1', 'active')
            AND (nama_out LIKE :key OR ofcode_out LIKE :key)
            ORDER BY nama_out ASC
            LIMIT 20
2026-03-27 11:28:42 - getOutlet.php - Query berhasil, mengembalikan 12 record
2026-03-27 11:28:42 - getOutlet.php - === END REQUEST ===
2026-03-27 04:28:42 - getOutlet.php - === REQUEST GETOUTLET ===
2026-03-27 04:28:42 - getOutlet.php - Method: POST
2026-03-27 04:28:42 - getOutlet.php - POST data: {"tgl":"2026-03-27","encrypt":"388a4efa6470a27b196da6c25804cef2","id_apl":"APL01","key":"ciko"}
2026-03-27 11:28:42 - getOutlet.php - Params - tgl: 2026-03-27, encrypt: 388a4efa6470a27b196da6c25804cef2, id_apl: APL01, key: ciko
2026-03-27 11:28:42 - getOutlet.php - Aplikasi ditemukan: Ya
2026-03-27 11:28:42 - getOutlet.php - Key aplikasi: YbcJSFjkds...
2026-03-27 11:28:42 - getOutlet.php - Expected encrypt: 388a4efa6470a27b196da6c25804cef2
2026-03-27 11:28:42 - getOutlet.php - Received encrypt: 388a4efa6470a27b196da6c25804cef2
2026-03-27 11:28:42 - getOutlet.php - Authentication berhasil
2026-03-27 11:28:42 - getOutlet.php - Query: SELECT id_out, nama_out, '' AS alamat_out, ofcode_out
            FROM outlet 
            WHERE status_out IN ('Active', '1', 'active')
            AND (nama_out LIKE :key OR ofcode_out LIKE :key)
            ORDER BY nama_out ASC
            LIMIT 20
2026-03-27 11:28:42 - getOutlet.php - Query berhasil, mengembalikan 1 record
2026-03-27 11:28:42 - getOutlet.php - === END REQUEST ===
2026-03-27 04:28:42 - getOutlet.php - === REQUEST GETOUTLET ===
2026-03-27 04:28:42 - getOutlet.php - Method: POST
2026-03-27 04:28:42 - getOutlet.php - POST data: {"tgl":"2026-03-27","encrypt":"388a4efa6470a27b196da6c25804cef2","id_apl":"APL01","key":"cikok"}
2026-03-27 11:28:42 - getOutlet.php - Params - tgl: 2026-03-27, encrypt: 388a4efa6470a27b196da6c25804cef2, id_apl: APL01, key: cikok
2026-03-27 11:28:42 - getOutlet.php - Aplikasi ditemukan: Ya
2026-03-27 11:28:42 - getOutlet.php - Key aplikasi: YbcJSFjkds...
2026-03-27 11:28:42 - getOutlet.php - Expected encrypt: 388a4efa6470a27b196da6c25804cef2
2026-03-27 11:28:42 - getOutlet.php - Received encrypt: 388a4efa6470a27b196da6c25804cef2
2026-03-27 11:28:42 - getOutlet.php - Authentication berhasil
2026-03-27 11:28:42 - getOutlet.php - Query: SELECT id_out, nama_out, '' AS alamat_out, ofcode_out
            FROM outlet 
            WHERE status_out IN ('Active', '1', 'active')
            AND (nama_out LIKE :key OR ofcode_out LIKE :key)
            ORDER BY nama_out ASC
            LIMIT 20
2026-03-27 11:28:42 - getOutlet.php - Query berhasil, mengembalikan 1 record
2026-03-27 11:28:42 - getOutlet.php - === END REQUEST ===
2026-03-27 04:28:42 - getOutlet.php - === REQUEST GETOUTLET ===
2026-03-27 04:28:42 - getOutlet.php - Method: POST
2026-03-27 04:28:42 - getOutlet.php - POST data: {"tgl":"2026-03-27","encrypt":"388a4efa6470a27b196da6c25804cef2","id_apl":"APL01","key":"cikoko"}
2026-03-27 11:28:42 - getOutlet.php - Params - tgl: 2026-03-27, encrypt: 388a4efa6470a27b196da6c25804cef2, id_apl: APL01, key: cikoko
2026-03-27 11:28:42 - getOutlet.php - Aplikasi ditemukan: Ya
2026-03-27 11:28:42 - getOutlet.php - Key aplikasi: YbcJSFjkds...
2026-03-27 11:28:42 - getOutlet.php - Expected encrypt: 388a4efa6470a27b196da6c25804cef2
2026-03-27 11:28:42 - getOutlet.php - Received encrypt: 388a4efa6470a27b196da6c25804cef2
2026-03-27 11:28:42 - getOutlet.php - Authentication berhasil
2026-03-27 11:28:42 - getOutlet.php - Query: SELECT id_out, nama_out, '' AS alamat_out, ofcode_out
            FROM outlet 
            WHERE status_out IN ('Active', '1', 'active')
            AND (nama_out LIKE :key OR ofcode_out LIKE :key)
            ORDER BY nama_out ASC
            LIMIT 20
2026-03-27 11:28:42 - getOutlet.php - Query berhasil, mengembalikan 1 record
2026-03-27 11:28:42 - getOutlet.php - === END REQUEST ===
2026-03-27 04:28:47 - getOutlet.php - === REQUEST GETOUTLET ===
2026-03-27 04:28:47 - getOutlet.php - Method: POST
2026-03-27 04:28:47 - getOutlet.php - POST data: {"tgl":"2026-03-27","encrypt":"388a4efa6470a27b196da6c25804cef2","id_apl":"APL01","key":"APOTEK SEHATI CIKOK"}
2026-03-27 11:28:47 - getOutlet.php - Params - tgl: 2026-03-27, encrypt: 388a4efa6470a27b196da6c25804cef2, id_apl: APL01, key: APOTEK SEHATI CIKOK
2026-03-27 11:28:47 - getOutlet.php - Aplikasi ditemukan: Ya
2026-03-27 11:28:47 - getOutlet.php - Key aplikasi: YbcJSFjkds...
2026-03-27 11:28:47 - getOutlet.php - Expected encrypt: 388a4efa6470a27b196da6c25804cef2
2026-03-27 11:28:47 - getOutlet.php - Received encrypt: 388a4efa6470a27b196da6c25804cef2
2026-03-27 11:28:47 - getOutlet.php - Authentication berhasil
2026-03-27 11:28:47 - getOutlet.php - Query: SELECT id_out, nama_out, '' AS alamat_out, ofcode_out
            FROM outlet 
            WHERE status_out IN ('Active', '1', 'active')
            AND (nama_out LIKE :key OR ofcode_out LIKE :key)
            ORDER BY nama_out ASC
            LIMIT 20
2026-03-27 11:28:47 - getOutlet.php - Query berhasil, mengembalikan 1 record
2026-03-27 11:28:47 - getOutlet.php - === END REQUEST ===
2026-03-27 04:28:47 - getOutlet.php - === REQUEST GETOUTLET ===
2026-03-27 04:28:47 - getOutlet.php - Method: POST
2026-03-27 04:28:47 - getOutlet.php - POST data: {"tgl":"2026-03-27","encrypt":"388a4efa6470a27b196da6c25804cef2","id_apl":"APL01","key":"APOTEK SEHATI CIKO"}
2026-03-27 11:28:47 - getOutlet.php - Params - tgl: 2026-03-27, encrypt: 388a4efa6470a27b196da6c25804cef2, id_apl: APL01, key: APOTEK SEHATI CIKO
2026-03-27 11:28:47 - getOutlet.php - Aplikasi ditemukan: Ya
2026-03-27 11:28:47 - getOutlet.php - Key aplikasi: YbcJSFjkds...
2026-03-27 11:28:47 - getOutlet.php - Expected encrypt: 388a4efa6470a27b196da6c25804cef2
2026-03-27 11:28:47 - getOutlet.php - Received encrypt: 388a4efa6470a27b196da6c25804cef2
2026-03-27 11:28:47 - getOutlet.php - Authentication berhasil
2026-03-27 11:28:47 - getOutlet.php - Query: SELECT id_out, nama_out, '' AS alamat_out, ofcode_out
            FROM outlet 
            WHERE status_out IN ('Active', '1', 'active')
            AND (nama_out LIKE :key OR ofcode_out LIKE :key)
            ORDER BY nama_out ASC
            LIMIT 20
2026-03-27 11:28:47 - getOutlet.php - Query berhasil, mengembalikan 1 record
2026-03-27 11:28:47 - getOutlet.php - === END REQUEST ===
2026-03-27 04:28:47 - getOutlet.php - === REQUEST GETOUTLET ===
2026-03-27 04:28:47 - getOutlet.php - Method: POST
2026-03-27 04:28:47 - getOutlet.php - POST data: {"tgl":"2026-03-27","encrypt":"388a4efa6470a27b196da6c25804cef2","id_apl":"APL01","key":"APOTEK SEHATI CIK"}
2026-03-27 11:28:47 - getOutlet.php - Params - tgl: 2026-03-27, encrypt: 388a4efa6470a27b196da6c25804cef2, id_apl: APL01, key: APOTEK SEHATI CIK
2026-03-27 11:28:47 - getOutlet.php - Aplikasi ditemukan: Ya
2026-03-27 11:28:47 - getOutlet.php - Key aplikasi: YbcJSFjkds...
2026-03-27 11:28:47 - getOutlet.php - Expected encrypt: 388a4efa6470a27b196da6c25804cef2
2026-03-27 11:28:47 - getOutlet.php - Received encrypt: 388a4efa6470a27b196da6c25804cef2
2026-03-27 11:28:47 - getOutlet.php - Authentication berhasil
2026-03-27 11:28:47 - getOutlet.php - Query: SELECT id_out, nama_out, '' AS alamat_out, ofcode_out
            FROM outlet 
            WHERE status_out IN ('Active', '1', 'active')
            AND (nama_out LIKE :key OR ofcode_out LIKE :key)
            ORDER BY nama_out ASC
            LIMIT 20
2026-03-27 11:28:47 - getOutlet.php - Query berhasil, mengembalikan 1 record
2026-03-27 11:28:47 - getOutlet.php - === END REQUEST ===
2026-03-27 04:28:47 - getOutlet.php - === REQUEST GETOUTLET ===
2026-03-27 04:28:47 - getOutlet.php - Method: POST
2026-03-27 04:28:47 - getOutlet.php - POST data: {"tgl":"2026-03-27","encrypt":"388a4efa6470a27b196da6c25804cef2","id_apl":"APL01","key":"APOTEK SEHATI CI"}
2026-03-27 11:28:47 - getOutlet.php - Params - tgl: 2026-03-27, encrypt: 388a4efa6470a27b196da6c25804cef2, id_apl: APL01, key: APOTEK SEHATI CI
2026-03-27 11:28:47 - getOutlet.php - Aplikasi ditemukan: Ya
2026-03-27 11:28:47 - getOutlet.php - Key aplikasi: YbcJSFjkds...
2026-03-27 11:28:47 - getOutlet.php - Expected encrypt: 388a4efa6470a27b196da6c25804cef2
2026-03-27 11:28:47 - getOutlet.php - Received encrypt: 388a4efa6470a27b196da6c25804cef2
2026-03-27 11:28:47 - getOutlet.php - Authentication berhasil
2026-03-27 11:28:47 - getOutlet.php - Query: SELECT id_out, nama_out, '' AS alamat_out, ofcode_out
            FROM outlet 
            WHERE status_out IN ('Active', '1', 'active')
            AND (nama_out LIKE :key OR ofcode_out LIKE :key)
            ORDER BY nama_out ASC
            LIMIT 20
2026-03-27 11:28:47 - getOutlet.php - Query berhasil, mengembalikan 1 record
2026-03-27 11:28:47 - getOutlet.php - === END REQUEST ===
2026-03-27 04:28:47 - getOutlet.php - === REQUEST GETOUTLET ===
2026-03-27 04:28:47 - getOutlet.php - Method: POST
2026-03-27 04:28:47 - getOutlet.php - POST data: {"tgl":"2026-03-27","encrypt":"388a4efa6470a27b196da6c25804cef2","id_apl":"APL01","key":"APOTEK SEHATI C"}
2026-03-27 11:28:47 - getOutlet.php - Params - tgl: 2026-03-27, encrypt: 388a4efa6470a27b196da6c25804cef2, id_apl: APL01, key: APOTEK SEHATI C
2026-03-27 11:28:47 - getOutlet.php - Aplikasi ditemukan: Ya
2026-03-27 11:28:47 - getOutlet.php - Key aplikasi: YbcJSFjkds...
2026-03-27 11:28:47 - getOutlet.php - Expected encrypt: 388a4efa6470a27b196da6c25804cef2
2026-03-27 11:28:47 - getOutlet.php - Received encrypt: 388a4efa6470a27b196da6c25804cef2
2026-03-27 11:28:47 - getOutlet.php - Authentication berhasil
2026-03-27 11:28:47 - getOutlet.php - Query: SELECT id_out, nama_out, '' AS alamat_out, ofcode_out
            FROM outlet 
            WHERE status_out IN ('Active', '1', 'active')
            AND (nama_out LIKE :key OR ofcode_out LIKE :key)
            ORDER BY nama_out ASC
            LIMIT 20
2026-03-27 11:28:47 - getOutlet.php - Query berhasil, mengembalikan 1 record
2026-03-27 11:28:47 - getOutlet.php - === END REQUEST ===
2026-03-27 04:28:47 - getOutlet.php - === REQUEST GETOUTLET ===
2026-03-27 04:28:47 - getOutlet.php - Method: POST
2026-03-27 04:28:47 - getOutlet.php - POST data: {"tgl":"2026-03-27","encrypt":"388a4efa6470a27b196da6c25804cef2","id_apl":"APL01","key":"APOTEK SEHATI"}
2026-03-27 11:28:47 - getOutlet.php - Params - tgl: 2026-03-27, encrypt: 388a4efa6470a27b196da6c25804cef2, id_apl: APL01, key: APOTEK SEHATI
2026-03-27 11:28:47 - getOutlet.php - Aplikasi ditemukan: Ya
2026-03-27 11:28:47 - getOutlet.php - Key aplikasi: YbcJSFjkds...
2026-03-27 11:28:47 - getOutlet.php - Expected encrypt: 388a4efa6470a27b196da6c25804cef2
2026-03-27 11:28:47 - getOutlet.php - Received encrypt: 388a4efa6470a27b196da6c25804cef2
2026-03-27 11:28:47 - getOutlet.php - Authentication berhasil
2026-03-27 11:28:47 - getOutlet.php - Query: SELECT id_out, nama_out, '' AS alamat_out, ofcode_out
            FROM outlet 
            WHERE status_out IN ('Active', '1', 'active')
            AND (nama_out LIKE :key OR ofcode_out LIKE :key)
            ORDER BY nama_out ASC
            LIMIT 20
2026-03-27 11:28:47 - getOutlet.php - Query berhasil, mengembalikan 1 record
2026-03-27 11:28:47 - getOutlet.php - === END REQUEST ===
2026-03-27 04:28:47 - getOutlet.php - === REQUEST GETOUTLET ===
2026-03-27 04:28:47 - getOutlet.php - Method: POST
2026-03-27 04:28:47 - getOutlet.php - POST data: {"tgl":"2026-03-27","encrypt":"388a4efa6470a27b196da6c25804cef2","id_apl":"APL01","key":"APOTEK SEHATI"}
2026-03-27 11:28:47 - getOutlet.php - Params - tgl: 2026-03-27, encrypt: 388a4efa6470a27b196da6c25804cef2, id_apl: APL01, key: APOTEK SEHATI
2026-03-27 11:28:47 - getOutlet.php - Aplikasi ditemukan: Ya
2026-03-27 11:28:47 - getOutlet.php - Key aplikasi: YbcJSFjkds...
2026-03-27 11:28:47 - getOutlet.php - Expected encrypt: 388a4efa6470a27b196da6c25804cef2
2026-03-27 11:28:47 - getOutlet.php - Received encrypt: 388a4efa6470a27b196da6c25804cef2
2026-03-27 11:28:47 - getOutlet.php - Authentication berhasil
2026-03-27 11:28:47 - getOutlet.php - Query: SELECT id_out, nama_out, '' AS alamat_out, ofcode_out
            FROM outlet 
            WHERE status_out IN ('Active', '1', 'active')
            AND (nama_out LIKE :key OR ofcode_out LIKE :key)
            ORDER BY nama_out ASC
            LIMIT 20
2026-03-27 11:28:47 - getOutlet.php - Query berhasil, mengembalikan 1 record
2026-03-27 11:28:47 - getOutlet.php - === END REQUEST ===
2026-03-27 04:28:47 - getOutlet.php - === REQUEST GETOUTLET ===
2026-03-27 04:28:47 - getOutlet.php - Method: POST
2026-03-27 04:28:47 - getOutlet.php - POST data: {"tgl":"2026-03-27","encrypt":"388a4efa6470a27b196da6c25804cef2","id_apl":"APL01","key":"APOTEK SEHAT"}
2026-03-27 11:28:47 - getOutlet.php - Params - tgl: 2026-03-27, encrypt: 388a4efa6470a27b196da6c25804cef2, id_apl: APL01, key: APOTEK SEHAT
2026-03-27 11:28:47 - getOutlet.php - Aplikasi ditemukan: Ya
2026-03-27 11:28:47 - getOutlet.php - Key aplikasi: YbcJSFjkds...
2026-03-27 11:28:47 - getOutlet.php - Expected encrypt: 388a4efa6470a27b196da6c25804cef2
2026-03-27 11:28:47 - getOutlet.php - Received encrypt: 388a4efa6470a27b196da6c25804cef2
2026-03-27 11:28:47 - getOutlet.php - Authentication berhasil
2026-03-27 11:28:47 - getOutlet.php - Query: SELECT id_out, nama_out, '' AS alamat_out, ofcode_out
            FROM outlet 
            WHERE status_out IN ('Active', '1', 'active')
            AND (nama_out LIKE :key OR ofcode_out LIKE :key)
            ORDER BY nama_out ASC
            LIMIT 20
2026-03-27 11:28:47 - getOutlet.php - Query berhasil, mengembalikan 3 record
2026-03-27 11:28:47 - getOutlet.php - === END REQUEST ===
2026-03-27 04:28:47 - getOutlet.php - === REQUEST GETOUTLET ===
2026-03-27 04:28:47 - getOutlet.php - Method: POST
2026-03-27 04:28:47 - getOutlet.php - POST data: {"tgl":"2026-03-27","encrypt":"388a4efa6470a27b196da6c25804cef2","id_apl":"APL01","key":"APOTEK SEHA"}
2026-03-27 11:28:47 - getOutlet.php - Params - tgl: 2026-03-27, encrypt: 388a4efa6470a27b196da6c25804cef2, id_apl: APL01, key: APOTEK SEHA
2026-03-27 11:28:47 - getOutlet.php - Aplikasi ditemukan: Ya
2026-03-27 11:28:47 - getOutlet.php - Key aplikasi: YbcJSFjkds...
2026-03-27 11:28:47 - getOutlet.php - Expected encrypt: 388a4efa6470a27b196da6c25804cef2
2026-03-27 11:28:47 - getOutlet.php - Received encrypt: 388a4efa6470a27b196da6c25804cef2
2026-03-27 11:28:47 - getOutlet.php - Authentication berhasil
2026-03-27 11:28:47 - getOutlet.php - Query: SELECT id_out, nama_out, '' AS alamat_out, ofcode_out
            FROM outlet 
            WHERE status_out IN ('Active', '1', 'active')
            AND (nama_out LIKE :key OR ofcode_out LIKE :key)
            ORDER BY nama_out ASC
            LIMIT 20
2026-03-27 11:28:47 - getOutlet.php - Query berhasil, mengembalikan 3 record
2026-03-27 11:28:47 - getOutlet.php - === END REQUEST ===
2026-03-27 04:28:48 - getOutlet.php - === REQUEST GETOUTLET ===
2026-03-27 04:28:48 - getOutlet.php - Method: POST
2026-03-27 04:28:48 - getOutlet.php - POST data: {"tgl":"2026-03-27","encrypt":"388a4efa6470a27b196da6c25804cef2","id_apl":"APL01","key":"APOTEK SEH"}
2026-03-27 11:28:48 - getOutlet.php - Params - tgl: 2026-03-27, encrypt: 388a4efa6470a27b196da6c25804cef2, id_apl: APL01, key: APOTEK SEH
2026-03-27 11:28:48 - getOutlet.php - Aplikasi ditemukan: Ya
2026-03-27 11:28:48 - getOutlet.php - Key aplikasi: YbcJSFjkds...
2026-03-27 11:28:48 - getOutlet.php - Expected encrypt: 388a4efa6470a27b196da6c25804cef2
2026-03-27 11:28:48 - getOutlet.php - Received encrypt: 388a4efa6470a27b196da6c25804cef2
2026-03-27 11:28:48 - getOutlet.php - Authentication berhasil
2026-03-27 11:28:48 - getOutlet.php - Query: SELECT id_out, nama_out, '' AS alamat_out, ofcode_out
            FROM outlet 
            WHERE status_out IN ('Active', '1', 'active')
            AND (nama_out LIKE :key OR ofcode_out LIKE :key)
            ORDER BY nama_out ASC
            LIMIT 20
2026-03-27 11:28:48 - getOutlet.php - Query berhasil, mengembalikan 3 record
2026-03-27 11:28:48 - getOutlet.php - === END REQUEST ===
2026-03-27 04:28:48 - getOutlet.php - === REQUEST GETOUTLET ===
2026-03-27 04:28:48 - getOutlet.php - Method: POST
2026-03-27 04:28:48 - getOutlet.php - POST data: {"tgl":"2026-03-27","encrypt":"388a4efa6470a27b196da6c25804cef2","id_apl":"APL01","key":"APOTEK SE"}
2026-03-27 11:28:48 - getOutlet.php - Params - tgl: 2026-03-27, encrypt: 388a4efa6470a27b196da6c25804cef2, id_apl: APL01, key: APOTEK SE
2026-03-27 11:28:48 - getOutlet.php - Aplikasi ditemukan: Ya
2026-03-27 11:28:48 - getOutlet.php - Key aplikasi: YbcJSFjkds...
2026-03-27 11:28:48 - getOutlet.php - Expected encrypt: 388a4efa6470a27b196da6c25804cef2
2026-03-27 11:28:48 - getOutlet.php - Received encrypt: 388a4efa6470a27b196da6c25804cef2
2026-03-27 11:28:48 - getOutlet.php - Authentication berhasil
2026-03-27 11:28:48 - getOutlet.php - Query: SELECT id_out, nama_out, '' AS alamat_out, ofcode_out
            FROM outlet 
            WHERE status_out IN ('Active', '1', 'active')
            AND (nama_out LIKE :key OR ofcode_out LIKE :key)
            ORDER BY nama_out ASC
            LIMIT 20
2026-03-27 11:28:48 - getOutlet.php - Query berhasil, mengembalikan 6 record
2026-03-27 11:28:48 - getOutlet.php - === END REQUEST ===
2026-03-27 04:28:48 - getOutlet.php - === REQUEST GETOUTLET ===
2026-03-27 04:28:48 - getOutlet.php - Method: POST
2026-03-27 04:28:48 - getOutlet.php - POST data: {"tgl":"2026-03-27","encrypt":"388a4efa6470a27b196da6c25804cef2","id_apl":"APL01","key":"APOTEK S"}
2026-03-27 11:28:48 - getOutlet.php - Params - tgl: 2026-03-27, encrypt: 388a4efa6470a27b196da6c25804cef2, id_apl: APL01, key: APOTEK S
2026-03-27 11:28:48 - getOutlet.php - Aplikasi ditemukan: Ya
2026-03-27 11:28:48 - getOutlet.php - Key aplikasi: YbcJSFjkds...
2026-03-27 11:28:48 - getOutlet.php - Expected encrypt: 388a4efa6470a27b196da6c25804cef2
2026-03-27 11:28:48 - getOutlet.php - Received encrypt: 388a4efa6470a27b196da6c25804cef2
2026-03-27 11:28:48 - getOutlet.php - Authentication berhasil
2026-03-27 11:28:48 - getOutlet.php - Query: SELECT id_out, nama_out, '' AS alamat_out, ofcode_out
            FROM outlet 
            WHERE status_out IN ('Active', '1', 'active')
            AND (nama_out LIKE :key OR ofcode_out LIKE :key)
            ORDER BY nama_out ASC
            LIMIT 20
2026-03-27 11:28:48 - getOutlet.php - Query berhasil, mengembalikan 14 record
2026-03-27 11:28:48 - getOutlet.php - === END REQUEST ===
2026-03-27 04:28:48 - getOutlet.php - === REQUEST GETOUTLET ===
2026-03-27 04:28:48 - getOutlet.php - Method: POST
2026-03-27 04:28:48 - getOutlet.php - POST data: {"tgl":"2026-03-27","encrypt":"388a4efa6470a27b196da6c25804cef2","id_apl":"APL01","key":"APOTEK"}
2026-03-27 11:28:48 - getOutlet.php - Params - tgl: 2026-03-27, encrypt: 388a4efa6470a27b196da6c25804cef2, id_apl: APL01, key: APOTEK
2026-03-27 11:28:48 - getOutlet.php - Aplikasi ditemukan: Ya
2026-03-27 11:28:48 - getOutlet.php - Key aplikasi: YbcJSFjkds...
2026-03-27 11:28:48 - getOutlet.php - Expected encrypt: 388a4efa6470a27b196da6c25804cef2
2026-03-27 11:28:48 - getOutlet.php - Received encrypt: 388a4efa6470a27b196da6c25804cef2
2026-03-27 11:28:48 - getOutlet.php - Authentication berhasil
2026-03-27 11:28:48 - getOutlet.php - Query: SELECT id_out, nama_out, '' AS alamat_out, ofcode_out
            FROM outlet 
            WHERE status_out IN ('Active', '1', 'active')
            AND (nama_out LIKE :key OR ofcode_out LIKE :key)
            ORDER BY nama_out ASC
            LIMIT 20
2026-03-27 11:28:48 - getOutlet.php - Query berhasil, mengembalikan 20 record
2026-03-27 11:28:48 - getOutlet.php - === END REQUEST ===
2026-03-27 04:28:48 - getOutlet.php - === REQUEST GETOUTLET ===
2026-03-27 04:28:48 - getOutlet.php - Method: POST
2026-03-27 04:28:48 - getOutlet.php - POST data: {"tgl":"2026-03-27","encrypt":"388a4efa6470a27b196da6c25804cef2","id_apl":"APL01","key":"APOTEK"}
2026-03-27 11:28:48 - getOutlet.php - Params - tgl: 2026-03-27, encrypt: 388a4efa6470a27b196da6c25804cef2, id_apl: APL01, key: APOTEK
2026-03-27 11:28:48 - getOutlet.php - Aplikasi ditemukan: Ya
2026-03-27 11:28:48 - getOutlet.php - Key aplikasi: YbcJSFjkds...
2026-03-27 11:28:48 - getOutlet.php - Expected encrypt: 388a4efa6470a27b196da6c25804cef2
2026-03-27 11:28:48 - getOutlet.php - Received encrypt: 388a4efa6470a27b196da6c25804cef2
2026-03-27 11:28:48 - getOutlet.php - Authentication berhasil
2026-03-27 11:28:48 - getOutlet.php - Query: SELECT id_out, nama_out, '' AS alamat_out, ofcode_out
            FROM outlet 
            WHERE status_out IN ('Active', '1', 'active')
            AND (nama_out LIKE :key OR ofcode_out LIKE :key)
            ORDER BY nama_out ASC
            LIMIT 20
2026-03-27 11:28:48 - getOutlet.php - Query berhasil, mengembalikan 20 record
2026-03-27 11:28:48 - getOutlet.php - === END REQUEST ===
2026-03-27 04:28:48 - getOutlet.php - === REQUEST GETOUTLET ===
2026-03-27 04:28:48 - getOutlet.php - Method: POST
2026-03-27 04:28:48 - getOutlet.php - POST data: {"tgl":"2026-03-27","encrypt":"388a4efa6470a27b196da6c25804cef2","id_apl":"APL01","key":"APOTE"}
2026-03-27 11:28:48 - getOutlet.php - Params - tgl: 2026-03-27, encrypt: 388a4efa6470a27b196da6c25804cef2, id_apl: APL01, key: APOTE
2026-03-27 11:28:48 - getOutlet.php - Aplikasi ditemukan: Ya
2026-03-27 11:28:48 - getOutlet.php - Key aplikasi: YbcJSFjkds...
2026-03-27 11:28:48 - getOutlet.php - Expected encrypt: 388a4efa6470a27b196da6c25804cef2
2026-03-27 11:28:48 - getOutlet.php - Received encrypt: 388a4efa6470a27b196da6c25804cef2
2026-03-27 11:28:48 - getOutlet.php - Authentication berhasil
2026-03-27 11:28:48 - getOutlet.php - Query: SELECT id_out, nama_out, '' AS alamat_out, ofcode_out
            FROM outlet 
            WHERE status_out IN ('Active', '1', 'active')
            AND (nama_out LIKE :key OR ofcode_out LIKE :key)
            ORDER BY nama_out ASC
            LIMIT 20
2026-03-27 11:28:48 - getOutlet.php - Query berhasil, mengembalikan 20 record
2026-03-27 11:28:48 - getOutlet.php - === END REQUEST ===
2026-03-27 04:28:48 - getOutlet.php - === REQUEST GETOUTLET ===
2026-03-27 04:28:48 - getOutlet.php - Method: POST
2026-03-27 04:28:48 - getOutlet.php - POST data: {"tgl":"2026-03-27","encrypt":"388a4efa6470a27b196da6c25804cef2","id_apl":"APL01","key":"APOT"}
2026-03-27 11:28:48 - getOutlet.php - Params - tgl: 2026-03-27, encrypt: 388a4efa6470a27b196da6c25804cef2, id_apl: APL01, key: APOT
2026-03-27 11:28:48 - getOutlet.php - Aplikasi ditemukan: Ya
2026-03-27 11:28:48 - getOutlet.php - Key aplikasi: YbcJSFjkds...
2026-03-27 11:28:48 - getOutlet.php - Expected encrypt: 388a4efa6470a27b196da6c25804cef2
2026-03-27 11:28:48 - getOutlet.php - Received encrypt: 388a4efa6470a27b196da6c25804cef2
2026-03-27 11:28:48 - getOutlet.php - Authentication berhasil
2026-03-27 11:28:48 - getOutlet.php - Query: SELECT id_out, nama_out, '' AS alamat_out, ofcode_out
            FROM outlet 
            WHERE status_out IN ('Active', '1', 'active')
            AND (nama_out LIKE :key OR ofcode_out LIKE :key)
            ORDER BY nama_out ASC
            LIMIT 20
2026-03-27 11:28:48 - getOutlet.php - Query berhasil, mengembalikan 20 record
2026-03-27 11:28:48 - getOutlet.php - === END REQUEST ===
2026-03-27 04:28:48 - getOutlet.php - === REQUEST GETOUTLET ===
2026-03-27 04:28:48 - getOutlet.php - Method: POST
2026-03-27 04:28:48 - getOutlet.php - POST data: {"tgl":"2026-03-27","encrypt":"388a4efa6470a27b196da6c25804cef2","id_apl":"APL01","key":"APO"}
2026-03-27 11:28:48 - getOutlet.php - Params - tgl: 2026-03-27, encrypt: 388a4efa6470a27b196da6c25804cef2, id_apl: APL01, key: APO
2026-03-27 11:28:48 - getOutlet.php - Aplikasi ditemukan: Ya
2026-03-27 11:28:48 - getOutlet.php - Key aplikasi: YbcJSFjkds...
2026-03-27 11:28:48 - getOutlet.php - Expected encrypt: 388a4efa6470a27b196da6c25804cef2
2026-03-27 11:28:48 - getOutlet.php - Received encrypt: 388a4efa6470a27b196da6c25804cef2
2026-03-27 11:28:48 - getOutlet.php - Authentication berhasil
2026-03-27 11:28:48 - getOutlet.php - Query: SELECT id_out, nama_out, '' AS alamat_out, ofcode_out
            FROM outlet 
            WHERE status_out IN ('Active', '1', 'active')
            AND (nama_out LIKE :key OR ofcode_out LIKE :key)
            ORDER BY nama_out ASC
            LIMIT 20
2026-03-27 11:28:48 - getOutlet.php - Query berhasil, mengembalikan 20 record
2026-03-27 11:28:48 - getOutlet.php - === END REQUEST ===
2026-03-27 04:28:48 - getOutlet.php - === REQUEST GETOUTLET ===
2026-03-27 04:28:48 - getOutlet.php - Method: POST
2026-03-27 04:28:48 - getOutlet.php - POST data: {"tgl":"2026-03-27","encrypt":"388a4efa6470a27b196da6c25804cef2","id_apl":"APL01","key":"AP"}
2026-03-27 11:28:48 - getOutlet.php - Params - tgl: 2026-03-27, encrypt: 388a4efa6470a27b196da6c25804cef2, id_apl: APL01, key: AP
2026-03-27 11:28:48 - getOutlet.php - Aplikasi ditemukan: Ya
2026-03-27 11:28:48 - getOutlet.php - Key aplikasi: YbcJSFjkds...
2026-03-27 11:28:48 - getOutlet.php - Expected encrypt: 388a4efa6470a27b196da6c25804cef2
2026-03-27 11:28:48 - getOutlet.php - Received encrypt: 388a4efa6470a27b196da6c25804cef2
2026-03-27 11:28:48 - getOutlet.php - Authentication berhasil
2026-03-27 11:28:48 - getOutlet.php - Query: SELECT id_out, nama_out, '' AS alamat_out, ofcode_out
            FROM outlet 
            WHERE status_out IN ('Active', '1', 'active')
            AND (nama_out LIKE :key OR ofcode_out LIKE :key)
            ORDER BY nama_out ASC
            LIMIT 20
2026-03-27 11:28:48 - getOutlet.php - Query berhasil, mengembalikan 20 record
2026-03-27 11:28:48 - getOutlet.php - === END REQUEST ===
2026-03-27 04:28:49 - getOutlet.php - === REQUEST GETOUTLET ===
2026-03-27 04:28:49 - getOutlet.php - Method: POST
2026-03-27 04:28:49 - getOutlet.php - POST data: {"tgl":"2026-03-27","encrypt":"388a4efa6470a27b196da6c25804cef2","id_apl":"APL01","key":"ma"}
2026-03-27 11:28:49 - getOutlet.php - Params - tgl: 2026-03-27, encrypt: 388a4efa6470a27b196da6c25804cef2, id_apl: APL01, key: ma
2026-03-27 11:28:49 - getOutlet.php - Aplikasi ditemukan: Ya
2026-03-27 11:28:49 - getOutlet.php - Key aplikasi: YbcJSFjkds...
2026-03-27 11:28:49 - getOutlet.php - Expected encrypt: 388a4efa6470a27b196da6c25804cef2
2026-03-27 11:28:49 - getOutlet.php - Received encrypt: 388a4efa6470a27b196da6c25804cef2
2026-03-27 11:28:49 - getOutlet.php - Authentication berhasil
2026-03-27 11:28:49 - getOutlet.php - Query: SELECT id_out, nama_out, '' AS alamat_out, ofcode_out
            FROM outlet 
            WHERE status_out IN ('Active', '1', 'active')
            AND (nama_out LIKE :key OR ofcode_out LIKE :key)
            ORDER BY nama_out ASC
            LIMIT 20
2026-03-27 11:28:49 - getOutlet.php - Query berhasil, mengembalikan 20 record
2026-03-27 11:28:49 - getOutlet.php - === END REQUEST ===
2026-03-27 04:28:49 - getOutlet.php - === REQUEST GETOUTLET ===
2026-03-27 04:28:49 - getOutlet.php - Method: POST
2026-03-27 04:28:49 - getOutlet.php - POST data: {"tgl":"2026-03-27","encrypt":"388a4efa6470a27b196da6c25804cef2","id_apl":"APL01","key":"mas"}
2026-03-27 11:28:49 - getOutlet.php - Params - tgl: 2026-03-27, encrypt: 388a4efa6470a27b196da6c25804cef2, id_apl: APL01, key: mas
2026-03-27 11:28:49 - getOutlet.php - Aplikasi ditemukan: Ya
2026-03-27 11:28:49 - getOutlet.php - Key aplikasi: YbcJSFjkds...
2026-03-27 11:28:49 - getOutlet.php - Expected encrypt: 388a4efa6470a27b196da6c25804cef2
2026-03-27 11:28:49 - getOutlet.php - Received encrypt: 388a4efa6470a27b196da6c25804cef2
2026-03-27 11:28:49 - getOutlet.php - Authentication berhasil
2026-03-27 11:28:49 - getOutlet.php - Query: SELECT id_out, nama_out, '' AS alamat_out, ofcode_out
            FROM outlet 
            WHERE status_out IN ('Active', '1', 'active')
            AND (nama_out LIKE :key OR ofcode_out LIKE :key)
            ORDER BY nama_out ASC
            LIMIT 20
2026-03-27 11:28:49 - getOutlet.php - Query berhasil, mengembalikan 20 record
2026-03-27 11:28:49 - getOutlet.php - === END REQUEST ===
2026-03-27 04:28:49 - getOutlet.php - === REQUEST GETOUTLET ===
2026-03-27 04:28:49 - getOutlet.php - Method: POST
2026-03-27 04:28:49 - getOutlet.php - POST data: {"tgl":"2026-03-27","encrypt":"388a4efa6470a27b196da6c25804cef2","id_apl":"APL01","key":"masi"}
2026-03-27 11:28:49 - getOutlet.php - Params - tgl: 2026-03-27, encrypt: 388a4efa6470a27b196da6c25804cef2, id_apl: APL01, key: masi
2026-03-27 11:28:49 - getOutlet.php - Aplikasi ditemukan: Ya
2026-03-27 11:28:49 - getOutlet.php - Key aplikasi: YbcJSFjkds...
2026-03-27 11:28:49 - getOutlet.php - Expected encrypt: 388a4efa6470a27b196da6c25804cef2
2026-03-27 11:28:49 - getOutlet.php - Received encrypt: 388a4efa6470a27b196da6c25804cef2
2026-03-27 11:28:49 - getOutlet.php - Authentication berhasil
2026-03-27 11:28:49 - getOutlet.php - Query: SELECT id_out, nama_out, '' AS alamat_out, ofcode_out
            FROM outlet 
            WHERE status_out IN ('Active', '1', 'active')
            AND (nama_out LIKE :key OR ofcode_out LIKE :key)
            ORDER BY nama_out ASC
            LIMIT 20
2026-03-27 11:28:49 - getOutlet.php - Query berhasil, mengembalikan 3 record
2026-03-27 11:28:49 - getOutlet.php - === END REQUEST ===
2026-03-27 04:28:50 - getOutlet.php - === REQUEST GETOUTLET ===
2026-03-27 04:28:50 - getOutlet.php - Method: POST
2026-03-27 04:28:50 - getOutlet.php - POST data: {"tgl":"2026-03-27","encrypt":"388a4efa6470a27b196da6c25804cef2","id_apl":"APL01","key":"masiv"}
2026-03-27 11:28:50 - getOutlet.php - Params - tgl: 2026-03-27, encrypt: 388a4efa6470a27b196da6c25804cef2, id_apl: APL01, key: masiv
2026-03-27 11:28:50 - getOutlet.php - Aplikasi ditemukan: Ya
2026-03-27 11:28:50 - getOutlet.php - Key aplikasi: YbcJSFjkds...
2026-03-27 11:28:50 - getOutlet.php - Expected encrypt: 388a4efa6470a27b196da6c25804cef2
2026-03-27 11:28:50 - getOutlet.php - Received encrypt: 388a4efa6470a27b196da6c25804cef2
2026-03-27 11:28:50 - getOutlet.php - Authentication berhasil
2026-03-27 11:28:50 - getOutlet.php - Query: SELECT id_out, nama_out, '' AS alamat_out, ofcode_out
            FROM outlet 
            WHERE status_out IN ('Active', '1', 'active')
            AND (nama_out LIKE :key OR ofcode_out LIKE :key)
            ORDER BY nama_out ASC
            LIMIT 20
2026-03-27 11:28:50 - getOutlet.php - Query berhasil, mengembalikan 1 record
2026-03-27 11:28:50 - getOutlet.php - === END REQUEST ===
2026-03-27 04:28:50 - getOutlet.php - === REQUEST GETOUTLET ===
2026-03-27 04:28:50 - getOutlet.php - Method: POST
2026-03-27 04:28:50 - getOutlet.php - POST data: {"tgl":"2026-03-27","encrypt":"388a4efa6470a27b196da6c25804cef2","id_apl":"APL01","key":"masiva"}
2026-03-27 11:28:50 - getOutlet.php - Params - tgl: 2026-03-27, encrypt: 388a4efa6470a27b196da6c25804cef2, id_apl: APL01, key: masiva
2026-03-27 11:28:50 - getOutlet.php - Aplikasi ditemukan: Ya
2026-03-27 11:28:50 - getOutlet.php - Key aplikasi: YbcJSFjkds...
2026-03-27 11:28:50 - getOutlet.php - Expected encrypt: 388a4efa6470a27b196da6c25804cef2
2026-03-27 11:28:50 - getOutlet.php - Received encrypt: 388a4efa6470a27b196da6c25804cef2
2026-03-27 11:28:50 - getOutlet.php - Authentication berhasil
2026-03-27 11:28:50 - getOutlet.php - Query: SELECT id_out, nama_out, '' AS alamat_out, ofcode_out
            FROM outlet 
            WHERE status_out IN ('Active', '1', 'active')
            AND (nama_out LIKE :key OR ofcode_out LIKE :key)
            ORDER BY nama_out ASC
            LIMIT 20
2026-03-27 11:28:50 - getOutlet.php - Query berhasil, mengembalikan 1 record
2026-03-27 11:28:50 - getOutlet.php - === END REQUEST ===
2026-03-27 04:29:09 - getOutlet.php - === REQUEST GETOUTLET ===
2026-03-27 04:29:09 - getOutlet.php - Method: POST
2026-03-27 04:29:09 - getOutlet.php - POST data: {"tgl":"2026-03-27","encrypt":"388a4efa6470a27b196da6c25804cef2","id_apl":"APL01","key":"PT MASIVA GUN"}
2026-03-27 11:29:09 - getOutlet.php - Params - tgl: 2026-03-27, encrypt: 388a4efa6470a27b196da6c25804cef2, id_apl: APL01, key: PT MASIVA GUN
2026-03-27 11:29:09 - getOutlet.php - Aplikasi ditemukan: Ya
2026-03-27 11:29:09 - getOutlet.php - Key aplikasi: YbcJSFjkds...
2026-03-27 11:29:09 - getOutlet.php - Expected encrypt: 388a4efa6470a27b196da6c25804cef2
2026-03-27 11:29:09 - getOutlet.php - Received encrypt: 388a4efa6470a27b196da6c25804cef2
2026-03-27 11:29:09 - getOutlet.php - Authentication berhasil
2026-03-27 11:29:09 - getOutlet.php - Query: SELECT id_out, nama_out, '' AS alamat_out, ofcode_out
            FROM outlet 
            WHERE status_out IN ('Active', '1', 'active')
            AND (nama_out LIKE :key OR ofcode_out LIKE :key)
            ORDER BY nama_out ASC
            LIMIT 20
2026-03-27 11:29:09 - getOutlet.php - Query berhasil, mengembalikan 1 record
2026-03-27 11:29:09 - getOutlet.php - === END REQUEST ===
2026-03-27 04:29:09 - getOutlet.php - === REQUEST GETOUTLET ===
2026-03-27 04:29:09 - getOutlet.php - Method: POST
2026-03-27 04:29:09 - getOutlet.php - POST data: {"tgl":"2026-03-27","encrypt":"388a4efa6470a27b196da6c25804cef2","id_apl":"APL01","key":"PT MASIVA GU"}
2026-03-27 11:29:09 - getOutlet.php - Params - tgl: 2026-03-27, encrypt: 388a4efa6470a27b196da6c25804cef2, id_apl: APL01, key: PT MASIVA GU
2026-03-27 11:29:09 - getOutlet.php - Aplikasi ditemukan: Ya
2026-03-27 11:29:09 - getOutlet.php - Key aplikasi: YbcJSFjkds...
2026-03-27 11:29:09 - getOutlet.php - Expected encrypt: 388a4efa6470a27b196da6c25804cef2
2026-03-27 11:29:09 - getOutlet.php - Received encrypt: 388a4efa6470a27b196da6c25804cef2
2026-03-27 11:29:09 - getOutlet.php - Authentication berhasil
2026-03-27 11:29:09 - getOutlet.php - Query: SELECT id_out, nama_out, '' AS alamat_out, ofcode_out
            FROM outlet 
            WHERE status_out IN ('Active', '1', 'active')
            AND (nama_out LIKE :key OR ofcode_out LIKE :key)
            ORDER BY nama_out ASC
            LIMIT 20
2026-03-27 11:29:09 - getOutlet.php - Query berhasil, mengembalikan 1 record
2026-03-27 11:29:09 - getOutlet.php - === END REQUEST ===
2026-03-27 04:29:09 - getOutlet.php - === REQUEST GETOUTLET ===
2026-03-27 04:29:09 - getOutlet.php - Method: POST
2026-03-27 04:29:09 - getOutlet.php - POST data: {"tgl":"2026-03-27","encrypt":"388a4efa6470a27b196da6c25804cef2","id_apl":"APL01","key":"PT MASIVA G"}
2026-03-27 11:29:09 - getOutlet.php - Params - tgl: 2026-03-27, encrypt: 388a4efa6470a27b196da6c25804cef2, id_apl: APL01, key: PT MASIVA G
2026-03-27 11:29:09 - getOutlet.php - Aplikasi ditemukan: Ya
2026-03-27 11:29:09 - getOutlet.php - Key aplikasi: YbcJSFjkds...
2026-03-27 11:29:09 - getOutlet.php - Expected encrypt: 388a4efa6470a27b196da6c25804cef2
2026-03-27 11:29:09 - getOutlet.php - Received encrypt: 388a4efa6470a27b196da6c25804cef2
2026-03-27 11:29:09 - getOutlet.php - Authentication berhasil
2026-03-27 11:29:09 - getOutlet.php - Query: SELECT id_out, nama_out, '' AS alamat_out, ofcode_out
            FROM outlet 
            WHERE status_out IN ('Active', '1', 'active')
            AND (nama_out LIKE :key OR ofcode_out LIKE :key)
            ORDER BY nama_out ASC
            LIMIT 20
2026-03-27 11:29:09 - getOutlet.php - Query berhasil, mengembalikan 1 record
2026-03-27 11:29:09 - getOutlet.php - === END REQUEST ===
2026-03-27 04:29:10 - getOutlet.php - === REQUEST GETOUTLET ===
2026-03-27 04:29:10 - getOutlet.php - Method: POST
2026-03-27 04:29:10 - getOutlet.php - POST data: {"tgl":"2026-03-27","encrypt":"388a4efa6470a27b196da6c25804cef2","id_apl":"APL01","key":"PT MA"}
2026-03-27 11:29:10 - getOutlet.php - Params - tgl: 2026-03-27, encrypt: 388a4efa6470a27b196da6c25804cef2, id_apl: APL01, key: PT MA
2026-03-27 11:29:10 - getOutlet.php - Aplikasi ditemukan: Ya
2026-03-27 11:29:10 - getOutlet.php - Key aplikasi: YbcJSFjkds...
2026-03-27 11:29:10 - getOutlet.php - Expected encrypt: 388a4efa6470a27b196da6c25804cef2
2026-03-27 11:29:10 - getOutlet.php - Received encrypt: 388a4efa6470a27b196da6c25804cef2
2026-03-27 11:29:10 - getOutlet.php - Authentication berhasil
2026-03-27 11:29:10 - getOutlet.php - Query: SELECT id_out, nama_out, '' AS alamat_out, ofcode_out
            FROM outlet 
            WHERE status_out IN ('Active', '1', 'active')
            AND (nama_out LIKE :key OR ofcode_out LIKE :key)
            ORDER BY nama_out ASC
            LIMIT 20
2026-03-27 11:29:10 - getOutlet.php - Query berhasil, mengembalikan 2 record
2026-03-27 11:29:10 - getOutlet.php - === END REQUEST ===
2026-03-27 04:29:10 - getOutlet.php - === REQUEST GETOUTLET ===
2026-03-27 04:29:10 - getOutlet.php - Method: POST
2026-03-27 04:29:10 - getOutlet.php - POST data: {"tgl":"2026-03-27","encrypt":"388a4efa6470a27b196da6c25804cef2","id_apl":"APL01","key":"PT MAS"}
2026-03-27 11:29:10 - getOutlet.php - Params - tgl: 2026-03-27, encrypt: 388a4efa6470a27b196da6c25804cef2, id_apl: APL01, key: PT MAS
2026-03-27 04:29:10 - getOutlet.php - === REQUEST GETOUTLET ===
2026-03-27 04:29:10 - getOutlet.php - Method: POST
2026-03-27 04:29:10 - getOutlet.php - POST data: {"tgl":"2026-03-27","encrypt":"388a4efa6470a27b196da6c25804cef2","id_apl":"APL01","key":"PT M"}
2026-03-27 11:29:10 - getOutlet.php - Params - tgl: 2026-03-27, encrypt: 388a4efa6470a27b196da6c25804cef2, id_apl: APL01, key: PT M
2026-03-27 11:29:10 - getOutlet.php - Aplikasi ditemukan: Ya
2026-03-27 11:29:10 - getOutlet.php - Key aplikasi: YbcJSFjkds...
2026-03-27 11:29:10 - getOutlet.php - Expected encrypt: 388a4efa6470a27b196da6c25804cef2
2026-03-27 11:29:10 - getOutlet.php - Received encrypt: 388a4efa6470a27b196da6c25804cef2
2026-03-27 11:29:10 - getOutlet.php - Authentication berhasil
2026-03-27 11:29:10 - getOutlet.php - Query: SELECT id_out, nama_out, '' AS alamat_out, ofcode_out
            FROM outlet 
            WHERE status_out IN ('Active', '1', 'active')
            AND (nama_out LIKE :key OR ofcode_out LIKE :key)
            ORDER BY nama_out ASC
            LIMIT 20
2026-03-27 11:29:10 - getOutlet.php - Query berhasil, mengembalikan 1 record
2026-03-27 11:29:10 - getOutlet.php - === END REQUEST ===
2026-03-27 11:29:10 - getOutlet.php - Aplikasi ditemukan: Ya
2026-03-27 11:29:10 - getOutlet.php - Key aplikasi: YbcJSFjkds...
2026-03-27 11:29:10 - getOutlet.php - Expected encrypt: 388a4efa6470a27b196da6c25804cef2
2026-03-27 11:29:10 - getOutlet.php - Received encrypt: 388a4efa6470a27b196da6c25804cef2
2026-03-27 11:29:10 - getOutlet.php - Authentication berhasil
2026-03-27 11:29:10 - getOutlet.php - Query: SELECT id_out, nama_out, '' AS alamat_out, ofcode_out
            FROM outlet 
            WHERE status_out IN ('Active', '1', 'active')
            AND (nama_out LIKE :key OR ofcode_out LIKE :key)
            ORDER BY nama_out ASC
            LIMIT 20
2026-03-27 11:29:10 - getOutlet.php - Query berhasil, mengembalikan 2 record
2026-03-27 11:29:10 - getOutlet.php - === END REQUEST ===
2026-03-27 04:29:10 - getOutlet.php - === REQUEST GETOUTLET ===
2026-03-27 04:29:10 - getOutlet.php - Method: POST
2026-03-27 04:29:10 - getOutlet.php - POST data: {"tgl":"2026-03-27","encrypt":"388a4efa6470a27b196da6c25804cef2","id_apl":"APL01","key":"PT MASIVA"}
2026-03-27 11:29:10 - getOutlet.php - Params - tgl: 2026-03-27, encrypt: 388a4efa6470a27b196da6c25804cef2, id_apl: APL01, key: PT MASIVA
2026-03-27 11:29:11 - getOutlet.php - Aplikasi ditemukan: Ya
2026-03-27 11:29:11 - getOutlet.php - Key aplikasi: YbcJSFjkds...
2026-03-27 11:29:11 - getOutlet.php - Expected encrypt: 388a4efa6470a27b196da6c25804cef2
2026-03-27 11:29:11 - getOutlet.php - Received encrypt: 388a4efa6470a27b196da6c25804cef2
2026-03-27 11:29:11 - getOutlet.php - Authentication berhasil
2026-03-27 11:29:11 - getOutlet.php - Query: SELECT id_out, nama_out, '' AS alamat_out, ofcode_out
            FROM outlet 
            WHERE status_out IN ('Active', '1', 'active')
            AND (nama_out LIKE :key OR ofcode_out LIKE :key)
            ORDER BY nama_out ASC
            LIMIT 20
2026-03-27 11:29:11 - getOutlet.php - Query berhasil, mengembalikan 1 record
2026-03-27 11:29:11 - getOutlet.php - === END REQUEST ===
2026-03-27 04:29:11 - getOutlet.php - === REQUEST GETOUTLET ===
2026-03-27 04:29:11 - getOutlet.php - Method: POST
2026-03-27 04:29:11 - getOutlet.php - POST data: {"tgl":"2026-03-27","encrypt":"388a4efa6470a27b196da6c25804cef2","id_apl":"APL01","key":"PT MASI"}
2026-03-27 11:29:11 - getOutlet.php - Params - tgl: 2026-03-27, encrypt: 388a4efa6470a27b196da6c25804cef2, id_apl: APL01, key: PT MASI
2026-03-27 11:29:11 - getOutlet.php - Aplikasi ditemukan: Ya
2026-03-27 11:29:11 - getOutlet.php - Key aplikasi: YbcJSFjkds...
2026-03-27 11:29:11 - getOutlet.php - Expected encrypt: 388a4efa6470a27b196da6c25804cef2
2026-03-27 11:29:11 - getOutlet.php - Received encrypt: 388a4efa6470a27b196da6c25804cef2
2026-03-27 11:29:11 - getOutlet.php - Authentication berhasil
2026-03-27 11:29:11 - getOutlet.php - Query: SELECT id_out, nama_out, '' AS alamat_out, ofcode_out
            FROM outlet 
            WHERE status_out IN ('Active', '1', 'active')
            AND (nama_out LIKE :key OR ofcode_out LIKE :key)
            ORDER BY nama_out ASC
            LIMIT 20
2026-03-27 11:29:11 - getOutlet.php - Query berhasil, mengembalikan 1 record
2026-03-27 11:29:11 - getOutlet.php - === END REQUEST ===
2026-03-27 04:29:11 - getOutlet.php - === REQUEST GETOUTLET ===
2026-03-27 04:29:11 - getOutlet.php - Method: POST
2026-03-27 04:29:11 - getOutlet.php - POST data: {"tgl":"2026-03-27","encrypt":"388a4efa6470a27b196da6c25804cef2","id_apl":"APL01","key":"PT"}
2026-03-27 11:29:11 - getOutlet.php - Params - tgl: 2026-03-27, encrypt: 388a4efa6470a27b196da6c25804cef2, id_apl: APL01, key: PT
2026-03-27 11:29:11 - getOutlet.php - Aplikasi ditemukan: Ya
2026-03-27 11:29:11 - getOutlet.php - Key aplikasi: YbcJSFjkds...
2026-03-27 11:29:11 - getOutlet.php - Expected encrypt: 388a4efa6470a27b196da6c25804cef2
2026-03-27 11:29:11 - getOutlet.php - Received encrypt: 388a4efa6470a27b196da6c25804cef2
2026-03-27 11:29:11 - getOutlet.php - Authentication berhasil
2026-03-27 11:29:11 - getOutlet.php - Query: SELECT id_out, nama_out, '' AS alamat_out, ofcode_out
            FROM outlet 
            WHERE status_out IN ('Active', '1', 'active')
            AND (nama_out LIKE :key OR ofcode_out LIKE :key)
            ORDER BY nama_out ASC
            LIMIT 20
2026-03-27 11:29:11 - getOutlet.php - Query berhasil, mengembalikan 20 record
2026-03-27 11:29:11 - getOutlet.php - === END REQUEST ===
2026-03-27 04:29:11 - getOutlet.php - === REQUEST GETOUTLET ===
2026-03-27 04:29:11 - getOutlet.php - Method: POST
2026-03-27 04:29:11 - getOutlet.php - POST data: {"tgl":"2026-03-27","encrypt":"388a4efa6470a27b196da6c25804cef2","id_apl":"APL01","key":"PT MASIV"}
2026-03-27 11:29:11 - getOutlet.php - Params - tgl: 2026-03-27, encrypt: 388a4efa6470a27b196da6c25804cef2, id_apl: APL01, key: PT MASIV
2026-03-27 04:29:11 - getOutlet.php - === REQUEST GETOUTLET ===
2026-03-27 04:29:11 - getOutlet.php - Method: POST
2026-03-27 04:29:11 - getOutlet.php - POST data: {"tgl":"2026-03-27","encrypt":"388a4efa6470a27b196da6c25804cef2","id_apl":"APL01","key":"PT MASIVA"}
2026-03-27 11:29:11 - getOutlet.php - Params - tgl: 2026-03-27, encrypt: 388a4efa6470a27b196da6c25804cef2, id_apl: APL01, key: PT MASIVA
2026-03-27 11:29:11 - getOutlet.php - Aplikasi ditemukan: Ya
2026-03-27 11:29:11 - getOutlet.php - Key aplikasi: YbcJSFjkds...
2026-03-27 11:29:11 - getOutlet.php - Expected encrypt: 388a4efa6470a27b196da6c25804cef2
2026-03-27 11:29:11 - getOutlet.php - Received encrypt: 388a4efa6470a27b196da6c25804cef2
2026-03-27 11:29:11 - getOutlet.php - Authentication berhasil
2026-03-27 11:29:11 - getOutlet.php - Query: SELECT id_out, nama_out, '' AS alamat_out, ofcode_out
            FROM outlet 
            WHERE status_out IN ('Active', '1', 'active')
            AND (nama_out LIKE :key OR ofcode_out LIKE :key)
            ORDER BY nama_out ASC
            LIMIT 20
2026-03-27 11:29:11 - getOutlet.php - Query berhasil, mengembalikan 1 record
2026-03-27 11:29:11 - getOutlet.php - === END REQUEST ===
2026-03-27 11:29:11 - getOutlet.php - Aplikasi ditemukan: Ya
2026-03-27 11:29:11 - getOutlet.php - Key aplikasi: YbcJSFjkds...
2026-03-27 11:29:11 - getOutlet.php - Expected encrypt: 388a4efa6470a27b196da6c25804cef2
2026-03-27 11:29:11 - getOutlet.php - Received encrypt: 388a4efa6470a27b196da6c25804cef2
2026-03-27 11:29:11 - getOutlet.php - Authentication berhasil
2026-03-27 11:29:11 - getOutlet.php - Query: SELECT id_out, nama_out, '' AS alamat_out, ofcode_out
            FROM outlet 
            WHERE status_out IN ('Active', '1', 'active')
            AND (nama_out LIKE :key OR ofcode_out LIKE :key)
            ORDER BY nama_out ASC
            LIMIT 20
2026-03-27 11:29:11 - getOutlet.php - Query berhasil, mengembalikan 1 record
2026-03-27 11:29:11 - getOutlet.php - === END REQUEST ===
2026-03-27 04:29:11 - getOutlet.php - === REQUEST GETOUTLET ===
2026-03-27 04:29:11 - getOutlet.php - Method: POST
2026-03-27 04:29:11 - getOutlet.php - POST data: {"tgl":"2026-03-27","encrypt":"388a4efa6470a27b196da6c25804cef2","id_apl":"APL01","key":"PT"}
2026-03-27 11:29:11 - getOutlet.php - Params - tgl: 2026-03-27, encrypt: 388a4efa6470a27b196da6c25804cef2, id_apl: APL01, key: PT
2026-03-27 11:29:11 - getOutlet.php - Aplikasi ditemukan: Ya
2026-03-27 11:29:11 - getOutlet.php - Key aplikasi: YbcJSFjkds...
2026-03-27 11:29:11 - getOutlet.php - Expected encrypt: 388a4efa6470a27b196da6c25804cef2
2026-03-27 11:29:11 - getOutlet.php - Received encrypt: 388a4efa6470a27b196da6c25804cef2
2026-03-27 11:29:11 - getOutlet.php - Authentication berhasil
2026-03-27 11:29:11 - getOutlet.php - Query: SELECT id_out, nama_out, '' AS alamat_out, ofcode_out
            FROM outlet 
            WHERE status_out IN ('Active', '1', 'active')
            AND (nama_out LIKE :key OR ofcode_out LIKE :key)
            ORDER BY nama_out ASC
            LIMIT 20
2026-03-27 11:29:11 - getOutlet.php - Query berhasil, mengembalikan 20 record
2026-03-27 11:29:11 - getOutlet.php - === END REQUEST ===
2026-03-27 04:29:13 - getOutlet.php - === REQUEST GETOUTLET ===
2026-03-27 04:29:13 - getOutlet.php - Method: POST
2026-03-27 04:29:13 - getOutlet.php - POST data: {"tgl":"2026-03-27","encrypt":"388a4efa6470a27b196da6c25804cef2","id_apl":"APL01","key":"em"}
2026-03-27 11:29:13 - getOutlet.php - Params - tgl: 2026-03-27, encrypt: 388a4efa6470a27b196da6c25804cef2, id_apl: APL01, key: em
2026-03-27 11:29:13 - getOutlet.php - Aplikasi ditemukan: Ya
2026-03-27 11:29:13 - getOutlet.php - Key aplikasi: YbcJSFjkds...
2026-03-27 11:29:13 - getOutlet.php - Expected encrypt: 388a4efa6470a27b196da6c25804cef2
2026-03-27 11:29:13 - getOutlet.php - Received encrypt: 388a4efa6470a27b196da6c25804cef2
2026-03-27 11:29:13 - getOutlet.php - Authentication berhasil
2026-03-27 11:29:13 - getOutlet.php - Query: SELECT id_out, nama_out, '' AS alamat_out, ofcode_out
            FROM outlet 
            WHERE status_out IN ('Active', '1', 'active')
            AND (nama_out LIKE :key OR ofcode_out LIKE :key)
            ORDER BY nama_out ASC
            LIMIT 20
2026-03-27 11:29:13 - getOutlet.php - Query berhasil, mengembalikan 20 record
2026-03-27 11:29:13 - getOutlet.php - === END REQUEST ===
2026-03-27 04:29:13 - getOutlet.php - === REQUEST GETOUTLET ===
2026-03-27 04:29:13 - getOutlet.php - Method: POST
2026-03-27 04:29:13 - getOutlet.php - POST data: {"tgl":"2026-03-27","encrypt":"388a4efa6470a27b196da6c25804cef2","id_apl":"APL01","key":"emc"}
2026-03-27 11:29:13 - getOutlet.php - Params - tgl: 2026-03-27, encrypt: 388a4efa6470a27b196da6c25804cef2, id_apl: APL01, key: emc
2026-03-27 11:29:13 - getOutlet.php - Aplikasi ditemukan: Ya
2026-03-27 11:29:13 - getOutlet.php - Key aplikasi: YbcJSFjkds...
2026-03-27 11:29:13 - getOutlet.php - Expected encrypt: 388a4efa6470a27b196da6c25804cef2
2026-03-27 11:29:13 - getOutlet.php - Received encrypt: 388a4efa6470a27b196da6c25804cef2
2026-03-27 11:29:13 - getOutlet.php - Authentication berhasil
2026-03-27 11:29:13 - getOutlet.php - Query: SELECT id_out, nama_out, '' AS alamat_out, ofcode_out
            FROM outlet 
            WHERE status_out IN ('Active', '1', 'active')
            AND (nama_out LIKE :key OR ofcode_out LIKE :key)
            ORDER BY nama_out ASC
            LIMIT 20
2026-03-27 11:29:13 - getOutlet.php - Query berhasil, mengembalikan 7 record
2026-03-27 11:29:13 - getOutlet.php - === END REQUEST ===
2026-03-27 04:29:14 - getOutlet.php - === REQUEST GETOUTLET ===
2026-03-27 04:29:14 - getOutlet.php - Method: POST
2026-03-27 04:29:14 - getOutlet.php - POST data: {"tgl":"2026-03-27","encrypt":"388a4efa6470a27b196da6c25804cef2","id_apl":"APL01","key":"emc"}
2026-03-27 11:29:14 - getOutlet.php - Params - tgl: 2026-03-27, encrypt: 388a4efa6470a27b196da6c25804cef2, id_apl: APL01, key: emc
2026-03-27 11:29:14 - getOutlet.php - Aplikasi ditemukan: Ya
2026-03-27 11:29:14 - getOutlet.php - Key aplikasi: YbcJSFjkds...
2026-03-27 11:29:14 - getOutlet.php - Expected encrypt: 388a4efa6470a27b196da6c25804cef2
2026-03-27 11:29:14 - getOutlet.php - Received encrypt: 388a4efa6470a27b196da6c25804cef2
2026-03-27 11:29:14 - getOutlet.php - Authentication berhasil
2026-03-27 11:29:14 - getOutlet.php - Query: SELECT id_out, nama_out, '' AS alamat_out, ofcode_out
            FROM outlet 
            WHERE status_out IN ('Active', '1', 'active')
            AND (nama_out LIKE :key OR ofcode_out LIKE :key)
            ORDER BY nama_out ASC
            LIMIT 20
2026-03-27 11:29:14 - getOutlet.php - Query berhasil, mengembalikan 7 record
2026-03-27 11:29:14 - getOutlet.php - === END REQUEST ===
2026-03-27 04:29:14 - getOutlet.php - === REQUEST GETOUTLET ===
2026-03-27 04:29:14 - getOutlet.php - Method: POST
2026-03-27 04:29:14 - getOutlet.php - POST data: {"tgl":"2026-03-27","encrypt":"388a4efa6470a27b196da6c25804cef2","id_apl":"APL01","key":"emc p"}
2026-03-27 11:29:14 - getOutlet.php - Params - tgl: 2026-03-27, encrypt: 388a4efa6470a27b196da6c25804cef2, id_apl: APL01, key: emc p
2026-03-27 11:29:14 - getOutlet.php - Aplikasi ditemukan: Ya
2026-03-27 11:29:14 - getOutlet.php - Key aplikasi: YbcJSFjkds...
2026-03-27 11:29:14 - getOutlet.php - Expected encrypt: 388a4efa6470a27b196da6c25804cef2
2026-03-27 11:29:14 - getOutlet.php - Received encrypt: 388a4efa6470a27b196da6c25804cef2
2026-03-27 11:29:14 - getOutlet.php - Authentication berhasil
2026-03-27 11:29:14 - getOutlet.php - Query: SELECT id_out, nama_out, '' AS alamat_out, ofcode_out
            FROM outlet 
            WHERE status_out IN ('Active', '1', 'active')
            AND (nama_out LIKE :key OR ofcode_out LIKE :key)
            ORDER BY nama_out ASC
            LIMIT 20
2026-03-27 11:29:14 - getOutlet.php - Query berhasil, mengembalikan 2 record
2026-03-27 11:29:14 - getOutlet.php - === END REQUEST ===
2026-03-27 04:29:14 - getOutlet.php - === REQUEST GETOUTLET ===
2026-03-27 04:29:14 - getOutlet.php - Method: POST
2026-03-27 04:29:14 - getOutlet.php - POST data: {"tgl":"2026-03-27","encrypt":"388a4efa6470a27b196da6c25804cef2","id_apl":"APL01","key":"emc pu"}
2026-03-27 11:29:14 - getOutlet.php - Params - tgl: 2026-03-27, encrypt: 388a4efa6470a27b196da6c25804cef2, id_apl: APL01, key: emc pu
2026-03-27 11:29:14 - getOutlet.php - Aplikasi ditemukan: Ya
2026-03-27 11:29:14 - getOutlet.php - Key aplikasi: YbcJSFjkds...
2026-03-27 11:29:14 - getOutlet.php - Expected encrypt: 388a4efa6470a27b196da6c25804cef2
2026-03-27 11:29:14 - getOutlet.php - Received encrypt: 388a4efa6470a27b196da6c25804cef2
2026-03-27 11:29:14 - getOutlet.php - Authentication berhasil
2026-03-27 11:29:14 - getOutlet.php - Query: SELECT id_out, nama_out, '' AS alamat_out, ofcode_out
            FROM outlet 
            WHERE status_out IN ('Active', '1', 'active')
            AND (nama_out LIKE :key OR ofcode_out LIKE :key)
            ORDER BY nama_out ASC
            LIMIT 20
2026-03-27 11:29:14 - getOutlet.php - Query berhasil, mengembalikan 1 record
2026-03-27 11:29:14 - getOutlet.php - === END REQUEST ===
2026-03-27 04:29:14 - getOutlet.php - === REQUEST GETOUTLET ===
2026-03-27 04:29:14 - getOutlet.php - Method: POST
2026-03-27 04:29:14 - getOutlet.php - POST data: {"tgl":"2026-03-27","encrypt":"388a4efa6470a27b196da6c25804cef2","id_apl":"APL01","key":"emc pul"}
2026-03-27 11:29:14 - getOutlet.php - Params - tgl: 2026-03-27, encrypt: 388a4efa6470a27b196da6c25804cef2, id_apl: APL01, key: emc pul
2026-03-27 11:29:14 - getOutlet.php - Aplikasi ditemukan: Ya
2026-03-27 11:29:14 - getOutlet.php - Key aplikasi: YbcJSFjkds...
2026-03-27 11:29:14 - getOutlet.php - Expected encrypt: 388a4efa6470a27b196da6c25804cef2
2026-03-27 11:29:14 - getOutlet.php - Received encrypt: 388a4efa6470a27b196da6c25804cef2
2026-03-27 11:29:14 - getOutlet.php - Authentication berhasil
2026-03-27 11:29:14 - getOutlet.php - Query: SELECT id_out, nama_out, '' AS alamat_out, ofcode_out
            FROM outlet 
            WHERE status_out IN ('Active', '1', 'active')
            AND (nama_out LIKE :key OR ofcode_out LIKE :key)
            ORDER BY nama_out ASC
            LIMIT 20
2026-03-27 11:29:14 - getOutlet.php - Query berhasil, mengembalikan 1 record
2026-03-27 11:29:14 - getOutlet.php - === END REQUEST ===
2026-03-27 04:29:15 - getOutlet.php - === REQUEST GETOUTLET ===
2026-03-27 04:29:15 - getOutlet.php - Method: POST
2026-03-27 04:29:15 - getOutlet.php - POST data: {"tgl":"2026-03-27","encrypt":"388a4efa6470a27b196da6c25804cef2","id_apl":"APL01","key":"emc pulo"}
2026-03-27 11:29:15 - getOutlet.php - Params - tgl: 2026-03-27, encrypt: 388a4efa6470a27b196da6c25804cef2, id_apl: APL01, key: emc pulo
2026-03-27 11:29:15 - getOutlet.php - Aplikasi ditemukan: Ya
2026-03-27 11:29:15 - getOutlet.php - Key aplikasi: YbcJSFjkds...
2026-03-27 11:29:15 - getOutlet.php - Expected encrypt: 388a4efa6470a27b196da6c25804cef2
2026-03-27 11:29:15 - getOutlet.php - Received encrypt: 388a4efa6470a27b196da6c25804cef2
2026-03-27 11:29:15 - getOutlet.php - Authentication berhasil
2026-03-27 11:29:15 - getOutlet.php - Query: SELECT id_out, nama_out, '' AS alamat_out, ofcode_out
            FROM outlet 
            WHERE status_out IN ('Active', '1', 'active')
            AND (nama_out LIKE :key OR ofcode_out LIKE :key)
            ORDER BY nama_out ASC
            LIMIT 20
2026-03-27 11:29:15 - getOutlet.php - Query berhasil, mengembalikan 1 record
2026-03-27 11:29:15 - getOutlet.php - === END REQUEST ===
2026-03-27 04:29:15 - getOutlet.php - === REQUEST GETOUTLET ===
2026-03-27 04:29:15 - getOutlet.php - Method: POST
2026-03-27 04:29:15 - getOutlet.php - POST data: {"tgl":"2026-03-27","encrypt":"388a4efa6470a27b196da6c25804cef2","id_apl":"APL01","key":"emc pulo"}
2026-03-27 11:29:15 - getOutlet.php - Params - tgl: 2026-03-27, encrypt: 388a4efa6470a27b196da6c25804cef2, id_apl: APL01, key: emc pulo
2026-03-27 11:29:15 - getOutlet.php - Aplikasi ditemukan: Ya
2026-03-27 11:29:15 - getOutlet.php - Key aplikasi: YbcJSFjkds...
2026-03-27 11:29:15 - getOutlet.php - Expected encrypt: 388a4efa6470a27b196da6c25804cef2
2026-03-27 11:29:15 - getOutlet.php - Received encrypt: 388a4efa6470a27b196da6c25804cef2
2026-03-27 11:29:15 - getOutlet.php - Authentication berhasil
2026-03-27 11:29:15 - getOutlet.php - Query: SELECT id_out, nama_out, '' AS alamat_out, ofcode_out
            FROM outlet 
            WHERE status_out IN ('Active', '1', 'active')
            AND (nama_out LIKE :key OR ofcode_out LIKE :key)
            ORDER BY nama_out ASC
            LIMIT 20
2026-03-27 11:29:15 - getOutlet.php - Query berhasil, mengembalikan 1 record
2026-03-27 11:29:15 - getOutlet.php - === END REQUEST ===
2026-03-27 04:29:17 - getOutlet.php - === REQUEST GETOUTLET ===
2026-03-27 04:29:17 - getOutlet.php - Method: POST
2026-03-27 04:29:17 - getOutlet.php - POST data: {"tgl":"2026-03-27","encrypt":"388a4efa6470a27b196da6c25804cef2","id_apl":"APL01","key":"RS EMC Pulomas"}
2026-03-27 11:29:17 - getOutlet.php - Params - tgl: 2026-03-27, encrypt: 388a4efa6470a27b196da6c25804cef2, id_apl: APL01, key: RS EMC Pulomas
2026-03-27 11:29:17 - getOutlet.php - Aplikasi ditemukan: Ya
2026-03-27 11:29:17 - getOutlet.php - Key aplikasi: YbcJSFjkds...
2026-03-27 11:29:17 - getOutlet.php - Expected encrypt: 388a4efa6470a27b196da6c25804cef2
2026-03-27 11:29:17 - getOutlet.php - Received encrypt: 388a4efa6470a27b196da6c25804cef2
2026-03-27 11:29:17 - getOutlet.php - Authentication berhasil
2026-03-27 11:29:17 - getOutlet.php - Query: SELECT id_out, nama_out, '' AS alamat_out, ofcode_out
            FROM outlet 
            WHERE status_out IN ('Active', '1', 'active')
            AND (nama_out LIKE :key OR ofcode_out LIKE :key)
            ORDER BY nama_out ASC
            LIMIT 20
2026-03-27 11:29:17 - getOutlet.php - Query berhasil, mengembalikan 1 record
2026-03-27 11:29:17 - getOutlet.php - === END REQUEST ===
2026-03-27 04:29:37 - getOutlet.php - === REQUEST GETOUTLET ===
2026-03-27 04:29:37 - getOutlet.php - Method: POST
2026-03-27 04:29:37 - getOutlet.php - POST data: {"tgl":"2026-03-27","encrypt":"388a4efa6470a27b196da6c25804cef2","id_apl":"APL01","key":"do"}
2026-03-27 11:29:37 - getOutlet.php - Params - tgl: 2026-03-27, encrypt: 388a4efa6470a27b196da6c25804cef2, id_apl: APL01, key: do
2026-03-27 11:29:37 - getOutlet.php - Aplikasi ditemukan: Ya
2026-03-27 11:29:37 - getOutlet.php - Key aplikasi: YbcJSFjkds...
2026-03-27 11:29:37 - getOutlet.php - Expected encrypt: 388a4efa6470a27b196da6c25804cef2
2026-03-27 11:29:37 - getOutlet.php - Received encrypt: 388a4efa6470a27b196da6c25804cef2
2026-03-27 11:29:37 - getOutlet.php - Authentication berhasil
2026-03-27 11:29:37 - getOutlet.php - Query: SELECT id_out, nama_out, '' AS alamat_out, ofcode_out
            FROM outlet 
            WHERE status_out IN ('Active', '1', 'active')
            AND (nama_out LIKE :key OR ofcode_out LIKE :key)
            ORDER BY nama_out ASC
            LIMIT 20
2026-03-27 11:29:37 - getOutlet.php - Query berhasil, mengembalikan 20 record
2026-03-27 11:29:37 - getOutlet.php - === END REQUEST ===
2026-03-27 04:29:38 - getOutlet.php - === REQUEST GETOUTLET ===
2026-03-27 04:29:38 - getOutlet.php - Method: POST
2026-03-27 04:29:38 - getOutlet.php - POST data: {"tgl":"2026-03-27","encrypt":"388a4efa6470a27b196da6c25804cef2","id_apl":"APL01","key":"doc"}
2026-03-27 11:29:38 - getOutlet.php - Params - tgl: 2026-03-27, encrypt: 388a4efa6470a27b196da6c25804cef2, id_apl: APL01, key: doc
2026-03-27 11:29:38 - getOutlet.php - Aplikasi ditemukan: Ya
2026-03-27 11:29:38 - getOutlet.php - Key aplikasi: YbcJSFjkds...
2026-03-27 11:29:38 - getOutlet.php - Expected encrypt: 388a4efa6470a27b196da6c25804cef2
2026-03-27 11:29:38 - getOutlet.php - Received encrypt: 388a4efa6470a27b196da6c25804cef2
2026-03-27 11:29:38 - getOutlet.php - Authentication berhasil
2026-03-27 11:29:38 - getOutlet.php - Query: SELECT id_out, nama_out, '' AS alamat_out, ofcode_out
            FROM outlet 
            WHERE status_out IN ('Active', '1', 'active')
            AND (nama_out LIKE :key OR ofcode_out LIKE :key)
            ORDER BY nama_out ASC
            LIMIT 20
2026-03-27 11:29:38 - getOutlet.php - Query berhasil, mengembalikan 1 record
2026-03-27 11:29:38 - getOutlet.php - === END REQUEST ===
2026-03-27 04:29:38 - getOutlet.php - === REQUEST GETOUTLET ===
2026-03-27 04:29:38 - getOutlet.php - Method: POST
2026-03-27 04:29:38 - getOutlet.php - POST data: {"tgl":"2026-03-27","encrypt":"388a4efa6470a27b196da6c25804cef2","id_apl":"APL01","key":"doc"}
2026-03-27 11:29:38 - getOutlet.php - Params - tgl: 2026-03-27, encrypt: 388a4efa6470a27b196da6c25804cef2, id_apl: APL01, key: doc
2026-03-27 11:29:38 - getOutlet.php - Aplikasi ditemukan: Ya
2026-03-27 11:29:38 - getOutlet.php - Key aplikasi: YbcJSFjkds...
2026-03-27 11:29:38 - getOutlet.php - Expected encrypt: 388a4efa6470a27b196da6c25804cef2
2026-03-27 11:29:38 - getOutlet.php - Received encrypt: 388a4efa6470a27b196da6c25804cef2
2026-03-27 11:29:38 - getOutlet.php - Authentication berhasil
2026-03-27 11:29:38 - getOutlet.php - Query: SELECT id_out, nama_out, '' AS alamat_out, ofcode_out
            FROM outlet 
            WHERE status_out IN ('Active', '1', 'active')
            AND (nama_out LIKE :key OR ofcode_out LIKE :key)
            ORDER BY nama_out ASC
            LIMIT 20
2026-03-27 11:29:38 - getOutlet.php - Query berhasil, mengembalikan 1 record
2026-03-27 11:29:38 - getOutlet.php - === END REQUEST ===
2026-03-27 04:29:40 - getOutlet.php - === REQUEST GETOUTLET ===
2026-03-27 04:29:40 - getOutlet.php - Method: POST
2026-03-27 04:29:40 - getOutlet.php - POST data: {"tgl":"2026-03-27","encrypt":"388a4efa6470a27b196da6c25804cef2","id_apl":"APL01","key":"Apotek Doc n Me"}
2026-03-27 11:29:40 - getOutlet.php - Params - tgl: 2026-03-27, encrypt: 388a4efa6470a27b196da6c25804cef2, id_apl: APL01, key: Apotek Doc n Me
2026-03-27 11:29:40 - getOutlet.php - Aplikasi ditemukan: Ya
2026-03-27 11:29:40 - getOutlet.php - Key aplikasi: YbcJSFjkds...
2026-03-27 11:29:40 - getOutlet.php - Expected encrypt: 388a4efa6470a27b196da6c25804cef2
2026-03-27 11:29:40 - getOutlet.php - Received encrypt: 388a4efa6470a27b196da6c25804cef2
2026-03-27 11:29:40 - getOutlet.php - Authentication berhasil
2026-03-27 11:29:40 - getOutlet.php - Query: SELECT id_out, nama_out, '' AS alamat_out, ofcode_out
            FROM outlet 
            WHERE status_out IN ('Active', '1', 'active')
            AND (nama_out LIKE :key OR ofcode_out LIKE :key)
            ORDER BY nama_out ASC
            LIMIT 20
2026-03-27 11:29:40 - getOutlet.php - Query berhasil, mengembalikan 1 record
2026-03-27 11:29:40 - getOutlet.php - === END REQUEST ===
2026-03-27 04:29:42 - getOutlet.php - === REQUEST GETOUTLET ===
2026-03-27 04:29:42 - getOutlet.php - Method: POST
2026-03-27 04:29:42 - getOutlet.php - POST data: {"tgl":"2026-03-27","encrypt":"388a4efa6470a27b196da6c25804cef2","id_apl":"APL01","key":"Apotek Doc n M"}
2026-03-27 11:29:42 - getOutlet.php - Params - tgl: 2026-03-27, encrypt: 388a4efa6470a27b196da6c25804cef2, id_apl: APL01, key: Apotek Doc n M
2026-03-27 11:29:42 - getOutlet.php - Aplikasi ditemukan: Ya
2026-03-27 11:29:42 - getOutlet.php - Key aplikasi: YbcJSFjkds...
2026-03-27 11:29:42 - getOutlet.php - Expected encrypt: 388a4efa6470a27b196da6c25804cef2
2026-03-27 11:29:42 - getOutlet.php - Received encrypt: 388a4efa6470a27b196da6c25804cef2
2026-03-27 11:29:42 - getOutlet.php - Authentication berhasil
2026-03-27 11:29:42 - getOutlet.php - Query: SELECT id_out, nama_out, '' AS alamat_out, ofcode_out
            FROM outlet 
            WHERE status_out IN ('Active', '1', 'active')
            AND (nama_out LIKE :key OR ofcode_out LIKE :key)
            ORDER BY nama_out ASC
            LIMIT 20
2026-03-27 11:29:42 - getOutlet.php - Query berhasil, mengembalikan 1 record
2026-03-27 11:29:42 - getOutlet.php - === END REQUEST ===
2026-03-27 04:29:42 - getOutlet.php - === REQUEST GETOUTLET ===
2026-03-27 04:29:42 - getOutlet.php - Method: POST
2026-03-27 04:29:42 - getOutlet.php - POST data: {"tgl":"2026-03-27","encrypt":"388a4efa6470a27b196da6c25804cef2","id_apl":"APL01","key":"Apotek Doc n"}
2026-03-27 11:29:42 - getOutlet.php - Params - tgl: 2026-03-27, encrypt: 388a4efa6470a27b196da6c25804cef2, id_apl: APL01, key: Apotek Doc n
2026-03-27 11:29:42 - getOutlet.php - Aplikasi ditemukan: Ya
2026-03-27 11:29:42 - getOutlet.php - Key aplikasi: YbcJSFjkds...
2026-03-27 11:29:42 - getOutlet.php - Expected encrypt: 388a4efa6470a27b196da6c25804cef2
2026-03-27 11:29:42 - getOutlet.php - Received encrypt: 388a4efa6470a27b196da6c25804cef2
2026-03-27 11:29:42 - getOutlet.php - Authentication berhasil
2026-03-27 11:29:42 - getOutlet.php - Query: SELECT id_out, nama_out, '' AS alamat_out, ofcode_out
            FROM outlet 
            WHERE status_out IN ('Active', '1', 'active')
            AND (nama_out LIKE :key OR ofcode_out LIKE :key)
            ORDER BY nama_out ASC
            LIMIT 20
2026-03-27 11:29:42 - getOutlet.php - Query berhasil, mengembalikan 1 record
2026-03-27 11:29:42 - getOutlet.php - === END REQUEST ===
2026-03-27 04:29:42 - getOutlet.php - === REQUEST GETOUTLET ===
2026-03-27 04:29:42 - getOutlet.php - Method: POST
2026-03-27 04:29:42 - getOutlet.php - POST data: {"tgl":"2026-03-27","encrypt":"388a4efa6470a27b196da6c25804cef2","id_apl":"APL01","key":"Apotek Doc"}
2026-03-27 11:29:42 - getOutlet.php - Params - tgl: 2026-03-27, encrypt: 388a4efa6470a27b196da6c25804cef2, id_apl: APL01, key: Apotek Doc
2026-03-27 11:29:42 - getOutlet.php - Aplikasi ditemukan: Ya
2026-03-27 11:29:42 - getOutlet.php - Key aplikasi: YbcJSFjkds...
2026-03-27 11:29:42 - getOutlet.php - Expected encrypt: 388a4efa6470a27b196da6c25804cef2
2026-03-27 11:29:42 - getOutlet.php - Received encrypt: 388a4efa6470a27b196da6c25804cef2
2026-03-27 11:29:42 - getOutlet.php - Authentication berhasil
2026-03-27 11:29:42 - getOutlet.php - Query: SELECT id_out, nama_out, '' AS alamat_out, ofcode_out
            FROM outlet 
            WHERE status_out IN ('Active', '1', 'active')
            AND (nama_out LIKE :key OR ofcode_out LIKE :key)
            ORDER BY nama_out ASC
            LIMIT 20
2026-03-27 11:29:42 - getOutlet.php - Query berhasil, mengembalikan 1 record
2026-03-27 11:29:42 - getOutlet.php - === END REQUEST ===
2026-03-27 04:29:42 - getOutlet.php - === REQUEST GETOUTLET ===
2026-03-27 04:29:42 - getOutlet.php - Method: POST
2026-03-27 04:29:42 - getOutlet.php - POST data: {"tgl":"2026-03-27","encrypt":"388a4efa6470a27b196da6c25804cef2","id_apl":"APL01","key":"Apotek Doc"}
2026-03-27 11:29:42 - getOutlet.php - Params - tgl: 2026-03-27, encrypt: 388a4efa6470a27b196da6c25804cef2, id_apl: APL01, key: Apotek Doc
2026-03-27 11:29:42 - getOutlet.php - Aplikasi ditemukan: Ya
2026-03-27 11:29:42 - getOutlet.php - Key aplikasi: YbcJSFjkds...
2026-03-27 11:29:42 - getOutlet.php - Expected encrypt: 388a4efa6470a27b196da6c25804cef2
2026-03-27 11:29:42 - getOutlet.php - Received encrypt: 388a4efa6470a27b196da6c25804cef2
2026-03-27 11:29:42 - getOutlet.php - Authentication berhasil
2026-03-27 11:29:42 - getOutlet.php - Query: SELECT id_out, nama_out, '' AS alamat_out, ofcode_out
            FROM outlet 
            WHERE status_out IN ('Active', '1', 'active')
            AND (nama_out LIKE :key OR ofcode_out LIKE :key)
            ORDER BY nama_out ASC
            LIMIT 20
2026-03-27 11:29:42 - getOutlet.php - Query berhasil, mengembalikan 1 record
2026-03-27 11:29:42 - getOutlet.php - === END REQUEST ===
2026-03-27 04:29:43 - getOutlet.php - === REQUEST GETOUTLET ===
2026-03-27 04:29:43 - getOutlet.php - Method: POST
2026-03-27 04:29:43 - getOutlet.php - POST data: {"tgl":"2026-03-27","encrypt":"388a4efa6470a27b196da6c25804cef2","id_apl":"APL01","key":"Apotek Do"}
2026-03-27 11:29:43 - getOutlet.php - Params - tgl: 2026-03-27, encrypt: 388a4efa6470a27b196da6c25804cef2, id_apl: APL01, key: Apotek Do
2026-03-27 11:29:43 - getOutlet.php - Aplikasi ditemukan: Ya
2026-03-27 11:29:43 - getOutlet.php - Key aplikasi: YbcJSFjkds...
2026-03-27 11:29:43 - getOutlet.php - Expected encrypt: 388a4efa6470a27b196da6c25804cef2
2026-03-27 11:29:43 - getOutlet.php - Received encrypt: 388a4efa6470a27b196da6c25804cef2
2026-03-27 11:29:43 - getOutlet.php - Authentication berhasil
2026-03-27 11:29:43 - getOutlet.php - Query: SELECT id_out, nama_out, '' AS alamat_out, ofcode_out
            FROM outlet 
            WHERE status_out IN ('Active', '1', 'active')
            AND (nama_out LIKE :key OR ofcode_out LIKE :key)
            ORDER BY nama_out ASC
            LIMIT 20
2026-03-27 11:29:43 - getOutlet.php - Query berhasil, mengembalikan 1 record
2026-03-27 11:29:43 - getOutlet.php - === END REQUEST ===
2026-03-27 04:29:43 - getOutlet.php - === REQUEST GETOUTLET ===
2026-03-27 04:29:43 - getOutlet.php - Method: POST
2026-03-27 04:29:43 - getOutlet.php - POST data: {"tgl":"2026-03-27","encrypt":"388a4efa6470a27b196da6c25804cef2","id_apl":"APL01","key":"Apotek D"}
2026-03-27 11:29:43 - getOutlet.php - Params - tgl: 2026-03-27, encrypt: 388a4efa6470a27b196da6c25804cef2, id_apl: APL01, key: Apotek D
2026-03-27 11:29:43 - getOutlet.php - Aplikasi ditemukan: Ya
2026-03-27 11:29:43 - getOutlet.php - Key aplikasi: YbcJSFjkds...
2026-03-27 11:29:43 - getOutlet.php - Expected encrypt: 388a4efa6470a27b196da6c25804cef2
2026-03-27 11:29:43 - getOutlet.php - Received encrypt: 388a4efa6470a27b196da6c25804cef2
2026-03-27 11:29:43 - getOutlet.php - Authentication berhasil
2026-03-27 11:29:43 - getOutlet.php - Query: SELECT id_out, nama_out, '' AS alamat_out, ofcode_out
            FROM outlet 
            WHERE status_out IN ('Active', '1', 'active')
            AND (nama_out LIKE :key OR ofcode_out LIKE :key)
            ORDER BY nama_out ASC
            LIMIT 20
2026-03-27 11:29:43 - getOutlet.php - Query berhasil, mengembalikan 4 record
2026-03-27 11:29:43 - getOutlet.php - === END REQUEST ===
2026-03-27 04:29:43 - getOutlet.php - === REQUEST GETOUTLET ===
2026-03-27 04:29:43 - getOutlet.php - Method: POST
2026-03-27 04:29:43 - getOutlet.php - POST data: {"tgl":"2026-03-27","encrypt":"388a4efa6470a27b196da6c25804cef2","id_apl":"APL01","key":"Apotek"}
2026-03-27 11:29:43 - getOutlet.php - Params - tgl: 2026-03-27, encrypt: 388a4efa6470a27b196da6c25804cef2, id_apl: APL01, key: Apotek
2026-03-27 11:29:43 - getOutlet.php - Aplikasi ditemukan: Ya
2026-03-27 11:29:43 - getOutlet.php - Key aplikasi: YbcJSFjkds...
2026-03-27 11:29:43 - getOutlet.php - Expected encrypt: 388a4efa6470a27b196da6c25804cef2
2026-03-27 11:29:43 - getOutlet.php - Received encrypt: 388a4efa6470a27b196da6c25804cef2
2026-03-27 11:29:43 - getOutlet.php - Authentication berhasil
2026-03-27 11:29:43 - getOutlet.php - Query: SELECT id_out, nama_out, '' AS alamat_out, ofcode_out
            FROM outlet 
            WHERE status_out IN ('Active', '1', 'active')
            AND (nama_out LIKE :key OR ofcode_out LIKE :key)
            ORDER BY nama_out ASC
            LIMIT 20
2026-03-27 11:29:43 - getOutlet.php - Query berhasil, mengembalikan 20 record
2026-03-27 11:29:43 - getOutlet.php - === END REQUEST ===
2026-03-27 04:29:43 - getOutlet.php - === REQUEST GETOUTLET ===
2026-03-27 04:29:43 - getOutlet.php - Method: POST
2026-03-27 04:29:43 - getOutlet.php - POST data: {"tgl":"2026-03-27","encrypt":"388a4efa6470a27b196da6c25804cef2","id_apl":"APL01","key":"Apotek"}
2026-03-27 11:29:43 - getOutlet.php - Params - tgl: 2026-03-27, encrypt: 388a4efa6470a27b196da6c25804cef2, id_apl: APL01, key: Apotek
2026-03-27 11:29:43 - getOutlet.php - Aplikasi ditemukan: Ya
2026-03-27 11:29:43 - getOutlet.php - Key aplikasi: YbcJSFjkds...
2026-03-27 11:29:43 - getOutlet.php - Expected encrypt: 388a4efa6470a27b196da6c25804cef2
2026-03-27 11:29:43 - getOutlet.php - Received encrypt: 388a4efa6470a27b196da6c25804cef2
2026-03-27 11:29:43 - getOutlet.php - Authentication berhasil
2026-03-27 11:29:43 - getOutlet.php - Query: SELECT id_out, nama_out, '' AS alamat_out, ofcode_out
            FROM outlet 
            WHERE status_out IN ('Active', '1', 'active')
            AND (nama_out LIKE :key OR ofcode_out LIKE :key)
            ORDER BY nama_out ASC
            LIMIT 20
2026-03-27 11:29:43 - getOutlet.php - Query berhasil, mengembalikan 20 record
2026-03-27 11:29:43 - getOutlet.php - === END REQUEST ===
2026-03-27 04:29:43 - getOutlet.php - === REQUEST GETOUTLET ===
2026-03-27 04:29:43 - getOutlet.php - Method: POST
2026-03-27 04:29:43 - getOutlet.php - POST data: {"tgl":"2026-03-27","encrypt":"388a4efa6470a27b196da6c25804cef2","id_apl":"APL01","key":"Apote"}
2026-03-27 11:29:43 - getOutlet.php - Params - tgl: 2026-03-27, encrypt: 388a4efa6470a27b196da6c25804cef2, id_apl: APL01, key: Apote
2026-03-27 11:29:43 - getOutlet.php - Aplikasi ditemukan: Ya
2026-03-27 11:29:43 - getOutlet.php - Key aplikasi: YbcJSFjkds...
2026-03-27 11:29:43 - getOutlet.php - Expected encrypt: 388a4efa6470a27b196da6c25804cef2
2026-03-27 11:29:43 - getOutlet.php - Received encrypt: 388a4efa6470a27b196da6c25804cef2
2026-03-27 11:29:43 - getOutlet.php - Authentication berhasil
2026-03-27 11:29:43 - getOutlet.php - Query: SELECT id_out, nama_out, '' AS alamat_out, ofcode_out
            FROM outlet 
            WHERE status_out IN ('Active', '1', 'active')
            AND (nama_out LIKE :key OR ofcode_out LIKE :key)
            ORDER BY nama_out ASC
            LIMIT 20
2026-03-27 11:29:43 - getOutlet.php - Query berhasil, mengembalikan 20 record
2026-03-27 11:29:43 - getOutlet.php - === END REQUEST ===
2026-03-27 04:29:43 - getOutlet.php - === REQUEST GETOUTLET ===
2026-03-27 04:29:43 - getOutlet.php - Method: POST
2026-03-27 04:29:43 - getOutlet.php - POST data: {"tgl":"2026-03-27","encrypt":"388a4efa6470a27b196da6c25804cef2","id_apl":"APL01","key":"Apot"}
2026-03-27 11:29:43 - getOutlet.php - Params - tgl: 2026-03-27, encrypt: 388a4efa6470a27b196da6c25804cef2, id_apl: APL01, key: Apot
2026-03-27 11:29:43 - getOutlet.php - Aplikasi ditemukan: Ya
2026-03-27 11:29:43 - getOutlet.php - Key aplikasi: YbcJSFjkds...
2026-03-27 11:29:43 - getOutlet.php - Expected encrypt: 388a4efa6470a27b196da6c25804cef2
2026-03-27 11:29:43 - getOutlet.php - Received encrypt: 388a4efa6470a27b196da6c25804cef2
2026-03-27 11:29:43 - getOutlet.php - Authentication berhasil
2026-03-27 11:29:43 - getOutlet.php - Query: SELECT id_out, nama_out, '' AS alamat_out, ofcode_out
            FROM outlet 
            WHERE status_out IN ('Active', '1', 'active')
            AND (nama_out LIKE :key OR ofcode_out LIKE :key)
            ORDER BY nama_out ASC
            LIMIT 20
2026-03-27 11:29:43 - getOutlet.php - Query berhasil, mengembalikan 20 record
2026-03-27 11:29:43 - getOutlet.php - === END REQUEST ===
2026-03-27 04:29:43 - getOutlet.php - === REQUEST GETOUTLET ===
2026-03-27 04:29:43 - getOutlet.php - Method: POST
2026-03-27 04:29:43 - getOutlet.php - POST data: {"tgl":"2026-03-27","encrypt":"388a4efa6470a27b196da6c25804cef2","id_apl":"APL01","key":"Apotek Doc n"}
2026-03-27 11:29:43 - getOutlet.php - Params - tgl: 2026-03-27, encrypt: 388a4efa6470a27b196da6c25804cef2, id_apl: APL01, key: Apotek Doc n
2026-03-27 11:29:43 - getOutlet.php - Aplikasi ditemukan: Ya
2026-03-27 11:29:43 - getOutlet.php - Key aplikasi: YbcJSFjkds...
2026-03-27 11:29:43 - getOutlet.php - Expected encrypt: 388a4efa6470a27b196da6c25804cef2
2026-03-27 11:29:43 - getOutlet.php - Received encrypt: 388a4efa6470a27b196da6c25804cef2
2026-03-27 11:29:43 - getOutlet.php - Authentication berhasil
2026-03-27 11:29:43 - getOutlet.php - Query: SELECT id_out, nama_out, '' AS alamat_out, ofcode_out
            FROM outlet 
            WHERE status_out IN ('Active', '1', 'active')
            AND (nama_out LIKE :key OR ofcode_out LIKE :key)
            ORDER BY nama_out ASC
            LIMIT 20
2026-03-27 11:29:43 - getOutlet.php - Query berhasil, mengembalikan 1 record
2026-03-27 11:29:43 - getOutlet.php - === END REQUEST ===
2026-03-27 04:29:43 - getOutlet.php - === REQUEST GETOUTLET ===
2026-03-27 04:29:43 - getOutlet.php - Method: POST
2026-03-27 04:29:43 - getOutlet.php - POST data: {"tgl":"2026-03-27","encrypt":"388a4efa6470a27b196da6c25804cef2","id_apl":"APL01","key":"Apo"}
2026-03-27 11:29:43 - getOutlet.php - Params - tgl: 2026-03-27, encrypt: 388a4efa6470a27b196da6c25804cef2, id_apl: APL01, key: Apo
2026-03-27 11:29:43 - getOutlet.php - Aplikasi ditemukan: Ya
2026-03-27 11:29:43 - getOutlet.php - Key aplikasi: YbcJSFjkds...
2026-03-27 11:29:43 - getOutlet.php - Expected encrypt: 388a4efa6470a27b196da6c25804cef2
2026-03-27 11:29:43 - getOutlet.php - Received encrypt: 388a4efa6470a27b196da6c25804cef2
2026-03-27 11:29:43 - getOutlet.php - Authentication berhasil
2026-03-27 11:29:43 - getOutlet.php - Query: SELECT id_out, nama_out, '' AS alamat_out, ofcode_out
            FROM outlet 
            WHERE status_out IN ('Active', '1', 'active')
            AND (nama_out LIKE :key OR ofcode_out LIKE :key)
            ORDER BY nama_out ASC
            LIMIT 20
2026-03-27 11:29:43 - getOutlet.php - Query berhasil, mengembalikan 20 record
2026-03-27 11:29:43 - getOutlet.php - === END REQUEST ===
2026-03-27 04:29:43 - getOutlet.php - === REQUEST GETOUTLET ===
2026-03-27 04:29:43 - getOutlet.php - Method: POST
2026-03-27 04:29:43 - getOutlet.php - POST data: {"tgl":"2026-03-27","encrypt":"388a4efa6470a27b196da6c25804cef2","id_apl":"APL01","key":"Ap"}
2026-03-27 11:29:43 - getOutlet.php - Params - tgl: 2026-03-27, encrypt: 388a4efa6470a27b196da6c25804cef2, id_apl: APL01, key: Ap
2026-03-27 11:29:43 - getOutlet.php - Aplikasi ditemukan: Ya
2026-03-27 11:29:43 - getOutlet.php - Key aplikasi: YbcJSFjkds...
2026-03-27 11:29:43 - getOutlet.php - Expected encrypt: 388a4efa6470a27b196da6c25804cef2
2026-03-27 11:29:43 - getOutlet.php - Received encrypt: 388a4efa6470a27b196da6c25804cef2
2026-03-27 11:29:43 - getOutlet.php - Authentication berhasil
2026-03-27 11:29:43 - getOutlet.php - Query: SELECT id_out, nama_out, '' AS alamat_out, ofcode_out
            FROM outlet 
            WHERE status_out IN ('Active', '1', 'active')
            AND (nama_out LIKE :key OR ofcode_out LIKE :key)
            ORDER BY nama_out ASC
            LIMIT 20
2026-03-27 11:29:43 - getOutlet.php - Query berhasil, mengembalikan 20 record
2026-03-27 11:29:43 - getOutlet.php - === END REQUEST ===
2026-03-27 04:29:48 - getOutlet.php - === REQUEST GETOUTLET ===
2026-03-27 04:29:48 - getOutlet.php - Method: POST
2026-03-27 04:29:48 - getOutlet.php - POST data: {"tgl":"2026-03-27","encrypt":"388a4efa6470a27b196da6c25804cef2","id_apl":"APL01","key":"ka"}
2026-03-27 11:29:48 - getOutlet.php - Params - tgl: 2026-03-27, encrypt: 388a4efa6470a27b196da6c25804cef2, id_apl: APL01, key: ka
2026-03-27 11:29:48 - getOutlet.php - Aplikasi ditemukan: Ya
2026-03-27 11:29:48 - getOutlet.php - Key aplikasi: YbcJSFjkds...
2026-03-27 11:29:48 - getOutlet.php - Expected encrypt: 388a4efa6470a27b196da6c25804cef2
2026-03-27 11:29:48 - getOutlet.php - Received encrypt: 388a4efa6470a27b196da6c25804cef2
2026-03-27 11:29:48 - getOutlet.php - Authentication berhasil
2026-03-27 11:29:48 - getOutlet.php - Query: SELECT id_out, nama_out, '' AS alamat_out, ofcode_out
            FROM outlet 
            WHERE status_out IN ('Active', '1', 'active')
            AND (nama_out LIKE :key OR ofcode_out LIKE :key)
            ORDER BY nama_out ASC
            LIMIT 20
2026-03-27 11:29:48 - getOutlet.php - Query berhasil, mengembalikan 20 record
2026-03-27 11:29:48 - getOutlet.php - === END REQUEST ===
2026-03-27 04:29:49 - getOutlet.php - === REQUEST GETOUTLET ===
2026-03-27 04:29:49 - getOutlet.php - Method: POST
2026-03-27 04:29:49 - getOutlet.php - POST data: {"tgl":"2026-03-27","encrypt":"388a4efa6470a27b196da6c25804cef2","id_apl":"APL01","key":"kaw"}
2026-03-27 11:29:49 - getOutlet.php - Params - tgl: 2026-03-27, encrypt: 388a4efa6470a27b196da6c25804cef2, id_apl: APL01, key: kaw
2026-03-27 11:29:49 - getOutlet.php - Aplikasi ditemukan: Ya
2026-03-27 11:29:49 - getOutlet.php - Key aplikasi: YbcJSFjkds...
2026-03-27 11:29:49 - getOutlet.php - Expected encrypt: 388a4efa6470a27b196da6c25804cef2
2026-03-27 11:29:49 - getOutlet.php - Received encrypt: 388a4efa6470a27b196da6c25804cef2
2026-03-27 11:29:49 - getOutlet.php - Authentication berhasil
2026-03-27 11:29:49 - getOutlet.php - Query: SELECT id_out, nama_out, '' AS alamat_out, ofcode_out
            FROM outlet 
            WHERE status_out IN ('Active', '1', 'active')
            AND (nama_out LIKE :key OR ofcode_out LIKE :key)
            ORDER BY nama_out ASC
            LIMIT 20
2026-03-27 11:29:49 - getOutlet.php - Query berhasil, mengembalikan 9 record
2026-03-27 11:29:49 - getOutlet.php - === END REQUEST ===
2026-03-27 04:29:49 - getOutlet.php - === REQUEST GETOUTLET ===
2026-03-27 04:29:49 - getOutlet.php - Method: POST
2026-03-27 04:29:49 - getOutlet.php - POST data: {"tgl":"2026-03-27","encrypt":"388a4efa6470a27b196da6c25804cef2","id_apl":"APL01","key":"kawi"}
2026-03-27 11:29:49 - getOutlet.php - Params - tgl: 2026-03-27, encrypt: 388a4efa6470a27b196da6c25804cef2, id_apl: APL01, key: kawi
2026-03-27 11:29:49 - getOutlet.php - Aplikasi ditemukan: Ya
2026-03-27 11:29:49 - getOutlet.php - Key aplikasi: YbcJSFjkds...
2026-03-27 11:29:49 - getOutlet.php - Expected encrypt: 388a4efa6470a27b196da6c25804cef2
2026-03-27 11:29:49 - getOutlet.php - Received encrypt: 388a4efa6470a27b196da6c25804cef2
2026-03-27 11:29:49 - getOutlet.php - Authentication berhasil
2026-03-27 11:29:49 - getOutlet.php - Query: SELECT id_out, nama_out, '' AS alamat_out, ofcode_out
            FROM outlet 
            WHERE status_out IN ('Active', '1', 'active')
            AND (nama_out LIKE :key OR ofcode_out LIKE :key)
            ORDER BY nama_out ASC
            LIMIT 20
2026-03-27 11:29:49 - getOutlet.php - Query berhasil, mengembalikan 8 record
2026-03-27 11:29:49 - getOutlet.php - === END REQUEST ===
2026-03-27 04:29:49 - getOutlet.php - === REQUEST GETOUTLET ===
2026-03-27 04:29:49 - getOutlet.php - Method: POST
2026-03-27 04:29:49 - getOutlet.php - POST data: {"tgl":"2026-03-27","encrypt":"388a4efa6470a27b196da6c25804cef2","id_apl":"APL01","key":"kawij"}
2026-03-27 11:29:49 - getOutlet.php - Params - tgl: 2026-03-27, encrypt: 388a4efa6470a27b196da6c25804cef2, id_apl: APL01, key: kawij
2026-03-27 11:29:50 - getOutlet.php - Aplikasi ditemukan: Ya
2026-03-27 11:29:50 - getOutlet.php - Key aplikasi: YbcJSFjkds...
2026-03-27 11:29:50 - getOutlet.php - Expected encrypt: 388a4efa6470a27b196da6c25804cef2
2026-03-27 11:29:50 - getOutlet.php - Received encrypt: 388a4efa6470a27b196da6c25804cef2
2026-03-27 11:29:50 - getOutlet.php - Authentication berhasil
2026-03-27 11:29:50 - getOutlet.php - Query: SELECT id_out, nama_out, '' AS alamat_out, ofcode_out
            FROM outlet 
            WHERE status_out IN ('Active', '1', 'active')
            AND (nama_out LIKE :key OR ofcode_out LIKE :key)
            ORDER BY nama_out ASC
            LIMIT 20
2026-03-27 11:29:50 - getOutlet.php - Query berhasil, mengembalikan 6 record
2026-03-27 11:29:50 - getOutlet.php - === END REQUEST ===
2026-03-27 04:29:50 - getOutlet.php - === REQUEST GETOUTLET ===
2026-03-27 04:29:50 - getOutlet.php - Method: POST
2026-03-27 04:29:50 - getOutlet.php - POST data: {"tgl":"2026-03-27","encrypt":"388a4efa6470a27b196da6c25804cef2","id_apl":"APL01","key":"kawijaya"}
2026-03-27 11:29:50 - getOutlet.php - Params - tgl: 2026-03-27, encrypt: 388a4efa6470a27b196da6c25804cef2, id_apl: APL01, key: kawijaya
2026-03-27 11:29:50 - getOutlet.php - Aplikasi ditemukan: Ya
2026-03-27 11:29:50 - getOutlet.php - Key aplikasi: YbcJSFjkds...
2026-03-27 11:29:50 - getOutlet.php - Expected encrypt: 388a4efa6470a27b196da6c25804cef2
2026-03-27 11:29:50 - getOutlet.php - Received encrypt: 388a4efa6470a27b196da6c25804cef2
2026-03-27 11:29:50 - getOutlet.php - Authentication berhasil
2026-03-27 11:29:50 - getOutlet.php - Query: SELECT id_out, nama_out, '' AS alamat_out, ofcode_out
            FROM outlet 
            WHERE status_out IN ('Active', '1', 'active')
            AND (nama_out LIKE :key OR ofcode_out LIKE :key)
            ORDER BY nama_out ASC
            LIMIT 20
2026-03-27 11:29:50 - getOutlet.php - Query berhasil, mengembalikan 6 record
2026-03-27 11:29:50 - getOutlet.php - === END REQUEST ===
2026-03-27 04:29:50 - getOutlet.php - === REQUEST GETOUTLET ===
2026-03-27 04:29:50 - getOutlet.php - Method: POST
2026-03-27 04:29:50 - getOutlet.php - POST data: {"tgl":"2026-03-27","encrypt":"388a4efa6470a27b196da6c25804cef2","id_apl":"APL01","key":"kawijay"}
2026-03-27 11:29:50 - getOutlet.php - Params - tgl: 2026-03-27, encrypt: 388a4efa6470a27b196da6c25804cef2, id_apl: APL01, key: kawijay
2026-03-27 11:29:50 - getOutlet.php - Aplikasi ditemukan: Ya
2026-03-27 11:29:50 - getOutlet.php - Key aplikasi: YbcJSFjkds...
2026-03-27 11:29:50 - getOutlet.php - Expected encrypt: 388a4efa6470a27b196da6c25804cef2
2026-03-27 11:29:50 - getOutlet.php - Received encrypt: 388a4efa6470a27b196da6c25804cef2
2026-03-27 11:29:50 - getOutlet.php - Authentication berhasil
2026-03-27 11:29:50 - getOutlet.php - Query: SELECT id_out, nama_out, '' AS alamat_out, ofcode_out
            FROM outlet 
            WHERE status_out IN ('Active', '1', 'active')
            AND (nama_out LIKE :key OR ofcode_out LIKE :key)
            ORDER BY nama_out ASC
            LIMIT 20
2026-03-27 11:29:50 - getOutlet.php - Query berhasil, mengembalikan 6 record
2026-03-27 11:29:50 - getOutlet.php - === END REQUEST ===
2026-03-27 04:29:51 - getOutlet.php - === REQUEST GETOUTLET ===
2026-03-27 04:29:51 - getOutlet.php - Method: POST
2026-03-27 04:29:51 - getOutlet.php - POST data: {"tgl":"2026-03-27","encrypt":"388a4efa6470a27b196da6c25804cef2","id_apl":"APL01","key":"kawija"}
2026-03-27 11:29:51 - getOutlet.php - Params - tgl: 2026-03-27, encrypt: 388a4efa6470a27b196da6c25804cef2, id_apl: APL01, key: kawija
2026-03-27 11:29:51 - getOutlet.php - Aplikasi ditemukan: Ya
2026-03-27 11:29:51 - getOutlet.php - Key aplikasi: YbcJSFjkds...
2026-03-27 11:29:51 - getOutlet.php - Expected encrypt: 388a4efa6470a27b196da6c25804cef2
2026-03-27 11:29:51 - getOutlet.php - Received encrypt: 388a4efa6470a27b196da6c25804cef2
2026-03-27 11:29:51 - getOutlet.php - Authentication berhasil
2026-03-27 11:29:51 - getOutlet.php - Query: SELECT id_out, nama_out, '' AS alamat_out, ofcode_out
            FROM outlet 
            WHERE status_out IN ('Active', '1', 'active')
            AND (nama_out LIKE :key OR ofcode_out LIKE :key)
            ORDER BY nama_out ASC
            LIMIT 20
2026-03-27 11:29:51 - getOutlet.php - Query berhasil, mengembalikan 6 record
2026-03-27 11:29:51 - getOutlet.php - === END REQUEST ===
2026-03-27 04:29:51 - getOutlet.php - === REQUEST GETOUTLET ===
2026-03-27 04:29:51 - getOutlet.php - Method: POST
2026-03-27 04:29:51 - getOutlet.php - POST data: {"tgl":"2026-03-27","encrypt":"388a4efa6470a27b196da6c25804cef2","id_apl":"APL01","key":"kawijaya"}
2026-03-27 11:29:51 - getOutlet.php - Params - tgl: 2026-03-27, encrypt: 388a4efa6470a27b196da6c25804cef2, id_apl: APL01, key: kawijaya
2026-03-27 11:29:51 - getOutlet.php - Aplikasi ditemukan: Ya
2026-03-27 11:29:51 - getOutlet.php - Key aplikasi: YbcJSFjkds...
2026-03-27 11:29:51 - getOutlet.php - Expected encrypt: 388a4efa6470a27b196da6c25804cef2
2026-03-27 11:29:51 - getOutlet.php - Received encrypt: 388a4efa6470a27b196da6c25804cef2
2026-03-27 11:29:51 - getOutlet.php - Authentication berhasil
2026-03-27 11:29:51 - getOutlet.php - Query: SELECT id_out, nama_out, '' AS alamat_out, ofcode_out
            FROM outlet 
            WHERE status_out IN ('Active', '1', 'active')
            AND (nama_out LIKE :key OR ofcode_out LIKE :key)
            ORDER BY nama_out ASC
            LIMIT 20
2026-03-27 11:29:51 - getOutlet.php - Query berhasil, mengembalikan 6 record
2026-03-27 11:29:51 - getOutlet.php - === END REQUEST ===
2026-03-27 04:29:55 - getOutlet.php - === REQUEST GETOUTLET ===
2026-03-27 04:29:55 - getOutlet.php - Method: POST
2026-03-27 04:29:55 - getOutlet.php - POST data: {"tgl":"2026-03-27","encrypt":"388a4efa6470a27b196da6c25804cef2","id_apl":"APL01","key":"kawijaya b"}
2026-03-27 11:29:55 - getOutlet.php - Params - tgl: 2026-03-27, encrypt: 388a4efa6470a27b196da6c25804cef2, id_apl: APL01, key: kawijaya b
2026-03-27 11:29:55 - getOutlet.php - Aplikasi ditemukan: Ya
2026-03-27 11:29:55 - getOutlet.php - Key aplikasi: YbcJSFjkds...
2026-03-27 11:29:55 - getOutlet.php - Expected encrypt: 388a4efa6470a27b196da6c25804cef2
2026-03-27 11:29:55 - getOutlet.php - Received encrypt: 388a4efa6470a27b196da6c25804cef2
2026-03-27 11:29:55 - getOutlet.php - Authentication berhasil
2026-03-27 11:29:55 - getOutlet.php - Query: SELECT id_out, nama_out, '' AS alamat_out, ofcode_out
            FROM outlet 
            WHERE status_out IN ('Active', '1', 'active')
            AND (nama_out LIKE :key OR ofcode_out LIKE :key)
            ORDER BY nama_out ASC
            LIMIT 20
2026-03-27 11:29:55 - getOutlet.php - Query berhasil, mengembalikan 1 record
2026-03-27 11:29:55 - getOutlet.php - === END REQUEST ===
2026-03-27 04:29:56 - getOutlet.php - === REQUEST GETOUTLET ===
2026-03-27 04:29:56 - getOutlet.php - Method: POST
2026-03-27 04:29:56 - getOutlet.php - POST data: {"tgl":"2026-03-27","encrypt":"388a4efa6470a27b196da6c25804cef2","id_apl":"APL01","key":"kawijaya bs"}
2026-03-27 11:29:56 - getOutlet.php - Params - tgl: 2026-03-27, encrypt: 388a4efa6470a27b196da6c25804cef2, id_apl: APL01, key: kawijaya bs
2026-03-27 11:29:56 - getOutlet.php - Aplikasi ditemukan: Ya
2026-03-27 11:29:56 - getOutlet.php - Key aplikasi: YbcJSFjkds...
2026-03-27 11:29:56 - getOutlet.php - Expected encrypt: 388a4efa6470a27b196da6c25804cef2
2026-03-27 11:29:56 - getOutlet.php - Received encrypt: 388a4efa6470a27b196da6c25804cef2
2026-03-27 11:29:56 - getOutlet.php - Authentication berhasil
2026-03-27 11:29:56 - getOutlet.php - Query: SELECT id_out, nama_out, '' AS alamat_out, ofcode_out
            FROM outlet 
            WHERE status_out IN ('Active', '1', 'active')
            AND (nama_out LIKE :key OR ofcode_out LIKE :key)
            ORDER BY nama_out ASC
            LIMIT 20
2026-03-27 11:29:56 - getOutlet.php - Query berhasil, mengembalikan 0 record
2026-03-27 11:29:56 - getOutlet.php - === END REQUEST ===
2026-03-27 04:29:56 - getOutlet.php - === REQUEST GETOUTLET ===
2026-03-27 04:29:56 - getOutlet.php - Method: POST
2026-03-27 04:29:56 - getOutlet.php - POST data: {"tgl":"2026-03-27","encrypt":"388a4efa6470a27b196da6c25804cef2","id_apl":"APL01","key":"kawijaya bsd"}
2026-03-27 11:29:56 - getOutlet.php - Params - tgl: 2026-03-27, encrypt: 388a4efa6470a27b196da6c25804cef2, id_apl: APL01, key: kawijaya bsd
2026-03-27 11:29:56 - getOutlet.php - Aplikasi ditemukan: Ya
2026-03-27 11:29:56 - getOutlet.php - Key aplikasi: YbcJSFjkds...
2026-03-27 11:29:56 - getOutlet.php - Expected encrypt: 388a4efa6470a27b196da6c25804cef2
2026-03-27 11:29:56 - getOutlet.php - Received encrypt: 388a4efa6470a27b196da6c25804cef2
2026-03-27 11:29:56 - getOutlet.php - Authentication berhasil
2026-03-27 11:29:56 - getOutlet.php - Query: SELECT id_out, nama_out, '' AS alamat_out, ofcode_out
            FROM outlet 
            WHERE status_out IN ('Active', '1', 'active')
            AND (nama_out LIKE :key OR ofcode_out LIKE :key)
            ORDER BY nama_out ASC
            LIMIT 20
2026-03-27 11:29:56 - getOutlet.php - Query berhasil, mengembalikan 0 record
2026-03-27 11:29:56 - getOutlet.php - === END REQUEST ===
2026-03-27 04:29:59 - getOutlet.php - === REQUEST GETOUTLET ===
2026-03-27 04:29:59 - getOutlet.php - Method: POST
2026-03-27 04:29:59 - getOutlet.php - POST data: {"tgl":"2026-03-27","encrypt":"388a4efa6470a27b196da6c25804cef2","id_apl":"APL01","key":"kawi jaya bsd"}
2026-03-27 11:29:59 - getOutlet.php - Params - tgl: 2026-03-27, encrypt: 388a4efa6470a27b196da6c25804cef2, id_apl: APL01, key: kawi jaya bsd
2026-03-27 11:29:59 - getOutlet.php - Aplikasi ditemukan: Ya
2026-03-27 11:29:59 - getOutlet.php - Key aplikasi: YbcJSFjkds...
2026-03-27 11:29:59 - getOutlet.php - Expected encrypt: 388a4efa6470a27b196da6c25804cef2
2026-03-27 11:29:59 - getOutlet.php - Received encrypt: 388a4efa6470a27b196da6c25804cef2
2026-03-27 11:29:59 - getOutlet.php - Authentication berhasil
2026-03-27 11:29:59 - getOutlet.php - Query: SELECT id_out, nama_out, '' AS alamat_out, ofcode_out
            FROM outlet 
            WHERE status_out IN ('Active', '1', 'active')
            AND (nama_out LIKE :key OR ofcode_out LIKE :key)
            ORDER BY nama_out ASC
            LIMIT 20
2026-03-27 11:29:59 - getOutlet.php - Query berhasil, mengembalikan 1 record
2026-03-27 11:29:59 - getOutlet.php - === END REQUEST ===
2026-03-27 04:30:00 - getOutlet.php - === REQUEST GETOUTLET ===
2026-03-27 04:30:00 - getOutlet.php - Method: POST
2026-03-27 04:30:00 - getOutlet.php - POST data: {"tgl":"2026-03-27","encrypt":"388a4efa6470a27b196da6c25804cef2","id_apl":"APL01","key":"APOTEK KAWI JAYA BSD"}
2026-03-27 11:30:00 - getOutlet.php - Params - tgl: 2026-03-27, encrypt: 388a4efa6470a27b196da6c25804cef2, id_apl: APL01, key: APOTEK KAWI JAYA BSD
2026-03-27 11:30:00 - getOutlet.php - Aplikasi ditemukan: Ya
2026-03-27 11:30:00 - getOutlet.php - Key aplikasi: YbcJSFjkds...
2026-03-27 11:30:00 - getOutlet.php - Expected encrypt: 388a4efa6470a27b196da6c25804cef2
2026-03-27 11:30:00 - getOutlet.php - Received encrypt: 388a4efa6470a27b196da6c25804cef2
2026-03-27 11:30:00 - getOutlet.php - Authentication berhasil
2026-03-27 11:30:00 - getOutlet.php - Query: SELECT id_out, nama_out, '' AS alamat_out, ofcode_out
            FROM outlet 
            WHERE status_out IN ('Active', '1', 'active')
            AND (nama_out LIKE :key OR ofcode_out LIKE :key)
            ORDER BY nama_out ASC
            LIMIT 20
2026-03-27 11:30:00 - getOutlet.php - Query berhasil, mengembalikan 1 record
2026-03-27 11:30:00 - getOutlet.php - === END REQUEST ===
2026-03-27 06:55:50 - getOutlet.php - === REQUEST GETOUTLET ===
2026-03-27 06:55:50 - getOutlet.php - Method: POST
2026-03-27 06:55:50 - getOutlet.php - POST data: {"tgl":"2026-03-27","encrypt":"388a4efa6470a27b196da6c25804cef2","id_apl":"APL01","key":"tz"}
2026-03-27 13:55:50 - getOutlet.php - Params - tgl: 2026-03-27, encrypt: 388a4efa6470a27b196da6c25804cef2, id_apl: APL01, key: tz
2026-03-27 13:55:50 - getOutlet.php - Aplikasi ditemukan: Ya
2026-03-27 13:55:50 - getOutlet.php - Key aplikasi: YbcJSFjkds...
2026-03-27 13:55:50 - getOutlet.php - Expected encrypt: 388a4efa6470a27b196da6c25804cef2
2026-03-27 13:55:50 - getOutlet.php - Received encrypt: 388a4efa6470a27b196da6c25804cef2
2026-03-27 13:55:50 - getOutlet.php - Authentication berhasil
2026-03-27 13:55:50 - getOutlet.php - Query: SELECT id_out, nama_out, '' AS alamat_out, ofcode_out
            FROM outlet 
            WHERE status_out IN ('Active', '1', 'active')
            AND (nama_out LIKE :key OR ofcode_out LIKE :key)
            ORDER BY nama_out ASC
            LIMIT 20
2026-03-27 13:55:50 - getOutlet.php - Query berhasil, mengembalikan 2 record
2026-03-27 13:55:50 - getOutlet.php - === END REQUEST ===
2026-03-27 06:55:50 - getOutlet.php - === REQUEST GETOUTLET ===
2026-03-27 06:55:50 - getOutlet.php - Method: POST
2026-03-27 06:55:50 - getOutlet.php - POST data: {"tgl":"2026-03-27","encrypt":"388a4efa6470a27b196da6c25804cef2","id_apl":"APL01","key":"tzu"}
2026-03-27 13:55:50 - getOutlet.php - Params - tgl: 2026-03-27, encrypt: 388a4efa6470a27b196da6c25804cef2, id_apl: APL01, key: tzu
2026-03-27 13:55:50 - getOutlet.php - Aplikasi ditemukan: Ya
2026-03-27 13:55:50 - getOutlet.php - Key aplikasi: YbcJSFjkds...
2026-03-27 13:55:50 - getOutlet.php - Expected encrypt: 388a4efa6470a27b196da6c25804cef2
2026-03-27 13:55:50 - getOutlet.php - Received encrypt: 388a4efa6470a27b196da6c25804cef2
2026-03-27 13:55:50 - getOutlet.php - Authentication berhasil
2026-03-27 13:55:50 - getOutlet.php - Query: SELECT id_out, nama_out, '' AS alamat_out, ofcode_out
            FROM outlet 
            WHERE status_out IN ('Active', '1', 'active')
            AND (nama_out LIKE :key OR ofcode_out LIKE :key)
            ORDER BY nama_out ASC
            LIMIT 20
2026-03-27 13:55:50 - getOutlet.php - Query berhasil, mengembalikan 2 record
2026-03-27 13:55:50 - getOutlet.php - === END REQUEST ===
2026-03-27 06:55:53 - getOutlet.php - === REQUEST GETOUTLET ===
2026-03-27 06:55:53 - getOutlet.php - Method: POST
2026-03-27 06:55:53 - getOutlet.php - POST data: {"tgl":"2026-03-27","encrypt":"388a4efa6470a27b196da6c25804cef2","id_apl":"APL01","key":"YAYASAN BUDDHA TZU CHI MEDIKA INDONESIA (TZU CHI HOSPITAL)"}
2026-03-27 13:55:53 - getOutlet.php - Params - tgl: 2026-03-27, encrypt: 388a4efa6470a27b196da6c25804cef2, id_apl: APL01, key: YAYASAN BUDDHA TZU CHI MEDIKA INDONESIA (TZU CHI HOSPITAL)
2026-03-27 13:55:53 - getOutlet.php - Aplikasi ditemukan: Ya
2026-03-27 13:55:53 - getOutlet.php - Key aplikasi: YbcJSFjkds...
2026-03-27 13:55:53 - getOutlet.php - Expected encrypt: 388a4efa6470a27b196da6c25804cef2
2026-03-27 13:55:53 - getOutlet.php - Received encrypt: 388a4efa6470a27b196da6c25804cef2
2026-03-27 13:55:53 - getOutlet.php - Authentication berhasil
2026-03-27 13:55:53 - getOutlet.php - Query: SELECT id_out, nama_out, '' AS alamat_out, ofcode_out
            FROM outlet 
            WHERE status_out IN ('Active', '1', 'active')
            AND (nama_out LIKE :key OR ofcode_out LIKE :key)
            ORDER BY nama_out ASC
            LIMIT 20
2026-03-27 13:55:53 - getOutlet.php - Query berhasil, mengembalikan 1 record
2026-03-27 13:55:53 - getOutlet.php - === END REQUEST ===
2026-03-27 07:56:55 - getOutlet.php - === REQUEST GETOUTLET ===
2026-03-27 07:56:55 - getOutlet.php - Method: POST
2026-03-27 07:56:55 - getOutlet.php - POST data: {"tgl":"2026-03-27","encrypt":"388a4efa6470a27b196da6c25804cef2","id_apl":"APL01","key":"Rs"}
2026-03-27 14:56:55 - getOutlet.php - Params - tgl: 2026-03-27, encrypt: 388a4efa6470a27b196da6c25804cef2, id_apl: APL01, key: Rs
2026-03-27 14:56:55 - getOutlet.php - Aplikasi ditemukan: Ya
2026-03-27 14:56:55 - getOutlet.php - Key aplikasi: YbcJSFjkds...
2026-03-27 14:56:55 - getOutlet.php - Expected encrypt: 388a4efa6470a27b196da6c25804cef2
2026-03-27 14:56:55 - getOutlet.php - Received encrypt: 388a4efa6470a27b196da6c25804cef2
2026-03-27 14:56:55 - getOutlet.php - Authentication berhasil
2026-03-27 14:56:55 - getOutlet.php - Query: SELECT id_out, nama_out, '' AS alamat_out, ofcode_out
            FROM outlet 
            WHERE status_out IN ('Active', '1', 'active')
            AND (nama_out LIKE :key OR ofcode_out LIKE :key)
            ORDER BY nama_out ASC
            LIMIT 20
2026-03-27 14:56:55 - getOutlet.php - Query berhasil, mengembalikan 20 record
2026-03-27 14:56:55 - getOutlet.php - === END REQUEST ===
2026-03-27 07:56:55 - getOutlet.php - === REQUEST GETOUTLET ===
2026-03-27 07:56:55 - getOutlet.php - Method: POST
2026-03-27 07:56:55 - getOutlet.php - POST data: {"tgl":"2026-03-27","encrypt":"388a4efa6470a27b196da6c25804cef2","id_apl":"APL01","key":"Rs"}
2026-03-27 14:56:55 - getOutlet.php - Params - tgl: 2026-03-27, encrypt: 388a4efa6470a27b196da6c25804cef2, id_apl: APL01, key: Rs
2026-03-27 14:56:55 - getOutlet.php - Aplikasi ditemukan: Ya
2026-03-27 14:56:55 - getOutlet.php - Key aplikasi: YbcJSFjkds...
2026-03-27 14:56:55 - getOutlet.php - Expected encrypt: 388a4efa6470a27b196da6c25804cef2
2026-03-27 14:56:55 - getOutlet.php - Received encrypt: 388a4efa6470a27b196da6c25804cef2
2026-03-27 14:56:55 - getOutlet.php - Authentication berhasil
2026-03-27 14:56:55 - getOutlet.php - Query: SELECT id_out, nama_out, '' AS alamat_out, ofcode_out
            FROM outlet 
            WHERE status_out IN ('Active', '1', 'active')
            AND (nama_out LIKE :key OR ofcode_out LIKE :key)
            ORDER BY nama_out ASC
            LIMIT 20
2026-03-27 14:56:55 - getOutlet.php - Query berhasil, mengembalikan 20 record
2026-03-27 14:56:55 - getOutlet.php - === END REQUEST ===
2026-03-27 07:56:55 - getOutlet.php - === REQUEST GETOUTLET ===
2026-03-27 07:56:55 - getOutlet.php - Method: POST
2026-03-27 07:56:55 - getOutlet.php - POST data: {"tgl":"2026-03-27","encrypt":"388a4efa6470a27b196da6c25804cef2","id_apl":"APL01","key":"Rs"}
2026-03-27 14:56:55 - getOutlet.php - Params - tgl: 2026-03-27, encrypt: 388a4efa6470a27b196da6c25804cef2, id_apl: APL01, key: Rs
2026-03-27 14:56:55 - getOutlet.php - Aplikasi ditemukan: Ya
2026-03-27 14:56:55 - getOutlet.php - Key aplikasi: YbcJSFjkds...
2026-03-27 14:56:55 - getOutlet.php - Expected encrypt: 388a4efa6470a27b196da6c25804cef2
2026-03-27 14:56:55 - getOutlet.php - Received encrypt: 388a4efa6470a27b196da6c25804cef2
2026-03-27 14:56:55 - getOutlet.php - Authentication berhasil
2026-03-27 14:56:55 - getOutlet.php - Query: SELECT id_out, nama_out, '' AS alamat_out, ofcode_out
            FROM outlet 
            WHERE status_out IN ('Active', '1', 'active')
            AND (nama_out LIKE :key OR ofcode_out LIKE :key)
            ORDER BY nama_out ASC
            LIMIT 20
2026-03-27 14:56:55 - getOutlet.php - Query berhasil, mengembalikan 20 record
2026-03-27 14:56:55 - getOutlet.php - === END REQUEST ===
2026-03-27 07:56:56 - getOutlet.php - === REQUEST GETOUTLET ===
2026-03-27 07:56:56 - getOutlet.php - Method: POST
2026-03-27 07:56:56 - getOutlet.php - POST data: {"tgl":"2026-03-27","encrypt":"388a4efa6470a27b196da6c25804cef2","id_apl":"APL01","key":"Rs h"}
2026-03-27 14:56:56 - getOutlet.php - Params - tgl: 2026-03-27, encrypt: 388a4efa6470a27b196da6c25804cef2, id_apl: APL01, key: Rs h
2026-03-27 14:56:56 - getOutlet.php - Aplikasi ditemukan: Ya
2026-03-27 14:56:56 - getOutlet.php - Key aplikasi: YbcJSFjkds...
2026-03-27 14:56:56 - getOutlet.php - Expected encrypt: 388a4efa6470a27b196da6c25804cef2
2026-03-27 14:56:56 - getOutlet.php - Received encrypt: 388a4efa6470a27b196da6c25804cef2
2026-03-27 14:56:56 - getOutlet.php - Authentication berhasil
2026-03-27 14:56:56 - getOutlet.php - Query: SELECT id_out, nama_out, '' AS alamat_out, ofcode_out
            FROM outlet 
            WHERE status_out IN ('Active', '1', 'active')
            AND (nama_out LIKE :key OR ofcode_out LIKE :key)
            ORDER BY nama_out ASC
            LIMIT 20
2026-03-27 14:56:56 - getOutlet.php - Query berhasil, mengembalikan 14 record
2026-03-27 14:56:56 - getOutlet.php - === END REQUEST ===
2026-03-27 07:56:57 - getOutlet.php - === REQUEST GETOUTLET ===
2026-03-27 07:56:57 - getOutlet.php - Method: POST
2026-03-27 07:56:57 - getOutlet.php - POST data: {"tgl":"2026-03-27","encrypt":"388a4efa6470a27b196da6c25804cef2","id_apl":"APL01","key":"Rs har"}
2026-03-27 14:56:57 - getOutlet.php - Params - tgl: 2026-03-27, encrypt: 388a4efa6470a27b196da6c25804cef2, id_apl: APL01, key: Rs har
2026-03-27 14:56:57 - getOutlet.php - Aplikasi ditemukan: Ya
2026-03-27 14:56:57 - getOutlet.php - Key aplikasi: YbcJSFjkds...
2026-03-27 14:56:57 - getOutlet.php - Expected encrypt: 388a4efa6470a27b196da6c25804cef2
2026-03-27 14:56:57 - getOutlet.php - Received encrypt: 388a4efa6470a27b196da6c25804cef2
2026-03-27 14:56:57 - getOutlet.php - Authentication berhasil
2026-03-27 14:56:57 - getOutlet.php - Query: SELECT id_out, nama_out, '' AS alamat_out, ofcode_out
            FROM outlet 
            WHERE status_out IN ('Active', '1', 'active')
            AND (nama_out LIKE :key OR ofcode_out LIKE :key)
            ORDER BY nama_out ASC
            LIMIT 20
2026-03-27 14:56:57 - getOutlet.php - Query berhasil, mengembalikan 6 record
2026-03-27 14:56:57 - getOutlet.php - === END REQUEST ===
2026-03-27 07:56:57 - getOutlet.php - === REQUEST GETOUTLET ===
2026-03-27 07:56:57 - getOutlet.php - Method: POST
2026-03-27 07:56:57 - getOutlet.php - POST data: {"tgl":"2026-03-27","encrypt":"388a4efa6470a27b196da6c25804cef2","id_apl":"APL01","key":"Rs ha"}
2026-03-27 14:56:57 - getOutlet.php - Params - tgl: 2026-03-27, encrypt: 388a4efa6470a27b196da6c25804cef2, id_apl: APL01, key: Rs ha
2026-03-27 14:56:57 - getOutlet.php - Aplikasi ditemukan: Ya
2026-03-27 14:56:57 - getOutlet.php - Key aplikasi: YbcJSFjkds...
2026-03-27 14:56:57 - getOutlet.php - Expected encrypt: 388a4efa6470a27b196da6c25804cef2
2026-03-27 14:56:57 - getOutlet.php - Received encrypt: 388a4efa6470a27b196da6c25804cef2
2026-03-27 14:56:57 - getOutlet.php - Authentication berhasil
2026-03-27 14:56:57 - getOutlet.php - Query: SELECT id_out, nama_out, '' AS alamat_out, ofcode_out
            FROM outlet 
            WHERE status_out IN ('Active', '1', 'active')
            AND (nama_out LIKE :key OR ofcode_out LIKE :key)
            ORDER BY nama_out ASC
            LIMIT 20
2026-03-27 14:56:57 - getOutlet.php - Query berhasil, mengembalikan 8 record
2026-03-27 14:56:57 - getOutlet.php - === END REQUEST ===
2026-03-27 07:56:59 - getOutlet.php - === REQUEST GETOUTLET ===
2026-03-27 07:56:59 - getOutlet.php - Method: POST
2026-03-27 07:56:59 - getOutlet.php - POST data: {"tgl":"2026-03-27","encrypt":"388a4efa6470a27b196da6c25804cef2","id_apl":"APL01","key":"Rs harap"}
2026-03-27 14:56:59 - getOutlet.php - Params - tgl: 2026-03-27, encrypt: 388a4efa6470a27b196da6c25804cef2, id_apl: APL01, key: Rs harap
2026-03-27 14:56:59 - getOutlet.php - Aplikasi ditemukan: Ya
2026-03-27 14:56:59 - getOutlet.php - Key aplikasi: YbcJSFjkds...
2026-03-27 14:56:59 - getOutlet.php - Expected encrypt: 388a4efa6470a27b196da6c25804cef2
2026-03-27 14:56:59 - getOutlet.php - Received encrypt: 388a4efa6470a27b196da6c25804cef2
2026-03-27 14:56:59 - getOutlet.php - Authentication berhasil
2026-03-27 14:56:59 - getOutlet.php - Query: SELECT id_out, nama_out, '' AS alamat_out, ofcode_out
            FROM outlet 
            WHERE status_out IN ('Active', '1', 'active')
            AND (nama_out LIKE :key OR ofcode_out LIKE :key)
            ORDER BY nama_out ASC
            LIMIT 20
2026-03-27 14:56:59 - getOutlet.php - Query berhasil, mengembalikan 5 record
2026-03-27 14:56:59 - getOutlet.php - === END REQUEST ===
2026-03-27 07:56:59 - getOutlet.php - === REQUEST GETOUTLET ===
2026-03-27 07:56:59 - getOutlet.php - Method: POST
2026-03-27 07:56:59 - getOutlet.php - POST data: {"tgl":"2026-03-27","encrypt":"388a4efa6470a27b196da6c25804cef2","id_apl":"APL01","key":"Rs hara"}
2026-03-27 14:56:59 - getOutlet.php - Params - tgl: 2026-03-27, encrypt: 388a4efa6470a27b196da6c25804cef2, id_apl: APL01, key: Rs hara
2026-03-27 14:56:59 - getOutlet.php - Aplikasi ditemukan: Ya
2026-03-27 14:56:59 - getOutlet.php - Key aplikasi: YbcJSFjkds...
2026-03-27 14:56:59 - getOutlet.php - Expected encrypt: 388a4efa6470a27b196da6c25804cef2
2026-03-27 14:56:59 - getOutlet.php - Received encrypt: 388a4efa6470a27b196da6c25804cef2
2026-03-27 14:56:59 - getOutlet.php - Authentication berhasil
2026-03-27 14:56:59 - getOutlet.php - Query: SELECT id_out, nama_out, '' AS alamat_out, ofcode_out
            FROM outlet 
            WHERE status_out IN ('Active', '1', 'active')
            AND (nama_out LIKE :key OR ofcode_out LIKE :key)
            ORDER BY nama_out ASC
            LIMIT 20
2026-03-27 14:56:59 - getOutlet.php - Query berhasil, mengembalikan 5 record
2026-03-27 14:56:59 - getOutlet.php - === END REQUEST ===
2026-03-27 07:57:00 - getOutlet.php - === REQUEST GETOUTLET ===
2026-03-27 07:57:00 - getOutlet.php - Method: POST
2026-03-27 07:57:00 - getOutlet.php - POST data: {"tgl":"2026-03-27","encrypt":"388a4efa6470a27b196da6c25804cef2","id_apl":"APL01","key":"Rs harapa"}
2026-03-27 14:57:00 - getOutlet.php - Params - tgl: 2026-03-27, encrypt: 388a4efa6470a27b196da6c25804cef2, id_apl: APL01, key: Rs harapa
2026-03-27 14:57:00 - getOutlet.php - Aplikasi ditemukan: Ya
2026-03-27 14:57:00 - getOutlet.php - Key aplikasi: YbcJSFjkds...
2026-03-27 14:57:00 - getOutlet.php - Expected encrypt: 388a4efa6470a27b196da6c25804cef2
2026-03-27 14:57:00 - getOutlet.php - Received encrypt: 388a4efa6470a27b196da6c25804cef2
2026-03-27 14:57:00 - getOutlet.php - Authentication berhasil
2026-03-27 14:57:00 - getOutlet.php - Query: SELECT id_out, nama_out, '' AS alamat_out, ofcode_out
            FROM outlet 
            WHERE status_out IN ('Active', '1', 'active')
            AND (nama_out LIKE :key OR ofcode_out LIKE :key)
            ORDER BY nama_out ASC
            LIMIT 20
2026-03-27 14:57:00 - getOutlet.php - Query berhasil, mengembalikan 5 record
2026-03-27 14:57:00 - getOutlet.php - === END REQUEST ===
2026-03-27 07:57:01 - getOutlet.php - === REQUEST GETOUTLET ===
2026-03-27 07:57:01 - getOutlet.php - Method: POST
2026-03-27 07:57:01 - getOutlet.php - POST data: {"tgl":"2026-03-27","encrypt":"388a4efa6470a27b196da6c25804cef2","id_apl":"APL01","key":"RS Harapan Bunda "}
2026-03-27 14:57:01 - getOutlet.php - Params - tgl: 2026-03-27, encrypt: 388a4efa6470a27b196da6c25804cef2, id_apl: APL01, key: RS Harapan Bunda
2026-03-27 14:57:01 - getOutlet.php - Aplikasi ditemukan: Ya
2026-03-27 14:57:01 - getOutlet.php - Key aplikasi: YbcJSFjkds...
2026-03-27 14:57:01 - getOutlet.php - Expected encrypt: 388a4efa6470a27b196da6c25804cef2
2026-03-27 14:57:01 - getOutlet.php - Received encrypt: 388a4efa6470a27b196da6c25804cef2
2026-03-27 14:57:01 - getOutlet.php - Authentication berhasil
2026-03-27 14:57:01 - getOutlet.php - Query: SELECT id_out, nama_out, '' AS alamat_out, ofcode_out
            FROM outlet 
            WHERE status_out IN ('Active', '1', 'active')
            AND (nama_out LIKE :key OR ofcode_out LIKE :key)
            ORDER BY nama_out ASC
            LIMIT 20
2026-03-27 14:57:01 - getOutlet.php - Query berhasil, mengembalikan 1 record
2026-03-27 14:57:01 - getOutlet.php - === END REQUEST ===
