2026-04-28 03:33:23 - getOutlet.php - === REQUEST GETOUTLET ===
2026-04-28 03:33:23 - getOutlet.php - Method: POST
2026-04-28 03:33:23 - getOutlet.php - POST data: {"tgl":"2026-04-28","encrypt":"41c7aa6da1665eab307362296dd568d0","id_apl":"APL01","key":"Ap"}
2026-04-28 10:33:23 - getOutlet.php - Params - tgl: 2026-04-28, encrypt: 41c7aa6da1665eab307362296dd568d0, id_apl: APL01, key: Ap
2026-04-28 10:33:23 - getOutlet.php - Aplikasi ditemukan: Ya
2026-04-28 10:33:23 - getOutlet.php - Key aplikasi: YbcJSFjkds...
2026-04-28 10:33:23 - getOutlet.php - Expected encrypt: 41c7aa6da1665eab307362296dd568d0
2026-04-28 10:33:23 - getOutlet.php - Received encrypt: 41c7aa6da1665eab307362296dd568d0
2026-04-28 10:33:23 - getOutlet.php - Authentication berhasil
2026-04-28 10:33:23 - getOutlet.php - Query: SELECT id_out, nama_out, '' AS alamat_out, ofcode_out
            FROM outlet 
            WHERE status_out IN ('Active', '1', 'active')
            AND (nama_out LIKE :key OR ofcode_out LIKE :key)
            ORDER BY nama_out ASC
            LIMIT 20
2026-04-28 10:33:23 - getOutlet.php - Query berhasil, mengembalikan 20 record
2026-04-28 10:33:23 - getOutlet.php - === END REQUEST ===
2026-04-28 03:33:23 - getOutlet.php - === REQUEST GETOUTLET ===
2026-04-28 03:33:23 - getOutlet.php - Method: POST
2026-04-28 03:33:23 - getOutlet.php - POST data: {"tgl":"2026-04-28","encrypt":"41c7aa6da1665eab307362296dd568d0","id_apl":"APL01","key":"Apo"}
2026-04-28 10:33:23 - getOutlet.php - Params - tgl: 2026-04-28, encrypt: 41c7aa6da1665eab307362296dd568d0, id_apl: APL01, key: Apo
2026-04-28 10:33:23 - getOutlet.php - Aplikasi ditemukan: Ya
2026-04-28 10:33:23 - getOutlet.php - Key aplikasi: YbcJSFjkds...
2026-04-28 10:33:23 - getOutlet.php - Expected encrypt: 41c7aa6da1665eab307362296dd568d0
2026-04-28 10:33:23 - getOutlet.php - Received encrypt: 41c7aa6da1665eab307362296dd568d0
2026-04-28 10:33:23 - getOutlet.php - Authentication berhasil
2026-04-28 10:33:23 - getOutlet.php - Query: SELECT id_out, nama_out, '' AS alamat_out, ofcode_out
            FROM outlet 
            WHERE status_out IN ('Active', '1', 'active')
            AND (nama_out LIKE :key OR ofcode_out LIKE :key)
            ORDER BY nama_out ASC
            LIMIT 20
2026-04-28 10:33:23 - getOutlet.php - Query berhasil, mengembalikan 20 record
2026-04-28 10:33:23 - getOutlet.php - === END REQUEST ===
2026-04-28 03:33:24 - getOutlet.php - === REQUEST GETOUTLET ===
2026-04-28 03:33:24 - getOutlet.php - Method: POST
2026-04-28 03:33:24 - getOutlet.php - POST data: {"tgl":"2026-04-28","encrypt":"41c7aa6da1665eab307362296dd568d0","id_apl":"APL01","key":"Apotek"}
2026-04-28 10:33:24 - getOutlet.php - Params - tgl: 2026-04-28, encrypt: 41c7aa6da1665eab307362296dd568d0, id_apl: APL01, key: Apotek
2026-04-28 10:33:24 - getOutlet.php - Aplikasi ditemukan: Ya
2026-04-28 10:33:24 - getOutlet.php - Key aplikasi: YbcJSFjkds...
2026-04-28 10:33:24 - getOutlet.php - Expected encrypt: 41c7aa6da1665eab307362296dd568d0
2026-04-28 10:33:24 - getOutlet.php - Received encrypt: 41c7aa6da1665eab307362296dd568d0
2026-04-28 10:33:24 - getOutlet.php - Authentication berhasil
2026-04-28 10:33:24 - getOutlet.php - Query: SELECT id_out, nama_out, '' AS alamat_out, ofcode_out
            FROM outlet 
            WHERE status_out IN ('Active', '1', 'active')
            AND (nama_out LIKE :key OR ofcode_out LIKE :key)
            ORDER BY nama_out ASC
            LIMIT 20
2026-04-28 10:33:24 - getOutlet.php - Query berhasil, mengembalikan 20 record
2026-04-28 10:33:24 - getOutlet.php - === END REQUEST ===
2026-04-28 03:33:27 - getOutlet.php - === REQUEST GETOUTLET ===
2026-04-28 03:33:27 - getOutlet.php - Method: POST
2026-04-28 03:33:27 - getOutlet.php - POST data: {"tgl":"2026-04-28","encrypt":"41c7aa6da1665eab307362296dd568d0","id_apl":"APL01","key":"Apotek f"}
2026-04-28 10:33:27 - getOutlet.php - Params - tgl: 2026-04-28, encrypt: 41c7aa6da1665eab307362296dd568d0, id_apl: APL01, key: Apotek f
2026-04-28 10:33:27 - getOutlet.php - Aplikasi ditemukan: Ya
2026-04-28 10:33:27 - getOutlet.php - Key aplikasi: YbcJSFjkds...
2026-04-28 10:33:27 - getOutlet.php - Expected encrypt: 41c7aa6da1665eab307362296dd568d0
2026-04-28 10:33:27 - getOutlet.php - Received encrypt: 41c7aa6da1665eab307362296dd568d0
2026-04-28 10:33:27 - getOutlet.php - Authentication berhasil
2026-04-28 10:33:27 - getOutlet.php - Query: SELECT id_out, nama_out, '' AS alamat_out, ofcode_out
            FROM outlet 
            WHERE status_out IN ('Active', '1', 'active')
            AND (nama_out LIKE :key OR ofcode_out LIKE :key)
            ORDER BY nama_out ASC
            LIMIT 20
2026-04-28 10:33:27 - getOutlet.php - Query berhasil, mengembalikan 20 record
2026-04-28 10:33:27 - getOutlet.php - === END REQUEST ===
2026-04-28 03:33:27 - getOutlet.php - === REQUEST GETOUTLET ===
2026-04-28 03:33:27 - getOutlet.php - Method: POST
2026-04-28 03:33:27 - getOutlet.php - POST data: {"tgl":"2026-04-28","encrypt":"41c7aa6da1665eab307362296dd568d0","id_apl":"APL01","key":"Apotek"}
2026-04-28 10:33:27 - getOutlet.php - Params - tgl: 2026-04-28, encrypt: 41c7aa6da1665eab307362296dd568d0, id_apl: APL01, key: Apotek
2026-04-28 10:33:27 - getOutlet.php - Aplikasi ditemukan: Ya
2026-04-28 10:33:27 - getOutlet.php - Key aplikasi: YbcJSFjkds...
2026-04-28 10:33:27 - getOutlet.php - Expected encrypt: 41c7aa6da1665eab307362296dd568d0
2026-04-28 10:33:27 - getOutlet.php - Received encrypt: 41c7aa6da1665eab307362296dd568d0
2026-04-28 10:33:27 - getOutlet.php - Authentication berhasil
2026-04-28 10:33:27 - getOutlet.php - Query: SELECT id_out, nama_out, '' AS alamat_out, ofcode_out
            FROM outlet 
            WHERE status_out IN ('Active', '1', 'active')
            AND (nama_out LIKE :key OR ofcode_out LIKE :key)
            ORDER BY nama_out ASC
            LIMIT 20
2026-04-28 10:33:27 - getOutlet.php - Query berhasil, mengembalikan 20 record
2026-04-28 10:33:27 - getOutlet.php - === END REQUEST ===
2026-04-28 03:33:27 - getOutlet.php - === REQUEST GETOUTLET ===
2026-04-28 03:33:27 - getOutlet.php - Method: POST
2026-04-28 03:33:27 - getOutlet.php - POST data: {"tgl":"2026-04-28","encrypt":"41c7aa6da1665eab307362296dd568d0","id_apl":"APL01","key":"Apotek fa"}
2026-04-28 10:33:27 - getOutlet.php - Params - tgl: 2026-04-28, encrypt: 41c7aa6da1665eab307362296dd568d0, id_apl: APL01, key: Apotek fa
2026-04-28 10:33:27 - getOutlet.php - Aplikasi ditemukan: Ya
2026-04-28 10:33:27 - getOutlet.php - Key aplikasi: YbcJSFjkds...
2026-04-28 10:33:27 - getOutlet.php - Expected encrypt: 41c7aa6da1665eab307362296dd568d0
2026-04-28 10:33:27 - getOutlet.php - Received encrypt: 41c7aa6da1665eab307362296dd568d0
2026-04-28 10:33:27 - getOutlet.php - Authentication berhasil
2026-04-28 10:33:27 - getOutlet.php - Query: SELECT id_out, nama_out, '' AS alamat_out, ofcode_out
            FROM outlet 
            WHERE status_out IN ('Active', '1', 'active')
            AND (nama_out LIKE :key OR ofcode_out LIKE :key)
            ORDER BY nama_out ASC
            LIMIT 20
2026-04-28 10:33:27 - getOutlet.php - Query berhasil, mengembalikan 20 record
2026-04-28 10:33:27 - getOutlet.php - === END REQUEST ===
2026-04-28 03:33:27 - getOutlet.php - === REQUEST GETOUTLET ===
2026-04-28 03:33:27 - getOutlet.php - Method: POST
2026-04-28 03:33:27 - getOutlet.php - POST data: {"tgl":"2026-04-28","encrypt":"41c7aa6da1665eab307362296dd568d0","id_apl":"APL01","key":"Apotek far"}
2026-04-28 10:33:27 - getOutlet.php - Params - tgl: 2026-04-28, encrypt: 41c7aa6da1665eab307362296dd568d0, id_apl: APL01, key: Apotek far
2026-04-28 10:33:27 - getOutlet.php - Aplikasi ditemukan: Ya
2026-04-28 10:33:27 - getOutlet.php - Key aplikasi: YbcJSFjkds...
2026-04-28 10:33:27 - getOutlet.php - Expected encrypt: 41c7aa6da1665eab307362296dd568d0
2026-04-28 10:33:27 - getOutlet.php - Received encrypt: 41c7aa6da1665eab307362296dd568d0
2026-04-28 10:33:27 - getOutlet.php - Authentication berhasil
2026-04-28 10:33:27 - getOutlet.php - Query: SELECT id_out, nama_out, '' AS alamat_out, ofcode_out
            FROM outlet 
            WHERE status_out IN ('Active', '1', 'active')
            AND (nama_out LIKE :key OR ofcode_out LIKE :key)
            ORDER BY nama_out ASC
            LIMIT 20
2026-04-28 10:33:27 - getOutlet.php - Query berhasil, mengembalikan 20 record
2026-04-28 10:33:27 - getOutlet.php - === END REQUEST ===
2026-04-28 03:33:28 - getOutlet.php - === REQUEST GETOUTLET ===
2026-04-28 03:33:28 - getOutlet.php - Method: POST
2026-04-28 03:33:28 - getOutlet.php - POST data: {"tgl":"2026-04-28","encrypt":"41c7aa6da1665eab307362296dd568d0","id_apl":"APL01","key":"Apotek farm"}
2026-04-28 10:33:28 - getOutlet.php - Params - tgl: 2026-04-28, encrypt: 41c7aa6da1665eab307362296dd568d0, id_apl: APL01, key: Apotek farm
2026-04-28 10:33:28 - getOutlet.php - Aplikasi ditemukan: Ya
2026-04-28 10:33:28 - getOutlet.php - Key aplikasi: YbcJSFjkds...
2026-04-28 10:33:28 - getOutlet.php - Expected encrypt: 41c7aa6da1665eab307362296dd568d0
2026-04-28 10:33:28 - getOutlet.php - Received encrypt: 41c7aa6da1665eab307362296dd568d0
2026-04-28 10:33:28 - getOutlet.php - Authentication berhasil
2026-04-28 10:33:28 - getOutlet.php - Query: SELECT id_out, nama_out, '' AS alamat_out, ofcode_out
            FROM outlet 
            WHERE status_out IN ('Active', '1', 'active')
            AND (nama_out LIKE :key OR ofcode_out LIKE :key)
            ORDER BY nama_out ASC
            LIMIT 20
2026-04-28 10:33:28 - getOutlet.php - Query berhasil, mengembalikan 11 record
2026-04-28 10:33:28 - getOutlet.php - === END REQUEST ===
2026-04-28 03:33:28 - getOutlet.php - === REQUEST GETOUTLET ===
2026-04-28 03:33:28 - getOutlet.php - Method: POST
2026-04-28 03:33:28 - getOutlet.php - POST data: {"tgl":"2026-04-28","encrypt":"41c7aa6da1665eab307362296dd568d0","id_apl":"APL01","key":"Apotek farma"}
2026-04-28 10:33:28 - getOutlet.php - Params - tgl: 2026-04-28, encrypt: 41c7aa6da1665eab307362296dd568d0, id_apl: APL01, key: Apotek farma
2026-04-28 10:33:28 - getOutlet.php - Aplikasi ditemukan: Ya
2026-04-28 10:33:28 - getOutlet.php - Key aplikasi: YbcJSFjkds...
2026-04-28 10:33:28 - getOutlet.php - Expected encrypt: 41c7aa6da1665eab307362296dd568d0
2026-04-28 10:33:28 - getOutlet.php - Received encrypt: 41c7aa6da1665eab307362296dd568d0
2026-04-28 10:33:28 - getOutlet.php - Authentication berhasil
2026-04-28 10:33:28 - getOutlet.php - Query: SELECT id_out, nama_out, '' AS alamat_out, ofcode_out
            FROM outlet 
            WHERE status_out IN ('Active', '1', 'active')
            AND (nama_out LIKE :key OR ofcode_out LIKE :key)
            ORDER BY nama_out ASC
            LIMIT 20
2026-04-28 10:33:28 - getOutlet.php - Query berhasil, mengembalikan 11 record
2026-04-28 10:33:28 - getOutlet.php - === END REQUEST ===
2026-04-28 03:33:28 - getOutlet.php - === REQUEST GETOUTLET ===
2026-04-28 03:33:28 - getOutlet.php - Method: POST
2026-04-28 03:33:28 - getOutlet.php - POST data: {"tgl":"2026-04-28","encrypt":"41c7aa6da1665eab307362296dd568d0","id_apl":"APL01","key":"Apotek farmar"}
2026-04-28 10:33:28 - getOutlet.php - Params - tgl: 2026-04-28, encrypt: 41c7aa6da1665eab307362296dd568d0, id_apl: APL01, key: Apotek farmar
2026-04-28 10:33:28 - getOutlet.php - Aplikasi ditemukan: Ya
2026-04-28 10:33:28 - getOutlet.php - Key aplikasi: YbcJSFjkds...
2026-04-28 10:33:28 - getOutlet.php - Expected encrypt: 41c7aa6da1665eab307362296dd568d0
2026-04-28 10:33:28 - getOutlet.php - Received encrypt: 41c7aa6da1665eab307362296dd568d0
2026-04-28 10:33:28 - getOutlet.php - Authentication berhasil
2026-04-28 10:33:28 - getOutlet.php - Query: SELECT id_out, nama_out, '' AS alamat_out, ofcode_out
            FROM outlet 
            WHERE status_out IN ('Active', '1', 'active')
            AND (nama_out LIKE :key OR ofcode_out LIKE :key)
            ORDER BY nama_out ASC
            LIMIT 20
2026-04-28 10:33:28 - getOutlet.php - Query berhasil, mengembalikan 9 record
2026-04-28 10:33:28 - getOutlet.php - === END REQUEST ===
2026-04-28 03:33:29 - getOutlet.php - === REQUEST GETOUTLET ===
2026-04-28 03:33:29 - getOutlet.php - Method: POST
2026-04-28 03:33:29 - getOutlet.php - POST data: {"tgl":"2026-04-28","encrypt":"41c7aa6da1665eab307362296dd568d0","id_apl":"APL01","key":"Apotek farmari"}
2026-04-28 10:33:29 - getOutlet.php - Params - tgl: 2026-04-28, encrypt: 41c7aa6da1665eab307362296dd568d0, id_apl: APL01, key: Apotek farmari
2026-04-28 10:33:29 - getOutlet.php - Aplikasi ditemukan: Ya
2026-04-28 10:33:29 - getOutlet.php - Key aplikasi: YbcJSFjkds...
2026-04-28 10:33:29 - getOutlet.php - Expected encrypt: 41c7aa6da1665eab307362296dd568d0
2026-04-28 10:33:29 - getOutlet.php - Received encrypt: 41c7aa6da1665eab307362296dd568d0
2026-04-28 10:33:29 - getOutlet.php - Authentication berhasil
2026-04-28 10:33:29 - getOutlet.php - Query: SELECT id_out, nama_out, '' AS alamat_out, ofcode_out
            FROM outlet 
            WHERE status_out IN ('Active', '1', 'active')
            AND (nama_out LIKE :key OR ofcode_out LIKE :key)
            ORDER BY nama_out ASC
            LIMIT 20
2026-04-28 10:33:29 - getOutlet.php - Query berhasil, mengembalikan 9 record
2026-04-28 10:33:29 - getOutlet.php - === END REQUEST ===
2026-04-28 03:33:30 - getOutlet.php - === REQUEST GETOUTLET ===
2026-04-28 03:33:30 - getOutlet.php - Method: POST
2026-04-28 03:33:30 - getOutlet.php - POST data: {"tgl":"2026-04-28","encrypt":"41c7aa6da1665eab307362296dd568d0","id_apl":"APL01","key":"APOTEK FARMARIN 3 BIDAKARA"}
2026-04-28 10:33:30 - getOutlet.php - Params - tgl: 2026-04-28, encrypt: 41c7aa6da1665eab307362296dd568d0, id_apl: APL01, key: APOTEK FARMARIN 3 BIDAKARA
2026-04-28 10:33:30 - getOutlet.php - Aplikasi ditemukan: Ya
2026-04-28 10:33:30 - getOutlet.php - Key aplikasi: YbcJSFjkds...
2026-04-28 10:33:30 - getOutlet.php - Expected encrypt: 41c7aa6da1665eab307362296dd568d0
2026-04-28 10:33:30 - getOutlet.php - Received encrypt: 41c7aa6da1665eab307362296dd568d0
2026-04-28 10:33:30 - getOutlet.php - Authentication berhasil
2026-04-28 10:33:30 - getOutlet.php - Query: SELECT id_out, nama_out, '' AS alamat_out, ofcode_out
            FROM outlet 
            WHERE status_out IN ('Active', '1', 'active')
            AND (nama_out LIKE :key OR ofcode_out LIKE :key)
            ORDER BY nama_out ASC
            LIMIT 20
2026-04-28 10:33:30 - getOutlet.php - Query berhasil, mengembalikan 1 record
2026-04-28 10:33:30 - getOutlet.php - === END REQUEST ===
2026-04-28 03:33:43 - getOutlet.php - === REQUEST GETOUTLET ===
2026-04-28 03:33:43 - getOutlet.php - Method: POST
2026-04-28 03:33:43 - getOutlet.php - POST data: {"tgl":"2026-04-28","encrypt":"41c7aa6da1665eab307362296dd568d0","id_apl":"APL01","key":"Sil"}
2026-04-28 10:33:43 - getOutlet.php - Params - tgl: 2026-04-28, encrypt: 41c7aa6da1665eab307362296dd568d0, id_apl: APL01, key: Sil
2026-04-28 10:33:43 - getOutlet.php - Aplikasi ditemukan: Ya
2026-04-28 10:33:43 - getOutlet.php - Key aplikasi: YbcJSFjkds...
2026-04-28 10:33:43 - getOutlet.php - Expected encrypt: 41c7aa6da1665eab307362296dd568d0
2026-04-28 10:33:43 - getOutlet.php - Received encrypt: 41c7aa6da1665eab307362296dd568d0
2026-04-28 10:33:43 - getOutlet.php - Authentication berhasil
2026-04-28 10:33:43 - getOutlet.php - Query: SELECT id_out, nama_out, '' AS alamat_out, ofcode_out
            FROM outlet 
            WHERE status_out IN ('Active', '1', 'active')
            AND (nama_out LIKE :key OR ofcode_out LIKE :key)
            ORDER BY nama_out ASC
            LIMIT 20
2026-04-28 10:33:43 - getOutlet.php - Query berhasil, mengembalikan 19 record
2026-04-28 10:33:43 - getOutlet.php - === END REQUEST ===
2026-04-28 03:33:43 - getOutlet.php - === REQUEST GETOUTLET ===
2026-04-28 03:33:43 - getOutlet.php - Method: POST
2026-04-28 03:33:43 - getOutlet.php - POST data: {"tgl":"2026-04-28","encrypt":"41c7aa6da1665eab307362296dd568d0","id_apl":"APL01","key":"Si"}
2026-04-28 10:33:43 - getOutlet.php - Params - tgl: 2026-04-28, encrypt: 41c7aa6da1665eab307362296dd568d0, id_apl: APL01, key: Si
2026-04-28 10:33:43 - getOutlet.php - Aplikasi ditemukan: Ya
2026-04-28 10:33:43 - getOutlet.php - Key aplikasi: YbcJSFjkds...
2026-04-28 10:33:43 - getOutlet.php - Expected encrypt: 41c7aa6da1665eab307362296dd568d0
2026-04-28 10:33:43 - getOutlet.php - Received encrypt: 41c7aa6da1665eab307362296dd568d0
2026-04-28 10:33:43 - getOutlet.php - Authentication berhasil
2026-04-28 10:33:43 - getOutlet.php - Query: SELECT id_out, nama_out, '' AS alamat_out, ofcode_out
            FROM outlet 
            WHERE status_out IN ('Active', '1', 'active')
            AND (nama_out LIKE :key OR ofcode_out LIKE :key)
            ORDER BY nama_out ASC
            LIMIT 20
2026-04-28 10:33:43 - getOutlet.php - Query berhasil, mengembalikan 20 record
2026-04-28 10:33:43 - getOutlet.php - === END REQUEST ===
2026-04-28 03:33:43 - getOutlet.php - === REQUEST GETOUTLET ===
2026-04-28 03:33:43 - getOutlet.php - Method: POST
2026-04-28 03:33:43 - getOutlet.php - POST data: {"tgl":"2026-04-28","encrypt":"41c7aa6da1665eab307362296dd568d0","id_apl":"APL01","key":"Silo"}
2026-04-28 10:33:43 - getOutlet.php - Params - tgl: 2026-04-28, encrypt: 41c7aa6da1665eab307362296dd568d0, id_apl: APL01, key: Silo
2026-04-28 10:33:43 - getOutlet.php - Aplikasi ditemukan: Ya
2026-04-28 10:33:43 - getOutlet.php - Key aplikasi: YbcJSFjkds...
2026-04-28 10:33:43 - getOutlet.php - Expected encrypt: 41c7aa6da1665eab307362296dd568d0
2026-04-28 10:33:43 - getOutlet.php - Received encrypt: 41c7aa6da1665eab307362296dd568d0
2026-04-28 10:33:43 - getOutlet.php - Authentication berhasil
2026-04-28 10:33:43 - getOutlet.php - Query: SELECT id_out, nama_out, '' AS alamat_out, ofcode_out
            FROM outlet 
            WHERE status_out IN ('Active', '1', 'active')
            AND (nama_out LIKE :key OR ofcode_out LIKE :key)
            ORDER BY nama_out ASC
            LIMIT 20
2026-04-28 10:33:43 - getOutlet.php - Query berhasil, mengembalikan 17 record
2026-04-28 10:33:43 - getOutlet.php - === END REQUEST ===
2026-04-28 03:33:43 - getOutlet.php - === REQUEST GETOUTLET ===
2026-04-28 03:33:43 - getOutlet.php - Method: POST
2026-04-28 03:33:43 - getOutlet.php - POST data: {"tgl":"2026-04-28","encrypt":"41c7aa6da1665eab307362296dd568d0","id_apl":"APL01","key":"Siloa"}
2026-04-28 10:33:43 - getOutlet.php - Params - tgl: 2026-04-28, encrypt: 41c7aa6da1665eab307362296dd568d0, id_apl: APL01, key: Siloa
2026-04-28 10:33:43 - getOutlet.php - Aplikasi ditemukan: Ya
2026-04-28 10:33:43 - getOutlet.php - Key aplikasi: YbcJSFjkds...
2026-04-28 10:33:43 - getOutlet.php - Expected encrypt: 41c7aa6da1665eab307362296dd568d0
2026-04-28 10:33:43 - getOutlet.php - Received encrypt: 41c7aa6da1665eab307362296dd568d0
2026-04-28 10:33:43 - getOutlet.php - Authentication berhasil
2026-04-28 10:33:43 - getOutlet.php - Query: SELECT id_out, nama_out, '' AS alamat_out, ofcode_out
            FROM outlet 
            WHERE status_out IN ('Active', '1', 'active')
            AND (nama_out LIKE :key OR ofcode_out LIKE :key)
            ORDER BY nama_out ASC
            LIMIT 20
2026-04-28 10:33:43 - getOutlet.php - Query berhasil, mengembalikan 17 record
2026-04-28 10:33:43 - getOutlet.php - === END REQUEST ===
2026-04-28 03:33:43 - getOutlet.php - === REQUEST GETOUTLET ===
2026-04-28 03:33:43 - getOutlet.php - Method: POST
2026-04-28 03:33:43 - getOutlet.php - POST data: {"tgl":"2026-04-28","encrypt":"41c7aa6da1665eab307362296dd568d0","id_apl":"APL01","key":"Siloam"}
2026-04-28 10:33:43 - getOutlet.php - Params - tgl: 2026-04-28, encrypt: 41c7aa6da1665eab307362296dd568d0, id_apl: APL01, key: Siloam
2026-04-28 10:33:43 - getOutlet.php - Aplikasi ditemukan: Ya
2026-04-28 10:33:43 - getOutlet.php - Key aplikasi: YbcJSFjkds...
2026-04-28 10:33:43 - getOutlet.php - Expected encrypt: 41c7aa6da1665eab307362296dd568d0
2026-04-28 10:33:43 - getOutlet.php - Received encrypt: 41c7aa6da1665eab307362296dd568d0
2026-04-28 10:33:43 - getOutlet.php - Authentication berhasil
2026-04-28 10:33:43 - getOutlet.php - Query: SELECT id_out, nama_out, '' AS alamat_out, ofcode_out
            FROM outlet 
            WHERE status_out IN ('Active', '1', 'active')
            AND (nama_out LIKE :key OR ofcode_out LIKE :key)
            ORDER BY nama_out ASC
            LIMIT 20
2026-04-28 10:33:43 - getOutlet.php - Query berhasil, mengembalikan 17 record
2026-04-28 10:33:43 - getOutlet.php - === END REQUEST ===
2026-04-28 03:33:49 - getOutlet.php - === REQUEST GETOUTLET ===
2026-04-28 03:33:49 - getOutlet.php - Method: POST
2026-04-28 03:33:49 - getOutlet.php - POST data: {"tgl":"2026-04-28","encrypt":"41c7aa6da1665eab307362296dd568d0","id_apl":"APL01","key":"RS SILOAM MAMPANG"}
2026-04-28 10:33:49 - getOutlet.php - Params - tgl: 2026-04-28, encrypt: 41c7aa6da1665eab307362296dd568d0, id_apl: APL01, key: RS SILOAM MAMPANG
2026-04-28 10:33:49 - getOutlet.php - Aplikasi ditemukan: Ya
2026-04-28 10:33:49 - getOutlet.php - Key aplikasi: YbcJSFjkds...
2026-04-28 10:33:49 - getOutlet.php - Expected encrypt: 41c7aa6da1665eab307362296dd568d0
2026-04-28 10:33:49 - getOutlet.php - Received encrypt: 41c7aa6da1665eab307362296dd568d0
2026-04-28 10:33:49 - getOutlet.php - Authentication berhasil
2026-04-28 10:33:49 - getOutlet.php - Query: SELECT id_out, nama_out, '' AS alamat_out, ofcode_out
            FROM outlet 
            WHERE status_out IN ('Active', '1', 'active')
            AND (nama_out LIKE :key OR ofcode_out LIKE :key)
            ORDER BY nama_out ASC
            LIMIT 20
2026-04-28 10:33:49 - getOutlet.php - Query berhasil, mengembalikan 1 record
2026-04-28 10:33:49 - getOutlet.php - === END REQUEST ===
2026-04-28 03:34:43 - getOutlet.php - === REQUEST GETOUTLET ===
2026-04-28 03:34:43 - getOutlet.php - Method: POST
2026-04-28 03:34:43 - getOutlet.php - POST data: {"tgl":"2026-04-28","encrypt":"41c7aa6da1665eab307362296dd568d0","id_apl":"APL01","key":"Rs"}
2026-04-28 10:34:43 - getOutlet.php - Params - tgl: 2026-04-28, encrypt: 41c7aa6da1665eab307362296dd568d0, id_apl: APL01, key: Rs
2026-04-28 10:34:43 - getOutlet.php - Aplikasi ditemukan: Ya
2026-04-28 10:34:43 - getOutlet.php - Key aplikasi: YbcJSFjkds...
2026-04-28 10:34:43 - getOutlet.php - Expected encrypt: 41c7aa6da1665eab307362296dd568d0
2026-04-28 10:34:43 - getOutlet.php - Received encrypt: 41c7aa6da1665eab307362296dd568d0
2026-04-28 10:34:43 - getOutlet.php - Authentication berhasil
2026-04-28 10:34:43 - getOutlet.php - Query: SELECT id_out, nama_out, '' AS alamat_out, ofcode_out
            FROM outlet 
            WHERE status_out IN ('Active', '1', 'active')
            AND (nama_out LIKE :key OR ofcode_out LIKE :key)
            ORDER BY nama_out ASC
            LIMIT 20
2026-04-28 10:34:43 - getOutlet.php - Query berhasil, mengembalikan 20 record
2026-04-28 10:34:43 - getOutlet.php - === END REQUEST ===
2026-04-28 03:34:44 - getOutlet.php - === REQUEST GETOUTLET ===
2026-04-28 03:34:44 - getOutlet.php - Method: POST
2026-04-28 03:34:44 - getOutlet.php - POST data: {"tgl":"2026-04-28","encrypt":"41c7aa6da1665eab307362296dd568d0","id_apl":"APL01","key":"Rs"}
2026-04-28 10:34:44 - getOutlet.php - Params - tgl: 2026-04-28, encrypt: 41c7aa6da1665eab307362296dd568d0, id_apl: APL01, key: Rs
2026-04-28 10:34:44 - getOutlet.php - Aplikasi ditemukan: Ya
2026-04-28 10:34:44 - getOutlet.php - Key aplikasi: YbcJSFjkds...
2026-04-28 10:34:44 - getOutlet.php - Expected encrypt: 41c7aa6da1665eab307362296dd568d0
2026-04-28 10:34:44 - getOutlet.php - Received encrypt: 41c7aa6da1665eab307362296dd568d0
2026-04-28 10:34:44 - getOutlet.php - Authentication berhasil
2026-04-28 03:34:44 - getOutlet.php - === REQUEST GETOUTLET ===
2026-04-28 03:34:44 - getOutlet.php - Method: POST
2026-04-28 10:34:44 - getOutlet.php - Query: SELECT id_out, nama_out, '' AS alamat_out, ofcode_out
            FROM outlet 
            WHERE status_out IN ('Active', '1', 'active')
            AND (nama_out LIKE :key OR ofcode_out LIKE :key)
            ORDER BY nama_out ASC
            LIMIT 20
2026-04-28 03:34:44 - getOutlet.php - POST data: {"tgl":"2026-04-28","encrypt":"41c7aa6da1665eab307362296dd568d0","id_apl":"APL01","key":"Rs"}
2026-04-28 10:34:44 - getOutlet.php - Params - tgl: 2026-04-28, encrypt: 41c7aa6da1665eab307362296dd568d0, id_apl: APL01, key: Rs
2026-04-28 10:34:44 - getOutlet.php - Query berhasil, mengembalikan 20 record
2026-04-28 10:34:44 - getOutlet.php - === END REQUEST ===
2026-04-28 10:34:44 - getOutlet.php - Aplikasi ditemukan: Ya
2026-04-28 10:34:44 - getOutlet.php - Key aplikasi: YbcJSFjkds...
2026-04-28 10:34:44 - getOutlet.php - Expected encrypt: 41c7aa6da1665eab307362296dd568d0
2026-04-28 10:34:44 - getOutlet.php - Received encrypt: 41c7aa6da1665eab307362296dd568d0
2026-04-28 10:34:44 - getOutlet.php - Authentication berhasil
2026-04-28 10:34:44 - getOutlet.php - Query: SELECT id_out, nama_out, '' AS alamat_out, ofcode_out
            FROM outlet 
            WHERE status_out IN ('Active', '1', 'active')
            AND (nama_out LIKE :key OR ofcode_out LIKE :key)
            ORDER BY nama_out ASC
            LIMIT 20
2026-04-28 10:34:44 - getOutlet.php - Query berhasil, mengembalikan 20 record
2026-04-28 10:34:44 - getOutlet.php - === END REQUEST ===
2026-04-28 03:34:45 - getOutlet.php - === REQUEST GETOUTLET ===
2026-04-28 03:34:45 - getOutlet.php - Method: POST
2026-04-28 03:34:45 - getOutlet.php - POST data: {"tgl":"2026-04-28","encrypt":"41c7aa6da1665eab307362296dd568d0","id_apl":"APL01","key":"Rs m"}
2026-04-28 10:34:45 - getOutlet.php - Params - tgl: 2026-04-28, encrypt: 41c7aa6da1665eab307362296dd568d0, id_apl: APL01, key: Rs m
2026-04-28 10:34:45 - getOutlet.php - Aplikasi ditemukan: Ya
2026-04-28 10:34:45 - getOutlet.php - Key aplikasi: YbcJSFjkds...
2026-04-28 10:34:45 - getOutlet.php - Expected encrypt: 41c7aa6da1665eab307362296dd568d0
2026-04-28 10:34:45 - getOutlet.php - Received encrypt: 41c7aa6da1665eab307362296dd568d0
2026-04-28 10:34:45 - getOutlet.php - Authentication berhasil
2026-04-28 10:34:45 - getOutlet.php - Query: SELECT id_out, nama_out, '' AS alamat_out, ofcode_out
            FROM outlet 
            WHERE status_out IN ('Active', '1', 'active')
            AND (nama_out LIKE :key OR ofcode_out LIKE :key)
            ORDER BY nama_out ASC
            LIMIT 20
2026-04-28 10:34:45 - getOutlet.php - Query berhasil, mengembalikan 20 record
2026-04-28 10:34:45 - getOutlet.php - === END REQUEST ===
2026-04-28 03:34:45 - getOutlet.php - === REQUEST GETOUTLET ===
2026-04-28 03:34:45 - getOutlet.php - Method: POST
2026-04-28 03:34:45 - getOutlet.php - POST data: {"tgl":"2026-04-28","encrypt":"41c7aa6da1665eab307362296dd568d0","id_apl":"APL01","key":"Rs me"}
2026-04-28 10:34:45 - getOutlet.php - Params - tgl: 2026-04-28, encrypt: 41c7aa6da1665eab307362296dd568d0, id_apl: APL01, key: Rs me
2026-04-28 10:34:45 - getOutlet.php - Aplikasi ditemukan: Ya
2026-04-28 10:34:45 - getOutlet.php - Key aplikasi: YbcJSFjkds...
2026-04-28 10:34:45 - getOutlet.php - Expected encrypt: 41c7aa6da1665eab307362296dd568d0
2026-04-28 10:34:45 - getOutlet.php - Received encrypt: 41c7aa6da1665eab307362296dd568d0
2026-04-28 10:34:45 - getOutlet.php - Authentication berhasil
2026-04-28 10:34:45 - getOutlet.php - Query: SELECT id_out, nama_out, '' AS alamat_out, ofcode_out
            FROM outlet 
            WHERE status_out IN ('Active', '1', 'active')
            AND (nama_out LIKE :key OR ofcode_out LIKE :key)
            ORDER BY nama_out ASC
            LIMIT 20
2026-04-28 10:34:45 - getOutlet.php - Query berhasil, mengembalikan 12 record
2026-04-28 10:34:45 - getOutlet.php - === END REQUEST ===
2026-04-28 03:34:46 - getOutlet.php - === REQUEST GETOUTLET ===
2026-04-28 03:34:46 - getOutlet.php - Method: POST
2026-04-28 03:34:46 - getOutlet.php - POST data: {"tgl":"2026-04-28","encrypt":"41c7aa6da1665eab307362296dd568d0","id_apl":"APL01","key":"Rs med"}
2026-04-28 10:34:46 - getOutlet.php - Params - tgl: 2026-04-28, encrypt: 41c7aa6da1665eab307362296dd568d0, id_apl: APL01, key: Rs med
2026-04-28 10:34:46 - getOutlet.php - Aplikasi ditemukan: Ya
2026-04-28 10:34:46 - getOutlet.php - Key aplikasi: YbcJSFjkds...
2026-04-28 10:34:46 - getOutlet.php - Expected encrypt: 41c7aa6da1665eab307362296dd568d0
2026-04-28 10:34:46 - getOutlet.php - Received encrypt: 41c7aa6da1665eab307362296dd568d0
2026-04-28 10:34:46 - getOutlet.php - Authentication berhasil
2026-04-28 10:34:46 - getOutlet.php - Query: SELECT id_out, nama_out, '' AS alamat_out, ofcode_out
            FROM outlet 
            WHERE status_out IN ('Active', '1', 'active')
            AND (nama_out LIKE :key OR ofcode_out LIKE :key)
            ORDER BY nama_out ASC
            LIMIT 20
2026-04-28 10:34:46 - getOutlet.php - Query berhasil, mengembalikan 5 record
2026-04-28 10:34:46 - getOutlet.php - === END REQUEST ===
2026-04-28 03:34:46 - getOutlet.php - === REQUEST GETOUTLET ===
2026-04-28 03:34:46 - getOutlet.php - Method: POST
2026-04-28 03:34:46 - getOutlet.php - POST data: {"tgl":"2026-04-28","encrypt":"41c7aa6da1665eab307362296dd568d0","id_apl":"APL01","key":"Rs medu"}
2026-04-28 10:34:46 - getOutlet.php - Params - tgl: 2026-04-28, encrypt: 41c7aa6da1665eab307362296dd568d0, id_apl: APL01, key: Rs medu
2026-04-28 10:34:46 - getOutlet.php - Aplikasi ditemukan: Ya
2026-04-28 10:34:46 - getOutlet.php - Key aplikasi: YbcJSFjkds...
2026-04-28 10:34:46 - getOutlet.php - Expected encrypt: 41c7aa6da1665eab307362296dd568d0
2026-04-28 10:34:46 - getOutlet.php - Received encrypt: 41c7aa6da1665eab307362296dd568d0
2026-04-28 10:34:46 - getOutlet.php - Authentication berhasil
2026-04-28 10:34:46 - getOutlet.php - Query: SELECT id_out, nama_out, '' AS alamat_out, ofcode_out
            FROM outlet 
            WHERE status_out IN ('Active', '1', 'active')
            AND (nama_out LIKE :key OR ofcode_out LIKE :key)
            ORDER BY nama_out ASC
            LIMIT 20
2026-04-28 10:34:46 - getOutlet.php - Query berhasil, mengembalikan 0 record
2026-04-28 10:34:46 - getOutlet.php - === END REQUEST ===
2026-04-28 03:34:47 - getOutlet.php - === REQUEST GETOUTLET ===
2026-04-28 03:34:47 - getOutlet.php - Method: POST
2026-04-28 03:34:47 - getOutlet.php - POST data: {"tgl":"2026-04-28","encrypt":"41c7aa6da1665eab307362296dd568d0","id_apl":"APL01","key":"Rs med"}
2026-04-28 10:34:47 - getOutlet.php - Params - tgl: 2026-04-28, encrypt: 41c7aa6da1665eab307362296dd568d0, id_apl: APL01, key: Rs med
2026-04-28 10:34:47 - getOutlet.php - Aplikasi ditemukan: Ya
2026-04-28 10:34:47 - getOutlet.php - Key aplikasi: YbcJSFjkds...
2026-04-28 10:34:47 - getOutlet.php - Expected encrypt: 41c7aa6da1665eab307362296dd568d0
2026-04-28 10:34:47 - getOutlet.php - Received encrypt: 41c7aa6da1665eab307362296dd568d0
2026-04-28 10:34:47 - getOutlet.php - Authentication berhasil
2026-04-28 10:34:47 - getOutlet.php - Query: SELECT id_out, nama_out, '' AS alamat_out, ofcode_out
            FROM outlet 
            WHERE status_out IN ('Active', '1', 'active')
            AND (nama_out LIKE :key OR ofcode_out LIKE :key)
            ORDER BY nama_out ASC
            LIMIT 20
2026-04-28 10:34:47 - getOutlet.php - Query berhasil, mengembalikan 5 record
2026-04-28 10:34:47 - getOutlet.php - === END REQUEST ===
2026-04-28 03:34:48 - getOutlet.php - === REQUEST GETOUTLET ===
2026-04-28 03:34:48 - getOutlet.php - Method: POST
2026-04-28 03:34:48 - getOutlet.php - POST data: {"tgl":"2026-04-28","encrypt":"41c7aa6da1665eab307362296dd568d0","id_apl":"APL01","key":"Rs medi"}
2026-04-28 10:34:48 - getOutlet.php - Params - tgl: 2026-04-28, encrypt: 41c7aa6da1665eab307362296dd568d0, id_apl: APL01, key: Rs medi
2026-04-28 10:34:48 - getOutlet.php - Aplikasi ditemukan: Ya
2026-04-28 10:34:48 - getOutlet.php - Key aplikasi: YbcJSFjkds...
2026-04-28 10:34:48 - getOutlet.php - Expected encrypt: 41c7aa6da1665eab307362296dd568d0
2026-04-28 10:34:48 - getOutlet.php - Received encrypt: 41c7aa6da1665eab307362296dd568d0
2026-04-28 10:34:48 - getOutlet.php - Authentication berhasil
2026-04-28 10:34:48 - getOutlet.php - Query: SELECT id_out, nama_out, '' AS alamat_out, ofcode_out
            FROM outlet 
            WHERE status_out IN ('Active', '1', 'active')
            AND (nama_out LIKE :key OR ofcode_out LIKE :key)
            ORDER BY nama_out ASC
            LIMIT 20
2026-04-28 10:34:48 - getOutlet.php - Query berhasil, mengembalikan 5 record
2026-04-28 10:34:48 - getOutlet.php - === END REQUEST ===
2026-04-28 03:34:48 - getOutlet.php - === REQUEST GETOUTLET ===
2026-04-28 03:34:48 - getOutlet.php - Method: POST
2026-04-28 03:34:48 - getOutlet.php - POST data: {"tgl":"2026-04-28","encrypt":"41c7aa6da1665eab307362296dd568d0","id_apl":"APL01","key":"Rs media"}
2026-04-28 10:34:48 - getOutlet.php - Params - tgl: 2026-04-28, encrypt: 41c7aa6da1665eab307362296dd568d0, id_apl: APL01, key: Rs media
2026-04-28 10:34:48 - getOutlet.php - Aplikasi ditemukan: Ya
2026-04-28 10:34:48 - getOutlet.php - Key aplikasi: YbcJSFjkds...
2026-04-28 10:34:48 - getOutlet.php - Expected encrypt: 41c7aa6da1665eab307362296dd568d0
2026-04-28 10:34:48 - getOutlet.php - Received encrypt: 41c7aa6da1665eab307362296dd568d0
2026-04-28 10:34:48 - getOutlet.php - Authentication berhasil
2026-04-28 10:34:48 - getOutlet.php - Query: SELECT id_out, nama_out, '' AS alamat_out, ofcode_out
            FROM outlet 
            WHERE status_out IN ('Active', '1', 'active')
            AND (nama_out LIKE :key OR ofcode_out LIKE :key)
            ORDER BY nama_out ASC
            LIMIT 20
2026-04-28 10:34:48 - getOutlet.php - Query berhasil, mengembalikan 0 record
2026-04-28 10:34:48 - getOutlet.php - === END REQUEST ===
2026-04-28 03:34:49 - getOutlet.php - === REQUEST GETOUTLET ===
2026-04-28 03:34:49 - getOutlet.php - Method: POST
2026-04-28 03:34:49 - getOutlet.php - POST data: {"tgl":"2026-04-28","encrypt":"41c7aa6da1665eab307362296dd568d0","id_apl":"APL01","key":"Rs medi"}
2026-04-28 10:34:49 - getOutlet.php - Params - tgl: 2026-04-28, encrypt: 41c7aa6da1665eab307362296dd568d0, id_apl: APL01, key: Rs medi
2026-04-28 10:34:49 - getOutlet.php - Aplikasi ditemukan: Ya
2026-04-28 10:34:49 - getOutlet.php - Key aplikasi: YbcJSFjkds...
2026-04-28 10:34:49 - getOutlet.php - Expected encrypt: 41c7aa6da1665eab307362296dd568d0
2026-04-28 10:34:49 - getOutlet.php - Received encrypt: 41c7aa6da1665eab307362296dd568d0
2026-04-28 10:34:49 - getOutlet.php - Authentication berhasil
2026-04-28 10:34:49 - getOutlet.php - Query: SELECT id_out, nama_out, '' AS alamat_out, ofcode_out
            FROM outlet 
            WHERE status_out IN ('Active', '1', 'active')
            AND (nama_out LIKE :key OR ofcode_out LIKE :key)
            ORDER BY nama_out ASC
            LIMIT 20
2026-04-28 10:34:49 - getOutlet.php - Query berhasil, mengembalikan 5 record
2026-04-28 10:34:49 - getOutlet.php - === END REQUEST ===
2026-04-28 03:34:49 - getOutlet.php - === REQUEST GETOUTLET ===
2026-04-28 03:34:49 - getOutlet.php - Method: POST
2026-04-28 03:34:49 - getOutlet.php - POST data: {"tgl":"2026-04-28","encrypt":"41c7aa6da1665eab307362296dd568d0","id_apl":"APL01","key":"Rs medis"}
2026-04-28 10:34:49 - getOutlet.php - Params - tgl: 2026-04-28, encrypt: 41c7aa6da1665eab307362296dd568d0, id_apl: APL01, key: Rs medis
2026-04-28 10:34:49 - getOutlet.php - Aplikasi ditemukan: Ya
2026-04-28 10:34:49 - getOutlet.php - Key aplikasi: YbcJSFjkds...
2026-04-28 10:34:49 - getOutlet.php - Expected encrypt: 41c7aa6da1665eab307362296dd568d0
2026-04-28 10:34:49 - getOutlet.php - Received encrypt: 41c7aa6da1665eab307362296dd568d0
2026-04-28 10:34:49 - getOutlet.php - Authentication berhasil
2026-04-28 10:34:49 - getOutlet.php - Query: SELECT id_out, nama_out, '' AS alamat_out, ofcode_out
            FROM outlet 
            WHERE status_out IN ('Active', '1', 'active')
            AND (nama_out LIKE :key OR ofcode_out LIKE :key)
            ORDER BY nama_out ASC
            LIMIT 20
2026-04-28 10:34:49 - getOutlet.php - Query berhasil, mengembalikan 1 record
2026-04-28 10:34:49 - getOutlet.php - === END REQUEST ===
2026-04-28 03:34:50 - getOutlet.php - === REQUEST GETOUTLET ===
2026-04-28 03:34:50 - getOutlet.php - Method: POST
2026-04-28 03:34:50 - getOutlet.php - POST data: {"tgl":"2026-04-28","encrypt":"41c7aa6da1665eab307362296dd568d0","id_apl":"APL01","key":"RS MEDISTRA"}
2026-04-28 10:34:50 - getOutlet.php - Params - tgl: 2026-04-28, encrypt: 41c7aa6da1665eab307362296dd568d0, id_apl: APL01, key: RS MEDISTRA
2026-04-28 10:34:50 - getOutlet.php - Aplikasi ditemukan: Ya
2026-04-28 10:34:50 - getOutlet.php - Key aplikasi: YbcJSFjkds...
2026-04-28 10:34:50 - getOutlet.php - Expected encrypt: 41c7aa6da1665eab307362296dd568d0
2026-04-28 10:34:50 - getOutlet.php - Received encrypt: 41c7aa6da1665eab307362296dd568d0
2026-04-28 10:34:50 - getOutlet.php - Authentication berhasil
2026-04-28 10:34:50 - getOutlet.php - Query: SELECT id_out, nama_out, '' AS alamat_out, ofcode_out
            FROM outlet 
            WHERE status_out IN ('Active', '1', 'active')
            AND (nama_out LIKE :key OR ofcode_out LIKE :key)
            ORDER BY nama_out ASC
            LIMIT 20
2026-04-28 10:34:50 - getOutlet.php - Query berhasil, mengembalikan 1 record
2026-04-28 10:34:50 - getOutlet.php - === END REQUEST ===
2026-04-28 03:35:00 - getOutlet.php - === REQUEST GETOUTLET ===
2026-04-28 03:35:00 - getOutlet.php - Method: POST
2026-04-28 03:35:00 - getOutlet.php - POST data: {"tgl":"2026-04-28","encrypt":"41c7aa6da1665eab307362296dd568d0","id_apl":"APL01","key":"Ie"}
2026-04-28 10:35:00 - getOutlet.php - Params - tgl: 2026-04-28, encrypt: 41c7aa6da1665eab307362296dd568d0, id_apl: APL01, key: Ie
2026-04-28 10:35:00 - getOutlet.php - Aplikasi ditemukan: Ya
2026-04-28 10:35:00 - getOutlet.php - Key aplikasi: YbcJSFjkds...
2026-04-28 10:35:00 - getOutlet.php - Expected encrypt: 41c7aa6da1665eab307362296dd568d0
2026-04-28 10:35:00 - getOutlet.php - Received encrypt: 41c7aa6da1665eab307362296dd568d0
2026-04-28 10:35:00 - getOutlet.php - Authentication berhasil
2026-04-28 10:35:00 - getOutlet.php - Query: SELECT id_out, nama_out, '' AS alamat_out, ofcode_out
            FROM outlet 
            WHERE status_out IN ('Active', '1', 'active')
            AND (nama_out LIKE :key OR ofcode_out LIKE :key)
            ORDER BY nama_out ASC
            LIMIT 20
2026-04-28 10:35:00 - getOutlet.php - Query berhasil, mengembalikan 7 record
2026-04-28 10:35:00 - getOutlet.php - === END REQUEST ===
2026-04-28 03:35:00 - getOutlet.php - === REQUEST GETOUTLET ===
2026-04-28 03:35:00 - getOutlet.php - Method: POST
2026-04-28 03:35:00 - getOutlet.php - POST data: {"tgl":"2026-04-28","encrypt":"41c7aa6da1665eab307362296dd568d0","id_apl":"APL01","key":"Iec"}
2026-04-28 10:35:00 - getOutlet.php - Params - tgl: 2026-04-28, encrypt: 41c7aa6da1665eab307362296dd568d0, id_apl: APL01, key: Iec
2026-04-28 10:35:00 - getOutlet.php - Aplikasi ditemukan: Ya
2026-04-28 10:35:00 - getOutlet.php - Key aplikasi: YbcJSFjkds...
2026-04-28 10:35:00 - getOutlet.php - Expected encrypt: 41c7aa6da1665eab307362296dd568d0
2026-04-28 10:35:00 - getOutlet.php - Received encrypt: 41c7aa6da1665eab307362296dd568d0
2026-04-28 10:35:00 - getOutlet.php - Authentication berhasil
2026-04-28 10:35:00 - getOutlet.php - Query: SELECT id_out, nama_out, '' AS alamat_out, ofcode_out
            FROM outlet 
            WHERE status_out IN ('Active', '1', 'active')
            AND (nama_out LIKE :key OR ofcode_out LIKE :key)
            ORDER BY nama_out ASC
            LIMIT 20
2026-04-28 10:35:00 - getOutlet.php - Query berhasil, mengembalikan 1 record
2026-04-28 10:35:00 - getOutlet.php - === END REQUEST ===
2026-04-28 03:35:02 - getOutlet.php - === REQUEST GETOUTLET ===
2026-04-28 03:35:02 - getOutlet.php - Method: POST
2026-04-28 03:35:02 - getOutlet.php - POST data: {"tgl":"2026-04-28","encrypt":"41c7aa6da1665eab307362296dd568d0","id_apl":"APL01","key":"Klinik Utama IEC Eye Care Thamrin Nine"}
2026-04-28 10:35:02 - getOutlet.php - Params - tgl: 2026-04-28, encrypt: 41c7aa6da1665eab307362296dd568d0, id_apl: APL01, key: Klinik Utama IEC Eye Care Thamrin Nine
2026-04-28 10:35:02 - getOutlet.php - Aplikasi ditemukan: Ya
2026-04-28 10:35:02 - getOutlet.php - Key aplikasi: YbcJSFjkds...
2026-04-28 10:35:02 - getOutlet.php - Expected encrypt: 41c7aa6da1665eab307362296dd568d0
2026-04-28 10:35:02 - getOutlet.php - Received encrypt: 41c7aa6da1665eab307362296dd568d0
2026-04-28 10:35:02 - getOutlet.php - Authentication berhasil
2026-04-28 10:35:02 - getOutlet.php - Query: SELECT id_out, nama_out, '' AS alamat_out, ofcode_out
            FROM outlet 
            WHERE status_out IN ('Active', '1', 'active')
            AND (nama_out LIKE :key OR ofcode_out LIKE :key)
            ORDER BY nama_out ASC
            LIMIT 20
2026-04-28 10:35:02 - getOutlet.php - Query berhasil, mengembalikan 1 record
2026-04-28 10:35:02 - getOutlet.php - === END REQUEST ===
2026-04-28 03:35:22 - getOutlet.php - === REQUEST GETOUTLET ===
2026-04-28 03:35:22 - getOutlet.php - Method: POST
2026-04-28 03:35:22 - getOutlet.php - POST data: {"tgl":"2026-04-28","encrypt":"41c7aa6da1665eab307362296dd568d0","id_apl":"APL01","key":"Ma"}
2026-04-28 10:35:22 - getOutlet.php - Params - tgl: 2026-04-28, encrypt: 41c7aa6da1665eab307362296dd568d0, id_apl: APL01, key: Ma
2026-04-28 10:35:22 - getOutlet.php - Aplikasi ditemukan: Ya
2026-04-28 10:35:22 - getOutlet.php - Key aplikasi: YbcJSFjkds...
2026-04-28 10:35:22 - getOutlet.php - Expected encrypt: 41c7aa6da1665eab307362296dd568d0
2026-04-28 10:35:22 - getOutlet.php - Received encrypt: 41c7aa6da1665eab307362296dd568d0
2026-04-28 10:35:22 - getOutlet.php - Authentication berhasil
2026-04-28 10:35:22 - getOutlet.php - Query: SELECT id_out, nama_out, '' AS alamat_out, ofcode_out
            FROM outlet 
            WHERE status_out IN ('Active', '1', 'active')
            AND (nama_out LIKE :key OR ofcode_out LIKE :key)
            ORDER BY nama_out ASC
            LIMIT 20
2026-04-28 10:35:22 - getOutlet.php - Query berhasil, mengembalikan 20 record
2026-04-28 10:35:22 - getOutlet.php - === END REQUEST ===
2026-04-28 03:35:23 - getOutlet.php - === REQUEST GETOUTLET ===
2026-04-28 03:35:23 - getOutlet.php - Method: POST
2026-04-28 03:35:23 - getOutlet.php - POST data: {"tgl":"2026-04-28","encrypt":"41c7aa6da1665eab307362296dd568d0","id_apl":"APL01","key":"May"}
2026-04-28 10:35:23 - getOutlet.php - Params - tgl: 2026-04-28, encrypt: 41c7aa6da1665eab307362296dd568d0, id_apl: APL01, key: May
2026-04-28 10:35:23 - getOutlet.php - Aplikasi ditemukan: Ya
2026-04-28 10:35:23 - getOutlet.php - Key aplikasi: YbcJSFjkds...
2026-04-28 10:35:23 - getOutlet.php - Expected encrypt: 41c7aa6da1665eab307362296dd568d0
2026-04-28 10:35:23 - getOutlet.php - Received encrypt: 41c7aa6da1665eab307362296dd568d0
2026-04-28 10:35:23 - getOutlet.php - Authentication berhasil
2026-04-28 10:35:23 - getOutlet.php - Query: SELECT id_out, nama_out, '' AS alamat_out, ofcode_out
            FROM outlet 
            WHERE status_out IN ('Active', '1', 'active')
            AND (nama_out LIKE :key OR ofcode_out LIKE :key)
            ORDER BY nama_out ASC
            LIMIT 20
2026-04-28 10:35:23 - getOutlet.php - Query berhasil, mengembalikan 20 record
2026-04-28 10:35:23 - getOutlet.php - === END REQUEST ===
2026-04-28 03:35:23 - getOutlet.php - === REQUEST GETOUTLET ===
2026-04-28 03:35:23 - getOutlet.php - Method: POST
2026-04-28 03:35:23 - getOutlet.php - POST data: {"tgl":"2026-04-28","encrypt":"41c7aa6da1665eab307362296dd568d0","id_apl":"APL01","key":"Maya"}
2026-04-28 10:35:23 - getOutlet.php - Params - tgl: 2026-04-28, encrypt: 41c7aa6da1665eab307362296dd568d0, id_apl: APL01, key: Maya
2026-04-28 10:35:23 - getOutlet.php - Aplikasi ditemukan: Ya
2026-04-28 10:35:23 - getOutlet.php - Key aplikasi: YbcJSFjkds...
2026-04-28 10:35:23 - getOutlet.php - Expected encrypt: 41c7aa6da1665eab307362296dd568d0
2026-04-28 10:35:23 - getOutlet.php - Received encrypt: 41c7aa6da1665eab307362296dd568d0
2026-04-28 10:35:23 - getOutlet.php - Authentication berhasil
2026-04-28 10:35:23 - getOutlet.php - Query: SELECT id_out, nama_out, '' AS alamat_out, ofcode_out
            FROM outlet 
            WHERE status_out IN ('Active', '1', 'active')
            AND (nama_out LIKE :key OR ofcode_out LIKE :key)
            ORDER BY nama_out ASC
            LIMIT 20
2026-04-28 10:35:23 - getOutlet.php - Query berhasil, mengembalikan 18 record
2026-04-28 10:35:23 - getOutlet.php - === END REQUEST ===
2026-04-28 03:35:23 - getOutlet.php - === REQUEST GETOUTLET ===
2026-04-28 03:35:23 - getOutlet.php - Method: POST
2026-04-28 03:35:23 - getOutlet.php - POST data: {"tgl":"2026-04-28","encrypt":"41c7aa6da1665eab307362296dd568d0","id_apl":"APL01","key":"Mayap"}
2026-04-28 10:35:23 - getOutlet.php - Params - tgl: 2026-04-28, encrypt: 41c7aa6da1665eab307362296dd568d0, id_apl: APL01, key: Mayap
2026-04-28 10:35:23 - getOutlet.php - Aplikasi ditemukan: Ya
2026-04-28 10:35:23 - getOutlet.php - Key aplikasi: YbcJSFjkds...
2026-04-28 10:35:23 - getOutlet.php - Expected encrypt: 41c7aa6da1665eab307362296dd568d0
2026-04-28 10:35:23 - getOutlet.php - Received encrypt: 41c7aa6da1665eab307362296dd568d0
2026-04-28 10:35:23 - getOutlet.php - Authentication berhasil
2026-04-28 10:35:23 - getOutlet.php - Query: SELECT id_out, nama_out, '' AS alamat_out, ofcode_out
            FROM outlet 
            WHERE status_out IN ('Active', '1', 'active')
            AND (nama_out LIKE :key OR ofcode_out LIKE :key)
            ORDER BY nama_out ASC
            LIMIT 20
2026-04-28 10:35:23 - getOutlet.php - Query berhasil, mengembalikan 6 record
2026-04-28 10:35:23 - getOutlet.php - === END REQUEST ===
2026-04-28 03:35:23 - getOutlet.php - === REQUEST GETOUTLET ===
2026-04-28 03:35:23 - getOutlet.php - Method: POST
2026-04-28 03:35:23 - getOutlet.php - POST data: {"tgl":"2026-04-28","encrypt":"41c7aa6da1665eab307362296dd568d0","id_apl":"APL01","key":"Mayapa"}
2026-04-28 10:35:23 - getOutlet.php - Params - tgl: 2026-04-28, encrypt: 41c7aa6da1665eab307362296dd568d0, id_apl: APL01, key: Mayapa
2026-04-28 10:35:23 - getOutlet.php - Aplikasi ditemukan: Ya
2026-04-28 10:35:23 - getOutlet.php - Key aplikasi: YbcJSFjkds...
2026-04-28 10:35:23 - getOutlet.php - Expected encrypt: 41c7aa6da1665eab307362296dd568d0
2026-04-28 10:35:23 - getOutlet.php - Received encrypt: 41c7aa6da1665eab307362296dd568d0
2026-04-28 10:35:23 - getOutlet.php - Authentication berhasil
2026-04-28 10:35:23 - getOutlet.php - Query: SELECT id_out, nama_out, '' AS alamat_out, ofcode_out
            FROM outlet 
            WHERE status_out IN ('Active', '1', 'active')
            AND (nama_out LIKE :key OR ofcode_out LIKE :key)
            ORDER BY nama_out ASC
            LIMIT 20
2026-04-28 10:35:23 - getOutlet.php - Query berhasil, mengembalikan 6 record
2026-04-28 10:35:23 - getOutlet.php - === END REQUEST ===
2026-04-28 03:35:23 - getOutlet.php - === REQUEST GETOUTLET ===
2026-04-28 03:35:23 - getOutlet.php - Method: POST
2026-04-28 03:35:23 - getOutlet.php - POST data: {"tgl":"2026-04-28","encrypt":"41c7aa6da1665eab307362296dd568d0","id_apl":"APL01","key":"Mayapada"}
2026-04-28 10:35:23 - getOutlet.php - Params - tgl: 2026-04-28, encrypt: 41c7aa6da1665eab307362296dd568d0, id_apl: APL01, key: Mayapada
2026-04-28 10:35:23 - getOutlet.php - Aplikasi ditemukan: Ya
2026-04-28 10:35:23 - getOutlet.php - Key aplikasi: YbcJSFjkds...
2026-04-28 10:35:23 - getOutlet.php - Expected encrypt: 41c7aa6da1665eab307362296dd568d0
2026-04-28 10:35:23 - getOutlet.php - Received encrypt: 41c7aa6da1665eab307362296dd568d0
2026-04-28 10:35:23 - getOutlet.php - Authentication berhasil
2026-04-28 10:35:23 - getOutlet.php - Query: SELECT id_out, nama_out, '' AS alamat_out, ofcode_out
            FROM outlet 
            WHERE status_out IN ('Active', '1', 'active')
            AND (nama_out LIKE :key OR ofcode_out LIKE :key)
            ORDER BY nama_out ASC
            LIMIT 20
2026-04-28 10:35:23 - getOutlet.php - Query berhasil, mengembalikan 6 record
2026-04-28 10:35:23 - getOutlet.php - === END REQUEST ===
2026-04-28 03:35:25 - getOutlet.php - === REQUEST GETOUTLET ===
2026-04-28 03:35:25 - getOutlet.php - Method: POST
2026-04-28 03:35:25 - getOutlet.php - POST data: {"tgl":"2026-04-28","encrypt":"41c7aa6da1665eab307362296dd568d0","id_apl":"APL01","key":"Klinik Utama Mayapada Eye Centre"}
2026-04-28 10:35:25 - getOutlet.php - Params - tgl: 2026-04-28, encrypt: 41c7aa6da1665eab307362296dd568d0, id_apl: APL01, key: Klinik Utama Mayapada Eye Centre
2026-04-28 10:35:25 - getOutlet.php - Aplikasi ditemukan: Ya
2026-04-28 10:35:25 - getOutlet.php - Key aplikasi: YbcJSFjkds...
2026-04-28 10:35:25 - getOutlet.php - Expected encrypt: 41c7aa6da1665eab307362296dd568d0
2026-04-28 10:35:25 - getOutlet.php - Received encrypt: 41c7aa6da1665eab307362296dd568d0
2026-04-28 10:35:25 - getOutlet.php - Authentication berhasil
2026-04-28 10:35:25 - getOutlet.php - Query: SELECT id_out, nama_out, '' AS alamat_out, ofcode_out
            FROM outlet 
            WHERE status_out IN ('Active', '1', 'active')
            AND (nama_out LIKE :key OR ofcode_out LIKE :key)
            ORDER BY nama_out ASC
            LIMIT 20
2026-04-28 10:35:25 - getOutlet.php - Query berhasil, mengembalikan 1 record
2026-04-28 10:35:25 - getOutlet.php - === END REQUEST ===
2026-04-28 03:35:53 - getOutlet.php - === REQUEST GETOUTLET ===
2026-04-28 03:35:53 - getOutlet.php - Method: POST
2026-04-28 03:35:53 - getOutlet.php - POST data: {"tgl":"2026-04-28","encrypt":"41c7aa6da1665eab307362296dd568d0","id_apl":"APL01","key":"Pt"}
2026-04-28 10:35:53 - getOutlet.php - Params - tgl: 2026-04-28, encrypt: 41c7aa6da1665eab307362296dd568d0, id_apl: APL01, key: Pt
2026-04-28 10:35:53 - getOutlet.php - Aplikasi ditemukan: Ya
2026-04-28 10:35:53 - getOutlet.php - Key aplikasi: YbcJSFjkds...
2026-04-28 10:35:53 - getOutlet.php - Expected encrypt: 41c7aa6da1665eab307362296dd568d0
2026-04-28 10:35:53 - getOutlet.php - Received encrypt: 41c7aa6da1665eab307362296dd568d0
2026-04-28 10:35:53 - getOutlet.php - Authentication berhasil
2026-04-28 10:35:53 - getOutlet.php - Query: SELECT id_out, nama_out, '' AS alamat_out, ofcode_out
            FROM outlet 
            WHERE status_out IN ('Active', '1', 'active')
            AND (nama_out LIKE :key OR ofcode_out LIKE :key)
            ORDER BY nama_out ASC
            LIMIT 20
2026-04-28 10:35:53 - getOutlet.php - Query berhasil, mengembalikan 20 record
2026-04-28 10:35:53 - getOutlet.php - === END REQUEST ===
2026-04-28 03:35:54 - getOutlet.php - === REQUEST GETOUTLET ===
2026-04-28 03:35:54 - getOutlet.php - Method: POST
2026-04-28 03:35:54 - getOutlet.php - POST data: {"tgl":"2026-04-28","encrypt":"41c7aa6da1665eab307362296dd568d0","id_apl":"APL01","key":"PT"}
2026-04-28 10:35:54 - getOutlet.php - Params - tgl: 2026-04-28, encrypt: 41c7aa6da1665eab307362296dd568d0, id_apl: APL01, key: PT
2026-04-28 10:35:54 - getOutlet.php - Aplikasi ditemukan: Ya
2026-04-28 10:35:54 - getOutlet.php - Key aplikasi: YbcJSFjkds...
2026-04-28 10:35:54 - getOutlet.php - Expected encrypt: 41c7aa6da1665eab307362296dd568d0
2026-04-28 10:35:54 - getOutlet.php - Received encrypt: 41c7aa6da1665eab307362296dd568d0
2026-04-28 10:35:54 - getOutlet.php - Authentication berhasil
2026-04-28 10:35:54 - getOutlet.php - Query: SELECT id_out, nama_out, '' AS alamat_out, ofcode_out
            FROM outlet 
            WHERE status_out IN ('Active', '1', 'active')
            AND (nama_out LIKE :key OR ofcode_out LIKE :key)
            ORDER BY nama_out ASC
            LIMIT 20
2026-04-28 10:35:54 - getOutlet.php - Query berhasil, mengembalikan 20 record
2026-04-28 10:35:54 - getOutlet.php - === END REQUEST ===
2026-04-28 03:35:55 - getOutlet.php - === REQUEST GETOUTLET ===
2026-04-28 03:35:55 - getOutlet.php - Method: POST
2026-04-28 03:35:55 - getOutlet.php - POST data: {"tgl":"2026-04-28","encrypt":"41c7aa6da1665eab307362296dd568d0","id_apl":"APL01","key":"PT"}
2026-04-28 10:35:55 - getOutlet.php - Params - tgl: 2026-04-28, encrypt: 41c7aa6da1665eab307362296dd568d0, id_apl: APL01, key: PT
2026-04-28 10:35:55 - getOutlet.php - Aplikasi ditemukan: Ya
2026-04-28 10:35:55 - getOutlet.php - Key aplikasi: YbcJSFjkds...
2026-04-28 10:35:55 - getOutlet.php - Expected encrypt: 41c7aa6da1665eab307362296dd568d0
2026-04-28 10:35:55 - getOutlet.php - Received encrypt: 41c7aa6da1665eab307362296dd568d0
2026-04-28 10:35:55 - getOutlet.php - Authentication berhasil
2026-04-28 10:35:55 - getOutlet.php - Query: SELECT id_out, nama_out, '' AS alamat_out, ofcode_out
            FROM outlet 
            WHERE status_out IN ('Active', '1', 'active')
            AND (nama_out LIKE :key OR ofcode_out LIKE :key)
            ORDER BY nama_out ASC
            LIMIT 20
2026-04-28 10:35:55 - getOutlet.php - Query berhasil, mengembalikan 20 record
2026-04-28 10:35:55 - getOutlet.php - === END REQUEST ===
2026-04-28 03:35:55 - getOutlet.php - === REQUEST GETOUTLET ===
2026-04-28 03:35:55 - getOutlet.php - Method: POST
2026-04-28 03:35:55 - getOutlet.php - POST data: {"tgl":"2026-04-28","encrypt":"41c7aa6da1665eab307362296dd568d0","id_apl":"APL01","key":"PT f"}
2026-04-28 10:35:55 - getOutlet.php - Params - tgl: 2026-04-28, encrypt: 41c7aa6da1665eab307362296dd568d0, id_apl: APL01, key: PT f
2026-04-28 10:35:55 - getOutlet.php - Aplikasi ditemukan: Ya
2026-04-28 10:35:55 - getOutlet.php - Key aplikasi: YbcJSFjkds...
2026-04-28 10:35:55 - getOutlet.php - Expected encrypt: 41c7aa6da1665eab307362296dd568d0
2026-04-28 10:35:55 - getOutlet.php - Received encrypt: 41c7aa6da1665eab307362296dd568d0
2026-04-28 10:35:55 - getOutlet.php - Authentication berhasil
2026-04-28 10:35:55 - getOutlet.php - Query: SELECT id_out, nama_out, '' AS alamat_out, ofcode_out
            FROM outlet 
            WHERE status_out IN ('Active', '1', 'active')
            AND (nama_out LIKE :key OR ofcode_out LIKE :key)
            ORDER BY nama_out ASC
            LIMIT 20
2026-04-28 10:35:55 - getOutlet.php - Query berhasil, mengembalikan 1 record
2026-04-28 10:35:55 - getOutlet.php - === END REQUEST ===
2026-04-28 03:35:55 - getOutlet.php - === REQUEST GETOUTLET ===
2026-04-28 03:35:55 - getOutlet.php - Method: POST
2026-04-28 03:35:55 - getOutlet.php - POST data: {"tgl":"2026-04-28","encrypt":"41c7aa6da1665eab307362296dd568d0","id_apl":"APL01","key":"PT fa"}
2026-04-28 10:35:55 - getOutlet.php - Params - tgl: 2026-04-28, encrypt: 41c7aa6da1665eab307362296dd568d0, id_apl: APL01, key: PT fa
2026-04-28 10:35:55 - getOutlet.php - Aplikasi ditemukan: Ya
2026-04-28 10:35:55 - getOutlet.php - Key aplikasi: YbcJSFjkds...
2026-04-28 10:35:55 - getOutlet.php - Expected encrypt: 41c7aa6da1665eab307362296dd568d0
2026-04-28 10:35:55 - getOutlet.php - Received encrypt: 41c7aa6da1665eab307362296dd568d0
2026-04-28 10:35:55 - getOutlet.php - Authentication berhasil
2026-04-28 10:35:55 - getOutlet.php - Query: SELECT id_out, nama_out, '' AS alamat_out, ofcode_out
            FROM outlet 
            WHERE status_out IN ('Active', '1', 'active')
            AND (nama_out LIKE :key OR ofcode_out LIKE :key)
            ORDER BY nama_out ASC
            LIMIT 20
2026-04-28 10:35:55 - getOutlet.php - Query berhasil, mengembalikan 1 record
2026-04-28 10:35:55 - getOutlet.php - === END REQUEST ===
2026-04-28 03:35:55 - getOutlet.php - === REQUEST GETOUTLET ===
2026-04-28 03:35:55 - getOutlet.php - Method: POST
2026-04-28 03:35:55 - getOutlet.php - POST data: {"tgl":"2026-04-28","encrypt":"41c7aa6da1665eab307362296dd568d0","id_apl":"APL01","key":"PT faj"}
2026-04-28 10:35:55 - getOutlet.php - Params - tgl: 2026-04-28, encrypt: 41c7aa6da1665eab307362296dd568d0, id_apl: APL01, key: PT faj
2026-04-28 10:35:55 - getOutlet.php - Aplikasi ditemukan: Ya
2026-04-28 10:35:55 - getOutlet.php - Key aplikasi: YbcJSFjkds...
2026-04-28 10:35:55 - getOutlet.php - Expected encrypt: 41c7aa6da1665eab307362296dd568d0
2026-04-28 10:35:55 - getOutlet.php - Received encrypt: 41c7aa6da1665eab307362296dd568d0
2026-04-28 10:35:55 - getOutlet.php - Authentication berhasil
2026-04-28 10:35:55 - getOutlet.php - Query: SELECT id_out, nama_out, '' AS alamat_out, ofcode_out
            FROM outlet 
            WHERE status_out IN ('Active', '1', 'active')
            AND (nama_out LIKE :key OR ofcode_out LIKE :key)
            ORDER BY nama_out ASC
            LIMIT 20
2026-04-28 10:35:55 - getOutlet.php - Query berhasil, mengembalikan 0 record
2026-04-28 10:35:55 - getOutlet.php - === END REQUEST ===
2026-04-28 03:35:55 - getOutlet.php - === REQUEST GETOUTLET ===
2026-04-28 03:35:55 - getOutlet.php - Method: POST
2026-04-28 03:35:55 - getOutlet.php - POST data: {"tgl":"2026-04-28","encrypt":"41c7aa6da1665eab307362296dd568d0","id_apl":"APL01","key":"PT faja"}
2026-04-28 10:35:55 - getOutlet.php - Params - tgl: 2026-04-28, encrypt: 41c7aa6da1665eab307362296dd568d0, id_apl: APL01, key: PT faja
2026-04-28 10:35:55 - getOutlet.php - Aplikasi ditemukan: Ya
2026-04-28 10:35:55 - getOutlet.php - Key aplikasi: YbcJSFjkds...
2026-04-28 10:35:55 - getOutlet.php - Expected encrypt: 41c7aa6da1665eab307362296dd568d0
2026-04-28 10:35:55 - getOutlet.php - Received encrypt: 41c7aa6da1665eab307362296dd568d0
2026-04-28 10:35:55 - getOutlet.php - Authentication berhasil
2026-04-28 10:35:55 - getOutlet.php - Query: SELECT id_out, nama_out, '' AS alamat_out, ofcode_out
            FROM outlet 
            WHERE status_out IN ('Active', '1', 'active')
            AND (nama_out LIKE :key OR ofcode_out LIKE :key)
            ORDER BY nama_out ASC
            LIMIT 20
2026-04-28 10:35:55 - getOutlet.php - Query berhasil, mengembalikan 0 record
2026-04-28 10:35:55 - getOutlet.php - === END REQUEST ===
2026-04-28 03:35:55 - getOutlet.php - === REQUEST GETOUTLET ===
2026-04-28 03:35:55 - getOutlet.php - Method: POST
2026-04-28 03:35:55 - getOutlet.php - POST data: {"tgl":"2026-04-28","encrypt":"41c7aa6da1665eab307362296dd568d0","id_apl":"APL01","key":"PT fajar"}
2026-04-28 10:35:55 - getOutlet.php - Params - tgl: 2026-04-28, encrypt: 41c7aa6da1665eab307362296dd568d0, id_apl: APL01, key: PT fajar
2026-04-28 10:35:55 - getOutlet.php - Aplikasi ditemukan: Ya
2026-04-28 10:35:55 - getOutlet.php - Key aplikasi: YbcJSFjkds...
2026-04-28 10:35:55 - getOutlet.php - Expected encrypt: 41c7aa6da1665eab307362296dd568d0
2026-04-28 10:35:55 - getOutlet.php - Received encrypt: 41c7aa6da1665eab307362296dd568d0
2026-04-28 10:35:55 - getOutlet.php - Authentication berhasil
2026-04-28 10:35:55 - getOutlet.php - Query: SELECT id_out, nama_out, '' AS alamat_out, ofcode_out
            FROM outlet 
            WHERE status_out IN ('Active', '1', 'active')
            AND (nama_out LIKE :key OR ofcode_out LIKE :key)
            ORDER BY nama_out ASC
            LIMIT 20
2026-04-28 10:35:55 - getOutlet.php - Query berhasil, mengembalikan 0 record
2026-04-28 10:35:55 - getOutlet.php - === END REQUEST ===
2026-04-28 03:35:57 - getOutlet.php - === REQUEST GETOUTLET ===
2026-04-28 03:35:57 - getOutlet.php - Method: POST
2026-04-28 03:35:57 - getOutlet.php - POST data: {"tgl":"2026-04-28","encrypt":"41c7aa6da1665eab307362296dd568d0","id_apl":"APL01","key":"PT faja"}
2026-04-28 10:35:57 - getOutlet.php - Params - tgl: 2026-04-28, encrypt: 41c7aa6da1665eab307362296dd568d0, id_apl: APL01, key: PT faja
2026-04-28 10:35:57 - getOutlet.php - Aplikasi ditemukan: Ya
2026-04-28 10:35:57 - getOutlet.php - Key aplikasi: YbcJSFjkds...
2026-04-28 10:35:57 - getOutlet.php - Expected encrypt: 41c7aa6da1665eab307362296dd568d0
2026-04-28 10:35:57 - getOutlet.php - Received encrypt: 41c7aa6da1665eab307362296dd568d0
2026-04-28 10:35:57 - getOutlet.php - Authentication berhasil
2026-04-28 10:35:57 - getOutlet.php - Query: SELECT id_out, nama_out, '' AS alamat_out, ofcode_out
            FROM outlet 
            WHERE status_out IN ('Active', '1', 'active')
            AND (nama_out LIKE :key OR ofcode_out LIKE :key)
            ORDER BY nama_out ASC
            LIMIT 20
2026-04-28 10:35:57 - getOutlet.php - Query berhasil, mengembalikan 0 record
2026-04-28 10:35:57 - getOutlet.php - === END REQUEST ===
2026-04-28 03:35:57 - getOutlet.php - === REQUEST GETOUTLET ===
2026-04-28 03:35:57 - getOutlet.php - Method: POST
2026-04-28 03:35:57 - getOutlet.php - POST data: {"tgl":"2026-04-28","encrypt":"41c7aa6da1665eab307362296dd568d0","id_apl":"APL01","key":"PT faj"}
2026-04-28 10:35:57 - getOutlet.php - Params - tgl: 2026-04-28, encrypt: 41c7aa6da1665eab307362296dd568d0, id_apl: APL01, key: PT faj
2026-04-28 10:35:57 - getOutlet.php - Aplikasi ditemukan: Ya
2026-04-28 10:35:57 - getOutlet.php - Key aplikasi: YbcJSFjkds...
2026-04-28 10:35:57 - getOutlet.php - Expected encrypt: 41c7aa6da1665eab307362296dd568d0
2026-04-28 10:35:57 - getOutlet.php - Received encrypt: 41c7aa6da1665eab307362296dd568d0
2026-04-28 10:35:57 - getOutlet.php - Authentication berhasil
2026-04-28 10:35:57 - getOutlet.php - Query: SELECT id_out, nama_out, '' AS alamat_out, ofcode_out
            FROM outlet 
            WHERE status_out IN ('Active', '1', 'active')
            AND (nama_out LIKE :key OR ofcode_out LIKE :key)
            ORDER BY nama_out ASC
            LIMIT 20
2026-04-28 10:35:57 - getOutlet.php - Query berhasil, mengembalikan 0 record
2026-04-28 10:35:57 - getOutlet.php - === END REQUEST ===
2026-04-28 03:35:57 - getOutlet.php - === REQUEST GETOUTLET ===
2026-04-28 03:35:57 - getOutlet.php - Method: POST
2026-04-28 03:35:57 - getOutlet.php - POST data: {"tgl":"2026-04-28","encrypt":"41c7aa6da1665eab307362296dd568d0","id_apl":"APL01","key":"PT fa"}
2026-04-28 10:35:57 - getOutlet.php - Params - tgl: 2026-04-28, encrypt: 41c7aa6da1665eab307362296dd568d0, id_apl: APL01, key: PT fa
2026-04-28 10:35:57 - getOutlet.php - Aplikasi ditemukan: Ya
2026-04-28 10:35:57 - getOutlet.php - Key aplikasi: YbcJSFjkds...
2026-04-28 10:35:57 - getOutlet.php - Expected encrypt: 41c7aa6da1665eab307362296dd568d0
2026-04-28 10:35:57 - getOutlet.php - Received encrypt: 41c7aa6da1665eab307362296dd568d0
2026-04-28 10:35:57 - getOutlet.php - Authentication berhasil
2026-04-28 10:35:57 - getOutlet.php - Query: SELECT id_out, nama_out, '' AS alamat_out, ofcode_out
            FROM outlet 
            WHERE status_out IN ('Active', '1', 'active')
            AND (nama_out LIKE :key OR ofcode_out LIKE :key)
            ORDER BY nama_out ASC
            LIMIT 20
2026-04-28 10:35:57 - getOutlet.php - Query berhasil, mengembalikan 1 record
2026-04-28 10:35:57 - getOutlet.php - === END REQUEST ===
2026-04-28 03:35:57 - getOutlet.php - === REQUEST GETOUTLET ===
2026-04-28 03:35:57 - getOutlet.php - Method: POST
2026-04-28 03:35:57 - getOutlet.php - POST data: {"tgl":"2026-04-28","encrypt":"41c7aa6da1665eab307362296dd568d0","id_apl":"APL01","key":"PT f"}
2026-04-28 10:35:57 - getOutlet.php - Params - tgl: 2026-04-28, encrypt: 41c7aa6da1665eab307362296dd568d0, id_apl: APL01, key: PT f
2026-04-28 10:35:57 - getOutlet.php - Aplikasi ditemukan: Ya
2026-04-28 10:35:57 - getOutlet.php - Key aplikasi: YbcJSFjkds...
2026-04-28 10:35:57 - getOutlet.php - Expected encrypt: 41c7aa6da1665eab307362296dd568d0
2026-04-28 10:35:57 - getOutlet.php - Received encrypt: 41c7aa6da1665eab307362296dd568d0
2026-04-28 10:35:57 - getOutlet.php - Authentication berhasil
2026-04-28 10:35:57 - getOutlet.php - Query: SELECT id_out, nama_out, '' AS alamat_out, ofcode_out
            FROM outlet 
            WHERE status_out IN ('Active', '1', 'active')
            AND (nama_out LIKE :key OR ofcode_out LIKE :key)
            ORDER BY nama_out ASC
            LIMIT 20
2026-04-28 10:35:57 - getOutlet.php - Query berhasil, mengembalikan 1 record
2026-04-28 10:35:57 - getOutlet.php - === END REQUEST ===
2026-04-28 03:35:57 - getOutlet.php - === REQUEST GETOUTLET ===
2026-04-28 03:35:57 - getOutlet.php - Method: POST
2026-04-28 03:35:57 - getOutlet.php - POST data: {"tgl":"2026-04-28","encrypt":"41c7aa6da1665eab307362296dd568d0","id_apl":"APL01","key":"PT"}
2026-04-28 10:35:57 - getOutlet.php - Params - tgl: 2026-04-28, encrypt: 41c7aa6da1665eab307362296dd568d0, id_apl: APL01, key: PT
2026-04-28 10:35:57 - getOutlet.php - Aplikasi ditemukan: Ya
2026-04-28 10:35:57 - getOutlet.php - Key aplikasi: YbcJSFjkds...
2026-04-28 10:35:57 - getOutlet.php - Expected encrypt: 41c7aa6da1665eab307362296dd568d0
2026-04-28 10:35:57 - getOutlet.php - Received encrypt: 41c7aa6da1665eab307362296dd568d0
2026-04-28 10:35:57 - getOutlet.php - Authentication berhasil
2026-04-28 10:35:57 - getOutlet.php - Query: SELECT id_out, nama_out, '' AS alamat_out, ofcode_out
            FROM outlet 
            WHERE status_out IN ('Active', '1', 'active')
            AND (nama_out LIKE :key OR ofcode_out LIKE :key)
            ORDER BY nama_out ASC
            LIMIT 20
2026-04-28 10:35:57 - getOutlet.php - Query berhasil, mengembalikan 20 record
2026-04-28 10:35:57 - getOutlet.php - === END REQUEST ===
2026-04-28 03:35:57 - getOutlet.php - === REQUEST GETOUTLET ===
2026-04-28 03:35:57 - getOutlet.php - Method: POST
2026-04-28 03:35:57 - getOutlet.php - POST data: {"tgl":"2026-04-28","encrypt":"41c7aa6da1665eab307362296dd568d0","id_apl":"APL01","key":"PT"}
2026-04-28 10:35:57 - getOutlet.php - Params - tgl: 2026-04-28, encrypt: 41c7aa6da1665eab307362296dd568d0, id_apl: APL01, key: PT
2026-04-28 10:35:57 - getOutlet.php - Aplikasi ditemukan: Ya
2026-04-28 10:35:57 - getOutlet.php - Key aplikasi: YbcJSFjkds...
2026-04-28 10:35:57 - getOutlet.php - Expected encrypt: 41c7aa6da1665eab307362296dd568d0
2026-04-28 10:35:57 - getOutlet.php - Received encrypt: 41c7aa6da1665eab307362296dd568d0
2026-04-28 10:35:57 - getOutlet.php - Authentication berhasil
2026-04-28 10:35:57 - getOutlet.php - Query: SELECT id_out, nama_out, '' AS alamat_out, ofcode_out
            FROM outlet 
            WHERE status_out IN ('Active', '1', 'active')
            AND (nama_out LIKE :key OR ofcode_out LIKE :key)
            ORDER BY nama_out ASC
            LIMIT 20
2026-04-28 10:35:57 - getOutlet.php - Query berhasil, mengembalikan 20 record
2026-04-28 10:35:57 - getOutlet.php - === END REQUEST ===
2026-04-28 03:36:10 - getOutlet.php - === REQUEST GETOUTLET ===
2026-04-28 03:36:10 - getOutlet.php - Method: POST
2026-04-28 03:36:10 - getOutlet.php - POST data: {"tgl":"2026-04-28","encrypt":"41c7aa6da1665eab307362296dd568d0","id_apl":"APL01","key":"Fa"}
2026-04-28 10:36:10 - getOutlet.php - Params - tgl: 2026-04-28, encrypt: 41c7aa6da1665eab307362296dd568d0, id_apl: APL01, key: Fa
2026-04-28 10:36:10 - getOutlet.php - Aplikasi ditemukan: Ya
2026-04-28 10:36:10 - getOutlet.php - Key aplikasi: YbcJSFjkds...
2026-04-28 10:36:10 - getOutlet.php - Expected encrypt: 41c7aa6da1665eab307362296dd568d0
2026-04-28 10:36:10 - getOutlet.php - Received encrypt: 41c7aa6da1665eab307362296dd568d0
2026-04-28 10:36:10 - getOutlet.php - Authentication berhasil
2026-04-28 10:36:10 - getOutlet.php - Query: SELECT id_out, nama_out, '' AS alamat_out, ofcode_out
            FROM outlet 
            WHERE status_out IN ('Active', '1', 'active')
            AND (nama_out LIKE :key OR ofcode_out LIKE :key)
            ORDER BY nama_out ASC
            LIMIT 20
2026-04-28 10:36:10 - getOutlet.php - Query berhasil, mengembalikan 20 record
2026-04-28 10:36:10 - getOutlet.php - === END REQUEST ===
2026-04-28 03:36:10 - getOutlet.php - === REQUEST GETOUTLET ===
2026-04-28 03:36:10 - getOutlet.php - Method: POST
2026-04-28 03:36:10 - getOutlet.php - POST data: {"tgl":"2026-04-28","encrypt":"41c7aa6da1665eab307362296dd568d0","id_apl":"APL01","key":"Faj"}
2026-04-28 10:36:10 - getOutlet.php - Params - tgl: 2026-04-28, encrypt: 41c7aa6da1665eab307362296dd568d0, id_apl: APL01, key: Faj
2026-04-28 03:36:10 - getOutlet.php - === REQUEST GETOUTLET ===
2026-04-28 03:36:10 - getOutlet.php - Method: POST
2026-04-28 03:36:10 - getOutlet.php - POST data: {"tgl":"2026-04-28","encrypt":"41c7aa6da1665eab307362296dd568d0","id_apl":"APL01","key":"Faja"}
2026-04-28 10:36:10 - getOutlet.php - Params - tgl: 2026-04-28, encrypt: 41c7aa6da1665eab307362296dd568d0, id_apl: APL01, key: Faja
2026-04-28 03:36:10 - getOutlet.php - === REQUEST GETOUTLET ===
2026-04-28 03:36:10 - getOutlet.php - Method: POST
2026-04-28 03:36:10 - getOutlet.php - POST data: {"tgl":"2026-04-28","encrypt":"41c7aa6da1665eab307362296dd568d0","id_apl":"APL01","key":"Fajar"}
2026-04-28 10:36:10 - getOutlet.php - Params - tgl: 2026-04-28, encrypt: 41c7aa6da1665eab307362296dd568d0, id_apl: APL01, key: Fajar
2026-04-28 10:36:10 - getOutlet.php - Aplikasi ditemukan: Ya
2026-04-28 10:36:10 - getOutlet.php - Key aplikasi: YbcJSFjkds...
2026-04-28 10:36:10 - getOutlet.php - Expected encrypt: 41c7aa6da1665eab307362296dd568d0
2026-04-28 10:36:10 - getOutlet.php - Received encrypt: 41c7aa6da1665eab307362296dd568d0
2026-04-28 10:36:10 - getOutlet.php - Authentication berhasil
2026-04-28 10:36:10 - getOutlet.php - Query: SELECT id_out, nama_out, '' AS alamat_out, ofcode_out
            FROM outlet 
            WHERE status_out IN ('Active', '1', 'active')
            AND (nama_out LIKE :key OR ofcode_out LIKE :key)
            ORDER BY nama_out ASC
            LIMIT 20
2026-04-28 10:36:10 - getOutlet.php - Query berhasil, mengembalikan 1 record
2026-04-28 10:36:10 - getOutlet.php - === END REQUEST ===
2026-04-28 10:36:10 - getOutlet.php - Aplikasi ditemukan: Ya
2026-04-28 10:36:10 - getOutlet.php - Key aplikasi: YbcJSFjkds...
2026-04-28 10:36:10 - getOutlet.php - Expected encrypt: 41c7aa6da1665eab307362296dd568d0
2026-04-28 10:36:10 - getOutlet.php - Received encrypt: 41c7aa6da1665eab307362296dd568d0
2026-04-28 10:36:10 - getOutlet.php - Authentication berhasil
2026-04-28 10:36:10 - getOutlet.php - Query: SELECT id_out, nama_out, '' AS alamat_out, ofcode_out
            FROM outlet 
            WHERE status_out IN ('Active', '1', 'active')
            AND (nama_out LIKE :key OR ofcode_out LIKE :key)
            ORDER BY nama_out ASC
            LIMIT 20
2026-04-28 10:36:10 - getOutlet.php - Query berhasil, mengembalikan 1 record
2026-04-28 10:36:10 - getOutlet.php - === END REQUEST ===
2026-04-28 10:36:10 - getOutlet.php - Aplikasi ditemukan: Ya
2026-04-28 10:36:10 - getOutlet.php - Key aplikasi: YbcJSFjkds...
2026-04-28 10:36:10 - getOutlet.php - Expected encrypt: 41c7aa6da1665eab307362296dd568d0
2026-04-28 10:36:10 - getOutlet.php - Received encrypt: 41c7aa6da1665eab307362296dd568d0
2026-04-28 10:36:10 - getOutlet.php - Authentication berhasil
2026-04-28 10:36:10 - getOutlet.php - Query: SELECT id_out, nama_out, '' AS alamat_out, ofcode_out
            FROM outlet 
            WHERE status_out IN ('Active', '1', 'active')
            AND (nama_out LIKE :key OR ofcode_out LIKE :key)
            ORDER BY nama_out ASC
            LIMIT 20
2026-04-28 10:36:10 - getOutlet.php - Query berhasil, mengembalikan 1 record
2026-04-28 10:36:10 - getOutlet.php - === END REQUEST ===
2026-04-28 03:36:11 - getOutlet.php - === REQUEST GETOUTLET ===
2026-04-28 03:36:11 - getOutlet.php - Method: POST
2026-04-28 03:36:11 - getOutlet.php - POST data: {"tgl":"2026-04-28","encrypt":"41c7aa6da1665eab307362296dd568d0","id_apl":"APL01","key":"PT. FAJAR FARMATAMA DISTRIBUTOR"}
2026-04-28 10:36:11 - getOutlet.php - Params - tgl: 2026-04-28, encrypt: 41c7aa6da1665eab307362296dd568d0, id_apl: APL01, key: PT. FAJAR FARMATAMA DISTRIBUTOR
2026-04-28 10:36:12 - getOutlet.php - Aplikasi ditemukan: Ya
2026-04-28 10:36:12 - getOutlet.php - Key aplikasi: YbcJSFjkds...
2026-04-28 10:36:12 - getOutlet.php - Expected encrypt: 41c7aa6da1665eab307362296dd568d0
2026-04-28 10:36:12 - getOutlet.php - Received encrypt: 41c7aa6da1665eab307362296dd568d0
2026-04-28 10:36:12 - getOutlet.php - Authentication berhasil
2026-04-28 10:36:12 - getOutlet.php - Query: SELECT id_out, nama_out, '' AS alamat_out, ofcode_out
            FROM outlet 
            WHERE status_out IN ('Active', '1', 'active')
            AND (nama_out LIKE :key OR ofcode_out LIKE :key)
            ORDER BY nama_out ASC
            LIMIT 20
2026-04-28 10:36:12 - getOutlet.php - Query berhasil, mengembalikan 1 record
2026-04-28 10:36:12 - getOutlet.php - === END REQUEST ===
2026-04-28 03:40:10 - getOutlet.php - === REQUEST GETOUTLET ===
2026-04-28 03:40:10 - getOutlet.php - Method: POST
2026-04-28 03:40:10 - getOutlet.php - POST data: {"tgl":"2026-04-28","encrypt":"41c7aa6da1665eab307362296dd568d0","id_apl":"APL01","key":"Je"}
2026-04-28 10:40:10 - getOutlet.php - Params - tgl: 2026-04-28, encrypt: 41c7aa6da1665eab307362296dd568d0, id_apl: APL01, key: Je
2026-04-28 10:40:10 - getOutlet.php - Aplikasi ditemukan: Ya
2026-04-28 10:40:10 - getOutlet.php - Key aplikasi: YbcJSFjkds...
2026-04-28 10:40:10 - getOutlet.php - Expected encrypt: 41c7aa6da1665eab307362296dd568d0
2026-04-28 10:40:10 - getOutlet.php - Received encrypt: 41c7aa6da1665eab307362296dd568d0
2026-04-28 10:40:10 - getOutlet.php - Authentication berhasil
2026-04-28 10:40:10 - getOutlet.php - Query: SELECT id_out, nama_out, '' AS alamat_out, ofcode_out
            FROM outlet 
            WHERE status_out IN ('Active', '1', 'active')
            AND (nama_out LIKE :key OR ofcode_out LIKE :key)
            ORDER BY nama_out ASC
            LIMIT 20
2026-04-28 10:40:10 - getOutlet.php - Query berhasil, mengembalikan 19 record
2026-04-28 10:40:10 - getOutlet.php - === END REQUEST ===
2026-04-28 03:40:10 - getOutlet.php - === REQUEST GETOUTLET ===
2026-04-28 03:40:10 - getOutlet.php - Method: POST
2026-04-28 03:40:10 - getOutlet.php - POST data: {"tgl":"2026-04-28","encrypt":"41c7aa6da1665eab307362296dd568d0","id_apl":"APL01","key":"Jec"}
2026-04-28 10:40:10 - getOutlet.php - Params - tgl: 2026-04-28, encrypt: 41c7aa6da1665eab307362296dd568d0, id_apl: APL01, key: Jec
2026-04-28 10:40:10 - getOutlet.php - Aplikasi ditemukan: Ya
2026-04-28 10:40:10 - getOutlet.php - Key aplikasi: YbcJSFjkds...
2026-04-28 10:40:10 - getOutlet.php - Expected encrypt: 41c7aa6da1665eab307362296dd568d0
2026-04-28 10:40:10 - getOutlet.php - Received encrypt: 41c7aa6da1665eab307362296dd568d0
2026-04-28 10:40:10 - getOutlet.php - Authentication berhasil
2026-04-28 10:40:10 - getOutlet.php - Query: SELECT id_out, nama_out, '' AS alamat_out, ofcode_out
            FROM outlet 
            WHERE status_out IN ('Active', '1', 'active')
            AND (nama_out LIKE :key OR ofcode_out LIKE :key)
            ORDER BY nama_out ASC
            LIMIT 20
2026-04-28 10:40:10 - getOutlet.php - Query berhasil, mengembalikan 12 record
2026-04-28 10:40:10 - getOutlet.php - === END REQUEST ===
2026-04-28 03:40:10 - getOutlet.php - === REQUEST GETOUTLET ===
2026-04-28 03:40:10 - getOutlet.php - Method: POST
2026-04-28 03:40:10 - getOutlet.php - POST data: {"tgl":"2026-04-28","encrypt":"41c7aa6da1665eab307362296dd568d0","id_apl":"APL01","key":"Jec"}
2026-04-28 10:40:10 - getOutlet.php - Params - tgl: 2026-04-28, encrypt: 41c7aa6da1665eab307362296dd568d0, id_apl: APL01, key: Jec
2026-04-28 10:40:10 - getOutlet.php - Aplikasi ditemukan: Ya
2026-04-28 10:40:10 - getOutlet.php - Key aplikasi: YbcJSFjkds...
2026-04-28 10:40:10 - getOutlet.php - Expected encrypt: 41c7aa6da1665eab307362296dd568d0
2026-04-28 10:40:10 - getOutlet.php - Received encrypt: 41c7aa6da1665eab307362296dd568d0
2026-04-28 10:40:10 - getOutlet.php - Authentication berhasil
2026-04-28 10:40:10 - getOutlet.php - Query: SELECT id_out, nama_out, '' AS alamat_out, ofcode_out
            FROM outlet 
            WHERE status_out IN ('Active', '1', 'active')
            AND (nama_out LIKE :key OR ofcode_out LIKE :key)
            ORDER BY nama_out ASC
            LIMIT 20
2026-04-28 10:40:10 - getOutlet.php - Query berhasil, mengembalikan 12 record
2026-04-28 10:40:10 - getOutlet.php - === END REQUEST ===
2026-04-28 03:40:10 - getOutlet.php - === REQUEST GETOUTLET ===
2026-04-28 03:40:10 - getOutlet.php - Method: POST
2026-04-28 03:40:10 - getOutlet.php - POST data: {"tgl":"2026-04-28","encrypt":"41c7aa6da1665eab307362296dd568d0","id_apl":"APL01","key":"Jec"}
2026-04-28 10:40:10 - getOutlet.php - Params - tgl: 2026-04-28, encrypt: 41c7aa6da1665eab307362296dd568d0, id_apl: APL01, key: Jec
2026-04-28 10:40:10 - getOutlet.php - Aplikasi ditemukan: Ya
2026-04-28 10:40:10 - getOutlet.php - Key aplikasi: YbcJSFjkds...
2026-04-28 10:40:10 - getOutlet.php - Expected encrypt: 41c7aa6da1665eab307362296dd568d0
2026-04-28 10:40:10 - getOutlet.php - Received encrypt: 41c7aa6da1665eab307362296dd568d0
2026-04-28 10:40:10 - getOutlet.php - Authentication berhasil
2026-04-28 10:40:10 - getOutlet.php - Query: SELECT id_out, nama_out, '' AS alamat_out, ofcode_out
            FROM outlet 
            WHERE status_out IN ('Active', '1', 'active')
            AND (nama_out LIKE :key OR ofcode_out LIKE :key)
            ORDER BY nama_out ASC
            LIMIT 20
2026-04-28 10:40:10 - getOutlet.php - Query berhasil, mengembalikan 12 record
2026-04-28 10:40:10 - getOutlet.php - === END REQUEST ===
2026-04-28 03:40:11 - getOutlet.php - === REQUEST GETOUTLET ===
2026-04-28 03:40:11 - getOutlet.php - Method: POST
2026-04-28 03:40:11 - getOutlet.php - POST data: {"tgl":"2026-04-28","encrypt":"41c7aa6da1665eab307362296dd568d0","id_apl":"APL01","key":"Jec k"}
2026-04-28 10:40:11 - getOutlet.php - Params - tgl: 2026-04-28, encrypt: 41c7aa6da1665eab307362296dd568d0, id_apl: APL01, key: Jec k
2026-04-28 10:40:11 - getOutlet.php - Aplikasi ditemukan: Ya
2026-04-28 10:40:11 - getOutlet.php - Key aplikasi: YbcJSFjkds...
2026-04-28 10:40:11 - getOutlet.php - Expected encrypt: 41c7aa6da1665eab307362296dd568d0
2026-04-28 10:40:11 - getOutlet.php - Received encrypt: 41c7aa6da1665eab307362296dd568d0
2026-04-28 10:40:11 - getOutlet.php - Authentication berhasil
2026-04-28 10:40:11 - getOutlet.php - Query: SELECT id_out, nama_out, '' AS alamat_out, ofcode_out
            FROM outlet 
            WHERE status_out IN ('Active', '1', 'active')
            AND (nama_out LIKE :key OR ofcode_out LIKE :key)
            ORDER BY nama_out ASC
            LIMIT 20
2026-04-28 10:40:11 - getOutlet.php - Query berhasil, mengembalikan 1 record
2026-04-28 10:40:11 - getOutlet.php - === END REQUEST ===
2026-04-28 03:40:11 - getOutlet.php - === REQUEST GETOUTLET ===
2026-04-28 03:40:11 - getOutlet.php - Method: POST
2026-04-28 03:40:11 - getOutlet.php - POST data: {"tgl":"2026-04-28","encrypt":"41c7aa6da1665eab307362296dd568d0","id_apl":"APL01","key":"Jec ke"}
2026-04-28 10:40:11 - getOutlet.php - Params - tgl: 2026-04-28, encrypt: 41c7aa6da1665eab307362296dd568d0, id_apl: APL01, key: Jec ke
2026-04-28 10:40:11 - getOutlet.php - Aplikasi ditemukan: Ya
2026-04-28 10:40:11 - getOutlet.php - Key aplikasi: YbcJSFjkds...
2026-04-28 10:40:11 - getOutlet.php - Expected encrypt: 41c7aa6da1665eab307362296dd568d0
2026-04-28 10:40:11 - getOutlet.php - Received encrypt: 41c7aa6da1665eab307362296dd568d0
2026-04-28 10:40:11 - getOutlet.php - Authentication berhasil
2026-04-28 10:40:11 - getOutlet.php - Query: SELECT id_out, nama_out, '' AS alamat_out, ofcode_out
            FROM outlet 
            WHERE status_out IN ('Active', '1', 'active')
            AND (nama_out LIKE :key OR ofcode_out LIKE :key)
            ORDER BY nama_out ASC
            LIMIT 20
2026-04-28 10:40:11 - getOutlet.php - Query berhasil, mengembalikan 1 record
2026-04-28 10:40:11 - getOutlet.php - === END REQUEST ===
2026-04-28 03:40:12 - getOutlet.php - === REQUEST GETOUTLET ===
2026-04-28 03:40:12 - getOutlet.php - Method: POST
2026-04-28 03:40:12 - getOutlet.php - POST data: {"tgl":"2026-04-28","encrypt":"41c7aa6da1665eab307362296dd568d0","id_apl":"APL01","key":"RS MATA JEC KEDOYA"}
2026-04-28 10:40:12 - getOutlet.php - Params - tgl: 2026-04-28, encrypt: 41c7aa6da1665eab307362296dd568d0, id_apl: APL01, key: RS MATA JEC KEDOYA
2026-04-28 10:40:12 - getOutlet.php - Aplikasi ditemukan: Ya
2026-04-28 10:40:12 - getOutlet.php - Key aplikasi: YbcJSFjkds...
2026-04-28 10:40:12 - getOutlet.php - Expected encrypt: 41c7aa6da1665eab307362296dd568d0
2026-04-28 10:40:12 - getOutlet.php - Received encrypt: 41c7aa6da1665eab307362296dd568d0
2026-04-28 10:40:12 - getOutlet.php - Authentication berhasil
2026-04-28 10:40:12 - getOutlet.php - Query: SELECT id_out, nama_out, '' AS alamat_out, ofcode_out
            FROM outlet 
            WHERE status_out IN ('Active', '1', 'active')
            AND (nama_out LIKE :key OR ofcode_out LIKE :key)
            ORDER BY nama_out ASC
            LIMIT 20
2026-04-28 10:40:12 - getOutlet.php - Query berhasil, mengembalikan 1 record
2026-04-28 10:40:12 - getOutlet.php - === END REQUEST ===
2026-04-28 03:40:32 - getOutlet.php - === REQUEST GETOUTLET ===
2026-04-28 03:40:32 - getOutlet.php - Method: POST
2026-04-28 03:40:32 - getOutlet.php - POST data: {"tgl":"2026-04-28","encrypt":"41c7aa6da1665eab307362296dd568d0","id_apl":"APL01","key":"Rs"}
2026-04-28 10:40:32 - getOutlet.php - Params - tgl: 2026-04-28, encrypt: 41c7aa6da1665eab307362296dd568d0, id_apl: APL01, key: Rs
2026-04-28 10:40:32 - getOutlet.php - Aplikasi ditemukan: Ya
2026-04-28 10:40:32 - getOutlet.php - Key aplikasi: YbcJSFjkds...
2026-04-28 10:40:32 - getOutlet.php - Expected encrypt: 41c7aa6da1665eab307362296dd568d0
2026-04-28 10:40:32 - getOutlet.php - Received encrypt: 41c7aa6da1665eab307362296dd568d0
2026-04-28 10:40:32 - getOutlet.php - Authentication berhasil
2026-04-28 10:40:32 - getOutlet.php - Query: SELECT id_out, nama_out, '' AS alamat_out, ofcode_out
            FROM outlet 
            WHERE status_out IN ('Active', '1', 'active')
            AND (nama_out LIKE :key OR ofcode_out LIKE :key)
            ORDER BY nama_out ASC
            LIMIT 20
2026-04-28 10:40:32 - getOutlet.php - Query berhasil, mengembalikan 20 record
2026-04-28 10:40:32 - getOutlet.php - === END REQUEST ===
2026-04-28 03:40:32 - getOutlet.php - === REQUEST GETOUTLET ===
2026-04-28 03:40:32 - getOutlet.php - Method: POST
2026-04-28 03:40:32 - getOutlet.php - POST data: {"tgl":"2026-04-28","encrypt":"41c7aa6da1665eab307362296dd568d0","id_apl":"APL01","key":"Rs"}
2026-04-28 10:40:32 - getOutlet.php - Params - tgl: 2026-04-28, encrypt: 41c7aa6da1665eab307362296dd568d0, id_apl: APL01, key: Rs
2026-04-28 10:40:32 - getOutlet.php - Aplikasi ditemukan: Ya
2026-04-28 10:40:32 - getOutlet.php - Key aplikasi: YbcJSFjkds...
2026-04-28 10:40:32 - getOutlet.php - Expected encrypt: 41c7aa6da1665eab307362296dd568d0
2026-04-28 10:40:32 - getOutlet.php - Received encrypt: 41c7aa6da1665eab307362296dd568d0
2026-04-28 10:40:32 - getOutlet.php - Authentication berhasil
2026-04-28 10:40:32 - getOutlet.php - Query: SELECT id_out, nama_out, '' AS alamat_out, ofcode_out
            FROM outlet 
            WHERE status_out IN ('Active', '1', 'active')
            AND (nama_out LIKE :key OR ofcode_out LIKE :key)
            ORDER BY nama_out ASC
            LIMIT 20
2026-04-28 10:40:32 - getOutlet.php - Query berhasil, mengembalikan 20 record
2026-04-28 10:40:32 - getOutlet.php - === END REQUEST ===
2026-04-28 03:40:32 - getOutlet.php - === REQUEST GETOUTLET ===
2026-04-28 03:40:32 - getOutlet.php - Method: POST
2026-04-28 03:40:32 - getOutlet.php - POST data: {"tgl":"2026-04-28","encrypt":"41c7aa6da1665eab307362296dd568d0","id_apl":"APL01","key":"Rs"}
2026-04-28 10:40:32 - getOutlet.php - Params - tgl: 2026-04-28, encrypt: 41c7aa6da1665eab307362296dd568d0, id_apl: APL01, key: Rs
2026-04-28 10:40:32 - getOutlet.php - Aplikasi ditemukan: Ya
2026-04-28 10:40:32 - getOutlet.php - Key aplikasi: YbcJSFjkds...
2026-04-28 10:40:32 - getOutlet.php - Expected encrypt: 41c7aa6da1665eab307362296dd568d0
2026-04-28 10:40:32 - getOutlet.php - Received encrypt: 41c7aa6da1665eab307362296dd568d0
2026-04-28 10:40:32 - getOutlet.php - Authentication berhasil
2026-04-28 10:40:32 - getOutlet.php - Query: SELECT id_out, nama_out, '' AS alamat_out, ofcode_out
            FROM outlet 
            WHERE status_out IN ('Active', '1', 'active')
            AND (nama_out LIKE :key OR ofcode_out LIKE :key)
            ORDER BY nama_out ASC
            LIMIT 20
2026-04-28 10:40:32 - getOutlet.php - Query berhasil, mengembalikan 20 record
2026-04-28 10:40:32 - getOutlet.php - === END REQUEST ===
2026-04-28 03:40:33 - getOutlet.php - === REQUEST GETOUTLET ===
2026-04-28 03:40:33 - getOutlet.php - Method: POST
2026-04-28 03:40:33 - getOutlet.php - POST data: {"tgl":"2026-04-28","encrypt":"41c7aa6da1665eab307362296dd568d0","id_apl":"APL01","key":"Rs u"}
2026-04-28 10:40:33 - getOutlet.php - Params - tgl: 2026-04-28, encrypt: 41c7aa6da1665eab307362296dd568d0, id_apl: APL01, key: Rs u
2026-04-28 10:40:33 - getOutlet.php - Aplikasi ditemukan: Ya
2026-04-28 10:40:33 - getOutlet.php - Key aplikasi: YbcJSFjkds...
2026-04-28 10:40:33 - getOutlet.php - Expected encrypt: 41c7aa6da1665eab307362296dd568d0
2026-04-28 10:40:33 - getOutlet.php - Received encrypt: 41c7aa6da1665eab307362296dd568d0
2026-04-28 10:40:33 - getOutlet.php - Authentication berhasil
2026-04-28 10:40:33 - getOutlet.php - Query: SELECT id_out, nama_out, '' AS alamat_out, ofcode_out
            FROM outlet 
            WHERE status_out IN ('Active', '1', 'active')
            AND (nama_out LIKE :key OR ofcode_out LIKE :key)
            ORDER BY nama_out ASC
            LIMIT 20
2026-04-28 10:40:33 - getOutlet.php - Query berhasil, mengembalikan 6 record
2026-04-28 10:40:33 - getOutlet.php - === END REQUEST ===
2026-04-28 03:40:33 - getOutlet.php - === REQUEST GETOUTLET ===
2026-04-28 03:40:33 - getOutlet.php - Method: POST
2026-04-28 03:40:33 - getOutlet.php - POST data: {"tgl":"2026-04-28","encrypt":"41c7aa6da1665eab307362296dd568d0","id_apl":"APL01","key":"Rs uk"}
2026-04-28 10:40:33 - getOutlet.php - Params - tgl: 2026-04-28, encrypt: 41c7aa6da1665eab307362296dd568d0, id_apl: APL01, key: Rs uk
2026-04-28 10:40:33 - getOutlet.php - Aplikasi ditemukan: Ya
2026-04-28 10:40:33 - getOutlet.php - Key aplikasi: YbcJSFjkds...
2026-04-28 10:40:33 - getOutlet.php - Expected encrypt: 41c7aa6da1665eab307362296dd568d0
2026-04-28 10:40:33 - getOutlet.php - Received encrypt: 41c7aa6da1665eab307362296dd568d0
2026-04-28 10:40:33 - getOutlet.php - Authentication berhasil
2026-04-28 10:40:33 - getOutlet.php - Query: SELECT id_out, nama_out, '' AS alamat_out, ofcode_out
            FROM outlet 
            WHERE status_out IN ('Active', '1', 'active')
            AND (nama_out LIKE :key OR ofcode_out LIKE :key)
            ORDER BY nama_out ASC
            LIMIT 20
2026-04-28 10:40:33 - getOutlet.php - Query berhasil, mengembalikan 1 record
2026-04-28 10:40:33 - getOutlet.php - === END REQUEST ===
2026-04-28 03:40:34 - getOutlet.php - === REQUEST GETOUTLET ===
2026-04-28 03:40:34 - getOutlet.php - Method: POST
2026-04-28 03:40:34 - getOutlet.php - POST data: {"tgl":"2026-04-28","encrypt":"41c7aa6da1665eab307362296dd568d0","id_apl":"APL01","key":"Rs ukr"}
2026-04-28 10:40:34 - getOutlet.php - Params - tgl: 2026-04-28, encrypt: 41c7aa6da1665eab307362296dd568d0, id_apl: APL01, key: Rs ukr
2026-04-28 10:40:34 - getOutlet.php - Aplikasi ditemukan: Ya
2026-04-28 10:40:34 - getOutlet.php - Key aplikasi: YbcJSFjkds...
2026-04-28 10:40:34 - getOutlet.php - Expected encrypt: 41c7aa6da1665eab307362296dd568d0
2026-04-28 10:40:34 - getOutlet.php - Received encrypt: 41c7aa6da1665eab307362296dd568d0
2026-04-28 10:40:34 - getOutlet.php - Authentication berhasil
2026-04-28 10:40:34 - getOutlet.php - Query: SELECT id_out, nama_out, '' AS alamat_out, ofcode_out
            FROM outlet 
            WHERE status_out IN ('Active', '1', 'active')
            AND (nama_out LIKE :key OR ofcode_out LIKE :key)
            ORDER BY nama_out ASC
            LIMIT 20
2026-04-28 10:40:34 - getOutlet.php - Query berhasil, mengembalikan 1 record
2026-04-28 10:40:34 - getOutlet.php - === END REQUEST ===
2026-04-28 03:40:34 - getOutlet.php - === REQUEST GETOUTLET ===
2026-04-28 03:40:34 - getOutlet.php - Method: POST
2026-04-28 03:40:34 - getOutlet.php - POST data: {"tgl":"2026-04-28","encrypt":"41c7aa6da1665eab307362296dd568d0","id_apl":"APL01","key":"Rs ukri"}
2026-04-28 10:40:34 - getOutlet.php - Params - tgl: 2026-04-28, encrypt: 41c7aa6da1665eab307362296dd568d0, id_apl: APL01, key: Rs ukri
2026-04-28 10:40:34 - getOutlet.php - Aplikasi ditemukan: Ya
2026-04-28 10:40:34 - getOutlet.php - Key aplikasi: YbcJSFjkds...
2026-04-28 10:40:34 - getOutlet.php - Expected encrypt: 41c7aa6da1665eab307362296dd568d0
2026-04-28 10:40:34 - getOutlet.php - Received encrypt: 41c7aa6da1665eab307362296dd568d0
2026-04-28 10:40:34 - getOutlet.php - Authentication berhasil
2026-04-28 10:40:34 - getOutlet.php - Query: SELECT id_out, nama_out, '' AS alamat_out, ofcode_out
            FROM outlet 
            WHERE status_out IN ('Active', '1', 'active')
            AND (nama_out LIKE :key OR ofcode_out LIKE :key)
            ORDER BY nama_out ASC
            LIMIT 20
2026-04-28 10:40:34 - getOutlet.php - Query berhasil, mengembalikan 1 record
2026-04-28 10:40:34 - getOutlet.php - === END REQUEST ===
2026-04-28 03:40:35 - getOutlet.php - === REQUEST GETOUTLET ===
2026-04-28 03:40:35 - getOutlet.php - Method: POST
2026-04-28 03:40:35 - getOutlet.php - POST data: {"tgl":"2026-04-28","encrypt":"41c7aa6da1665eab307362296dd568d0","id_apl":"APL01","key":"RS UKRIDA"}
2026-04-28 10:40:35 - getOutlet.php - Params - tgl: 2026-04-28, encrypt: 41c7aa6da1665eab307362296dd568d0, id_apl: APL01, key: RS UKRIDA
2026-04-28 10:40:35 - getOutlet.php - Aplikasi ditemukan: Ya
2026-04-28 10:40:35 - getOutlet.php - Key aplikasi: YbcJSFjkds...
2026-04-28 10:40:35 - getOutlet.php - Expected encrypt: 41c7aa6da1665eab307362296dd568d0
2026-04-28 10:40:35 - getOutlet.php - Received encrypt: 41c7aa6da1665eab307362296dd568d0
2026-04-28 10:40:35 - getOutlet.php - Authentication berhasil
2026-04-28 10:40:35 - getOutlet.php - Query: SELECT id_out, nama_out, '' AS alamat_out, ofcode_out
            FROM outlet 
            WHERE status_out IN ('Active', '1', 'active')
            AND (nama_out LIKE :key OR ofcode_out LIKE :key)
            ORDER BY nama_out ASC
            LIMIT 20
2026-04-28 10:40:35 - getOutlet.php - Query berhasil, mengembalikan 1 record
2026-04-28 10:40:35 - getOutlet.php - === END REQUEST ===
2026-04-28 03:40:47 - getOutlet.php - === REQUEST GETOUTLET ===
2026-04-28 03:40:47 - getOutlet.php - Method: POST
2026-04-28 03:40:47 - getOutlet.php - POST data: {"tgl":"2026-04-28","encrypt":"41c7aa6da1665eab307362296dd568d0","id_apl":"APL01","key":"Km"}
2026-04-28 10:40:47 - getOutlet.php - Params - tgl: 2026-04-28, encrypt: 41c7aa6da1665eab307362296dd568d0, id_apl: APL01, key: Km
2026-04-28 10:40:47 - getOutlet.php - Aplikasi ditemukan: Ya
2026-04-28 10:40:47 - getOutlet.php - Key aplikasi: YbcJSFjkds...
2026-04-28 10:40:47 - getOutlet.php - Expected encrypt: 41c7aa6da1665eab307362296dd568d0
2026-04-28 10:40:47 - getOutlet.php - Received encrypt: 41c7aa6da1665eab307362296dd568d0
2026-04-28 10:40:47 - getOutlet.php - Authentication berhasil
2026-04-28 10:40:47 - getOutlet.php - Query: SELECT id_out, nama_out, '' AS alamat_out, ofcode_out
            FROM outlet 
            WHERE status_out IN ('Active', '1', 'active')
            AND (nama_out LIKE :key OR ofcode_out LIKE :key)
            ORDER BY nama_out ASC
            LIMIT 20
2026-04-28 10:40:47 - getOutlet.php - Query berhasil, mengembalikan 9 record
2026-04-28 10:40:47 - getOutlet.php - === END REQUEST ===
2026-04-28 03:40:48 - getOutlet.php - === REQUEST GETOUTLET ===
2026-04-28 03:40:48 - getOutlet.php - Method: POST
2026-04-28 03:40:48 - getOutlet.php - POST data: {"tgl":"2026-04-28","encrypt":"41c7aa6da1665eab307362296dd568d0","id_apl":"APL01","key":"Kmn"}
2026-04-28 10:40:48 - getOutlet.php - Params - tgl: 2026-04-28, encrypt: 41c7aa6da1665eab307362296dd568d0, id_apl: APL01, key: Kmn
2026-04-28 10:40:48 - getOutlet.php - Aplikasi ditemukan: Ya
2026-04-28 10:40:48 - getOutlet.php - Key aplikasi: YbcJSFjkds...
2026-04-28 10:40:48 - getOutlet.php - Expected encrypt: 41c7aa6da1665eab307362296dd568d0
2026-04-28 10:40:48 - getOutlet.php - Received encrypt: 41c7aa6da1665eab307362296dd568d0
2026-04-28 10:40:48 - getOutlet.php - Authentication berhasil
2026-04-28 10:40:48 - getOutlet.php - Query: SELECT id_out, nama_out, '' AS alamat_out, ofcode_out
            FROM outlet 
            WHERE status_out IN ('Active', '1', 'active')
            AND (nama_out LIKE :key OR ofcode_out LIKE :key)
            ORDER BY nama_out ASC
            LIMIT 20
2026-04-28 10:40:48 - getOutlet.php - Query berhasil, mengembalikan 4 record
2026-04-28 10:40:48 - getOutlet.php - === END REQUEST ===
2026-04-28 03:40:48 - getOutlet.php - === REQUEST GETOUTLET ===
2026-04-28 03:40:48 - getOutlet.php - Method: POST
2026-04-28 03:40:48 - getOutlet.php - POST data: {"tgl":"2026-04-28","encrypt":"41c7aa6da1665eab307362296dd568d0","id_apl":"APL01","key":"Kmn"}
2026-04-28 10:40:48 - getOutlet.php - Params - tgl: 2026-04-28, encrypt: 41c7aa6da1665eab307362296dd568d0, id_apl: APL01, key: Kmn
2026-04-28 03:40:48 - getOutlet.php - === REQUEST GETOUTLET ===
2026-04-28 03:40:48 - getOutlet.php - Method: POST
2026-04-28 03:40:48 - getOutlet.php - POST data: {"tgl":"2026-04-28","encrypt":"41c7aa6da1665eab307362296dd568d0","id_apl":"APL01","key":"Kmn"}
2026-04-28 10:40:48 - getOutlet.php - Params - tgl: 2026-04-28, encrypt: 41c7aa6da1665eab307362296dd568d0, id_apl: APL01, key: Kmn
2026-04-28 10:40:48 - getOutlet.php - Aplikasi ditemukan: Ya
2026-04-28 10:40:48 - getOutlet.php - Aplikasi ditemukan: Ya
2026-04-28 10:40:48 - getOutlet.php - Key aplikasi: YbcJSFjkds...
2026-04-28 10:40:48 - getOutlet.php - Key aplikasi: YbcJSFjkds...
2026-04-28 10:40:48 - getOutlet.php - Expected encrypt: 41c7aa6da1665eab307362296dd568d0
2026-04-28 10:40:48 - getOutlet.php - Expected encrypt: 41c7aa6da1665eab307362296dd568d0
2026-04-28 10:40:48 - getOutlet.php - Received encrypt: 41c7aa6da1665eab307362296dd568d0
2026-04-28 10:40:48 - getOutlet.php - Received encrypt: 41c7aa6da1665eab307362296dd568d0
2026-04-28 10:40:48 - getOutlet.php - Authentication berhasil
2026-04-28 10:40:48 - getOutlet.php - Authentication berhasil
2026-04-28 10:40:48 - getOutlet.php - Query: SELECT id_out, nama_out, '' AS alamat_out, ofcode_out
            FROM outlet 
            WHERE status_out IN ('Active', '1', 'active')
            AND (nama_out LIKE :key OR ofcode_out LIKE :key)
            ORDER BY nama_out ASC
            LIMIT 20
2026-04-28 10:40:48 - getOutlet.php - Query: SELECT id_out, nama_out, '' AS alamat_out, ofcode_out
            FROM outlet 
            WHERE status_out IN ('Active', '1', 'active')
            AND (nama_out LIKE :key OR ofcode_out LIKE :key)
            ORDER BY nama_out ASC
            LIMIT 20
2026-04-28 10:40:48 - getOutlet.php - Query berhasil, mengembalikan 4 record
2026-04-28 10:40:48 - getOutlet.php - Query berhasil, mengembalikan 4 record
2026-04-28 10:40:48 - getOutlet.php - === END REQUEST ===
2026-04-28 10:40:48 - getOutlet.php - === END REQUEST ===
2026-04-28 03:40:49 - getOutlet.php - === REQUEST GETOUTLET ===
2026-04-28 03:40:49 - getOutlet.php - Method: POST
2026-04-28 03:40:49 - getOutlet.php - POST data: {"tgl":"2026-04-28","encrypt":"41c7aa6da1665eab307362296dd568d0","id_apl":"APL01","key":"Kmn k"}
2026-04-28 10:40:49 - getOutlet.php - Params - tgl: 2026-04-28, encrypt: 41c7aa6da1665eab307362296dd568d0, id_apl: APL01, key: Kmn k
2026-04-28 10:40:49 - getOutlet.php - Aplikasi ditemukan: Ya
2026-04-28 10:40:49 - getOutlet.php - Key aplikasi: YbcJSFjkds...
2026-04-28 10:40:49 - getOutlet.php - Expected encrypt: 41c7aa6da1665eab307362296dd568d0
2026-04-28 10:40:49 - getOutlet.php - Received encrypt: 41c7aa6da1665eab307362296dd568d0
2026-04-28 10:40:49 - getOutlet.php - Authentication berhasil
2026-04-28 10:40:49 - getOutlet.php - Query: SELECT id_out, nama_out, '' AS alamat_out, ofcode_out
            FROM outlet 
            WHERE status_out IN ('Active', '1', 'active')
            AND (nama_out LIKE :key OR ofcode_out LIKE :key)
            ORDER BY nama_out ASC
            LIMIT 20
2026-04-28 10:40:49 - getOutlet.php - Query berhasil, mengembalikan 2 record
2026-04-28 10:40:49 - getOutlet.php - === END REQUEST ===
2026-04-28 03:40:49 - getOutlet.php - === REQUEST GETOUTLET ===
2026-04-28 03:40:49 - getOutlet.php - Method: POST
2026-04-28 03:40:49 - getOutlet.php - POST data: {"tgl":"2026-04-28","encrypt":"41c7aa6da1665eab307362296dd568d0","id_apl":"APL01","key":"Kmn ke"}
2026-04-28 10:40:49 - getOutlet.php - Params - tgl: 2026-04-28, encrypt: 41c7aa6da1665eab307362296dd568d0, id_apl: APL01, key: Kmn ke
2026-04-28 10:40:49 - getOutlet.php - Aplikasi ditemukan: Ya
2026-04-28 10:40:49 - getOutlet.php - Key aplikasi: YbcJSFjkds...
2026-04-28 10:40:49 - getOutlet.php - Expected encrypt: 41c7aa6da1665eab307362296dd568d0
2026-04-28 10:40:49 - getOutlet.php - Received encrypt: 41c7aa6da1665eab307362296dd568d0
2026-04-28 10:40:49 - getOutlet.php - Authentication berhasil
2026-04-28 10:40:49 - getOutlet.php - Query: SELECT id_out, nama_out, '' AS alamat_out, ofcode_out
            FROM outlet 
            WHERE status_out IN ('Active', '1', 'active')
            AND (nama_out LIKE :key OR ofcode_out LIKE :key)
            ORDER BY nama_out ASC
            LIMIT 20
2026-04-28 10:40:49 - getOutlet.php - Query berhasil, mengembalikan 2 record
2026-04-28 10:40:49 - getOutlet.php - === END REQUEST ===
2026-04-28 03:40:49 - getOutlet.php - === REQUEST GETOUTLET ===
2026-04-28 03:40:49 - getOutlet.php - Method: POST
2026-04-28 03:40:49 - getOutlet.php - POST data: {"tgl":"2026-04-28","encrypt":"41c7aa6da1665eab307362296dd568d0","id_apl":"APL01","key":"Kmn keb"}
2026-04-28 10:40:49 - getOutlet.php - Params - tgl: 2026-04-28, encrypt: 41c7aa6da1665eab307362296dd568d0, id_apl: APL01, key: Kmn keb
2026-04-28 10:40:49 - getOutlet.php - Aplikasi ditemukan: Ya
2026-04-28 10:40:49 - getOutlet.php - Key aplikasi: YbcJSFjkds...
2026-04-28 10:40:49 - getOutlet.php - Expected encrypt: 41c7aa6da1665eab307362296dd568d0
2026-04-28 10:40:49 - getOutlet.php - Received encrypt: 41c7aa6da1665eab307362296dd568d0
2026-04-28 10:40:49 - getOutlet.php - Authentication berhasil
2026-04-28 10:40:49 - getOutlet.php - Query: SELECT id_out, nama_out, '' AS alamat_out, ofcode_out
            FROM outlet 
            WHERE status_out IN ('Active', '1', 'active')
            AND (nama_out LIKE :key OR ofcode_out LIKE :key)
            ORDER BY nama_out ASC
            LIMIT 20
2026-04-28 10:40:49 - getOutlet.php - Query berhasil, mengembalikan 1 record
2026-04-28 10:40:49 - getOutlet.php - === END REQUEST ===
2026-04-28 03:40:50 - getOutlet.php - === REQUEST GETOUTLET ===
2026-04-28 03:40:50 - getOutlet.php - Method: POST
2026-04-28 03:40:50 - getOutlet.php - POST data: {"tgl":"2026-04-28","encrypt":"41c7aa6da1665eab307362296dd568d0","id_apl":"APL01","key":"Kmn kebo"}
2026-04-28 10:40:50 - getOutlet.php - Params - tgl: 2026-04-28, encrypt: 41c7aa6da1665eab307362296dd568d0, id_apl: APL01, key: Kmn kebo
2026-04-28 10:40:50 - getOutlet.php - Aplikasi ditemukan: Ya
2026-04-28 10:40:50 - getOutlet.php - Key aplikasi: YbcJSFjkds...
2026-04-28 10:40:50 - getOutlet.php - Expected encrypt: 41c7aa6da1665eab307362296dd568d0
2026-04-28 10:40:50 - getOutlet.php - Received encrypt: 41c7aa6da1665eab307362296dd568d0
2026-04-28 10:40:50 - getOutlet.php - Authentication berhasil
2026-04-28 10:40:50 - getOutlet.php - Query: SELECT id_out, nama_out, '' AS alamat_out, ofcode_out
            FROM outlet 
            WHERE status_out IN ('Active', '1', 'active')
            AND (nama_out LIKE :key OR ofcode_out LIKE :key)
            ORDER BY nama_out ASC
            LIMIT 20
2026-04-28 10:40:50 - getOutlet.php - Query berhasil, mengembalikan 1 record
2026-04-28 10:40:50 - getOutlet.php - === END REQUEST ===
2026-04-28 03:40:52 - getOutlet.php - === REQUEST GETOUTLET ===
2026-04-28 03:40:52 - getOutlet.php - Method: POST
2026-04-28 03:40:52 - getOutlet.php - POST data: {"tgl":"2026-04-28","encrypt":"41c7aa6da1665eab307362296dd568d0","id_apl":"APL01","key":"KMN KEBON JERUK"}
2026-04-28 10:40:52 - getOutlet.php - Params - tgl: 2026-04-28, encrypt: 41c7aa6da1665eab307362296dd568d0, id_apl: APL01, key: KMN KEBON JERUK
2026-04-28 10:40:52 - getOutlet.php - Aplikasi ditemukan: Ya
2026-04-28 10:40:52 - getOutlet.php - Key aplikasi: YbcJSFjkds...
2026-04-28 10:40:52 - getOutlet.php - Expected encrypt: 41c7aa6da1665eab307362296dd568d0
2026-04-28 10:40:52 - getOutlet.php - Received encrypt: 41c7aa6da1665eab307362296dd568d0
2026-04-28 10:40:52 - getOutlet.php - Authentication berhasil
2026-04-28 10:40:52 - getOutlet.php - Query: SELECT id_out, nama_out, '' AS alamat_out, ofcode_out
            FROM outlet 
            WHERE status_out IN ('Active', '1', 'active')
            AND (nama_out LIKE :key OR ofcode_out LIKE :key)
            ORDER BY nama_out ASC
            LIMIT 20
2026-04-28 10:40:52 - getOutlet.php - Query berhasil, mengembalikan 1 record
2026-04-28 10:40:52 - getOutlet.php - === END REQUEST ===
2026-04-28 03:44:22 - getOutlet.php - === REQUEST GETOUTLET ===
2026-04-28 03:44:22 - getOutlet.php - Method: POST
2026-04-28 03:44:22 - getOutlet.php - POST data: {"tgl":"2026-04-28","encrypt":"41c7aa6da1665eab307362296dd568d0","id_apl":"APL01","key":"Si"}
2026-04-28 10:44:22 - getOutlet.php - Params - tgl: 2026-04-28, encrypt: 41c7aa6da1665eab307362296dd568d0, id_apl: APL01, key: Si
2026-04-28 10:44:22 - getOutlet.php - Aplikasi ditemukan: Ya
2026-04-28 10:44:22 - getOutlet.php - Key aplikasi: YbcJSFjkds...
2026-04-28 10:44:22 - getOutlet.php - Expected encrypt: 41c7aa6da1665eab307362296dd568d0
2026-04-28 10:44:22 - getOutlet.php - Received encrypt: 41c7aa6da1665eab307362296dd568d0
2026-04-28 10:44:22 - getOutlet.php - Authentication berhasil
2026-04-28 10:44:22 - getOutlet.php - Query: SELECT id_out, nama_out, '' AS alamat_out, ofcode_out
            FROM outlet 
            WHERE status_out IN ('Active', '1', 'active')
            AND (nama_out LIKE :key OR ofcode_out LIKE :key)
            ORDER BY nama_out ASC
            LIMIT 20
2026-04-28 10:44:22 - getOutlet.php - Query berhasil, mengembalikan 20 record
2026-04-28 10:44:22 - getOutlet.php - === END REQUEST ===
2026-04-28 03:44:22 - getOutlet.php - === REQUEST GETOUTLET ===
2026-04-28 03:44:22 - getOutlet.php - Method: POST
2026-04-28 03:44:22 - getOutlet.php - POST data: {"tgl":"2026-04-28","encrypt":"41c7aa6da1665eab307362296dd568d0","id_apl":"APL01","key":"Sil"}
2026-04-28 10:44:22 - getOutlet.php - Params - tgl: 2026-04-28, encrypt: 41c7aa6da1665eab307362296dd568d0, id_apl: APL01, key: Sil
2026-04-28 10:44:22 - getOutlet.php - Aplikasi ditemukan: Ya
2026-04-28 10:44:22 - getOutlet.php - Key aplikasi: YbcJSFjkds...
2026-04-28 10:44:22 - getOutlet.php - Expected encrypt: 41c7aa6da1665eab307362296dd568d0
2026-04-28 10:44:22 - getOutlet.php - Received encrypt: 41c7aa6da1665eab307362296dd568d0
2026-04-28 10:44:22 - getOutlet.php - Authentication berhasil
2026-04-28 10:44:22 - getOutlet.php - Query: SELECT id_out, nama_out, '' AS alamat_out, ofcode_out
            FROM outlet 
            WHERE status_out IN ('Active', '1', 'active')
            AND (nama_out LIKE :key OR ofcode_out LIKE :key)
            ORDER BY nama_out ASC
            LIMIT 20
2026-04-28 10:44:22 - getOutlet.php - Query berhasil, mengembalikan 19 record
2026-04-28 10:44:22 - getOutlet.php - === END REQUEST ===
2026-04-28 03:44:22 - getOutlet.php - === REQUEST GETOUTLET ===
2026-04-28 03:44:22 - getOutlet.php - Method: POST
2026-04-28 03:44:22 - getOutlet.php - POST data: {"tgl":"2026-04-28","encrypt":"41c7aa6da1665eab307362296dd568d0","id_apl":"APL01","key":"Silo"}
2026-04-28 10:44:22 - getOutlet.php - Params - tgl: 2026-04-28, encrypt: 41c7aa6da1665eab307362296dd568d0, id_apl: APL01, key: Silo
2026-04-28 10:44:22 - getOutlet.php - Aplikasi ditemukan: Ya
2026-04-28 10:44:22 - getOutlet.php - Key aplikasi: YbcJSFjkds...
2026-04-28 10:44:22 - getOutlet.php - Expected encrypt: 41c7aa6da1665eab307362296dd568d0
2026-04-28 10:44:22 - getOutlet.php - Received encrypt: 41c7aa6da1665eab307362296dd568d0
2026-04-28 10:44:22 - getOutlet.php - Authentication berhasil
2026-04-28 10:44:22 - getOutlet.php - Query: SELECT id_out, nama_out, '' AS alamat_out, ofcode_out
            FROM outlet 
            WHERE status_out IN ('Active', '1', 'active')
            AND (nama_out LIKE :key OR ofcode_out LIKE :key)
            ORDER BY nama_out ASC
            LIMIT 20
2026-04-28 10:44:22 - getOutlet.php - Query berhasil, mengembalikan 17 record
2026-04-28 10:44:22 - getOutlet.php - === END REQUEST ===
2026-04-28 03:44:22 - getOutlet.php - === REQUEST GETOUTLET ===
2026-04-28 03:44:22 - getOutlet.php - Method: POST
2026-04-28 03:44:22 - getOutlet.php - POST data: {"tgl":"2026-04-28","encrypt":"41c7aa6da1665eab307362296dd568d0","id_apl":"APL01","key":"Siloa"}
2026-04-28 10:44:22 - getOutlet.php - Params - tgl: 2026-04-28, encrypt: 41c7aa6da1665eab307362296dd568d0, id_apl: APL01, key: Siloa
2026-04-28 10:44:22 - getOutlet.php - Aplikasi ditemukan: Ya
2026-04-28 10:44:22 - getOutlet.php - Key aplikasi: YbcJSFjkds...
2026-04-28 10:44:22 - getOutlet.php - Expected encrypt: 41c7aa6da1665eab307362296dd568d0
2026-04-28 10:44:22 - getOutlet.php - Received encrypt: 41c7aa6da1665eab307362296dd568d0
2026-04-28 10:44:22 - getOutlet.php - Authentication berhasil
2026-04-28 10:44:22 - getOutlet.php - Query: SELECT id_out, nama_out, '' AS alamat_out, ofcode_out
            FROM outlet 
            WHERE status_out IN ('Active', '1', 'active')
            AND (nama_out LIKE :key OR ofcode_out LIKE :key)
            ORDER BY nama_out ASC
            LIMIT 20
2026-04-28 10:44:22 - getOutlet.php - Query berhasil, mengembalikan 17 record
2026-04-28 10:44:22 - getOutlet.php - === END REQUEST ===
2026-04-28 03:44:22 - getOutlet.php - === REQUEST GETOUTLET ===
2026-04-28 03:44:22 - getOutlet.php - Method: POST
2026-04-28 03:44:22 - getOutlet.php - POST data: {"tgl":"2026-04-28","encrypt":"41c7aa6da1665eab307362296dd568d0","id_apl":"APL01","key":"Siloam"}
2026-04-28 10:44:22 - getOutlet.php - Params - tgl: 2026-04-28, encrypt: 41c7aa6da1665eab307362296dd568d0, id_apl: APL01, key: Siloam
2026-04-28 10:44:22 - getOutlet.php - Aplikasi ditemukan: Ya
2026-04-28 10:44:22 - getOutlet.php - Key aplikasi: YbcJSFjkds...
2026-04-28 10:44:22 - getOutlet.php - Expected encrypt: 41c7aa6da1665eab307362296dd568d0
2026-04-28 10:44:22 - getOutlet.php - Received encrypt: 41c7aa6da1665eab307362296dd568d0
2026-04-28 10:44:22 - getOutlet.php - Authentication berhasil
2026-04-28 10:44:22 - getOutlet.php - Query: SELECT id_out, nama_out, '' AS alamat_out, ofcode_out
            FROM outlet 
            WHERE status_out IN ('Active', '1', 'active')
            AND (nama_out LIKE :key OR ofcode_out LIKE :key)
            ORDER BY nama_out ASC
            LIMIT 20
2026-04-28 10:44:22 - getOutlet.php - Query berhasil, mengembalikan 17 record
2026-04-28 10:44:22 - getOutlet.php - === END REQUEST ===
2026-04-28 03:44:23 - getOutlet.php - === REQUEST GETOUTLET ===
2026-04-28 03:44:23 - getOutlet.php - Method: POST
2026-04-28 03:44:23 - getOutlet.php - POST data: {"tgl":"2026-04-28","encrypt":"41c7aa6da1665eab307362296dd568d0","id_apl":"APL01","key":"Siloam"}
2026-04-28 10:44:23 - getOutlet.php - Params - tgl: 2026-04-28, encrypt: 41c7aa6da1665eab307362296dd568d0, id_apl: APL01, key: Siloam
2026-04-28 10:44:23 - getOutlet.php - Aplikasi ditemukan: Ya
2026-04-28 10:44:23 - getOutlet.php - Key aplikasi: YbcJSFjkds...
2026-04-28 10:44:23 - getOutlet.php - Expected encrypt: 41c7aa6da1665eab307362296dd568d0
2026-04-28 10:44:23 - getOutlet.php - Received encrypt: 41c7aa6da1665eab307362296dd568d0
2026-04-28 10:44:23 - getOutlet.php - Authentication berhasil
2026-04-28 10:44:23 - getOutlet.php - Query: SELECT id_out, nama_out, '' AS alamat_out, ofcode_out
            FROM outlet 
            WHERE status_out IN ('Active', '1', 'active')
            AND (nama_out LIKE :key OR ofcode_out LIKE :key)
            ORDER BY nama_out ASC
            LIMIT 20
2026-04-28 10:44:23 - getOutlet.php - Query berhasil, mengembalikan 17 record
2026-04-28 10:44:23 - getOutlet.php - === END REQUEST ===
2026-04-28 03:44:23 - getOutlet.php - === REQUEST GETOUTLET ===
2026-04-28 03:44:23 - getOutlet.php - Method: POST
2026-04-28 03:44:23 - getOutlet.php - POST data: {"tgl":"2026-04-28","encrypt":"41c7aa6da1665eab307362296dd568d0","id_apl":"APL01","key":"Siloam"}
2026-04-28 10:44:23 - getOutlet.php - Params - tgl: 2026-04-28, encrypt: 41c7aa6da1665eab307362296dd568d0, id_apl: APL01, key: Siloam
2026-04-28 10:44:23 - getOutlet.php - Aplikasi ditemukan: Ya
2026-04-28 10:44:23 - getOutlet.php - Key aplikasi: YbcJSFjkds...
2026-04-28 10:44:23 - getOutlet.php - Expected encrypt: 41c7aa6da1665eab307362296dd568d0
2026-04-28 10:44:23 - getOutlet.php - Received encrypt: 41c7aa6da1665eab307362296dd568d0
2026-04-28 10:44:23 - getOutlet.php - Authentication berhasil
2026-04-28 10:44:23 - getOutlet.php - Query: SELECT id_out, nama_out, '' AS alamat_out, ofcode_out
            FROM outlet 
            WHERE status_out IN ('Active', '1', 'active')
            AND (nama_out LIKE :key OR ofcode_out LIKE :key)
            ORDER BY nama_out ASC
            LIMIT 20
2026-04-28 10:44:23 - getOutlet.php - Query berhasil, mengembalikan 17 record
2026-04-28 10:44:23 - getOutlet.php - === END REQUEST ===
2026-04-28 03:44:23 - getOutlet.php - === REQUEST GETOUTLET ===
2026-04-28 03:44:23 - getOutlet.php - Method: POST
2026-04-28 03:44:23 - getOutlet.php - POST data: {"tgl":"2026-04-28","encrypt":"41c7aa6da1665eab307362296dd568d0","id_apl":"APL01","key":"Siloam h"}
2026-04-28 10:44:23 - getOutlet.php - Params - tgl: 2026-04-28, encrypt: 41c7aa6da1665eab307362296dd568d0, id_apl: APL01, key: Siloam h
2026-04-28 10:44:23 - getOutlet.php - Aplikasi ditemukan: Ya
2026-04-28 10:44:23 - getOutlet.php - Key aplikasi: YbcJSFjkds...
2026-04-28 10:44:23 - getOutlet.php - Expected encrypt: 41c7aa6da1665eab307362296dd568d0
2026-04-28 10:44:23 - getOutlet.php - Received encrypt: 41c7aa6da1665eab307362296dd568d0
2026-04-28 10:44:23 - getOutlet.php - Authentication berhasil
2026-04-28 10:44:23 - getOutlet.php - Query: SELECT id_out, nama_out, '' AS alamat_out, ofcode_out
            FROM outlet 
            WHERE status_out IN ('Active', '1', 'active')
            AND (nama_out LIKE :key OR ofcode_out LIKE :key)
            ORDER BY nama_out ASC
            LIMIT 20
2026-04-28 10:44:23 - getOutlet.php - Query berhasil, mengembalikan 6 record
2026-04-28 10:44:23 - getOutlet.php - === END REQUEST ===
2026-04-28 03:44:23 - getOutlet.php - === REQUEST GETOUTLET ===
2026-04-28 03:44:23 - getOutlet.php - Method: POST
2026-04-28 03:44:23 - getOutlet.php - POST data: {"tgl":"2026-04-28","encrypt":"41c7aa6da1665eab307362296dd568d0","id_apl":"APL01","key":"Siloam he"}
2026-04-28 10:44:23 - getOutlet.php - Params - tgl: 2026-04-28, encrypt: 41c7aa6da1665eab307362296dd568d0, id_apl: APL01, key: Siloam he
2026-04-28 10:44:23 - getOutlet.php - Aplikasi ditemukan: Ya
2026-04-28 10:44:23 - getOutlet.php - Key aplikasi: YbcJSFjkds...
2026-04-28 10:44:23 - getOutlet.php - Expected encrypt: 41c7aa6da1665eab307362296dd568d0
2026-04-28 10:44:23 - getOutlet.php - Received encrypt: 41c7aa6da1665eab307362296dd568d0
2026-04-28 10:44:23 - getOutlet.php - Authentication berhasil
2026-04-28 10:44:23 - getOutlet.php - Query: SELECT id_out, nama_out, '' AS alamat_out, ofcode_out
            FROM outlet 
            WHERE status_out IN ('Active', '1', 'active')
            AND (nama_out LIKE :key OR ofcode_out LIKE :key)
            ORDER BY nama_out ASC
            LIMIT 20
2026-04-28 10:44:23 - getOutlet.php - Query berhasil, mengembalikan 1 record
2026-04-28 10:44:23 - getOutlet.php - === END REQUEST ===
2026-04-28 03:44:23 - getOutlet.php - === REQUEST GETOUTLET ===
2026-04-28 03:44:23 - getOutlet.php - Method: POST
2026-04-28 03:44:23 - getOutlet.php - POST data: {"tgl":"2026-04-28","encrypt":"41c7aa6da1665eab307362296dd568d0","id_apl":"APL01","key":"Siloam hea"}
2026-04-28 10:44:23 - getOutlet.php - Params - tgl: 2026-04-28, encrypt: 41c7aa6da1665eab307362296dd568d0, id_apl: APL01, key: Siloam hea
2026-04-28 10:44:23 - getOutlet.php - Aplikasi ditemukan: Ya
2026-04-28 10:44:23 - getOutlet.php - Key aplikasi: YbcJSFjkds...
2026-04-28 10:44:23 - getOutlet.php - Expected encrypt: 41c7aa6da1665eab307362296dd568d0
2026-04-28 10:44:23 - getOutlet.php - Received encrypt: 41c7aa6da1665eab307362296dd568d0
2026-04-28 10:44:23 - getOutlet.php - Authentication berhasil
2026-04-28 10:44:23 - getOutlet.php - Query: SELECT id_out, nama_out, '' AS alamat_out, ofcode_out
            FROM outlet 
            WHERE status_out IN ('Active', '1', 'active')
            AND (nama_out LIKE :key OR ofcode_out LIKE :key)
            ORDER BY nama_out ASC
            LIMIT 20
2026-04-28 10:44:24 - getOutlet.php - Query berhasil, mengembalikan 1 record
2026-04-28 10:44:24 - getOutlet.php - === END REQUEST ===
2026-04-28 03:44:24 - getOutlet.php - === REQUEST GETOUTLET ===
2026-04-28 03:44:24 - getOutlet.php - Method: POST
2026-04-28 03:44:24 - getOutlet.php - POST data: {"tgl":"2026-04-28","encrypt":"41c7aa6da1665eab307362296dd568d0","id_apl":"APL01","key":"Siloam hear"}
2026-04-28 10:44:24 - getOutlet.php - Params - tgl: 2026-04-28, encrypt: 41c7aa6da1665eab307362296dd568d0, id_apl: APL01, key: Siloam hear
2026-04-28 10:44:24 - getOutlet.php - Aplikasi ditemukan: Ya
2026-04-28 10:44:24 - getOutlet.php - Key aplikasi: YbcJSFjkds...
2026-04-28 10:44:24 - getOutlet.php - Expected encrypt: 41c7aa6da1665eab307362296dd568d0
2026-04-28 10:44:24 - getOutlet.php - Received encrypt: 41c7aa6da1665eab307362296dd568d0
2026-04-28 10:44:24 - getOutlet.php - Authentication berhasil
2026-04-28 10:44:24 - getOutlet.php - Query: SELECT id_out, nama_out, '' AS alamat_out, ofcode_out
            FROM outlet 
            WHERE status_out IN ('Active', '1', 'active')
            AND (nama_out LIKE :key OR ofcode_out LIKE :key)
            ORDER BY nama_out ASC
            LIMIT 20
2026-04-28 10:44:24 - getOutlet.php - Query berhasil, mengembalikan 1 record
2026-04-28 10:44:24 - getOutlet.php - === END REQUEST ===
2026-04-28 03:44:24 - getOutlet.php - === REQUEST GETOUTLET ===
2026-04-28 03:44:24 - getOutlet.php - Method: POST
2026-04-28 03:44:24 - getOutlet.php - POST data: {"tgl":"2026-04-28","encrypt":"41c7aa6da1665eab307362296dd568d0","id_apl":"APL01","key":"Siloam heart"}
2026-04-28 10:44:24 - getOutlet.php - Params - tgl: 2026-04-28, encrypt: 41c7aa6da1665eab307362296dd568d0, id_apl: APL01, key: Siloam heart
2026-04-28 10:44:24 - getOutlet.php - Aplikasi ditemukan: Ya
2026-04-28 10:44:24 - getOutlet.php - Key aplikasi: YbcJSFjkds...
2026-04-28 10:44:24 - getOutlet.php - Expected encrypt: 41c7aa6da1665eab307362296dd568d0
2026-04-28 10:44:24 - getOutlet.php - Received encrypt: 41c7aa6da1665eab307362296dd568d0
2026-04-28 10:44:24 - getOutlet.php - Authentication berhasil
2026-04-28 10:44:24 - getOutlet.php - Query: SELECT id_out, nama_out, '' AS alamat_out, ofcode_out
            FROM outlet 
            WHERE status_out IN ('Active', '1', 'active')
            AND (nama_out LIKE :key OR ofcode_out LIKE :key)
            ORDER BY nama_out ASC
            LIMIT 20
2026-04-28 10:44:24 - getOutlet.php - Query berhasil, mengembalikan 1 record
2026-04-28 10:44:24 - getOutlet.php - === END REQUEST ===
2026-04-28 03:44:25 - getOutlet.php - === REQUEST GETOUTLET ===
2026-04-28 03:44:25 - getOutlet.php - Method: POST
2026-04-28 03:44:25 - getOutlet.php - POST data: {"tgl":"2026-04-28","encrypt":"41c7aa6da1665eab307362296dd568d0","id_apl":"APL01","key":"RS Siloam Heart Hospital"}
2026-04-28 10:44:25 - getOutlet.php - Params - tgl: 2026-04-28, encrypt: 41c7aa6da1665eab307362296dd568d0, id_apl: APL01, key: RS Siloam Heart Hospital
2026-04-28 10:44:25 - getOutlet.php - Aplikasi ditemukan: Ya
2026-04-28 10:44:25 - getOutlet.php - Key aplikasi: YbcJSFjkds...
2026-04-28 10:44:25 - getOutlet.php - Expected encrypt: 41c7aa6da1665eab307362296dd568d0
2026-04-28 10:44:25 - getOutlet.php - Received encrypt: 41c7aa6da1665eab307362296dd568d0
2026-04-28 10:44:25 - getOutlet.php - Authentication berhasil
2026-04-28 10:44:25 - getOutlet.php - Query: SELECT id_out, nama_out, '' AS alamat_out, ofcode_out
            FROM outlet 
            WHERE status_out IN ('Active', '1', 'active')
            AND (nama_out LIKE :key OR ofcode_out LIKE :key)
            ORDER BY nama_out ASC
            LIMIT 20
2026-04-28 10:44:25 - getOutlet.php - Query berhasil, mengembalikan 1 record
2026-04-28 10:44:25 - getOutlet.php - === END REQUEST ===
2026-04-28 03:46:29 - getOutlet.php - === REQUEST GETOUTLET ===
2026-04-28 03:46:29 - getOutlet.php - Method: POST
2026-04-28 03:46:29 - getOutlet.php - POST data: {"tgl":"2026-04-28","encrypt":"41c7aa6da1665eab307362296dd568d0","id_apl":"APL01","key":"Ek"}
2026-04-28 10:46:29 - getOutlet.php - Params - tgl: 2026-04-28, encrypt: 41c7aa6da1665eab307362296dd568d0, id_apl: APL01, key: Ek
2026-04-28 10:46:29 - getOutlet.php - Aplikasi ditemukan: Ya
2026-04-28 10:46:29 - getOutlet.php - Key aplikasi: YbcJSFjkds...
2026-04-28 10:46:29 - getOutlet.php - Expected encrypt: 41c7aa6da1665eab307362296dd568d0
2026-04-28 10:46:29 - getOutlet.php - Received encrypt: 41c7aa6da1665eab307362296dd568d0
2026-04-28 10:46:29 - getOutlet.php - Authentication berhasil
2026-04-28 10:46:29 - getOutlet.php - Query: SELECT id_out, nama_out, '' AS alamat_out, ofcode_out
            FROM outlet 
            WHERE status_out IN ('Active', '1', 'active')
            AND (nama_out LIKE :key OR ofcode_out LIKE :key)
            ORDER BY nama_out ASC
            LIMIT 20
2026-04-28 10:46:29 - getOutlet.php - Query berhasil, mengembalikan 20 record
2026-04-28 10:46:29 - getOutlet.php - === END REQUEST ===
2026-04-28 03:46:29 - getOutlet.php - === REQUEST GETOUTLET ===
2026-04-28 03:46:29 - getOutlet.php - Method: POST
2026-04-28 03:46:29 - getOutlet.php - POST data: {"tgl":"2026-04-28","encrypt":"41c7aa6da1665eab307362296dd568d0","id_apl":"APL01","key":"Eka"}
2026-04-28 10:46:29 - getOutlet.php - Params - tgl: 2026-04-28, encrypt: 41c7aa6da1665eab307362296dd568d0, id_apl: APL01, key: Eka
2026-04-28 10:46:29 - getOutlet.php - Aplikasi ditemukan: Ya
2026-04-28 10:46:29 - getOutlet.php - Key aplikasi: YbcJSFjkds...
2026-04-28 10:46:29 - getOutlet.php - Expected encrypt: 41c7aa6da1665eab307362296dd568d0
2026-04-28 10:46:29 - getOutlet.php - Received encrypt: 41c7aa6da1665eab307362296dd568d0
2026-04-28 10:46:29 - getOutlet.php - Authentication berhasil
2026-04-28 10:46:29 - getOutlet.php - Query: SELECT id_out, nama_out, '' AS alamat_out, ofcode_out
            FROM outlet 
            WHERE status_out IN ('Active', '1', 'active')
            AND (nama_out LIKE :key OR ofcode_out LIKE :key)
            ORDER BY nama_out ASC
            LIMIT 20
2026-04-28 10:46:29 - getOutlet.php - Query berhasil, mengembalikan 20 record
2026-04-28 10:46:29 - getOutlet.php - === END REQUEST ===
2026-04-28 03:46:29 - getOutlet.php - === REQUEST GETOUTLET ===
2026-04-28 03:46:29 - getOutlet.php - Method: POST
2026-04-28 03:46:29 - getOutlet.php - POST data: {"tgl":"2026-04-28","encrypt":"41c7aa6da1665eab307362296dd568d0","id_apl":"APL01","key":"Eka"}
2026-04-28 03:46:29 - getOutlet.php - === REQUEST GETOUTLET ===
2026-04-28 10:46:29 - getOutlet.php - Params - tgl: 2026-04-28, encrypt: 41c7aa6da1665eab307362296dd568d0, id_apl: APL01, key: Eka
2026-04-28 03:46:29 - getOutlet.php - Method: POST
2026-04-28 03:46:29 - getOutlet.php - POST data: {"tgl":"2026-04-28","encrypt":"41c7aa6da1665eab307362296dd568d0","id_apl":"APL01","key":"Eka"}
2026-04-28 10:46:29 - getOutlet.php - Params - tgl: 2026-04-28, encrypt: 41c7aa6da1665eab307362296dd568d0, id_apl: APL01, key: Eka
2026-04-28 10:46:29 - getOutlet.php - Aplikasi ditemukan: Ya
2026-04-28 10:46:29 - getOutlet.php - Key aplikasi: YbcJSFjkds...
2026-04-28 10:46:29 - getOutlet.php - Expected encrypt: 41c7aa6da1665eab307362296dd568d0
2026-04-28 10:46:29 - getOutlet.php - Received encrypt: 41c7aa6da1665eab307362296dd568d0
2026-04-28 10:46:29 - getOutlet.php - Authentication berhasil
2026-04-28 10:46:29 - getOutlet.php - Aplikasi ditemukan: Ya
2026-04-28 10:46:29 - getOutlet.php - Key aplikasi: YbcJSFjkds...
2026-04-28 10:46:29 - getOutlet.php - Expected encrypt: 41c7aa6da1665eab307362296dd568d0
2026-04-28 10:46:29 - getOutlet.php - Received encrypt: 41c7aa6da1665eab307362296dd568d0
2026-04-28 10:46:29 - getOutlet.php - Authentication berhasil
2026-04-28 10:46:29 - getOutlet.php - Query: SELECT id_out, nama_out, '' AS alamat_out, ofcode_out
            FROM outlet 
            WHERE status_out IN ('Active', '1', 'active')
            AND (nama_out LIKE :key OR ofcode_out LIKE :key)
            ORDER BY nama_out ASC
            LIMIT 20
2026-04-28 10:46:29 - getOutlet.php - Query: SELECT id_out, nama_out, '' AS alamat_out, ofcode_out
            FROM outlet 
            WHERE status_out IN ('Active', '1', 'active')
            AND (nama_out LIKE :key OR ofcode_out LIKE :key)
            ORDER BY nama_out ASC
            LIMIT 20
2026-04-28 10:46:29 - getOutlet.php - Query berhasil, mengembalikan 20 record
2026-04-28 10:46:29 - getOutlet.php - === END REQUEST ===
2026-04-28 10:46:29 - getOutlet.php - Query berhasil, mengembalikan 20 record
2026-04-28 10:46:29 - getOutlet.php - === END REQUEST ===
2026-04-28 03:46:34 - getOutlet.php - === REQUEST GETOUTLET ===
2026-04-28 03:46:34 - getOutlet.php - Method: POST
2026-04-28 03:46:34 - getOutlet.php - POST data: {"tgl":"2026-04-28","encrypt":"41c7aa6da1665eab307362296dd568d0","id_apl":"APL01","key":"Eka p"}
2026-04-28 10:46:34 - getOutlet.php - Params - tgl: 2026-04-28, encrypt: 41c7aa6da1665eab307362296dd568d0, id_apl: APL01, key: Eka p
2026-04-28 10:46:34 - getOutlet.php - Aplikasi ditemukan: Ya
2026-04-28 10:46:34 - getOutlet.php - Key aplikasi: YbcJSFjkds...
2026-04-28 10:46:34 - getOutlet.php - Expected encrypt: 41c7aa6da1665eab307362296dd568d0
2026-04-28 10:46:34 - getOutlet.php - Received encrypt: 41c7aa6da1665eab307362296dd568d0
2026-04-28 10:46:34 - getOutlet.php - Authentication berhasil
2026-04-28 10:46:34 - getOutlet.php - Query: SELECT id_out, nama_out, '' AS alamat_out, ofcode_out
            FROM outlet 
            WHERE status_out IN ('Active', '1', 'active')
            AND (nama_out LIKE :key OR ofcode_out LIKE :key)
            ORDER BY nama_out ASC
            LIMIT 20
2026-04-28 10:46:34 - getOutlet.php - Query berhasil, mengembalikan 1 record
2026-04-28 10:46:34 - getOutlet.php - === END REQUEST ===
2026-04-28 03:46:34 - getOutlet.php - === REQUEST GETOUTLET ===
2026-04-28 03:46:34 - getOutlet.php - Method: POST
2026-04-28 03:46:34 - getOutlet.php - POST data: {"tgl":"2026-04-28","encrypt":"41c7aa6da1665eab307362296dd568d0","id_apl":"APL01","key":"Eka pe"}
2026-04-28 10:46:34 - getOutlet.php - Params - tgl: 2026-04-28, encrypt: 41c7aa6da1665eab307362296dd568d0, id_apl: APL01, key: Eka pe
2026-04-28 10:46:34 - getOutlet.php - Aplikasi ditemukan: Ya
2026-04-28 10:46:34 - getOutlet.php - Key aplikasi: YbcJSFjkds...
2026-04-28 10:46:34 - getOutlet.php - Expected encrypt: 41c7aa6da1665eab307362296dd568d0
2026-04-28 10:46:34 - getOutlet.php - Received encrypt: 41c7aa6da1665eab307362296dd568d0
2026-04-28 10:46:34 - getOutlet.php - Authentication berhasil
2026-04-28 10:46:34 - getOutlet.php - Query: SELECT id_out, nama_out, '' AS alamat_out, ofcode_out
            FROM outlet 
            WHERE status_out IN ('Active', '1', 'active')
            AND (nama_out LIKE :key OR ofcode_out LIKE :key)
            ORDER BY nama_out ASC
            LIMIT 20
2026-04-28 10:46:34 - getOutlet.php - Query berhasil, mengembalikan 1 record
2026-04-28 10:46:34 - getOutlet.php - === END REQUEST ===
2026-04-28 03:46:34 - getOutlet.php - === REQUEST GETOUTLET ===
2026-04-28 03:46:34 - getOutlet.php - Method: POST
2026-04-28 03:46:34 - getOutlet.php - POST data: {"tgl":"2026-04-28","encrypt":"41c7aa6da1665eab307362296dd568d0","id_apl":"APL01","key":"Eka per"}
2026-04-28 10:46:34 - getOutlet.php - Params - tgl: 2026-04-28, encrypt: 41c7aa6da1665eab307362296dd568d0, id_apl: APL01, key: Eka per
2026-04-28 10:46:34 - getOutlet.php - Aplikasi ditemukan: Ya
2026-04-28 10:46:34 - getOutlet.php - Key aplikasi: YbcJSFjkds...
2026-04-28 10:46:34 - getOutlet.php - Expected encrypt: 41c7aa6da1665eab307362296dd568d0
2026-04-28 10:46:34 - getOutlet.php - Received encrypt: 41c7aa6da1665eab307362296dd568d0
2026-04-28 10:46:34 - getOutlet.php - Authentication berhasil
2026-04-28 10:46:34 - getOutlet.php - Query: SELECT id_out, nama_out, '' AS alamat_out, ofcode_out
            FROM outlet 
            WHERE status_out IN ('Active', '1', 'active')
            AND (nama_out LIKE :key OR ofcode_out LIKE :key)
            ORDER BY nama_out ASC
            LIMIT 20
2026-04-28 10:46:34 - getOutlet.php - Query berhasil, mengembalikan 1 record
2026-04-28 10:46:34 - getOutlet.php - === END REQUEST ===
2026-04-28 03:46:34 - getOutlet.php - === REQUEST GETOUTLET ===
2026-04-28 03:46:34 - getOutlet.php - Method: POST
2026-04-28 03:46:34 - getOutlet.php - POST data: {"tgl":"2026-04-28","encrypt":"41c7aa6da1665eab307362296dd568d0","id_apl":"APL01","key":"Eka perm"}
2026-04-28 10:46:34 - getOutlet.php - Params - tgl: 2026-04-28, encrypt: 41c7aa6da1665eab307362296dd568d0, id_apl: APL01, key: Eka perm
2026-04-28 10:46:34 - getOutlet.php - Aplikasi ditemukan: Ya
2026-04-28 10:46:34 - getOutlet.php - Key aplikasi: YbcJSFjkds...
2026-04-28 10:46:34 - getOutlet.php - Expected encrypt: 41c7aa6da1665eab307362296dd568d0
2026-04-28 10:46:34 - getOutlet.php - Received encrypt: 41c7aa6da1665eab307362296dd568d0
2026-04-28 10:46:34 - getOutlet.php - Authentication berhasil
2026-04-28 10:46:34 - getOutlet.php - Query: SELECT id_out, nama_out, '' AS alamat_out, ofcode_out
            FROM outlet 
            WHERE status_out IN ('Active', '1', 'active')
            AND (nama_out LIKE :key OR ofcode_out LIKE :key)
            ORDER BY nama_out ASC
            LIMIT 20
2026-04-28 10:46:34 - getOutlet.php - Query berhasil, mengembalikan 1 record
2026-04-28 10:46:34 - getOutlet.php - === END REQUEST ===
2026-04-28 03:46:34 - getOutlet.php - === REQUEST GETOUTLET ===
2026-04-28 03:46:34 - getOutlet.php - Method: POST
2026-04-28 03:46:34 - getOutlet.php - POST data: {"tgl":"2026-04-28","encrypt":"41c7aa6da1665eab307362296dd568d0","id_apl":"APL01","key":"Eka perma"}
2026-04-28 10:46:34 - getOutlet.php - Params - tgl: 2026-04-28, encrypt: 41c7aa6da1665eab307362296dd568d0, id_apl: APL01, key: Eka perma
2026-04-28 10:46:34 - getOutlet.php - Aplikasi ditemukan: Ya
2026-04-28 10:46:34 - getOutlet.php - Key aplikasi: YbcJSFjkds...
2026-04-28 10:46:34 - getOutlet.php - Expected encrypt: 41c7aa6da1665eab307362296dd568d0
2026-04-28 10:46:34 - getOutlet.php - Received encrypt: 41c7aa6da1665eab307362296dd568d0
2026-04-28 10:46:34 - getOutlet.php - Authentication berhasil
2026-04-28 10:46:34 - getOutlet.php - Query: SELECT id_out, nama_out, '' AS alamat_out, ofcode_out
            FROM outlet 
            WHERE status_out IN ('Active', '1', 'active')
            AND (nama_out LIKE :key OR ofcode_out LIKE :key)
            ORDER BY nama_out ASC
            LIMIT 20
2026-04-28 10:46:34 - getOutlet.php - Query berhasil, mengembalikan 1 record
2026-04-28 10:46:34 - getOutlet.php - === END REQUEST ===
2026-04-28 03:46:35 - getOutlet.php - === REQUEST GETOUTLET ===
2026-04-28 03:46:35 - getOutlet.php - Method: POST
2026-04-28 03:46:35 - getOutlet.php - POST data: {"tgl":"2026-04-28","encrypt":"41c7aa6da1665eab307362296dd568d0","id_apl":"APL01","key":"RSU EKA PERMATA HIJAU"}
2026-04-28 10:46:35 - getOutlet.php - Params - tgl: 2026-04-28, encrypt: 41c7aa6da1665eab307362296dd568d0, id_apl: APL01, key: RSU EKA PERMATA HIJAU
2026-04-28 10:46:35 - getOutlet.php - Aplikasi ditemukan: Ya
2026-04-28 10:46:35 - getOutlet.php - Key aplikasi: YbcJSFjkds...
2026-04-28 10:46:35 - getOutlet.php - Expected encrypt: 41c7aa6da1665eab307362296dd568d0
2026-04-28 10:46:35 - getOutlet.php - Received encrypt: 41c7aa6da1665eab307362296dd568d0
2026-04-28 10:46:35 - getOutlet.php - Authentication berhasil
2026-04-28 10:46:35 - getOutlet.php - Query: SELECT id_out, nama_out, '' AS alamat_out, ofcode_out
            FROM outlet 
            WHERE status_out IN ('Active', '1', 'active')
            AND (nama_out LIKE :key OR ofcode_out LIKE :key)
            ORDER BY nama_out ASC
            LIMIT 20
2026-04-28 10:46:35 - getOutlet.php - Query berhasil, mengembalikan 1 record
2026-04-28 10:46:35 - getOutlet.php - === END REQUEST ===
2026-04-28 03:46:48 - getOutlet.php - === REQUEST GETOUTLET ===
2026-04-28 03:46:48 - getOutlet.php - Method: POST
2026-04-28 03:46:48 - getOutlet.php - POST data: {"tgl":"2026-04-28","encrypt":"41c7aa6da1665eab307362296dd568d0","id_apl":"APL01","key":"Pu"}
2026-04-28 10:46:48 - getOutlet.php - Params - tgl: 2026-04-28, encrypt: 41c7aa6da1665eab307362296dd568d0, id_apl: APL01, key: Pu
2026-04-28 10:46:48 - getOutlet.php - Aplikasi ditemukan: Ya
2026-04-28 10:46:48 - getOutlet.php - Key aplikasi: YbcJSFjkds...
2026-04-28 10:46:48 - getOutlet.php - Expected encrypt: 41c7aa6da1665eab307362296dd568d0
2026-04-28 10:46:48 - getOutlet.php - Received encrypt: 41c7aa6da1665eab307362296dd568d0
2026-04-28 10:46:48 - getOutlet.php - Authentication berhasil
2026-04-28 10:46:48 - getOutlet.php - Query: SELECT id_out, nama_out, '' AS alamat_out, ofcode_out
            FROM outlet 
            WHERE status_out IN ('Active', '1', 'active')
            AND (nama_out LIKE :key OR ofcode_out LIKE :key)
            ORDER BY nama_out ASC
            LIMIT 20
2026-04-28 10:46:48 - getOutlet.php - Query berhasil, mengembalikan 20 record
2026-04-28 10:46:48 - getOutlet.php - === END REQUEST ===
2026-04-28 03:46:48 - getOutlet.php - === REQUEST GETOUTLET ===
2026-04-28 03:46:48 - getOutlet.php - Method: POST
2026-04-28 03:46:48 - getOutlet.php - POST data: {"tgl":"2026-04-28","encrypt":"41c7aa6da1665eab307362296dd568d0","id_apl":"APL01","key":"Put"}
2026-04-28 10:46:48 - getOutlet.php - Params - tgl: 2026-04-28, encrypt: 41c7aa6da1665eab307362296dd568d0, id_apl: APL01, key: Put
2026-04-28 10:46:48 - getOutlet.php - Aplikasi ditemukan: Ya
2026-04-28 10:46:48 - getOutlet.php - Key aplikasi: YbcJSFjkds...
2026-04-28 10:46:48 - getOutlet.php - Expected encrypt: 41c7aa6da1665eab307362296dd568d0
2026-04-28 10:46:48 - getOutlet.php - Received encrypt: 41c7aa6da1665eab307362296dd568d0
2026-04-28 10:46:48 - getOutlet.php - Authentication berhasil
2026-04-28 10:46:48 - getOutlet.php - Query: SELECT id_out, nama_out, '' AS alamat_out, ofcode_out
            FROM outlet 
            WHERE status_out IN ('Active', '1', 'active')
            AND (nama_out LIKE :key OR ofcode_out LIKE :key)
            ORDER BY nama_out ASC
            LIMIT 20
2026-04-28 10:46:48 - getOutlet.php - Query berhasil, mengembalikan 20 record
2026-04-28 10:46:48 - getOutlet.php - === END REQUEST ===
2026-04-28 03:46:48 - getOutlet.php - === REQUEST GETOUTLET ===
2026-04-28 03:46:48 - getOutlet.php - Method: POST
2026-04-28 03:46:48 - getOutlet.php - POST data: {"tgl":"2026-04-28","encrypt":"41c7aa6da1665eab307362296dd568d0","id_apl":"APL01","key":"Puti"}
2026-04-28 10:46:48 - getOutlet.php - Params - tgl: 2026-04-28, encrypt: 41c7aa6da1665eab307362296dd568d0, id_apl: APL01, key: Puti
2026-04-28 10:46:48 - getOutlet.php - Aplikasi ditemukan: Ya
2026-04-28 10:46:48 - getOutlet.php - Key aplikasi: YbcJSFjkds...
2026-04-28 10:46:48 - getOutlet.php - Expected encrypt: 41c7aa6da1665eab307362296dd568d0
2026-04-28 10:46:48 - getOutlet.php - Received encrypt: 41c7aa6da1665eab307362296dd568d0
2026-04-28 10:46:48 - getOutlet.php - Authentication berhasil
2026-04-28 10:46:48 - getOutlet.php - Query: SELECT id_out, nama_out, '' AS alamat_out, ofcode_out
            FROM outlet 
            WHERE status_out IN ('Active', '1', 'active')
            AND (nama_out LIKE :key OR ofcode_out LIKE :key)
            ORDER BY nama_out ASC
            LIMIT 20
2026-04-28 10:46:48 - getOutlet.php - Query berhasil, mengembalikan 5 record
2026-04-28 10:46:48 - getOutlet.php - === END REQUEST ===
2026-04-28 03:46:49 - getOutlet.php - === REQUEST GETOUTLET ===
2026-04-28 03:46:49 - getOutlet.php - Method: POST
2026-04-28 03:46:49 - getOutlet.php - POST data: {"tgl":"2026-04-28","encrypt":"41c7aa6da1665eab307362296dd568d0","id_apl":"APL01","key":"Put"}
2026-04-28 10:46:49 - getOutlet.php - Params - tgl: 2026-04-28, encrypt: 41c7aa6da1665eab307362296dd568d0, id_apl: APL01, key: Put
2026-04-28 10:46:49 - getOutlet.php - Aplikasi ditemukan: Ya
2026-04-28 10:46:49 - getOutlet.php - Key aplikasi: YbcJSFjkds...
2026-04-28 10:46:49 - getOutlet.php - Expected encrypt: 41c7aa6da1665eab307362296dd568d0
2026-04-28 10:46:49 - getOutlet.php - Received encrypt: 41c7aa6da1665eab307362296dd568d0
2026-04-28 10:46:49 - getOutlet.php - Authentication berhasil
2026-04-28 10:46:49 - getOutlet.php - Query: SELECT id_out, nama_out, '' AS alamat_out, ofcode_out
            FROM outlet 
            WHERE status_out IN ('Active', '1', 'active')
            AND (nama_out LIKE :key OR ofcode_out LIKE :key)
            ORDER BY nama_out ASC
            LIMIT 20
2026-04-28 10:46:49 - getOutlet.php - Query berhasil, mengembalikan 20 record
2026-04-28 10:46:49 - getOutlet.php - === END REQUEST ===
2026-04-28 03:46:50 - getOutlet.php - === REQUEST GETOUTLET ===
2026-04-28 03:46:50 - getOutlet.php - Method: POST
2026-04-28 03:46:50 - getOutlet.php - POST data: {"tgl":"2026-04-28","encrypt":"41c7aa6da1665eab307362296dd568d0","id_apl":"APL01","key":"Pu"}
2026-04-28 10:46:50 - getOutlet.php - Params - tgl: 2026-04-28, encrypt: 41c7aa6da1665eab307362296dd568d0, id_apl: APL01, key: Pu
2026-04-28 10:46:50 - getOutlet.php - Aplikasi ditemukan: Ya
2026-04-28 10:46:50 - getOutlet.php - Key aplikasi: YbcJSFjkds...
2026-04-28 10:46:50 - getOutlet.php - Expected encrypt: 41c7aa6da1665eab307362296dd568d0
2026-04-28 10:46:50 - getOutlet.php - Received encrypt: 41c7aa6da1665eab307362296dd568d0
2026-04-28 10:46:50 - getOutlet.php - Authentication berhasil
2026-04-28 10:46:50 - getOutlet.php - Query: SELECT id_out, nama_out, '' AS alamat_out, ofcode_out
            FROM outlet 
            WHERE status_out IN ('Active', '1', 'active')
            AND (nama_out LIKE :key OR ofcode_out LIKE :key)
            ORDER BY nama_out ASC
            LIMIT 20
2026-04-28 10:46:50 - getOutlet.php - Query berhasil, mengembalikan 20 record
2026-04-28 10:46:50 - getOutlet.php - === END REQUEST ===
2026-04-28 03:46:50 - getOutlet.php - === REQUEST GETOUTLET ===
2026-04-28 03:46:50 - getOutlet.php - Method: POST
2026-04-28 03:46:50 - getOutlet.php - POST data: {"tgl":"2026-04-28","encrypt":"41c7aa6da1665eab307362296dd568d0","id_apl":"APL01","key":"Pur"}
2026-04-28 10:46:50 - getOutlet.php - Params - tgl: 2026-04-28, encrypt: 41c7aa6da1665eab307362296dd568d0, id_apl: APL01, key: Pur
2026-04-28 10:46:50 - getOutlet.php - Aplikasi ditemukan: Ya
2026-04-28 10:46:50 - getOutlet.php - Key aplikasi: YbcJSFjkds...
2026-04-28 10:46:50 - getOutlet.php - Expected encrypt: 41c7aa6da1665eab307362296dd568d0
2026-04-28 10:46:50 - getOutlet.php - Received encrypt: 41c7aa6da1665eab307362296dd568d0
2026-04-28 10:46:50 - getOutlet.php - Authentication berhasil
2026-04-28 10:46:50 - getOutlet.php - Query: SELECT id_out, nama_out, '' AS alamat_out, ofcode_out
            FROM outlet 
            WHERE status_out IN ('Active', '1', 'active')
            AND (nama_out LIKE :key OR ofcode_out LIKE :key)
            ORDER BY nama_out ASC
            LIMIT 20
2026-04-28 10:46:50 - getOutlet.php - Query berhasil, mengembalikan 18 record
2026-04-28 10:46:50 - getOutlet.php - === END REQUEST ===
2026-04-28 03:46:50 - getOutlet.php - === REQUEST GETOUTLET ===
2026-04-28 03:46:50 - getOutlet.php - Method: POST
2026-04-28 03:46:50 - getOutlet.php - POST data: {"tgl":"2026-04-28","encrypt":"41c7aa6da1665eab307362296dd568d0","id_apl":"APL01","key":"Puri"}
2026-04-28 10:46:50 - getOutlet.php - Params - tgl: 2026-04-28, encrypt: 41c7aa6da1665eab307362296dd568d0, id_apl: APL01, key: Puri
2026-04-28 10:46:50 - getOutlet.php - Aplikasi ditemukan: Ya
2026-04-28 10:46:50 - getOutlet.php - Key aplikasi: YbcJSFjkds...
2026-04-28 10:46:50 - getOutlet.php - Expected encrypt: 41c7aa6da1665eab307362296dd568d0
2026-04-28 10:46:50 - getOutlet.php - Received encrypt: 41c7aa6da1665eab307362296dd568d0
2026-04-28 10:46:50 - getOutlet.php - Authentication berhasil
2026-04-28 10:46:50 - getOutlet.php - Query: SELECT id_out, nama_out, '' AS alamat_out, ofcode_out
            FROM outlet 
            WHERE status_out IN ('Active', '1', 'active')
            AND (nama_out LIKE :key OR ofcode_out LIKE :key)
            ORDER BY nama_out ASC
            LIMIT 20
2026-04-28 10:46:50 - getOutlet.php - Query berhasil, mengembalikan 14 record
2026-04-28 10:46:50 - getOutlet.php - === END REQUEST ===
2026-04-28 03:46:50 - getOutlet.php - === REQUEST GETOUTLET ===
2026-04-28 03:46:50 - getOutlet.php - Method: POST
2026-04-28 03:46:50 - getOutlet.php - POST data: {"tgl":"2026-04-28","encrypt":"41c7aa6da1665eab307362296dd568d0","id_apl":"APL01","key":"Puri"}
2026-04-28 10:46:50 - getOutlet.php - Params - tgl: 2026-04-28, encrypt: 41c7aa6da1665eab307362296dd568d0, id_apl: APL01, key: Puri
2026-04-28 10:46:50 - getOutlet.php - Aplikasi ditemukan: Ya
2026-04-28 10:46:50 - getOutlet.php - Key aplikasi: YbcJSFjkds...
2026-04-28 10:46:50 - getOutlet.php - Expected encrypt: 41c7aa6da1665eab307362296dd568d0
2026-04-28 10:46:50 - getOutlet.php - Received encrypt: 41c7aa6da1665eab307362296dd568d0
2026-04-28 10:46:50 - getOutlet.php - Authentication berhasil
2026-04-28 10:46:50 - getOutlet.php - Query: SELECT id_out, nama_out, '' AS alamat_out, ofcode_out
            FROM outlet 
            WHERE status_out IN ('Active', '1', 'active')
            AND (nama_out LIKE :key OR ofcode_out LIKE :key)
            ORDER BY nama_out ASC
            LIMIT 20
2026-04-28 03:46:50 - getOutlet.php - === REQUEST GETOUTLET ===
2026-04-28 03:46:50 - getOutlet.php - Method: POST
2026-04-28 10:46:50 - getOutlet.php - Query berhasil, mengembalikan 14 record
2026-04-28 03:46:50 - getOutlet.php - POST data: {"tgl":"2026-04-28","encrypt":"41c7aa6da1665eab307362296dd568d0","id_apl":"APL01","key":"Puri"}
2026-04-28 10:46:50 - getOutlet.php - === END REQUEST ===
2026-04-28 10:46:50 - getOutlet.php - Params - tgl: 2026-04-28, encrypt: 41c7aa6da1665eab307362296dd568d0, id_apl: APL01, key: Puri
2026-04-28 10:46:50 - getOutlet.php - Aplikasi ditemukan: Ya
2026-04-28 10:46:50 - getOutlet.php - Key aplikasi: YbcJSFjkds...
2026-04-28 10:46:50 - getOutlet.php - Expected encrypt: 41c7aa6da1665eab307362296dd568d0
2026-04-28 10:46:50 - getOutlet.php - Received encrypt: 41c7aa6da1665eab307362296dd568d0
2026-04-28 10:46:50 - getOutlet.php - Authentication berhasil
2026-04-28 10:46:50 - getOutlet.php - Query: SELECT id_out, nama_out, '' AS alamat_out, ofcode_out
            FROM outlet 
            WHERE status_out IN ('Active', '1', 'active')
            AND (nama_out LIKE :key OR ofcode_out LIKE :key)
            ORDER BY nama_out ASC
            LIMIT 20
2026-04-28 10:46:50 - getOutlet.php - Query berhasil, mengembalikan 14 record
2026-04-28 10:46:50 - getOutlet.php - === END REQUEST ===
2026-04-28 03:46:50 - getOutlet.php - === REQUEST GETOUTLET ===
2026-04-28 03:46:50 - getOutlet.php - Method: POST
2026-04-28 03:46:50 - getOutlet.php - POST data: {"tgl":"2026-04-28","encrypt":"41c7aa6da1665eab307362296dd568d0","id_apl":"APL01","key":"Puri c"}
2026-04-28 10:46:50 - getOutlet.php - Params - tgl: 2026-04-28, encrypt: 41c7aa6da1665eab307362296dd568d0, id_apl: APL01, key: Puri c
2026-04-28 10:46:50 - getOutlet.php - Aplikasi ditemukan: Ya
2026-04-28 10:46:50 - getOutlet.php - Key aplikasi: YbcJSFjkds...
2026-04-28 10:46:50 - getOutlet.php - Expected encrypt: 41c7aa6da1665eab307362296dd568d0
2026-04-28 10:46:50 - getOutlet.php - Received encrypt: 41c7aa6da1665eab307362296dd568d0
2026-04-28 10:46:50 - getOutlet.php - Authentication berhasil
2026-04-28 10:46:50 - getOutlet.php - Query: SELECT id_out, nama_out, '' AS alamat_out, ofcode_out
            FROM outlet 
            WHERE status_out IN ('Active', '1', 'active')
            AND (nama_out LIKE :key OR ofcode_out LIKE :key)
            ORDER BY nama_out ASC
            LIMIT 20
2026-04-28 10:46:50 - getOutlet.php - Query berhasil, mengembalikan 2 record
2026-04-28 10:46:50 - getOutlet.php - === END REQUEST ===
2026-04-28 03:46:51 - getOutlet.php - === REQUEST GETOUTLET ===
2026-04-28 03:46:51 - getOutlet.php - Method: POST
2026-04-28 03:46:51 - getOutlet.php - POST data: {"tgl":"2026-04-28","encrypt":"41c7aa6da1665eab307362296dd568d0","id_apl":"APL01","key":"Puri ci"}
2026-04-28 10:46:51 - getOutlet.php - Params - tgl: 2026-04-28, encrypt: 41c7aa6da1665eab307362296dd568d0, id_apl: APL01, key: Puri ci
2026-04-28 10:46:51 - getOutlet.php - Aplikasi ditemukan: Ya
2026-04-28 10:46:51 - getOutlet.php - Key aplikasi: YbcJSFjkds...
2026-04-28 10:46:51 - getOutlet.php - Expected encrypt: 41c7aa6da1665eab307362296dd568d0
2026-04-28 10:46:51 - getOutlet.php - Received encrypt: 41c7aa6da1665eab307362296dd568d0
2026-04-28 10:46:51 - getOutlet.php - Authentication berhasil
2026-04-28 10:46:51 - getOutlet.php - Query: SELECT id_out, nama_out, '' AS alamat_out, ofcode_out
            FROM outlet 
            WHERE status_out IN ('Active', '1', 'active')
            AND (nama_out LIKE :key OR ofcode_out LIKE :key)
            ORDER BY nama_out ASC
            LIMIT 20
2026-04-28 10:46:51 - getOutlet.php - Query berhasil, mengembalikan 1 record
2026-04-28 10:46:51 - getOutlet.php - === END REQUEST ===
2026-04-28 03:46:51 - getOutlet.php - === REQUEST GETOUTLET ===
2026-04-28 03:46:51 - getOutlet.php - Method: POST
2026-04-28 03:46:51 - getOutlet.php - POST data: {"tgl":"2026-04-28","encrypt":"41c7aa6da1665eab307362296dd568d0","id_apl":"APL01","key":"Puri cin"}
2026-04-28 10:46:51 - getOutlet.php - Params - tgl: 2026-04-28, encrypt: 41c7aa6da1665eab307362296dd568d0, id_apl: APL01, key: Puri cin
2026-04-28 10:46:51 - getOutlet.php - Aplikasi ditemukan: Ya
2026-04-28 10:46:51 - getOutlet.php - Key aplikasi: YbcJSFjkds...
2026-04-28 10:46:51 - getOutlet.php - Expected encrypt: 41c7aa6da1665eab307362296dd568d0
2026-04-28 10:46:51 - getOutlet.php - Received encrypt: 41c7aa6da1665eab307362296dd568d0
2026-04-28 10:46:51 - getOutlet.php - Authentication berhasil
2026-04-28 10:46:51 - getOutlet.php - Query: SELECT id_out, nama_out, '' AS alamat_out, ofcode_out
            FROM outlet 
            WHERE status_out IN ('Active', '1', 'active')
            AND (nama_out LIKE :key OR ofcode_out LIKE :key)
            ORDER BY nama_out ASC
            LIMIT 20
2026-04-28 10:46:51 - getOutlet.php - Query berhasil, mengembalikan 1 record
2026-04-28 10:46:51 - getOutlet.php - === END REQUEST ===
2026-04-28 03:46:51 - getOutlet.php - === REQUEST GETOUTLET ===
2026-04-28 03:46:51 - getOutlet.php - Method: POST
2026-04-28 03:46:51 - getOutlet.php - POST data: {"tgl":"2026-04-28","encrypt":"41c7aa6da1665eab307362296dd568d0","id_apl":"APL01","key":"Puri cine"}
2026-04-28 10:46:51 - getOutlet.php - Params - tgl: 2026-04-28, encrypt: 41c7aa6da1665eab307362296dd568d0, id_apl: APL01, key: Puri cine
2026-04-28 10:46:51 - getOutlet.php - Aplikasi ditemukan: Ya
2026-04-28 10:46:51 - getOutlet.php - Key aplikasi: YbcJSFjkds...
2026-04-28 10:46:51 - getOutlet.php - Expected encrypt: 41c7aa6da1665eab307362296dd568d0
2026-04-28 10:46:51 - getOutlet.php - Received encrypt: 41c7aa6da1665eab307362296dd568d0
2026-04-28 10:46:51 - getOutlet.php - Authentication berhasil
2026-04-28 10:46:51 - getOutlet.php - Query: SELECT id_out, nama_out, '' AS alamat_out, ofcode_out
            FROM outlet 
            WHERE status_out IN ('Active', '1', 'active')
            AND (nama_out LIKE :key OR ofcode_out LIKE :key)
            ORDER BY nama_out ASC
            LIMIT 20
2026-04-28 10:46:51 - getOutlet.php - Query berhasil, mengembalikan 1 record
2026-04-28 10:46:51 - getOutlet.php - === END REQUEST ===
2026-04-28 03:46:51 - getOutlet.php - === REQUEST GETOUTLET ===
2026-04-28 03:46:51 - getOutlet.php - Method: POST
2026-04-28 03:46:51 - getOutlet.php - POST data: {"tgl":"2026-04-28","encrypt":"41c7aa6da1665eab307362296dd568d0","id_apl":"APL01","key":"Puri ciner"}
2026-04-28 10:46:51 - getOutlet.php - Params - tgl: 2026-04-28, encrypt: 41c7aa6da1665eab307362296dd568d0, id_apl: APL01, key: Puri ciner
2026-04-28 10:46:51 - getOutlet.php - Aplikasi ditemukan: Ya
2026-04-28 10:46:51 - getOutlet.php - Key aplikasi: YbcJSFjkds...
2026-04-28 10:46:51 - getOutlet.php - Expected encrypt: 41c7aa6da1665eab307362296dd568d0
2026-04-28 10:46:51 - getOutlet.php - Received encrypt: 41c7aa6da1665eab307362296dd568d0
2026-04-28 10:46:51 - getOutlet.php - Authentication berhasil
2026-04-28 10:46:51 - getOutlet.php - Query: SELECT id_out, nama_out, '' AS alamat_out, ofcode_out
            FROM outlet 
            WHERE status_out IN ('Active', '1', 'active')
            AND (nama_out LIKE :key OR ofcode_out LIKE :key)
            ORDER BY nama_out ASC
            LIMIT 20
2026-04-28 10:46:51 - getOutlet.php - Query berhasil, mengembalikan 1 record
2026-04-28 10:46:51 - getOutlet.php - === END REQUEST ===
2026-04-28 03:46:51 - getOutlet.php - === REQUEST GETOUTLET ===
2026-04-28 03:46:51 - getOutlet.php - Method: POST
2026-04-28 03:46:51 - getOutlet.php - POST data: {"tgl":"2026-04-28","encrypt":"41c7aa6da1665eab307362296dd568d0","id_apl":"APL01","key":"Puri cinere"}
2026-04-28 10:46:51 - getOutlet.php - Params - tgl: 2026-04-28, encrypt: 41c7aa6da1665eab307362296dd568d0, id_apl: APL01, key: Puri cinere
2026-04-28 10:46:51 - getOutlet.php - Aplikasi ditemukan: Ya
2026-04-28 10:46:51 - getOutlet.php - Key aplikasi: YbcJSFjkds...
2026-04-28 10:46:51 - getOutlet.php - Expected encrypt: 41c7aa6da1665eab307362296dd568d0
2026-04-28 10:46:51 - getOutlet.php - Received encrypt: 41c7aa6da1665eab307362296dd568d0
2026-04-28 10:46:51 - getOutlet.php - Authentication berhasil
2026-04-28 10:46:51 - getOutlet.php - Query: SELECT id_out, nama_out, '' AS alamat_out, ofcode_out
            FROM outlet 
            WHERE status_out IN ('Active', '1', 'active')
            AND (nama_out LIKE :key OR ofcode_out LIKE :key)
            ORDER BY nama_out ASC
            LIMIT 20
2026-04-28 10:46:51 - getOutlet.php - Query berhasil, mengembalikan 1 record
2026-04-28 10:46:51 - getOutlet.php - === END REQUEST ===
2026-04-28 03:46:52 - getOutlet.php - === REQUEST GETOUTLET ===
2026-04-28 03:46:52 - getOutlet.php - Method: POST
2026-04-28 03:46:52 - getOutlet.php - POST data: {"tgl":"2026-04-28","encrypt":"41c7aa6da1665eab307362296dd568d0","id_apl":"APL01","key":"RS PURI CINERE"}
2026-04-28 10:46:52 - getOutlet.php - Params - tgl: 2026-04-28, encrypt: 41c7aa6da1665eab307362296dd568d0, id_apl: APL01, key: RS PURI CINERE
2026-04-28 10:46:52 - getOutlet.php - Aplikasi ditemukan: Ya
2026-04-28 10:46:52 - getOutlet.php - Key aplikasi: YbcJSFjkds...
2026-04-28 10:46:52 - getOutlet.php - Expected encrypt: 41c7aa6da1665eab307362296dd568d0
2026-04-28 10:46:52 - getOutlet.php - Received encrypt: 41c7aa6da1665eab307362296dd568d0
2026-04-28 10:46:52 - getOutlet.php - Authentication berhasil
2026-04-28 10:46:52 - getOutlet.php - Query: SELECT id_out, nama_out, '' AS alamat_out, ofcode_out
            FROM outlet 
            WHERE status_out IN ('Active', '1', 'active')
            AND (nama_out LIKE :key OR ofcode_out LIKE :key)
            ORDER BY nama_out ASC
            LIMIT 20
2026-04-28 10:46:52 - getOutlet.php - Query berhasil, mengembalikan 1 record
2026-04-28 10:46:52 - getOutlet.php - === END REQUEST ===
2026-04-28 03:47:31 - getOutlet.php - === REQUEST GETOUTLET ===
2026-04-28 03:47:31 - getOutlet.php - Method: POST
2026-04-28 03:47:31 - getOutlet.php - POST data: {"tgl":"2026-04-28","encrypt":"41c7aa6da1665eab307362296dd568d0","id_apl":"APL01","key":"Ma"}
2026-04-28 10:47:31 - getOutlet.php - Params - tgl: 2026-04-28, encrypt: 41c7aa6da1665eab307362296dd568d0, id_apl: APL01, key: Ma
2026-04-28 10:47:31 - getOutlet.php - Aplikasi ditemukan: Ya
2026-04-28 10:47:31 - getOutlet.php - Key aplikasi: YbcJSFjkds...
2026-04-28 10:47:31 - getOutlet.php - Expected encrypt: 41c7aa6da1665eab307362296dd568d0
2026-04-28 10:47:31 - getOutlet.php - Received encrypt: 41c7aa6da1665eab307362296dd568d0
2026-04-28 10:47:31 - getOutlet.php - Authentication berhasil
2026-04-28 10:47:31 - getOutlet.php - Query: SELECT id_out, nama_out, '' AS alamat_out, ofcode_out
            FROM outlet 
            WHERE status_out IN ('Active', '1', 'active')
            AND (nama_out LIKE :key OR ofcode_out LIKE :key)
            ORDER BY nama_out ASC
            LIMIT 20
2026-04-28 10:47:31 - getOutlet.php - Query berhasil, mengembalikan 20 record
2026-04-28 10:47:31 - getOutlet.php - === END REQUEST ===
2026-04-28 03:47:31 - getOutlet.php - === REQUEST GETOUTLET ===
2026-04-28 03:47:31 - getOutlet.php - Method: POST
2026-04-28 03:47:31 - getOutlet.php - POST data: {"tgl":"2026-04-28","encrypt":"41c7aa6da1665eab307362296dd568d0","id_apl":"APL01","key":"May"}
2026-04-28 10:47:31 - getOutlet.php - Params - tgl: 2026-04-28, encrypt: 41c7aa6da1665eab307362296dd568d0, id_apl: APL01, key: May
2026-04-28 10:47:31 - getOutlet.php - Aplikasi ditemukan: Ya
2026-04-28 10:47:31 - getOutlet.php - Key aplikasi: YbcJSFjkds...
2026-04-28 10:47:31 - getOutlet.php - Expected encrypt: 41c7aa6da1665eab307362296dd568d0
2026-04-28 10:47:31 - getOutlet.php - Received encrypt: 41c7aa6da1665eab307362296dd568d0
2026-04-28 10:47:31 - getOutlet.php - Authentication berhasil
2026-04-28 10:47:31 - getOutlet.php - Query: SELECT id_out, nama_out, '' AS alamat_out, ofcode_out
            FROM outlet 
            WHERE status_out IN ('Active', '1', 'active')
            AND (nama_out LIKE :key OR ofcode_out LIKE :key)
            ORDER BY nama_out ASC
            LIMIT 20
2026-04-28 10:47:31 - getOutlet.php - Query berhasil, mengembalikan 20 record
2026-04-28 10:47:31 - getOutlet.php - === END REQUEST ===
2026-04-28 03:47:31 - getOutlet.php - === REQUEST GETOUTLET ===
2026-04-28 03:47:31 - getOutlet.php - Method: POST
2026-04-28 03:47:31 - getOutlet.php - POST data: {"tgl":"2026-04-28","encrypt":"41c7aa6da1665eab307362296dd568d0","id_apl":"APL01","key":"Maye"}
2026-04-28 10:47:31 - getOutlet.php - Params - tgl: 2026-04-28, encrypt: 41c7aa6da1665eab307362296dd568d0, id_apl: APL01, key: Maye
2026-04-28 10:47:31 - getOutlet.php - Aplikasi ditemukan: Ya
2026-04-28 10:47:31 - getOutlet.php - Key aplikasi: YbcJSFjkds...
2026-04-28 10:47:31 - getOutlet.php - Expected encrypt: 41c7aa6da1665eab307362296dd568d0
2026-04-28 10:47:31 - getOutlet.php - Received encrypt: 41c7aa6da1665eab307362296dd568d0
2026-04-28 10:47:31 - getOutlet.php - Authentication berhasil
2026-04-28 10:47:31 - getOutlet.php - Query: SELECT id_out, nama_out, '' AS alamat_out, ofcode_out
            FROM outlet 
            WHERE status_out IN ('Active', '1', 'active')
            AND (nama_out LIKE :key OR ofcode_out LIKE :key)
            ORDER BY nama_out ASC
            LIMIT 20
2026-04-28 10:47:31 - getOutlet.php - Query berhasil, mengembalikan 2 record
2026-04-28 10:47:31 - getOutlet.php - === END REQUEST ===
2026-04-28 03:47:31 - getOutlet.php - === REQUEST GETOUTLET ===
2026-04-28 03:47:31 - getOutlet.php - Method: POST
2026-04-28 03:47:31 - getOutlet.php - POST data: {"tgl":"2026-04-28","encrypt":"41c7aa6da1665eab307362296dd568d0","id_apl":"APL01","key":"May"}
2026-04-28 10:47:31 - getOutlet.php - Params - tgl: 2026-04-28, encrypt: 41c7aa6da1665eab307362296dd568d0, id_apl: APL01, key: May
2026-04-28 10:47:31 - getOutlet.php - Aplikasi ditemukan: Ya
2026-04-28 10:47:31 - getOutlet.php - Key aplikasi: YbcJSFjkds...
2026-04-28 10:47:31 - getOutlet.php - Expected encrypt: 41c7aa6da1665eab307362296dd568d0
2026-04-28 10:47:31 - getOutlet.php - Received encrypt: 41c7aa6da1665eab307362296dd568d0
2026-04-28 10:47:31 - getOutlet.php - Authentication berhasil
2026-04-28 10:47:31 - getOutlet.php - Query: SELECT id_out, nama_out, '' AS alamat_out, ofcode_out
            FROM outlet 
            WHERE status_out IN ('Active', '1', 'active')
            AND (nama_out LIKE :key OR ofcode_out LIKE :key)
            ORDER BY nama_out ASC
            LIMIT 20
2026-04-28 10:47:31 - getOutlet.php - Query berhasil, mengembalikan 20 record
2026-04-28 10:47:31 - getOutlet.php - === END REQUEST ===
2026-04-28 03:47:32 - getOutlet.php - === REQUEST GETOUTLET ===
2026-04-28 03:47:32 - getOutlet.php - Method: POST
2026-04-28 03:47:32 - getOutlet.php - POST data: {"tgl":"2026-04-28","encrypt":"41c7aa6da1665eab307362296dd568d0","id_apl":"APL01","key":"Maye"}
2026-04-28 10:47:32 - getOutlet.php - Params - tgl: 2026-04-28, encrypt: 41c7aa6da1665eab307362296dd568d0, id_apl: APL01, key: Maye
2026-04-28 10:47:32 - getOutlet.php - Aplikasi ditemukan: Ya
2026-04-28 10:47:32 - getOutlet.php - Key aplikasi: YbcJSFjkds...
2026-04-28 10:47:32 - getOutlet.php - Expected encrypt: 41c7aa6da1665eab307362296dd568d0
2026-04-28 10:47:32 - getOutlet.php - Received encrypt: 41c7aa6da1665eab307362296dd568d0
2026-04-28 10:47:32 - getOutlet.php - Authentication berhasil
2026-04-28 10:47:32 - getOutlet.php - Query: SELECT id_out, nama_out, '' AS alamat_out, ofcode_out
            FROM outlet 
            WHERE status_out IN ('Active', '1', 'active')
            AND (nama_out LIKE :key OR ofcode_out LIKE :key)
            ORDER BY nama_out ASC
            LIMIT 20
2026-04-28 10:47:32 - getOutlet.php - Query berhasil, mengembalikan 2 record
2026-04-28 10:47:32 - getOutlet.php - === END REQUEST ===
2026-04-28 03:47:32 - getOutlet.php - === REQUEST GETOUTLET ===
2026-04-28 03:47:32 - getOutlet.php - Method: POST
2026-04-28 03:47:32 - getOutlet.php - POST data: {"tgl":"2026-04-28","encrypt":"41c7aa6da1665eab307362296dd568d0","id_apl":"APL01","key":"Mayes"}
2026-04-28 10:47:32 - getOutlet.php - Params - tgl: 2026-04-28, encrypt: 41c7aa6da1665eab307362296dd568d0, id_apl: APL01, key: Mayes
2026-04-28 10:47:32 - getOutlet.php - Aplikasi ditemukan: Ya
2026-04-28 10:47:32 - getOutlet.php - Key aplikasi: YbcJSFjkds...
2026-04-28 10:47:32 - getOutlet.php - Expected encrypt: 41c7aa6da1665eab307362296dd568d0
2026-04-28 10:47:32 - getOutlet.php - Received encrypt: 41c7aa6da1665eab307362296dd568d0
2026-04-28 10:47:32 - getOutlet.php - Authentication berhasil
2026-04-28 10:47:32 - getOutlet.php - Query: SELECT id_out, nama_out, '' AS alamat_out, ofcode_out
            FROM outlet 
            WHERE status_out IN ('Active', '1', 'active')
            AND (nama_out LIKE :key OR ofcode_out LIKE :key)
            ORDER BY nama_out ASC
            LIMIT 20
2026-04-28 10:47:32 - getOutlet.php - Query berhasil, mengembalikan 2 record
2026-04-28 10:47:32 - getOutlet.php - === END REQUEST ===
2026-04-28 03:47:33 - getOutlet.php - === REQUEST GETOUTLET ===
2026-04-28 03:47:33 - getOutlet.php - Method: POST
2026-04-28 03:47:33 - getOutlet.php - POST data: {"tgl":"2026-04-28","encrypt":"41c7aa6da1665eab307362296dd568d0","id_apl":"APL01","key":"Mayest"}
2026-04-28 10:47:33 - getOutlet.php - Params - tgl: 2026-04-28, encrypt: 41c7aa6da1665eab307362296dd568d0, id_apl: APL01, key: Mayest
2026-04-28 10:47:33 - getOutlet.php - Aplikasi ditemukan: Ya
2026-04-28 10:47:33 - getOutlet.php - Key aplikasi: YbcJSFjkds...
2026-04-28 10:47:33 - getOutlet.php - Expected encrypt: 41c7aa6da1665eab307362296dd568d0
2026-04-28 10:47:33 - getOutlet.php - Received encrypt: 41c7aa6da1665eab307362296dd568d0
2026-04-28 10:47:33 - getOutlet.php - Authentication berhasil
2026-04-28 10:47:33 - getOutlet.php - Query: SELECT id_out, nama_out, '' AS alamat_out, ofcode_out
            FROM outlet 
            WHERE status_out IN ('Active', '1', 'active')
            AND (nama_out LIKE :key OR ofcode_out LIKE :key)
            ORDER BY nama_out ASC
            LIMIT 20
2026-04-28 10:47:33 - getOutlet.php - Query berhasil, mengembalikan 2 record
2026-04-28 10:47:33 - getOutlet.php - === END REQUEST ===
2026-04-28 03:47:35 - getOutlet.php - === REQUEST GETOUTLET ===
2026-04-28 03:47:35 - getOutlet.php - Method: POST
2026-04-28 03:47:35 - getOutlet.php - POST data: {"tgl":"2026-04-28","encrypt":"41c7aa6da1665eab307362296dd568d0","id_apl":"APL01","key":"KLINIK UTAMA MATA MAYESTIK"}
2026-04-28 10:47:35 - getOutlet.php - Params - tgl: 2026-04-28, encrypt: 41c7aa6da1665eab307362296dd568d0, id_apl: APL01, key: KLINIK UTAMA MATA MAYESTIK
2026-04-28 10:47:35 - getOutlet.php - Aplikasi ditemukan: Ya
2026-04-28 10:47:35 - getOutlet.php - Key aplikasi: YbcJSFjkds...
2026-04-28 10:47:35 - getOutlet.php - Expected encrypt: 41c7aa6da1665eab307362296dd568d0
2026-04-28 10:47:35 - getOutlet.php - Received encrypt: 41c7aa6da1665eab307362296dd568d0
2026-04-28 10:47:35 - getOutlet.php - Authentication berhasil
2026-04-28 10:47:35 - getOutlet.php - Query: SELECT id_out, nama_out, '' AS alamat_out, ofcode_out
            FROM outlet 
            WHERE status_out IN ('Active', '1', 'active')
            AND (nama_out LIKE :key OR ofcode_out LIKE :key)
            ORDER BY nama_out ASC
            LIMIT 20
2026-04-28 10:47:35 - getOutlet.php - Query berhasil, mengembalikan 1 record
2026-04-28 10:47:35 - getOutlet.php - === END REQUEST ===
2026-04-28 03:47:40 - getOutlet.php - === REQUEST GETOUTLET ===
2026-04-28 03:47:40 - getOutlet.php - Method: POST
2026-04-28 03:47:40 - getOutlet.php - POST data: {"tgl":"2026-04-28","encrypt":"41c7aa6da1665eab307362296dd568d0","id_apl":"APL01","key":"KLINIK UTAMA MATA MAYESTIK"}
2026-04-28 10:47:40 - getOutlet.php - Params - tgl: 2026-04-28, encrypt: 41c7aa6da1665eab307362296dd568d0, id_apl: APL01, key: KLINIK UTAMA MATA MAYESTIK
2026-04-28 10:47:40 - getOutlet.php - Aplikasi ditemukan: Ya
2026-04-28 10:47:40 - getOutlet.php - Key aplikasi: YbcJSFjkds...
2026-04-28 10:47:40 - getOutlet.php - Expected encrypt: 41c7aa6da1665eab307362296dd568d0
2026-04-28 10:47:40 - getOutlet.php - Received encrypt: 41c7aa6da1665eab307362296dd568d0
2026-04-28 10:47:40 - getOutlet.php - Authentication berhasil
2026-04-28 10:47:40 - getOutlet.php - Query: SELECT id_out, nama_out, '' AS alamat_out, ofcode_out
            FROM outlet 
            WHERE status_out IN ('Active', '1', 'active')
            AND (nama_out LIKE :key OR ofcode_out LIKE :key)
            ORDER BY nama_out ASC
            LIMIT 20
2026-04-28 10:47:40 - getOutlet.php - Query berhasil, mengembalikan 1 record
2026-04-28 10:47:40 - getOutlet.php - === END REQUEST ===
2026-04-28 03:47:41 - getOutlet.php - === REQUEST GETOUTLET ===
2026-04-28 03:47:41 - getOutlet.php - Method: POST
2026-04-28 03:47:41 - getOutlet.php - POST data: {"tgl":"2026-04-28","encrypt":"41c7aa6da1665eab307362296dd568d0","id_apl":"APL01","key":"KLINIK UTAMA MATA MAYESTIK"}
2026-04-28 10:47:41 - getOutlet.php - Params - tgl: 2026-04-28, encrypt: 41c7aa6da1665eab307362296dd568d0, id_apl: APL01, key: KLINIK UTAMA MATA MAYESTIK
2026-04-28 10:47:41 - getOutlet.php - Aplikasi ditemukan: Ya
2026-04-28 10:47:41 - getOutlet.php - Key aplikasi: YbcJSFjkds...
2026-04-28 10:47:41 - getOutlet.php - Expected encrypt: 41c7aa6da1665eab307362296dd568d0
2026-04-28 10:47:41 - getOutlet.php - Received encrypt: 41c7aa6da1665eab307362296dd568d0
2026-04-28 10:47:41 - getOutlet.php - Authentication berhasil
2026-04-28 10:47:41 - getOutlet.php - Query: SELECT id_out, nama_out, '' AS alamat_out, ofcode_out
            FROM outlet 
            WHERE status_out IN ('Active', '1', 'active')
            AND (nama_out LIKE :key OR ofcode_out LIKE :key)
            ORDER BY nama_out ASC
            LIMIT 20
2026-04-28 10:47:41 - getOutlet.php - Query berhasil, mengembalikan 1 record
2026-04-28 10:47:41 - getOutlet.php - === END REQUEST ===
2026-04-28 03:47:57 - getOutlet.php - === REQUEST GETOUTLET ===
2026-04-28 03:47:57 - getOutlet.php - Method: POST
2026-04-28 03:47:57 - getOutlet.php - POST data: {"tgl":"2026-04-28","encrypt":"41c7aa6da1665eab307362296dd568d0","id_apl":"APL01","key":"Po"}
2026-04-28 10:47:57 - getOutlet.php - Params - tgl: 2026-04-28, encrypt: 41c7aa6da1665eab307362296dd568d0, id_apl: APL01, key: Po
2026-04-28 10:47:57 - getOutlet.php - Aplikasi ditemukan: Ya
2026-04-28 10:47:57 - getOutlet.php - Key aplikasi: YbcJSFjkds...
2026-04-28 10:47:57 - getOutlet.php - Expected encrypt: 41c7aa6da1665eab307362296dd568d0
2026-04-28 10:47:57 - getOutlet.php - Received encrypt: 41c7aa6da1665eab307362296dd568d0
2026-04-28 10:47:57 - getOutlet.php - Authentication berhasil
2026-04-28 10:47:57 - getOutlet.php - Query: SELECT id_out, nama_out, '' AS alamat_out, ofcode_out
            FROM outlet 
            WHERE status_out IN ('Active', '1', 'active')
            AND (nama_out LIKE :key OR ofcode_out LIKE :key)
            ORDER BY nama_out ASC
            LIMIT 20
2026-04-28 10:47:57 - getOutlet.php - Query berhasil, mengembalikan 20 record
2026-04-28 10:47:57 - getOutlet.php - === END REQUEST ===
2026-04-28 03:47:57 - getOutlet.php - === REQUEST GETOUTLET ===
2026-04-28 03:47:57 - getOutlet.php - Method: POST
2026-04-28 03:47:57 - getOutlet.php - POST data: {"tgl":"2026-04-28","encrypt":"41c7aa6da1665eab307362296dd568d0","id_apl":"APL01","key":"Pon"}
2026-04-28 10:47:57 - getOutlet.php - Params - tgl: 2026-04-28, encrypt: 41c7aa6da1665eab307362296dd568d0, id_apl: APL01, key: Pon
2026-04-28 10:47:57 - getOutlet.php - Aplikasi ditemukan: Ya
2026-04-28 10:47:57 - getOutlet.php - Key aplikasi: YbcJSFjkds...
2026-04-28 10:47:57 - getOutlet.php - Expected encrypt: 41c7aa6da1665eab307362296dd568d0
2026-04-28 10:47:57 - getOutlet.php - Received encrypt: 41c7aa6da1665eab307362296dd568d0
2026-04-28 10:47:57 - getOutlet.php - Authentication berhasil
2026-04-28 10:47:57 - getOutlet.php - Query: SELECT id_out, nama_out, '' AS alamat_out, ofcode_out
            FROM outlet 
            WHERE status_out IN ('Active', '1', 'active')
            AND (nama_out LIKE :key OR ofcode_out LIKE :key)
            ORDER BY nama_out ASC
            LIMIT 20
2026-04-28 10:47:57 - getOutlet.php - Query berhasil, mengembalikan 20 record
2026-04-28 10:47:57 - getOutlet.php - === END REQUEST ===
2026-04-28 03:47:57 - getOutlet.php - === REQUEST GETOUTLET ===
2026-04-28 03:47:57 - getOutlet.php - Method: POST
2026-04-28 03:47:57 - getOutlet.php - POST data: {"tgl":"2026-04-28","encrypt":"41c7aa6da1665eab307362296dd568d0","id_apl":"APL01","key":"Pond"}
2026-04-28 10:47:57 - getOutlet.php - Params - tgl: 2026-04-28, encrypt: 41c7aa6da1665eab307362296dd568d0, id_apl: APL01, key: Pond
2026-04-28 10:47:57 - getOutlet.php - Aplikasi ditemukan: Ya
2026-04-28 10:47:57 - getOutlet.php - Key aplikasi: YbcJSFjkds...
2026-04-28 10:47:57 - getOutlet.php - Expected encrypt: 41c7aa6da1665eab307362296dd568d0
2026-04-28 10:47:57 - getOutlet.php - Received encrypt: 41c7aa6da1665eab307362296dd568d0
2026-04-28 10:47:57 - getOutlet.php - Authentication berhasil
2026-04-28 10:47:57 - getOutlet.php - Query: SELECT id_out, nama_out, '' AS alamat_out, ofcode_out
            FROM outlet 
            WHERE status_out IN ('Active', '1', 'active')
            AND (nama_out LIKE :key OR ofcode_out LIKE :key)
            ORDER BY nama_out ASC
            LIMIT 20
2026-04-28 10:47:57 - getOutlet.php - Query berhasil, mengembalikan 20 record
2026-04-28 10:47:57 - getOutlet.php - === END REQUEST ===
2026-04-28 03:47:57 - getOutlet.php - === REQUEST GETOUTLET ===
2026-04-28 03:47:57 - getOutlet.php - Method: POST
2026-04-28 03:47:57 - getOutlet.php - POST data: {"tgl":"2026-04-28","encrypt":"41c7aa6da1665eab307362296dd568d0","id_apl":"APL01","key":"Pondo"}
2026-04-28 10:47:57 - getOutlet.php - Params - tgl: 2026-04-28, encrypt: 41c7aa6da1665eab307362296dd568d0, id_apl: APL01, key: Pondo
2026-04-28 10:47:57 - getOutlet.php - Aplikasi ditemukan: Ya
2026-04-28 10:47:57 - getOutlet.php - Key aplikasi: YbcJSFjkds...
2026-04-28 10:47:57 - getOutlet.php - Expected encrypt: 41c7aa6da1665eab307362296dd568d0
2026-04-28 10:47:57 - getOutlet.php - Received encrypt: 41c7aa6da1665eab307362296dd568d0
2026-04-28 10:47:57 - getOutlet.php - Authentication berhasil
2026-04-28 10:47:57 - getOutlet.php - Query: SELECT id_out, nama_out, '' AS alamat_out, ofcode_out
            FROM outlet 
            WHERE status_out IN ('Active', '1', 'active')
            AND (nama_out LIKE :key OR ofcode_out LIKE :key)
            ORDER BY nama_out ASC
            LIMIT 20
2026-04-28 10:47:57 - getOutlet.php - Query berhasil, mengembalikan 20 record
2026-04-28 10:47:57 - getOutlet.php - === END REQUEST ===
2026-04-28 03:47:57 - getOutlet.php - === REQUEST GETOUTLET ===
2026-04-28 03:47:57 - getOutlet.php - Method: POST
2026-04-28 03:47:57 - getOutlet.php - POST data: {"tgl":"2026-04-28","encrypt":"41c7aa6da1665eab307362296dd568d0","id_apl":"APL01","key":"Pondok"}
2026-04-28 10:47:57 - getOutlet.php - Params - tgl: 2026-04-28, encrypt: 41c7aa6da1665eab307362296dd568d0, id_apl: APL01, key: Pondok
2026-04-28 10:47:57 - getOutlet.php - Aplikasi ditemukan: Ya
2026-04-28 10:47:57 - getOutlet.php - Key aplikasi: YbcJSFjkds...
2026-04-28 10:47:57 - getOutlet.php - Expected encrypt: 41c7aa6da1665eab307362296dd568d0
2026-04-28 10:47:57 - getOutlet.php - Received encrypt: 41c7aa6da1665eab307362296dd568d0
2026-04-28 10:47:57 - getOutlet.php - Authentication berhasil
2026-04-28 10:47:57 - getOutlet.php - Query: SELECT id_out, nama_out, '' AS alamat_out, ofcode_out
            FROM outlet 
            WHERE status_out IN ('Active', '1', 'active')
            AND (nama_out LIKE :key OR ofcode_out LIKE :key)
            ORDER BY nama_out ASC
            LIMIT 20
2026-04-28 10:47:57 - getOutlet.php - Query berhasil, mengembalikan 20 record
2026-04-28 10:47:57 - getOutlet.php - === END REQUEST ===
2026-04-28 03:47:58 - getOutlet.php - === REQUEST GETOUTLET ===
2026-04-28 03:47:58 - getOutlet.php - Method: POST
2026-04-28 03:47:58 - getOutlet.php - POST data: {"tgl":"2026-04-28","encrypt":"41c7aa6da1665eab307362296dd568d0","id_apl":"APL01","key":"Pondok"}
2026-04-28 10:47:58 - getOutlet.php - Params - tgl: 2026-04-28, encrypt: 41c7aa6da1665eab307362296dd568d0, id_apl: APL01, key: Pondok
2026-04-28 10:47:58 - getOutlet.php - Aplikasi ditemukan: Ya
2026-04-28 10:47:58 - getOutlet.php - Key aplikasi: YbcJSFjkds...
2026-04-28 10:47:58 - getOutlet.php - Expected encrypt: 41c7aa6da1665eab307362296dd568d0
2026-04-28 10:47:58 - getOutlet.php - Received encrypt: 41c7aa6da1665eab307362296dd568d0
2026-04-28 10:47:58 - getOutlet.php - Authentication berhasil
2026-04-28 10:47:58 - getOutlet.php - Query: SELECT id_out, nama_out, '' AS alamat_out, ofcode_out
            FROM outlet 
            WHERE status_out IN ('Active', '1', 'active')
            AND (nama_out LIKE :key OR ofcode_out LIKE :key)
            ORDER BY nama_out ASC
            LIMIT 20
2026-04-28 10:47:58 - getOutlet.php - Query berhasil, mengembalikan 20 record
2026-04-28 10:47:58 - getOutlet.php - === END REQUEST ===
2026-04-28 03:47:58 - getOutlet.php - === REQUEST GETOUTLET ===
2026-04-28 03:47:58 - getOutlet.php - Method: POST
2026-04-28 03:47:58 - getOutlet.php - POST data: {"tgl":"2026-04-28","encrypt":"41c7aa6da1665eab307362296dd568d0","id_apl":"APL01","key":"Pondok"}
2026-04-28 10:47:58 - getOutlet.php - Params - tgl: 2026-04-28, encrypt: 41c7aa6da1665eab307362296dd568d0, id_apl: APL01, key: Pondok
2026-04-28 10:47:58 - getOutlet.php - Aplikasi ditemukan: Ya
2026-04-28 10:47:58 - getOutlet.php - Key aplikasi: YbcJSFjkds...
2026-04-28 10:47:58 - getOutlet.php - Expected encrypt: 41c7aa6da1665eab307362296dd568d0
2026-04-28 10:47:58 - getOutlet.php - Received encrypt: 41c7aa6da1665eab307362296dd568d0
2026-04-28 10:47:58 - getOutlet.php - Authentication berhasil
2026-04-28 10:47:58 - getOutlet.php - Query: SELECT id_out, nama_out, '' AS alamat_out, ofcode_out
            FROM outlet 
            WHERE status_out IN ('Active', '1', 'active')
            AND (nama_out LIKE :key OR ofcode_out LIKE :key)
            ORDER BY nama_out ASC
            LIMIT 20
2026-04-28 10:47:58 - getOutlet.php - Query berhasil, mengembalikan 20 record
2026-04-28 10:47:58 - getOutlet.php - === END REQUEST ===
2026-04-28 03:47:58 - getOutlet.php - === REQUEST GETOUTLET ===
2026-04-28 03:47:58 - getOutlet.php - Method: POST
2026-04-28 03:47:58 - getOutlet.php - POST data: {"tgl":"2026-04-28","encrypt":"41c7aa6da1665eab307362296dd568d0","id_apl":"APL01","key":"Pondok i"}
2026-04-28 10:47:58 - getOutlet.php - Params - tgl: 2026-04-28, encrypt: 41c7aa6da1665eab307362296dd568d0, id_apl: APL01, key: Pondok i
2026-04-28 10:47:58 - getOutlet.php - Aplikasi ditemukan: Ya
2026-04-28 10:47:58 - getOutlet.php - Key aplikasi: YbcJSFjkds...
2026-04-28 10:47:58 - getOutlet.php - Expected encrypt: 41c7aa6da1665eab307362296dd568d0
2026-04-28 10:47:58 - getOutlet.php - Received encrypt: 41c7aa6da1665eab307362296dd568d0
2026-04-28 10:47:58 - getOutlet.php - Authentication berhasil
2026-04-28 10:47:58 - getOutlet.php - Query: SELECT id_out, nama_out, '' AS alamat_out, ofcode_out
            FROM outlet 
            WHERE status_out IN ('Active', '1', 'active')
            AND (nama_out LIKE :key OR ofcode_out LIKE :key)
            ORDER BY nama_out ASC
            LIMIT 20
2026-04-28 10:47:58 - getOutlet.php - Query berhasil, mengembalikan 6 record
2026-04-28 10:47:58 - getOutlet.php - === END REQUEST ===
2026-04-28 03:47:58 - getOutlet.php - === REQUEST GETOUTLET ===
2026-04-28 03:47:58 - getOutlet.php - Method: POST
2026-04-28 03:47:58 - getOutlet.php - POST data: {"tgl":"2026-04-28","encrypt":"41c7aa6da1665eab307362296dd568d0","id_apl":"APL01","key":"Pondok in"}
2026-04-28 10:47:58 - getOutlet.php - Params - tgl: 2026-04-28, encrypt: 41c7aa6da1665eab307362296dd568d0, id_apl: APL01, key: Pondok in
2026-04-28 10:47:58 - getOutlet.php - Aplikasi ditemukan: Ya
2026-04-28 10:47:58 - getOutlet.php - Key aplikasi: YbcJSFjkds...
2026-04-28 10:47:58 - getOutlet.php - Expected encrypt: 41c7aa6da1665eab307362296dd568d0
2026-04-28 10:47:58 - getOutlet.php - Received encrypt: 41c7aa6da1665eab307362296dd568d0
2026-04-28 10:47:58 - getOutlet.php - Authentication berhasil
2026-04-28 10:47:58 - getOutlet.php - Query: SELECT id_out, nama_out, '' AS alamat_out, ofcode_out
            FROM outlet 
            WHERE status_out IN ('Active', '1', 'active')
            AND (nama_out LIKE :key OR ofcode_out LIKE :key)
            ORDER BY nama_out ASC
            LIMIT 20
2026-04-28 10:47:58 - getOutlet.php - Query berhasil, mengembalikan 6 record
2026-04-28 10:47:58 - getOutlet.php - === END REQUEST ===
2026-04-28 03:47:58 - getOutlet.php - === REQUEST GETOUTLET ===
2026-04-28 03:47:58 - getOutlet.php - Method: POST
2026-04-28 03:47:58 - getOutlet.php - POST data: {"tgl":"2026-04-28","encrypt":"41c7aa6da1665eab307362296dd568d0","id_apl":"APL01","key":"Pondok ind"}
2026-04-28 10:47:58 - getOutlet.php - Params - tgl: 2026-04-28, encrypt: 41c7aa6da1665eab307362296dd568d0, id_apl: APL01, key: Pondok ind
2026-04-28 10:47:58 - getOutlet.php - Aplikasi ditemukan: Ya
2026-04-28 10:47:58 - getOutlet.php - Key aplikasi: YbcJSFjkds...
2026-04-28 10:47:58 - getOutlet.php - Expected encrypt: 41c7aa6da1665eab307362296dd568d0
2026-04-28 10:47:58 - getOutlet.php - Received encrypt: 41c7aa6da1665eab307362296dd568d0
2026-04-28 10:47:58 - getOutlet.php - Authentication berhasil
2026-04-28 10:47:58 - getOutlet.php - Query: SELECT id_out, nama_out, '' AS alamat_out, ofcode_out
            FROM outlet 
            WHERE status_out IN ('Active', '1', 'active')
            AND (nama_out LIKE :key OR ofcode_out LIKE :key)
            ORDER BY nama_out ASC
            LIMIT 20
2026-04-28 10:47:58 - getOutlet.php - Query berhasil, mengembalikan 6 record
2026-04-28 10:47:58 - getOutlet.php - === END REQUEST ===
2026-04-28 03:47:58 - getOutlet.php - === REQUEST GETOUTLET ===
2026-04-28 03:47:58 - getOutlet.php - Method: POST
2026-04-28 03:47:58 - getOutlet.php - POST data: {"tgl":"2026-04-28","encrypt":"41c7aa6da1665eab307362296dd568d0","id_apl":"APL01","key":"Pondok inda"}
2026-04-28 10:47:58 - getOutlet.php - Params - tgl: 2026-04-28, encrypt: 41c7aa6da1665eab307362296dd568d0, id_apl: APL01, key: Pondok inda
2026-04-28 10:47:58 - getOutlet.php - Aplikasi ditemukan: Ya
2026-04-28 10:47:58 - getOutlet.php - Key aplikasi: YbcJSFjkds...
2026-04-28 10:47:58 - getOutlet.php - Expected encrypt: 41c7aa6da1665eab307362296dd568d0
2026-04-28 10:47:58 - getOutlet.php - Received encrypt: 41c7aa6da1665eab307362296dd568d0
2026-04-28 10:47:58 - getOutlet.php - Authentication berhasil
2026-04-28 10:47:58 - getOutlet.php - Query: SELECT id_out, nama_out, '' AS alamat_out, ofcode_out
            FROM outlet 
            WHERE status_out IN ('Active', '1', 'active')
            AND (nama_out LIKE :key OR ofcode_out LIKE :key)
            ORDER BY nama_out ASC
            LIMIT 20
2026-04-28 10:47:58 - getOutlet.php - Query berhasil, mengembalikan 6 record
2026-04-28 10:47:58 - getOutlet.php - === END REQUEST ===
2026-04-28 03:47:59 - getOutlet.php - === REQUEST GETOUTLET ===
2026-04-28 03:47:59 - getOutlet.php - Method: POST
2026-04-28 03:47:59 - getOutlet.php - POST data: {"tgl":"2026-04-28","encrypt":"41c7aa6da1665eab307362296dd568d0","id_apl":"APL01","key":"Pondok indah"}
2026-04-28 10:47:59 - getOutlet.php - Params - tgl: 2026-04-28, encrypt: 41c7aa6da1665eab307362296dd568d0, id_apl: APL01, key: Pondok indah
2026-04-28 10:47:59 - getOutlet.php - Aplikasi ditemukan: Ya
2026-04-28 10:47:59 - getOutlet.php - Key aplikasi: YbcJSFjkds...
2026-04-28 10:47:59 - getOutlet.php - Expected encrypt: 41c7aa6da1665eab307362296dd568d0
2026-04-28 10:47:59 - getOutlet.php - Received encrypt: 41c7aa6da1665eab307362296dd568d0
2026-04-28 10:47:59 - getOutlet.php - Authentication berhasil
2026-04-28 10:47:59 - getOutlet.php - Query: SELECT id_out, nama_out, '' AS alamat_out, ofcode_out
            FROM outlet 
            WHERE status_out IN ('Active', '1', 'active')
            AND (nama_out LIKE :key OR ofcode_out LIKE :key)
            ORDER BY nama_out ASC
            LIMIT 20
2026-04-28 10:47:59 - getOutlet.php - Query berhasil, mengembalikan 6 record
2026-04-28 10:47:59 - getOutlet.php - === END REQUEST ===
2026-04-28 03:48:02 - getOutlet.php - === REQUEST GETOUTLET ===
2026-04-28 03:48:02 - getOutlet.php - Method: POST
2026-04-28 03:48:02 - getOutlet.php - POST data: {"tgl":"2026-04-28","encrypt":"41c7aa6da1665eab307362296dd568d0","id_apl":"APL01","key":"RS PONDOK INDAH"}
2026-04-28 10:48:02 - getOutlet.php - Params - tgl: 2026-04-28, encrypt: 41c7aa6da1665eab307362296dd568d0, id_apl: APL01, key: RS PONDOK INDAH
2026-04-28 10:48:02 - getOutlet.php - Aplikasi ditemukan: Ya
2026-04-28 10:48:02 - getOutlet.php - Key aplikasi: YbcJSFjkds...
2026-04-28 10:48:02 - getOutlet.php - Expected encrypt: 41c7aa6da1665eab307362296dd568d0
2026-04-28 10:48:02 - getOutlet.php - Received encrypt: 41c7aa6da1665eab307362296dd568d0
2026-04-28 10:48:02 - getOutlet.php - Authentication berhasil
2026-04-28 10:48:02 - getOutlet.php - Query: SELECT id_out, nama_out, '' AS alamat_out, ofcode_out
            FROM outlet 
            WHERE status_out IN ('Active', '1', 'active')
            AND (nama_out LIKE :key OR ofcode_out LIKE :key)
            ORDER BY nama_out ASC
            LIMIT 20
2026-04-28 10:48:02 - getOutlet.php - Query berhasil, mengembalikan 2 record
2026-04-28 10:48:02 - getOutlet.php - === END REQUEST ===
2026-04-28 03:48:26 - getOutlet.php - === REQUEST GETOUTLET ===
2026-04-28 03:48:26 - getOutlet.php - Method: POST
2026-04-28 03:48:26 - getOutlet.php - POST data: {"tgl":"2026-04-28","encrypt":"41c7aa6da1665eab307362296dd568d0","id_apl":"APL01","key":"Rs"}
2026-04-28 10:48:26 - getOutlet.php - Params - tgl: 2026-04-28, encrypt: 41c7aa6da1665eab307362296dd568d0, id_apl: APL01, key: Rs
2026-04-28 10:48:26 - getOutlet.php - Aplikasi ditemukan: Ya
2026-04-28 10:48:26 - getOutlet.php - Key aplikasi: YbcJSFjkds...
2026-04-28 10:48:26 - getOutlet.php - Expected encrypt: 41c7aa6da1665eab307362296dd568d0
2026-04-28 10:48:26 - getOutlet.php - Received encrypt: 41c7aa6da1665eab307362296dd568d0
2026-04-28 10:48:26 - getOutlet.php - Authentication berhasil
2026-04-28 10:48:26 - getOutlet.php - Query: SELECT id_out, nama_out, '' AS alamat_out, ofcode_out
            FROM outlet 
            WHERE status_out IN ('Active', '1', 'active')
            AND (nama_out LIKE :key OR ofcode_out LIKE :key)
            ORDER BY nama_out ASC
            LIMIT 20
2026-04-28 10:48:26 - getOutlet.php - Query berhasil, mengembalikan 20 record
2026-04-28 10:48:26 - getOutlet.php - === END REQUEST ===
2026-04-28 03:48:26 - getOutlet.php - === REQUEST GETOUTLET ===
2026-04-28 03:48:26 - getOutlet.php - Method: POST
2026-04-28 03:48:26 - getOutlet.php - POST data: {"tgl":"2026-04-28","encrypt":"41c7aa6da1665eab307362296dd568d0","id_apl":"APL01","key":"Rs"}
2026-04-28 10:48:26 - getOutlet.php - Params - tgl: 2026-04-28, encrypt: 41c7aa6da1665eab307362296dd568d0, id_apl: APL01, key: Rs
2026-04-28 10:48:26 - getOutlet.php - Aplikasi ditemukan: Ya
2026-04-28 10:48:26 - getOutlet.php - Key aplikasi: YbcJSFjkds...
2026-04-28 10:48:26 - getOutlet.php - Expected encrypt: 41c7aa6da1665eab307362296dd568d0
2026-04-28 10:48:26 - getOutlet.php - Received encrypt: 41c7aa6da1665eab307362296dd568d0
2026-04-28 10:48:26 - getOutlet.php - Authentication berhasil
2026-04-28 10:48:26 - getOutlet.php - Query: SELECT id_out, nama_out, '' AS alamat_out, ofcode_out
            FROM outlet 
            WHERE status_out IN ('Active', '1', 'active')
            AND (nama_out LIKE :key OR ofcode_out LIKE :key)
            ORDER BY nama_out ASC
            LIMIT 20
2026-04-28 10:48:26 - getOutlet.php - Query berhasil, mengembalikan 20 record
2026-04-28 10:48:26 - getOutlet.php - === END REQUEST ===
2026-04-28 03:48:26 - getOutlet.php - === REQUEST GETOUTLET ===
2026-04-28 03:48:26 - getOutlet.php - Method: POST
2026-04-28 03:48:26 - getOutlet.php - POST data: {"tgl":"2026-04-28","encrypt":"41c7aa6da1665eab307362296dd568d0","id_apl":"APL01","key":"Rs h"}
2026-04-28 10:48:26 - getOutlet.php - Params - tgl: 2026-04-28, encrypt: 41c7aa6da1665eab307362296dd568d0, id_apl: APL01, key: Rs h
2026-04-28 10:48:26 - getOutlet.php - Aplikasi ditemukan: Ya
2026-04-28 10:48:26 - getOutlet.php - Key aplikasi: YbcJSFjkds...
2026-04-28 10:48:26 - getOutlet.php - Expected encrypt: 41c7aa6da1665eab307362296dd568d0
2026-04-28 10:48:26 - getOutlet.php - Received encrypt: 41c7aa6da1665eab307362296dd568d0
2026-04-28 10:48:26 - getOutlet.php - Authentication berhasil
2026-04-28 10:48:26 - getOutlet.php - Query: SELECT id_out, nama_out, '' AS alamat_out, ofcode_out
            FROM outlet 
            WHERE status_out IN ('Active', '1', 'active')
            AND (nama_out LIKE :key OR ofcode_out LIKE :key)
            ORDER BY nama_out ASC
            LIMIT 20
2026-04-28 10:48:26 - getOutlet.php - Query berhasil, mengembalikan 15 record
2026-04-28 10:48:26 - getOutlet.php - === END REQUEST ===
2026-04-28 03:48:26 - getOutlet.php - === REQUEST GETOUTLET ===
2026-04-28 03:48:26 - getOutlet.php - Method: POST
2026-04-28 03:48:26 - getOutlet.php - POST data: {"tgl":"2026-04-28","encrypt":"41c7aa6da1665eab307362296dd568d0","id_apl":"APL01","key":"Rs"}
2026-04-28 10:48:26 - getOutlet.php - Params - tgl: 2026-04-28, encrypt: 41c7aa6da1665eab307362296dd568d0, id_apl: APL01, key: Rs
2026-04-28 10:48:26 - getOutlet.php - Aplikasi ditemukan: Ya
2026-04-28 10:48:26 - getOutlet.php - Key aplikasi: YbcJSFjkds...
2026-04-28 10:48:26 - getOutlet.php - Expected encrypt: 41c7aa6da1665eab307362296dd568d0
2026-04-28 10:48:26 - getOutlet.php - Received encrypt: 41c7aa6da1665eab307362296dd568d0
2026-04-28 10:48:26 - getOutlet.php - Authentication berhasil
2026-04-28 10:48:26 - getOutlet.php - Query: SELECT id_out, nama_out, '' AS alamat_out, ofcode_out
            FROM outlet 
            WHERE status_out IN ('Active', '1', 'active')
            AND (nama_out LIKE :key OR ofcode_out LIKE :key)
            ORDER BY nama_out ASC
            LIMIT 20
2026-04-28 10:48:26 - getOutlet.php - Query berhasil, mengembalikan 20 record
2026-04-28 10:48:26 - getOutlet.php - === END REQUEST ===
2026-04-28 03:48:27 - getOutlet.php - === REQUEST GETOUTLET ===
2026-04-28 03:48:27 - getOutlet.php - Method: POST
2026-04-28 03:48:27 - getOutlet.php - POST data: {"tgl":"2026-04-28","encrypt":"41c7aa6da1665eab307362296dd568d0","id_apl":"APL01","key":"Rs he"}
2026-04-28 10:48:27 - getOutlet.php - Params - tgl: 2026-04-28, encrypt: 41c7aa6da1665eab307362296dd568d0, id_apl: APL01, key: Rs he
2026-04-28 10:48:27 - getOutlet.php - Aplikasi ditemukan: Ya
2026-04-28 10:48:27 - getOutlet.php - Key aplikasi: YbcJSFjkds...
2026-04-28 10:48:27 - getOutlet.php - Expected encrypt: 41c7aa6da1665eab307362296dd568d0
2026-04-28 10:48:27 - getOutlet.php - Received encrypt: 41c7aa6da1665eab307362296dd568d0
2026-04-28 10:48:27 - getOutlet.php - Authentication berhasil
2026-04-28 10:48:27 - getOutlet.php - Query: SELECT id_out, nama_out, '' AS alamat_out, ofcode_out
            FROM outlet 
            WHERE status_out IN ('Active', '1', 'active')
            AND (nama_out LIKE :key OR ofcode_out LIKE :key)
            ORDER BY nama_out ASC
            LIMIT 20
2026-04-28 10:48:27 - getOutlet.php - Query berhasil, mengembalikan 4 record
2026-04-28 10:48:27 - getOutlet.php - === END REQUEST ===
2026-04-28 03:48:27 - getOutlet.php - === REQUEST GETOUTLET ===
2026-04-28 03:48:27 - getOutlet.php - Method: POST
2026-04-28 03:48:27 - getOutlet.php - POST data: {"tgl":"2026-04-28","encrypt":"41c7aa6da1665eab307362296dd568d0","id_apl":"APL01","key":"Rs her"}
2026-04-28 10:48:27 - getOutlet.php - Params - tgl: 2026-04-28, encrypt: 41c7aa6da1665eab307362296dd568d0, id_apl: APL01, key: Rs her
2026-04-28 10:48:27 - getOutlet.php - Aplikasi ditemukan: Ya
2026-04-28 10:48:27 - getOutlet.php - Key aplikasi: YbcJSFjkds...
2026-04-28 10:48:27 - getOutlet.php - Expected encrypt: 41c7aa6da1665eab307362296dd568d0
2026-04-28 10:48:27 - getOutlet.php - Received encrypt: 41c7aa6da1665eab307362296dd568d0
2026-04-28 10:48:27 - getOutlet.php - Authentication berhasil
2026-04-28 10:48:27 - getOutlet.php - Query: SELECT id_out, nama_out, '' AS alamat_out, ofcode_out
            FROM outlet 
            WHERE status_out IN ('Active', '1', 'active')
            AND (nama_out LIKE :key OR ofcode_out LIKE :key)
            ORDER BY nama_out ASC
            LIMIT 20
2026-04-28 10:48:27 - getOutlet.php - Query berhasil, mengembalikan 4 record
2026-04-28 10:48:27 - getOutlet.php - === END REQUEST ===
2026-04-28 03:48:27 - getOutlet.php - === REQUEST GETOUTLET ===
2026-04-28 03:48:27 - getOutlet.php - Method: POST
2026-04-28 03:48:27 - getOutlet.php - POST data: {"tgl":"2026-04-28","encrypt":"41c7aa6da1665eab307362296dd568d0","id_apl":"APL01","key":"Ko"}
2026-04-28 10:48:27 - getOutlet.php - Params - tgl: 2026-04-28, encrypt: 41c7aa6da1665eab307362296dd568d0, id_apl: APL01, key: Ko
2026-04-28 10:48:27 - getOutlet.php - Aplikasi ditemukan: Ya
2026-04-28 10:48:27 - getOutlet.php - Key aplikasi: YbcJSFjkds...
2026-04-28 10:48:27 - getOutlet.php - Expected encrypt: 41c7aa6da1665eab307362296dd568d0
2026-04-28 10:48:27 - getOutlet.php - Received encrypt: 41c7aa6da1665eab307362296dd568d0
2026-04-28 10:48:27 - getOutlet.php - Authentication berhasil
2026-04-28 10:48:27 - getOutlet.php - Query: SELECT id_out, nama_out, '' AS alamat_out, ofcode_out
            FROM outlet 
            WHERE status_out IN ('Active', '1', 'active')
            AND (nama_out LIKE :key OR ofcode_out LIKE :key)
            ORDER BY nama_out ASC
            LIMIT 20
2026-04-28 10:48:27 - getOutlet.php - Query berhasil, mengembalikan 20 record
2026-04-28 10:48:27 - getOutlet.php - === END REQUEST ===
2026-04-28 03:48:27 - getOutlet.php - === REQUEST GETOUTLET ===
2026-04-28 03:48:27 - getOutlet.php - Method: POST
2026-04-28 03:48:27 - getOutlet.php - POST data: {"tgl":"2026-04-28","encrypt":"41c7aa6da1665eab307362296dd568d0","id_apl":"APL01","key":"Rs herm"}
2026-04-28 10:48:27 - getOutlet.php - Params - tgl: 2026-04-28, encrypt: 41c7aa6da1665eab307362296dd568d0, id_apl: APL01, key: Rs herm
2026-04-28 10:48:27 - getOutlet.php - Aplikasi ditemukan: Ya
2026-04-28 10:48:27 - getOutlet.php - Key aplikasi: YbcJSFjkds...
2026-04-28 10:48:27 - getOutlet.php - Expected encrypt: 41c7aa6da1665eab307362296dd568d0
2026-04-28 10:48:27 - getOutlet.php - Received encrypt: 41c7aa6da1665eab307362296dd568d0
2026-04-28 10:48:27 - getOutlet.php - Authentication berhasil
2026-04-28 10:48:27 - getOutlet.php - Query: SELECT id_out, nama_out, '' AS alamat_out, ofcode_out
            FROM outlet 
            WHERE status_out IN ('Active', '1', 'active')
            AND (nama_out LIKE :key OR ofcode_out LIKE :key)
            ORDER BY nama_out ASC
            LIMIT 20
2026-04-28 10:48:27 - getOutlet.php - Query berhasil, mengembalikan 4 record
2026-04-28 10:48:27 - getOutlet.php - === END REQUEST ===
2026-04-28 03:48:27 - getOutlet.php - === REQUEST GETOUTLET ===
2026-04-28 03:48:27 - getOutlet.php - Method: POST
2026-04-28 03:48:27 - getOutlet.php - POST data: {"tgl":"2026-04-28","encrypt":"41c7aa6da1665eab307362296dd568d0","id_apl":"APL01","key":"Kop"}
2026-04-28 10:48:27 - getOutlet.php - Params - tgl: 2026-04-28, encrypt: 41c7aa6da1665eab307362296dd568d0, id_apl: APL01, key: Kop
2026-04-28 10:48:27 - getOutlet.php - Aplikasi ditemukan: Ya
2026-04-28 10:48:27 - getOutlet.php - Key aplikasi: YbcJSFjkds...
2026-04-28 10:48:27 - getOutlet.php - Expected encrypt: 41c7aa6da1665eab307362296dd568d0
2026-04-28 10:48:27 - getOutlet.php - Received encrypt: 41c7aa6da1665eab307362296dd568d0
2026-04-28 10:48:27 - getOutlet.php - Authentication berhasil
2026-04-28 10:48:27 - getOutlet.php - Query: SELECT id_out, nama_out, '' AS alamat_out, ofcode_out
            FROM outlet 
            WHERE status_out IN ('Active', '1', 'active')
            AND (nama_out LIKE :key OR ofcode_out LIKE :key)
            ORDER BY nama_out ASC
            LIMIT 20
2026-04-28 10:48:27 - getOutlet.php - Query berhasil, mengembalikan 2 record
2026-04-28 10:48:27 - getOutlet.php - === END REQUEST ===
2026-04-28 03:48:27 - getOutlet.php - === REQUEST GETOUTLET ===
2026-04-28 03:48:27 - getOutlet.php - Method: POST
2026-04-28 03:48:27 - getOutlet.php - POST data: {"tgl":"2026-04-28","encrypt":"41c7aa6da1665eab307362296dd568d0","id_apl":"APL01","key":"Rs hermi"}
2026-04-28 10:48:27 - getOutlet.php - Params - tgl: 2026-04-28, encrypt: 41c7aa6da1665eab307362296dd568d0, id_apl: APL01, key: Rs hermi
2026-04-28 10:48:27 - getOutlet.php - Aplikasi ditemukan: Ya
2026-04-28 10:48:27 - getOutlet.php - Key aplikasi: YbcJSFjkds...
2026-04-28 10:48:27 - getOutlet.php - Expected encrypt: 41c7aa6da1665eab307362296dd568d0
2026-04-28 10:48:27 - getOutlet.php - Received encrypt: 41c7aa6da1665eab307362296dd568d0
2026-04-28 10:48:27 - getOutlet.php - Authentication berhasil
2026-04-28 10:48:27 - getOutlet.php - Query: SELECT id_out, nama_out, '' AS alamat_out, ofcode_out
            FROM outlet 
            WHERE status_out IN ('Active', '1', 'active')
            AND (nama_out LIKE :key OR ofcode_out LIKE :key)
            ORDER BY nama_out ASC
            LIMIT 20
2026-04-28 10:48:27 - getOutlet.php - Query berhasil, mengembalikan 4 record
2026-04-28 10:48:27 - getOutlet.php - === END REQUEST ===
2026-04-28 03:48:28 - getOutlet.php - === REQUEST GETOUTLET ===
2026-04-28 03:48:28 - getOutlet.php - Method: POST
2026-04-28 03:48:28 - getOutlet.php - POST data: {"tgl":"2026-04-28","encrypt":"41c7aa6da1665eab307362296dd568d0","id_apl":"APL01","key":"Rs hermin"}
2026-04-28 10:48:28 - getOutlet.php - Params - tgl: 2026-04-28, encrypt: 41c7aa6da1665eab307362296dd568d0, id_apl: APL01, key: Rs hermin
2026-04-28 10:48:28 - getOutlet.php - Aplikasi ditemukan: Ya
2026-04-28 10:48:28 - getOutlet.php - Key aplikasi: YbcJSFjkds...
2026-04-28 10:48:28 - getOutlet.php - Expected encrypt: 41c7aa6da1665eab307362296dd568d0
2026-04-28 10:48:28 - getOutlet.php - Received encrypt: 41c7aa6da1665eab307362296dd568d0
2026-04-28 10:48:28 - getOutlet.php - Authentication berhasil
2026-04-28 10:48:28 - getOutlet.php - Query: SELECT id_out, nama_out, '' AS alamat_out, ofcode_out
            FROM outlet 
            WHERE status_out IN ('Active', '1', 'active')
            AND (nama_out LIKE :key OR ofcode_out LIKE :key)
            ORDER BY nama_out ASC
            LIMIT 20
2026-04-28 10:48:28 - getOutlet.php - Query berhasil, mengembalikan 4 record
2026-04-28 10:48:28 - getOutlet.php - === END REQUEST ===
2026-04-28 03:48:28 - getOutlet.php - === REQUEST GETOUTLET ===
2026-04-28 03:48:28 - getOutlet.php - Method: POST
2026-04-28 03:48:28 - getOutlet.php - POST data: {"tgl":"2026-04-28","encrypt":"41c7aa6da1665eab307362296dd568d0","id_apl":"APL01","key":"Rs hermina"}
2026-04-28 10:48:28 - getOutlet.php - Params - tgl: 2026-04-28, encrypt: 41c7aa6da1665eab307362296dd568d0, id_apl: APL01, key: Rs hermina
2026-04-28 10:48:28 - getOutlet.php - Aplikasi ditemukan: Ya
2026-04-28 10:48:28 - getOutlet.php - Key aplikasi: YbcJSFjkds...
2026-04-28 10:48:28 - getOutlet.php - Expected encrypt: 41c7aa6da1665eab307362296dd568d0
2026-04-28 10:48:28 - getOutlet.php - Received encrypt: 41c7aa6da1665eab307362296dd568d0
2026-04-28 10:48:28 - getOutlet.php - Authentication berhasil
2026-04-28 10:48:28 - getOutlet.php - Query: SELECT id_out, nama_out, '' AS alamat_out, ofcode_out
            FROM outlet 
            WHERE status_out IN ('Active', '1', 'active')
            AND (nama_out LIKE :key OR ofcode_out LIKE :key)
            ORDER BY nama_out ASC
            LIMIT 20
2026-04-28 10:48:28 - getOutlet.php - Query berhasil, mengembalikan 4 record
2026-04-28 10:48:28 - getOutlet.php - === END REQUEST ===
2026-04-28 03:48:29 - getOutlet.php - === REQUEST GETOUTLET ===
2026-04-28 03:48:29 - getOutlet.php - Method: POST
2026-04-28 03:48:29 - getOutlet.php - POST data: {"tgl":"2026-04-28","encrypt":"41c7aa6da1665eab307362296dd568d0","id_apl":"APL01","key":"Kopk"}
2026-04-28 10:48:29 - getOutlet.php - Params - tgl: 2026-04-28, encrypt: 41c7aa6da1665eab307362296dd568d0, id_apl: APL01, key: Kopk
2026-04-28 10:48:29 - getOutlet.php - Aplikasi ditemukan: Ya
2026-04-28 10:48:29 - getOutlet.php - Key aplikasi: YbcJSFjkds...
2026-04-28 10:48:29 - getOutlet.php - Expected encrypt: 41c7aa6da1665eab307362296dd568d0
2026-04-28 10:48:29 - getOutlet.php - Received encrypt: 41c7aa6da1665eab307362296dd568d0
2026-04-28 10:48:29 - getOutlet.php - Authentication berhasil
2026-04-28 10:48:29 - getOutlet.php - Query: SELECT id_out, nama_out, '' AS alamat_out, ofcode_out
            FROM outlet 
            WHERE status_out IN ('Active', '1', 'active')
            AND (nama_out LIKE :key OR ofcode_out LIKE :key)
            ORDER BY nama_out ASC
            LIMIT 20
2026-04-28 10:48:29 - getOutlet.php - Query berhasil, mengembalikan 1 record
2026-04-28 10:48:29 - getOutlet.php - === END REQUEST ===
2026-04-28 03:48:29 - getOutlet.php - === REQUEST GETOUTLET ===
2026-04-28 03:48:29 - getOutlet.php - Method: POST
2026-04-28 03:48:29 - getOutlet.php - POST data: {"tgl":"2026-04-28","encrypt":"41c7aa6da1665eab307362296dd568d0","id_apl":"APL01","key":"Kopka"}
2026-04-28 10:48:29 - getOutlet.php - Params - tgl: 2026-04-28, encrypt: 41c7aa6da1665eab307362296dd568d0, id_apl: APL01, key: Kopka
2026-04-28 10:48:29 - getOutlet.php - Aplikasi ditemukan: Ya
2026-04-28 10:48:29 - getOutlet.php - Key aplikasi: YbcJSFjkds...
2026-04-28 10:48:29 - getOutlet.php - Expected encrypt: 41c7aa6da1665eab307362296dd568d0
2026-04-28 10:48:29 - getOutlet.php - Received encrypt: 41c7aa6da1665eab307362296dd568d0
2026-04-28 10:48:29 - getOutlet.php - Authentication berhasil
2026-04-28 10:48:29 - getOutlet.php - Query: SELECT id_out, nama_out, '' AS alamat_out, ofcode_out
            FROM outlet 
            WHERE status_out IN ('Active', '1', 'active')
            AND (nama_out LIKE :key OR ofcode_out LIKE :key)
            ORDER BY nama_out ASC
            LIMIT 20
2026-04-28 10:48:29 - getOutlet.php - Query berhasil, mengembalikan 1 record
2026-04-28 10:48:29 - getOutlet.php - === END REQUEST ===
2026-04-28 03:48:29 - getOutlet.php - === REQUEST GETOUTLET ===
2026-04-28 03:48:29 - getOutlet.php - Method: POST
2026-04-28 03:48:29 - getOutlet.php - POST data: {"tgl":"2026-04-28","encrypt":"41c7aa6da1665eab307362296dd568d0","id_apl":"APL01","key":"Kopkar"}
2026-04-28 10:48:29 - getOutlet.php - Params - tgl: 2026-04-28, encrypt: 41c7aa6da1665eab307362296dd568d0, id_apl: APL01, key: Kopkar
2026-04-28 10:48:29 - getOutlet.php - Aplikasi ditemukan: Ya
2026-04-28 10:48:29 - getOutlet.php - Key aplikasi: YbcJSFjkds...
2026-04-28 10:48:29 - getOutlet.php - Expected encrypt: 41c7aa6da1665eab307362296dd568d0
2026-04-28 10:48:29 - getOutlet.php - Received encrypt: 41c7aa6da1665eab307362296dd568d0
2026-04-28 10:48:29 - getOutlet.php - Authentication berhasil
2026-04-28 10:48:29 - getOutlet.php - Query: SELECT id_out, nama_out, '' AS alamat_out, ofcode_out
            FROM outlet 
            WHERE status_out IN ('Active', '1', 'active')
            AND (nama_out LIKE :key OR ofcode_out LIKE :key)
            ORDER BY nama_out ASC
            LIMIT 20
2026-04-28 10:48:29 - getOutlet.php - Query berhasil, mengembalikan 1 record
2026-04-28 10:48:29 - getOutlet.php - === END REQUEST ===
2026-04-28 03:48:55 - getOutlet.php - === REQUEST GETOUTLET ===
2026-04-28 03:48:55 - getOutlet.php - Method: POST
2026-04-28 03:48:55 - getOutlet.php - POST data: {"tgl":"2026-04-28","encrypt":"41c7aa6da1665eab307362296dd568d0","id_apl":"APL01","key":"Apotek kopkar one"}
2026-04-28 10:48:55 - getOutlet.php - Params - tgl: 2026-04-28, encrypt: 41c7aa6da1665eab307362296dd568d0, id_apl: APL01, key: Apotek kopkar one
2026-04-28 03:48:56 - getOutlet.php - === REQUEST GETOUTLET ===
2026-04-28 03:48:56 - getOutlet.php - Method: POST
2026-04-28 03:48:56 - getOutlet.php - POST data: {"tgl":"2026-04-28","encrypt":"41c7aa6da1665eab307362296dd568d0","id_apl":"APL01","key":"Rs hermina"}
2026-04-28 10:48:56 - getOutlet.php - Params - tgl: 2026-04-28, encrypt: 41c7aa6da1665eab307362296dd568d0, id_apl: APL01, key: Rs hermina
2026-04-28 03:48:56 - getOutlet.php - === REQUEST GETOUTLET ===
2026-04-28 03:48:56 - getOutlet.php - Method: POST
2026-04-28 03:48:56 - getOutlet.php - POST data: {"tgl":"2026-04-28","encrypt":"41c7aa6da1665eab307362296dd568d0","id_apl":"APL01","key":"Rs hermina s"}
2026-04-28 10:48:56 - getOutlet.php - Params - tgl: 2026-04-28, encrypt: 41c7aa6da1665eab307362296dd568d0, id_apl: APL01, key: Rs hermina s
2026-04-28 03:48:56 - getOutlet.php - === REQUEST GETOUTLET ===
2026-04-28 03:48:56 - getOutlet.php - Method: POST
2026-04-28 03:48:56 - getOutlet.php - POST data: {"tgl":"2026-04-28","encrypt":"41c7aa6da1665eab307362296dd568d0","id_apl":"APL01","key":"Rs hermina serp"}
2026-04-28 10:48:56 - getOutlet.php - Params - tgl: 2026-04-28, encrypt: 41c7aa6da1665eab307362296dd568d0, id_apl: APL01, key: Rs hermina serp
2026-04-28 10:48:56 - getOutlet.php - Aplikasi ditemukan: Ya
2026-04-28 10:48:56 - getOutlet.php - Key aplikasi: YbcJSFjkds...
2026-04-28 10:48:56 - getOutlet.php - Expected encrypt: 41c7aa6da1665eab307362296dd568d0
2026-04-28 10:48:56 - getOutlet.php - Received encrypt: 41c7aa6da1665eab307362296dd568d0
2026-04-28 10:48:56 - getOutlet.php - Authentication berhasil
2026-04-28 10:48:56 - getOutlet.php - Query: SELECT id_out, nama_out, '' AS alamat_out, ofcode_out
            FROM outlet 
            WHERE status_out IN ('Active', '1', 'active')
            AND (nama_out LIKE :key OR ofcode_out LIKE :key)
            ORDER BY nama_out ASC
            LIMIT 20
2026-04-28 10:48:56 - getOutlet.php - Query berhasil, mengembalikan 1 record
2026-04-28 10:48:56 - getOutlet.php - === END REQUEST ===
2026-04-28 03:48:56 - getOutlet.php - === REQUEST GETOUTLET ===
2026-04-28 03:48:56 - getOutlet.php - === REQUEST GETOUTLET ===
2026-04-28 03:48:56 - getOutlet.php - === REQUEST GETOUTLET ===
2026-04-28 03:48:56 - getOutlet.php - Method: POST
2026-04-28 03:48:56 - getOutlet.php - Method: POST
2026-04-28 03:48:56 - getOutlet.php - Method: POST
2026-04-28 03:48:56 - getOutlet.php - POST data: {"tgl":"2026-04-28","encrypt":"41c7aa6da1665eab307362296dd568d0","id_apl":"APL01","key":"Rs hermina se"}
2026-04-28 03:48:56 - getOutlet.php - POST data: {"tgl":"2026-04-28","encrypt":"41c7aa6da1665eab307362296dd568d0","id_apl":"APL01","key":"Rs hermina"}
2026-04-28 03:48:56 - getOutlet.php - POST data: {"tgl":"2026-04-28","encrypt":"41c7aa6da1665eab307362296dd568d0","id_apl":"APL01","key":"Rs hermina ser"}
2026-04-28 10:48:56 - getOutlet.php - Params - tgl: 2026-04-28, encrypt: 41c7aa6da1665eab307362296dd568d0, id_apl: APL01, key: Rs hermina
2026-04-28 10:48:56 - getOutlet.php - Params - tgl: 2026-04-28, encrypt: 41c7aa6da1665eab307362296dd568d0, id_apl: APL01, key: Rs hermina se
2026-04-28 10:48:56 - getOutlet.php - Params - tgl: 2026-04-28, encrypt: 41c7aa6da1665eab307362296dd568d0, id_apl: APL01, key: Rs hermina ser
2026-04-28 10:48:56 - getOutlet.php - Aplikasi ditemukan: Ya
2026-04-28 10:48:56 - getOutlet.php - Key aplikasi: YbcJSFjkds...
2026-04-28 10:48:56 - getOutlet.php - Expected encrypt: 41c7aa6da1665eab307362296dd568d0
2026-04-28 10:48:56 - getOutlet.php - Received encrypt: 41c7aa6da1665eab307362296dd568d0
2026-04-28 10:48:56 - getOutlet.php - Authentication berhasil
2026-04-28 10:48:56 - getOutlet.php - Query: SELECT id_out, nama_out, '' AS alamat_out, ofcode_out
            FROM outlet 
            WHERE status_out IN ('Active', '1', 'active')
            AND (nama_out LIKE :key OR ofcode_out LIKE :key)
            ORDER BY nama_out ASC
            LIMIT 20
2026-04-28 10:48:56 - getOutlet.php - Query berhasil, mengembalikan 1 record
2026-04-28 10:48:56 - getOutlet.php - === END REQUEST ===
2026-04-28 10:48:56 - getOutlet.php - Aplikasi ditemukan: Ya
2026-04-28 10:48:56 - getOutlet.php - Key aplikasi: YbcJSFjkds...
2026-04-28 10:48:56 - getOutlet.php - Expected encrypt: 41c7aa6da1665eab307362296dd568d0
2026-04-28 10:48:56 - getOutlet.php - Aplikasi ditemukan: Ya
2026-04-28 10:48:56 - getOutlet.php - Received encrypt: 41c7aa6da1665eab307362296dd568d0
2026-04-28 10:48:56 - getOutlet.php - Key aplikasi: YbcJSFjkds...
2026-04-28 10:48:56 - getOutlet.php - Authentication berhasil
2026-04-28 10:48:56 - getOutlet.php - Expected encrypt: 41c7aa6da1665eab307362296dd568d0
2026-04-28 10:48:56 - getOutlet.php - Aplikasi ditemukan: Ya
2026-04-28 10:48:56 - getOutlet.php - Received encrypt: 41c7aa6da1665eab307362296dd568d0
2026-04-28 10:48:56 - getOutlet.php - Key aplikasi: YbcJSFjkds...
2026-04-28 10:48:56 - getOutlet.php - Authentication berhasil
2026-04-28 10:48:56 - getOutlet.php - Expected encrypt: 41c7aa6da1665eab307362296dd568d0
2026-04-28 10:48:56 - getOutlet.php - Received encrypt: 41c7aa6da1665eab307362296dd568d0
2026-04-28 10:48:56 - getOutlet.php - Authentication berhasil
2026-04-28 10:48:56 - getOutlet.php - Aplikasi ditemukan: Ya
2026-04-28 10:48:56 - getOutlet.php - Key aplikasi: YbcJSFjkds...
2026-04-28 10:48:56 - getOutlet.php - Expected encrypt: 41c7aa6da1665eab307362296dd568d0
2026-04-28 10:48:56 - getOutlet.php - Received encrypt: 41c7aa6da1665eab307362296dd568d0
2026-04-28 10:48:56 - getOutlet.php - Authentication berhasil
2026-04-28 10:48:56 - getOutlet.php - Query: SELECT id_out, nama_out, '' AS alamat_out, ofcode_out
            FROM outlet 
            WHERE status_out IN ('Active', '1', 'active')
            AND (nama_out LIKE :key OR ofcode_out LIKE :key)
            ORDER BY nama_out ASC
            LIMIT 20
2026-04-28 10:48:56 - getOutlet.php - Query: SELECT id_out, nama_out, '' AS alamat_out, ofcode_out
            FROM outlet 
            WHERE status_out IN ('Active', '1', 'active')
            AND (nama_out LIKE :key OR ofcode_out LIKE :key)
            ORDER BY nama_out ASC
            LIMIT 20
2026-04-28 10:48:56 - getOutlet.php - Query berhasil, mengembalikan 1 record
2026-04-28 10:48:56 - getOutlet.php - === END REQUEST ===
2026-04-28 10:48:56 - getOutlet.php - Query berhasil, mengembalikan 4 record
2026-04-28 10:48:56 - getOutlet.php - === END REQUEST ===
2026-04-28 10:48:56 - getOutlet.php - Aplikasi ditemukan: Ya
2026-04-28 10:48:56 - getOutlet.php - Key aplikasi: YbcJSFjkds...
2026-04-28 10:48:56 - getOutlet.php - Expected encrypt: 41c7aa6da1665eab307362296dd568d0
2026-04-28 10:48:56 - getOutlet.php - Received encrypt: 41c7aa6da1665eab307362296dd568d0
2026-04-28 10:48:56 - getOutlet.php - Authentication berhasil
2026-04-28 10:48:56 - getOutlet.php - Query: SELECT id_out, nama_out, '' AS alamat_out, ofcode_out
            FROM outlet 
            WHERE status_out IN ('Active', '1', 'active')
            AND (nama_out LIKE :key OR ofcode_out LIKE :key)
            ORDER BY nama_out ASC
            LIMIT 20
2026-04-28 10:48:56 - getOutlet.php - Query berhasil, mengembalikan 1 record
2026-04-28 10:48:56 - getOutlet.php - === END REQUEST ===
2026-04-28 10:48:56 - getOutlet.php - Query: SELECT id_out, nama_out, '' AS alamat_out, ofcode_out
            FROM outlet 
            WHERE status_out IN ('Active', '1', 'active')
            AND (nama_out LIKE :key OR ofcode_out LIKE :key)
            ORDER BY nama_out ASC
            LIMIT 20
2026-04-28 10:48:56 - getOutlet.php - Query: SELECT id_out, nama_out, '' AS alamat_out, ofcode_out
            FROM outlet 
            WHERE status_out IN ('Active', '1', 'active')
            AND (nama_out LIKE :key OR ofcode_out LIKE :key)
            ORDER BY nama_out ASC
            LIMIT 20
2026-04-28 10:48:56 - getOutlet.php - Query berhasil, mengembalikan 4 record
2026-04-28 10:48:56 - getOutlet.php - Query berhasil, mengembalikan 1 record
2026-04-28 10:48:56 - getOutlet.php - === END REQUEST ===
2026-04-28 10:48:56 - getOutlet.php - === END REQUEST ===
2026-04-28 03:48:59 - getOutlet.php - === REQUEST GETOUTLET ===
2026-04-28 03:48:59 - getOutlet.php - Method: POST
2026-04-28 03:48:59 - getOutlet.php - POST data: {"tgl":"2026-04-28","encrypt":"41c7aa6da1665eab307362296dd568d0","id_apl":"APL01","key":"RS HERMINA SERPONG"}
2026-04-28 10:48:59 - getOutlet.php - Params - tgl: 2026-04-28, encrypt: 41c7aa6da1665eab307362296dd568d0, id_apl: APL01, key: RS HERMINA SERPONG
2026-04-28 10:48:59 - getOutlet.php - Aplikasi ditemukan: Ya
2026-04-28 10:48:59 - getOutlet.php - Key aplikasi: YbcJSFjkds...
2026-04-28 10:48:59 - getOutlet.php - Expected encrypt: 41c7aa6da1665eab307362296dd568d0
2026-04-28 10:48:59 - getOutlet.php - Received encrypt: 41c7aa6da1665eab307362296dd568d0
2026-04-28 10:48:59 - getOutlet.php - Authentication berhasil
2026-04-28 10:48:59 - getOutlet.php - Query: SELECT id_out, nama_out, '' AS alamat_out, ofcode_out
            FROM outlet 
            WHERE status_out IN ('Active', '1', 'active')
            AND (nama_out LIKE :key OR ofcode_out LIKE :key)
            ORDER BY nama_out ASC
            LIMIT 20
2026-04-28 10:48:59 - getOutlet.php - Query berhasil, mengembalikan 1 record
2026-04-28 10:48:59 - getOutlet.php - === END REQUEST ===
2026-04-28 03:49:44 - getOutlet.php - === REQUEST GETOUTLET ===
2026-04-28 03:49:44 - getOutlet.php - Method: POST
2026-04-28 03:49:44 - getOutlet.php - POST data: {"tgl":"2026-04-28","encrypt":"41c7aa6da1665eab307362296dd568d0","id_apl":"APL01","key":"RS HERMINA SERPON"}
2026-04-28 10:49:44 - getOutlet.php - Params - tgl: 2026-04-28, encrypt: 41c7aa6da1665eab307362296dd568d0, id_apl: APL01, key: RS HERMINA SERPON
2026-04-28 10:49:44 - getOutlet.php - Aplikasi ditemukan: Ya
2026-04-28 10:49:44 - getOutlet.php - Key aplikasi: YbcJSFjkds...
2026-04-28 10:49:44 - getOutlet.php - Expected encrypt: 41c7aa6da1665eab307362296dd568d0
2026-04-28 10:49:44 - getOutlet.php - Received encrypt: 41c7aa6da1665eab307362296dd568d0
2026-04-28 10:49:44 - getOutlet.php - Authentication berhasil
2026-04-28 10:49:44 - getOutlet.php - Query: SELECT id_out, nama_out, '' AS alamat_out, ofcode_out
            FROM outlet 
            WHERE status_out IN ('Active', '1', 'active')
            AND (nama_out LIKE :key OR ofcode_out LIKE :key)
            ORDER BY nama_out ASC
            LIMIT 20
2026-04-28 10:49:44 - getOutlet.php - Query berhasil, mengembalikan 1 record
2026-04-28 10:49:44 - getOutlet.php - === END REQUEST ===
2026-04-28 03:49:44 - getOutlet.php - === REQUEST GETOUTLET ===
2026-04-28 03:49:44 - getOutlet.php - Method: POST
2026-04-28 03:49:44 - getOutlet.php - POST data: {"tgl":"2026-04-28","encrypt":"41c7aa6da1665eab307362296dd568d0","id_apl":"APL01","key":"RS HERMINA SERPO"}
2026-04-28 10:49:44 - getOutlet.php - Params - tgl: 2026-04-28, encrypt: 41c7aa6da1665eab307362296dd568d0, id_apl: APL01, key: RS HERMINA SERPO
2026-04-28 10:49:44 - getOutlet.php - Aplikasi ditemukan: Ya
2026-04-28 10:49:44 - getOutlet.php - Key aplikasi: YbcJSFjkds...
2026-04-28 10:49:44 - getOutlet.php - Expected encrypt: 41c7aa6da1665eab307362296dd568d0
2026-04-28 10:49:44 - getOutlet.php - Received encrypt: 41c7aa6da1665eab307362296dd568d0
2026-04-28 10:49:44 - getOutlet.php - Authentication berhasil
2026-04-28 10:49:44 - getOutlet.php - Query: SELECT id_out, nama_out, '' AS alamat_out, ofcode_out
            FROM outlet 
            WHERE status_out IN ('Active', '1', 'active')
            AND (nama_out LIKE :key OR ofcode_out LIKE :key)
            ORDER BY nama_out ASC
            LIMIT 20
2026-04-28 10:49:44 - getOutlet.php - Query berhasil, mengembalikan 1 record
2026-04-28 10:49:44 - getOutlet.php - === END REQUEST ===
2026-04-28 03:49:44 - getOutlet.php - === REQUEST GETOUTLET ===
2026-04-28 03:49:44 - getOutlet.php - Method: POST
2026-04-28 03:49:44 - getOutlet.php - POST data: {"tgl":"2026-04-28","encrypt":"41c7aa6da1665eab307362296dd568d0","id_apl":"APL01","key":"RS HERMINA SERP"}
2026-04-28 10:49:44 - getOutlet.php - Params - tgl: 2026-04-28, encrypt: 41c7aa6da1665eab307362296dd568d0, id_apl: APL01, key: RS HERMINA SERP
2026-04-28 10:49:44 - getOutlet.php - Aplikasi ditemukan: Ya
2026-04-28 10:49:44 - getOutlet.php - Key aplikasi: YbcJSFjkds...
2026-04-28 10:49:44 - getOutlet.php - Expected encrypt: 41c7aa6da1665eab307362296dd568d0
2026-04-28 10:49:44 - getOutlet.php - Received encrypt: 41c7aa6da1665eab307362296dd568d0
2026-04-28 10:49:44 - getOutlet.php - Authentication berhasil
2026-04-28 10:49:44 - getOutlet.php - Query: SELECT id_out, nama_out, '' AS alamat_out, ofcode_out
            FROM outlet 
            WHERE status_out IN ('Active', '1', 'active')
            AND (nama_out LIKE :key OR ofcode_out LIKE :key)
            ORDER BY nama_out ASC
            LIMIT 20
2026-04-28 10:49:44 - getOutlet.php - Query berhasil, mengembalikan 1 record
2026-04-28 10:49:44 - getOutlet.php - === END REQUEST ===
2026-04-28 03:49:44 - getOutlet.php - === REQUEST GETOUTLET ===
2026-04-28 03:49:44 - getOutlet.php - Method: POST
2026-04-28 03:49:44 - getOutlet.php - POST data: {"tgl":"2026-04-28","encrypt":"41c7aa6da1665eab307362296dd568d0","id_apl":"APL01","key":"RS HERMINA SER"}
2026-04-28 10:49:44 - getOutlet.php - Params - tgl: 2026-04-28, encrypt: 41c7aa6da1665eab307362296dd568d0, id_apl: APL01, key: RS HERMINA SER
2026-04-28 10:49:44 - getOutlet.php - Aplikasi ditemukan: Ya
2026-04-28 10:49:44 - getOutlet.php - Key aplikasi: YbcJSFjkds...
2026-04-28 10:49:44 - getOutlet.php - Expected encrypt: 41c7aa6da1665eab307362296dd568d0
2026-04-28 10:49:44 - getOutlet.php - Received encrypt: 41c7aa6da1665eab307362296dd568d0
2026-04-28 10:49:44 - getOutlet.php - Authentication berhasil
2026-04-28 10:49:44 - getOutlet.php - Query: SELECT id_out, nama_out, '' AS alamat_out, ofcode_out
            FROM outlet 
            WHERE status_out IN ('Active', '1', 'active')
            AND (nama_out LIKE :key OR ofcode_out LIKE :key)
            ORDER BY nama_out ASC
            LIMIT 20
2026-04-28 10:49:44 - getOutlet.php - Query berhasil, mengembalikan 1 record
2026-04-28 10:49:44 - getOutlet.php - === END REQUEST ===
2026-04-28 03:49:44 - getOutlet.php - === REQUEST GETOUTLET ===
2026-04-28 03:49:44 - getOutlet.php - Method: POST
2026-04-28 03:49:44 - getOutlet.php - POST data: {"tgl":"2026-04-28","encrypt":"41c7aa6da1665eab307362296dd568d0","id_apl":"APL01","key":"RS HERMINA SE"}
2026-04-28 10:49:44 - getOutlet.php - Params - tgl: 2026-04-28, encrypt: 41c7aa6da1665eab307362296dd568d0, id_apl: APL01, key: RS HERMINA SE
2026-04-28 10:49:44 - getOutlet.php - Aplikasi ditemukan: Ya
2026-04-28 10:49:44 - getOutlet.php - Key aplikasi: YbcJSFjkds...
2026-04-28 10:49:44 - getOutlet.php - Expected encrypt: 41c7aa6da1665eab307362296dd568d0
2026-04-28 10:49:44 - getOutlet.php - Received encrypt: 41c7aa6da1665eab307362296dd568d0
2026-04-28 10:49:44 - getOutlet.php - Authentication berhasil
2026-04-28 10:49:44 - getOutlet.php - Query: SELECT id_out, nama_out, '' AS alamat_out, ofcode_out
            FROM outlet 
            WHERE status_out IN ('Active', '1', 'active')
            AND (nama_out LIKE :key OR ofcode_out LIKE :key)
            ORDER BY nama_out ASC
            LIMIT 20
2026-04-28 10:49:44 - getOutlet.php - Query berhasil, mengembalikan 1 record
2026-04-28 10:49:44 - getOutlet.php - === END REQUEST ===
2026-04-28 03:49:44 - getOutlet.php - === REQUEST GETOUTLET ===
2026-04-28 03:49:44 - getOutlet.php - Method: POST
2026-04-28 03:49:44 - getOutlet.php - POST data: {"tgl":"2026-04-28","encrypt":"41c7aa6da1665eab307362296dd568d0","id_apl":"APL01","key":"RS HERMINA S"}
2026-04-28 10:49:44 - getOutlet.php - Params - tgl: 2026-04-28, encrypt: 41c7aa6da1665eab307362296dd568d0, id_apl: APL01, key: RS HERMINA S
2026-04-28 10:49:44 - getOutlet.php - Aplikasi ditemukan: Ya
2026-04-28 10:49:44 - getOutlet.php - Key aplikasi: YbcJSFjkds...
2026-04-28 10:49:44 - getOutlet.php - Expected encrypt: 41c7aa6da1665eab307362296dd568d0
2026-04-28 10:49:44 - getOutlet.php - Received encrypt: 41c7aa6da1665eab307362296dd568d0
2026-04-28 10:49:44 - getOutlet.php - Authentication berhasil
2026-04-28 10:49:44 - getOutlet.php - Query: SELECT id_out, nama_out, '' AS alamat_out, ofcode_out
            FROM outlet 
            WHERE status_out IN ('Active', '1', 'active')
            AND (nama_out LIKE :key OR ofcode_out LIKE :key)
            ORDER BY nama_out ASC
            LIMIT 20
2026-04-28 10:49:44 - getOutlet.php - Query berhasil, mengembalikan 1 record
2026-04-28 10:49:44 - getOutlet.php - === END REQUEST ===
2026-04-28 03:49:45 - getOutlet.php - === REQUEST GETOUTLET ===
2026-04-28 03:49:45 - getOutlet.php - Method: POST
2026-04-28 03:49:45 - getOutlet.php - POST data: {"tgl":"2026-04-28","encrypt":"41c7aa6da1665eab307362296dd568d0","id_apl":"APL01","key":"RS HERMINA"}
2026-04-28 10:49:45 - getOutlet.php - Params - tgl: 2026-04-28, encrypt: 41c7aa6da1665eab307362296dd568d0, id_apl: APL01, key: RS HERMINA
2026-04-28 10:49:45 - getOutlet.php - Aplikasi ditemukan: Ya
2026-04-28 10:49:45 - getOutlet.php - Key aplikasi: YbcJSFjkds...
2026-04-28 10:49:45 - getOutlet.php - Expected encrypt: 41c7aa6da1665eab307362296dd568d0
2026-04-28 10:49:45 - getOutlet.php - Received encrypt: 41c7aa6da1665eab307362296dd568d0
2026-04-28 10:49:45 - getOutlet.php - Authentication berhasil
2026-04-28 10:49:45 - getOutlet.php - Query: SELECT id_out, nama_out, '' AS alamat_out, ofcode_out
            FROM outlet 
            WHERE status_out IN ('Active', '1', 'active')
            AND (nama_out LIKE :key OR ofcode_out LIKE :key)
            ORDER BY nama_out ASC
            LIMIT 20
2026-04-28 10:49:45 - getOutlet.php - Query berhasil, mengembalikan 4 record
2026-04-28 10:49:45 - getOutlet.php - === END REQUEST ===
2026-04-28 03:49:45 - getOutlet.php - === REQUEST GETOUTLET ===
2026-04-28 03:49:45 - getOutlet.php - Method: POST
2026-04-28 03:49:45 - getOutlet.php - POST data: {"tgl":"2026-04-28","encrypt":"41c7aa6da1665eab307362296dd568d0","id_apl":"APL01","key":"RS HERMINA"}
2026-04-28 10:49:45 - getOutlet.php - Params - tgl: 2026-04-28, encrypt: 41c7aa6da1665eab307362296dd568d0, id_apl: APL01, key: RS HERMINA
2026-04-28 10:49:45 - getOutlet.php - Aplikasi ditemukan: Ya
2026-04-28 10:49:45 - getOutlet.php - Key aplikasi: YbcJSFjkds...
2026-04-28 10:49:45 - getOutlet.php - Expected encrypt: 41c7aa6da1665eab307362296dd568d0
2026-04-28 10:49:45 - getOutlet.php - Received encrypt: 41c7aa6da1665eab307362296dd568d0
2026-04-28 10:49:45 - getOutlet.php - Authentication berhasil
2026-04-28 10:49:45 - getOutlet.php - Query: SELECT id_out, nama_out, '' AS alamat_out, ofcode_out
            FROM outlet 
            WHERE status_out IN ('Active', '1', 'active')
            AND (nama_out LIKE :key OR ofcode_out LIKE :key)
            ORDER BY nama_out ASC
            LIMIT 20
2026-04-28 10:49:45 - getOutlet.php - Query berhasil, mengembalikan 4 record
2026-04-28 03:49:45 - getOutlet.php - === REQUEST GETOUTLET ===
2026-04-28 10:49:45 - getOutlet.php - === END REQUEST ===
2026-04-28 03:49:45 - getOutlet.php - Method: POST
2026-04-28 03:49:45 - getOutlet.php - POST data: {"tgl":"2026-04-28","encrypt":"41c7aa6da1665eab307362296dd568d0","id_apl":"APL01","key":"RS HERMIN"}
2026-04-28 10:49:45 - getOutlet.php - Params - tgl: 2026-04-28, encrypt: 41c7aa6da1665eab307362296dd568d0, id_apl: APL01, key: RS HERMIN
2026-04-28 10:49:45 - getOutlet.php - Aplikasi ditemukan: Ya
2026-04-28 10:49:45 - getOutlet.php - Key aplikasi: YbcJSFjkds...
2026-04-28 10:49:45 - getOutlet.php - Expected encrypt: 41c7aa6da1665eab307362296dd568d0
2026-04-28 10:49:45 - getOutlet.php - Received encrypt: 41c7aa6da1665eab307362296dd568d0
2026-04-28 10:49:45 - getOutlet.php - Authentication berhasil
2026-04-28 10:49:45 - getOutlet.php - Query: SELECT id_out, nama_out, '' AS alamat_out, ofcode_out
            FROM outlet 
            WHERE status_out IN ('Active', '1', 'active')
            AND (nama_out LIKE :key OR ofcode_out LIKE :key)
            ORDER BY nama_out ASC
            LIMIT 20
2026-04-28 10:49:45 - getOutlet.php - Query berhasil, mengembalikan 4 record
2026-04-28 10:49:45 - getOutlet.php - === END REQUEST ===
2026-04-28 03:49:45 - getOutlet.php - === REQUEST GETOUTLET ===
2026-04-28 03:49:45 - getOutlet.php - Method: POST
2026-04-28 03:49:45 - getOutlet.php - POST data: {"tgl":"2026-04-28","encrypt":"41c7aa6da1665eab307362296dd568d0","id_apl":"APL01","key":"RS HERMI"}
2026-04-28 10:49:45 - getOutlet.php - Params - tgl: 2026-04-28, encrypt: 41c7aa6da1665eab307362296dd568d0, id_apl: APL01, key: RS HERMI
2026-04-28 10:49:45 - getOutlet.php - Aplikasi ditemukan: Ya
2026-04-28 10:49:45 - getOutlet.php - Key aplikasi: YbcJSFjkds...
2026-04-28 10:49:45 - getOutlet.php - Expected encrypt: 41c7aa6da1665eab307362296dd568d0
2026-04-28 10:49:45 - getOutlet.php - Received encrypt: 41c7aa6da1665eab307362296dd568d0
2026-04-28 10:49:45 - getOutlet.php - Authentication berhasil
2026-04-28 10:49:45 - getOutlet.php - Query: SELECT id_out, nama_out, '' AS alamat_out, ofcode_out
            FROM outlet 
            WHERE status_out IN ('Active', '1', 'active')
            AND (nama_out LIKE :key OR ofcode_out LIKE :key)
            ORDER BY nama_out ASC
            LIMIT 20
2026-04-28 10:49:45 - getOutlet.php - Query berhasil, mengembalikan 4 record
2026-04-28 10:49:45 - getOutlet.php - === END REQUEST ===
2026-04-28 03:49:45 - getOutlet.php - === REQUEST GETOUTLET ===
2026-04-28 03:49:45 - getOutlet.php - Method: POST
2026-04-28 03:49:45 - getOutlet.php - POST data: {"tgl":"2026-04-28","encrypt":"41c7aa6da1665eab307362296dd568d0","id_apl":"APL01","key":"RS HERM"}
2026-04-28 10:49:45 - getOutlet.php - Params - tgl: 2026-04-28, encrypt: 41c7aa6da1665eab307362296dd568d0, id_apl: APL01, key: RS HERM
2026-04-28 10:49:45 - getOutlet.php - Aplikasi ditemukan: Ya
2026-04-28 10:49:45 - getOutlet.php - Key aplikasi: YbcJSFjkds...
2026-04-28 10:49:45 - getOutlet.php - Expected encrypt: 41c7aa6da1665eab307362296dd568d0
2026-04-28 10:49:45 - getOutlet.php - Received encrypt: 41c7aa6da1665eab307362296dd568d0
2026-04-28 10:49:45 - getOutlet.php - Authentication berhasil
2026-04-28 10:49:45 - getOutlet.php - Query: SELECT id_out, nama_out, '' AS alamat_out, ofcode_out
            FROM outlet 
            WHERE status_out IN ('Active', '1', 'active')
            AND (nama_out LIKE :key OR ofcode_out LIKE :key)
            ORDER BY nama_out ASC
            LIMIT 20
2026-04-28 10:49:45 - getOutlet.php - Query berhasil, mengembalikan 4 record
2026-04-28 10:49:45 - getOutlet.php - === END REQUEST ===
2026-04-28 03:49:45 - getOutlet.php - === REQUEST GETOUTLET ===
2026-04-28 03:49:45 - getOutlet.php - Method: POST
2026-04-28 03:49:45 - getOutlet.php - POST data: {"tgl":"2026-04-28","encrypt":"41c7aa6da1665eab307362296dd568d0","id_apl":"APL01","key":"RS HER"}
2026-04-28 10:49:45 - getOutlet.php - Params - tgl: 2026-04-28, encrypt: 41c7aa6da1665eab307362296dd568d0, id_apl: APL01, key: RS HER
2026-04-28 10:49:45 - getOutlet.php - Aplikasi ditemukan: Ya
2026-04-28 10:49:45 - getOutlet.php - Key aplikasi: YbcJSFjkds...
2026-04-28 10:49:45 - getOutlet.php - Expected encrypt: 41c7aa6da1665eab307362296dd568d0
2026-04-28 10:49:45 - getOutlet.php - Received encrypt: 41c7aa6da1665eab307362296dd568d0
2026-04-28 10:49:45 - getOutlet.php - Authentication berhasil
2026-04-28 10:49:45 - getOutlet.php - Query: SELECT id_out, nama_out, '' AS alamat_out, ofcode_out
            FROM outlet 
            WHERE status_out IN ('Active', '1', 'active')
            AND (nama_out LIKE :key OR ofcode_out LIKE :key)
            ORDER BY nama_out ASC
            LIMIT 20
2026-04-28 10:49:45 - getOutlet.php - Query berhasil, mengembalikan 4 record
2026-04-28 10:49:45 - getOutlet.php - === END REQUEST ===
2026-04-28 03:49:45 - getOutlet.php - === REQUEST GETOUTLET ===
2026-04-28 03:49:45 - getOutlet.php - Method: POST
2026-04-28 03:49:45 - getOutlet.php - POST data: {"tgl":"2026-04-28","encrypt":"41c7aa6da1665eab307362296dd568d0","id_apl":"APL01","key":"RS HE"}
2026-04-28 10:49:45 - getOutlet.php - Params - tgl: 2026-04-28, encrypt: 41c7aa6da1665eab307362296dd568d0, id_apl: APL01, key: RS HE
2026-04-28 10:49:45 - getOutlet.php - Aplikasi ditemukan: Ya
2026-04-28 10:49:45 - getOutlet.php - Key aplikasi: YbcJSFjkds...
2026-04-28 10:49:45 - getOutlet.php - Expected encrypt: 41c7aa6da1665eab307362296dd568d0
2026-04-28 10:49:45 - getOutlet.php - Received encrypt: 41c7aa6da1665eab307362296dd568d0
2026-04-28 10:49:45 - getOutlet.php - Authentication berhasil
2026-04-28 10:49:45 - getOutlet.php - Query: SELECT id_out, nama_out, '' AS alamat_out, ofcode_out
            FROM outlet 
            WHERE status_out IN ('Active', '1', 'active')
            AND (nama_out LIKE :key OR ofcode_out LIKE :key)
            ORDER BY nama_out ASC
            LIMIT 20
2026-04-28 10:49:45 - getOutlet.php - Query berhasil, mengembalikan 4 record
2026-04-28 10:49:45 - getOutlet.php - === END REQUEST ===
2026-04-28 03:49:45 - getOutlet.php - === REQUEST GETOUTLET ===
2026-04-28 03:49:45 - getOutlet.php - Method: POST
2026-04-28 03:49:45 - getOutlet.php - POST data: {"tgl":"2026-04-28","encrypt":"41c7aa6da1665eab307362296dd568d0","id_apl":"APL01","key":"RS"}
2026-04-28 10:49:45 - getOutlet.php - Params - tgl: 2026-04-28, encrypt: 41c7aa6da1665eab307362296dd568d0, id_apl: APL01, key: RS
2026-04-28 10:49:45 - getOutlet.php - Aplikasi ditemukan: Ya
2026-04-28 10:49:45 - getOutlet.php - Key aplikasi: YbcJSFjkds...
2026-04-28 10:49:45 - getOutlet.php - Expected encrypt: 41c7aa6da1665eab307362296dd568d0
2026-04-28 10:49:45 - getOutlet.php - Received encrypt: 41c7aa6da1665eab307362296dd568d0
2026-04-28 10:49:45 - getOutlet.php - Authentication berhasil
2026-04-28 10:49:45 - getOutlet.php - Query: SELECT id_out, nama_out, '' AS alamat_out, ofcode_out
            FROM outlet 
            WHERE status_out IN ('Active', '1', 'active')
            AND (nama_out LIKE :key OR ofcode_out LIKE :key)
            ORDER BY nama_out ASC
            LIMIT 20
2026-04-28 10:49:45 - getOutlet.php - Query berhasil, mengembalikan 20 record
2026-04-28 10:49:45 - getOutlet.php - === END REQUEST ===
2026-04-28 03:49:45 - getOutlet.php - === REQUEST GETOUTLET ===
2026-04-28 03:49:45 - getOutlet.php - Method: POST
2026-04-28 03:49:45 - getOutlet.php - POST data: {"tgl":"2026-04-28","encrypt":"41c7aa6da1665eab307362296dd568d0","id_apl":"APL01","key":"RS H"}
2026-04-28 10:49:45 - getOutlet.php - Params - tgl: 2026-04-28, encrypt: 41c7aa6da1665eab307362296dd568d0, id_apl: APL01, key: RS H
2026-04-28 10:49:45 - getOutlet.php - Aplikasi ditemukan: Ya
2026-04-28 10:49:45 - getOutlet.php - Key aplikasi: YbcJSFjkds...
2026-04-28 10:49:45 - getOutlet.php - Expected encrypt: 41c7aa6da1665eab307362296dd568d0
2026-04-28 10:49:45 - getOutlet.php - Received encrypt: 41c7aa6da1665eab307362296dd568d0
2026-04-28 10:49:45 - getOutlet.php - Authentication berhasil
2026-04-28 10:49:45 - getOutlet.php - Query: SELECT id_out, nama_out, '' AS alamat_out, ofcode_out
            FROM outlet 
            WHERE status_out IN ('Active', '1', 'active')
            AND (nama_out LIKE :key OR ofcode_out LIKE :key)
            ORDER BY nama_out ASC
            LIMIT 20
2026-04-28 10:49:45 - getOutlet.php - Query berhasil, mengembalikan 15 record
2026-04-28 10:49:45 - getOutlet.php - === END REQUEST ===
2026-04-28 03:49:45 - getOutlet.php - === REQUEST GETOUTLET ===
2026-04-28 03:49:45 - getOutlet.php - Method: POST
2026-04-28 03:49:45 - getOutlet.php - POST data: {"tgl":"2026-04-28","encrypt":"41c7aa6da1665eab307362296dd568d0","id_apl":"APL01","key":"RS"}
2026-04-28 10:49:45 - getOutlet.php - Params - tgl: 2026-04-28, encrypt: 41c7aa6da1665eab307362296dd568d0, id_apl: APL01, key: RS
2026-04-28 10:49:45 - getOutlet.php - Aplikasi ditemukan: Ya
2026-04-28 10:49:45 - getOutlet.php - Key aplikasi: YbcJSFjkds...
2026-04-28 10:49:45 - getOutlet.php - Expected encrypt: 41c7aa6da1665eab307362296dd568d0
2026-04-28 10:49:45 - getOutlet.php - Received encrypt: 41c7aa6da1665eab307362296dd568d0
2026-04-28 10:49:45 - getOutlet.php - Authentication berhasil
2026-04-28 10:49:45 - getOutlet.php - Query: SELECT id_out, nama_out, '' AS alamat_out, ofcode_out
            FROM outlet 
            WHERE status_out IN ('Active', '1', 'active')
            AND (nama_out LIKE :key OR ofcode_out LIKE :key)
            ORDER BY nama_out ASC
            LIMIT 20
2026-04-28 10:49:45 - getOutlet.php - Query berhasil, mengembalikan 20 record
2026-04-28 10:49:45 - getOutlet.php - === END REQUEST ===
2026-04-28 03:49:46 - getOutlet.php - === REQUEST GETOUTLET ===
2026-04-28 03:49:46 - getOutlet.php - Method: POST
2026-04-28 03:49:46 - getOutlet.php - POST data: {"tgl":"2026-04-28","encrypt":"41c7aa6da1665eab307362296dd568d0","id_apl":"APL01","key":"Mi"}
2026-04-28 10:49:46 - getOutlet.php - Params - tgl: 2026-04-28, encrypt: 41c7aa6da1665eab307362296dd568d0, id_apl: APL01, key: Mi
2026-04-28 10:49:46 - getOutlet.php - Aplikasi ditemukan: Ya
2026-04-28 10:49:46 - getOutlet.php - Key aplikasi: YbcJSFjkds...
2026-04-28 10:49:46 - getOutlet.php - Expected encrypt: 41c7aa6da1665eab307362296dd568d0
2026-04-28 10:49:46 - getOutlet.php - Received encrypt: 41c7aa6da1665eab307362296dd568d0
2026-04-28 10:49:46 - getOutlet.php - Authentication berhasil
2026-04-28 10:49:46 - getOutlet.php - Query: SELECT id_out, nama_out, '' AS alamat_out, ofcode_out
            FROM outlet 
            WHERE status_out IN ('Active', '1', 'active')
            AND (nama_out LIKE :key OR ofcode_out LIKE :key)
            ORDER BY nama_out ASC
            LIMIT 20
2026-04-28 10:49:46 - getOutlet.php - Query berhasil, mengembalikan 20 record
2026-04-28 10:49:46 - getOutlet.php - === END REQUEST ===
2026-04-28 03:49:46 - getOutlet.php - === REQUEST GETOUTLET ===
2026-04-28 03:49:46 - getOutlet.php - Method: POST
2026-04-28 03:49:46 - getOutlet.php - POST data: {"tgl":"2026-04-28","encrypt":"41c7aa6da1665eab307362296dd568d0","id_apl":"APL01","key":"Mit"}
2026-04-28 10:49:46 - getOutlet.php - Params - tgl: 2026-04-28, encrypt: 41c7aa6da1665eab307362296dd568d0, id_apl: APL01, key: Mit
2026-04-28 10:49:46 - getOutlet.php - Aplikasi ditemukan: Ya
2026-04-28 10:49:46 - getOutlet.php - Key aplikasi: YbcJSFjkds...
2026-04-28 10:49:46 - getOutlet.php - Expected encrypt: 41c7aa6da1665eab307362296dd568d0
2026-04-28 10:49:46 - getOutlet.php - Received encrypt: 41c7aa6da1665eab307362296dd568d0
2026-04-28 10:49:46 - getOutlet.php - Authentication berhasil
2026-04-28 10:49:46 - getOutlet.php - Query: SELECT id_out, nama_out, '' AS alamat_out, ofcode_out
            FROM outlet 
            WHERE status_out IN ('Active', '1', 'active')
            AND (nama_out LIKE :key OR ofcode_out LIKE :key)
            ORDER BY nama_out ASC
            LIMIT 20
2026-04-28 10:49:46 - getOutlet.php - Query berhasil, mengembalikan 20 record
2026-04-28 10:49:46 - getOutlet.php - === END REQUEST ===
2026-04-28 03:49:46 - getOutlet.php - === REQUEST GETOUTLET ===
2026-04-28 03:49:46 - getOutlet.php - Method: POST
2026-04-28 03:49:46 - getOutlet.php - POST data: {"tgl":"2026-04-28","encrypt":"41c7aa6da1665eab307362296dd568d0","id_apl":"APL01","key":"Mitr"}
2026-04-28 10:49:46 - getOutlet.php - Params - tgl: 2026-04-28, encrypt: 41c7aa6da1665eab307362296dd568d0, id_apl: APL01, key: Mitr
2026-04-28 10:49:46 - getOutlet.php - Aplikasi ditemukan: Ya
2026-04-28 10:49:46 - getOutlet.php - Key aplikasi: YbcJSFjkds...
2026-04-28 10:49:46 - getOutlet.php - Expected encrypt: 41c7aa6da1665eab307362296dd568d0
2026-04-28 10:49:46 - getOutlet.php - Received encrypt: 41c7aa6da1665eab307362296dd568d0
2026-04-28 10:49:46 - getOutlet.php - Authentication berhasil
2026-04-28 10:49:46 - getOutlet.php - Query: SELECT id_out, nama_out, '' AS alamat_out, ofcode_out
            FROM outlet 
            WHERE status_out IN ('Active', '1', 'active')
            AND (nama_out LIKE :key OR ofcode_out LIKE :key)
            ORDER BY nama_out ASC
            LIMIT 20
2026-04-28 10:49:46 - getOutlet.php - Query berhasil, mengembalikan 20 record
2026-04-28 10:49:46 - getOutlet.php - === END REQUEST ===
2026-04-28 03:49:47 - getOutlet.php - === REQUEST GETOUTLET ===
2026-04-28 03:49:47 - getOutlet.php - Method: POST
2026-04-28 03:49:47 - getOutlet.php - POST data: {"tgl":"2026-04-28","encrypt":"41c7aa6da1665eab307362296dd568d0","id_apl":"APL01","key":"Mitra"}
2026-04-28 10:49:47 - getOutlet.php - Params - tgl: 2026-04-28, encrypt: 41c7aa6da1665eab307362296dd568d0, id_apl: APL01, key: Mitra
2026-04-28 10:49:47 - getOutlet.php - Aplikasi ditemukan: Ya
2026-04-28 10:49:47 - getOutlet.php - Key aplikasi: YbcJSFjkds...
2026-04-28 10:49:47 - getOutlet.php - Expected encrypt: 41c7aa6da1665eab307362296dd568d0
2026-04-28 10:49:47 - getOutlet.php - Received encrypt: 41c7aa6da1665eab307362296dd568d0
2026-04-28 10:49:47 - getOutlet.php - Authentication berhasil
2026-04-28 10:49:47 - getOutlet.php - Query: SELECT id_out, nama_out, '' AS alamat_out, ofcode_out
            FROM outlet 
            WHERE status_out IN ('Active', '1', 'active')
            AND (nama_out LIKE :key OR ofcode_out LIKE :key)
            ORDER BY nama_out ASC
            LIMIT 20
2026-04-28 10:49:47 - getOutlet.php - Query berhasil, mengembalikan 20 record
2026-04-28 10:49:47 - getOutlet.php - === END REQUEST ===
2026-04-28 03:49:47 - getOutlet.php - === REQUEST GETOUTLET ===
2026-04-28 03:49:47 - getOutlet.php - Method: POST
2026-04-28 03:49:47 - getOutlet.php - POST data: {"tgl":"2026-04-28","encrypt":"41c7aa6da1665eab307362296dd568d0","id_apl":"APL01","key":"Mitra"}
2026-04-28 10:49:47 - getOutlet.php - Params - tgl: 2026-04-28, encrypt: 41c7aa6da1665eab307362296dd568d0, id_apl: APL01, key: Mitra
2026-04-28 10:49:47 - getOutlet.php - Aplikasi ditemukan: Ya
2026-04-28 10:49:47 - getOutlet.php - Key aplikasi: YbcJSFjkds...
2026-04-28 10:49:47 - getOutlet.php - Expected encrypt: 41c7aa6da1665eab307362296dd568d0
2026-04-28 10:49:47 - getOutlet.php - Received encrypt: 41c7aa6da1665eab307362296dd568d0
2026-04-28 10:49:47 - getOutlet.php - Authentication berhasil
2026-04-28 10:49:47 - getOutlet.php - Query: SELECT id_out, nama_out, '' AS alamat_out, ofcode_out
            FROM outlet 
            WHERE status_out IN ('Active', '1', 'active')
            AND (nama_out LIKE :key OR ofcode_out LIKE :key)
            ORDER BY nama_out ASC
            LIMIT 20
2026-04-28 10:49:47 - getOutlet.php - Query berhasil, mengembalikan 20 record
2026-04-28 10:49:47 - getOutlet.php - === END REQUEST ===
2026-04-28 03:49:47 - getOutlet.php - === REQUEST GETOUTLET ===
2026-04-28 03:49:47 - getOutlet.php - Method: POST
2026-04-28 03:49:47 - getOutlet.php - POST data: {"tgl":"2026-04-28","encrypt":"41c7aa6da1665eab307362296dd568d0","id_apl":"APL01","key":"Mitra"}
2026-04-28 10:49:47 - getOutlet.php - Params - tgl: 2026-04-28, encrypt: 41c7aa6da1665eab307362296dd568d0, id_apl: APL01, key: Mitra
2026-04-28 10:49:47 - getOutlet.php - Aplikasi ditemukan: Ya
2026-04-28 10:49:47 - getOutlet.php - Key aplikasi: YbcJSFjkds...
2026-04-28 10:49:47 - getOutlet.php - Expected encrypt: 41c7aa6da1665eab307362296dd568d0
2026-04-28 10:49:47 - getOutlet.php - Received encrypt: 41c7aa6da1665eab307362296dd568d0
2026-04-28 10:49:47 - getOutlet.php - Authentication berhasil
2026-04-28 10:49:47 - getOutlet.php - Query: SELECT id_out, nama_out, '' AS alamat_out, ofcode_out
            FROM outlet 
            WHERE status_out IN ('Active', '1', 'active')
            AND (nama_out LIKE :key OR ofcode_out LIKE :key)
            ORDER BY nama_out ASC
            LIMIT 20
2026-04-28 10:49:47 - getOutlet.php - Query berhasil, mengembalikan 20 record
2026-04-28 10:49:47 - getOutlet.php - === END REQUEST ===
2026-04-28 03:49:47 - getOutlet.php - === REQUEST GETOUTLET ===
2026-04-28 03:49:47 - getOutlet.php - Method: POST
2026-04-28 03:49:47 - getOutlet.php - POST data: {"tgl":"2026-04-28","encrypt":"41c7aa6da1665eab307362296dd568d0","id_apl":"APL01","key":"Mitra k"}
2026-04-28 10:49:47 - getOutlet.php - Params - tgl: 2026-04-28, encrypt: 41c7aa6da1665eab307362296dd568d0, id_apl: APL01, key: Mitra k
2026-04-28 10:49:47 - getOutlet.php - Aplikasi ditemukan: Ya
2026-04-28 10:49:47 - getOutlet.php - Key aplikasi: YbcJSFjkds...
2026-04-28 10:49:47 - getOutlet.php - Expected encrypt: 41c7aa6da1665eab307362296dd568d0
2026-04-28 10:49:47 - getOutlet.php - Received encrypt: 41c7aa6da1665eab307362296dd568d0
2026-04-28 10:49:47 - getOutlet.php - Authentication berhasil
2026-04-28 10:49:47 - getOutlet.php - Query: SELECT id_out, nama_out, '' AS alamat_out, ofcode_out
            FROM outlet 
            WHERE status_out IN ('Active', '1', 'active')
            AND (nama_out LIKE :key OR ofcode_out LIKE :key)
            ORDER BY nama_out ASC
            LIMIT 20
2026-04-28 10:49:47 - getOutlet.php - Query berhasil, mengembalikan 16 record
2026-04-28 10:49:47 - getOutlet.php - === END REQUEST ===
2026-04-28 03:49:47 - getOutlet.php - === REQUEST GETOUTLET ===
2026-04-28 03:49:47 - getOutlet.php - Method: POST
2026-04-28 03:49:47 - getOutlet.php - POST data: {"tgl":"2026-04-28","encrypt":"41c7aa6da1665eab307362296dd568d0","id_apl":"APL01","key":"Mitra ke"}
2026-04-28 10:49:47 - getOutlet.php - Params - tgl: 2026-04-28, encrypt: 41c7aa6da1665eab307362296dd568d0, id_apl: APL01, key: Mitra ke
2026-04-28 10:49:47 - getOutlet.php - Aplikasi ditemukan: Ya
2026-04-28 10:49:47 - getOutlet.php - Key aplikasi: YbcJSFjkds...
2026-04-28 10:49:47 - getOutlet.php - Expected encrypt: 41c7aa6da1665eab307362296dd568d0
2026-04-28 10:49:47 - getOutlet.php - Received encrypt: 41c7aa6da1665eab307362296dd568d0
2026-04-28 10:49:47 - getOutlet.php - Authentication berhasil
2026-04-28 10:49:47 - getOutlet.php - Query: SELECT id_out, nama_out, '' AS alamat_out, ofcode_out
            FROM outlet 
            WHERE status_out IN ('Active', '1', 'active')
            AND (nama_out LIKE :key OR ofcode_out LIKE :key)
            ORDER BY nama_out ASC
            LIMIT 20
2026-04-28 10:49:47 - getOutlet.php - Query berhasil, mengembalikan 16 record
2026-04-28 10:49:47 - getOutlet.php - === END REQUEST ===
2026-04-28 03:49:48 - getOutlet.php - === REQUEST GETOUTLET ===
2026-04-28 03:49:48 - getOutlet.php - Method: POST
2026-04-28 03:49:48 - getOutlet.php - POST data: {"tgl":"2026-04-28","encrypt":"41c7aa6da1665eab307362296dd568d0","id_apl":"APL01","key":"Mitra kel"}
2026-04-28 10:49:48 - getOutlet.php - Params - tgl: 2026-04-28, encrypt: 41c7aa6da1665eab307362296dd568d0, id_apl: APL01, key: Mitra kel
2026-04-28 10:49:48 - getOutlet.php - Aplikasi ditemukan: Ya
2026-04-28 10:49:48 - getOutlet.php - Key aplikasi: YbcJSFjkds...
2026-04-28 10:49:48 - getOutlet.php - Expected encrypt: 41c7aa6da1665eab307362296dd568d0
2026-04-28 10:49:48 - getOutlet.php - Received encrypt: 41c7aa6da1665eab307362296dd568d0
2026-04-28 10:49:48 - getOutlet.php - Authentication berhasil
2026-04-28 10:49:48 - getOutlet.php - Query: SELECT id_out, nama_out, '' AS alamat_out, ofcode_out
            FROM outlet 
            WHERE status_out IN ('Active', '1', 'active')
            AND (nama_out LIKE :key OR ofcode_out LIKE :key)
            ORDER BY nama_out ASC
            LIMIT 20
2026-04-28 10:49:48 - getOutlet.php - Query berhasil, mengembalikan 16 record
2026-04-28 10:49:48 - getOutlet.php - === END REQUEST ===
2026-04-28 03:49:48 - getOutlet.php - === REQUEST GETOUTLET ===
2026-04-28 03:49:48 - getOutlet.php - Method: POST
2026-04-28 03:49:48 - getOutlet.php - POST data: {"tgl":"2026-04-28","encrypt":"41c7aa6da1665eab307362296dd568d0","id_apl":"APL01","key":"Mitra kely"}
2026-04-28 10:49:48 - getOutlet.php - Params - tgl: 2026-04-28, encrypt: 41c7aa6da1665eab307362296dd568d0, id_apl: APL01, key: Mitra kely
2026-04-28 10:49:48 - getOutlet.php - Aplikasi ditemukan: Ya
2026-04-28 10:49:48 - getOutlet.php - Key aplikasi: YbcJSFjkds...
2026-04-28 10:49:48 - getOutlet.php - Expected encrypt: 41c7aa6da1665eab307362296dd568d0
2026-04-28 10:49:48 - getOutlet.php - Received encrypt: 41c7aa6da1665eab307362296dd568d0
2026-04-28 10:49:48 - getOutlet.php - Authentication berhasil
2026-04-28 10:49:48 - getOutlet.php - Query: SELECT id_out, nama_out, '' AS alamat_out, ofcode_out
            FROM outlet 
            WHERE status_out IN ('Active', '1', 'active')
            AND (nama_out LIKE :key OR ofcode_out LIKE :key)
            ORDER BY nama_out ASC
            LIMIT 20
2026-04-28 10:49:48 - getOutlet.php - Query berhasil, mengembalikan 0 record
2026-04-28 10:49:48 - getOutlet.php - === END REQUEST ===
2026-04-28 03:49:48 - getOutlet.php - === REQUEST GETOUTLET ===
2026-04-28 03:49:48 - getOutlet.php - Method: POST
2026-04-28 03:49:48 - getOutlet.php - POST data: {"tgl":"2026-04-28","encrypt":"41c7aa6da1665eab307362296dd568d0","id_apl":"APL01","key":"Mitra kel"}
2026-04-28 10:49:48 - getOutlet.php - Params - tgl: 2026-04-28, encrypt: 41c7aa6da1665eab307362296dd568d0, id_apl: APL01, key: Mitra kel
2026-04-28 10:49:48 - getOutlet.php - Aplikasi ditemukan: Ya
2026-04-28 10:49:48 - getOutlet.php - Key aplikasi: YbcJSFjkds...
2026-04-28 10:49:48 - getOutlet.php - Expected encrypt: 41c7aa6da1665eab307362296dd568d0
2026-04-28 10:49:48 - getOutlet.php - Received encrypt: 41c7aa6da1665eab307362296dd568d0
2026-04-28 10:49:48 - getOutlet.php - Authentication berhasil
2026-04-28 10:49:48 - getOutlet.php - Query: SELECT id_out, nama_out, '' AS alamat_out, ofcode_out
            FROM outlet 
            WHERE status_out IN ('Active', '1', 'active')
            AND (nama_out LIKE :key OR ofcode_out LIKE :key)
            ORDER BY nama_out ASC
            LIMIT 20
2026-04-28 10:49:48 - getOutlet.php - Query berhasil, mengembalikan 16 record
2026-04-28 10:49:48 - getOutlet.php - === END REQUEST ===
2026-04-28 03:49:49 - getOutlet.php - === REQUEST GETOUTLET ===
2026-04-28 03:49:49 - getOutlet.php - Method: POST
2026-04-28 03:49:49 - getOutlet.php - POST data: {"tgl":"2026-04-28","encrypt":"41c7aa6da1665eab307362296dd568d0","id_apl":"APL01","key":"Mitra kelu"}
2026-04-28 10:49:49 - getOutlet.php - Params - tgl: 2026-04-28, encrypt: 41c7aa6da1665eab307362296dd568d0, id_apl: APL01, key: Mitra kelu
2026-04-28 10:49:49 - getOutlet.php - Aplikasi ditemukan: Ya
2026-04-28 10:49:49 - getOutlet.php - Key aplikasi: YbcJSFjkds...
2026-04-28 10:49:49 - getOutlet.php - Expected encrypt: 41c7aa6da1665eab307362296dd568d0
2026-04-28 10:49:49 - getOutlet.php - Received encrypt: 41c7aa6da1665eab307362296dd568d0
2026-04-28 10:49:49 - getOutlet.php - Authentication berhasil
2026-04-28 10:49:49 - getOutlet.php - Query: SELECT id_out, nama_out, '' AS alamat_out, ofcode_out
            FROM outlet 
            WHERE status_out IN ('Active', '1', 'active')
            AND (nama_out LIKE :key OR ofcode_out LIKE :key)
            ORDER BY nama_out ASC
            LIMIT 20
2026-04-28 10:49:49 - getOutlet.php - Query berhasil, mengembalikan 16 record
2026-04-28 10:49:49 - getOutlet.php - === END REQUEST ===
2026-04-28 03:49:49 - getOutlet.php - === REQUEST GETOUTLET ===
2026-04-28 03:49:49 - getOutlet.php - Method: POST
2026-04-28 03:49:49 - getOutlet.php - POST data: {"tgl":"2026-04-28","encrypt":"41c7aa6da1665eab307362296dd568d0","id_apl":"APL01","key":"Mitra kelua"}
2026-04-28 10:49:49 - getOutlet.php - Params - tgl: 2026-04-28, encrypt: 41c7aa6da1665eab307362296dd568d0, id_apl: APL01, key: Mitra kelua
2026-04-28 10:49:49 - getOutlet.php - Aplikasi ditemukan: Ya
2026-04-28 10:49:49 - getOutlet.php - Key aplikasi: YbcJSFjkds...
2026-04-28 10:49:49 - getOutlet.php - Expected encrypt: 41c7aa6da1665eab307362296dd568d0
2026-04-28 10:49:49 - getOutlet.php - Received encrypt: 41c7aa6da1665eab307362296dd568d0
2026-04-28 10:49:49 - getOutlet.php - Authentication berhasil
2026-04-28 10:49:49 - getOutlet.php - Query: SELECT id_out, nama_out, '' AS alamat_out, ofcode_out
            FROM outlet 
            WHERE status_out IN ('Active', '1', 'active')
            AND (nama_out LIKE :key OR ofcode_out LIKE :key)
            ORDER BY nama_out ASC
            LIMIT 20
2026-04-28 10:49:49 - getOutlet.php - Query berhasil, mengembalikan 16 record
2026-04-28 10:49:49 - getOutlet.php - === END REQUEST ===
2026-04-28 03:49:49 - getOutlet.php - === REQUEST GETOUTLET ===
2026-04-28 03:49:49 - getOutlet.php - Method: POST
2026-04-28 03:49:49 - getOutlet.php - POST data: {"tgl":"2026-04-28","encrypt":"41c7aa6da1665eab307362296dd568d0","id_apl":"APL01","key":"Mitra keluar"}
2026-04-28 10:49:49 - getOutlet.php - Params - tgl: 2026-04-28, encrypt: 41c7aa6da1665eab307362296dd568d0, id_apl: APL01, key: Mitra keluar
2026-04-28 10:49:49 - getOutlet.php - Aplikasi ditemukan: Ya
2026-04-28 10:49:49 - getOutlet.php - Key aplikasi: YbcJSFjkds...
2026-04-28 10:49:49 - getOutlet.php - Expected encrypt: 41c7aa6da1665eab307362296dd568d0
2026-04-28 10:49:49 - getOutlet.php - Received encrypt: 41c7aa6da1665eab307362296dd568d0
2026-04-28 10:49:49 - getOutlet.php - Authentication berhasil
2026-04-28 10:49:49 - getOutlet.php - Query: SELECT id_out, nama_out, '' AS alamat_out, ofcode_out
            FROM outlet 
            WHERE status_out IN ('Active', '1', 'active')
            AND (nama_out LIKE :key OR ofcode_out LIKE :key)
            ORDER BY nama_out ASC
            LIMIT 20
2026-04-28 10:49:49 - getOutlet.php - Query berhasil, mengembalikan 16 record
2026-04-28 10:49:49 - getOutlet.php - === END REQUEST ===
2026-04-28 03:49:50 - getOutlet.php - === REQUEST GETOUTLET ===
2026-04-28 03:49:50 - getOutlet.php - Method: POST
2026-04-28 03:49:50 - getOutlet.php - POST data: {"tgl":"2026-04-28","encrypt":"41c7aa6da1665eab307362296dd568d0","id_apl":"APL01","key":"Mitra keluarg"}
2026-04-28 10:49:50 - getOutlet.php - Params - tgl: 2026-04-28, encrypt: 41c7aa6da1665eab307362296dd568d0, id_apl: APL01, key: Mitra keluarg
2026-04-28 10:49:50 - getOutlet.php - Aplikasi ditemukan: Ya
2026-04-28 10:49:50 - getOutlet.php - Key aplikasi: YbcJSFjkds...
2026-04-28 10:49:50 - getOutlet.php - Expected encrypt: 41c7aa6da1665eab307362296dd568d0
2026-04-28 10:49:50 - getOutlet.php - Received encrypt: 41c7aa6da1665eab307362296dd568d0
2026-04-28 10:49:50 - getOutlet.php - Authentication berhasil
2026-04-28 10:49:50 - getOutlet.php - Query: SELECT id_out, nama_out, '' AS alamat_out, ofcode_out
            FROM outlet 
            WHERE status_out IN ('Active', '1', 'active')
            AND (nama_out LIKE :key OR ofcode_out LIKE :key)
            ORDER BY nama_out ASC
            LIMIT 20
2026-04-28 10:49:50 - getOutlet.php - Query berhasil, mengembalikan 16 record
2026-04-28 10:49:50 - getOutlet.php - === END REQUEST ===
2026-04-28 03:49:50 - getOutlet.php - === REQUEST GETOUTLET ===
2026-04-28 03:49:50 - getOutlet.php - Method: POST
2026-04-28 03:49:50 - getOutlet.php - POST data: {"tgl":"2026-04-28","encrypt":"41c7aa6da1665eab307362296dd568d0","id_apl":"APL01","key":"Mitra keluarga"}
2026-04-28 10:49:50 - getOutlet.php - Params - tgl: 2026-04-28, encrypt: 41c7aa6da1665eab307362296dd568d0, id_apl: APL01, key: Mitra keluarga
2026-04-28 10:49:50 - getOutlet.php - Aplikasi ditemukan: Ya
2026-04-28 10:49:50 - getOutlet.php - Key aplikasi: YbcJSFjkds...
2026-04-28 10:49:50 - getOutlet.php - Expected encrypt: 41c7aa6da1665eab307362296dd568d0
2026-04-28 10:49:50 - getOutlet.php - Received encrypt: 41c7aa6da1665eab307362296dd568d0
2026-04-28 10:49:50 - getOutlet.php - Authentication berhasil
2026-04-28 10:49:50 - getOutlet.php - Query: SELECT id_out, nama_out, '' AS alamat_out, ofcode_out
            FROM outlet 
            WHERE status_out IN ('Active', '1', 'active')
            AND (nama_out LIKE :key OR ofcode_out LIKE :key)
            ORDER BY nama_out ASC
            LIMIT 20
2026-04-28 10:49:50 - getOutlet.php - Query berhasil, mengembalikan 16 record
2026-04-28 10:49:50 - getOutlet.php - === END REQUEST ===
2026-04-28 03:49:50 - getOutlet.php - === REQUEST GETOUTLET ===
2026-04-28 03:49:50 - getOutlet.php - Method: POST
2026-04-28 03:49:50 - getOutlet.php - POST data: {"tgl":"2026-04-28","encrypt":"41c7aa6da1665eab307362296dd568d0","id_apl":"APL01","key":"Mitra keluarga"}
2026-04-28 10:49:50 - getOutlet.php - Params - tgl: 2026-04-28, encrypt: 41c7aa6da1665eab307362296dd568d0, id_apl: APL01, key: Mitra keluarga
2026-04-28 10:49:50 - getOutlet.php - Aplikasi ditemukan: Ya
2026-04-28 10:49:50 - getOutlet.php - Key aplikasi: YbcJSFjkds...
2026-04-28 10:49:50 - getOutlet.php - Expected encrypt: 41c7aa6da1665eab307362296dd568d0
2026-04-28 10:49:50 - getOutlet.php - Received encrypt: 41c7aa6da1665eab307362296dd568d0
2026-04-28 10:49:50 - getOutlet.php - Authentication berhasil
2026-04-28 10:49:50 - getOutlet.php - Query: SELECT id_out, nama_out, '' AS alamat_out, ofcode_out
            FROM outlet 
            WHERE status_out IN ('Active', '1', 'active')
            AND (nama_out LIKE :key OR ofcode_out LIKE :key)
            ORDER BY nama_out ASC
            LIMIT 20
2026-04-28 10:49:50 - getOutlet.php - Query berhasil, mengembalikan 16 record
2026-04-28 10:49:50 - getOutlet.php - === END REQUEST ===
2026-04-28 03:49:50 - getOutlet.php - === REQUEST GETOUTLET ===
2026-04-28 03:49:50 - getOutlet.php - Method: POST
2026-04-28 03:49:50 - getOutlet.php - POST data: {"tgl":"2026-04-28","encrypt":"41c7aa6da1665eab307362296dd568d0","id_apl":"APL01","key":"Mitra keluarga"}
2026-04-28 10:49:50 - getOutlet.php - Params - tgl: 2026-04-28, encrypt: 41c7aa6da1665eab307362296dd568d0, id_apl: APL01, key: Mitra keluarga
2026-04-28 10:49:50 - getOutlet.php - Aplikasi ditemukan: Ya
2026-04-28 10:49:50 - getOutlet.php - Key aplikasi: YbcJSFjkds...
2026-04-28 10:49:50 - getOutlet.php - Expected encrypt: 41c7aa6da1665eab307362296dd568d0
2026-04-28 10:49:50 - getOutlet.php - Received encrypt: 41c7aa6da1665eab307362296dd568d0
2026-04-28 10:49:50 - getOutlet.php - Authentication berhasil
2026-04-28 10:49:50 - getOutlet.php - Query: SELECT id_out, nama_out, '' AS alamat_out, ofcode_out
            FROM outlet 
            WHERE status_out IN ('Active', '1', 'active')
            AND (nama_out LIKE :key OR ofcode_out LIKE :key)
            ORDER BY nama_out ASC
            LIMIT 20
2026-04-28 10:49:50 - getOutlet.php - Query berhasil, mengembalikan 16 record
2026-04-28 10:49:50 - getOutlet.php - === END REQUEST ===
2026-04-28 03:49:52 - getOutlet.php - === REQUEST GETOUTLET ===
2026-04-28 03:49:52 - getOutlet.php - Method: POST
2026-04-28 03:49:52 - getOutlet.php - POST data: {"tgl":"2026-04-28","encrypt":"41c7aa6da1665eab307362296dd568d0","id_apl":"APL01","key":" RS Mitra Keluarga Pamulang"}
2026-04-28 10:49:52 - getOutlet.php - Params - tgl: 2026-04-28, encrypt: 41c7aa6da1665eab307362296dd568d0, id_apl: APL01, key: RS Mitra Keluarga Pamulang
2026-04-28 10:49:52 - getOutlet.php - Aplikasi ditemukan: Ya
2026-04-28 10:49:52 - getOutlet.php - Key aplikasi: YbcJSFjkds...
2026-04-28 10:49:52 - getOutlet.php - Expected encrypt: 41c7aa6da1665eab307362296dd568d0
2026-04-28 10:49:52 - getOutlet.php - Received encrypt: 41c7aa6da1665eab307362296dd568d0
2026-04-28 10:49:52 - getOutlet.php - Authentication berhasil
2026-04-28 10:49:52 - getOutlet.php - Query: SELECT id_out, nama_out, '' AS alamat_out, ofcode_out
            FROM outlet 
            WHERE status_out IN ('Active', '1', 'active')
            AND (nama_out LIKE :key OR ofcode_out LIKE :key)
            ORDER BY nama_out ASC
            LIMIT 20
2026-04-28 10:49:52 - getOutlet.php - Query berhasil, mengembalikan 1 record
2026-04-28 10:49:52 - getOutlet.php - === END REQUEST ===
2026-04-28 03:49:55 - getOutlet.php - === REQUEST GETOUTLET ===
2026-04-28 03:49:55 - getOutlet.php - Method: POST
2026-04-28 03:49:55 - getOutlet.php - POST data: {"tgl":"2026-04-28","encrypt":"41c7aa6da1665eab307362296dd568d0","id_apl":"APL01","key":"Ha"}
2026-04-28 10:49:55 - getOutlet.php - Params - tgl: 2026-04-28, encrypt: 41c7aa6da1665eab307362296dd568d0, id_apl: APL01, key: Ha
2026-04-28 10:49:55 - getOutlet.php - Aplikasi ditemukan: Ya
2026-04-28 10:49:55 - getOutlet.php - Key aplikasi: YbcJSFjkds...
2026-04-28 10:49:55 - getOutlet.php - Expected encrypt: 41c7aa6da1665eab307362296dd568d0
2026-04-28 10:49:55 - getOutlet.php - Received encrypt: 41c7aa6da1665eab307362296dd568d0
2026-04-28 10:49:55 - getOutlet.php - Authentication berhasil
2026-04-28 10:49:55 - getOutlet.php - Query: SELECT id_out, nama_out, '' AS alamat_out, ofcode_out
            FROM outlet 
            WHERE status_out IN ('Active', '1', 'active')
            AND (nama_out LIKE :key OR ofcode_out LIKE :key)
            ORDER BY nama_out ASC
            LIMIT 20
2026-04-28 10:49:55 - getOutlet.php - Query berhasil, mengembalikan 20 record
2026-04-28 10:49:55 - getOutlet.php - === END REQUEST ===
2026-04-28 03:49:55 - getOutlet.php - === REQUEST GETOUTLET ===
2026-04-28 03:49:55 - getOutlet.php - Method: POST
2026-04-28 03:49:55 - getOutlet.php - POST data: {"tgl":"2026-04-28","encrypt":"41c7aa6da1665eab307362296dd568d0","id_apl":"APL01","key":"Har"}
2026-04-28 10:49:55 - getOutlet.php - Params - tgl: 2026-04-28, encrypt: 41c7aa6da1665eab307362296dd568d0, id_apl: APL01, key: Har
2026-04-28 10:49:55 - getOutlet.php - Aplikasi ditemukan: Ya
2026-04-28 10:49:55 - getOutlet.php - Key aplikasi: YbcJSFjkds...
2026-04-28 10:49:55 - getOutlet.php - Expected encrypt: 41c7aa6da1665eab307362296dd568d0
2026-04-28 10:49:55 - getOutlet.php - Received encrypt: 41c7aa6da1665eab307362296dd568d0
2026-04-28 10:49:55 - getOutlet.php - Authentication berhasil
2026-04-28 10:49:55 - getOutlet.php - Query: SELECT id_out, nama_out, '' AS alamat_out, ofcode_out
            FROM outlet 
            WHERE status_out IN ('Active', '1', 'active')
            AND (nama_out LIKE :key OR ofcode_out LIKE :key)
            ORDER BY nama_out ASC
            LIMIT 20
2026-04-28 10:49:55 - getOutlet.php - Query berhasil, mengembalikan 20 record
2026-04-28 10:49:55 - getOutlet.php - === END REQUEST ===
2026-04-28 03:49:55 - getOutlet.php - === REQUEST GETOUTLET ===
2026-04-28 03:49:55 - getOutlet.php - Method: POST
2026-04-28 03:49:55 - getOutlet.php - POST data: {"tgl":"2026-04-28","encrypt":"41c7aa6da1665eab307362296dd568d0","id_apl":"APL01","key":"Hara"}
2026-04-28 10:49:55 - getOutlet.php - Params - tgl: 2026-04-28, encrypt: 41c7aa6da1665eab307362296dd568d0, id_apl: APL01, key: Hara
2026-04-28 10:49:55 - getOutlet.php - Aplikasi ditemukan: Ya
2026-04-28 10:49:55 - getOutlet.php - Key aplikasi: YbcJSFjkds...
2026-04-28 10:49:55 - getOutlet.php - Expected encrypt: 41c7aa6da1665eab307362296dd568d0
2026-04-28 10:49:55 - getOutlet.php - Received encrypt: 41c7aa6da1665eab307362296dd568d0
2026-04-28 10:49:55 - getOutlet.php - Authentication berhasil
2026-04-28 10:49:55 - getOutlet.php - Query: SELECT id_out, nama_out, '' AS alamat_out, ofcode_out
            FROM outlet 
            WHERE status_out IN ('Active', '1', 'active')
            AND (nama_out LIKE :key OR ofcode_out LIKE :key)
            ORDER BY nama_out ASC
            LIMIT 20
2026-04-28 10:49:55 - getOutlet.php - Query berhasil, mengembalikan 11 record
2026-04-28 10:49:55 - getOutlet.php - === END REQUEST ===
2026-04-28 03:49:55 - getOutlet.php - === REQUEST GETOUTLET ===
2026-04-28 03:49:55 - getOutlet.php - Method: POST
2026-04-28 03:49:55 - getOutlet.php - POST data: {"tgl":"2026-04-28","encrypt":"41c7aa6da1665eab307362296dd568d0","id_apl":"APL01","key":"Harap"}
2026-04-28 10:49:55 - getOutlet.php - Params - tgl: 2026-04-28, encrypt: 41c7aa6da1665eab307362296dd568d0, id_apl: APL01, key: Harap
2026-04-28 10:49:55 - getOutlet.php - Aplikasi ditemukan: Ya
2026-04-28 10:49:55 - getOutlet.php - Key aplikasi: YbcJSFjkds...
2026-04-28 10:49:55 - getOutlet.php - Expected encrypt: 41c7aa6da1665eab307362296dd568d0
2026-04-28 10:49:55 - getOutlet.php - Received encrypt: 41c7aa6da1665eab307362296dd568d0
2026-04-28 10:49:55 - getOutlet.php - Authentication berhasil
2026-04-28 10:49:55 - getOutlet.php - Query: SELECT id_out, nama_out, '' AS alamat_out, ofcode_out
            FROM outlet 
            WHERE status_out IN ('Active', '1', 'active')
            AND (nama_out LIKE :key OR ofcode_out LIKE :key)
            ORDER BY nama_out ASC
            LIMIT 20
2026-04-28 10:49:55 - getOutlet.php - Query berhasil, mengembalikan 11 record
2026-04-28 10:49:55 - getOutlet.php - === END REQUEST ===
2026-04-28 03:49:55 - getOutlet.php - === REQUEST GETOUTLET ===
2026-04-28 03:49:55 - getOutlet.php - Method: POST
2026-04-28 03:49:55 - getOutlet.php - POST data: {"tgl":"2026-04-28","encrypt":"41c7aa6da1665eab307362296dd568d0","id_apl":"APL01","key":"Harapa"}
2026-04-28 10:49:55 - getOutlet.php - Params - tgl: 2026-04-28, encrypt: 41c7aa6da1665eab307362296dd568d0, id_apl: APL01, key: Harapa
2026-04-28 10:49:55 - getOutlet.php - Aplikasi ditemukan: Ya
2026-04-28 10:49:55 - getOutlet.php - Key aplikasi: YbcJSFjkds...
2026-04-28 10:49:55 - getOutlet.php - Expected encrypt: 41c7aa6da1665eab307362296dd568d0
2026-04-28 10:49:55 - getOutlet.php - Received encrypt: 41c7aa6da1665eab307362296dd568d0
2026-04-28 10:49:55 - getOutlet.php - Authentication berhasil
2026-04-28 10:49:55 - getOutlet.php - Query: SELECT id_out, nama_out, '' AS alamat_out, ofcode_out
            FROM outlet 
            WHERE status_out IN ('Active', '1', 'active')
            AND (nama_out LIKE :key OR ofcode_out LIKE :key)
            ORDER BY nama_out ASC
            LIMIT 20
2026-04-28 10:49:55 - getOutlet.php - Query berhasil, mengembalikan 11 record
2026-04-28 10:49:55 - getOutlet.php - === END REQUEST ===
2026-04-28 03:49:55 - getOutlet.php - === REQUEST GETOUTLET ===
2026-04-28 03:49:55 - getOutlet.php - Method: POST
2026-04-28 03:49:55 - getOutlet.php - POST data: {"tgl":"2026-04-28","encrypt":"41c7aa6da1665eab307362296dd568d0","id_apl":"APL01","key":"Harapan"}
2026-04-28 10:49:55 - getOutlet.php - Params - tgl: 2026-04-28, encrypt: 41c7aa6da1665eab307362296dd568d0, id_apl: APL01, key: Harapan
2026-04-28 10:49:55 - getOutlet.php - Aplikasi ditemukan: Ya
2026-04-28 10:49:55 - getOutlet.php - Key aplikasi: YbcJSFjkds...
2026-04-28 10:49:55 - getOutlet.php - Expected encrypt: 41c7aa6da1665eab307362296dd568d0
2026-04-28 10:49:55 - getOutlet.php - Received encrypt: 41c7aa6da1665eab307362296dd568d0
2026-04-28 10:49:55 - getOutlet.php - Authentication berhasil
2026-04-28 10:49:56 - getOutlet.php - Query: SELECT id_out, nama_out, '' AS alamat_out, ofcode_out
            FROM outlet 
            WHERE status_out IN ('Active', '1', 'active')
            AND (nama_out LIKE :key OR ofcode_out LIKE :key)
            ORDER BY nama_out ASC
            LIMIT 20
2026-04-28 10:49:56 - getOutlet.php - Query berhasil, mengembalikan 11 record
2026-04-28 10:49:56 - getOutlet.php - === END REQUEST ===
2026-04-28 03:49:56 - getOutlet.php - === REQUEST GETOUTLET ===
2026-04-28 03:49:56 - getOutlet.php - Method: POST
2026-04-28 03:49:56 - getOutlet.php - POST data: {"tgl":"2026-04-28","encrypt":"41c7aa6da1665eab307362296dd568d0","id_apl":"APL01","key":"Harapan"}
2026-04-28 10:49:56 - getOutlet.php - Params - tgl: 2026-04-28, encrypt: 41c7aa6da1665eab307362296dd568d0, id_apl: APL01, key: Harapan
2026-04-28 10:49:56 - getOutlet.php - Aplikasi ditemukan: Ya
2026-04-28 10:49:56 - getOutlet.php - Key aplikasi: YbcJSFjkds...
2026-04-28 10:49:56 - getOutlet.php - Expected encrypt: 41c7aa6da1665eab307362296dd568d0
2026-04-28 10:49:56 - getOutlet.php - Received encrypt: 41c7aa6da1665eab307362296dd568d0
2026-04-28 10:49:56 - getOutlet.php - Authentication berhasil
2026-04-28 10:49:56 - getOutlet.php - Query: SELECT id_out, nama_out, '' AS alamat_out, ofcode_out
            FROM outlet 
            WHERE status_out IN ('Active', '1', 'active')
            AND (nama_out LIKE :key OR ofcode_out LIKE :key)
            ORDER BY nama_out ASC
            LIMIT 20
2026-04-28 10:49:56 - getOutlet.php - Query berhasil, mengembalikan 11 record
2026-04-28 10:49:56 - getOutlet.php - === END REQUEST ===
2026-04-28 03:49:56 - getOutlet.php - === REQUEST GETOUTLET ===
2026-04-28 03:49:56 - getOutlet.php - Method: POST
2026-04-28 03:49:56 - getOutlet.php - POST data: {"tgl":"2026-04-28","encrypt":"41c7aa6da1665eab307362296dd568d0","id_apl":"APL01","key":"Harapan"}
2026-04-28 10:49:56 - getOutlet.php - Params - tgl: 2026-04-28, encrypt: 41c7aa6da1665eab307362296dd568d0, id_apl: APL01, key: Harapan
2026-04-28 10:49:56 - getOutlet.php - Aplikasi ditemukan: Ya
2026-04-28 10:49:56 - getOutlet.php - Key aplikasi: YbcJSFjkds...
2026-04-28 10:49:56 - getOutlet.php - Expected encrypt: 41c7aa6da1665eab307362296dd568d0
2026-04-28 10:49:56 - getOutlet.php - Received encrypt: 41c7aa6da1665eab307362296dd568d0
2026-04-28 10:49:56 - getOutlet.php - Authentication berhasil
2026-04-28 10:49:56 - getOutlet.php - Query: SELECT id_out, nama_out, '' AS alamat_out, ofcode_out
            FROM outlet 
            WHERE status_out IN ('Active', '1', 'active')
            AND (nama_out LIKE :key OR ofcode_out LIKE :key)
            ORDER BY nama_out ASC
            LIMIT 20
2026-04-28 10:49:56 - getOutlet.php - Query berhasil, mengembalikan 11 record
2026-04-28 10:49:56 - getOutlet.php - === END REQUEST ===
2026-04-28 03:49:56 - getOutlet.php - === REQUEST GETOUTLET ===
2026-04-28 03:49:56 - getOutlet.php - Method: POST
2026-04-28 03:49:56 - getOutlet.php - POST data: {"tgl":"2026-04-28","encrypt":"41c7aa6da1665eab307362296dd568d0","id_apl":"APL01","key":"Harapan b"}
2026-04-28 10:49:56 - getOutlet.php - Params - tgl: 2026-04-28, encrypt: 41c7aa6da1665eab307362296dd568d0, id_apl: APL01, key: Harapan b
2026-04-28 10:49:56 - getOutlet.php - Aplikasi ditemukan: Ya
2026-04-28 10:49:56 - getOutlet.php - Key aplikasi: YbcJSFjkds...
2026-04-28 10:49:56 - getOutlet.php - Expected encrypt: 41c7aa6da1665eab307362296dd568d0
2026-04-28 10:49:56 - getOutlet.php - Received encrypt: 41c7aa6da1665eab307362296dd568d0
2026-04-28 10:49:56 - getOutlet.php - Authentication berhasil
2026-04-28 10:49:56 - getOutlet.php - Query: SELECT id_out, nama_out, '' AS alamat_out, ofcode_out
            FROM outlet 
            WHERE status_out IN ('Active', '1', 'active')
            AND (nama_out LIKE :key OR ofcode_out LIKE :key)
            ORDER BY nama_out ASC
            LIMIT 20
2026-04-28 10:49:56 - getOutlet.php - Query berhasil, mengembalikan 2 record
2026-04-28 10:49:56 - getOutlet.php - === END REQUEST ===
2026-04-28 03:49:56 - getOutlet.php - === REQUEST GETOUTLET ===
2026-04-28 03:49:56 - getOutlet.php - Method: POST
2026-04-28 03:49:56 - getOutlet.php - POST data: {"tgl":"2026-04-28","encrypt":"41c7aa6da1665eab307362296dd568d0","id_apl":"APL01","key":"Harapan bu"}
2026-04-28 10:49:56 - getOutlet.php - Params - tgl: 2026-04-28, encrypt: 41c7aa6da1665eab307362296dd568d0, id_apl: APL01, key: Harapan bu
2026-04-28 10:49:56 - getOutlet.php - Aplikasi ditemukan: Ya
2026-04-28 10:49:56 - getOutlet.php - Key aplikasi: YbcJSFjkds...
2026-04-28 10:49:56 - getOutlet.php - Expected encrypt: 41c7aa6da1665eab307362296dd568d0
2026-04-28 10:49:56 - getOutlet.php - Received encrypt: 41c7aa6da1665eab307362296dd568d0
2026-04-28 10:49:56 - getOutlet.php - Authentication berhasil
2026-04-28 10:49:56 - getOutlet.php - Query: SELECT id_out, nama_out, '' AS alamat_out, ofcode_out
            FROM outlet 
            WHERE status_out IN ('Active', '1', 'active')
            AND (nama_out LIKE :key OR ofcode_out LIKE :key)
            ORDER BY nama_out ASC
            LIMIT 20
2026-04-28 10:49:56 - getOutlet.php - Query berhasil, mengembalikan 1 record
2026-04-28 10:49:56 - getOutlet.php - === END REQUEST ===
2026-04-28 03:49:56 - getOutlet.php - === REQUEST GETOUTLET ===
2026-04-28 03:49:56 - getOutlet.php - Method: POST
2026-04-28 03:49:56 - getOutlet.php - POST data: {"tgl":"2026-04-28","encrypt":"41c7aa6da1665eab307362296dd568d0","id_apl":"APL01","key":"Harapan bun"}
2026-04-28 10:49:56 - getOutlet.php - Params - tgl: 2026-04-28, encrypt: 41c7aa6da1665eab307362296dd568d0, id_apl: APL01, key: Harapan bun
2026-04-28 10:49:56 - getOutlet.php - Aplikasi ditemukan: Ya
2026-04-28 10:49:56 - getOutlet.php - Key aplikasi: YbcJSFjkds...
2026-04-28 10:49:56 - getOutlet.php - Expected encrypt: 41c7aa6da1665eab307362296dd568d0
2026-04-28 10:49:56 - getOutlet.php - Received encrypt: 41c7aa6da1665eab307362296dd568d0
2026-04-28 10:49:56 - getOutlet.php - Authentication berhasil
2026-04-28 10:49:56 - getOutlet.php - Query: SELECT id_out, nama_out, '' AS alamat_out, ofcode_out
            FROM outlet 
            WHERE status_out IN ('Active', '1', 'active')
            AND (nama_out LIKE :key OR ofcode_out LIKE :key)
            ORDER BY nama_out ASC
            LIMIT 20
2026-04-28 10:49:56 - getOutlet.php - Query berhasil, mengembalikan 1 record
2026-04-28 10:49:56 - getOutlet.php - === END REQUEST ===
2026-04-28 03:49:56 - getOutlet.php - === REQUEST GETOUTLET ===
2026-04-28 03:49:56 - getOutlet.php - Method: POST
2026-04-28 03:49:56 - getOutlet.php - POST data: {"tgl":"2026-04-28","encrypt":"41c7aa6da1665eab307362296dd568d0","id_apl":"APL01","key":"Harapan bund"}
2026-04-28 10:49:56 - getOutlet.php - Params - tgl: 2026-04-28, encrypt: 41c7aa6da1665eab307362296dd568d0, id_apl: APL01, key: Harapan bund
2026-04-28 10:49:56 - getOutlet.php - Aplikasi ditemukan: Ya
2026-04-28 10:49:56 - getOutlet.php - Key aplikasi: YbcJSFjkds...
2026-04-28 10:49:56 - getOutlet.php - Expected encrypt: 41c7aa6da1665eab307362296dd568d0
2026-04-28 10:49:56 - getOutlet.php - Received encrypt: 41c7aa6da1665eab307362296dd568d0
2026-04-28 10:49:56 - getOutlet.php - Authentication berhasil
2026-04-28 10:49:56 - getOutlet.php - Query: SELECT id_out, nama_out, '' AS alamat_out, ofcode_out
            FROM outlet 
            WHERE status_out IN ('Active', '1', 'active')
            AND (nama_out LIKE :key OR ofcode_out LIKE :key)
            ORDER BY nama_out ASC
            LIMIT 20
2026-04-28 10:49:56 - getOutlet.php - Query berhasil, mengembalikan 1 record
2026-04-28 10:49:56 - getOutlet.php - === END REQUEST ===
2026-04-28 03:49:57 - getOutlet.php - === REQUEST GETOUTLET ===
2026-04-28 03:49:57 - getOutlet.php - Method: POST
2026-04-28 03:49:57 - getOutlet.php - POST data: {"tgl":"2026-04-28","encrypt":"41c7aa6da1665eab307362296dd568d0","id_apl":"APL01","key":"Harapan bunda"}
2026-04-28 10:49:57 - getOutlet.php - Params - tgl: 2026-04-28, encrypt: 41c7aa6da1665eab307362296dd568d0, id_apl: APL01, key: Harapan bunda
2026-04-28 10:49:57 - getOutlet.php - Aplikasi ditemukan: Ya
2026-04-28 10:49:57 - getOutlet.php - Key aplikasi: YbcJSFjkds...
2026-04-28 10:49:57 - getOutlet.php - Expected encrypt: 41c7aa6da1665eab307362296dd568d0
2026-04-28 10:49:57 - getOutlet.php - Received encrypt: 41c7aa6da1665eab307362296dd568d0
2026-04-28 10:49:57 - getOutlet.php - Authentication berhasil
2026-04-28 10:49:57 - getOutlet.php - Query: SELECT id_out, nama_out, '' AS alamat_out, ofcode_out
            FROM outlet 
            WHERE status_out IN ('Active', '1', 'active')
            AND (nama_out LIKE :key OR ofcode_out LIKE :key)
            ORDER BY nama_out ASC
            LIMIT 20
2026-04-28 10:49:57 - getOutlet.php - Query berhasil, mengembalikan 1 record
2026-04-28 10:49:57 - getOutlet.php - === END REQUEST ===
2026-04-28 03:49:58 - getOutlet.php - === REQUEST GETOUTLET ===
2026-04-28 03:49:58 - getOutlet.php - Method: POST
2026-04-28 03:49:58 - getOutlet.php - POST data: {"tgl":"2026-04-28","encrypt":"41c7aa6da1665eab307362296dd568d0","id_apl":"APL01","key":"RS Harapan Bunda "}
2026-04-28 10:49:58 - getOutlet.php - Params - tgl: 2026-04-28, encrypt: 41c7aa6da1665eab307362296dd568d0, id_apl: APL01, key: RS Harapan Bunda
2026-04-28 10:49:58 - getOutlet.php - Aplikasi ditemukan: Ya
2026-04-28 10:49:58 - getOutlet.php - Key aplikasi: YbcJSFjkds...
2026-04-28 10:49:58 - getOutlet.php - Expected encrypt: 41c7aa6da1665eab307362296dd568d0
2026-04-28 10:49:58 - getOutlet.php - Received encrypt: 41c7aa6da1665eab307362296dd568d0
2026-04-28 10:49:58 - getOutlet.php - Authentication berhasil
2026-04-28 10:49:58 - getOutlet.php - Query: SELECT id_out, nama_out, '' AS alamat_out, ofcode_out
            FROM outlet 
            WHERE status_out IN ('Active', '1', 'active')
            AND (nama_out LIKE :key OR ofcode_out LIKE :key)
            ORDER BY nama_out ASC
            LIMIT 20
2026-04-28 10:49:58 - getOutlet.php - Query berhasil, mengembalikan 1 record
2026-04-28 10:49:58 - getOutlet.php - === END REQUEST ===
2026-04-28 03:50:20 - getOutlet.php - === REQUEST GETOUTLET ===
2026-04-28 03:50:20 - getOutlet.php - Method: POST
2026-04-28 03:50:20 - getOutlet.php - POST data: {"tgl":"2026-04-28","encrypt":"41c7aa6da1665eab307362296dd568d0","id_apl":"APL01","key":"RS Mitra Keluarga Pamulan"}
2026-04-28 10:50:20 - getOutlet.php - Params - tgl: 2026-04-28, encrypt: 41c7aa6da1665eab307362296dd568d0, id_apl: APL01, key: RS Mitra Keluarga Pamulan
2026-04-28 10:50:20 - getOutlet.php - Aplikasi ditemukan: Ya
2026-04-28 10:50:20 - getOutlet.php - Key aplikasi: YbcJSFjkds...
2026-04-28 10:50:20 - getOutlet.php - Expected encrypt: 41c7aa6da1665eab307362296dd568d0
2026-04-28 10:50:20 - getOutlet.php - Received encrypt: 41c7aa6da1665eab307362296dd568d0
2026-04-28 10:50:20 - getOutlet.php - Authentication berhasil
2026-04-28 10:50:20 - getOutlet.php - Query: SELECT id_out, nama_out, '' AS alamat_out, ofcode_out
            FROM outlet 
            WHERE status_out IN ('Active', '1', 'active')
            AND (nama_out LIKE :key OR ofcode_out LIKE :key)
            ORDER BY nama_out ASC
            LIMIT 20
2026-04-28 10:50:20 - getOutlet.php - Query berhasil, mengembalikan 1 record
2026-04-28 10:50:20 - getOutlet.php - === END REQUEST ===
2026-04-28 03:50:20 - getOutlet.php - === REQUEST GETOUTLET ===
2026-04-28 03:50:20 - getOutlet.php - Method: POST
2026-04-28 03:50:20 - getOutlet.php - POST data: {"tgl":"2026-04-28","encrypt":"41c7aa6da1665eab307362296dd568d0","id_apl":"APL01","key":"RS Mitra Keluarga Pamula"}
2026-04-28 10:50:20 - getOutlet.php - Params - tgl: 2026-04-28, encrypt: 41c7aa6da1665eab307362296dd568d0, id_apl: APL01, key: RS Mitra Keluarga Pamula
2026-04-28 10:50:20 - getOutlet.php - Aplikasi ditemukan: Ya
2026-04-28 10:50:20 - getOutlet.php - Key aplikasi: YbcJSFjkds...
2026-04-28 10:50:20 - getOutlet.php - Expected encrypt: 41c7aa6da1665eab307362296dd568d0
2026-04-28 10:50:20 - getOutlet.php - Received encrypt: 41c7aa6da1665eab307362296dd568d0
2026-04-28 10:50:20 - getOutlet.php - Authentication berhasil
2026-04-28 10:50:20 - getOutlet.php - Query: SELECT id_out, nama_out, '' AS alamat_out, ofcode_out
            FROM outlet 
            WHERE status_out IN ('Active', '1', 'active')
            AND (nama_out LIKE :key OR ofcode_out LIKE :key)
            ORDER BY nama_out ASC
            LIMIT 20
2026-04-28 10:50:20 - getOutlet.php - Query berhasil, mengembalikan 1 record
2026-04-28 10:50:20 - getOutlet.php - === END REQUEST ===
2026-04-28 03:50:20 - getOutlet.php - === REQUEST GETOUTLET ===
2026-04-28 03:50:20 - getOutlet.php - Method: POST
2026-04-28 03:50:20 - getOutlet.php - POST data: {"tgl":"2026-04-28","encrypt":"41c7aa6da1665eab307362296dd568d0","id_apl":"APL01","key":"RS Mitra Keluarga Pamu"}
2026-04-28 10:50:20 - getOutlet.php - Params - tgl: 2026-04-28, encrypt: 41c7aa6da1665eab307362296dd568d0, id_apl: APL01, key: RS Mitra Keluarga Pamu
2026-04-28 10:50:20 - getOutlet.php - Aplikasi ditemukan: Ya
2026-04-28 10:50:20 - getOutlet.php - Key aplikasi: YbcJSFjkds...
2026-04-28 10:50:20 - getOutlet.php - Expected encrypt: 41c7aa6da1665eab307362296dd568d0
2026-04-28 10:50:20 - getOutlet.php - Received encrypt: 41c7aa6da1665eab307362296dd568d0
2026-04-28 10:50:20 - getOutlet.php - Authentication berhasil
2026-04-28 10:50:20 - getOutlet.php - Query: SELECT id_out, nama_out, '' AS alamat_out, ofcode_out
            FROM outlet 
            WHERE status_out IN ('Active', '1', 'active')
            AND (nama_out LIKE :key OR ofcode_out LIKE :key)
            ORDER BY nama_out ASC
            LIMIT 20
2026-04-28 10:50:20 - getOutlet.php - Query berhasil, mengembalikan 1 record
2026-04-28 10:50:20 - getOutlet.php - === END REQUEST ===
2026-04-28 03:50:20 - getOutlet.php - === REQUEST GETOUTLET ===
2026-04-28 03:50:20 - getOutlet.php - Method: POST
2026-04-28 03:50:20 - getOutlet.php - POST data: {"tgl":"2026-04-28","encrypt":"41c7aa6da1665eab307362296dd568d0","id_apl":"APL01","key":"RS Mitra Keluarga Pamul"}
2026-04-28 10:50:20 - getOutlet.php - Params - tgl: 2026-04-28, encrypt: 41c7aa6da1665eab307362296dd568d0, id_apl: APL01, key: RS Mitra Keluarga Pamul
2026-04-28 10:50:20 - getOutlet.php - Aplikasi ditemukan: Ya
2026-04-28 10:50:20 - getOutlet.php - Key aplikasi: YbcJSFjkds...
2026-04-28 10:50:20 - getOutlet.php - Expected encrypt: 41c7aa6da1665eab307362296dd568d0
2026-04-28 10:50:20 - getOutlet.php - Received encrypt: 41c7aa6da1665eab307362296dd568d0
2026-04-28 10:50:20 - getOutlet.php - Authentication berhasil
2026-04-28 10:50:20 - getOutlet.php - Query: SELECT id_out, nama_out, '' AS alamat_out, ofcode_out
            FROM outlet 
            WHERE status_out IN ('Active', '1', 'active')
            AND (nama_out LIKE :key OR ofcode_out LIKE :key)
            ORDER BY nama_out ASC
            LIMIT 20
2026-04-28 10:50:20 - getOutlet.php - Query berhasil, mengembalikan 1 record
2026-04-28 10:50:20 - getOutlet.php - === END REQUEST ===
2026-04-28 03:50:20 - getOutlet.php - === REQUEST GETOUTLET ===
2026-04-28 03:50:20 - getOutlet.php - Method: POST
2026-04-28 03:50:20 - getOutlet.php - POST data: {"tgl":"2026-04-28","encrypt":"41c7aa6da1665eab307362296dd568d0","id_apl":"APL01","key":"RS Mitra Keluarga Pam"}
2026-04-28 10:50:20 - getOutlet.php - Params - tgl: 2026-04-28, encrypt: 41c7aa6da1665eab307362296dd568d0, id_apl: APL01, key: RS Mitra Keluarga Pam
2026-04-28 10:50:20 - getOutlet.php - Aplikasi ditemukan: Ya
2026-04-28 10:50:20 - getOutlet.php - Key aplikasi: YbcJSFjkds...
2026-04-28 10:50:20 - getOutlet.php - Expected encrypt: 41c7aa6da1665eab307362296dd568d0
2026-04-28 10:50:20 - getOutlet.php - Received encrypt: 41c7aa6da1665eab307362296dd568d0
2026-04-28 10:50:20 - getOutlet.php - Authentication berhasil
2026-04-28 10:50:20 - getOutlet.php - Query: SELECT id_out, nama_out, '' AS alamat_out, ofcode_out
            FROM outlet 
            WHERE status_out IN ('Active', '1', 'active')
            AND (nama_out LIKE :key OR ofcode_out LIKE :key)
            ORDER BY nama_out ASC
            LIMIT 20
2026-04-28 10:50:20 - getOutlet.php - Query berhasil, mengembalikan 1 record
2026-04-28 10:50:20 - getOutlet.php - === END REQUEST ===
2026-04-28 03:50:20 - getOutlet.php - === REQUEST GETOUTLET ===
2026-04-28 03:50:20 - getOutlet.php - Method: POST
2026-04-28 03:50:20 - getOutlet.php - POST data: {"tgl":"2026-04-28","encrypt":"41c7aa6da1665eab307362296dd568d0","id_apl":"APL01","key":"RS Mitra Keluarga Pa"}
2026-04-28 10:50:20 - getOutlet.php - Params - tgl: 2026-04-28, encrypt: 41c7aa6da1665eab307362296dd568d0, id_apl: APL01, key: RS Mitra Keluarga Pa
2026-04-28 10:50:20 - getOutlet.php - Aplikasi ditemukan: Ya
2026-04-28 10:50:20 - getOutlet.php - Key aplikasi: YbcJSFjkds...
2026-04-28 10:50:20 - getOutlet.php - Expected encrypt: 41c7aa6da1665eab307362296dd568d0
2026-04-28 10:50:20 - getOutlet.php - Received encrypt: 41c7aa6da1665eab307362296dd568d0
2026-04-28 10:50:20 - getOutlet.php - Authentication berhasil
2026-04-28 10:50:20 - getOutlet.php - Query: SELECT id_out, nama_out, '' AS alamat_out, ofcode_out
            FROM outlet 
            WHERE status_out IN ('Active', '1', 'active')
            AND (nama_out LIKE :key OR ofcode_out LIKE :key)
            ORDER BY nama_out ASC
            LIMIT 20
2026-04-28 10:50:20 - getOutlet.php - Query berhasil, mengembalikan 1 record
2026-04-28 10:50:20 - getOutlet.php - === END REQUEST ===
2026-04-28 03:50:20 - getOutlet.php - === REQUEST GETOUTLET ===
2026-04-28 03:50:20 - getOutlet.php - Method: POST
2026-04-28 03:50:20 - getOutlet.php - POST data: {"tgl":"2026-04-28","encrypt":"41c7aa6da1665eab307362296dd568d0","id_apl":"APL01","key":"RS Mitra Keluarga P"}
2026-04-28 10:50:20 - getOutlet.php - Params - tgl: 2026-04-28, encrypt: 41c7aa6da1665eab307362296dd568d0, id_apl: APL01, key: RS Mitra Keluarga P
2026-04-28 10:50:20 - getOutlet.php - Aplikasi ditemukan: Ya
2026-04-28 10:50:20 - getOutlet.php - Key aplikasi: YbcJSFjkds...
2026-04-28 10:50:20 - getOutlet.php - Expected encrypt: 41c7aa6da1665eab307362296dd568d0
2026-04-28 10:50:20 - getOutlet.php - Received encrypt: 41c7aa6da1665eab307362296dd568d0
2026-04-28 10:50:20 - getOutlet.php - Authentication berhasil
2026-04-28 10:50:20 - getOutlet.php - Query: SELECT id_out, nama_out, '' AS alamat_out, ofcode_out
            FROM outlet 
            WHERE status_out IN ('Active', '1', 'active')
            AND (nama_out LIKE :key OR ofcode_out LIKE :key)
            ORDER BY nama_out ASC
            LIMIT 20
2026-04-28 10:50:20 - getOutlet.php - Query berhasil, mengembalikan 2 record
2026-04-28 10:50:20 - getOutlet.php - === END REQUEST ===
2026-04-28 03:50:20 - getOutlet.php - === REQUEST GETOUTLET ===
2026-04-28 03:50:20 - getOutlet.php - Method: POST
2026-04-28 03:50:20 - getOutlet.php - POST data: {"tgl":"2026-04-28","encrypt":"41c7aa6da1665eab307362296dd568d0","id_apl":"APL01","key":"RS Mitra Keluarga"}
2026-04-28 10:50:20 - getOutlet.php - Params - tgl: 2026-04-28, encrypt: 41c7aa6da1665eab307362296dd568d0, id_apl: APL01, key: RS Mitra Keluarga
2026-04-28 10:50:20 - getOutlet.php - Aplikasi ditemukan: Ya
2026-04-28 10:50:20 - getOutlet.php - Key aplikasi: YbcJSFjkds...
2026-04-28 10:50:20 - getOutlet.php - Expected encrypt: 41c7aa6da1665eab307362296dd568d0
2026-04-28 10:50:20 - getOutlet.php - Received encrypt: 41c7aa6da1665eab307362296dd568d0
2026-04-28 10:50:20 - getOutlet.php - Authentication berhasil
2026-04-28 10:50:20 - getOutlet.php - Query: SELECT id_out, nama_out, '' AS alamat_out, ofcode_out
            FROM outlet 
            WHERE status_out IN ('Active', '1', 'active')
            AND (nama_out LIKE :key OR ofcode_out LIKE :key)
            ORDER BY nama_out ASC
            LIMIT 20
2026-04-28 10:50:20 - getOutlet.php - Query berhasil, mengembalikan 16 record
2026-04-28 10:50:20 - getOutlet.php - === END REQUEST ===
2026-04-28 03:50:20 - getOutlet.php - === REQUEST GETOUTLET ===
2026-04-28 03:50:20 - getOutlet.php - Method: POST
2026-04-28 03:50:20 - getOutlet.php - POST data: {"tgl":"2026-04-28","encrypt":"41c7aa6da1665eab307362296dd568d0","id_apl":"APL01","key":"RS Mitra Keluarga"}
2026-04-28 10:50:20 - getOutlet.php - Params - tgl: 2026-04-28, encrypt: 41c7aa6da1665eab307362296dd568d0, id_apl: APL01, key: RS Mitra Keluarga
2026-04-28 10:50:20 - getOutlet.php - Aplikasi ditemukan: Ya
2026-04-28 10:50:20 - getOutlet.php - Key aplikasi: YbcJSFjkds...
2026-04-28 10:50:20 - getOutlet.php - Expected encrypt: 41c7aa6da1665eab307362296dd568d0
2026-04-28 10:50:20 - getOutlet.php - Received encrypt: 41c7aa6da1665eab307362296dd568d0
2026-04-28 10:50:20 - getOutlet.php - Authentication berhasil
2026-04-28 10:50:20 - getOutlet.php - Query: SELECT id_out, nama_out, '' AS alamat_out, ofcode_out
            FROM outlet 
            WHERE status_out IN ('Active', '1', 'active')
            AND (nama_out LIKE :key OR ofcode_out LIKE :key)
            ORDER BY nama_out ASC
            LIMIT 20
2026-04-28 10:50:20 - getOutlet.php - Query berhasil, mengembalikan 16 record
2026-04-28 10:50:20 - getOutlet.php - === END REQUEST ===
2026-04-28 03:50:20 - getOutlet.php - === REQUEST GETOUTLET ===
2026-04-28 03:50:20 - getOutlet.php - Method: POST
2026-04-28 03:50:20 - getOutlet.php - POST data: {"tgl":"2026-04-28","encrypt":"41c7aa6da1665eab307362296dd568d0","id_apl":"APL01","key":"RS Mitra Keluarg"}
2026-04-28 10:50:20 - getOutlet.php - Params - tgl: 2026-04-28, encrypt: 41c7aa6da1665eab307362296dd568d0, id_apl: APL01, key: RS Mitra Keluarg
2026-04-28 10:50:20 - getOutlet.php - Aplikasi ditemukan: Ya
2026-04-28 10:50:20 - getOutlet.php - Key aplikasi: YbcJSFjkds...
2026-04-28 10:50:20 - getOutlet.php - Expected encrypt: 41c7aa6da1665eab307362296dd568d0
2026-04-28 10:50:20 - getOutlet.php - Received encrypt: 41c7aa6da1665eab307362296dd568d0
2026-04-28 10:50:20 - getOutlet.php - Authentication berhasil
2026-04-28 10:50:20 - getOutlet.php - Query: SELECT id_out, nama_out, '' AS alamat_out, ofcode_out
            FROM outlet 
            WHERE status_out IN ('Active', '1', 'active')
            AND (nama_out LIKE :key OR ofcode_out LIKE :key)
            ORDER BY nama_out ASC
            LIMIT 20
2026-04-28 10:50:20 - getOutlet.php - Query berhasil, mengembalikan 16 record
2026-04-28 10:50:20 - getOutlet.php - === END REQUEST ===
2026-04-28 03:50:20 - getOutlet.php - === REQUEST GETOUTLET ===
2026-04-28 03:50:20 - getOutlet.php - Method: POST
2026-04-28 03:50:20 - getOutlet.php - POST data: {"tgl":"2026-04-28","encrypt":"41c7aa6da1665eab307362296dd568d0","id_apl":"APL01","key":"RS Mitra Keluar"}
2026-04-28 10:50:20 - getOutlet.php - Params - tgl: 2026-04-28, encrypt: 41c7aa6da1665eab307362296dd568d0, id_apl: APL01, key: RS Mitra Keluar
2026-04-28 10:50:20 - getOutlet.php - Aplikasi ditemukan: Ya
2026-04-28 10:50:20 - getOutlet.php - Key aplikasi: YbcJSFjkds...
2026-04-28 10:50:20 - getOutlet.php - Expected encrypt: 41c7aa6da1665eab307362296dd568d0
2026-04-28 10:50:20 - getOutlet.php - Received encrypt: 41c7aa6da1665eab307362296dd568d0
2026-04-28 10:50:20 - getOutlet.php - Authentication berhasil
2026-04-28 10:50:20 - getOutlet.php - Query: SELECT id_out, nama_out, '' AS alamat_out, ofcode_out
            FROM outlet 
            WHERE status_out IN ('Active', '1', 'active')
            AND (nama_out LIKE :key OR ofcode_out LIKE :key)
            ORDER BY nama_out ASC
            LIMIT 20
2026-04-28 10:50:20 - getOutlet.php - Query berhasil, mengembalikan 16 record
2026-04-28 10:50:20 - getOutlet.php - === END REQUEST ===
2026-04-28 03:50:20 - getOutlet.php - === REQUEST GETOUTLET ===
2026-04-28 03:50:20 - getOutlet.php - Method: POST
2026-04-28 03:50:20 - getOutlet.php - POST data: {"tgl":"2026-04-28","encrypt":"41c7aa6da1665eab307362296dd568d0","id_apl":"APL01","key":"RS Mitra Kelua"}
2026-04-28 10:50:20 - getOutlet.php - Params - tgl: 2026-04-28, encrypt: 41c7aa6da1665eab307362296dd568d0, id_apl: APL01, key: RS Mitra Kelua
2026-04-28 10:50:20 - getOutlet.php - Aplikasi ditemukan: Ya
2026-04-28 10:50:20 - getOutlet.php - Key aplikasi: YbcJSFjkds...
2026-04-28 10:50:20 - getOutlet.php - Expected encrypt: 41c7aa6da1665eab307362296dd568d0
2026-04-28 10:50:20 - getOutlet.php - Received encrypt: 41c7aa6da1665eab307362296dd568d0
2026-04-28 10:50:20 - getOutlet.php - Authentication berhasil
2026-04-28 10:50:20 - getOutlet.php - Query: SELECT id_out, nama_out, '' AS alamat_out, ofcode_out
            FROM outlet 
            WHERE status_out IN ('Active', '1', 'active')
            AND (nama_out LIKE :key OR ofcode_out LIKE :key)
            ORDER BY nama_out ASC
            LIMIT 20
2026-04-28 10:50:20 - getOutlet.php - Query berhasil, mengembalikan 16 record
2026-04-28 10:50:20 - getOutlet.php - === END REQUEST ===
2026-04-28 03:50:20 - getOutlet.php - === REQUEST GETOUTLET ===
2026-04-28 03:50:20 - getOutlet.php - Method: POST
2026-04-28 03:50:20 - getOutlet.php - POST data: {"tgl":"2026-04-28","encrypt":"41c7aa6da1665eab307362296dd568d0","id_apl":"APL01","key":"RS Mitra Kelu"}
2026-04-28 10:50:20 - getOutlet.php - Params - tgl: 2026-04-28, encrypt: 41c7aa6da1665eab307362296dd568d0, id_apl: APL01, key: RS Mitra Kelu
2026-04-28 10:50:20 - getOutlet.php - Aplikasi ditemukan: Ya
2026-04-28 10:50:20 - getOutlet.php - Key aplikasi: YbcJSFjkds...
2026-04-28 10:50:20 - getOutlet.php - Expected encrypt: 41c7aa6da1665eab307362296dd568d0
2026-04-28 10:50:20 - getOutlet.php - Received encrypt: 41c7aa6da1665eab307362296dd568d0
2026-04-28 10:50:20 - getOutlet.php - Authentication berhasil
2026-04-28 10:50:20 - getOutlet.php - Query: SELECT id_out, nama_out, '' AS alamat_out, ofcode_out
            FROM outlet 
            WHERE status_out IN ('Active', '1', 'active')
            AND (nama_out LIKE :key OR ofcode_out LIKE :key)
            ORDER BY nama_out ASC
            LIMIT 20
2026-04-28 10:50:20 - getOutlet.php - Query berhasil, mengembalikan 16 record
2026-04-28 10:50:20 - getOutlet.php - === END REQUEST ===
2026-04-28 03:50:20 - getOutlet.php - === REQUEST GETOUTLET ===
2026-04-28 03:50:20 - getOutlet.php - Method: POST
2026-04-28 03:50:20 - getOutlet.php - POST data: {"tgl":"2026-04-28","encrypt":"41c7aa6da1665eab307362296dd568d0","id_apl":"APL01","key":"RS Mitra Kel"}
2026-04-28 10:50:20 - getOutlet.php - Params - tgl: 2026-04-28, encrypt: 41c7aa6da1665eab307362296dd568d0, id_apl: APL01, key: RS Mitra Kel
2026-04-28 10:50:20 - getOutlet.php - Aplikasi ditemukan: Ya
2026-04-28 10:50:20 - getOutlet.php - Key aplikasi: YbcJSFjkds...
2026-04-28 10:50:20 - getOutlet.php - Expected encrypt: 41c7aa6da1665eab307362296dd568d0
2026-04-28 10:50:20 - getOutlet.php - Received encrypt: 41c7aa6da1665eab307362296dd568d0
2026-04-28 10:50:20 - getOutlet.php - Authentication berhasil
2026-04-28 10:50:20 - getOutlet.php - Query: SELECT id_out, nama_out, '' AS alamat_out, ofcode_out
            FROM outlet 
            WHERE status_out IN ('Active', '1', 'active')
            AND (nama_out LIKE :key OR ofcode_out LIKE :key)
            ORDER BY nama_out ASC
            LIMIT 20
2026-04-28 10:50:20 - getOutlet.php - Query berhasil, mengembalikan 16 record
2026-04-28 10:50:20 - getOutlet.php - === END REQUEST ===
2026-04-28 03:50:20 - getOutlet.php - === REQUEST GETOUTLET ===
2026-04-28 03:50:20 - getOutlet.php - Method: POST
2026-04-28 03:50:20 - getOutlet.php - POST data: {"tgl":"2026-04-28","encrypt":"41c7aa6da1665eab307362296dd568d0","id_apl":"APL01","key":"RS Mitra Ke"}
2026-04-28 10:50:20 - getOutlet.php - Params - tgl: 2026-04-28, encrypt: 41c7aa6da1665eab307362296dd568d0, id_apl: APL01, key: RS Mitra Ke
2026-04-28 10:50:20 - getOutlet.php - Aplikasi ditemukan: Ya
2026-04-28 10:50:20 - getOutlet.php - Key aplikasi: YbcJSFjkds...
2026-04-28 10:50:20 - getOutlet.php - Expected encrypt: 41c7aa6da1665eab307362296dd568d0
2026-04-28 10:50:20 - getOutlet.php - Received encrypt: 41c7aa6da1665eab307362296dd568d0
2026-04-28 10:50:20 - getOutlet.php - Authentication berhasil
2026-04-28 10:50:20 - getOutlet.php - Query: SELECT id_out, nama_out, '' AS alamat_out, ofcode_out
            FROM outlet 
            WHERE status_out IN ('Active', '1', 'active')
            AND (nama_out LIKE :key OR ofcode_out LIKE :key)
            ORDER BY nama_out ASC
            LIMIT 20
2026-04-28 10:50:20 - getOutlet.php - Query berhasil, mengembalikan 16 record
2026-04-28 10:50:20 - getOutlet.php - === END REQUEST ===
2026-04-28 03:50:20 - getOutlet.php - === REQUEST GETOUTLET ===
2026-04-28 03:50:20 - getOutlet.php - Method: POST
2026-04-28 03:50:20 - getOutlet.php - POST data: {"tgl":"2026-04-28","encrypt":"41c7aa6da1665eab307362296dd568d0","id_apl":"APL01","key":"RS Mitra K"}
2026-04-28 10:50:20 - getOutlet.php - Params - tgl: 2026-04-28, encrypt: 41c7aa6da1665eab307362296dd568d0, id_apl: APL01, key: RS Mitra K
2026-04-28 10:50:20 - getOutlet.php - Aplikasi ditemukan: Ya
2026-04-28 10:50:20 - getOutlet.php - Key aplikasi: YbcJSFjkds...
2026-04-28 10:50:20 - getOutlet.php - Expected encrypt: 41c7aa6da1665eab307362296dd568d0
2026-04-28 10:50:20 - getOutlet.php - Received encrypt: 41c7aa6da1665eab307362296dd568d0
2026-04-28 10:50:20 - getOutlet.php - Authentication berhasil
2026-04-28 10:50:20 - getOutlet.php - Query: SELECT id_out, nama_out, '' AS alamat_out, ofcode_out
            FROM outlet 
            WHERE status_out IN ('Active', '1', 'active')
            AND (nama_out LIKE :key OR ofcode_out LIKE :key)
            ORDER BY nama_out ASC
            LIMIT 20
2026-04-28 10:50:20 - getOutlet.php - Query berhasil, mengembalikan 16 record
2026-04-28 10:50:20 - getOutlet.php - === END REQUEST ===
2026-04-28 03:50:21 - getOutlet.php - === REQUEST GETOUTLET ===
2026-04-28 03:50:21 - getOutlet.php - Method: POST
2026-04-28 03:50:21 - getOutlet.php - POST data: {"tgl":"2026-04-28","encrypt":"41c7aa6da1665eab307362296dd568d0","id_apl":"APL01","key":"RS Mitra"}
2026-04-28 10:50:21 - getOutlet.php - Params - tgl: 2026-04-28, encrypt: 41c7aa6da1665eab307362296dd568d0, id_apl: APL01, key: RS Mitra
2026-04-28 10:50:21 - getOutlet.php - Aplikasi ditemukan: Ya
2026-04-28 10:50:21 - getOutlet.php - Key aplikasi: YbcJSFjkds...
2026-04-28 10:50:21 - getOutlet.php - Expected encrypt: 41c7aa6da1665eab307362296dd568d0
2026-04-28 10:50:21 - getOutlet.php - Received encrypt: 41c7aa6da1665eab307362296dd568d0
2026-04-28 10:50:21 - getOutlet.php - Authentication berhasil
2026-04-28 10:50:21 - getOutlet.php - Query: SELECT id_out, nama_out, '' AS alamat_out, ofcode_out
            FROM outlet 
            WHERE status_out IN ('Active', '1', 'active')
            AND (nama_out LIKE :key OR ofcode_out LIKE :key)
            ORDER BY nama_out ASC
            LIMIT 20
2026-04-28 10:50:21 - getOutlet.php - Query berhasil, mengembalikan 17 record
2026-04-28 10:50:21 - getOutlet.php - === END REQUEST ===
2026-04-28 03:50:21 - getOutlet.php - === REQUEST GETOUTLET ===
2026-04-28 03:50:21 - getOutlet.php - Method: POST
2026-04-28 03:50:21 - getOutlet.php - POST data: {"tgl":"2026-04-28","encrypt":"41c7aa6da1665eab307362296dd568d0","id_apl":"APL01","key":"RS Mitra"}
2026-04-28 10:50:21 - getOutlet.php - Params - tgl: 2026-04-28, encrypt: 41c7aa6da1665eab307362296dd568d0, id_apl: APL01, key: RS Mitra
2026-04-28 10:50:21 - getOutlet.php - Aplikasi ditemukan: Ya
2026-04-28 10:50:21 - getOutlet.php - Key aplikasi: YbcJSFjkds...
2026-04-28 10:50:21 - getOutlet.php - Expected encrypt: 41c7aa6da1665eab307362296dd568d0
2026-04-28 10:50:21 - getOutlet.php - Received encrypt: 41c7aa6da1665eab307362296dd568d0
2026-04-28 10:50:21 - getOutlet.php - Authentication berhasil
2026-04-28 10:50:21 - getOutlet.php - Query: SELECT id_out, nama_out, '' AS alamat_out, ofcode_out
            FROM outlet 
            WHERE status_out IN ('Active', '1', 'active')
            AND (nama_out LIKE :key OR ofcode_out LIKE :key)
            ORDER BY nama_out ASC
            LIMIT 20
2026-04-28 10:50:21 - getOutlet.php - Query berhasil, mengembalikan 17 record
2026-04-28 10:50:21 - getOutlet.php - === END REQUEST ===
2026-04-28 03:50:21 - getOutlet.php - === REQUEST GETOUTLET ===
2026-04-28 03:50:21 - getOutlet.php - Method: POST
2026-04-28 03:50:21 - getOutlet.php - POST data: {"tgl":"2026-04-28","encrypt":"41c7aa6da1665eab307362296dd568d0","id_apl":"APL01","key":"RS Mitr"}
2026-04-28 10:50:21 - getOutlet.php - Params - tgl: 2026-04-28, encrypt: 41c7aa6da1665eab307362296dd568d0, id_apl: APL01, key: RS Mitr
2026-04-28 10:50:21 - getOutlet.php - Aplikasi ditemukan: Ya
2026-04-28 10:50:21 - getOutlet.php - Key aplikasi: YbcJSFjkds...
2026-04-28 10:50:21 - getOutlet.php - Expected encrypt: 41c7aa6da1665eab307362296dd568d0
2026-04-28 10:50:21 - getOutlet.php - Received encrypt: 41c7aa6da1665eab307362296dd568d0
2026-04-28 10:50:21 - getOutlet.php - Authentication berhasil
2026-04-28 10:50:21 - getOutlet.php - Query: SELECT id_out, nama_out, '' AS alamat_out, ofcode_out
            FROM outlet 
            WHERE status_out IN ('Active', '1', 'active')
            AND (nama_out LIKE :key OR ofcode_out LIKE :key)
            ORDER BY nama_out ASC
            LIMIT 20
2026-04-28 10:50:21 - getOutlet.php - Query berhasil, mengembalikan 17 record
2026-04-28 10:50:21 - getOutlet.php - === END REQUEST ===
2026-04-28 03:50:21 - getOutlet.php - === REQUEST GETOUTLET ===
2026-04-28 03:50:21 - getOutlet.php - Method: POST
2026-04-28 03:50:21 - getOutlet.php - POST data: {"tgl":"2026-04-28","encrypt":"41c7aa6da1665eab307362296dd568d0","id_apl":"APL01","key":"RS Mit"}
2026-04-28 10:50:21 - getOutlet.php - Params - tgl: 2026-04-28, encrypt: 41c7aa6da1665eab307362296dd568d0, id_apl: APL01, key: RS Mit
2026-04-28 10:50:21 - getOutlet.php - Aplikasi ditemukan: Ya
2026-04-28 10:50:21 - getOutlet.php - Key aplikasi: YbcJSFjkds...
2026-04-28 10:50:21 - getOutlet.php - Expected encrypt: 41c7aa6da1665eab307362296dd568d0
2026-04-28 10:50:21 - getOutlet.php - Received encrypt: 41c7aa6da1665eab307362296dd568d0
2026-04-28 10:50:21 - getOutlet.php - Authentication berhasil
2026-04-28 10:50:21 - getOutlet.php - Query: SELECT id_out, nama_out, '' AS alamat_out, ofcode_out
            FROM outlet 
            WHERE status_out IN ('Active', '1', 'active')
            AND (nama_out LIKE :key OR ofcode_out LIKE :key)
            ORDER BY nama_out ASC
            LIMIT 20
2026-04-28 10:50:21 - getOutlet.php - Query berhasil, mengembalikan 17 record
2026-04-28 10:50:21 - getOutlet.php - === END REQUEST ===
2026-04-28 03:50:21 - getOutlet.php - === REQUEST GETOUTLET ===
2026-04-28 03:50:21 - getOutlet.php - Method: POST
2026-04-28 03:50:21 - getOutlet.php - POST data: {"tgl":"2026-04-28","encrypt":"41c7aa6da1665eab307362296dd568d0","id_apl":"APL01","key":"RS M"}
2026-04-28 10:50:21 - getOutlet.php - Params - tgl: 2026-04-28, encrypt: 41c7aa6da1665eab307362296dd568d0, id_apl: APL01, key: RS M
2026-04-28 10:50:21 - getOutlet.php - Aplikasi ditemukan: Ya
2026-04-28 10:50:21 - getOutlet.php - Key aplikasi: YbcJSFjkds...
2026-04-28 10:50:21 - getOutlet.php - Expected encrypt: 41c7aa6da1665eab307362296dd568d0
2026-04-28 10:50:21 - getOutlet.php - Received encrypt: 41c7aa6da1665eab307362296dd568d0
2026-04-28 10:50:21 - getOutlet.php - Authentication berhasil
2026-04-28 10:50:21 - getOutlet.php - Query: SELECT id_out, nama_out, '' AS alamat_out, ofcode_out
            FROM outlet 
            WHERE status_out IN ('Active', '1', 'active')
            AND (nama_out LIKE :key OR ofcode_out LIKE :key)
            ORDER BY nama_out ASC
            LIMIT 20
2026-04-28 10:50:21 - getOutlet.php - Query berhasil, mengembalikan 20 record
2026-04-28 10:50:21 - getOutlet.php - === END REQUEST ===
2026-04-28 03:50:21 - getOutlet.php - === REQUEST GETOUTLET ===
2026-04-28 03:50:21 - getOutlet.php - Method: POST
2026-04-28 03:50:21 - getOutlet.php - POST data: {"tgl":"2026-04-28","encrypt":"41c7aa6da1665eab307362296dd568d0","id_apl":"APL01","key":"RS"}
2026-04-28 10:50:21 - getOutlet.php - Params - tgl: 2026-04-28, encrypt: 41c7aa6da1665eab307362296dd568d0, id_apl: APL01, key: RS
2026-04-28 10:50:21 - getOutlet.php - Aplikasi ditemukan: Ya
2026-04-28 10:50:21 - getOutlet.php - Key aplikasi: YbcJSFjkds...
2026-04-28 10:50:21 - getOutlet.php - Expected encrypt: 41c7aa6da1665eab307362296dd568d0
2026-04-28 10:50:21 - getOutlet.php - Received encrypt: 41c7aa6da1665eab307362296dd568d0
2026-04-28 10:50:21 - getOutlet.php - Authentication berhasil
2026-04-28 10:50:21 - getOutlet.php - Query: SELECT id_out, nama_out, '' AS alamat_out, ofcode_out
            FROM outlet 
            WHERE status_out IN ('Active', '1', 'active')
            AND (nama_out LIKE :key OR ofcode_out LIKE :key)
            ORDER BY nama_out ASC
            LIMIT 20
2026-04-28 10:50:21 - getOutlet.php - Query berhasil, mengembalikan 20 record
2026-04-28 10:50:21 - getOutlet.php - === END REQUEST ===
2026-04-28 03:50:26 - getOutlet.php - === REQUEST GETOUTLET ===
2026-04-28 03:50:26 - getOutlet.php - Method: POST
2026-04-28 03:50:26 - getOutlet.php - POST data: {"tgl":"2026-04-28","encrypt":"41c7aa6da1665eab307362296dd568d0","id_apl":"APL01","key":"Rs"}
2026-04-28 10:50:26 - getOutlet.php - Params - tgl: 2026-04-28, encrypt: 41c7aa6da1665eab307362296dd568d0, id_apl: APL01, key: Rs
2026-04-28 10:50:26 - getOutlet.php - Aplikasi ditemukan: Ya
2026-04-28 10:50:26 - getOutlet.php - Key aplikasi: YbcJSFjkds...
2026-04-28 10:50:26 - getOutlet.php - Expected encrypt: 41c7aa6da1665eab307362296dd568d0
2026-04-28 10:50:26 - getOutlet.php - Received encrypt: 41c7aa6da1665eab307362296dd568d0
2026-04-28 10:50:26 - getOutlet.php - Authentication berhasil
2026-04-28 10:50:26 - getOutlet.php - Query: SELECT id_out, nama_out, '' AS alamat_out, ofcode_out
            FROM outlet 
            WHERE status_out IN ('Active', '1', 'active')
            AND (nama_out LIKE :key OR ofcode_out LIKE :key)
            ORDER BY nama_out ASC
            LIMIT 20
2026-04-28 10:50:26 - getOutlet.php - Query berhasil, mengembalikan 20 record
2026-04-28 10:50:26 - getOutlet.php - === END REQUEST ===
2026-04-28 03:50:27 - getOutlet.php - === REQUEST GETOUTLET ===
2026-04-28 03:50:27 - getOutlet.php - Method: POST
2026-04-28 03:50:27 - getOutlet.php - POST data: {"tgl":"2026-04-28","encrypt":"41c7aa6da1665eab307362296dd568d0","id_apl":"APL01","key":"Rs m"}
2026-04-28 10:50:27 - getOutlet.php - Params - tgl: 2026-04-28, encrypt: 41c7aa6da1665eab307362296dd568d0, id_apl: APL01, key: Rs m
2026-04-28 10:50:27 - getOutlet.php - Aplikasi ditemukan: Ya
2026-04-28 10:50:27 - getOutlet.php - Key aplikasi: YbcJSFjkds...
2026-04-28 10:50:27 - getOutlet.php - Expected encrypt: 41c7aa6da1665eab307362296dd568d0
2026-04-28 10:50:27 - getOutlet.php - Received encrypt: 41c7aa6da1665eab307362296dd568d0
2026-04-28 10:50:27 - getOutlet.php - Authentication berhasil
2026-04-28 10:50:27 - getOutlet.php - Query: SELECT id_out, nama_out, '' AS alamat_out, ofcode_out
            FROM outlet 
            WHERE status_out IN ('Active', '1', 'active')
            AND (nama_out LIKE :key OR ofcode_out LIKE :key)
            ORDER BY nama_out ASC
            LIMIT 20
2026-04-28 10:50:27 - getOutlet.php - Query berhasil, mengembalikan 20 record
2026-04-28 10:50:27 - getOutlet.php - === END REQUEST ===
2026-04-28 03:50:27 - getOutlet.php - === REQUEST GETOUTLET ===
2026-04-28 03:50:27 - getOutlet.php - Method: POST
2026-04-28 03:50:27 - getOutlet.php - POST data: {"tgl":"2026-04-28","encrypt":"41c7aa6da1665eab307362296dd568d0","id_apl":"APL01","key":"Rs"}
2026-04-28 10:50:27 - getOutlet.php - Params - tgl: 2026-04-28, encrypt: 41c7aa6da1665eab307362296dd568d0, id_apl: APL01, key: Rs
2026-04-28 10:50:27 - getOutlet.php - Aplikasi ditemukan: Ya
2026-04-28 10:50:27 - getOutlet.php - Key aplikasi: YbcJSFjkds...
2026-04-28 10:50:27 - getOutlet.php - Expected encrypt: 41c7aa6da1665eab307362296dd568d0
2026-04-28 10:50:27 - getOutlet.php - Received encrypt: 41c7aa6da1665eab307362296dd568d0
2026-04-28 10:50:27 - getOutlet.php - Authentication berhasil
2026-04-28 10:50:27 - getOutlet.php - Query: SELECT id_out, nama_out, '' AS alamat_out, ofcode_out
            FROM outlet 
            WHERE status_out IN ('Active', '1', 'active')
            AND (nama_out LIKE :key OR ofcode_out LIKE :key)
            ORDER BY nama_out ASC
            LIMIT 20
2026-04-28 10:50:27 - getOutlet.php - Query berhasil, mengembalikan 20 record
2026-04-28 10:50:27 - getOutlet.php - === END REQUEST ===
2026-04-28 03:50:27 - getOutlet.php - === REQUEST GETOUTLET ===
2026-04-28 03:50:27 - getOutlet.php - Method: POST
2026-04-28 03:50:27 - getOutlet.php - POST data: {"tgl":"2026-04-28","encrypt":"41c7aa6da1665eab307362296dd568d0","id_apl":"APL01","key":"Rs"}
2026-04-28 10:50:27 - getOutlet.php - Params - tgl: 2026-04-28, encrypt: 41c7aa6da1665eab307362296dd568d0, id_apl: APL01, key: Rs
2026-04-28 10:50:27 - getOutlet.php - Aplikasi ditemukan: Ya
2026-04-28 10:50:27 - getOutlet.php - Key aplikasi: YbcJSFjkds...
2026-04-28 10:50:27 - getOutlet.php - Expected encrypt: 41c7aa6da1665eab307362296dd568d0
2026-04-28 10:50:27 - getOutlet.php - Received encrypt: 41c7aa6da1665eab307362296dd568d0
2026-04-28 10:50:27 - getOutlet.php - Authentication berhasil
2026-04-28 10:50:27 - getOutlet.php - Query: SELECT id_out, nama_out, '' AS alamat_out, ofcode_out
            FROM outlet 
            WHERE status_out IN ('Active', '1', 'active')
            AND (nama_out LIKE :key OR ofcode_out LIKE :key)
            ORDER BY nama_out ASC
            LIMIT 20
2026-04-28 10:50:27 - getOutlet.php - Query berhasil, mengembalikan 20 record
2026-04-28 10:50:27 - getOutlet.php - === END REQUEST ===
2026-04-28 03:50:27 - getOutlet.php - === REQUEST GETOUTLET ===
2026-04-28 03:50:27 - getOutlet.php - Method: POST
2026-04-28 03:50:27 - getOutlet.php - POST data: {"tgl":"2026-04-28","encrypt":"41c7aa6da1665eab307362296dd568d0","id_apl":"APL01","key":"Rs mu"}
2026-04-28 10:50:27 - getOutlet.php - Params - tgl: 2026-04-28, encrypt: 41c7aa6da1665eab307362296dd568d0, id_apl: APL01, key: Rs mu
2026-04-28 10:50:27 - getOutlet.php - Aplikasi ditemukan: Ya
2026-04-28 10:50:27 - getOutlet.php - Key aplikasi: YbcJSFjkds...
2026-04-28 10:50:27 - getOutlet.php - Expected encrypt: 41c7aa6da1665eab307362296dd568d0
2026-04-28 10:50:27 - getOutlet.php - Received encrypt: 41c7aa6da1665eab307362296dd568d0
2026-04-28 10:50:27 - getOutlet.php - Authentication berhasil
2026-04-28 10:50:27 - getOutlet.php - Query: SELECT id_out, nama_out, '' AS alamat_out, ofcode_out
            FROM outlet 
            WHERE status_out IN ('Active', '1', 'active')
            AND (nama_out LIKE :key OR ofcode_out LIKE :key)
            ORDER BY nama_out ASC
            LIMIT 20
2026-04-28 10:50:27 - getOutlet.php - Query berhasil, mengembalikan 8 record
2026-04-28 10:50:27 - getOutlet.php - === END REQUEST ===
2026-04-28 03:50:27 - getOutlet.php - === REQUEST GETOUTLET ===
2026-04-28 03:50:27 - getOutlet.php - Method: POST
2026-04-28 03:50:27 - getOutlet.php - POST data: {"tgl":"2026-04-28","encrypt":"41c7aa6da1665eab307362296dd568d0","id_apl":"APL01","key":"Rs mur"}
2026-04-28 10:50:27 - getOutlet.php - Params - tgl: 2026-04-28, encrypt: 41c7aa6da1665eab307362296dd568d0, id_apl: APL01, key: Rs mur
2026-04-28 10:50:27 - getOutlet.php - Aplikasi ditemukan: Ya
2026-04-28 10:50:27 - getOutlet.php - Key aplikasi: YbcJSFjkds...
2026-04-28 10:50:27 - getOutlet.php - Expected encrypt: 41c7aa6da1665eab307362296dd568d0
2026-04-28 10:50:27 - getOutlet.php - Received encrypt: 41c7aa6da1665eab307362296dd568d0
2026-04-28 10:50:27 - getOutlet.php - Authentication berhasil
2026-04-28 10:50:27 - getOutlet.php - Query: SELECT id_out, nama_out, '' AS alamat_out, ofcode_out
            FROM outlet 
            WHERE status_out IN ('Active', '1', 'active')
            AND (nama_out LIKE :key OR ofcode_out LIKE :key)
            ORDER BY nama_out ASC
            LIMIT 20
2026-04-28 10:50:27 - getOutlet.php - Query berhasil, mengembalikan 3 record
2026-04-28 10:50:27 - getOutlet.php - === END REQUEST ===
2026-04-28 03:50:28 - getOutlet.php - === REQUEST GETOUTLET ===
2026-04-28 03:50:28 - getOutlet.php - Method: POST
2026-04-28 03:50:28 - getOutlet.php - POST data: {"tgl":"2026-04-28","encrypt":"41c7aa6da1665eab307362296dd568d0","id_apl":"APL01","key":"Rs murn"}
2026-04-28 10:50:28 - getOutlet.php - Params - tgl: 2026-04-28, encrypt: 41c7aa6da1665eab307362296dd568d0, id_apl: APL01, key: Rs murn
2026-04-28 10:50:28 - getOutlet.php - Aplikasi ditemukan: Ya
2026-04-28 10:50:28 - getOutlet.php - Key aplikasi: YbcJSFjkds...
2026-04-28 10:50:28 - getOutlet.php - Expected encrypt: 41c7aa6da1665eab307362296dd568d0
2026-04-28 10:50:28 - getOutlet.php - Received encrypt: 41c7aa6da1665eab307362296dd568d0
2026-04-28 10:50:28 - getOutlet.php - Authentication berhasil
2026-04-28 10:50:28 - getOutlet.php - Query: SELECT id_out, nama_out, '' AS alamat_out, ofcode_out
            FROM outlet 
            WHERE status_out IN ('Active', '1', 'active')
            AND (nama_out LIKE :key OR ofcode_out LIKE :key)
            ORDER BY nama_out ASC
            LIMIT 20
2026-04-28 10:50:28 - getOutlet.php - Query berhasil, mengembalikan 3 record
2026-04-28 03:50:28 - getOutlet.php - === REQUEST GETOUTLET ===
2026-04-28 10:50:28 - getOutlet.php - === END REQUEST ===
2026-04-28 03:50:28 - getOutlet.php - Method: POST
2026-04-28 03:50:28 - getOutlet.php - === REQUEST GETOUTLET ===
2026-04-28 03:50:28 - getOutlet.php - POST data: {"tgl":"2026-04-28","encrypt":"41c7aa6da1665eab307362296dd568d0","id_apl":"APL01","key":"Rs murni"}
2026-04-28 03:50:28 - getOutlet.php - Method: POST
2026-04-28 10:50:28 - getOutlet.php - Params - tgl: 2026-04-28, encrypt: 41c7aa6da1665eab307362296dd568d0, id_apl: APL01, key: Rs murni
2026-04-28 03:50:28 - getOutlet.php - POST data: {"tgl":"2026-04-28","encrypt":"41c7aa6da1665eab307362296dd568d0","id_apl":"APL01","key":"Rs murni"}
2026-04-28 10:50:28 - getOutlet.php - Params - tgl: 2026-04-28, encrypt: 41c7aa6da1665eab307362296dd568d0, id_apl: APL01, key: Rs murni
2026-04-28 10:50:28 - getOutlet.php - Aplikasi ditemukan: Ya
2026-04-28 10:50:28 - getOutlet.php - Aplikasi ditemukan: Ya
2026-04-28 10:50:28 - getOutlet.php - Key aplikasi: YbcJSFjkds...
2026-04-28 10:50:28 - getOutlet.php - Key aplikasi: YbcJSFjkds...
2026-04-28 10:50:28 - getOutlet.php - Expected encrypt: 41c7aa6da1665eab307362296dd568d0
2026-04-28 10:50:28 - getOutlet.php - Expected encrypt: 41c7aa6da1665eab307362296dd568d0
2026-04-28 10:50:28 - getOutlet.php - Received encrypt: 41c7aa6da1665eab307362296dd568d0
2026-04-28 10:50:28 - getOutlet.php - Received encrypt: 41c7aa6da1665eab307362296dd568d0
2026-04-28 10:50:28 - getOutlet.php - Authentication berhasil
2026-04-28 10:50:28 - getOutlet.php - Authentication berhasil
2026-04-28 10:50:28 - getOutlet.php - Query: SELECT id_out, nama_out, '' AS alamat_out, ofcode_out
            FROM outlet 
            WHERE status_out IN ('Active', '1', 'active')
            AND (nama_out LIKE :key OR ofcode_out LIKE :key)
            ORDER BY nama_out ASC
            LIMIT 20
2026-04-28 10:50:28 - getOutlet.php - Query berhasil, mengembalikan 3 record
2026-04-28 10:50:28 - getOutlet.php - === END REQUEST ===
2026-04-28 10:50:28 - getOutlet.php - Query: SELECT id_out, nama_out, '' AS alamat_out, ofcode_out
            FROM outlet 
            WHERE status_out IN ('Active', '1', 'active')
            AND (nama_out LIKE :key OR ofcode_out LIKE :key)
            ORDER BY nama_out ASC
            LIMIT 20
2026-04-28 10:50:28 - getOutlet.php - Query berhasil, mengembalikan 3 record
2026-04-28 10:50:28 - getOutlet.php - === END REQUEST ===
2026-04-28 03:50:28 - getOutlet.php - === REQUEST GETOUTLET ===
2026-04-28 03:50:28 - getOutlet.php - Method: POST
2026-04-28 03:50:28 - getOutlet.php - POST data: {"tgl":"2026-04-28","encrypt":"41c7aa6da1665eab307362296dd568d0","id_apl":"APL01","key":"Rs murni"}
2026-04-28 10:50:28 - getOutlet.php - Params - tgl: 2026-04-28, encrypt: 41c7aa6da1665eab307362296dd568d0, id_apl: APL01, key: Rs murni
2026-04-28 10:50:28 - getOutlet.php - Aplikasi ditemukan: Ya
2026-04-28 10:50:28 - getOutlet.php - Key aplikasi: YbcJSFjkds...
2026-04-28 10:50:28 - getOutlet.php - Expected encrypt: 41c7aa6da1665eab307362296dd568d0
2026-04-28 10:50:28 - getOutlet.php - Received encrypt: 41c7aa6da1665eab307362296dd568d0
2026-04-28 10:50:28 - getOutlet.php - Authentication berhasil
2026-04-28 10:50:28 - getOutlet.php - Query: SELECT id_out, nama_out, '' AS alamat_out, ofcode_out
            FROM outlet 
            WHERE status_out IN ('Active', '1', 'active')
            AND (nama_out LIKE :key OR ofcode_out LIKE :key)
            ORDER BY nama_out ASC
            LIMIT 20
2026-04-28 10:50:28 - getOutlet.php - Query berhasil, mengembalikan 3 record
2026-04-28 10:50:28 - getOutlet.php - === END REQUEST ===
2026-04-28 03:50:28 - getOutlet.php - === REQUEST GETOUTLET ===
2026-04-28 03:50:28 - getOutlet.php - Method: POST
2026-04-28 03:50:28 - getOutlet.php - POST data: {"tgl":"2026-04-28","encrypt":"41c7aa6da1665eab307362296dd568d0","id_apl":"APL01","key":"Rs murni t"}
2026-04-28 10:50:28 - getOutlet.php - Params - tgl: 2026-04-28, encrypt: 41c7aa6da1665eab307362296dd568d0, id_apl: APL01, key: Rs murni t
2026-04-28 10:50:28 - getOutlet.php - Aplikasi ditemukan: Ya
2026-04-28 10:50:28 - getOutlet.php - Key aplikasi: YbcJSFjkds...
2026-04-28 10:50:28 - getOutlet.php - Expected encrypt: 41c7aa6da1665eab307362296dd568d0
2026-04-28 10:50:28 - getOutlet.php - Received encrypt: 41c7aa6da1665eab307362296dd568d0
2026-04-28 10:50:28 - getOutlet.php - Authentication berhasil
2026-04-28 10:50:28 - getOutlet.php - Query: SELECT id_out, nama_out, '' AS alamat_out, ofcode_out
            FROM outlet 
            WHERE status_out IN ('Active', '1', 'active')
            AND (nama_out LIKE :key OR ofcode_out LIKE :key)
            ORDER BY nama_out ASC
            LIMIT 20
2026-04-28 10:50:28 - getOutlet.php - Query berhasil, mengembalikan 2 record
2026-04-28 10:50:28 - getOutlet.php - === END REQUEST ===
2026-04-28 03:50:29 - getOutlet.php - === REQUEST GETOUTLET ===
2026-04-28 03:50:29 - getOutlet.php - Method: POST
2026-04-28 03:50:29 - getOutlet.php - POST data: {"tgl":"2026-04-28","encrypt":"41c7aa6da1665eab307362296dd568d0","id_apl":"APL01","key":"Rs murni te"}
2026-04-28 10:50:29 - getOutlet.php - Params - tgl: 2026-04-28, encrypt: 41c7aa6da1665eab307362296dd568d0, id_apl: APL01, key: Rs murni te
2026-04-28 10:50:29 - getOutlet.php - Aplikasi ditemukan: Ya
2026-04-28 10:50:29 - getOutlet.php - Key aplikasi: YbcJSFjkds...
2026-04-28 10:50:29 - getOutlet.php - Expected encrypt: 41c7aa6da1665eab307362296dd568d0
2026-04-28 10:50:29 - getOutlet.php - Received encrypt: 41c7aa6da1665eab307362296dd568d0
2026-04-28 10:50:29 - getOutlet.php - Authentication berhasil
2026-04-28 10:50:29 - getOutlet.php - Query: SELECT id_out, nama_out, '' AS alamat_out, ofcode_out
            FROM outlet 
            WHERE status_out IN ('Active', '1', 'active')
            AND (nama_out LIKE :key OR ofcode_out LIKE :key)
            ORDER BY nama_out ASC
            LIMIT 20
2026-04-28 10:50:29 - getOutlet.php - Query berhasil, mengembalikan 2 record
2026-04-28 10:50:29 - getOutlet.php - === END REQUEST ===
2026-04-28 03:50:29 - getOutlet.php - === REQUEST GETOUTLET ===
2026-04-28 03:50:29 - getOutlet.php - Method: POST
2026-04-28 03:50:29 - getOutlet.php - POST data: {"tgl":"2026-04-28","encrypt":"41c7aa6da1665eab307362296dd568d0","id_apl":"APL01","key":"Rs murni teg"}
2026-04-28 10:50:29 - getOutlet.php - Params - tgl: 2026-04-28, encrypt: 41c7aa6da1665eab307362296dd568d0, id_apl: APL01, key: Rs murni teg
2026-04-28 10:50:29 - getOutlet.php - Aplikasi ditemukan: Ya
2026-04-28 10:50:29 - getOutlet.php - Key aplikasi: YbcJSFjkds...
2026-04-28 10:50:29 - getOutlet.php - Expected encrypt: 41c7aa6da1665eab307362296dd568d0
2026-04-28 10:50:29 - getOutlet.php - Received encrypt: 41c7aa6da1665eab307362296dd568d0
2026-04-28 10:50:29 - getOutlet.php - Authentication berhasil
2026-04-28 10:50:29 - getOutlet.php - Query: SELECT id_out, nama_out, '' AS alamat_out, ofcode_out
            FROM outlet 
            WHERE status_out IN ('Active', '1', 'active')
            AND (nama_out LIKE :key OR ofcode_out LIKE :key)
            ORDER BY nama_out ASC
            LIMIT 20
2026-04-28 10:50:29 - getOutlet.php - Query berhasil, mengembalikan 2 record
2026-04-28 10:50:29 - getOutlet.php - === END REQUEST ===
2026-04-28 03:50:29 - getOutlet.php - === REQUEST GETOUTLET ===
2026-04-28 03:50:29 - getOutlet.php - Method: POST
2026-04-28 03:50:29 - getOutlet.php - POST data: {"tgl":"2026-04-28","encrypt":"41c7aa6da1665eab307362296dd568d0","id_apl":"APL01","key":"Rs murni tegu"}
2026-04-28 10:50:29 - getOutlet.php - Params - tgl: 2026-04-28, encrypt: 41c7aa6da1665eab307362296dd568d0, id_apl: APL01, key: Rs murni tegu
2026-04-28 10:50:29 - getOutlet.php - Aplikasi ditemukan: Ya
2026-04-28 10:50:29 - getOutlet.php - Key aplikasi: YbcJSFjkds...
2026-04-28 10:50:29 - getOutlet.php - Expected encrypt: 41c7aa6da1665eab307362296dd568d0
2026-04-28 10:50:29 - getOutlet.php - Received encrypt: 41c7aa6da1665eab307362296dd568d0
2026-04-28 10:50:29 - getOutlet.php - Authentication berhasil
2026-04-28 10:50:29 - getOutlet.php - Query: SELECT id_out, nama_out, '' AS alamat_out, ofcode_out
            FROM outlet 
            WHERE status_out IN ('Active', '1', 'active')
            AND (nama_out LIKE :key OR ofcode_out LIKE :key)
            ORDER BY nama_out ASC
            LIMIT 20
2026-04-28 10:50:29 - getOutlet.php - Query berhasil, mengembalikan 2 record
2026-04-28 10:50:29 - getOutlet.php - === END REQUEST ===
2026-04-28 03:50:29 - getOutlet.php - === REQUEST GETOUTLET ===
2026-04-28 03:50:29 - getOutlet.php - Method: POST
2026-04-28 03:50:29 - getOutlet.php - POST data: {"tgl":"2026-04-28","encrypt":"41c7aa6da1665eab307362296dd568d0","id_apl":"APL01","key":"Rs murni teguh"}
2026-04-28 10:50:29 - getOutlet.php - Params - tgl: 2026-04-28, encrypt: 41c7aa6da1665eab307362296dd568d0, id_apl: APL01, key: Rs murni teguh
2026-04-28 10:50:29 - getOutlet.php - Aplikasi ditemukan: Ya
2026-04-28 10:50:29 - getOutlet.php - Key aplikasi: YbcJSFjkds...
2026-04-28 10:50:29 - getOutlet.php - Expected encrypt: 41c7aa6da1665eab307362296dd568d0
2026-04-28 10:50:29 - getOutlet.php - Received encrypt: 41c7aa6da1665eab307362296dd568d0
2026-04-28 10:50:29 - getOutlet.php - Authentication berhasil
2026-04-28 10:50:29 - getOutlet.php - Query: SELECT id_out, nama_out, '' AS alamat_out, ofcode_out
            FROM outlet 
            WHERE status_out IN ('Active', '1', 'active')
            AND (nama_out LIKE :key OR ofcode_out LIKE :key)
            ORDER BY nama_out ASC
            LIMIT 20
2026-04-28 10:50:29 - getOutlet.php - Query berhasil, mengembalikan 2 record
2026-04-28 10:50:29 - getOutlet.php - === END REQUEST ===
2026-04-28 03:50:32 - getOutlet.php - === REQUEST GETOUTLET ===
2026-04-28 03:50:32 - getOutlet.php - Method: POST
2026-04-28 03:50:32 - getOutlet.php - POST data: {"tgl":"2026-04-28","encrypt":"41c7aa6da1665eab307362296dd568d0","id_apl":"APL01","key":"RS MURNI TEGUH CILEDUG"}
2026-04-28 10:50:32 - getOutlet.php - Params - tgl: 2026-04-28, encrypt: 41c7aa6da1665eab307362296dd568d0, id_apl: APL01, key: RS MURNI TEGUH CILEDUG
2026-04-28 10:50:32 - getOutlet.php - Aplikasi ditemukan: Ya
2026-04-28 10:50:32 - getOutlet.php - Key aplikasi: YbcJSFjkds...
2026-04-28 10:50:32 - getOutlet.php - Expected encrypt: 41c7aa6da1665eab307362296dd568d0
2026-04-28 10:50:32 - getOutlet.php - Received encrypt: 41c7aa6da1665eab307362296dd568d0
2026-04-28 10:50:32 - getOutlet.php - Authentication berhasil
2026-04-28 10:50:32 - getOutlet.php - Query: SELECT id_out, nama_out, '' AS alamat_out, ofcode_out
            FROM outlet 
            WHERE status_out IN ('Active', '1', 'active')
            AND (nama_out LIKE :key OR ofcode_out LIKE :key)
            ORDER BY nama_out ASC
            LIMIT 20
2026-04-28 10:50:32 - getOutlet.php - Query berhasil, mengembalikan 1 record
2026-04-28 10:50:32 - getOutlet.php - === END REQUEST ===
2026-04-28 03:50:52 - getOutlet.php - === REQUEST GETOUTLET ===
2026-04-28 03:50:52 - getOutlet.php - Method: POST
2026-04-28 03:50:52 - getOutlet.php - POST data: {"tgl":"2026-04-28","encrypt":"41c7aa6da1665eab307362296dd568d0","id_apl":"APL01","key":"Rs"}
2026-04-28 10:50:52 - getOutlet.php - Params - tgl: 2026-04-28, encrypt: 41c7aa6da1665eab307362296dd568d0, id_apl: APL01, key: Rs
2026-04-28 10:50:52 - getOutlet.php - Aplikasi ditemukan: Ya
2026-04-28 10:50:52 - getOutlet.php - Key aplikasi: YbcJSFjkds...
2026-04-28 10:50:52 - getOutlet.php - Expected encrypt: 41c7aa6da1665eab307362296dd568d0
2026-04-28 10:50:52 - getOutlet.php - Received encrypt: 41c7aa6da1665eab307362296dd568d0
2026-04-28 10:50:52 - getOutlet.php - Authentication berhasil
2026-04-28 10:50:52 - getOutlet.php - Query: SELECT id_out, nama_out, '' AS alamat_out, ofcode_out
            FROM outlet 
            WHERE status_out IN ('Active', '1', 'active')
            AND (nama_out LIKE :key OR ofcode_out LIKE :key)
            ORDER BY nama_out ASC
            LIMIT 20
2026-04-28 10:50:52 - getOutlet.php - Query berhasil, mengembalikan 20 record
2026-04-28 10:50:52 - getOutlet.php - === END REQUEST ===
2026-04-28 03:50:53 - getOutlet.php - === REQUEST GETOUTLET ===
2026-04-28 03:50:53 - getOutlet.php - Method: POST
2026-04-28 03:50:53 - getOutlet.php - POST data: {"tgl":"2026-04-28","encrypt":"41c7aa6da1665eab307362296dd568d0","id_apl":"APL01","key":"Ma"}
2026-04-28 10:50:53 - getOutlet.php - Params - tgl: 2026-04-28, encrypt: 41c7aa6da1665eab307362296dd568d0, id_apl: APL01, key: Ma
2026-04-28 10:50:53 - getOutlet.php - Aplikasi ditemukan: Ya
2026-04-28 10:50:53 - getOutlet.php - Key aplikasi: YbcJSFjkds...
2026-04-28 10:50:53 - getOutlet.php - Expected encrypt: 41c7aa6da1665eab307362296dd568d0
2026-04-28 10:50:53 - getOutlet.php - Received encrypt: 41c7aa6da1665eab307362296dd568d0
2026-04-28 10:50:53 - getOutlet.php - Authentication berhasil
2026-04-28 10:50:53 - getOutlet.php - Query: SELECT id_out, nama_out, '' AS alamat_out, ofcode_out
            FROM outlet 
            WHERE status_out IN ('Active', '1', 'active')
            AND (nama_out LIKE :key OR ofcode_out LIKE :key)
            ORDER BY nama_out ASC
            LIMIT 20
2026-04-28 10:50:53 - getOutlet.php - Query berhasil, mengembalikan 20 record
2026-04-28 10:50:53 - getOutlet.php - === END REQUEST ===
2026-04-28 03:50:53 - getOutlet.php - === REQUEST GETOUTLET ===
2026-04-28 03:50:53 - getOutlet.php - Method: POST
2026-04-28 03:50:53 - getOutlet.php - POST data: {"tgl":"2026-04-28","encrypt":"41c7aa6da1665eab307362296dd568d0","id_apl":"APL01","key":"May"}
2026-04-28 10:50:53 - getOutlet.php - Params - tgl: 2026-04-28, encrypt: 41c7aa6da1665eab307362296dd568d0, id_apl: APL01, key: May
2026-04-28 10:50:53 - getOutlet.php - Aplikasi ditemukan: Ya
2026-04-28 10:50:53 - getOutlet.php - Key aplikasi: YbcJSFjkds...
2026-04-28 10:50:53 - getOutlet.php - Expected encrypt: 41c7aa6da1665eab307362296dd568d0
2026-04-28 10:50:53 - getOutlet.php - Received encrypt: 41c7aa6da1665eab307362296dd568d0
2026-04-28 10:50:53 - getOutlet.php - Authentication berhasil
2026-04-28 10:50:53 - getOutlet.php - Query: SELECT id_out, nama_out, '' AS alamat_out, ofcode_out
            FROM outlet 
            WHERE status_out IN ('Active', '1', 'active')
            AND (nama_out LIKE :key OR ofcode_out LIKE :key)
            ORDER BY nama_out ASC
            LIMIT 20
2026-04-28 10:50:53 - getOutlet.php - Query berhasil, mengembalikan 20 record
2026-04-28 10:50:53 - getOutlet.php - === END REQUEST ===
2026-04-28 03:50:53 - getOutlet.php - === REQUEST GETOUTLET ===
2026-04-28 03:50:53 - getOutlet.php - Method: POST
2026-04-28 03:50:53 - getOutlet.php - POST data: {"tgl":"2026-04-28","encrypt":"41c7aa6da1665eab307362296dd568d0","id_apl":"APL01","key":"Rs"}
2026-04-28 10:50:53 - getOutlet.php - Params - tgl: 2026-04-28, encrypt: 41c7aa6da1665eab307362296dd568d0, id_apl: APL01, key: Rs
2026-04-28 10:50:53 - getOutlet.php - Aplikasi ditemukan: Ya
2026-04-28 10:50:53 - getOutlet.php - Key aplikasi: YbcJSFjkds...
2026-04-28 10:50:53 - getOutlet.php - Expected encrypt: 41c7aa6da1665eab307362296dd568d0
2026-04-28 10:50:53 - getOutlet.php - Received encrypt: 41c7aa6da1665eab307362296dd568d0
2026-04-28 10:50:53 - getOutlet.php - Authentication berhasil
2026-04-28 10:50:53 - getOutlet.php - Query: SELECT id_out, nama_out, '' AS alamat_out, ofcode_out
            FROM outlet 
            WHERE status_out IN ('Active', '1', 'active')
            AND (nama_out LIKE :key OR ofcode_out LIKE :key)
            ORDER BY nama_out ASC
            LIMIT 20
2026-04-28 10:50:53 - getOutlet.php - Query berhasil, mengembalikan 20 record
2026-04-28 10:50:53 - getOutlet.php - === END REQUEST ===
2026-04-28 03:50:53 - getOutlet.php - === REQUEST GETOUTLET ===
2026-04-28 03:50:53 - getOutlet.php - Method: POST
2026-04-28 03:50:53 - getOutlet.php - POST data: {"tgl":"2026-04-28","encrypt":"41c7aa6da1665eab307362296dd568d0","id_apl":"APL01","key":"Rs"}
2026-04-28 10:50:53 - getOutlet.php - Params - tgl: 2026-04-28, encrypt: 41c7aa6da1665eab307362296dd568d0, id_apl: APL01, key: Rs
2026-04-28 10:50:53 - getOutlet.php - Aplikasi ditemukan: Ya
2026-04-28 10:50:53 - getOutlet.php - Key aplikasi: YbcJSFjkds...
2026-04-28 10:50:53 - getOutlet.php - Expected encrypt: 41c7aa6da1665eab307362296dd568d0
2026-04-28 10:50:53 - getOutlet.php - Received encrypt: 41c7aa6da1665eab307362296dd568d0
2026-04-28 10:50:53 - getOutlet.php - Authentication berhasil
2026-04-28 10:50:53 - getOutlet.php - Query: SELECT id_out, nama_out, '' AS alamat_out, ofcode_out
            FROM outlet 
            WHERE status_out IN ('Active', '1', 'active')
            AND (nama_out LIKE :key OR ofcode_out LIKE :key)
            ORDER BY nama_out ASC
            LIMIT 20
2026-04-28 10:50:53 - getOutlet.php - Query berhasil, mengembalikan 20 record
2026-04-28 10:50:53 - getOutlet.php - === END REQUEST ===
2026-04-28 03:50:53 - getOutlet.php - === REQUEST GETOUTLET ===
2026-04-28 03:50:53 - getOutlet.php - Method: POST
2026-04-28 03:50:53 - getOutlet.php - POST data: {"tgl":"2026-04-28","encrypt":"41c7aa6da1665eab307362296dd568d0","id_apl":"APL01","key":"Maya"}
2026-04-28 10:50:53 - getOutlet.php - Params - tgl: 2026-04-28, encrypt: 41c7aa6da1665eab307362296dd568d0, id_apl: APL01, key: Maya
2026-04-28 10:50:53 - getOutlet.php - Aplikasi ditemukan: Ya
2026-04-28 10:50:53 - getOutlet.php - Key aplikasi: YbcJSFjkds...
2026-04-28 10:50:53 - getOutlet.php - Expected encrypt: 41c7aa6da1665eab307362296dd568d0
2026-04-28 10:50:53 - getOutlet.php - Received encrypt: 41c7aa6da1665eab307362296dd568d0
2026-04-28 10:50:53 - getOutlet.php - Authentication berhasil
2026-04-28 10:50:53 - getOutlet.php - Query: SELECT id_out, nama_out, '' AS alamat_out, ofcode_out
            FROM outlet 
            WHERE status_out IN ('Active', '1', 'active')
            AND (nama_out LIKE :key OR ofcode_out LIKE :key)
            ORDER BY nama_out ASC
            LIMIT 20
2026-04-28 10:50:53 - getOutlet.php - Query berhasil, mengembalikan 18 record
2026-04-28 10:50:53 - getOutlet.php - === END REQUEST ===
2026-04-28 03:50:53 - getOutlet.php - === REQUEST GETOUTLET ===
2026-04-28 03:50:53 - getOutlet.php - Method: POST
2026-04-28 03:50:53 - getOutlet.php - POST data: {"tgl":"2026-04-28","encrypt":"41c7aa6da1665eab307362296dd568d0","id_apl":"APL01","key":"Rs m"}
2026-04-28 10:50:53 - getOutlet.php - Params - tgl: 2026-04-28, encrypt: 41c7aa6da1665eab307362296dd568d0, id_apl: APL01, key: Rs m
2026-04-28 10:50:53 - getOutlet.php - Aplikasi ditemukan: Ya
2026-04-28 10:50:53 - getOutlet.php - Key aplikasi: YbcJSFjkds...
2026-04-28 10:50:53 - getOutlet.php - Expected encrypt: 41c7aa6da1665eab307362296dd568d0
2026-04-28 10:50:53 - getOutlet.php - Received encrypt: 41c7aa6da1665eab307362296dd568d0
2026-04-28 10:50:53 - getOutlet.php - Authentication berhasil
2026-04-28 10:50:53 - getOutlet.php - Query: SELECT id_out, nama_out, '' AS alamat_out, ofcode_out
            FROM outlet 
            WHERE status_out IN ('Active', '1', 'active')
            AND (nama_out LIKE :key OR ofcode_out LIKE :key)
            ORDER BY nama_out ASC
            LIMIT 20
2026-04-28 10:50:53 - getOutlet.php - Query berhasil, mengembalikan 20 record
2026-04-28 10:50:53 - getOutlet.php - === END REQUEST ===
2026-04-28 03:50:53 - getOutlet.php - === REQUEST GETOUTLET ===
2026-04-28 03:50:53 - getOutlet.php - Method: POST
2026-04-28 03:50:53 - getOutlet.php - POST data: {"tgl":"2026-04-28","encrypt":"41c7aa6da1665eab307362296dd568d0","id_apl":"APL01","key":"Mayap"}
2026-04-28 10:50:53 - getOutlet.php - Params - tgl: 2026-04-28, encrypt: 41c7aa6da1665eab307362296dd568d0, id_apl: APL01, key: Mayap
2026-04-28 10:50:53 - getOutlet.php - Aplikasi ditemukan: Ya
2026-04-28 10:50:53 - getOutlet.php - Key aplikasi: YbcJSFjkds...
2026-04-28 10:50:53 - getOutlet.php - Expected encrypt: 41c7aa6da1665eab307362296dd568d0
2026-04-28 10:50:53 - getOutlet.php - Received encrypt: 41c7aa6da1665eab307362296dd568d0
2026-04-28 10:50:53 - getOutlet.php - Authentication berhasil
2026-04-28 10:50:53 - getOutlet.php - Query: SELECT id_out, nama_out, '' AS alamat_out, ofcode_out
            FROM outlet 
            WHERE status_out IN ('Active', '1', 'active')
            AND (nama_out LIKE :key OR ofcode_out LIKE :key)
            ORDER BY nama_out ASC
            LIMIT 20
2026-04-28 10:50:53 - getOutlet.php - Query berhasil, mengembalikan 6 record
2026-04-28 10:50:53 - getOutlet.php - === END REQUEST ===
2026-04-28 03:50:53 - getOutlet.php - === REQUEST GETOUTLET ===
2026-04-28 03:50:53 - getOutlet.php - Method: POST
2026-04-28 03:50:53 - getOutlet.php - POST data: {"tgl":"2026-04-28","encrypt":"41c7aa6da1665eab307362296dd568d0","id_apl":"APL01","key":"Mayapa"}
2026-04-28 10:50:53 - getOutlet.php - Params - tgl: 2026-04-28, encrypt: 41c7aa6da1665eab307362296dd568d0, id_apl: APL01, key: Mayapa
2026-04-28 10:50:53 - getOutlet.php - Aplikasi ditemukan: Ya
2026-04-28 10:50:53 - getOutlet.php - Key aplikasi: YbcJSFjkds...
2026-04-28 10:50:53 - getOutlet.php - Expected encrypt: 41c7aa6da1665eab307362296dd568d0
2026-04-28 10:50:53 - getOutlet.php - Received encrypt: 41c7aa6da1665eab307362296dd568d0
2026-04-28 10:50:53 - getOutlet.php - Authentication berhasil
2026-04-28 10:50:53 - getOutlet.php - Query: SELECT id_out, nama_out, '' AS alamat_out, ofcode_out
            FROM outlet 
            WHERE status_out IN ('Active', '1', 'active')
            AND (nama_out LIKE :key OR ofcode_out LIKE :key)
            ORDER BY nama_out ASC
            LIMIT 20
2026-04-28 10:50:53 - getOutlet.php - Query berhasil, mengembalikan 6 record
2026-04-28 10:50:53 - getOutlet.php - === END REQUEST ===
2026-04-28 03:50:53 - getOutlet.php - === REQUEST GETOUTLET ===
2026-04-28 03:50:53 - getOutlet.php - Method: POST
2026-04-28 03:50:53 - getOutlet.php - POST data: {"tgl":"2026-04-28","encrypt":"41c7aa6da1665eab307362296dd568d0","id_apl":"APL01","key":"Mayapad"}
2026-04-28 10:50:53 - getOutlet.php - Params - tgl: 2026-04-28, encrypt: 41c7aa6da1665eab307362296dd568d0, id_apl: APL01, key: Mayapad
2026-04-28 10:50:53 - getOutlet.php - Aplikasi ditemukan: Ya
2026-04-28 10:50:53 - getOutlet.php - Key aplikasi: YbcJSFjkds...
2026-04-28 10:50:53 - getOutlet.php - Expected encrypt: 41c7aa6da1665eab307362296dd568d0
2026-04-28 10:50:53 - getOutlet.php - Received encrypt: 41c7aa6da1665eab307362296dd568d0
2026-04-28 10:50:53 - getOutlet.php - Authentication berhasil
2026-04-28 10:50:53 - getOutlet.php - Query: SELECT id_out, nama_out, '' AS alamat_out, ofcode_out
            FROM outlet 
            WHERE status_out IN ('Active', '1', 'active')
            AND (nama_out LIKE :key OR ofcode_out LIKE :key)
            ORDER BY nama_out ASC
            LIMIT 20
2026-04-28 10:50:53 - getOutlet.php - Query berhasil, mengembalikan 6 record
2026-04-28 10:50:53 - getOutlet.php - === END REQUEST ===
2026-04-28 03:50:53 - getOutlet.php - === REQUEST GETOUTLET ===
2026-04-28 03:50:53 - getOutlet.php - Method: POST
2026-04-28 03:50:53 - getOutlet.php - POST data: {"tgl":"2026-04-28","encrypt":"41c7aa6da1665eab307362296dd568d0","id_apl":"APL01","key":"Rs mi"}
2026-04-28 10:50:53 - getOutlet.php - Params - tgl: 2026-04-28, encrypt: 41c7aa6da1665eab307362296dd568d0, id_apl: APL01, key: Rs mi
2026-04-28 03:50:53 - getOutlet.php - === REQUEST GETOUTLET ===
2026-04-28 03:50:53 - getOutlet.php - Method: POST
2026-04-28 03:50:53 - getOutlet.php - POST data: {"tgl":"2026-04-28","encrypt":"41c7aa6da1665eab307362296dd568d0","id_apl":"APL01","key":"Mayapada"}
2026-04-28 10:50:53 - getOutlet.php - Params - tgl: 2026-04-28, encrypt: 41c7aa6da1665eab307362296dd568d0, id_apl: APL01, key: Mayapada
2026-04-28 10:50:53 - getOutlet.php - Aplikasi ditemukan: Ya
2026-04-28 10:50:53 - getOutlet.php - Aplikasi ditemukan: Ya
2026-04-28 10:50:53 - getOutlet.php - Key aplikasi: YbcJSFjkds...
2026-04-28 10:50:53 - getOutlet.php - Key aplikasi: YbcJSFjkds...
2026-04-28 10:50:53 - getOutlet.php - Expected encrypt: 41c7aa6da1665eab307362296dd568d0
2026-04-28 10:50:53 - getOutlet.php - Received encrypt: 41c7aa6da1665eab307362296dd568d0
2026-04-28 10:50:53 - getOutlet.php - Expected encrypt: 41c7aa6da1665eab307362296dd568d0
2026-04-28 10:50:53 - getOutlet.php - Authentication berhasil
2026-04-28 10:50:53 - getOutlet.php - Received encrypt: 41c7aa6da1665eab307362296dd568d0
2026-04-28 10:50:53 - getOutlet.php - Authentication berhasil
2026-04-28 10:50:53 - getOutlet.php - Query: SELECT id_out, nama_out, '' AS alamat_out, ofcode_out
            FROM outlet 
            WHERE status_out IN ('Active', '1', 'active')
            AND (nama_out LIKE :key OR ofcode_out LIKE :key)
            ORDER BY nama_out ASC
            LIMIT 20
2026-04-28 10:50:53 - getOutlet.php - Query: SELECT id_out, nama_out, '' AS alamat_out, ofcode_out
            FROM outlet 
            WHERE status_out IN ('Active', '1', 'active')
            AND (nama_out LIKE :key OR ofcode_out LIKE :key)
            ORDER BY nama_out ASC
            LIMIT 20
2026-04-28 10:50:53 - getOutlet.php - Query berhasil, mengembalikan 17 record
2026-04-28 10:50:53 - getOutlet.php - === END REQUEST ===
2026-04-28 10:50:53 - getOutlet.php - Query berhasil, mengembalikan 6 record
2026-04-28 10:50:53 - getOutlet.php - === END REQUEST ===
2026-04-28 03:50:54 - getOutlet.php - === REQUEST GETOUTLET ===
2026-04-28 03:50:54 - getOutlet.php - Method: POST
2026-04-28 03:50:54 - getOutlet.php - POST data: {"tgl":"2026-04-28","encrypt":"41c7aa6da1665eab307362296dd568d0","id_apl":"APL01","key":"Mayapada"}
2026-04-28 10:50:54 - getOutlet.php - Params - tgl: 2026-04-28, encrypt: 41c7aa6da1665eab307362296dd568d0, id_apl: APL01, key: Mayapada
2026-04-28 10:50:54 - getOutlet.php - Aplikasi ditemukan: Ya
2026-04-28 10:50:54 - getOutlet.php - Key aplikasi: YbcJSFjkds...
2026-04-28 10:50:54 - getOutlet.php - Expected encrypt: 41c7aa6da1665eab307362296dd568d0
2026-04-28 10:50:54 - getOutlet.php - Received encrypt: 41c7aa6da1665eab307362296dd568d0
2026-04-28 10:50:54 - getOutlet.php - Authentication berhasil
2026-04-28 10:50:54 - getOutlet.php - Query: SELECT id_out, nama_out, '' AS alamat_out, ofcode_out
            FROM outlet 
            WHERE status_out IN ('Active', '1', 'active')
            AND (nama_out LIKE :key OR ofcode_out LIKE :key)
            ORDER BY nama_out ASC
            LIMIT 20
2026-04-28 10:50:54 - getOutlet.php - Query berhasil, mengembalikan 6 record
2026-04-28 10:50:54 - getOutlet.php - === END REQUEST ===
2026-04-28 03:50:54 - getOutlet.php - === REQUEST GETOUTLET ===
2026-04-28 03:50:54 - getOutlet.php - Method: POST
2026-04-28 03:50:54 - getOutlet.php - POST data: {"tgl":"2026-04-28","encrypt":"41c7aa6da1665eab307362296dd568d0","id_apl":"APL01","key":"Mayapada"}
2026-04-28 10:50:54 - getOutlet.php - Params - tgl: 2026-04-28, encrypt: 41c7aa6da1665eab307362296dd568d0, id_apl: APL01, key: Mayapada
2026-04-28 10:50:54 - getOutlet.php - Aplikasi ditemukan: Ya
2026-04-28 10:50:54 - getOutlet.php - Key aplikasi: YbcJSFjkds...
2026-04-28 10:50:54 - getOutlet.php - Expected encrypt: 41c7aa6da1665eab307362296dd568d0
2026-04-28 10:50:54 - getOutlet.php - Received encrypt: 41c7aa6da1665eab307362296dd568d0
2026-04-28 10:50:54 - getOutlet.php - Authentication berhasil
2026-04-28 10:50:54 - getOutlet.php - Query: SELECT id_out, nama_out, '' AS alamat_out, ofcode_out
            FROM outlet 
            WHERE status_out IN ('Active', '1', 'active')
            AND (nama_out LIKE :key OR ofcode_out LIKE :key)
            ORDER BY nama_out ASC
            LIMIT 20
2026-04-28 10:50:54 - getOutlet.php - Query berhasil, mengembalikan 6 record
2026-04-28 10:50:54 - getOutlet.php - === END REQUEST ===
2026-04-28 03:50:54 - getOutlet.php - === REQUEST GETOUTLET ===
2026-04-28 03:50:54 - getOutlet.php - Method: POST
2026-04-28 03:50:54 - getOutlet.php - POST data: {"tgl":"2026-04-28","encrypt":"41c7aa6da1665eab307362296dd568d0","id_apl":"APL01","key":"Mayapada l"}
2026-04-28 10:50:54 - getOutlet.php - Params - tgl: 2026-04-28, encrypt: 41c7aa6da1665eab307362296dd568d0, id_apl: APL01, key: Mayapada l
2026-04-28 10:50:54 - getOutlet.php - Aplikasi ditemukan: Ya
2026-04-28 10:50:54 - getOutlet.php - Key aplikasi: YbcJSFjkds...
2026-04-28 10:50:54 - getOutlet.php - Expected encrypt: 41c7aa6da1665eab307362296dd568d0
2026-04-28 10:50:54 - getOutlet.php - Received encrypt: 41c7aa6da1665eab307362296dd568d0
2026-04-28 10:50:54 - getOutlet.php - Authentication berhasil
2026-04-28 10:50:54 - getOutlet.php - Query: SELECT id_out, nama_out, '' AS alamat_out, ofcode_out
            FROM outlet 
            WHERE status_out IN ('Active', '1', 'active')
            AND (nama_out LIKE :key OR ofcode_out LIKE :key)
            ORDER BY nama_out ASC
            LIMIT 20
2026-04-28 10:50:54 - getOutlet.php - Query berhasil, mengembalikan 1 record
2026-04-28 10:50:54 - getOutlet.php - === END REQUEST ===
2026-04-28 03:50:54 - getOutlet.php - === REQUEST GETOUTLET ===
2026-04-28 03:50:54 - getOutlet.php - Method: POST
2026-04-28 03:50:54 - getOutlet.php - POST data: {"tgl":"2026-04-28","encrypt":"41c7aa6da1665eab307362296dd568d0","id_apl":"APL01","key":"Mayapada le"}
2026-04-28 10:50:54 - getOutlet.php - Params - tgl: 2026-04-28, encrypt: 41c7aa6da1665eab307362296dd568d0, id_apl: APL01, key: Mayapada le
2026-04-28 10:50:54 - getOutlet.php - Aplikasi ditemukan: Ya
2026-04-28 10:50:54 - getOutlet.php - Key aplikasi: YbcJSFjkds...
2026-04-28 10:50:54 - getOutlet.php - Expected encrypt: 41c7aa6da1665eab307362296dd568d0
2026-04-28 10:50:54 - getOutlet.php - Received encrypt: 41c7aa6da1665eab307362296dd568d0
2026-04-28 10:50:54 - getOutlet.php - Authentication berhasil
2026-04-28 10:50:54 - getOutlet.php - Query: SELECT id_out, nama_out, '' AS alamat_out, ofcode_out
            FROM outlet 
            WHERE status_out IN ('Active', '1', 'active')
            AND (nama_out LIKE :key OR ofcode_out LIKE :key)
            ORDER BY nama_out ASC
            LIMIT 20
2026-04-28 10:50:54 - getOutlet.php - Query berhasil, mengembalikan 1 record
2026-04-28 10:50:54 - getOutlet.php - === END REQUEST ===
2026-04-28 03:50:54 - getOutlet.php - === REQUEST GETOUTLET ===
2026-04-28 03:50:54 - getOutlet.php - Method: POST
2026-04-28 03:50:54 - getOutlet.php - POST data: {"tgl":"2026-04-28","encrypt":"41c7aa6da1665eab307362296dd568d0","id_apl":"APL01","key":"Rs mit"}
2026-04-28 10:50:54 - getOutlet.php - Params - tgl: 2026-04-28, encrypt: 41c7aa6da1665eab307362296dd568d0, id_apl: APL01, key: Rs mit
2026-04-28 10:50:54 - getOutlet.php - Aplikasi ditemukan: Ya
2026-04-28 10:50:54 - getOutlet.php - Key aplikasi: YbcJSFjkds...
2026-04-28 10:50:54 - getOutlet.php - Expected encrypt: 41c7aa6da1665eab307362296dd568d0
2026-04-28 10:50:54 - getOutlet.php - Received encrypt: 41c7aa6da1665eab307362296dd568d0
2026-04-28 10:50:54 - getOutlet.php - Authentication berhasil
2026-04-28 10:50:54 - getOutlet.php - Query: SELECT id_out, nama_out, '' AS alamat_out, ofcode_out
            FROM outlet 
            WHERE status_out IN ('Active', '1', 'active')
            AND (nama_out LIKE :key OR ofcode_out LIKE :key)
            ORDER BY nama_out ASC
            LIMIT 20
2026-04-28 10:50:54 - getOutlet.php - Query berhasil, mengembalikan 17 record
2026-04-28 10:50:54 - getOutlet.php - === END REQUEST ===
2026-04-28 03:50:54 - getOutlet.php - === REQUEST GETOUTLET ===
2026-04-28 03:50:54 - getOutlet.php - Method: POST
2026-04-28 03:50:54 - getOutlet.php - POST data: {"tgl":"2026-04-28","encrypt":"41c7aa6da1665eab307362296dd568d0","id_apl":"APL01","key":"Mayapada leb"}
2026-04-28 10:50:54 - getOutlet.php - Params - tgl: 2026-04-28, encrypt: 41c7aa6da1665eab307362296dd568d0, id_apl: APL01, key: Mayapada leb
2026-04-28 10:50:54 - getOutlet.php - Aplikasi ditemukan: Ya
2026-04-28 10:50:54 - getOutlet.php - Key aplikasi: YbcJSFjkds...
2026-04-28 10:50:54 - getOutlet.php - Expected encrypt: 41c7aa6da1665eab307362296dd568d0
2026-04-28 10:50:54 - getOutlet.php - Received encrypt: 41c7aa6da1665eab307362296dd568d0
2026-04-28 10:50:54 - getOutlet.php - Authentication berhasil
2026-04-28 10:50:54 - getOutlet.php - Query: SELECT id_out, nama_out, '' AS alamat_out, ofcode_out
            FROM outlet 
            WHERE status_out IN ('Active', '1', 'active')
            AND (nama_out LIKE :key OR ofcode_out LIKE :key)
            ORDER BY nama_out ASC
            LIMIT 20
2026-04-28 10:50:54 - getOutlet.php - Query berhasil, mengembalikan 1 record
2026-04-28 10:50:54 - getOutlet.php - === END REQUEST ===
2026-04-28 03:50:54 - getOutlet.php - === REQUEST GETOUTLET ===
2026-04-28 03:50:54 - getOutlet.php - Method: POST
2026-04-28 03:50:54 - getOutlet.php - POST data: {"tgl":"2026-04-28","encrypt":"41c7aa6da1665eab307362296dd568d0","id_apl":"APL01","key":"Rs mitr"}
2026-04-28 10:50:54 - getOutlet.php - Params - tgl: 2026-04-28, encrypt: 41c7aa6da1665eab307362296dd568d0, id_apl: APL01, key: Rs mitr
2026-04-28 10:50:54 - getOutlet.php - Aplikasi ditemukan: Ya
2026-04-28 10:50:54 - getOutlet.php - Key aplikasi: YbcJSFjkds...
2026-04-28 10:50:54 - getOutlet.php - Expected encrypt: 41c7aa6da1665eab307362296dd568d0
2026-04-28 10:50:54 - getOutlet.php - Received encrypt: 41c7aa6da1665eab307362296dd568d0
2026-04-28 10:50:54 - getOutlet.php - Authentication berhasil
2026-04-28 10:50:54 - getOutlet.php - Query: SELECT id_out, nama_out, '' AS alamat_out, ofcode_out
            FROM outlet 
            WHERE status_out IN ('Active', '1', 'active')
            AND (nama_out LIKE :key OR ofcode_out LIKE :key)
            ORDER BY nama_out ASC
            LIMIT 20
2026-04-28 10:50:54 - getOutlet.php - Query berhasil, mengembalikan 17 record
2026-04-28 10:50:54 - getOutlet.php - === END REQUEST ===
2026-04-28 03:50:54 - getOutlet.php - === REQUEST GETOUTLET ===
2026-04-28 03:50:54 - getOutlet.php - Method: POST
2026-04-28 03:50:54 - getOutlet.php - POST data: {"tgl":"2026-04-28","encrypt":"41c7aa6da1665eab307362296dd568d0","id_apl":"APL01","key":"Rs mitra"}
2026-04-28 10:50:54 - getOutlet.php - Params - tgl: 2026-04-28, encrypt: 41c7aa6da1665eab307362296dd568d0, id_apl: APL01, key: Rs mitra
2026-04-28 10:50:54 - getOutlet.php - Aplikasi ditemukan: Ya
2026-04-28 10:50:54 - getOutlet.php - Key aplikasi: YbcJSFjkds...
2026-04-28 10:50:54 - getOutlet.php - Expected encrypt: 41c7aa6da1665eab307362296dd568d0
2026-04-28 10:50:54 - getOutlet.php - Received encrypt: 41c7aa6da1665eab307362296dd568d0
2026-04-28 10:50:54 - getOutlet.php - Authentication berhasil
2026-04-28 10:50:54 - getOutlet.php - Query: SELECT id_out, nama_out, '' AS alamat_out, ofcode_out
            FROM outlet 
            WHERE status_out IN ('Active', '1', 'active')
            AND (nama_out LIKE :key OR ofcode_out LIKE :key)
            ORDER BY nama_out ASC
            LIMIT 20
2026-04-28 10:50:54 - getOutlet.php - Query berhasil, mengembalikan 17 record
2026-04-28 10:50:54 - getOutlet.php - === END REQUEST ===
2026-04-28 03:50:54 - getOutlet.php - === REQUEST GETOUTLET ===
2026-04-28 03:50:54 - getOutlet.php - Method: POST
2026-04-28 03:50:54 - getOutlet.php - POST data: {"tgl":"2026-04-28","encrypt":"41c7aa6da1665eab307362296dd568d0","id_apl":"APL01","key":"Rs mitra"}
2026-04-28 10:50:54 - getOutlet.php - Params - tgl: 2026-04-28, encrypt: 41c7aa6da1665eab307362296dd568d0, id_apl: APL01, key: Rs mitra
2026-04-28 10:50:54 - getOutlet.php - Aplikasi ditemukan: Ya
2026-04-28 10:50:54 - getOutlet.php - Key aplikasi: YbcJSFjkds...
2026-04-28 10:50:54 - getOutlet.php - Expected encrypt: 41c7aa6da1665eab307362296dd568d0
2026-04-28 10:50:54 - getOutlet.php - Received encrypt: 41c7aa6da1665eab307362296dd568d0
2026-04-28 10:50:54 - getOutlet.php - Authentication berhasil
2026-04-28 10:50:54 - getOutlet.php - Query: SELECT id_out, nama_out, '' AS alamat_out, ofcode_out
            FROM outlet 
            WHERE status_out IN ('Active', '1', 'active')
            AND (nama_out LIKE :key OR ofcode_out LIKE :key)
            ORDER BY nama_out ASC
            LIMIT 20
2026-04-28 03:50:54 - getOutlet.php - === REQUEST GETOUTLET ===
2026-04-28 03:50:54 - getOutlet.php - Method: POST
2026-04-28 03:50:54 - getOutlet.php - POST data: {"tgl":"2026-04-28","encrypt":"41c7aa6da1665eab307362296dd568d0","id_apl":"APL01","key":"Rs mitra"}
2026-04-28 10:50:54 - getOutlet.php - Params - tgl: 2026-04-28, encrypt: 41c7aa6da1665eab307362296dd568d0, id_apl: APL01, key: Rs mitra
2026-04-28 10:50:54 - getOutlet.php - Query berhasil, mengembalikan 17 record
2026-04-28 10:50:54 - getOutlet.php - === END REQUEST ===
2026-04-28 10:50:54 - getOutlet.php - Aplikasi ditemukan: Ya
2026-04-28 10:50:54 - getOutlet.php - Key aplikasi: YbcJSFjkds...
2026-04-28 10:50:54 - getOutlet.php - Expected encrypt: 41c7aa6da1665eab307362296dd568d0
2026-04-28 10:50:54 - getOutlet.php - Received encrypt: 41c7aa6da1665eab307362296dd568d0
2026-04-28 10:50:54 - getOutlet.php - Authentication berhasil
2026-04-28 10:50:54 - getOutlet.php - Query: SELECT id_out, nama_out, '' AS alamat_out, ofcode_out
            FROM outlet 
            WHERE status_out IN ('Active', '1', 'active')
            AND (nama_out LIKE :key OR ofcode_out LIKE :key)
            ORDER BY nama_out ASC
            LIMIT 20
2026-04-28 10:50:54 - getOutlet.php - Query berhasil, mengembalikan 17 record
2026-04-28 10:50:54 - getOutlet.php - === END REQUEST ===
2026-04-28 03:50:54 - getOutlet.php - === REQUEST GETOUTLET ===
2026-04-28 03:50:54 - getOutlet.php - Method: POST
2026-04-28 03:50:54 - getOutlet.php - POST data: {"tgl":"2026-04-28","encrypt":"41c7aa6da1665eab307362296dd568d0","id_apl":"APL01","key":"Mayapada leba"}
2026-04-28 10:50:54 - getOutlet.php - Params - tgl: 2026-04-28, encrypt: 41c7aa6da1665eab307362296dd568d0, id_apl: APL01, key: Mayapada leba
2026-04-28 10:50:54 - getOutlet.php - Aplikasi ditemukan: Ya
2026-04-28 10:50:54 - getOutlet.php - Key aplikasi: YbcJSFjkds...
2026-04-28 10:50:54 - getOutlet.php - Expected encrypt: 41c7aa6da1665eab307362296dd568d0
2026-04-28 10:50:54 - getOutlet.php - Received encrypt: 41c7aa6da1665eab307362296dd568d0
2026-04-28 10:50:54 - getOutlet.php - Authentication berhasil
2026-04-28 10:50:54 - getOutlet.php - Query: SELECT id_out, nama_out, '' AS alamat_out, ofcode_out
            FROM outlet 
            WHERE status_out IN ('Active', '1', 'active')
            AND (nama_out LIKE :key OR ofcode_out LIKE :key)
            ORDER BY nama_out ASC
            LIMIT 20
2026-04-28 10:50:54 - getOutlet.php - Query berhasil, mengembalikan 1 record
2026-04-28 10:50:54 - getOutlet.php - === END REQUEST ===
2026-04-28 03:50:54 - getOutlet.php - === REQUEST GETOUTLET ===
2026-04-28 03:50:54 - getOutlet.php - Method: POST
2026-04-28 03:50:54 - getOutlet.php - POST data: {"tgl":"2026-04-28","encrypt":"41c7aa6da1665eab307362296dd568d0","id_apl":"APL01","key":"Mayapada lebak"}
2026-04-28 10:50:54 - getOutlet.php - Params - tgl: 2026-04-28, encrypt: 41c7aa6da1665eab307362296dd568d0, id_apl: APL01, key: Mayapada lebak
2026-04-28 10:50:54 - getOutlet.php - Aplikasi ditemukan: Ya
2026-04-28 10:50:54 - getOutlet.php - Key aplikasi: YbcJSFjkds...
2026-04-28 10:50:54 - getOutlet.php - Expected encrypt: 41c7aa6da1665eab307362296dd568d0
2026-04-28 10:50:54 - getOutlet.php - Received encrypt: 41c7aa6da1665eab307362296dd568d0
2026-04-28 10:50:54 - getOutlet.php - Authentication berhasil
2026-04-28 10:50:54 - getOutlet.php - Query: SELECT id_out, nama_out, '' AS alamat_out, ofcode_out
            FROM outlet 
            WHERE status_out IN ('Active', '1', 'active')
            AND (nama_out LIKE :key OR ofcode_out LIKE :key)
            ORDER BY nama_out ASC
            LIMIT 20
2026-04-28 10:50:54 - getOutlet.php - Query berhasil, mengembalikan 1 record
2026-04-28 10:50:54 - getOutlet.php - === END REQUEST ===
2026-04-28 03:50:54 - getOutlet.php - === REQUEST GETOUTLET ===
2026-04-28 03:50:54 - getOutlet.php - Method: POST
2026-04-28 03:50:54 - getOutlet.php - POST data: {"tgl":"2026-04-28","encrypt":"41c7aa6da1665eab307362296dd568d0","id_apl":"APL01","key":"Rs mitra k"}
2026-04-28 10:50:54 - getOutlet.php - Params - tgl: 2026-04-28, encrypt: 41c7aa6da1665eab307362296dd568d0, id_apl: APL01, key: Rs mitra k
2026-04-28 10:50:54 - getOutlet.php - Aplikasi ditemukan: Ya
2026-04-28 10:50:54 - getOutlet.php - Key aplikasi: YbcJSFjkds...
2026-04-28 10:50:54 - getOutlet.php - Expected encrypt: 41c7aa6da1665eab307362296dd568d0
2026-04-28 10:50:54 - getOutlet.php - Received encrypt: 41c7aa6da1665eab307362296dd568d0
2026-04-28 10:50:54 - getOutlet.php - Authentication berhasil
2026-04-28 10:50:54 - getOutlet.php - Query: SELECT id_out, nama_out, '' AS alamat_out, ofcode_out
            FROM outlet 
            WHERE status_out IN ('Active', '1', 'active')
            AND (nama_out LIKE :key OR ofcode_out LIKE :key)
            ORDER BY nama_out ASC
            LIMIT 20
2026-04-28 10:50:54 - getOutlet.php - Query berhasil, mengembalikan 16 record
2026-04-28 10:50:54 - getOutlet.php - === END REQUEST ===
2026-04-28 03:50:55 - getOutlet.php - === REQUEST GETOUTLET ===
2026-04-28 03:50:55 - getOutlet.php - Method: POST
2026-04-28 03:50:55 - getOutlet.php - POST data: {"tgl":"2026-04-28","encrypt":"41c7aa6da1665eab307362296dd568d0","id_apl":"APL01","key":"Rs mitra ke"}
2026-04-28 10:50:55 - getOutlet.php - Params - tgl: 2026-04-28, encrypt: 41c7aa6da1665eab307362296dd568d0, id_apl: APL01, key: Rs mitra ke
2026-04-28 10:50:55 - getOutlet.php - Aplikasi ditemukan: Ya
2026-04-28 10:50:55 - getOutlet.php - Key aplikasi: YbcJSFjkds...
2026-04-28 10:50:55 - getOutlet.php - Expected encrypt: 41c7aa6da1665eab307362296dd568d0
2026-04-28 10:50:55 - getOutlet.php - Received encrypt: 41c7aa6da1665eab307362296dd568d0
2026-04-28 10:50:55 - getOutlet.php - Authentication berhasil
2026-04-28 10:50:55 - getOutlet.php - Query: SELECT id_out, nama_out, '' AS alamat_out, ofcode_out
            FROM outlet 
            WHERE status_out IN ('Active', '1', 'active')
            AND (nama_out LIKE :key OR ofcode_out LIKE :key)
            ORDER BY nama_out ASC
            LIMIT 20
2026-04-28 10:50:55 - getOutlet.php - Query berhasil, mengembalikan 16 record
2026-04-28 10:50:55 - getOutlet.php - === END REQUEST ===
2026-04-28 03:50:55 - getOutlet.php - === REQUEST GETOUTLET ===
2026-04-28 03:50:55 - getOutlet.php - Method: POST
2026-04-28 03:50:55 - getOutlet.php - POST data: {"tgl":"2026-04-28","encrypt":"41c7aa6da1665eab307362296dd568d0","id_apl":"APL01","key":"Rs mitra kel"}
2026-04-28 10:50:55 - getOutlet.php - Params - tgl: 2026-04-28, encrypt: 41c7aa6da1665eab307362296dd568d0, id_apl: APL01, key: Rs mitra kel
2026-04-28 10:50:55 - getOutlet.php - Aplikasi ditemukan: Ya
2026-04-28 10:50:55 - getOutlet.php - Key aplikasi: YbcJSFjkds...
2026-04-28 10:50:55 - getOutlet.php - Expected encrypt: 41c7aa6da1665eab307362296dd568d0
2026-04-28 10:50:55 - getOutlet.php - Received encrypt: 41c7aa6da1665eab307362296dd568d0
2026-04-28 10:50:55 - getOutlet.php - Authentication berhasil
2026-04-28 10:50:55 - getOutlet.php - Query: SELECT id_out, nama_out, '' AS alamat_out, ofcode_out
            FROM outlet 
            WHERE status_out IN ('Active', '1', 'active')
            AND (nama_out LIKE :key OR ofcode_out LIKE :key)
            ORDER BY nama_out ASC
            LIMIT 20
2026-04-28 10:50:55 - getOutlet.php - Query berhasil, mengembalikan 16 record
2026-04-28 10:50:55 - getOutlet.php - === END REQUEST ===
2026-04-28 03:50:55 - getOutlet.php - === REQUEST GETOUTLET ===
2026-04-28 03:50:55 - getOutlet.php - Method: POST
2026-04-28 03:50:55 - getOutlet.php - POST data: {"tgl":"2026-04-28","encrypt":"41c7aa6da1665eab307362296dd568d0","id_apl":"APL01","key":"Rs mitra kelu"}
2026-04-28 10:50:55 - getOutlet.php - Params - tgl: 2026-04-28, encrypt: 41c7aa6da1665eab307362296dd568d0, id_apl: APL01, key: Rs mitra kelu
2026-04-28 10:50:55 - getOutlet.php - Aplikasi ditemukan: Ya
2026-04-28 10:50:55 - getOutlet.php - Key aplikasi: YbcJSFjkds...
2026-04-28 10:50:55 - getOutlet.php - Expected encrypt: 41c7aa6da1665eab307362296dd568d0
2026-04-28 10:50:55 - getOutlet.php - Received encrypt: 41c7aa6da1665eab307362296dd568d0
2026-04-28 10:50:55 - getOutlet.php - Authentication berhasil
2026-04-28 10:50:55 - getOutlet.php - Query: SELECT id_out, nama_out, '' AS alamat_out, ofcode_out
            FROM outlet 
            WHERE status_out IN ('Active', '1', 'active')
            AND (nama_out LIKE :key OR ofcode_out LIKE :key)
            ORDER BY nama_out ASC
            LIMIT 20
2026-04-28 10:50:55 - getOutlet.php - Query berhasil, mengembalikan 16 record
2026-04-28 10:50:55 - getOutlet.php - === END REQUEST ===
2026-04-28 03:50:55 - getOutlet.php - === REQUEST GETOUTLET ===
2026-04-28 03:50:55 - getOutlet.php - Method: POST
2026-04-28 03:50:55 - getOutlet.php - POST data: {"tgl":"2026-04-28","encrypt":"41c7aa6da1665eab307362296dd568d0","id_apl":"APL01","key":"RS MAYAPADA LEBAK BULUS"}
2026-04-28 10:50:55 - getOutlet.php - Params - tgl: 2026-04-28, encrypt: 41c7aa6da1665eab307362296dd568d0, id_apl: APL01, key: RS MAYAPADA LEBAK BULUS
2026-04-28 10:50:55 - getOutlet.php - Aplikasi ditemukan: Ya
2026-04-28 10:50:55 - getOutlet.php - Key aplikasi: YbcJSFjkds...
2026-04-28 10:50:55 - getOutlet.php - Expected encrypt: 41c7aa6da1665eab307362296dd568d0
2026-04-28 10:50:55 - getOutlet.php - Received encrypt: 41c7aa6da1665eab307362296dd568d0
2026-04-28 10:50:55 - getOutlet.php - Authentication berhasil
2026-04-28 10:50:55 - getOutlet.php - Query: SELECT id_out, nama_out, '' AS alamat_out, ofcode_out
            FROM outlet 
            WHERE status_out IN ('Active', '1', 'active')
            AND (nama_out LIKE :key OR ofcode_out LIKE :key)
            ORDER BY nama_out ASC
            LIMIT 20
2026-04-28 10:50:55 - getOutlet.php - Query berhasil, mengembalikan 1 record
2026-04-28 10:50:55 - getOutlet.php - === END REQUEST ===
2026-04-28 03:50:55 - getOutlet.php - === REQUEST GETOUTLET ===
2026-04-28 03:50:55 - getOutlet.php - Method: POST
2026-04-28 03:50:55 - getOutlet.php - POST data: {"tgl":"2026-04-28","encrypt":"41c7aa6da1665eab307362296dd568d0","id_apl":"APL01","key":"Rs mitra kelua"}
2026-04-28 10:50:55 - getOutlet.php - Params - tgl: 2026-04-28, encrypt: 41c7aa6da1665eab307362296dd568d0, id_apl: APL01, key: Rs mitra kelua
2026-04-28 10:50:55 - getOutlet.php - Aplikasi ditemukan: Ya
2026-04-28 10:50:55 - getOutlet.php - Key aplikasi: YbcJSFjkds...
2026-04-28 10:50:55 - getOutlet.php - Expected encrypt: 41c7aa6da1665eab307362296dd568d0
2026-04-28 10:50:55 - getOutlet.php - Received encrypt: 41c7aa6da1665eab307362296dd568d0
2026-04-28 10:50:55 - getOutlet.php - Authentication berhasil
2026-04-28 10:50:55 - getOutlet.php - Query: SELECT id_out, nama_out, '' AS alamat_out, ofcode_out
            FROM outlet 
            WHERE status_out IN ('Active', '1', 'active')
            AND (nama_out LIKE :key OR ofcode_out LIKE :key)
            ORDER BY nama_out ASC
            LIMIT 20
2026-04-28 10:50:55 - getOutlet.php - Query berhasil, mengembalikan 16 record
2026-04-28 10:50:55 - getOutlet.php - === END REQUEST ===
2026-04-28 03:50:56 - getOutlet.php - === REQUEST GETOUTLET ===
2026-04-28 03:50:56 - getOutlet.php - Method: POST
2026-04-28 03:50:56 - getOutlet.php - POST data: {"tgl":"2026-04-28","encrypt":"41c7aa6da1665eab307362296dd568d0","id_apl":"APL01","key":"Rs mitra keluar"}
2026-04-28 10:50:56 - getOutlet.php - Params - tgl: 2026-04-28, encrypt: 41c7aa6da1665eab307362296dd568d0, id_apl: APL01, key: Rs mitra keluar
2026-04-28 10:50:56 - getOutlet.php - Aplikasi ditemukan: Ya
2026-04-28 10:50:56 - getOutlet.php - Key aplikasi: YbcJSFjkds...
2026-04-28 10:50:56 - getOutlet.php - Expected encrypt: 41c7aa6da1665eab307362296dd568d0
2026-04-28 10:50:56 - getOutlet.php - Received encrypt: 41c7aa6da1665eab307362296dd568d0
2026-04-28 10:50:56 - getOutlet.php - Authentication berhasil
2026-04-28 10:50:56 - getOutlet.php - Query: SELECT id_out, nama_out, '' AS alamat_out, ofcode_out
            FROM outlet 
            WHERE status_out IN ('Active', '1', 'active')
            AND (nama_out LIKE :key OR ofcode_out LIKE :key)
            ORDER BY nama_out ASC
            LIMIT 20
2026-04-28 10:50:56 - getOutlet.php - Query berhasil, mengembalikan 16 record
2026-04-28 10:50:56 - getOutlet.php - === END REQUEST ===
2026-04-28 03:50:56 - getOutlet.php - === REQUEST GETOUTLET ===
2026-04-28 03:50:56 - getOutlet.php - Method: POST
2026-04-28 03:50:56 - getOutlet.php - POST data: {"tgl":"2026-04-28","encrypt":"41c7aa6da1665eab307362296dd568d0","id_apl":"APL01","key":"Rs mitra keluarg"}
2026-04-28 10:50:56 - getOutlet.php - Params - tgl: 2026-04-28, encrypt: 41c7aa6da1665eab307362296dd568d0, id_apl: APL01, key: Rs mitra keluarg
2026-04-28 10:50:56 - getOutlet.php - Aplikasi ditemukan: Ya
2026-04-28 10:50:56 - getOutlet.php - Key aplikasi: YbcJSFjkds...
2026-04-28 10:50:56 - getOutlet.php - Expected encrypt: 41c7aa6da1665eab307362296dd568d0
2026-04-28 10:50:56 - getOutlet.php - Received encrypt: 41c7aa6da1665eab307362296dd568d0
2026-04-28 10:50:56 - getOutlet.php - Authentication berhasil
2026-04-28 10:50:56 - getOutlet.php - Query: SELECT id_out, nama_out, '' AS alamat_out, ofcode_out
            FROM outlet 
            WHERE status_out IN ('Active', '1', 'active')
            AND (nama_out LIKE :key OR ofcode_out LIKE :key)
            ORDER BY nama_out ASC
            LIMIT 20
2026-04-28 10:50:56 - getOutlet.php - Query berhasil, mengembalikan 16 record
2026-04-28 10:50:56 - getOutlet.php - === END REQUEST ===
2026-04-28 03:50:56 - getOutlet.php - === REQUEST GETOUTLET ===
2026-04-28 03:50:56 - getOutlet.php - Method: POST
2026-04-28 03:50:56 - getOutlet.php - POST data: {"tgl":"2026-04-28","encrypt":"41c7aa6da1665eab307362296dd568d0","id_apl":"APL01","key":"Rs mitra keluarga"}
2026-04-28 10:50:56 - getOutlet.php - Params - tgl: 2026-04-28, encrypt: 41c7aa6da1665eab307362296dd568d0, id_apl: APL01, key: Rs mitra keluarga
2026-04-28 10:50:56 - getOutlet.php - Aplikasi ditemukan: Ya
2026-04-28 10:50:56 - getOutlet.php - Key aplikasi: YbcJSFjkds...
2026-04-28 10:50:56 - getOutlet.php - Expected encrypt: 41c7aa6da1665eab307362296dd568d0
2026-04-28 10:50:56 - getOutlet.php - Received encrypt: 41c7aa6da1665eab307362296dd568d0
2026-04-28 10:50:56 - getOutlet.php - Authentication berhasil
2026-04-28 10:50:56 - getOutlet.php - Query: SELECT id_out, nama_out, '' AS alamat_out, ofcode_out
            FROM outlet 
            WHERE status_out IN ('Active', '1', 'active')
            AND (nama_out LIKE :key OR ofcode_out LIKE :key)
            ORDER BY nama_out ASC
            LIMIT 20
2026-04-28 10:50:56 - getOutlet.php - Query berhasil, mengembalikan 16 record
2026-04-28 10:50:56 - getOutlet.php - === END REQUEST ===
2026-04-28 03:51:00 - getOutlet.php - === REQUEST GETOUTLET ===
2026-04-28 03:51:00 - getOutlet.php - Method: POST
2026-04-28 03:51:00 - getOutlet.php - POST data: {"tgl":"2026-04-28","encrypt":"41c7aa6da1665eab307362296dd568d0","id_apl":"APL01","key":"RS Mitra Keluarga Bintaro"}
2026-04-28 10:51:00 - getOutlet.php - Params - tgl: 2026-04-28, encrypt: 41c7aa6da1665eab307362296dd568d0, id_apl: APL01, key: RS Mitra Keluarga Bintaro
2026-04-28 10:51:00 - getOutlet.php - Aplikasi ditemukan: Ya
2026-04-28 10:51:00 - getOutlet.php - Key aplikasi: YbcJSFjkds...
2026-04-28 10:51:00 - getOutlet.php - Expected encrypt: 41c7aa6da1665eab307362296dd568d0
2026-04-28 10:51:00 - getOutlet.php - Received encrypt: 41c7aa6da1665eab307362296dd568d0
2026-04-28 10:51:00 - getOutlet.php - Authentication berhasil
2026-04-28 10:51:00 - getOutlet.php - Query: SELECT id_out, nama_out, '' AS alamat_out, ofcode_out
            FROM outlet 
            WHERE status_out IN ('Active', '1', 'active')
            AND (nama_out LIKE :key OR ofcode_out LIKE :key)
            ORDER BY nama_out ASC
            LIMIT 20
2026-04-28 10:51:00 - getOutlet.php - Query berhasil, mengembalikan 1 record
2026-04-28 10:51:00 - getOutlet.php - === END REQUEST ===
2026-04-28 03:55:46 - getOutlet.php - === REQUEST GETOUTLET ===
2026-04-28 03:55:46 - getOutlet.php - Method: POST
2026-04-28 03:55:46 - getOutlet.php - POST data: {"tgl":"2026-04-28","encrypt":"41c7aa6da1665eab307362296dd568d0","id_apl":"APL01","key":"Al"}
2026-04-28 10:55:46 - getOutlet.php - Params - tgl: 2026-04-28, encrypt: 41c7aa6da1665eab307362296dd568d0, id_apl: APL01, key: Al
2026-04-28 10:55:46 - getOutlet.php - Aplikasi ditemukan: Ya
2026-04-28 10:55:46 - getOutlet.php - Key aplikasi: YbcJSFjkds...
2026-04-28 10:55:46 - getOutlet.php - Expected encrypt: 41c7aa6da1665eab307362296dd568d0
2026-04-28 10:55:46 - getOutlet.php - Received encrypt: 41c7aa6da1665eab307362296dd568d0
2026-04-28 10:55:46 - getOutlet.php - Authentication berhasil
2026-04-28 10:55:46 - getOutlet.php - Query: SELECT id_out, nama_out, '' AS alamat_out, ofcode_out
            FROM outlet 
            WHERE status_out IN ('Active', '1', 'active')
            AND (nama_out LIKE :key OR ofcode_out LIKE :key)
            ORDER BY nama_out ASC
            LIMIT 20
2026-04-28 10:55:46 - getOutlet.php - Query berhasil, mengembalikan 20 record
2026-04-28 10:55:46 - getOutlet.php - === END REQUEST ===
2026-04-28 03:55:46 - getOutlet.php - === REQUEST GETOUTLET ===
2026-04-28 03:55:46 - getOutlet.php - Method: POST
2026-04-28 03:55:46 - getOutlet.php - POST data: {"tgl":"2026-04-28","encrypt":"41c7aa6da1665eab307362296dd568d0","id_apl":"APL01","key":"Alp"}
2026-04-28 10:55:46 - getOutlet.php - Params - tgl: 2026-04-28, encrypt: 41c7aa6da1665eab307362296dd568d0, id_apl: APL01, key: Alp
2026-04-28 10:55:46 - getOutlet.php - Aplikasi ditemukan: Ya
2026-04-28 10:55:46 - getOutlet.php - Key aplikasi: YbcJSFjkds...
2026-04-28 10:55:46 - getOutlet.php - Expected encrypt: 41c7aa6da1665eab307362296dd568d0
2026-04-28 10:55:46 - getOutlet.php - Received encrypt: 41c7aa6da1665eab307362296dd568d0
2026-04-28 10:55:46 - getOutlet.php - Authentication berhasil
2026-04-28 10:55:46 - getOutlet.php - Query: SELECT id_out, nama_out, '' AS alamat_out, ofcode_out
            FROM outlet 
            WHERE status_out IN ('Active', '1', 'active')
            AND (nama_out LIKE :key OR ofcode_out LIKE :key)
            ORDER BY nama_out ASC
            LIMIT 20
2026-04-28 10:55:46 - getOutlet.php - Query berhasil, mengembalikan 20 record
2026-04-28 10:55:46 - getOutlet.php - === END REQUEST ===
2026-04-28 03:55:47 - getOutlet.php - === REQUEST GETOUTLET ===
2026-04-28 03:55:47 - getOutlet.php - Method: POST
2026-04-28 03:55:47 - getOutlet.php - POST data: {"tgl":"2026-04-28","encrypt":"41c7aa6da1665eab307362296dd568d0","id_apl":"APL01","key":"Alpro"}
2026-04-28 10:55:47 - getOutlet.php - Params - tgl: 2026-04-28, encrypt: 41c7aa6da1665eab307362296dd568d0, id_apl: APL01, key: Alpro
2026-04-28 10:55:47 - getOutlet.php - Aplikasi ditemukan: Ya
2026-04-28 10:55:47 - getOutlet.php - Key aplikasi: YbcJSFjkds...
2026-04-28 10:55:47 - getOutlet.php - Expected encrypt: 41c7aa6da1665eab307362296dd568d0
2026-04-28 10:55:47 - getOutlet.php - Received encrypt: 41c7aa6da1665eab307362296dd568d0
2026-04-28 10:55:47 - getOutlet.php - Authentication berhasil
2026-04-28 10:55:47 - getOutlet.php - Query: SELECT id_out, nama_out, '' AS alamat_out, ofcode_out
            FROM outlet 
            WHERE status_out IN ('Active', '1', 'active')
            AND (nama_out LIKE :key OR ofcode_out LIKE :key)
            ORDER BY nama_out ASC
            LIMIT 20
2026-04-28 10:55:47 - getOutlet.php - Query berhasil, mengembalikan 20 record
2026-04-28 10:55:47 - getOutlet.php - === END REQUEST ===
2026-04-28 03:55:48 - getOutlet.php - === REQUEST GETOUTLET ===
2026-04-28 03:55:48 - getOutlet.php - Method: POST
2026-04-28 03:55:48 - getOutlet.php - POST data: {"tgl":"2026-04-28","encrypt":"41c7aa6da1665eab307362296dd568d0","id_apl":"APL01","key":"Alpro c"}
2026-04-28 10:55:48 - getOutlet.php - Params - tgl: 2026-04-28, encrypt: 41c7aa6da1665eab307362296dd568d0, id_apl: APL01, key: Alpro c
2026-04-28 10:55:48 - getOutlet.php - Aplikasi ditemukan: Ya
2026-04-28 10:55:48 - getOutlet.php - Key aplikasi: YbcJSFjkds...
2026-04-28 10:55:48 - getOutlet.php - Expected encrypt: 41c7aa6da1665eab307362296dd568d0
2026-04-28 10:55:48 - getOutlet.php - Received encrypt: 41c7aa6da1665eab307362296dd568d0
2026-04-28 10:55:48 - getOutlet.php - Authentication berhasil
2026-04-28 10:55:48 - getOutlet.php - Query: SELECT id_out, nama_out, '' AS alamat_out, ofcode_out
            FROM outlet 
            WHERE status_out IN ('Active', '1', 'active')
            AND (nama_out LIKE :key OR ofcode_out LIKE :key)
            ORDER BY nama_out ASC
            LIMIT 20
2026-04-28 10:55:48 - getOutlet.php - Query berhasil, mengembalikan 6 record
2026-04-28 10:55:48 - getOutlet.php - === END REQUEST ===
2026-04-28 03:55:48 - getOutlet.php - === REQUEST GETOUTLET ===
2026-04-28 03:55:48 - getOutlet.php - Method: POST
2026-04-28 03:55:48 - getOutlet.php - POST data: {"tgl":"2026-04-28","encrypt":"41c7aa6da1665eab307362296dd568d0","id_apl":"APL01","key":"Alpro ci"}
2026-04-28 10:55:48 - getOutlet.php - Params - tgl: 2026-04-28, encrypt: 41c7aa6da1665eab307362296dd568d0, id_apl: APL01, key: Alpro ci
2026-04-28 10:55:48 - getOutlet.php - Aplikasi ditemukan: Ya
2026-04-28 10:55:48 - getOutlet.php - Key aplikasi: YbcJSFjkds...
2026-04-28 10:55:48 - getOutlet.php - Expected encrypt: 41c7aa6da1665eab307362296dd568d0
2026-04-28 10:55:48 - getOutlet.php - Received encrypt: 41c7aa6da1665eab307362296dd568d0
2026-04-28 10:55:48 - getOutlet.php - Authentication berhasil
2026-04-28 10:55:48 - getOutlet.php - Query: SELECT id_out, nama_out, '' AS alamat_out, ofcode_out
            FROM outlet 
            WHERE status_out IN ('Active', '1', 'active')
            AND (nama_out LIKE :key OR ofcode_out LIKE :key)
            ORDER BY nama_out ASC
            LIMIT 20
2026-04-28 10:55:48 - getOutlet.php - Query berhasil, mengembalikan 4 record
2026-04-28 10:55:48 - getOutlet.php - === END REQUEST ===
2026-04-28 03:55:48 - getOutlet.php - === REQUEST GETOUTLET ===
2026-04-28 03:55:48 - getOutlet.php - Method: POST
2026-04-28 03:55:48 - getOutlet.php - POST data: {"tgl":"2026-04-28","encrypt":"41c7aa6da1665eab307362296dd568d0","id_apl":"APL01","key":"Alpro cit"}
2026-04-28 10:55:48 - getOutlet.php - Params - tgl: 2026-04-28, encrypt: 41c7aa6da1665eab307362296dd568d0, id_apl: APL01, key: Alpro cit
2026-04-28 10:55:48 - getOutlet.php - Aplikasi ditemukan: Ya
2026-04-28 10:55:48 - getOutlet.php - Key aplikasi: YbcJSFjkds...
2026-04-28 10:55:48 - getOutlet.php - Expected encrypt: 41c7aa6da1665eab307362296dd568d0
2026-04-28 10:55:48 - getOutlet.php - Received encrypt: 41c7aa6da1665eab307362296dd568d0
2026-04-28 10:55:48 - getOutlet.php - Authentication berhasil
2026-04-28 10:55:48 - getOutlet.php - Query: SELECT id_out, nama_out, '' AS alamat_out, ofcode_out
            FROM outlet 
            WHERE status_out IN ('Active', '1', 'active')
            AND (nama_out LIKE :key OR ofcode_out LIKE :key)
            ORDER BY nama_out ASC
            LIMIT 20
2026-04-28 10:55:48 - getOutlet.php - Query berhasil, mengembalikan 3 record
2026-04-28 10:55:48 - getOutlet.php - === END REQUEST ===
2026-04-28 03:55:51 - getOutlet.php - === REQUEST GETOUTLET ===
2026-04-28 03:55:51 - getOutlet.php - Method: POST
2026-04-28 03:55:51 - getOutlet.php - POST data: {"tgl":"2026-04-28","encrypt":"41c7aa6da1665eab307362296dd568d0","id_apl":"APL01","key":"APOTEK ALPRO CITRA SATU"}
2026-04-28 10:55:51 - getOutlet.php - Params - tgl: 2026-04-28, encrypt: 41c7aa6da1665eab307362296dd568d0, id_apl: APL01, key: APOTEK ALPRO CITRA SATU
2026-04-28 10:55:51 - getOutlet.php - Aplikasi ditemukan: Ya
2026-04-28 10:55:51 - getOutlet.php - Key aplikasi: YbcJSFjkds...
2026-04-28 10:55:51 - getOutlet.php - Expected encrypt: 41c7aa6da1665eab307362296dd568d0
2026-04-28 10:55:51 - getOutlet.php - Received encrypt: 41c7aa6da1665eab307362296dd568d0
2026-04-28 10:55:51 - getOutlet.php - Authentication berhasil
2026-04-28 10:55:51 - getOutlet.php - Query: SELECT id_out, nama_out, '' AS alamat_out, ofcode_out
            FROM outlet 
            WHERE status_out IN ('Active', '1', 'active')
            AND (nama_out LIKE :key OR ofcode_out LIKE :key)
            ORDER BY nama_out ASC
            LIMIT 20
2026-04-28 10:55:51 - getOutlet.php - Query berhasil, mengembalikan 1 record
2026-04-28 10:55:51 - getOutlet.php - === END REQUEST ===
2026-04-28 03:56:10 - getOutlet.php - === REQUEST GETOUTLET ===
2026-04-28 03:56:10 - getOutlet.php - Method: POST
2026-04-28 03:56:10 - getOutlet.php - POST data: {"tgl":"2026-04-28","encrypt":"41c7aa6da1665eab307362296dd568d0","id_apl":"APL01","key":"Pri"}
2026-04-28 10:56:10 - getOutlet.php - Params - tgl: 2026-04-28, encrypt: 41c7aa6da1665eab307362296dd568d0, id_apl: APL01, key: Pri
2026-04-28 10:56:10 - getOutlet.php - Aplikasi ditemukan: Ya
2026-04-28 10:56:10 - getOutlet.php - Key aplikasi: YbcJSFjkds...
2026-04-28 10:56:10 - getOutlet.php - Expected encrypt: 41c7aa6da1665eab307362296dd568d0
2026-04-28 10:56:10 - getOutlet.php - Received encrypt: 41c7aa6da1665eab307362296dd568d0
2026-04-28 10:56:10 - getOutlet.php - Authentication berhasil
2026-04-28 10:56:10 - getOutlet.php - Query: SELECT id_out, nama_out, '' AS alamat_out, ofcode_out
            FROM outlet 
            WHERE status_out IN ('Active', '1', 'active')
            AND (nama_out LIKE :key OR ofcode_out LIKE :key)
            ORDER BY nama_out ASC
            LIMIT 20
2026-04-28 10:56:10 - getOutlet.php - Query berhasil, mengembalikan 20 record
2026-04-28 10:56:10 - getOutlet.php - === END REQUEST ===
2026-04-28 03:56:10 - getOutlet.php - === REQUEST GETOUTLET ===
2026-04-28 03:56:10 - getOutlet.php - Method: POST
2026-04-28 03:56:10 - getOutlet.php - POST data: {"tgl":"2026-04-28","encrypt":"41c7aa6da1665eab307362296dd568d0","id_apl":"APL01","key":"Pr"}
2026-04-28 10:56:10 - getOutlet.php - Params - tgl: 2026-04-28, encrypt: 41c7aa6da1665eab307362296dd568d0, id_apl: APL01, key: Pr
2026-04-28 10:56:10 - getOutlet.php - Aplikasi ditemukan: Ya
2026-04-28 10:56:10 - getOutlet.php - Key aplikasi: YbcJSFjkds...
2026-04-28 10:56:10 - getOutlet.php - Expected encrypt: 41c7aa6da1665eab307362296dd568d0
2026-04-28 10:56:10 - getOutlet.php - Received encrypt: 41c7aa6da1665eab307362296dd568d0
2026-04-28 10:56:10 - getOutlet.php - Authentication berhasil
2026-04-28 10:56:10 - getOutlet.php - Query: SELECT id_out, nama_out, '' AS alamat_out, ofcode_out
            FROM outlet 
            WHERE status_out IN ('Active', '1', 'active')
            AND (nama_out LIKE :key OR ofcode_out LIKE :key)
            ORDER BY nama_out ASC
            LIMIT 20
2026-04-28 10:56:10 - getOutlet.php - Query berhasil, mengembalikan 20 record
2026-04-28 10:56:10 - getOutlet.php - === END REQUEST ===
2026-04-28 03:56:10 - getOutlet.php - === REQUEST GETOUTLET ===
2026-04-28 03:56:10 - getOutlet.php - Method: POST
2026-04-28 03:56:10 - getOutlet.php - POST data: {"tgl":"2026-04-28","encrypt":"41c7aa6da1665eab307362296dd568d0","id_apl":"APL01","key":"Prim"}
2026-04-28 10:56:10 - getOutlet.php - Params - tgl: 2026-04-28, encrypt: 41c7aa6da1665eab307362296dd568d0, id_apl: APL01, key: Prim
2026-04-28 10:56:10 - getOutlet.php - Aplikasi ditemukan: Ya
2026-04-28 10:56:10 - getOutlet.php - Key aplikasi: YbcJSFjkds...
2026-04-28 10:56:10 - getOutlet.php - Expected encrypt: 41c7aa6da1665eab307362296dd568d0
2026-04-28 10:56:10 - getOutlet.php - Received encrypt: 41c7aa6da1665eab307362296dd568d0
2026-04-28 10:56:10 - getOutlet.php - Authentication berhasil
2026-04-28 10:56:10 - getOutlet.php - Query: SELECT id_out, nama_out, '' AS alamat_out, ofcode_out
            FROM outlet 
            WHERE status_out IN ('Active', '1', 'active')
            AND (nama_out LIKE :key OR ofcode_out LIKE :key)
            ORDER BY nama_out ASC
            LIMIT 20
2026-04-28 10:56:10 - getOutlet.php - Query berhasil, mengembalikan 20 record
2026-04-28 10:56:10 - getOutlet.php - === END REQUEST ===
2026-04-28 03:56:11 - getOutlet.php - === REQUEST GETOUTLET ===
2026-04-28 03:56:11 - getOutlet.php - Method: POST
2026-04-28 03:56:11 - getOutlet.php - POST data: {"tgl":"2026-04-28","encrypt":"41c7aa6da1665eab307362296dd568d0","id_apl":"APL01","key":"Primaya"}
2026-04-28 10:56:11 - getOutlet.php - Params - tgl: 2026-04-28, encrypt: 41c7aa6da1665eab307362296dd568d0, id_apl: APL01, key: Primaya
2026-04-28 10:56:11 - getOutlet.php - Aplikasi ditemukan: Ya
2026-04-28 10:56:11 - getOutlet.php - Key aplikasi: YbcJSFjkds...
2026-04-28 10:56:11 - getOutlet.php - Expected encrypt: 41c7aa6da1665eab307362296dd568d0
2026-04-28 10:56:11 - getOutlet.php - Received encrypt: 41c7aa6da1665eab307362296dd568d0
2026-04-28 10:56:11 - getOutlet.php - Authentication berhasil
2026-04-28 10:56:11 - getOutlet.php - Query: SELECT id_out, nama_out, '' AS alamat_out, ofcode_out
            FROM outlet 
            WHERE status_out IN ('Active', '1', 'active')
            AND (nama_out LIKE :key OR ofcode_out LIKE :key)
            ORDER BY nama_out ASC
            LIMIT 20
2026-04-28 10:56:11 - getOutlet.php - Query berhasil, mengembalikan 12 record
2026-04-28 10:56:11 - getOutlet.php - === END REQUEST ===
2026-04-28 03:56:14 - getOutlet.php - === REQUEST GETOUTLET ===
2026-04-28 03:56:14 - getOutlet.php - Method: POST
2026-04-28 03:56:14 - getOutlet.php - POST data: {"tgl":"2026-04-28","encrypt":"41c7aa6da1665eab307362296dd568d0","id_apl":"APL01","key":"RS Primaya Hospital Tangerang"}
2026-04-28 10:56:14 - getOutlet.php - Params - tgl: 2026-04-28, encrypt: 41c7aa6da1665eab307362296dd568d0, id_apl: APL01, key: RS Primaya Hospital Tangerang
2026-04-28 10:56:14 - getOutlet.php - Aplikasi ditemukan: Ya
2026-04-28 10:56:14 - getOutlet.php - Key aplikasi: YbcJSFjkds...
2026-04-28 10:56:14 - getOutlet.php - Expected encrypt: 41c7aa6da1665eab307362296dd568d0
2026-04-28 10:56:14 - getOutlet.php - Received encrypt: 41c7aa6da1665eab307362296dd568d0
2026-04-28 10:56:14 - getOutlet.php - Authentication berhasil
2026-04-28 10:56:14 - getOutlet.php - Query: SELECT id_out, nama_out, '' AS alamat_out, ofcode_out
            FROM outlet 
            WHERE status_out IN ('Active', '1', 'active')
            AND (nama_out LIKE :key OR ofcode_out LIKE :key)
            ORDER BY nama_out ASC
            LIMIT 20
2026-04-28 10:56:14 - getOutlet.php - Query berhasil, mengembalikan 1 record
2026-04-28 10:56:14 - getOutlet.php - === END REQUEST ===
2026-04-28 03:56:23 - getOutlet.php - === REQUEST GETOUTLET ===
2026-04-28 03:56:23 - getOutlet.php - Method: POST
2026-04-28 03:56:23 - getOutlet.php - POST data: {"tgl":"2026-04-28","encrypt":"41c7aa6da1665eab307362296dd568d0","id_apl":"APL01","key":"Je"}
2026-04-28 10:56:23 - getOutlet.php - Params - tgl: 2026-04-28, encrypt: 41c7aa6da1665eab307362296dd568d0, id_apl: APL01, key: Je
2026-04-28 10:56:23 - getOutlet.php - Aplikasi ditemukan: Ya
2026-04-28 10:56:23 - getOutlet.php - Key aplikasi: YbcJSFjkds...
2026-04-28 10:56:23 - getOutlet.php - Expected encrypt: 41c7aa6da1665eab307362296dd568d0
2026-04-28 10:56:23 - getOutlet.php - Received encrypt: 41c7aa6da1665eab307362296dd568d0
2026-04-28 10:56:23 - getOutlet.php - Authentication berhasil
2026-04-28 10:56:23 - getOutlet.php - Query: SELECT id_out, nama_out, '' AS alamat_out, ofcode_out
            FROM outlet 
            WHERE status_out IN ('Active', '1', 'active')
            AND (nama_out LIKE :key OR ofcode_out LIKE :key)
            ORDER BY nama_out ASC
            LIMIT 20
2026-04-28 10:56:23 - getOutlet.php - Query berhasil, mengembalikan 19 record
2026-04-28 10:56:23 - getOutlet.php - === END REQUEST ===
2026-04-28 03:56:23 - getOutlet.php - === REQUEST GETOUTLET ===
2026-04-28 03:56:23 - getOutlet.php - Method: POST
2026-04-28 03:56:23 - getOutlet.php - POST data: {"tgl":"2026-04-28","encrypt":"41c7aa6da1665eab307362296dd568d0","id_apl":"APL01","key":"Jec"}
2026-04-28 10:56:23 - getOutlet.php - Params - tgl: 2026-04-28, encrypt: 41c7aa6da1665eab307362296dd568d0, id_apl: APL01, key: Jec
2026-04-28 10:56:23 - getOutlet.php - Aplikasi ditemukan: Ya
2026-04-28 10:56:23 - getOutlet.php - Key aplikasi: YbcJSFjkds...
2026-04-28 10:56:23 - getOutlet.php - Expected encrypt: 41c7aa6da1665eab307362296dd568d0
2026-04-28 10:56:23 - getOutlet.php - Received encrypt: 41c7aa6da1665eab307362296dd568d0
2026-04-28 10:56:23 - getOutlet.php - Authentication berhasil
2026-04-28 10:56:23 - getOutlet.php - Query: SELECT id_out, nama_out, '' AS alamat_out, ofcode_out
            FROM outlet 
            WHERE status_out IN ('Active', '1', 'active')
            AND (nama_out LIKE :key OR ofcode_out LIKE :key)
            ORDER BY nama_out ASC
            LIMIT 20
2026-04-28 10:56:23 - getOutlet.php - Query berhasil, mengembalikan 12 record
2026-04-28 10:56:23 - getOutlet.php - === END REQUEST ===
2026-04-28 03:56:24 - getOutlet.php - === REQUEST GETOUTLET ===
2026-04-28 03:56:24 - getOutlet.php - Method: POST
2026-04-28 03:56:24 - getOutlet.php - POST data: {"tgl":"2026-04-28","encrypt":"41c7aa6da1665eab307362296dd568d0","id_apl":"APL01","key":"RS Primaya Hospital Tangera"}
2026-04-28 10:56:24 - getOutlet.php - Params - tgl: 2026-04-28, encrypt: 41c7aa6da1665eab307362296dd568d0, id_apl: APL01, key: RS Primaya Hospital Tangera
2026-04-28 10:56:24 - getOutlet.php - Aplikasi ditemukan: Ya
2026-04-28 10:56:24 - getOutlet.php - Key aplikasi: YbcJSFjkds...
2026-04-28 10:56:24 - getOutlet.php - Expected encrypt: 41c7aa6da1665eab307362296dd568d0
2026-04-28 10:56:24 - getOutlet.php - Received encrypt: 41c7aa6da1665eab307362296dd568d0
2026-04-28 10:56:24 - getOutlet.php - Authentication berhasil
2026-04-28 10:56:24 - getOutlet.php - Query: SELECT id_out, nama_out, '' AS alamat_out, ofcode_out
            FROM outlet 
            WHERE status_out IN ('Active', '1', 'active')
            AND (nama_out LIKE :key OR ofcode_out LIKE :key)
            ORDER BY nama_out ASC
            LIMIT 20
2026-04-28 10:56:24 - getOutlet.php - Query berhasil, mengembalikan 1 record
2026-04-28 10:56:24 - getOutlet.php - === END REQUEST ===
2026-04-28 03:56:24 - getOutlet.php - === REQUEST GETOUTLET ===
2026-04-28 03:56:24 - getOutlet.php - Method: POST
2026-04-28 03:56:24 - getOutlet.php - POST data: {"tgl":"2026-04-28","encrypt":"41c7aa6da1665eab307362296dd568d0","id_apl":"APL01","key":"RS Primaya Hospital Tangeran"}
2026-04-28 10:56:24 - getOutlet.php - Params - tgl: 2026-04-28, encrypt: 41c7aa6da1665eab307362296dd568d0, id_apl: APL01, key: RS Primaya Hospital Tangeran
2026-04-28 10:56:24 - getOutlet.php - Aplikasi ditemukan: Ya
2026-04-28 10:56:24 - getOutlet.php - Key aplikasi: YbcJSFjkds...
2026-04-28 10:56:24 - getOutlet.php - Expected encrypt: 41c7aa6da1665eab307362296dd568d0
2026-04-28 10:56:24 - getOutlet.php - Received encrypt: 41c7aa6da1665eab307362296dd568d0
2026-04-28 10:56:24 - getOutlet.php - Authentication berhasil
2026-04-28 10:56:24 - getOutlet.php - Query: SELECT id_out, nama_out, '' AS alamat_out, ofcode_out
            FROM outlet 
            WHERE status_out IN ('Active', '1', 'active')
            AND (nama_out LIKE :key OR ofcode_out LIKE :key)
            ORDER BY nama_out ASC
            LIMIT 20
2026-04-28 10:56:24 - getOutlet.php - Query berhasil, mengembalikan 1 record
2026-04-28 10:56:24 - getOutlet.php - === END REQUEST ===
2026-04-28 03:56:24 - getOutlet.php - === REQUEST GETOUTLET ===
2026-04-28 03:56:24 - getOutlet.php - Method: POST
2026-04-28 03:56:24 - getOutlet.php - POST data: {"tgl":"2026-04-28","encrypt":"41c7aa6da1665eab307362296dd568d0","id_apl":"APL01","key":"RS Primaya Hospital Tang"}
2026-04-28 10:56:24 - getOutlet.php - Params - tgl: 2026-04-28, encrypt: 41c7aa6da1665eab307362296dd568d0, id_apl: APL01, key: RS Primaya Hospital Tang
2026-04-28 10:56:24 - getOutlet.php - Aplikasi ditemukan: Ya
2026-04-28 10:56:24 - getOutlet.php - Key aplikasi: YbcJSFjkds...
2026-04-28 10:56:24 - getOutlet.php - Expected encrypt: 41c7aa6da1665eab307362296dd568d0
2026-04-28 10:56:24 - getOutlet.php - Received encrypt: 41c7aa6da1665eab307362296dd568d0
2026-04-28 10:56:24 - getOutlet.php - Authentication berhasil
2026-04-28 10:56:24 - getOutlet.php - Query: SELECT id_out, nama_out, '' AS alamat_out, ofcode_out
            FROM outlet 
            WHERE status_out IN ('Active', '1', 'active')
            AND (nama_out LIKE :key OR ofcode_out LIKE :key)
            ORDER BY nama_out ASC
            LIMIT 20
2026-04-28 10:56:24 - getOutlet.php - Query berhasil, mengembalikan 1 record
2026-04-28 10:56:24 - getOutlet.php - === END REQUEST ===
2026-04-28 03:56:24 - getOutlet.php - === REQUEST GETOUTLET ===
2026-04-28 03:56:24 - getOutlet.php - Method: POST
2026-04-28 03:56:24 - getOutlet.php - POST data: {"tgl":"2026-04-28","encrypt":"41c7aa6da1665eab307362296dd568d0","id_apl":"APL01","key":"RS Primaya Hospital Tange"}
2026-04-28 10:56:24 - getOutlet.php - Params - tgl: 2026-04-28, encrypt: 41c7aa6da1665eab307362296dd568d0, id_apl: APL01, key: RS Primaya Hospital Tange
2026-04-28 10:56:24 - getOutlet.php - Aplikasi ditemukan: Ya
2026-04-28 10:56:24 - getOutlet.php - Key aplikasi: YbcJSFjkds...
2026-04-28 10:56:24 - getOutlet.php - Expected encrypt: 41c7aa6da1665eab307362296dd568d0
2026-04-28 10:56:24 - getOutlet.php - Received encrypt: 41c7aa6da1665eab307362296dd568d0
2026-04-28 10:56:24 - getOutlet.php - Authentication berhasil
2026-04-28 10:56:24 - getOutlet.php - Query: SELECT id_out, nama_out, '' AS alamat_out, ofcode_out
            FROM outlet 
            WHERE status_out IN ('Active', '1', 'active')
            AND (nama_out LIKE :key OR ofcode_out LIKE :key)
            ORDER BY nama_out ASC
            LIMIT 20
2026-04-28 10:56:24 - getOutlet.php - Query berhasil, mengembalikan 1 record
2026-04-28 10:56:24 - getOutlet.php - === END REQUEST ===
2026-04-28 03:56:24 - getOutlet.php - === REQUEST GETOUTLET ===
2026-04-28 03:56:24 - getOutlet.php - Method: POST
2026-04-28 03:56:24 - getOutlet.php - POST data: {"tgl":"2026-04-28","encrypt":"41c7aa6da1665eab307362296dd568d0","id_apl":"APL01","key":"RS Primaya Hospital Tanger"}
2026-04-28 10:56:24 - getOutlet.php - Params - tgl: 2026-04-28, encrypt: 41c7aa6da1665eab307362296dd568d0, id_apl: APL01, key: RS Primaya Hospital Tanger
2026-04-28 10:56:24 - getOutlet.php - Aplikasi ditemukan: Ya
2026-04-28 10:56:24 - getOutlet.php - Key aplikasi: YbcJSFjkds...
2026-04-28 10:56:24 - getOutlet.php - Expected encrypt: 41c7aa6da1665eab307362296dd568d0
2026-04-28 10:56:24 - getOutlet.php - Received encrypt: 41c7aa6da1665eab307362296dd568d0
2026-04-28 10:56:24 - getOutlet.php - Authentication berhasil
2026-04-28 10:56:24 - getOutlet.php - Query: SELECT id_out, nama_out, '' AS alamat_out, ofcode_out
            FROM outlet 
            WHERE status_out IN ('Active', '1', 'active')
            AND (nama_out LIKE :key OR ofcode_out LIKE :key)
            ORDER BY nama_out ASC
            LIMIT 20
2026-04-28 10:56:24 - getOutlet.php - Query berhasil, mengembalikan 1 record
2026-04-28 10:56:24 - getOutlet.php - === END REQUEST ===
2026-04-28 03:56:24 - getOutlet.php - === REQUEST GETOUTLET ===
2026-04-28 03:56:24 - getOutlet.php - Method: POST
2026-04-28 03:56:24 - getOutlet.php - POST data: {"tgl":"2026-04-28","encrypt":"41c7aa6da1665eab307362296dd568d0","id_apl":"APL01","key":"RS Primaya Hospital Tan"}
2026-04-28 10:56:24 - getOutlet.php - Params - tgl: 2026-04-28, encrypt: 41c7aa6da1665eab307362296dd568d0, id_apl: APL01, key: RS Primaya Hospital Tan
2026-04-28 10:56:24 - getOutlet.php - Aplikasi ditemukan: Ya
2026-04-28 10:56:24 - getOutlet.php - Key aplikasi: YbcJSFjkds...
2026-04-28 10:56:24 - getOutlet.php - Expected encrypt: 41c7aa6da1665eab307362296dd568d0
2026-04-28 10:56:24 - getOutlet.php - Received encrypt: 41c7aa6da1665eab307362296dd568d0
2026-04-28 10:56:24 - getOutlet.php - Authentication berhasil
2026-04-28 10:56:24 - getOutlet.php - Query: SELECT id_out, nama_out, '' AS alamat_out, ofcode_out
            FROM outlet 
            WHERE status_out IN ('Active', '1', 'active')
            AND (nama_out LIKE :key OR ofcode_out LIKE :key)
            ORDER BY nama_out ASC
            LIMIT 20
2026-04-28 10:56:24 - getOutlet.php - Query berhasil, mengembalikan 1 record
2026-04-28 10:56:24 - getOutlet.php - === END REQUEST ===
2026-04-28 03:56:25 - getOutlet.php - === REQUEST GETOUTLET ===
2026-04-28 03:56:25 - getOutlet.php - Method: POST
2026-04-28 03:56:25 - getOutlet.php - POST data: {"tgl":"2026-04-28","encrypt":"41c7aa6da1665eab307362296dd568d0","id_apl":"APL01","key":"RS Primaya Hospital T"}
2026-04-28 10:56:25 - getOutlet.php - Params - tgl: 2026-04-28, encrypt: 41c7aa6da1665eab307362296dd568d0, id_apl: APL01, key: RS Primaya Hospital T
2026-04-28 10:56:25 - getOutlet.php - Aplikasi ditemukan: Ya
2026-04-28 10:56:25 - getOutlet.php - Key aplikasi: YbcJSFjkds...
2026-04-28 10:56:25 - getOutlet.php - Expected encrypt: 41c7aa6da1665eab307362296dd568d0
2026-04-28 10:56:25 - getOutlet.php - Received encrypt: 41c7aa6da1665eab307362296dd568d0
2026-04-28 10:56:25 - getOutlet.php - Authentication berhasil
2026-04-28 10:56:25 - getOutlet.php - Query: SELECT id_out, nama_out, '' AS alamat_out, ofcode_out
            FROM outlet 
            WHERE status_out IN ('Active', '1', 'active')
            AND (nama_out LIKE :key OR ofcode_out LIKE :key)
            ORDER BY nama_out ASC
            LIMIT 20
2026-04-28 10:56:25 - getOutlet.php - Query berhasil, mengembalikan 1 record
2026-04-28 10:56:25 - getOutlet.php - === END REQUEST ===
2026-04-28 03:56:25 - getOutlet.php - === REQUEST GETOUTLET ===
2026-04-28 03:56:25 - getOutlet.php - Method: POST
2026-04-28 03:56:25 - getOutlet.php - POST data: {"tgl":"2026-04-28","encrypt":"41c7aa6da1665eab307362296dd568d0","id_apl":"APL01","key":"RS Primaya Hospital Ta"}
2026-04-28 10:56:25 - getOutlet.php - Params - tgl: 2026-04-28, encrypt: 41c7aa6da1665eab307362296dd568d0, id_apl: APL01, key: RS Primaya Hospital Ta
2026-04-28 10:56:25 - getOutlet.php - Aplikasi ditemukan: Ya
2026-04-28 10:56:25 - getOutlet.php - Key aplikasi: YbcJSFjkds...
2026-04-28 10:56:25 - getOutlet.php - Expected encrypt: 41c7aa6da1665eab307362296dd568d0
2026-04-28 10:56:25 - getOutlet.php - Received encrypt: 41c7aa6da1665eab307362296dd568d0
2026-04-28 10:56:25 - getOutlet.php - Authentication berhasil
2026-04-28 10:56:25 - getOutlet.php - Query: SELECT id_out, nama_out, '' AS alamat_out, ofcode_out
            FROM outlet 
            WHERE status_out IN ('Active', '1', 'active')
            AND (nama_out LIKE :key OR ofcode_out LIKE :key)
            ORDER BY nama_out ASC
            LIMIT 20
2026-04-28 10:56:25 - getOutlet.php - Query berhasil, mengembalikan 1 record
2026-04-28 10:56:25 - getOutlet.php - === END REQUEST ===
2026-04-28 03:56:25 - getOutlet.php - === REQUEST GETOUTLET ===
2026-04-28 03:56:25 - getOutlet.php - Method: POST
2026-04-28 03:56:25 - getOutlet.php - POST data: {"tgl":"2026-04-28","encrypt":"41c7aa6da1665eab307362296dd568d0","id_apl":"APL01","key":"RS Primaya Hospital"}
2026-04-28 10:56:25 - getOutlet.php - Params - tgl: 2026-04-28, encrypt: 41c7aa6da1665eab307362296dd568d0, id_apl: APL01, key: RS Primaya Hospital
2026-04-28 10:56:25 - getOutlet.php - Aplikasi ditemukan: Ya
2026-04-28 10:56:25 - getOutlet.php - Key aplikasi: YbcJSFjkds...
2026-04-28 10:56:25 - getOutlet.php - Expected encrypt: 41c7aa6da1665eab307362296dd568d0
2026-04-28 10:56:25 - getOutlet.php - Received encrypt: 41c7aa6da1665eab307362296dd568d0
2026-04-28 10:56:25 - getOutlet.php - Authentication berhasil
2026-04-28 10:56:25 - getOutlet.php - Query: SELECT id_out, nama_out, '' AS alamat_out, ofcode_out
            FROM outlet 
            WHERE status_out IN ('Active', '1', 'active')
            AND (nama_out LIKE :key OR ofcode_out LIKE :key)
            ORDER BY nama_out ASC
            LIMIT 20
2026-04-28 10:56:25 - getOutlet.php - Query berhasil, mengembalikan 3 record
2026-04-28 10:56:25 - getOutlet.php - === END REQUEST ===
2026-04-28 03:56:25 - getOutlet.php - === REQUEST GETOUTLET ===
2026-04-28 03:56:25 - getOutlet.php - Method: POST
2026-04-28 03:56:25 - getOutlet.php - POST data: {"tgl":"2026-04-28","encrypt":"41c7aa6da1665eab307362296dd568d0","id_apl":"APL01","key":"RS Primaya Hospita"}
2026-04-28 10:56:25 - getOutlet.php - Params - tgl: 2026-04-28, encrypt: 41c7aa6da1665eab307362296dd568d0, id_apl: APL01, key: RS Primaya Hospita
2026-04-28 10:56:25 - getOutlet.php - Aplikasi ditemukan: Ya
2026-04-28 10:56:25 - getOutlet.php - Key aplikasi: YbcJSFjkds...
2026-04-28 10:56:25 - getOutlet.php - Expected encrypt: 41c7aa6da1665eab307362296dd568d0
2026-04-28 10:56:25 - getOutlet.php - Received encrypt: 41c7aa6da1665eab307362296dd568d0
2026-04-28 10:56:25 - getOutlet.php - Authentication berhasil
2026-04-28 10:56:25 - getOutlet.php - Query: SELECT id_out, nama_out, '' AS alamat_out, ofcode_out
            FROM outlet 
            WHERE status_out IN ('Active', '1', 'active')
            AND (nama_out LIKE :key OR ofcode_out LIKE :key)
            ORDER BY nama_out ASC
            LIMIT 20
2026-04-28 10:56:25 - getOutlet.php - Query berhasil, mengembalikan 3 record
2026-04-28 10:56:25 - getOutlet.php - === END REQUEST ===
2026-04-28 03:56:25 - getOutlet.php - === REQUEST GETOUTLET ===
2026-04-28 03:56:25 - getOutlet.php - Method: POST
2026-04-28 03:56:25 - getOutlet.php - POST data: {"tgl":"2026-04-28","encrypt":"41c7aa6da1665eab307362296dd568d0","id_apl":"APL01","key":"RS Primaya Hospital"}
2026-04-28 10:56:25 - getOutlet.php - Params - tgl: 2026-04-28, encrypt: 41c7aa6da1665eab307362296dd568d0, id_apl: APL01, key: RS Primaya Hospital
2026-04-28 10:56:25 - getOutlet.php - Aplikasi ditemukan: Ya
2026-04-28 10:56:25 - getOutlet.php - Key aplikasi: YbcJSFjkds...
2026-04-28 10:56:25 - getOutlet.php - Expected encrypt: 41c7aa6da1665eab307362296dd568d0
2026-04-28 10:56:25 - getOutlet.php - Received encrypt: 41c7aa6da1665eab307362296dd568d0
2026-04-28 10:56:25 - getOutlet.php - Authentication berhasil
2026-04-28 10:56:25 - getOutlet.php - Query: SELECT id_out, nama_out, '' AS alamat_out, ofcode_out
            FROM outlet 
            WHERE status_out IN ('Active', '1', 'active')
            AND (nama_out LIKE :key OR ofcode_out LIKE :key)
            ORDER BY nama_out ASC
            LIMIT 20
2026-04-28 10:56:25 - getOutlet.php - Query berhasil, mengembalikan 3 record
2026-04-28 10:56:25 - getOutlet.php - === END REQUEST ===
2026-04-28 03:56:25 - getOutlet.php - === REQUEST GETOUTLET ===
2026-04-28 03:56:25 - getOutlet.php - Method: POST
2026-04-28 03:56:25 - getOutlet.php - POST data: {"tgl":"2026-04-28","encrypt":"41c7aa6da1665eab307362296dd568d0","id_apl":"APL01","key":"RS Primaya Hospit"}
2026-04-28 10:56:25 - getOutlet.php - Params - tgl: 2026-04-28, encrypt: 41c7aa6da1665eab307362296dd568d0, id_apl: APL01, key: RS Primaya Hospit
2026-04-28 10:56:25 - getOutlet.php - Aplikasi ditemukan: Ya
2026-04-28 10:56:25 - getOutlet.php - Key aplikasi: YbcJSFjkds...
2026-04-28 10:56:25 - getOutlet.php - Expected encrypt: 41c7aa6da1665eab307362296dd568d0
2026-04-28 10:56:25 - getOutlet.php - Received encrypt: 41c7aa6da1665eab307362296dd568d0
2026-04-28 10:56:25 - getOutlet.php - Authentication berhasil
2026-04-28 10:56:25 - getOutlet.php - Query: SELECT id_out, nama_out, '' AS alamat_out, ofcode_out
            FROM outlet 
            WHERE status_out IN ('Active', '1', 'active')
            AND (nama_out LIKE :key OR ofcode_out LIKE :key)
            ORDER BY nama_out ASC
            LIMIT 20
2026-04-28 10:56:25 - getOutlet.php - Query berhasil, mengembalikan 3 record
2026-04-28 10:56:25 - getOutlet.php - === END REQUEST ===
2026-04-28 03:56:25 - getOutlet.php - === REQUEST GETOUTLET ===
2026-04-28 03:56:25 - getOutlet.php - Method: POST
2026-04-28 03:56:25 - getOutlet.php - POST data: {"tgl":"2026-04-28","encrypt":"41c7aa6da1665eab307362296dd568d0","id_apl":"APL01","key":"RS Primaya Hospi"}
2026-04-28 10:56:25 - getOutlet.php - Params - tgl: 2026-04-28, encrypt: 41c7aa6da1665eab307362296dd568d0, id_apl: APL01, key: RS Primaya Hospi
2026-04-28 10:56:25 - getOutlet.php - Aplikasi ditemukan: Ya
2026-04-28 10:56:25 - getOutlet.php - Key aplikasi: YbcJSFjkds...
2026-04-28 10:56:25 - getOutlet.php - Expected encrypt: 41c7aa6da1665eab307362296dd568d0
2026-04-28 10:56:25 - getOutlet.php - Received encrypt: 41c7aa6da1665eab307362296dd568d0
2026-04-28 10:56:25 - getOutlet.php - Authentication berhasil
2026-04-28 10:56:25 - getOutlet.php - Query: SELECT id_out, nama_out, '' AS alamat_out, ofcode_out
            FROM outlet 
            WHERE status_out IN ('Active', '1', 'active')
            AND (nama_out LIKE :key OR ofcode_out LIKE :key)
            ORDER BY nama_out ASC
            LIMIT 20
2026-04-28 10:56:25 - getOutlet.php - Query berhasil, mengembalikan 3 record
2026-04-28 10:56:25 - getOutlet.php - === END REQUEST ===
2026-04-28 03:56:25 - getOutlet.php - === REQUEST GETOUTLET ===
2026-04-28 03:56:25 - getOutlet.php - Method: POST
2026-04-28 03:56:25 - getOutlet.php - POST data: {"tgl":"2026-04-28","encrypt":"41c7aa6da1665eab307362296dd568d0","id_apl":"APL01","key":"RS Primaya Hosp"}
2026-04-28 10:56:25 - getOutlet.php - Params - tgl: 2026-04-28, encrypt: 41c7aa6da1665eab307362296dd568d0, id_apl: APL01, key: RS Primaya Hosp
2026-04-28 10:56:25 - getOutlet.php - Aplikasi ditemukan: Ya
2026-04-28 10:56:25 - getOutlet.php - Key aplikasi: YbcJSFjkds...
2026-04-28 10:56:25 - getOutlet.php - Expected encrypt: 41c7aa6da1665eab307362296dd568d0
2026-04-28 10:56:25 - getOutlet.php - Received encrypt: 41c7aa6da1665eab307362296dd568d0
2026-04-28 10:56:25 - getOutlet.php - Authentication berhasil
2026-04-28 10:56:25 - getOutlet.php - Query: SELECT id_out, nama_out, '' AS alamat_out, ofcode_out
            FROM outlet 
            WHERE status_out IN ('Active', '1', 'active')
            AND (nama_out LIKE :key OR ofcode_out LIKE :key)
            ORDER BY nama_out ASC
            LIMIT 20
2026-04-28 10:56:25 - getOutlet.php - Query berhasil, mengembalikan 3 record
2026-04-28 10:56:25 - getOutlet.php - === END REQUEST ===
2026-04-28 03:56:25 - getOutlet.php - === REQUEST GETOUTLET ===
2026-04-28 03:56:25 - getOutlet.php - Method: POST
2026-04-28 03:56:25 - getOutlet.php - POST data: {"tgl":"2026-04-28","encrypt":"41c7aa6da1665eab307362296dd568d0","id_apl":"APL01","key":"RS Primaya H"}
2026-04-28 10:56:25 - getOutlet.php - Params - tgl: 2026-04-28, encrypt: 41c7aa6da1665eab307362296dd568d0, id_apl: APL01, key: RS Primaya H
2026-04-28 10:56:25 - getOutlet.php - Aplikasi ditemukan: Ya
2026-04-28 10:56:25 - getOutlet.php - Key aplikasi: YbcJSFjkds...
2026-04-28 10:56:25 - getOutlet.php - Expected encrypt: 41c7aa6da1665eab307362296dd568d0
2026-04-28 10:56:25 - getOutlet.php - Received encrypt: 41c7aa6da1665eab307362296dd568d0
2026-04-28 10:56:25 - getOutlet.php - Authentication berhasil
2026-04-28 10:56:25 - getOutlet.php - Query: SELECT id_out, nama_out, '' AS alamat_out, ofcode_out
            FROM outlet 
            WHERE status_out IN ('Active', '1', 'active')
            AND (nama_out LIKE :key OR ofcode_out LIKE :key)
            ORDER BY nama_out ASC
            LIMIT 20
2026-04-28 10:56:25 - getOutlet.php - Query berhasil, mengembalikan 3 record
2026-04-28 10:56:25 - getOutlet.php - === END REQUEST ===
2026-04-28 03:56:25 - getOutlet.php - === REQUEST GETOUTLET ===
2026-04-28 03:56:25 - getOutlet.php - Method: POST
2026-04-28 03:56:25 - getOutlet.php - POST data: {"tgl":"2026-04-28","encrypt":"41c7aa6da1665eab307362296dd568d0","id_apl":"APL01","key":"RS Primaya Hos"}
2026-04-28 10:56:25 - getOutlet.php - Params - tgl: 2026-04-28, encrypt: 41c7aa6da1665eab307362296dd568d0, id_apl: APL01, key: RS Primaya Hos
2026-04-28 10:56:25 - getOutlet.php - Aplikasi ditemukan: Ya
2026-04-28 10:56:25 - getOutlet.php - Key aplikasi: YbcJSFjkds...
2026-04-28 10:56:25 - getOutlet.php - Expected encrypt: 41c7aa6da1665eab307362296dd568d0
2026-04-28 03:56:25 - getOutlet.php - === REQUEST GETOUTLET ===
2026-04-28 10:56:25 - getOutlet.php - Received encrypt: 41c7aa6da1665eab307362296dd568d0
2026-04-28 03:56:25 - getOutlet.php - Method: POST
2026-04-28 10:56:25 - getOutlet.php - Authentication berhasil
2026-04-28 03:56:25 - getOutlet.php - POST data: {"tgl":"2026-04-28","encrypt":"41c7aa6da1665eab307362296dd568d0","id_apl":"APL01","key":"RS Primaya"}
2026-04-28 10:56:25 - getOutlet.php - Params - tgl: 2026-04-28, encrypt: 41c7aa6da1665eab307362296dd568d0, id_apl: APL01, key: RS Primaya
2026-04-28 10:56:25 - getOutlet.php - Query: SELECT id_out, nama_out, '' AS alamat_out, ofcode_out
            FROM outlet 
            WHERE status_out IN ('Active', '1', 'active')
            AND (nama_out LIKE :key OR ofcode_out LIKE :key)
            ORDER BY nama_out ASC
            LIMIT 20
2026-04-28 10:56:25 - getOutlet.php - Aplikasi ditemukan: Ya
2026-04-28 10:56:25 - getOutlet.php - Key aplikasi: YbcJSFjkds...
2026-04-28 03:56:25 - getOutlet.php - === REQUEST GETOUTLET ===
2026-04-28 03:56:25 - getOutlet.php - Method: POST
2026-04-28 10:56:25 - getOutlet.php - Expected encrypt: 41c7aa6da1665eab307362296dd568d0
2026-04-28 03:56:25 - getOutlet.php - POST data: {"tgl":"2026-04-28","encrypt":"41c7aa6da1665eab307362296dd568d0","id_apl":"APL01","key":"RS Primaya Ho"}
2026-04-28 10:56:25 - getOutlet.php - Received encrypt: 41c7aa6da1665eab307362296dd568d0
2026-04-28 10:56:25 - getOutlet.php - Params - tgl: 2026-04-28, encrypt: 41c7aa6da1665eab307362296dd568d0, id_apl: APL01, key: RS Primaya Ho
2026-04-28 10:56:25 - getOutlet.php - Authentication berhasil
2026-04-28 10:56:25 - getOutlet.php - Query berhasil, mengembalikan 3 record
2026-04-28 10:56:25 - getOutlet.php - === END REQUEST ===
2026-04-28 10:56:25 - getOutlet.php - Aplikasi ditemukan: Ya
2026-04-28 10:56:25 - getOutlet.php - Key aplikasi: YbcJSFjkds...
2026-04-28 10:56:25 - getOutlet.php - Expected encrypt: 41c7aa6da1665eab307362296dd568d0
2026-04-28 10:56:25 - getOutlet.php - Received encrypt: 41c7aa6da1665eab307362296dd568d0
2026-04-28 10:56:25 - getOutlet.php - Authentication berhasil
2026-04-28 10:56:25 - getOutlet.php - Query: SELECT id_out, nama_out, '' AS alamat_out, ofcode_out
            FROM outlet 
            WHERE status_out IN ('Active', '1', 'active')
            AND (nama_out LIKE :key OR ofcode_out LIKE :key)
            ORDER BY nama_out ASC
            LIMIT 20
2026-04-28 10:56:25 - getOutlet.php - Query: SELECT id_out, nama_out, '' AS alamat_out, ofcode_out
            FROM outlet 
            WHERE status_out IN ('Active', '1', 'active')
            AND (nama_out LIKE :key OR ofcode_out LIKE :key)
            ORDER BY nama_out ASC
            LIMIT 20
2026-04-28 10:56:25 - getOutlet.php - Query berhasil, mengembalikan 10 record
2026-04-28 10:56:25 - getOutlet.php - === END REQUEST ===
2026-04-28 10:56:25 - getOutlet.php - Query berhasil, mengembalikan 3 record
2026-04-28 10:56:25 - getOutlet.php - === END REQUEST ===
2026-04-28 03:56:25 - getOutlet.php - === REQUEST GETOUTLET ===
2026-04-28 03:56:25 - getOutlet.php - Method: POST
2026-04-28 03:56:25 - getOutlet.php - POST data: {"tgl":"2026-04-28","encrypt":"41c7aa6da1665eab307362296dd568d0","id_apl":"APL01","key":"RS Primaya"}
2026-04-28 10:56:25 - getOutlet.php - Params - tgl: 2026-04-28, encrypt: 41c7aa6da1665eab307362296dd568d0, id_apl: APL01, key: RS Primaya
2026-04-28 10:56:25 - getOutlet.php - Aplikasi ditemukan: Ya
2026-04-28 10:56:25 - getOutlet.php - Key aplikasi: YbcJSFjkds...
2026-04-28 10:56:25 - getOutlet.php - Expected encrypt: 41c7aa6da1665eab307362296dd568d0
2026-04-28 10:56:25 - getOutlet.php - Received encrypt: 41c7aa6da1665eab307362296dd568d0
2026-04-28 10:56:25 - getOutlet.php - Authentication berhasil
2026-04-28 10:56:25 - getOutlet.php - Query: SELECT id_out, nama_out, '' AS alamat_out, ofcode_out
            FROM outlet 
            WHERE status_out IN ('Active', '1', 'active')
            AND (nama_out LIKE :key OR ofcode_out LIKE :key)
            ORDER BY nama_out ASC
            LIMIT 20
2026-04-28 10:56:25 - getOutlet.php - Query berhasil, mengembalikan 10 record
2026-04-28 10:56:25 - getOutlet.php - === END REQUEST ===
2026-04-28 03:56:25 - getOutlet.php - === REQUEST GETOUTLET ===
2026-04-28 03:56:25 - getOutlet.php - Method: POST
2026-04-28 03:56:25 - getOutlet.php - POST data: {"tgl":"2026-04-28","encrypt":"41c7aa6da1665eab307362296dd568d0","id_apl":"APL01","key":"RS Primay"}
2026-04-28 10:56:25 - getOutlet.php - Params - tgl: 2026-04-28, encrypt: 41c7aa6da1665eab307362296dd568d0, id_apl: APL01, key: RS Primay
2026-04-28 10:56:25 - getOutlet.php - Aplikasi ditemukan: Ya
2026-04-28 10:56:25 - getOutlet.php - Key aplikasi: YbcJSFjkds...
2026-04-28 10:56:25 - getOutlet.php - Expected encrypt: 41c7aa6da1665eab307362296dd568d0
2026-04-28 10:56:25 - getOutlet.php - Received encrypt: 41c7aa6da1665eab307362296dd568d0
2026-04-28 10:56:25 - getOutlet.php - Authentication berhasil
2026-04-28 10:56:25 - getOutlet.php - Query: SELECT id_out, nama_out, '' AS alamat_out, ofcode_out
            FROM outlet 
            WHERE status_out IN ('Active', '1', 'active')
            AND (nama_out LIKE :key OR ofcode_out LIKE :key)
            ORDER BY nama_out ASC
            LIMIT 20
2026-04-28 10:56:25 - getOutlet.php - Query berhasil, mengembalikan 10 record
2026-04-28 10:56:25 - getOutlet.php - === END REQUEST ===
2026-04-28 03:56:25 - getOutlet.php - === REQUEST GETOUTLET ===
2026-04-28 03:56:25 - getOutlet.php - Method: POST
2026-04-28 03:56:25 - getOutlet.php - POST data: {"tgl":"2026-04-28","encrypt":"41c7aa6da1665eab307362296dd568d0","id_apl":"APL01","key":"RS Prima"}
2026-04-28 10:56:25 - getOutlet.php - Params - tgl: 2026-04-28, encrypt: 41c7aa6da1665eab307362296dd568d0, id_apl: APL01, key: RS Prima
2026-04-28 10:56:25 - getOutlet.php - Aplikasi ditemukan: Ya
2026-04-28 10:56:25 - getOutlet.php - Key aplikasi: YbcJSFjkds...
2026-04-28 10:56:25 - getOutlet.php - Expected encrypt: 41c7aa6da1665eab307362296dd568d0
2026-04-28 10:56:25 - getOutlet.php - Received encrypt: 41c7aa6da1665eab307362296dd568d0
2026-04-28 10:56:25 - getOutlet.php - Authentication berhasil
2026-04-28 10:56:25 - getOutlet.php - Query: SELECT id_out, nama_out, '' AS alamat_out, ofcode_out
            FROM outlet 
            WHERE status_out IN ('Active', '1', 'active')
            AND (nama_out LIKE :key OR ofcode_out LIKE :key)
            ORDER BY nama_out ASC
            LIMIT 20
2026-04-28 10:56:25 - getOutlet.php - Query berhasil, mengembalikan 10 record
2026-04-28 10:56:25 - getOutlet.php - === END REQUEST ===
2026-04-28 03:56:25 - getOutlet.php - === REQUEST GETOUTLET ===
2026-04-28 03:56:25 - getOutlet.php - Method: POST
2026-04-28 03:56:25 - getOutlet.php - POST data: {"tgl":"2026-04-28","encrypt":"41c7aa6da1665eab307362296dd568d0","id_apl":"APL01","key":"RS Prim"}
2026-04-28 10:56:25 - getOutlet.php - Params - tgl: 2026-04-28, encrypt: 41c7aa6da1665eab307362296dd568d0, id_apl: APL01, key: RS Prim
2026-04-28 10:56:25 - getOutlet.php - Aplikasi ditemukan: Ya
2026-04-28 10:56:25 - getOutlet.php - Key aplikasi: YbcJSFjkds...
2026-04-28 10:56:25 - getOutlet.php - Expected encrypt: 41c7aa6da1665eab307362296dd568d0
2026-04-28 10:56:25 - getOutlet.php - Received encrypt: 41c7aa6da1665eab307362296dd568d0
2026-04-28 10:56:25 - getOutlet.php - Authentication berhasil
2026-04-28 10:56:25 - getOutlet.php - Query: SELECT id_out, nama_out, '' AS alamat_out, ofcode_out
            FROM outlet 
            WHERE status_out IN ('Active', '1', 'active')
            AND (nama_out LIKE :key OR ofcode_out LIKE :key)
            ORDER BY nama_out ASC
            LIMIT 20
2026-04-28 10:56:25 - getOutlet.php - Query berhasil, mengembalikan 10 record
2026-04-28 10:56:25 - getOutlet.php - === END REQUEST ===
2026-04-28 03:56:25 - getOutlet.php - === REQUEST GETOUTLET ===
2026-04-28 03:56:25 - getOutlet.php - Method: POST
2026-04-28 03:56:25 - getOutlet.php - POST data: {"tgl":"2026-04-28","encrypt":"41c7aa6da1665eab307362296dd568d0","id_apl":"APL01","key":"RS Pri"}
2026-04-28 10:56:25 - getOutlet.php - Params - tgl: 2026-04-28, encrypt: 41c7aa6da1665eab307362296dd568d0, id_apl: APL01, key: RS Pri
2026-04-28 10:56:25 - getOutlet.php - Aplikasi ditemukan: Ya
2026-04-28 10:56:25 - getOutlet.php - Key aplikasi: YbcJSFjkds...
2026-04-28 10:56:25 - getOutlet.php - Expected encrypt: 41c7aa6da1665eab307362296dd568d0
2026-04-28 10:56:25 - getOutlet.php - Received encrypt: 41c7aa6da1665eab307362296dd568d0
2026-04-28 10:56:25 - getOutlet.php - Authentication berhasil
2026-04-28 10:56:25 - getOutlet.php - Query: SELECT id_out, nama_out, '' AS alamat_out, ofcode_out
            FROM outlet 
            WHERE status_out IN ('Active', '1', 'active')
            AND (nama_out LIKE :key OR ofcode_out LIKE :key)
            ORDER BY nama_out ASC
            LIMIT 20
2026-04-28 10:56:25 - getOutlet.php - Query berhasil, mengembalikan 11 record
2026-04-28 10:56:25 - getOutlet.php - === END REQUEST ===
2026-04-28 03:56:25 - getOutlet.php - === REQUEST GETOUTLET ===
2026-04-28 03:56:25 - getOutlet.php - Method: POST
2026-04-28 03:56:25 - getOutlet.php - POST data: {"tgl":"2026-04-28","encrypt":"41c7aa6da1665eab307362296dd568d0","id_apl":"APL01","key":"KLINIK MATA UTAMA JEC @CINERE"}
2026-04-28 10:56:25 - getOutlet.php - Params - tgl: 2026-04-28, encrypt: 41c7aa6da1665eab307362296dd568d0, id_apl: APL01, key: KLINIK MATA UTAMA JEC @CINERE
2026-04-28 10:56:25 - getOutlet.php - Aplikasi ditemukan: Ya
2026-04-28 10:56:25 - getOutlet.php - Key aplikasi: YbcJSFjkds...
2026-04-28 10:56:25 - getOutlet.php - Expected encrypt: 41c7aa6da1665eab307362296dd568d0
2026-04-28 10:56:25 - getOutlet.php - Received encrypt: 41c7aa6da1665eab307362296dd568d0
2026-04-28 10:56:25 - getOutlet.php - Authentication berhasil
2026-04-28 10:56:25 - getOutlet.php - Query: SELECT id_out, nama_out, '' AS alamat_out, ofcode_out
            FROM outlet 
            WHERE status_out IN ('Active', '1', 'active')
            AND (nama_out LIKE :key OR ofcode_out LIKE :key)
            ORDER BY nama_out ASC
            LIMIT 20
2026-04-28 10:56:25 - getOutlet.php - Query berhasil, mengembalikan 1 record
2026-04-28 10:56:25 - getOutlet.php - === END REQUEST ===
2026-04-28 03:56:25 - getOutlet.php - === REQUEST GETOUTLET ===
2026-04-28 03:56:25 - getOutlet.php - Method: POST
2026-04-28 03:56:25 - getOutlet.php - POST data: {"tgl":"2026-04-28","encrypt":"41c7aa6da1665eab307362296dd568d0","id_apl":"APL01","key":"RS P"}
2026-04-28 10:56:25 - getOutlet.php - Params - tgl: 2026-04-28, encrypt: 41c7aa6da1665eab307362296dd568d0, id_apl: APL01, key: RS P
2026-04-28 03:56:25 - getOutlet.php - === REQUEST GETOUTLET ===
2026-04-28 03:56:25 - getOutlet.php - Method: POST
2026-04-28 03:56:25 - getOutlet.php - POST data: {"tgl":"2026-04-28","encrypt":"41c7aa6da1665eab307362296dd568d0","id_apl":"APL01","key":"RS Pr"}
2026-04-28 10:56:25 - getOutlet.php - Params - tgl: 2026-04-28, encrypt: 41c7aa6da1665eab307362296dd568d0, id_apl: APL01, key: RS Pr
2026-04-28 10:56:25 - getOutlet.php - Aplikasi ditemukan: Ya
2026-04-28 10:56:25 - getOutlet.php - Aplikasi ditemukan: Ya
2026-04-28 10:56:25 - getOutlet.php - Key aplikasi: YbcJSFjkds...
2026-04-28 10:56:25 - getOutlet.php - Expected encrypt: 41c7aa6da1665eab307362296dd568d0
2026-04-28 10:56:25 - getOutlet.php - Received encrypt: 41c7aa6da1665eab307362296dd568d0
2026-04-28 10:56:25 - getOutlet.php - Authentication berhasil
2026-04-28 10:56:25 - getOutlet.php - Key aplikasi: YbcJSFjkds...
2026-04-28 10:56:25 - getOutlet.php - Expected encrypt: 41c7aa6da1665eab307362296dd568d0
2026-04-28 10:56:25 - getOutlet.php - Received encrypt: 41c7aa6da1665eab307362296dd568d0
2026-04-28 10:56:25 - getOutlet.php - Authentication berhasil
2026-04-28 10:56:25 - getOutlet.php - Query: SELECT id_out, nama_out, '' AS alamat_out, ofcode_out
            FROM outlet 
            WHERE status_out IN ('Active', '1', 'active')
            AND (nama_out LIKE :key OR ofcode_out LIKE :key)
            ORDER BY nama_out ASC
            LIMIT 20
2026-04-28 10:56:25 - getOutlet.php - Query: SELECT id_out, nama_out, '' AS alamat_out, ofcode_out
            FROM outlet 
            WHERE status_out IN ('Active', '1', 'active')
            AND (nama_out LIKE :key OR ofcode_out LIKE :key)
            ORDER BY nama_out ASC
            LIMIT 20
2026-04-28 10:56:25 - getOutlet.php - Query berhasil, mengembalikan 20 record
2026-04-28 10:56:25 - getOutlet.php - === END REQUEST ===
2026-04-28 10:56:25 - getOutlet.php - Query berhasil, mengembalikan 13 record
2026-04-28 10:56:25 - getOutlet.php - === END REQUEST ===
2026-04-28 03:56:25 - getOutlet.php - === REQUEST GETOUTLET ===
2026-04-28 03:56:25 - getOutlet.php - Method: POST
2026-04-28 03:56:25 - getOutlet.php - POST data: {"tgl":"2026-04-28","encrypt":"41c7aa6da1665eab307362296dd568d0","id_apl":"APL01","key":"RS"}
2026-04-28 10:56:25 - getOutlet.php - Params - tgl: 2026-04-28, encrypt: 41c7aa6da1665eab307362296dd568d0, id_apl: APL01, key: RS
2026-04-28 10:56:25 - getOutlet.php - Aplikasi ditemukan: Ya
2026-04-28 10:56:25 - getOutlet.php - Key aplikasi: YbcJSFjkds...
2026-04-28 10:56:25 - getOutlet.php - Expected encrypt: 41c7aa6da1665eab307362296dd568d0
2026-04-28 10:56:25 - getOutlet.php - Received encrypt: 41c7aa6da1665eab307362296dd568d0
2026-04-28 10:56:25 - getOutlet.php - Authentication berhasil
2026-04-28 10:56:26 - getOutlet.php - Query: SELECT id_out, nama_out, '' AS alamat_out, ofcode_out
            FROM outlet 
            WHERE status_out IN ('Active', '1', 'active')
            AND (nama_out LIKE :key OR ofcode_out LIKE :key)
            ORDER BY nama_out ASC
            LIMIT 20
2026-04-28 10:56:26 - getOutlet.php - Query berhasil, mengembalikan 20 record
2026-04-28 10:56:26 - getOutlet.php - === END REQUEST ===
2026-04-28 03:56:26 - getOutlet.php - === REQUEST GETOUTLET ===
2026-04-28 03:56:26 - getOutlet.php - Method: POST
2026-04-28 03:56:26 - getOutlet.php - POST data: {"tgl":"2026-04-28","encrypt":"41c7aa6da1665eab307362296dd568d0","id_apl":"APL01","key":"RS"}
2026-04-28 10:56:26 - getOutlet.php - Params - tgl: 2026-04-28, encrypt: 41c7aa6da1665eab307362296dd568d0, id_apl: APL01, key: RS
2026-04-28 10:56:26 - getOutlet.php - Aplikasi ditemukan: Ya
2026-04-28 10:56:26 - getOutlet.php - Key aplikasi: YbcJSFjkds...
2026-04-28 10:56:26 - getOutlet.php - Expected encrypt: 41c7aa6da1665eab307362296dd568d0
2026-04-28 10:56:26 - getOutlet.php - Received encrypt: 41c7aa6da1665eab307362296dd568d0
2026-04-28 10:56:26 - getOutlet.php - Authentication berhasil
2026-04-28 10:56:26 - getOutlet.php - Query: SELECT id_out, nama_out, '' AS alamat_out, ofcode_out
            FROM outlet 
            WHERE status_out IN ('Active', '1', 'active')
            AND (nama_out LIKE :key OR ofcode_out LIKE :key)
            ORDER BY nama_out ASC
            LIMIT 20
2026-04-28 10:56:26 - getOutlet.php - Query berhasil, mengembalikan 20 record
2026-04-28 10:56:26 - getOutlet.php - === END REQUEST ===
2026-04-28 03:56:26 - getOutlet.php - === REQUEST GETOUTLET ===
2026-04-28 03:56:26 - getOutlet.php - Method: POST
2026-04-28 03:56:26 - getOutlet.php - POST data: {"tgl":"2026-04-28","encrypt":"41c7aa6da1665eab307362296dd568d0","id_apl":"APL01","key":"Be"}
2026-04-28 10:56:26 - getOutlet.php - Params - tgl: 2026-04-28, encrypt: 41c7aa6da1665eab307362296dd568d0, id_apl: APL01, key: Be
2026-04-28 10:56:26 - getOutlet.php - Aplikasi ditemukan: Ya
2026-04-28 10:56:26 - getOutlet.php - Key aplikasi: YbcJSFjkds...
2026-04-28 10:56:26 - getOutlet.php - Expected encrypt: 41c7aa6da1665eab307362296dd568d0
2026-04-28 10:56:26 - getOutlet.php - Received encrypt: 41c7aa6da1665eab307362296dd568d0
2026-04-28 10:56:26 - getOutlet.php - Authentication berhasil
2026-04-28 10:56:26 - getOutlet.php - Query: SELECT id_out, nama_out, '' AS alamat_out, ofcode_out
            FROM outlet 
            WHERE status_out IN ('Active', '1', 'active')
            AND (nama_out LIKE :key OR ofcode_out LIKE :key)
            ORDER BY nama_out ASC
            LIMIT 20
2026-04-28 10:56:26 - getOutlet.php - Query berhasil, mengembalikan 20 record
2026-04-28 10:56:26 - getOutlet.php - === END REQUEST ===
2026-04-28 03:56:26 - getOutlet.php - === REQUEST GETOUTLET ===
2026-04-28 03:56:26 - getOutlet.php - Method: POST
2026-04-28 03:56:26 - getOutlet.php - POST data: {"tgl":"2026-04-28","encrypt":"41c7aa6da1665eab307362296dd568d0","id_apl":"APL01","key":"Bet"}
2026-04-28 10:56:26 - getOutlet.php - Params - tgl: 2026-04-28, encrypt: 41c7aa6da1665eab307362296dd568d0, id_apl: APL01, key: Bet
2026-04-28 10:56:26 - getOutlet.php - Aplikasi ditemukan: Ya
2026-04-28 10:56:26 - getOutlet.php - Key aplikasi: YbcJSFjkds...
2026-04-28 10:56:26 - getOutlet.php - Expected encrypt: 41c7aa6da1665eab307362296dd568d0
2026-04-28 10:56:26 - getOutlet.php - Received encrypt: 41c7aa6da1665eab307362296dd568d0
2026-04-28 10:56:26 - getOutlet.php - Authentication berhasil
2026-04-28 10:56:26 - getOutlet.php - Query: SELECT id_out, nama_out, '' AS alamat_out, ofcode_out
            FROM outlet 
            WHERE status_out IN ('Active', '1', 'active')
            AND (nama_out LIKE :key OR ofcode_out LIKE :key)
            ORDER BY nama_out ASC
            LIMIT 20
2026-04-28 10:56:26 - getOutlet.php - Query berhasil, mengembalikan 13 record
2026-04-28 10:56:26 - getOutlet.php - === END REQUEST ===
2026-04-28 03:56:27 - getOutlet.php - === REQUEST GETOUTLET ===
2026-04-28 03:56:27 - getOutlet.php - Method: POST
2026-04-28 03:56:27 - getOutlet.php - POST data: {"tgl":"2026-04-28","encrypt":"41c7aa6da1665eab307362296dd568d0","id_apl":"APL01","key":"Beth"}
2026-04-28 10:56:27 - getOutlet.php - Params - tgl: 2026-04-28, encrypt: 41c7aa6da1665eab307362296dd568d0, id_apl: APL01, key: Beth
2026-04-28 10:56:27 - getOutlet.php - Aplikasi ditemukan: Ya
2026-04-28 10:56:27 - getOutlet.php - Key aplikasi: YbcJSFjkds...
2026-04-28 10:56:27 - getOutlet.php - Expected encrypt: 41c7aa6da1665eab307362296dd568d0
2026-04-28 10:56:27 - getOutlet.php - Received encrypt: 41c7aa6da1665eab307362296dd568d0
2026-04-28 10:56:27 - getOutlet.php - Authentication berhasil
2026-04-28 10:56:27 - getOutlet.php - Query: SELECT id_out, nama_out, '' AS alamat_out, ofcode_out
            FROM outlet 
            WHERE status_out IN ('Active', '1', 'active')
            AND (nama_out LIKE :key OR ofcode_out LIKE :key)
            ORDER BY nama_out ASC
            LIMIT 20
2026-04-28 10:56:27 - getOutlet.php - Query berhasil, mengembalikan 4 record
2026-04-28 10:56:27 - getOutlet.php - === END REQUEST ===
2026-04-28 03:56:27 - getOutlet.php - === REQUEST GETOUTLET ===
2026-04-28 03:56:27 - getOutlet.php - Method: POST
2026-04-28 03:56:27 - getOutlet.php - POST data: {"tgl":"2026-04-28","encrypt":"41c7aa6da1665eab307362296dd568d0","id_apl":"APL01","key":"Beths"}
2026-04-28 10:56:27 - getOutlet.php - Params - tgl: 2026-04-28, encrypt: 41c7aa6da1665eab307362296dd568d0, id_apl: APL01, key: Beths
2026-04-28 10:56:27 - getOutlet.php - Aplikasi ditemukan: Ya
2026-04-28 10:56:27 - getOutlet.php - Key aplikasi: YbcJSFjkds...
2026-04-28 10:56:27 - getOutlet.php - Expected encrypt: 41c7aa6da1665eab307362296dd568d0
2026-04-28 10:56:27 - getOutlet.php - Received encrypt: 41c7aa6da1665eab307362296dd568d0
2026-04-28 10:56:27 - getOutlet.php - Authentication berhasil
2026-04-28 10:56:27 - getOutlet.php - Query: SELECT id_out, nama_out, '' AS alamat_out, ofcode_out
            FROM outlet 
            WHERE status_out IN ('Active', '1', 'active')
            AND (nama_out LIKE :key OR ofcode_out LIKE :key)
            ORDER BY nama_out ASC
            LIMIT 20
2026-04-28 10:56:27 - getOutlet.php - Query berhasil, mengembalikan 2 record
2026-04-28 10:56:27 - getOutlet.php - === END REQUEST ===
2026-04-28 03:56:27 - getOutlet.php - === REQUEST GETOUTLET ===
2026-04-28 03:56:27 - getOutlet.php - Method: POST
2026-04-28 03:56:27 - getOutlet.php - POST data: {"tgl":"2026-04-28","encrypt":"41c7aa6da1665eab307362296dd568d0","id_apl":"APL01","key":"Bethsa"}
2026-04-28 10:56:27 - getOutlet.php - Params - tgl: 2026-04-28, encrypt: 41c7aa6da1665eab307362296dd568d0, id_apl: APL01, key: Bethsa
2026-04-28 10:56:27 - getOutlet.php - Aplikasi ditemukan: Ya
2026-04-28 10:56:27 - getOutlet.php - Key aplikasi: YbcJSFjkds...
2026-04-28 10:56:27 - getOutlet.php - Expected encrypt: 41c7aa6da1665eab307362296dd568d0
2026-04-28 10:56:27 - getOutlet.php - Received encrypt: 41c7aa6da1665eab307362296dd568d0
2026-04-28 10:56:27 - getOutlet.php - Authentication berhasil
2026-04-28 10:56:27 - getOutlet.php - Query: SELECT id_out, nama_out, '' AS alamat_out, ofcode_out
            FROM outlet 
            WHERE status_out IN ('Active', '1', 'active')
            AND (nama_out LIKE :key OR ofcode_out LIKE :key)
            ORDER BY nama_out ASC
            LIMIT 20
2026-04-28 10:56:27 - getOutlet.php - Query berhasil, mengembalikan 2 record
2026-04-28 10:56:27 - getOutlet.php - === END REQUEST ===
2026-04-28 03:56:28 - getOutlet.php - === REQUEST GETOUTLET ===
2026-04-28 03:56:28 - getOutlet.php - Method: POST
2026-04-28 03:56:28 - getOutlet.php - POST data: {"tgl":"2026-04-28","encrypt":"41c7aa6da1665eab307362296dd568d0","id_apl":"APL01","key":"RS BETHSAIDA HOSPITAL INTERNATIONAL"}
2026-04-28 10:56:28 - getOutlet.php - Params - tgl: 2026-04-28, encrypt: 41c7aa6da1665eab307362296dd568d0, id_apl: APL01, key: RS BETHSAIDA HOSPITAL INTERNATIONAL
2026-04-28 10:56:28 - getOutlet.php - Aplikasi ditemukan: Ya
2026-04-28 10:56:28 - getOutlet.php - Key aplikasi: YbcJSFjkds...
2026-04-28 10:56:28 - getOutlet.php - Expected encrypt: 41c7aa6da1665eab307362296dd568d0
2026-04-28 10:56:28 - getOutlet.php - Received encrypt: 41c7aa6da1665eab307362296dd568d0
2026-04-28 10:56:28 - getOutlet.php - Authentication berhasil
2026-04-28 10:56:28 - getOutlet.php - Query: SELECT id_out, nama_out, '' AS alamat_out, ofcode_out
            FROM outlet 
            WHERE status_out IN ('Active', '1', 'active')
            AND (nama_out LIKE :key OR ofcode_out LIKE :key)
            ORDER BY nama_out ASC
            LIMIT 20
2026-04-28 10:56:28 - getOutlet.php - Query berhasil, mengembalikan 1 record
2026-04-28 10:56:28 - getOutlet.php - === END REQUEST ===
2026-04-28 03:57:13 - getOutlet.php - === REQUEST GETOUTLET ===
2026-04-28 03:57:13 - getOutlet.php - Method: POST
2026-04-28 03:57:13 - getOutlet.php - POST data: {"tgl":"2026-04-28","encrypt":"41c7aa6da1665eab307362296dd568d0","id_apl":"APL01","key":"Rs"}
2026-04-28 10:57:13 - getOutlet.php - Params - tgl: 2026-04-28, encrypt: 41c7aa6da1665eab307362296dd568d0, id_apl: APL01, key: Rs
2026-04-28 10:57:13 - getOutlet.php - Aplikasi ditemukan: Ya
2026-04-28 10:57:13 - getOutlet.php - Key aplikasi: YbcJSFjkds...
2026-04-28 10:57:13 - getOutlet.php - Expected encrypt: 41c7aa6da1665eab307362296dd568d0
2026-04-28 10:57:13 - getOutlet.php - Received encrypt: 41c7aa6da1665eab307362296dd568d0
2026-04-28 10:57:13 - getOutlet.php - Authentication berhasil
2026-04-28 10:57:13 - getOutlet.php - Query: SELECT id_out, nama_out, '' AS alamat_out, ofcode_out
            FROM outlet 
            WHERE status_out IN ('Active', '1', 'active')
            AND (nama_out LIKE :key OR ofcode_out LIKE :key)
            ORDER BY nama_out ASC
            LIMIT 20
2026-04-28 10:57:13 - getOutlet.php - Query berhasil, mengembalikan 20 record
2026-04-28 10:57:13 - getOutlet.php - === END REQUEST ===
2026-04-28 03:57:14 - getOutlet.php - === REQUEST GETOUTLET ===
2026-04-28 03:57:14 - getOutlet.php - Method: POST
2026-04-28 03:57:14 - getOutlet.php - POST data: {"tgl":"2026-04-28","encrypt":"41c7aa6da1665eab307362296dd568d0","id_apl":"APL01","key":"RS"}
2026-04-28 10:57:14 - getOutlet.php - Params - tgl: 2026-04-28, encrypt: 41c7aa6da1665eab307362296dd568d0, id_apl: APL01, key: RS
2026-04-28 10:57:14 - getOutlet.php - Aplikasi ditemukan: Ya
2026-04-28 10:57:14 - getOutlet.php - Key aplikasi: YbcJSFjkds...
2026-04-28 10:57:14 - getOutlet.php - Expected encrypt: 41c7aa6da1665eab307362296dd568d0
2026-04-28 10:57:14 - getOutlet.php - Received encrypt: 41c7aa6da1665eab307362296dd568d0
2026-04-28 10:57:14 - getOutlet.php - Authentication berhasil
2026-04-28 10:57:14 - getOutlet.php - Query: SELECT id_out, nama_out, '' AS alamat_out, ofcode_out
            FROM outlet 
            WHERE status_out IN ('Active', '1', 'active')
            AND (nama_out LIKE :key OR ofcode_out LIKE :key)
            ORDER BY nama_out ASC
            LIMIT 20
2026-04-28 10:57:14 - getOutlet.php - Query berhasil, mengembalikan 20 record
2026-04-28 10:57:14 - getOutlet.php - === END REQUEST ===
2026-04-28 03:57:14 - getOutlet.php - === REQUEST GETOUTLET ===
2026-04-28 03:57:14 - getOutlet.php - Method: POST
2026-04-28 03:57:14 - getOutlet.php - POST data: {"tgl":"2026-04-28","encrypt":"41c7aa6da1665eab307362296dd568d0","id_apl":"APL01","key":"RS k"}
2026-04-28 10:57:14 - getOutlet.php - Params - tgl: 2026-04-28, encrypt: 41c7aa6da1665eab307362296dd568d0, id_apl: APL01, key: RS k
2026-04-28 10:57:14 - getOutlet.php - Aplikasi ditemukan: Ya
2026-04-28 10:57:14 - getOutlet.php - Key aplikasi: YbcJSFjkds...
2026-04-28 10:57:14 - getOutlet.php - Expected encrypt: 41c7aa6da1665eab307362296dd568d0
2026-04-28 10:57:14 - getOutlet.php - Received encrypt: 41c7aa6da1665eab307362296dd568d0
2026-04-28 10:57:14 - getOutlet.php - Authentication berhasil
2026-04-28 10:57:14 - getOutlet.php - Query: SELECT id_out, nama_out, '' AS alamat_out, ofcode_out
            FROM outlet 
            WHERE status_out IN ('Active', '1', 'active')
            AND (nama_out LIKE :key OR ofcode_out LIKE :key)
            ORDER BY nama_out ASC
            LIMIT 20
2026-04-28 10:57:14 - getOutlet.php - Query berhasil, mengembalikan 20 record
2026-04-28 10:57:14 - getOutlet.php - === END REQUEST ===
2026-04-28 03:57:14 - getOutlet.php - === REQUEST GETOUTLET ===
2026-04-28 03:57:14 - getOutlet.php - Method: POST
2026-04-28 03:57:14 - getOutlet.php - POST data: {"tgl":"2026-04-28","encrypt":"41c7aa6da1665eab307362296dd568d0","id_apl":"APL01","key":"RS ke"}
2026-04-28 10:57:14 - getOutlet.php - Params - tgl: 2026-04-28, encrypt: 41c7aa6da1665eab307362296dd568d0, id_apl: APL01, key: RS ke
2026-04-28 10:57:14 - getOutlet.php - Aplikasi ditemukan: Ya
2026-04-28 10:57:14 - getOutlet.php - Key aplikasi: YbcJSFjkds...
2026-04-28 10:57:14 - getOutlet.php - Expected encrypt: 41c7aa6da1665eab307362296dd568d0
2026-04-28 10:57:14 - getOutlet.php - Received encrypt: 41c7aa6da1665eab307362296dd568d0
2026-04-28 10:57:14 - getOutlet.php - Authentication berhasil
2026-04-28 10:57:14 - getOutlet.php - Query: SELECT id_out, nama_out, '' AS alamat_out, ofcode_out
            FROM outlet 
            WHERE status_out IN ('Active', '1', 'active')
            AND (nama_out LIKE :key OR ofcode_out LIKE :key)
            ORDER BY nama_out ASC
            LIMIT 20
2026-04-28 10:57:14 - getOutlet.php - Query berhasil, mengembalikan 2 record
2026-04-28 10:57:14 - getOutlet.php - === END REQUEST ===
2026-04-28 03:57:14 - getOutlet.php - === REQUEST GETOUTLET ===
2026-04-28 03:57:14 - getOutlet.php - Method: POST
2026-04-28 03:57:14 - getOutlet.php - POST data: {"tgl":"2026-04-28","encrypt":"41c7aa6da1665eab307362296dd568d0","id_apl":"APL01","key":"RS kel"}
2026-04-28 10:57:14 - getOutlet.php - Params - tgl: 2026-04-28, encrypt: 41c7aa6da1665eab307362296dd568d0, id_apl: APL01, key: RS kel
2026-04-28 10:57:14 - getOutlet.php - Aplikasi ditemukan: Ya
2026-04-28 10:57:14 - getOutlet.php - Key aplikasi: YbcJSFjkds...
2026-04-28 10:57:14 - getOutlet.php - Expected encrypt: 41c7aa6da1665eab307362296dd568d0
2026-04-28 10:57:14 - getOutlet.php - Received encrypt: 41c7aa6da1665eab307362296dd568d0
2026-04-28 10:57:14 - getOutlet.php - Authentication berhasil
2026-04-28 10:57:14 - getOutlet.php - Query: SELECT id_out, nama_out, '' AS alamat_out, ofcode_out
            FROM outlet 
            WHERE status_out IN ('Active', '1', 'active')
            AND (nama_out LIKE :key OR ofcode_out LIKE :key)
            ORDER BY nama_out ASC
            LIMIT 20
2026-04-28 10:57:14 - getOutlet.php - Query berhasil, mengembalikan 1 record
2026-04-28 10:57:14 - getOutlet.php - === END REQUEST ===
2026-04-28 03:57:14 - getOutlet.php - === REQUEST GETOUTLET ===
2026-04-28 03:57:14 - getOutlet.php - Method: POST
2026-04-28 03:57:14 - getOutlet.php - POST data: {"tgl":"2026-04-28","encrypt":"41c7aa6da1665eab307362296dd568d0","id_apl":"APL01","key":"RS kelu"}
2026-04-28 10:57:14 - getOutlet.php - Params - tgl: 2026-04-28, encrypt: 41c7aa6da1665eab307362296dd568d0, id_apl: APL01, key: RS kelu
2026-04-28 10:57:14 - getOutlet.php - Aplikasi ditemukan: Ya
2026-04-28 10:57:14 - getOutlet.php - Key aplikasi: YbcJSFjkds...
2026-04-28 10:57:14 - getOutlet.php - Expected encrypt: 41c7aa6da1665eab307362296dd568d0
2026-04-28 10:57:14 - getOutlet.php - Received encrypt: 41c7aa6da1665eab307362296dd568d0
2026-04-28 10:57:14 - getOutlet.php - Authentication berhasil
2026-04-28 10:57:14 - getOutlet.php - Query: SELECT id_out, nama_out, '' AS alamat_out, ofcode_out
            FROM outlet 
            WHERE status_out IN ('Active', '1', 'active')
            AND (nama_out LIKE :key OR ofcode_out LIKE :key)
            ORDER BY nama_out ASC
            LIMIT 20
2026-04-28 10:57:14 - getOutlet.php - Query berhasil, mengembalikan 1 record
2026-04-28 10:57:14 - getOutlet.php - === END REQUEST ===
2026-04-28 03:57:15 - getOutlet.php - === REQUEST GETOUTLET ===
2026-04-28 03:57:15 - getOutlet.php - Method: POST
2026-04-28 03:57:15 - getOutlet.php - POST data: {"tgl":"2026-04-28","encrypt":"41c7aa6da1665eab307362296dd568d0","id_apl":"APL01","key":"RS keluarga"}
2026-04-28 10:57:15 - getOutlet.php - Params - tgl: 2026-04-28, encrypt: 41c7aa6da1665eab307362296dd568d0, id_apl: APL01, key: RS keluarga
2026-04-28 10:57:15 - getOutlet.php - Aplikasi ditemukan: Ya
2026-04-28 10:57:15 - getOutlet.php - Key aplikasi: YbcJSFjkds...
2026-04-28 10:57:15 - getOutlet.php - Expected encrypt: 41c7aa6da1665eab307362296dd568d0
2026-04-28 10:57:15 - getOutlet.php - Received encrypt: 41c7aa6da1665eab307362296dd568d0
2026-04-28 10:57:15 - getOutlet.php - Authentication berhasil
2026-04-28 10:57:15 - getOutlet.php - Query: SELECT id_out, nama_out, '' AS alamat_out, ofcode_out
            FROM outlet 
            WHERE status_out IN ('Active', '1', 'active')
            AND (nama_out LIKE :key OR ofcode_out LIKE :key)
            ORDER BY nama_out ASC
            LIMIT 20
2026-04-28 10:57:15 - getOutlet.php - Query berhasil, mengembalikan 1 record
2026-04-28 10:57:15 - getOutlet.php - === END REQUEST ===
2026-04-28 03:57:16 - getOutlet.php - === REQUEST GETOUTLET ===
2026-04-28 03:57:16 - getOutlet.php - Method: POST
2026-04-28 03:57:16 - getOutlet.php - POST data: {"tgl":"2026-04-28","encrypt":"41c7aa6da1665eab307362296dd568d0","id_apl":"APL01","key":"RS KELUARGA KITA"}
2026-04-28 10:57:16 - getOutlet.php - Params - tgl: 2026-04-28, encrypt: 41c7aa6da1665eab307362296dd568d0, id_apl: APL01, key: RS KELUARGA KITA
2026-04-28 10:57:16 - getOutlet.php - Aplikasi ditemukan: Ya
2026-04-28 10:57:16 - getOutlet.php - Key aplikasi: YbcJSFjkds...
2026-04-28 10:57:16 - getOutlet.php - Expected encrypt: 41c7aa6da1665eab307362296dd568d0
2026-04-28 10:57:16 - getOutlet.php - Received encrypt: 41c7aa6da1665eab307362296dd568d0
2026-04-28 10:57:16 - getOutlet.php - Authentication berhasil
2026-04-28 10:57:16 - getOutlet.php - Query: SELECT id_out, nama_out, '' AS alamat_out, ofcode_out
            FROM outlet 
            WHERE status_out IN ('Active', '1', 'active')
            AND (nama_out LIKE :key OR ofcode_out LIKE :key)
            ORDER BY nama_out ASC
            LIMIT 20
2026-04-28 10:57:16 - getOutlet.php - Query berhasil, mengembalikan 1 record
2026-04-28 10:57:16 - getOutlet.php - === END REQUEST ===
2026-04-28 03:57:17 - getOutlet.php - === REQUEST GETOUTLET ===
2026-04-28 03:57:17 - getOutlet.php - Method: POST
2026-04-28 03:57:17 - getOutlet.php - POST data: {"tgl":"2026-04-28","encrypt":"41c7aa6da1665eab307362296dd568d0","id_apl":"APL01","key":"Ka"}
2026-04-28 10:57:17 - getOutlet.php - Params - tgl: 2026-04-28, encrypt: 41c7aa6da1665eab307362296dd568d0, id_apl: APL01, key: Ka
2026-04-28 10:57:17 - getOutlet.php - Aplikasi ditemukan: Ya
2026-04-28 10:57:17 - getOutlet.php - Key aplikasi: YbcJSFjkds...
2026-04-28 10:57:17 - getOutlet.php - Expected encrypt: 41c7aa6da1665eab307362296dd568d0
2026-04-28 10:57:17 - getOutlet.php - Received encrypt: 41c7aa6da1665eab307362296dd568d0
2026-04-28 10:57:17 - getOutlet.php - Authentication berhasil
2026-04-28 10:57:17 - getOutlet.php - Query: SELECT id_out, nama_out, '' AS alamat_out, ofcode_out
            FROM outlet 
            WHERE status_out IN ('Active', '1', 'active')
            AND (nama_out LIKE :key OR ofcode_out LIKE :key)
            ORDER BY nama_out ASC
            LIMIT 20
2026-04-28 10:57:17 - getOutlet.php - Query berhasil, mengembalikan 20 record
2026-04-28 10:57:17 - getOutlet.php - === END REQUEST ===
2026-04-28 03:57:17 - getOutlet.php - === REQUEST GETOUTLET ===
2026-04-28 03:57:17 - getOutlet.php - Method: POST
2026-04-28 03:57:17 - getOutlet.php - POST data: {"tgl":"2026-04-28","encrypt":"41c7aa6da1665eab307362296dd568d0","id_apl":"APL01","key":"KLINIK MATA UTAMA JEC @CINERE"}
2026-04-28 10:57:17 - getOutlet.php - Params - tgl: 2026-04-28, encrypt: 41c7aa6da1665eab307362296dd568d0, id_apl: APL01, key: KLINIK MATA UTAMA JEC @CINERE
2026-04-28 10:57:17 - getOutlet.php - Aplikasi ditemukan: Ya
2026-04-28 10:57:17 - getOutlet.php - Key aplikasi: YbcJSFjkds...
2026-04-28 10:57:17 - getOutlet.php - Expected encrypt: 41c7aa6da1665eab307362296dd568d0
2026-04-28 10:57:17 - getOutlet.php - Received encrypt: 41c7aa6da1665eab307362296dd568d0
2026-04-28 10:57:17 - getOutlet.php - Authentication berhasil
2026-04-28 10:57:17 - getOutlet.php - Query: SELECT id_out, nama_out, '' AS alamat_out, ofcode_out
            FROM outlet 
            WHERE status_out IN ('Active', '1', 'active')
            AND (nama_out LIKE :key OR ofcode_out LIKE :key)
            ORDER BY nama_out ASC
            LIMIT 20
2026-04-28 10:57:17 - getOutlet.php - Query berhasil, mengembalikan 1 record
2026-04-28 10:57:17 - getOutlet.php - === END REQUEST ===
2026-04-28 03:57:17 - getOutlet.php - === REQUEST GETOUTLET ===
2026-04-28 03:57:17 - getOutlet.php - Method: POST
2026-04-28 03:57:17 - getOutlet.php - POST data: {"tgl":"2026-04-28","encrypt":"41c7aa6da1665eab307362296dd568d0","id_apl":"APL01","key":"Kaw"}
2026-04-28 10:57:17 - getOutlet.php - Params - tgl: 2026-04-28, encrypt: 41c7aa6da1665eab307362296dd568d0, id_apl: APL01, key: Kaw
2026-04-28 10:57:17 - getOutlet.php - Aplikasi ditemukan: Ya
2026-04-28 10:57:17 - getOutlet.php - Key aplikasi: YbcJSFjkds...
2026-04-28 10:57:17 - getOutlet.php - Expected encrypt: 41c7aa6da1665eab307362296dd568d0
2026-04-28 10:57:17 - getOutlet.php - Received encrypt: 41c7aa6da1665eab307362296dd568d0
2026-04-28 10:57:17 - getOutlet.php - Authentication berhasil
2026-04-28 10:57:17 - getOutlet.php - Query: SELECT id_out, nama_out, '' AS alamat_out, ofcode_out
            FROM outlet 
            WHERE status_out IN ('Active', '1', 'active')
            AND (nama_out LIKE :key OR ofcode_out LIKE :key)
            ORDER BY nama_out ASC
            LIMIT 20
2026-04-28 10:57:17 - getOutlet.php - Query berhasil, mengembalikan 9 record
2026-04-28 10:57:17 - getOutlet.php - === END REQUEST ===
2026-04-28 03:57:17 - getOutlet.php - === REQUEST GETOUTLET ===
2026-04-28 03:57:17 - getOutlet.php - Method: POST
2026-04-28 03:57:17 - getOutlet.php - POST data: {"tgl":"2026-04-28","encrypt":"41c7aa6da1665eab307362296dd568d0","id_apl":"APL01","key":"Kawi"}
2026-04-28 10:57:17 - getOutlet.php - Params - tgl: 2026-04-28, encrypt: 41c7aa6da1665eab307362296dd568d0, id_apl: APL01, key: Kawi
2026-04-28 10:57:17 - getOutlet.php - Aplikasi ditemukan: Ya
2026-04-28 10:57:17 - getOutlet.php - Key aplikasi: YbcJSFjkds...
2026-04-28 10:57:17 - getOutlet.php - Expected encrypt: 41c7aa6da1665eab307362296dd568d0
2026-04-28 10:57:17 - getOutlet.php - Received encrypt: 41c7aa6da1665eab307362296dd568d0
2026-04-28 10:57:17 - getOutlet.php - Authentication berhasil
2026-04-28 10:57:17 - getOutlet.php - Query: SELECT id_out, nama_out, '' AS alamat_out, ofcode_out
            FROM outlet 
            WHERE status_out IN ('Active', '1', 'active')
            AND (nama_out LIKE :key OR ofcode_out LIKE :key)
            ORDER BY nama_out ASC
            LIMIT 20
2026-04-28 10:57:17 - getOutlet.php - Query berhasil, mengembalikan 8 record
2026-04-28 10:57:17 - getOutlet.php - === END REQUEST ===
2026-04-28 03:57:17 - getOutlet.php - === REQUEST GETOUTLET ===
2026-04-28 03:57:17 - getOutlet.php - Method: POST
2026-04-28 03:57:17 - getOutlet.php - POST data: {"tgl":"2026-04-28","encrypt":"41c7aa6da1665eab307362296dd568d0","id_apl":"APL01","key":"KLINIK MATA UTAMA JEC @CINERE"}
2026-04-28 10:57:17 - getOutlet.php - Params - tgl: 2026-04-28, encrypt: 41c7aa6da1665eab307362296dd568d0, id_apl: APL01, key: KLINIK MATA UTAMA JEC @CINERE
2026-04-28 10:57:17 - getOutlet.php - Aplikasi ditemukan: Ya
2026-04-28 10:57:17 - getOutlet.php - Key aplikasi: YbcJSFjkds...
2026-04-28 10:57:17 - getOutlet.php - Expected encrypt: 41c7aa6da1665eab307362296dd568d0
2026-04-28 10:57:17 - getOutlet.php - Received encrypt: 41c7aa6da1665eab307362296dd568d0
2026-04-28 10:57:17 - getOutlet.php - Authentication berhasil
2026-04-28 10:57:17 - getOutlet.php - Query: SELECT id_out, nama_out, '' AS alamat_out, ofcode_out
            FROM outlet 
            WHERE status_out IN ('Active', '1', 'active')
            AND (nama_out LIKE :key OR ofcode_out LIKE :key)
            ORDER BY nama_out ASC
            LIMIT 20
2026-04-28 10:57:17 - getOutlet.php - Query berhasil, mengembalikan 1 record
2026-04-28 10:57:17 - getOutlet.php - === END REQUEST ===
2026-04-28 03:57:17 - getOutlet.php - === REQUEST GETOUTLET ===
2026-04-28 03:57:17 - getOutlet.php - Method: POST
2026-04-28 03:57:17 - getOutlet.php - POST data: {"tgl":"2026-04-28","encrypt":"41c7aa6da1665eab307362296dd568d0","id_apl":"APL01","key":"Kawij"}
2026-04-28 10:57:17 - getOutlet.php - Params - tgl: 2026-04-28, encrypt: 41c7aa6da1665eab307362296dd568d0, id_apl: APL01, key: Kawij
2026-04-28 10:57:17 - getOutlet.php - Aplikasi ditemukan: Ya
2026-04-28 10:57:17 - getOutlet.php - Key aplikasi: YbcJSFjkds...
2026-04-28 10:57:17 - getOutlet.php - Expected encrypt: 41c7aa6da1665eab307362296dd568d0
2026-04-28 10:57:17 - getOutlet.php - Received encrypt: 41c7aa6da1665eab307362296dd568d0
2026-04-28 10:57:17 - getOutlet.php - Authentication berhasil
2026-04-28 10:57:17 - getOutlet.php - Query: SELECT id_out, nama_out, '' AS alamat_out, ofcode_out
            FROM outlet 
            WHERE status_out IN ('Active', '1', 'active')
            AND (nama_out LIKE :key OR ofcode_out LIKE :key)
            ORDER BY nama_out ASC
            LIMIT 20
2026-04-28 10:57:17 - getOutlet.php - Query berhasil, mengembalikan 6 record
2026-04-28 10:57:17 - getOutlet.php - === END REQUEST ===
2026-04-28 03:57:18 - getOutlet.php - === REQUEST GETOUTLET ===
2026-04-28 03:57:18 - getOutlet.php - Method: POST
2026-04-28 03:57:18 - getOutlet.php - POST data: {"tgl":"2026-04-28","encrypt":"41c7aa6da1665eab307362296dd568d0","id_apl":"APL01","key":"Kawija"}
2026-04-28 10:57:18 - getOutlet.php - Params - tgl: 2026-04-28, encrypt: 41c7aa6da1665eab307362296dd568d0, id_apl: APL01, key: Kawija
2026-04-28 10:57:18 - getOutlet.php - Aplikasi ditemukan: Ya
2026-04-28 10:57:18 - getOutlet.php - Key aplikasi: YbcJSFjkds...
2026-04-28 10:57:18 - getOutlet.php - Expected encrypt: 41c7aa6da1665eab307362296dd568d0
2026-04-28 10:57:18 - getOutlet.php - Received encrypt: 41c7aa6da1665eab307362296dd568d0
2026-04-28 10:57:18 - getOutlet.php - Authentication berhasil
2026-04-28 10:57:18 - getOutlet.php - Query: SELECT id_out, nama_out, '' AS alamat_out, ofcode_out
            FROM outlet 
            WHERE status_out IN ('Active', '1', 'active')
            AND (nama_out LIKE :key OR ofcode_out LIKE :key)
            ORDER BY nama_out ASC
            LIMIT 20
2026-04-28 10:57:18 - getOutlet.php - Query berhasil, mengembalikan 6 record
2026-04-28 10:57:18 - getOutlet.php - === END REQUEST ===
2026-04-28 03:57:18 - getOutlet.php - === REQUEST GETOUTLET ===
2026-04-28 03:57:18 - getOutlet.php - Method: POST
2026-04-28 03:57:18 - getOutlet.php - POST data: {"tgl":"2026-04-28","encrypt":"41c7aa6da1665eab307362296dd568d0","id_apl":"APL01","key":"Kawijay"}
2026-04-28 10:57:18 - getOutlet.php - Params - tgl: 2026-04-28, encrypt: 41c7aa6da1665eab307362296dd568d0, id_apl: APL01, key: Kawijay
2026-04-28 10:57:18 - getOutlet.php - Aplikasi ditemukan: Ya
2026-04-28 10:57:18 - getOutlet.php - Key aplikasi: YbcJSFjkds...
2026-04-28 10:57:18 - getOutlet.php - Expected encrypt: 41c7aa6da1665eab307362296dd568d0
2026-04-28 10:57:18 - getOutlet.php - Received encrypt: 41c7aa6da1665eab307362296dd568d0
2026-04-28 10:57:18 - getOutlet.php - Authentication berhasil
2026-04-28 10:57:18 - getOutlet.php - Query: SELECT id_out, nama_out, '' AS alamat_out, ofcode_out
            FROM outlet 
            WHERE status_out IN ('Active', '1', 'active')
            AND (nama_out LIKE :key OR ofcode_out LIKE :key)
            ORDER BY nama_out ASC
            LIMIT 20
2026-04-28 10:57:18 - getOutlet.php - Query berhasil, mengembalikan 6 record
2026-04-28 10:57:18 - getOutlet.php - === END REQUEST ===
2026-04-28 03:57:18 - getOutlet.php - === REQUEST GETOUTLET ===
2026-04-28 03:57:18 - getOutlet.php - Method: POST
2026-04-28 03:57:18 - getOutlet.php - POST data: {"tgl":"2026-04-28","encrypt":"41c7aa6da1665eab307362296dd568d0","id_apl":"APL01","key":"Kawijaya"}
2026-04-28 10:57:18 - getOutlet.php - Params - tgl: 2026-04-28, encrypt: 41c7aa6da1665eab307362296dd568d0, id_apl: APL01, key: Kawijaya
2026-04-28 10:57:18 - getOutlet.php - Aplikasi ditemukan: Ya
2026-04-28 10:57:18 - getOutlet.php - Key aplikasi: YbcJSFjkds...
2026-04-28 10:57:18 - getOutlet.php - Expected encrypt: 41c7aa6da1665eab307362296dd568d0
2026-04-28 10:57:18 - getOutlet.php - Received encrypt: 41c7aa6da1665eab307362296dd568d0
2026-04-28 10:57:18 - getOutlet.php - Authentication berhasil
2026-04-28 10:57:18 - getOutlet.php - Query: SELECT id_out, nama_out, '' AS alamat_out, ofcode_out
            FROM outlet 
            WHERE status_out IN ('Active', '1', 'active')
            AND (nama_out LIKE :key OR ofcode_out LIKE :key)
            ORDER BY nama_out ASC
            LIMIT 20
2026-04-28 10:57:18 - getOutlet.php - Query berhasil, mengembalikan 6 record
2026-04-28 10:57:18 - getOutlet.php - === END REQUEST ===
2026-04-28 03:57:22 - getOutlet.php - === REQUEST GETOUTLET ===
2026-04-28 03:57:22 - getOutlet.php - Method: POST
2026-04-28 03:57:22 - getOutlet.php - POST data: {"tgl":"2026-04-28","encrypt":"41c7aa6da1665eab307362296dd568d0","id_apl":"APL01","key":"KLINIK MATA UTAMA JEC @CINERE"}
2026-04-28 10:57:22 - getOutlet.php - Params - tgl: 2026-04-28, encrypt: 41c7aa6da1665eab307362296dd568d0, id_apl: APL01, key: KLINIK MATA UTAMA JEC @CINERE
2026-04-28 10:57:22 - getOutlet.php - Aplikasi ditemukan: Ya
2026-04-28 10:57:22 - getOutlet.php - Key aplikasi: YbcJSFjkds...
2026-04-28 10:57:22 - getOutlet.php - Expected encrypt: 41c7aa6da1665eab307362296dd568d0
2026-04-28 10:57:22 - getOutlet.php - Received encrypt: 41c7aa6da1665eab307362296dd568d0
2026-04-28 10:57:22 - getOutlet.php - Authentication berhasil
2026-04-28 10:57:22 - getOutlet.php - Query: SELECT id_out, nama_out, '' AS alamat_out, ofcode_out
            FROM outlet 
            WHERE status_out IN ('Active', '1', 'active')
            AND (nama_out LIKE :key OR ofcode_out LIKE :key)
            ORDER BY nama_out ASC
            LIMIT 20
2026-04-28 10:57:22 - getOutlet.php - Query berhasil, mengembalikan 1 record
2026-04-28 10:57:22 - getOutlet.php - === END REQUEST ===
2026-04-28 03:57:23 - getOutlet.php - === REQUEST GETOUTLET ===
2026-04-28 03:57:23 - getOutlet.php - Method: POST
2026-04-28 03:57:23 - getOutlet.php - POST data: {"tgl":"2026-04-28","encrypt":"41c7aa6da1665eab307362296dd568d0","id_apl":"APL01","key":"KLINIK MATA UTAMA JEC @CINERE"}
2026-04-28 10:57:23 - getOutlet.php - Params - tgl: 2026-04-28, encrypt: 41c7aa6da1665eab307362296dd568d0, id_apl: APL01, key: KLINIK MATA UTAMA JEC @CINERE
2026-04-28 10:57:23 - getOutlet.php - Aplikasi ditemukan: Ya
2026-04-28 10:57:23 - getOutlet.php - Key aplikasi: YbcJSFjkds...
2026-04-28 10:57:23 - getOutlet.php - Expected encrypt: 41c7aa6da1665eab307362296dd568d0
2026-04-28 10:57:23 - getOutlet.php - Received encrypt: 41c7aa6da1665eab307362296dd568d0
2026-04-28 10:57:23 - getOutlet.php - Authentication berhasil
2026-04-28 10:57:23 - getOutlet.php - Query: SELECT id_out, nama_out, '' AS alamat_out, ofcode_out
            FROM outlet 
            WHERE status_out IN ('Active', '1', 'active')
            AND (nama_out LIKE :key OR ofcode_out LIKE :key)
            ORDER BY nama_out ASC
            LIMIT 20
2026-04-28 10:57:23 - getOutlet.php - Query berhasil, mengembalikan 1 record
2026-04-28 10:57:23 - getOutlet.php - === END REQUEST ===
2026-04-28 03:57:28 - getOutlet.php - === REQUEST GETOUTLET ===
2026-04-28 03:57:28 - getOutlet.php - Method: POST
2026-04-28 03:57:28 - getOutlet.php - POST data: {"tgl":"2026-04-28","encrypt":"41c7aa6da1665eab307362296dd568d0","id_apl":"APL01","key":"Kawijaya"}
2026-04-28 10:57:28 - getOutlet.php - Params - tgl: 2026-04-28, encrypt: 41c7aa6da1665eab307362296dd568d0, id_apl: APL01, key: Kawijaya
2026-04-28 10:57:28 - getOutlet.php - Aplikasi ditemukan: Ya
2026-04-28 10:57:28 - getOutlet.php - Key aplikasi: YbcJSFjkds...
2026-04-28 10:57:28 - getOutlet.php - Expected encrypt: 41c7aa6da1665eab307362296dd568d0
2026-04-28 10:57:28 - getOutlet.php - Received encrypt: 41c7aa6da1665eab307362296dd568d0
2026-04-28 10:57:28 - getOutlet.php - Authentication berhasil
2026-04-28 10:57:28 - getOutlet.php - Query: SELECT id_out, nama_out, '' AS alamat_out, ofcode_out
            FROM outlet 
            WHERE status_out IN ('Active', '1', 'active')
            AND (nama_out LIKE :key OR ofcode_out LIKE :key)
            ORDER BY nama_out ASC
            LIMIT 20
2026-04-28 10:57:28 - getOutlet.php - Query berhasil, mengembalikan 6 record
2026-04-28 10:57:28 - getOutlet.php - === END REQUEST ===
2026-04-28 03:57:28 - getOutlet.php - === REQUEST GETOUTLET ===
2026-04-28 03:57:28 - getOutlet.php - Method: POST
2026-04-28 03:57:28 - getOutlet.php - POST data: {"tgl":"2026-04-28","encrypt":"41c7aa6da1665eab307362296dd568d0","id_apl":"APL01","key":"Kawijaya"}
2026-04-28 10:57:28 - getOutlet.php - Params - tgl: 2026-04-28, encrypt: 41c7aa6da1665eab307362296dd568d0, id_apl: APL01, key: Kawijaya
2026-04-28 10:57:28 - getOutlet.php - Aplikasi ditemukan: Ya
2026-04-28 10:57:28 - getOutlet.php - Key aplikasi: YbcJSFjkds...
2026-04-28 10:57:28 - getOutlet.php - Expected encrypt: 41c7aa6da1665eab307362296dd568d0
2026-04-28 10:57:28 - getOutlet.php - Received encrypt: 41c7aa6da1665eab307362296dd568d0
2026-04-28 10:57:28 - getOutlet.php - Authentication berhasil
2026-04-28 10:57:28 - getOutlet.php - Query: SELECT id_out, nama_out, '' AS alamat_out, ofcode_out
            FROM outlet 
            WHERE status_out IN ('Active', '1', 'active')
            AND (nama_out LIKE :key OR ofcode_out LIKE :key)
            ORDER BY nama_out ASC
            LIMIT 20
2026-04-28 10:57:28 - getOutlet.php - Query berhasil, mengembalikan 6 record
2026-04-28 10:57:28 - getOutlet.php - === END REQUEST ===
2026-04-28 03:57:28 - getOutlet.php - === REQUEST GETOUTLET ===
2026-04-28 03:57:28 - getOutlet.php - Method: POST
2026-04-28 03:57:28 - getOutlet.php - POST data: {"tgl":"2026-04-28","encrypt":"41c7aa6da1665eab307362296dd568d0","id_apl":"APL01","key":"Kawijaya p"}
2026-04-28 10:57:28 - getOutlet.php - Params - tgl: 2026-04-28, encrypt: 41c7aa6da1665eab307362296dd568d0, id_apl: APL01, key: Kawijaya p
2026-04-28 10:57:28 - getOutlet.php - Aplikasi ditemukan: Ya
2026-04-28 10:57:28 - getOutlet.php - Key aplikasi: YbcJSFjkds...
2026-04-28 10:57:28 - getOutlet.php - Expected encrypt: 41c7aa6da1665eab307362296dd568d0
2026-04-28 10:57:28 - getOutlet.php - Received encrypt: 41c7aa6da1665eab307362296dd568d0
2026-04-28 10:57:28 - getOutlet.php - Authentication berhasil
2026-04-28 10:57:28 - getOutlet.php - Query: SELECT id_out, nama_out, '' AS alamat_out, ofcode_out
            FROM outlet 
            WHERE status_out IN ('Active', '1', 'active')
            AND (nama_out LIKE :key OR ofcode_out LIKE :key)
            ORDER BY nama_out ASC
            LIMIT 20
2026-04-28 10:57:28 - getOutlet.php - Query berhasil, mengembalikan 2 record
2026-04-28 10:57:28 - getOutlet.php - === END REQUEST ===
2026-04-28 03:57:32 - getOutlet.php - === REQUEST GETOUTLET ===
2026-04-28 03:57:32 - getOutlet.php - Method: POST
2026-04-28 03:57:32 - getOutlet.php - POST data: {"tgl":"2026-04-28","encrypt":"41c7aa6da1665eab307362296dd568d0","id_apl":"APL01","key":"APOTEK KAWIJAYA PAMULANG"}
2026-04-28 10:57:32 - getOutlet.php - Params - tgl: 2026-04-28, encrypt: 41c7aa6da1665eab307362296dd568d0, id_apl: APL01, key: APOTEK KAWIJAYA PAMULANG
2026-04-28 10:57:32 - getOutlet.php - Aplikasi ditemukan: Ya
2026-04-28 10:57:32 - getOutlet.php - Key aplikasi: YbcJSFjkds...
2026-04-28 10:57:32 - getOutlet.php - Expected encrypt: 41c7aa6da1665eab307362296dd568d0
2026-04-28 10:57:32 - getOutlet.php - Received encrypt: 41c7aa6da1665eab307362296dd568d0
2026-04-28 10:57:32 - getOutlet.php - Authentication berhasil
2026-04-28 10:57:32 - getOutlet.php - Query: SELECT id_out, nama_out, '' AS alamat_out, ofcode_out
            FROM outlet 
            WHERE status_out IN ('Active', '1', 'active')
            AND (nama_out LIKE :key OR ofcode_out LIKE :key)
            ORDER BY nama_out ASC
            LIMIT 20
2026-04-28 10:57:32 - getOutlet.php - Query berhasil, mengembalikan 1 record
2026-04-28 10:57:32 - getOutlet.php - === END REQUEST ===
2026-04-28 03:57:33 - getOutlet.php - === REQUEST GETOUTLET ===
2026-04-28 03:57:33 - getOutlet.php - Method: POST
2026-04-28 03:57:33 - getOutlet.php - POST data: {"tgl":"2026-04-28","encrypt":"41c7aa6da1665eab307362296dd568d0","id_apl":"APL01","key":"Pr"}
2026-04-28 10:57:33 - getOutlet.php - Params - tgl: 2026-04-28, encrypt: 41c7aa6da1665eab307362296dd568d0, id_apl: APL01, key: Pr
2026-04-28 10:57:33 - getOutlet.php - Aplikasi ditemukan: Ya
2026-04-28 10:57:33 - getOutlet.php - Key aplikasi: YbcJSFjkds...
2026-04-28 10:57:33 - getOutlet.php - Expected encrypt: 41c7aa6da1665eab307362296dd568d0
2026-04-28 10:57:33 - getOutlet.php - Received encrypt: 41c7aa6da1665eab307362296dd568d0
2026-04-28 10:57:33 - getOutlet.php - Authentication berhasil
2026-04-28 10:57:33 - getOutlet.php - Query: SELECT id_out, nama_out, '' AS alamat_out, ofcode_out
            FROM outlet 
            WHERE status_out IN ('Active', '1', 'active')
            AND (nama_out LIKE :key OR ofcode_out LIKE :key)
            ORDER BY nama_out ASC
            LIMIT 20
2026-04-28 10:57:33 - getOutlet.php - Query berhasil, mengembalikan 20 record
2026-04-28 10:57:33 - getOutlet.php - === END REQUEST ===
2026-04-28 03:57:33 - getOutlet.php - === REQUEST GETOUTLET ===
2026-04-28 03:57:33 - getOutlet.php - Method: POST
2026-04-28 03:57:33 - getOutlet.php - POST data: {"tgl":"2026-04-28","encrypt":"41c7aa6da1665eab307362296dd568d0","id_apl":"APL01","key":"Pri"}
2026-04-28 10:57:33 - getOutlet.php - Params - tgl: 2026-04-28, encrypt: 41c7aa6da1665eab307362296dd568d0, id_apl: APL01, key: Pri
2026-04-28 10:57:33 - getOutlet.php - Aplikasi ditemukan: Ya
2026-04-28 10:57:33 - getOutlet.php - Key aplikasi: YbcJSFjkds...
2026-04-28 10:57:33 - getOutlet.php - Expected encrypt: 41c7aa6da1665eab307362296dd568d0
2026-04-28 10:57:33 - getOutlet.php - Received encrypt: 41c7aa6da1665eab307362296dd568d0
2026-04-28 10:57:33 - getOutlet.php - Authentication berhasil
2026-04-28 10:57:33 - getOutlet.php - Query: SELECT id_out, nama_out, '' AS alamat_out, ofcode_out
            FROM outlet 
            WHERE status_out IN ('Active', '1', 'active')
            AND (nama_out LIKE :key OR ofcode_out LIKE :key)
            ORDER BY nama_out ASC
            LIMIT 20
2026-04-28 10:57:33 - getOutlet.php - Query berhasil, mengembalikan 20 record
2026-04-28 10:57:33 - getOutlet.php - === END REQUEST ===
2026-04-28 03:57:33 - getOutlet.php - === REQUEST GETOUTLET ===
2026-04-28 03:57:33 - getOutlet.php - Method: POST
2026-04-28 03:57:33 - getOutlet.php - POST data: {"tgl":"2026-04-28","encrypt":"41c7aa6da1665eab307362296dd568d0","id_apl":"APL01","key":"Prim"}
2026-04-28 10:57:33 - getOutlet.php - Params - tgl: 2026-04-28, encrypt: 41c7aa6da1665eab307362296dd568d0, id_apl: APL01, key: Prim
2026-04-28 10:57:33 - getOutlet.php - Aplikasi ditemukan: Ya
2026-04-28 10:57:33 - getOutlet.php - Key aplikasi: YbcJSFjkds...
2026-04-28 10:57:33 - getOutlet.php - Expected encrypt: 41c7aa6da1665eab307362296dd568d0
2026-04-28 10:57:33 - getOutlet.php - Received encrypt: 41c7aa6da1665eab307362296dd568d0
2026-04-28 10:57:33 - getOutlet.php - Authentication berhasil
2026-04-28 10:57:33 - getOutlet.php - Query: SELECT id_out, nama_out, '' AS alamat_out, ofcode_out
            FROM outlet 
            WHERE status_out IN ('Active', '1', 'active')
            AND (nama_out LIKE :key OR ofcode_out LIKE :key)
            ORDER BY nama_out ASC
            LIMIT 20
2026-04-28 10:57:33 - getOutlet.php - Query berhasil, mengembalikan 20 record
2026-04-28 10:57:33 - getOutlet.php - === END REQUEST ===
2026-04-28 03:57:34 - getOutlet.php - === REQUEST GETOUTLET ===
2026-04-28 03:57:34 - getOutlet.php - Method: POST
2026-04-28 03:57:34 - getOutlet.php - POST data: {"tgl":"2026-04-28","encrypt":"41c7aa6da1665eab307362296dd568d0","id_apl":"APL01","key":"Primaya"}
2026-04-28 10:57:34 - getOutlet.php - Params - tgl: 2026-04-28, encrypt: 41c7aa6da1665eab307362296dd568d0, id_apl: APL01, key: Primaya
2026-04-28 10:57:34 - getOutlet.php - Aplikasi ditemukan: Ya
2026-04-28 10:57:34 - getOutlet.php - Key aplikasi: YbcJSFjkds...
2026-04-28 10:57:34 - getOutlet.php - Expected encrypt: 41c7aa6da1665eab307362296dd568d0
2026-04-28 10:57:34 - getOutlet.php - Received encrypt: 41c7aa6da1665eab307362296dd568d0
2026-04-28 10:57:34 - getOutlet.php - Authentication berhasil
2026-04-28 10:57:34 - getOutlet.php - Query: SELECT id_out, nama_out, '' AS alamat_out, ofcode_out
            FROM outlet 
            WHERE status_out IN ('Active', '1', 'active')
            AND (nama_out LIKE :key OR ofcode_out LIKE :key)
            ORDER BY nama_out ASC
            LIMIT 20
2026-04-28 10:57:34 - getOutlet.php - Query berhasil, mengembalikan 12 record
2026-04-28 10:57:34 - getOutlet.php - === END REQUEST ===
2026-04-28 03:57:35 - getOutlet.php - === REQUEST GETOUTLET ===
2026-04-28 03:57:35 - getOutlet.php - Method: POST
2026-04-28 03:57:35 - getOutlet.php - POST data: {"tgl":"2026-04-28","encrypt":"41c7aa6da1665eab307362296dd568d0","id_apl":"APL01","key":"Primaya pasar"}
2026-04-28 10:57:35 - getOutlet.php - Params - tgl: 2026-04-28, encrypt: 41c7aa6da1665eab307362296dd568d0, id_apl: APL01, key: Primaya pasar
2026-04-28 10:57:35 - getOutlet.php - Aplikasi ditemukan: Ya
2026-04-28 10:57:35 - getOutlet.php - Key aplikasi: YbcJSFjkds...
2026-04-28 10:57:35 - getOutlet.php - Expected encrypt: 41c7aa6da1665eab307362296dd568d0
2026-04-28 10:57:35 - getOutlet.php - Received encrypt: 41c7aa6da1665eab307362296dd568d0
2026-04-28 10:57:35 - getOutlet.php - Authentication berhasil
2026-04-28 10:57:35 - getOutlet.php - Query: SELECT id_out, nama_out, '' AS alamat_out, ofcode_out
            FROM outlet 
            WHERE status_out IN ('Active', '1', 'active')
            AND (nama_out LIKE :key OR ofcode_out LIKE :key)
            ORDER BY nama_out ASC
            LIMIT 20
2026-04-28 10:57:35 - getOutlet.php - Query berhasil, mengembalikan 1 record
2026-04-28 10:57:35 - getOutlet.php - === END REQUEST ===
2026-04-28 03:57:36 - getOutlet.php - === REQUEST GETOUTLET ===
2026-04-28 03:57:36 - getOutlet.php - Method: POST
2026-04-28 03:57:36 - getOutlet.php - POST data: {"tgl":"2026-04-28","encrypt":"41c7aa6da1665eab307362296dd568d0","id_apl":"APL01","key":"RS PRIMAYA PASAR KEMIS"}
2026-04-28 10:57:36 - getOutlet.php - Params - tgl: 2026-04-28, encrypt: 41c7aa6da1665eab307362296dd568d0, id_apl: APL01, key: RS PRIMAYA PASAR KEMIS
2026-04-28 10:57:36 - getOutlet.php - Aplikasi ditemukan: Ya
2026-04-28 10:57:36 - getOutlet.php - Key aplikasi: YbcJSFjkds...
2026-04-28 10:57:36 - getOutlet.php - Expected encrypt: 41c7aa6da1665eab307362296dd568d0
2026-04-28 10:57:36 - getOutlet.php - Received encrypt: 41c7aa6da1665eab307362296dd568d0
2026-04-28 10:57:36 - getOutlet.php - Authentication berhasil
2026-04-28 10:57:36 - getOutlet.php - Query: SELECT id_out, nama_out, '' AS alamat_out, ofcode_out
            FROM outlet 
            WHERE status_out IN ('Active', '1', 'active')
            AND (nama_out LIKE :key OR ofcode_out LIKE :key)
            ORDER BY nama_out ASC
            LIMIT 20
2026-04-28 10:57:36 - getOutlet.php - Query berhasil, mengembalikan 1 record
2026-04-28 10:57:36 - getOutlet.php - === END REQUEST ===
2026-04-28 03:57:43 - getOutlet.php - === REQUEST GETOUTLET ===
2026-04-28 03:57:43 - getOutlet.php - Method: POST
2026-04-28 03:57:43 - getOutlet.php - POST data: {"tgl":"2026-04-28","encrypt":"41c7aa6da1665eab307362296dd568d0","id_apl":"APL01","key":"Rs"}
2026-04-28 10:57:43 - getOutlet.php - Params - tgl: 2026-04-28, encrypt: 41c7aa6da1665eab307362296dd568d0, id_apl: APL01, key: Rs
2026-04-28 10:57:43 - getOutlet.php - Aplikasi ditemukan: Ya
2026-04-28 10:57:43 - getOutlet.php - Key aplikasi: YbcJSFjkds...
2026-04-28 10:57:43 - getOutlet.php - Expected encrypt: 41c7aa6da1665eab307362296dd568d0
2026-04-28 10:57:43 - getOutlet.php - Received encrypt: 41c7aa6da1665eab307362296dd568d0
2026-04-28 10:57:43 - getOutlet.php - Authentication berhasil
2026-04-28 10:57:43 - getOutlet.php - Query: SELECT id_out, nama_out, '' AS alamat_out, ofcode_out
            FROM outlet 
            WHERE status_out IN ('Active', '1', 'active')
            AND (nama_out LIKE :key OR ofcode_out LIKE :key)
            ORDER BY nama_out ASC
            LIMIT 20
2026-04-28 10:57:43 - getOutlet.php - Query berhasil, mengembalikan 20 record
2026-04-28 10:57:43 - getOutlet.php - === END REQUEST ===
2026-04-28 03:57:44 - getOutlet.php - === REQUEST GETOUTLET ===
2026-04-28 03:57:44 - getOutlet.php - Method: POST
2026-04-28 03:57:44 - getOutlet.php - POST data: {"tgl":"2026-04-28","encrypt":"41c7aa6da1665eab307362296dd568d0","id_apl":"APL01","key":"RS"}
2026-04-28 10:57:44 - getOutlet.php - Params - tgl: 2026-04-28, encrypt: 41c7aa6da1665eab307362296dd568d0, id_apl: APL01, key: RS
2026-04-28 10:57:44 - getOutlet.php - Aplikasi ditemukan: Ya
2026-04-28 10:57:44 - getOutlet.php - Key aplikasi: YbcJSFjkds...
2026-04-28 10:57:44 - getOutlet.php - Expected encrypt: 41c7aa6da1665eab307362296dd568d0
2026-04-28 10:57:44 - getOutlet.php - Received encrypt: 41c7aa6da1665eab307362296dd568d0
2026-04-28 10:57:44 - getOutlet.php - Authentication berhasil
2026-04-28 10:57:44 - getOutlet.php - Query: SELECT id_out, nama_out, '' AS alamat_out, ofcode_out
            FROM outlet 
            WHERE status_out IN ('Active', '1', 'active')
            AND (nama_out LIKE :key OR ofcode_out LIKE :key)
            ORDER BY nama_out ASC
            LIMIT 20
2026-04-28 10:57:44 - getOutlet.php - Query berhasil, mengembalikan 20 record
2026-04-28 10:57:44 - getOutlet.php - === END REQUEST ===
2026-04-28 03:57:44 - getOutlet.php - === REQUEST GETOUTLET ===
2026-04-28 03:57:44 - getOutlet.php - Method: POST
2026-04-28 03:57:44 - getOutlet.php - POST data: {"tgl":"2026-04-28","encrypt":"41c7aa6da1665eab307362296dd568d0","id_apl":"APL01","key":"RS d"}
2026-04-28 10:57:44 - getOutlet.php - Params - tgl: 2026-04-28, encrypt: 41c7aa6da1665eab307362296dd568d0, id_apl: APL01, key: RS d
2026-04-28 10:57:44 - getOutlet.php - Aplikasi ditemukan: Ya
2026-04-28 10:57:44 - getOutlet.php - Key aplikasi: YbcJSFjkds...
2026-04-28 10:57:44 - getOutlet.php - Expected encrypt: 41c7aa6da1665eab307362296dd568d0
2026-04-28 10:57:44 - getOutlet.php - Received encrypt: 41c7aa6da1665eab307362296dd568d0
2026-04-28 10:57:44 - getOutlet.php - Authentication berhasil
2026-04-28 10:57:44 - getOutlet.php - Query: SELECT id_out, nama_out, '' AS alamat_out, ofcode_out
            FROM outlet 
            WHERE status_out IN ('Active', '1', 'active')
            AND (nama_out LIKE :key OR ofcode_out LIKE :key)
            ORDER BY nama_out ASC
            LIMIT 20
2026-04-28 10:57:44 - getOutlet.php - Query berhasil, mengembalikan 7 record
2026-04-28 10:57:44 - getOutlet.php - === END REQUEST ===
2026-04-28 03:57:44 - getOutlet.php - === REQUEST GETOUTLET ===
2026-04-28 03:57:44 - getOutlet.php - Method: POST
2026-04-28 03:57:44 - getOutlet.php - POST data: {"tgl":"2026-04-28","encrypt":"41c7aa6da1665eab307362296dd568d0","id_apl":"APL01","key":"RS di"}
2026-04-28 10:57:44 - getOutlet.php - Params - tgl: 2026-04-28, encrypt: 41c7aa6da1665eab307362296dd568d0, id_apl: APL01, key: RS di
2026-04-28 10:57:44 - getOutlet.php - Aplikasi ditemukan: Ya
2026-04-28 10:57:44 - getOutlet.php - Key aplikasi: YbcJSFjkds...
2026-04-28 10:57:44 - getOutlet.php - Expected encrypt: 41c7aa6da1665eab307362296dd568d0
2026-04-28 10:57:44 - getOutlet.php - Received encrypt: 41c7aa6da1665eab307362296dd568d0
2026-04-28 10:57:44 - getOutlet.php - Authentication berhasil
2026-04-28 10:57:44 - getOutlet.php - Query: SELECT id_out, nama_out, '' AS alamat_out, ofcode_out
            FROM outlet 
            WHERE status_out IN ('Active', '1', 'active')
            AND (nama_out LIKE :key OR ofcode_out LIKE :key)
            ORDER BY nama_out ASC
            LIMIT 20
2026-04-28 10:57:44 - getOutlet.php - Query berhasil, mengembalikan 1 record
2026-04-28 10:57:44 - getOutlet.php - === END REQUEST ===
2026-04-28 03:57:44 - getOutlet.php - === REQUEST GETOUTLET ===
2026-04-28 03:57:44 - getOutlet.php - Method: POST
2026-04-28 03:57:44 - getOutlet.php - POST data: {"tgl":"2026-04-28","encrypt":"41c7aa6da1665eab307362296dd568d0","id_apl":"APL01","key":"RS din"}
2026-04-28 10:57:44 - getOutlet.php - Params - tgl: 2026-04-28, encrypt: 41c7aa6da1665eab307362296dd568d0, id_apl: APL01, key: RS din
2026-04-28 10:57:44 - getOutlet.php - Aplikasi ditemukan: Ya
2026-04-28 10:57:44 - getOutlet.php - Key aplikasi: YbcJSFjkds...
2026-04-28 10:57:44 - getOutlet.php - Expected encrypt: 41c7aa6da1665eab307362296dd568d0
2026-04-28 10:57:44 - getOutlet.php - Received encrypt: 41c7aa6da1665eab307362296dd568d0
2026-04-28 10:57:44 - getOutlet.php - Authentication berhasil
2026-04-28 10:57:44 - getOutlet.php - Query: SELECT id_out, nama_out, '' AS alamat_out, ofcode_out
            FROM outlet 
            WHERE status_out IN ('Active', '1', 'active')
            AND (nama_out LIKE :key OR ofcode_out LIKE :key)
            ORDER BY nama_out ASC
            LIMIT 20
2026-04-28 10:57:44 - getOutlet.php - Query berhasil, mengembalikan 1 record
2026-04-28 10:57:44 - getOutlet.php - === END REQUEST ===
2026-04-28 03:57:44 - getOutlet.php - === REQUEST GETOUTLET ===
2026-04-28 03:57:44 - getOutlet.php - Method: POST
2026-04-28 03:57:44 - getOutlet.php - POST data: {"tgl":"2026-04-28","encrypt":"41c7aa6da1665eab307362296dd568d0","id_apl":"APL01","key":"RS dind"}
2026-04-28 10:57:44 - getOutlet.php - Params - tgl: 2026-04-28, encrypt: 41c7aa6da1665eab307362296dd568d0, id_apl: APL01, key: RS dind
2026-04-28 10:57:44 - getOutlet.php - Aplikasi ditemukan: Ya
2026-04-28 10:57:44 - getOutlet.php - Key aplikasi: YbcJSFjkds...
2026-04-28 10:57:44 - getOutlet.php - Expected encrypt: 41c7aa6da1665eab307362296dd568d0
2026-04-28 10:57:44 - getOutlet.php - Received encrypt: 41c7aa6da1665eab307362296dd568d0
2026-04-28 10:57:44 - getOutlet.php - Authentication berhasil
2026-04-28 10:57:44 - getOutlet.php - Query: SELECT id_out, nama_out, '' AS alamat_out, ofcode_out
            FROM outlet 
            WHERE status_out IN ('Active', '1', 'active')
            AND (nama_out LIKE :key OR ofcode_out LIKE :key)
            ORDER BY nama_out ASC
            LIMIT 20
2026-04-28 10:57:44 - getOutlet.php - Query berhasil, mengembalikan 1 record
2026-04-28 10:57:44 - getOutlet.php - === END REQUEST ===
2026-04-28 03:57:45 - getOutlet.php - === REQUEST GETOUTLET ===
2026-04-28 03:57:45 - getOutlet.php - Method: POST
2026-04-28 03:57:45 - getOutlet.php - POST data: {"tgl":"2026-04-28","encrypt":"41c7aa6da1665eab307362296dd568d0","id_apl":"APL01","key":"RS dinda"}
2026-04-28 10:57:45 - getOutlet.php - Params - tgl: 2026-04-28, encrypt: 41c7aa6da1665eab307362296dd568d0, id_apl: APL01, key: RS dinda
2026-04-28 10:57:45 - getOutlet.php - Aplikasi ditemukan: Ya
2026-04-28 10:57:45 - getOutlet.php - Key aplikasi: YbcJSFjkds...
2026-04-28 10:57:45 - getOutlet.php - Expected encrypt: 41c7aa6da1665eab307362296dd568d0
2026-04-28 10:57:45 - getOutlet.php - Received encrypt: 41c7aa6da1665eab307362296dd568d0
2026-04-28 10:57:45 - getOutlet.php - Authentication berhasil
2026-04-28 10:57:45 - getOutlet.php - Query: SELECT id_out, nama_out, '' AS alamat_out, ofcode_out
            FROM outlet 
            WHERE status_out IN ('Active', '1', 'active')
            AND (nama_out LIKE :key OR ofcode_out LIKE :key)
            ORDER BY nama_out ASC
            LIMIT 20
2026-04-28 10:57:45 - getOutlet.php - Query berhasil, mengembalikan 1 record
2026-04-28 10:57:45 - getOutlet.php - === END REQUEST ===
2026-04-28 03:57:46 - getOutlet.php - === REQUEST GETOUTLET ===
2026-04-28 03:57:46 - getOutlet.php - Method: POST
2026-04-28 03:57:46 - getOutlet.php - POST data: {"tgl":"2026-04-28","encrypt":"41c7aa6da1665eab307362296dd568d0","id_apl":"APL01","key":"RS DINDA"}
2026-04-28 10:57:46 - getOutlet.php - Params - tgl: 2026-04-28, encrypt: 41c7aa6da1665eab307362296dd568d0, id_apl: APL01, key: RS DINDA
2026-04-28 10:57:46 - getOutlet.php - Aplikasi ditemukan: Ya
2026-04-28 10:57:46 - getOutlet.php - Key aplikasi: YbcJSFjkds...
2026-04-28 10:57:46 - getOutlet.php - Expected encrypt: 41c7aa6da1665eab307362296dd568d0
2026-04-28 10:57:46 - getOutlet.php - Received encrypt: 41c7aa6da1665eab307362296dd568d0
2026-04-28 10:57:46 - getOutlet.php - Authentication berhasil
2026-04-28 10:57:46 - getOutlet.php - Query: SELECT id_out, nama_out, '' AS alamat_out, ofcode_out
            FROM outlet 
            WHERE status_out IN ('Active', '1', 'active')
            AND (nama_out LIKE :key OR ofcode_out LIKE :key)
            ORDER BY nama_out ASC
            LIMIT 20
2026-04-28 10:57:46 - getOutlet.php - Query berhasil, mengembalikan 1 record
2026-04-28 10:57:46 - getOutlet.php - === END REQUEST ===
2026-04-28 03:58:21 - getOutlet.php - === REQUEST GETOUTLET ===
2026-04-28 03:58:21 - getOutlet.php - Method: POST
2026-04-28 03:58:21 - getOutlet.php - POST data: {"tgl":"2026-04-28","encrypt":"41c7aa6da1665eab307362296dd568d0","id_apl":"APL01","key":"Rs"}
2026-04-28 10:58:21 - getOutlet.php - Params - tgl: 2026-04-28, encrypt: 41c7aa6da1665eab307362296dd568d0, id_apl: APL01, key: Rs
2026-04-28 10:58:21 - getOutlet.php - Aplikasi ditemukan: Ya
2026-04-28 10:58:21 - getOutlet.php - Key aplikasi: YbcJSFjkds...
2026-04-28 10:58:21 - getOutlet.php - Expected encrypt: 41c7aa6da1665eab307362296dd568d0
2026-04-28 10:58:21 - getOutlet.php - Received encrypt: 41c7aa6da1665eab307362296dd568d0
2026-04-28 10:58:21 - getOutlet.php - Authentication berhasil
2026-04-28 10:58:21 - getOutlet.php - Query: SELECT id_out, nama_out, '' AS alamat_out, ofcode_out
            FROM outlet 
            WHERE status_out IN ('Active', '1', 'active')
            AND (nama_out LIKE :key OR ofcode_out LIKE :key)
            ORDER BY nama_out ASC
            LIMIT 20
2026-04-28 10:58:21 - getOutlet.php - Query berhasil, mengembalikan 20 record
2026-04-28 10:58:21 - getOutlet.php - === END REQUEST ===
2026-04-28 03:58:21 - getOutlet.php - === REQUEST GETOUTLET ===
2026-04-28 03:58:21 - getOutlet.php - Method: POST
2026-04-28 03:58:21 - getOutlet.php - POST data: {"tgl":"2026-04-28","encrypt":"41c7aa6da1665eab307362296dd568d0","id_apl":"APL01","key":"RS"}
2026-04-28 10:58:21 - getOutlet.php - Params - tgl: 2026-04-28, encrypt: 41c7aa6da1665eab307362296dd568d0, id_apl: APL01, key: RS
2026-04-28 10:58:21 - getOutlet.php - Aplikasi ditemukan: Ya
2026-04-28 10:58:21 - getOutlet.php - Key aplikasi: YbcJSFjkds...
2026-04-28 10:58:21 - getOutlet.php - Expected encrypt: 41c7aa6da1665eab307362296dd568d0
2026-04-28 10:58:21 - getOutlet.php - Received encrypt: 41c7aa6da1665eab307362296dd568d0
2026-04-28 10:58:21 - getOutlet.php - Authentication berhasil
2026-04-28 10:58:21 - getOutlet.php - Query: SELECT id_out, nama_out, '' AS alamat_out, ofcode_out
            FROM outlet 
            WHERE status_out IN ('Active', '1', 'active')
            AND (nama_out LIKE :key OR ofcode_out LIKE :key)
            ORDER BY nama_out ASC
            LIMIT 20
2026-04-28 10:58:21 - getOutlet.php - Query berhasil, mengembalikan 20 record
2026-04-28 10:58:21 - getOutlet.php - === END REQUEST ===
2026-04-28 03:58:22 - getOutlet.php - === REQUEST GETOUTLET ===
2026-04-28 03:58:22 - getOutlet.php - Method: POST
2026-04-28 03:58:22 - getOutlet.php - POST data: {"tgl":"2026-04-28","encrypt":"41c7aa6da1665eab307362296dd568d0","id_apl":"APL01","key":"RS m"}
2026-04-28 10:58:22 - getOutlet.php - Params - tgl: 2026-04-28, encrypt: 41c7aa6da1665eab307362296dd568d0, id_apl: APL01, key: RS m
2026-04-28 10:58:22 - getOutlet.php - Aplikasi ditemukan: Ya
2026-04-28 10:58:22 - getOutlet.php - Key aplikasi: YbcJSFjkds...
2026-04-28 10:58:22 - getOutlet.php - Expected encrypt: 41c7aa6da1665eab307362296dd568d0
2026-04-28 10:58:22 - getOutlet.php - Received encrypt: 41c7aa6da1665eab307362296dd568d0
2026-04-28 10:58:22 - getOutlet.php - Authentication berhasil
2026-04-28 10:58:22 - getOutlet.php - Query: SELECT id_out, nama_out, '' AS alamat_out, ofcode_out
            FROM outlet 
            WHERE status_out IN ('Active', '1', 'active')
            AND (nama_out LIKE :key OR ofcode_out LIKE :key)
            ORDER BY nama_out ASC
            LIMIT 20
2026-04-28 10:58:22 - getOutlet.php - Query berhasil, mengembalikan 20 record
2026-04-28 10:58:22 - getOutlet.php - === END REQUEST ===
2026-04-28 03:58:22 - getOutlet.php - === REQUEST GETOUTLET ===
2026-04-28 03:58:22 - getOutlet.php - Method: POST
2026-04-28 03:58:22 - getOutlet.php - POST data: {"tgl":"2026-04-28","encrypt":"41c7aa6da1665eab307362296dd568d0","id_apl":"APL01","key":"RS me"}
2026-04-28 10:58:22 - getOutlet.php - Params - tgl: 2026-04-28, encrypt: 41c7aa6da1665eab307362296dd568d0, id_apl: APL01, key: RS me
2026-04-28 10:58:22 - getOutlet.php - Aplikasi ditemukan: Ya
2026-04-28 10:58:22 - getOutlet.php - Key aplikasi: YbcJSFjkds...
2026-04-28 10:58:22 - getOutlet.php - Expected encrypt: 41c7aa6da1665eab307362296dd568d0
2026-04-28 10:58:22 - getOutlet.php - Received encrypt: 41c7aa6da1665eab307362296dd568d0
2026-04-28 10:58:22 - getOutlet.php - Authentication berhasil
2026-04-28 10:58:22 - getOutlet.php - Query: SELECT id_out, nama_out, '' AS alamat_out, ofcode_out
            FROM outlet 
            WHERE status_out IN ('Active', '1', 'active')
            AND (nama_out LIKE :key OR ofcode_out LIKE :key)
            ORDER BY nama_out ASC
            LIMIT 20
2026-04-28 10:58:22 - getOutlet.php - Query berhasil, mengembalikan 12 record
2026-04-28 10:58:22 - getOutlet.php - === END REQUEST ===
2026-04-28 03:58:22 - getOutlet.php - === REQUEST GETOUTLET ===
2026-04-28 03:58:22 - getOutlet.php - Method: POST
2026-04-28 03:58:22 - getOutlet.php - POST data: {"tgl":"2026-04-28","encrypt":"41c7aa6da1665eab307362296dd568d0","id_apl":"APL01","key":"RS mel"}
2026-04-28 10:58:22 - getOutlet.php - Params - tgl: 2026-04-28, encrypt: 41c7aa6da1665eab307362296dd568d0, id_apl: APL01, key: RS mel
2026-04-28 10:58:22 - getOutlet.php - Aplikasi ditemukan: Ya
2026-04-28 10:58:22 - getOutlet.php - Key aplikasi: YbcJSFjkds...
2026-04-28 10:58:22 - getOutlet.php - Expected encrypt: 41c7aa6da1665eab307362296dd568d0
2026-04-28 10:58:22 - getOutlet.php - Received encrypt: 41c7aa6da1665eab307362296dd568d0
2026-04-28 10:58:22 - getOutlet.php - Authentication berhasil
2026-04-28 10:58:22 - getOutlet.php - Query: SELECT id_out, nama_out, '' AS alamat_out, ofcode_out
            FROM outlet 
            WHERE status_out IN ('Active', '1', 'active')
            AND (nama_out LIKE :key OR ofcode_out LIKE :key)
            ORDER BY nama_out ASC
            LIMIT 20
2026-04-28 10:58:22 - getOutlet.php - Query berhasil, mengembalikan 1 record
2026-04-28 10:58:22 - getOutlet.php - === END REQUEST ===
2026-04-28 03:58:22 - getOutlet.php - === REQUEST GETOUTLET ===
2026-04-28 03:58:22 - getOutlet.php - Method: POST
2026-04-28 03:58:22 - getOutlet.php - POST data: {"tgl":"2026-04-28","encrypt":"41c7aa6da1665eab307362296dd568d0","id_apl":"APL01","key":"RS mela"}
2026-04-28 10:58:22 - getOutlet.php - Params - tgl: 2026-04-28, encrypt: 41c7aa6da1665eab307362296dd568d0, id_apl: APL01, key: RS mela
2026-04-28 10:58:22 - getOutlet.php - Aplikasi ditemukan: Ya
2026-04-28 10:58:22 - getOutlet.php - Key aplikasi: YbcJSFjkds...
2026-04-28 10:58:22 - getOutlet.php - Expected encrypt: 41c7aa6da1665eab307362296dd568d0
2026-04-28 10:58:22 - getOutlet.php - Received encrypt: 41c7aa6da1665eab307362296dd568d0
2026-04-28 10:58:22 - getOutlet.php - Authentication berhasil
2026-04-28 10:58:22 - getOutlet.php - Query: SELECT id_out, nama_out, '' AS alamat_out, ofcode_out
            FROM outlet 
            WHERE status_out IN ('Active', '1', 'active')
            AND (nama_out LIKE :key OR ofcode_out LIKE :key)
            ORDER BY nama_out ASC
            LIMIT 20
2026-04-28 10:58:22 - getOutlet.php - Query berhasil, mengembalikan 1 record
2026-04-28 10:58:22 - getOutlet.php - === END REQUEST ===
2026-04-28 03:58:23 - getOutlet.php - === REQUEST GETOUTLET ===
2026-04-28 03:58:23 - getOutlet.php - Method: POST
2026-04-28 03:58:23 - getOutlet.php - POST data: {"tgl":"2026-04-28","encrypt":"41c7aa6da1665eab307362296dd568d0","id_apl":"APL01","key":"RS Melati"}
2026-04-28 10:58:23 - getOutlet.php - Params - tgl: 2026-04-28, encrypt: 41c7aa6da1665eab307362296dd568d0, id_apl: APL01, key: RS Melati
2026-04-28 10:58:23 - getOutlet.php - Aplikasi ditemukan: Ya
2026-04-28 10:58:23 - getOutlet.php - Key aplikasi: YbcJSFjkds...
2026-04-28 10:58:23 - getOutlet.php - Expected encrypt: 41c7aa6da1665eab307362296dd568d0
2026-04-28 10:58:23 - getOutlet.php - Received encrypt: 41c7aa6da1665eab307362296dd568d0
2026-04-28 10:58:23 - getOutlet.php - Authentication berhasil
2026-04-28 10:58:23 - getOutlet.php - Query: SELECT id_out, nama_out, '' AS alamat_out, ofcode_out
            FROM outlet 
            WHERE status_out IN ('Active', '1', 'active')
            AND (nama_out LIKE :key OR ofcode_out LIKE :key)
            ORDER BY nama_out ASC
            LIMIT 20
2026-04-28 10:58:23 - getOutlet.php - Query berhasil, mengembalikan 1 record
2026-04-28 10:58:23 - getOutlet.php - === END REQUEST ===
2026-04-28 04:01:02 - getOutlet.php - === REQUEST GETOUTLET ===
2026-04-28 04:01:02 - getOutlet.php - Method: POST
2026-04-28 04:01:02 - getOutlet.php - POST data: {"tgl":"2026-04-28","encrypt":"41c7aa6da1665eab307362296dd568d0","id_apl":"APL01","key":"Rs"}
2026-04-28 11:01:02 - getOutlet.php - Params - tgl: 2026-04-28, encrypt: 41c7aa6da1665eab307362296dd568d0, id_apl: APL01, key: Rs
2026-04-28 11:01:02 - getOutlet.php - Aplikasi ditemukan: Ya
2026-04-28 11:01:02 - getOutlet.php - Key aplikasi: YbcJSFjkds...
2026-04-28 11:01:02 - getOutlet.php - Expected encrypt: 41c7aa6da1665eab307362296dd568d0
2026-04-28 11:01:02 - getOutlet.php - Received encrypt: 41c7aa6da1665eab307362296dd568d0
2026-04-28 11:01:02 - getOutlet.php - Authentication berhasil
2026-04-28 11:01:02 - getOutlet.php - Query: SELECT id_out, nama_out, '' AS alamat_out, ofcode_out
            FROM outlet 
            WHERE status_out IN ('Active', '1', 'active')
            AND (nama_out LIKE :key OR ofcode_out LIKE :key)
            ORDER BY nama_out ASC
            LIMIT 20
2026-04-28 11:01:02 - getOutlet.php - Query berhasil, mengembalikan 20 record
2026-04-28 11:01:02 - getOutlet.php - === END REQUEST ===
2026-04-28 04:01:02 - getOutlet.php - === REQUEST GETOUTLET ===
2026-04-28 04:01:02 - getOutlet.php - Method: POST
2026-04-28 04:01:02 - getOutlet.php - POST data: {"tgl":"2026-04-28","encrypt":"41c7aa6da1665eab307362296dd568d0","id_apl":"APL01","key":"RS"}
2026-04-28 11:01:02 - getOutlet.php - Params - tgl: 2026-04-28, encrypt: 41c7aa6da1665eab307362296dd568d0, id_apl: APL01, key: RS
2026-04-28 11:01:02 - getOutlet.php - Aplikasi ditemukan: Ya
2026-04-28 11:01:02 - getOutlet.php - Key aplikasi: YbcJSFjkds...
2026-04-28 11:01:02 - getOutlet.php - Expected encrypt: 41c7aa6da1665eab307362296dd568d0
2026-04-28 11:01:02 - getOutlet.php - Received encrypt: 41c7aa6da1665eab307362296dd568d0
2026-04-28 11:01:02 - getOutlet.php - Authentication berhasil
2026-04-28 11:01:02 - getOutlet.php - Query: SELECT id_out, nama_out, '' AS alamat_out, ofcode_out
            FROM outlet 
            WHERE status_out IN ('Active', '1', 'active')
            AND (nama_out LIKE :key OR ofcode_out LIKE :key)
            ORDER BY nama_out ASC
            LIMIT 20
2026-04-28 11:01:02 - getOutlet.php - Query berhasil, mengembalikan 20 record
2026-04-28 11:01:02 - getOutlet.php - === END REQUEST ===
2026-04-28 04:01:05 - getOutlet.php - === REQUEST GETOUTLET ===
2026-04-28 04:01:05 - getOutlet.php - Method: POST
2026-04-28 04:01:05 - getOutlet.php - POST data: {"tgl":"2026-04-28","encrypt":"41c7aa6da1665eab307362296dd568d0","id_apl":"APL01","key":"RS e"}
2026-04-28 11:01:05 - getOutlet.php - Params - tgl: 2026-04-28, encrypt: 41c7aa6da1665eab307362296dd568d0, id_apl: APL01, key: RS e
2026-04-28 11:01:05 - getOutlet.php - Aplikasi ditemukan: Ya
2026-04-28 11:01:05 - getOutlet.php - Key aplikasi: YbcJSFjkds...
2026-04-28 11:01:05 - getOutlet.php - Expected encrypt: 41c7aa6da1665eab307362296dd568d0
2026-04-28 11:01:05 - getOutlet.php - Received encrypt: 41c7aa6da1665eab307362296dd568d0
2026-04-28 11:01:05 - getOutlet.php - Authentication berhasil
2026-04-28 11:01:05 - getOutlet.php - Query: SELECT id_out, nama_out, '' AS alamat_out, ofcode_out
            FROM outlet 
            WHERE status_out IN ('Active', '1', 'active')
            AND (nama_out LIKE :key OR ofcode_out LIKE :key)
            ORDER BY nama_out ASC
            LIMIT 20
2026-04-28 11:01:05 - getOutlet.php - Query berhasil, mengembalikan 11 record
2026-04-28 11:01:05 - getOutlet.php - === END REQUEST ===
2026-04-28 04:01:05 - getOutlet.php - === REQUEST GETOUTLET ===
2026-04-28 04:01:05 - getOutlet.php - Method: POST
2026-04-28 04:01:05 - getOutlet.php - POST data: {"tgl":"2026-04-28","encrypt":"41c7aa6da1665eab307362296dd568d0","id_apl":"APL01","key":"RS em"}
2026-04-28 11:01:05 - getOutlet.php - Params - tgl: 2026-04-28, encrypt: 41c7aa6da1665eab307362296dd568d0, id_apl: APL01, key: RS em
2026-04-28 11:01:05 - getOutlet.php - Aplikasi ditemukan: Ya
2026-04-28 11:01:05 - getOutlet.php - Key aplikasi: YbcJSFjkds...
2026-04-28 11:01:05 - getOutlet.php - Expected encrypt: 41c7aa6da1665eab307362296dd568d0
2026-04-28 11:01:05 - getOutlet.php - Received encrypt: 41c7aa6da1665eab307362296dd568d0
2026-04-28 11:01:05 - getOutlet.php - Authentication berhasil
2026-04-28 11:01:05 - getOutlet.php - Query: SELECT id_out, nama_out, '' AS alamat_out, ofcode_out
            FROM outlet 
            WHERE status_out IN ('Active', '1', 'active')
            AND (nama_out LIKE :key OR ofcode_out LIKE :key)
            ORDER BY nama_out ASC
            LIMIT 20
2026-04-28 11:01:05 - getOutlet.php - Query berhasil, mengembalikan 7 record
2026-04-28 11:01:05 - getOutlet.php - === END REQUEST ===
2026-04-28 04:01:06 - getOutlet.php - === REQUEST GETOUTLET ===
2026-04-28 04:01:06 - getOutlet.php - Method: POST
2026-04-28 04:01:06 - getOutlet.php - POST data: {"tgl":"2026-04-28","encrypt":"41c7aa6da1665eab307362296dd568d0","id_apl":"APL01","key":"RS emc"}
2026-04-28 11:01:06 - getOutlet.php - Params - tgl: 2026-04-28, encrypt: 41c7aa6da1665eab307362296dd568d0, id_apl: APL01, key: RS emc
2026-04-28 11:01:06 - getOutlet.php - Aplikasi ditemukan: Ya
2026-04-28 11:01:06 - getOutlet.php - Key aplikasi: YbcJSFjkds...
2026-04-28 11:01:06 - getOutlet.php - Expected encrypt: 41c7aa6da1665eab307362296dd568d0
2026-04-28 11:01:06 - getOutlet.php - Received encrypt: 41c7aa6da1665eab307362296dd568d0
2026-04-28 11:01:06 - getOutlet.php - Authentication berhasil
2026-04-28 11:01:06 - getOutlet.php - Query: SELECT id_out, nama_out, '' AS alamat_out, ofcode_out
            FROM outlet 
            WHERE status_out IN ('Active', '1', 'active')
            AND (nama_out LIKE :key OR ofcode_out LIKE :key)
            ORDER BY nama_out ASC
            LIMIT 20
2026-04-28 11:01:06 - getOutlet.php - Query berhasil, mengembalikan 7 record
2026-04-28 11:01:06 - getOutlet.php - === END REQUEST ===
2026-04-28 04:01:06 - getOutlet.php - === REQUEST GETOUTLET ===
2026-04-28 04:01:06 - getOutlet.php - Method: POST
2026-04-28 04:01:06 - getOutlet.php - POST data: {"tgl":"2026-04-28","encrypt":"41c7aa6da1665eab307362296dd568d0","id_apl":"APL01","key":"RS emc"}
2026-04-28 11:01:06 - getOutlet.php - Params - tgl: 2026-04-28, encrypt: 41c7aa6da1665eab307362296dd568d0, id_apl: APL01, key: RS emc
2026-04-28 11:01:06 - getOutlet.php - Aplikasi ditemukan: Ya
2026-04-28 11:01:06 - getOutlet.php - Key aplikasi: YbcJSFjkds...
2026-04-28 11:01:06 - getOutlet.php - Expected encrypt: 41c7aa6da1665eab307362296dd568d0
2026-04-28 11:01:06 - getOutlet.php - Received encrypt: 41c7aa6da1665eab307362296dd568d0
2026-04-28 11:01:06 - getOutlet.php - Authentication berhasil
2026-04-28 11:01:06 - getOutlet.php - Query: SELECT id_out, nama_out, '' AS alamat_out, ofcode_out
            FROM outlet 
            WHERE status_out IN ('Active', '1', 'active')
            AND (nama_out LIKE :key OR ofcode_out LIKE :key)
            ORDER BY nama_out ASC
            LIMIT 20
2026-04-28 11:01:06 - getOutlet.php - Query berhasil, mengembalikan 7 record
2026-04-28 11:01:06 - getOutlet.php - === END REQUEST ===
2026-04-28 04:01:09 - getOutlet.php - === REQUEST GETOUTLET ===
2026-04-28 04:01:09 - getOutlet.php - Method: POST
2026-04-28 04:01:09 - getOutlet.php - POST data: {"tgl":"2026-04-28","encrypt":"41c7aa6da1665eab307362296dd568d0","id_apl":"APL01","key":"RS emc alam"}
2026-04-28 11:01:09 - getOutlet.php - Params - tgl: 2026-04-28, encrypt: 41c7aa6da1665eab307362296dd568d0, id_apl: APL01, key: RS emc alam
2026-04-28 11:01:09 - getOutlet.php - Aplikasi ditemukan: Ya
2026-04-28 11:01:09 - getOutlet.php - Key aplikasi: YbcJSFjkds...
2026-04-28 11:01:09 - getOutlet.php - Expected encrypt: 41c7aa6da1665eab307362296dd568d0
2026-04-28 11:01:09 - getOutlet.php - Received encrypt: 41c7aa6da1665eab307362296dd568d0
2026-04-28 11:01:09 - getOutlet.php - Authentication berhasil
2026-04-28 11:01:09 - getOutlet.php - Query: SELECT id_out, nama_out, '' AS alamat_out, ofcode_out
            FROM outlet 
            WHERE status_out IN ('Active', '1', 'active')
            AND (nama_out LIKE :key OR ofcode_out LIKE :key)
            ORDER BY nama_out ASC
            LIMIT 20
2026-04-28 11:01:09 - getOutlet.php - Query berhasil, mengembalikan 1 record
2026-04-28 11:01:09 - getOutlet.php - === END REQUEST ===
2026-04-28 04:01:09 - getOutlet.php - === REQUEST GETOUTLET ===
2026-04-28 04:01:09 - getOutlet.php - Method: POST
2026-04-28 04:01:09 - getOutlet.php - POST data: {"tgl":"2026-04-28","encrypt":"41c7aa6da1665eab307362296dd568d0","id_apl":"APL01","key":"RS emc ala"}
2026-04-28 11:01:09 - getOutlet.php - Params - tgl: 2026-04-28, encrypt: 41c7aa6da1665eab307362296dd568d0, id_apl: APL01, key: RS emc ala
2026-04-28 04:01:09 - getOutlet.php - === REQUEST GETOUTLET ===
2026-04-28 04:01:09 - getOutlet.php - Method: POST
2026-04-28 04:01:09 - getOutlet.php - POST data: {"tgl":"2026-04-28","encrypt":"41c7aa6da1665eab307362296dd568d0","id_apl":"APL01","key":"RS emc a"}
2026-04-28 11:01:09 - getOutlet.php - Params - tgl: 2026-04-28, encrypt: 41c7aa6da1665eab307362296dd568d0, id_apl: APL01, key: RS emc a
2026-04-28 11:01:09 - getOutlet.php - Aplikasi ditemukan: Ya
2026-04-28 11:01:09 - getOutlet.php - Key aplikasi: YbcJSFjkds...
2026-04-28 11:01:09 - getOutlet.php - Expected encrypt: 41c7aa6da1665eab307362296dd568d0
2026-04-28 11:01:09 - getOutlet.php - Received encrypt: 41c7aa6da1665eab307362296dd568d0
2026-04-28 11:01:09 - getOutlet.php - Authentication berhasil
2026-04-28 11:01:09 - getOutlet.php - Query: SELECT id_out, nama_out, '' AS alamat_out, ofcode_out
            FROM outlet 
            WHERE status_out IN ('Active', '1', 'active')
            AND (nama_out LIKE :key OR ofcode_out LIKE :key)
            ORDER BY nama_out ASC
            LIMIT 20
2026-04-28 11:01:09 - getOutlet.php - Query berhasil, mengembalikan 1 record
2026-04-28 11:01:09 - getOutlet.php - === END REQUEST ===
2026-04-28 11:01:09 - getOutlet.php - Aplikasi ditemukan: Ya
2026-04-28 11:01:09 - getOutlet.php - Key aplikasi: YbcJSFjkds...
2026-04-28 11:01:09 - getOutlet.php - Expected encrypt: 41c7aa6da1665eab307362296dd568d0
2026-04-28 11:01:09 - getOutlet.php - Received encrypt: 41c7aa6da1665eab307362296dd568d0
2026-04-28 11:01:09 - getOutlet.php - Authentication berhasil
2026-04-28 11:01:09 - getOutlet.php - Query: SELECT id_out, nama_out, '' AS alamat_out, ofcode_out
            FROM outlet 
            WHERE status_out IN ('Active', '1', 'active')
            AND (nama_out LIKE :key OR ofcode_out LIKE :key)
            ORDER BY nama_out ASC
            LIMIT 20
2026-04-28 11:01:09 - getOutlet.php - Query berhasil, mengembalikan 1 record
2026-04-28 11:01:09 - getOutlet.php - === END REQUEST ===
2026-04-28 04:01:09 - getOutlet.php - === REQUEST GETOUTLET ===
2026-04-28 04:01:09 - getOutlet.php - Method: POST
2026-04-28 04:01:09 - getOutlet.php - POST data: {"tgl":"2026-04-28","encrypt":"41c7aa6da1665eab307362296dd568d0","id_apl":"APL01","key":"RS emc al"}
2026-04-28 11:01:09 - getOutlet.php - Params - tgl: 2026-04-28, encrypt: 41c7aa6da1665eab307362296dd568d0, id_apl: APL01, key: RS emc al
2026-04-28 11:01:09 - getOutlet.php - Aplikasi ditemukan: Ya
2026-04-28 11:01:09 - getOutlet.php - Key aplikasi: YbcJSFjkds...
2026-04-28 11:01:09 - getOutlet.php - Expected encrypt: 41c7aa6da1665eab307362296dd568d0
2026-04-28 11:01:09 - getOutlet.php - Received encrypt: 41c7aa6da1665eab307362296dd568d0
2026-04-28 11:01:09 - getOutlet.php - Authentication berhasil
2026-04-28 11:01:09 - getOutlet.php - Query: SELECT id_out, nama_out, '' AS alamat_out, ofcode_out
            FROM outlet 
            WHERE status_out IN ('Active', '1', 'active')
            AND (nama_out LIKE :key OR ofcode_out LIKE :key)
            ORDER BY nama_out ASC
            LIMIT 20
2026-04-28 11:01:09 - getOutlet.php - Query berhasil, mengembalikan 1 record
2026-04-28 11:01:09 - getOutlet.php - === END REQUEST ===
2026-04-28 04:01:10 - getOutlet.php - === REQUEST GETOUTLET ===
2026-04-28 04:01:10 - getOutlet.php - Method: POST
2026-04-28 04:01:10 - getOutlet.php - POST data: {"tgl":"2026-04-28","encrypt":"41c7aa6da1665eab307362296dd568d0","id_apl":"APL01","key":"RS emc alam"}
2026-04-28 11:01:10 - getOutlet.php - Params - tgl: 2026-04-28, encrypt: 41c7aa6da1665eab307362296dd568d0, id_apl: APL01, key: RS emc alam
2026-04-28 11:01:10 - getOutlet.php - Aplikasi ditemukan: Ya
2026-04-28 11:01:10 - getOutlet.php - Key aplikasi: YbcJSFjkds...
2026-04-28 11:01:10 - getOutlet.php - Expected encrypt: 41c7aa6da1665eab307362296dd568d0
2026-04-28 11:01:10 - getOutlet.php - Received encrypt: 41c7aa6da1665eab307362296dd568d0
2026-04-28 11:01:10 - getOutlet.php - Authentication berhasil
2026-04-28 11:01:10 - getOutlet.php - Query: SELECT id_out, nama_out, '' AS alamat_out, ofcode_out
            FROM outlet 
            WHERE status_out IN ('Active', '1', 'active')
            AND (nama_out LIKE :key OR ofcode_out LIKE :key)
            ORDER BY nama_out ASC
            LIMIT 20
2026-04-28 11:01:10 - getOutlet.php - Query berhasil, mengembalikan 1 record
2026-04-28 11:01:10 - getOutlet.php - === END REQUEST ===
2026-04-28 04:01:10 - getOutlet.php - === REQUEST GETOUTLET ===
2026-04-28 04:01:10 - getOutlet.php - Method: POST
2026-04-28 04:01:10 - getOutlet.php - POST data: {"tgl":"2026-04-28","encrypt":"41c7aa6da1665eab307362296dd568d0","id_apl":"APL01","key":"RS emc alam s"}
2026-04-28 11:01:10 - getOutlet.php - Params - tgl: 2026-04-28, encrypt: 41c7aa6da1665eab307362296dd568d0, id_apl: APL01, key: RS emc alam s
2026-04-28 04:01:10 - getOutlet.php - === REQUEST GETOUTLET ===
2026-04-28 04:01:10 - getOutlet.php - Method: POST
2026-04-28 04:01:10 - getOutlet.php - POST data: {"tgl":"2026-04-28","encrypt":"41c7aa6da1665eab307362296dd568d0","id_apl":"APL01","key":"RS emc alam su"}
2026-04-28 11:01:10 - getOutlet.php - Params - tgl: 2026-04-28, encrypt: 41c7aa6da1665eab307362296dd568d0, id_apl: APL01, key: RS emc alam su
2026-04-28 11:01:10 - getOutlet.php - Aplikasi ditemukan: Ya
2026-04-28 11:01:10 - getOutlet.php - Key aplikasi: YbcJSFjkds...
2026-04-28 11:01:10 - getOutlet.php - Expected encrypt: 41c7aa6da1665eab307362296dd568d0
2026-04-28 11:01:10 - getOutlet.php - Received encrypt: 41c7aa6da1665eab307362296dd568d0
2026-04-28 11:01:10 - getOutlet.php - Authentication berhasil
2026-04-28 11:01:10 - getOutlet.php - Query: SELECT id_out, nama_out, '' AS alamat_out, ofcode_out
            FROM outlet 
            WHERE status_out IN ('Active', '1', 'active')
            AND (nama_out LIKE :key OR ofcode_out LIKE :key)
            ORDER BY nama_out ASC
            LIMIT 20
2026-04-28 11:01:10 - getOutlet.php - Query berhasil, mengembalikan 1 record
2026-04-28 11:01:10 - getOutlet.php - === END REQUEST ===
2026-04-28 11:01:10 - getOutlet.php - Aplikasi ditemukan: Ya
2026-04-28 11:01:10 - getOutlet.php - Key aplikasi: YbcJSFjkds...
2026-04-28 11:01:10 - getOutlet.php - Expected encrypt: 41c7aa6da1665eab307362296dd568d0
2026-04-28 11:01:10 - getOutlet.php - Received encrypt: 41c7aa6da1665eab307362296dd568d0
2026-04-28 11:01:10 - getOutlet.php - Authentication berhasil
2026-04-28 11:01:10 - getOutlet.php - Query: SELECT id_out, nama_out, '' AS alamat_out, ofcode_out
            FROM outlet 
            WHERE status_out IN ('Active', '1', 'active')
            AND (nama_out LIKE :key OR ofcode_out LIKE :key)
            ORDER BY nama_out ASC
            LIMIT 20
2026-04-28 11:01:10 - getOutlet.php - Query berhasil, mengembalikan 1 record
2026-04-28 11:01:10 - getOutlet.php - === END REQUEST ===
2026-04-28 04:01:10 - getOutlet.php - === REQUEST GETOUTLET ===
2026-04-28 04:01:10 - getOutlet.php - Method: POST
2026-04-28 04:01:10 - getOutlet.php - POST data: {"tgl":"2026-04-28","encrypt":"41c7aa6da1665eab307362296dd568d0","id_apl":"APL01","key":"RS emc alam sut"}
2026-04-28 11:01:10 - getOutlet.php - Params - tgl: 2026-04-28, encrypt: 41c7aa6da1665eab307362296dd568d0, id_apl: APL01, key: RS emc alam sut
2026-04-28 11:01:10 - getOutlet.php - Aplikasi ditemukan: Ya
2026-04-28 11:01:10 - getOutlet.php - Key aplikasi: YbcJSFjkds...
2026-04-28 11:01:10 - getOutlet.php - Expected encrypt: 41c7aa6da1665eab307362296dd568d0
2026-04-28 11:01:10 - getOutlet.php - Received encrypt: 41c7aa6da1665eab307362296dd568d0
2026-04-28 11:01:10 - getOutlet.php - Authentication berhasil
2026-04-28 11:01:10 - getOutlet.php - Query: SELECT id_out, nama_out, '' AS alamat_out, ofcode_out
            FROM outlet 
            WHERE status_out IN ('Active', '1', 'active')
            AND (nama_out LIKE :key OR ofcode_out LIKE :key)
            ORDER BY nama_out ASC
            LIMIT 20
2026-04-28 11:01:10 - getOutlet.php - Query berhasil, mengembalikan 1 record
2026-04-28 11:01:10 - getOutlet.php - === END REQUEST ===
2026-04-28 04:01:10 - getOutlet.php - === REQUEST GETOUTLET ===
2026-04-28 04:01:10 - getOutlet.php - Method: POST
2026-04-28 04:01:10 - getOutlet.php - POST data: {"tgl":"2026-04-28","encrypt":"41c7aa6da1665eab307362296dd568d0","id_apl":"APL01","key":"RS emc alam sutr"}
2026-04-28 11:01:10 - getOutlet.php - Params - tgl: 2026-04-28, encrypt: 41c7aa6da1665eab307362296dd568d0, id_apl: APL01, key: RS emc alam sutr
2026-04-28 11:01:10 - getOutlet.php - Aplikasi ditemukan: Ya
2026-04-28 11:01:10 - getOutlet.php - Key aplikasi: YbcJSFjkds...
2026-04-28 11:01:10 - getOutlet.php - Expected encrypt: 41c7aa6da1665eab307362296dd568d0
2026-04-28 11:01:10 - getOutlet.php - Received encrypt: 41c7aa6da1665eab307362296dd568d0
2026-04-28 11:01:10 - getOutlet.php - Authentication berhasil
2026-04-28 11:01:10 - getOutlet.php - Query: SELECT id_out, nama_out, '' AS alamat_out, ofcode_out
            FROM outlet 
            WHERE status_out IN ('Active', '1', 'active')
            AND (nama_out LIKE :key OR ofcode_out LIKE :key)
            ORDER BY nama_out ASC
            LIMIT 20
2026-04-28 11:01:10 - getOutlet.php - Query berhasil, mengembalikan 0 record
2026-04-28 11:01:10 - getOutlet.php - === END REQUEST ===
2026-04-28 04:01:12 - getOutlet.php - === REQUEST GETOUTLET ===
2026-04-28 04:01:12 - getOutlet.php - Method: POST
2026-04-28 04:01:12 - getOutlet.php - POST data: {"tgl":"2026-04-28","encrypt":"41c7aa6da1665eab307362296dd568d0","id_apl":"APL01","key":"RS emc alam sut"}
2026-04-28 11:01:12 - getOutlet.php - Params - tgl: 2026-04-28, encrypt: 41c7aa6da1665eab307362296dd568d0, id_apl: APL01, key: RS emc alam sut
2026-04-28 11:01:12 - getOutlet.php - Aplikasi ditemukan: Ya
2026-04-28 11:01:12 - getOutlet.php - Key aplikasi: YbcJSFjkds...
2026-04-28 11:01:12 - getOutlet.php - Expected encrypt: 41c7aa6da1665eab307362296dd568d0
2026-04-28 11:01:12 - getOutlet.php - Received encrypt: 41c7aa6da1665eab307362296dd568d0
2026-04-28 11:01:12 - getOutlet.php - Authentication berhasil
2026-04-28 11:01:12 - getOutlet.php - Query: SELECT id_out, nama_out, '' AS alamat_out, ofcode_out
            FROM outlet 
            WHERE status_out IN ('Active', '1', 'active')
            AND (nama_out LIKE :key OR ofcode_out LIKE :key)
            ORDER BY nama_out ASC
            LIMIT 20
2026-04-28 11:01:12 - getOutlet.php - Query berhasil, mengembalikan 1 record
2026-04-28 11:01:12 - getOutlet.php - === END REQUEST ===
2026-04-28 04:01:12 - getOutlet.php - === REQUEST GETOUTLET ===
2026-04-28 04:01:12 - getOutlet.php - Method: POST
2026-04-28 04:01:12 - getOutlet.php - POST data: {"tgl":"2026-04-28","encrypt":"41c7aa6da1665eab307362296dd568d0","id_apl":"APL01","key":"RS emc alam sutera"}
2026-04-28 11:01:12 - getOutlet.php - Params - tgl: 2026-04-28, encrypt: 41c7aa6da1665eab307362296dd568d0, id_apl: APL01, key: RS emc alam sutera
2026-04-28 11:01:12 - getOutlet.php - Aplikasi ditemukan: Ya
2026-04-28 11:01:12 - getOutlet.php - Key aplikasi: YbcJSFjkds...
2026-04-28 11:01:12 - getOutlet.php - Expected encrypt: 41c7aa6da1665eab307362296dd568d0
2026-04-28 11:01:12 - getOutlet.php - Received encrypt: 41c7aa6da1665eab307362296dd568d0
2026-04-28 11:01:12 - getOutlet.php - Authentication berhasil
2026-04-28 11:01:12 - getOutlet.php - Query: SELECT id_out, nama_out, '' AS alamat_out, ofcode_out
            FROM outlet 
            WHERE status_out IN ('Active', '1', 'active')
            AND (nama_out LIKE :key OR ofcode_out LIKE :key)
            ORDER BY nama_out ASC
            LIMIT 20
2026-04-28 11:01:12 - getOutlet.php - Query berhasil, mengembalikan 1 record
2026-04-28 11:01:12 - getOutlet.php - === END REQUEST ===
2026-04-28 04:01:13 - getOutlet.php - === REQUEST GETOUTLET ===
2026-04-28 04:01:13 - getOutlet.php - Method: POST
2026-04-28 04:01:13 - getOutlet.php - POST data: {"tgl":"2026-04-28","encrypt":"41c7aa6da1665eab307362296dd568d0","id_apl":"APL01","key":"RS EMC ALAM SUTERA"}
2026-04-28 11:01:13 - getOutlet.php - Params - tgl: 2026-04-28, encrypt: 41c7aa6da1665eab307362296dd568d0, id_apl: APL01, key: RS EMC ALAM SUTERA
2026-04-28 11:01:13 - getOutlet.php - Aplikasi ditemukan: Ya
2026-04-28 11:01:13 - getOutlet.php - Key aplikasi: YbcJSFjkds...
2026-04-28 11:01:13 - getOutlet.php - Expected encrypt: 41c7aa6da1665eab307362296dd568d0
2026-04-28 11:01:13 - getOutlet.php - Received encrypt: 41c7aa6da1665eab307362296dd568d0
2026-04-28 11:01:13 - getOutlet.php - Authentication berhasil
2026-04-28 11:01:13 - getOutlet.php - Query: SELECT id_out, nama_out, '' AS alamat_out, ofcode_out
            FROM outlet 
            WHERE status_out IN ('Active', '1', 'active')
            AND (nama_out LIKE :key OR ofcode_out LIKE :key)
            ORDER BY nama_out ASC
            LIMIT 20
2026-04-28 11:01:13 - getOutlet.php - Query berhasil, mengembalikan 1 record
2026-04-28 11:01:13 - getOutlet.php - === END REQUEST ===
2026-04-28 04:01:32 - getOutlet.php - === REQUEST GETOUTLET ===
2026-04-28 04:01:32 - getOutlet.php - Method: POST
2026-04-28 04:01:32 - getOutlet.php - POST data: {"tgl":"2026-04-28","encrypt":"41c7aa6da1665eab307362296dd568d0","id_apl":"APL01","key":"Rs"}
2026-04-28 11:01:32 - getOutlet.php - Params - tgl: 2026-04-28, encrypt: 41c7aa6da1665eab307362296dd568d0, id_apl: APL01, key: Rs
2026-04-28 11:01:32 - getOutlet.php - Aplikasi ditemukan: Ya
2026-04-28 11:01:32 - getOutlet.php - Key aplikasi: YbcJSFjkds...
2026-04-28 11:01:32 - getOutlet.php - Expected encrypt: 41c7aa6da1665eab307362296dd568d0
2026-04-28 11:01:32 - getOutlet.php - Received encrypt: 41c7aa6da1665eab307362296dd568d0
2026-04-28 11:01:32 - getOutlet.php - Authentication berhasil
2026-04-28 11:01:32 - getOutlet.php - Query: SELECT id_out, nama_out, '' AS alamat_out, ofcode_out
            FROM outlet 
            WHERE status_out IN ('Active', '1', 'active')
            AND (nama_out LIKE :key OR ofcode_out LIKE :key)
            ORDER BY nama_out ASC
            LIMIT 20
2026-04-28 11:01:32 - getOutlet.php - Query berhasil, mengembalikan 20 record
2026-04-28 11:01:32 - getOutlet.php - === END REQUEST ===
2026-04-28 04:01:33 - getOutlet.php - === REQUEST GETOUTLET ===
2026-04-28 04:01:33 - getOutlet.php - Method: POST
2026-04-28 04:01:33 - getOutlet.php - POST data: {"tgl":"2026-04-28","encrypt":"41c7aa6da1665eab307362296dd568d0","id_apl":"APL01","key":"RS"}
2026-04-28 11:01:33 - getOutlet.php - Params - tgl: 2026-04-28, encrypt: 41c7aa6da1665eab307362296dd568d0, id_apl: APL01, key: RS
2026-04-28 11:01:33 - getOutlet.php - Aplikasi ditemukan: Ya
2026-04-28 11:01:33 - getOutlet.php - Key aplikasi: YbcJSFjkds...
2026-04-28 11:01:33 - getOutlet.php - Expected encrypt: 41c7aa6da1665eab307362296dd568d0
2026-04-28 11:01:33 - getOutlet.php - Received encrypt: 41c7aa6da1665eab307362296dd568d0
2026-04-28 11:01:33 - getOutlet.php - Authentication berhasil
2026-04-28 11:01:33 - getOutlet.php - Query: SELECT id_out, nama_out, '' AS alamat_out, ofcode_out
            FROM outlet 
            WHERE status_out IN ('Active', '1', 'active')
            AND (nama_out LIKE :key OR ofcode_out LIKE :key)
            ORDER BY nama_out ASC
            LIMIT 20
2026-04-28 11:01:33 - getOutlet.php - Query berhasil, mengembalikan 20 record
2026-04-28 11:01:33 - getOutlet.php - === END REQUEST ===
2026-04-28 04:01:34 - getOutlet.php - === REQUEST GETOUTLET ===
2026-04-28 04:01:34 - getOutlet.php - Method: POST
2026-04-28 04:01:34 - getOutlet.php - POST data: {"tgl":"2026-04-28","encrypt":"41c7aa6da1665eab307362296dd568d0","id_apl":"APL01","key":"RS e"}
2026-04-28 11:01:34 - getOutlet.php - Params - tgl: 2026-04-28, encrypt: 41c7aa6da1665eab307362296dd568d0, id_apl: APL01, key: RS e
2026-04-28 11:01:34 - getOutlet.php - Aplikasi ditemukan: Ya
2026-04-28 11:01:34 - getOutlet.php - Key aplikasi: YbcJSFjkds...
2026-04-28 11:01:34 - getOutlet.php - Expected encrypt: 41c7aa6da1665eab307362296dd568d0
2026-04-28 11:01:34 - getOutlet.php - Received encrypt: 41c7aa6da1665eab307362296dd568d0
2026-04-28 11:01:34 - getOutlet.php - Authentication berhasil
2026-04-28 11:01:34 - getOutlet.php - Query: SELECT id_out, nama_out, '' AS alamat_out, ofcode_out
            FROM outlet 
            WHERE status_out IN ('Active', '1', 'active')
            AND (nama_out LIKE :key OR ofcode_out LIKE :key)
            ORDER BY nama_out ASC
            LIMIT 20
2026-04-28 11:01:34 - getOutlet.php - Query berhasil, mengembalikan 11 record
2026-04-28 11:01:34 - getOutlet.php - === END REQUEST ===
2026-04-28 04:01:34 - getOutlet.php - === REQUEST GETOUTLET ===
2026-04-28 04:01:34 - getOutlet.php - Method: POST
2026-04-28 04:01:34 - getOutlet.php - POST data: {"tgl":"2026-04-28","encrypt":"41c7aa6da1665eab307362296dd568d0","id_apl":"APL01","key":"RS ek"}
2026-04-28 11:01:34 - getOutlet.php - Params - tgl: 2026-04-28, encrypt: 41c7aa6da1665eab307362296dd568d0, id_apl: APL01, key: RS ek
2026-04-28 11:01:34 - getOutlet.php - Aplikasi ditemukan: Ya
2026-04-28 11:01:34 - getOutlet.php - Key aplikasi: YbcJSFjkds...
2026-04-28 11:01:34 - getOutlet.php - Expected encrypt: 41c7aa6da1665eab307362296dd568d0
2026-04-28 11:01:34 - getOutlet.php - Received encrypt: 41c7aa6da1665eab307362296dd568d0
2026-04-28 11:01:34 - getOutlet.php - Authentication berhasil
2026-04-28 11:01:34 - getOutlet.php - Query: SELECT id_out, nama_out, '' AS alamat_out, ofcode_out
            FROM outlet 
            WHERE status_out IN ('Active', '1', 'active')
            AND (nama_out LIKE :key OR ofcode_out LIKE :key)
            ORDER BY nama_out ASC
            LIMIT 20
2026-04-28 11:01:34 - getOutlet.php - Query berhasil, mengembalikan 4 record
2026-04-28 11:01:34 - getOutlet.php - === END REQUEST ===
2026-04-28 04:01:34 - getOutlet.php - === REQUEST GETOUTLET ===
2026-04-28 04:01:34 - getOutlet.php - Method: POST
2026-04-28 04:01:34 - getOutlet.php - POST data: {"tgl":"2026-04-28","encrypt":"41c7aa6da1665eab307362296dd568d0","id_apl":"APL01","key":"RS eka"}
2026-04-28 11:01:34 - getOutlet.php - Params - tgl: 2026-04-28, encrypt: 41c7aa6da1665eab307362296dd568d0, id_apl: APL01, key: RS eka
2026-04-28 11:01:34 - getOutlet.php - Aplikasi ditemukan: Ya
2026-04-28 11:01:34 - getOutlet.php - Key aplikasi: YbcJSFjkds...
2026-04-28 11:01:34 - getOutlet.php - Expected encrypt: 41c7aa6da1665eab307362296dd568d0
2026-04-28 11:01:34 - getOutlet.php - Received encrypt: 41c7aa6da1665eab307362296dd568d0
2026-04-28 11:01:34 - getOutlet.php - Authentication berhasil
2026-04-28 11:01:34 - getOutlet.php - Query: SELECT id_out, nama_out, '' AS alamat_out, ofcode_out
            FROM outlet 
            WHERE status_out IN ('Active', '1', 'active')
            AND (nama_out LIKE :key OR ofcode_out LIKE :key)
            ORDER BY nama_out ASC
            LIMIT 20
2026-04-28 11:01:34 - getOutlet.php - Query berhasil, mengembalikan 4 record
2026-04-28 11:01:34 - getOutlet.php - === END REQUEST ===
2026-04-28 04:01:35 - getOutlet.php - === REQUEST GETOUTLET ===
2026-04-28 04:01:35 - getOutlet.php - Method: POST
2026-04-28 04:01:35 - getOutlet.php - POST data: {"tgl":"2026-04-28","encrypt":"41c7aa6da1665eab307362296dd568d0","id_apl":"APL01","key":"RS eka"}
2026-04-28 11:01:35 - getOutlet.php - Params - tgl: 2026-04-28, encrypt: 41c7aa6da1665eab307362296dd568d0, id_apl: APL01, key: RS eka
2026-04-28 11:01:35 - getOutlet.php - Aplikasi ditemukan: Ya
2026-04-28 11:01:35 - getOutlet.php - Key aplikasi: YbcJSFjkds...
2026-04-28 11:01:35 - getOutlet.php - Expected encrypt: 41c7aa6da1665eab307362296dd568d0
2026-04-28 11:01:35 - getOutlet.php - Received encrypt: 41c7aa6da1665eab307362296dd568d0
2026-04-28 11:01:35 - getOutlet.php - Authentication berhasil
2026-04-28 11:01:35 - getOutlet.php - Query: SELECT id_out, nama_out, '' AS alamat_out, ofcode_out
            FROM outlet 
            WHERE status_out IN ('Active', '1', 'active')
            AND (nama_out LIKE :key OR ofcode_out LIKE :key)
            ORDER BY nama_out ASC
            LIMIT 20
2026-04-28 11:01:35 - getOutlet.php - Query berhasil, mengembalikan 4 record
2026-04-28 11:01:35 - getOutlet.php - === END REQUEST ===
2026-04-28 04:01:35 - getOutlet.php - === REQUEST GETOUTLET ===
2026-04-28 04:01:35 - getOutlet.php - Method: POST
2026-04-28 04:01:35 - getOutlet.php - POST data: {"tgl":"2026-04-28","encrypt":"41c7aa6da1665eab307362296dd568d0","id_apl":"APL01","key":"RS eka b"}
2026-04-28 11:01:35 - getOutlet.php - Params - tgl: 2026-04-28, encrypt: 41c7aa6da1665eab307362296dd568d0, id_apl: APL01, key: RS eka b
2026-04-28 11:01:35 - getOutlet.php - Aplikasi ditemukan: Ya
2026-04-28 11:01:35 - getOutlet.php - Key aplikasi: YbcJSFjkds...
2026-04-28 11:01:35 - getOutlet.php - Expected encrypt: 41c7aa6da1665eab307362296dd568d0
2026-04-28 11:01:35 - getOutlet.php - Received encrypt: 41c7aa6da1665eab307362296dd568d0
2026-04-28 11:01:35 - getOutlet.php - Authentication berhasil
2026-04-28 11:01:35 - getOutlet.php - Query: SELECT id_out, nama_out, '' AS alamat_out, ofcode_out
            FROM outlet 
            WHERE status_out IN ('Active', '1', 'active')
            AND (nama_out LIKE :key OR ofcode_out LIKE :key)
            ORDER BY nama_out ASC
            LIMIT 20
2026-04-28 11:01:35 - getOutlet.php - Query berhasil, mengembalikan 0 record
2026-04-28 11:01:35 - getOutlet.php - === END REQUEST ===
2026-04-28 04:01:36 - getOutlet.php - === REQUEST GETOUTLET ===
2026-04-28 04:01:36 - getOutlet.php - Method: POST
2026-04-28 04:01:36 - getOutlet.php - POST data: {"tgl":"2026-04-28","encrypt":"41c7aa6da1665eab307362296dd568d0","id_apl":"APL01","key":"RS eka bs"}
2026-04-28 11:01:36 - getOutlet.php - Params - tgl: 2026-04-28, encrypt: 41c7aa6da1665eab307362296dd568d0, id_apl: APL01, key: RS eka bs
2026-04-28 11:01:36 - getOutlet.php - Aplikasi ditemukan: Ya
2026-04-28 11:01:36 - getOutlet.php - Key aplikasi: YbcJSFjkds...
2026-04-28 11:01:36 - getOutlet.php - Expected encrypt: 41c7aa6da1665eab307362296dd568d0
2026-04-28 11:01:36 - getOutlet.php - Received encrypt: 41c7aa6da1665eab307362296dd568d0
2026-04-28 11:01:36 - getOutlet.php - Authentication berhasil
2026-04-28 11:01:36 - getOutlet.php - Query: SELECT id_out, nama_out, '' AS alamat_out, ofcode_out
            FROM outlet 
            WHERE status_out IN ('Active', '1', 'active')
            AND (nama_out LIKE :key OR ofcode_out LIKE :key)
            ORDER BY nama_out ASC
            LIMIT 20
2026-04-28 11:01:36 - getOutlet.php - Query berhasil, mengembalikan 0 record
2026-04-28 11:01:36 - getOutlet.php - === END REQUEST ===
2026-04-28 04:01:36 - getOutlet.php - === REQUEST GETOUTLET ===
2026-04-28 04:01:36 - getOutlet.php - Method: POST
2026-04-28 04:01:36 - getOutlet.php - POST data: {"tgl":"2026-04-28","encrypt":"41c7aa6da1665eab307362296dd568d0","id_apl":"APL01","key":"RS eka bsd"}
2026-04-28 11:01:36 - getOutlet.php - Params - tgl: 2026-04-28, encrypt: 41c7aa6da1665eab307362296dd568d0, id_apl: APL01, key: RS eka bsd
2026-04-28 11:01:36 - getOutlet.php - Aplikasi ditemukan: Ya
2026-04-28 11:01:36 - getOutlet.php - Key aplikasi: YbcJSFjkds...
2026-04-28 11:01:36 - getOutlet.php - Expected encrypt: 41c7aa6da1665eab307362296dd568d0
2026-04-28 11:01:36 - getOutlet.php - Received encrypt: 41c7aa6da1665eab307362296dd568d0
2026-04-28 11:01:36 - getOutlet.php - Authentication berhasil
2026-04-28 11:01:36 - getOutlet.php - Query: SELECT id_out, nama_out, '' AS alamat_out, ofcode_out
            FROM outlet 
            WHERE status_out IN ('Active', '1', 'active')
            AND (nama_out LIKE :key OR ofcode_out LIKE :key)
            ORDER BY nama_out ASC
            LIMIT 20
2026-04-28 11:01:36 - getOutlet.php - Query berhasil, mengembalikan 0 record
2026-04-28 11:01:36 - getOutlet.php - === END REQUEST ===
2026-04-28 04:02:09 - getOutlet.php - === REQUEST GETOUTLET ===
2026-04-28 04:02:09 - getOutlet.php - Method: POST
2026-04-28 04:02:09 - getOutlet.php - POST data: {"tgl":"2026-04-28","encrypt":"41c7aa6da1665eab307362296dd568d0","id_apl":"APL01","key":"RS eka"}
2026-04-28 11:02:09 - getOutlet.php - Params - tgl: 2026-04-28, encrypt: 41c7aa6da1665eab307362296dd568d0, id_apl: APL01, key: RS eka
2026-04-28 11:02:09 - getOutlet.php - Aplikasi ditemukan: Ya
2026-04-28 11:02:09 - getOutlet.php - Key aplikasi: YbcJSFjkds...
2026-04-28 11:02:09 - getOutlet.php - Expected encrypt: 41c7aa6da1665eab307362296dd568d0
2026-04-28 11:02:09 - getOutlet.php - Received encrypt: 41c7aa6da1665eab307362296dd568d0
2026-04-28 11:02:09 - getOutlet.php - Authentication berhasil
2026-04-28 11:02:09 - getOutlet.php - Query: SELECT id_out, nama_out, '' AS alamat_out, ofcode_out
            FROM outlet 
            WHERE status_out IN ('Active', '1', 'active')
            AND (nama_out LIKE :key OR ofcode_out LIKE :key)
            ORDER BY nama_out ASC
            LIMIT 20
2026-04-28 04:02:09 - getOutlet.php - === REQUEST GETOUTLET ===
2026-04-28 04:02:09 - getOutlet.php - Method: POST
2026-04-28 04:02:09 - getOutlet.php - POST data: {"tgl":"2026-04-28","encrypt":"41c7aa6da1665eab307362296dd568d0","id_apl":"APL01","key":"RS eka bs"}
2026-04-28 11:02:09 - getOutlet.php - Params - tgl: 2026-04-28, encrypt: 41c7aa6da1665eab307362296dd568d0, id_apl: APL01, key: RS eka bs
2026-04-28 11:02:09 - getOutlet.php - Query berhasil, mengembalikan 4 record
2026-04-28 11:02:09 - getOutlet.php - === END REQUEST ===
2026-04-28 11:02:09 - getOutlet.php - Aplikasi ditemukan: Ya
2026-04-28 11:02:09 - getOutlet.php - Key aplikasi: YbcJSFjkds...
2026-04-28 11:02:09 - getOutlet.php - Expected encrypt: 41c7aa6da1665eab307362296dd568d0
2026-04-28 11:02:09 - getOutlet.php - Received encrypt: 41c7aa6da1665eab307362296dd568d0
2026-04-28 11:02:09 - getOutlet.php - Authentication berhasil
2026-04-28 04:02:09 - getOutlet.php - === REQUEST GETOUTLET ===
2026-04-28 04:02:09 - getOutlet.php - Method: POST
2026-04-28 04:02:09 - getOutlet.php - POST data: {"tgl":"2026-04-28","encrypt":"41c7aa6da1665eab307362296dd568d0","id_apl":"APL01","key":"RS eka b"}
2026-04-28 11:02:09 - getOutlet.php - Params - tgl: 2026-04-28, encrypt: 41c7aa6da1665eab307362296dd568d0, id_apl: APL01, key: RS eka b
2026-04-28 04:02:09 - getOutlet.php - === REQUEST GETOUTLET ===
2026-04-28 04:02:09 - getOutlet.php - Method: POST
2026-04-28 04:02:09 - getOutlet.php - POST data: {"tgl":"2026-04-28","encrypt":"41c7aa6da1665eab307362296dd568d0","id_apl":"APL01","key":"RS"}
2026-04-28 11:02:09 - getOutlet.php - Params - tgl: 2026-04-28, encrypt: 41c7aa6da1665eab307362296dd568d0, id_apl: APL01, key: RS
2026-04-28 11:02:09 - getOutlet.php - Query: SELECT id_out, nama_out, '' AS alamat_out, ofcode_out
            FROM outlet 
            WHERE status_out IN ('Active', '1', 'active')
            AND (nama_out LIKE :key OR ofcode_out LIKE :key)
            ORDER BY nama_out ASC
            LIMIT 20
2026-04-28 11:02:09 - getOutlet.php - Aplikasi ditemukan: Ya
2026-04-28 11:02:09 - getOutlet.php - Key aplikasi: YbcJSFjkds...
2026-04-28 11:02:09 - getOutlet.php - Expected encrypt: 41c7aa6da1665eab307362296dd568d0
2026-04-28 11:02:09 - getOutlet.php - Received encrypt: 41c7aa6da1665eab307362296dd568d0
2026-04-28 11:02:09 - getOutlet.php - Authentication berhasil
2026-04-28 11:02:09 - getOutlet.php - Aplikasi ditemukan: Ya
2026-04-28 11:02:09 - getOutlet.php - Key aplikasi: YbcJSFjkds...
2026-04-28 11:02:09 - getOutlet.php - Expected encrypt: 41c7aa6da1665eab307362296dd568d0
2026-04-28 11:02:09 - getOutlet.php - Received encrypt: 41c7aa6da1665eab307362296dd568d0
2026-04-28 11:02:09 - getOutlet.php - Authentication berhasil
2026-04-28 11:02:09 - getOutlet.php - Query: SELECT id_out, nama_out, '' AS alamat_out, ofcode_out
            FROM outlet 
            WHERE status_out IN ('Active', '1', 'active')
            AND (nama_out LIKE :key OR ofcode_out LIKE :key)
            ORDER BY nama_out ASC
            LIMIT 20
2026-04-28 11:02:09 - getOutlet.php - Query berhasil, mengembalikan 0 record
2026-04-28 11:02:09 - getOutlet.php - Query: SELECT id_out, nama_out, '' AS alamat_out, ofcode_out
            FROM outlet 
            WHERE status_out IN ('Active', '1', 'active')
            AND (nama_out LIKE :key OR ofcode_out LIKE :key)
            ORDER BY nama_out ASC
            LIMIT 20
2026-04-28 11:02:09 - getOutlet.php - === END REQUEST ===
2026-04-28 11:02:09 - getOutlet.php - Query berhasil, mengembalikan 20 record
2026-04-28 11:02:09 - getOutlet.php - === END REQUEST ===
2026-04-28 11:02:09 - getOutlet.php - Query berhasil, mengembalikan 0 record
2026-04-28 11:02:09 - getOutlet.php - === END REQUEST ===
2026-04-28 04:02:09 - getOutlet.php - === REQUEST GETOUTLET ===
2026-04-28 04:02:09 - getOutlet.php - Method: POST
2026-04-28 04:02:09 - getOutlet.php - POST data: {"tgl":"2026-04-28","encrypt":"41c7aa6da1665eab307362296dd568d0","id_apl":"APL01","key":"RS eka"}
2026-04-28 11:02:09 - getOutlet.php - Params - tgl: 2026-04-28, encrypt: 41c7aa6da1665eab307362296dd568d0, id_apl: APL01, key: RS eka
2026-04-28 04:02:09 - getOutlet.php - === REQUEST GETOUTLET ===
2026-04-28 04:02:09 - getOutlet.php - Method: POST
2026-04-28 04:02:09 - getOutlet.php - POST data: {"tgl":"2026-04-28","encrypt":"41c7aa6da1665eab307362296dd568d0","id_apl":"APL01","key":"RS ek"}
2026-04-28 11:02:09 - getOutlet.php - Params - tgl: 2026-04-28, encrypt: 41c7aa6da1665eab307362296dd568d0, id_apl: APL01, key: RS ek
2026-04-28 04:02:09 - getOutlet.php - === REQUEST GETOUTLET ===
2026-04-28 04:02:09 - getOutlet.php - Method: POST
2026-04-28 04:02:09 - getOutlet.php - POST data: {"tgl":"2026-04-28","encrypt":"41c7aa6da1665eab307362296dd568d0","id_apl":"APL01","key":"RS e"}
2026-04-28 11:02:09 - getOutlet.php - Params - tgl: 2026-04-28, encrypt: 41c7aa6da1665eab307362296dd568d0, id_apl: APL01, key: RS e
2026-04-28 04:02:09 - getOutlet.php - === REQUEST GETOUTLET ===
2026-04-28 04:02:09 - getOutlet.php - Method: POST
2026-04-28 04:02:09 - getOutlet.php - POST data: {"tgl":"2026-04-28","encrypt":"41c7aa6da1665eab307362296dd568d0","id_apl":"APL01","key":"RS"}
2026-04-28 11:02:09 - getOutlet.php - Params - tgl: 2026-04-28, encrypt: 41c7aa6da1665eab307362296dd568d0, id_apl: APL01, key: RS
2026-04-28 11:02:09 - getOutlet.php - Aplikasi ditemukan: Ya
2026-04-28 11:02:09 - getOutlet.php - Key aplikasi: YbcJSFjkds...
2026-04-28 11:02:09 - getOutlet.php - Expected encrypt: 41c7aa6da1665eab307362296dd568d0
2026-04-28 11:02:09 - getOutlet.php - Received encrypt: 41c7aa6da1665eab307362296dd568d0
2026-04-28 11:02:09 - getOutlet.php - Authentication berhasil
2026-04-28 11:02:09 - getOutlet.php - Query: SELECT id_out, nama_out, '' AS alamat_out, ofcode_out
            FROM outlet 
            WHERE status_out IN ('Active', '1', 'active')
            AND (nama_out LIKE :key OR ofcode_out LIKE :key)
            ORDER BY nama_out ASC
            LIMIT 20
2026-04-28 11:02:09 - getOutlet.php - Query berhasil, mengembalikan 4 record
2026-04-28 11:02:09 - getOutlet.php - === END REQUEST ===
2026-04-28 11:02:09 - getOutlet.php - Aplikasi ditemukan: Ya
2026-04-28 11:02:09 - getOutlet.php - Key aplikasi: YbcJSFjkds...
2026-04-28 11:02:09 - getOutlet.php - Expected encrypt: 41c7aa6da1665eab307362296dd568d0
2026-04-28 11:02:09 - getOutlet.php - Received encrypt: 41c7aa6da1665eab307362296dd568d0
2026-04-28 11:02:09 - getOutlet.php - Authentication berhasil
2026-04-28 11:02:09 - getOutlet.php - Query: SELECT id_out, nama_out, '' AS alamat_out, ofcode_out
            FROM outlet 
            WHERE status_out IN ('Active', '1', 'active')
            AND (nama_out LIKE :key OR ofcode_out LIKE :key)
            ORDER BY nama_out ASC
            LIMIT 20
2026-04-28 11:02:09 - getOutlet.php - Aplikasi ditemukan: Ya
2026-04-28 11:02:09 - getOutlet.php - Key aplikasi: YbcJSFjkds...
2026-04-28 11:02:09 - getOutlet.php - Expected encrypt: 41c7aa6da1665eab307362296dd568d0
2026-04-28 11:02:09 - getOutlet.php - Received encrypt: 41c7aa6da1665eab307362296dd568d0
2026-04-28 11:02:09 - getOutlet.php - Authentication berhasil
2026-04-28 11:02:09 - getOutlet.php - Query: SELECT id_out, nama_out, '' AS alamat_out, ofcode_out
            FROM outlet 
            WHERE status_out IN ('Active', '1', 'active')
            AND (nama_out LIKE :key OR ofcode_out LIKE :key)
            ORDER BY nama_out ASC
            LIMIT 20
2026-04-28 11:02:09 - getOutlet.php - Query berhasil, mengembalikan 11 record
2026-04-28 11:02:09 - getOutlet.php - === END REQUEST ===
2026-04-28 11:02:09 - getOutlet.php - Query berhasil, mengembalikan 4 record
2026-04-28 11:02:09 - getOutlet.php - === END REQUEST ===
2026-04-28 11:02:09 - getOutlet.php - Aplikasi ditemukan: Ya
2026-04-28 11:02:09 - getOutlet.php - Key aplikasi: YbcJSFjkds...
2026-04-28 11:02:09 - getOutlet.php - Expected encrypt: 41c7aa6da1665eab307362296dd568d0
2026-04-28 11:02:09 - getOutlet.php - Received encrypt: 41c7aa6da1665eab307362296dd568d0
2026-04-28 11:02:09 - getOutlet.php - Authentication berhasil
2026-04-28 11:02:09 - getOutlet.php - Query: SELECT id_out, nama_out, '' AS alamat_out, ofcode_out
            FROM outlet 
            WHERE status_out IN ('Active', '1', 'active')
            AND (nama_out LIKE :key OR ofcode_out LIKE :key)
            ORDER BY nama_out ASC
            LIMIT 20
2026-04-28 11:02:09 - getOutlet.php - Query berhasil, mengembalikan 20 record
2026-04-28 11:02:09 - getOutlet.php - === END REQUEST ===
2026-04-28 04:02:11 - getOutlet.php - === REQUEST GETOUTLET ===
2026-04-28 04:02:11 - getOutlet.php - Method: POST
2026-04-28 04:02:11 - getOutlet.php - POST data: {"tgl":"2026-04-28","encrypt":"41c7aa6da1665eab307362296dd568d0","id_apl":"APL01","key":"Rs"}
2026-04-28 11:02:11 - getOutlet.php - Params - tgl: 2026-04-28, encrypt: 41c7aa6da1665eab307362296dd568d0, id_apl: APL01, key: Rs
2026-04-28 11:02:11 - getOutlet.php - Aplikasi ditemukan: Ya
2026-04-28 11:02:11 - getOutlet.php - Key aplikasi: YbcJSFjkds...
2026-04-28 11:02:11 - getOutlet.php - Expected encrypt: 41c7aa6da1665eab307362296dd568d0
2026-04-28 11:02:11 - getOutlet.php - Received encrypt: 41c7aa6da1665eab307362296dd568d0
2026-04-28 11:02:11 - getOutlet.php - Authentication berhasil
2026-04-28 11:02:11 - getOutlet.php - Query: SELECT id_out, nama_out, '' AS alamat_out, ofcode_out
            FROM outlet 
            WHERE status_out IN ('Active', '1', 'active')
            AND (nama_out LIKE :key OR ofcode_out LIKE :key)
            ORDER BY nama_out ASC
            LIMIT 20
2026-04-28 11:02:11 - getOutlet.php - Query berhasil, mengembalikan 20 record
2026-04-28 11:02:11 - getOutlet.php - === END REQUEST ===
2026-04-28 04:02:11 - getOutlet.php - === REQUEST GETOUTLET ===
2026-04-28 04:02:11 - getOutlet.php - Method: POST
2026-04-28 04:02:11 - getOutlet.php - POST data: {"tgl":"2026-04-28","encrypt":"41c7aa6da1665eab307362296dd568d0","id_apl":"APL01","key":"Rs"}
2026-04-28 11:02:11 - getOutlet.php - Params - tgl: 2026-04-28, encrypt: 41c7aa6da1665eab307362296dd568d0, id_apl: APL01, key: Rs
2026-04-28 11:02:11 - getOutlet.php - Aplikasi ditemukan: Ya
2026-04-28 11:02:11 - getOutlet.php - Key aplikasi: YbcJSFjkds...
2026-04-28 11:02:11 - getOutlet.php - Expected encrypt: 41c7aa6da1665eab307362296dd568d0
2026-04-28 11:02:11 - getOutlet.php - Received encrypt: 41c7aa6da1665eab307362296dd568d0
2026-04-28 11:02:11 - getOutlet.php - Authentication berhasil
2026-04-28 11:02:11 - getOutlet.php - Query: SELECT id_out, nama_out, '' AS alamat_out, ofcode_out
            FROM outlet 
            WHERE status_out IN ('Active', '1', 'active')
            AND (nama_out LIKE :key OR ofcode_out LIKE :key)
            ORDER BY nama_out ASC
            LIMIT 20
2026-04-28 11:02:11 - getOutlet.php - Query berhasil, mengembalikan 20 record
2026-04-28 11:02:11 - getOutlet.php - === END REQUEST ===
2026-04-28 04:02:14 - getOutlet.php - === REQUEST GETOUTLET ===
2026-04-28 04:02:14 - getOutlet.php - Method: POST
2026-04-28 04:02:14 - getOutlet.php - POST data: {"tgl":"2026-04-28","encrypt":"41c7aa6da1665eab307362296dd568d0","id_apl":"APL01","key":"Rs e"}
2026-04-28 11:02:14 - getOutlet.php - Params - tgl: 2026-04-28, encrypt: 41c7aa6da1665eab307362296dd568d0, id_apl: APL01, key: Rs e
2026-04-28 11:02:14 - getOutlet.php - Aplikasi ditemukan: Ya
2026-04-28 11:02:14 - getOutlet.php - Key aplikasi: YbcJSFjkds...
2026-04-28 11:02:14 - getOutlet.php - Expected encrypt: 41c7aa6da1665eab307362296dd568d0
2026-04-28 11:02:14 - getOutlet.php - Received encrypt: 41c7aa6da1665eab307362296dd568d0
2026-04-28 11:02:14 - getOutlet.php - Authentication berhasil
2026-04-28 11:02:14 - getOutlet.php - Query: SELECT id_out, nama_out, '' AS alamat_out, ofcode_out
            FROM outlet 
            WHERE status_out IN ('Active', '1', 'active')
            AND (nama_out LIKE :key OR ofcode_out LIKE :key)
            ORDER BY nama_out ASC
            LIMIT 20
2026-04-28 11:02:14 - getOutlet.php - Query berhasil, mengembalikan 11 record
2026-04-28 11:02:14 - getOutlet.php - === END REQUEST ===
2026-04-28 04:02:14 - getOutlet.php - === REQUEST GETOUTLET ===
2026-04-28 04:02:14 - getOutlet.php - Method: POST
2026-04-28 04:02:14 - getOutlet.php - POST data: {"tgl":"2026-04-28","encrypt":"41c7aa6da1665eab307362296dd568d0","id_apl":"APL01","key":"Rs ek"}
2026-04-28 11:02:14 - getOutlet.php - Params - tgl: 2026-04-28, encrypt: 41c7aa6da1665eab307362296dd568d0, id_apl: APL01, key: Rs ek
2026-04-28 11:02:14 - getOutlet.php - Aplikasi ditemukan: Ya
2026-04-28 11:02:14 - getOutlet.php - Key aplikasi: YbcJSFjkds...
2026-04-28 11:02:14 - getOutlet.php - Expected encrypt: 41c7aa6da1665eab307362296dd568d0
2026-04-28 11:02:14 - getOutlet.php - Received encrypt: 41c7aa6da1665eab307362296dd568d0
2026-04-28 11:02:14 - getOutlet.php - Authentication berhasil
2026-04-28 11:02:14 - getOutlet.php - Query: SELECT id_out, nama_out, '' AS alamat_out, ofcode_out
            FROM outlet 
            WHERE status_out IN ('Active', '1', 'active')
            AND (nama_out LIKE :key OR ofcode_out LIKE :key)
            ORDER BY nama_out ASC
            LIMIT 20
2026-04-28 11:02:14 - getOutlet.php - Query berhasil, mengembalikan 4 record
2026-04-28 11:02:14 - getOutlet.php - === END REQUEST ===
2026-04-28 04:02:14 - getOutlet.php - === REQUEST GETOUTLET ===
2026-04-28 04:02:14 - getOutlet.php - Method: POST
2026-04-28 04:02:14 - getOutlet.php - POST data: {"tgl":"2026-04-28","encrypt":"41c7aa6da1665eab307362296dd568d0","id_apl":"APL01","key":"Rs eka"}
2026-04-28 11:02:14 - getOutlet.php - Params - tgl: 2026-04-28, encrypt: 41c7aa6da1665eab307362296dd568d0, id_apl: APL01, key: Rs eka
2026-04-28 11:02:14 - getOutlet.php - Aplikasi ditemukan: Ya
2026-04-28 11:02:14 - getOutlet.php - Key aplikasi: YbcJSFjkds...
2026-04-28 11:02:14 - getOutlet.php - Expected encrypt: 41c7aa6da1665eab307362296dd568d0
2026-04-28 11:02:14 - getOutlet.php - Received encrypt: 41c7aa6da1665eab307362296dd568d0
2026-04-28 11:02:14 - getOutlet.php - Authentication berhasil
2026-04-28 11:02:14 - getOutlet.php - Query: SELECT id_out, nama_out, '' AS alamat_out, ofcode_out
            FROM outlet 
            WHERE status_out IN ('Active', '1', 'active')
            AND (nama_out LIKE :key OR ofcode_out LIKE :key)
            ORDER BY nama_out ASC
            LIMIT 20
2026-04-28 11:02:14 - getOutlet.php - Query berhasil, mengembalikan 4 record
2026-04-28 11:02:14 - getOutlet.php - === END REQUEST ===
2026-04-28 04:02:30 - getOutlet.php - === REQUEST GETOUTLET ===
2026-04-28 04:02:30 - getOutlet.php - Method: POST
2026-04-28 04:02:30 - getOutlet.php - POST data: {"tgl":"2026-04-28","encrypt":"41c7aa6da1665eab307362296dd568d0","id_apl":"APL01","key":"RS EKA HOSPITAL BSD"}
2026-04-28 11:02:30 - getOutlet.php - Params - tgl: 2026-04-28, encrypt: 41c7aa6da1665eab307362296dd568d0, id_apl: APL01, key: RS EKA HOSPITAL BSD
2026-04-28 11:02:30 - getOutlet.php - Aplikasi ditemukan: Ya
2026-04-28 11:02:30 - getOutlet.php - Key aplikasi: YbcJSFjkds...
2026-04-28 11:02:30 - getOutlet.php - Expected encrypt: 41c7aa6da1665eab307362296dd568d0
2026-04-28 11:02:30 - getOutlet.php - Received encrypt: 41c7aa6da1665eab307362296dd568d0
2026-04-28 11:02:30 - getOutlet.php - Authentication berhasil
2026-04-28 11:02:30 - getOutlet.php - Query: SELECT id_out, nama_out, '' AS alamat_out, ofcode_out
            FROM outlet 
            WHERE status_out IN ('Active', '1', 'active')
            AND (nama_out LIKE :key OR ofcode_out LIKE :key)
            ORDER BY nama_out ASC
            LIMIT 20
2026-04-28 11:02:30 - getOutlet.php - Query berhasil, mengembalikan 1 record
2026-04-28 11:02:30 - getOutlet.php - === END REQUEST ===
2026-04-28 04:03:13 - getOutlet.php - === REQUEST GETOUTLET ===
2026-04-28 04:03:13 - getOutlet.php - Method: POST
2026-04-28 04:03:13 - getOutlet.php - POST data: {"tgl":"2026-04-28","encrypt":"41c7aa6da1665eab307362296dd568d0","id_apl":"APL01","key":"Rs"}
2026-04-28 11:03:13 - getOutlet.php - Params - tgl: 2026-04-28, encrypt: 41c7aa6da1665eab307362296dd568d0, id_apl: APL01, key: Rs
2026-04-28 11:03:13 - getOutlet.php - Aplikasi ditemukan: Ya
2026-04-28 11:03:13 - getOutlet.php - Key aplikasi: YbcJSFjkds...
2026-04-28 11:03:13 - getOutlet.php - Expected encrypt: 41c7aa6da1665eab307362296dd568d0
2026-04-28 11:03:13 - getOutlet.php - Received encrypt: 41c7aa6da1665eab307362296dd568d0
2026-04-28 11:03:13 - getOutlet.php - Authentication berhasil
2026-04-28 11:03:13 - getOutlet.php - Query: SELECT id_out, nama_out, '' AS alamat_out, ofcode_out
            FROM outlet 
            WHERE status_out IN ('Active', '1', 'active')
            AND (nama_out LIKE :key OR ofcode_out LIKE :key)
            ORDER BY nama_out ASC
            LIMIT 20
2026-04-28 11:03:13 - getOutlet.php - Query berhasil, mengembalikan 20 record
2026-04-28 11:03:13 - getOutlet.php - === END REQUEST ===
2026-04-28 04:03:14 - getOutlet.php - === REQUEST GETOUTLET ===
2026-04-28 04:03:14 - getOutlet.php - Method: POST
2026-04-28 04:03:14 - getOutlet.php - POST data: {"tgl":"2026-04-28","encrypt":"41c7aa6da1665eab307362296dd568d0","id_apl":"APL01","key":"RS"}
2026-04-28 11:03:14 - getOutlet.php - Params - tgl: 2026-04-28, encrypt: 41c7aa6da1665eab307362296dd568d0, id_apl: APL01, key: RS
2026-04-28 11:03:14 - getOutlet.php - Aplikasi ditemukan: Ya
2026-04-28 11:03:14 - getOutlet.php - Key aplikasi: YbcJSFjkds...
2026-04-28 11:03:14 - getOutlet.php - Expected encrypt: 41c7aa6da1665eab307362296dd568d0
2026-04-28 11:03:14 - getOutlet.php - Received encrypt: 41c7aa6da1665eab307362296dd568d0
2026-04-28 11:03:14 - getOutlet.php - Authentication berhasil
2026-04-28 11:03:14 - getOutlet.php - Query: SELECT id_out, nama_out, '' AS alamat_out, ofcode_out
            FROM outlet 
            WHERE status_out IN ('Active', '1', 'active')
            AND (nama_out LIKE :key OR ofcode_out LIKE :key)
            ORDER BY nama_out ASC
            LIMIT 20
2026-04-28 11:03:14 - getOutlet.php - Query berhasil, mengembalikan 20 record
2026-04-28 11:03:14 - getOutlet.php - === END REQUEST ===
2026-04-28 04:03:15 - getOutlet.php - === REQUEST GETOUTLET ===
2026-04-28 04:03:15 - getOutlet.php - Method: POST
2026-04-28 04:03:15 - getOutlet.php - POST data: {"tgl":"2026-04-28","encrypt":"41c7aa6da1665eab307362296dd568d0","id_apl":"APL01","key":"RS h"}
2026-04-28 11:03:15 - getOutlet.php - Params - tgl: 2026-04-28, encrypt: 41c7aa6da1665eab307362296dd568d0, id_apl: APL01, key: RS h
2026-04-28 11:03:15 - getOutlet.php - Aplikasi ditemukan: Ya
2026-04-28 11:03:15 - getOutlet.php - Key aplikasi: YbcJSFjkds...
2026-04-28 11:03:15 - getOutlet.php - Expected encrypt: 41c7aa6da1665eab307362296dd568d0
2026-04-28 11:03:15 - getOutlet.php - Received encrypt: 41c7aa6da1665eab307362296dd568d0
2026-04-28 11:03:15 - getOutlet.php - Authentication berhasil
2026-04-28 11:03:15 - getOutlet.php - Query: SELECT id_out, nama_out, '' AS alamat_out, ofcode_out
            FROM outlet 
            WHERE status_out IN ('Active', '1', 'active')
            AND (nama_out LIKE :key OR ofcode_out LIKE :key)
            ORDER BY nama_out ASC
            LIMIT 20
2026-04-28 11:03:15 - getOutlet.php - Query berhasil, mengembalikan 15 record
2026-04-28 11:03:15 - getOutlet.php - === END REQUEST ===
2026-04-28 04:03:15 - getOutlet.php - === REQUEST GETOUTLET ===
2026-04-28 04:03:15 - getOutlet.php - Method: POST
2026-04-28 04:03:15 - getOutlet.php - POST data: {"tgl":"2026-04-28","encrypt":"41c7aa6da1665eab307362296dd568d0","id_apl":"APL01","key":"RS he"}
2026-04-28 11:03:15 - getOutlet.php - Params - tgl: 2026-04-28, encrypt: 41c7aa6da1665eab307362296dd568d0, id_apl: APL01, key: RS he
2026-04-28 11:03:15 - getOutlet.php - Aplikasi ditemukan: Ya
2026-04-28 11:03:15 - getOutlet.php - Key aplikasi: YbcJSFjkds...
2026-04-28 11:03:15 - getOutlet.php - Expected encrypt: 41c7aa6da1665eab307362296dd568d0
2026-04-28 11:03:15 - getOutlet.php - Received encrypt: 41c7aa6da1665eab307362296dd568d0
2026-04-28 11:03:15 - getOutlet.php - Authentication berhasil
2026-04-28 11:03:15 - getOutlet.php - Query: SELECT id_out, nama_out, '' AS alamat_out, ofcode_out
            FROM outlet 
            WHERE status_out IN ('Active', '1', 'active')
            AND (nama_out LIKE :key OR ofcode_out LIKE :key)
            ORDER BY nama_out ASC
            LIMIT 20
2026-04-28 11:03:15 - getOutlet.php - Query berhasil, mengembalikan 4 record
2026-04-28 11:03:15 - getOutlet.php - === END REQUEST ===
2026-04-28 04:03:15 - getOutlet.php - === REQUEST GETOUTLET ===
2026-04-28 04:03:15 - getOutlet.php - Method: POST
2026-04-28 04:03:15 - getOutlet.php - POST data: {"tgl":"2026-04-28","encrypt":"41c7aa6da1665eab307362296dd568d0","id_apl":"APL01","key":"RS her"}
2026-04-28 11:03:15 - getOutlet.php - Params - tgl: 2026-04-28, encrypt: 41c7aa6da1665eab307362296dd568d0, id_apl: APL01, key: RS her
2026-04-28 11:03:15 - getOutlet.php - Aplikasi ditemukan: Ya
2026-04-28 11:03:15 - getOutlet.php - Key aplikasi: YbcJSFjkds...
2026-04-28 11:03:15 - getOutlet.php - Expected encrypt: 41c7aa6da1665eab307362296dd568d0
2026-04-28 11:03:15 - getOutlet.php - Received encrypt: 41c7aa6da1665eab307362296dd568d0
2026-04-28 11:03:15 - getOutlet.php - Authentication berhasil
2026-04-28 11:03:15 - getOutlet.php - Query: SELECT id_out, nama_out, '' AS alamat_out, ofcode_out
            FROM outlet 
            WHERE status_out IN ('Active', '1', 'active')
            AND (nama_out LIKE :key OR ofcode_out LIKE :key)
            ORDER BY nama_out ASC
            LIMIT 20
2026-04-28 11:03:15 - getOutlet.php - Query berhasil, mengembalikan 4 record
2026-04-28 11:03:15 - getOutlet.php - === END REQUEST ===
2026-04-28 04:03:16 - getOutlet.php - === REQUEST GETOUTLET ===
2026-04-28 04:03:16 - getOutlet.php - Method: POST
2026-04-28 04:03:16 - getOutlet.php - POST data: {"tgl":"2026-04-28","encrypt":"41c7aa6da1665eab307362296dd568d0","id_apl":"APL01","key":"RS herm"}
2026-04-28 11:03:16 - getOutlet.php - Params - tgl: 2026-04-28, encrypt: 41c7aa6da1665eab307362296dd568d0, id_apl: APL01, key: RS herm
2026-04-28 11:03:16 - getOutlet.php - Aplikasi ditemukan: Ya
2026-04-28 11:03:16 - getOutlet.php - Key aplikasi: YbcJSFjkds...
2026-04-28 11:03:16 - getOutlet.php - Expected encrypt: 41c7aa6da1665eab307362296dd568d0
2026-04-28 11:03:16 - getOutlet.php - Received encrypt: 41c7aa6da1665eab307362296dd568d0
2026-04-28 11:03:16 - getOutlet.php - Authentication berhasil
2026-04-28 11:03:16 - getOutlet.php - Query: SELECT id_out, nama_out, '' AS alamat_out, ofcode_out
            FROM outlet 
            WHERE status_out IN ('Active', '1', 'active')
            AND (nama_out LIKE :key OR ofcode_out LIKE :key)
            ORDER BY nama_out ASC
            LIMIT 20
2026-04-28 11:03:16 - getOutlet.php - Query berhasil, mengembalikan 4 record
2026-04-28 11:03:16 - getOutlet.php - === END REQUEST ===
2026-04-28 04:03:17 - getOutlet.php - === REQUEST GETOUTLET ===
2026-04-28 04:03:17 - getOutlet.php - Method: POST
2026-04-28 04:03:17 - getOutlet.php - POST data: {"tgl":"2026-04-28","encrypt":"41c7aa6da1665eab307362296dd568d0","id_apl":"APL01","key":"RS"}
2026-04-28 11:03:17 - getOutlet.php - Params - tgl: 2026-04-28, encrypt: 41c7aa6da1665eab307362296dd568d0, id_apl: APL01, key: RS
2026-04-28 11:03:17 - getOutlet.php - Aplikasi ditemukan: Ya
2026-04-28 11:03:17 - getOutlet.php - Key aplikasi: YbcJSFjkds...
2026-04-28 11:03:17 - getOutlet.php - Expected encrypt: 41c7aa6da1665eab307362296dd568d0
2026-04-28 11:03:17 - getOutlet.php - Received encrypt: 41c7aa6da1665eab307362296dd568d0
2026-04-28 11:03:17 - getOutlet.php - Authentication berhasil
2026-04-28 11:03:17 - getOutlet.php - Query: SELECT id_out, nama_out, '' AS alamat_out, ofcode_out
            FROM outlet 
            WHERE status_out IN ('Active', '1', 'active')
            AND (nama_out LIKE :key OR ofcode_out LIKE :key)
            ORDER BY nama_out ASC
            LIMIT 20
2026-04-28 11:03:17 - getOutlet.php - Query berhasil, mengembalikan 20 record
2026-04-28 11:03:17 - getOutlet.php - === END REQUEST ===
2026-04-28 04:03:17 - getOutlet.php - === REQUEST GETOUTLET ===
2026-04-28 04:03:17 - getOutlet.php - Method: POST
2026-04-28 04:03:17 - getOutlet.php - POST data: {"tgl":"2026-04-28","encrypt":"41c7aa6da1665eab307362296dd568d0","id_apl":"APL01","key":"RS Hermina"}
2026-04-28 11:03:17 - getOutlet.php - Params - tgl: 2026-04-28, encrypt: 41c7aa6da1665eab307362296dd568d0, id_apl: APL01, key: RS Hermina
2026-04-28 11:03:17 - getOutlet.php - Aplikasi ditemukan: Ya
2026-04-28 11:03:17 - getOutlet.php - Key aplikasi: YbcJSFjkds...
2026-04-28 11:03:17 - getOutlet.php - Expected encrypt: 41c7aa6da1665eab307362296dd568d0
2026-04-28 11:03:17 - getOutlet.php - Received encrypt: 41c7aa6da1665eab307362296dd568d0
2026-04-28 11:03:17 - getOutlet.php - Authentication berhasil
2026-04-28 11:03:17 - getOutlet.php - Query: SELECT id_out, nama_out, '' AS alamat_out, ofcode_out
            FROM outlet 
            WHERE status_out IN ('Active', '1', 'active')
            AND (nama_out LIKE :key OR ofcode_out LIKE :key)
            ORDER BY nama_out ASC
            LIMIT 20
2026-04-28 11:03:17 - getOutlet.php - Query berhasil, mengembalikan 4 record
2026-04-28 11:03:17 - getOutlet.php - === END REQUEST ===
2026-04-28 04:03:20 - getOutlet.php - === REQUEST GETOUTLET ===
2026-04-28 04:03:20 - getOutlet.php - Method: POST
2026-04-28 04:03:20 - getOutlet.php - POST data: {"tgl":"2026-04-28","encrypt":"41c7aa6da1665eab307362296dd568d0","id_apl":"APL01","key":"RS Hermina s"}
2026-04-28 11:03:20 - getOutlet.php - Params - tgl: 2026-04-28, encrypt: 41c7aa6da1665eab307362296dd568d0, id_apl: APL01, key: RS Hermina s
2026-04-28 11:03:20 - getOutlet.php - Aplikasi ditemukan: Ya
2026-04-28 11:03:20 - getOutlet.php - Key aplikasi: YbcJSFjkds...
2026-04-28 11:03:20 - getOutlet.php - Expected encrypt: 41c7aa6da1665eab307362296dd568d0
2026-04-28 11:03:20 - getOutlet.php - Received encrypt: 41c7aa6da1665eab307362296dd568d0
2026-04-28 11:03:20 - getOutlet.php - Authentication berhasil
2026-04-28 11:03:20 - getOutlet.php - Query: SELECT id_out, nama_out, '' AS alamat_out, ofcode_out
            FROM outlet 
            WHERE status_out IN ('Active', '1', 'active')
            AND (nama_out LIKE :key OR ofcode_out LIKE :key)
            ORDER BY nama_out ASC
            LIMIT 20
2026-04-28 11:03:20 - getOutlet.php - Query berhasil, mengembalikan 1 record
2026-04-28 11:03:20 - getOutlet.php - === END REQUEST ===
2026-04-28 04:03:20 - getOutlet.php - === REQUEST GETOUTLET ===
2026-04-28 04:03:20 - getOutlet.php - Method: POST
2026-04-28 04:03:20 - getOutlet.php - POST data: {"tgl":"2026-04-28","encrypt":"41c7aa6da1665eab307362296dd568d0","id_apl":"APL01","key":"RS Hermina se"}
2026-04-28 11:03:20 - getOutlet.php - Params - tgl: 2026-04-28, encrypt: 41c7aa6da1665eab307362296dd568d0, id_apl: APL01, key: RS Hermina se
2026-04-28 11:03:20 - getOutlet.php - Aplikasi ditemukan: Ya
2026-04-28 11:03:20 - getOutlet.php - Key aplikasi: YbcJSFjkds...
2026-04-28 11:03:20 - getOutlet.php - Expected encrypt: 41c7aa6da1665eab307362296dd568d0
2026-04-28 11:03:20 - getOutlet.php - Received encrypt: 41c7aa6da1665eab307362296dd568d0
2026-04-28 11:03:20 - getOutlet.php - Authentication berhasil
2026-04-28 11:03:20 - getOutlet.php - Query: SELECT id_out, nama_out, '' AS alamat_out, ofcode_out
            FROM outlet 
            WHERE status_out IN ('Active', '1', 'active')
            AND (nama_out LIKE :key OR ofcode_out LIKE :key)
            ORDER BY nama_out ASC
            LIMIT 20
2026-04-28 11:03:20 - getOutlet.php - Query berhasil, mengembalikan 1 record
2026-04-28 11:03:20 - getOutlet.php - === END REQUEST ===
2026-04-28 04:03:20 - getOutlet.php - === REQUEST GETOUTLET ===
2026-04-28 04:03:20 - getOutlet.php - Method: POST
2026-04-28 04:03:20 - getOutlet.php - POST data: {"tgl":"2026-04-28","encrypt":"41c7aa6da1665eab307362296dd568d0","id_apl":"APL01","key":"RS Hermina ser"}
2026-04-28 11:03:20 - getOutlet.php - Params - tgl: 2026-04-28, encrypt: 41c7aa6da1665eab307362296dd568d0, id_apl: APL01, key: RS Hermina ser
2026-04-28 11:03:20 - getOutlet.php - Aplikasi ditemukan: Ya
2026-04-28 11:03:20 - getOutlet.php - Key aplikasi: YbcJSFjkds...
2026-04-28 11:03:20 - getOutlet.php - Expected encrypt: 41c7aa6da1665eab307362296dd568d0
2026-04-28 11:03:20 - getOutlet.php - Received encrypt: 41c7aa6da1665eab307362296dd568d0
2026-04-28 11:03:20 - getOutlet.php - Authentication berhasil
2026-04-28 11:03:20 - getOutlet.php - Query: SELECT id_out, nama_out, '' AS alamat_out, ofcode_out
            FROM outlet 
            WHERE status_out IN ('Active', '1', 'active')
            AND (nama_out LIKE :key OR ofcode_out LIKE :key)
            ORDER BY nama_out ASC
            LIMIT 20
2026-04-28 11:03:20 - getOutlet.php - Query berhasil, mengembalikan 1 record
2026-04-28 11:03:20 - getOutlet.php - === END REQUEST ===
2026-04-28 04:03:21 - getOutlet.php - === REQUEST GETOUTLET ===
2026-04-28 04:03:21 - getOutlet.php - Method: POST
2026-04-28 04:03:21 - getOutlet.php - POST data: {"tgl":"2026-04-28","encrypt":"41c7aa6da1665eab307362296dd568d0","id_apl":"APL01","key":"RS Hermina serp"}
2026-04-28 11:03:21 - getOutlet.php - Params - tgl: 2026-04-28, encrypt: 41c7aa6da1665eab307362296dd568d0, id_apl: APL01, key: RS Hermina serp
2026-04-28 11:03:21 - getOutlet.php - Aplikasi ditemukan: Ya
2026-04-28 11:03:21 - getOutlet.php - Key aplikasi: YbcJSFjkds...
2026-04-28 11:03:21 - getOutlet.php - Expected encrypt: 41c7aa6da1665eab307362296dd568d0
2026-04-28 11:03:21 - getOutlet.php - Received encrypt: 41c7aa6da1665eab307362296dd568d0
2026-04-28 11:03:21 - getOutlet.php - Authentication berhasil
2026-04-28 11:03:21 - getOutlet.php - Query: SELECT id_out, nama_out, '' AS alamat_out, ofcode_out
            FROM outlet 
            WHERE status_out IN ('Active', '1', 'active')
            AND (nama_out LIKE :key OR ofcode_out LIKE :key)
            ORDER BY nama_out ASC
            LIMIT 20
2026-04-28 11:03:21 - getOutlet.php - Query berhasil, mengembalikan 1 record
2026-04-28 11:03:21 - getOutlet.php - === END REQUEST ===
2026-04-28 04:03:21 - getOutlet.php - === REQUEST GETOUTLET ===
2026-04-28 04:03:21 - getOutlet.php - Method: POST
2026-04-28 04:03:21 - getOutlet.php - POST data: {"tgl":"2026-04-28","encrypt":"41c7aa6da1665eab307362296dd568d0","id_apl":"APL01","key":"RS Hermina"}
2026-04-28 11:03:21 - getOutlet.php - Params - tgl: 2026-04-28, encrypt: 41c7aa6da1665eab307362296dd568d0, id_apl: APL01, key: RS Hermina
2026-04-28 11:03:21 - getOutlet.php - Aplikasi ditemukan: Ya
2026-04-28 11:03:21 - getOutlet.php - Key aplikasi: YbcJSFjkds...
2026-04-28 11:03:21 - getOutlet.php - Expected encrypt: 41c7aa6da1665eab307362296dd568d0
2026-04-28 11:03:21 - getOutlet.php - Received encrypt: 41c7aa6da1665eab307362296dd568d0
2026-04-28 11:03:21 - getOutlet.php - Authentication berhasil
2026-04-28 11:03:21 - getOutlet.php - Query: SELECT id_out, nama_out, '' AS alamat_out, ofcode_out
            FROM outlet 
            WHERE status_out IN ('Active', '1', 'active')
            AND (nama_out LIKE :key OR ofcode_out LIKE :key)
            ORDER BY nama_out ASC
            LIMIT 20
2026-04-28 11:03:21 - getOutlet.php - Query berhasil, mengembalikan 4 record
2026-04-28 11:03:21 - getOutlet.php - === END REQUEST ===
2026-04-28 04:03:21 - getOutlet.php - === REQUEST GETOUTLET ===
2026-04-28 04:03:21 - getOutlet.php - Method: POST
2026-04-28 04:03:21 - getOutlet.php - POST data: {"tgl":"2026-04-28","encrypt":"41c7aa6da1665eab307362296dd568d0","id_apl":"APL01","key":"RS Hermina Serpong"}
2026-04-28 11:03:21 - getOutlet.php - Params - tgl: 2026-04-28, encrypt: 41c7aa6da1665eab307362296dd568d0, id_apl: APL01, key: RS Hermina Serpong
2026-04-28 11:03:21 - getOutlet.php - Aplikasi ditemukan: Ya
2026-04-28 11:03:21 - getOutlet.php - Key aplikasi: YbcJSFjkds...
2026-04-28 11:03:21 - getOutlet.php - Expected encrypt: 41c7aa6da1665eab307362296dd568d0
2026-04-28 11:03:21 - getOutlet.php - Received encrypt: 41c7aa6da1665eab307362296dd568d0
2026-04-28 11:03:21 - getOutlet.php - Authentication berhasil
2026-04-28 11:03:21 - getOutlet.php - Query: SELECT id_out, nama_out, '' AS alamat_out, ofcode_out
            FROM outlet 
            WHERE status_out IN ('Active', '1', 'active')
            AND (nama_out LIKE :key OR ofcode_out LIKE :key)
            ORDER BY nama_out ASC
            LIMIT 20
2026-04-28 11:03:21 - getOutlet.php - Query berhasil, mengembalikan 1 record
2026-04-28 11:03:21 - getOutlet.php - === END REQUEST ===
2026-04-28 04:03:24 - getOutlet.php - === REQUEST GETOUTLET ===
2026-04-28 04:03:24 - getOutlet.php - Method: POST
2026-04-28 04:03:24 - getOutlet.php - POST data: {"tgl":"2026-04-28","encrypt":"41c7aa6da1665eab307362296dd568d0","id_apl":"APL01","key":"RS HERMINA SERPONG"}
2026-04-28 11:03:24 - getOutlet.php - Params - tgl: 2026-04-28, encrypt: 41c7aa6da1665eab307362296dd568d0, id_apl: APL01, key: RS HERMINA SERPONG
2026-04-28 11:03:24 - getOutlet.php - Aplikasi ditemukan: Ya
2026-04-28 11:03:24 - getOutlet.php - Key aplikasi: YbcJSFjkds...
2026-04-28 11:03:24 - getOutlet.php - Expected encrypt: 41c7aa6da1665eab307362296dd568d0
2026-04-28 11:03:24 - getOutlet.php - Received encrypt: 41c7aa6da1665eab307362296dd568d0
2026-04-28 11:03:24 - getOutlet.php - Authentication berhasil
2026-04-28 11:03:24 - getOutlet.php - Query: SELECT id_out, nama_out, '' AS alamat_out, ofcode_out
            FROM outlet 
            WHERE status_out IN ('Active', '1', 'active')
            AND (nama_out LIKE :key OR ofcode_out LIKE :key)
            ORDER BY nama_out ASC
            LIMIT 20
2026-04-28 11:03:24 - getOutlet.php - Query berhasil, mengembalikan 1 record
2026-04-28 11:03:24 - getOutlet.php - === END REQUEST ===
2026-04-28 04:03:43 - getOutlet.php - === REQUEST GETOUTLET ===
2026-04-28 04:03:43 - getOutlet.php - Method: POST
2026-04-28 04:03:43 - getOutlet.php - POST data: {"tgl":"2026-04-28","encrypt":"41c7aa6da1665eab307362296dd568d0","id_apl":"APL01","key":"Rs"}
2026-04-28 11:03:43 - getOutlet.php - Params - tgl: 2026-04-28, encrypt: 41c7aa6da1665eab307362296dd568d0, id_apl: APL01, key: Rs
2026-04-28 11:03:43 - getOutlet.php - Aplikasi ditemukan: Ya
2026-04-28 11:03:43 - getOutlet.php - Key aplikasi: YbcJSFjkds...
2026-04-28 11:03:43 - getOutlet.php - Expected encrypt: 41c7aa6da1665eab307362296dd568d0
2026-04-28 11:03:43 - getOutlet.php - Received encrypt: 41c7aa6da1665eab307362296dd568d0
2026-04-28 11:03:43 - getOutlet.php - Authentication berhasil
2026-04-28 11:03:43 - getOutlet.php - Query: SELECT id_out, nama_out, '' AS alamat_out, ofcode_out
            FROM outlet 
            WHERE status_out IN ('Active', '1', 'active')
            AND (nama_out LIKE :key OR ofcode_out LIKE :key)
            ORDER BY nama_out ASC
            LIMIT 20
2026-04-28 11:03:43 - getOutlet.php - Query berhasil, mengembalikan 20 record
2026-04-28 11:03:43 - getOutlet.php - === END REQUEST ===
2026-04-28 04:03:44 - getOutlet.php - === REQUEST GETOUTLET ===
2026-04-28 04:03:44 - getOutlet.php - Method: POST
2026-04-28 04:03:44 - getOutlet.php - POST data: {"tgl":"2026-04-28","encrypt":"41c7aa6da1665eab307362296dd568d0","id_apl":"APL01","key":"RS"}
2026-04-28 11:03:44 - getOutlet.php - Params - tgl: 2026-04-28, encrypt: 41c7aa6da1665eab307362296dd568d0, id_apl: APL01, key: RS
2026-04-28 11:03:44 - getOutlet.php - Aplikasi ditemukan: Ya
2026-04-28 11:03:44 - getOutlet.php - Key aplikasi: YbcJSFjkds...
2026-04-28 11:03:44 - getOutlet.php - Expected encrypt: 41c7aa6da1665eab307362296dd568d0
2026-04-28 11:03:44 - getOutlet.php - Received encrypt: 41c7aa6da1665eab307362296dd568d0
2026-04-28 11:03:44 - getOutlet.php - Authentication berhasil
2026-04-28 11:03:44 - getOutlet.php - Query: SELECT id_out, nama_out, '' AS alamat_out, ofcode_out
            FROM outlet 
            WHERE status_out IN ('Active', '1', 'active')
            AND (nama_out LIKE :key OR ofcode_out LIKE :key)
            ORDER BY nama_out ASC
            LIMIT 20
2026-04-28 11:03:44 - getOutlet.php - Query berhasil, mengembalikan 20 record
2026-04-28 11:03:44 - getOutlet.php - === END REQUEST ===
2026-04-28 04:03:44 - getOutlet.php - === REQUEST GETOUTLET ===
2026-04-28 04:03:44 - getOutlet.php - Method: POST
2026-04-28 04:03:44 - getOutlet.php - POST data: {"tgl":"2026-04-28","encrypt":"41c7aa6da1665eab307362296dd568d0","id_apl":"APL01","key":"RS h"}
2026-04-28 11:03:44 - getOutlet.php - Params - tgl: 2026-04-28, encrypt: 41c7aa6da1665eab307362296dd568d0, id_apl: APL01, key: RS h
2026-04-28 11:03:44 - getOutlet.php - Aplikasi ditemukan: Ya
2026-04-28 11:03:44 - getOutlet.php - Key aplikasi: YbcJSFjkds...
2026-04-28 11:03:44 - getOutlet.php - Expected encrypt: 41c7aa6da1665eab307362296dd568d0
2026-04-28 11:03:44 - getOutlet.php - Received encrypt: 41c7aa6da1665eab307362296dd568d0
2026-04-28 11:03:44 - getOutlet.php - Authentication berhasil
2026-04-28 11:03:44 - getOutlet.php - Query: SELECT id_out, nama_out, '' AS alamat_out, ofcode_out
            FROM outlet 
            WHERE status_out IN ('Active', '1', 'active')
            AND (nama_out LIKE :key OR ofcode_out LIKE :key)
            ORDER BY nama_out ASC
            LIMIT 20
2026-04-28 11:03:44 - getOutlet.php - Query berhasil, mengembalikan 15 record
2026-04-28 11:03:44 - getOutlet.php - === END REQUEST ===
2026-04-28 04:03:45 - getOutlet.php - === REQUEST GETOUTLET ===
2026-04-28 04:03:45 - getOutlet.php - Method: POST
2026-04-28 04:03:45 - getOutlet.php - POST data: {"tgl":"2026-04-28","encrypt":"41c7aa6da1665eab307362296dd568d0","id_apl":"APL01","key":"RS he"}
2026-04-28 11:03:45 - getOutlet.php - Params - tgl: 2026-04-28, encrypt: 41c7aa6da1665eab307362296dd568d0, id_apl: APL01, key: RS he
2026-04-28 11:03:45 - getOutlet.php - Aplikasi ditemukan: Ya
2026-04-28 11:03:45 - getOutlet.php - Key aplikasi: YbcJSFjkds...
2026-04-28 11:03:45 - getOutlet.php - Expected encrypt: 41c7aa6da1665eab307362296dd568d0
2026-04-28 11:03:45 - getOutlet.php - Received encrypt: 41c7aa6da1665eab307362296dd568d0
2026-04-28 11:03:45 - getOutlet.php - Authentication berhasil
2026-04-28 11:03:45 - getOutlet.php - Query: SELECT id_out, nama_out, '' AS alamat_out, ofcode_out
            FROM outlet 
            WHERE status_out IN ('Active', '1', 'active')
            AND (nama_out LIKE :key OR ofcode_out LIKE :key)
            ORDER BY nama_out ASC
            LIMIT 20
2026-04-28 11:03:45 - getOutlet.php - Query berhasil, mengembalikan 4 record
2026-04-28 11:03:45 - getOutlet.php - === END REQUEST ===
2026-04-28 04:03:45 - getOutlet.php - === REQUEST GETOUTLET ===
2026-04-28 04:03:45 - getOutlet.php - Method: POST
2026-04-28 04:03:45 - getOutlet.php - POST data: {"tgl":"2026-04-28","encrypt":"41c7aa6da1665eab307362296dd568d0","id_apl":"APL01","key":"RS her"}
2026-04-28 11:03:45 - getOutlet.php - Params - tgl: 2026-04-28, encrypt: 41c7aa6da1665eab307362296dd568d0, id_apl: APL01, key: RS her
2026-04-28 11:03:45 - getOutlet.php - Aplikasi ditemukan: Ya
2026-04-28 11:03:45 - getOutlet.php - Key aplikasi: YbcJSFjkds...
2026-04-28 11:03:45 - getOutlet.php - Expected encrypt: 41c7aa6da1665eab307362296dd568d0
2026-04-28 11:03:45 - getOutlet.php - Received encrypt: 41c7aa6da1665eab307362296dd568d0
2026-04-28 11:03:45 - getOutlet.php - Authentication berhasil
2026-04-28 11:03:45 - getOutlet.php - Query: SELECT id_out, nama_out, '' AS alamat_out, ofcode_out
            FROM outlet 
            WHERE status_out IN ('Active', '1', 'active')
            AND (nama_out LIKE :key OR ofcode_out LIKE :key)
            ORDER BY nama_out ASC
            LIMIT 20
2026-04-28 11:03:45 - getOutlet.php - Query berhasil, mengembalikan 4 record
2026-04-28 11:03:45 - getOutlet.php - === END REQUEST ===
2026-04-28 04:03:46 - getOutlet.php - === REQUEST GETOUTLET ===
2026-04-28 04:03:46 - getOutlet.php - Method: POST
2026-04-28 04:03:46 - getOutlet.php - POST data: {"tgl":"2026-04-28","encrypt":"41c7aa6da1665eab307362296dd568d0","id_apl":"APL01","key":"RS herm"}
2026-04-28 11:03:46 - getOutlet.php - Params - tgl: 2026-04-28, encrypt: 41c7aa6da1665eab307362296dd568d0, id_apl: APL01, key: RS herm
2026-04-28 11:03:46 - getOutlet.php - Aplikasi ditemukan: Ya
2026-04-28 11:03:46 - getOutlet.php - Key aplikasi: YbcJSFjkds...
2026-04-28 11:03:46 - getOutlet.php - Expected encrypt: 41c7aa6da1665eab307362296dd568d0
2026-04-28 11:03:46 - getOutlet.php - Received encrypt: 41c7aa6da1665eab307362296dd568d0
2026-04-28 11:03:46 - getOutlet.php - Authentication berhasil
2026-04-28 11:03:46 - getOutlet.php - Query: SELECT id_out, nama_out, '' AS alamat_out, ofcode_out
            FROM outlet 
            WHERE status_out IN ('Active', '1', 'active')
            AND (nama_out LIKE :key OR ofcode_out LIKE :key)
            ORDER BY nama_out ASC
            LIMIT 20
2026-04-28 11:03:46 - getOutlet.php - Query berhasil, mengembalikan 4 record
2026-04-28 11:03:46 - getOutlet.php - === END REQUEST ===
2026-04-28 04:03:46 - getOutlet.php - === REQUEST GETOUTLET ===
2026-04-28 04:03:46 - getOutlet.php - Method: POST
2026-04-28 04:03:46 - getOutlet.php - POST data: {"tgl":"2026-04-28","encrypt":"41c7aa6da1665eab307362296dd568d0","id_apl":"APL01","key":"RS hermi"}
2026-04-28 11:03:46 - getOutlet.php - Params - tgl: 2026-04-28, encrypt: 41c7aa6da1665eab307362296dd568d0, id_apl: APL01, key: RS hermi
2026-04-28 11:03:46 - getOutlet.php - Aplikasi ditemukan: Ya
2026-04-28 11:03:46 - getOutlet.php - Key aplikasi: YbcJSFjkds...
2026-04-28 11:03:46 - getOutlet.php - Expected encrypt: 41c7aa6da1665eab307362296dd568d0
2026-04-28 11:03:46 - getOutlet.php - Received encrypt: 41c7aa6da1665eab307362296dd568d0
2026-04-28 11:03:46 - getOutlet.php - Authentication berhasil
2026-04-28 11:03:46 - getOutlet.php - Query: SELECT id_out, nama_out, '' AS alamat_out, ofcode_out
            FROM outlet 
            WHERE status_out IN ('Active', '1', 'active')
            AND (nama_out LIKE :key OR ofcode_out LIKE :key)
            ORDER BY nama_out ASC
            LIMIT 20
2026-04-28 11:03:46 - getOutlet.php - Query berhasil, mengembalikan 4 record
2026-04-28 11:03:46 - getOutlet.php - === END REQUEST ===
2026-04-28 04:03:46 - getOutlet.php - === REQUEST GETOUTLET ===
2026-04-28 04:03:46 - getOutlet.php - Method: POST
2026-04-28 04:03:46 - getOutlet.php - POST data: {"tgl":"2026-04-28","encrypt":"41c7aa6da1665eab307362296dd568d0","id_apl":"APL01","key":"RS hermin"}
2026-04-28 11:03:46 - getOutlet.php - Params - tgl: 2026-04-28, encrypt: 41c7aa6da1665eab307362296dd568d0, id_apl: APL01, key: RS hermin
2026-04-28 11:03:46 - getOutlet.php - Aplikasi ditemukan: Ya
2026-04-28 11:03:46 - getOutlet.php - Key aplikasi: YbcJSFjkds...
2026-04-28 11:03:46 - getOutlet.php - Expected encrypt: 41c7aa6da1665eab307362296dd568d0
2026-04-28 11:03:46 - getOutlet.php - Received encrypt: 41c7aa6da1665eab307362296dd568d0
2026-04-28 11:03:46 - getOutlet.php - Authentication berhasil
2026-04-28 11:03:46 - getOutlet.php - Query: SELECT id_out, nama_out, '' AS alamat_out, ofcode_out
            FROM outlet 
            WHERE status_out IN ('Active', '1', 'active')
            AND (nama_out LIKE :key OR ofcode_out LIKE :key)
            ORDER BY nama_out ASC
            LIMIT 20
2026-04-28 11:03:46 - getOutlet.php - Query berhasil, mengembalikan 4 record
2026-04-28 11:03:46 - getOutlet.php - === END REQUEST ===
2026-04-28 04:03:47 - getOutlet.php - === REQUEST GETOUTLET ===
2026-04-28 04:03:47 - getOutlet.php - Method: POST
2026-04-28 04:03:47 - getOutlet.php - POST data: {"tgl":"2026-04-28","encrypt":"41c7aa6da1665eab307362296dd568d0","id_apl":"APL01","key":"RS hermina"}
2026-04-28 11:03:47 - getOutlet.php - Params - tgl: 2026-04-28, encrypt: 41c7aa6da1665eab307362296dd568d0, id_apl: APL01, key: RS hermina
2026-04-28 11:03:47 - getOutlet.php - Aplikasi ditemukan: Ya
2026-04-28 11:03:47 - getOutlet.php - Key aplikasi: YbcJSFjkds...
2026-04-28 11:03:47 - getOutlet.php - Expected encrypt: 41c7aa6da1665eab307362296dd568d0
2026-04-28 11:03:47 - getOutlet.php - Received encrypt: 41c7aa6da1665eab307362296dd568d0
2026-04-28 11:03:47 - getOutlet.php - Authentication berhasil
2026-04-28 11:03:47 - getOutlet.php - Query: SELECT id_out, nama_out, '' AS alamat_out, ofcode_out
            FROM outlet 
            WHERE status_out IN ('Active', '1', 'active')
            AND (nama_out LIKE :key OR ofcode_out LIKE :key)
            ORDER BY nama_out ASC
            LIMIT 20
2026-04-28 11:03:47 - getOutlet.php - Query berhasil, mengembalikan 4 record
2026-04-28 11:03:47 - getOutlet.php - === END REQUEST ===
2026-04-28 04:03:52 - getOutlet.php - === REQUEST GETOUTLET ===
2026-04-28 04:03:52 - getOutlet.php - Method: POST
2026-04-28 04:03:52 - getOutlet.php - POST data: {"tgl":"2026-04-28","encrypt":"41c7aa6da1665eab307362296dd568d0","id_apl":"APL01","key":"RS HERMINA SERPONG"}
2026-04-28 11:03:52 - getOutlet.php - Params - tgl: 2026-04-28, encrypt: 41c7aa6da1665eab307362296dd568d0, id_apl: APL01, key: RS HERMINA SERPONG
2026-04-28 11:03:52 - getOutlet.php - Aplikasi ditemukan: Ya
2026-04-28 11:03:52 - getOutlet.php - Key aplikasi: YbcJSFjkds...
2026-04-28 11:03:52 - getOutlet.php - Expected encrypt: 41c7aa6da1665eab307362296dd568d0
2026-04-28 11:03:52 - getOutlet.php - Received encrypt: 41c7aa6da1665eab307362296dd568d0
2026-04-28 11:03:52 - getOutlet.php - Authentication berhasil
2026-04-28 11:03:52 - getOutlet.php - Query: SELECT id_out, nama_out, '' AS alamat_out, ofcode_out
            FROM outlet 
            WHERE status_out IN ('Active', '1', 'active')
            AND (nama_out LIKE :key OR ofcode_out LIKE :key)
            ORDER BY nama_out ASC
            LIMIT 20
2026-04-28 11:03:52 - getOutlet.php - Query berhasil, mengembalikan 1 record
2026-04-28 11:03:52 - getOutlet.php - === END REQUEST ===
2026-04-28 04:04:30 - getOutlet.php - === REQUEST GETOUTLET ===
2026-04-28 04:04:30 - getOutlet.php - Method: POST
2026-04-28 04:04:30 - getOutlet.php - POST data: {"tgl":"2026-04-28","encrypt":"41c7aa6da1665eab307362296dd568d0","id_apl":"APL01","key":"Rs"}
2026-04-28 11:04:30 - getOutlet.php - Params - tgl: 2026-04-28, encrypt: 41c7aa6da1665eab307362296dd568d0, id_apl: APL01, key: Rs
2026-04-28 11:04:30 - getOutlet.php - Aplikasi ditemukan: Ya
2026-04-28 11:04:30 - getOutlet.php - Key aplikasi: YbcJSFjkds...
2026-04-28 11:04:30 - getOutlet.php - Expected encrypt: 41c7aa6da1665eab307362296dd568d0
2026-04-28 11:04:30 - getOutlet.php - Received encrypt: 41c7aa6da1665eab307362296dd568d0
2026-04-28 11:04:30 - getOutlet.php - Authentication berhasil
2026-04-28 11:04:30 - getOutlet.php - Query: SELECT id_out, nama_out, '' AS alamat_out, ofcode_out
            FROM outlet 
            WHERE status_out IN ('Active', '1', 'active')
            AND (nama_out LIKE :key OR ofcode_out LIKE :key)
            ORDER BY nama_out ASC
            LIMIT 20
2026-04-28 11:04:30 - getOutlet.php - Query berhasil, mengembalikan 20 record
2026-04-28 11:04:30 - getOutlet.php - === END REQUEST ===
2026-04-28 04:04:30 - getOutlet.php - === REQUEST GETOUTLET ===
2026-04-28 04:04:30 - getOutlet.php - Method: POST
2026-04-28 04:04:30 - getOutlet.php - POST data: {"tgl":"2026-04-28","encrypt":"41c7aa6da1665eab307362296dd568d0","id_apl":"APL01","key":"RS"}
2026-04-28 11:04:30 - getOutlet.php - Params - tgl: 2026-04-28, encrypt: 41c7aa6da1665eab307362296dd568d0, id_apl: APL01, key: RS
2026-04-28 11:04:30 - getOutlet.php - Aplikasi ditemukan: Ya
2026-04-28 11:04:30 - getOutlet.php - Key aplikasi: YbcJSFjkds...
2026-04-28 11:04:30 - getOutlet.php - Expected encrypt: 41c7aa6da1665eab307362296dd568d0
2026-04-28 11:04:30 - getOutlet.php - Received encrypt: 41c7aa6da1665eab307362296dd568d0
2026-04-28 11:04:30 - getOutlet.php - Authentication berhasil
2026-04-28 11:04:30 - getOutlet.php - Query: SELECT id_out, nama_out, '' AS alamat_out, ofcode_out
            FROM outlet 
            WHERE status_out IN ('Active', '1', 'active')
            AND (nama_out LIKE :key OR ofcode_out LIKE :key)
            ORDER BY nama_out ASC
            LIMIT 20
2026-04-28 11:04:30 - getOutlet.php - Query berhasil, mengembalikan 20 record
2026-04-28 11:04:30 - getOutlet.php - === END REQUEST ===
2026-04-28 04:04:32 - getOutlet.php - === REQUEST GETOUTLET ===
2026-04-28 04:04:32 - getOutlet.php - Method: POST
2026-04-28 04:04:32 - getOutlet.php - POST data: {"tgl":"2026-04-28","encrypt":"41c7aa6da1665eab307362296dd568d0","id_apl":"APL01","key":"RS f"}
2026-04-28 11:04:32 - getOutlet.php - Params - tgl: 2026-04-28, encrypt: 41c7aa6da1665eab307362296dd568d0, id_apl: APL01, key: RS f
2026-04-28 11:04:32 - getOutlet.php - Aplikasi ditemukan: Ya
2026-04-28 11:04:32 - getOutlet.php - Key aplikasi: YbcJSFjkds...
2026-04-28 11:04:32 - getOutlet.php - Expected encrypt: 41c7aa6da1665eab307362296dd568d0
2026-04-28 11:04:32 - getOutlet.php - Received encrypt: 41c7aa6da1665eab307362296dd568d0
2026-04-28 11:04:32 - getOutlet.php - Authentication berhasil
2026-04-28 11:04:32 - getOutlet.php - Query: SELECT id_out, nama_out, '' AS alamat_out, ofcode_out
            FROM outlet 
            WHERE status_out IN ('Active', '1', 'active')
            AND (nama_out LIKE :key OR ofcode_out LIKE :key)
            ORDER BY nama_out ASC
            LIMIT 20
2026-04-28 11:04:32 - getOutlet.php - Query berhasil, mengembalikan 3 record
2026-04-28 11:04:32 - getOutlet.php - === END REQUEST ===
2026-04-28 04:04:32 - getOutlet.php - === REQUEST GETOUTLET ===
2026-04-28 04:04:32 - getOutlet.php - Method: POST
2026-04-28 04:04:32 - getOutlet.php - POST data: {"tgl":"2026-04-28","encrypt":"41c7aa6da1665eab307362296dd568d0","id_apl":"APL01","key":"RS fa"}
2026-04-28 11:04:32 - getOutlet.php - Params - tgl: 2026-04-28, encrypt: 41c7aa6da1665eab307362296dd568d0, id_apl: APL01, key: RS fa
2026-04-28 11:04:32 - getOutlet.php - Aplikasi ditemukan: Ya
2026-04-28 11:04:32 - getOutlet.php - Key aplikasi: YbcJSFjkds...
2026-04-28 11:04:32 - getOutlet.php - Expected encrypt: 41c7aa6da1665eab307362296dd568d0
2026-04-28 11:04:32 - getOutlet.php - Received encrypt: 41c7aa6da1665eab307362296dd568d0
2026-04-28 11:04:32 - getOutlet.php - Authentication berhasil
2026-04-28 11:04:32 - getOutlet.php - Query: SELECT id_out, nama_out, '' AS alamat_out, ofcode_out
            FROM outlet 
            WHERE status_out IN ('Active', '1', 'active')
            AND (nama_out LIKE :key OR ofcode_out LIKE :key)
            ORDER BY nama_out ASC
            LIMIT 20
2026-04-28 11:04:32 - getOutlet.php - Query berhasil, mengembalikan 1 record
2026-04-28 11:04:32 - getOutlet.php - === END REQUEST ===
2026-04-28 04:04:32 - getOutlet.php - === REQUEST GETOUTLET ===
2026-04-28 04:04:32 - getOutlet.php - Method: POST
2026-04-28 04:04:32 - getOutlet.php - POST data: {"tgl":"2026-04-28","encrypt":"41c7aa6da1665eab307362296dd568d0","id_apl":"APL01","key":"RS far"}
2026-04-28 11:04:32 - getOutlet.php - Params - tgl: 2026-04-28, encrypt: 41c7aa6da1665eab307362296dd568d0, id_apl: APL01, key: RS far
2026-04-28 11:04:32 - getOutlet.php - Aplikasi ditemukan: Ya
2026-04-28 11:04:32 - getOutlet.php - Key aplikasi: YbcJSFjkds...
2026-04-28 11:04:32 - getOutlet.php - Expected encrypt: 41c7aa6da1665eab307362296dd568d0
2026-04-28 11:04:32 - getOutlet.php - Received encrypt: 41c7aa6da1665eab307362296dd568d0
2026-04-28 11:04:32 - getOutlet.php - Authentication berhasil
2026-04-28 11:04:32 - getOutlet.php - Query: SELECT id_out, nama_out, '' AS alamat_out, ofcode_out
            FROM outlet 
            WHERE status_out IN ('Active', '1', 'active')
            AND (nama_out LIKE :key OR ofcode_out LIKE :key)
            ORDER BY nama_out ASC
            LIMIT 20
2026-04-28 11:04:32 - getOutlet.php - Query berhasil, mengembalikan 0 record
2026-04-28 11:04:32 - getOutlet.php - === END REQUEST ===
2026-04-28 04:04:33 - getOutlet.php - === REQUEST GETOUTLET ===
2026-04-28 04:04:33 - getOutlet.php - Method: POST
2026-04-28 04:04:33 - getOutlet.php - POST data: {"tgl":"2026-04-28","encrypt":"41c7aa6da1665eab307362296dd568d0","id_apl":"APL01","key":"RS fara"}
2026-04-28 11:04:33 - getOutlet.php - Params - tgl: 2026-04-28, encrypt: 41c7aa6da1665eab307362296dd568d0, id_apl: APL01, key: RS fara
2026-04-28 11:04:33 - getOutlet.php - Aplikasi ditemukan: Ya
2026-04-28 11:04:33 - getOutlet.php - Key aplikasi: YbcJSFjkds...
2026-04-28 11:04:33 - getOutlet.php - Expected encrypt: 41c7aa6da1665eab307362296dd568d0
2026-04-28 11:04:33 - getOutlet.php - Received encrypt: 41c7aa6da1665eab307362296dd568d0
2026-04-28 11:04:33 - getOutlet.php - Authentication berhasil
2026-04-28 11:04:33 - getOutlet.php - Query: SELECT id_out, nama_out, '' AS alamat_out, ofcode_out
            FROM outlet 
            WHERE status_out IN ('Active', '1', 'active')
            AND (nama_out LIKE :key OR ofcode_out LIKE :key)
            ORDER BY nama_out ASC
            LIMIT 20
2026-04-28 11:04:33 - getOutlet.php - Query berhasil, mengembalikan 0 record
2026-04-28 11:04:33 - getOutlet.php - === END REQUEST ===
2026-04-28 04:04:34 - getOutlet.php - === REQUEST GETOUTLET ===
2026-04-28 04:04:34 - getOutlet.php - Method: POST
2026-04-28 04:04:34 - getOutlet.php - POST data: {"tgl":"2026-04-28","encrypt":"41c7aa6da1665eab307362296dd568d0","id_apl":"APL01","key":"RS faraz"}
2026-04-28 11:04:34 - getOutlet.php - Params - tgl: 2026-04-28, encrypt: 41c7aa6da1665eab307362296dd568d0, id_apl: APL01, key: RS faraz
2026-04-28 11:04:34 - getOutlet.php - Aplikasi ditemukan: Ya
2026-04-28 11:04:34 - getOutlet.php - Key aplikasi: YbcJSFjkds...
2026-04-28 11:04:34 - getOutlet.php - Expected encrypt: 41c7aa6da1665eab307362296dd568d0
2026-04-28 11:04:34 - getOutlet.php - Received encrypt: 41c7aa6da1665eab307362296dd568d0
2026-04-28 11:04:34 - getOutlet.php - Authentication berhasil
2026-04-28 11:04:34 - getOutlet.php - Query: SELECT id_out, nama_out, '' AS alamat_out, ofcode_out
            FROM outlet 
            WHERE status_out IN ('Active', '1', 'active')
            AND (nama_out LIKE :key OR ofcode_out LIKE :key)
            ORDER BY nama_out ASC
            LIMIT 20
2026-04-28 11:04:34 - getOutlet.php - Query berhasil, mengembalikan 0 record
2026-04-28 11:04:34 - getOutlet.php - === END REQUEST ===
2026-04-28 04:04:38 - getOutlet.php - === REQUEST GETOUTLET ===
2026-04-28 04:04:38 - getOutlet.php - Method: POST
2026-04-28 04:04:38 - getOutlet.php - POST data: {"tgl":"2026-04-28","encrypt":"41c7aa6da1665eab307362296dd568d0","id_apl":"APL01","key":"RS faraza"}
2026-04-28 11:04:38 - getOutlet.php - Params - tgl: 2026-04-28, encrypt: 41c7aa6da1665eab307362296dd568d0, id_apl: APL01, key: RS faraza
2026-04-28 11:04:38 - getOutlet.php - Aplikasi ditemukan: Ya
2026-04-28 11:04:38 - getOutlet.php - Key aplikasi: YbcJSFjkds...
2026-04-28 11:04:38 - getOutlet.php - Expected encrypt: 41c7aa6da1665eab307362296dd568d0
2026-04-28 11:04:38 - getOutlet.php - Received encrypt: 41c7aa6da1665eab307362296dd568d0
2026-04-28 11:04:38 - getOutlet.php - Authentication berhasil
2026-04-28 11:04:38 - getOutlet.php - Query: SELECT id_out, nama_out, '' AS alamat_out, ofcode_out
            FROM outlet 
            WHERE status_out IN ('Active', '1', 'active')
            AND (nama_out LIKE :key OR ofcode_out LIKE :key)
            ORDER BY nama_out ASC
            LIMIT 20
2026-04-28 11:04:38 - getOutlet.php - Query berhasil, mengembalikan 0 record
2026-04-28 11:04:38 - getOutlet.php - === END REQUEST ===
2026-04-28 04:04:41 - getOutlet.php - === REQUEST GETOUTLET ===
2026-04-28 04:04:41 - getOutlet.php - Method: POST
2026-04-28 04:04:41 - getOutlet.php - POST data: {"tgl":"2026-04-28","encrypt":"41c7aa6da1665eab307362296dd568d0","id_apl":"APL01","key":"Rs"}
2026-04-28 11:04:41 - getOutlet.php - Params - tgl: 2026-04-28, encrypt: 41c7aa6da1665eab307362296dd568d0, id_apl: APL01, key: Rs
2026-04-28 11:04:41 - getOutlet.php - Aplikasi ditemukan: Ya
2026-04-28 11:04:41 - getOutlet.php - Key aplikasi: YbcJSFjkds...
2026-04-28 11:04:41 - getOutlet.php - Expected encrypt: 41c7aa6da1665eab307362296dd568d0
2026-04-28 11:04:41 - getOutlet.php - Received encrypt: 41c7aa6da1665eab307362296dd568d0
2026-04-28 11:04:41 - getOutlet.php - Authentication berhasil
2026-04-28 11:04:41 - getOutlet.php - Query: SELECT id_out, nama_out, '' AS alamat_out, ofcode_out
            FROM outlet 
            WHERE status_out IN ('Active', '1', 'active')
            AND (nama_out LIKE :key OR ofcode_out LIKE :key)
            ORDER BY nama_out ASC
            LIMIT 20
2026-04-28 11:04:41 - getOutlet.php - Query berhasil, mengembalikan 20 record
2026-04-28 11:04:41 - getOutlet.php - === END REQUEST ===
2026-04-28 04:04:41 - getOutlet.php - === REQUEST GETOUTLET ===
2026-04-28 04:04:41 - getOutlet.php - Method: POST
2026-04-28 04:04:41 - getOutlet.php - POST data: {"tgl":"2026-04-28","encrypt":"41c7aa6da1665eab307362296dd568d0","id_apl":"APL01","key":"RS"}
2026-04-28 11:04:41 - getOutlet.php - Params - tgl: 2026-04-28, encrypt: 41c7aa6da1665eab307362296dd568d0, id_apl: APL01, key: RS
2026-04-28 11:04:41 - getOutlet.php - Aplikasi ditemukan: Ya
2026-04-28 11:04:41 - getOutlet.php - Key aplikasi: YbcJSFjkds...
2026-04-28 11:04:41 - getOutlet.php - Expected encrypt: 41c7aa6da1665eab307362296dd568d0
2026-04-28 11:04:41 - getOutlet.php - Received encrypt: 41c7aa6da1665eab307362296dd568d0
2026-04-28 11:04:41 - getOutlet.php - Authentication berhasil
2026-04-28 11:04:41 - getOutlet.php - Query: SELECT id_out, nama_out, '' AS alamat_out, ofcode_out
            FROM outlet 
            WHERE status_out IN ('Active', '1', 'active')
            AND (nama_out LIKE :key OR ofcode_out LIKE :key)
            ORDER BY nama_out ASC
            LIMIT 20
2026-04-28 11:04:41 - getOutlet.php - Query berhasil, mengembalikan 20 record
2026-04-28 11:04:41 - getOutlet.php - === END REQUEST ===
2026-04-28 04:04:41 - getOutlet.php - === REQUEST GETOUTLET ===
2026-04-28 04:04:41 - getOutlet.php - Method: POST
2026-04-28 04:04:41 - getOutlet.php - POST data: {"tgl":"2026-04-28","encrypt":"41c7aa6da1665eab307362296dd568d0","id_apl":"APL01","key":"RS a"}
2026-04-28 11:04:41 - getOutlet.php - Params - tgl: 2026-04-28, encrypt: 41c7aa6da1665eab307362296dd568d0, id_apl: APL01, key: RS a
2026-04-28 11:04:41 - getOutlet.php - Aplikasi ditemukan: Ya
2026-04-28 11:04:41 - getOutlet.php - Key aplikasi: YbcJSFjkds...
2026-04-28 11:04:41 - getOutlet.php - Expected encrypt: 41c7aa6da1665eab307362296dd568d0
2026-04-28 11:04:41 - getOutlet.php - Received encrypt: 41c7aa6da1665eab307362296dd568d0
2026-04-28 11:04:41 - getOutlet.php - Authentication berhasil
2026-04-28 11:04:41 - getOutlet.php - Query: SELECT id_out, nama_out, '' AS alamat_out, ofcode_out
            FROM outlet 
            WHERE status_out IN ('Active', '1', 'active')
            AND (nama_out LIKE :key OR ofcode_out LIKE :key)
            ORDER BY nama_out ASC
            LIMIT 20
2026-04-28 11:04:41 - getOutlet.php - Query berhasil, mengembalikan 18 record
2026-04-28 11:04:41 - getOutlet.php - === END REQUEST ===
2026-04-28 04:04:41 - getOutlet.php - === REQUEST GETOUTLET ===
2026-04-28 04:04:41 - getOutlet.php - Method: POST
2026-04-28 04:04:41 - getOutlet.php - POST data: {"tgl":"2026-04-28","encrypt":"41c7aa6da1665eab307362296dd568d0","id_apl":"APL01","key":"RS ab"}
2026-04-28 11:04:41 - getOutlet.php - Params - tgl: 2026-04-28, encrypt: 41c7aa6da1665eab307362296dd568d0, id_apl: APL01, key: RS ab
2026-04-28 11:04:41 - getOutlet.php - Aplikasi ditemukan: Ya
2026-04-28 11:04:41 - getOutlet.php - Key aplikasi: YbcJSFjkds...
2026-04-28 11:04:41 - getOutlet.php - Expected encrypt: 41c7aa6da1665eab307362296dd568d0
2026-04-28 11:04:41 - getOutlet.php - Received encrypt: 41c7aa6da1665eab307362296dd568d0
2026-04-28 11:04:41 - getOutlet.php - Authentication berhasil
2026-04-28 11:04:41 - getOutlet.php - Query: SELECT id_out, nama_out, '' AS alamat_out, ofcode_out
            FROM outlet 
            WHERE status_out IN ('Active', '1', 'active')
            AND (nama_out LIKE :key OR ofcode_out LIKE :key)
            ORDER BY nama_out ASC
            LIMIT 20
2026-04-28 11:04:41 - getOutlet.php - Query berhasil, mengembalikan 0 record
2026-04-28 11:04:41 - getOutlet.php - === END REQUEST ===
2026-04-28 04:04:42 - getOutlet.php - === REQUEST GETOUTLET ===
2026-04-28 04:04:42 - getOutlet.php - Method: POST
2026-04-28 04:04:42 - getOutlet.php - POST data: {"tgl":"2026-04-28","encrypt":"41c7aa6da1665eab307362296dd568d0","id_apl":"APL01","key":"RS a"}
2026-04-28 11:04:42 - getOutlet.php - Params - tgl: 2026-04-28, encrypt: 41c7aa6da1665eab307362296dd568d0, id_apl: APL01, key: RS a
2026-04-28 11:04:42 - getOutlet.php - Aplikasi ditemukan: Ya
2026-04-28 11:04:42 - getOutlet.php - Key aplikasi: YbcJSFjkds...
2026-04-28 11:04:42 - getOutlet.php - Expected encrypt: 41c7aa6da1665eab307362296dd568d0
2026-04-28 11:04:42 - getOutlet.php - Received encrypt: 41c7aa6da1665eab307362296dd568d0
2026-04-28 11:04:42 - getOutlet.php - Authentication berhasil
2026-04-28 11:04:42 - getOutlet.php - Query: SELECT id_out, nama_out, '' AS alamat_out, ofcode_out
            FROM outlet 
            WHERE status_out IN ('Active', '1', 'active')
            AND (nama_out LIKE :key OR ofcode_out LIKE :key)
            ORDER BY nama_out ASC
            LIMIT 20
2026-04-28 11:04:42 - getOutlet.php - Query berhasil, mengembalikan 18 record
2026-04-28 11:04:42 - getOutlet.php - === END REQUEST ===
2026-04-28 04:04:42 - getOutlet.php - === REQUEST GETOUTLET ===
2026-04-28 04:04:42 - getOutlet.php - Method: POST
2026-04-28 04:04:42 - getOutlet.php - POST data: {"tgl":"2026-04-28","encrypt":"41c7aa6da1665eab307362296dd568d0","id_apl":"APL01","key":"RSfaraza"}
2026-04-28 11:04:42 - getOutlet.php - Params - tgl: 2026-04-28, encrypt: 41c7aa6da1665eab307362296dd568d0, id_apl: APL01, key: RSfaraza
2026-04-28 11:04:42 - getOutlet.php - Aplikasi ditemukan: Ya
2026-04-28 11:04:42 - getOutlet.php - Key aplikasi: YbcJSFjkds...
2026-04-28 11:04:42 - getOutlet.php - Expected encrypt: 41c7aa6da1665eab307362296dd568d0
2026-04-28 11:04:42 - getOutlet.php - Received encrypt: 41c7aa6da1665eab307362296dd568d0
2026-04-28 11:04:42 - getOutlet.php - Authentication berhasil
2026-04-28 11:04:42 - getOutlet.php - Query: SELECT id_out, nama_out, '' AS alamat_out, ofcode_out
            FROM outlet 
            WHERE status_out IN ('Active', '1', 'active')
            AND (nama_out LIKE :key OR ofcode_out LIKE :key)
            ORDER BY nama_out ASC
            LIMIT 20
2026-04-28 11:04:42 - getOutlet.php - Query berhasil, mengembalikan 0 record
2026-04-28 11:04:42 - getOutlet.php - === END REQUEST ===
2026-04-28 04:04:43 - getOutlet.php - === REQUEST GETOUTLET ===
2026-04-28 04:04:43 - getOutlet.php - Method: POST
2026-04-28 04:04:43 - getOutlet.php - POST data: {"tgl":"2026-04-28","encrypt":"41c7aa6da1665eab307362296dd568d0","id_apl":"APL01","key":"Rfaraza"}
2026-04-28 11:04:43 - getOutlet.php - Params - tgl: 2026-04-28, encrypt: 41c7aa6da1665eab307362296dd568d0, id_apl: APL01, key: Rfaraza
2026-04-28 11:04:43 - getOutlet.php - Aplikasi ditemukan: Ya
2026-04-28 11:04:43 - getOutlet.php - Key aplikasi: YbcJSFjkds...
2026-04-28 11:04:43 - getOutlet.php - Expected encrypt: 41c7aa6da1665eab307362296dd568d0
2026-04-28 11:04:43 - getOutlet.php - Received encrypt: 41c7aa6da1665eab307362296dd568d0
2026-04-28 11:04:43 - getOutlet.php - Authentication berhasil
2026-04-28 11:04:43 - getOutlet.php - Query: SELECT id_out, nama_out, '' AS alamat_out, ofcode_out
            FROM outlet 
            WHERE status_out IN ('Active', '1', 'active')
            AND (nama_out LIKE :key OR ofcode_out LIKE :key)
            ORDER BY nama_out ASC
            LIMIT 20
2026-04-28 11:04:43 - getOutlet.php - Query berhasil, mengembalikan 0 record
2026-04-28 11:04:43 - getOutlet.php - === END REQUEST ===
2026-04-28 04:04:43 - getOutlet.php - === REQUEST GETOUTLET ===
2026-04-28 04:04:43 - getOutlet.php - Method: POST
2026-04-28 04:04:43 - getOutlet.php - POST data: {"tgl":"2026-04-28","encrypt":"41c7aa6da1665eab307362296dd568d0","id_apl":"APL01","key":"RS an"}
2026-04-28 11:04:43 - getOutlet.php - Params - tgl: 2026-04-28, encrypt: 41c7aa6da1665eab307362296dd568d0, id_apl: APL01, key: RS an
2026-04-28 11:04:43 - getOutlet.php - Aplikasi ditemukan: Ya
2026-04-28 11:04:43 - getOutlet.php - Key aplikasi: YbcJSFjkds...
2026-04-28 11:04:43 - getOutlet.php - Expected encrypt: 41c7aa6da1665eab307362296dd568d0
2026-04-28 11:04:43 - getOutlet.php - Received encrypt: 41c7aa6da1665eab307362296dd568d0
2026-04-28 11:04:43 - getOutlet.php - Authentication berhasil
2026-04-28 11:04:43 - getOutlet.php - Query: SELECT id_out, nama_out, '' AS alamat_out, ofcode_out
            FROM outlet 
            WHERE status_out IN ('Active', '1', 'active')
            AND (nama_out LIKE :key OR ofcode_out LIKE :key)
            ORDER BY nama_out ASC
            LIMIT 20
2026-04-28 11:04:43 - getOutlet.php - Query berhasil, mengembalikan 8 record
2026-04-28 11:04:43 - getOutlet.php - === END REQUEST ===
2026-04-28 04:04:43 - getOutlet.php - === REQUEST GETOUTLET ===
2026-04-28 04:04:43 - getOutlet.php - Method: POST
2026-04-28 04:04:43 - getOutlet.php - POST data: {"tgl":"2026-04-28","encrypt":"41c7aa6da1665eab307362296dd568d0","id_apl":"APL01","key":"faraza"}
2026-04-28 11:04:43 - getOutlet.php - Params - tgl: 2026-04-28, encrypt: 41c7aa6da1665eab307362296dd568d0, id_apl: APL01, key: faraza
2026-04-28 11:04:43 - getOutlet.php - Aplikasi ditemukan: Ya
2026-04-28 11:04:43 - getOutlet.php - Key aplikasi: YbcJSFjkds...
2026-04-28 11:04:43 - getOutlet.php - Expected encrypt: 41c7aa6da1665eab307362296dd568d0
2026-04-28 11:04:43 - getOutlet.php - Received encrypt: 41c7aa6da1665eab307362296dd568d0
2026-04-28 11:04:43 - getOutlet.php - Authentication berhasil
2026-04-28 11:04:43 - getOutlet.php - Query: SELECT id_out, nama_out, '' AS alamat_out, ofcode_out
            FROM outlet 
            WHERE status_out IN ('Active', '1', 'active')
            AND (nama_out LIKE :key OR ofcode_out LIKE :key)
            ORDER BY nama_out ASC
            LIMIT 20
2026-04-28 11:04:43 - getOutlet.php - Query berhasil, mengembalikan 12 record
2026-04-28 11:04:43 - getOutlet.php - === END REQUEST ===
2026-04-28 04:04:44 - getOutlet.php - === REQUEST GETOUTLET ===
2026-04-28 04:04:44 - getOutlet.php - Method: POST
2026-04-28 04:04:44 - getOutlet.php - POST data: {"tgl":"2026-04-28","encrypt":"41c7aa6da1665eab307362296dd568d0","id_apl":"APL01","key":"Afaraza"}
2026-04-28 11:04:44 - getOutlet.php - Params - tgl: 2026-04-28, encrypt: 41c7aa6da1665eab307362296dd568d0, id_apl: APL01, key: Afaraza
2026-04-28 11:04:44 - getOutlet.php - Aplikasi ditemukan: Ya
2026-04-28 11:04:44 - getOutlet.php - Key aplikasi: YbcJSFjkds...
2026-04-28 11:04:44 - getOutlet.php - Expected encrypt: 41c7aa6da1665eab307362296dd568d0
2026-04-28 11:04:44 - getOutlet.php - Received encrypt: 41c7aa6da1665eab307362296dd568d0
2026-04-28 11:04:44 - getOutlet.php - Authentication berhasil
2026-04-28 11:04:44 - getOutlet.php - Query: SELECT id_out, nama_out, '' AS alamat_out, ofcode_out
            FROM outlet 
            WHERE status_out IN ('Active', '1', 'active')
            AND (nama_out LIKE :key OR ofcode_out LIKE :key)
            ORDER BY nama_out ASC
            LIMIT 20
2026-04-28 11:04:44 - getOutlet.php - Query berhasil, mengembalikan 0 record
2026-04-28 11:04:44 - getOutlet.php - === END REQUEST ===
2026-04-28 04:04:44 - getOutlet.php - === REQUEST GETOUTLET ===
2026-04-28 04:04:44 - getOutlet.php - Method: POST
2026-04-28 04:04:44 - getOutlet.php - POST data: {"tgl":"2026-04-28","encrypt":"41c7aa6da1665eab307362296dd568d0","id_apl":"APL01","key":"Apfaraza"}
2026-04-28 11:04:44 - getOutlet.php - Params - tgl: 2026-04-28, encrypt: 41c7aa6da1665eab307362296dd568d0, id_apl: APL01, key: Apfaraza
2026-04-28 11:04:44 - getOutlet.php - Aplikasi ditemukan: Ya
2026-04-28 11:04:44 - getOutlet.php - Key aplikasi: YbcJSFjkds...
2026-04-28 11:04:44 - getOutlet.php - Expected encrypt: 41c7aa6da1665eab307362296dd568d0
2026-04-28 11:04:44 - getOutlet.php - Received encrypt: 41c7aa6da1665eab307362296dd568d0
2026-04-28 11:04:44 - getOutlet.php - Authentication berhasil
2026-04-28 11:04:44 - getOutlet.php - Query: SELECT id_out, nama_out, '' AS alamat_out, ofcode_out
            FROM outlet 
            WHERE status_out IN ('Active', '1', 'active')
            AND (nama_out LIKE :key OR ofcode_out LIKE :key)
            ORDER BY nama_out ASC
            LIMIT 20
2026-04-28 11:04:44 - getOutlet.php - Query berhasil, mengembalikan 0 record
2026-04-28 11:04:44 - getOutlet.php - === END REQUEST ===
2026-04-28 04:04:44 - getOutlet.php - === REQUEST GETOUTLET ===
2026-04-28 04:04:44 - getOutlet.php - Method: POST
2026-04-28 04:04:44 - getOutlet.php - POST data: {"tgl":"2026-04-28","encrypt":"41c7aa6da1665eab307362296dd568d0","id_apl":"APL01","key":"RS AN-NISA"}
2026-04-28 11:04:44 - getOutlet.php - Params - tgl: 2026-04-28, encrypt: 41c7aa6da1665eab307362296dd568d0, id_apl: APL01, key: RS AN-NISA
2026-04-28 11:04:44 - getOutlet.php - Aplikasi ditemukan: Ya
2026-04-28 11:04:44 - getOutlet.php - Key aplikasi: YbcJSFjkds...
2026-04-28 11:04:44 - getOutlet.php - Expected encrypt: 41c7aa6da1665eab307362296dd568d0
2026-04-28 11:04:44 - getOutlet.php - Received encrypt: 41c7aa6da1665eab307362296dd568d0
2026-04-28 11:04:44 - getOutlet.php - Authentication berhasil
2026-04-28 11:04:44 - getOutlet.php - Query: SELECT id_out, nama_out, '' AS alamat_out, ofcode_out
            FROM outlet 
            WHERE status_out IN ('Active', '1', 'active')
            AND (nama_out LIKE :key OR ofcode_out LIKE :key)
            ORDER BY nama_out ASC
            LIMIT 20
2026-04-28 11:04:44 - getOutlet.php - Query berhasil, mengembalikan 1 record
2026-04-28 11:04:44 - getOutlet.php - === END REQUEST ===
2026-04-28 04:04:44 - getOutlet.php - === REQUEST GETOUTLET ===
2026-04-28 04:04:44 - getOutlet.php - Method: POST
2026-04-28 04:04:44 - getOutlet.php - POST data: {"tgl":"2026-04-28","encrypt":"41c7aa6da1665eab307362296dd568d0","id_apl":"APL01","key":"Apofaraza"}
2026-04-28 11:04:44 - getOutlet.php - Params - tgl: 2026-04-28, encrypt: 41c7aa6da1665eab307362296dd568d0, id_apl: APL01, key: Apofaraza
2026-04-28 11:04:44 - getOutlet.php - Aplikasi ditemukan: Ya
2026-04-28 11:04:44 - getOutlet.php - Key aplikasi: YbcJSFjkds...
2026-04-28 11:04:44 - getOutlet.php - Expected encrypt: 41c7aa6da1665eab307362296dd568d0
2026-04-28 11:04:44 - getOutlet.php - Received encrypt: 41c7aa6da1665eab307362296dd568d0
2026-04-28 11:04:44 - getOutlet.php - Authentication berhasil
2026-04-28 11:04:44 - getOutlet.php - Query: SELECT id_out, nama_out, '' AS alamat_out, ofcode_out
            FROM outlet 
            WHERE status_out IN ('Active', '1', 'active')
            AND (nama_out LIKE :key OR ofcode_out LIKE :key)
            ORDER BY nama_out ASC
            LIMIT 20
2026-04-28 11:04:44 - getOutlet.php - Query berhasil, mengembalikan 0 record
2026-04-28 11:04:44 - getOutlet.php - === END REQUEST ===
2026-04-28 04:04:45 - getOutlet.php - === REQUEST GETOUTLET ===
2026-04-28 04:04:45 - getOutlet.php - Method: POST
2026-04-28 04:04:45 - getOutlet.php - POST data: {"tgl":"2026-04-28","encrypt":"41c7aa6da1665eab307362296dd568d0","id_apl":"APL01","key":"Apotek faraza"}
2026-04-28 11:04:45 - getOutlet.php - Params - tgl: 2026-04-28, encrypt: 41c7aa6da1665eab307362296dd568d0, id_apl: APL01, key: Apotek faraza
2026-04-28 11:04:45 - getOutlet.php - Aplikasi ditemukan: Ya
2026-04-28 11:04:45 - getOutlet.php - Key aplikasi: YbcJSFjkds...
2026-04-28 11:04:45 - getOutlet.php - Expected encrypt: 41c7aa6da1665eab307362296dd568d0
2026-04-28 11:04:45 - getOutlet.php - Received encrypt: 41c7aa6da1665eab307362296dd568d0
2026-04-28 11:04:45 - getOutlet.php - Authentication berhasil
2026-04-28 11:04:45 - getOutlet.php - Query: SELECT id_out, nama_out, '' AS alamat_out, ofcode_out
            FROM outlet 
            WHERE status_out IN ('Active', '1', 'active')
            AND (nama_out LIKE :key OR ofcode_out LIKE :key)
            ORDER BY nama_out ASC
            LIMIT 20
2026-04-28 11:04:45 - getOutlet.php - Query berhasil, mengembalikan 9 record
2026-04-28 11:04:45 - getOutlet.php - === END REQUEST ===
2026-04-28 04:04:50 - getOutlet.php - === REQUEST GETOUTLET ===
2026-04-28 04:04:50 - getOutlet.php - Method: POST
2026-04-28 04:04:50 - getOutlet.php - POST data: {"tgl":"2026-04-28","encrypt":"41c7aa6da1665eab307362296dd568d0","id_apl":"APL01","key":"Apotek faraza"}
2026-04-28 11:04:50 - getOutlet.php - Params - tgl: 2026-04-28, encrypt: 41c7aa6da1665eab307362296dd568d0, id_apl: APL01, key: Apotek faraza
2026-04-28 11:04:50 - getOutlet.php - Aplikasi ditemukan: Ya
2026-04-28 11:04:50 - getOutlet.php - Key aplikasi: YbcJSFjkds...
2026-04-28 11:04:50 - getOutlet.php - Expected encrypt: 41c7aa6da1665eab307362296dd568d0
2026-04-28 11:04:50 - getOutlet.php - Received encrypt: 41c7aa6da1665eab307362296dd568d0
2026-04-28 11:04:50 - getOutlet.php - Authentication berhasil
2026-04-28 11:04:50 - getOutlet.php - Query: SELECT id_out, nama_out, '' AS alamat_out, ofcode_out
            FROM outlet 
            WHERE status_out IN ('Active', '1', 'active')
            AND (nama_out LIKE :key OR ofcode_out LIKE :key)
            ORDER BY nama_out ASC
            LIMIT 20
2026-04-28 11:04:50 - getOutlet.php - Query berhasil, mengembalikan 9 record
2026-04-28 11:04:50 - getOutlet.php - === END REQUEST ===
2026-04-28 04:04:50 - getOutlet.php - === REQUEST GETOUTLET ===
2026-04-28 04:04:50 - getOutlet.php - Method: POST
2026-04-28 04:04:50 - getOutlet.php - POST data: {"tgl":"2026-04-28","encrypt":"41c7aa6da1665eab307362296dd568d0","id_apl":"APL01","key":"Apotek faraza a"}
2026-04-28 11:04:50 - getOutlet.php - Params - tgl: 2026-04-28, encrypt: 41c7aa6da1665eab307362296dd568d0, id_apl: APL01, key: Apotek faraza a
2026-04-28 11:04:50 - getOutlet.php - Aplikasi ditemukan: Ya
2026-04-28 11:04:50 - getOutlet.php - Key aplikasi: YbcJSFjkds...
2026-04-28 11:04:50 - getOutlet.php - Expected encrypt: 41c7aa6da1665eab307362296dd568d0
2026-04-28 11:04:50 - getOutlet.php - Received encrypt: 41c7aa6da1665eab307362296dd568d0
2026-04-28 11:04:50 - getOutlet.php - Authentication berhasil
2026-04-28 11:04:50 - getOutlet.php - Query: SELECT id_out, nama_out, '' AS alamat_out, ofcode_out
            FROM outlet 
            WHERE status_out IN ('Active', '1', 'active')
            AND (nama_out LIKE :key OR ofcode_out LIKE :key)
            ORDER BY nama_out ASC
            LIMIT 20
2026-04-28 11:04:50 - getOutlet.php - Query berhasil, mengembalikan 0 record
2026-04-28 11:04:50 - getOutlet.php - === END REQUEST ===
2026-04-28 04:04:50 - getOutlet.php - === REQUEST GETOUTLET ===
2026-04-28 04:04:50 - getOutlet.php - Method: POST
2026-04-28 04:04:50 - getOutlet.php - POST data: {"tgl":"2026-04-28","encrypt":"41c7aa6da1665eab307362296dd568d0","id_apl":"APL01","key":"Apotek faraza al"}
2026-04-28 11:04:50 - getOutlet.php - Params - tgl: 2026-04-28, encrypt: 41c7aa6da1665eab307362296dd568d0, id_apl: APL01, key: Apotek faraza al
2026-04-28 11:04:50 - getOutlet.php - Aplikasi ditemukan: Ya
2026-04-28 11:04:50 - getOutlet.php - Key aplikasi: YbcJSFjkds...
2026-04-28 11:04:50 - getOutlet.php - Expected encrypt: 41c7aa6da1665eab307362296dd568d0
2026-04-28 11:04:50 - getOutlet.php - Received encrypt: 41c7aa6da1665eab307362296dd568d0
2026-04-28 11:04:50 - getOutlet.php - Authentication berhasil
2026-04-28 11:04:50 - getOutlet.php - Query: SELECT id_out, nama_out, '' AS alamat_out, ofcode_out
            FROM outlet 
            WHERE status_out IN ('Active', '1', 'active')
            AND (nama_out LIKE :key OR ofcode_out LIKE :key)
            ORDER BY nama_out ASC
            LIMIT 20
2026-04-28 11:04:50 - getOutlet.php - Query berhasil, mengembalikan 0 record
2026-04-28 11:04:50 - getOutlet.php - === END REQUEST ===
2026-04-28 04:04:50 - getOutlet.php - === REQUEST GETOUTLET ===
2026-04-28 04:04:50 - getOutlet.php - Method: POST
2026-04-28 04:04:50 - getOutlet.php - POST data: {"tgl":"2026-04-28","encrypt":"41c7aa6da1665eab307362296dd568d0","id_apl":"APL01","key":"Apotek faraza ala"}
2026-04-28 11:04:50 - getOutlet.php - Params - tgl: 2026-04-28, encrypt: 41c7aa6da1665eab307362296dd568d0, id_apl: APL01, key: Apotek faraza ala
2026-04-28 11:04:50 - getOutlet.php - Aplikasi ditemukan: Ya
2026-04-28 11:04:50 - getOutlet.php - Key aplikasi: YbcJSFjkds...
2026-04-28 11:04:50 - getOutlet.php - Expected encrypt: 41c7aa6da1665eab307362296dd568d0
2026-04-28 11:04:50 - getOutlet.php - Received encrypt: 41c7aa6da1665eab307362296dd568d0
2026-04-28 11:04:50 - getOutlet.php - Authentication berhasil
2026-04-28 11:04:50 - getOutlet.php - Query: SELECT id_out, nama_out, '' AS alamat_out, ofcode_out
            FROM outlet 
            WHERE status_out IN ('Active', '1', 'active')
            AND (nama_out LIKE :key OR ofcode_out LIKE :key)
            ORDER BY nama_out ASC
            LIMIT 20
2026-04-28 11:04:50 - getOutlet.php - Query berhasil, mengembalikan 0 record
2026-04-28 11:04:50 - getOutlet.php - === END REQUEST ===
2026-04-28 04:04:51 - getOutlet.php - === REQUEST GETOUTLET ===
2026-04-28 04:04:51 - getOutlet.php - Method: POST
2026-04-28 04:04:51 - getOutlet.php - POST data: {"tgl":"2026-04-28","encrypt":"41c7aa6da1665eab307362296dd568d0","id_apl":"APL01","key":"Apotek faraza alam"}
2026-04-28 11:04:51 - getOutlet.php - Params - tgl: 2026-04-28, encrypt: 41c7aa6da1665eab307362296dd568d0, id_apl: APL01, key: Apotek faraza alam
2026-04-28 11:04:51 - getOutlet.php - Aplikasi ditemukan: Ya
2026-04-28 11:04:51 - getOutlet.php - Key aplikasi: YbcJSFjkds...
2026-04-28 11:04:51 - getOutlet.php - Expected encrypt: 41c7aa6da1665eab307362296dd568d0
2026-04-28 11:04:51 - getOutlet.php - Received encrypt: 41c7aa6da1665eab307362296dd568d0
2026-04-28 11:04:51 - getOutlet.php - Authentication berhasil
2026-04-28 11:04:51 - getOutlet.php - Query: SELECT id_out, nama_out, '' AS alamat_out, ofcode_out
            FROM outlet 
            WHERE status_out IN ('Active', '1', 'active')
            AND (nama_out LIKE :key OR ofcode_out LIKE :key)
            ORDER BY nama_out ASC
            LIMIT 20
2026-04-28 11:04:51 - getOutlet.php - Query berhasil, mengembalikan 0 record
2026-04-28 11:04:51 - getOutlet.php - === END REQUEST ===
2026-04-28 04:04:53 - getOutlet.php - === REQUEST GETOUTLET ===
2026-04-28 04:04:53 - getOutlet.php - Method: POST
2026-04-28 04:04:53 - getOutlet.php - POST data: {"tgl":"2026-04-28","encrypt":"41c7aa6da1665eab307362296dd568d0","id_apl":"APL01","key":"Apotek faraza alaml"}
2026-04-28 11:04:53 - getOutlet.php - Params - tgl: 2026-04-28, encrypt: 41c7aa6da1665eab307362296dd568d0, id_apl: APL01, key: Apotek faraza alaml
2026-04-28 11:04:53 - getOutlet.php - Aplikasi ditemukan: Ya
2026-04-28 11:04:53 - getOutlet.php - Key aplikasi: YbcJSFjkds...
2026-04-28 11:04:53 - getOutlet.php - Expected encrypt: 41c7aa6da1665eab307362296dd568d0
2026-04-28 11:04:53 - getOutlet.php - Received encrypt: 41c7aa6da1665eab307362296dd568d0
2026-04-28 11:04:53 - getOutlet.php - Authentication berhasil
2026-04-28 11:04:53 - getOutlet.php - Query: SELECT id_out, nama_out, '' AS alamat_out, ofcode_out
            FROM outlet 
            WHERE status_out IN ('Active', '1', 'active')
            AND (nama_out LIKE :key OR ofcode_out LIKE :key)
            ORDER BY nama_out ASC
            LIMIT 20
2026-04-28 11:04:53 - getOutlet.php - Query berhasil, mengembalikan 0 record
2026-04-28 11:04:53 - getOutlet.php - === END REQUEST ===
2026-04-28 04:04:53 - getOutlet.php - === REQUEST GETOUTLET ===
2026-04-28 04:04:53 - getOutlet.php - Method: POST
2026-04-28 04:04:53 - getOutlet.php - POST data: {"tgl":"2026-04-28","encrypt":"41c7aa6da1665eab307362296dd568d0","id_apl":"APL01","key":"Apotek faraza alamll"}
2026-04-28 11:04:53 - getOutlet.php - Params - tgl: 2026-04-28, encrypt: 41c7aa6da1665eab307362296dd568d0, id_apl: APL01, key: Apotek faraza alamll
2026-04-28 11:04:53 - getOutlet.php - Aplikasi ditemukan: Ya
2026-04-28 11:04:53 - getOutlet.php - Key aplikasi: YbcJSFjkds...
2026-04-28 11:04:53 - getOutlet.php - Expected encrypt: 41c7aa6da1665eab307362296dd568d0
2026-04-28 11:04:53 - getOutlet.php - Received encrypt: 41c7aa6da1665eab307362296dd568d0
2026-04-28 11:04:53 - getOutlet.php - Authentication berhasil
2026-04-28 11:04:53 - getOutlet.php - Query: SELECT id_out, nama_out, '' AS alamat_out, ofcode_out
            FROM outlet 
            WHERE status_out IN ('Active', '1', 'active')
            AND (nama_out LIKE :key OR ofcode_out LIKE :key)
            ORDER BY nama_out ASC
            LIMIT 20
2026-04-28 11:04:53 - getOutlet.php - Query berhasil, mengembalikan 0 record
2026-04-28 11:04:53 - getOutlet.php - === END REQUEST ===
2026-04-28 04:04:53 - getOutlet.php - === REQUEST GETOUTLET ===
2026-04-28 04:04:53 - getOutlet.php - Method: POST
2026-04-28 04:04:53 - getOutlet.php - POST data: {"tgl":"2026-04-28","encrypt":"41c7aa6da1665eab307362296dd568d0","id_apl":"APL01","key":"Apotek faraza alaml"}
2026-04-28 11:04:53 - getOutlet.php - Params - tgl: 2026-04-28, encrypt: 41c7aa6da1665eab307362296dd568d0, id_apl: APL01, key: Apotek faraza alaml
2026-04-28 11:04:53 - getOutlet.php - Aplikasi ditemukan: Ya
2026-04-28 11:04:53 - getOutlet.php - Key aplikasi: YbcJSFjkds...
2026-04-28 11:04:53 - getOutlet.php - Expected encrypt: 41c7aa6da1665eab307362296dd568d0
2026-04-28 11:04:53 - getOutlet.php - Received encrypt: 41c7aa6da1665eab307362296dd568d0
2026-04-28 11:04:53 - getOutlet.php - Authentication berhasil
2026-04-28 11:04:53 - getOutlet.php - Query: SELECT id_out, nama_out, '' AS alamat_out, ofcode_out
            FROM outlet 
            WHERE status_out IN ('Active', '1', 'active')
            AND (nama_out LIKE :key OR ofcode_out LIKE :key)
            ORDER BY nama_out ASC
            LIMIT 20
2026-04-28 11:04:53 - getOutlet.php - Query berhasil, mengembalikan 0 record
2026-04-28 11:04:53 - getOutlet.php - === END REQUEST ===
2026-04-28 04:04:54 - getOutlet.php - === REQUEST GETOUTLET ===
2026-04-28 04:04:54 - getOutlet.php - Method: POST
2026-04-28 04:04:54 - getOutlet.php - POST data: {"tgl":"2026-04-28","encrypt":"41c7aa6da1665eab307362296dd568d0","id_apl":"APL01","key":"Apotek faraza alam"}
2026-04-28 11:04:54 - getOutlet.php - Params - tgl: 2026-04-28, encrypt: 41c7aa6da1665eab307362296dd568d0, id_apl: APL01, key: Apotek faraza alam
2026-04-28 11:04:54 - getOutlet.php - Aplikasi ditemukan: Ya
2026-04-28 11:04:54 - getOutlet.php - Key aplikasi: YbcJSFjkds...
2026-04-28 11:04:54 - getOutlet.php - Expected encrypt: 41c7aa6da1665eab307362296dd568d0
2026-04-28 11:04:54 - getOutlet.php - Received encrypt: 41c7aa6da1665eab307362296dd568d0
2026-04-28 11:04:54 - getOutlet.php - Authentication berhasil
2026-04-28 11:04:54 - getOutlet.php - Query: SELECT id_out, nama_out, '' AS alamat_out, ofcode_out
            FROM outlet 
            WHERE status_out IN ('Active', '1', 'active')
            AND (nama_out LIKE :key OR ofcode_out LIKE :key)
            ORDER BY nama_out ASC
            LIMIT 20
2026-04-28 11:04:54 - getOutlet.php - Query berhasil, mengembalikan 0 record
2026-04-28 11:04:54 - getOutlet.php - === END REQUEST ===
2026-04-28 04:04:54 - getOutlet.php - === REQUEST GETOUTLET ===
2026-04-28 04:04:54 - getOutlet.php - Method: POST
2026-04-28 04:04:54 - getOutlet.php - POST data: {"tgl":"2026-04-28","encrypt":"41c7aa6da1665eab307362296dd568d0","id_apl":"APL01","key":"Apotek faraza ala"}
2026-04-28 11:04:54 - getOutlet.php - Params - tgl: 2026-04-28, encrypt: 41c7aa6da1665eab307362296dd568d0, id_apl: APL01, key: Apotek faraza ala
2026-04-28 11:04:54 - getOutlet.php - Aplikasi ditemukan: Ya
2026-04-28 11:04:54 - getOutlet.php - Key aplikasi: YbcJSFjkds...
2026-04-28 11:04:54 - getOutlet.php - Expected encrypt: 41c7aa6da1665eab307362296dd568d0
2026-04-28 11:04:54 - getOutlet.php - Received encrypt: 41c7aa6da1665eab307362296dd568d0
2026-04-28 11:04:54 - getOutlet.php - Authentication berhasil
2026-04-28 11:04:54 - getOutlet.php - Query: SELECT id_out, nama_out, '' AS alamat_out, ofcode_out
            FROM outlet 
            WHERE status_out IN ('Active', '1', 'active')
            AND (nama_out LIKE :key OR ofcode_out LIKE :key)
            ORDER BY nama_out ASC
            LIMIT 20
2026-04-28 11:04:54 - getOutlet.php - Query berhasil, mengembalikan 0 record
2026-04-28 11:04:54 - getOutlet.php - === END REQUEST ===
2026-04-28 04:04:54 - getOutlet.php - === REQUEST GETOUTLET ===
2026-04-28 04:04:54 - getOutlet.php - Method: POST
2026-04-28 04:04:54 - getOutlet.php - POST data: {"tgl":"2026-04-28","encrypt":"41c7aa6da1665eab307362296dd568d0","id_apl":"APL01","key":"Apotek faraza al"}
2026-04-28 11:04:54 - getOutlet.php - Params - tgl: 2026-04-28, encrypt: 41c7aa6da1665eab307362296dd568d0, id_apl: APL01, key: Apotek faraza al
2026-04-28 11:04:54 - getOutlet.php - Aplikasi ditemukan: Ya
2026-04-28 11:04:54 - getOutlet.php - Key aplikasi: YbcJSFjkds...
2026-04-28 11:04:54 - getOutlet.php - Expected encrypt: 41c7aa6da1665eab307362296dd568d0
2026-04-28 11:04:54 - getOutlet.php - Received encrypt: 41c7aa6da1665eab307362296dd568d0
2026-04-28 11:04:54 - getOutlet.php - Authentication berhasil
2026-04-28 11:04:54 - getOutlet.php - Query: SELECT id_out, nama_out, '' AS alamat_out, ofcode_out
            FROM outlet 
            WHERE status_out IN ('Active', '1', 'active')
            AND (nama_out LIKE :key OR ofcode_out LIKE :key)
            ORDER BY nama_out ASC
            LIMIT 20
2026-04-28 11:04:54 - getOutlet.php - Query berhasil, mengembalikan 0 record
2026-04-28 11:04:54 - getOutlet.php - === END REQUEST ===
2026-04-28 04:04:54 - getOutlet.php - === REQUEST GETOUTLET ===
2026-04-28 04:04:54 - getOutlet.php - Method: POST
2026-04-28 04:04:54 - getOutlet.php - POST data: {"tgl":"2026-04-28","encrypt":"41c7aa6da1665eab307362296dd568d0","id_apl":"APL01","key":"Apotek faraza a"}
2026-04-28 11:04:54 - getOutlet.php - Params - tgl: 2026-04-28, encrypt: 41c7aa6da1665eab307362296dd568d0, id_apl: APL01, key: Apotek faraza a
2026-04-28 11:04:54 - getOutlet.php - Aplikasi ditemukan: Ya
2026-04-28 11:04:54 - getOutlet.php - Key aplikasi: YbcJSFjkds...
2026-04-28 11:04:54 - getOutlet.php - Expected encrypt: 41c7aa6da1665eab307362296dd568d0
2026-04-28 11:04:54 - getOutlet.php - Received encrypt: 41c7aa6da1665eab307362296dd568d0
2026-04-28 11:04:54 - getOutlet.php - Authentication berhasil
2026-04-28 11:04:54 - getOutlet.php - Query: SELECT id_out, nama_out, '' AS alamat_out, ofcode_out
            FROM outlet 
            WHERE status_out IN ('Active', '1', 'active')
            AND (nama_out LIKE :key OR ofcode_out LIKE :key)
            ORDER BY nama_out ASC
            LIMIT 20
2026-04-28 11:04:54 - getOutlet.php - Query berhasil, mengembalikan 0 record
2026-04-28 11:04:54 - getOutlet.php - === END REQUEST ===
2026-04-28 04:04:55 - getOutlet.php - === REQUEST GETOUTLET ===
2026-04-28 04:04:55 - getOutlet.php - Method: POST
2026-04-28 04:04:55 - getOutlet.php - POST data: {"tgl":"2026-04-28","encrypt":"41c7aa6da1665eab307362296dd568d0","id_apl":"APL01","key":"Apotek faraza"}
2026-04-28 11:04:55 - getOutlet.php - Params - tgl: 2026-04-28, encrypt: 41c7aa6da1665eab307362296dd568d0, id_apl: APL01, key: Apotek faraza
2026-04-28 11:04:55 - getOutlet.php - Aplikasi ditemukan: Ya
2026-04-28 11:04:55 - getOutlet.php - Key aplikasi: YbcJSFjkds...
2026-04-28 11:04:55 - getOutlet.php - Expected encrypt: 41c7aa6da1665eab307362296dd568d0
2026-04-28 11:04:55 - getOutlet.php - Received encrypt: 41c7aa6da1665eab307362296dd568d0
2026-04-28 11:04:55 - getOutlet.php - Authentication berhasil
2026-04-28 11:04:55 - getOutlet.php - Query: SELECT id_out, nama_out, '' AS alamat_out, ofcode_out
            FROM outlet 
            WHERE status_out IN ('Active', '1', 'active')
            AND (nama_out LIKE :key OR ofcode_out LIKE :key)
            ORDER BY nama_out ASC
            LIMIT 20
2026-04-28 11:04:55 - getOutlet.php - Query berhasil, mengembalikan 9 record
2026-04-28 11:04:55 - getOutlet.php - === END REQUEST ===
2026-04-28 04:05:05 - getOutlet.php - === REQUEST GETOUTLET ===
2026-04-28 04:05:05 - getOutlet.php - Method: POST
2026-04-28 04:05:05 - getOutlet.php - POST data: {"tgl":"2026-04-28","encrypt":"41c7aa6da1665eab307362296dd568d0","id_apl":"APL01","key":"Apotek faraza a"}
2026-04-28 11:05:05 - getOutlet.php - Params - tgl: 2026-04-28, encrypt: 41c7aa6da1665eab307362296dd568d0, id_apl: APL01, key: Apotek faraza a
2026-04-28 11:05:05 - getOutlet.php - Aplikasi ditemukan: Ya
2026-04-28 11:05:05 - getOutlet.php - Key aplikasi: YbcJSFjkds...
2026-04-28 11:05:05 - getOutlet.php - Expected encrypt: 41c7aa6da1665eab307362296dd568d0
2026-04-28 11:05:05 - getOutlet.php - Received encrypt: 41c7aa6da1665eab307362296dd568d0
2026-04-28 11:05:05 - getOutlet.php - Authentication berhasil
2026-04-28 11:05:05 - getOutlet.php - Query: SELECT id_out, nama_out, '' AS alamat_out, ofcode_out
            FROM outlet 
            WHERE status_out IN ('Active', '1', 'active')
            AND (nama_out LIKE :key OR ofcode_out LIKE :key)
            ORDER BY nama_out ASC
            LIMIT 20
2026-04-28 11:05:05 - getOutlet.php - Query berhasil, mengembalikan 0 record
2026-04-28 11:05:05 - getOutlet.php - === END REQUEST ===
2026-04-28 04:05:12 - getOutlet.php - === REQUEST GETOUTLET ===
2026-04-28 04:05:12 - getOutlet.php - Method: POST
2026-04-28 04:05:12 - getOutlet.php - POST data: {"tgl":"2026-04-28","encrypt":"41c7aa6da1665eab307362296dd568d0","id_apl":"APL01","key":"Apofaraza a"}
2026-04-28 11:05:12 - getOutlet.php - Params - tgl: 2026-04-28, encrypt: 41c7aa6da1665eab307362296dd568d0, id_apl: APL01, key: Apofaraza a
2026-04-28 04:05:12 - getOutlet.php - === REQUEST GETOUTLET ===
2026-04-28 04:05:12 - getOutlet.php - Method: POST
2026-04-28 04:05:12 - getOutlet.php - POST data: {"tgl":"2026-04-28","encrypt":"41c7aa6da1665eab307362296dd568d0","id_apl":"APL01","key":"Apotefaraza a"}
2026-04-28 11:05:12 - getOutlet.php - Params - tgl: 2026-04-28, encrypt: 41c7aa6da1665eab307362296dd568d0, id_apl: APL01, key: Apotefaraza a
2026-04-28 11:05:12 - getOutlet.php - Aplikasi ditemukan: Ya
2026-04-28 11:05:12 - getOutlet.php - Key aplikasi: YbcJSFjkds...
2026-04-28 11:05:12 - getOutlet.php - Expected encrypt: 41c7aa6da1665eab307362296dd568d0
2026-04-28 11:05:12 - getOutlet.php - Received encrypt: 41c7aa6da1665eab307362296dd568d0
2026-04-28 11:05:12 - getOutlet.php - Authentication berhasil
2026-04-28 11:05:12 - getOutlet.php - Query: SELECT id_out, nama_out, '' AS alamat_out, ofcode_out
            FROM outlet 
            WHERE status_out IN ('Active', '1', 'active')
            AND (nama_out LIKE :key OR ofcode_out LIKE :key)
            ORDER BY nama_out ASC
            LIMIT 20
2026-04-28 11:05:12 - getOutlet.php - Aplikasi ditemukan: Ya
2026-04-28 11:05:12 - getOutlet.php - Key aplikasi: YbcJSFjkds...
2026-04-28 11:05:12 - getOutlet.php - Expected encrypt: 41c7aa6da1665eab307362296dd568d0
2026-04-28 11:05:12 - getOutlet.php - Received encrypt: 41c7aa6da1665eab307362296dd568d0
2026-04-28 11:05:12 - getOutlet.php - Authentication berhasil
2026-04-28 11:05:12 - getOutlet.php - Query berhasil, mengembalikan 0 record
2026-04-28 11:05:12 - getOutlet.php - === END REQUEST ===
2026-04-28 04:05:12 - getOutlet.php - === REQUEST GETOUTLET ===
2026-04-28 04:05:12 - getOutlet.php - Method: POST
2026-04-28 04:05:12 - getOutlet.php - POST data: {"tgl":"2026-04-28","encrypt":"41c7aa6da1665eab307362296dd568d0","id_apl":"APL01","key":"Apotekfaraza a"}
2026-04-28 11:05:12 - getOutlet.php - Query: SELECT id_out, nama_out, '' AS alamat_out, ofcode_out
            FROM outlet 
            WHERE status_out IN ('Active', '1', 'active')
            AND (nama_out LIKE :key OR ofcode_out LIKE :key)
            ORDER BY nama_out ASC
            LIMIT 20
2026-04-28 11:05:12 - getOutlet.php - Params - tgl: 2026-04-28, encrypt: 41c7aa6da1665eab307362296dd568d0, id_apl: APL01, key: Apotekfaraza a
2026-04-28 11:05:12 - getOutlet.php - Aplikasi ditemukan: Ya
2026-04-28 11:05:12 - getOutlet.php - Key aplikasi: YbcJSFjkds...
2026-04-28 11:05:12 - getOutlet.php - Expected encrypt: 41c7aa6da1665eab307362296dd568d0
2026-04-28 11:05:12 - getOutlet.php - Received encrypt: 41c7aa6da1665eab307362296dd568d0
2026-04-28 11:05:12 - getOutlet.php - Authentication berhasil
2026-04-28 11:05:12 - getOutlet.php - Query berhasil, mengembalikan 0 record
2026-04-28 11:05:12 - getOutlet.php - === END REQUEST ===
2026-04-28 11:05:12 - getOutlet.php - Query: SELECT id_out, nama_out, '' AS alamat_out, ofcode_out
            FROM outlet 
            WHERE status_out IN ('Active', '1', 'active')
            AND (nama_out LIKE :key OR ofcode_out LIKE :key)
            ORDER BY nama_out ASC
            LIMIT 20
2026-04-28 04:05:12 - getOutlet.php - === REQUEST GETOUTLET ===
2026-04-28 04:05:12 - getOutlet.php - Method: POST
2026-04-28 04:05:12 - getOutlet.php - POST data: {"tgl":"2026-04-28","encrypt":"41c7aa6da1665eab307362296dd568d0","id_apl":"APL01","key":"Apotfaraza a"}
2026-04-28 11:05:12 - getOutlet.php - Params - tgl: 2026-04-28, encrypt: 41c7aa6da1665eab307362296dd568d0, id_apl: APL01, key: Apotfaraza a
2026-04-28 11:05:12 - getOutlet.php - Aplikasi ditemukan: Ya
2026-04-28 11:05:12 - getOutlet.php - Key aplikasi: YbcJSFjkds...
2026-04-28 11:05:12 - getOutlet.php - Expected encrypt: 41c7aa6da1665eab307362296dd568d0
2026-04-28 11:05:12 - getOutlet.php - Received encrypt: 41c7aa6da1665eab307362296dd568d0
2026-04-28 11:05:12 - getOutlet.php - Query berhasil, mengembalikan 0 record
2026-04-28 11:05:12 - getOutlet.php - Authentication berhasil
2026-04-28 11:05:12 - getOutlet.php - === END REQUEST ===
2026-04-28 11:05:12 - getOutlet.php - Query: SELECT id_out, nama_out, '' AS alamat_out, ofcode_out
            FROM outlet 
            WHERE status_out IN ('Active', '1', 'active')
            AND (nama_out LIKE :key OR ofcode_out LIKE :key)
            ORDER BY nama_out ASC
            LIMIT 20
2026-04-28 11:05:12 - getOutlet.php - Query berhasil, mengembalikan 0 record
2026-04-28 11:05:12 - getOutlet.php - === END REQUEST ===
2026-04-28 04:05:12 - getOutlet.php - === REQUEST GETOUTLET ===
2026-04-28 04:05:12 - getOutlet.php - Method: POST
2026-04-28 04:05:12 - getOutlet.php - POST data: {"tgl":"2026-04-28","encrypt":"41c7aa6da1665eab307362296dd568d0","id_apl":"APL01","key":"Apfaraza a"}
2026-04-28 11:05:12 - getOutlet.php - Params - tgl: 2026-04-28, encrypt: 41c7aa6da1665eab307362296dd568d0, id_apl: APL01, key: Apfaraza a
2026-04-28 11:05:12 - getOutlet.php - Aplikasi ditemukan: Ya
2026-04-28 11:05:12 - getOutlet.php - Key aplikasi: YbcJSFjkds...
2026-04-28 11:05:12 - getOutlet.php - Expected encrypt: 41c7aa6da1665eab307362296dd568d0
2026-04-28 11:05:12 - getOutlet.php - Received encrypt: 41c7aa6da1665eab307362296dd568d0
2026-04-28 11:05:12 - getOutlet.php - Authentication berhasil
2026-04-28 11:05:12 - getOutlet.php - Query: SELECT id_out, nama_out, '' AS alamat_out, ofcode_out
            FROM outlet 
            WHERE status_out IN ('Active', '1', 'active')
            AND (nama_out LIKE :key OR ofcode_out LIKE :key)
            ORDER BY nama_out ASC
            LIMIT 20
2026-04-28 11:05:12 - getOutlet.php - Query berhasil, mengembalikan 0 record
2026-04-28 11:05:12 - getOutlet.php - === END REQUEST ===
2026-04-28 04:05:13 - getOutlet.php - === REQUEST GETOUTLET ===
2026-04-28 04:05:13 - getOutlet.php - Method: POST
2026-04-28 04:05:13 - getOutlet.php - POST data: {"tgl":"2026-04-28","encrypt":"41c7aa6da1665eab307362296dd568d0","id_apl":"APL01","key":"Afaraza a"}
2026-04-28 11:05:13 - getOutlet.php - Params - tgl: 2026-04-28, encrypt: 41c7aa6da1665eab307362296dd568d0, id_apl: APL01, key: Afaraza a
2026-04-28 11:05:13 - getOutlet.php - Aplikasi ditemukan: Ya
2026-04-28 11:05:13 - getOutlet.php - Key aplikasi: YbcJSFjkds...
2026-04-28 11:05:13 - getOutlet.php - Expected encrypt: 41c7aa6da1665eab307362296dd568d0
2026-04-28 11:05:13 - getOutlet.php - Received encrypt: 41c7aa6da1665eab307362296dd568d0
2026-04-28 11:05:13 - getOutlet.php - Authentication berhasil
2026-04-28 11:05:13 - getOutlet.php - Query: SELECT id_out, nama_out, '' AS alamat_out, ofcode_out
            FROM outlet 
            WHERE status_out IN ('Active', '1', 'active')
            AND (nama_out LIKE :key OR ofcode_out LIKE :key)
            ORDER BY nama_out ASC
            LIMIT 20
2026-04-28 11:05:13 - getOutlet.php - Query berhasil, mengembalikan 0 record
2026-04-28 11:05:13 - getOutlet.php - === END REQUEST ===
2026-04-28 04:05:13 - getOutlet.php - === REQUEST GETOUTLET ===
2026-04-28 04:05:13 - getOutlet.php - Method: POST
2026-04-28 04:05:13 - getOutlet.php - POST data: {"tgl":"2026-04-28","encrypt":"41c7aa6da1665eab307362296dd568d0","id_apl":"APL01","key":"faraza a"}
2026-04-28 11:05:13 - getOutlet.php - Params - tgl: 2026-04-28, encrypt: 41c7aa6da1665eab307362296dd568d0, id_apl: APL01, key: faraza a
2026-04-28 11:05:13 - getOutlet.php - Aplikasi ditemukan: Ya
2026-04-28 11:05:13 - getOutlet.php - Key aplikasi: YbcJSFjkds...
2026-04-28 11:05:13 - getOutlet.php - Expected encrypt: 41c7aa6da1665eab307362296dd568d0
2026-04-28 11:05:13 - getOutlet.php - Received encrypt: 41c7aa6da1665eab307362296dd568d0
2026-04-28 11:05:13 - getOutlet.php - Authentication berhasil
2026-04-28 11:05:13 - getOutlet.php - Query: SELECT id_out, nama_out, '' AS alamat_out, ofcode_out
            FROM outlet 
            WHERE status_out IN ('Active', '1', 'active')
            AND (nama_out LIKE :key OR ofcode_out LIKE :key)
            ORDER BY nama_out ASC
            LIMIT 20
2026-04-28 11:05:13 - getOutlet.php - Query berhasil, mengembalikan 1 record
2026-04-28 11:05:13 - getOutlet.php - === END REQUEST ===
2026-04-28 04:05:21 - getOutlet.php - === REQUEST GETOUTLET ===
2026-04-28 04:05:21 - getOutlet.php - Method: POST
2026-04-28 04:05:21 - getOutlet.php - POST data: {"tgl":"2026-04-28","encrypt":"41c7aa6da1665eab307362296dd568d0","id_apl":"APL01","key":"rs"}
2026-04-28 11:05:21 - getOutlet.php - Params - tgl: 2026-04-28, encrypt: 41c7aa6da1665eab307362296dd568d0, id_apl: APL01, key: rs
2026-04-28 11:05:21 - getOutlet.php - Aplikasi ditemukan: Ya
2026-04-28 11:05:21 - getOutlet.php - Key aplikasi: YbcJSFjkds...
2026-04-28 11:05:21 - getOutlet.php - Expected encrypt: 41c7aa6da1665eab307362296dd568d0
2026-04-28 11:05:21 - getOutlet.php - Received encrypt: 41c7aa6da1665eab307362296dd568d0
2026-04-28 11:05:21 - getOutlet.php - Authentication berhasil
2026-04-28 11:05:21 - getOutlet.php - Query: SELECT id_out, nama_out, '' AS alamat_out, ofcode_out
            FROM outlet 
            WHERE status_out IN ('Active', '1', 'active')
            AND (nama_out LIKE :key OR ofcode_out LIKE :key)
            ORDER BY nama_out ASC
            LIMIT 20
2026-04-28 11:05:21 - getOutlet.php - Query berhasil, mengembalikan 20 record
2026-04-28 11:05:21 - getOutlet.php - === END REQUEST ===
2026-04-28 04:05:22 - getOutlet.php - === REQUEST GETOUTLET ===
2026-04-28 04:05:22 - getOutlet.php - Method: POST
2026-04-28 04:05:22 - getOutlet.php - POST data: {"tgl":"2026-04-28","encrypt":"41c7aa6da1665eab307362296dd568d0","id_apl":"APL01","key":"rs"}
2026-04-28 11:05:22 - getOutlet.php - Params - tgl: 2026-04-28, encrypt: 41c7aa6da1665eab307362296dd568d0, id_apl: APL01, key: rs
2026-04-28 11:05:22 - getOutlet.php - Aplikasi ditemukan: Ya
2026-04-28 11:05:22 - getOutlet.php - Key aplikasi: YbcJSFjkds...
2026-04-28 11:05:22 - getOutlet.php - Expected encrypt: 41c7aa6da1665eab307362296dd568d0
2026-04-28 11:05:22 - getOutlet.php - Received encrypt: 41c7aa6da1665eab307362296dd568d0
2026-04-28 11:05:22 - getOutlet.php - Authentication berhasil
2026-04-28 11:05:22 - getOutlet.php - Query: SELECT id_out, nama_out, '' AS alamat_out, ofcode_out
            FROM outlet 
            WHERE status_out IN ('Active', '1', 'active')
            AND (nama_out LIKE :key OR ofcode_out LIKE :key)
            ORDER BY nama_out ASC
            LIMIT 20
2026-04-28 11:05:22 - getOutlet.php - Query berhasil, mengembalikan 20 record
2026-04-28 11:05:22 - getOutlet.php - === END REQUEST ===
2026-04-28 04:05:23 - getOutlet.php - === REQUEST GETOUTLET ===
2026-04-28 04:05:23 - getOutlet.php - Method: POST
2026-04-28 04:05:23 - getOutlet.php - POST data: {"tgl":"2026-04-28","encrypt":"41c7aa6da1665eab307362296dd568d0","id_apl":"APL01","key":"rs s"}
2026-04-28 11:05:23 - getOutlet.php - Params - tgl: 2026-04-28, encrypt: 41c7aa6da1665eab307362296dd568d0, id_apl: APL01, key: rs s
2026-04-28 11:05:23 - getOutlet.php - Aplikasi ditemukan: Ya
2026-04-28 11:05:23 - getOutlet.php - Key aplikasi: YbcJSFjkds...
2026-04-28 11:05:23 - getOutlet.php - Expected encrypt: 41c7aa6da1665eab307362296dd568d0
2026-04-28 11:05:23 - getOutlet.php - Received encrypt: 41c7aa6da1665eab307362296dd568d0
2026-04-28 11:05:23 - getOutlet.php - Authentication berhasil
2026-04-28 11:05:23 - getOutlet.php - Query: SELECT id_out, nama_out, '' AS alamat_out, ofcode_out
            FROM outlet 
            WHERE status_out IN ('Active', '1', 'active')
            AND (nama_out LIKE :key OR ofcode_out LIKE :key)
            ORDER BY nama_out ASC
            LIMIT 20
2026-04-28 11:05:23 - getOutlet.php - Query berhasil, mengembalikan 20 record
2026-04-28 11:05:23 - getOutlet.php - === END REQUEST ===
2026-04-28 04:05:23 - getOutlet.php - === REQUEST GETOUTLET ===
2026-04-28 04:05:23 - getOutlet.php - Method: POST
2026-04-28 04:05:23 - getOutlet.php - POST data: {"tgl":"2026-04-28","encrypt":"41c7aa6da1665eab307362296dd568d0","id_apl":"APL01","key":"rs su"}
2026-04-28 11:05:23 - getOutlet.php - Params - tgl: 2026-04-28, encrypt: 41c7aa6da1665eab307362296dd568d0, id_apl: APL01, key: rs su
2026-04-28 11:05:23 - getOutlet.php - Aplikasi ditemukan: Ya
2026-04-28 11:05:23 - getOutlet.php - Key aplikasi: YbcJSFjkds...
2026-04-28 11:05:23 - getOutlet.php - Expected encrypt: 41c7aa6da1665eab307362296dd568d0
2026-04-28 11:05:23 - getOutlet.php - Received encrypt: 41c7aa6da1665eab307362296dd568d0
2026-04-28 11:05:23 - getOutlet.php - Authentication berhasil
2026-04-28 11:05:23 - getOutlet.php - Query: SELECT id_out, nama_out, '' AS alamat_out, ofcode_out
            FROM outlet 
            WHERE status_out IN ('Active', '1', 'active')
            AND (nama_out LIKE :key OR ofcode_out LIKE :key)
            ORDER BY nama_out ASC
            LIMIT 20
2026-04-28 11:05:23 - getOutlet.php - Query berhasil, mengembalikan 2 record
2026-04-28 11:05:23 - getOutlet.php - === END REQUEST ===
2026-04-28 04:05:24 - getOutlet.php - === REQUEST GETOUTLET ===
2026-04-28 04:05:24 - getOutlet.php - Method: POST
2026-04-28 04:05:24 - getOutlet.php - POST data: {"tgl":"2026-04-28","encrypt":"41c7aa6da1665eab307362296dd568d0","id_apl":"APL01","key":"rs sum"}
2026-04-28 11:05:24 - getOutlet.php - Params - tgl: 2026-04-28, encrypt: 41c7aa6da1665eab307362296dd568d0, id_apl: APL01, key: rs sum
2026-04-28 11:05:24 - getOutlet.php - Aplikasi ditemukan: Ya
2026-04-28 11:05:24 - getOutlet.php - Key aplikasi: YbcJSFjkds...
2026-04-28 11:05:24 - getOutlet.php - Expected encrypt: 41c7aa6da1665eab307362296dd568d0
2026-04-28 11:05:24 - getOutlet.php - Received encrypt: 41c7aa6da1665eab307362296dd568d0
2026-04-28 11:05:24 - getOutlet.php - Authentication berhasil
2026-04-28 11:05:24 - getOutlet.php - Query: SELECT id_out, nama_out, '' AS alamat_out, ofcode_out
            FROM outlet 
            WHERE status_out IN ('Active', '1', 'active')
            AND (nama_out LIKE :key OR ofcode_out LIKE :key)
            ORDER BY nama_out ASC
            LIMIT 20
2026-04-28 11:05:24 - getOutlet.php - Query berhasil, mengembalikan 1 record
2026-04-28 11:05:24 - getOutlet.php - === END REQUEST ===
2026-04-28 04:05:24 - getOutlet.php - === REQUEST GETOUTLET ===
2026-04-28 04:05:24 - getOutlet.php - Method: POST
2026-04-28 04:05:24 - getOutlet.php - POST data: {"tgl":"2026-04-28","encrypt":"41c7aa6da1665eab307362296dd568d0","id_apl":"APL01","key":"rs sumb"}
2026-04-28 11:05:24 - getOutlet.php - Params - tgl: 2026-04-28, encrypt: 41c7aa6da1665eab307362296dd568d0, id_apl: APL01, key: rs sumb
2026-04-28 11:05:24 - getOutlet.php - Aplikasi ditemukan: Ya
2026-04-28 11:05:24 - getOutlet.php - Key aplikasi: YbcJSFjkds...
2026-04-28 11:05:24 - getOutlet.php - Expected encrypt: 41c7aa6da1665eab307362296dd568d0
2026-04-28 11:05:24 - getOutlet.php - Received encrypt: 41c7aa6da1665eab307362296dd568d0
2026-04-28 11:05:24 - getOutlet.php - Authentication berhasil
2026-04-28 11:05:24 - getOutlet.php - Query: SELECT id_out, nama_out, '' AS alamat_out, ofcode_out
            FROM outlet 
            WHERE status_out IN ('Active', '1', 'active')
            AND (nama_out LIKE :key OR ofcode_out LIKE :key)
            ORDER BY nama_out ASC
            LIMIT 20
2026-04-28 11:05:24 - getOutlet.php - Query berhasil, mengembalikan 1 record
2026-04-28 11:05:24 - getOutlet.php - === END REQUEST ===
2026-04-28 04:05:24 - getOutlet.php - === REQUEST GETOUTLET ===
2026-04-28 04:05:24 - getOutlet.php - Method: POST
2026-04-28 04:05:24 - getOutlet.php - POST data: {"tgl":"2026-04-28","encrypt":"41c7aa6da1665eab307362296dd568d0","id_apl":"APL01","key":"rs sumbe"}
2026-04-28 11:05:24 - getOutlet.php - Params - tgl: 2026-04-28, encrypt: 41c7aa6da1665eab307362296dd568d0, id_apl: APL01, key: rs sumbe
2026-04-28 11:05:24 - getOutlet.php - Aplikasi ditemukan: Ya
2026-04-28 11:05:24 - getOutlet.php - Key aplikasi: YbcJSFjkds...
2026-04-28 11:05:24 - getOutlet.php - Expected encrypt: 41c7aa6da1665eab307362296dd568d0
2026-04-28 11:05:24 - getOutlet.php - Received encrypt: 41c7aa6da1665eab307362296dd568d0
2026-04-28 11:05:24 - getOutlet.php - Authentication berhasil
2026-04-28 11:05:24 - getOutlet.php - Query: SELECT id_out, nama_out, '' AS alamat_out, ofcode_out
            FROM outlet 
            WHERE status_out IN ('Active', '1', 'active')
            AND (nama_out LIKE :key OR ofcode_out LIKE :key)
            ORDER BY nama_out ASC
            LIMIT 20
2026-04-28 11:05:24 - getOutlet.php - Query berhasil, mengembalikan 1 record
2026-04-28 11:05:24 - getOutlet.php - === END REQUEST ===
2026-04-28 04:05:25 - getOutlet.php - === REQUEST GETOUTLET ===
2026-04-28 04:05:25 - getOutlet.php - Method: POST
2026-04-28 04:05:25 - getOutlet.php - POST data: {"tgl":"2026-04-28","encrypt":"41c7aa6da1665eab307362296dd568d0","id_apl":"APL01","key":"rs sumber"}
2026-04-28 11:05:25 - getOutlet.php - Params - tgl: 2026-04-28, encrypt: 41c7aa6da1665eab307362296dd568d0, id_apl: APL01, key: rs sumber
2026-04-28 11:05:25 - getOutlet.php - Aplikasi ditemukan: Ya
2026-04-28 11:05:25 - getOutlet.php - Key aplikasi: YbcJSFjkds...
2026-04-28 11:05:25 - getOutlet.php - Expected encrypt: 41c7aa6da1665eab307362296dd568d0
2026-04-28 11:05:25 - getOutlet.php - Received encrypt: 41c7aa6da1665eab307362296dd568d0
2026-04-28 11:05:25 - getOutlet.php - Authentication berhasil
2026-04-28 11:05:25 - getOutlet.php - Query: SELECT id_out, nama_out, '' AS alamat_out, ofcode_out
            FROM outlet 
            WHERE status_out IN ('Active', '1', 'active')
            AND (nama_out LIKE :key OR ofcode_out LIKE :key)
            ORDER BY nama_out ASC
            LIMIT 20
2026-04-28 11:05:25 - getOutlet.php - Query berhasil, mengembalikan 1 record
2026-04-28 11:05:25 - getOutlet.php - === END REQUEST ===
2026-04-28 04:05:25 - getOutlet.php - === REQUEST GETOUTLET ===
2026-04-28 04:05:25 - getOutlet.php - Method: POST
2026-04-28 04:05:25 - getOutlet.php - POST data: {"tgl":"2026-04-28","encrypt":"41c7aa6da1665eab307362296dd568d0","id_apl":"APL01","key":"rs sumber"}
2026-04-28 11:05:25 - getOutlet.php - Params - tgl: 2026-04-28, encrypt: 41c7aa6da1665eab307362296dd568d0, id_apl: APL01, key: rs sumber
2026-04-28 11:05:25 - getOutlet.php - Aplikasi ditemukan: Ya
2026-04-28 11:05:25 - getOutlet.php - Key aplikasi: YbcJSFjkds...
2026-04-28 11:05:25 - getOutlet.php - Expected encrypt: 41c7aa6da1665eab307362296dd568d0
2026-04-28 11:05:25 - getOutlet.php - Received encrypt: 41c7aa6da1665eab307362296dd568d0
2026-04-28 11:05:25 - getOutlet.php - Authentication berhasil
2026-04-28 11:05:25 - getOutlet.php - Query: SELECT id_out, nama_out, '' AS alamat_out, ofcode_out
            FROM outlet 
            WHERE status_out IN ('Active', '1', 'active')
            AND (nama_out LIKE :key OR ofcode_out LIKE :key)
            ORDER BY nama_out ASC
            LIMIT 20
2026-04-28 11:05:25 - getOutlet.php - Query berhasil, mengembalikan 1 record
2026-04-28 11:05:25 - getOutlet.php - === END REQUEST ===
2026-04-28 04:05:34 - getOutlet.php - === REQUEST GETOUTLET ===
2026-04-28 04:05:34 - getOutlet.php - Method: POST
2026-04-28 04:05:34 - getOutlet.php - POST data: {"tgl":"2026-04-28","encrypt":"41c7aa6da1665eab307362296dd568d0","id_apl":"APL01","key":"rs sumber w"}
2026-04-28 11:05:34 - getOutlet.php - Params - tgl: 2026-04-28, encrypt: 41c7aa6da1665eab307362296dd568d0, id_apl: APL01, key: rs sumber w
2026-04-28 11:05:34 - getOutlet.php - Aplikasi ditemukan: Ya
2026-04-28 11:05:34 - getOutlet.php - Key aplikasi: YbcJSFjkds...
2026-04-28 11:05:34 - getOutlet.php - Expected encrypt: 41c7aa6da1665eab307362296dd568d0
2026-04-28 11:05:34 - getOutlet.php - Received encrypt: 41c7aa6da1665eab307362296dd568d0
2026-04-28 11:05:34 - getOutlet.php - Authentication berhasil
2026-04-28 11:05:34 - getOutlet.php - Query: SELECT id_out, nama_out, '' AS alamat_out, ofcode_out
            FROM outlet 
            WHERE status_out IN ('Active', '1', 'active')
            AND (nama_out LIKE :key OR ofcode_out LIKE :key)
            ORDER BY nama_out ASC
            LIMIT 20
2026-04-28 11:05:34 - getOutlet.php - Query berhasil, mengembalikan 1 record
2026-04-28 11:05:34 - getOutlet.php - === END REQUEST ===
2026-04-28 04:05:34 - getOutlet.php - === REQUEST GETOUTLET ===
2026-04-28 04:05:34 - getOutlet.php - Method: POST
2026-04-28 04:05:34 - getOutlet.php - POST data: {"tgl":"2026-04-28","encrypt":"41c7aa6da1665eab307362296dd568d0","id_apl":"APL01","key":"rs sumber wa"}
2026-04-28 11:05:34 - getOutlet.php - Params - tgl: 2026-04-28, encrypt: 41c7aa6da1665eab307362296dd568d0, id_apl: APL01, key: rs sumber wa
2026-04-28 11:05:34 - getOutlet.php - Aplikasi ditemukan: Ya
2026-04-28 11:05:34 - getOutlet.php - Key aplikasi: YbcJSFjkds...
2026-04-28 11:05:34 - getOutlet.php - Expected encrypt: 41c7aa6da1665eab307362296dd568d0
2026-04-28 11:05:34 - getOutlet.php - Received encrypt: 41c7aa6da1665eab307362296dd568d0
2026-04-28 11:05:34 - getOutlet.php - Authentication berhasil
2026-04-28 11:05:34 - getOutlet.php - Query: SELECT id_out, nama_out, '' AS alamat_out, ofcode_out
            FROM outlet 
            WHERE status_out IN ('Active', '1', 'active')
            AND (nama_out LIKE :key OR ofcode_out LIKE :key)
            ORDER BY nama_out ASC
            LIMIT 20
2026-04-28 11:05:34 - getOutlet.php - Query berhasil, mengembalikan 1 record
2026-04-28 11:05:34 - getOutlet.php - === END REQUEST ===
2026-04-28 04:05:35 - getOutlet.php - === REQUEST GETOUTLET ===
2026-04-28 04:05:35 - getOutlet.php - Method: POST
2026-04-28 04:05:35 - getOutlet.php - POST data: {"tgl":"2026-04-28","encrypt":"41c7aa6da1665eab307362296dd568d0","id_apl":"APL01","key":"rs sumber war"}
2026-04-28 11:05:35 - getOutlet.php - Params - tgl: 2026-04-28, encrypt: 41c7aa6da1665eab307362296dd568d0, id_apl: APL01, key: rs sumber war
2026-04-28 11:05:35 - getOutlet.php - Aplikasi ditemukan: Ya
2026-04-28 11:05:35 - getOutlet.php - Key aplikasi: YbcJSFjkds...
2026-04-28 11:05:35 - getOutlet.php - Expected encrypt: 41c7aa6da1665eab307362296dd568d0
2026-04-28 11:05:35 - getOutlet.php - Received encrypt: 41c7aa6da1665eab307362296dd568d0
2026-04-28 11:05:35 - getOutlet.php - Authentication berhasil
2026-04-28 11:05:35 - getOutlet.php - Query: SELECT id_out, nama_out, '' AS alamat_out, ofcode_out
            FROM outlet 
            WHERE status_out IN ('Active', '1', 'active')
            AND (nama_out LIKE :key OR ofcode_out LIKE :key)
            ORDER BY nama_out ASC
            LIMIT 20
2026-04-28 11:05:35 - getOutlet.php - Query berhasil, mengembalikan 1 record
2026-04-28 11:05:35 - getOutlet.php - === END REQUEST ===
2026-04-28 04:05:35 - getOutlet.php - === REQUEST GETOUTLET ===
2026-04-28 04:05:35 - getOutlet.php - Method: POST
2026-04-28 04:05:35 - getOutlet.php - POST data: {"tgl":"2026-04-28","encrypt":"41c7aa6da1665eab307362296dd568d0","id_apl":"APL01","key":"rs sumber wara"}
2026-04-28 11:05:35 - getOutlet.php - Params - tgl: 2026-04-28, encrypt: 41c7aa6da1665eab307362296dd568d0, id_apl: APL01, key: rs sumber wara
2026-04-28 11:05:35 - getOutlet.php - Aplikasi ditemukan: Ya
2026-04-28 11:05:35 - getOutlet.php - Key aplikasi: YbcJSFjkds...
2026-04-28 11:05:35 - getOutlet.php - Expected encrypt: 41c7aa6da1665eab307362296dd568d0
2026-04-28 11:05:35 - getOutlet.php - Received encrypt: 41c7aa6da1665eab307362296dd568d0
2026-04-28 11:05:35 - getOutlet.php - Authentication berhasil
2026-04-28 11:05:35 - getOutlet.php - Query: SELECT id_out, nama_out, '' AS alamat_out, ofcode_out
            FROM outlet 
            WHERE status_out IN ('Active', '1', 'active')
            AND (nama_out LIKE :key OR ofcode_out LIKE :key)
            ORDER BY nama_out ASC
            LIMIT 20
2026-04-28 11:05:35 - getOutlet.php - Query berhasil, mengembalikan 1 record
2026-04-28 11:05:35 - getOutlet.php - === END REQUEST ===
2026-04-28 04:05:35 - getOutlet.php - === REQUEST GETOUTLET ===
2026-04-28 04:05:35 - getOutlet.php - Method: POST
2026-04-28 04:05:35 - getOutlet.php - POST data: {"tgl":"2026-04-28","encrypt":"41c7aa6da1665eab307362296dd568d0","id_apl":"APL01","key":"rs sumber waras"}
2026-04-28 11:05:35 - getOutlet.php - Params - tgl: 2026-04-28, encrypt: 41c7aa6da1665eab307362296dd568d0, id_apl: APL01, key: rs sumber waras
2026-04-28 11:05:35 - getOutlet.php - Aplikasi ditemukan: Ya
2026-04-28 11:05:35 - getOutlet.php - Key aplikasi: YbcJSFjkds...
2026-04-28 11:05:35 - getOutlet.php - Expected encrypt: 41c7aa6da1665eab307362296dd568d0
2026-04-28 11:05:35 - getOutlet.php - Received encrypt: 41c7aa6da1665eab307362296dd568d0
2026-04-28 11:05:35 - getOutlet.php - Authentication berhasil
2026-04-28 11:05:35 - getOutlet.php - Query: SELECT id_out, nama_out, '' AS alamat_out, ofcode_out
            FROM outlet 
            WHERE status_out IN ('Active', '1', 'active')
            AND (nama_out LIKE :key OR ofcode_out LIKE :key)
            ORDER BY nama_out ASC
            LIMIT 20
2026-04-28 11:05:35 - getOutlet.php - Query berhasil, mengembalikan 1 record
2026-04-28 11:05:35 - getOutlet.php - === END REQUEST ===
2026-04-28 04:05:37 - getOutlet.php - === REQUEST GETOUTLET ===
2026-04-28 04:05:37 - getOutlet.php - Method: POST
2026-04-28 04:05:37 - getOutlet.php - POST data: {"tgl":"2026-04-28","encrypt":"41c7aa6da1665eab307362296dd568d0","id_apl":"APL01","key":"RS SUMBER WARAS"}
2026-04-28 11:05:37 - getOutlet.php - Params - tgl: 2026-04-28, encrypt: 41c7aa6da1665eab307362296dd568d0, id_apl: APL01, key: RS SUMBER WARAS
2026-04-28 11:05:37 - getOutlet.php - Aplikasi ditemukan: Ya
2026-04-28 11:05:37 - getOutlet.php - Key aplikasi: YbcJSFjkds...
2026-04-28 11:05:37 - getOutlet.php - Expected encrypt: 41c7aa6da1665eab307362296dd568d0
2026-04-28 11:05:37 - getOutlet.php - Received encrypt: 41c7aa6da1665eab307362296dd568d0
2026-04-28 11:05:37 - getOutlet.php - Authentication berhasil
2026-04-28 11:05:37 - getOutlet.php - Query: SELECT id_out, nama_out, '' AS alamat_out, ofcode_out
            FROM outlet 
            WHERE status_out IN ('Active', '1', 'active')
            AND (nama_out LIKE :key OR ofcode_out LIKE :key)
            ORDER BY nama_out ASC
            LIMIT 20
2026-04-28 11:05:37 - getOutlet.php - Query berhasil, mengembalikan 1 record
2026-04-28 11:05:37 - getOutlet.php - === END REQUEST ===
2026-04-28 04:05:46 - getOutlet.php - === REQUEST GETOUTLET ===
2026-04-28 04:05:46 - getOutlet.php - Method: POST
2026-04-28 04:05:46 - getOutlet.php - POST data: {"tgl":"2026-04-28","encrypt":"41c7aa6da1665eab307362296dd568d0","id_apl":"APL01","key":"Apt FARAZA ALAMSUTERA"}
2026-04-28 11:05:46 - getOutlet.php - Params - tgl: 2026-04-28, encrypt: 41c7aa6da1665eab307362296dd568d0, id_apl: APL01, key: Apt FARAZA ALAMSUTERA
2026-04-28 11:05:46 - getOutlet.php - Aplikasi ditemukan: Ya
2026-04-28 11:05:46 - getOutlet.php - Key aplikasi: YbcJSFjkds...
2026-04-28 11:05:46 - getOutlet.php - Expected encrypt: 41c7aa6da1665eab307362296dd568d0
2026-04-28 11:05:46 - getOutlet.php - Received encrypt: 41c7aa6da1665eab307362296dd568d0
2026-04-28 11:05:46 - getOutlet.php - Authentication berhasil
2026-04-28 11:05:46 - getOutlet.php - Query: SELECT id_out, nama_out, '' AS alamat_out, ofcode_out
            FROM outlet 
            WHERE status_out IN ('Active', '1', 'active')
            AND (nama_out LIKE :key OR ofcode_out LIKE :key)
            ORDER BY nama_out ASC
            LIMIT 20
2026-04-28 11:05:46 - getOutlet.php - Query berhasil, mengembalikan 0 record
2026-04-28 11:05:46 - getOutlet.php - === END REQUEST ===
2026-04-28 04:05:51 - getOutlet.php - === REQUEST GETOUTLET ===
2026-04-28 04:05:51 - getOutlet.php - Method: POST
2026-04-28 04:05:51 - getOutlet.php - POST data: {"tgl":"2026-04-28","encrypt":"41c7aa6da1665eab307362296dd568d0","id_apl":"APL01","key":"Apt FARAZA ALAM SUTERA"}
2026-04-28 11:05:51 - getOutlet.php - Params - tgl: 2026-04-28, encrypt: 41c7aa6da1665eab307362296dd568d0, id_apl: APL01, key: Apt FARAZA ALAM SUTERA
2026-04-28 11:05:51 - getOutlet.php - Aplikasi ditemukan: Ya
2026-04-28 11:05:51 - getOutlet.php - Key aplikasi: YbcJSFjkds...
2026-04-28 11:05:51 - getOutlet.php - Expected encrypt: 41c7aa6da1665eab307362296dd568d0
2026-04-28 11:05:51 - getOutlet.php - Received encrypt: 41c7aa6da1665eab307362296dd568d0
2026-04-28 11:05:51 - getOutlet.php - Authentication berhasil
2026-04-28 11:05:51 - getOutlet.php - Query: SELECT id_out, nama_out, '' AS alamat_out, ofcode_out
            FROM outlet 
            WHERE status_out IN ('Active', '1', 'active')
            AND (nama_out LIKE :key OR ofcode_out LIKE :key)
            ORDER BY nama_out ASC
            LIMIT 20
2026-04-28 11:05:51 - getOutlet.php - Query berhasil, mengembalikan 1 record
2026-04-28 11:05:51 - getOutlet.php - === END REQUEST ===
2026-04-28 04:06:32 - getOutlet.php - === REQUEST GETOUTLET ===
2026-04-28 04:06:32 - getOutlet.php - Method: POST
2026-04-28 04:06:32 - getOutlet.php - POST data: {"tgl":"2026-04-28","encrypt":"41c7aa6da1665eab307362296dd568d0","id_apl":"APL01","key":"Ap"}
2026-04-28 11:06:32 - getOutlet.php - Params - tgl: 2026-04-28, encrypt: 41c7aa6da1665eab307362296dd568d0, id_apl: APL01, key: Ap
2026-04-28 11:06:32 - getOutlet.php - Aplikasi ditemukan: Ya
2026-04-28 11:06:32 - getOutlet.php - Key aplikasi: YbcJSFjkds...
2026-04-28 11:06:32 - getOutlet.php - Expected encrypt: 41c7aa6da1665eab307362296dd568d0
2026-04-28 11:06:32 - getOutlet.php - Received encrypt: 41c7aa6da1665eab307362296dd568d0
2026-04-28 11:06:32 - getOutlet.php - Authentication berhasil
2026-04-28 11:06:32 - getOutlet.php - Query: SELECT id_out, nama_out, '' AS alamat_out, ofcode_out
            FROM outlet 
            WHERE status_out IN ('Active', '1', 'active')
            AND (nama_out LIKE :key OR ofcode_out LIKE :key)
            ORDER BY nama_out ASC
            LIMIT 20
2026-04-28 11:06:32 - getOutlet.php - Query berhasil, mengembalikan 20 record
2026-04-28 11:06:32 - getOutlet.php - === END REQUEST ===
2026-04-28 04:06:47 - getOutlet.php - === REQUEST GETOUTLET ===
2026-04-28 04:06:47 - getOutlet.php - Method: POST
2026-04-28 04:06:47 - getOutlet.php - POST data: {"tgl":"2026-04-28","encrypt":"41c7aa6da1665eab307362296dd568d0","id_apl":"APL01","key":"Apt"}
2026-04-28 11:06:47 - getOutlet.php - Params - tgl: 2026-04-28, encrypt: 41c7aa6da1665eab307362296dd568d0, id_apl: APL01, key: Apt
2026-04-28 11:06:47 - getOutlet.php - Aplikasi ditemukan: Ya
2026-04-28 11:06:47 - getOutlet.php - Key aplikasi: YbcJSFjkds...
2026-04-28 11:06:47 - getOutlet.php - Expected encrypt: 41c7aa6da1665eab307362296dd568d0
2026-04-28 11:06:47 - getOutlet.php - Received encrypt: 41c7aa6da1665eab307362296dd568d0
2026-04-28 11:06:47 - getOutlet.php - Authentication berhasil
2026-04-28 11:06:47 - getOutlet.php - Query: SELECT id_out, nama_out, '' AS alamat_out, ofcode_out
            FROM outlet 
            WHERE status_out IN ('Active', '1', 'active')
            AND (nama_out LIKE :key OR ofcode_out LIKE :key)
            ORDER BY nama_out ASC
            LIMIT 20
2026-04-28 11:06:47 - getOutlet.php - Query berhasil, mengembalikan 2 record
2026-04-28 11:06:47 - getOutlet.php - === END REQUEST ===
2026-04-28 04:06:49 - getOutlet.php - === REQUEST GETOUTLET ===
2026-04-28 04:06:49 - getOutlet.php - Method: POST
2026-04-28 04:06:49 - getOutlet.php - POST data: {"tgl":"2026-04-28","encrypt":"41c7aa6da1665eab307362296dd568d0","id_apl":"APL01","key":"APT"}
2026-04-28 11:06:49 - getOutlet.php - Params - tgl: 2026-04-28, encrypt: 41c7aa6da1665eab307362296dd568d0, id_apl: APL01, key: APT
2026-04-28 11:06:49 - getOutlet.php - Aplikasi ditemukan: Ya
2026-04-28 11:06:49 - getOutlet.php - Key aplikasi: YbcJSFjkds...
2026-04-28 11:06:49 - getOutlet.php - Expected encrypt: 41c7aa6da1665eab307362296dd568d0
2026-04-28 11:06:49 - getOutlet.php - Received encrypt: 41c7aa6da1665eab307362296dd568d0
2026-04-28 11:06:49 - getOutlet.php - Authentication berhasil
2026-04-28 11:06:49 - getOutlet.php - Query: SELECT id_out, nama_out, '' AS alamat_out, ofcode_out
            FROM outlet 
            WHERE status_out IN ('Active', '1', 'active')
            AND (nama_out LIKE :key OR ofcode_out LIKE :key)
            ORDER BY nama_out ASC
            LIMIT 20
2026-04-28 11:06:49 - getOutlet.php - Query berhasil, mengembalikan 2 record
2026-04-28 11:06:49 - getOutlet.php - === END REQUEST ===
2026-04-28 04:06:51 - getOutlet.php - === REQUEST GETOUTLET ===
2026-04-28 04:06:51 - getOutlet.php - Method: POST
2026-04-28 04:06:51 - getOutlet.php - POST data: {"tgl":"2026-04-28","encrypt":"41c7aa6da1665eab307362296dd568d0","id_apl":"APL01","key":"APT f"}
2026-04-28 11:06:51 - getOutlet.php - Params - tgl: 2026-04-28, encrypt: 41c7aa6da1665eab307362296dd568d0, id_apl: APL01, key: APT f
2026-04-28 11:06:51 - getOutlet.php - Aplikasi ditemukan: Ya
2026-04-28 11:06:51 - getOutlet.php - Key aplikasi: YbcJSFjkds...
2026-04-28 11:06:51 - getOutlet.php - Expected encrypt: 41c7aa6da1665eab307362296dd568d0
2026-04-28 11:06:51 - getOutlet.php - Received encrypt: 41c7aa6da1665eab307362296dd568d0
2026-04-28 11:06:51 - getOutlet.php - Authentication berhasil
2026-04-28 11:06:51 - getOutlet.php - Query: SELECT id_out, nama_out, '' AS alamat_out, ofcode_out
            FROM outlet 
            WHERE status_out IN ('Active', '1', 'active')
            AND (nama_out LIKE :key OR ofcode_out LIKE :key)
            ORDER BY nama_out ASC
            LIMIT 20
2026-04-28 11:06:51 - getOutlet.php - Query berhasil, mengembalikan 1 record
2026-04-28 11:06:51 - getOutlet.php - === END REQUEST ===
2026-04-28 04:06:51 - getOutlet.php - === REQUEST GETOUTLET ===
2026-04-28 04:06:51 - getOutlet.php - Method: POST
2026-04-28 04:06:51 - getOutlet.php - POST data: {"tgl":"2026-04-28","encrypt":"41c7aa6da1665eab307362296dd568d0","id_apl":"APL01","key":"APT fa"}
2026-04-28 11:06:51 - getOutlet.php - Params - tgl: 2026-04-28, encrypt: 41c7aa6da1665eab307362296dd568d0, id_apl: APL01, key: APT fa
2026-04-28 11:06:51 - getOutlet.php - Aplikasi ditemukan: Ya
2026-04-28 11:06:51 - getOutlet.php - Key aplikasi: YbcJSFjkds...
2026-04-28 11:06:51 - getOutlet.php - Expected encrypt: 41c7aa6da1665eab307362296dd568d0
2026-04-28 11:06:51 - getOutlet.php - Received encrypt: 41c7aa6da1665eab307362296dd568d0
2026-04-28 11:06:51 - getOutlet.php - Authentication berhasil
2026-04-28 11:06:51 - getOutlet.php - Query: SELECT id_out, nama_out, '' AS alamat_out, ofcode_out
            FROM outlet 
            WHERE status_out IN ('Active', '1', 'active')
            AND (nama_out LIKE :key OR ofcode_out LIKE :key)
            ORDER BY nama_out ASC
            LIMIT 20
2026-04-28 11:06:51 - getOutlet.php - Query berhasil, mengembalikan 1 record
2026-04-28 11:06:51 - getOutlet.php - === END REQUEST ===
2026-04-28 04:06:52 - getOutlet.php - === REQUEST GETOUTLET ===
2026-04-28 04:06:52 - getOutlet.php - Method: POST
2026-04-28 04:06:52 - getOutlet.php - POST data: {"tgl":"2026-04-28","encrypt":"41c7aa6da1665eab307362296dd568d0","id_apl":"APL01","key":"APT far"}
2026-04-28 11:06:52 - getOutlet.php - Params - tgl: 2026-04-28, encrypt: 41c7aa6da1665eab307362296dd568d0, id_apl: APL01, key: APT far
2026-04-28 11:06:52 - getOutlet.php - Aplikasi ditemukan: Ya
2026-04-28 11:06:52 - getOutlet.php - Key aplikasi: YbcJSFjkds...
2026-04-28 11:06:52 - getOutlet.php - Expected encrypt: 41c7aa6da1665eab307362296dd568d0
2026-04-28 11:06:52 - getOutlet.php - Received encrypt: 41c7aa6da1665eab307362296dd568d0
2026-04-28 11:06:52 - getOutlet.php - Authentication berhasil
2026-04-28 11:06:52 - getOutlet.php - Query: SELECT id_out, nama_out, '' AS alamat_out, ofcode_out
            FROM outlet 
            WHERE status_out IN ('Active', '1', 'active')
            AND (nama_out LIKE :key OR ofcode_out LIKE :key)
            ORDER BY nama_out ASC
            LIMIT 20
2026-04-28 11:06:52 - getOutlet.php - Query berhasil, mengembalikan 1 record
2026-04-28 11:06:52 - getOutlet.php - === END REQUEST ===
2026-04-28 04:06:52 - getOutlet.php - === REQUEST GETOUTLET ===
2026-04-28 04:06:52 - getOutlet.php - Method: POST
2026-04-28 04:06:52 - getOutlet.php - POST data: {"tgl":"2026-04-28","encrypt":"41c7aa6da1665eab307362296dd568d0","id_apl":"APL01","key":"APT fara"}
2026-04-28 11:06:52 - getOutlet.php - Params - tgl: 2026-04-28, encrypt: 41c7aa6da1665eab307362296dd568d0, id_apl: APL01, key: APT fara
2026-04-28 11:06:52 - getOutlet.php - Aplikasi ditemukan: Ya
2026-04-28 11:06:52 - getOutlet.php - Key aplikasi: YbcJSFjkds...
2026-04-28 11:06:52 - getOutlet.php - Expected encrypt: 41c7aa6da1665eab307362296dd568d0
2026-04-28 11:06:52 - getOutlet.php - Received encrypt: 41c7aa6da1665eab307362296dd568d0
2026-04-28 11:06:52 - getOutlet.php - Authentication berhasil
2026-04-28 11:06:52 - getOutlet.php - Query: SELECT id_out, nama_out, '' AS alamat_out, ofcode_out
            FROM outlet 
            WHERE status_out IN ('Active', '1', 'active')
            AND (nama_out LIKE :key OR ofcode_out LIKE :key)
            ORDER BY nama_out ASC
            LIMIT 20
2026-04-28 11:06:52 - getOutlet.php - Query berhasil, mengembalikan 1 record
2026-04-28 11:06:52 - getOutlet.php - === END REQUEST ===
2026-04-28 04:06:52 - getOutlet.php - === REQUEST GETOUTLET ===
2026-04-28 04:06:52 - getOutlet.php - Method: POST
2026-04-28 04:06:52 - getOutlet.php - POST data: {"tgl":"2026-04-28","encrypt":"41c7aa6da1665eab307362296dd568d0","id_apl":"APL01","key":"APT faraz"}
2026-04-28 11:06:52 - getOutlet.php - Params - tgl: 2026-04-28, encrypt: 41c7aa6da1665eab307362296dd568d0, id_apl: APL01, key: APT faraz
2026-04-28 11:06:52 - getOutlet.php - Aplikasi ditemukan: Ya
2026-04-28 11:06:52 - getOutlet.php - Key aplikasi: YbcJSFjkds...
2026-04-28 11:06:52 - getOutlet.php - Expected encrypt: 41c7aa6da1665eab307362296dd568d0
2026-04-28 11:06:52 - getOutlet.php - Received encrypt: 41c7aa6da1665eab307362296dd568d0
2026-04-28 11:06:52 - getOutlet.php - Authentication berhasil
2026-04-28 11:06:52 - getOutlet.php - Query: SELECT id_out, nama_out, '' AS alamat_out, ofcode_out
            FROM outlet 
            WHERE status_out IN ('Active', '1', 'active')
            AND (nama_out LIKE :key OR ofcode_out LIKE :key)
            ORDER BY nama_out ASC
            LIMIT 20
2026-04-28 11:06:52 - getOutlet.php - Query berhasil, mengembalikan 1 record
2026-04-28 11:06:52 - getOutlet.php - === END REQUEST ===
2026-04-28 04:06:53 - getOutlet.php - === REQUEST GETOUTLET ===
2026-04-28 04:06:53 - getOutlet.php - Method: POST
2026-04-28 04:06:53 - getOutlet.php - POST data: {"tgl":"2026-04-28","encrypt":"41c7aa6da1665eab307362296dd568d0","id_apl":"APL01","key":"APT faraza"}
2026-04-28 11:06:53 - getOutlet.php - Params - tgl: 2026-04-28, encrypt: 41c7aa6da1665eab307362296dd568d0, id_apl: APL01, key: APT faraza
2026-04-28 11:06:53 - getOutlet.php - Aplikasi ditemukan: Ya
2026-04-28 11:06:53 - getOutlet.php - Key aplikasi: YbcJSFjkds...
2026-04-28 11:06:53 - getOutlet.php - Expected encrypt: 41c7aa6da1665eab307362296dd568d0
2026-04-28 11:06:53 - getOutlet.php - Received encrypt: 41c7aa6da1665eab307362296dd568d0
2026-04-28 11:06:53 - getOutlet.php - Authentication berhasil
2026-04-28 11:06:53 - getOutlet.php - Query: SELECT id_out, nama_out, '' AS alamat_out, ofcode_out
            FROM outlet 
            WHERE status_out IN ('Active', '1', 'active')
            AND (nama_out LIKE :key OR ofcode_out LIKE :key)
            ORDER BY nama_out ASC
            LIMIT 20
2026-04-28 11:06:53 - getOutlet.php - Query berhasil, mengembalikan 1 record
2026-04-28 11:06:53 - getOutlet.php - === END REQUEST ===
2026-04-28 04:06:55 - getOutlet.php - === REQUEST GETOUTLET ===
2026-04-28 04:06:55 - getOutlet.php - Method: POST
2026-04-28 04:06:55 - getOutlet.php - POST data: {"tgl":"2026-04-28","encrypt":"41c7aa6da1665eab307362296dd568d0","id_apl":"APL01","key":"APT farazab"}
2026-04-28 11:06:55 - getOutlet.php - Params - tgl: 2026-04-28, encrypt: 41c7aa6da1665eab307362296dd568d0, id_apl: APL01, key: APT farazab
2026-04-28 11:06:55 - getOutlet.php - Aplikasi ditemukan: Ya
2026-04-28 11:06:55 - getOutlet.php - Key aplikasi: YbcJSFjkds...
2026-04-28 11:06:55 - getOutlet.php - Expected encrypt: 41c7aa6da1665eab307362296dd568d0
2026-04-28 11:06:55 - getOutlet.php - Received encrypt: 41c7aa6da1665eab307362296dd568d0
2026-04-28 11:06:55 - getOutlet.php - Authentication berhasil
2026-04-28 11:06:55 - getOutlet.php - Query: SELECT id_out, nama_out, '' AS alamat_out, ofcode_out
            FROM outlet 
            WHERE status_out IN ('Active', '1', 'active')
            AND (nama_out LIKE :key OR ofcode_out LIKE :key)
            ORDER BY nama_out ASC
            LIMIT 20
2026-04-28 11:06:55 - getOutlet.php - Query berhasil, mengembalikan 0 record
2026-04-28 11:06:55 - getOutlet.php - === END REQUEST ===
2026-04-28 04:06:56 - getOutlet.php - === REQUEST GETOUTLET ===
2026-04-28 04:06:56 - getOutlet.php - Method: POST
2026-04-28 04:06:56 - getOutlet.php - POST data: {"tgl":"2026-04-28","encrypt":"41c7aa6da1665eab307362296dd568d0","id_apl":"APL01","key":"APT faraza"}
2026-04-28 11:06:56 - getOutlet.php - Params - tgl: 2026-04-28, encrypt: 41c7aa6da1665eab307362296dd568d0, id_apl: APL01, key: APT faraza
2026-04-28 11:06:56 - getOutlet.php - Aplikasi ditemukan: Ya
2026-04-28 11:06:56 - getOutlet.php - Key aplikasi: YbcJSFjkds...
2026-04-28 11:06:56 - getOutlet.php - Expected encrypt: 41c7aa6da1665eab307362296dd568d0
2026-04-28 11:06:56 - getOutlet.php - Received encrypt: 41c7aa6da1665eab307362296dd568d0
2026-04-28 11:06:56 - getOutlet.php - Authentication berhasil
2026-04-28 11:06:56 - getOutlet.php - Query: SELECT id_out, nama_out, '' AS alamat_out, ofcode_out
            FROM outlet 
            WHERE status_out IN ('Active', '1', 'active')
            AND (nama_out LIKE :key OR ofcode_out LIKE :key)
            ORDER BY nama_out ASC
            LIMIT 20
2026-04-28 11:06:56 - getOutlet.php - Query berhasil, mengembalikan 1 record
2026-04-28 11:06:56 - getOutlet.php - === END REQUEST ===
2026-04-28 04:06:56 - getOutlet.php - === REQUEST GETOUTLET ===
2026-04-28 04:06:56 - getOutlet.php - Method: POST
2026-04-28 04:06:56 - getOutlet.php - POST data: {"tgl":"2026-04-28","encrypt":"41c7aa6da1665eab307362296dd568d0","id_apl":"APL01","key":"APT faraza"}
2026-04-28 11:06:56 - getOutlet.php - Params - tgl: 2026-04-28, encrypt: 41c7aa6da1665eab307362296dd568d0, id_apl: APL01, key: APT faraza
2026-04-28 11:06:56 - getOutlet.php - Aplikasi ditemukan: Ya
2026-04-28 11:06:56 - getOutlet.php - Key aplikasi: YbcJSFjkds...
2026-04-28 11:06:56 - getOutlet.php - Expected encrypt: 41c7aa6da1665eab307362296dd568d0
2026-04-28 11:06:56 - getOutlet.php - Received encrypt: 41c7aa6da1665eab307362296dd568d0
2026-04-28 11:06:56 - getOutlet.php - Authentication berhasil
2026-04-28 11:06:56 - getOutlet.php - Query: SELECT id_out, nama_out, '' AS alamat_out, ofcode_out
            FROM outlet 
            WHERE status_out IN ('Active', '1', 'active')
            AND (nama_out LIKE :key OR ofcode_out LIKE :key)
            ORDER BY nama_out ASC
            LIMIT 20
2026-04-28 11:06:56 - getOutlet.php - Query berhasil, mengembalikan 1 record
2026-04-28 11:06:56 - getOutlet.php - === END REQUEST ===
2026-04-28 04:06:57 - getOutlet.php - === REQUEST GETOUTLET ===
2026-04-28 04:06:57 - getOutlet.php - Method: POST
2026-04-28 04:06:57 - getOutlet.php - POST data: {"tgl":"2026-04-28","encrypt":"41c7aa6da1665eab307362296dd568d0","id_apl":"APL01","key":"APT faraza b"}
2026-04-28 11:06:57 - getOutlet.php - Params - tgl: 2026-04-28, encrypt: 41c7aa6da1665eab307362296dd568d0, id_apl: APL01, key: APT faraza b
2026-04-28 11:06:57 - getOutlet.php - Aplikasi ditemukan: Ya
2026-04-28 11:06:57 - getOutlet.php - Key aplikasi: YbcJSFjkds...
2026-04-28 11:06:57 - getOutlet.php - Expected encrypt: 41c7aa6da1665eab307362296dd568d0
2026-04-28 11:06:57 - getOutlet.php - Received encrypt: 41c7aa6da1665eab307362296dd568d0
2026-04-28 11:06:57 - getOutlet.php - Authentication berhasil
2026-04-28 11:06:57 - getOutlet.php - Query: SELECT id_out, nama_out, '' AS alamat_out, ofcode_out
            FROM outlet 
            WHERE status_out IN ('Active', '1', 'active')
            AND (nama_out LIKE :key OR ofcode_out LIKE :key)
            ORDER BY nama_out ASC
            LIMIT 20
2026-04-28 11:06:57 - getOutlet.php - Query berhasil, mengembalikan 0 record
2026-04-28 11:06:57 - getOutlet.php - === END REQUEST ===
2026-04-28 04:06:59 - getOutlet.php - === REQUEST GETOUTLET ===
2026-04-28 04:06:59 - getOutlet.php - Method: POST
2026-04-28 04:06:59 - getOutlet.php - POST data: {"tgl":"2026-04-28","encrypt":"41c7aa6da1665eab307362296dd568d0","id_apl":"APL01","key":"APT faraza"}
2026-04-28 11:06:59 - getOutlet.php - Params - tgl: 2026-04-28, encrypt: 41c7aa6da1665eab307362296dd568d0, id_apl: APL01, key: APT faraza
2026-04-28 11:06:59 - getOutlet.php - Aplikasi ditemukan: Ya
2026-04-28 11:06:59 - getOutlet.php - Key aplikasi: YbcJSFjkds...
2026-04-28 11:06:59 - getOutlet.php - Expected encrypt: 41c7aa6da1665eab307362296dd568d0
2026-04-28 11:06:59 - getOutlet.php - Received encrypt: 41c7aa6da1665eab307362296dd568d0
2026-04-28 11:06:59 - getOutlet.php - Authentication berhasil
2026-04-28 11:06:59 - getOutlet.php - Query: SELECT id_out, nama_out, '' AS alamat_out, ofcode_out
            FROM outlet 
            WHERE status_out IN ('Active', '1', 'active')
            AND (nama_out LIKE :key OR ofcode_out LIKE :key)
            ORDER BY nama_out ASC
            LIMIT 20
2026-04-28 11:06:59 - getOutlet.php - Query berhasil, mengembalikan 1 record
2026-04-28 11:06:59 - getOutlet.php - === END REQUEST ===
2026-04-28 04:07:07 - getOutlet.php - === REQUEST GETOUTLET ===
2026-04-28 04:07:07 - getOutlet.php - Method: POST
2026-04-28 04:07:07 - getOutlet.php - POST data: {"tgl":"2026-04-28","encrypt":"41c7aa6da1665eab307362296dd568d0","id_apl":"APL01","key":"APT faraza b"}
2026-04-28 11:07:07 - getOutlet.php - Params - tgl: 2026-04-28, encrypt: 41c7aa6da1665eab307362296dd568d0, id_apl: APL01, key: APT faraza b
2026-04-28 11:07:07 - getOutlet.php - Aplikasi ditemukan: Ya
2026-04-28 11:07:07 - getOutlet.php - Key aplikasi: YbcJSFjkds...
2026-04-28 11:07:07 - getOutlet.php - Expected encrypt: 41c7aa6da1665eab307362296dd568d0
2026-04-28 11:07:07 - getOutlet.php - Received encrypt: 41c7aa6da1665eab307362296dd568d0
2026-04-28 11:07:07 - getOutlet.php - Authentication berhasil
2026-04-28 11:07:07 - getOutlet.php - Query: SELECT id_out, nama_out, '' AS alamat_out, ofcode_out
            FROM outlet 
            WHERE status_out IN ('Active', '1', 'active')
            AND (nama_out LIKE :key OR ofcode_out LIKE :key)
            ORDER BY nama_out ASC
            LIMIT 20
2026-04-28 11:07:07 - getOutlet.php - Query berhasil, mengembalikan 0 record
2026-04-28 11:07:07 - getOutlet.php - === END REQUEST ===
2026-04-28 04:07:07 - getOutlet.php - === REQUEST GETOUTLET ===
2026-04-28 04:07:07 - getOutlet.php - Method: POST
2026-04-28 04:07:07 - getOutlet.php - POST data: {"tgl":"2026-04-28","encrypt":"41c7aa6da1665eab307362296dd568d0","id_apl":"APL01","key":"APT faraza bs"}
2026-04-28 11:07:07 - getOutlet.php - Params - tgl: 2026-04-28, encrypt: 41c7aa6da1665eab307362296dd568d0, id_apl: APL01, key: APT faraza bs
2026-04-28 11:07:07 - getOutlet.php - Aplikasi ditemukan: Ya
2026-04-28 11:07:07 - getOutlet.php - Key aplikasi: YbcJSFjkds...
2026-04-28 11:07:07 - getOutlet.php - Expected encrypt: 41c7aa6da1665eab307362296dd568d0
2026-04-28 11:07:07 - getOutlet.php - Received encrypt: 41c7aa6da1665eab307362296dd568d0
2026-04-28 11:07:07 - getOutlet.php - Authentication berhasil
2026-04-28 11:07:07 - getOutlet.php - Query: SELECT id_out, nama_out, '' AS alamat_out, ofcode_out
            FROM outlet 
            WHERE status_out IN ('Active', '1', 'active')
            AND (nama_out LIKE :key OR ofcode_out LIKE :key)
            ORDER BY nama_out ASC
            LIMIT 20
2026-04-28 11:07:07 - getOutlet.php - Query berhasil, mengembalikan 0 record
2026-04-28 11:07:07 - getOutlet.php - === END REQUEST ===
2026-04-28 04:07:08 - getOutlet.php - === REQUEST GETOUTLET ===
2026-04-28 04:07:08 - getOutlet.php - Method: POST
2026-04-28 04:07:08 - getOutlet.php - POST data: {"tgl":"2026-04-28","encrypt":"41c7aa6da1665eab307362296dd568d0","id_apl":"APL01","key":"APT faraza bsd"}
2026-04-28 11:07:08 - getOutlet.php - Params - tgl: 2026-04-28, encrypt: 41c7aa6da1665eab307362296dd568d0, id_apl: APL01, key: APT faraza bsd
2026-04-28 11:07:08 - getOutlet.php - Aplikasi ditemukan: Ya
2026-04-28 11:07:08 - getOutlet.php - Key aplikasi: YbcJSFjkds...
2026-04-28 11:07:08 - getOutlet.php - Expected encrypt: 41c7aa6da1665eab307362296dd568d0
2026-04-28 11:07:08 - getOutlet.php - Received encrypt: 41c7aa6da1665eab307362296dd568d0
2026-04-28 11:07:08 - getOutlet.php - Authentication berhasil
2026-04-28 11:07:08 - getOutlet.php - Query: SELECT id_out, nama_out, '' AS alamat_out, ofcode_out
            FROM outlet 
            WHERE status_out IN ('Active', '1', 'active')
            AND (nama_out LIKE :key OR ofcode_out LIKE :key)
            ORDER BY nama_out ASC
            LIMIT 20
2026-04-28 11:07:08 - getOutlet.php - Query berhasil, mengembalikan 0 record
2026-04-28 11:07:08 - getOutlet.php - === END REQUEST ===
2026-04-28 04:07:11 - getOutlet.php - === REQUEST GETOUTLET ===
2026-04-28 04:07:11 - getOutlet.php - Method: POST
2026-04-28 04:07:11 - getOutlet.php - POST data: {"tgl":"2026-04-28","encrypt":"41c7aa6da1665eab307362296dd568d0","id_apl":"APL01","key":"Rs"}
2026-04-28 11:07:11 - getOutlet.php - Params - tgl: 2026-04-28, encrypt: 41c7aa6da1665eab307362296dd568d0, id_apl: APL01, key: Rs
2026-04-28 11:07:11 - getOutlet.php - Aplikasi ditemukan: Ya
2026-04-28 11:07:11 - getOutlet.php - Key aplikasi: YbcJSFjkds...
2026-04-28 11:07:11 - getOutlet.php - Expected encrypt: 41c7aa6da1665eab307362296dd568d0
2026-04-28 11:07:11 - getOutlet.php - Received encrypt: 41c7aa6da1665eab307362296dd568d0
2026-04-28 11:07:11 - getOutlet.php - Authentication berhasil
2026-04-28 11:07:11 - getOutlet.php - Query: SELECT id_out, nama_out, '' AS alamat_out, ofcode_out
            FROM outlet 
            WHERE status_out IN ('Active', '1', 'active')
            AND (nama_out LIKE :key OR ofcode_out LIKE :key)
            ORDER BY nama_out ASC
            LIMIT 20
2026-04-28 11:07:11 - getOutlet.php - Query berhasil, mengembalikan 20 record
2026-04-28 11:07:11 - getOutlet.php - === END REQUEST ===
2026-04-28 04:07:11 - getOutlet.php - === REQUEST GETOUTLET ===
2026-04-28 04:07:11 - getOutlet.php - Method: POST
2026-04-28 04:07:11 - getOutlet.php - POST data: {"tgl":"2026-04-28","encrypt":"41c7aa6da1665eab307362296dd568d0","id_apl":"APL01","key":"Rs"}
2026-04-28 11:07:11 - getOutlet.php - Params - tgl: 2026-04-28, encrypt: 41c7aa6da1665eab307362296dd568d0, id_apl: APL01, key: Rs
2026-04-28 11:07:11 - getOutlet.php - Aplikasi ditemukan: Ya
2026-04-28 11:07:11 - getOutlet.php - Key aplikasi: YbcJSFjkds...
2026-04-28 11:07:11 - getOutlet.php - Expected encrypt: 41c7aa6da1665eab307362296dd568d0
2026-04-28 11:07:11 - getOutlet.php - Received encrypt: 41c7aa6da1665eab307362296dd568d0
2026-04-28 11:07:11 - getOutlet.php - Authentication berhasil
2026-04-28 11:07:11 - getOutlet.php - Query: SELECT id_out, nama_out, '' AS alamat_out, ofcode_out
            FROM outlet 
            WHERE status_out IN ('Active', '1', 'active')
            AND (nama_out LIKE :key OR ofcode_out LIKE :key)
            ORDER BY nama_out ASC
            LIMIT 20
2026-04-28 11:07:11 - getOutlet.php - Query berhasil, mengembalikan 20 record
2026-04-28 11:07:11 - getOutlet.php - === END REQUEST ===
2026-04-28 04:07:11 - getOutlet.php - === REQUEST GETOUTLET ===
2026-04-28 04:07:11 - getOutlet.php - Method: POST
2026-04-28 04:07:11 - getOutlet.php - POST data: {"tgl":"2026-04-28","encrypt":"41c7aa6da1665eab307362296dd568d0","id_apl":"APL01","key":"Rs"}
2026-04-28 11:07:11 - getOutlet.php - Params - tgl: 2026-04-28, encrypt: 41c7aa6da1665eab307362296dd568d0, id_apl: APL01, key: Rs
2026-04-28 11:07:11 - getOutlet.php - Aplikasi ditemukan: Ya
2026-04-28 11:07:11 - getOutlet.php - Key aplikasi: YbcJSFjkds...
2026-04-28 11:07:11 - getOutlet.php - Expected encrypt: 41c7aa6da1665eab307362296dd568d0
2026-04-28 11:07:11 - getOutlet.php - Received encrypt: 41c7aa6da1665eab307362296dd568d0
2026-04-28 11:07:11 - getOutlet.php - Authentication berhasil
2026-04-28 11:07:11 - getOutlet.php - Query: SELECT id_out, nama_out, '' AS alamat_out, ofcode_out
            FROM outlet 
            WHERE status_out IN ('Active', '1', 'active')
            AND (nama_out LIKE :key OR ofcode_out LIKE :key)
            ORDER BY nama_out ASC
            LIMIT 20
2026-04-28 11:07:11 - getOutlet.php - Query berhasil, mengembalikan 20 record
2026-04-28 11:07:11 - getOutlet.php - === END REQUEST ===
2026-04-28 04:07:11 - getOutlet.php - === REQUEST GETOUTLET ===
2026-04-28 04:07:11 - getOutlet.php - Method: POST
2026-04-28 04:07:11 - getOutlet.php - POST data: {"tgl":"2026-04-28","encrypt":"41c7aa6da1665eab307362296dd568d0","id_apl":"APL01","key":"Rs m"}
2026-04-28 11:07:11 - getOutlet.php - Params - tgl: 2026-04-28, encrypt: 41c7aa6da1665eab307362296dd568d0, id_apl: APL01, key: Rs m
2026-04-28 11:07:11 - getOutlet.php - Aplikasi ditemukan: Ya
2026-04-28 11:07:11 - getOutlet.php - Key aplikasi: YbcJSFjkds...
2026-04-28 11:07:11 - getOutlet.php - Expected encrypt: 41c7aa6da1665eab307362296dd568d0
2026-04-28 11:07:11 - getOutlet.php - Received encrypt: 41c7aa6da1665eab307362296dd568d0
2026-04-28 11:07:11 - getOutlet.php - Authentication berhasil
2026-04-28 11:07:11 - getOutlet.php - Query: SELECT id_out, nama_out, '' AS alamat_out, ofcode_out
            FROM outlet 
            WHERE status_out IN ('Active', '1', 'active')
            AND (nama_out LIKE :key OR ofcode_out LIKE :key)
            ORDER BY nama_out ASC
            LIMIT 20
2026-04-28 11:07:11 - getOutlet.php - Query berhasil, mengembalikan 20 record
2026-04-28 11:07:11 - getOutlet.php - === END REQUEST ===
2026-04-28 04:07:11 - getOutlet.php - === REQUEST GETOUTLET ===
2026-04-28 04:07:11 - getOutlet.php - Method: POST
2026-04-28 04:07:11 - getOutlet.php - POST data: {"tgl":"2026-04-28","encrypt":"41c7aa6da1665eab307362296dd568d0","id_apl":"APL01","key":"Rs mu"}
2026-04-28 11:07:11 - getOutlet.php - Params - tgl: 2026-04-28, encrypt: 41c7aa6da1665eab307362296dd568d0, id_apl: APL01, key: Rs mu
2026-04-28 11:07:11 - getOutlet.php - Aplikasi ditemukan: Ya
2026-04-28 11:07:11 - getOutlet.php - Key aplikasi: YbcJSFjkds...
2026-04-28 11:07:11 - getOutlet.php - Expected encrypt: 41c7aa6da1665eab307362296dd568d0
2026-04-28 11:07:11 - getOutlet.php - Received encrypt: 41c7aa6da1665eab307362296dd568d0
2026-04-28 11:07:11 - getOutlet.php - Authentication berhasil
2026-04-28 11:07:11 - getOutlet.php - Query: SELECT id_out, nama_out, '' AS alamat_out, ofcode_out
            FROM outlet 
            WHERE status_out IN ('Active', '1', 'active')
            AND (nama_out LIKE :key OR ofcode_out LIKE :key)
            ORDER BY nama_out ASC
            LIMIT 20
2026-04-28 11:07:11 - getOutlet.php - Query berhasil, mengembalikan 8 record
2026-04-28 11:07:11 - getOutlet.php - === END REQUEST ===
2026-04-28 04:07:11 - getOutlet.php - === REQUEST GETOUTLET ===
2026-04-28 04:07:11 - getOutlet.php - Method: POST
2026-04-28 04:07:11 - getOutlet.php - POST data: {"tgl":"2026-04-28","encrypt":"41c7aa6da1665eab307362296dd568d0","id_apl":"APL01","key":"Rs mul"}
2026-04-28 11:07:11 - getOutlet.php - Params - tgl: 2026-04-28, encrypt: 41c7aa6da1665eab307362296dd568d0, id_apl: APL01, key: Rs mul
2026-04-28 11:07:11 - getOutlet.php - Aplikasi ditemukan: Ya
2026-04-28 11:07:11 - getOutlet.php - Key aplikasi: YbcJSFjkds...
2026-04-28 11:07:11 - getOutlet.php - Expected encrypt: 41c7aa6da1665eab307362296dd568d0
2026-04-28 11:07:11 - getOutlet.php - Received encrypt: 41c7aa6da1665eab307362296dd568d0
2026-04-28 11:07:11 - getOutlet.php - Authentication berhasil
2026-04-28 11:07:11 - getOutlet.php - Query: SELECT id_out, nama_out, '' AS alamat_out, ofcode_out
            FROM outlet 
            WHERE status_out IN ('Active', '1', 'active')
            AND (nama_out LIKE :key OR ofcode_out LIKE :key)
            ORDER BY nama_out ASC
            LIMIT 20
2026-04-28 11:07:11 - getOutlet.php - Query berhasil, mengembalikan 2 record
2026-04-28 11:07:11 - getOutlet.php - === END REQUEST ===
2026-04-28 04:07:11 - getOutlet.php - === REQUEST GETOUTLET ===
2026-04-28 04:07:11 - getOutlet.php - Method: POST
2026-04-28 04:07:11 - getOutlet.php - POST data: {"tgl":"2026-04-28","encrypt":"41c7aa6da1665eab307362296dd568d0","id_apl":"APL01","key":"Rs muly"}
2026-04-28 11:07:11 - getOutlet.php - Params - tgl: 2026-04-28, encrypt: 41c7aa6da1665eab307362296dd568d0, id_apl: APL01, key: Rs muly
2026-04-28 11:07:11 - getOutlet.php - Aplikasi ditemukan: Ya
2026-04-28 11:07:11 - getOutlet.php - Key aplikasi: YbcJSFjkds...
2026-04-28 11:07:11 - getOutlet.php - Expected encrypt: 41c7aa6da1665eab307362296dd568d0
2026-04-28 11:07:11 - getOutlet.php - Received encrypt: 41c7aa6da1665eab307362296dd568d0
2026-04-28 11:07:11 - getOutlet.php - Authentication berhasil
2026-04-28 11:07:11 - getOutlet.php - Query: SELECT id_out, nama_out, '' AS alamat_out, ofcode_out
            FROM outlet 
            WHERE status_out IN ('Active', '1', 'active')
            AND (nama_out LIKE :key OR ofcode_out LIKE :key)
            ORDER BY nama_out ASC
            LIMIT 20
2026-04-28 11:07:11 - getOutlet.php - Query berhasil, mengembalikan 2 record
2026-04-28 11:07:11 - getOutlet.php - === END REQUEST ===
2026-04-28 04:07:12 - getOutlet.php - === REQUEST GETOUTLET ===
2026-04-28 04:07:12 - getOutlet.php - Method: POST
2026-04-28 04:07:12 - getOutlet.php - POST data: {"tgl":"2026-04-28","encrypt":"41c7aa6da1665eab307362296dd568d0","id_apl":"APL01","key":"APT faraza bs"}
2026-04-28 11:07:12 - getOutlet.php - Params - tgl: 2026-04-28, encrypt: 41c7aa6da1665eab307362296dd568d0, id_apl: APL01, key: APT faraza bs
2026-04-28 11:07:12 - getOutlet.php - Aplikasi ditemukan: Ya
2026-04-28 11:07:12 - getOutlet.php - Key aplikasi: YbcJSFjkds...
2026-04-28 11:07:12 - getOutlet.php - Expected encrypt: 41c7aa6da1665eab307362296dd568d0
2026-04-28 11:07:12 - getOutlet.php - Received encrypt: 41c7aa6da1665eab307362296dd568d0
2026-04-28 11:07:12 - getOutlet.php - Authentication berhasil
2026-04-28 11:07:12 - getOutlet.php - Query: SELECT id_out, nama_out, '' AS alamat_out, ofcode_out
            FROM outlet 
            WHERE status_out IN ('Active', '1', 'active')
            AND (nama_out LIKE :key OR ofcode_out LIKE :key)
            ORDER BY nama_out ASC
            LIMIT 20
2026-04-28 11:07:12 - getOutlet.php - Query berhasil, mengembalikan 0 record
2026-04-28 11:07:12 - getOutlet.php - === END REQUEST ===
2026-04-28 04:07:12 - getOutlet.php - === REQUEST GETOUTLET ===
2026-04-28 04:07:12 - getOutlet.php - Method: POST
2026-04-28 04:07:12 - getOutlet.php - POST data: {"tgl":"2026-04-28","encrypt":"41c7aa6da1665eab307362296dd568d0","id_apl":"APL01","key":"APT faraza b"}
2026-04-28 11:07:12 - getOutlet.php - Params - tgl: 2026-04-28, encrypt: 41c7aa6da1665eab307362296dd568d0, id_apl: APL01, key: APT faraza b
2026-04-28 11:07:12 - getOutlet.php - Aplikasi ditemukan: Ya
2026-04-28 11:07:12 - getOutlet.php - Key aplikasi: YbcJSFjkds...
2026-04-28 11:07:12 - getOutlet.php - Expected encrypt: 41c7aa6da1665eab307362296dd568d0
2026-04-28 11:07:12 - getOutlet.php - Received encrypt: 41c7aa6da1665eab307362296dd568d0
2026-04-28 11:07:12 - getOutlet.php - Authentication berhasil
2026-04-28 11:07:12 - getOutlet.php - Query: SELECT id_out, nama_out, '' AS alamat_out, ofcode_out
            FROM outlet 
            WHERE status_out IN ('Active', '1', 'active')
            AND (nama_out LIKE :key OR ofcode_out LIKE :key)
            ORDER BY nama_out ASC
            LIMIT 20
2026-04-28 11:07:12 - getOutlet.php - Query berhasil, mengembalikan 0 record
2026-04-28 11:07:12 - getOutlet.php - === END REQUEST ===
2026-04-28 04:07:12 - getOutlet.php - === REQUEST GETOUTLET ===
2026-04-28 04:07:12 - getOutlet.php - Method: POST
2026-04-28 04:07:12 - getOutlet.php - POST data: {"tgl":"2026-04-28","encrypt":"41c7aa6da1665eab307362296dd568d0","id_apl":"APL01","key":"APT faraza"}
2026-04-28 11:07:12 - getOutlet.php - Params - tgl: 2026-04-28, encrypt: 41c7aa6da1665eab307362296dd568d0, id_apl: APL01, key: APT faraza
2026-04-28 11:07:12 - getOutlet.php - Aplikasi ditemukan: Ya
2026-04-28 11:07:12 - getOutlet.php - Key aplikasi: YbcJSFjkds...
2026-04-28 11:07:12 - getOutlet.php - Expected encrypt: 41c7aa6da1665eab307362296dd568d0
2026-04-28 11:07:12 - getOutlet.php - Received encrypt: 41c7aa6da1665eab307362296dd568d0
2026-04-28 11:07:12 - getOutlet.php - Authentication berhasil
2026-04-28 11:07:12 - getOutlet.php - Query: SELECT id_out, nama_out, '' AS alamat_out, ofcode_out
            FROM outlet 
            WHERE status_out IN ('Active', '1', 'active')
            AND (nama_out LIKE :key OR ofcode_out LIKE :key)
            ORDER BY nama_out ASC
            LIMIT 20
2026-04-28 11:07:12 - getOutlet.php - Query berhasil, mengembalikan 1 record
2026-04-28 11:07:12 - getOutlet.php - === END REQUEST ===
2026-04-28 04:07:12 - getOutlet.php - === REQUEST GETOUTLET ===
2026-04-28 04:07:12 - getOutlet.php - Method: POST
2026-04-28 04:07:12 - getOutlet.php - POST data: {"tgl":"2026-04-28","encrypt":"41c7aa6da1665eab307362296dd568d0","id_apl":"APL01","key":"APT faraz"}
2026-04-28 11:07:12 - getOutlet.php - Params - tgl: 2026-04-28, encrypt: 41c7aa6da1665eab307362296dd568d0, id_apl: APL01, key: APT faraz
2026-04-28 11:07:12 - getOutlet.php - Aplikasi ditemukan: Ya
2026-04-28 11:07:12 - getOutlet.php - Key aplikasi: YbcJSFjkds...
2026-04-28 11:07:12 - getOutlet.php - Expected encrypt: 41c7aa6da1665eab307362296dd568d0
2026-04-28 11:07:12 - getOutlet.php - Received encrypt: 41c7aa6da1665eab307362296dd568d0
2026-04-28 11:07:12 - getOutlet.php - Authentication berhasil
2026-04-28 11:07:12 - getOutlet.php - Query: SELECT id_out, nama_out, '' AS alamat_out, ofcode_out
            FROM outlet 
            WHERE status_out IN ('Active', '1', 'active')
            AND (nama_out LIKE :key OR ofcode_out LIKE :key)
            ORDER BY nama_out ASC
            LIMIT 20
2026-04-28 11:07:12 - getOutlet.php - Query berhasil, mengembalikan 1 record
2026-04-28 11:07:12 - getOutlet.php - === END REQUEST ===
2026-04-28 04:07:12 - getOutlet.php - === REQUEST GETOUTLET ===
2026-04-28 04:07:12 - getOutlet.php - Method: POST
2026-04-28 04:07:12 - getOutlet.php - POST data: {"tgl":"2026-04-28","encrypt":"41c7aa6da1665eab307362296dd568d0","id_apl":"APL01","key":"APT faraza"}
2026-04-28 11:07:12 - getOutlet.php - Params - tgl: 2026-04-28, encrypt: 41c7aa6da1665eab307362296dd568d0, id_apl: APL01, key: APT faraza
2026-04-28 11:07:12 - getOutlet.php - Aplikasi ditemukan: Ya
2026-04-28 11:07:12 - getOutlet.php - Key aplikasi: YbcJSFjkds...
2026-04-28 11:07:12 - getOutlet.php - Expected encrypt: 41c7aa6da1665eab307362296dd568d0
2026-04-28 11:07:12 - getOutlet.php - Received encrypt: 41c7aa6da1665eab307362296dd568d0
2026-04-28 11:07:12 - getOutlet.php - Authentication berhasil
2026-04-28 11:07:12 - getOutlet.php - Query: SELECT id_out, nama_out, '' AS alamat_out, ofcode_out
            FROM outlet 
            WHERE status_out IN ('Active', '1', 'active')
            AND (nama_out LIKE :key OR ofcode_out LIKE :key)
            ORDER BY nama_out ASC
            LIMIT 20
2026-04-28 11:07:12 - getOutlet.php - Query berhasil, mengembalikan 1 record
2026-04-28 11:07:12 - getOutlet.php - === END REQUEST ===
2026-04-28 04:07:12 - getOutlet.php - === REQUEST GETOUTLET ===
2026-04-28 04:07:12 - getOutlet.php - Method: POST
2026-04-28 04:07:12 - getOutlet.php - POST data: {"tgl":"2026-04-28","encrypt":"41c7aa6da1665eab307362296dd568d0","id_apl":"APL01","key":"APT fara"}
2026-04-28 11:07:12 - getOutlet.php - Params - tgl: 2026-04-28, encrypt: 41c7aa6da1665eab307362296dd568d0, id_apl: APL01, key: APT fara
2026-04-28 11:07:12 - getOutlet.php - Aplikasi ditemukan: Ya
2026-04-28 11:07:12 - getOutlet.php - Key aplikasi: YbcJSFjkds...
2026-04-28 11:07:12 - getOutlet.php - Expected encrypt: 41c7aa6da1665eab307362296dd568d0
2026-04-28 11:07:12 - getOutlet.php - Received encrypt: 41c7aa6da1665eab307362296dd568d0
2026-04-28 11:07:12 - getOutlet.php - Authentication berhasil
2026-04-28 04:07:12 - getOutlet.php - === REQUEST GETOUTLET ===
2026-04-28 04:07:12 - getOutlet.php - Method: POST
2026-04-28 04:07:12 - getOutlet.php - POST data: {"tgl":"2026-04-28","encrypt":"41c7aa6da1665eab307362296dd568d0","id_apl":"APL01","key":"APT f"}
2026-04-28 11:07:12 - getOutlet.php - Params - tgl: 2026-04-28, encrypt: 41c7aa6da1665eab307362296dd568d0, id_apl: APL01, key: APT f
2026-04-28 11:07:12 - getOutlet.php - Aplikasi ditemukan: Ya
2026-04-28 11:07:12 - getOutlet.php - Key aplikasi: YbcJSFjkds...
2026-04-28 11:07:12 - getOutlet.php - Expected encrypt: 41c7aa6da1665eab307362296dd568d0
2026-04-28 11:07:12 - getOutlet.php - Received encrypt: 41c7aa6da1665eab307362296dd568d0
2026-04-28 11:07:12 - getOutlet.php - Authentication berhasil
2026-04-28 11:07:12 - getOutlet.php - Query: SELECT id_out, nama_out, '' AS alamat_out, ofcode_out
            FROM outlet 
            WHERE status_out IN ('Active', '1', 'active')
            AND (nama_out LIKE :key OR ofcode_out LIKE :key)
            ORDER BY nama_out ASC
            LIMIT 20
2026-04-28 11:07:12 - getOutlet.php - Query: SELECT id_out, nama_out, '' AS alamat_out, ofcode_out
            FROM outlet 
            WHERE status_out IN ('Active', '1', 'active')
            AND (nama_out LIKE :key OR ofcode_out LIKE :key)
            ORDER BY nama_out ASC
            LIMIT 20
2026-04-28 11:07:12 - getOutlet.php - Query berhasil, mengembalikan 1 record
2026-04-28 11:07:12 - getOutlet.php - === END REQUEST ===
2026-04-28 11:07:12 - getOutlet.php - Query berhasil, mengembalikan 1 record
2026-04-28 11:07:12 - getOutlet.php - === END REQUEST ===
2026-04-28 04:07:12 - getOutlet.php - === REQUEST GETOUTLET ===
2026-04-28 04:07:12 - getOutlet.php - Method: POST
2026-04-28 04:07:12 - getOutlet.php - POST data: {"tgl":"2026-04-28","encrypt":"41c7aa6da1665eab307362296dd568d0","id_apl":"APL01","key":"APT"}
2026-04-28 11:07:12 - getOutlet.php - Params - tgl: 2026-04-28, encrypt: 41c7aa6da1665eab307362296dd568d0, id_apl: APL01, key: APT
2026-04-28 04:07:12 - getOutlet.php - === REQUEST GETOUTLET ===
2026-04-28 04:07:12 - getOutlet.php - Method: POST
2026-04-28 04:07:12 - getOutlet.php - POST data: {"tgl":"2026-04-28","encrypt":"41c7aa6da1665eab307362296dd568d0","id_apl":"APL01","key":"APT fa"}
2026-04-28 11:07:12 - getOutlet.php - Params - tgl: 2026-04-28, encrypt: 41c7aa6da1665eab307362296dd568d0, id_apl: APL01, key: APT fa
2026-04-28 11:07:12 - getOutlet.php - Aplikasi ditemukan: Ya
2026-04-28 11:07:12 - getOutlet.php - Key aplikasi: YbcJSFjkds...
2026-04-28 11:07:12 - getOutlet.php - Expected encrypt: 41c7aa6da1665eab307362296dd568d0
2026-04-28 11:07:12 - getOutlet.php - Received encrypt: 41c7aa6da1665eab307362296dd568d0
2026-04-28 11:07:12 - getOutlet.php - Authentication berhasil
2026-04-28 11:07:12 - getOutlet.php - Aplikasi ditemukan: Ya
2026-04-28 11:07:12 - getOutlet.php - Query: SELECT id_out, nama_out, '' AS alamat_out, ofcode_out
            FROM outlet 
            WHERE status_out IN ('Active', '1', 'active')
            AND (nama_out LIKE :key OR ofcode_out LIKE :key)
            ORDER BY nama_out ASC
            LIMIT 20
2026-04-28 11:07:12 - getOutlet.php - Key aplikasi: YbcJSFjkds...
2026-04-28 11:07:12 - getOutlet.php - Expected encrypt: 41c7aa6da1665eab307362296dd568d0
2026-04-28 11:07:12 - getOutlet.php - Received encrypt: 41c7aa6da1665eab307362296dd568d0
2026-04-28 11:07:12 - getOutlet.php - Authentication berhasil
2026-04-28 11:07:12 - getOutlet.php - Query berhasil, mengembalikan 2 record
2026-04-28 11:07:12 - getOutlet.php - === END REQUEST ===
2026-04-28 11:07:12 - getOutlet.php - Query: SELECT id_out, nama_out, '' AS alamat_out, ofcode_out
            FROM outlet 
            WHERE status_out IN ('Active', '1', 'active')
            AND (nama_out LIKE :key OR ofcode_out LIKE :key)
            ORDER BY nama_out ASC
            LIMIT 20
2026-04-28 11:07:12 - getOutlet.php - Query berhasil, mengembalikan 1 record
2026-04-28 11:07:12 - getOutlet.php - === END REQUEST ===
2026-04-28 04:07:12 - getOutlet.php - === REQUEST GETOUTLET ===
2026-04-28 04:07:12 - getOutlet.php - Method: POST
2026-04-28 04:07:12 - getOutlet.php - POST data: {"tgl":"2026-04-28","encrypt":"41c7aa6da1665eab307362296dd568d0","id_apl":"APL01","key":"APT"}
2026-04-28 11:07:12 - getOutlet.php - Params - tgl: 2026-04-28, encrypt: 41c7aa6da1665eab307362296dd568d0, id_apl: APL01, key: APT
2026-04-28 11:07:12 - getOutlet.php - Aplikasi ditemukan: Ya
2026-04-28 11:07:12 - getOutlet.php - Key aplikasi: YbcJSFjkds...
2026-04-28 11:07:12 - getOutlet.php - Expected encrypt: 41c7aa6da1665eab307362296dd568d0
2026-04-28 11:07:12 - getOutlet.php - Received encrypt: 41c7aa6da1665eab307362296dd568d0
2026-04-28 11:07:12 - getOutlet.php - Authentication berhasil
2026-04-28 11:07:12 - getOutlet.php - Query: SELECT id_out, nama_out, '' AS alamat_out, ofcode_out
            FROM outlet 
            WHERE status_out IN ('Active', '1', 'active')
            AND (nama_out LIKE :key OR ofcode_out LIKE :key)
            ORDER BY nama_out ASC
            LIMIT 20
2026-04-28 11:07:12 - getOutlet.php - Query berhasil, mengembalikan 2 record
2026-04-28 11:07:12 - getOutlet.php - === END REQUEST ===
2026-04-28 04:07:12 - getOutlet.php - === REQUEST GETOUTLET ===
2026-04-28 04:07:12 - getOutlet.php - Method: POST
2026-04-28 04:07:12 - getOutlet.php - POST data: {"tgl":"2026-04-28","encrypt":"41c7aa6da1665eab307362296dd568d0","id_apl":"APL01","key":"APT far"}
2026-04-28 11:07:12 - getOutlet.php - Params - tgl: 2026-04-28, encrypt: 41c7aa6da1665eab307362296dd568d0, id_apl: APL01, key: APT far
2026-04-28 11:07:12 - getOutlet.php - Aplikasi ditemukan: Ya
2026-04-28 11:07:12 - getOutlet.php - Key aplikasi: YbcJSFjkds...
2026-04-28 11:07:12 - getOutlet.php - Expected encrypt: 41c7aa6da1665eab307362296dd568d0
2026-04-28 11:07:12 - getOutlet.php - Received encrypt: 41c7aa6da1665eab307362296dd568d0
2026-04-28 11:07:12 - getOutlet.php - Authentication berhasil
2026-04-28 11:07:12 - getOutlet.php - Query: SELECT id_out, nama_out, '' AS alamat_out, ofcode_out
            FROM outlet 
            WHERE status_out IN ('Active', '1', 'active')
            AND (nama_out LIKE :key OR ofcode_out LIKE :key)
            ORDER BY nama_out ASC
            LIMIT 20
2026-04-28 11:07:12 - getOutlet.php - Query berhasil, mengembalikan 1 record
2026-04-28 11:07:12 - getOutlet.php - === END REQUEST ===
2026-04-28 04:07:13 - getOutlet.php - === REQUEST GETOUTLET ===
2026-04-28 04:07:13 - getOutlet.php - Method: POST
2026-04-28 04:07:13 - getOutlet.php - POST data: {"tgl":"2026-04-28","encrypt":"41c7aa6da1665eab307362296dd568d0","id_apl":"APL01","key":"AP"}
2026-04-28 11:07:13 - getOutlet.php - Params - tgl: 2026-04-28, encrypt: 41c7aa6da1665eab307362296dd568d0, id_apl: APL01, key: AP
2026-04-28 11:07:13 - getOutlet.php - Aplikasi ditemukan: Ya
2026-04-28 11:07:13 - getOutlet.php - Key aplikasi: YbcJSFjkds...
2026-04-28 11:07:13 - getOutlet.php - Expected encrypt: 41c7aa6da1665eab307362296dd568d0
2026-04-28 11:07:13 - getOutlet.php - Received encrypt: 41c7aa6da1665eab307362296dd568d0
2026-04-28 11:07:13 - getOutlet.php - Authentication berhasil
2026-04-28 11:07:13 - getOutlet.php - Query: SELECT id_out, nama_out, '' AS alamat_out, ofcode_out
            FROM outlet 
            WHERE status_out IN ('Active', '1', 'active')
            AND (nama_out LIKE :key OR ofcode_out LIKE :key)
            ORDER BY nama_out ASC
            LIMIT 20
2026-04-28 11:07:13 - getOutlet.php - Query berhasil, mengembalikan 20 record
2026-04-28 11:07:13 - getOutlet.php - === END REQUEST ===
2026-04-28 04:07:14 - getOutlet.php - === REQUEST GETOUTLET ===
2026-04-28 04:07:14 - getOutlet.php - Method: POST
2026-04-28 04:07:14 - getOutlet.php - POST data: {"tgl":"2026-04-28","encrypt":"41c7aa6da1665eab307362296dd568d0","id_apl":"APL01","key":"Fa"}
2026-04-28 11:07:14 - getOutlet.php - Params - tgl: 2026-04-28, encrypt: 41c7aa6da1665eab307362296dd568d0, id_apl: APL01, key: Fa
2026-04-28 11:07:14 - getOutlet.php - Aplikasi ditemukan: Ya
2026-04-28 11:07:14 - getOutlet.php - Key aplikasi: YbcJSFjkds...
2026-04-28 11:07:14 - getOutlet.php - Expected encrypt: 41c7aa6da1665eab307362296dd568d0
2026-04-28 11:07:14 - getOutlet.php - Received encrypt: 41c7aa6da1665eab307362296dd568d0
2026-04-28 11:07:14 - getOutlet.php - Authentication berhasil
2026-04-28 11:07:14 - getOutlet.php - Query: SELECT id_out, nama_out, '' AS alamat_out, ofcode_out
            FROM outlet 
            WHERE status_out IN ('Active', '1', 'active')
            AND (nama_out LIKE :key OR ofcode_out LIKE :key)
            ORDER BY nama_out ASC
            LIMIT 20
2026-04-28 11:07:14 - getOutlet.php - Query berhasil, mengembalikan 20 record
2026-04-28 11:07:14 - getOutlet.php - === END REQUEST ===
2026-04-28 04:07:14 - getOutlet.php - === REQUEST GETOUTLET ===
2026-04-28 04:07:14 - getOutlet.php - Method: POST
2026-04-28 04:07:14 - getOutlet.php - POST data: {"tgl":"2026-04-28","encrypt":"41c7aa6da1665eab307362296dd568d0","id_apl":"APL01","key":"Far"}
2026-04-28 11:07:14 - getOutlet.php - Params - tgl: 2026-04-28, encrypt: 41c7aa6da1665eab307362296dd568d0, id_apl: APL01, key: Far
2026-04-28 11:07:14 - getOutlet.php - Aplikasi ditemukan: Ya
2026-04-28 11:07:14 - getOutlet.php - Key aplikasi: YbcJSFjkds...
2026-04-28 11:07:14 - getOutlet.php - Expected encrypt: 41c7aa6da1665eab307362296dd568d0
2026-04-28 11:07:14 - getOutlet.php - Received encrypt: 41c7aa6da1665eab307362296dd568d0
2026-04-28 11:07:14 - getOutlet.php - Authentication berhasil
2026-04-28 11:07:14 - getOutlet.php - Query: SELECT id_out, nama_out, '' AS alamat_out, ofcode_out
            FROM outlet 
            WHERE status_out IN ('Active', '1', 'active')
            AND (nama_out LIKE :key OR ofcode_out LIKE :key)
            ORDER BY nama_out ASC
            LIMIT 20
2026-04-28 11:07:14 - getOutlet.php - Query berhasil, mengembalikan 20 record
2026-04-28 11:07:14 - getOutlet.php - === END REQUEST ===
2026-04-28 04:07:14 - getOutlet.php - === REQUEST GETOUTLET ===
2026-04-28 04:07:14 - getOutlet.php - Method: POST
2026-04-28 04:07:14 - getOutlet.php - POST data: {"tgl":"2026-04-28","encrypt":"41c7aa6da1665eab307362296dd568d0","id_apl":"APL01","key":"Fara"}
2026-04-28 11:07:14 - getOutlet.php - Params - tgl: 2026-04-28, encrypt: 41c7aa6da1665eab307362296dd568d0, id_apl: APL01, key: Fara
2026-04-28 11:07:14 - getOutlet.php - Aplikasi ditemukan: Ya
2026-04-28 11:07:14 - getOutlet.php - Key aplikasi: YbcJSFjkds...
2026-04-28 11:07:14 - getOutlet.php - Expected encrypt: 41c7aa6da1665eab307362296dd568d0
2026-04-28 11:07:14 - getOutlet.php - Received encrypt: 41c7aa6da1665eab307362296dd568d0
2026-04-28 11:07:14 - getOutlet.php - Authentication berhasil
2026-04-28 11:07:14 - getOutlet.php - Query: SELECT id_out, nama_out, '' AS alamat_out, ofcode_out
            FROM outlet 
            WHERE status_out IN ('Active', '1', 'active')
            AND (nama_out LIKE :key OR ofcode_out LIKE :key)
            ORDER BY nama_out ASC
            LIMIT 20
2026-04-28 11:07:14 - getOutlet.php - Query berhasil, mengembalikan 13 record
2026-04-28 11:07:14 - getOutlet.php - === END REQUEST ===
2026-04-28 04:07:14 - getOutlet.php - === REQUEST GETOUTLET ===
2026-04-28 04:07:14 - getOutlet.php - Method: POST
2026-04-28 04:07:14 - getOutlet.php - POST data: {"tgl":"2026-04-28","encrypt":"41c7aa6da1665eab307362296dd568d0","id_apl":"APL01","key":"Faraz"}
2026-04-28 11:07:14 - getOutlet.php - Params - tgl: 2026-04-28, encrypt: 41c7aa6da1665eab307362296dd568d0, id_apl: APL01, key: Faraz
2026-04-28 11:07:14 - getOutlet.php - Aplikasi ditemukan: Ya
2026-04-28 11:07:14 - getOutlet.php - Key aplikasi: YbcJSFjkds...
2026-04-28 11:07:14 - getOutlet.php - Expected encrypt: 41c7aa6da1665eab307362296dd568d0
2026-04-28 11:07:14 - getOutlet.php - Received encrypt: 41c7aa6da1665eab307362296dd568d0
2026-04-28 11:07:14 - getOutlet.php - Authentication berhasil
2026-04-28 11:07:14 - getOutlet.php - Query: SELECT id_out, nama_out, '' AS alamat_out, ofcode_out
            FROM outlet 
            WHERE status_out IN ('Active', '1', 'active')
            AND (nama_out LIKE :key OR ofcode_out LIKE :key)
            ORDER BY nama_out ASC
            LIMIT 20
2026-04-28 11:07:14 - getOutlet.php - Query berhasil, mengembalikan 12 record
2026-04-28 11:07:14 - getOutlet.php - === END REQUEST ===
2026-04-28 04:07:15 - getOutlet.php - === REQUEST GETOUTLET ===
2026-04-28 04:07:15 - getOutlet.php - Method: POST
2026-04-28 04:07:15 - getOutlet.php - POST data: {"tgl":"2026-04-28","encrypt":"41c7aa6da1665eab307362296dd568d0","id_apl":"APL01","key":"Faraza"}
2026-04-28 11:07:15 - getOutlet.php - Params - tgl: 2026-04-28, encrypt: 41c7aa6da1665eab307362296dd568d0, id_apl: APL01, key: Faraza
2026-04-28 11:07:15 - getOutlet.php - Aplikasi ditemukan: Ya
2026-04-28 11:07:15 - getOutlet.php - Key aplikasi: YbcJSFjkds...
2026-04-28 11:07:15 - getOutlet.php - Expected encrypt: 41c7aa6da1665eab307362296dd568d0
2026-04-28 11:07:15 - getOutlet.php - Received encrypt: 41c7aa6da1665eab307362296dd568d0
2026-04-28 11:07:15 - getOutlet.php - Authentication berhasil
2026-04-28 11:07:15 - getOutlet.php - Query: SELECT id_out, nama_out, '' AS alamat_out, ofcode_out
            FROM outlet 
            WHERE status_out IN ('Active', '1', 'active')
            AND (nama_out LIKE :key OR ofcode_out LIKE :key)
            ORDER BY nama_out ASC
            LIMIT 20
2026-04-28 11:07:15 - getOutlet.php - Query berhasil, mengembalikan 12 record
2026-04-28 11:07:15 - getOutlet.php - === END REQUEST ===
2026-04-28 04:07:15 - getOutlet.php - === REQUEST GETOUTLET ===
2026-04-28 04:07:15 - getOutlet.php - Method: POST
2026-04-28 04:07:15 - getOutlet.php - POST data: {"tgl":"2026-04-28","encrypt":"41c7aa6da1665eab307362296dd568d0","id_apl":"APL01","key":"RS MULYA"}
2026-04-28 11:07:15 - getOutlet.php - Params - tgl: 2026-04-28, encrypt: 41c7aa6da1665eab307362296dd568d0, id_apl: APL01, key: RS MULYA
2026-04-28 11:07:15 - getOutlet.php - Aplikasi ditemukan: Ya
2026-04-28 11:07:15 - getOutlet.php - Key aplikasi: YbcJSFjkds...
2026-04-28 11:07:15 - getOutlet.php - Expected encrypt: 41c7aa6da1665eab307362296dd568d0
2026-04-28 11:07:15 - getOutlet.php - Received encrypt: 41c7aa6da1665eab307362296dd568d0
2026-04-28 11:07:15 - getOutlet.php - Authentication berhasil
2026-04-28 11:07:15 - getOutlet.php - Query: SELECT id_out, nama_out, '' AS alamat_out, ofcode_out
            FROM outlet 
            WHERE status_out IN ('Active', '1', 'active')
            AND (nama_out LIKE :key OR ofcode_out LIKE :key)
            ORDER BY nama_out ASC
            LIMIT 20
2026-04-28 11:07:15 - getOutlet.php - Query berhasil, mengembalikan 2 record
2026-04-28 11:07:15 - getOutlet.php - === END REQUEST ===
2026-04-28 04:07:16 - getOutlet.php - === REQUEST GETOUTLET ===
2026-04-28 04:07:16 - getOutlet.php - Method: POST
2026-04-28 04:07:16 - getOutlet.php - POST data: {"tgl":"2026-04-28","encrypt":"41c7aa6da1665eab307362296dd568d0","id_apl":"APL01","key":"Faraza"}
2026-04-28 11:07:16 - getOutlet.php - Params - tgl: 2026-04-28, encrypt: 41c7aa6da1665eab307362296dd568d0, id_apl: APL01, key: Faraza
2026-04-28 11:07:16 - getOutlet.php - Aplikasi ditemukan: Ya
2026-04-28 11:07:16 - getOutlet.php - Key aplikasi: YbcJSFjkds...
2026-04-28 11:07:16 - getOutlet.php - Expected encrypt: 41c7aa6da1665eab307362296dd568d0
2026-04-28 11:07:16 - getOutlet.php - Received encrypt: 41c7aa6da1665eab307362296dd568d0
2026-04-28 11:07:16 - getOutlet.php - Authentication berhasil
2026-04-28 11:07:16 - getOutlet.php - Query: SELECT id_out, nama_out, '' AS alamat_out, ofcode_out
            FROM outlet 
            WHERE status_out IN ('Active', '1', 'active')
            AND (nama_out LIKE :key OR ofcode_out LIKE :key)
            ORDER BY nama_out ASC
            LIMIT 20
2026-04-28 11:07:16 - getOutlet.php - Query berhasil, mengembalikan 12 record
2026-04-28 11:07:16 - getOutlet.php - === END REQUEST ===
2026-04-28 04:07:18 - getOutlet.php - === REQUEST GETOUTLET ===
2026-04-28 04:07:18 - getOutlet.php - Method: POST
2026-04-28 04:07:18 - getOutlet.php - POST data: {"tgl":"2026-04-28","encrypt":"41c7aa6da1665eab307362296dd568d0","id_apl":"APL01","key":"Faraza b"}
2026-04-28 11:07:18 - getOutlet.php - Params - tgl: 2026-04-28, encrypt: 41c7aa6da1665eab307362296dd568d0, id_apl: APL01, key: Faraza b
2026-04-28 11:07:18 - getOutlet.php - Aplikasi ditemukan: Ya
2026-04-28 11:07:18 - getOutlet.php - Key aplikasi: YbcJSFjkds...
2026-04-28 11:07:18 - getOutlet.php - Expected encrypt: 41c7aa6da1665eab307362296dd568d0
2026-04-28 11:07:18 - getOutlet.php - Received encrypt: 41c7aa6da1665eab307362296dd568d0
2026-04-28 11:07:18 - getOutlet.php - Authentication berhasil
2026-04-28 11:07:18 - getOutlet.php - Query: SELECT id_out, nama_out, '' AS alamat_out, ofcode_out
            FROM outlet 
            WHERE status_out IN ('Active', '1', 'active')
            AND (nama_out LIKE :key OR ofcode_out LIKE :key)
            ORDER BY nama_out ASC
            LIMIT 20
2026-04-28 11:07:18 - getOutlet.php - Query berhasil, mengembalikan 0 record
2026-04-28 11:07:18 - getOutlet.php - === END REQUEST ===
2026-04-28 04:07:19 - getOutlet.php - === REQUEST GETOUTLET ===
2026-04-28 04:07:19 - getOutlet.php - Method: POST
2026-04-28 04:07:19 - getOutlet.php - POST data: {"tgl":"2026-04-28","encrypt":"41c7aa6da1665eab307362296dd568d0","id_apl":"APL01","key":"Faraza bs"}
2026-04-28 11:07:19 - getOutlet.php - Params - tgl: 2026-04-28, encrypt: 41c7aa6da1665eab307362296dd568d0, id_apl: APL01, key: Faraza bs
2026-04-28 11:07:19 - getOutlet.php - Aplikasi ditemukan: Ya
2026-04-28 11:07:19 - getOutlet.php - Key aplikasi: YbcJSFjkds...
2026-04-28 11:07:19 - getOutlet.php - Expected encrypt: 41c7aa6da1665eab307362296dd568d0
2026-04-28 11:07:19 - getOutlet.php - Received encrypt: 41c7aa6da1665eab307362296dd568d0
2026-04-28 11:07:19 - getOutlet.php - Authentication berhasil
2026-04-28 11:07:19 - getOutlet.php - Query: SELECT id_out, nama_out, '' AS alamat_out, ofcode_out
            FROM outlet 
            WHERE status_out IN ('Active', '1', 'active')
            AND (nama_out LIKE :key OR ofcode_out LIKE :key)
            ORDER BY nama_out ASC
            LIMIT 20
2026-04-28 11:07:19 - getOutlet.php - Query berhasil, mengembalikan 0 record
2026-04-28 11:07:19 - getOutlet.php - === END REQUEST ===
2026-04-28 04:07:19 - getOutlet.php - === REQUEST GETOUTLET ===
2026-04-28 04:07:19 - getOutlet.php - Method: POST
2026-04-28 04:07:19 - getOutlet.php - POST data: {"tgl":"2026-04-28","encrypt":"41c7aa6da1665eab307362296dd568d0","id_apl":"APL01","key":"Faraza bsd"}
2026-04-28 11:07:19 - getOutlet.php - Params - tgl: 2026-04-28, encrypt: 41c7aa6da1665eab307362296dd568d0, id_apl: APL01, key: Faraza bsd
2026-04-28 11:07:19 - getOutlet.php - Aplikasi ditemukan: Ya
2026-04-28 11:07:19 - getOutlet.php - Key aplikasi: YbcJSFjkds...
2026-04-28 11:07:19 - getOutlet.php - Expected encrypt: 41c7aa6da1665eab307362296dd568d0
2026-04-28 11:07:19 - getOutlet.php - Received encrypt: 41c7aa6da1665eab307362296dd568d0
2026-04-28 11:07:19 - getOutlet.php - Authentication berhasil
2026-04-28 11:07:19 - getOutlet.php - Query: SELECT id_out, nama_out, '' AS alamat_out, ofcode_out
            FROM outlet 
            WHERE status_out IN ('Active', '1', 'active')
            AND (nama_out LIKE :key OR ofcode_out LIKE :key)
            ORDER BY nama_out ASC
            LIMIT 20
2026-04-28 11:07:19 - getOutlet.php - Query berhasil, mengembalikan 0 record
2026-04-28 11:07:19 - getOutlet.php - === END REQUEST ===
2026-04-28 04:07:21 - getOutlet.php - === REQUEST GETOUTLET ===
2026-04-28 04:07:21 - getOutlet.php - Method: POST
2026-04-28 04:07:21 - getOutlet.php - POST data: {"tgl":"2026-04-28","encrypt":"41c7aa6da1665eab307362296dd568d0","id_apl":"APL01","key":"rs"}
2026-04-28 11:07:21 - getOutlet.php - Params - tgl: 2026-04-28, encrypt: 41c7aa6da1665eab307362296dd568d0, id_apl: APL01, key: rs
2026-04-28 11:07:21 - getOutlet.php - Aplikasi ditemukan: Ya
2026-04-28 11:07:21 - getOutlet.php - Key aplikasi: YbcJSFjkds...
2026-04-28 11:07:21 - getOutlet.php - Expected encrypt: 41c7aa6da1665eab307362296dd568d0
2026-04-28 11:07:22 - getOutlet.php - Received encrypt: 41c7aa6da1665eab307362296dd568d0
2026-04-28 11:07:22 - getOutlet.php - Authentication berhasil
2026-04-28 11:07:22 - getOutlet.php - Query: SELECT id_out, nama_out, '' AS alamat_out, ofcode_out
            FROM outlet 
            WHERE status_out IN ('Active', '1', 'active')
            AND (nama_out LIKE :key OR ofcode_out LIKE :key)
            ORDER BY nama_out ASC
            LIMIT 20
2026-04-28 11:07:22 - getOutlet.php - Query berhasil, mengembalikan 20 record
2026-04-28 11:07:22 - getOutlet.php - === END REQUEST ===
2026-04-28 04:07:22 - getOutlet.php - === REQUEST GETOUTLET ===
2026-04-28 04:07:22 - getOutlet.php - Method: POST
2026-04-28 04:07:22 - getOutlet.php - POST data: {"tgl":"2026-04-28","encrypt":"41c7aa6da1665eab307362296dd568d0","id_apl":"APL01","key":"rs"}
2026-04-28 11:07:22 - getOutlet.php - Params - tgl: 2026-04-28, encrypt: 41c7aa6da1665eab307362296dd568d0, id_apl: APL01, key: rs
2026-04-28 11:07:22 - getOutlet.php - Aplikasi ditemukan: Ya
2026-04-28 11:07:22 - getOutlet.php - Key aplikasi: YbcJSFjkds...
2026-04-28 11:07:22 - getOutlet.php - Expected encrypt: 41c7aa6da1665eab307362296dd568d0
2026-04-28 11:07:22 - getOutlet.php - Received encrypt: 41c7aa6da1665eab307362296dd568d0
2026-04-28 11:07:22 - getOutlet.php - Authentication berhasil
2026-04-28 11:07:22 - getOutlet.php - Query: SELECT id_out, nama_out, '' AS alamat_out, ofcode_out
            FROM outlet 
            WHERE status_out IN ('Active', '1', 'active')
            AND (nama_out LIKE :key OR ofcode_out LIKE :key)
            ORDER BY nama_out ASC
            LIMIT 20
2026-04-28 11:07:22 - getOutlet.php - Query berhasil, mengembalikan 20 record
2026-04-28 11:07:22 - getOutlet.php - === END REQUEST ===
2026-04-28 04:07:25 - getOutlet.php - === REQUEST GETOUTLET ===
2026-04-28 04:07:25 - getOutlet.php - Method: POST
2026-04-28 04:07:25 - getOutlet.php - POST data: {"tgl":"2026-04-28","encrypt":"41c7aa6da1665eab307362296dd568d0","id_apl":"APL01","key":"rs s"}
2026-04-28 11:07:25 - getOutlet.php - Params - tgl: 2026-04-28, encrypt: 41c7aa6da1665eab307362296dd568d0, id_apl: APL01, key: rs s
2026-04-28 11:07:25 - getOutlet.php - Aplikasi ditemukan: Ya
2026-04-28 11:07:25 - getOutlet.php - Key aplikasi: YbcJSFjkds...
2026-04-28 11:07:25 - getOutlet.php - Expected encrypt: 41c7aa6da1665eab307362296dd568d0
2026-04-28 11:07:25 - getOutlet.php - Received encrypt: 41c7aa6da1665eab307362296dd568d0
2026-04-28 11:07:25 - getOutlet.php - Authentication berhasil
2026-04-28 11:07:25 - getOutlet.php - Query: SELECT id_out, nama_out, '' AS alamat_out, ofcode_out
            FROM outlet 
            WHERE status_out IN ('Active', '1', 'active')
            AND (nama_out LIKE :key OR ofcode_out LIKE :key)
            ORDER BY nama_out ASC
            LIMIT 20
2026-04-28 11:07:25 - getOutlet.php - Query berhasil, mengembalikan 20 record
2026-04-28 11:07:25 - getOutlet.php - === END REQUEST ===
2026-04-28 04:07:25 - getOutlet.php - === REQUEST GETOUTLET ===
2026-04-28 04:07:25 - getOutlet.php - Method: POST
2026-04-28 04:07:25 - getOutlet.php - POST data: {"tgl":"2026-04-28","encrypt":"41c7aa6da1665eab307362296dd568d0","id_apl":"APL01","key":"rs si"}
2026-04-28 11:07:25 - getOutlet.php - Params - tgl: 2026-04-28, encrypt: 41c7aa6da1665eab307362296dd568d0, id_apl: APL01, key: rs si
2026-04-28 11:07:25 - getOutlet.php - Aplikasi ditemukan: Ya
2026-04-28 11:07:25 - getOutlet.php - Key aplikasi: YbcJSFjkds...
2026-04-28 11:07:25 - getOutlet.php - Expected encrypt: 41c7aa6da1665eab307362296dd568d0
2026-04-28 11:07:25 - getOutlet.php - Received encrypt: 41c7aa6da1665eab307362296dd568d0
2026-04-28 11:07:25 - getOutlet.php - Authentication berhasil
2026-04-28 11:07:25 - getOutlet.php - Query: SELECT id_out, nama_out, '' AS alamat_out, ofcode_out
            FROM outlet 
            WHERE status_out IN ('Active', '1', 'active')
            AND (nama_out LIKE :key OR ofcode_out LIKE :key)
            ORDER BY nama_out ASC
            LIMIT 20
2026-04-28 11:07:25 - getOutlet.php - Query berhasil, mengembalikan 14 record
2026-04-28 11:07:25 - getOutlet.php - === END REQUEST ===
2026-04-28 04:07:26 - getOutlet.php - === REQUEST GETOUTLET ===
2026-04-28 04:07:26 - getOutlet.php - Method: POST
2026-04-28 04:07:26 - getOutlet.php - POST data: {"tgl":"2026-04-28","encrypt":"41c7aa6da1665eab307362296dd568d0","id_apl":"APL01","key":"rs sil"}
2026-04-28 11:07:26 - getOutlet.php - Params - tgl: 2026-04-28, encrypt: 41c7aa6da1665eab307362296dd568d0, id_apl: APL01, key: rs sil
2026-04-28 11:07:26 - getOutlet.php - Aplikasi ditemukan: Ya
2026-04-28 11:07:26 - getOutlet.php - Key aplikasi: YbcJSFjkds...
2026-04-28 11:07:26 - getOutlet.php - Expected encrypt: 41c7aa6da1665eab307362296dd568d0
2026-04-28 11:07:26 - getOutlet.php - Received encrypt: 41c7aa6da1665eab307362296dd568d0
2026-04-28 11:07:26 - getOutlet.php - Authentication berhasil
2026-04-28 11:07:26 - getOutlet.php - Query: SELECT id_out, nama_out, '' AS alamat_out, ofcode_out
            FROM outlet 
            WHERE status_out IN ('Active', '1', 'active')
            AND (nama_out LIKE :key OR ofcode_out LIKE :key)
            ORDER BY nama_out ASC
            LIMIT 20
2026-04-28 11:07:26 - getOutlet.php - Query berhasil, mengembalikan 14 record
2026-04-28 11:07:26 - getOutlet.php - === END REQUEST ===
2026-04-28 04:07:26 - getOutlet.php - === REQUEST GETOUTLET ===
2026-04-28 04:07:26 - getOutlet.php - Method: POST
2026-04-28 04:07:26 - getOutlet.php - POST data: {"tgl":"2026-04-28","encrypt":"41c7aa6da1665eab307362296dd568d0","id_apl":"APL01","key":"rs silo"}
2026-04-28 11:07:26 - getOutlet.php - Params - tgl: 2026-04-28, encrypt: 41c7aa6da1665eab307362296dd568d0, id_apl: APL01, key: rs silo
2026-04-28 11:07:26 - getOutlet.php - Aplikasi ditemukan: Ya
2026-04-28 11:07:26 - getOutlet.php - Key aplikasi: YbcJSFjkds...
2026-04-28 11:07:26 - getOutlet.php - Expected encrypt: 41c7aa6da1665eab307362296dd568d0
2026-04-28 11:07:26 - getOutlet.php - Received encrypt: 41c7aa6da1665eab307362296dd568d0
2026-04-28 11:07:26 - getOutlet.php - Authentication berhasil
2026-04-28 11:07:26 - getOutlet.php - Query: SELECT id_out, nama_out, '' AS alamat_out, ofcode_out
            FROM outlet 
            WHERE status_out IN ('Active', '1', 'active')
            AND (nama_out LIKE :key OR ofcode_out LIKE :key)
            ORDER BY nama_out ASC
            LIMIT 20
2026-04-28 11:07:26 - getOutlet.php - Query berhasil, mengembalikan 14 record
2026-04-28 11:07:26 - getOutlet.php - === END REQUEST ===
2026-04-28 04:07:26 - getOutlet.php - === REQUEST GETOUTLET ===
2026-04-28 04:07:26 - getOutlet.php - Method: POST
2026-04-28 04:07:26 - getOutlet.php - POST data: {"tgl":"2026-04-28","encrypt":"41c7aa6da1665eab307362296dd568d0","id_apl":"APL01","key":"rs siloa"}
2026-04-28 11:07:26 - getOutlet.php - Params - tgl: 2026-04-28, encrypt: 41c7aa6da1665eab307362296dd568d0, id_apl: APL01, key: rs siloa
2026-04-28 11:07:26 - getOutlet.php - Aplikasi ditemukan: Ya
2026-04-28 11:07:26 - getOutlet.php - Key aplikasi: YbcJSFjkds...
2026-04-28 11:07:26 - getOutlet.php - Expected encrypt: 41c7aa6da1665eab307362296dd568d0
2026-04-28 11:07:26 - getOutlet.php - Received encrypt: 41c7aa6da1665eab307362296dd568d0
2026-04-28 11:07:26 - getOutlet.php - Authentication berhasil
2026-04-28 11:07:26 - getOutlet.php - Query: SELECT id_out, nama_out, '' AS alamat_out, ofcode_out
            FROM outlet 
            WHERE status_out IN ('Active', '1', 'active')
            AND (nama_out LIKE :key OR ofcode_out LIKE :key)
            ORDER BY nama_out ASC
            LIMIT 20
2026-04-28 11:07:26 - getOutlet.php - Query berhasil, mengembalikan 14 record
2026-04-28 11:07:26 - getOutlet.php - === END REQUEST ===
2026-04-28 04:07:26 - getOutlet.php - === REQUEST GETOUTLET ===
2026-04-28 04:07:26 - getOutlet.php - Method: POST
2026-04-28 04:07:26 - getOutlet.php - POST data: {"tgl":"2026-04-28","encrypt":"41c7aa6da1665eab307362296dd568d0","id_apl":"APL01","key":"rs siloam"}
2026-04-28 11:07:26 - getOutlet.php - Params - tgl: 2026-04-28, encrypt: 41c7aa6da1665eab307362296dd568d0, id_apl: APL01, key: rs siloam
2026-04-28 11:07:26 - getOutlet.php - Aplikasi ditemukan: Ya
2026-04-28 11:07:26 - getOutlet.php - Key aplikasi: YbcJSFjkds...
2026-04-28 11:07:26 - getOutlet.php - Expected encrypt: 41c7aa6da1665eab307362296dd568d0
2026-04-28 11:07:26 - getOutlet.php - Received encrypt: 41c7aa6da1665eab307362296dd568d0
2026-04-28 11:07:26 - getOutlet.php - Authentication berhasil
2026-04-28 11:07:26 - getOutlet.php - Query: SELECT id_out, nama_out, '' AS alamat_out, ofcode_out
            FROM outlet 
            WHERE status_out IN ('Active', '1', 'active')
            AND (nama_out LIKE :key OR ofcode_out LIKE :key)
            ORDER BY nama_out ASC
            LIMIT 20
2026-04-28 11:07:26 - getOutlet.php - Query berhasil, mengembalikan 14 record
2026-04-28 11:07:26 - getOutlet.php - === END REQUEST ===
2026-04-28 04:07:28 - getOutlet.php - === REQUEST GETOUTLET ===
2026-04-28 04:07:28 - getOutlet.php - Method: POST
2026-04-28 04:07:28 - getOutlet.php - POST data: {"tgl":"2026-04-28","encrypt":"41c7aa6da1665eab307362296dd568d0","id_apl":"APL01","key":"rs siloam"}
2026-04-28 11:07:28 - getOutlet.php - Params - tgl: 2026-04-28, encrypt: 41c7aa6da1665eab307362296dd568d0, id_apl: APL01, key: rs siloam
2026-04-28 11:07:28 - getOutlet.php - Aplikasi ditemukan: Ya
2026-04-28 11:07:28 - getOutlet.php - Key aplikasi: YbcJSFjkds...
2026-04-28 11:07:28 - getOutlet.php - Expected encrypt: 41c7aa6da1665eab307362296dd568d0
2026-04-28 11:07:28 - getOutlet.php - Received encrypt: 41c7aa6da1665eab307362296dd568d0
2026-04-28 11:07:28 - getOutlet.php - Authentication berhasil
2026-04-28 11:07:28 - getOutlet.php - Query: SELECT id_out, nama_out, '' AS alamat_out, ofcode_out
            FROM outlet 
            WHERE status_out IN ('Active', '1', 'active')
            AND (nama_out LIKE :key OR ofcode_out LIKE :key)
            ORDER BY nama_out ASC
            LIMIT 20
2026-04-28 11:07:28 - getOutlet.php - Query berhasil, mengembalikan 14 record
2026-04-28 11:07:28 - getOutlet.php - === END REQUEST ===
2026-04-28 04:07:29 - getOutlet.php - === REQUEST GETOUTLET ===
2026-04-28 04:07:29 - getOutlet.php - Method: POST
2026-04-28 04:07:29 - getOutlet.php - POST data: {"tgl":"2026-04-28","encrypt":"41c7aa6da1665eab307362296dd568d0","id_apl":"APL01","key":"rs siloam a"}
2026-04-28 11:07:29 - getOutlet.php - Params - tgl: 2026-04-28, encrypt: 41c7aa6da1665eab307362296dd568d0, id_apl: APL01, key: rs siloam a
2026-04-28 11:07:29 - getOutlet.php - Aplikasi ditemukan: Ya
2026-04-28 11:07:29 - getOutlet.php - Key aplikasi: YbcJSFjkds...
2026-04-28 11:07:29 - getOutlet.php - Expected encrypt: 41c7aa6da1665eab307362296dd568d0
2026-04-28 11:07:29 - getOutlet.php - Received encrypt: 41c7aa6da1665eab307362296dd568d0
2026-04-28 11:07:29 - getOutlet.php - Authentication berhasil
2026-04-28 11:07:29 - getOutlet.php - Query: SELECT id_out, nama_out, '' AS alamat_out, ofcode_out
            FROM outlet 
            WHERE status_out IN ('Active', '1', 'active')
            AND (nama_out LIKE :key OR ofcode_out LIKE :key)
            ORDER BY nama_out ASC
            LIMIT 20
2026-04-28 11:07:29 - getOutlet.php - Query berhasil, mengembalikan 1 record
2026-04-28 11:07:29 - getOutlet.php - === END REQUEST ===
2026-04-28 04:07:29 - getOutlet.php - === REQUEST GETOUTLET ===
2026-04-28 04:07:29 - getOutlet.php - Method: POST
2026-04-28 04:07:29 - getOutlet.php - POST data: {"tgl":"2026-04-28","encrypt":"41c7aa6da1665eab307362296dd568d0","id_apl":"APL01","key":"rs siloam ag"}
2026-04-28 11:07:29 - getOutlet.php - Params - tgl: 2026-04-28, encrypt: 41c7aa6da1665eab307362296dd568d0, id_apl: APL01, key: rs siloam ag
2026-04-28 11:07:29 - getOutlet.php - Aplikasi ditemukan: Ya
2026-04-28 11:07:29 - getOutlet.php - Key aplikasi: YbcJSFjkds...
2026-04-28 11:07:29 - getOutlet.php - Expected encrypt: 41c7aa6da1665eab307362296dd568d0
2026-04-28 11:07:29 - getOutlet.php - Received encrypt: 41c7aa6da1665eab307362296dd568d0
2026-04-28 11:07:29 - getOutlet.php - Authentication berhasil
2026-04-28 11:07:29 - getOutlet.php - Query: SELECT id_out, nama_out, '' AS alamat_out, ofcode_out
            FROM outlet 
            WHERE status_out IN ('Active', '1', 'active')
            AND (nama_out LIKE :key OR ofcode_out LIKE :key)
            ORDER BY nama_out ASC
            LIMIT 20
2026-04-28 11:07:29 - getOutlet.php - Query berhasil, mengembalikan 1 record
2026-04-28 11:07:29 - getOutlet.php - === END REQUEST ===
2026-04-28 04:07:30 - getOutlet.php - === REQUEST GETOUTLET ===
2026-04-28 04:07:30 - getOutlet.php - Method: POST
2026-04-28 04:07:30 - getOutlet.php - POST data: {"tgl":"2026-04-28","encrypt":"41c7aa6da1665eab307362296dd568d0","id_apl":"APL01","key":"rs siloam ago"}
2026-04-28 11:07:30 - getOutlet.php - Params - tgl: 2026-04-28, encrypt: 41c7aa6da1665eab307362296dd568d0, id_apl: APL01, key: rs siloam ago
2026-04-28 11:07:30 - getOutlet.php - Aplikasi ditemukan: Ya
2026-04-28 11:07:30 - getOutlet.php - Key aplikasi: YbcJSFjkds...
2026-04-28 11:07:30 - getOutlet.php - Expected encrypt: 41c7aa6da1665eab307362296dd568d0
2026-04-28 11:07:30 - getOutlet.php - Received encrypt: 41c7aa6da1665eab307362296dd568d0
2026-04-28 11:07:30 - getOutlet.php - Authentication berhasil
2026-04-28 11:07:30 - getOutlet.php - Query: SELECT id_out, nama_out, '' AS alamat_out, ofcode_out
            FROM outlet 
            WHERE status_out IN ('Active', '1', 'active')
            AND (nama_out LIKE :key OR ofcode_out LIKE :key)
            ORDER BY nama_out ASC
            LIMIT 20
2026-04-28 11:07:30 - getOutlet.php - Query berhasil, mengembalikan 1 record
2026-04-28 11:07:30 - getOutlet.php - === END REQUEST ===
2026-04-28 04:07:30 - getOutlet.php - === REQUEST GETOUTLET ===
2026-04-28 04:07:30 - getOutlet.php - Method: POST
2026-04-28 04:07:30 - getOutlet.php - POST data: {"tgl":"2026-04-28","encrypt":"41c7aa6da1665eab307362296dd568d0","id_apl":"APL01","key":"rs siloam agor"}
2026-04-28 11:07:30 - getOutlet.php - Params - tgl: 2026-04-28, encrypt: 41c7aa6da1665eab307362296dd568d0, id_apl: APL01, key: rs siloam agor
2026-04-28 11:07:30 - getOutlet.php - Aplikasi ditemukan: Ya
2026-04-28 11:07:30 - getOutlet.php - Key aplikasi: YbcJSFjkds...
2026-04-28 11:07:30 - getOutlet.php - Expected encrypt: 41c7aa6da1665eab307362296dd568d0
2026-04-28 11:07:30 - getOutlet.php - Received encrypt: 41c7aa6da1665eab307362296dd568d0
2026-04-28 11:07:30 - getOutlet.php - Authentication berhasil
2026-04-28 11:07:30 - getOutlet.php - Query: SELECT id_out, nama_out, '' AS alamat_out, ofcode_out
            FROM outlet 
            WHERE status_out IN ('Active', '1', 'active')
            AND (nama_out LIKE :key OR ofcode_out LIKE :key)
            ORDER BY nama_out ASC
            LIMIT 20
2026-04-28 11:07:30 - getOutlet.php - Query berhasil, mengembalikan 1 record
2026-04-28 11:07:30 - getOutlet.php - === END REQUEST ===
2026-04-28 04:07:30 - getOutlet.php - === REQUEST GETOUTLET ===
2026-04-28 04:07:30 - getOutlet.php - Method: POST
2026-04-28 04:07:30 - getOutlet.php - POST data: {"tgl":"2026-04-28","encrypt":"41c7aa6da1665eab307362296dd568d0","id_apl":"APL01","key":"rs siloam agora"}
2026-04-28 11:07:30 - getOutlet.php - Params - tgl: 2026-04-28, encrypt: 41c7aa6da1665eab307362296dd568d0, id_apl: APL01, key: rs siloam agora
2026-04-28 11:07:30 - getOutlet.php - Aplikasi ditemukan: Ya
2026-04-28 11:07:30 - getOutlet.php - Key aplikasi: YbcJSFjkds...
2026-04-28 11:07:30 - getOutlet.php - Expected encrypt: 41c7aa6da1665eab307362296dd568d0
2026-04-28 11:07:30 - getOutlet.php - Received encrypt: 41c7aa6da1665eab307362296dd568d0
2026-04-28 11:07:30 - getOutlet.php - Authentication berhasil
2026-04-28 11:07:30 - getOutlet.php - Query: SELECT id_out, nama_out, '' AS alamat_out, ofcode_out
            FROM outlet 
            WHERE status_out IN ('Active', '1', 'active')
            AND (nama_out LIKE :key OR ofcode_out LIKE :key)
            ORDER BY nama_out ASC
            LIMIT 20
2026-04-28 11:07:30 - getOutlet.php - Query berhasil, mengembalikan 1 record
2026-04-28 11:07:30 - getOutlet.php - === END REQUEST ===
2026-04-28 04:07:32 - getOutlet.php - === REQUEST GETOUTLET ===
2026-04-28 04:07:32 - getOutlet.php - Method: POST
2026-04-28 04:07:32 - getOutlet.php - POST data: {"tgl":"2026-04-28","encrypt":"41c7aa6da1665eab307362296dd568d0","id_apl":"APL01","key":"RS SILOAM AGORA"}
2026-04-28 11:07:32 - getOutlet.php - Params - tgl: 2026-04-28, encrypt: 41c7aa6da1665eab307362296dd568d0, id_apl: APL01, key: RS SILOAM AGORA
2026-04-28 11:07:32 - getOutlet.php - Aplikasi ditemukan: Ya
2026-04-28 11:07:32 - getOutlet.php - Key aplikasi: YbcJSFjkds...
2026-04-28 11:07:32 - getOutlet.php - Expected encrypt: 41c7aa6da1665eab307362296dd568d0
2026-04-28 11:07:32 - getOutlet.php - Received encrypt: 41c7aa6da1665eab307362296dd568d0
2026-04-28 11:07:32 - getOutlet.php - Authentication berhasil
2026-04-28 11:07:32 - getOutlet.php - Query: SELECT id_out, nama_out, '' AS alamat_out, ofcode_out
            FROM outlet 
            WHERE status_out IN ('Active', '1', 'active')
            AND (nama_out LIKE :key OR ofcode_out LIKE :key)
            ORDER BY nama_out ASC
            LIMIT 20
2026-04-28 11:07:32 - getOutlet.php - Query berhasil, mengembalikan 1 record
2026-04-28 11:07:32 - getOutlet.php - === END REQUEST ===
2026-04-28 04:07:43 - getOutlet.php - === REQUEST GETOUTLET ===
2026-04-28 04:07:43 - getOutlet.php - Method: POST
2026-04-28 04:07:43 - getOutlet.php - POST data: {"tgl":"2026-04-28","encrypt":"41c7aa6da1665eab307362296dd568d0","id_apl":"APL01","key":"RS MULY"}
2026-04-28 11:07:43 - getOutlet.php - Params - tgl: 2026-04-28, encrypt: 41c7aa6da1665eab307362296dd568d0, id_apl: APL01, key: RS MULY
2026-04-28 11:07:43 - getOutlet.php - Aplikasi ditemukan: Ya
2026-04-28 11:07:43 - getOutlet.php - Key aplikasi: YbcJSFjkds...
2026-04-28 11:07:43 - getOutlet.php - Expected encrypt: 41c7aa6da1665eab307362296dd568d0
2026-04-28 11:07:43 - getOutlet.php - Received encrypt: 41c7aa6da1665eab307362296dd568d0
2026-04-28 11:07:43 - getOutlet.php - Authentication berhasil
2026-04-28 11:07:43 - getOutlet.php - Query: SELECT id_out, nama_out, '' AS alamat_out, ofcode_out
            FROM outlet 
            WHERE status_out IN ('Active', '1', 'active')
            AND (nama_out LIKE :key OR ofcode_out LIKE :key)
            ORDER BY nama_out ASC
            LIMIT 20
2026-04-28 11:07:43 - getOutlet.php - Query berhasil, mengembalikan 2 record
2026-04-28 11:07:43 - getOutlet.php - === END REQUEST ===
2026-04-28 04:07:43 - getOutlet.php - === REQUEST GETOUTLET ===
2026-04-28 04:07:43 - getOutlet.php - Method: POST
2026-04-28 04:07:43 - getOutlet.php - POST data: {"tgl":"2026-04-28","encrypt":"41c7aa6da1665eab307362296dd568d0","id_apl":"APL01","key":"RS MUL"}
2026-04-28 11:07:43 - getOutlet.php - Params - tgl: 2026-04-28, encrypt: 41c7aa6da1665eab307362296dd568d0, id_apl: APL01, key: RS MUL
2026-04-28 11:07:43 - getOutlet.php - Aplikasi ditemukan: Ya
2026-04-28 11:07:43 - getOutlet.php - Key aplikasi: YbcJSFjkds...
2026-04-28 11:07:43 - getOutlet.php - Expected encrypt: 41c7aa6da1665eab307362296dd568d0
2026-04-28 11:07:43 - getOutlet.php - Received encrypt: 41c7aa6da1665eab307362296dd568d0
2026-04-28 11:07:43 - getOutlet.php - Authentication berhasil
2026-04-28 11:07:43 - getOutlet.php - Query: SELECT id_out, nama_out, '' AS alamat_out, ofcode_out
            FROM outlet 
            WHERE status_out IN ('Active', '1', 'active')
            AND (nama_out LIKE :key OR ofcode_out LIKE :key)
            ORDER BY nama_out ASC
            LIMIT 20
2026-04-28 11:07:43 - getOutlet.php - Query berhasil, mengembalikan 2 record
2026-04-28 11:07:43 - getOutlet.php - === END REQUEST ===
2026-04-28 04:07:43 - getOutlet.php - === REQUEST GETOUTLET ===
2026-04-28 04:07:43 - getOutlet.php - Method: POST
2026-04-28 04:07:43 - getOutlet.php - POST data: {"tgl":"2026-04-28","encrypt":"41c7aa6da1665eab307362296dd568d0","id_apl":"APL01","key":"RS MU"}
2026-04-28 11:07:43 - getOutlet.php - Params - tgl: 2026-04-28, encrypt: 41c7aa6da1665eab307362296dd568d0, id_apl: APL01, key: RS MU
2026-04-28 11:07:43 - getOutlet.php - Aplikasi ditemukan: Ya
2026-04-28 11:07:43 - getOutlet.php - Key aplikasi: YbcJSFjkds...
2026-04-28 11:07:43 - getOutlet.php - Expected encrypt: 41c7aa6da1665eab307362296dd568d0
2026-04-28 11:07:43 - getOutlet.php - Received encrypt: 41c7aa6da1665eab307362296dd568d0
2026-04-28 11:07:43 - getOutlet.php - Authentication berhasil
2026-04-28 11:07:43 - getOutlet.php - Query: SELECT id_out, nama_out, '' AS alamat_out, ofcode_out
            FROM outlet 
            WHERE status_out IN ('Active', '1', 'active')
            AND (nama_out LIKE :key OR ofcode_out LIKE :key)
            ORDER BY nama_out ASC
            LIMIT 20
2026-04-28 11:07:43 - getOutlet.php - Query berhasil, mengembalikan 8 record
2026-04-28 11:07:43 - getOutlet.php - === END REQUEST ===
2026-04-28 04:07:44 - getOutlet.php - === REQUEST GETOUTLET ===
2026-04-28 04:07:44 - getOutlet.php - Method: POST
2026-04-28 04:07:44 - getOutlet.php - POST data: {"tgl":"2026-04-28","encrypt":"41c7aa6da1665eab307362296dd568d0","id_apl":"APL01","key":"RS M"}
2026-04-28 11:07:44 - getOutlet.php - Params - tgl: 2026-04-28, encrypt: 41c7aa6da1665eab307362296dd568d0, id_apl: APL01, key: RS M
2026-04-28 11:07:44 - getOutlet.php - Aplikasi ditemukan: Ya
2026-04-28 11:07:44 - getOutlet.php - Key aplikasi: YbcJSFjkds...
2026-04-28 11:07:44 - getOutlet.php - Expected encrypt: 41c7aa6da1665eab307362296dd568d0
2026-04-28 11:07:44 - getOutlet.php - Received encrypt: 41c7aa6da1665eab307362296dd568d0
2026-04-28 11:07:44 - getOutlet.php - Authentication berhasil
2026-04-28 11:07:44 - getOutlet.php - Query: SELECT id_out, nama_out, '' AS alamat_out, ofcode_out
            FROM outlet 
            WHERE status_out IN ('Active', '1', 'active')
            AND (nama_out LIKE :key OR ofcode_out LIKE :key)
            ORDER BY nama_out ASC
            LIMIT 20
2026-04-28 11:07:44 - getOutlet.php - Query berhasil, mengembalikan 20 record
2026-04-28 11:07:44 - getOutlet.php - === END REQUEST ===
2026-04-28 04:07:44 - getOutlet.php - === REQUEST GETOUTLET ===
2026-04-28 04:07:44 - getOutlet.php - Method: POST
2026-04-28 04:07:44 - getOutlet.php - POST data: {"tgl":"2026-04-28","encrypt":"41c7aa6da1665eab307362296dd568d0","id_apl":"APL01","key":"RS"}
2026-04-28 11:07:44 - getOutlet.php - Params - tgl: 2026-04-28, encrypt: 41c7aa6da1665eab307362296dd568d0, id_apl: APL01, key: RS
2026-04-28 11:07:44 - getOutlet.php - Aplikasi ditemukan: Ya
2026-04-28 11:07:44 - getOutlet.php - Key aplikasi: YbcJSFjkds...
2026-04-28 11:07:44 - getOutlet.php - Expected encrypt: 41c7aa6da1665eab307362296dd568d0
2026-04-28 11:07:44 - getOutlet.php - Received encrypt: 41c7aa6da1665eab307362296dd568d0
2026-04-28 11:07:44 - getOutlet.php - Authentication berhasil
2026-04-28 11:07:44 - getOutlet.php - Query: SELECT id_out, nama_out, '' AS alamat_out, ofcode_out
            FROM outlet 
            WHERE status_out IN ('Active', '1', 'active')
            AND (nama_out LIKE :key OR ofcode_out LIKE :key)
            ORDER BY nama_out ASC
            LIMIT 20
2026-04-28 11:07:44 - getOutlet.php - Query berhasil, mengembalikan 20 record
2026-04-28 11:07:44 - getOutlet.php - === END REQUEST ===
2026-04-28 04:07:44 - getOutlet.php - === REQUEST GETOUTLET ===
2026-04-28 04:07:44 - getOutlet.php - Method: POST
2026-04-28 04:07:44 - getOutlet.php - POST data: {"tgl":"2026-04-28","encrypt":"41c7aa6da1665eab307362296dd568d0","id_apl":"APL01","key":"RS"}
2026-04-28 11:07:44 - getOutlet.php - Params - tgl: 2026-04-28, encrypt: 41c7aa6da1665eab307362296dd568d0, id_apl: APL01, key: RS
2026-04-28 11:07:44 - getOutlet.php - Aplikasi ditemukan: Ya
2026-04-28 11:07:44 - getOutlet.php - Key aplikasi: YbcJSFjkds...
2026-04-28 11:07:44 - getOutlet.php - Expected encrypt: 41c7aa6da1665eab307362296dd568d0
2026-04-28 11:07:44 - getOutlet.php - Received encrypt: 41c7aa6da1665eab307362296dd568d0
2026-04-28 11:07:44 - getOutlet.php - Authentication berhasil
2026-04-28 11:07:44 - getOutlet.php - Query: SELECT id_out, nama_out, '' AS alamat_out, ofcode_out
            FROM outlet 
            WHERE status_out IN ('Active', '1', 'active')
            AND (nama_out LIKE :key OR ofcode_out LIKE :key)
            ORDER BY nama_out ASC
            LIMIT 20
2026-04-28 11:07:44 - getOutlet.php - Query berhasil, mengembalikan 20 record
2026-04-28 11:07:44 - getOutlet.php - === END REQUEST ===
2026-04-28 04:07:45 - getOutlet.php - === REQUEST GETOUTLET ===
2026-04-28 04:07:45 - getOutlet.php - Method: POST
2026-04-28 04:07:45 - getOutlet.php - POST data: {"tgl":"2026-04-28","encrypt":"41c7aa6da1665eab307362296dd568d0","id_apl":"APL01","key":"Rs"}
2026-04-28 11:07:45 - getOutlet.php - Params - tgl: 2026-04-28, encrypt: 41c7aa6da1665eab307362296dd568d0, id_apl: APL01, key: Rs
2026-04-28 11:07:45 - getOutlet.php - Aplikasi ditemukan: Ya
2026-04-28 11:07:45 - getOutlet.php - Key aplikasi: YbcJSFjkds...
2026-04-28 11:07:45 - getOutlet.php - Expected encrypt: 41c7aa6da1665eab307362296dd568d0
2026-04-28 11:07:45 - getOutlet.php - Received encrypt: 41c7aa6da1665eab307362296dd568d0
2026-04-28 11:07:45 - getOutlet.php - Authentication berhasil
2026-04-28 11:07:45 - getOutlet.php - Query: SELECT id_out, nama_out, '' AS alamat_out, ofcode_out
            FROM outlet 
            WHERE status_out IN ('Active', '1', 'active')
            AND (nama_out LIKE :key OR ofcode_out LIKE :key)
            ORDER BY nama_out ASC
            LIMIT 20
2026-04-28 11:07:45 - getOutlet.php - Query berhasil, mengembalikan 20 record
2026-04-28 11:07:45 - getOutlet.php - === END REQUEST ===
2026-04-28 04:07:45 - getOutlet.php - === REQUEST GETOUTLET ===
2026-04-28 04:07:45 - getOutlet.php - Method: POST
2026-04-28 04:07:45 - getOutlet.php - POST data: {"tgl":"2026-04-28","encrypt":"41c7aa6da1665eab307362296dd568d0","id_apl":"APL01","key":"Rsp"}
2026-04-28 11:07:45 - getOutlet.php - Params - tgl: 2026-04-28, encrypt: 41c7aa6da1665eab307362296dd568d0, id_apl: APL01, key: Rsp
2026-04-28 11:07:45 - getOutlet.php - Aplikasi ditemukan: Ya
2026-04-28 11:07:45 - getOutlet.php - Key aplikasi: YbcJSFjkds...
2026-04-28 11:07:45 - getOutlet.php - Expected encrypt: 41c7aa6da1665eab307362296dd568d0
2026-04-28 11:07:45 - getOutlet.php - Received encrypt: 41c7aa6da1665eab307362296dd568d0
2026-04-28 11:07:45 - getOutlet.php - Authentication berhasil
2026-04-28 11:07:45 - getOutlet.php - Query: SELECT id_out, nama_out, '' AS alamat_out, ofcode_out
            FROM outlet 
            WHERE status_out IN ('Active', '1', 'active')
            AND (nama_out LIKE :key OR ofcode_out LIKE :key)
            ORDER BY nama_out ASC
            LIMIT 20
2026-04-28 11:07:45 - getOutlet.php - Query berhasil, mengembalikan 3 record
2026-04-28 11:07:45 - getOutlet.php - === END REQUEST ===
2026-04-28 04:07:46 - getOutlet.php - === REQUEST GETOUTLET ===
2026-04-28 04:07:46 - getOutlet.php - Method: POST
2026-04-28 04:07:46 - getOutlet.php - POST data: {"tgl":"2026-04-28","encrypt":"41c7aa6da1665eab307362296dd568d0","id_apl":"APL01","key":"Rspi"}
2026-04-28 11:07:46 - getOutlet.php - Params - tgl: 2026-04-28, encrypt: 41c7aa6da1665eab307362296dd568d0, id_apl: APL01, key: Rspi
2026-04-28 11:07:46 - getOutlet.php - Aplikasi ditemukan: Ya
2026-04-28 11:07:46 - getOutlet.php - Key aplikasi: YbcJSFjkds...
2026-04-28 11:07:46 - getOutlet.php - Expected encrypt: 41c7aa6da1665eab307362296dd568d0
2026-04-28 11:07:46 - getOutlet.php - Received encrypt: 41c7aa6da1665eab307362296dd568d0
2026-04-28 11:07:46 - getOutlet.php - Authentication berhasil
2026-04-28 11:07:46 - getOutlet.php - Query: SELECT id_out, nama_out, '' AS alamat_out, ofcode_out
            FROM outlet 
            WHERE status_out IN ('Active', '1', 'active')
            AND (nama_out LIKE :key OR ofcode_out LIKE :key)
            ORDER BY nama_out ASC
            LIMIT 20
2026-04-28 11:07:46 - getOutlet.php - Query berhasil, mengembalikan 2 record
2026-04-28 11:07:46 - getOutlet.php - === END REQUEST ===
2026-04-28 04:07:48 - getOutlet.php - === REQUEST GETOUTLET ===
2026-04-28 04:07:48 - getOutlet.php - Method: POST
2026-04-28 04:07:48 - getOutlet.php - POST data: {"tgl":"2026-04-28","encrypt":"41c7aa6da1665eab307362296dd568d0","id_apl":"APL01","key":"RSPI Bintaro Jaya"}
2026-04-28 11:07:48 - getOutlet.php - Params - tgl: 2026-04-28, encrypt: 41c7aa6da1665eab307362296dd568d0, id_apl: APL01, key: RSPI Bintaro Jaya
2026-04-28 11:07:48 - getOutlet.php - Aplikasi ditemukan: Ya
2026-04-28 11:07:48 - getOutlet.php - Key aplikasi: YbcJSFjkds...
2026-04-28 11:07:48 - getOutlet.php - Expected encrypt: 41c7aa6da1665eab307362296dd568d0
2026-04-28 11:07:48 - getOutlet.php - Received encrypt: 41c7aa6da1665eab307362296dd568d0
2026-04-28 11:07:48 - getOutlet.php - Authentication berhasil
2026-04-28 11:07:48 - getOutlet.php - Query: SELECT id_out, nama_out, '' AS alamat_out, ofcode_out
            FROM outlet 
            WHERE status_out IN ('Active', '1', 'active')
            AND (nama_out LIKE :key OR ofcode_out LIKE :key)
            ORDER BY nama_out ASC
            LIMIT 20
2026-04-28 11:07:48 - getOutlet.php - Query berhasil, mengembalikan 1 record
2026-04-28 11:07:48 - getOutlet.php - === END REQUEST ===
2026-04-28 04:08:05 - getOutlet.php - === REQUEST GETOUTLET ===
2026-04-28 04:08:05 - getOutlet.php - Method: POST
2026-04-28 04:08:05 - getOutlet.php - POST data: {"tgl":"2026-04-28","encrypt":"41c7aa6da1665eab307362296dd568d0","id_apl":"APL01","key":"RS SILOAM AGOR"}
2026-04-28 11:08:05 - getOutlet.php - Params - tgl: 2026-04-28, encrypt: 41c7aa6da1665eab307362296dd568d0, id_apl: APL01, key: RS SILOAM AGOR
2026-04-28 04:08:05 - getOutlet.php - === REQUEST GETOUTLET ===
2026-04-28 04:08:05 - getOutlet.php - Method: POST
2026-04-28 04:08:05 - getOutlet.php - POST data: {"tgl":"2026-04-28","encrypt":"41c7aa6da1665eab307362296dd568d0","id_apl":"APL01","key":"RS SILOAM AGO"}
2026-04-28 11:08:05 - getOutlet.php - Params - tgl: 2026-04-28, encrypt: 41c7aa6da1665eab307362296dd568d0, id_apl: APL01, key: RS SILOAM AGO
2026-04-28 11:08:05 - getOutlet.php - Aplikasi ditemukan: Ya
2026-04-28 11:08:05 - getOutlet.php - Key aplikasi: YbcJSFjkds...
2026-04-28 11:08:05 - getOutlet.php - Expected encrypt: 41c7aa6da1665eab307362296dd568d0
2026-04-28 11:08:05 - getOutlet.php - Received encrypt: 41c7aa6da1665eab307362296dd568d0
2026-04-28 11:08:05 - getOutlet.php - Authentication berhasil
2026-04-28 11:08:05 - getOutlet.php - Query: SELECT id_out, nama_out, '' AS alamat_out, ofcode_out
            FROM outlet 
            WHERE status_out IN ('Active', '1', 'active')
            AND (nama_out LIKE :key OR ofcode_out LIKE :key)
            ORDER BY nama_out ASC
            LIMIT 20
2026-04-28 11:08:05 - getOutlet.php - Query berhasil, mengembalikan 1 record
2026-04-28 11:08:05 - getOutlet.php - === END REQUEST ===
2026-04-28 04:08:05 - getOutlet.php - === REQUEST GETOUTLET ===
2026-04-28 04:08:05 - getOutlet.php - Method: POST
2026-04-28 11:08:05 - getOutlet.php - Aplikasi ditemukan: Ya
2026-04-28 04:08:05 - getOutlet.php - === REQUEST GETOUTLET ===
2026-04-28 04:08:05 - getOutlet.php - POST data: {"tgl":"2026-04-28","encrypt":"41c7aa6da1665eab307362296dd568d0","id_apl":"APL01","key":"RS SILOAM A"}
2026-04-28 11:08:05 - getOutlet.php - Key aplikasi: YbcJSFjkds...
2026-04-28 04:08:05 - getOutlet.php - Method: POST
2026-04-28 11:08:05 - getOutlet.php - Expected encrypt: 41c7aa6da1665eab307362296dd568d0
2026-04-28 11:08:05 - getOutlet.php - Received encrypt: 41c7aa6da1665eab307362296dd568d0
2026-04-28 04:08:05 - getOutlet.php - POST data: {"tgl":"2026-04-28","encrypt":"41c7aa6da1665eab307362296dd568d0","id_apl":"APL01","key":"RS SILOAM AG"}
2026-04-28 11:08:05 - getOutlet.php - Params - tgl: 2026-04-28, encrypt: 41c7aa6da1665eab307362296dd568d0, id_apl: APL01, key: RS SILOAM A
2026-04-28 11:08:05 - getOutlet.php - Authentication berhasil
2026-04-28 11:08:05 - getOutlet.php - Params - tgl: 2026-04-28, encrypt: 41c7aa6da1665eab307362296dd568d0, id_apl: APL01, key: RS SILOAM AG
2026-04-28 11:08:05 - getOutlet.php - Query: SELECT id_out, nama_out, '' AS alamat_out, ofcode_out
            FROM outlet 
            WHERE status_out IN ('Active', '1', 'active')
            AND (nama_out LIKE :key OR ofcode_out LIKE :key)
            ORDER BY nama_out ASC
            LIMIT 20
2026-04-28 11:08:05 - getOutlet.php - Query berhasil, mengembalikan 1 record
2026-04-28 11:08:05 - getOutlet.php - === END REQUEST ===
2026-04-28 11:08:05 - getOutlet.php - Aplikasi ditemukan: Ya
2026-04-28 11:08:05 - getOutlet.php - Key aplikasi: YbcJSFjkds...
2026-04-28 11:08:05 - getOutlet.php - Expected encrypt: 41c7aa6da1665eab307362296dd568d0
2026-04-28 11:08:05 - getOutlet.php - Received encrypt: 41c7aa6da1665eab307362296dd568d0
2026-04-28 11:08:05 - getOutlet.php - Authentication berhasil
2026-04-28 11:08:05 - getOutlet.php - Aplikasi ditemukan: Ya
2026-04-28 11:08:05 - getOutlet.php - Key aplikasi: YbcJSFjkds...
2026-04-28 11:08:05 - getOutlet.php - Expected encrypt: 41c7aa6da1665eab307362296dd568d0
2026-04-28 11:08:05 - getOutlet.php - Received encrypt: 41c7aa6da1665eab307362296dd568d0
2026-04-28 11:08:05 - getOutlet.php - Authentication berhasil
2026-04-28 11:08:05 - getOutlet.php - Query: SELECT id_out, nama_out, '' AS alamat_out, ofcode_out
            FROM outlet 
            WHERE status_out IN ('Active', '1', 'active')
            AND (nama_out LIKE :key OR ofcode_out LIKE :key)
            ORDER BY nama_out ASC
            LIMIT 20
2026-04-28 11:08:05 - getOutlet.php - Query: SELECT id_out, nama_out, '' AS alamat_out, ofcode_out
            FROM outlet 
            WHERE status_out IN ('Active', '1', 'active')
            AND (nama_out LIKE :key OR ofcode_out LIKE :key)
            ORDER BY nama_out ASC
            LIMIT 20
2026-04-28 11:08:05 - getOutlet.php - Query berhasil, mengembalikan 1 record
2026-04-28 11:08:05 - getOutlet.php - === END REQUEST ===
2026-04-28 11:08:05 - getOutlet.php - Query berhasil, mengembalikan 1 record
2026-04-28 11:08:05 - getOutlet.php - === END REQUEST ===
2026-04-28 04:08:05 - getOutlet.php - === REQUEST GETOUTLET ===
2026-04-28 04:08:05 - getOutlet.php - Method: POST
2026-04-28 04:08:05 - getOutlet.php - POST data: {"tgl":"2026-04-28","encrypt":"41c7aa6da1665eab307362296dd568d0","id_apl":"APL01","key":"RS SILOAM"}
2026-04-28 11:08:05 - getOutlet.php - Params - tgl: 2026-04-28, encrypt: 41c7aa6da1665eab307362296dd568d0, id_apl: APL01, key: RS SILOAM
2026-04-28 11:08:05 - getOutlet.php - Aplikasi ditemukan: Ya
2026-04-28 11:08:05 - getOutlet.php - Key aplikasi: YbcJSFjkds...
2026-04-28 11:08:05 - getOutlet.php - Expected encrypt: 41c7aa6da1665eab307362296dd568d0
2026-04-28 11:08:05 - getOutlet.php - Received encrypt: 41c7aa6da1665eab307362296dd568d0
2026-04-28 11:08:05 - getOutlet.php - Authentication berhasil
2026-04-28 11:08:05 - getOutlet.php - Query: SELECT id_out, nama_out, '' AS alamat_out, ofcode_out
            FROM outlet 
            WHERE status_out IN ('Active', '1', 'active')
            AND (nama_out LIKE :key OR ofcode_out LIKE :key)
            ORDER BY nama_out ASC
            LIMIT 20
2026-04-28 11:08:05 - getOutlet.php - Query berhasil, mengembalikan 14 record
2026-04-28 11:08:05 - getOutlet.php - === END REQUEST ===
2026-04-28 04:08:05 - getOutlet.php - === REQUEST GETOUTLET ===
2026-04-28 04:08:05 - getOutlet.php - Method: POST
2026-04-28 04:08:05 - getOutlet.php - POST data: {"tgl":"2026-04-28","encrypt":"41c7aa6da1665eab307362296dd568d0","id_apl":"APL01","key":"RS SILOAM"}
2026-04-28 11:08:05 - getOutlet.php - Params - tgl: 2026-04-28, encrypt: 41c7aa6da1665eab307362296dd568d0, id_apl: APL01, key: RS SILOAM
2026-04-28 11:08:05 - getOutlet.php - Aplikasi ditemukan: Ya
2026-04-28 11:08:05 - getOutlet.php - Key aplikasi: YbcJSFjkds...
2026-04-28 11:08:05 - getOutlet.php - Expected encrypt: 41c7aa6da1665eab307362296dd568d0
2026-04-28 11:08:05 - getOutlet.php - Received encrypt: 41c7aa6da1665eab307362296dd568d0
2026-04-28 11:08:05 - getOutlet.php - Authentication berhasil
2026-04-28 11:08:05 - getOutlet.php - Query: SELECT id_out, nama_out, '' AS alamat_out, ofcode_out
            FROM outlet 
            WHERE status_out IN ('Active', '1', 'active')
            AND (nama_out LIKE :key OR ofcode_out LIKE :key)
            ORDER BY nama_out ASC
            LIMIT 20
2026-04-28 11:08:05 - getOutlet.php - Query berhasil, mengembalikan 14 record
2026-04-28 11:08:05 - getOutlet.php - === END REQUEST ===
2026-04-28 04:08:06 - getOutlet.php - === REQUEST GETOUTLET ===
2026-04-28 04:08:06 - getOutlet.php - Method: POST
2026-04-28 04:08:06 - getOutlet.php - POST data: {"tgl":"2026-04-28","encrypt":"41c7aa6da1665eab307362296dd568d0","id_apl":"APL01","key":"RS SILOA"}
2026-04-28 11:08:06 - getOutlet.php - Params - tgl: 2026-04-28, encrypt: 41c7aa6da1665eab307362296dd568d0, id_apl: APL01, key: RS SILOA
2026-04-28 04:08:06 - getOutlet.php - === REQUEST GETOUTLET ===
2026-04-28 04:08:06 - getOutlet.php - Method: POST
2026-04-28 04:08:06 - getOutlet.php - POST data: {"tgl":"2026-04-28","encrypt":"41c7aa6da1665eab307362296dd568d0","id_apl":"APL01","key":"RS SI"}
2026-04-28 11:08:06 - getOutlet.php - Params - tgl: 2026-04-28, encrypt: 41c7aa6da1665eab307362296dd568d0, id_apl: APL01, key: RS SI
2026-04-28 11:08:06 - getOutlet.php - Aplikasi ditemukan: Ya
2026-04-28 11:08:06 - getOutlet.php - Key aplikasi: YbcJSFjkds...
2026-04-28 11:08:06 - getOutlet.php - Expected encrypt: 41c7aa6da1665eab307362296dd568d0
2026-04-28 11:08:06 - getOutlet.php - Received encrypt: 41c7aa6da1665eab307362296dd568d0
2026-04-28 11:08:06 - getOutlet.php - Authentication berhasil
2026-04-28 04:08:06 - getOutlet.php - === REQUEST GETOUTLET ===
2026-04-28 04:08:06 - getOutlet.php - Method: POST
2026-04-28 04:08:06 - getOutlet.php - POST data: {"tgl":"2026-04-28","encrypt":"41c7aa6da1665eab307362296dd568d0","id_apl":"APL01","key":"RS SIL"}
2026-04-28 11:08:06 - getOutlet.php - Params - tgl: 2026-04-28, encrypt: 41c7aa6da1665eab307362296dd568d0, id_apl: APL01, key: RS SIL
2026-04-28 11:08:06 - getOutlet.php - Query: SELECT id_out, nama_out, '' AS alamat_out, ofcode_out
            FROM outlet 
            WHERE status_out IN ('Active', '1', 'active')
            AND (nama_out LIKE :key OR ofcode_out LIKE :key)
            ORDER BY nama_out ASC
            LIMIT 20
2026-04-28 04:08:06 - getOutlet.php - === REQUEST GETOUTLET ===
2026-04-28 04:08:06 - getOutlet.php - Method: POST
2026-04-28 04:08:06 - getOutlet.php - POST data: {"tgl":"2026-04-28","encrypt":"41c7aa6da1665eab307362296dd568d0","id_apl":"APL01","key":"RS SILO"}
2026-04-28 11:08:06 - getOutlet.php - Params - tgl: 2026-04-28, encrypt: 41c7aa6da1665eab307362296dd568d0, id_apl: APL01, key: RS SILO
2026-04-28 11:08:06 - getOutlet.php - Query berhasil, mengembalikan 14 record
2026-04-28 11:08:06 - getOutlet.php - === END REQUEST ===
2026-04-28 11:08:06 - getOutlet.php - Aplikasi ditemukan: Ya
2026-04-28 11:08:06 - getOutlet.php - Key aplikasi: YbcJSFjkds...
2026-04-28 11:08:06 - getOutlet.php - Expected encrypt: 41c7aa6da1665eab307362296dd568d0
2026-04-28 11:08:06 - getOutlet.php - Received encrypt: 41c7aa6da1665eab307362296dd568d0
2026-04-28 11:08:06 - getOutlet.php - Authentication berhasil
2026-04-28 11:08:06 - getOutlet.php - Query: SELECT id_out, nama_out, '' AS alamat_out, ofcode_out
            FROM outlet 
            WHERE status_out IN ('Active', '1', 'active')
            AND (nama_out LIKE :key OR ofcode_out LIKE :key)
            ORDER BY nama_out ASC
            LIMIT 20
2026-04-28 11:08:06 - getOutlet.php - Query berhasil, mengembalikan 14 record
2026-04-28 11:08:06 - getOutlet.php - === END REQUEST ===
2026-04-28 11:08:06 - getOutlet.php - Aplikasi ditemukan: Ya
2026-04-28 11:08:06 - getOutlet.php - Key aplikasi: YbcJSFjkds...
2026-04-28 11:08:06 - getOutlet.php - Expected encrypt: 41c7aa6da1665eab307362296dd568d0
2026-04-28 11:08:06 - getOutlet.php - Received encrypt: 41c7aa6da1665eab307362296dd568d0
2026-04-28 11:08:06 - getOutlet.php - Authentication berhasil
2026-04-28 11:08:06 - getOutlet.php - Query: SELECT id_out, nama_out, '' AS alamat_out, ofcode_out
            FROM outlet 
            WHERE status_out IN ('Active', '1', 'active')
            AND (nama_out LIKE :key OR ofcode_out LIKE :key)
            ORDER BY nama_out ASC
            LIMIT 20
2026-04-28 11:08:06 - getOutlet.php - Query berhasil, mengembalikan 14 record
2026-04-28 11:08:06 - getOutlet.php - === END REQUEST ===
2026-04-28 11:08:06 - getOutlet.php - Aplikasi ditemukan: Ya
2026-04-28 11:08:06 - getOutlet.php - Key aplikasi: YbcJSFjkds...
2026-04-28 11:08:06 - getOutlet.php - Expected encrypt: 41c7aa6da1665eab307362296dd568d0
2026-04-28 11:08:06 - getOutlet.php - Received encrypt: 41c7aa6da1665eab307362296dd568d0
2026-04-28 11:08:06 - getOutlet.php - Authentication berhasil
2026-04-28 11:08:06 - getOutlet.php - Query: SELECT id_out, nama_out, '' AS alamat_out, ofcode_out
            FROM outlet 
            WHERE status_out IN ('Active', '1', 'active')
            AND (nama_out LIKE :key OR ofcode_out LIKE :key)
            ORDER BY nama_out ASC
            LIMIT 20
2026-04-28 11:08:06 - getOutlet.php - Query berhasil, mengembalikan 14 record
2026-04-28 11:08:06 - getOutlet.php - === END REQUEST ===
2026-04-28 04:08:06 - getOutlet.php - === REQUEST GETOUTLET ===
2026-04-28 04:08:06 - getOutlet.php - Method: POST
2026-04-28 04:08:06 - getOutlet.php - POST data: {"tgl":"2026-04-28","encrypt":"41c7aa6da1665eab307362296dd568d0","id_apl":"APL01","key":"RS"}
2026-04-28 11:08:06 - getOutlet.php - Params - tgl: 2026-04-28, encrypt: 41c7aa6da1665eab307362296dd568d0, id_apl: APL01, key: RS
2026-04-28 04:08:06 - getOutlet.php - === REQUEST GETOUTLET ===
2026-04-28 04:08:06 - getOutlet.php - Method: POST
2026-04-28 04:08:06 - getOutlet.php - POST data: {"tgl":"2026-04-28","encrypt":"41c7aa6da1665eab307362296dd568d0","id_apl":"APL01","key":"RS S"}
2026-04-28 11:08:06 - getOutlet.php - Params - tgl: 2026-04-28, encrypt: 41c7aa6da1665eab307362296dd568d0, id_apl: APL01, key: RS S
2026-04-28 11:08:06 - getOutlet.php - Aplikasi ditemukan: Ya
2026-04-28 11:08:06 - getOutlet.php - Key aplikasi: YbcJSFjkds...
2026-04-28 11:08:06 - getOutlet.php - Expected encrypt: 41c7aa6da1665eab307362296dd568d0
2026-04-28 11:08:06 - getOutlet.php - Received encrypt: 41c7aa6da1665eab307362296dd568d0
2026-04-28 11:08:06 - getOutlet.php - Authentication berhasil
2026-04-28 11:08:06 - getOutlet.php - Aplikasi ditemukan: Ya
2026-04-28 11:08:06 - getOutlet.php - Key aplikasi: YbcJSFjkds...
2026-04-28 11:08:06 - getOutlet.php - Expected encrypt: 41c7aa6da1665eab307362296dd568d0
2026-04-28 11:08:06 - getOutlet.php - Received encrypt: 41c7aa6da1665eab307362296dd568d0
2026-04-28 11:08:06 - getOutlet.php - Authentication berhasil
2026-04-28 11:08:06 - getOutlet.php - Query: SELECT id_out, nama_out, '' AS alamat_out, ofcode_out
            FROM outlet 
            WHERE status_out IN ('Active', '1', 'active')
            AND (nama_out LIKE :key OR ofcode_out LIKE :key)
            ORDER BY nama_out ASC
            LIMIT 20
2026-04-28 11:08:06 - getOutlet.php - Query berhasil, mengembalikan 20 record
2026-04-28 11:08:06 - getOutlet.php - === END REQUEST ===
2026-04-28 11:08:06 - getOutlet.php - Query: SELECT id_out, nama_out, '' AS alamat_out, ofcode_out
            FROM outlet 
            WHERE status_out IN ('Active', '1', 'active')
            AND (nama_out LIKE :key OR ofcode_out LIKE :key)
            ORDER BY nama_out ASC
            LIMIT 20
2026-04-28 11:08:06 - getOutlet.php - Query berhasil, mengembalikan 20 record
2026-04-28 11:08:06 - getOutlet.php - === END REQUEST ===
2026-04-28 04:08:06 - getOutlet.php - === REQUEST GETOUTLET ===
2026-04-28 04:08:06 - getOutlet.php - Method: POST
2026-04-28 04:08:06 - getOutlet.php - POST data: {"tgl":"2026-04-28","encrypt":"41c7aa6da1665eab307362296dd568d0","id_apl":"APL01","key":"RS"}
2026-04-28 11:08:06 - getOutlet.php - Params - tgl: 2026-04-28, encrypt: 41c7aa6da1665eab307362296dd568d0, id_apl: APL01, key: RS
2026-04-28 11:08:06 - getOutlet.php - Aplikasi ditemukan: Ya
2026-04-28 11:08:06 - getOutlet.php - Key aplikasi: YbcJSFjkds...
2026-04-28 11:08:06 - getOutlet.php - Expected encrypt: 41c7aa6da1665eab307362296dd568d0
2026-04-28 11:08:06 - getOutlet.php - Received encrypt: 41c7aa6da1665eab307362296dd568d0
2026-04-28 11:08:06 - getOutlet.php - Authentication berhasil
2026-04-28 11:08:06 - getOutlet.php - Query: SELECT id_out, nama_out, '' AS alamat_out, ofcode_out
            FROM outlet 
            WHERE status_out IN ('Active', '1', 'active')
            AND (nama_out LIKE :key OR ofcode_out LIKE :key)
            ORDER BY nama_out ASC
            LIMIT 20
2026-04-28 11:08:06 - getOutlet.php - Query berhasil, mengembalikan 20 record
2026-04-28 11:08:06 - getOutlet.php - === END REQUEST ===
2026-04-28 04:08:22 - getOutlet.php - === REQUEST GETOUTLET ===
2026-04-28 04:08:22 - getOutlet.php - Method: POST
2026-04-28 04:08:22 - getOutlet.php - POST data: {"tgl":"2026-04-28","encrypt":"41c7aa6da1665eab307362296dd568d0","id_apl":"APL01","key":"rs"}
2026-04-28 11:08:22 - getOutlet.php - Params - tgl: 2026-04-28, encrypt: 41c7aa6da1665eab307362296dd568d0, id_apl: APL01, key: rs
2026-04-28 11:08:22 - getOutlet.php - Aplikasi ditemukan: Ya
2026-04-28 11:08:22 - getOutlet.php - Key aplikasi: YbcJSFjkds...
2026-04-28 11:08:22 - getOutlet.php - Expected encrypt: 41c7aa6da1665eab307362296dd568d0
2026-04-28 11:08:22 - getOutlet.php - Received encrypt: 41c7aa6da1665eab307362296dd568d0
2026-04-28 11:08:22 - getOutlet.php - Authentication berhasil
2026-04-28 11:08:22 - getOutlet.php - Query: SELECT id_out, nama_out, '' AS alamat_out, ofcode_out
            FROM outlet 
            WHERE status_out IN ('Active', '1', 'active')
            AND (nama_out LIKE :key OR ofcode_out LIKE :key)
            ORDER BY nama_out ASC
            LIMIT 20
2026-04-28 11:08:22 - getOutlet.php - Query berhasil, mengembalikan 20 record
2026-04-28 11:08:22 - getOutlet.php - === END REQUEST ===
2026-04-28 04:08:22 - getOutlet.php - === REQUEST GETOUTLET ===
2026-04-28 04:08:22 - getOutlet.php - Method: POST
2026-04-28 04:08:22 - getOutlet.php - POST data: {"tgl":"2026-04-28","encrypt":"41c7aa6da1665eab307362296dd568d0","id_apl":"APL01","key":"rs"}
2026-04-28 11:08:22 - getOutlet.php - Params - tgl: 2026-04-28, encrypt: 41c7aa6da1665eab307362296dd568d0, id_apl: APL01, key: rs
2026-04-28 11:08:22 - getOutlet.php - Aplikasi ditemukan: Ya
2026-04-28 11:08:22 - getOutlet.php - Key aplikasi: YbcJSFjkds...
2026-04-28 11:08:22 - getOutlet.php - Expected encrypt: 41c7aa6da1665eab307362296dd568d0
2026-04-28 11:08:22 - getOutlet.php - Received encrypt: 41c7aa6da1665eab307362296dd568d0
2026-04-28 11:08:22 - getOutlet.php - Authentication berhasil
2026-04-28 11:08:22 - getOutlet.php - Query: SELECT id_out, nama_out, '' AS alamat_out, ofcode_out
            FROM outlet 
            WHERE status_out IN ('Active', '1', 'active')
            AND (nama_out LIKE :key OR ofcode_out LIKE :key)
            ORDER BY nama_out ASC
            LIMIT 20
2026-04-28 11:08:22 - getOutlet.php - Query berhasil, mengembalikan 20 record
2026-04-28 11:08:22 - getOutlet.php - === END REQUEST ===
2026-04-28 04:08:22 - getOutlet.php - === REQUEST GETOUTLET ===
2026-04-28 04:08:22 - getOutlet.php - Method: POST
2026-04-28 04:08:22 - getOutlet.php - POST data: {"tgl":"2026-04-28","encrypt":"41c7aa6da1665eab307362296dd568d0","id_apl":"APL01","key":"rs mi"}
2026-04-28 11:08:22 - getOutlet.php - Params - tgl: 2026-04-28, encrypt: 41c7aa6da1665eab307362296dd568d0, id_apl: APL01, key: rs mi
2026-04-28 11:08:22 - getOutlet.php - Aplikasi ditemukan: Ya
2026-04-28 11:08:22 - getOutlet.php - Key aplikasi: YbcJSFjkds...
2026-04-28 11:08:22 - getOutlet.php - Expected encrypt: 41c7aa6da1665eab307362296dd568d0
2026-04-28 11:08:22 - getOutlet.php - Received encrypt: 41c7aa6da1665eab307362296dd568d0
2026-04-28 11:08:22 - getOutlet.php - Authentication berhasil
2026-04-28 11:08:22 - getOutlet.php - Query: SELECT id_out, nama_out, '' AS alamat_out, ofcode_out
            FROM outlet 
            WHERE status_out IN ('Active', '1', 'active')
            AND (nama_out LIKE :key OR ofcode_out LIKE :key)
            ORDER BY nama_out ASC
            LIMIT 20
2026-04-28 11:08:22 - getOutlet.php - Query berhasil, mengembalikan 17 record
2026-04-28 11:08:22 - getOutlet.php - === END REQUEST ===
2026-04-28 04:08:22 - getOutlet.php - === REQUEST GETOUTLET ===
2026-04-28 04:08:22 - getOutlet.php - Method: POST
2026-04-28 04:08:22 - getOutlet.php - POST data: {"tgl":"2026-04-28","encrypt":"41c7aa6da1665eab307362296dd568d0","id_apl":"APL01","key":"rs m"}
2026-04-28 11:08:22 - getOutlet.php - Params - tgl: 2026-04-28, encrypt: 41c7aa6da1665eab307362296dd568d0, id_apl: APL01, key: rs m
2026-04-28 11:08:22 - getOutlet.php - Aplikasi ditemukan: Ya
2026-04-28 11:08:22 - getOutlet.php - Key aplikasi: YbcJSFjkds...
2026-04-28 11:08:22 - getOutlet.php - Expected encrypt: 41c7aa6da1665eab307362296dd568d0
2026-04-28 11:08:22 - getOutlet.php - Received encrypt: 41c7aa6da1665eab307362296dd568d0
2026-04-28 11:08:22 - getOutlet.php - Authentication berhasil
2026-04-28 11:08:22 - getOutlet.php - Query: SELECT id_out, nama_out, '' AS alamat_out, ofcode_out
            FROM outlet 
            WHERE status_out IN ('Active', '1', 'active')
            AND (nama_out LIKE :key OR ofcode_out LIKE :key)
            ORDER BY nama_out ASC
            LIMIT 20
2026-04-28 11:08:22 - getOutlet.php - Query berhasil, mengembalikan 20 record
2026-04-28 11:08:22 - getOutlet.php - === END REQUEST ===
2026-04-28 04:08:23 - getOutlet.php - === REQUEST GETOUTLET ===
2026-04-28 04:08:23 - getOutlet.php - Method: POST
2026-04-28 04:08:23 - getOutlet.php - POST data: {"tgl":"2026-04-28","encrypt":"41c7aa6da1665eab307362296dd568d0","id_apl":"APL01","key":"rs mit"}
2026-04-28 11:08:23 - getOutlet.php - Params - tgl: 2026-04-28, encrypt: 41c7aa6da1665eab307362296dd568d0, id_apl: APL01, key: rs mit
2026-04-28 11:08:23 - getOutlet.php - Aplikasi ditemukan: Ya
2026-04-28 11:08:23 - getOutlet.php - Key aplikasi: YbcJSFjkds...
2026-04-28 11:08:23 - getOutlet.php - Expected encrypt: 41c7aa6da1665eab307362296dd568d0
2026-04-28 11:08:23 - getOutlet.php - Received encrypt: 41c7aa6da1665eab307362296dd568d0
2026-04-28 11:08:23 - getOutlet.php - Authentication berhasil
2026-04-28 11:08:23 - getOutlet.php - Query: SELECT id_out, nama_out, '' AS alamat_out, ofcode_out
            FROM outlet 
            WHERE status_out IN ('Active', '1', 'active')
            AND (nama_out LIKE :key OR ofcode_out LIKE :key)
            ORDER BY nama_out ASC
            LIMIT 20
2026-04-28 11:08:23 - getOutlet.php - Query berhasil, mengembalikan 17 record
2026-04-28 11:08:23 - getOutlet.php - === END REQUEST ===
2026-04-28 04:08:23 - getOutlet.php - === REQUEST GETOUTLET ===
2026-04-28 04:08:23 - getOutlet.php - Method: POST
2026-04-28 04:08:23 - getOutlet.php - POST data: {"tgl":"2026-04-28","encrypt":"41c7aa6da1665eab307362296dd568d0","id_apl":"APL01","key":"rs mitr"}
2026-04-28 11:08:23 - getOutlet.php - Params - tgl: 2026-04-28, encrypt: 41c7aa6da1665eab307362296dd568d0, id_apl: APL01, key: rs mitr
2026-04-28 11:08:23 - getOutlet.php - Aplikasi ditemukan: Ya
2026-04-28 11:08:23 - getOutlet.php - Key aplikasi: YbcJSFjkds...
2026-04-28 11:08:23 - getOutlet.php - Expected encrypt: 41c7aa6da1665eab307362296dd568d0
2026-04-28 11:08:23 - getOutlet.php - Received encrypt: 41c7aa6da1665eab307362296dd568d0
2026-04-28 11:08:23 - getOutlet.php - Authentication berhasil
2026-04-28 11:08:23 - getOutlet.php - Query: SELECT id_out, nama_out, '' AS alamat_out, ofcode_out
            FROM outlet 
            WHERE status_out IN ('Active', '1', 'active')
            AND (nama_out LIKE :key OR ofcode_out LIKE :key)
            ORDER BY nama_out ASC
            LIMIT 20
2026-04-28 11:08:23 - getOutlet.php - Query berhasil, mengembalikan 17 record
2026-04-28 11:08:23 - getOutlet.php - === END REQUEST ===
2026-04-28 04:08:24 - getOutlet.php - === REQUEST GETOUTLET ===
2026-04-28 04:08:24 - getOutlet.php - Method: POST
2026-04-28 04:08:24 - getOutlet.php - POST data: {"tgl":"2026-04-28","encrypt":"41c7aa6da1665eab307362296dd568d0","id_apl":"APL01","key":"rs mitra"}
2026-04-28 11:08:24 - getOutlet.php - Params - tgl: 2026-04-28, encrypt: 41c7aa6da1665eab307362296dd568d0, id_apl: APL01, key: rs mitra
2026-04-28 11:08:24 - getOutlet.php - Aplikasi ditemukan: Ya
2026-04-28 11:08:24 - getOutlet.php - Key aplikasi: YbcJSFjkds...
2026-04-28 11:08:24 - getOutlet.php - Expected encrypt: 41c7aa6da1665eab307362296dd568d0
2026-04-28 11:08:24 - getOutlet.php - Received encrypt: 41c7aa6da1665eab307362296dd568d0
2026-04-28 11:08:24 - getOutlet.php - Authentication berhasil
2026-04-28 11:08:24 - getOutlet.php - Query: SELECT id_out, nama_out, '' AS alamat_out, ofcode_out
            FROM outlet 
            WHERE status_out IN ('Active', '1', 'active')
            AND (nama_out LIKE :key OR ofcode_out LIKE :key)
            ORDER BY nama_out ASC
            LIMIT 20
2026-04-28 11:08:24 - getOutlet.php - Query berhasil, mengembalikan 17 record
2026-04-28 11:08:24 - getOutlet.php - === END REQUEST ===
2026-04-28 04:08:24 - getOutlet.php - === REQUEST GETOUTLET ===
2026-04-28 04:08:24 - getOutlet.php - Method: POST
2026-04-28 04:08:24 - getOutlet.php - POST data: {"tgl":"2026-04-28","encrypt":"41c7aa6da1665eab307362296dd568d0","id_apl":"APL01","key":"rs mitra"}
2026-04-28 11:08:24 - getOutlet.php - Params - tgl: 2026-04-28, encrypt: 41c7aa6da1665eab307362296dd568d0, id_apl: APL01, key: rs mitra
2026-04-28 11:08:24 - getOutlet.php - Aplikasi ditemukan: Ya
2026-04-28 11:08:24 - getOutlet.php - Key aplikasi: YbcJSFjkds...
2026-04-28 11:08:24 - getOutlet.php - Expected encrypt: 41c7aa6da1665eab307362296dd568d0
2026-04-28 11:08:24 - getOutlet.php - Received encrypt: 41c7aa6da1665eab307362296dd568d0
2026-04-28 11:08:24 - getOutlet.php - Authentication berhasil
2026-04-28 11:08:24 - getOutlet.php - Query: SELECT id_out, nama_out, '' AS alamat_out, ofcode_out
            FROM outlet 
            WHERE status_out IN ('Active', '1', 'active')
            AND (nama_out LIKE :key OR ofcode_out LIKE :key)
            ORDER BY nama_out ASC
            LIMIT 20
2026-04-28 11:08:24 - getOutlet.php - Query berhasil, mengembalikan 17 record
2026-04-28 11:08:24 - getOutlet.php - === END REQUEST ===
2026-04-28 04:08:25 - getOutlet.php - === REQUEST GETOUTLET ===
2026-04-28 04:08:25 - getOutlet.php - Method: POST
2026-04-28 04:08:25 - getOutlet.php - POST data: {"tgl":"2026-04-28","encrypt":"41c7aa6da1665eab307362296dd568d0","id_apl":"APL01","key":"rs mitra keluarga"}
2026-04-28 11:08:25 - getOutlet.php - Params - tgl: 2026-04-28, encrypt: 41c7aa6da1665eab307362296dd568d0, id_apl: APL01, key: rs mitra keluarga
2026-04-28 11:08:25 - getOutlet.php - Aplikasi ditemukan: Ya
2026-04-28 11:08:25 - getOutlet.php - Key aplikasi: YbcJSFjkds...
2026-04-28 11:08:25 - getOutlet.php - Expected encrypt: 41c7aa6da1665eab307362296dd568d0
2026-04-28 11:08:25 - getOutlet.php - Received encrypt: 41c7aa6da1665eab307362296dd568d0
2026-04-28 11:08:25 - getOutlet.php - Authentication berhasil
2026-04-28 11:08:25 - getOutlet.php - Query: SELECT id_out, nama_out, '' AS alamat_out, ofcode_out
            FROM outlet 
            WHERE status_out IN ('Active', '1', 'active')
            AND (nama_out LIKE :key OR ofcode_out LIKE :key)
            ORDER BY nama_out ASC
            LIMIT 20
2026-04-28 11:08:25 - getOutlet.php - Query berhasil, mengembalikan 16 record
2026-04-28 11:08:25 - getOutlet.php - === END REQUEST ===
2026-04-28 04:08:26 - getOutlet.php - === REQUEST GETOUTLET ===
2026-04-28 04:08:26 - getOutlet.php - Method: POST
2026-04-28 04:08:26 - getOutlet.php - POST data: {"tgl":"2026-04-28","encrypt":"41c7aa6da1665eab307362296dd568d0","id_apl":"APL01","key":"rs mitra keluarga kelapa"}
2026-04-28 11:08:26 - getOutlet.php - Params - tgl: 2026-04-28, encrypt: 41c7aa6da1665eab307362296dd568d0, id_apl: APL01, key: rs mitra keluarga kelapa
2026-04-28 11:08:26 - getOutlet.php - Aplikasi ditemukan: Ya
2026-04-28 11:08:26 - getOutlet.php - Key aplikasi: YbcJSFjkds...
2026-04-28 11:08:26 - getOutlet.php - Expected encrypt: 41c7aa6da1665eab307362296dd568d0
2026-04-28 11:08:26 - getOutlet.php - Received encrypt: 41c7aa6da1665eab307362296dd568d0
2026-04-28 11:08:26 - getOutlet.php - Authentication berhasil
2026-04-28 11:08:26 - getOutlet.php - Query: SELECT id_out, nama_out, '' AS alamat_out, ofcode_out
            FROM outlet 
            WHERE status_out IN ('Active', '1', 'active')
            AND (nama_out LIKE :key OR ofcode_out LIKE :key)
            ORDER BY nama_out ASC
            LIMIT 20
2026-04-28 11:08:26 - getOutlet.php - Query berhasil, mengembalikan 1 record
2026-04-28 11:08:26 - getOutlet.php - === END REQUEST ===
2026-04-28 04:08:27 - getOutlet.php - === REQUEST GETOUTLET ===
2026-04-28 04:08:27 - getOutlet.php - Method: POST
2026-04-28 04:08:27 - getOutlet.php - POST data: {"tgl":"2026-04-28","encrypt":"41c7aa6da1665eab307362296dd568d0","id_apl":"APL01","key":"rs mitra keluarga kelapa Gading"}
2026-04-28 11:08:27 - getOutlet.php - Params - tgl: 2026-04-28, encrypt: 41c7aa6da1665eab307362296dd568d0, id_apl: APL01, key: rs mitra keluarga kelapa Gading
2026-04-28 11:08:27 - getOutlet.php - Aplikasi ditemukan: Ya
2026-04-28 11:08:27 - getOutlet.php - Key aplikasi: YbcJSFjkds...
2026-04-28 11:08:27 - getOutlet.php - Expected encrypt: 41c7aa6da1665eab307362296dd568d0
2026-04-28 11:08:27 - getOutlet.php - Received encrypt: 41c7aa6da1665eab307362296dd568d0
2026-04-28 11:08:27 - getOutlet.php - Authentication berhasil
2026-04-28 11:08:27 - getOutlet.php - Query: SELECT id_out, nama_out, '' AS alamat_out, ofcode_out
            FROM outlet 
            WHERE status_out IN ('Active', '1', 'active')
            AND (nama_out LIKE :key OR ofcode_out LIKE :key)
            ORDER BY nama_out ASC
            LIMIT 20
2026-04-28 11:08:27 - getOutlet.php - Query berhasil, mengembalikan 1 record
2026-04-28 11:08:27 - getOutlet.php - === END REQUEST ===
2026-04-28 04:08:29 - getOutlet.php - === REQUEST GETOUTLET ===
2026-04-28 04:08:29 - getOutlet.php - Method: POST
2026-04-28 04:08:29 - getOutlet.php - POST data: {"tgl":"2026-04-28","encrypt":"41c7aa6da1665eab307362296dd568d0","id_apl":"APL01","key":"RS Mitra Keluarga Kelapa Gading"}
2026-04-28 11:08:29 - getOutlet.php - Params - tgl: 2026-04-28, encrypt: 41c7aa6da1665eab307362296dd568d0, id_apl: APL01, key: RS Mitra Keluarga Kelapa Gading
2026-04-28 11:08:29 - getOutlet.php - Aplikasi ditemukan: Ya
2026-04-28 11:08:29 - getOutlet.php - Key aplikasi: YbcJSFjkds...
2026-04-28 11:08:29 - getOutlet.php - Expected encrypt: 41c7aa6da1665eab307362296dd568d0
2026-04-28 11:08:29 - getOutlet.php - Received encrypt: 41c7aa6da1665eab307362296dd568d0
2026-04-28 11:08:29 - getOutlet.php - Authentication berhasil
2026-04-28 11:08:29 - getOutlet.php - Query: SELECT id_out, nama_out, '' AS alamat_out, ofcode_out
            FROM outlet 
            WHERE status_out IN ('Active', '1', 'active')
            AND (nama_out LIKE :key OR ofcode_out LIKE :key)
            ORDER BY nama_out ASC
            LIMIT 20
2026-04-28 11:08:29 - getOutlet.php - Query berhasil, mengembalikan 1 record
2026-04-28 11:08:29 - getOutlet.php - === END REQUEST ===
2026-04-28 04:09:54 - getOutlet.php - === REQUEST GETOUTLET ===
2026-04-28 04:09:54 - getOutlet.php - Method: POST
2026-04-28 04:09:54 - getOutlet.php - POST data: {"tgl":"2026-04-28","encrypt":"41c7aa6da1665eab307362296dd568d0","id_apl":"APL01","key":"RS Mitra Keluarga Kelapa Gadin"}
2026-04-28 11:09:54 - getOutlet.php - Params - tgl: 2026-04-28, encrypt: 41c7aa6da1665eab307362296dd568d0, id_apl: APL01, key: RS Mitra Keluarga Kelapa Gadin
2026-04-28 11:09:54 - getOutlet.php - Aplikasi ditemukan: Ya
2026-04-28 11:09:54 - getOutlet.php - Key aplikasi: YbcJSFjkds...
2026-04-28 11:09:54 - getOutlet.php - Expected encrypt: 41c7aa6da1665eab307362296dd568d0
2026-04-28 11:09:54 - getOutlet.php - Received encrypt: 41c7aa6da1665eab307362296dd568d0
2026-04-28 11:09:54 - getOutlet.php - Authentication berhasil
2026-04-28 11:09:54 - getOutlet.php - Query: SELECT id_out, nama_out, '' AS alamat_out, ofcode_out
            FROM outlet 
            WHERE status_out IN ('Active', '1', 'active')
            AND (nama_out LIKE :key OR ofcode_out LIKE :key)
            ORDER BY nama_out ASC
            LIMIT 20
2026-04-28 11:09:54 - getOutlet.php - Query berhasil, mengembalikan 1 record
2026-04-28 11:09:54 - getOutlet.php - === END REQUEST ===
2026-04-28 04:09:54 - getOutlet.php - === REQUEST GETOUTLET ===
2026-04-28 04:09:54 - getOutlet.php - Method: POST
2026-04-28 04:09:54 - getOutlet.php - POST data: {"tgl":"2026-04-28","encrypt":"41c7aa6da1665eab307362296dd568d0","id_apl":"APL01","key":"RS Mitra Keluarga Kelapa Gadi"}
2026-04-28 11:09:54 - getOutlet.php - Params - tgl: 2026-04-28, encrypt: 41c7aa6da1665eab307362296dd568d0, id_apl: APL01, key: RS Mitra Keluarga Kelapa Gadi
2026-04-28 11:09:54 - getOutlet.php - Aplikasi ditemukan: Ya
2026-04-28 11:09:54 - getOutlet.php - Key aplikasi: YbcJSFjkds...
2026-04-28 11:09:54 - getOutlet.php - Expected encrypt: 41c7aa6da1665eab307362296dd568d0
2026-04-28 11:09:54 - getOutlet.php - Received encrypt: 41c7aa6da1665eab307362296dd568d0
2026-04-28 11:09:54 - getOutlet.php - Authentication berhasil
2026-04-28 11:09:54 - getOutlet.php - Query: SELECT id_out, nama_out, '' AS alamat_out, ofcode_out
            FROM outlet 
            WHERE status_out IN ('Active', '1', 'active')
            AND (nama_out LIKE :key OR ofcode_out LIKE :key)
            ORDER BY nama_out ASC
            LIMIT 20
2026-04-28 11:09:54 - getOutlet.php - Query berhasil, mengembalikan 1 record
2026-04-28 11:09:54 - getOutlet.php - === END REQUEST ===
2026-04-28 04:09:54 - getOutlet.php - === REQUEST GETOUTLET ===
2026-04-28 04:09:54 - getOutlet.php - Method: POST
2026-04-28 04:09:54 - getOutlet.php - POST data: {"tgl":"2026-04-28","encrypt":"41c7aa6da1665eab307362296dd568d0","id_apl":"APL01","key":"RS Mitra Keluarga Kelapa Gad"}
2026-04-28 11:09:54 - getOutlet.php - Params - tgl: 2026-04-28, encrypt: 41c7aa6da1665eab307362296dd568d0, id_apl: APL01, key: RS Mitra Keluarga Kelapa Gad
2026-04-28 11:09:54 - getOutlet.php - Aplikasi ditemukan: Ya
2026-04-28 11:09:54 - getOutlet.php - Key aplikasi: YbcJSFjkds...
2026-04-28 11:09:54 - getOutlet.php - Expected encrypt: 41c7aa6da1665eab307362296dd568d0
2026-04-28 11:09:54 - getOutlet.php - Received encrypt: 41c7aa6da1665eab307362296dd568d0
2026-04-28 11:09:54 - getOutlet.php - Authentication berhasil
2026-04-28 11:09:54 - getOutlet.php - Query: SELECT id_out, nama_out, '' AS alamat_out, ofcode_out
            FROM outlet 
            WHERE status_out IN ('Active', '1', 'active')
            AND (nama_out LIKE :key OR ofcode_out LIKE :key)
            ORDER BY nama_out ASC
            LIMIT 20
2026-04-28 11:09:54 - getOutlet.php - Query berhasil, mengembalikan 1 record
2026-04-28 11:09:54 - getOutlet.php - === END REQUEST ===
2026-04-28 04:09:54 - getOutlet.php - === REQUEST GETOUTLET ===
2026-04-28 04:09:54 - getOutlet.php - Method: POST
2026-04-28 04:09:54 - getOutlet.php - POST data: {"tgl":"2026-04-28","encrypt":"41c7aa6da1665eab307362296dd568d0","id_apl":"APL01","key":"RS Mitra Keluarga Kelapa Ga"}
2026-04-28 11:09:54 - getOutlet.php - Params - tgl: 2026-04-28, encrypt: 41c7aa6da1665eab307362296dd568d0, id_apl: APL01, key: RS Mitra Keluarga Kelapa Ga
2026-04-28 11:09:54 - getOutlet.php - Aplikasi ditemukan: Ya
2026-04-28 11:09:54 - getOutlet.php - Key aplikasi: YbcJSFjkds...
2026-04-28 11:09:54 - getOutlet.php - Expected encrypt: 41c7aa6da1665eab307362296dd568d0
2026-04-28 11:09:54 - getOutlet.php - Received encrypt: 41c7aa6da1665eab307362296dd568d0
2026-04-28 11:09:54 - getOutlet.php - Authentication berhasil
2026-04-28 11:09:54 - getOutlet.php - Query: SELECT id_out, nama_out, '' AS alamat_out, ofcode_out
            FROM outlet 
            WHERE status_out IN ('Active', '1', 'active')
            AND (nama_out LIKE :key OR ofcode_out LIKE :key)
            ORDER BY nama_out ASC
            LIMIT 20
2026-04-28 11:09:54 - getOutlet.php - Query berhasil, mengembalikan 1 record
2026-04-28 11:09:54 - getOutlet.php - === END REQUEST ===
2026-04-28 04:09:54 - getOutlet.php - === REQUEST GETOUTLET ===
2026-04-28 04:09:54 - getOutlet.php - Method: POST
2026-04-28 04:09:54 - getOutlet.php - POST data: {"tgl":"2026-04-28","encrypt":"41c7aa6da1665eab307362296dd568d0","id_apl":"APL01","key":"RS Mitra Keluarga Kelapa G"}
2026-04-28 11:09:54 - getOutlet.php - Params - tgl: 2026-04-28, encrypt: 41c7aa6da1665eab307362296dd568d0, id_apl: APL01, key: RS Mitra Keluarga Kelapa G
2026-04-28 11:09:54 - getOutlet.php - Aplikasi ditemukan: Ya
2026-04-28 11:09:54 - getOutlet.php - Key aplikasi: YbcJSFjkds...
2026-04-28 11:09:54 - getOutlet.php - Expected encrypt: 41c7aa6da1665eab307362296dd568d0
2026-04-28 11:09:54 - getOutlet.php - Received encrypt: 41c7aa6da1665eab307362296dd568d0
2026-04-28 11:09:54 - getOutlet.php - Authentication berhasil
2026-04-28 11:09:54 - getOutlet.php - Query: SELECT id_out, nama_out, '' AS alamat_out, ofcode_out
            FROM outlet 
            WHERE status_out IN ('Active', '1', 'active')
            AND (nama_out LIKE :key OR ofcode_out LIKE :key)
            ORDER BY nama_out ASC
            LIMIT 20
2026-04-28 11:09:54 - getOutlet.php - Query berhasil, mengembalikan 1 record
2026-04-28 11:09:54 - getOutlet.php - === END REQUEST ===
2026-04-28 04:09:54 - getOutlet.php - === REQUEST GETOUTLET ===
2026-04-28 04:09:54 - getOutlet.php - Method: POST
2026-04-28 04:09:54 - getOutlet.php - POST data: {"tgl":"2026-04-28","encrypt":"41c7aa6da1665eab307362296dd568d0","id_apl":"APL01","key":"RS Mitra Keluarga Kelapa"}
2026-04-28 11:09:54 - getOutlet.php - Params - tgl: 2026-04-28, encrypt: 41c7aa6da1665eab307362296dd568d0, id_apl: APL01, key: RS Mitra Keluarga Kelapa
2026-04-28 11:09:54 - getOutlet.php - Aplikasi ditemukan: Ya
2026-04-28 11:09:54 - getOutlet.php - Key aplikasi: YbcJSFjkds...
2026-04-28 11:09:54 - getOutlet.php - Expected encrypt: 41c7aa6da1665eab307362296dd568d0
2026-04-28 11:09:54 - getOutlet.php - Received encrypt: 41c7aa6da1665eab307362296dd568d0
2026-04-28 11:09:54 - getOutlet.php - Authentication berhasil
2026-04-28 11:09:54 - getOutlet.php - Query: SELECT id_out, nama_out, '' AS alamat_out, ofcode_out
            FROM outlet 
            WHERE status_out IN ('Active', '1', 'active')
            AND (nama_out LIKE :key OR ofcode_out LIKE :key)
            ORDER BY nama_out ASC
            LIMIT 20
2026-04-28 11:09:54 - getOutlet.php - Query berhasil, mengembalikan 1 record
2026-04-28 11:09:54 - getOutlet.php - === END REQUEST ===
2026-04-28 04:09:54 - getOutlet.php - === REQUEST GETOUTLET ===
2026-04-28 04:09:54 - getOutlet.php - Method: POST
2026-04-28 04:09:54 - getOutlet.php - POST data: {"tgl":"2026-04-28","encrypt":"41c7aa6da1665eab307362296dd568d0","id_apl":"APL01","key":"RS Mitra Keluarga Kelapa"}
2026-04-28 11:09:54 - getOutlet.php - Params - tgl: 2026-04-28, encrypt: 41c7aa6da1665eab307362296dd568d0, id_apl: APL01, key: RS Mitra Keluarga Kelapa
2026-04-28 11:09:54 - getOutlet.php - Aplikasi ditemukan: Ya
2026-04-28 11:09:54 - getOutlet.php - Key aplikasi: YbcJSFjkds...
2026-04-28 11:09:54 - getOutlet.php - Expected encrypt: 41c7aa6da1665eab307362296dd568d0
2026-04-28 11:09:54 - getOutlet.php - Received encrypt: 41c7aa6da1665eab307362296dd568d0
2026-04-28 11:09:54 - getOutlet.php - Authentication berhasil
2026-04-28 11:09:54 - getOutlet.php - Query: SELECT id_out, nama_out, '' AS alamat_out, ofcode_out
            FROM outlet 
            WHERE status_out IN ('Active', '1', 'active')
            AND (nama_out LIKE :key OR ofcode_out LIKE :key)
            ORDER BY nama_out ASC
            LIMIT 20
2026-04-28 11:09:54 - getOutlet.php - Query berhasil, mengembalikan 1 record
2026-04-28 11:09:54 - getOutlet.php - === END REQUEST ===
2026-04-28 04:09:54 - getOutlet.php - === REQUEST GETOUTLET ===
2026-04-28 04:09:54 - getOutlet.php - Method: POST
2026-04-28 04:09:54 - getOutlet.php - POST data: {"tgl":"2026-04-28","encrypt":"41c7aa6da1665eab307362296dd568d0","id_apl":"APL01","key":"RS Mitra Keluarga Kelap"}
2026-04-28 11:09:54 - getOutlet.php - Params - tgl: 2026-04-28, encrypt: 41c7aa6da1665eab307362296dd568d0, id_apl: APL01, key: RS Mitra Keluarga Kelap
2026-04-28 11:09:54 - getOutlet.php - Aplikasi ditemukan: Ya
2026-04-28 11:09:54 - getOutlet.php - Key aplikasi: YbcJSFjkds...
2026-04-28 11:09:54 - getOutlet.php - Expected encrypt: 41c7aa6da1665eab307362296dd568d0
2026-04-28 11:09:54 - getOutlet.php - Received encrypt: 41c7aa6da1665eab307362296dd568d0
2026-04-28 11:09:54 - getOutlet.php - Authentication berhasil
2026-04-28 11:09:54 - getOutlet.php - Query: SELECT id_out, nama_out, '' AS alamat_out, ofcode_out
            FROM outlet 
            WHERE status_out IN ('Active', '1', 'active')
            AND (nama_out LIKE :key OR ofcode_out LIKE :key)
            ORDER BY nama_out ASC
            LIMIT 20
2026-04-28 11:09:54 - getOutlet.php - Query berhasil, mengembalikan 1 record
2026-04-28 11:09:54 - getOutlet.php - === END REQUEST ===
2026-04-28 04:09:55 - getOutlet.php - === REQUEST GETOUTLET ===
2026-04-28 04:09:55 - getOutlet.php - Method: POST
2026-04-28 04:09:55 - getOutlet.php - POST data: {"tgl":"2026-04-28","encrypt":"41c7aa6da1665eab307362296dd568d0","id_apl":"APL01","key":"RS Mitra Keluarga Kela"}
2026-04-28 11:09:55 - getOutlet.php - Params - tgl: 2026-04-28, encrypt: 41c7aa6da1665eab307362296dd568d0, id_apl: APL01, key: RS Mitra Keluarga Kela
2026-04-28 11:09:55 - getOutlet.php - Aplikasi ditemukan: Ya
2026-04-28 11:09:55 - getOutlet.php - Key aplikasi: YbcJSFjkds...
2026-04-28 11:09:55 - getOutlet.php - Expected encrypt: 41c7aa6da1665eab307362296dd568d0
2026-04-28 11:09:55 - getOutlet.php - Received encrypt: 41c7aa6da1665eab307362296dd568d0
2026-04-28 11:09:55 - getOutlet.php - Authentication berhasil
2026-04-28 11:09:55 - getOutlet.php - Query: SELECT id_out, nama_out, '' AS alamat_out, ofcode_out
            FROM outlet 
            WHERE status_out IN ('Active', '1', 'active')
            AND (nama_out LIKE :key OR ofcode_out LIKE :key)
            ORDER BY nama_out ASC
            LIMIT 20
2026-04-28 11:09:55 - getOutlet.php - Query berhasil, mengembalikan 1 record
2026-04-28 11:09:55 - getOutlet.php - === END REQUEST ===
2026-04-28 04:09:55 - getOutlet.php - === REQUEST GETOUTLET ===
2026-04-28 04:09:55 - getOutlet.php - Method: POST
2026-04-28 04:09:55 - getOutlet.php - POST data: {"tgl":"2026-04-28","encrypt":"41c7aa6da1665eab307362296dd568d0","id_apl":"APL01","key":"RS Mitra Keluarga Kel"}
2026-04-28 11:09:55 - getOutlet.php - Params - tgl: 2026-04-28, encrypt: 41c7aa6da1665eab307362296dd568d0, id_apl: APL01, key: RS Mitra Keluarga Kel
2026-04-28 11:09:55 - getOutlet.php - Aplikasi ditemukan: Ya
2026-04-28 11:09:55 - getOutlet.php - Key aplikasi: YbcJSFjkds...
2026-04-28 11:09:55 - getOutlet.php - Expected encrypt: 41c7aa6da1665eab307362296dd568d0
2026-04-28 11:09:55 - getOutlet.php - Received encrypt: 41c7aa6da1665eab307362296dd568d0
2026-04-28 11:09:55 - getOutlet.php - Authentication berhasil
2026-04-28 04:09:55 - getOutlet.php - === REQUEST GETOUTLET ===
2026-04-28 04:09:55 - getOutlet.php - Method: POST
2026-04-28 04:09:55 - getOutlet.php - POST data: {"tgl":"2026-04-28","encrypt":"41c7aa6da1665eab307362296dd568d0","id_apl":"APL01","key":"RS Mitra Keluarga K"}
2026-04-28 04:09:55 - getOutlet.php - === REQUEST GETOUTLET ===
2026-04-28 04:09:55 - getOutlet.php - Method: POST
2026-04-28 11:09:55 - getOutlet.php - Params - tgl: 2026-04-28, encrypt: 41c7aa6da1665eab307362296dd568d0, id_apl: APL01, key: RS Mitra Keluarga K
2026-04-28 04:09:55 - getOutlet.php - POST data: {"tgl":"2026-04-28","encrypt":"41c7aa6da1665eab307362296dd568d0","id_apl":"APL01","key":"RS Mitra Keluarga Ke"}
2026-04-28 11:09:55 - getOutlet.php - Params - tgl: 2026-04-28, encrypt: 41c7aa6da1665eab307362296dd568d0, id_apl: APL01, key: RS Mitra Keluarga Ke
2026-04-28 11:09:55 - getOutlet.php - Query: SELECT id_out, nama_out, '' AS alamat_out, ofcode_out
            FROM outlet 
            WHERE status_out IN ('Active', '1', 'active')
            AND (nama_out LIKE :key OR ofcode_out LIKE :key)
            ORDER BY nama_out ASC
            LIMIT 20
2026-04-28 11:09:55 - getOutlet.php - Aplikasi ditemukan: Ya
2026-04-28 11:09:55 - getOutlet.php - Key aplikasi: YbcJSFjkds...
2026-04-28 11:09:55 - getOutlet.php - Expected encrypt: 41c7aa6da1665eab307362296dd568d0
2026-04-28 11:09:55 - getOutlet.php - Received encrypt: 41c7aa6da1665eab307362296dd568d0
2026-04-28 11:09:55 - getOutlet.php - Authentication berhasil
2026-04-28 11:09:55 - getOutlet.php - Query berhasil, mengembalikan 1 record
2026-04-28 11:09:55 - getOutlet.php - Aplikasi ditemukan: Ya
2026-04-28 11:09:55 - getOutlet.php - === END REQUEST ===
2026-04-28 11:09:55 - getOutlet.php - Key aplikasi: YbcJSFjkds...
2026-04-28 11:09:55 - getOutlet.php - Expected encrypt: 41c7aa6da1665eab307362296dd568d0
2026-04-28 11:09:55 - getOutlet.php - Received encrypt: 41c7aa6da1665eab307362296dd568d0
2026-04-28 11:09:55 - getOutlet.php - Authentication berhasil
2026-04-28 11:09:55 - getOutlet.php - Query: SELECT id_out, nama_out, '' AS alamat_out, ofcode_out
            FROM outlet 
            WHERE status_out IN ('Active', '1', 'active')
            AND (nama_out LIKE :key OR ofcode_out LIKE :key)
            ORDER BY nama_out ASC
            LIMIT 20
2026-04-28 11:09:55 - getOutlet.php - Query: SELECT id_out, nama_out, '' AS alamat_out, ofcode_out
            FROM outlet 
            WHERE status_out IN ('Active', '1', 'active')
            AND (nama_out LIKE :key OR ofcode_out LIKE :key)
            ORDER BY nama_out ASC
            LIMIT 20
2026-04-28 11:09:55 - getOutlet.php - Query berhasil, mengembalikan 2 record
2026-04-28 11:09:55 - getOutlet.php - === END REQUEST ===
2026-04-28 11:09:55 - getOutlet.php - Query berhasil, mengembalikan 3 record
2026-04-28 11:09:55 - getOutlet.php - === END REQUEST ===
2026-04-28 04:09:55 - getOutlet.php - === REQUEST GETOUTLET ===
2026-04-28 04:09:55 - getOutlet.php - Method: POST
2026-04-28 04:09:55 - getOutlet.php - POST data: {"tgl":"2026-04-28","encrypt":"41c7aa6da1665eab307362296dd568d0","id_apl":"APL01","key":"RS Mitra Keluarga"}
2026-04-28 11:09:55 - getOutlet.php - Params - tgl: 2026-04-28, encrypt: 41c7aa6da1665eab307362296dd568d0, id_apl: APL01, key: RS Mitra Keluarga
2026-04-28 11:09:55 - getOutlet.php - Aplikasi ditemukan: Ya
2026-04-28 11:09:55 - getOutlet.php - Key aplikasi: YbcJSFjkds...
2026-04-28 11:09:55 - getOutlet.php - Expected encrypt: 41c7aa6da1665eab307362296dd568d0
2026-04-28 11:09:55 - getOutlet.php - Received encrypt: 41c7aa6da1665eab307362296dd568d0
2026-04-28 11:09:55 - getOutlet.php - Authentication berhasil
2026-04-28 11:09:55 - getOutlet.php - Query: SELECT id_out, nama_out, '' AS alamat_out, ofcode_out
            FROM outlet 
            WHERE status_out IN ('Active', '1', 'active')
            AND (nama_out LIKE :key OR ofcode_out LIKE :key)
            ORDER BY nama_out ASC
            LIMIT 20
2026-04-28 11:09:55 - getOutlet.php - Query berhasil, mengembalikan 16 record
2026-04-28 11:09:55 - getOutlet.php - === END REQUEST ===
2026-04-28 04:09:55 - getOutlet.php - === REQUEST GETOUTLET ===
2026-04-28 04:09:55 - getOutlet.php - Method: POST
2026-04-28 04:09:55 - getOutlet.php - POST data: {"tgl":"2026-04-28","encrypt":"41c7aa6da1665eab307362296dd568d0","id_apl":"APL01","key":"RS Mitra Keluarga"}
2026-04-28 11:09:55 - getOutlet.php - Params - tgl: 2026-04-28, encrypt: 41c7aa6da1665eab307362296dd568d0, id_apl: APL01, key: RS Mitra Keluarga
2026-04-28 11:09:55 - getOutlet.php - Aplikasi ditemukan: Ya
2026-04-28 11:09:55 - getOutlet.php - Key aplikasi: YbcJSFjkds...
2026-04-28 11:09:55 - getOutlet.php - Expected encrypt: 41c7aa6da1665eab307362296dd568d0
2026-04-28 11:09:55 - getOutlet.php - Received encrypt: 41c7aa6da1665eab307362296dd568d0
2026-04-28 11:09:55 - getOutlet.php - Authentication berhasil
2026-04-28 11:09:55 - getOutlet.php - Query: SELECT id_out, nama_out, '' AS alamat_out, ofcode_out
            FROM outlet 
            WHERE status_out IN ('Active', '1', 'active')
            AND (nama_out LIKE :key OR ofcode_out LIKE :key)
            ORDER BY nama_out ASC
            LIMIT 20
2026-04-28 11:09:55 - getOutlet.php - Query berhasil, mengembalikan 16 record
2026-04-28 11:09:55 - getOutlet.php - === END REQUEST ===
2026-04-28 04:09:55 - getOutlet.php - === REQUEST GETOUTLET ===
2026-04-28 04:09:55 - getOutlet.php - Method: POST
2026-04-28 04:09:55 - getOutlet.php - POST data: {"tgl":"2026-04-28","encrypt":"41c7aa6da1665eab307362296dd568d0","id_apl":"APL01","key":"RS Mitra Keluarg"}
2026-04-28 11:09:55 - getOutlet.php - Params - tgl: 2026-04-28, encrypt: 41c7aa6da1665eab307362296dd568d0, id_apl: APL01, key: RS Mitra Keluarg
2026-04-28 11:09:55 - getOutlet.php - Aplikasi ditemukan: Ya
2026-04-28 11:09:55 - getOutlet.php - Key aplikasi: YbcJSFjkds...
2026-04-28 11:09:55 - getOutlet.php - Expected encrypt: 41c7aa6da1665eab307362296dd568d0
2026-04-28 11:09:55 - getOutlet.php - Received encrypt: 41c7aa6da1665eab307362296dd568d0
2026-04-28 11:09:55 - getOutlet.php - Authentication berhasil
2026-04-28 11:09:55 - getOutlet.php - Query: SELECT id_out, nama_out, '' AS alamat_out, ofcode_out
            FROM outlet 
            WHERE status_out IN ('Active', '1', 'active')
            AND (nama_out LIKE :key OR ofcode_out LIKE :key)
            ORDER BY nama_out ASC
            LIMIT 20
2026-04-28 11:09:55 - getOutlet.php - Query berhasil, mengembalikan 16 record
2026-04-28 11:09:55 - getOutlet.php - === END REQUEST ===
2026-04-28 04:09:55 - getOutlet.php - === REQUEST GETOUTLET ===
2026-04-28 04:09:55 - getOutlet.php - Method: POST
2026-04-28 04:09:55 - getOutlet.php - POST data: {"tgl":"2026-04-28","encrypt":"41c7aa6da1665eab307362296dd568d0","id_apl":"APL01","key":"RS Mitra Keluar"}
2026-04-28 11:09:55 - getOutlet.php - Params - tgl: 2026-04-28, encrypt: 41c7aa6da1665eab307362296dd568d0, id_apl: APL01, key: RS Mitra Keluar
2026-04-28 11:09:55 - getOutlet.php - Aplikasi ditemukan: Ya
2026-04-28 11:09:55 - getOutlet.php - Key aplikasi: YbcJSFjkds...
2026-04-28 11:09:55 - getOutlet.php - Expected encrypt: 41c7aa6da1665eab307362296dd568d0
2026-04-28 11:09:55 - getOutlet.php - Received encrypt: 41c7aa6da1665eab307362296dd568d0
2026-04-28 11:09:55 - getOutlet.php - Authentication berhasil
2026-04-28 11:09:55 - getOutlet.php - Query: SELECT id_out, nama_out, '' AS alamat_out, ofcode_out
            FROM outlet 
            WHERE status_out IN ('Active', '1', 'active')
            AND (nama_out LIKE :key OR ofcode_out LIKE :key)
            ORDER BY nama_out ASC
            LIMIT 20
2026-04-28 11:09:55 - getOutlet.php - Query berhasil, mengembalikan 16 record
2026-04-28 11:09:55 - getOutlet.php - === END REQUEST ===
2026-04-28 04:09:55 - getOutlet.php - === REQUEST GETOUTLET ===
2026-04-28 04:09:55 - getOutlet.php - Method: POST
2026-04-28 04:09:55 - getOutlet.php - POST data: {"tgl":"2026-04-28","encrypt":"41c7aa6da1665eab307362296dd568d0","id_apl":"APL01","key":"RS Mitra Kelua"}
2026-04-28 11:09:55 - getOutlet.php - Params - tgl: 2026-04-28, encrypt: 41c7aa6da1665eab307362296dd568d0, id_apl: APL01, key: RS Mitra Kelua
2026-04-28 11:09:55 - getOutlet.php - Aplikasi ditemukan: Ya
2026-04-28 11:09:55 - getOutlet.php - Key aplikasi: YbcJSFjkds...
2026-04-28 11:09:55 - getOutlet.php - Expected encrypt: 41c7aa6da1665eab307362296dd568d0
2026-04-28 11:09:55 - getOutlet.php - Received encrypt: 41c7aa6da1665eab307362296dd568d0
2026-04-28 11:09:55 - getOutlet.php - Authentication berhasil
2026-04-28 11:09:55 - getOutlet.php - Query: SELECT id_out, nama_out, '' AS alamat_out, ofcode_out
            FROM outlet 
            WHERE status_out IN ('Active', '1', 'active')
            AND (nama_out LIKE :key OR ofcode_out LIKE :key)
            ORDER BY nama_out ASC
            LIMIT 20
2026-04-28 11:09:55 - getOutlet.php - Query berhasil, mengembalikan 16 record
2026-04-28 11:09:55 - getOutlet.php - === END REQUEST ===
2026-04-28 04:09:55 - getOutlet.php - === REQUEST GETOUTLET ===
2026-04-28 04:09:55 - getOutlet.php - Method: POST
2026-04-28 04:09:55 - getOutlet.php - POST data: {"tgl":"2026-04-28","encrypt":"41c7aa6da1665eab307362296dd568d0","id_apl":"APL01","key":"RS Mitra Kelu"}
2026-04-28 11:09:55 - getOutlet.php - Params - tgl: 2026-04-28, encrypt: 41c7aa6da1665eab307362296dd568d0, id_apl: APL01, key: RS Mitra Kelu
2026-04-28 11:09:55 - getOutlet.php - Aplikasi ditemukan: Ya
2026-04-28 11:09:55 - getOutlet.php - Key aplikasi: YbcJSFjkds...
2026-04-28 11:09:55 - getOutlet.php - Expected encrypt: 41c7aa6da1665eab307362296dd568d0
2026-04-28 11:09:55 - getOutlet.php - Received encrypt: 41c7aa6da1665eab307362296dd568d0
2026-04-28 11:09:55 - getOutlet.php - Authentication berhasil
2026-04-28 11:09:55 - getOutlet.php - Query: SELECT id_out, nama_out, '' AS alamat_out, ofcode_out
            FROM outlet 
            WHERE status_out IN ('Active', '1', 'active')
            AND (nama_out LIKE :key OR ofcode_out LIKE :key)
            ORDER BY nama_out ASC
            LIMIT 20
2026-04-28 11:09:55 - getOutlet.php - Query berhasil, mengembalikan 16 record
2026-04-28 11:09:55 - getOutlet.php - === END REQUEST ===
2026-04-28 04:09:55 - getOutlet.php - === REQUEST GETOUTLET ===
2026-04-28 04:09:55 - getOutlet.php - Method: POST
2026-04-28 04:09:55 - getOutlet.php - POST data: {"tgl":"2026-04-28","encrypt":"41c7aa6da1665eab307362296dd568d0","id_apl":"APL01","key":"RS Mitra Kel"}
2026-04-28 11:09:55 - getOutlet.php - Params - tgl: 2026-04-28, encrypt: 41c7aa6da1665eab307362296dd568d0, id_apl: APL01, key: RS Mitra Kel
2026-04-28 11:09:55 - getOutlet.php - Aplikasi ditemukan: Ya
2026-04-28 11:09:55 - getOutlet.php - Key aplikasi: YbcJSFjkds...
2026-04-28 11:09:55 - getOutlet.php - Expected encrypt: 41c7aa6da1665eab307362296dd568d0
2026-04-28 11:09:55 - getOutlet.php - Received encrypt: 41c7aa6da1665eab307362296dd568d0
2026-04-28 11:09:55 - getOutlet.php - Authentication berhasil
2026-04-28 11:09:55 - getOutlet.php - Query: SELECT id_out, nama_out, '' AS alamat_out, ofcode_out
            FROM outlet 
            WHERE status_out IN ('Active', '1', 'active')
            AND (nama_out LIKE :key OR ofcode_out LIKE :key)
            ORDER BY nama_out ASC
            LIMIT 20
2026-04-28 11:09:55 - getOutlet.php - Query berhasil, mengembalikan 16 record
2026-04-28 11:09:55 - getOutlet.php - === END REQUEST ===
2026-04-28 04:09:55 - getOutlet.php - === REQUEST GETOUTLET ===
2026-04-28 04:09:55 - getOutlet.php - Method: POST
2026-04-28 04:09:55 - getOutlet.php - POST data: {"tgl":"2026-04-28","encrypt":"41c7aa6da1665eab307362296dd568d0","id_apl":"APL01","key":"RS Mitra Ke"}
2026-04-28 11:09:55 - getOutlet.php - Params - tgl: 2026-04-28, encrypt: 41c7aa6da1665eab307362296dd568d0, id_apl: APL01, key: RS Mitra Ke
2026-04-28 11:09:55 - getOutlet.php - Aplikasi ditemukan: Ya
2026-04-28 11:09:55 - getOutlet.php - Key aplikasi: YbcJSFjkds...
2026-04-28 11:09:55 - getOutlet.php - Expected encrypt: 41c7aa6da1665eab307362296dd568d0
2026-04-28 11:09:55 - getOutlet.php - Received encrypt: 41c7aa6da1665eab307362296dd568d0
2026-04-28 11:09:55 - getOutlet.php - Authentication berhasil
2026-04-28 11:09:55 - getOutlet.php - Query: SELECT id_out, nama_out, '' AS alamat_out, ofcode_out
            FROM outlet 
            WHERE status_out IN ('Active', '1', 'active')
            AND (nama_out LIKE :key OR ofcode_out LIKE :key)
            ORDER BY nama_out ASC
            LIMIT 20
2026-04-28 11:09:55 - getOutlet.php - Query berhasil, mengembalikan 16 record
2026-04-28 11:09:55 - getOutlet.php - === END REQUEST ===
2026-04-28 04:09:55 - getOutlet.php - === REQUEST GETOUTLET ===
2026-04-28 04:09:55 - getOutlet.php - Method: POST
2026-04-28 04:09:55 - getOutlet.php - POST data: {"tgl":"2026-04-28","encrypt":"41c7aa6da1665eab307362296dd568d0","id_apl":"APL01","key":"RS Mitra K"}
2026-04-28 11:09:55 - getOutlet.php - Params - tgl: 2026-04-28, encrypt: 41c7aa6da1665eab307362296dd568d0, id_apl: APL01, key: RS Mitra K
2026-04-28 11:09:55 - getOutlet.php - Aplikasi ditemukan: Ya
2026-04-28 11:09:55 - getOutlet.php - Key aplikasi: YbcJSFjkds...
2026-04-28 11:09:55 - getOutlet.php - Expected encrypt: 41c7aa6da1665eab307362296dd568d0
2026-04-28 11:09:55 - getOutlet.php - Received encrypt: 41c7aa6da1665eab307362296dd568d0
2026-04-28 11:09:55 - getOutlet.php - Authentication berhasil
2026-04-28 11:09:55 - getOutlet.php - Query: SELECT id_out, nama_out, '' AS alamat_out, ofcode_out
            FROM outlet 
            WHERE status_out IN ('Active', '1', 'active')
            AND (nama_out LIKE :key OR ofcode_out LIKE :key)
            ORDER BY nama_out ASC
            LIMIT 20
2026-04-28 11:09:55 - getOutlet.php - Query berhasil, mengembalikan 16 record
2026-04-28 11:09:55 - getOutlet.php - === END REQUEST ===
2026-04-28 04:09:55 - getOutlet.php - === REQUEST GETOUTLET ===
2026-04-28 04:09:55 - getOutlet.php - Method: POST
2026-04-28 04:09:55 - getOutlet.php - POST data: {"tgl":"2026-04-28","encrypt":"41c7aa6da1665eab307362296dd568d0","id_apl":"APL01","key":"RS Mitra"}
2026-04-28 11:09:55 - getOutlet.php - Params - tgl: 2026-04-28, encrypt: 41c7aa6da1665eab307362296dd568d0, id_apl: APL01, key: RS Mitra
2026-04-28 11:09:55 - getOutlet.php - Aplikasi ditemukan: Ya
2026-04-28 11:09:55 - getOutlet.php - Key aplikasi: YbcJSFjkds...
2026-04-28 11:09:55 - getOutlet.php - Expected encrypt: 41c7aa6da1665eab307362296dd568d0
2026-04-28 11:09:55 - getOutlet.php - Received encrypt: 41c7aa6da1665eab307362296dd568d0
2026-04-28 11:09:55 - getOutlet.php - Authentication berhasil
2026-04-28 11:09:55 - getOutlet.php - Query: SELECT id_out, nama_out, '' AS alamat_out, ofcode_out
            FROM outlet 
            WHERE status_out IN ('Active', '1', 'active')
            AND (nama_out LIKE :key OR ofcode_out LIKE :key)
            ORDER BY nama_out ASC
            LIMIT 20
2026-04-28 11:09:55 - getOutlet.php - Query berhasil, mengembalikan 17 record
2026-04-28 11:09:55 - getOutlet.php - === END REQUEST ===
2026-04-28 04:09:55 - getOutlet.php - === REQUEST GETOUTLET ===
2026-04-28 04:09:55 - getOutlet.php - Method: POST
2026-04-28 04:09:55 - getOutlet.php - POST data: {"tgl":"2026-04-28","encrypt":"41c7aa6da1665eab307362296dd568d0","id_apl":"APL01","key":"RS Mitra"}
2026-04-28 11:09:55 - getOutlet.php - Params - tgl: 2026-04-28, encrypt: 41c7aa6da1665eab307362296dd568d0, id_apl: APL01, key: RS Mitra
2026-04-28 11:09:55 - getOutlet.php - Aplikasi ditemukan: Ya
2026-04-28 11:09:55 - getOutlet.php - Key aplikasi: YbcJSFjkds...
2026-04-28 11:09:55 - getOutlet.php - Expected encrypt: 41c7aa6da1665eab307362296dd568d0
2026-04-28 11:09:55 - getOutlet.php - Received encrypt: 41c7aa6da1665eab307362296dd568d0
2026-04-28 11:09:55 - getOutlet.php - Authentication berhasil
2026-04-28 11:09:55 - getOutlet.php - Query: SELECT id_out, nama_out, '' AS alamat_out, ofcode_out
            FROM outlet 
            WHERE status_out IN ('Active', '1', 'active')
            AND (nama_out LIKE :key OR ofcode_out LIKE :key)
            ORDER BY nama_out ASC
            LIMIT 20
2026-04-28 11:09:55 - getOutlet.php - Query berhasil, mengembalikan 17 record
2026-04-28 11:09:55 - getOutlet.php - === END REQUEST ===
2026-04-28 04:09:55 - getOutlet.php - === REQUEST GETOUTLET ===
2026-04-28 04:09:55 - getOutlet.php - Method: POST
2026-04-28 04:09:55 - getOutlet.php - POST data: {"tgl":"2026-04-28","encrypt":"41c7aa6da1665eab307362296dd568d0","id_apl":"APL01","key":"RS Mitr"}
2026-04-28 11:09:55 - getOutlet.php - Params - tgl: 2026-04-28, encrypt: 41c7aa6da1665eab307362296dd568d0, id_apl: APL01, key: RS Mitr
2026-04-28 11:09:55 - getOutlet.php - Aplikasi ditemukan: Ya
2026-04-28 11:09:55 - getOutlet.php - Key aplikasi: YbcJSFjkds...
2026-04-28 11:09:55 - getOutlet.php - Expected encrypt: 41c7aa6da1665eab307362296dd568d0
2026-04-28 11:09:55 - getOutlet.php - Received encrypt: 41c7aa6da1665eab307362296dd568d0
2026-04-28 11:09:55 - getOutlet.php - Authentication berhasil
2026-04-28 11:09:55 - getOutlet.php - Query: SELECT id_out, nama_out, '' AS alamat_out, ofcode_out
            FROM outlet 
            WHERE status_out IN ('Active', '1', 'active')
            AND (nama_out LIKE :key OR ofcode_out LIKE :key)
            ORDER BY nama_out ASC
            LIMIT 20
2026-04-28 11:09:55 - getOutlet.php - Query berhasil, mengembalikan 17 record
2026-04-28 11:09:55 - getOutlet.php - === END REQUEST ===
2026-04-28 04:09:55 - getOutlet.php - === REQUEST GETOUTLET ===
2026-04-28 04:09:55 - getOutlet.php - Method: POST
2026-04-28 04:09:55 - getOutlet.php - POST data: {"tgl":"2026-04-28","encrypt":"41c7aa6da1665eab307362296dd568d0","id_apl":"APL01","key":"RS Mit"}
2026-04-28 11:09:55 - getOutlet.php - Params - tgl: 2026-04-28, encrypt: 41c7aa6da1665eab307362296dd568d0, id_apl: APL01, key: RS Mit
2026-04-28 11:09:55 - getOutlet.php - Aplikasi ditemukan: Ya
2026-04-28 11:09:55 - getOutlet.php - Key aplikasi: YbcJSFjkds...
2026-04-28 11:09:55 - getOutlet.php - Expected encrypt: 41c7aa6da1665eab307362296dd568d0
2026-04-28 11:09:55 - getOutlet.php - Received encrypt: 41c7aa6da1665eab307362296dd568d0
2026-04-28 11:09:55 - getOutlet.php - Authentication berhasil
2026-04-28 11:09:55 - getOutlet.php - Query: SELECT id_out, nama_out, '' AS alamat_out, ofcode_out
            FROM outlet 
            WHERE status_out IN ('Active', '1', 'active')
            AND (nama_out LIKE :key OR ofcode_out LIKE :key)
            ORDER BY nama_out ASC
            LIMIT 20
2026-04-28 11:09:55 - getOutlet.php - Query berhasil, mengembalikan 17 record
2026-04-28 11:09:55 - getOutlet.php - === END REQUEST ===
2026-04-28 04:09:55 - getOutlet.php - === REQUEST GETOUTLET ===
2026-04-28 04:09:55 - getOutlet.php - Method: POST
2026-04-28 04:09:55 - getOutlet.php - POST data: {"tgl":"2026-04-28","encrypt":"41c7aa6da1665eab307362296dd568d0","id_apl":"APL01","key":"RS Mi"}
2026-04-28 11:09:55 - getOutlet.php - Params - tgl: 2026-04-28, encrypt: 41c7aa6da1665eab307362296dd568d0, id_apl: APL01, key: RS Mi
2026-04-28 11:09:55 - getOutlet.php - Aplikasi ditemukan: Ya
2026-04-28 11:09:55 - getOutlet.php - Key aplikasi: YbcJSFjkds...
2026-04-28 11:09:55 - getOutlet.php - Expected encrypt: 41c7aa6da1665eab307362296dd568d0
2026-04-28 11:09:55 - getOutlet.php - Received encrypt: 41c7aa6da1665eab307362296dd568d0
2026-04-28 11:09:55 - getOutlet.php - Authentication berhasil
2026-04-28 11:09:55 - getOutlet.php - Query: SELECT id_out, nama_out, '' AS alamat_out, ofcode_out
            FROM outlet 
            WHERE status_out IN ('Active', '1', 'active')
            AND (nama_out LIKE :key OR ofcode_out LIKE :key)
            ORDER BY nama_out ASC
            LIMIT 20
2026-04-28 11:09:55 - getOutlet.php - Query berhasil, mengembalikan 17 record
2026-04-28 11:09:55 - getOutlet.php - === END REQUEST ===
2026-04-28 04:09:56 - getOutlet.php - === REQUEST GETOUTLET ===
2026-04-28 04:09:56 - getOutlet.php - Method: POST
2026-04-28 04:09:56 - getOutlet.php - POST data: {"tgl":"2026-04-28","encrypt":"41c7aa6da1665eab307362296dd568d0","id_apl":"APL01","key":"RS M"}
2026-04-28 11:09:56 - getOutlet.php - Params - tgl: 2026-04-28, encrypt: 41c7aa6da1665eab307362296dd568d0, id_apl: APL01, key: RS M
2026-04-28 11:09:56 - getOutlet.php - Aplikasi ditemukan: Ya
2026-04-28 11:09:56 - getOutlet.php - Key aplikasi: YbcJSFjkds...
2026-04-28 11:09:56 - getOutlet.php - Expected encrypt: 41c7aa6da1665eab307362296dd568d0
2026-04-28 11:09:56 - getOutlet.php - Received encrypt: 41c7aa6da1665eab307362296dd568d0
2026-04-28 11:09:56 - getOutlet.php - Authentication berhasil
2026-04-28 11:09:56 - getOutlet.php - Query: SELECT id_out, nama_out, '' AS alamat_out, ofcode_out
            FROM outlet 
            WHERE status_out IN ('Active', '1', 'active')
            AND (nama_out LIKE :key OR ofcode_out LIKE :key)
            ORDER BY nama_out ASC
            LIMIT 20
2026-04-28 11:09:56 - getOutlet.php - Query berhasil, mengembalikan 20 record
2026-04-28 11:09:56 - getOutlet.php - === END REQUEST ===
2026-04-28 04:09:56 - getOutlet.php - === REQUEST GETOUTLET ===
2026-04-28 04:09:56 - getOutlet.php - Method: POST
2026-04-28 04:09:56 - getOutlet.php - POST data: {"tgl":"2026-04-28","encrypt":"41c7aa6da1665eab307362296dd568d0","id_apl":"APL01","key":"RS"}
2026-04-28 11:09:56 - getOutlet.php - Params - tgl: 2026-04-28, encrypt: 41c7aa6da1665eab307362296dd568d0, id_apl: APL01, key: RS
2026-04-28 11:09:56 - getOutlet.php - Aplikasi ditemukan: Ya
2026-04-28 11:09:56 - getOutlet.php - Key aplikasi: YbcJSFjkds...
2026-04-28 11:09:56 - getOutlet.php - Expected encrypt: 41c7aa6da1665eab307362296dd568d0
2026-04-28 11:09:56 - getOutlet.php - Received encrypt: 41c7aa6da1665eab307362296dd568d0
2026-04-28 11:09:56 - getOutlet.php - Authentication berhasil
2026-04-28 11:09:56 - getOutlet.php - Query: SELECT id_out, nama_out, '' AS alamat_out, ofcode_out
            FROM outlet 
            WHERE status_out IN ('Active', '1', 'active')
            AND (nama_out LIKE :key OR ofcode_out LIKE :key)
            ORDER BY nama_out ASC
            LIMIT 20
2026-04-28 11:09:56 - getOutlet.php - Query berhasil, mengembalikan 20 record
2026-04-28 11:09:56 - getOutlet.php - === END REQUEST ===
2026-04-28 04:09:56 - getOutlet.php - === REQUEST GETOUTLET ===
2026-04-28 04:09:56 - getOutlet.php - Method: POST
2026-04-28 04:09:56 - getOutlet.php - POST data: {"tgl":"2026-04-28","encrypt":"41c7aa6da1665eab307362296dd568d0","id_apl":"APL01","key":"RS"}
2026-04-28 11:09:56 - getOutlet.php - Params - tgl: 2026-04-28, encrypt: 41c7aa6da1665eab307362296dd568d0, id_apl: APL01, key: RS
2026-04-28 11:09:56 - getOutlet.php - Aplikasi ditemukan: Ya
2026-04-28 11:09:56 - getOutlet.php - Key aplikasi: YbcJSFjkds...
2026-04-28 11:09:56 - getOutlet.php - Expected encrypt: 41c7aa6da1665eab307362296dd568d0
2026-04-28 11:09:56 - getOutlet.php - Received encrypt: 41c7aa6da1665eab307362296dd568d0
2026-04-28 11:09:56 - getOutlet.php - Authentication berhasil
2026-04-28 11:09:56 - getOutlet.php - Query: SELECT id_out, nama_out, '' AS alamat_out, ofcode_out
            FROM outlet 
            WHERE status_out IN ('Active', '1', 'active')
            AND (nama_out LIKE :key OR ofcode_out LIKE :key)
            ORDER BY nama_out ASC
            LIMIT 20
2026-04-28 11:09:56 - getOutlet.php - Query berhasil, mengembalikan 20 record
2026-04-28 11:09:56 - getOutlet.php - === END REQUEST ===
2026-04-28 04:11:01 - getOutlet.php - === REQUEST GETOUTLET ===
2026-04-28 04:11:01 - getOutlet.php - Method: POST
2026-04-28 04:11:01 - getOutlet.php - POST data: {"tgl":"2026-04-28","encrypt":"41c7aa6da1665eab307362296dd568d0","id_apl":"APL01","key":"Rs"}
2026-04-28 11:11:01 - getOutlet.php - Params - tgl: 2026-04-28, encrypt: 41c7aa6da1665eab307362296dd568d0, id_apl: APL01, key: Rs
2026-04-28 11:11:01 - getOutlet.php - Aplikasi ditemukan: Ya
2026-04-28 11:11:01 - getOutlet.php - Key aplikasi: YbcJSFjkds...
2026-04-28 11:11:01 - getOutlet.php - Expected encrypt: 41c7aa6da1665eab307362296dd568d0
2026-04-28 11:11:01 - getOutlet.php - Received encrypt: 41c7aa6da1665eab307362296dd568d0
2026-04-28 11:11:01 - getOutlet.php - Authentication berhasil
2026-04-28 11:11:01 - getOutlet.php - Query: SELECT id_out, nama_out, '' AS alamat_out, ofcode_out
            FROM outlet 
            WHERE status_out IN ('Active', '1', 'active')
            AND (nama_out LIKE :key OR ofcode_out LIKE :key)
            ORDER BY nama_out ASC
            LIMIT 20
2026-04-28 11:11:01 - getOutlet.php - Query berhasil, mengembalikan 20 record
2026-04-28 11:11:01 - getOutlet.php - === END REQUEST ===
2026-04-28 04:11:02 - getOutlet.php - === REQUEST GETOUTLET ===
2026-04-28 04:11:02 - getOutlet.php - Method: POST
2026-04-28 04:11:02 - getOutlet.php - POST data: {"tgl":"2026-04-28","encrypt":"41c7aa6da1665eab307362296dd568d0","id_apl":"APL01","key":"RS"}
2026-04-28 11:11:02 - getOutlet.php - Params - tgl: 2026-04-28, encrypt: 41c7aa6da1665eab307362296dd568d0, id_apl: APL01, key: RS
2026-04-28 11:11:02 - getOutlet.php - Aplikasi ditemukan: Ya
2026-04-28 11:11:02 - getOutlet.php - Key aplikasi: YbcJSFjkds...
2026-04-28 11:11:02 - getOutlet.php - Expected encrypt: 41c7aa6da1665eab307362296dd568d0
2026-04-28 11:11:02 - getOutlet.php - Received encrypt: 41c7aa6da1665eab307362296dd568d0
2026-04-28 11:11:02 - getOutlet.php - Authentication berhasil
2026-04-28 11:11:02 - getOutlet.php - Query: SELECT id_out, nama_out, '' AS alamat_out, ofcode_out
            FROM outlet 
            WHERE status_out IN ('Active', '1', 'active')
            AND (nama_out LIKE :key OR ofcode_out LIKE :key)
            ORDER BY nama_out ASC
            LIMIT 20
2026-04-28 11:11:02 - getOutlet.php - Query berhasil, mengembalikan 20 record
2026-04-28 11:11:02 - getOutlet.php - === END REQUEST ===
2026-04-28 04:11:02 - getOutlet.php - === REQUEST GETOUTLET ===
2026-04-28 04:11:02 - getOutlet.php - Method: POST
2026-04-28 04:11:02 - getOutlet.php - POST data: {"tgl":"2026-04-28","encrypt":"41c7aa6da1665eab307362296dd568d0","id_apl":"APL01","key":"RS p"}
2026-04-28 11:11:02 - getOutlet.php - Params - tgl: 2026-04-28, encrypt: 41c7aa6da1665eab307362296dd568d0, id_apl: APL01, key: RS p
2026-04-28 11:11:02 - getOutlet.php - Aplikasi ditemukan: Ya
2026-04-28 11:11:02 - getOutlet.php - Key aplikasi: YbcJSFjkds...
2026-04-28 11:11:02 - getOutlet.php - Expected encrypt: 41c7aa6da1665eab307362296dd568d0
2026-04-28 11:11:02 - getOutlet.php - Received encrypt: 41c7aa6da1665eab307362296dd568d0
2026-04-28 11:11:02 - getOutlet.php - Authentication berhasil
2026-04-28 11:11:02 - getOutlet.php - Query: SELECT id_out, nama_out, '' AS alamat_out, ofcode_out
            FROM outlet 
            WHERE status_out IN ('Active', '1', 'active')
            AND (nama_out LIKE :key OR ofcode_out LIKE :key)
            ORDER BY nama_out ASC
            LIMIT 20
2026-04-28 11:11:02 - getOutlet.php - Query berhasil, mengembalikan 20 record
2026-04-28 11:11:02 - getOutlet.php - === END REQUEST ===
2026-04-28 04:11:02 - getOutlet.php - === REQUEST GETOUTLET ===
2026-04-28 04:11:02 - getOutlet.php - Method: POST
2026-04-28 04:11:02 - getOutlet.php - POST data: {"tgl":"2026-04-28","encrypt":"41c7aa6da1665eab307362296dd568d0","id_apl":"APL01","key":"RS pe"}
2026-04-28 11:11:02 - getOutlet.php - Params - tgl: 2026-04-28, encrypt: 41c7aa6da1665eab307362296dd568d0, id_apl: APL01, key: RS pe
2026-04-28 11:11:02 - getOutlet.php - Aplikasi ditemukan: Ya
2026-04-28 11:11:02 - getOutlet.php - Key aplikasi: YbcJSFjkds...
2026-04-28 11:11:02 - getOutlet.php - Expected encrypt: 41c7aa6da1665eab307362296dd568d0
2026-04-28 11:11:02 - getOutlet.php - Received encrypt: 41c7aa6da1665eab307362296dd568d0
2026-04-28 11:11:02 - getOutlet.php - Authentication berhasil
2026-04-28 11:11:02 - getOutlet.php - Query: SELECT id_out, nama_out, '' AS alamat_out, ofcode_out
            FROM outlet 
            WHERE status_out IN ('Active', '1', 'active')
            AND (nama_out LIKE :key OR ofcode_out LIKE :key)
            ORDER BY nama_out ASC
            LIMIT 20
2026-04-28 11:11:02 - getOutlet.php - Query berhasil, mengembalikan 13 record
2026-04-28 11:11:02 - getOutlet.php - === END REQUEST ===
2026-04-28 04:11:02 - getOutlet.php - === REQUEST GETOUTLET ===
2026-04-28 04:11:02 - getOutlet.php - Method: POST
2026-04-28 04:11:02 - getOutlet.php - POST data: {"tgl":"2026-04-28","encrypt":"41c7aa6da1665eab307362296dd568d0","id_apl":"APL01","key":"RS pel"}
2026-04-28 11:11:02 - getOutlet.php - Params - tgl: 2026-04-28, encrypt: 41c7aa6da1665eab307362296dd568d0, id_apl: APL01, key: RS pel
2026-04-28 11:11:02 - getOutlet.php - Aplikasi ditemukan: Ya
2026-04-28 11:11:02 - getOutlet.php - Key aplikasi: YbcJSFjkds...
2026-04-28 11:11:02 - getOutlet.php - Expected encrypt: 41c7aa6da1665eab307362296dd568d0
2026-04-28 11:11:02 - getOutlet.php - Received encrypt: 41c7aa6da1665eab307362296dd568d0
2026-04-28 11:11:02 - getOutlet.php - Authentication berhasil
2026-04-28 11:11:02 - getOutlet.php - Query: SELECT id_out, nama_out, '' AS alamat_out, ofcode_out
            FROM outlet 
            WHERE status_out IN ('Active', '1', 'active')
            AND (nama_out LIKE :key OR ofcode_out LIKE :key)
            ORDER BY nama_out ASC
            LIMIT 20
2026-04-28 11:11:02 - getOutlet.php - Query berhasil, mengembalikan 2 record
2026-04-28 11:11:02 - getOutlet.php - === END REQUEST ===
2026-04-28 04:11:03 - getOutlet.php - === REQUEST GETOUTLET ===
2026-04-28 04:11:03 - getOutlet.php - Method: POST
2026-04-28 04:11:03 - getOutlet.php - POST data: {"tgl":"2026-04-28","encrypt":"41c7aa6da1665eab307362296dd568d0","id_apl":"APL01","key":"RS peln"}
2026-04-28 11:11:03 - getOutlet.php - Params - tgl: 2026-04-28, encrypt: 41c7aa6da1665eab307362296dd568d0, id_apl: APL01, key: RS peln
2026-04-28 11:11:03 - getOutlet.php - Aplikasi ditemukan: Ya
2026-04-28 11:11:03 - getOutlet.php - Key aplikasi: YbcJSFjkds...
2026-04-28 11:11:03 - getOutlet.php - Expected encrypt: 41c7aa6da1665eab307362296dd568d0
2026-04-28 11:11:03 - getOutlet.php - Received encrypt: 41c7aa6da1665eab307362296dd568d0
2026-04-28 11:11:03 - getOutlet.php - Authentication berhasil
2026-04-28 11:11:03 - getOutlet.php - Query: SELECT id_out, nama_out, '' AS alamat_out, ofcode_out
            FROM outlet 
            WHERE status_out IN ('Active', '1', 'active')
            AND (nama_out LIKE :key OR ofcode_out LIKE :key)
            ORDER BY nama_out ASC
            LIMIT 20
2026-04-28 11:11:03 - getOutlet.php - Query berhasil, mengembalikan 1 record
2026-04-28 11:11:03 - getOutlet.php - === END REQUEST ===
2026-04-28 04:11:03 - getOutlet.php - === REQUEST GETOUTLET ===
2026-04-28 04:11:03 - getOutlet.php - Method: POST
2026-04-28 04:11:03 - getOutlet.php - POST data: {"tgl":"2026-04-28","encrypt":"41c7aa6da1665eab307362296dd568d0","id_apl":"APL01","key":"RS pelni"}
2026-04-28 11:11:03 - getOutlet.php - Params - tgl: 2026-04-28, encrypt: 41c7aa6da1665eab307362296dd568d0, id_apl: APL01, key: RS pelni
2026-04-28 11:11:03 - getOutlet.php - Aplikasi ditemukan: Ya
2026-04-28 11:11:03 - getOutlet.php - Key aplikasi: YbcJSFjkds...
2026-04-28 11:11:03 - getOutlet.php - Expected encrypt: 41c7aa6da1665eab307362296dd568d0
2026-04-28 11:11:03 - getOutlet.php - Received encrypt: 41c7aa6da1665eab307362296dd568d0
2026-04-28 11:11:03 - getOutlet.php - Authentication berhasil
2026-04-28 11:11:03 - getOutlet.php - Query: SELECT id_out, nama_out, '' AS alamat_out, ofcode_out
            FROM outlet 
            WHERE status_out IN ('Active', '1', 'active')
            AND (nama_out LIKE :key OR ofcode_out LIKE :key)
            ORDER BY nama_out ASC
            LIMIT 20
2026-04-28 11:11:03 - getOutlet.php - Query berhasil, mengembalikan 1 record
2026-04-28 11:11:03 - getOutlet.php - === END REQUEST ===
2026-04-28 04:11:05 - getOutlet.php - === REQUEST GETOUTLET ===
2026-04-28 04:11:05 - getOutlet.php - Method: POST
2026-04-28 04:11:05 - getOutlet.php - POST data: {"tgl":"2026-04-28","encrypt":"41c7aa6da1665eab307362296dd568d0","id_apl":"APL01","key":"RS PELNI"}
2026-04-28 11:11:05 - getOutlet.php - Params - tgl: 2026-04-28, encrypt: 41c7aa6da1665eab307362296dd568d0, id_apl: APL01, key: RS PELNI
2026-04-28 11:11:05 - getOutlet.php - Aplikasi ditemukan: Ya
2026-04-28 11:11:05 - getOutlet.php - Key aplikasi: YbcJSFjkds...
2026-04-28 11:11:05 - getOutlet.php - Expected encrypt: 41c7aa6da1665eab307362296dd568d0
2026-04-28 11:11:05 - getOutlet.php - Received encrypt: 41c7aa6da1665eab307362296dd568d0
2026-04-28 11:11:05 - getOutlet.php - Authentication berhasil
2026-04-28 11:11:05 - getOutlet.php - Query: SELECT id_out, nama_out, '' AS alamat_out, ofcode_out
            FROM outlet 
            WHERE status_out IN ('Active', '1', 'active')
            AND (nama_out LIKE :key OR ofcode_out LIKE :key)
            ORDER BY nama_out ASC
            LIMIT 20
2026-04-28 11:11:05 - getOutlet.php - Query berhasil, mengembalikan 1 record
2026-04-28 11:11:05 - getOutlet.php - === END REQUEST ===
2026-04-28 04:11:14 - getOutlet.php - === REQUEST GETOUTLET ===
2026-04-28 04:11:14 - getOutlet.php - Method: POST
2026-04-28 04:11:14 - getOutlet.php - POST data: {"tgl":"2026-04-28","encrypt":"41c7aa6da1665eab307362296dd568d0","id_apl":"APL01","key":"RS PE"}
2026-04-28 11:11:14 - getOutlet.php - Params - tgl: 2026-04-28, encrypt: 41c7aa6da1665eab307362296dd568d0, id_apl: APL01, key: RS PE
2026-04-28 11:11:14 - getOutlet.php - Aplikasi ditemukan: Ya
2026-04-28 11:11:14 - getOutlet.php - Key aplikasi: YbcJSFjkds...
2026-04-28 11:11:14 - getOutlet.php - Expected encrypt: 41c7aa6da1665eab307362296dd568d0
2026-04-28 11:11:14 - getOutlet.php - Received encrypt: 41c7aa6da1665eab307362296dd568d0
2026-04-28 11:11:14 - getOutlet.php - Authentication berhasil
2026-04-28 11:11:14 - getOutlet.php - Query: SELECT id_out, nama_out, '' AS alamat_out, ofcode_out
            FROM outlet 
            WHERE status_out IN ('Active', '1', 'active')
            AND (nama_out LIKE :key OR ofcode_out LIKE :key)
            ORDER BY nama_out ASC
            LIMIT 20
2026-04-28 11:11:14 - getOutlet.php - Query berhasil, mengembalikan 13 record
2026-04-28 11:11:14 - getOutlet.php - === END REQUEST ===
2026-04-28 04:11:14 - getOutlet.php - === REQUEST GETOUTLET ===
2026-04-28 04:11:14 - getOutlet.php - Method: POST
2026-04-28 04:11:14 - getOutlet.php - POST data: {"tgl":"2026-04-28","encrypt":"41c7aa6da1665eab307362296dd568d0","id_apl":"APL01","key":"RS PELN"}
2026-04-28 11:11:14 - getOutlet.php - Params - tgl: 2026-04-28, encrypt: 41c7aa6da1665eab307362296dd568d0, id_apl: APL01, key: RS PELN
2026-04-28 11:11:14 - getOutlet.php - Aplikasi ditemukan: Ya
2026-04-28 11:11:14 - getOutlet.php - Key aplikasi: YbcJSFjkds...
2026-04-28 11:11:14 - getOutlet.php - Expected encrypt: 41c7aa6da1665eab307362296dd568d0
2026-04-28 11:11:14 - getOutlet.php - Received encrypt: 41c7aa6da1665eab307362296dd568d0
2026-04-28 11:11:14 - getOutlet.php - Authentication berhasil
2026-04-28 11:11:14 - getOutlet.php - Query: SELECT id_out, nama_out, '' AS alamat_out, ofcode_out
            FROM outlet 
            WHERE status_out IN ('Active', '1', 'active')
            AND (nama_out LIKE :key OR ofcode_out LIKE :key)
            ORDER BY nama_out ASC
            LIMIT 20
2026-04-28 11:11:14 - getOutlet.php - Query berhasil, mengembalikan 1 record
2026-04-28 11:11:14 - getOutlet.php - === END REQUEST ===
2026-04-28 04:11:14 - getOutlet.php - === REQUEST GETOUTLET ===
2026-04-28 04:11:14 - getOutlet.php - Method: POST
2026-04-28 04:11:14 - getOutlet.php - POST data: {"tgl":"2026-04-28","encrypt":"41c7aa6da1665eab307362296dd568d0","id_apl":"APL01","key":"RS PEL"}
2026-04-28 11:11:14 - getOutlet.php - Params - tgl: 2026-04-28, encrypt: 41c7aa6da1665eab307362296dd568d0, id_apl: APL01, key: RS PEL
2026-04-28 11:11:14 - getOutlet.php - Aplikasi ditemukan: Ya
2026-04-28 11:11:14 - getOutlet.php - Key aplikasi: YbcJSFjkds...
2026-04-28 11:11:14 - getOutlet.php - Expected encrypt: 41c7aa6da1665eab307362296dd568d0
2026-04-28 11:11:14 - getOutlet.php - Received encrypt: 41c7aa6da1665eab307362296dd568d0
2026-04-28 11:11:14 - getOutlet.php - Authentication berhasil
2026-04-28 11:11:14 - getOutlet.php - Query: SELECT id_out, nama_out, '' AS alamat_out, ofcode_out
            FROM outlet 
            WHERE status_out IN ('Active', '1', 'active')
            AND (nama_out LIKE :key OR ofcode_out LIKE :key)
            ORDER BY nama_out ASC
            LIMIT 20
2026-04-28 11:11:14 - getOutlet.php - Query berhasil, mengembalikan 2 record
2026-04-28 11:11:14 - getOutlet.php - === END REQUEST ===
2026-04-28 04:11:14 - getOutlet.php - === REQUEST GETOUTLET ===
2026-04-28 04:11:14 - getOutlet.php - Method: POST
2026-04-28 04:11:14 - getOutlet.php - === REQUEST GETOUTLET ===
2026-04-28 04:11:14 - getOutlet.php - POST data: {"tgl":"2026-04-28","encrypt":"41c7aa6da1665eab307362296dd568d0","id_apl":"APL01","key":"RS P"}
2026-04-28 04:11:14 - getOutlet.php - Method: POST
2026-04-28 04:11:14 - getOutlet.php - POST data: {"tgl":"2026-04-28","encrypt":"41c7aa6da1665eab307362296dd568d0","id_apl":"APL01","key":"RS"}
2026-04-28 11:11:14 - getOutlet.php - Params - tgl: 2026-04-28, encrypt: 41c7aa6da1665eab307362296dd568d0, id_apl: APL01, key: RS P
2026-04-28 11:11:14 - getOutlet.php - Params - tgl: 2026-04-28, encrypt: 41c7aa6da1665eab307362296dd568d0, id_apl: APL01, key: RS
2026-04-28 11:11:14 - getOutlet.php - Aplikasi ditemukan: Ya
2026-04-28 11:11:14 - getOutlet.php - Key aplikasi: YbcJSFjkds...
2026-04-28 11:11:14 - getOutlet.php - Expected encrypt: 41c7aa6da1665eab307362296dd568d0
2026-04-28 11:11:14 - getOutlet.php - Received encrypt: 41c7aa6da1665eab307362296dd568d0
2026-04-28 11:11:14 - getOutlet.php - Authentication berhasil
2026-04-28 11:11:14 - getOutlet.php - Aplikasi ditemukan: Ya
2026-04-28 11:11:14 - getOutlet.php - Key aplikasi: YbcJSFjkds...
2026-04-28 11:11:14 - getOutlet.php - Expected encrypt: 41c7aa6da1665eab307362296dd568d0
2026-04-28 11:11:14 - getOutlet.php - Received encrypt: 41c7aa6da1665eab307362296dd568d0
2026-04-28 11:11:14 - getOutlet.php - Authentication berhasil
2026-04-28 11:11:14 - getOutlet.php - Query: SELECT id_out, nama_out, '' AS alamat_out, ofcode_out
            FROM outlet 
            WHERE status_out IN ('Active', '1', 'active')
            AND (nama_out LIKE :key OR ofcode_out LIKE :key)
            ORDER BY nama_out ASC
            LIMIT 20
2026-04-28 11:11:14 - getOutlet.php - Query berhasil, mengembalikan 20 record
2026-04-28 11:11:14 - getOutlet.php - === END REQUEST ===
2026-04-28 11:11:14 - getOutlet.php - Query: SELECT id_out, nama_out, '' AS alamat_out, ofcode_out
            FROM outlet 
            WHERE status_out IN ('Active', '1', 'active')
            AND (nama_out LIKE :key OR ofcode_out LIKE :key)
            ORDER BY nama_out ASC
            LIMIT 20
2026-04-28 11:11:14 - getOutlet.php - Query berhasil, mengembalikan 20 record
2026-04-28 11:11:14 - getOutlet.php - === END REQUEST ===
2026-04-28 04:11:14 - getOutlet.php - === REQUEST GETOUTLET ===
2026-04-28 04:11:14 - getOutlet.php - Method: POST
2026-04-28 04:11:14 - getOutlet.php - POST data: {"tgl":"2026-04-28","encrypt":"41c7aa6da1665eab307362296dd568d0","id_apl":"APL01","key":"RS"}
2026-04-28 11:11:14 - getOutlet.php - Params - tgl: 2026-04-28, encrypt: 41c7aa6da1665eab307362296dd568d0, id_apl: APL01, key: RS
2026-04-28 11:11:14 - getOutlet.php - Aplikasi ditemukan: Ya
2026-04-28 11:11:14 - getOutlet.php - Key aplikasi: YbcJSFjkds...
2026-04-28 11:11:14 - getOutlet.php - Expected encrypt: 41c7aa6da1665eab307362296dd568d0
2026-04-28 11:11:14 - getOutlet.php - Received encrypt: 41c7aa6da1665eab307362296dd568d0
2026-04-28 11:11:14 - getOutlet.php - Authentication berhasil
2026-04-28 11:11:14 - getOutlet.php - Query: SELECT id_out, nama_out, '' AS alamat_out, ofcode_out
            FROM outlet 
            WHERE status_out IN ('Active', '1', 'active')
            AND (nama_out LIKE :key OR ofcode_out LIKE :key)
            ORDER BY nama_out ASC
            LIMIT 20
2026-04-28 11:11:14 - getOutlet.php - Query berhasil, mengembalikan 20 record
2026-04-28 11:11:14 - getOutlet.php - === END REQUEST ===
2026-04-28 04:11:16 - getOutlet.php - === REQUEST GETOUTLET ===
2026-04-28 04:11:16 - getOutlet.php - Method: POST
2026-04-28 04:11:16 - getOutlet.php - POST data: {"tgl":"2026-04-28","encrypt":"41c7aa6da1665eab307362296dd568d0","id_apl":"APL01","key":"Rs"}
2026-04-28 11:11:16 - getOutlet.php - Params - tgl: 2026-04-28, encrypt: 41c7aa6da1665eab307362296dd568d0, id_apl: APL01, key: Rs
2026-04-28 11:11:16 - getOutlet.php - Aplikasi ditemukan: Ya
2026-04-28 11:11:16 - getOutlet.php - Key aplikasi: YbcJSFjkds...
2026-04-28 11:11:16 - getOutlet.php - Expected encrypt: 41c7aa6da1665eab307362296dd568d0
2026-04-28 11:11:16 - getOutlet.php - Received encrypt: 41c7aa6da1665eab307362296dd568d0
2026-04-28 11:11:16 - getOutlet.php - Authentication berhasil
2026-04-28 11:11:16 - getOutlet.php - Query: SELECT id_out, nama_out, '' AS alamat_out, ofcode_out
            FROM outlet 
            WHERE status_out IN ('Active', '1', 'active')
            AND (nama_out LIKE :key OR ofcode_out LIKE :key)
            ORDER BY nama_out ASC
            LIMIT 20
2026-04-28 11:11:16 - getOutlet.php - Query berhasil, mengembalikan 20 record
2026-04-28 11:11:16 - getOutlet.php - === END REQUEST ===
2026-04-28 04:11:16 - getOutlet.php - === REQUEST GETOUTLET ===
2026-04-28 04:11:16 - getOutlet.php - Method: POST
2026-04-28 04:11:16 - getOutlet.php - POST data: {"tgl":"2026-04-28","encrypt":"41c7aa6da1665eab307362296dd568d0","id_apl":"APL01","key":"Rs"}
2026-04-28 11:11:16 - getOutlet.php - Params - tgl: 2026-04-28, encrypt: 41c7aa6da1665eab307362296dd568d0, id_apl: APL01, key: Rs
2026-04-28 11:11:16 - getOutlet.php - Aplikasi ditemukan: Ya
2026-04-28 11:11:16 - getOutlet.php - Key aplikasi: YbcJSFjkds...
2026-04-28 11:11:16 - getOutlet.php - Expected encrypt: 41c7aa6da1665eab307362296dd568d0
2026-04-28 11:11:16 - getOutlet.php - Received encrypt: 41c7aa6da1665eab307362296dd568d0
2026-04-28 11:11:16 - getOutlet.php - Authentication berhasil
2026-04-28 11:11:16 - getOutlet.php - Query: SELECT id_out, nama_out, '' AS alamat_out, ofcode_out
            FROM outlet 
            WHERE status_out IN ('Active', '1', 'active')
            AND (nama_out LIKE :key OR ofcode_out LIKE :key)
            ORDER BY nama_out ASC
            LIMIT 20
2026-04-28 11:11:16 - getOutlet.php - Query berhasil, mengembalikan 20 record
2026-04-28 11:11:16 - getOutlet.php - === END REQUEST ===
2026-04-28 04:11:17 - getOutlet.php - === REQUEST GETOUTLET ===
2026-04-28 04:11:17 - getOutlet.php - Method: POST
2026-04-28 04:11:17 - getOutlet.php - POST data: {"tgl":"2026-04-28","encrypt":"41c7aa6da1665eab307362296dd568d0","id_apl":"APL01","key":"Rs p"}
2026-04-28 11:11:17 - getOutlet.php - Params - tgl: 2026-04-28, encrypt: 41c7aa6da1665eab307362296dd568d0, id_apl: APL01, key: Rs p
2026-04-28 11:11:17 - getOutlet.php - Aplikasi ditemukan: Ya
2026-04-28 11:11:17 - getOutlet.php - Key aplikasi: YbcJSFjkds...
2026-04-28 11:11:17 - getOutlet.php - Expected encrypt: 41c7aa6da1665eab307362296dd568d0
2026-04-28 11:11:17 - getOutlet.php - Received encrypt: 41c7aa6da1665eab307362296dd568d0
2026-04-28 11:11:17 - getOutlet.php - Authentication berhasil
2026-04-28 11:11:17 - getOutlet.php - Query: SELECT id_out, nama_out, '' AS alamat_out, ofcode_out
            FROM outlet 
            WHERE status_out IN ('Active', '1', 'active')
            AND (nama_out LIKE :key OR ofcode_out LIKE :key)
            ORDER BY nama_out ASC
            LIMIT 20
2026-04-28 11:11:17 - getOutlet.php - Query berhasil, mengembalikan 20 record
2026-04-28 11:11:17 - getOutlet.php - === END REQUEST ===
2026-04-28 04:11:17 - getOutlet.php - === REQUEST GETOUTLET ===
2026-04-28 04:11:17 - getOutlet.php - Method: POST
2026-04-28 04:11:17 - getOutlet.php - POST data: {"tgl":"2026-04-28","encrypt":"41c7aa6da1665eab307362296dd568d0","id_apl":"APL01","key":"Rs pe"}
2026-04-28 11:11:17 - getOutlet.php - Params - tgl: 2026-04-28, encrypt: 41c7aa6da1665eab307362296dd568d0, id_apl: APL01, key: Rs pe
2026-04-28 11:11:18 - getOutlet.php - Aplikasi ditemukan: Ya
2026-04-28 11:11:18 - getOutlet.php - Key aplikasi: YbcJSFjkds...
2026-04-28 11:11:18 - getOutlet.php - Expected encrypt: 41c7aa6da1665eab307362296dd568d0
2026-04-28 11:11:18 - getOutlet.php - Received encrypt: 41c7aa6da1665eab307362296dd568d0
2026-04-28 11:11:18 - getOutlet.php - Authentication berhasil
2026-04-28 11:11:18 - getOutlet.php - Query: SELECT id_out, nama_out, '' AS alamat_out, ofcode_out
            FROM outlet 
            WHERE status_out IN ('Active', '1', 'active')
            AND (nama_out LIKE :key OR ofcode_out LIKE :key)
            ORDER BY nama_out ASC
            LIMIT 20
2026-04-28 11:11:18 - getOutlet.php - Query berhasil, mengembalikan 13 record
2026-04-28 11:11:18 - getOutlet.php - === END REQUEST ===
2026-04-28 04:11:18 - getOutlet.php - === REQUEST GETOUTLET ===
2026-04-28 04:11:18 - getOutlet.php - Method: POST
2026-04-28 04:11:18 - getOutlet.php - POST data: {"tgl":"2026-04-28","encrypt":"41c7aa6da1665eab307362296dd568d0","id_apl":"APL01","key":"Rs pel"}
2026-04-28 11:11:18 - getOutlet.php - Params - tgl: 2026-04-28, encrypt: 41c7aa6da1665eab307362296dd568d0, id_apl: APL01, key: Rs pel
2026-04-28 11:11:18 - getOutlet.php - Aplikasi ditemukan: Ya
2026-04-28 11:11:18 - getOutlet.php - Key aplikasi: YbcJSFjkds...
2026-04-28 11:11:18 - getOutlet.php - Expected encrypt: 41c7aa6da1665eab307362296dd568d0
2026-04-28 11:11:18 - getOutlet.php - Received encrypt: 41c7aa6da1665eab307362296dd568d0
2026-04-28 11:11:18 - getOutlet.php - Authentication berhasil
2026-04-28 11:11:18 - getOutlet.php - Query: SELECT id_out, nama_out, '' AS alamat_out, ofcode_out
            FROM outlet 
            WHERE status_out IN ('Active', '1', 'active')
            AND (nama_out LIKE :key OR ofcode_out LIKE :key)
            ORDER BY nama_out ASC
            LIMIT 20
2026-04-28 11:11:18 - getOutlet.php - Query berhasil, mengembalikan 2 record
2026-04-28 11:11:18 - getOutlet.php - === END REQUEST ===
2026-04-28 04:11:20 - getOutlet.php - === REQUEST GETOUTLET ===
2026-04-28 04:11:20 - getOutlet.php - Method: POST
2026-04-28 04:11:20 - getOutlet.php - POST data: {"tgl":"2026-04-28","encrypt":"41c7aa6da1665eab307362296dd568d0","id_apl":"APL01","key":"RS PELNI"}
2026-04-28 11:11:20 - getOutlet.php - Params - tgl: 2026-04-28, encrypt: 41c7aa6da1665eab307362296dd568d0, id_apl: APL01, key: RS PELNI
2026-04-28 11:11:20 - getOutlet.php - Aplikasi ditemukan: Ya
2026-04-28 11:11:20 - getOutlet.php - Key aplikasi: YbcJSFjkds...
2026-04-28 11:11:20 - getOutlet.php - Expected encrypt: 41c7aa6da1665eab307362296dd568d0
2026-04-28 11:11:20 - getOutlet.php - Received encrypt: 41c7aa6da1665eab307362296dd568d0
2026-04-28 11:11:20 - getOutlet.php - Authentication berhasil
2026-04-28 11:11:20 - getOutlet.php - Query: SELECT id_out, nama_out, '' AS alamat_out, ofcode_out
            FROM outlet 
            WHERE status_out IN ('Active', '1', 'active')
            AND (nama_out LIKE :key OR ofcode_out LIKE :key)
            ORDER BY nama_out ASC
            LIMIT 20
2026-04-28 11:11:20 - getOutlet.php - Query berhasil, mengembalikan 1 record
2026-04-28 11:11:20 - getOutlet.php - === END REQUEST ===
2026-04-28 04:11:40 - getOutlet.php - === REQUEST GETOUTLET ===
2026-04-28 04:11:40 - getOutlet.php - Method: POST
2026-04-28 04:11:40 - getOutlet.php - POST data: {"tgl":"2026-04-28","encrypt":"41c7aa6da1665eab307362296dd568d0","id_apl":"APL01","key":"Rs"}
2026-04-28 11:11:40 - getOutlet.php - Params - tgl: 2026-04-28, encrypt: 41c7aa6da1665eab307362296dd568d0, id_apl: APL01, key: Rs
2026-04-28 04:11:40 - getOutlet.php - === REQUEST GETOUTLET ===
2026-04-28 04:11:40 - getOutlet.php - Method: POST
2026-04-28 04:11:40 - getOutlet.php - POST data: {"tgl":"2026-04-28","encrypt":"41c7aa6da1665eab307362296dd568d0","id_apl":"APL01","key":"Rs"}
2026-04-28 11:11:40 - getOutlet.php - Params - tgl: 2026-04-28, encrypt: 41c7aa6da1665eab307362296dd568d0, id_apl: APL01, key: Rs
2026-04-28 11:11:40 - getOutlet.php - Aplikasi ditemukan: Ya
2026-04-28 11:11:40 - getOutlet.php - Key aplikasi: YbcJSFjkds...
2026-04-28 11:11:40 - getOutlet.php - Expected encrypt: 41c7aa6da1665eab307362296dd568d0
2026-04-28 11:11:40 - getOutlet.php - Received encrypt: 41c7aa6da1665eab307362296dd568d0
2026-04-28 11:11:40 - getOutlet.php - Authentication berhasil
2026-04-28 11:11:40 - getOutlet.php - Query: SELECT id_out, nama_out, '' AS alamat_out, ofcode_out
            FROM outlet 
            WHERE status_out IN ('Active', '1', 'active')
            AND (nama_out LIKE :key OR ofcode_out LIKE :key)
            ORDER BY nama_out ASC
            LIMIT 20
2026-04-28 11:11:40 - getOutlet.php - Aplikasi ditemukan: Ya
2026-04-28 11:11:40 - getOutlet.php - Key aplikasi: YbcJSFjkds...
2026-04-28 11:11:40 - getOutlet.php - Expected encrypt: 41c7aa6da1665eab307362296dd568d0
2026-04-28 11:11:40 - getOutlet.php - Received encrypt: 41c7aa6da1665eab307362296dd568d0
2026-04-28 11:11:40 - getOutlet.php - Query berhasil, mengembalikan 20 record
2026-04-28 11:11:40 - getOutlet.php - Authentication berhasil
2026-04-28 11:11:40 - getOutlet.php - === END REQUEST ===
2026-04-28 11:11:40 - getOutlet.php - Query: SELECT id_out, nama_out, '' AS alamat_out, ofcode_out
            FROM outlet 
            WHERE status_out IN ('Active', '1', 'active')
            AND (nama_out LIKE :key OR ofcode_out LIKE :key)
            ORDER BY nama_out ASC
            LIMIT 20
2026-04-28 11:11:40 - getOutlet.php - Query berhasil, mengembalikan 20 record
2026-04-28 11:11:40 - getOutlet.php - === END REQUEST ===
2026-04-28 04:11:41 - getOutlet.php - === REQUEST GETOUTLET ===
2026-04-28 04:11:41 - getOutlet.php - Method: POST
2026-04-28 04:11:41 - getOutlet.php - POST data: {"tgl":"2026-04-28","encrypt":"41c7aa6da1665eab307362296dd568d0","id_apl":"APL01","key":"Rs p"}
2026-04-28 11:11:41 - getOutlet.php - Params - tgl: 2026-04-28, encrypt: 41c7aa6da1665eab307362296dd568d0, id_apl: APL01, key: Rs p
2026-04-28 11:11:41 - getOutlet.php - Aplikasi ditemukan: Ya
2026-04-28 11:11:41 - getOutlet.php - Key aplikasi: YbcJSFjkds...
2026-04-28 11:11:41 - getOutlet.php - Expected encrypt: 41c7aa6da1665eab307362296dd568d0
2026-04-28 11:11:41 - getOutlet.php - Received encrypt: 41c7aa6da1665eab307362296dd568d0
2026-04-28 11:11:41 - getOutlet.php - Authentication berhasil
2026-04-28 11:11:41 - getOutlet.php - Query: SELECT id_out, nama_out, '' AS alamat_out, ofcode_out
            FROM outlet 
            WHERE status_out IN ('Active', '1', 'active')
            AND (nama_out LIKE :key OR ofcode_out LIKE :key)
            ORDER BY nama_out ASC
            LIMIT 20
2026-04-28 11:11:41 - getOutlet.php - Query berhasil, mengembalikan 20 record
2026-04-28 11:11:41 - getOutlet.php - === END REQUEST ===
2026-04-28 04:11:42 - getOutlet.php - === REQUEST GETOUTLET ===
2026-04-28 04:11:42 - getOutlet.php - Method: POST
2026-04-28 04:11:42 - getOutlet.php - POST data: {"tgl":"2026-04-28","encrypt":"41c7aa6da1665eab307362296dd568d0","id_apl":"APL01","key":"Rs pe"}
2026-04-28 11:11:42 - getOutlet.php - Params - tgl: 2026-04-28, encrypt: 41c7aa6da1665eab307362296dd568d0, id_apl: APL01, key: Rs pe
2026-04-28 11:11:42 - getOutlet.php - Aplikasi ditemukan: Ya
2026-04-28 11:11:42 - getOutlet.php - Key aplikasi: YbcJSFjkds...
2026-04-28 11:11:42 - getOutlet.php - Expected encrypt: 41c7aa6da1665eab307362296dd568d0
2026-04-28 11:11:42 - getOutlet.php - Received encrypt: 41c7aa6da1665eab307362296dd568d0
2026-04-28 11:11:42 - getOutlet.php - Authentication berhasil
2026-04-28 11:11:42 - getOutlet.php - Query: SELECT id_out, nama_out, '' AS alamat_out, ofcode_out
            FROM outlet 
            WHERE status_out IN ('Active', '1', 'active')
            AND (nama_out LIKE :key OR ofcode_out LIKE :key)
            ORDER BY nama_out ASC
            LIMIT 20
2026-04-28 11:11:42 - getOutlet.php - Query berhasil, mengembalikan 13 record
2026-04-28 11:11:42 - getOutlet.php - === END REQUEST ===
2026-04-28 04:11:42 - getOutlet.php - === REQUEST GETOUTLET ===
2026-04-28 04:11:42 - getOutlet.php - Method: POST
2026-04-28 04:11:42 - getOutlet.php - POST data: {"tgl":"2026-04-28","encrypt":"41c7aa6da1665eab307362296dd568d0","id_apl":"APL01","key":"Rs pel"}
2026-04-28 11:11:42 - getOutlet.php - Params - tgl: 2026-04-28, encrypt: 41c7aa6da1665eab307362296dd568d0, id_apl: APL01, key: Rs pel
2026-04-28 11:11:42 - getOutlet.php - Aplikasi ditemukan: Ya
2026-04-28 11:11:42 - getOutlet.php - Key aplikasi: YbcJSFjkds...
2026-04-28 11:11:42 - getOutlet.php - Expected encrypt: 41c7aa6da1665eab307362296dd568d0
2026-04-28 11:11:42 - getOutlet.php - Received encrypt: 41c7aa6da1665eab307362296dd568d0
2026-04-28 11:11:42 - getOutlet.php - Authentication berhasil
2026-04-28 11:11:42 - getOutlet.php - Query: SELECT id_out, nama_out, '' AS alamat_out, ofcode_out
            FROM outlet 
            WHERE status_out IN ('Active', '1', 'active')
            AND (nama_out LIKE :key OR ofcode_out LIKE :key)
            ORDER BY nama_out ASC
            LIMIT 20
2026-04-28 11:11:42 - getOutlet.php - Query berhasil, mengembalikan 2 record
2026-04-28 11:11:42 - getOutlet.php - === END REQUEST ===
2026-04-28 04:11:44 - getOutlet.php - === REQUEST GETOUTLET ===
2026-04-28 04:11:44 - getOutlet.php - Method: POST
2026-04-28 04:11:44 - getOutlet.php - POST data: {"tgl":"2026-04-28","encrypt":"41c7aa6da1665eab307362296dd568d0","id_apl":"APL01","key":"RS PELNI"}
2026-04-28 11:11:44 - getOutlet.php - Params - tgl: 2026-04-28, encrypt: 41c7aa6da1665eab307362296dd568d0, id_apl: APL01, key: RS PELNI
2026-04-28 11:11:44 - getOutlet.php - Aplikasi ditemukan: Ya
2026-04-28 11:11:44 - getOutlet.php - Key aplikasi: YbcJSFjkds...
2026-04-28 11:11:44 - getOutlet.php - Expected encrypt: 41c7aa6da1665eab307362296dd568d0
2026-04-28 11:11:44 - getOutlet.php - Received encrypt: 41c7aa6da1665eab307362296dd568d0
2026-04-28 11:11:44 - getOutlet.php - Authentication berhasil
2026-04-28 11:11:44 - getOutlet.php - Query: SELECT id_out, nama_out, '' AS alamat_out, ofcode_out
            FROM outlet 
            WHERE status_out IN ('Active', '1', 'active')
            AND (nama_out LIKE :key OR ofcode_out LIKE :key)
            ORDER BY nama_out ASC
            LIMIT 20
2026-04-28 11:11:44 - getOutlet.php - Query berhasil, mengembalikan 1 record
2026-04-28 11:11:44 - getOutlet.php - === END REQUEST ===
2026-04-28 04:12:03 - getOutlet.php - === REQUEST GETOUTLET ===
2026-04-28 04:12:03 - getOutlet.php - Method: POST
2026-04-28 04:12:03 - getOutlet.php - POST data: {"tgl":"2026-04-28","encrypt":"41c7aa6da1665eab307362296dd568d0","id_apl":"APL01","key":"Rs"}
2026-04-28 11:12:03 - getOutlet.php - Params - tgl: 2026-04-28, encrypt: 41c7aa6da1665eab307362296dd568d0, id_apl: APL01, key: Rs
2026-04-28 11:12:03 - getOutlet.php - Aplikasi ditemukan: Ya
2026-04-28 11:12:03 - getOutlet.php - Key aplikasi: YbcJSFjkds...
2026-04-28 11:12:03 - getOutlet.php - Expected encrypt: 41c7aa6da1665eab307362296dd568d0
2026-04-28 11:12:03 - getOutlet.php - Received encrypt: 41c7aa6da1665eab307362296dd568d0
2026-04-28 11:12:03 - getOutlet.php - Authentication berhasil
2026-04-28 11:12:03 - getOutlet.php - Query: SELECT id_out, nama_out, '' AS alamat_out, ofcode_out
            FROM outlet 
            WHERE status_out IN ('Active', '1', 'active')
            AND (nama_out LIKE :key OR ofcode_out LIKE :key)
            ORDER BY nama_out ASC
            LIMIT 20
2026-04-28 11:12:03 - getOutlet.php - Query berhasil, mengembalikan 20 record
2026-04-28 11:12:03 - getOutlet.php - === END REQUEST ===
2026-04-28 04:12:03 - getOutlet.php - === REQUEST GETOUTLET ===
2026-04-28 04:12:03 - getOutlet.php - Method: POST
2026-04-28 04:12:03 - getOutlet.php - POST data: {"tgl":"2026-04-28","encrypt":"41c7aa6da1665eab307362296dd568d0","id_apl":"APL01","key":"RS"}
2026-04-28 11:12:03 - getOutlet.php - Params - tgl: 2026-04-28, encrypt: 41c7aa6da1665eab307362296dd568d0, id_apl: APL01, key: RS
2026-04-28 11:12:04 - getOutlet.php - Aplikasi ditemukan: Ya
2026-04-28 11:12:04 - getOutlet.php - Key aplikasi: YbcJSFjkds...
2026-04-28 11:12:04 - getOutlet.php - Expected encrypt: 41c7aa6da1665eab307362296dd568d0
2026-04-28 11:12:04 - getOutlet.php - Received encrypt: 41c7aa6da1665eab307362296dd568d0
2026-04-28 11:12:04 - getOutlet.php - Authentication berhasil
2026-04-28 11:12:04 - getOutlet.php - Query: SELECT id_out, nama_out, '' AS alamat_out, ofcode_out
            FROM outlet 
            WHERE status_out IN ('Active', '1', 'active')
            AND (nama_out LIKE :key OR ofcode_out LIKE :key)
            ORDER BY nama_out ASC
            LIMIT 20
2026-04-28 11:12:04 - getOutlet.php - Query berhasil, mengembalikan 20 record
2026-04-28 11:12:04 - getOutlet.php - === END REQUEST ===
2026-04-28 04:12:04 - getOutlet.php - === REQUEST GETOUTLET ===
2026-04-28 04:12:04 - getOutlet.php - Method: POST
2026-04-28 04:12:04 - getOutlet.php - POST data: {"tgl":"2026-04-28","encrypt":"41c7aa6da1665eab307362296dd568d0","id_apl":"APL01","key":"RS pe"}
2026-04-28 11:12:04 - getOutlet.php - Params - tgl: 2026-04-28, encrypt: 41c7aa6da1665eab307362296dd568d0, id_apl: APL01, key: RS pe
2026-04-28 04:12:04 - getOutlet.php - === REQUEST GETOUTLET ===
2026-04-28 04:12:04 - getOutlet.php - Method: POST
2026-04-28 04:12:04 - getOutlet.php - POST data: {"tgl":"2026-04-28","encrypt":"41c7aa6da1665eab307362296dd568d0","id_apl":"APL01","key":"RS p"}
2026-04-28 11:12:04 - getOutlet.php - Params - tgl: 2026-04-28, encrypt: 41c7aa6da1665eab307362296dd568d0, id_apl: APL01, key: RS p
2026-04-28 11:12:04 - getOutlet.php - Aplikasi ditemukan: Ya
2026-04-28 11:12:04 - getOutlet.php - Key aplikasi: YbcJSFjkds...
2026-04-28 11:12:04 - getOutlet.php - Expected encrypt: 41c7aa6da1665eab307362296dd568d0
2026-04-28 11:12:04 - getOutlet.php - Received encrypt: 41c7aa6da1665eab307362296dd568d0
2026-04-28 11:12:04 - getOutlet.php - Authentication berhasil
2026-04-28 11:12:04 - getOutlet.php - Query: SELECT id_out, nama_out, '' AS alamat_out, ofcode_out
            FROM outlet 
            WHERE status_out IN ('Active', '1', 'active')
            AND (nama_out LIKE :key OR ofcode_out LIKE :key)
            ORDER BY nama_out ASC
            LIMIT 20
2026-04-28 11:12:04 - getOutlet.php - Query berhasil, mengembalikan 13 record
2026-04-28 11:12:04 - getOutlet.php - === END REQUEST ===
2026-04-28 11:12:04 - getOutlet.php - Aplikasi ditemukan: Ya
2026-04-28 11:12:04 - getOutlet.php - Key aplikasi: YbcJSFjkds...
2026-04-28 11:12:04 - getOutlet.php - Expected encrypt: 41c7aa6da1665eab307362296dd568d0
2026-04-28 11:12:04 - getOutlet.php - Received encrypt: 41c7aa6da1665eab307362296dd568d0
2026-04-28 11:12:04 - getOutlet.php - Authentication berhasil
2026-04-28 11:12:04 - getOutlet.php - Query: SELECT id_out, nama_out, '' AS alamat_out, ofcode_out
            FROM outlet 
            WHERE status_out IN ('Active', '1', 'active')
            AND (nama_out LIKE :key OR ofcode_out LIKE :key)
            ORDER BY nama_out ASC
            LIMIT 20
2026-04-28 11:12:04 - getOutlet.php - Query berhasil, mengembalikan 20 record
2026-04-28 11:12:04 - getOutlet.php - === END REQUEST ===
2026-04-28 04:12:05 - getOutlet.php - === REQUEST GETOUTLET ===
2026-04-28 04:12:05 - getOutlet.php - Method: POST
2026-04-28 04:12:05 - getOutlet.php - POST data: {"tgl":"2026-04-28","encrypt":"41c7aa6da1665eab307362296dd568d0","id_apl":"APL01","key":"RS peln"}
2026-04-28 11:12:05 - getOutlet.php - Params - tgl: 2026-04-28, encrypt: 41c7aa6da1665eab307362296dd568d0, id_apl: APL01, key: RS peln
2026-04-28 11:12:05 - getOutlet.php - Aplikasi ditemukan: Ya
2026-04-28 11:12:05 - getOutlet.php - Key aplikasi: YbcJSFjkds...
2026-04-28 11:12:05 - getOutlet.php - Expected encrypt: 41c7aa6da1665eab307362296dd568d0
2026-04-28 11:12:05 - getOutlet.php - Received encrypt: 41c7aa6da1665eab307362296dd568d0
2026-04-28 11:12:05 - getOutlet.php - Authentication berhasil
2026-04-28 11:12:05 - getOutlet.php - Query: SELECT id_out, nama_out, '' AS alamat_out, ofcode_out
            FROM outlet 
            WHERE status_out IN ('Active', '1', 'active')
            AND (nama_out LIKE :key OR ofcode_out LIKE :key)
            ORDER BY nama_out ASC
            LIMIT 20
2026-04-28 11:12:05 - getOutlet.php - Query berhasil, mengembalikan 1 record
2026-04-28 11:12:05 - getOutlet.php - === END REQUEST ===
2026-04-28 04:12:05 - getOutlet.php - === REQUEST GETOUTLET ===
2026-04-28 04:12:05 - getOutlet.php - Method: POST
2026-04-28 04:12:05 - getOutlet.php - POST data: {"tgl":"2026-04-28","encrypt":"41c7aa6da1665eab307362296dd568d0","id_apl":"APL01","key":"RS pelni"}
2026-04-28 11:12:05 - getOutlet.php - Params - tgl: 2026-04-28, encrypt: 41c7aa6da1665eab307362296dd568d0, id_apl: APL01, key: RS pelni
2026-04-28 11:12:05 - getOutlet.php - Aplikasi ditemukan: Ya
2026-04-28 11:12:05 - getOutlet.php - Key aplikasi: YbcJSFjkds...
2026-04-28 11:12:05 - getOutlet.php - Expected encrypt: 41c7aa6da1665eab307362296dd568d0
2026-04-28 11:12:05 - getOutlet.php - Received encrypt: 41c7aa6da1665eab307362296dd568d0
2026-04-28 11:12:05 - getOutlet.php - Authentication berhasil
2026-04-28 11:12:05 - getOutlet.php - Query: SELECT id_out, nama_out, '' AS alamat_out, ofcode_out
            FROM outlet 
            WHERE status_out IN ('Active', '1', 'active')
            AND (nama_out LIKE :key OR ofcode_out LIKE :key)
            ORDER BY nama_out ASC
            LIMIT 20
2026-04-28 11:12:05 - getOutlet.php - Query berhasil, mengembalikan 1 record
2026-04-28 11:12:05 - getOutlet.php - === END REQUEST ===
2026-04-28 04:12:05 - getOutlet.php - === REQUEST GETOUTLET ===
2026-04-28 04:12:05 - getOutlet.php - Method: POST
2026-04-28 04:12:05 - getOutlet.php - POST data: {"tgl":"2026-04-28","encrypt":"41c7aa6da1665eab307362296dd568d0","id_apl":"APL01","key":"RS pel"}
2026-04-28 11:12:05 - getOutlet.php - Params - tgl: 2026-04-28, encrypt: 41c7aa6da1665eab307362296dd568d0, id_apl: APL01, key: RS pel
2026-04-28 11:12:05 - getOutlet.php - Aplikasi ditemukan: Ya
2026-04-28 11:12:05 - getOutlet.php - Key aplikasi: YbcJSFjkds...
2026-04-28 11:12:05 - getOutlet.php - Expected encrypt: 41c7aa6da1665eab307362296dd568d0
2026-04-28 11:12:05 - getOutlet.php - Received encrypt: 41c7aa6da1665eab307362296dd568d0
2026-04-28 11:12:05 - getOutlet.php - Authentication berhasil
2026-04-28 11:12:05 - getOutlet.php - Query: SELECT id_out, nama_out, '' AS alamat_out, ofcode_out
            FROM outlet 
            WHERE status_out IN ('Active', '1', 'active')
            AND (nama_out LIKE :key OR ofcode_out LIKE :key)
            ORDER BY nama_out ASC
            LIMIT 20
2026-04-28 11:12:05 - getOutlet.php - Query berhasil, mengembalikan 2 record
2026-04-28 11:12:05 - getOutlet.php - === END REQUEST ===
2026-04-28 04:12:07 - getOutlet.php - === REQUEST GETOUTLET ===
2026-04-28 04:12:07 - getOutlet.php - Method: POST
2026-04-28 04:12:07 - getOutlet.php - POST data: {"tgl":"2026-04-28","encrypt":"41c7aa6da1665eab307362296dd568d0","id_apl":"APL01","key":"RS PELNI"}
2026-04-28 11:12:07 - getOutlet.php - Params - tgl: 2026-04-28, encrypt: 41c7aa6da1665eab307362296dd568d0, id_apl: APL01, key: RS PELNI
2026-04-28 11:12:07 - getOutlet.php - Aplikasi ditemukan: Ya
2026-04-28 11:12:07 - getOutlet.php - Key aplikasi: YbcJSFjkds...
2026-04-28 11:12:07 - getOutlet.php - Expected encrypt: 41c7aa6da1665eab307362296dd568d0
2026-04-28 11:12:07 - getOutlet.php - Received encrypt: 41c7aa6da1665eab307362296dd568d0
2026-04-28 11:12:07 - getOutlet.php - Authentication berhasil
2026-04-28 11:12:07 - getOutlet.php - Query: SELECT id_out, nama_out, '' AS alamat_out, ofcode_out
            FROM outlet 
            WHERE status_out IN ('Active', '1', 'active')
            AND (nama_out LIKE :key OR ofcode_out LIKE :key)
            ORDER BY nama_out ASC
            LIMIT 20
2026-04-28 11:12:07 - getOutlet.php - Query berhasil, mengembalikan 1 record
2026-04-28 11:12:07 - getOutlet.php - === END REQUEST ===
2026-04-28 04:12:40 - getOutlet.php - === REQUEST GETOUTLET ===
2026-04-28 04:12:40 - getOutlet.php - Method: POST
2026-04-28 04:12:40 - getOutlet.php - POST data: {"tgl":"2026-04-28","encrypt":"41c7aa6da1665eab307362296dd568d0","id_apl":"APL01","key":"Rs"}
2026-04-28 11:12:40 - getOutlet.php - Params - tgl: 2026-04-28, encrypt: 41c7aa6da1665eab307362296dd568d0, id_apl: APL01, key: Rs
2026-04-28 11:12:40 - getOutlet.php - Aplikasi ditemukan: Ya
2026-04-28 11:12:40 - getOutlet.php - Key aplikasi: YbcJSFjkds...
2026-04-28 11:12:40 - getOutlet.php - Expected encrypt: 41c7aa6da1665eab307362296dd568d0
2026-04-28 11:12:40 - getOutlet.php - Received encrypt: 41c7aa6da1665eab307362296dd568d0
2026-04-28 11:12:40 - getOutlet.php - Authentication berhasil
2026-04-28 11:12:40 - getOutlet.php - Query: SELECT id_out, nama_out, '' AS alamat_out, ofcode_out
            FROM outlet 
            WHERE status_out IN ('Active', '1', 'active')
            AND (nama_out LIKE :key OR ofcode_out LIKE :key)
            ORDER BY nama_out ASC
            LIMIT 20
2026-04-28 11:12:40 - getOutlet.php - Query berhasil, mengembalikan 20 record
2026-04-28 11:12:40 - getOutlet.php - === END REQUEST ===
2026-04-28 04:12:40 - getOutlet.php - === REQUEST GETOUTLET ===
2026-04-28 04:12:40 - getOutlet.php - Method: POST
2026-04-28 04:12:40 - getOutlet.php - POST data: {"tgl":"2026-04-28","encrypt":"41c7aa6da1665eab307362296dd568d0","id_apl":"APL01","key":"RS"}
2026-04-28 11:12:40 - getOutlet.php - Params - tgl: 2026-04-28, encrypt: 41c7aa6da1665eab307362296dd568d0, id_apl: APL01, key: RS
2026-04-28 11:12:40 - getOutlet.php - Aplikasi ditemukan: Ya
2026-04-28 11:12:40 - getOutlet.php - Key aplikasi: YbcJSFjkds...
2026-04-28 11:12:40 - getOutlet.php - Expected encrypt: 41c7aa6da1665eab307362296dd568d0
2026-04-28 11:12:40 - getOutlet.php - Received encrypt: 41c7aa6da1665eab307362296dd568d0
2026-04-28 11:12:40 - getOutlet.php - Authentication berhasil
2026-04-28 11:12:40 - getOutlet.php - Query: SELECT id_out, nama_out, '' AS alamat_out, ofcode_out
            FROM outlet 
            WHERE status_out IN ('Active', '1', 'active')
            AND (nama_out LIKE :key OR ofcode_out LIKE :key)
            ORDER BY nama_out ASC
            LIMIT 20
2026-04-28 11:12:40 - getOutlet.php - Query berhasil, mengembalikan 20 record
2026-04-28 11:12:40 - getOutlet.php - === END REQUEST ===
2026-04-28 04:12:41 - getOutlet.php - === REQUEST GETOUTLET ===
2026-04-28 04:12:41 - getOutlet.php - Method: POST
2026-04-28 04:12:41 - getOutlet.php - POST data: {"tgl":"2026-04-28","encrypt":"41c7aa6da1665eab307362296dd568d0","id_apl":"APL01","key":"RS ja"}
2026-04-28 11:12:41 - getOutlet.php - Params - tgl: 2026-04-28, encrypt: 41c7aa6da1665eab307362296dd568d0, id_apl: APL01, key: RS ja
2026-04-28 11:12:41 - getOutlet.php - Aplikasi ditemukan: Ya
2026-04-28 11:12:41 - getOutlet.php - Key aplikasi: YbcJSFjkds...
2026-04-28 11:12:41 - getOutlet.php - Expected encrypt: 41c7aa6da1665eab307362296dd568d0
2026-04-28 11:12:41 - getOutlet.php - Received encrypt: 41c7aa6da1665eab307362296dd568d0
2026-04-28 11:12:41 - getOutlet.php - Authentication berhasil
2026-04-28 11:12:41 - getOutlet.php - Query: SELECT id_out, nama_out, '' AS alamat_out, ofcode_out
            FROM outlet 
            WHERE status_out IN ('Active', '1', 'active')
            AND (nama_out LIKE :key OR ofcode_out LIKE :key)
            ORDER BY nama_out ASC
            LIMIT 20
2026-04-28 11:12:41 - getOutlet.php - Query berhasil, mengembalikan 3 record
2026-04-28 11:12:41 - getOutlet.php - === END REQUEST ===
2026-04-28 04:12:41 - getOutlet.php - === REQUEST GETOUTLET ===
2026-04-28 04:12:41 - getOutlet.php - Method: POST
2026-04-28 04:12:41 - getOutlet.php - POST data: {"tgl":"2026-04-28","encrypt":"41c7aa6da1665eab307362296dd568d0","id_apl":"APL01","key":"RS j"}
2026-04-28 11:12:41 - getOutlet.php - Params - tgl: 2026-04-28, encrypt: 41c7aa6da1665eab307362296dd568d0, id_apl: APL01, key: RS j
2026-04-28 11:12:41 - getOutlet.php - Aplikasi ditemukan: Ya
2026-04-28 11:12:41 - getOutlet.php - Key aplikasi: YbcJSFjkds...
2026-04-28 11:12:41 - getOutlet.php - Expected encrypt: 41c7aa6da1665eab307362296dd568d0
2026-04-28 11:12:41 - getOutlet.php - Received encrypt: 41c7aa6da1665eab307362296dd568d0
2026-04-28 11:12:41 - getOutlet.php - Authentication berhasil
2026-04-28 11:12:41 - getOutlet.php - Query: SELECT id_out, nama_out, '' AS alamat_out, ofcode_out
            FROM outlet 
            WHERE status_out IN ('Active', '1', 'active')
            AND (nama_out LIKE :key OR ofcode_out LIKE :key)
            ORDER BY nama_out ASC
            LIMIT 20
2026-04-28 11:12:41 - getOutlet.php - Query berhasil, mengembalikan 5 record
2026-04-28 11:12:41 - getOutlet.php - === END REQUEST ===
2026-04-28 04:12:41 - getOutlet.php - === REQUEST GETOUTLET ===
2026-04-28 04:12:41 - getOutlet.php - Method: POST
2026-04-28 04:12:41 - getOutlet.php - POST data: {"tgl":"2026-04-28","encrypt":"41c7aa6da1665eab307362296dd568d0","id_apl":"APL01","key":"RS jak"}
2026-04-28 11:12:41 - getOutlet.php - Params - tgl: 2026-04-28, encrypt: 41c7aa6da1665eab307362296dd568d0, id_apl: APL01, key: RS jak
2026-04-28 11:12:41 - getOutlet.php - Aplikasi ditemukan: Ya
2026-04-28 11:12:41 - getOutlet.php - Key aplikasi: YbcJSFjkds...
2026-04-28 11:12:41 - getOutlet.php - Expected encrypt: 41c7aa6da1665eab307362296dd568d0
2026-04-28 11:12:41 - getOutlet.php - Received encrypt: 41c7aa6da1665eab307362296dd568d0
2026-04-28 11:12:41 - getOutlet.php - Authentication berhasil
2026-04-28 11:12:41 - getOutlet.php - Query: SELECT id_out, nama_out, '' AS alamat_out, ofcode_out
            FROM outlet 
            WHERE status_out IN ('Active', '1', 'active')
            AND (nama_out LIKE :key OR ofcode_out LIKE :key)
            ORDER BY nama_out ASC
            LIMIT 20
2026-04-28 11:12:41 - getOutlet.php - Query berhasil, mengembalikan 2 record
2026-04-28 11:12:41 - getOutlet.php - === END REQUEST ===
2026-04-28 04:12:41 - getOutlet.php - === REQUEST GETOUTLET ===
2026-04-28 04:12:41 - getOutlet.php - Method: POST
2026-04-28 04:12:41 - getOutlet.php - POST data: {"tgl":"2026-04-28","encrypt":"41c7aa6da1665eab307362296dd568d0","id_apl":"APL01","key":"RS jaka"}
2026-04-28 11:12:41 - getOutlet.php - Params - tgl: 2026-04-28, encrypt: 41c7aa6da1665eab307362296dd568d0, id_apl: APL01, key: RS jaka
2026-04-28 11:12:41 - getOutlet.php - Aplikasi ditemukan: Ya
2026-04-28 11:12:41 - getOutlet.php - Key aplikasi: YbcJSFjkds...
2026-04-28 04:12:41 - getOutlet.php - === REQUEST GETOUTLET ===
2026-04-28 11:12:41 - getOutlet.php - Expected encrypt: 41c7aa6da1665eab307362296dd568d0
2026-04-28 04:12:41 - getOutlet.php - Method: POST
2026-04-28 11:12:41 - getOutlet.php - Received encrypt: 41c7aa6da1665eab307362296dd568d0
2026-04-28 11:12:41 - getOutlet.php - Authentication berhasil
2026-04-28 04:12:41 - getOutlet.php - POST data: {"tgl":"2026-04-28","encrypt":"41c7aa6da1665eab307362296dd568d0","id_apl":"APL01","key":"RS jakar"}
2026-04-28 11:12:41 - getOutlet.php - Params - tgl: 2026-04-28, encrypt: 41c7aa6da1665eab307362296dd568d0, id_apl: APL01, key: RS jakar
2026-04-28 11:12:41 - getOutlet.php - Aplikasi ditemukan: Ya
2026-04-28 11:12:41 - getOutlet.php - Key aplikasi: YbcJSFjkds...
2026-04-28 11:12:41 - getOutlet.php - Query: SELECT id_out, nama_out, '' AS alamat_out, ofcode_out
            FROM outlet 
            WHERE status_out IN ('Active', '1', 'active')
            AND (nama_out LIKE :key OR ofcode_out LIKE :key)
            ORDER BY nama_out ASC
            LIMIT 20
2026-04-28 11:12:41 - getOutlet.php - Expected encrypt: 41c7aa6da1665eab307362296dd568d0
2026-04-28 11:12:41 - getOutlet.php - Received encrypt: 41c7aa6da1665eab307362296dd568d0
2026-04-28 11:12:41 - getOutlet.php - Authentication berhasil
2026-04-28 11:12:41 - getOutlet.php - Query berhasil, mengembalikan 2 record
2026-04-28 11:12:41 - getOutlet.php - === END REQUEST ===
2026-04-28 11:12:41 - getOutlet.php - Query: SELECT id_out, nama_out, '' AS alamat_out, ofcode_out
            FROM outlet 
            WHERE status_out IN ('Active', '1', 'active')
            AND (nama_out LIKE :key OR ofcode_out LIKE :key)
            ORDER BY nama_out ASC
            LIMIT 20
2026-04-28 11:12:41 - getOutlet.php - Query berhasil, mengembalikan 2 record
2026-04-28 11:12:41 - getOutlet.php - === END REQUEST ===
2026-04-28 04:12:41 - getOutlet.php - === REQUEST GETOUTLET ===
2026-04-28 04:12:41 - getOutlet.php - Method: POST
2026-04-28 04:12:41 - getOutlet.php - POST data: {"tgl":"2026-04-28","encrypt":"41c7aa6da1665eab307362296dd568d0","id_apl":"APL01","key":"RS jakart"}
2026-04-28 11:12:41 - getOutlet.php - Params - tgl: 2026-04-28, encrypt: 41c7aa6da1665eab307362296dd568d0, id_apl: APL01, key: RS jakart
2026-04-28 11:12:41 - getOutlet.php - Aplikasi ditemukan: Ya
2026-04-28 11:12:41 - getOutlet.php - Key aplikasi: YbcJSFjkds...
2026-04-28 11:12:41 - getOutlet.php - Expected encrypt: 41c7aa6da1665eab307362296dd568d0
2026-04-28 11:12:41 - getOutlet.php - Received encrypt: 41c7aa6da1665eab307362296dd568d0
2026-04-28 11:12:41 - getOutlet.php - Authentication berhasil
2026-04-28 11:12:41 - getOutlet.php - Query: SELECT id_out, nama_out, '' AS alamat_out, ofcode_out
            FROM outlet 
            WHERE status_out IN ('Active', '1', 'active')
            AND (nama_out LIKE :key OR ofcode_out LIKE :key)
            ORDER BY nama_out ASC
            LIMIT 20
2026-04-28 11:12:41 - getOutlet.php - Query berhasil, mengembalikan 2 record
2026-04-28 11:12:41 - getOutlet.php - === END REQUEST ===
2026-04-28 04:12:41 - getOutlet.php - === REQUEST GETOUTLET ===
2026-04-28 04:12:41 - getOutlet.php - Method: POST
2026-04-28 04:12:41 - getOutlet.php - POST data: {"tgl":"2026-04-28","encrypt":"41c7aa6da1665eab307362296dd568d0","id_apl":"APL01","key":"RS jakarta"}
2026-04-28 11:12:41 - getOutlet.php - Params - tgl: 2026-04-28, encrypt: 41c7aa6da1665eab307362296dd568d0, id_apl: APL01, key: RS jakarta
2026-04-28 11:12:41 - getOutlet.php - Aplikasi ditemukan: Ya
2026-04-28 11:12:41 - getOutlet.php - Key aplikasi: YbcJSFjkds...
2026-04-28 11:12:41 - getOutlet.php - Expected encrypt: 41c7aa6da1665eab307362296dd568d0
2026-04-28 11:12:41 - getOutlet.php - Received encrypt: 41c7aa6da1665eab307362296dd568d0
2026-04-28 11:12:41 - getOutlet.php - Authentication berhasil
2026-04-28 11:12:41 - getOutlet.php - Query: SELECT id_out, nama_out, '' AS alamat_out, ofcode_out
            FROM outlet 
            WHERE status_out IN ('Active', '1', 'active')
            AND (nama_out LIKE :key OR ofcode_out LIKE :key)
            ORDER BY nama_out ASC
            LIMIT 20
2026-04-28 11:12:41 - getOutlet.php - Query berhasil, mengembalikan 2 record
2026-04-28 11:12:41 - getOutlet.php - === END REQUEST ===
2026-04-28 04:12:43 - getOutlet.php - === REQUEST GETOUTLET ===
2026-04-28 04:12:43 - getOutlet.php - Method: POST
2026-04-28 04:12:43 - getOutlet.php - POST data: {"tgl":"2026-04-28","encrypt":"41c7aa6da1665eab307362296dd568d0","id_apl":"APL01","key":"RS JAKARTA"}
2026-04-28 11:12:43 - getOutlet.php - Params - tgl: 2026-04-28, encrypt: 41c7aa6da1665eab307362296dd568d0, id_apl: APL01, key: RS JAKARTA
2026-04-28 11:12:43 - getOutlet.php - Aplikasi ditemukan: Ya
2026-04-28 11:12:43 - getOutlet.php - Key aplikasi: YbcJSFjkds...
2026-04-28 11:12:43 - getOutlet.php - Expected encrypt: 41c7aa6da1665eab307362296dd568d0
2026-04-28 11:12:43 - getOutlet.php - Received encrypt: 41c7aa6da1665eab307362296dd568d0
2026-04-28 11:12:43 - getOutlet.php - Authentication berhasil
2026-04-28 11:12:43 - getOutlet.php - Query: SELECT id_out, nama_out, '' AS alamat_out, ofcode_out
            FROM outlet 
            WHERE status_out IN ('Active', '1', 'active')
            AND (nama_out LIKE :key OR ofcode_out LIKE :key)
            ORDER BY nama_out ASC
            LIMIT 20
2026-04-28 11:12:43 - getOutlet.php - Query berhasil, mengembalikan 2 record
2026-04-28 11:12:43 - getOutlet.php - === END REQUEST ===
2026-04-28 04:15:13 - getOutlet.php - === REQUEST GETOUTLET ===
2026-04-28 04:15:13 - getOutlet.php - Method: POST
2026-04-28 04:15:13 - getOutlet.php - POST data: {"tgl":"2026-04-28","encrypt":"41c7aa6da1665eab307362296dd568d0","id_apl":"APL01","key":"Ga"}
2026-04-28 11:15:13 - getOutlet.php - Params - tgl: 2026-04-28, encrypt: 41c7aa6da1665eab307362296dd568d0, id_apl: APL01, key: Ga
2026-04-28 11:15:13 - getOutlet.php - Aplikasi ditemukan: Ya
2026-04-28 11:15:13 - getOutlet.php - Key aplikasi: YbcJSFjkds...
2026-04-28 11:15:13 - getOutlet.php - Expected encrypt: 41c7aa6da1665eab307362296dd568d0
2026-04-28 11:15:13 - getOutlet.php - Received encrypt: 41c7aa6da1665eab307362296dd568d0
2026-04-28 11:15:13 - getOutlet.php - Authentication berhasil
2026-04-28 11:15:13 - getOutlet.php - Query: SELECT id_out, nama_out, '' AS alamat_out, ofcode_out
            FROM outlet 
            WHERE status_out IN ('Active', '1', 'active')
            AND (nama_out LIKE :key OR ofcode_out LIKE :key)
            ORDER BY nama_out ASC
            LIMIT 20
2026-04-28 11:15:13 - getOutlet.php - Query berhasil, mengembalikan 20 record
2026-04-28 11:15:13 - getOutlet.php - === END REQUEST ===
2026-04-28 04:15:13 - getOutlet.php - === REQUEST GETOUTLET ===
2026-04-28 04:15:13 - getOutlet.php - Method: POST
2026-04-28 04:15:13 - getOutlet.php - POST data: {"tgl":"2026-04-28","encrypt":"41c7aa6da1665eab307362296dd568d0","id_apl":"APL01","key":"Gat"}
2026-04-28 11:15:13 - getOutlet.php - Params - tgl: 2026-04-28, encrypt: 41c7aa6da1665eab307362296dd568d0, id_apl: APL01, key: Gat
2026-04-28 11:15:13 - getOutlet.php - Aplikasi ditemukan: Ya
2026-04-28 11:15:13 - getOutlet.php - Key aplikasi: YbcJSFjkds...
2026-04-28 11:15:13 - getOutlet.php - Expected encrypt: 41c7aa6da1665eab307362296dd568d0
2026-04-28 11:15:13 - getOutlet.php - Received encrypt: 41c7aa6da1665eab307362296dd568d0
2026-04-28 11:15:13 - getOutlet.php - Authentication berhasil
2026-04-28 11:15:13 - getOutlet.php - Query: SELECT id_out, nama_out, '' AS alamat_out, ofcode_out
            FROM outlet 
            WHERE status_out IN ('Active', '1', 'active')
            AND (nama_out LIKE :key OR ofcode_out LIKE :key)
            ORDER BY nama_out ASC
            LIMIT 20
2026-04-28 11:15:13 - getOutlet.php - Query berhasil, mengembalikan 1 record
2026-04-28 11:15:13 - getOutlet.php - === END REQUEST ===
2026-04-28 04:15:14 - getOutlet.php - === REQUEST GETOUTLET ===
2026-04-28 04:15:14 - getOutlet.php - Method: POST
2026-04-28 04:15:14 - getOutlet.php - POST data: {"tgl":"2026-04-28","encrypt":"41c7aa6da1665eab307362296dd568d0","id_apl":"APL01","key":"Gato"}
2026-04-28 11:15:14 - getOutlet.php - Params - tgl: 2026-04-28, encrypt: 41c7aa6da1665eab307362296dd568d0, id_apl: APL01, key: Gato
2026-04-28 11:15:14 - getOutlet.php - Aplikasi ditemukan: Ya
2026-04-28 11:15:14 - getOutlet.php - Key aplikasi: YbcJSFjkds...
2026-04-28 11:15:14 - getOutlet.php - Expected encrypt: 41c7aa6da1665eab307362296dd568d0
2026-04-28 11:15:14 - getOutlet.php - Received encrypt: 41c7aa6da1665eab307362296dd568d0
2026-04-28 11:15:14 - getOutlet.php - Authentication berhasil
2026-04-28 11:15:14 - getOutlet.php - Query: SELECT id_out, nama_out, '' AS alamat_out, ofcode_out
            FROM outlet 
            WHERE status_out IN ('Active', '1', 'active')
            AND (nama_out LIKE :key OR ofcode_out LIKE :key)
            ORDER BY nama_out ASC
            LIMIT 20
2026-04-28 11:15:14 - getOutlet.php - Query berhasil, mengembalikan 1 record
2026-04-28 11:15:14 - getOutlet.php - === END REQUEST ===
2026-04-28 04:15:14 - getOutlet.php - === REQUEST GETOUTLET ===
2026-04-28 04:15:14 - getOutlet.php - Method: POST
2026-04-28 04:15:14 - getOutlet.php - POST data: {"tgl":"2026-04-28","encrypt":"41c7aa6da1665eab307362296dd568d0","id_apl":"APL01","key":"Gatot"}
2026-04-28 11:15:14 - getOutlet.php - Params - tgl: 2026-04-28, encrypt: 41c7aa6da1665eab307362296dd568d0, id_apl: APL01, key: Gatot
2026-04-28 11:15:14 - getOutlet.php - Aplikasi ditemukan: Ya
2026-04-28 11:15:14 - getOutlet.php - Key aplikasi: YbcJSFjkds...
2026-04-28 11:15:14 - getOutlet.php - Expected encrypt: 41c7aa6da1665eab307362296dd568d0
2026-04-28 11:15:14 - getOutlet.php - Received encrypt: 41c7aa6da1665eab307362296dd568d0
2026-04-28 11:15:14 - getOutlet.php - Authentication berhasil
2026-04-28 11:15:14 - getOutlet.php - Query: SELECT id_out, nama_out, '' AS alamat_out, ofcode_out
            FROM outlet 
            WHERE status_out IN ('Active', '1', 'active')
            AND (nama_out LIKE :key OR ofcode_out LIKE :key)
            ORDER BY nama_out ASC
            LIMIT 20
2026-04-28 11:15:14 - getOutlet.php - Query berhasil, mengembalikan 1 record
2026-04-28 11:15:14 - getOutlet.php - === END REQUEST ===
2026-04-28 04:15:16 - getOutlet.php - === REQUEST GETOUTLET ===
2026-04-28 04:15:16 - getOutlet.php - Method: POST
2026-04-28 04:15:16 - getOutlet.php - POST data: {"tgl":"2026-04-28","encrypt":"41c7aa6da1665eab307362296dd568d0","id_apl":"APL01","key":"PPK MATKES RSPAD GATOT SOEBROTO"}
2026-04-28 11:15:16 - getOutlet.php - Params - tgl: 2026-04-28, encrypt: 41c7aa6da1665eab307362296dd568d0, id_apl: APL01, key: PPK MATKES RSPAD GATOT SOEBROTO
2026-04-28 11:15:16 - getOutlet.php - Aplikasi ditemukan: Ya
2026-04-28 11:15:16 - getOutlet.php - Key aplikasi: YbcJSFjkds...
2026-04-28 11:15:16 - getOutlet.php - Expected encrypt: 41c7aa6da1665eab307362296dd568d0
2026-04-28 11:15:16 - getOutlet.php - Received encrypt: 41c7aa6da1665eab307362296dd568d0
2026-04-28 11:15:16 - getOutlet.php - Authentication berhasil
2026-04-28 11:15:16 - getOutlet.php - Query: SELECT id_out, nama_out, '' AS alamat_out, ofcode_out
            FROM outlet 
            WHERE status_out IN ('Active', '1', 'active')
            AND (nama_out LIKE :key OR ofcode_out LIKE :key)
            ORDER BY nama_out ASC
            LIMIT 20
2026-04-28 11:15:16 - getOutlet.php - Query berhasil, mengembalikan 1 record
2026-04-28 11:15:16 - getOutlet.php - === END REQUEST ===
2026-04-28 04:19:11 - getOutlet.php - === REQUEST GETOUTLET ===
2026-04-28 04:19:11 - getOutlet.php - Method: POST
2026-04-28 04:19:11 - getOutlet.php - POST data: {"tgl":"2026-04-28","encrypt":"41c7aa6da1665eab307362296dd568d0","id_apl":"APL01","key":"Ap"}
2026-04-28 11:19:11 - getOutlet.php - Params - tgl: 2026-04-28, encrypt: 41c7aa6da1665eab307362296dd568d0, id_apl: APL01, key: Ap
2026-04-28 11:19:11 - getOutlet.php - Aplikasi ditemukan: Ya
2026-04-28 11:19:11 - getOutlet.php - Key aplikasi: YbcJSFjkds...
2026-04-28 11:19:11 - getOutlet.php - Expected encrypt: 41c7aa6da1665eab307362296dd568d0
2026-04-28 11:19:11 - getOutlet.php - Received encrypt: 41c7aa6da1665eab307362296dd568d0
2026-04-28 11:19:11 - getOutlet.php - Authentication berhasil
2026-04-28 11:19:11 - getOutlet.php - Query: SELECT id_out, nama_out, '' AS alamat_out, ofcode_out
            FROM outlet 
            WHERE status_out IN ('Active', '1', 'active')
            AND (nama_out LIKE :key OR ofcode_out LIKE :key)
            ORDER BY nama_out ASC
            LIMIT 20
2026-04-28 11:19:11 - getOutlet.php - Query berhasil, mengembalikan 20 record
2026-04-28 11:19:11 - getOutlet.php - === END REQUEST ===
2026-04-28 04:19:11 - getOutlet.php - === REQUEST GETOUTLET ===
2026-04-28 04:19:11 - getOutlet.php - Method: POST
2026-04-28 04:19:11 - getOutlet.php - POST data: {"tgl":"2026-04-28","encrypt":"41c7aa6da1665eab307362296dd568d0","id_apl":"APL01","key":"Apo"}
2026-04-28 11:19:11 - getOutlet.php - Params - tgl: 2026-04-28, encrypt: 41c7aa6da1665eab307362296dd568d0, id_apl: APL01, key: Apo
2026-04-28 11:19:11 - getOutlet.php - Aplikasi ditemukan: Ya
2026-04-28 11:19:11 - getOutlet.php - Key aplikasi: YbcJSFjkds...
2026-04-28 11:19:11 - getOutlet.php - Expected encrypt: 41c7aa6da1665eab307362296dd568d0
2026-04-28 11:19:11 - getOutlet.php - Received encrypt: 41c7aa6da1665eab307362296dd568d0
2026-04-28 11:19:11 - getOutlet.php - Authentication berhasil
2026-04-28 11:19:11 - getOutlet.php - Query: SELECT id_out, nama_out, '' AS alamat_out, ofcode_out
            FROM outlet 
            WHERE status_out IN ('Active', '1', 'active')
            AND (nama_out LIKE :key OR ofcode_out LIKE :key)
            ORDER BY nama_out ASC
            LIMIT 20
2026-04-28 11:19:11 - getOutlet.php - Query berhasil, mengembalikan 20 record
2026-04-28 11:19:11 - getOutlet.php - === END REQUEST ===
2026-04-28 04:19:12 - getOutlet.php - === REQUEST GETOUTLET ===
2026-04-28 04:19:12 - getOutlet.php - Method: POST
2026-04-28 04:19:12 - getOutlet.php - POST data: {"tgl":"2026-04-28","encrypt":"41c7aa6da1665eab307362296dd568d0","id_apl":"APL01","key":"Apotek"}
2026-04-28 11:19:12 - getOutlet.php - Params - tgl: 2026-04-28, encrypt: 41c7aa6da1665eab307362296dd568d0, id_apl: APL01, key: Apotek
2026-04-28 11:19:12 - getOutlet.php - Aplikasi ditemukan: Ya
2026-04-28 11:19:12 - getOutlet.php - Key aplikasi: YbcJSFjkds...
2026-04-28 11:19:12 - getOutlet.php - Expected encrypt: 41c7aa6da1665eab307362296dd568d0
2026-04-28 11:19:12 - getOutlet.php - Received encrypt: 41c7aa6da1665eab307362296dd568d0
2026-04-28 11:19:12 - getOutlet.php - Authentication berhasil
2026-04-28 11:19:12 - getOutlet.php - Query: SELECT id_out, nama_out, '' AS alamat_out, ofcode_out
            FROM outlet 
            WHERE status_out IN ('Active', '1', 'active')
            AND (nama_out LIKE :key OR ofcode_out LIKE :key)
            ORDER BY nama_out ASC
            LIMIT 20
2026-04-28 11:19:12 - getOutlet.php - Query berhasil, mengembalikan 20 record
2026-04-28 11:19:12 - getOutlet.php - === END REQUEST ===
2026-04-28 04:19:13 - getOutlet.php - === REQUEST GETOUTLET ===
2026-04-28 04:19:13 - getOutlet.php - Method: POST
2026-04-28 04:19:13 - getOutlet.php - POST data: {"tgl":"2026-04-28","encrypt":"41c7aa6da1665eab307362296dd568d0","id_apl":"APL01","key":"Apotek f"}
2026-04-28 11:19:13 - getOutlet.php - Params - tgl: 2026-04-28, encrypt: 41c7aa6da1665eab307362296dd568d0, id_apl: APL01, key: Apotek f
2026-04-28 11:19:13 - getOutlet.php - Aplikasi ditemukan: Ya
2026-04-28 11:19:13 - getOutlet.php - Key aplikasi: YbcJSFjkds...
2026-04-28 11:19:13 - getOutlet.php - Expected encrypt: 41c7aa6da1665eab307362296dd568d0
2026-04-28 11:19:13 - getOutlet.php - Received encrypt: 41c7aa6da1665eab307362296dd568d0
2026-04-28 11:19:13 - getOutlet.php - Authentication berhasil
2026-04-28 11:19:13 - getOutlet.php - Query: SELECT id_out, nama_out, '' AS alamat_out, ofcode_out
            FROM outlet 
            WHERE status_out IN ('Active', '1', 'active')
            AND (nama_out LIKE :key OR ofcode_out LIKE :key)
            ORDER BY nama_out ASC
            LIMIT 20
2026-04-28 11:19:13 - getOutlet.php - Query berhasil, mengembalikan 20 record
2026-04-28 11:19:13 - getOutlet.php - === END REQUEST ===
2026-04-28 04:19:13 - getOutlet.php - === REQUEST GETOUTLET ===
2026-04-28 04:19:13 - getOutlet.php - Method: POST
2026-04-28 04:19:13 - getOutlet.php - POST data: {"tgl":"2026-04-28","encrypt":"41c7aa6da1665eab307362296dd568d0","id_apl":"APL01","key":"Apotek fa"}
2026-04-28 11:19:13 - getOutlet.php - Params - tgl: 2026-04-28, encrypt: 41c7aa6da1665eab307362296dd568d0, id_apl: APL01, key: Apotek fa
2026-04-28 11:19:13 - getOutlet.php - Aplikasi ditemukan: Ya
2026-04-28 11:19:13 - getOutlet.php - Key aplikasi: YbcJSFjkds...
2026-04-28 11:19:13 - getOutlet.php - Expected encrypt: 41c7aa6da1665eab307362296dd568d0
2026-04-28 11:19:13 - getOutlet.php - Received encrypt: 41c7aa6da1665eab307362296dd568d0
2026-04-28 11:19:13 - getOutlet.php - Authentication berhasil
2026-04-28 11:19:13 - getOutlet.php - Query: SELECT id_out, nama_out, '' AS alamat_out, ofcode_out
            FROM outlet 
            WHERE status_out IN ('Active', '1', 'active')
            AND (nama_out LIKE :key OR ofcode_out LIKE :key)
            ORDER BY nama_out ASC
            LIMIT 20
2026-04-28 11:19:13 - getOutlet.php - Query berhasil, mengembalikan 20 record
2026-04-28 11:19:13 - getOutlet.php - === END REQUEST ===
2026-04-28 04:19:13 - getOutlet.php - === REQUEST GETOUTLET ===
2026-04-28 04:19:13 - getOutlet.php - Method: POST
2026-04-28 04:19:13 - getOutlet.php - POST data: {"tgl":"2026-04-28","encrypt":"41c7aa6da1665eab307362296dd568d0","id_apl":"APL01","key":"Apotek far"}
2026-04-28 11:19:13 - getOutlet.php - Params - tgl: 2026-04-28, encrypt: 41c7aa6da1665eab307362296dd568d0, id_apl: APL01, key: Apotek far
2026-04-28 11:19:13 - getOutlet.php - Aplikasi ditemukan: Ya
2026-04-28 11:19:13 - getOutlet.php - Key aplikasi: YbcJSFjkds...
2026-04-28 11:19:13 - getOutlet.php - Expected encrypt: 41c7aa6da1665eab307362296dd568d0
2026-04-28 11:19:13 - getOutlet.php - Received encrypt: 41c7aa6da1665eab307362296dd568d0
2026-04-28 11:19:13 - getOutlet.php - Authentication berhasil
2026-04-28 11:19:13 - getOutlet.php - Query: SELECT id_out, nama_out, '' AS alamat_out, ofcode_out
            FROM outlet 
            WHERE status_out IN ('Active', '1', 'active')
            AND (nama_out LIKE :key OR ofcode_out LIKE :key)
            ORDER BY nama_out ASC
            LIMIT 20
2026-04-28 11:19:13 - getOutlet.php - Query berhasil, mengembalikan 20 record
2026-04-28 11:19:13 - getOutlet.php - === END REQUEST ===
2026-04-28 04:19:13 - getOutlet.php - === REQUEST GETOUTLET ===
2026-04-28 04:19:13 - getOutlet.php - Method: POST
2026-04-28 04:19:13 - getOutlet.php - POST data: {"tgl":"2026-04-28","encrypt":"41c7aa6da1665eab307362296dd568d0","id_apl":"APL01","key":"Apotek fara"}
2026-04-28 11:19:13 - getOutlet.php - Params - tgl: 2026-04-28, encrypt: 41c7aa6da1665eab307362296dd568d0, id_apl: APL01, key: Apotek fara
2026-04-28 11:19:13 - getOutlet.php - Aplikasi ditemukan: Ya
2026-04-28 11:19:13 - getOutlet.php - Key aplikasi: YbcJSFjkds...
2026-04-28 11:19:13 - getOutlet.php - Expected encrypt: 41c7aa6da1665eab307362296dd568d0
2026-04-28 11:19:13 - getOutlet.php - Received encrypt: 41c7aa6da1665eab307362296dd568d0
2026-04-28 11:19:13 - getOutlet.php - Authentication berhasil
2026-04-28 11:19:13 - getOutlet.php - Query: SELECT id_out, nama_out, '' AS alamat_out, ofcode_out
            FROM outlet 
            WHERE status_out IN ('Active', '1', 'active')
            AND (nama_out LIKE :key OR ofcode_out LIKE :key)
            ORDER BY nama_out ASC
            LIMIT 20
2026-04-28 11:19:13 - getOutlet.php - Query berhasil, mengembalikan 9 record
2026-04-28 11:19:13 - getOutlet.php - === END REQUEST ===
2026-04-28 04:19:17 - getOutlet.php - === REQUEST GETOUTLET ===
2026-04-28 04:19:17 - getOutlet.php - Method: POST
2026-04-28 04:19:17 - getOutlet.php - POST data: {"tgl":"2026-04-28","encrypt":"41c7aa6da1665eab307362296dd568d0","id_apl":"APL01","key":"Apotek faraz"}
2026-04-28 11:19:17 - getOutlet.php - Params - tgl: 2026-04-28, encrypt: 41c7aa6da1665eab307362296dd568d0, id_apl: APL01, key: Apotek faraz
2026-04-28 11:19:17 - getOutlet.php - Aplikasi ditemukan: Ya
2026-04-28 11:19:17 - getOutlet.php - Key aplikasi: YbcJSFjkds...
2026-04-28 11:19:17 - getOutlet.php - Expected encrypt: 41c7aa6da1665eab307362296dd568d0
2026-04-28 11:19:17 - getOutlet.php - Received encrypt: 41c7aa6da1665eab307362296dd568d0
2026-04-28 11:19:17 - getOutlet.php - Authentication berhasil
2026-04-28 11:19:17 - getOutlet.php - Query: SELECT id_out, nama_out, '' AS alamat_out, ofcode_out
            FROM outlet 
            WHERE status_out IN ('Active', '1', 'active')
            AND (nama_out LIKE :key OR ofcode_out LIKE :key)
            ORDER BY nama_out ASC
            LIMIT 20
2026-04-28 11:19:17 - getOutlet.php - Query berhasil, mengembalikan 9 record
2026-04-28 11:19:17 - getOutlet.php - === END REQUEST ===
2026-04-28 04:19:17 - getOutlet.php - === REQUEST GETOUTLET ===
2026-04-28 04:19:17 - getOutlet.php - Method: POST
2026-04-28 04:19:17 - getOutlet.php - POST data: {"tgl":"2026-04-28","encrypt":"41c7aa6da1665eab307362296dd568d0","id_apl":"APL01","key":"Apotek faraza"}
2026-04-28 11:19:17 - getOutlet.php - Params - tgl: 2026-04-28, encrypt: 41c7aa6da1665eab307362296dd568d0, id_apl: APL01, key: Apotek faraza
2026-04-28 11:19:17 - getOutlet.php - Aplikasi ditemukan: Ya
2026-04-28 11:19:17 - getOutlet.php - Key aplikasi: YbcJSFjkds...
2026-04-28 11:19:17 - getOutlet.php - Expected encrypt: 41c7aa6da1665eab307362296dd568d0
2026-04-28 11:19:17 - getOutlet.php - Received encrypt: 41c7aa6da1665eab307362296dd568d0
2026-04-28 11:19:17 - getOutlet.php - Authentication berhasil
2026-04-28 11:19:17 - getOutlet.php - Query: SELECT id_out, nama_out, '' AS alamat_out, ofcode_out
            FROM outlet 
            WHERE status_out IN ('Active', '1', 'active')
            AND (nama_out LIKE :key OR ofcode_out LIKE :key)
            ORDER BY nama_out ASC
            LIMIT 20
2026-04-28 11:19:17 - getOutlet.php - Query berhasil, mengembalikan 9 record
2026-04-28 11:19:17 - getOutlet.php - === END REQUEST ===
2026-04-28 04:19:19 - getOutlet.php - === REQUEST GETOUTLET ===
2026-04-28 04:19:19 - getOutlet.php - Method: POST
2026-04-28 04:19:19 - getOutlet.php - POST data: {"tgl":"2026-04-28","encrypt":"41c7aa6da1665eab307362296dd568d0","id_apl":"APL01","key":"Apotek faraza"}
2026-04-28 11:19:19 - getOutlet.php - Params - tgl: 2026-04-28, encrypt: 41c7aa6da1665eab307362296dd568d0, id_apl: APL01, key: Apotek faraza
2026-04-28 11:19:19 - getOutlet.php - Aplikasi ditemukan: Ya
2026-04-28 11:19:19 - getOutlet.php - Key aplikasi: YbcJSFjkds...
2026-04-28 11:19:19 - getOutlet.php - Expected encrypt: 41c7aa6da1665eab307362296dd568d0
2026-04-28 11:19:19 - getOutlet.php - Received encrypt: 41c7aa6da1665eab307362296dd568d0
2026-04-28 11:19:19 - getOutlet.php - Authentication berhasil
2026-04-28 11:19:19 - getOutlet.php - Query: SELECT id_out, nama_out, '' AS alamat_out, ofcode_out
            FROM outlet 
            WHERE status_out IN ('Active', '1', 'active')
            AND (nama_out LIKE :key OR ofcode_out LIKE :key)
            ORDER BY nama_out ASC
            LIMIT 20
2026-04-28 11:19:19 - getOutlet.php - Query berhasil, mengembalikan 9 record
2026-04-28 11:19:19 - getOutlet.php - === END REQUEST ===
2026-04-28 04:19:21 - getOutlet.php - === REQUEST GETOUTLET ===
2026-04-28 04:19:21 - getOutlet.php - Method: POST
2026-04-28 04:19:21 - getOutlet.php - POST data: {"tgl":"2026-04-28","encrypt":"41c7aa6da1665eab307362296dd568d0","id_apl":"APL01","key":"Apotek faraza f"}
2026-04-28 11:19:21 - getOutlet.php - Params - tgl: 2026-04-28, encrypt: 41c7aa6da1665eab307362296dd568d0, id_apl: APL01, key: Apotek faraza f
2026-04-28 11:19:21 - getOutlet.php - Aplikasi ditemukan: Ya
2026-04-28 11:19:21 - getOutlet.php - Key aplikasi: YbcJSFjkds...
2026-04-28 11:19:21 - getOutlet.php - Expected encrypt: 41c7aa6da1665eab307362296dd568d0
2026-04-28 11:19:21 - getOutlet.php - Received encrypt: 41c7aa6da1665eab307362296dd568d0
2026-04-28 11:19:21 - getOutlet.php - Authentication berhasil
2026-04-28 11:19:21 - getOutlet.php - Query: SELECT id_out, nama_out, '' AS alamat_out, ofcode_out
            FROM outlet 
            WHERE status_out IN ('Active', '1', 'active')
            AND (nama_out LIKE :key OR ofcode_out LIKE :key)
            ORDER BY nama_out ASC
            LIMIT 20
2026-04-28 11:19:21 - getOutlet.php - Query berhasil, mengembalikan 1 record
2026-04-28 11:19:21 - getOutlet.php - === END REQUEST ===
2026-04-28 04:19:21 - getOutlet.php - === REQUEST GETOUTLET ===
2026-04-28 04:19:21 - getOutlet.php - Method: POST
2026-04-28 04:19:21 - getOutlet.php - POST data: {"tgl":"2026-04-28","encrypt":"41c7aa6da1665eab307362296dd568d0","id_apl":"APL01","key":"Apotek faraza fa"}
2026-04-28 11:19:21 - getOutlet.php - Params - tgl: 2026-04-28, encrypt: 41c7aa6da1665eab307362296dd568d0, id_apl: APL01, key: Apotek faraza fa
2026-04-28 11:19:21 - getOutlet.php - Aplikasi ditemukan: Ya
2026-04-28 11:19:21 - getOutlet.php - Key aplikasi: YbcJSFjkds...
2026-04-28 11:19:21 - getOutlet.php - Expected encrypt: 41c7aa6da1665eab307362296dd568d0
2026-04-28 11:19:21 - getOutlet.php - Received encrypt: 41c7aa6da1665eab307362296dd568d0
2026-04-28 11:19:21 - getOutlet.php - Authentication berhasil
2026-04-28 11:19:21 - getOutlet.php - Query: SELECT id_out, nama_out, '' AS alamat_out, ofcode_out
            FROM outlet 
            WHERE status_out IN ('Active', '1', 'active')
            AND (nama_out LIKE :key OR ofcode_out LIKE :key)
            ORDER BY nama_out ASC
            LIMIT 20
2026-04-28 11:19:21 - getOutlet.php - Query berhasil, mengembalikan 1 record
2026-04-28 11:19:21 - getOutlet.php - === END REQUEST ===
2026-04-28 04:19:21 - getOutlet.php - === REQUEST GETOUTLET ===
2026-04-28 04:19:21 - getOutlet.php - Method: POST
2026-04-28 04:19:21 - getOutlet.php - POST data: {"tgl":"2026-04-28","encrypt":"41c7aa6da1665eab307362296dd568d0","id_apl":"APL01","key":"Apotek faraza far"}
2026-04-28 11:19:21 - getOutlet.php - Params - tgl: 2026-04-28, encrypt: 41c7aa6da1665eab307362296dd568d0, id_apl: APL01, key: Apotek faraza far
2026-04-28 11:19:21 - getOutlet.php - Aplikasi ditemukan: Ya
2026-04-28 11:19:21 - getOutlet.php - Key aplikasi: YbcJSFjkds...
2026-04-28 11:19:21 - getOutlet.php - Expected encrypt: 41c7aa6da1665eab307362296dd568d0
2026-04-28 11:19:21 - getOutlet.php - Received encrypt: 41c7aa6da1665eab307362296dd568d0
2026-04-28 11:19:21 - getOutlet.php - Authentication berhasil
2026-04-28 11:19:21 - getOutlet.php - Query: SELECT id_out, nama_out, '' AS alamat_out, ofcode_out
            FROM outlet 
            WHERE status_out IN ('Active', '1', 'active')
            AND (nama_out LIKE :key OR ofcode_out LIKE :key)
            ORDER BY nama_out ASC
            LIMIT 20
2026-04-28 11:19:21 - getOutlet.php - Query berhasil, mengembalikan 1 record
2026-04-28 11:19:21 - getOutlet.php - === END REQUEST ===
2026-04-28 04:19:21 - getOutlet.php - === REQUEST GETOUTLET ===
2026-04-28 04:19:21 - getOutlet.php - Method: POST
2026-04-28 04:19:21 - getOutlet.php - POST data: {"tgl":"2026-04-28","encrypt":"41c7aa6da1665eab307362296dd568d0","id_apl":"APL01","key":"Apotek faraza fara"}
2026-04-28 11:19:21 - getOutlet.php - Params - tgl: 2026-04-28, encrypt: 41c7aa6da1665eab307362296dd568d0, id_apl: APL01, key: Apotek faraza fara
2026-04-28 11:19:21 - getOutlet.php - Aplikasi ditemukan: Ya
2026-04-28 11:19:21 - getOutlet.php - Key aplikasi: YbcJSFjkds...
2026-04-28 11:19:21 - getOutlet.php - Expected encrypt: 41c7aa6da1665eab307362296dd568d0
2026-04-28 11:19:21 - getOutlet.php - Received encrypt: 41c7aa6da1665eab307362296dd568d0
2026-04-28 11:19:21 - getOutlet.php - Authentication berhasil
2026-04-28 11:19:21 - getOutlet.php - Query: SELECT id_out, nama_out, '' AS alamat_out, ofcode_out
            FROM outlet 
            WHERE status_out IN ('Active', '1', 'active')
            AND (nama_out LIKE :key OR ofcode_out LIKE :key)
            ORDER BY nama_out ASC
            LIMIT 20
2026-04-28 11:19:21 - getOutlet.php - Query berhasil, mengembalikan 0 record
2026-04-28 11:19:21 - getOutlet.php - === END REQUEST ===
2026-04-28 04:19:22 - getOutlet.php - === REQUEST GETOUTLET ===
2026-04-28 04:19:22 - getOutlet.php - Method: POST
2026-04-28 04:19:22 - getOutlet.php - POST data: {"tgl":"2026-04-28","encrypt":"41c7aa6da1665eab307362296dd568d0","id_apl":"APL01","key":"Apotek faraza faram"}
2026-04-28 11:19:22 - getOutlet.php - Params - tgl: 2026-04-28, encrypt: 41c7aa6da1665eab307362296dd568d0, id_apl: APL01, key: Apotek faraza faram
2026-04-28 11:19:22 - getOutlet.php - Aplikasi ditemukan: Ya
2026-04-28 11:19:22 - getOutlet.php - Key aplikasi: YbcJSFjkds...
2026-04-28 11:19:22 - getOutlet.php - Expected encrypt: 41c7aa6da1665eab307362296dd568d0
2026-04-28 11:19:22 - getOutlet.php - Received encrypt: 41c7aa6da1665eab307362296dd568d0
2026-04-28 11:19:22 - getOutlet.php - Authentication berhasil
2026-04-28 11:19:22 - getOutlet.php - Query: SELECT id_out, nama_out, '' AS alamat_out, ofcode_out
            FROM outlet 
            WHERE status_out IN ('Active', '1', 'active')
            AND (nama_out LIKE :key OR ofcode_out LIKE :key)
            ORDER BY nama_out ASC
            LIMIT 20
2026-04-28 11:19:22 - getOutlet.php - Query berhasil, mengembalikan 0 record
2026-04-28 11:19:22 - getOutlet.php - === END REQUEST ===
2026-04-28 04:19:23 - getOutlet.php - === REQUEST GETOUTLET ===
2026-04-28 04:19:23 - getOutlet.php - Method: POST
2026-04-28 04:19:23 - getOutlet.php - POST data: {"tgl":"2026-04-28","encrypt":"41c7aa6da1665eab307362296dd568d0","id_apl":"APL01","key":"Apotek faraza fara"}
2026-04-28 11:19:23 - getOutlet.php - Params - tgl: 2026-04-28, encrypt: 41c7aa6da1665eab307362296dd568d0, id_apl: APL01, key: Apotek faraza fara
2026-04-28 11:19:23 - getOutlet.php - Aplikasi ditemukan: Ya
2026-04-28 11:19:23 - getOutlet.php - Key aplikasi: YbcJSFjkds...
2026-04-28 11:19:23 - getOutlet.php - Expected encrypt: 41c7aa6da1665eab307362296dd568d0
2026-04-28 11:19:23 - getOutlet.php - Received encrypt: 41c7aa6da1665eab307362296dd568d0
2026-04-28 11:19:23 - getOutlet.php - Authentication berhasil
2026-04-28 11:19:23 - getOutlet.php - Query: SELECT id_out, nama_out, '' AS alamat_out, ofcode_out
            FROM outlet 
            WHERE status_out IN ('Active', '1', 'active')
            AND (nama_out LIKE :key OR ofcode_out LIKE :key)
            ORDER BY nama_out ASC
            LIMIT 20
2026-04-28 11:19:23 - getOutlet.php - Query berhasil, mengembalikan 0 record
2026-04-28 11:19:23 - getOutlet.php - === END REQUEST ===
2026-04-28 04:19:23 - getOutlet.php - === REQUEST GETOUTLET ===
2026-04-28 04:19:23 - getOutlet.php - Method: POST
2026-04-28 04:19:23 - getOutlet.php - POST data: {"tgl":"2026-04-28","encrypt":"41c7aa6da1665eab307362296dd568d0","id_apl":"APL01","key":"Apotek faraza far"}
2026-04-28 11:19:23 - getOutlet.php - Params - tgl: 2026-04-28, encrypt: 41c7aa6da1665eab307362296dd568d0, id_apl: APL01, key: Apotek faraza far
2026-04-28 11:19:23 - getOutlet.php - Aplikasi ditemukan: Ya
2026-04-28 11:19:23 - getOutlet.php - Key aplikasi: YbcJSFjkds...
2026-04-28 11:19:23 - getOutlet.php - Expected encrypt: 41c7aa6da1665eab307362296dd568d0
2026-04-28 11:19:23 - getOutlet.php - Received encrypt: 41c7aa6da1665eab307362296dd568d0
2026-04-28 11:19:23 - getOutlet.php - Authentication berhasil
2026-04-28 11:19:23 - getOutlet.php - Query: SELECT id_out, nama_out, '' AS alamat_out, ofcode_out
            FROM outlet 
            WHERE status_out IN ('Active', '1', 'active')
            AND (nama_out LIKE :key OR ofcode_out LIKE :key)
            ORDER BY nama_out ASC
            LIMIT 20
2026-04-28 11:19:23 - getOutlet.php - Query berhasil, mengembalikan 1 record
2026-04-28 11:19:23 - getOutlet.php - === END REQUEST ===
2026-04-28 04:19:24 - getOutlet.php - === REQUEST GETOUTLET ===
2026-04-28 04:19:24 - getOutlet.php - Method: POST
2026-04-28 04:19:24 - getOutlet.php - POST data: {"tgl":"2026-04-28","encrypt":"41c7aa6da1665eab307362296dd568d0","id_apl":"APL01","key":"Apotek faraza farm"}
2026-04-28 11:19:24 - getOutlet.php - Params - tgl: 2026-04-28, encrypt: 41c7aa6da1665eab307362296dd568d0, id_apl: APL01, key: Apotek faraza farm
2026-04-28 11:19:24 - getOutlet.php - Aplikasi ditemukan: Ya
2026-04-28 11:19:24 - getOutlet.php - Key aplikasi: YbcJSFjkds...
2026-04-28 11:19:24 - getOutlet.php - Expected encrypt: 41c7aa6da1665eab307362296dd568d0
2026-04-28 11:19:24 - getOutlet.php - Received encrypt: 41c7aa6da1665eab307362296dd568d0
2026-04-28 11:19:24 - getOutlet.php - Authentication berhasil
2026-04-28 11:19:24 - getOutlet.php - Query: SELECT id_out, nama_out, '' AS alamat_out, ofcode_out
            FROM outlet 
            WHERE status_out IN ('Active', '1', 'active')
            AND (nama_out LIKE :key OR ofcode_out LIKE :key)
            ORDER BY nama_out ASC
            LIMIT 20
2026-04-28 11:19:24 - getOutlet.php - Query berhasil, mengembalikan 1 record
2026-04-28 11:19:24 - getOutlet.php - === END REQUEST ===
2026-04-28 04:19:24 - getOutlet.php - === REQUEST GETOUTLET ===
2026-04-28 04:19:24 - getOutlet.php - Method: POST
2026-04-28 04:19:24 - getOutlet.php - POST data: {"tgl":"2026-04-28","encrypt":"41c7aa6da1665eab307362296dd568d0","id_apl":"APL01","key":"Apotek faraza farma"}
2026-04-28 11:19:24 - getOutlet.php - Params - tgl: 2026-04-28, encrypt: 41c7aa6da1665eab307362296dd568d0, id_apl: APL01, key: Apotek faraza farma
2026-04-28 11:19:24 - getOutlet.php - Aplikasi ditemukan: Ya
2026-04-28 11:19:24 - getOutlet.php - Key aplikasi: YbcJSFjkds...
2026-04-28 11:19:24 - getOutlet.php - Expected encrypt: 41c7aa6da1665eab307362296dd568d0
2026-04-28 11:19:24 - getOutlet.php - Received encrypt: 41c7aa6da1665eab307362296dd568d0
2026-04-28 11:19:24 - getOutlet.php - Authentication berhasil
2026-04-28 11:19:24 - getOutlet.php - Query: SELECT id_out, nama_out, '' AS alamat_out, ofcode_out
            FROM outlet 
            WHERE status_out IN ('Active', '1', 'active')
            AND (nama_out LIKE :key OR ofcode_out LIKE :key)
            ORDER BY nama_out ASC
            LIMIT 20
2026-04-28 11:19:24 - getOutlet.php - Query berhasil, mengembalikan 1 record
2026-04-28 11:19:24 - getOutlet.php - === END REQUEST ===
2026-04-28 04:19:25 - getOutlet.php - === REQUEST GETOUTLET ===
2026-04-28 04:19:25 - getOutlet.php - Method: POST
2026-04-28 04:19:25 - getOutlet.php - POST data: {"tgl":"2026-04-28","encrypt":"41c7aa6da1665eab307362296dd568d0","id_apl":"APL01","key":"Apotek faraza"}
2026-04-28 11:19:25 - getOutlet.php - Params - tgl: 2026-04-28, encrypt: 41c7aa6da1665eab307362296dd568d0, id_apl: APL01, key: Apotek faraza
2026-04-28 11:19:25 - getOutlet.php - Aplikasi ditemukan: Ya
2026-04-28 11:19:25 - getOutlet.php - Key aplikasi: YbcJSFjkds...
2026-04-28 11:19:25 - getOutlet.php - Expected encrypt: 41c7aa6da1665eab307362296dd568d0
2026-04-28 11:19:25 - getOutlet.php - Received encrypt: 41c7aa6da1665eab307362296dd568d0
2026-04-28 11:19:25 - getOutlet.php - Authentication berhasil
2026-04-28 11:19:25 - getOutlet.php - Query: SELECT id_out, nama_out, '' AS alamat_out, ofcode_out
            FROM outlet 
            WHERE status_out IN ('Active', '1', 'active')
            AND (nama_out LIKE :key OR ofcode_out LIKE :key)
            ORDER BY nama_out ASC
            LIMIT 20
2026-04-28 11:19:25 - getOutlet.php - Query berhasil, mengembalikan 9 record
2026-04-28 11:19:25 - getOutlet.php - === END REQUEST ===
2026-04-28 04:19:25 - getOutlet.php - === REQUEST GETOUTLET ===
2026-04-28 04:19:25 - getOutlet.php - Method: POST
2026-04-28 04:19:25 - getOutlet.php - POST data: {"tgl":"2026-04-28","encrypt":"41c7aa6da1665eab307362296dd568d0","id_apl":"APL01","key":"Apotek faraza Farma"}
2026-04-28 11:19:25 - getOutlet.php - Params - tgl: 2026-04-28, encrypt: 41c7aa6da1665eab307362296dd568d0, id_apl: APL01, key: Apotek faraza Farma
2026-04-28 11:19:25 - getOutlet.php - Aplikasi ditemukan: Ya
2026-04-28 11:19:25 - getOutlet.php - Key aplikasi: YbcJSFjkds...
2026-04-28 11:19:25 - getOutlet.php - Expected encrypt: 41c7aa6da1665eab307362296dd568d0
2026-04-28 11:19:25 - getOutlet.php - Received encrypt: 41c7aa6da1665eab307362296dd568d0
2026-04-28 11:19:25 - getOutlet.php - Authentication berhasil
2026-04-28 11:19:25 - getOutlet.php - Query: SELECT id_out, nama_out, '' AS alamat_out, ofcode_out
            FROM outlet 
            WHERE status_out IN ('Active', '1', 'active')
            AND (nama_out LIKE :key OR ofcode_out LIKE :key)
            ORDER BY nama_out ASC
            LIMIT 20
2026-04-28 11:19:25 - getOutlet.php - Query berhasil, mengembalikan 1 record
2026-04-28 11:19:25 - getOutlet.php - === END REQUEST ===
2026-04-28 04:19:27 - getOutlet.php - === REQUEST GETOUTLET ===
2026-04-28 04:19:27 - getOutlet.php - Method: POST
2026-04-28 04:19:27 - getOutlet.php - POST data: {"tgl":"2026-04-28","encrypt":"41c7aa6da1665eab307362296dd568d0","id_apl":"APL01","key":"Apotek faraza Farma c"}
2026-04-28 11:19:27 - getOutlet.php - Params - tgl: 2026-04-28, encrypt: 41c7aa6da1665eab307362296dd568d0, id_apl: APL01, key: Apotek faraza Farma c
2026-04-28 11:19:27 - getOutlet.php - Aplikasi ditemukan: Ya
2026-04-28 11:19:27 - getOutlet.php - Key aplikasi: YbcJSFjkds...
2026-04-28 11:19:27 - getOutlet.php - Expected encrypt: 41c7aa6da1665eab307362296dd568d0
2026-04-28 11:19:27 - getOutlet.php - Received encrypt: 41c7aa6da1665eab307362296dd568d0
2026-04-28 11:19:27 - getOutlet.php - Authentication berhasil
2026-04-28 11:19:27 - getOutlet.php - Query: SELECT id_out, nama_out, '' AS alamat_out, ofcode_out
            FROM outlet 
            WHERE status_out IN ('Active', '1', 'active')
            AND (nama_out LIKE :key OR ofcode_out LIKE :key)
            ORDER BY nama_out ASC
            LIMIT 20
2026-04-28 11:19:27 - getOutlet.php - Query berhasil, mengembalikan 0 record
2026-04-28 11:19:27 - getOutlet.php - === END REQUEST ===
2026-04-28 04:19:27 - getOutlet.php - === REQUEST GETOUTLET ===
2026-04-28 04:19:27 - getOutlet.php - Method: POST
2026-04-28 04:19:27 - getOutlet.php - POST data: {"tgl":"2026-04-28","encrypt":"41c7aa6da1665eab307362296dd568d0","id_apl":"APL01","key":"Apotek faraza Farma ci"}
2026-04-28 11:19:27 - getOutlet.php - Params - tgl: 2026-04-28, encrypt: 41c7aa6da1665eab307362296dd568d0, id_apl: APL01, key: Apotek faraza Farma ci
2026-04-28 11:19:27 - getOutlet.php - Aplikasi ditemukan: Ya
2026-04-28 11:19:27 - getOutlet.php - Key aplikasi: YbcJSFjkds...
2026-04-28 11:19:27 - getOutlet.php - Expected encrypt: 41c7aa6da1665eab307362296dd568d0
2026-04-28 11:19:27 - getOutlet.php - Received encrypt: 41c7aa6da1665eab307362296dd568d0
2026-04-28 11:19:27 - getOutlet.php - Authentication berhasil
2026-04-28 11:19:27 - getOutlet.php - Query: SELECT id_out, nama_out, '' AS alamat_out, ofcode_out
            FROM outlet 
            WHERE status_out IN ('Active', '1', 'active')
            AND (nama_out LIKE :key OR ofcode_out LIKE :key)
            ORDER BY nama_out ASC
            LIMIT 20
2026-04-28 11:19:27 - getOutlet.php - Query berhasil, mengembalikan 0 record
2026-04-28 11:19:27 - getOutlet.php - === END REQUEST ===
2026-04-28 04:19:28 - getOutlet.php - === REQUEST GETOUTLET ===
2026-04-28 04:19:28 - getOutlet.php - Method: POST
2026-04-28 04:19:28 - getOutlet.php - POST data: {"tgl":"2026-04-28","encrypt":"41c7aa6da1665eab307362296dd568d0","id_apl":"APL01","key":"Apotek faraza Farma cit"}
2026-04-28 11:19:28 - getOutlet.php - Params - tgl: 2026-04-28, encrypt: 41c7aa6da1665eab307362296dd568d0, id_apl: APL01, key: Apotek faraza Farma cit
2026-04-28 11:19:28 - getOutlet.php - Aplikasi ditemukan: Ya
2026-04-28 11:19:28 - getOutlet.php - Key aplikasi: YbcJSFjkds...
2026-04-28 11:19:28 - getOutlet.php - Expected encrypt: 41c7aa6da1665eab307362296dd568d0
2026-04-28 11:19:28 - getOutlet.php - Received encrypt: 41c7aa6da1665eab307362296dd568d0
2026-04-28 11:19:28 - getOutlet.php - Authentication berhasil
2026-04-28 11:19:28 - getOutlet.php - Query: SELECT id_out, nama_out, '' AS alamat_out, ofcode_out
            FROM outlet 
            WHERE status_out IN ('Active', '1', 'active')
            AND (nama_out LIKE :key OR ofcode_out LIKE :key)
            ORDER BY nama_out ASC
            LIMIT 20
2026-04-28 11:19:28 - getOutlet.php - Query berhasil, mengembalikan 0 record
2026-04-28 11:19:28 - getOutlet.php - === END REQUEST ===
2026-04-28 04:19:28 - getOutlet.php - === REQUEST GETOUTLET ===
2026-04-28 04:19:28 - getOutlet.php - Method: POST
2026-04-28 04:19:28 - getOutlet.php - POST data: {"tgl":"2026-04-28","encrypt":"41c7aa6da1665eab307362296dd568d0","id_apl":"APL01","key":"Apotek faraza Farma citr"}
2026-04-28 11:19:28 - getOutlet.php - Params - tgl: 2026-04-28, encrypt: 41c7aa6da1665eab307362296dd568d0, id_apl: APL01, key: Apotek faraza Farma citr
2026-04-28 11:19:28 - getOutlet.php - Aplikasi ditemukan: Ya
2026-04-28 11:19:28 - getOutlet.php - Key aplikasi: YbcJSFjkds...
2026-04-28 11:19:28 - getOutlet.php - Expected encrypt: 41c7aa6da1665eab307362296dd568d0
2026-04-28 11:19:28 - getOutlet.php - Received encrypt: 41c7aa6da1665eab307362296dd568d0
2026-04-28 11:19:28 - getOutlet.php - Authentication berhasil
2026-04-28 11:19:28 - getOutlet.php - Query: SELECT id_out, nama_out, '' AS alamat_out, ofcode_out
            FROM outlet 
            WHERE status_out IN ('Active', '1', 'active')
            AND (nama_out LIKE :key OR ofcode_out LIKE :key)
            ORDER BY nama_out ASC
            LIMIT 20
2026-04-28 11:19:28 - getOutlet.php - Query berhasil, mengembalikan 0 record
2026-04-28 11:19:28 - getOutlet.php - === END REQUEST ===
2026-04-28 04:19:36 - getOutlet.php - === REQUEST GETOUTLET ===
2026-04-28 04:19:36 - getOutlet.php - Method: POST
2026-04-28 04:19:36 - getOutlet.php - POST data: {"tgl":"2026-04-28","encrypt":"41c7aa6da1665eab307362296dd568d0","id_apl":"APL01","key":"Apotek faraza Farma cit"}
2026-04-28 11:19:36 - getOutlet.php - Params - tgl: 2026-04-28, encrypt: 41c7aa6da1665eab307362296dd568d0, id_apl: APL01, key: Apotek faraza Farma cit
2026-04-28 11:19:36 - getOutlet.php - Aplikasi ditemukan: Ya
2026-04-28 11:19:36 - getOutlet.php - Key aplikasi: YbcJSFjkds...
2026-04-28 11:19:36 - getOutlet.php - Expected encrypt: 41c7aa6da1665eab307362296dd568d0
2026-04-28 11:19:36 - getOutlet.php - Received encrypt: 41c7aa6da1665eab307362296dd568d0
2026-04-28 11:19:36 - getOutlet.php - Authentication berhasil
2026-04-28 11:19:36 - getOutlet.php - Query: SELECT id_out, nama_out, '' AS alamat_out, ofcode_out
            FROM outlet 
            WHERE status_out IN ('Active', '1', 'active')
            AND (nama_out LIKE :key OR ofcode_out LIKE :key)
            ORDER BY nama_out ASC
            LIMIT 20
2026-04-28 11:19:36 - getOutlet.php - Query berhasil, mengembalikan 0 record
2026-04-28 11:19:36 - getOutlet.php - === END REQUEST ===
2026-04-28 04:19:36 - getOutlet.php - === REQUEST GETOUTLET ===
2026-04-28 04:19:36 - getOutlet.php - Method: POST
2026-04-28 04:19:36 - getOutlet.php - POST data: {"tgl":"2026-04-28","encrypt":"41c7aa6da1665eab307362296dd568d0","id_apl":"APL01","key":"Apotek faraza Farma ci"}
2026-04-28 11:19:36 - getOutlet.php - Params - tgl: 2026-04-28, encrypt: 41c7aa6da1665eab307362296dd568d0, id_apl: APL01, key: Apotek faraza Farma ci
2026-04-28 11:19:36 - getOutlet.php - Aplikasi ditemukan: Ya
2026-04-28 11:19:36 - getOutlet.php - Key aplikasi: YbcJSFjkds...
2026-04-28 11:19:36 - getOutlet.php - Expected encrypt: 41c7aa6da1665eab307362296dd568d0
2026-04-28 11:19:36 - getOutlet.php - Received encrypt: 41c7aa6da1665eab307362296dd568d0
2026-04-28 11:19:36 - getOutlet.php - Authentication berhasil
2026-04-28 11:19:36 - getOutlet.php - Query: SELECT id_out, nama_out, '' AS alamat_out, ofcode_out
            FROM outlet 
            WHERE status_out IN ('Active', '1', 'active')
            AND (nama_out LIKE :key OR ofcode_out LIKE :key)
            ORDER BY nama_out ASC
            LIMIT 20
2026-04-28 11:19:36 - getOutlet.php - Query berhasil, mengembalikan 0 record
2026-04-28 11:19:36 - getOutlet.php - === END REQUEST ===
2026-04-28 04:19:39 - getOutlet.php - === REQUEST GETOUTLET ===
2026-04-28 04:19:39 - getOutlet.php - Method: POST
2026-04-28 04:19:39 - getOutlet.php - POST data: {"tgl":"2026-04-28","encrypt":"41c7aa6da1665eab307362296dd568d0","id_apl":"APL01","key":"Apotek faraza Farma c"}
2026-04-28 11:19:39 - getOutlet.php - Params - tgl: 2026-04-28, encrypt: 41c7aa6da1665eab307362296dd568d0, id_apl: APL01, key: Apotek faraza Farma c
2026-04-28 11:19:39 - getOutlet.php - Aplikasi ditemukan: Ya
2026-04-28 11:19:39 - getOutlet.php - Key aplikasi: YbcJSFjkds...
2026-04-28 11:19:39 - getOutlet.php - Expected encrypt: 41c7aa6da1665eab307362296dd568d0
2026-04-28 11:19:39 - getOutlet.php - Received encrypt: 41c7aa6da1665eab307362296dd568d0
2026-04-28 11:19:39 - getOutlet.php - Authentication berhasil
2026-04-28 11:19:39 - getOutlet.php - Query: SELECT id_out, nama_out, '' AS alamat_out, ofcode_out
            FROM outlet 
            WHERE status_out IN ('Active', '1', 'active')
            AND (nama_out LIKE :key OR ofcode_out LIKE :key)
            ORDER BY nama_out ASC
            LIMIT 20
2026-04-28 11:19:39 - getOutlet.php - Query berhasil, mengembalikan 0 record
2026-04-28 11:19:39 - getOutlet.php - === END REQUEST ===
2026-04-28 04:19:39 - getOutlet.php - === REQUEST GETOUTLET ===
2026-04-28 04:19:39 - getOutlet.php - Method: POST
2026-04-28 04:19:39 - getOutlet.php - POST data: {"tgl":"2026-04-28","encrypt":"41c7aa6da1665eab307362296dd568d0","id_apl":"APL01","key":"Apotek faraza Farma"}
2026-04-28 11:19:39 - getOutlet.php - Params - tgl: 2026-04-28, encrypt: 41c7aa6da1665eab307362296dd568d0, id_apl: APL01, key: Apotek faraza Farma
2026-04-28 11:19:39 - getOutlet.php - Aplikasi ditemukan: Ya
2026-04-28 11:19:39 - getOutlet.php - Key aplikasi: YbcJSFjkds...
2026-04-28 11:19:39 - getOutlet.php - Expected encrypt: 41c7aa6da1665eab307362296dd568d0
2026-04-28 11:19:39 - getOutlet.php - Received encrypt: 41c7aa6da1665eab307362296dd568d0
2026-04-28 11:19:39 - getOutlet.php - Authentication berhasil
2026-04-28 11:19:39 - getOutlet.php - Query: SELECT id_out, nama_out, '' AS alamat_out, ofcode_out
            FROM outlet 
            WHERE status_out IN ('Active', '1', 'active')
            AND (nama_out LIKE :key OR ofcode_out LIKE :key)
            ORDER BY nama_out ASC
            LIMIT 20
2026-04-28 11:19:39 - getOutlet.php - Query berhasil, mengembalikan 1 record
2026-04-28 11:19:39 - getOutlet.php - === END REQUEST ===
2026-04-28 04:19:41 - getOutlet.php - === REQUEST GETOUTLET ===
2026-04-28 04:19:41 - getOutlet.php - Method: POST
2026-04-28 04:19:41 - getOutlet.php - POST data: {"tgl":"2026-04-28","encrypt":"41c7aa6da1665eab307362296dd568d0","id_apl":"APL01","key":"Apotek faraza Farma C"}
2026-04-28 11:19:41 - getOutlet.php - Params - tgl: 2026-04-28, encrypt: 41c7aa6da1665eab307362296dd568d0, id_apl: APL01, key: Apotek faraza Farma C
2026-04-28 11:19:41 - getOutlet.php - Aplikasi ditemukan: Ya
2026-04-28 11:19:41 - getOutlet.php - Key aplikasi: YbcJSFjkds...
2026-04-28 11:19:41 - getOutlet.php - Expected encrypt: 41c7aa6da1665eab307362296dd568d0
2026-04-28 11:19:41 - getOutlet.php - Received encrypt: 41c7aa6da1665eab307362296dd568d0
2026-04-28 11:19:41 - getOutlet.php - Authentication berhasil
2026-04-28 11:19:41 - getOutlet.php - Query: SELECT id_out, nama_out, '' AS alamat_out, ofcode_out
            FROM outlet 
            WHERE status_out IN ('Active', '1', 'active')
            AND (nama_out LIKE :key OR ofcode_out LIKE :key)
            ORDER BY nama_out ASC
            LIMIT 20
2026-04-28 11:19:41 - getOutlet.php - Query berhasil, mengembalikan 0 record
2026-04-28 11:19:41 - getOutlet.php - === END REQUEST ===
2026-04-28 04:19:43 - getOutlet.php - === REQUEST GETOUTLET ===
2026-04-28 04:19:43 - getOutlet.php - Method: POST
2026-04-28 04:19:43 - getOutlet.php - POST data: {"tgl":"2026-04-28","encrypt":"41c7aa6da1665eab307362296dd568d0","id_apl":"APL01","key":"Apotek faraza Farma Ci"}
2026-04-28 11:19:43 - getOutlet.php - Params - tgl: 2026-04-28, encrypt: 41c7aa6da1665eab307362296dd568d0, id_apl: APL01, key: Apotek faraza Farma Ci
2026-04-28 11:19:43 - getOutlet.php - Aplikasi ditemukan: Ya
2026-04-28 11:19:43 - getOutlet.php - Key aplikasi: YbcJSFjkds...
2026-04-28 11:19:43 - getOutlet.php - Expected encrypt: 41c7aa6da1665eab307362296dd568d0
2026-04-28 11:19:43 - getOutlet.php - Received encrypt: 41c7aa6da1665eab307362296dd568d0
2026-04-28 11:19:43 - getOutlet.php - Authentication berhasil
2026-04-28 11:19:43 - getOutlet.php - Query: SELECT id_out, nama_out, '' AS alamat_out, ofcode_out
            FROM outlet 
            WHERE status_out IN ('Active', '1', 'active')
            AND (nama_out LIKE :key OR ofcode_out LIKE :key)
            ORDER BY nama_out ASC
            LIMIT 20
2026-04-28 11:19:43 - getOutlet.php - Query berhasil, mengembalikan 0 record
2026-04-28 11:19:43 - getOutlet.php - === END REQUEST ===
2026-04-28 04:19:46 - getOutlet.php - === REQUEST GETOUTLET ===
2026-04-28 04:19:46 - getOutlet.php - Method: POST
2026-04-28 04:19:46 - getOutlet.php - POST data: {"tgl":"2026-04-28","encrypt":"41c7aa6da1665eab307362296dd568d0","id_apl":"APL01","key":"Apotek faraza Farma C"}
2026-04-28 11:19:46 - getOutlet.php - Params - tgl: 2026-04-28, encrypt: 41c7aa6da1665eab307362296dd568d0, id_apl: APL01, key: Apotek faraza Farma C
2026-04-28 11:19:46 - getOutlet.php - Aplikasi ditemukan: Ya
2026-04-28 11:19:46 - getOutlet.php - Key aplikasi: YbcJSFjkds...
2026-04-28 11:19:46 - getOutlet.php - Expected encrypt: 41c7aa6da1665eab307362296dd568d0
2026-04-28 11:19:46 - getOutlet.php - Received encrypt: 41c7aa6da1665eab307362296dd568d0
2026-04-28 11:19:46 - getOutlet.php - Authentication berhasil
2026-04-28 11:19:46 - getOutlet.php - Query: SELECT id_out, nama_out, '' AS alamat_out, ofcode_out
            FROM outlet 
            WHERE status_out IN ('Active', '1', 'active')
            AND (nama_out LIKE :key OR ofcode_out LIKE :key)
            ORDER BY nama_out ASC
            LIMIT 20
2026-04-28 11:19:46 - getOutlet.php - Query berhasil, mengembalikan 0 record
2026-04-28 11:19:46 - getOutlet.php - === END REQUEST ===
2026-04-28 04:19:47 - getOutlet.php - === REQUEST GETOUTLET ===
2026-04-28 04:19:47 - getOutlet.php - Method: POST
2026-04-28 04:19:47 - getOutlet.php - POST data: {"tgl":"2026-04-28","encrypt":"41c7aa6da1665eab307362296dd568d0","id_apl":"APL01","key":"Apotek faraza Farma Ci"}
2026-04-28 11:19:47 - getOutlet.php - Params - tgl: 2026-04-28, encrypt: 41c7aa6da1665eab307362296dd568d0, id_apl: APL01, key: Apotek faraza Farma Ci
2026-04-28 11:19:47 - getOutlet.php - Aplikasi ditemukan: Ya
2026-04-28 11:19:47 - getOutlet.php - Key aplikasi: YbcJSFjkds...
2026-04-28 11:19:47 - getOutlet.php - Expected encrypt: 41c7aa6da1665eab307362296dd568d0
2026-04-28 11:19:47 - getOutlet.php - Received encrypt: 41c7aa6da1665eab307362296dd568d0
2026-04-28 11:19:47 - getOutlet.php - Authentication berhasil
2026-04-28 11:19:47 - getOutlet.php - Query: SELECT id_out, nama_out, '' AS alamat_out, ofcode_out
            FROM outlet 
            WHERE status_out IN ('Active', '1', 'active')
            AND (nama_out LIKE :key OR ofcode_out LIKE :key)
            ORDER BY nama_out ASC
            LIMIT 20
2026-04-28 11:19:47 - getOutlet.php - Query berhasil, mengembalikan 0 record
2026-04-28 11:19:47 - getOutlet.php - === END REQUEST ===
2026-04-28 04:19:48 - getOutlet.php - === REQUEST GETOUTLET ===
2026-04-28 04:19:48 - getOutlet.php - Method: POST
2026-04-28 04:19:48 - getOutlet.php - POST data: {"tgl":"2026-04-28","encrypt":"41c7aa6da1665eab307362296dd568d0","id_apl":"APL01","key":"Apotek faraza Farma Cir"}
2026-04-28 11:19:48 - getOutlet.php - Params - tgl: 2026-04-28, encrypt: 41c7aa6da1665eab307362296dd568d0, id_apl: APL01, key: Apotek faraza Farma Cir
2026-04-28 11:19:48 - getOutlet.php - Aplikasi ditemukan: Ya
2026-04-28 11:19:48 - getOutlet.php - Key aplikasi: YbcJSFjkds...
2026-04-28 11:19:48 - getOutlet.php - Expected encrypt: 41c7aa6da1665eab307362296dd568d0
2026-04-28 11:19:48 - getOutlet.php - Received encrypt: 41c7aa6da1665eab307362296dd568d0
2026-04-28 11:19:48 - getOutlet.php - Authentication berhasil
2026-04-28 11:19:48 - getOutlet.php - Query: SELECT id_out, nama_out, '' AS alamat_out, ofcode_out
            FROM outlet 
            WHERE status_out IN ('Active', '1', 'active')
            AND (nama_out LIKE :key OR ofcode_out LIKE :key)
            ORDER BY nama_out ASC
            LIMIT 20
2026-04-28 11:19:48 - getOutlet.php - Query berhasil, mengembalikan 0 record
2026-04-28 11:19:48 - getOutlet.php - === END REQUEST ===
2026-04-28 04:19:48 - getOutlet.php - === REQUEST GETOUTLET ===
2026-04-28 04:19:48 - getOutlet.php - Method: POST
2026-04-28 04:19:48 - getOutlet.php - POST data: {"tgl":"2026-04-28","encrypt":"41c7aa6da1665eab307362296dd568d0","id_apl":"APL01","key":"Apotek faraza Farma Cira"}
2026-04-28 11:19:48 - getOutlet.php - Params - tgl: 2026-04-28, encrypt: 41c7aa6da1665eab307362296dd568d0, id_apl: APL01, key: Apotek faraza Farma Cira
2026-04-28 11:19:48 - getOutlet.php - Aplikasi ditemukan: Ya
2026-04-28 11:19:48 - getOutlet.php - Key aplikasi: YbcJSFjkds...
2026-04-28 11:19:48 - getOutlet.php - Expected encrypt: 41c7aa6da1665eab307362296dd568d0
2026-04-28 11:19:48 - getOutlet.php - Received encrypt: 41c7aa6da1665eab307362296dd568d0
2026-04-28 11:19:48 - getOutlet.php - Authentication berhasil
2026-04-28 11:19:48 - getOutlet.php - Query: SELECT id_out, nama_out, '' AS alamat_out, ofcode_out
            FROM outlet 
            WHERE status_out IN ('Active', '1', 'active')
            AND (nama_out LIKE :key OR ofcode_out LIKE :key)
            ORDER BY nama_out ASC
            LIMIT 20
2026-04-28 11:19:48 - getOutlet.php - Query berhasil, mengembalikan 0 record
2026-04-28 11:19:48 - getOutlet.php - === END REQUEST ===
2026-04-28 04:19:50 - getOutlet.php - === REQUEST GETOUTLET ===
2026-04-28 04:19:50 - getOutlet.php - Method: POST
2026-04-28 04:19:50 - getOutlet.php - POST data: {"tgl":"2026-04-28","encrypt":"41c7aa6da1665eab307362296dd568d0","id_apl":"APL01","key":"Apotek faraza Farma Cir"}
2026-04-28 11:19:50 - getOutlet.php - Params - tgl: 2026-04-28, encrypt: 41c7aa6da1665eab307362296dd568d0, id_apl: APL01, key: Apotek faraza Farma Cir
2026-04-28 11:19:50 - getOutlet.php - Aplikasi ditemukan: Ya
2026-04-28 11:19:50 - getOutlet.php - Key aplikasi: YbcJSFjkds...
2026-04-28 11:19:50 - getOutlet.php - Expected encrypt: 41c7aa6da1665eab307362296dd568d0
2026-04-28 11:19:50 - getOutlet.php - Received encrypt: 41c7aa6da1665eab307362296dd568d0
2026-04-28 11:19:50 - getOutlet.php - Authentication berhasil
2026-04-28 11:19:50 - getOutlet.php - Query: SELECT id_out, nama_out, '' AS alamat_out, ofcode_out
            FROM outlet 
            WHERE status_out IN ('Active', '1', 'active')
            AND (nama_out LIKE :key OR ofcode_out LIKE :key)
            ORDER BY nama_out ASC
            LIMIT 20
2026-04-28 11:19:50 - getOutlet.php - Query berhasil, mengembalikan 0 record
2026-04-28 11:19:50 - getOutlet.php - === END REQUEST ===
2026-04-28 04:19:50 - getOutlet.php - === REQUEST GETOUTLET ===
2026-04-28 04:19:50 - getOutlet.php - Method: POST
2026-04-28 04:19:50 - getOutlet.php - POST data: {"tgl":"2026-04-28","encrypt":"41c7aa6da1665eab307362296dd568d0","id_apl":"APL01","key":"Apotek faraza Farma Ci"}
2026-04-28 11:19:50 - getOutlet.php - Params - tgl: 2026-04-28, encrypt: 41c7aa6da1665eab307362296dd568d0, id_apl: APL01, key: Apotek faraza Farma Ci
2026-04-28 11:19:50 - getOutlet.php - Aplikasi ditemukan: Ya
2026-04-28 11:19:50 - getOutlet.php - Key aplikasi: YbcJSFjkds...
2026-04-28 11:19:50 - getOutlet.php - Expected encrypt: 41c7aa6da1665eab307362296dd568d0
2026-04-28 11:19:50 - getOutlet.php - Received encrypt: 41c7aa6da1665eab307362296dd568d0
2026-04-28 11:19:50 - getOutlet.php - Authentication berhasil
2026-04-28 11:19:50 - getOutlet.php - Query: SELECT id_out, nama_out, '' AS alamat_out, ofcode_out
            FROM outlet 
            WHERE status_out IN ('Active', '1', 'active')
            AND (nama_out LIKE :key OR ofcode_out LIKE :key)
            ORDER BY nama_out ASC
            LIMIT 20
2026-04-28 11:19:50 - getOutlet.php - Query berhasil, mengembalikan 0 record
2026-04-28 11:19:50 - getOutlet.php - === END REQUEST ===
2026-04-28 04:19:51 - getOutlet.php - === REQUEST GETOUTLET ===
2026-04-28 04:19:51 - getOutlet.php - Method: POST
2026-04-28 04:19:51 - getOutlet.php - POST data: {"tgl":"2026-04-28","encrypt":"41c7aa6da1665eab307362296dd568d0","id_apl":"APL01","key":"Apotek faraza Farma Cit"}
2026-04-28 11:19:51 - getOutlet.php - Params - tgl: 2026-04-28, encrypt: 41c7aa6da1665eab307362296dd568d0, id_apl: APL01, key: Apotek faraza Farma Cit
2026-04-28 11:19:51 - getOutlet.php - Aplikasi ditemukan: Ya
2026-04-28 11:19:51 - getOutlet.php - Key aplikasi: YbcJSFjkds...
2026-04-28 11:19:51 - getOutlet.php - Expected encrypt: 41c7aa6da1665eab307362296dd568d0
2026-04-28 11:19:51 - getOutlet.php - Received encrypt: 41c7aa6da1665eab307362296dd568d0
2026-04-28 11:19:51 - getOutlet.php - Authentication berhasil
2026-04-28 11:19:51 - getOutlet.php - Query: SELECT id_out, nama_out, '' AS alamat_out, ofcode_out
            FROM outlet 
            WHERE status_out IN ('Active', '1', 'active')
            AND (nama_out LIKE :key OR ofcode_out LIKE :key)
            ORDER BY nama_out ASC
            LIMIT 20
2026-04-28 11:19:51 - getOutlet.php - Query berhasil, mengembalikan 0 record
2026-04-28 11:19:51 - getOutlet.php - === END REQUEST ===
2026-04-28 04:19:51 - getOutlet.php - === REQUEST GETOUTLET ===
2026-04-28 04:19:51 - getOutlet.php - Method: POST
2026-04-28 04:19:51 - getOutlet.php - POST data: {"tgl":"2026-04-28","encrypt":"41c7aa6da1665eab307362296dd568d0","id_apl":"APL01","key":"Apotek faraza Farma Citr"}
2026-04-28 11:19:51 - getOutlet.php - Params - tgl: 2026-04-28, encrypt: 41c7aa6da1665eab307362296dd568d0, id_apl: APL01, key: Apotek faraza Farma Citr
2026-04-28 11:19:51 - getOutlet.php - Aplikasi ditemukan: Ya
2026-04-28 11:19:51 - getOutlet.php - Key aplikasi: YbcJSFjkds...
2026-04-28 11:19:51 - getOutlet.php - Expected encrypt: 41c7aa6da1665eab307362296dd568d0
2026-04-28 11:19:51 - getOutlet.php - Received encrypt: 41c7aa6da1665eab307362296dd568d0
2026-04-28 11:19:51 - getOutlet.php - Authentication berhasil
2026-04-28 11:19:51 - getOutlet.php - Query: SELECT id_out, nama_out, '' AS alamat_out, ofcode_out
            FROM outlet 
            WHERE status_out IN ('Active', '1', 'active')
            AND (nama_out LIKE :key OR ofcode_out LIKE :key)
            ORDER BY nama_out ASC
            LIMIT 20
2026-04-28 11:19:51 - getOutlet.php - Query berhasil, mengembalikan 0 record
2026-04-28 11:19:51 - getOutlet.php - === END REQUEST ===
2026-04-28 04:19:52 - getOutlet.php - === REQUEST GETOUTLET ===
2026-04-28 04:19:52 - getOutlet.php - Method: POST
2026-04-28 04:19:52 - getOutlet.php - POST data: {"tgl":"2026-04-28","encrypt":"41c7aa6da1665eab307362296dd568d0","id_apl":"APL01","key":"Apotek faraza Farma Citra"}
2026-04-28 11:19:52 - getOutlet.php - Params - tgl: 2026-04-28, encrypt: 41c7aa6da1665eab307362296dd568d0, id_apl: APL01, key: Apotek faraza Farma Citra
2026-04-28 11:19:52 - getOutlet.php - Aplikasi ditemukan: Ya
2026-04-28 11:19:52 - getOutlet.php - Key aplikasi: YbcJSFjkds...
2026-04-28 11:19:52 - getOutlet.php - Expected encrypt: 41c7aa6da1665eab307362296dd568d0
2026-04-28 11:19:52 - getOutlet.php - Received encrypt: 41c7aa6da1665eab307362296dd568d0
2026-04-28 11:19:52 - getOutlet.php - Authentication berhasil
2026-04-28 11:19:52 - getOutlet.php - Query: SELECT id_out, nama_out, '' AS alamat_out, ofcode_out
            FROM outlet 
            WHERE status_out IN ('Active', '1', 'active')
            AND (nama_out LIKE :key OR ofcode_out LIKE :key)
            ORDER BY nama_out ASC
            LIMIT 20
2026-04-28 11:19:52 - getOutlet.php - Query berhasil, mengembalikan 0 record
2026-04-28 11:19:52 - getOutlet.php - === END REQUEST ===
2026-04-28 04:19:52 - getOutlet.php - === REQUEST GETOUTLET ===
2026-04-28 04:19:52 - getOutlet.php - Method: POST
2026-04-28 04:19:52 - getOutlet.php - POST data: {"tgl":"2026-04-28","encrypt":"41c7aa6da1665eab307362296dd568d0","id_apl":"APL01","key":"Apotek faraza Farma Citra"}
2026-04-28 11:19:52 - getOutlet.php - Params - tgl: 2026-04-28, encrypt: 41c7aa6da1665eab307362296dd568d0, id_apl: APL01, key: Apotek faraza Farma Citra
2026-04-28 11:19:52 - getOutlet.php - Aplikasi ditemukan: Ya
2026-04-28 11:19:52 - getOutlet.php - Key aplikasi: YbcJSFjkds...
2026-04-28 11:19:52 - getOutlet.php - Expected encrypt: 41c7aa6da1665eab307362296dd568d0
2026-04-28 11:19:52 - getOutlet.php - Received encrypt: 41c7aa6da1665eab307362296dd568d0
2026-04-28 11:19:52 - getOutlet.php - Authentication berhasil
2026-04-28 11:19:52 - getOutlet.php - Query: SELECT id_out, nama_out, '' AS alamat_out, ofcode_out
            FROM outlet 
            WHERE status_out IN ('Active', '1', 'active')
            AND (nama_out LIKE :key OR ofcode_out LIKE :key)
            ORDER BY nama_out ASC
            LIMIT 20
2026-04-28 11:19:52 - getOutlet.php - Query berhasil, mengembalikan 0 record
2026-04-28 11:19:52 - getOutlet.php - === END REQUEST ===
2026-04-28 04:19:53 - getOutlet.php - === REQUEST GETOUTLET ===
2026-04-28 04:19:53 - getOutlet.php - Method: POST
2026-04-28 04:19:53 - getOutlet.php - POST data: {"tgl":"2026-04-28","encrypt":"41c7aa6da1665eab307362296dd568d0","id_apl":"APL01","key":"Apotek faraza Farma Citra r"}
2026-04-28 11:19:53 - getOutlet.php - Params - tgl: 2026-04-28, encrypt: 41c7aa6da1665eab307362296dd568d0, id_apl: APL01, key: Apotek faraza Farma Citra r
2026-04-28 11:19:53 - getOutlet.php - Aplikasi ditemukan: Ya
2026-04-28 11:19:53 - getOutlet.php - Key aplikasi: YbcJSFjkds...
2026-04-28 11:19:53 - getOutlet.php - Expected encrypt: 41c7aa6da1665eab307362296dd568d0
2026-04-28 11:19:53 - getOutlet.php - Received encrypt: 41c7aa6da1665eab307362296dd568d0
2026-04-28 11:19:53 - getOutlet.php - Authentication berhasil
2026-04-28 11:19:53 - getOutlet.php - Query: SELECT id_out, nama_out, '' AS alamat_out, ofcode_out
            FROM outlet 
            WHERE status_out IN ('Active', '1', 'active')
            AND (nama_out LIKE :key OR ofcode_out LIKE :key)
            ORDER BY nama_out ASC
            LIMIT 20
2026-04-28 11:19:53 - getOutlet.php - Query berhasil, mengembalikan 0 record
2026-04-28 11:19:53 - getOutlet.php - === END REQUEST ===
2026-04-28 04:19:53 - getOutlet.php - === REQUEST GETOUTLET ===
2026-04-28 04:19:53 - getOutlet.php - Method: POST
2026-04-28 04:19:53 - getOutlet.php - POST data: {"tgl":"2026-04-28","encrypt":"41c7aa6da1665eab307362296dd568d0","id_apl":"APL01","key":"Apotek faraza Farma Citra ra"}
2026-04-28 11:19:53 - getOutlet.php - Params - tgl: 2026-04-28, encrypt: 41c7aa6da1665eab307362296dd568d0, id_apl: APL01, key: Apotek faraza Farma Citra ra
2026-04-28 11:19:53 - getOutlet.php - Aplikasi ditemukan: Ya
2026-04-28 11:19:53 - getOutlet.php - Key aplikasi: YbcJSFjkds...
2026-04-28 11:19:53 - getOutlet.php - Expected encrypt: 41c7aa6da1665eab307362296dd568d0
2026-04-28 11:19:53 - getOutlet.php - Received encrypt: 41c7aa6da1665eab307362296dd568d0
2026-04-28 11:19:53 - getOutlet.php - Authentication berhasil
2026-04-28 11:19:53 - getOutlet.php - Query: SELECT id_out, nama_out, '' AS alamat_out, ofcode_out
            FROM outlet 
            WHERE status_out IN ('Active', '1', 'active')
            AND (nama_out LIKE :key OR ofcode_out LIKE :key)
            ORDER BY nama_out ASC
            LIMIT 20
2026-04-28 11:19:53 - getOutlet.php - Query berhasil, mengembalikan 0 record
2026-04-28 11:19:53 - getOutlet.php - === END REQUEST ===
2026-04-28 04:19:53 - getOutlet.php - === REQUEST GETOUTLET ===
2026-04-28 04:19:53 - getOutlet.php - Method: POST
2026-04-28 04:19:53 - getOutlet.php - POST data: {"tgl":"2026-04-28","encrypt":"41c7aa6da1665eab307362296dd568d0","id_apl":"APL01","key":"Apotek faraza Farma Citra ray"}
2026-04-28 11:19:53 - getOutlet.php - Params - tgl: 2026-04-28, encrypt: 41c7aa6da1665eab307362296dd568d0, id_apl: APL01, key: Apotek faraza Farma Citra ray
2026-04-28 11:19:53 - getOutlet.php - Aplikasi ditemukan: Ya
2026-04-28 11:19:53 - getOutlet.php - Key aplikasi: YbcJSFjkds...
2026-04-28 11:19:53 - getOutlet.php - Expected encrypt: 41c7aa6da1665eab307362296dd568d0
2026-04-28 11:19:53 - getOutlet.php - Received encrypt: 41c7aa6da1665eab307362296dd568d0
2026-04-28 11:19:53 - getOutlet.php - Authentication berhasil
2026-04-28 11:19:53 - getOutlet.php - Query: SELECT id_out, nama_out, '' AS alamat_out, ofcode_out
            FROM outlet 
            WHERE status_out IN ('Active', '1', 'active')
            AND (nama_out LIKE :key OR ofcode_out LIKE :key)
            ORDER BY nama_out ASC
            LIMIT 20
2026-04-28 11:19:53 - getOutlet.php - Query berhasil, mengembalikan 0 record
2026-04-28 11:19:53 - getOutlet.php - === END REQUEST ===
2026-04-28 04:19:53 - getOutlet.php - === REQUEST GETOUTLET ===
2026-04-28 04:19:53 - getOutlet.php - Method: POST
2026-04-28 04:19:53 - getOutlet.php - POST data: {"tgl":"2026-04-28","encrypt":"41c7aa6da1665eab307362296dd568d0","id_apl":"APL01","key":"Apotek faraza Farma Citra raya"}
2026-04-28 11:19:53 - getOutlet.php - Params - tgl: 2026-04-28, encrypt: 41c7aa6da1665eab307362296dd568d0, id_apl: APL01, key: Apotek faraza Farma Citra raya
2026-04-28 11:19:53 - getOutlet.php - Aplikasi ditemukan: Ya
2026-04-28 11:19:53 - getOutlet.php - Key aplikasi: YbcJSFjkds...
2026-04-28 11:19:53 - getOutlet.php - Expected encrypt: 41c7aa6da1665eab307362296dd568d0
2026-04-28 11:19:53 - getOutlet.php - Received encrypt: 41c7aa6da1665eab307362296dd568d0
2026-04-28 11:19:53 - getOutlet.php - Authentication berhasil
2026-04-28 11:19:53 - getOutlet.php - Query: SELECT id_out, nama_out, '' AS alamat_out, ofcode_out
            FROM outlet 
            WHERE status_out IN ('Active', '1', 'active')
            AND (nama_out LIKE :key OR ofcode_out LIKE :key)
            ORDER BY nama_out ASC
            LIMIT 20
2026-04-28 11:19:53 - getOutlet.php - Query berhasil, mengembalikan 0 record
2026-04-28 11:19:53 - getOutlet.php - === END REQUEST ===
2026-04-28 04:20:04 - getOutlet.php - === REQUEST GETOUTLET ===
2026-04-28 04:20:04 - getOutlet.php - Method: POST
2026-04-28 04:20:04 - getOutlet.php - POST data: {"tgl":"2026-04-28","encrypt":"41c7aa6da1665eab307362296dd568d0","id_apl":"APL01","key":"Apotek faraza Farma Citra ray"}
2026-04-28 11:20:04 - getOutlet.php - Params - tgl: 2026-04-28, encrypt: 41c7aa6da1665eab307362296dd568d0, id_apl: APL01, key: Apotek faraza Farma Citra ray
2026-04-28 11:20:04 - getOutlet.php - Aplikasi ditemukan: Ya
2026-04-28 11:20:04 - getOutlet.php - Key aplikasi: YbcJSFjkds...
2026-04-28 11:20:04 - getOutlet.php - Expected encrypt: 41c7aa6da1665eab307362296dd568d0
2026-04-28 11:20:04 - getOutlet.php - Received encrypt: 41c7aa6da1665eab307362296dd568d0
2026-04-28 11:20:04 - getOutlet.php - Authentication berhasil
2026-04-28 11:20:04 - getOutlet.php - Query: SELECT id_out, nama_out, '' AS alamat_out, ofcode_out
            FROM outlet 
            WHERE status_out IN ('Active', '1', 'active')
            AND (nama_out LIKE :key OR ofcode_out LIKE :key)
            ORDER BY nama_out ASC
            LIMIT 20
2026-04-28 11:20:04 - getOutlet.php - Query berhasil, mengembalikan 0 record
2026-04-28 11:20:04 - getOutlet.php - === END REQUEST ===
2026-04-28 04:20:04 - getOutlet.php - === REQUEST GETOUTLET ===
2026-04-28 04:20:04 - getOutlet.php - Method: POST
2026-04-28 04:20:04 - getOutlet.php - POST data: {"tgl":"2026-04-28","encrypt":"41c7aa6da1665eab307362296dd568d0","id_apl":"APL01","key":"Apotek faraza Farma Citra ra"}
2026-04-28 11:20:04 - getOutlet.php - Params - tgl: 2026-04-28, encrypt: 41c7aa6da1665eab307362296dd568d0, id_apl: APL01, key: Apotek faraza Farma Citra ra
2026-04-28 11:20:04 - getOutlet.php - Aplikasi ditemukan: Ya
2026-04-28 11:20:04 - getOutlet.php - Key aplikasi: YbcJSFjkds...
2026-04-28 11:20:04 - getOutlet.php - Expected encrypt: 41c7aa6da1665eab307362296dd568d0
2026-04-28 11:20:04 - getOutlet.php - Received encrypt: 41c7aa6da1665eab307362296dd568d0
2026-04-28 11:20:04 - getOutlet.php - Authentication berhasil
2026-04-28 11:20:04 - getOutlet.php - Query: SELECT id_out, nama_out, '' AS alamat_out, ofcode_out
            FROM outlet 
            WHERE status_out IN ('Active', '1', 'active')
            AND (nama_out LIKE :key OR ofcode_out LIKE :key)
            ORDER BY nama_out ASC
            LIMIT 20
2026-04-28 11:20:04 - getOutlet.php - Query berhasil, mengembalikan 0 record
2026-04-28 11:20:04 - getOutlet.php - === END REQUEST ===
2026-04-28 04:20:04 - getOutlet.php - === REQUEST GETOUTLET ===
2026-04-28 04:20:04 - getOutlet.php - Method: POST
2026-04-28 04:20:04 - getOutlet.php - POST data: {"tgl":"2026-04-28","encrypt":"41c7aa6da1665eab307362296dd568d0","id_apl":"APL01","key":"Apotek faraza Farma Citra r"}
2026-04-28 11:20:04 - getOutlet.php - Params - tgl: 2026-04-28, encrypt: 41c7aa6da1665eab307362296dd568d0, id_apl: APL01, key: Apotek faraza Farma Citra r
2026-04-28 11:20:04 - getOutlet.php - Aplikasi ditemukan: Ya
2026-04-28 11:20:04 - getOutlet.php - Key aplikasi: YbcJSFjkds...
2026-04-28 11:20:04 - getOutlet.php - Expected encrypt: 41c7aa6da1665eab307362296dd568d0
2026-04-28 11:20:04 - getOutlet.php - Received encrypt: 41c7aa6da1665eab307362296dd568d0
2026-04-28 11:20:04 - getOutlet.php - Authentication berhasil
2026-04-28 11:20:05 - getOutlet.php - Query: SELECT id_out, nama_out, '' AS alamat_out, ofcode_out
            FROM outlet 
            WHERE status_out IN ('Active', '1', 'active')
            AND (nama_out LIKE :key OR ofcode_out LIKE :key)
            ORDER BY nama_out ASC
            LIMIT 20
2026-04-28 11:20:05 - getOutlet.php - Query berhasil, mengembalikan 0 record
2026-04-28 11:20:05 - getOutlet.php - === END REQUEST ===
2026-04-28 04:20:05 - getOutlet.php - === REQUEST GETOUTLET ===
2026-04-28 04:20:05 - getOutlet.php - Method: POST
2026-04-28 04:20:05 - getOutlet.php - POST data: {"tgl":"2026-04-28","encrypt":"41c7aa6da1665eab307362296dd568d0","id_apl":"APL01","key":"Apotek faraza Farma Citra"}
2026-04-28 11:20:05 - getOutlet.php - Params - tgl: 2026-04-28, encrypt: 41c7aa6da1665eab307362296dd568d0, id_apl: APL01, key: Apotek faraza Farma Citra
2026-04-28 11:20:05 - getOutlet.php - Aplikasi ditemukan: Ya
2026-04-28 11:20:05 - getOutlet.php - Key aplikasi: YbcJSFjkds...
2026-04-28 11:20:05 - getOutlet.php - Expected encrypt: 41c7aa6da1665eab307362296dd568d0
2026-04-28 11:20:05 - getOutlet.php - Received encrypt: 41c7aa6da1665eab307362296dd568d0
2026-04-28 11:20:05 - getOutlet.php - Authentication berhasil
2026-04-28 11:20:05 - getOutlet.php - Query: SELECT id_out, nama_out, '' AS alamat_out, ofcode_out
            FROM outlet 
            WHERE status_out IN ('Active', '1', 'active')
            AND (nama_out LIKE :key OR ofcode_out LIKE :key)
            ORDER BY nama_out ASC
            LIMIT 20
2026-04-28 11:20:05 - getOutlet.php - Query berhasil, mengembalikan 0 record
2026-04-28 11:20:05 - getOutlet.php - === END REQUEST ===
2026-04-28 04:20:05 - getOutlet.php - === REQUEST GETOUTLET ===
2026-04-28 04:20:05 - getOutlet.php - Method: POST
2026-04-28 04:20:05 - getOutlet.php - POST data: {"tgl":"2026-04-28","encrypt":"41c7aa6da1665eab307362296dd568d0","id_apl":"APL01","key":"Apotek faraza Farma Citra"}
2026-04-28 11:20:05 - getOutlet.php - Params - tgl: 2026-04-28, encrypt: 41c7aa6da1665eab307362296dd568d0, id_apl: APL01, key: Apotek faraza Farma Citra
2026-04-28 11:20:05 - getOutlet.php - Aplikasi ditemukan: Ya
2026-04-28 11:20:05 - getOutlet.php - Key aplikasi: YbcJSFjkds...
2026-04-28 11:20:05 - getOutlet.php - Expected encrypt: 41c7aa6da1665eab307362296dd568d0
2026-04-28 11:20:05 - getOutlet.php - Received encrypt: 41c7aa6da1665eab307362296dd568d0
2026-04-28 11:20:05 - getOutlet.php - Authentication berhasil
2026-04-28 11:20:05 - getOutlet.php - Query: SELECT id_out, nama_out, '' AS alamat_out, ofcode_out
            FROM outlet 
            WHERE status_out IN ('Active', '1', 'active')
            AND (nama_out LIKE :key OR ofcode_out LIKE :key)
            ORDER BY nama_out ASC
            LIMIT 20
2026-04-28 11:20:05 - getOutlet.php - Query berhasil, mengembalikan 0 record
2026-04-28 11:20:05 - getOutlet.php - === END REQUEST ===
2026-04-28 04:20:05 - getOutlet.php - === REQUEST GETOUTLET ===
2026-04-28 04:20:05 - getOutlet.php - Method: POST
2026-04-28 04:20:05 - getOutlet.php - POST data: {"tgl":"2026-04-28","encrypt":"41c7aa6da1665eab307362296dd568d0","id_apl":"APL01","key":"Apotek faraza Farma Citr"}
2026-04-28 11:20:05 - getOutlet.php - Params - tgl: 2026-04-28, encrypt: 41c7aa6da1665eab307362296dd568d0, id_apl: APL01, key: Apotek faraza Farma Citr
2026-04-28 11:20:05 - getOutlet.php - Aplikasi ditemukan: Ya
2026-04-28 11:20:05 - getOutlet.php - Key aplikasi: YbcJSFjkds...
2026-04-28 11:20:05 - getOutlet.php - Expected encrypt: 41c7aa6da1665eab307362296dd568d0
2026-04-28 11:20:05 - getOutlet.php - Received encrypt: 41c7aa6da1665eab307362296dd568d0
2026-04-28 11:20:05 - getOutlet.php - Authentication berhasil
2026-04-28 11:20:05 - getOutlet.php - Query: SELECT id_out, nama_out, '' AS alamat_out, ofcode_out
            FROM outlet 
            WHERE status_out IN ('Active', '1', 'active')
            AND (nama_out LIKE :key OR ofcode_out LIKE :key)
            ORDER BY nama_out ASC
            LIMIT 20
2026-04-28 11:20:05 - getOutlet.php - Query berhasil, mengembalikan 0 record
2026-04-28 11:20:05 - getOutlet.php - === END REQUEST ===
2026-04-28 04:20:05 - getOutlet.php - === REQUEST GETOUTLET ===
2026-04-28 04:20:05 - getOutlet.php - Method: POST
2026-04-28 04:20:05 - getOutlet.php - POST data: {"tgl":"2026-04-28","encrypt":"41c7aa6da1665eab307362296dd568d0","id_apl":"APL01","key":"Apotek faraza Farma Cit"}
2026-04-28 11:20:05 - getOutlet.php - Params - tgl: 2026-04-28, encrypt: 41c7aa6da1665eab307362296dd568d0, id_apl: APL01, key: Apotek faraza Farma Cit
2026-04-28 11:20:05 - getOutlet.php - Aplikasi ditemukan: Ya
2026-04-28 11:20:05 - getOutlet.php - Key aplikasi: YbcJSFjkds...
2026-04-28 11:20:05 - getOutlet.php - Expected encrypt: 41c7aa6da1665eab307362296dd568d0
2026-04-28 11:20:05 - getOutlet.php - Received encrypt: 41c7aa6da1665eab307362296dd568d0
2026-04-28 11:20:05 - getOutlet.php - Authentication berhasil
2026-04-28 11:20:05 - getOutlet.php - Query: SELECT id_out, nama_out, '' AS alamat_out, ofcode_out
            FROM outlet 
            WHERE status_out IN ('Active', '1', 'active')
            AND (nama_out LIKE :key OR ofcode_out LIKE :key)
            ORDER BY nama_out ASC
            LIMIT 20
2026-04-28 11:20:05 - getOutlet.php - Query berhasil, mengembalikan 0 record
2026-04-28 11:20:05 - getOutlet.php - === END REQUEST ===
2026-04-28 04:20:05 - getOutlet.php - === REQUEST GETOUTLET ===
2026-04-28 04:20:05 - getOutlet.php - Method: POST
2026-04-28 04:20:05 - getOutlet.php - POST data: {"tgl":"2026-04-28","encrypt":"41c7aa6da1665eab307362296dd568d0","id_apl":"APL01","key":"Apotek faraza Farma Ci"}
2026-04-28 11:20:05 - getOutlet.php - Params - tgl: 2026-04-28, encrypt: 41c7aa6da1665eab307362296dd568d0, id_apl: APL01, key: Apotek faraza Farma Ci
2026-04-28 11:20:06 - getOutlet.php - Aplikasi ditemukan: Ya
2026-04-28 11:20:06 - getOutlet.php - Key aplikasi: YbcJSFjkds...
2026-04-28 11:20:06 - getOutlet.php - Expected encrypt: 41c7aa6da1665eab307362296dd568d0
2026-04-28 11:20:06 - getOutlet.php - Received encrypt: 41c7aa6da1665eab307362296dd568d0
2026-04-28 11:20:06 - getOutlet.php - Authentication berhasil
2026-04-28 11:20:06 - getOutlet.php - Query: SELECT id_out, nama_out, '' AS alamat_out, ofcode_out
            FROM outlet 
            WHERE status_out IN ('Active', '1', 'active')
            AND (nama_out LIKE :key OR ofcode_out LIKE :key)
            ORDER BY nama_out ASC
            LIMIT 20
2026-04-28 11:20:06 - getOutlet.php - Query berhasil, mengembalikan 0 record
2026-04-28 11:20:06 - getOutlet.php - === END REQUEST ===
2026-04-28 04:20:06 - getOutlet.php - === REQUEST GETOUTLET ===
2026-04-28 04:20:06 - getOutlet.php - Method: POST
2026-04-28 04:20:06 - getOutlet.php - POST data: {"tgl":"2026-04-28","encrypt":"41c7aa6da1665eab307362296dd568d0","id_apl":"APL01","key":"Apotek faraza Farma Cil"}
2026-04-28 11:20:06 - getOutlet.php - Params - tgl: 2026-04-28, encrypt: 41c7aa6da1665eab307362296dd568d0, id_apl: APL01, key: Apotek faraza Farma Cil
2026-04-28 11:20:06 - getOutlet.php - Aplikasi ditemukan: Ya
2026-04-28 11:20:06 - getOutlet.php - Key aplikasi: YbcJSFjkds...
2026-04-28 11:20:06 - getOutlet.php - Expected encrypt: 41c7aa6da1665eab307362296dd568d0
2026-04-28 11:20:06 - getOutlet.php - Received encrypt: 41c7aa6da1665eab307362296dd568d0
2026-04-28 11:20:06 - getOutlet.php - Authentication berhasil
2026-04-28 11:20:06 - getOutlet.php - Query: SELECT id_out, nama_out, '' AS alamat_out, ofcode_out
            FROM outlet 
            WHERE status_out IN ('Active', '1', 'active')
            AND (nama_out LIKE :key OR ofcode_out LIKE :key)
            ORDER BY nama_out ASC
            LIMIT 20
2026-04-28 11:20:06 - getOutlet.php - Query berhasil, mengembalikan 0 record
2026-04-28 11:20:06 - getOutlet.php - === END REQUEST ===
2026-04-28 04:20:07 - getOutlet.php - === REQUEST GETOUTLET ===
2026-04-28 04:20:07 - getOutlet.php - Method: POST
2026-04-28 04:20:07 - getOutlet.php - POST data: {"tgl":"2026-04-28","encrypt":"41c7aa6da1665eab307362296dd568d0","id_apl":"APL01","key":"Apotek faraza Farma Ci"}
2026-04-28 11:20:07 - getOutlet.php - Params - tgl: 2026-04-28, encrypt: 41c7aa6da1665eab307362296dd568d0, id_apl: APL01, key: Apotek faraza Farma Ci
2026-04-28 11:20:07 - getOutlet.php - Aplikasi ditemukan: Ya
2026-04-28 11:20:07 - getOutlet.php - Key aplikasi: YbcJSFjkds...
2026-04-28 11:20:07 - getOutlet.php - Expected encrypt: 41c7aa6da1665eab307362296dd568d0
2026-04-28 11:20:07 - getOutlet.php - Received encrypt: 41c7aa6da1665eab307362296dd568d0
2026-04-28 11:20:07 - getOutlet.php - Authentication berhasil
2026-04-28 11:20:07 - getOutlet.php - Query: SELECT id_out, nama_out, '' AS alamat_out, ofcode_out
            FROM outlet 
            WHERE status_out IN ('Active', '1', 'active')
            AND (nama_out LIKE :key OR ofcode_out LIKE :key)
            ORDER BY nama_out ASC
            LIMIT 20
2026-04-28 11:20:07 - getOutlet.php - Query berhasil, mengembalikan 0 record
2026-04-28 11:20:07 - getOutlet.php - === END REQUEST ===
2026-04-28 04:20:12 - getOutlet.php - === REQUEST GETOUTLET ===
2026-04-28 04:20:12 - getOutlet.php - Method: POST
2026-04-28 04:20:12 - getOutlet.php - POST data: {"tgl":"2026-04-28","encrypt":"41c7aa6da1665eab307362296dd568d0","id_apl":"APL01","key":"Apotek faraza Farma C"}
2026-04-28 11:20:12 - getOutlet.php - Params - tgl: 2026-04-28, encrypt: 41c7aa6da1665eab307362296dd568d0, id_apl: APL01, key: Apotek faraza Farma C
2026-04-28 11:20:12 - getOutlet.php - Aplikasi ditemukan: Ya
2026-04-28 11:20:12 - getOutlet.php - Key aplikasi: YbcJSFjkds...
2026-04-28 11:20:12 - getOutlet.php - Expected encrypt: 41c7aa6da1665eab307362296dd568d0
2026-04-28 11:20:12 - getOutlet.php - Received encrypt: 41c7aa6da1665eab307362296dd568d0
2026-04-28 11:20:12 - getOutlet.php - Authentication berhasil
2026-04-28 11:20:12 - getOutlet.php - Query: SELECT id_out, nama_out, '' AS alamat_out, ofcode_out
            FROM outlet 
            WHERE status_out IN ('Active', '1', 'active')
            AND (nama_out LIKE :key OR ofcode_out LIKE :key)
            ORDER BY nama_out ASC
            LIMIT 20
2026-04-28 11:20:12 - getOutlet.php - Query berhasil, mengembalikan 0 record
2026-04-28 11:20:12 - getOutlet.php - === END REQUEST ===
2026-04-28 04:20:19 - getOutlet.php - === REQUEST GETOUTLET ===
2026-04-28 04:20:19 - getOutlet.php - Method: POST
2026-04-28 04:20:19 - getOutlet.php - POST data: {"tgl":"2026-04-28","encrypt":"41c7aa6da1665eab307362296dd568d0","id_apl":"APL01","key":"Apote faraza Farma C"}
2026-04-28 11:20:19 - getOutlet.php - Params - tgl: 2026-04-28, encrypt: 41c7aa6da1665eab307362296dd568d0, id_apl: APL01, key: Apote faraza Farma C
2026-04-28 11:20:19 - getOutlet.php - Aplikasi ditemukan: Ya
2026-04-28 11:20:19 - getOutlet.php - Key aplikasi: YbcJSFjkds...
2026-04-28 11:20:19 - getOutlet.php - Expected encrypt: 41c7aa6da1665eab307362296dd568d0
2026-04-28 11:20:19 - getOutlet.php - Received encrypt: 41c7aa6da1665eab307362296dd568d0
2026-04-28 11:20:19 - getOutlet.php - Authentication berhasil
2026-04-28 11:20:19 - getOutlet.php - Query: SELECT id_out, nama_out, '' AS alamat_out, ofcode_out
            FROM outlet 
            WHERE status_out IN ('Active', '1', 'active')
            AND (nama_out LIKE :key OR ofcode_out LIKE :key)
            ORDER BY nama_out ASC
            LIMIT 20
2026-04-28 11:20:19 - getOutlet.php - Query berhasil, mengembalikan 0 record
2026-04-28 11:20:19 - getOutlet.php - === END REQUEST ===
2026-04-28 04:20:19 - getOutlet.php - === REQUEST GETOUTLET ===
2026-04-28 04:20:19 - getOutlet.php - Method: POST
2026-04-28 04:20:19 - getOutlet.php - POST data: {"tgl":"2026-04-28","encrypt":"41c7aa6da1665eab307362296dd568d0","id_apl":"APL01","key":"Apot faraza Farma C"}
2026-04-28 11:20:19 - getOutlet.php - Params - tgl: 2026-04-28, encrypt: 41c7aa6da1665eab307362296dd568d0, id_apl: APL01, key: Apot faraza Farma C
2026-04-28 11:20:19 - getOutlet.php - Aplikasi ditemukan: Ya
2026-04-28 11:20:19 - getOutlet.php - Key aplikasi: YbcJSFjkds...
2026-04-28 11:20:19 - getOutlet.php - Expected encrypt: 41c7aa6da1665eab307362296dd568d0
2026-04-28 11:20:19 - getOutlet.php - Received encrypt: 41c7aa6da1665eab307362296dd568d0
2026-04-28 11:20:19 - getOutlet.php - Authentication berhasil
2026-04-28 11:20:19 - getOutlet.php - Query: SELECT id_out, nama_out, '' AS alamat_out, ofcode_out
            FROM outlet 
            WHERE status_out IN ('Active', '1', 'active')
            AND (nama_out LIKE :key OR ofcode_out LIKE :key)
            ORDER BY nama_out ASC
            LIMIT 20
2026-04-28 11:20:19 - getOutlet.php - Query berhasil, mengembalikan 0 record
2026-04-28 11:20:19 - getOutlet.php - === END REQUEST ===
2026-04-28 04:20:19 - getOutlet.php - === REQUEST GETOUTLET ===
2026-04-28 04:20:19 - getOutlet.php - Method: POST
2026-04-28 04:20:19 - getOutlet.php - POST data: {"tgl":"2026-04-28","encrypt":"41c7aa6da1665eab307362296dd568d0","id_apl":"APL01","key":"Apo faraza Farma C"}
2026-04-28 11:20:19 - getOutlet.php - Params - tgl: 2026-04-28, encrypt: 41c7aa6da1665eab307362296dd568d0, id_apl: APL01, key: Apo faraza Farma C
2026-04-28 11:20:19 - getOutlet.php - Aplikasi ditemukan: Ya
2026-04-28 11:20:19 - getOutlet.php - Key aplikasi: YbcJSFjkds...
2026-04-28 11:20:19 - getOutlet.php - Expected encrypt: 41c7aa6da1665eab307362296dd568d0
2026-04-28 11:20:19 - getOutlet.php - Received encrypt: 41c7aa6da1665eab307362296dd568d0
2026-04-28 11:20:19 - getOutlet.php - Authentication berhasil
2026-04-28 11:20:19 - getOutlet.php - Query: SELECT id_out, nama_out, '' AS alamat_out, ofcode_out
            FROM outlet 
            WHERE status_out IN ('Active', '1', 'active')
            AND (nama_out LIKE :key OR ofcode_out LIKE :key)
            ORDER BY nama_out ASC
            LIMIT 20
2026-04-28 11:20:19 - getOutlet.php - Query berhasil, mengembalikan 0 record
2026-04-28 11:20:19 - getOutlet.php - === END REQUEST ===
2026-04-28 04:20:19 - getOutlet.php - === REQUEST GETOUTLET ===
2026-04-28 04:20:19 - getOutlet.php - Method: POST
2026-04-28 04:20:19 - getOutlet.php - POST data: {"tgl":"2026-04-28","encrypt":"41c7aa6da1665eab307362296dd568d0","id_apl":"APL01","key":"Ap faraza Farma C"}
2026-04-28 11:20:19 - getOutlet.php - Params - tgl: 2026-04-28, encrypt: 41c7aa6da1665eab307362296dd568d0, id_apl: APL01, key: Ap faraza Farma C
2026-04-28 11:20:19 - getOutlet.php - Aplikasi ditemukan: Ya
2026-04-28 11:20:19 - getOutlet.php - Key aplikasi: YbcJSFjkds...
2026-04-28 11:20:19 - getOutlet.php - Expected encrypt: 41c7aa6da1665eab307362296dd568d0
2026-04-28 11:20:19 - getOutlet.php - Received encrypt: 41c7aa6da1665eab307362296dd568d0
2026-04-28 11:20:19 - getOutlet.php - Authentication berhasil
2026-04-28 11:20:19 - getOutlet.php - Query: SELECT id_out, nama_out, '' AS alamat_out, ofcode_out
            FROM outlet 
            WHERE status_out IN ('Active', '1', 'active')
            AND (nama_out LIKE :key OR ofcode_out LIKE :key)
            ORDER BY nama_out ASC
            LIMIT 20
2026-04-28 11:20:19 - getOutlet.php - Query berhasil, mengembalikan 1 record
2026-04-28 11:20:19 - getOutlet.php - === END REQUEST ===
2026-04-28 04:21:01 - getOutlet.php - === REQUEST GETOUTLET ===
2026-04-28 04:21:01 - getOutlet.php - Method: POST
2026-04-28 04:21:01 - getOutlet.php - POST data: {"tgl":"2026-04-28","encrypt":"41c7aa6da1665eab307362296dd568d0","id_apl":"APL01","key":"Rs"}
2026-04-28 11:21:01 - getOutlet.php - Params - tgl: 2026-04-28, encrypt: 41c7aa6da1665eab307362296dd568d0, id_apl: APL01, key: Rs
2026-04-28 11:21:01 - getOutlet.php - Aplikasi ditemukan: Ya
2026-04-28 11:21:01 - getOutlet.php - Key aplikasi: YbcJSFjkds...
2026-04-28 11:21:01 - getOutlet.php - Expected encrypt: 41c7aa6da1665eab307362296dd568d0
2026-04-28 11:21:01 - getOutlet.php - Received encrypt: 41c7aa6da1665eab307362296dd568d0
2026-04-28 11:21:01 - getOutlet.php - Authentication berhasil
2026-04-28 11:21:01 - getOutlet.php - Query: SELECT id_out, nama_out, '' AS alamat_out, ofcode_out
            FROM outlet 
            WHERE status_out IN ('Active', '1', 'active')
            AND (nama_out LIKE :key OR ofcode_out LIKE :key)
            ORDER BY nama_out ASC
            LIMIT 20
2026-04-28 11:21:01 - getOutlet.php - Query berhasil, mengembalikan 20 record
2026-04-28 11:21:01 - getOutlet.php - === END REQUEST ===
2026-04-28 04:21:01 - getOutlet.php - === REQUEST GETOUTLET ===
2026-04-28 04:21:01 - getOutlet.php - Method: POST
2026-04-28 04:21:01 - getOutlet.php - POST data: {"tgl":"2026-04-28","encrypt":"41c7aa6da1665eab307362296dd568d0","id_apl":"APL01","key":"Rs"}
2026-04-28 11:21:01 - getOutlet.php - Params - tgl: 2026-04-28, encrypt: 41c7aa6da1665eab307362296dd568d0, id_apl: APL01, key: Rs
2026-04-28 11:21:01 - getOutlet.php - Aplikasi ditemukan: Ya
2026-04-28 11:21:01 - getOutlet.php - Key aplikasi: YbcJSFjkds...
2026-04-28 11:21:01 - getOutlet.php - Expected encrypt: 41c7aa6da1665eab307362296dd568d0
2026-04-28 11:21:01 - getOutlet.php - Received encrypt: 41c7aa6da1665eab307362296dd568d0
2026-04-28 11:21:01 - getOutlet.php - Authentication berhasil
2026-04-28 11:21:01 - getOutlet.php - Query: SELECT id_out, nama_out, '' AS alamat_out, ofcode_out
            FROM outlet 
            WHERE status_out IN ('Active', '1', 'active')
            AND (nama_out LIKE :key OR ofcode_out LIKE :key)
            ORDER BY nama_out ASC
            LIMIT 20
2026-04-28 11:21:01 - getOutlet.php - Query berhasil, mengembalikan 20 record
2026-04-28 11:21:01 - getOutlet.php - === END REQUEST ===
2026-04-28 04:21:01 - getOutlet.php - === REQUEST GETOUTLET ===
2026-04-28 04:21:01 - getOutlet.php - Method: POST
2026-04-28 04:21:01 - getOutlet.php - POST data: {"tgl":"2026-04-28","encrypt":"41c7aa6da1665eab307362296dd568d0","id_apl":"APL01","key":"Rs k"}
2026-04-28 11:21:01 - getOutlet.php - Params - tgl: 2026-04-28, encrypt: 41c7aa6da1665eab307362296dd568d0, id_apl: APL01, key: Rs k
2026-04-28 11:21:01 - getOutlet.php - Aplikasi ditemukan: Ya
2026-04-28 11:21:01 - getOutlet.php - Key aplikasi: YbcJSFjkds...
2026-04-28 11:21:01 - getOutlet.php - Expected encrypt: 41c7aa6da1665eab307362296dd568d0
2026-04-28 11:21:01 - getOutlet.php - Received encrypt: 41c7aa6da1665eab307362296dd568d0
2026-04-28 11:21:01 - getOutlet.php - Authentication berhasil
2026-04-28 11:21:01 - getOutlet.php - Query: SELECT id_out, nama_out, '' AS alamat_out, ofcode_out
            FROM outlet 
            WHERE status_out IN ('Active', '1', 'active')
            AND (nama_out LIKE :key OR ofcode_out LIKE :key)
            ORDER BY nama_out ASC
            LIMIT 20
2026-04-28 11:21:01 - getOutlet.php - Query berhasil, mengembalikan 20 record
2026-04-28 11:21:01 - getOutlet.php - === END REQUEST ===
2026-04-28 04:21:01 - getOutlet.php - === REQUEST GETOUTLET ===
2026-04-28 04:21:01 - getOutlet.php - Method: POST
2026-04-28 04:21:01 - getOutlet.php - POST data: {"tgl":"2026-04-28","encrypt":"41c7aa6da1665eab307362296dd568d0","id_apl":"APL01","key":"Rs kr"}
2026-04-28 11:21:01 - getOutlet.php - Params - tgl: 2026-04-28, encrypt: 41c7aa6da1665eab307362296dd568d0, id_apl: APL01, key: Rs kr
2026-04-28 11:21:01 - getOutlet.php - Aplikasi ditemukan: Ya
2026-04-28 11:21:01 - getOutlet.php - Key aplikasi: YbcJSFjkds...
2026-04-28 11:21:01 - getOutlet.php - Expected encrypt: 41c7aa6da1665eab307362296dd568d0
2026-04-28 11:21:01 - getOutlet.php - Received encrypt: 41c7aa6da1665eab307362296dd568d0
2026-04-28 11:21:01 - getOutlet.php - Authentication berhasil
2026-04-28 11:21:01 - getOutlet.php - Query: SELECT id_out, nama_out, '' AS alamat_out, ofcode_out
            FROM outlet 
            WHERE status_out IN ('Active', '1', 'active')
            AND (nama_out LIKE :key OR ofcode_out LIKE :key)
            ORDER BY nama_out ASC
            LIMIT 20
2026-04-28 11:21:01 - getOutlet.php - Query berhasil, mengembalikan 1 record
2026-04-28 11:21:01 - getOutlet.php - === END REQUEST ===
2026-04-28 04:21:02 - getOutlet.php - === REQUEST GETOUTLET ===
2026-04-28 04:21:02 - getOutlet.php - Method: POST
2026-04-28 04:21:02 - getOutlet.php - POST data: {"tgl":"2026-04-28","encrypt":"41c7aa6da1665eab307362296dd568d0","id_apl":"APL01","key":"Rs kra"}
2026-04-28 11:21:02 - getOutlet.php - Params - tgl: 2026-04-28, encrypt: 41c7aa6da1665eab307362296dd568d0, id_apl: APL01, key: Rs kra
2026-04-28 11:21:02 - getOutlet.php - Aplikasi ditemukan: Ya
2026-04-28 11:21:02 - getOutlet.php - Key aplikasi: YbcJSFjkds...
2026-04-28 11:21:02 - getOutlet.php - Expected encrypt: 41c7aa6da1665eab307362296dd568d0
2026-04-28 11:21:02 - getOutlet.php - Received encrypt: 41c7aa6da1665eab307362296dd568d0
2026-04-28 11:21:02 - getOutlet.php - Authentication berhasil
2026-04-28 11:21:02 - getOutlet.php - Query: SELECT id_out, nama_out, '' AS alamat_out, ofcode_out
            FROM outlet 
            WHERE status_out IN ('Active', '1', 'active')
            AND (nama_out LIKE :key OR ofcode_out LIKE :key)
            ORDER BY nama_out ASC
            LIMIT 20
2026-04-28 11:21:02 - getOutlet.php - Query berhasil, mengembalikan 1 record
2026-04-28 11:21:02 - getOutlet.php - === END REQUEST ===
2026-04-28 04:21:02 - getOutlet.php - === REQUEST GETOUTLET ===
2026-04-28 04:21:02 - getOutlet.php - Method: POST
2026-04-28 04:21:02 - getOutlet.php - POST data: {"tgl":"2026-04-28","encrypt":"41c7aa6da1665eab307362296dd568d0","id_apl":"APL01","key":"Rs krak"}
2026-04-28 11:21:02 - getOutlet.php - Params - tgl: 2026-04-28, encrypt: 41c7aa6da1665eab307362296dd568d0, id_apl: APL01, key: Rs krak
2026-04-28 11:21:02 - getOutlet.php - Aplikasi ditemukan: Ya
2026-04-28 11:21:02 - getOutlet.php - Key aplikasi: YbcJSFjkds...
2026-04-28 11:21:02 - getOutlet.php - Expected encrypt: 41c7aa6da1665eab307362296dd568d0
2026-04-28 11:21:02 - getOutlet.php - Received encrypt: 41c7aa6da1665eab307362296dd568d0
2026-04-28 11:21:02 - getOutlet.php - Authentication berhasil
2026-04-28 11:21:02 - getOutlet.php - Query: SELECT id_out, nama_out, '' AS alamat_out, ofcode_out
            FROM outlet 
            WHERE status_out IN ('Active', '1', 'active')
            AND (nama_out LIKE :key OR ofcode_out LIKE :key)
            ORDER BY nama_out ASC
            LIMIT 20
2026-04-28 11:21:02 - getOutlet.php - Query berhasil, mengembalikan 1 record
2026-04-28 11:21:02 - getOutlet.php - === END REQUEST ===
2026-04-28 04:21:03 - getOutlet.php - === REQUEST GETOUTLET ===
2026-04-28 04:21:03 - getOutlet.php - Method: POST
2026-04-28 04:21:03 - getOutlet.php - POST data: {"tgl":"2026-04-28","encrypt":"41c7aa6da1665eab307362296dd568d0","id_apl":"APL01","key":"Rs kraka"}
2026-04-28 11:21:03 - getOutlet.php - Params - tgl: 2026-04-28, encrypt: 41c7aa6da1665eab307362296dd568d0, id_apl: APL01, key: Rs kraka
2026-04-28 11:21:03 - getOutlet.php - Aplikasi ditemukan: Ya
2026-04-28 11:21:03 - getOutlet.php - Key aplikasi: YbcJSFjkds...
2026-04-28 11:21:03 - getOutlet.php - Expected encrypt: 41c7aa6da1665eab307362296dd568d0
2026-04-28 11:21:03 - getOutlet.php - Received encrypt: 41c7aa6da1665eab307362296dd568d0
2026-04-28 11:21:03 - getOutlet.php - Authentication berhasil
2026-04-28 11:21:03 - getOutlet.php - Query: SELECT id_out, nama_out, '' AS alamat_out, ofcode_out
            FROM outlet 
            WHERE status_out IN ('Active', '1', 'active')
            AND (nama_out LIKE :key OR ofcode_out LIKE :key)
            ORDER BY nama_out ASC
            LIMIT 20
2026-04-28 11:21:03 - getOutlet.php - Query berhasil, mengembalikan 1 record
2026-04-28 11:21:03 - getOutlet.php - === END REQUEST ===
2026-04-28 04:21:04 - getOutlet.php - === REQUEST GETOUTLET ===
2026-04-28 04:21:04 - getOutlet.php - Method: POST
2026-04-28 04:21:04 - getOutlet.php - POST data: {"tgl":"2026-04-28","encrypt":"41c7aa6da1665eab307362296dd568d0","id_apl":"APL01","key":"Rs Krakatau"}
2026-04-28 11:21:04 - getOutlet.php - Params - tgl: 2026-04-28, encrypt: 41c7aa6da1665eab307362296dd568d0, id_apl: APL01, key: Rs Krakatau
2026-04-28 04:21:04 - getOutlet.php - === REQUEST GETOUTLET ===
2026-04-28 04:21:04 - getOutlet.php - Method: POST
2026-04-28 04:21:04 - getOutlet.php - POST data: {"tgl":"2026-04-28","encrypt":"41c7aa6da1665eab307362296dd568d0","id_apl":"APL01","key":"Rs"}
2026-04-28 11:21:04 - getOutlet.php - Params - tgl: 2026-04-28, encrypt: 41c7aa6da1665eab307362296dd568d0, id_apl: APL01, key: Rs
2026-04-28 11:21:04 - getOutlet.php - Aplikasi ditemukan: Ya
2026-04-28 11:21:04 - getOutlet.php - Key aplikasi: YbcJSFjkds...
2026-04-28 11:21:04 - getOutlet.php - Expected encrypt: 41c7aa6da1665eab307362296dd568d0
2026-04-28 11:21:04 - getOutlet.php - Received encrypt: 41c7aa6da1665eab307362296dd568d0
2026-04-28 11:21:04 - getOutlet.php - Authentication berhasil
2026-04-28 11:21:04 - getOutlet.php - Query: SELECT id_out, nama_out, '' AS alamat_out, ofcode_out
            FROM outlet 
            WHERE status_out IN ('Active', '1', 'active')
            AND (nama_out LIKE :key OR ofcode_out LIKE :key)
            ORDER BY nama_out ASC
            LIMIT 20
2026-04-28 11:21:04 - getOutlet.php - Query berhasil, mengembalikan 1 record
2026-04-28 11:21:04 - getOutlet.php - === END REQUEST ===
2026-04-28 11:21:04 - getOutlet.php - Aplikasi ditemukan: Ya
2026-04-28 11:21:04 - getOutlet.php - Key aplikasi: YbcJSFjkds...
2026-04-28 11:21:04 - getOutlet.php - Expected encrypt: 41c7aa6da1665eab307362296dd568d0
2026-04-28 11:21:04 - getOutlet.php - Received encrypt: 41c7aa6da1665eab307362296dd568d0
2026-04-28 11:21:04 - getOutlet.php - Authentication berhasil
2026-04-28 11:21:04 - getOutlet.php - Query: SELECT id_out, nama_out, '' AS alamat_out, ofcode_out
            FROM outlet 
            WHERE status_out IN ('Active', '1', 'active')
            AND (nama_out LIKE :key OR ofcode_out LIKE :key)
            ORDER BY nama_out ASC
            LIMIT 20
2026-04-28 11:21:04 - getOutlet.php - Query berhasil, mengembalikan 20 record
2026-04-28 11:21:04 - getOutlet.php - === END REQUEST ===
2026-04-28 04:21:05 - getOutlet.php - === REQUEST GETOUTLET ===
2026-04-28 04:21:05 - getOutlet.php - Method: POST
2026-04-28 04:21:05 - getOutlet.php - POST data: {"tgl":"2026-04-28","encrypt":"41c7aa6da1665eab307362296dd568d0","id_apl":"APL01","key":"Rs Krakatau Medika"}
2026-04-28 11:21:05 - getOutlet.php - Params - tgl: 2026-04-28, encrypt: 41c7aa6da1665eab307362296dd568d0, id_apl: APL01, key: Rs Krakatau Medika
2026-04-28 11:21:06 - getOutlet.php - Aplikasi ditemukan: Ya
2026-04-28 11:21:06 - getOutlet.php - Key aplikasi: YbcJSFjkds...
2026-04-28 11:21:06 - getOutlet.php - Expected encrypt: 41c7aa6da1665eab307362296dd568d0
2026-04-28 11:21:06 - getOutlet.php - Received encrypt: 41c7aa6da1665eab307362296dd568d0
2026-04-28 11:21:06 - getOutlet.php - Authentication berhasil
2026-04-28 11:21:06 - getOutlet.php - Query: SELECT id_out, nama_out, '' AS alamat_out, ofcode_out
            FROM outlet 
            WHERE status_out IN ('Active', '1', 'active')
            AND (nama_out LIKE :key OR ofcode_out LIKE :key)
            ORDER BY nama_out ASC
            LIMIT 20
2026-04-28 11:21:06 - getOutlet.php - Query berhasil, mengembalikan 1 record
2026-04-28 11:21:06 - getOutlet.php - === END REQUEST ===
2026-04-28 04:21:07 - getOutlet.php - === REQUEST GETOUTLET ===
2026-04-28 04:21:07 - getOutlet.php - Method: POST
2026-04-28 04:21:07 - getOutlet.php - POST data: {"tgl":"2026-04-28","encrypt":"41c7aa6da1665eab307362296dd568d0","id_apl":"APL01","key":"RS KRAKATAU MEDIKA"}
2026-04-28 11:21:07 - getOutlet.php - Params - tgl: 2026-04-28, encrypt: 41c7aa6da1665eab307362296dd568d0, id_apl: APL01, key: RS KRAKATAU MEDIKA
2026-04-28 11:21:07 - getOutlet.php - Aplikasi ditemukan: Ya
2026-04-28 11:21:07 - getOutlet.php - Key aplikasi: YbcJSFjkds...
2026-04-28 11:21:07 - getOutlet.php - Expected encrypt: 41c7aa6da1665eab307362296dd568d0
2026-04-28 11:21:07 - getOutlet.php - Received encrypt: 41c7aa6da1665eab307362296dd568d0
2026-04-28 11:21:07 - getOutlet.php - Authentication berhasil
2026-04-28 11:21:07 - getOutlet.php - Query: SELECT id_out, nama_out, '' AS alamat_out, ofcode_out
            FROM outlet 
            WHERE status_out IN ('Active', '1', 'active')
            AND (nama_out LIKE :key OR ofcode_out LIKE :key)
            ORDER BY nama_out ASC
            LIMIT 20
2026-04-28 11:21:07 - getOutlet.php - Query berhasil, mengembalikan 1 record
2026-04-28 11:21:07 - getOutlet.php - === END REQUEST ===
2026-04-28 04:24:58 - getOutlet.php - === REQUEST GETOUTLET ===
2026-04-28 04:24:58 - getOutlet.php - Method: POST
2026-04-28 04:24:58 - getOutlet.php - POST data: {"tgl":"2026-04-28","encrypt":"41c7aa6da1665eab307362296dd568d0","id_apl":"APL01","key":"Ap"}
2026-04-28 11:24:58 - getOutlet.php - Params - tgl: 2026-04-28, encrypt: 41c7aa6da1665eab307362296dd568d0, id_apl: APL01, key: Ap
2026-04-28 11:24:58 - getOutlet.php - Aplikasi ditemukan: Ya
2026-04-28 11:24:58 - getOutlet.php - Key aplikasi: YbcJSFjkds...
2026-04-28 11:24:58 - getOutlet.php - Expected encrypt: 41c7aa6da1665eab307362296dd568d0
2026-04-28 11:24:58 - getOutlet.php - Received encrypt: 41c7aa6da1665eab307362296dd568d0
2026-04-28 11:24:58 - getOutlet.php - Authentication berhasil
2026-04-28 11:24:58 - getOutlet.php - Query: SELECT id_out, nama_out, '' AS alamat_out, ofcode_out
            FROM outlet 
            WHERE status_out IN ('Active', '1', 'active')
            AND (nama_out LIKE :key OR ofcode_out LIKE :key)
            ORDER BY nama_out ASC
            LIMIT 20
2026-04-28 11:24:58 - getOutlet.php - Query berhasil, mengembalikan 20 record
2026-04-28 11:24:58 - getOutlet.php - === END REQUEST ===
2026-04-28 04:24:58 - getOutlet.php - === REQUEST GETOUTLET ===
2026-04-28 04:24:58 - getOutlet.php - Method: POST
2026-04-28 04:24:58 - getOutlet.php - POST data: {"tgl":"2026-04-28","encrypt":"41c7aa6da1665eab307362296dd568d0","id_apl":"APL01","key":"Apo"}
2026-04-28 11:24:58 - getOutlet.php - Params - tgl: 2026-04-28, encrypt: 41c7aa6da1665eab307362296dd568d0, id_apl: APL01, key: Apo
2026-04-28 11:24:58 - getOutlet.php - Aplikasi ditemukan: Ya
2026-04-28 11:24:58 - getOutlet.php - Key aplikasi: YbcJSFjkds...
2026-04-28 11:24:58 - getOutlet.php - Expected encrypt: 41c7aa6da1665eab307362296dd568d0
2026-04-28 11:24:58 - getOutlet.php - Received encrypt: 41c7aa6da1665eab307362296dd568d0
2026-04-28 11:24:58 - getOutlet.php - Authentication berhasil
2026-04-28 11:24:58 - getOutlet.php - Query: SELECT id_out, nama_out, '' AS alamat_out, ofcode_out
            FROM outlet 
            WHERE status_out IN ('Active', '1', 'active')
            AND (nama_out LIKE :key OR ofcode_out LIKE :key)
            ORDER BY nama_out ASC
            LIMIT 20
2026-04-28 11:24:58 - getOutlet.php - Query berhasil, mengembalikan 20 record
2026-04-28 11:24:58 - getOutlet.php - === END REQUEST ===
2026-04-28 04:24:59 - getOutlet.php - === REQUEST GETOUTLET ===
2026-04-28 04:24:59 - getOutlet.php - Method: POST
2026-04-28 04:24:59 - getOutlet.php - POST data: {"tgl":"2026-04-28","encrypt":"41c7aa6da1665eab307362296dd568d0","id_apl":"APL01","key":"Apot"}
2026-04-28 11:24:59 - getOutlet.php - Params - tgl: 2026-04-28, encrypt: 41c7aa6da1665eab307362296dd568d0, id_apl: APL01, key: Apot
2026-04-28 11:24:59 - getOutlet.php - Aplikasi ditemukan: Ya
2026-04-28 11:24:59 - getOutlet.php - Key aplikasi: YbcJSFjkds...
2026-04-28 11:24:59 - getOutlet.php - Expected encrypt: 41c7aa6da1665eab307362296dd568d0
2026-04-28 11:24:59 - getOutlet.php - Received encrypt: 41c7aa6da1665eab307362296dd568d0
2026-04-28 11:24:59 - getOutlet.php - Authentication berhasil
2026-04-28 11:24:59 - getOutlet.php - Query: SELECT id_out, nama_out, '' AS alamat_out, ofcode_out
            FROM outlet 
            WHERE status_out IN ('Active', '1', 'active')
            AND (nama_out LIKE :key OR ofcode_out LIKE :key)
            ORDER BY nama_out ASC
            LIMIT 20
2026-04-28 11:24:59 - getOutlet.php - Query berhasil, mengembalikan 20 record
2026-04-28 11:24:59 - getOutlet.php - === END REQUEST ===
2026-04-28 04:24:59 - getOutlet.php - === REQUEST GETOUTLET ===
2026-04-28 04:24:59 - getOutlet.php - Method: POST
2026-04-28 04:24:59 - getOutlet.php - POST data: {"tgl":"2026-04-28","encrypt":"41c7aa6da1665eab307362296dd568d0","id_apl":"APL01","key":"Apotek"}
2026-04-28 11:24:59 - getOutlet.php - Params - tgl: 2026-04-28, encrypt: 41c7aa6da1665eab307362296dd568d0, id_apl: APL01, key: Apotek
2026-04-28 11:24:59 - getOutlet.php - Aplikasi ditemukan: Ya
2026-04-28 11:24:59 - getOutlet.php - Key aplikasi: YbcJSFjkds...
2026-04-28 11:24:59 - getOutlet.php - Expected encrypt: 41c7aa6da1665eab307362296dd568d0
2026-04-28 11:24:59 - getOutlet.php - Received encrypt: 41c7aa6da1665eab307362296dd568d0
2026-04-28 11:24:59 - getOutlet.php - Authentication berhasil
2026-04-28 11:24:59 - getOutlet.php - Query: SELECT id_out, nama_out, '' AS alamat_out, ofcode_out
            FROM outlet 
            WHERE status_out IN ('Active', '1', 'active')
            AND (nama_out LIKE :key OR ofcode_out LIKE :key)
            ORDER BY nama_out ASC
            LIMIT 20
2026-04-28 11:24:59 - getOutlet.php - Query berhasil, mengembalikan 20 record
2026-04-28 11:24:59 - getOutlet.php - === END REQUEST ===
2026-04-28 04:25:03 - getOutlet.php - === REQUEST GETOUTLET ===
2026-04-28 04:25:03 - getOutlet.php - Method: POST
2026-04-28 04:25:03 - getOutlet.php - POST data: {"tgl":"2026-04-28","encrypt":"41c7aa6da1665eab307362296dd568d0","id_apl":"APL01","key":"Apotek k"}
2026-04-28 11:25:03 - getOutlet.php - Params - tgl: 2026-04-28, encrypt: 41c7aa6da1665eab307362296dd568d0, id_apl: APL01, key: Apotek k
2026-04-28 11:25:03 - getOutlet.php - Aplikasi ditemukan: Ya
2026-04-28 11:25:03 - getOutlet.php - Key aplikasi: YbcJSFjkds...
2026-04-28 11:25:03 - getOutlet.php - Expected encrypt: 41c7aa6da1665eab307362296dd568d0
2026-04-28 11:25:03 - getOutlet.php - Received encrypt: 41c7aa6da1665eab307362296dd568d0
2026-04-28 11:25:03 - getOutlet.php - Authentication berhasil
2026-04-28 11:25:03 - getOutlet.php - Query: SELECT id_out, nama_out, '' AS alamat_out, ofcode_out
            FROM outlet 
            WHERE status_out IN ('Active', '1', 'active')
            AND (nama_out LIKE :key OR ofcode_out LIKE :key)
            ORDER BY nama_out ASC
            LIMIT 20
2026-04-28 11:25:03 - getOutlet.php - Query berhasil, mengembalikan 20 record
2026-04-28 11:25:03 - getOutlet.php - === END REQUEST ===
2026-04-28 04:25:03 - getOutlet.php - === REQUEST GETOUTLET ===
2026-04-28 04:25:03 - getOutlet.php - Method: POST
2026-04-28 04:25:03 - getOutlet.php - POST data: {"tgl":"2026-04-28","encrypt":"41c7aa6da1665eab307362296dd568d0","id_apl":"APL01","key":"Apotek ka"}
2026-04-28 11:25:03 - getOutlet.php - Params - tgl: 2026-04-28, encrypt: 41c7aa6da1665eab307362296dd568d0, id_apl: APL01, key: Apotek ka
2026-04-28 11:25:03 - getOutlet.php - Aplikasi ditemukan: Ya
2026-04-28 11:25:03 - getOutlet.php - Key aplikasi: YbcJSFjkds...
2026-04-28 11:25:03 - getOutlet.php - Expected encrypt: 41c7aa6da1665eab307362296dd568d0
2026-04-28 11:25:03 - getOutlet.php - Received encrypt: 41c7aa6da1665eab307362296dd568d0
2026-04-28 11:25:03 - getOutlet.php - Authentication berhasil
2026-04-28 11:25:03 - getOutlet.php - Query: SELECT id_out, nama_out, '' AS alamat_out, ofcode_out
            FROM outlet 
            WHERE status_out IN ('Active', '1', 'active')
            AND (nama_out LIKE :key OR ofcode_out LIKE :key)
            ORDER BY nama_out ASC
            LIMIT 20
2026-04-28 11:25:03 - getOutlet.php - Query berhasil, mengembalikan 11 record
2026-04-28 11:25:03 - getOutlet.php - === END REQUEST ===
2026-04-28 04:25:04 - getOutlet.php - === REQUEST GETOUTLET ===
2026-04-28 04:25:04 - getOutlet.php - Method: POST
2026-04-28 04:25:04 - getOutlet.php - POST data: {"tgl":"2026-04-28","encrypt":"41c7aa6da1665eab307362296dd568d0","id_apl":"APL01","key":"Apotek kaw"}
2026-04-28 11:25:04 - getOutlet.php - Params - tgl: 2026-04-28, encrypt: 41c7aa6da1665eab307362296dd568d0, id_apl: APL01, key: Apotek kaw
2026-04-28 11:25:04 - getOutlet.php - Aplikasi ditemukan: Ya
2026-04-28 11:25:04 - getOutlet.php - Key aplikasi: YbcJSFjkds...
2026-04-28 11:25:04 - getOutlet.php - Expected encrypt: 41c7aa6da1665eab307362296dd568d0
2026-04-28 11:25:04 - getOutlet.php - Received encrypt: 41c7aa6da1665eab307362296dd568d0
2026-04-28 11:25:04 - getOutlet.php - Authentication berhasil
2026-04-28 11:25:04 - getOutlet.php - Query: SELECT id_out, nama_out, '' AS alamat_out, ofcode_out
            FROM outlet 
            WHERE status_out IN ('Active', '1', 'active')
            AND (nama_out LIKE :key OR ofcode_out LIKE :key)
            ORDER BY nama_out ASC
            LIMIT 20
2026-04-28 11:25:04 - getOutlet.php - Query berhasil, mengembalikan 8 record
2026-04-28 11:25:04 - getOutlet.php - === END REQUEST ===
2026-04-28 04:25:04 - getOutlet.php - === REQUEST GETOUTLET ===
2026-04-28 04:25:04 - getOutlet.php - Method: POST
2026-04-28 04:25:04 - getOutlet.php - POST data: {"tgl":"2026-04-28","encrypt":"41c7aa6da1665eab307362296dd568d0","id_apl":"APL01","key":"Apotek kawi"}
2026-04-28 11:25:04 - getOutlet.php - Params - tgl: 2026-04-28, encrypt: 41c7aa6da1665eab307362296dd568d0, id_apl: APL01, key: Apotek kawi
2026-04-28 11:25:04 - getOutlet.php - Aplikasi ditemukan: Ya
2026-04-28 11:25:04 - getOutlet.php - Key aplikasi: YbcJSFjkds...
2026-04-28 11:25:04 - getOutlet.php - Expected encrypt: 41c7aa6da1665eab307362296dd568d0
2026-04-28 11:25:04 - getOutlet.php - Received encrypt: 41c7aa6da1665eab307362296dd568d0
2026-04-28 11:25:04 - getOutlet.php - Authentication berhasil
2026-04-28 11:25:04 - getOutlet.php - Query: SELECT id_out, nama_out, '' AS alamat_out, ofcode_out
            FROM outlet 
            WHERE status_out IN ('Active', '1', 'active')
            AND (nama_out LIKE :key OR ofcode_out LIKE :key)
            ORDER BY nama_out ASC
            LIMIT 20
2026-04-28 11:25:04 - getOutlet.php - Query berhasil, mengembalikan 8 record
2026-04-28 11:25:04 - getOutlet.php - === END REQUEST ===
2026-04-28 04:25:05 - getOutlet.php - === REQUEST GETOUTLET ===
2026-04-28 04:25:05 - getOutlet.php - Method: POST
2026-04-28 04:25:05 - getOutlet.php - POST data: {"tgl":"2026-04-28","encrypt":"41c7aa6da1665eab307362296dd568d0","id_apl":"APL01","key":"Apotek kawij"}
2026-04-28 11:25:05 - getOutlet.php - Params - tgl: 2026-04-28, encrypt: 41c7aa6da1665eab307362296dd568d0, id_apl: APL01, key: Apotek kawij
2026-04-28 11:25:05 - getOutlet.php - Aplikasi ditemukan: Ya
2026-04-28 11:25:05 - getOutlet.php - Key aplikasi: YbcJSFjkds...
2026-04-28 11:25:05 - getOutlet.php - Expected encrypt: 41c7aa6da1665eab307362296dd568d0
2026-04-28 11:25:05 - getOutlet.php - Received encrypt: 41c7aa6da1665eab307362296dd568d0
2026-04-28 11:25:05 - getOutlet.php - Authentication berhasil
2026-04-28 11:25:05 - getOutlet.php - Query: SELECT id_out, nama_out, '' AS alamat_out, ofcode_out
            FROM outlet 
            WHERE status_out IN ('Active', '1', 'active')
            AND (nama_out LIKE :key OR ofcode_out LIKE :key)
            ORDER BY nama_out ASC
            LIMIT 20
2026-04-28 11:25:05 - getOutlet.php - Query berhasil, mengembalikan 6 record
2026-04-28 11:25:05 - getOutlet.php - === END REQUEST ===
2026-04-28 04:25:10 - getOutlet.php - === REQUEST GETOUTLET ===
2026-04-28 04:25:10 - getOutlet.php - Method: POST
2026-04-28 04:25:10 - getOutlet.php - POST data: {"tgl":"2026-04-28","encrypt":"41c7aa6da1665eab307362296dd568d0","id_apl":"APL01","key":"Apotek kawija"}
2026-04-28 11:25:10 - getOutlet.php - Params - tgl: 2026-04-28, encrypt: 41c7aa6da1665eab307362296dd568d0, id_apl: APL01, key: Apotek kawija
2026-04-28 11:25:10 - getOutlet.php - Aplikasi ditemukan: Ya
2026-04-28 11:25:10 - getOutlet.php - Key aplikasi: YbcJSFjkds...
2026-04-28 11:25:10 - getOutlet.php - Expected encrypt: 41c7aa6da1665eab307362296dd568d0
2026-04-28 11:25:10 - getOutlet.php - Received encrypt: 41c7aa6da1665eab307362296dd568d0
2026-04-28 11:25:10 - getOutlet.php - Authentication berhasil
2026-04-28 11:25:10 - getOutlet.php - Query: SELECT id_out, nama_out, '' AS alamat_out, ofcode_out
            FROM outlet 
            WHERE status_out IN ('Active', '1', 'active')
            AND (nama_out LIKE :key OR ofcode_out LIKE :key)
            ORDER BY nama_out ASC
            LIMIT 20
2026-04-28 11:25:10 - getOutlet.php - Query berhasil, mengembalikan 6 record
2026-04-28 11:25:10 - getOutlet.php - === END REQUEST ===
2026-04-28 04:25:11 - getOutlet.php - === REQUEST GETOUTLET ===
2026-04-28 04:25:11 - getOutlet.php - Method: POST
2026-04-28 04:25:11 - getOutlet.php - POST data: {"tgl":"2026-04-28","encrypt":"41c7aa6da1665eab307362296dd568d0","id_apl":"APL01","key":"Apotek kawijay"}
2026-04-28 11:25:11 - getOutlet.php - Params - tgl: 2026-04-28, encrypt: 41c7aa6da1665eab307362296dd568d0, id_apl: APL01, key: Apotek kawijay
2026-04-28 11:25:11 - getOutlet.php - Aplikasi ditemukan: Ya
2026-04-28 11:25:11 - getOutlet.php - Key aplikasi: YbcJSFjkds...
2026-04-28 11:25:11 - getOutlet.php - Expected encrypt: 41c7aa6da1665eab307362296dd568d0
2026-04-28 11:25:11 - getOutlet.php - Received encrypt: 41c7aa6da1665eab307362296dd568d0
2026-04-28 11:25:11 - getOutlet.php - Authentication berhasil
2026-04-28 11:25:11 - getOutlet.php - Query: SELECT id_out, nama_out, '' AS alamat_out, ofcode_out
            FROM outlet 
            WHERE status_out IN ('Active', '1', 'active')
            AND (nama_out LIKE :key OR ofcode_out LIKE :key)
            ORDER BY nama_out ASC
            LIMIT 20
2026-04-28 11:25:11 - getOutlet.php - Query berhasil, mengembalikan 6 record
2026-04-28 11:25:11 - getOutlet.php - === END REQUEST ===
2026-04-28 04:25:11 - getOutlet.php - === REQUEST GETOUTLET ===
2026-04-28 04:25:11 - getOutlet.php - Method: POST
2026-04-28 04:25:11 - getOutlet.php - POST data: {"tgl":"2026-04-28","encrypt":"41c7aa6da1665eab307362296dd568d0","id_apl":"APL01","key":"Apotek kawijaya"}
2026-04-28 11:25:11 - getOutlet.php - Params - tgl: 2026-04-28, encrypt: 41c7aa6da1665eab307362296dd568d0, id_apl: APL01, key: Apotek kawijaya
2026-04-28 11:25:11 - getOutlet.php - Aplikasi ditemukan: Ya
2026-04-28 11:25:11 - getOutlet.php - Key aplikasi: YbcJSFjkds...
2026-04-28 11:25:11 - getOutlet.php - Expected encrypt: 41c7aa6da1665eab307362296dd568d0
2026-04-28 11:25:11 - getOutlet.php - Received encrypt: 41c7aa6da1665eab307362296dd568d0
2026-04-28 11:25:11 - getOutlet.php - Authentication berhasil
2026-04-28 11:25:11 - getOutlet.php - Query: SELECT id_out, nama_out, '' AS alamat_out, ofcode_out
            FROM outlet 
            WHERE status_out IN ('Active', '1', 'active')
            AND (nama_out LIKE :key OR ofcode_out LIKE :key)
            ORDER BY nama_out ASC
            LIMIT 20
2026-04-28 11:25:11 - getOutlet.php - Query berhasil, mengembalikan 6 record
2026-04-28 11:25:11 - getOutlet.php - === END REQUEST ===
2026-04-28 04:25:12 - getOutlet.php - === REQUEST GETOUTLET ===
2026-04-28 04:25:12 - getOutlet.php - Method: POST
2026-04-28 04:25:12 - getOutlet.php - POST data: {"tgl":"2026-04-28","encrypt":"41c7aa6da1665eab307362296dd568d0","id_apl":"APL01","key":"Apotek kawijaya"}
2026-04-28 11:25:12 - getOutlet.php - Params - tgl: 2026-04-28, encrypt: 41c7aa6da1665eab307362296dd568d0, id_apl: APL01, key: Apotek kawijaya
2026-04-28 11:25:12 - getOutlet.php - Aplikasi ditemukan: Ya
2026-04-28 11:25:12 - getOutlet.php - Key aplikasi: YbcJSFjkds...
2026-04-28 11:25:12 - getOutlet.php - Expected encrypt: 41c7aa6da1665eab307362296dd568d0
2026-04-28 11:25:12 - getOutlet.php - Received encrypt: 41c7aa6da1665eab307362296dd568d0
2026-04-28 11:25:12 - getOutlet.php - Authentication berhasil
2026-04-28 11:25:12 - getOutlet.php - Query: SELECT id_out, nama_out, '' AS alamat_out, ofcode_out
            FROM outlet 
            WHERE status_out IN ('Active', '1', 'active')
            AND (nama_out LIKE :key OR ofcode_out LIKE :key)
            ORDER BY nama_out ASC
            LIMIT 20
2026-04-28 11:25:12 - getOutlet.php - Query berhasil, mengembalikan 6 record
2026-04-28 11:25:12 - getOutlet.php - === END REQUEST ===
2026-04-28 04:25:13 - getOutlet.php - === REQUEST GETOUTLET ===
2026-04-28 04:25:13 - getOutlet.php - Method: POST
2026-04-28 04:25:13 - getOutlet.php - POST data: {"tgl":"2026-04-28","encrypt":"41c7aa6da1665eab307362296dd568d0","id_apl":"APL01","key":"Apotek kawijaya b"}
2026-04-28 11:25:13 - getOutlet.php - Params - tgl: 2026-04-28, encrypt: 41c7aa6da1665eab307362296dd568d0, id_apl: APL01, key: Apotek kawijaya b
2026-04-28 11:25:13 - getOutlet.php - Aplikasi ditemukan: Ya
2026-04-28 11:25:13 - getOutlet.php - Key aplikasi: YbcJSFjkds...
2026-04-28 11:25:13 - getOutlet.php - Expected encrypt: 41c7aa6da1665eab307362296dd568d0
2026-04-28 11:25:13 - getOutlet.php - Received encrypt: 41c7aa6da1665eab307362296dd568d0
2026-04-28 11:25:13 - getOutlet.php - Authentication berhasil
2026-04-28 11:25:13 - getOutlet.php - Query: SELECT id_out, nama_out, '' AS alamat_out, ofcode_out
            FROM outlet 
            WHERE status_out IN ('Active', '1', 'active')
            AND (nama_out LIKE :key OR ofcode_out LIKE :key)
            ORDER BY nama_out ASC
            LIMIT 20
2026-04-28 11:25:13 - getOutlet.php - Query berhasil, mengembalikan 1 record
2026-04-28 11:25:13 - getOutlet.php - === END REQUEST ===
2026-04-28 04:25:15 - getOutlet.php - === REQUEST GETOUTLET ===
2026-04-28 04:25:15 - getOutlet.php - Method: POST
2026-04-28 04:25:15 - getOutlet.php - POST data: {"tgl":"2026-04-28","encrypt":"41c7aa6da1665eab307362296dd568d0","id_apl":"APL01","key":"Apotek kawijaya bs"}
2026-04-28 11:25:15 - getOutlet.php - Params - tgl: 2026-04-28, encrypt: 41c7aa6da1665eab307362296dd568d0, id_apl: APL01, key: Apotek kawijaya bs
2026-04-28 11:25:15 - getOutlet.php - Aplikasi ditemukan: Ya
2026-04-28 11:25:15 - getOutlet.php - Key aplikasi: YbcJSFjkds...
2026-04-28 11:25:15 - getOutlet.php - Expected encrypt: 41c7aa6da1665eab307362296dd568d0
2026-04-28 11:25:15 - getOutlet.php - Received encrypt: 41c7aa6da1665eab307362296dd568d0
2026-04-28 11:25:15 - getOutlet.php - Authentication berhasil
2026-04-28 11:25:15 - getOutlet.php - Query: SELECT id_out, nama_out, '' AS alamat_out, ofcode_out
            FROM outlet 
            WHERE status_out IN ('Active', '1', 'active')
            AND (nama_out LIKE :key OR ofcode_out LIKE :key)
            ORDER BY nama_out ASC
            LIMIT 20
2026-04-28 11:25:15 - getOutlet.php - Query berhasil, mengembalikan 0 record
2026-04-28 11:25:15 - getOutlet.php - === END REQUEST ===
2026-04-28 04:25:15 - getOutlet.php - === REQUEST GETOUTLET ===
2026-04-28 04:25:15 - getOutlet.php - Method: POST
2026-04-28 04:25:15 - getOutlet.php - POST data: {"tgl":"2026-04-28","encrypt":"41c7aa6da1665eab307362296dd568d0","id_apl":"APL01","key":"Apotek kawijaya bsd"}
2026-04-28 11:25:15 - getOutlet.php - Params - tgl: 2026-04-28, encrypt: 41c7aa6da1665eab307362296dd568d0, id_apl: APL01, key: Apotek kawijaya bsd
2026-04-28 11:25:15 - getOutlet.php - Aplikasi ditemukan: Ya
2026-04-28 11:25:15 - getOutlet.php - Key aplikasi: YbcJSFjkds...
2026-04-28 11:25:15 - getOutlet.php - Expected encrypt: 41c7aa6da1665eab307362296dd568d0
2026-04-28 11:25:15 - getOutlet.php - Received encrypt: 41c7aa6da1665eab307362296dd568d0
2026-04-28 11:25:15 - getOutlet.php - Authentication berhasil
2026-04-28 11:25:15 - getOutlet.php - Query: SELECT id_out, nama_out, '' AS alamat_out, ofcode_out
            FROM outlet 
            WHERE status_out IN ('Active', '1', 'active')
            AND (nama_out LIKE :key OR ofcode_out LIKE :key)
            ORDER BY nama_out ASC
            LIMIT 20
2026-04-28 11:25:15 - getOutlet.php - Query berhasil, mengembalikan 0 record
2026-04-28 11:25:15 - getOutlet.php - === END REQUEST ===
2026-04-28 04:25:21 - getOutlet.php - === REQUEST GETOUTLET ===
2026-04-28 04:25:21 - getOutlet.php - Method: POST
2026-04-28 04:25:21 - getOutlet.php - POST data: {"tgl":"2026-04-28","encrypt":"41c7aa6da1665eab307362296dd568d0","id_apl":"APL01","key":"Apotek kawij aya bsd"}
2026-04-28 11:25:21 - getOutlet.php - Params - tgl: 2026-04-28, encrypt: 41c7aa6da1665eab307362296dd568d0, id_apl: APL01, key: Apotek kawij aya bsd
2026-04-28 11:25:21 - getOutlet.php - Aplikasi ditemukan: Ya
2026-04-28 11:25:21 - getOutlet.php - Key aplikasi: YbcJSFjkds...
2026-04-28 11:25:21 - getOutlet.php - Expected encrypt: 41c7aa6da1665eab307362296dd568d0
2026-04-28 11:25:21 - getOutlet.php - Received encrypt: 41c7aa6da1665eab307362296dd568d0
2026-04-28 11:25:21 - getOutlet.php - Authentication berhasil
2026-04-28 11:25:21 - getOutlet.php - Query: SELECT id_out, nama_out, '' AS alamat_out, ofcode_out
            FROM outlet 
            WHERE status_out IN ('Active', '1', 'active')
            AND (nama_out LIKE :key OR ofcode_out LIKE :key)
            ORDER BY nama_out ASC
            LIMIT 20
2026-04-28 11:25:21 - getOutlet.php - Query berhasil, mengembalikan 0 record
2026-04-28 11:25:21 - getOutlet.php - === END REQUEST ===
2026-04-28 04:25:25 - getOutlet.php - === REQUEST GETOUTLET ===
2026-04-28 04:25:25 - getOutlet.php - Method: POST
2026-04-28 04:25:25 - getOutlet.php - POST data: {"tgl":"2026-04-28","encrypt":"41c7aa6da1665eab307362296dd568d0","id_apl":"APL01","key":"Apotek kawij ya bsd"}
2026-04-28 11:25:25 - getOutlet.php - Params - tgl: 2026-04-28, encrypt: 41c7aa6da1665eab307362296dd568d0, id_apl: APL01, key: Apotek kawij ya bsd
2026-04-28 11:25:25 - getOutlet.php - Aplikasi ditemukan: Ya
2026-04-28 11:25:25 - getOutlet.php - Key aplikasi: YbcJSFjkds...
2026-04-28 11:25:25 - getOutlet.php - Expected encrypt: 41c7aa6da1665eab307362296dd568d0
2026-04-28 11:25:25 - getOutlet.php - Received encrypt: 41c7aa6da1665eab307362296dd568d0
2026-04-28 11:25:25 - getOutlet.php - Authentication berhasil
2026-04-28 11:25:25 - getOutlet.php - Query: SELECT id_out, nama_out, '' AS alamat_out, ofcode_out
            FROM outlet 
            WHERE status_out IN ('Active', '1', 'active')
            AND (nama_out LIKE :key OR ofcode_out LIKE :key)
            ORDER BY nama_out ASC
            LIMIT 20
2026-04-28 11:25:25 - getOutlet.php - Query berhasil, mengembalikan 0 record
2026-04-28 11:25:25 - getOutlet.php - === END REQUEST ===
2026-04-28 04:25:26 - getOutlet.php - === REQUEST GETOUTLET ===
2026-04-28 04:25:26 - getOutlet.php - Method: POST
2026-04-28 04:25:26 - getOutlet.php - POST data: {"tgl":"2026-04-28","encrypt":"41c7aa6da1665eab307362296dd568d0","id_apl":"APL01","key":"Apotek kawijya bsd"}
2026-04-28 11:25:26 - getOutlet.php - Params - tgl: 2026-04-28, encrypt: 41c7aa6da1665eab307362296dd568d0, id_apl: APL01, key: Apotek kawijya bsd
2026-04-28 11:25:26 - getOutlet.php - Aplikasi ditemukan: Ya
2026-04-28 11:25:26 - getOutlet.php - Key aplikasi: YbcJSFjkds...
2026-04-28 11:25:26 - getOutlet.php - Expected encrypt: 41c7aa6da1665eab307362296dd568d0
2026-04-28 11:25:26 - getOutlet.php - Received encrypt: 41c7aa6da1665eab307362296dd568d0
2026-04-28 11:25:26 - getOutlet.php - Authentication berhasil
2026-04-28 11:25:26 - getOutlet.php - Query: SELECT id_out, nama_out, '' AS alamat_out, ofcode_out
            FROM outlet 
            WHERE status_out IN ('Active', '1', 'active')
            AND (nama_out LIKE :key OR ofcode_out LIKE :key)
            ORDER BY nama_out ASC
            LIMIT 20
2026-04-28 11:25:26 - getOutlet.php - Query berhasil, mengembalikan 0 record
2026-04-28 11:25:26 - getOutlet.php - === END REQUEST ===
2026-04-28 04:25:28 - getOutlet.php - === REQUEST GETOUTLET ===
2026-04-28 04:25:28 - getOutlet.php - Method: POST
2026-04-28 04:25:28 - getOutlet.php - POST data: {"tgl":"2026-04-28","encrypt":"41c7aa6da1665eab307362296dd568d0","id_apl":"APL01","key":"Apotek kawi jya bsd"}
2026-04-28 11:25:28 - getOutlet.php - Params - tgl: 2026-04-28, encrypt: 41c7aa6da1665eab307362296dd568d0, id_apl: APL01, key: Apotek kawi jya bsd
2026-04-28 11:25:28 - getOutlet.php - Aplikasi ditemukan: Ya
2026-04-28 11:25:28 - getOutlet.php - Key aplikasi: YbcJSFjkds...
2026-04-28 11:25:28 - getOutlet.php - Expected encrypt: 41c7aa6da1665eab307362296dd568d0
2026-04-28 11:25:28 - getOutlet.php - Received encrypt: 41c7aa6da1665eab307362296dd568d0
2026-04-28 11:25:28 - getOutlet.php - Authentication berhasil
2026-04-28 11:25:28 - getOutlet.php - Query: SELECT id_out, nama_out, '' AS alamat_out, ofcode_out
            FROM outlet 
            WHERE status_out IN ('Active', '1', 'active')
            AND (nama_out LIKE :key OR ofcode_out LIKE :key)
            ORDER BY nama_out ASC
            LIMIT 20
2026-04-28 11:25:28 - getOutlet.php - Query berhasil, mengembalikan 0 record
2026-04-28 11:25:28 - getOutlet.php - === END REQUEST ===
2026-04-28 04:25:32 - getOutlet.php - === REQUEST GETOUTLET ===
2026-04-28 04:25:32 - getOutlet.php - Method: POST
2026-04-28 04:25:32 - getOutlet.php - POST data: {"tgl":"2026-04-28","encrypt":"41c7aa6da1665eab307362296dd568d0","id_apl":"APL01","key":"Apotek kawi jaya bsd"}
2026-04-28 11:25:32 - getOutlet.php - Params - tgl: 2026-04-28, encrypt: 41c7aa6da1665eab307362296dd568d0, id_apl: APL01, key: Apotek kawi jaya bsd
2026-04-28 11:25:32 - getOutlet.php - Aplikasi ditemukan: Ya
2026-04-28 11:25:32 - getOutlet.php - Key aplikasi: YbcJSFjkds...
2026-04-28 11:25:32 - getOutlet.php - Expected encrypt: 41c7aa6da1665eab307362296dd568d0
2026-04-28 11:25:32 - getOutlet.php - Received encrypt: 41c7aa6da1665eab307362296dd568d0
2026-04-28 11:25:32 - getOutlet.php - Authentication berhasil
2026-04-28 11:25:32 - getOutlet.php - Query: SELECT id_out, nama_out, '' AS alamat_out, ofcode_out
            FROM outlet 
            WHERE status_out IN ('Active', '1', 'active')
            AND (nama_out LIKE :key OR ofcode_out LIKE :key)
            ORDER BY nama_out ASC
            LIMIT 20
2026-04-28 11:25:32 - getOutlet.php - Query berhasil, mengembalikan 1 record
2026-04-28 11:25:32 - getOutlet.php - === END REQUEST ===
2026-04-28 04:25:33 - getOutlet.php - === REQUEST GETOUTLET ===
2026-04-28 04:25:33 - getOutlet.php - Method: POST
2026-04-28 04:25:33 - getOutlet.php - POST data: {"tgl":"2026-04-28","encrypt":"41c7aa6da1665eab307362296dd568d0","id_apl":"APL01","key":"APOTEK KAWI JAYA BSD"}
2026-04-28 11:25:33 - getOutlet.php - Params - tgl: 2026-04-28, encrypt: 41c7aa6da1665eab307362296dd568d0, id_apl: APL01, key: APOTEK KAWI JAYA BSD
2026-04-28 11:25:33 - getOutlet.php - Aplikasi ditemukan: Ya
2026-04-28 11:25:33 - getOutlet.php - Key aplikasi: YbcJSFjkds...
2026-04-28 11:25:33 - getOutlet.php - Expected encrypt: 41c7aa6da1665eab307362296dd568d0
2026-04-28 11:25:33 - getOutlet.php - Received encrypt: 41c7aa6da1665eab307362296dd568d0
2026-04-28 11:25:33 - getOutlet.php - Authentication berhasil
2026-04-28 11:25:33 - getOutlet.php - Query: SELECT id_out, nama_out, '' AS alamat_out, ofcode_out
            FROM outlet 
            WHERE status_out IN ('Active', '1', 'active')
            AND (nama_out LIKE :key OR ofcode_out LIKE :key)
            ORDER BY nama_out ASC
            LIMIT 20
2026-04-28 11:25:33 - getOutlet.php - Query berhasil, mengembalikan 1 record
2026-04-28 11:25:33 - getOutlet.php - === END REQUEST ===
2026-04-28 04:31:22 - getOutlet.php - === REQUEST GETOUTLET ===
2026-04-28 04:31:22 - getOutlet.php - Method: POST
2026-04-28 04:31:22 - getOutlet.php - POST data: {"tgl":"2026-04-28","encrypt":"41c7aa6da1665eab307362296dd568d0","id_apl":"APL01","key":"Ap"}
2026-04-28 11:31:22 - getOutlet.php - Params - tgl: 2026-04-28, encrypt: 41c7aa6da1665eab307362296dd568d0, id_apl: APL01, key: Ap
2026-04-28 11:31:22 - getOutlet.php - Aplikasi ditemukan: Ya
2026-04-28 11:31:22 - getOutlet.php - Key aplikasi: YbcJSFjkds...
2026-04-28 11:31:22 - getOutlet.php - Expected encrypt: 41c7aa6da1665eab307362296dd568d0
2026-04-28 11:31:22 - getOutlet.php - Received encrypt: 41c7aa6da1665eab307362296dd568d0
2026-04-28 11:31:22 - getOutlet.php - Authentication berhasil
2026-04-28 11:31:22 - getOutlet.php - Query: SELECT id_out, nama_out, '' AS alamat_out, ofcode_out
            FROM outlet 
            WHERE status_out IN ('Active', '1', 'active')
            AND (nama_out LIKE :key OR ofcode_out LIKE :key)
            ORDER BY nama_out ASC
            LIMIT 20
2026-04-28 11:31:22 - getOutlet.php - Query berhasil, mengembalikan 20 record
2026-04-28 11:31:22 - getOutlet.php - === END REQUEST ===
2026-04-28 04:31:23 - getOutlet.php - === REQUEST GETOUTLET ===
2026-04-28 04:31:23 - getOutlet.php - Method: POST
2026-04-28 04:31:23 - getOutlet.php - POST data: {"tgl":"2026-04-28","encrypt":"41c7aa6da1665eab307362296dd568d0","id_apl":"APL01","key":"Apo"}
2026-04-28 11:31:23 - getOutlet.php - Params - tgl: 2026-04-28, encrypt: 41c7aa6da1665eab307362296dd568d0, id_apl: APL01, key: Apo
2026-04-28 11:31:23 - getOutlet.php - Aplikasi ditemukan: Ya
2026-04-28 11:31:23 - getOutlet.php - Key aplikasi: YbcJSFjkds...
2026-04-28 11:31:23 - getOutlet.php - Expected encrypt: 41c7aa6da1665eab307362296dd568d0
2026-04-28 11:31:23 - getOutlet.php - Received encrypt: 41c7aa6da1665eab307362296dd568d0
2026-04-28 11:31:23 - getOutlet.php - Authentication berhasil
2026-04-28 11:31:23 - getOutlet.php - Query: SELECT id_out, nama_out, '' AS alamat_out, ofcode_out
            FROM outlet 
            WHERE status_out IN ('Active', '1', 'active')
            AND (nama_out LIKE :key OR ofcode_out LIKE :key)
            ORDER BY nama_out ASC
            LIMIT 20
2026-04-28 11:31:23 - getOutlet.php - Query berhasil, mengembalikan 20 record
2026-04-28 11:31:23 - getOutlet.php - === END REQUEST ===
2026-04-28 04:31:24 - getOutlet.php - === REQUEST GETOUTLET ===
2026-04-28 04:31:24 - getOutlet.php - Method: POST
2026-04-28 04:31:24 - getOutlet.php - POST data: {"tgl":"2026-04-28","encrypt":"41c7aa6da1665eab307362296dd568d0","id_apl":"APL01","key":"Apotek"}
2026-04-28 11:31:24 - getOutlet.php - Params - tgl: 2026-04-28, encrypt: 41c7aa6da1665eab307362296dd568d0, id_apl: APL01, key: Apotek
2026-04-28 11:31:24 - getOutlet.php - Aplikasi ditemukan: Ya
2026-04-28 11:31:24 - getOutlet.php - Key aplikasi: YbcJSFjkds...
2026-04-28 11:31:24 - getOutlet.php - Expected encrypt: 41c7aa6da1665eab307362296dd568d0
2026-04-28 11:31:24 - getOutlet.php - Received encrypt: 41c7aa6da1665eab307362296dd568d0
2026-04-28 11:31:24 - getOutlet.php - Authentication berhasil
2026-04-28 11:31:24 - getOutlet.php - Query: SELECT id_out, nama_out, '' AS alamat_out, ofcode_out
            FROM outlet 
            WHERE status_out IN ('Active', '1', 'active')
            AND (nama_out LIKE :key OR ofcode_out LIKE :key)
            ORDER BY nama_out ASC
            LIMIT 20
2026-04-28 11:31:24 - getOutlet.php - Query berhasil, mengembalikan 20 record
2026-04-28 11:31:24 - getOutlet.php - === END REQUEST ===
2026-04-28 04:31:24 - getOutlet.php - === REQUEST GETOUTLET ===
2026-04-28 04:31:24 - getOutlet.php - Method: POST
2026-04-28 04:31:24 - getOutlet.php - POST data: {"tgl":"2026-04-28","encrypt":"41c7aa6da1665eab307362296dd568d0","id_apl":"APL01","key":"Apotek me"}
2026-04-28 11:31:24 - getOutlet.php - Params - tgl: 2026-04-28, encrypt: 41c7aa6da1665eab307362296dd568d0, id_apl: APL01, key: Apotek me
2026-04-28 11:31:24 - getOutlet.php - Aplikasi ditemukan: Ya
2026-04-28 11:31:24 - getOutlet.php - Key aplikasi: YbcJSFjkds...
2026-04-28 11:31:24 - getOutlet.php - Expected encrypt: 41c7aa6da1665eab307362296dd568d0
2026-04-28 11:31:24 - getOutlet.php - Received encrypt: 41c7aa6da1665eab307362296dd568d0
2026-04-28 11:31:24 - getOutlet.php - Authentication berhasil
2026-04-28 11:31:24 - getOutlet.php - Query: SELECT id_out, nama_out, '' AS alamat_out, ofcode_out
            FROM outlet 
            WHERE status_out IN ('Active', '1', 'active')
            AND (nama_out LIKE :key OR ofcode_out LIKE :key)
            ORDER BY nama_out ASC
            LIMIT 20
2026-04-28 11:31:24 - getOutlet.php - Query berhasil, mengembalikan 17 record
2026-04-28 11:31:24 - getOutlet.php - === END REQUEST ===
2026-04-28 04:31:24 - getOutlet.php - === REQUEST GETOUTLET ===
2026-04-28 04:31:24 - getOutlet.php - Method: POST
2026-04-28 04:31:24 - getOutlet.php - POST data: {"tgl":"2026-04-28","encrypt":"41c7aa6da1665eab307362296dd568d0","id_apl":"APL01","key":"Apotek m"}
2026-04-28 11:31:24 - getOutlet.php - Params - tgl: 2026-04-28, encrypt: 41c7aa6da1665eab307362296dd568d0, id_apl: APL01, key: Apotek m
2026-04-28 04:31:24 - getOutlet.php - === REQUEST GETOUTLET ===
2026-04-28 04:31:24 - getOutlet.php - Method: POST
2026-04-28 04:31:24 - getOutlet.php - POST data: {"tgl":"2026-04-28","encrypt":"41c7aa6da1665eab307362296dd568d0","id_apl":"APL01","key":"Apotek"}
2026-04-28 11:31:24 - getOutlet.php - Params - tgl: 2026-04-28, encrypt: 41c7aa6da1665eab307362296dd568d0, id_apl: APL01, key: Apotek
2026-04-28 11:31:24 - getOutlet.php - Aplikasi ditemukan: Ya
2026-04-28 11:31:24 - getOutlet.php - Key aplikasi: YbcJSFjkds...
2026-04-28 11:31:24 - getOutlet.php - Expected encrypt: 41c7aa6da1665eab307362296dd568d0
2026-04-28 11:31:24 - getOutlet.php - Received encrypt: 41c7aa6da1665eab307362296dd568d0
2026-04-28 11:31:24 - getOutlet.php - Authentication berhasil
2026-04-28 11:31:24 - getOutlet.php - Aplikasi ditemukan: Ya
2026-04-28 11:31:24 - getOutlet.php - Key aplikasi: YbcJSFjkds...
2026-04-28 11:31:24 - getOutlet.php - Query: SELECT id_out, nama_out, '' AS alamat_out, ofcode_out
            FROM outlet 
            WHERE status_out IN ('Active', '1', 'active')
            AND (nama_out LIKE :key OR ofcode_out LIKE :key)
            ORDER BY nama_out ASC
            LIMIT 20
2026-04-28 11:31:24 - getOutlet.php - Expected encrypt: 41c7aa6da1665eab307362296dd568d0
2026-04-28 11:31:24 - getOutlet.php - Received encrypt: 41c7aa6da1665eab307362296dd568d0
2026-04-28 11:31:24 - getOutlet.php - Authentication berhasil
2026-04-28 11:31:24 - getOutlet.php - Query berhasil, mengembalikan 20 record
2026-04-28 11:31:24 - getOutlet.php - === END REQUEST ===
2026-04-28 11:31:24 - getOutlet.php - Query: SELECT id_out, nama_out, '' AS alamat_out, ofcode_out
            FROM outlet 
            WHERE status_out IN ('Active', '1', 'active')
            AND (nama_out LIKE :key OR ofcode_out LIKE :key)
            ORDER BY nama_out ASC
            LIMIT 20
2026-04-28 11:31:24 - getOutlet.php - Query berhasil, mengembalikan 20 record
2026-04-28 11:31:24 - getOutlet.php - === END REQUEST ===
2026-04-28 04:31:25 - getOutlet.php - === REQUEST GETOUTLET ===
2026-04-28 04:31:25 - getOutlet.php - Method: POST
2026-04-28 04:31:25 - getOutlet.php - POST data: {"tgl":"2026-04-28","encrypt":"41c7aa6da1665eab307362296dd568d0","id_apl":"APL01","key":"Apotek meen"}
2026-04-28 11:31:25 - getOutlet.php - Params - tgl: 2026-04-28, encrypt: 41c7aa6da1665eab307362296dd568d0, id_apl: APL01, key: Apotek meen
2026-04-28 11:31:25 - getOutlet.php - Aplikasi ditemukan: Ya
2026-04-28 11:31:25 - getOutlet.php - Key aplikasi: YbcJSFjkds...
2026-04-28 11:31:25 - getOutlet.php - Expected encrypt: 41c7aa6da1665eab307362296dd568d0
2026-04-28 11:31:25 - getOutlet.php - Received encrypt: 41c7aa6da1665eab307362296dd568d0
2026-04-28 11:31:25 - getOutlet.php - Authentication berhasil
2026-04-28 04:31:25 - getOutlet.php - === REQUEST GETOUTLET ===
2026-04-28 04:31:25 - getOutlet.php - Method: POST
2026-04-28 04:31:25 - getOutlet.php - POST data: {"tgl":"2026-04-28","encrypt":"41c7aa6da1665eab307362296dd568d0","id_apl":"APL01","key":"Apotek mee"}
2026-04-28 11:31:25 - getOutlet.php - Params - tgl: 2026-04-28, encrypt: 41c7aa6da1665eab307362296dd568d0, id_apl: APL01, key: Apotek mee
2026-04-28 11:31:25 - getOutlet.php - Aplikasi ditemukan: Ya
2026-04-28 11:31:25 - getOutlet.php - Key aplikasi: YbcJSFjkds...
2026-04-28 11:31:25 - getOutlet.php - Expected encrypt: 41c7aa6da1665eab307362296dd568d0
2026-04-28 11:31:25 - getOutlet.php - Received encrypt: 41c7aa6da1665eab307362296dd568d0
2026-04-28 11:31:25 - getOutlet.php - Authentication berhasil
2026-04-28 11:31:25 - getOutlet.php - Query: SELECT id_out, nama_out, '' AS alamat_out, ofcode_out
            FROM outlet 
            WHERE status_out IN ('Active', '1', 'active')
            AND (nama_out LIKE :key OR ofcode_out LIKE :key)
            ORDER BY nama_out ASC
            LIMIT 20
2026-04-28 11:31:25 - getOutlet.php - Query berhasil, mengembalikan 0 record
2026-04-28 11:31:25 - getOutlet.php - === END REQUEST ===
2026-04-28 11:31:25 - getOutlet.php - Query: SELECT id_out, nama_out, '' AS alamat_out, ofcode_out
            FROM outlet 
            WHERE status_out IN ('Active', '1', 'active')
            AND (nama_out LIKE :key OR ofcode_out LIKE :key)
            ORDER BY nama_out ASC
            LIMIT 20
2026-04-28 11:31:25 - getOutlet.php - Query berhasil, mengembalikan 0 record
2026-04-28 11:31:25 - getOutlet.php - === END REQUEST ===
2026-04-28 04:31:26 - getOutlet.php - === REQUEST GETOUTLET ===
2026-04-28 04:31:26 - getOutlet.php - Method: POST
2026-04-28 04:31:26 - getOutlet.php - POST data: {"tgl":"2026-04-28","encrypt":"41c7aa6da1665eab307362296dd568d0","id_apl":"APL01","key":"Apotek mee"}
2026-04-28 11:31:26 - getOutlet.php - Params - tgl: 2026-04-28, encrypt: 41c7aa6da1665eab307362296dd568d0, id_apl: APL01, key: Apotek mee
2026-04-28 11:31:26 - getOutlet.php - Aplikasi ditemukan: Ya
2026-04-28 11:31:26 - getOutlet.php - Key aplikasi: YbcJSFjkds...
2026-04-28 11:31:26 - getOutlet.php - Expected encrypt: 41c7aa6da1665eab307362296dd568d0
2026-04-28 11:31:26 - getOutlet.php - Received encrypt: 41c7aa6da1665eab307362296dd568d0
2026-04-28 11:31:26 - getOutlet.php - Authentication berhasil
2026-04-28 11:31:26 - getOutlet.php - Query: SELECT id_out, nama_out, '' AS alamat_out, ofcode_out
            FROM outlet 
            WHERE status_out IN ('Active', '1', 'active')
            AND (nama_out LIKE :key OR ofcode_out LIKE :key)
            ORDER BY nama_out ASC
            LIMIT 20
2026-04-28 11:31:26 - getOutlet.php - Query berhasil, mengembalikan 0 record
2026-04-28 11:31:26 - getOutlet.php - === END REQUEST ===
2026-04-28 04:31:26 - getOutlet.php - === REQUEST GETOUTLET ===
2026-04-28 04:31:26 - getOutlet.php - Method: POST
2026-04-28 04:31:26 - getOutlet.php - POST data: {"tgl":"2026-04-28","encrypt":"41c7aa6da1665eab307362296dd568d0","id_apl":"APL01","key":"Apotek me"}
2026-04-28 11:31:26 - getOutlet.php - Params - tgl: 2026-04-28, encrypt: 41c7aa6da1665eab307362296dd568d0, id_apl: APL01, key: Apotek me
2026-04-28 11:31:26 - getOutlet.php - Aplikasi ditemukan: Ya
2026-04-28 11:31:26 - getOutlet.php - Key aplikasi: YbcJSFjkds...
2026-04-28 11:31:26 - getOutlet.php - Expected encrypt: 41c7aa6da1665eab307362296dd568d0
2026-04-28 11:31:26 - getOutlet.php - Received encrypt: 41c7aa6da1665eab307362296dd568d0
2026-04-28 11:31:26 - getOutlet.php - Authentication berhasil
2026-04-28 11:31:26 - getOutlet.php - Query: SELECT id_out, nama_out, '' AS alamat_out, ofcode_out
            FROM outlet 
            WHERE status_out IN ('Active', '1', 'active')
            AND (nama_out LIKE :key OR ofcode_out LIKE :key)
            ORDER BY nama_out ASC
            LIMIT 20
2026-04-28 11:31:26 - getOutlet.php - Query berhasil, mengembalikan 17 record
2026-04-28 11:31:26 - getOutlet.php - === END REQUEST ===
2026-04-28 04:31:26 - getOutlet.php - === REQUEST GETOUTLET ===
2026-04-28 04:31:26 - getOutlet.php - Method: POST
2026-04-28 04:31:26 - getOutlet.php - POST data: {"tgl":"2026-04-28","encrypt":"41c7aa6da1665eab307362296dd568d0","id_apl":"APL01","key":"Apotek men"}
2026-04-28 11:31:26 - getOutlet.php - Params - tgl: 2026-04-28, encrypt: 41c7aa6da1665eab307362296dd568d0, id_apl: APL01, key: Apotek men
2026-04-28 11:31:26 - getOutlet.php - Aplikasi ditemukan: Ya
2026-04-28 11:31:26 - getOutlet.php - Key aplikasi: YbcJSFjkds...
2026-04-28 11:31:26 - getOutlet.php - Expected encrypt: 41c7aa6da1665eab307362296dd568d0
2026-04-28 11:31:26 - getOutlet.php - Received encrypt: 41c7aa6da1665eab307362296dd568d0
2026-04-28 11:31:26 - getOutlet.php - Authentication berhasil
2026-04-28 11:31:26 - getOutlet.php - Query: SELECT id_out, nama_out, '' AS alamat_out, ofcode_out
            FROM outlet 
            WHERE status_out IN ('Active', '1', 'active')
            AND (nama_out LIKE :key OR ofcode_out LIKE :key)
            ORDER BY nama_out ASC
            LIMIT 20
2026-04-28 11:31:26 - getOutlet.php - Query berhasil, mengembalikan 1 record
2026-04-28 11:31:26 - getOutlet.php - === END REQUEST ===
2026-04-28 04:31:27 - getOutlet.php - === REQUEST GETOUTLET ===
2026-04-28 04:31:27 - getOutlet.php - Method: POST
2026-04-28 04:31:27 - getOutlet.php - POST data: {"tgl":"2026-04-28","encrypt":"41c7aa6da1665eab307362296dd568d0","id_apl":"APL01","key":"Apotek ment"}
2026-04-28 11:31:27 - getOutlet.php - Params - tgl: 2026-04-28, encrypt: 41c7aa6da1665eab307362296dd568d0, id_apl: APL01, key: Apotek ment
2026-04-28 11:31:27 - getOutlet.php - Aplikasi ditemukan: Ya
2026-04-28 11:31:27 - getOutlet.php - Key aplikasi: YbcJSFjkds...
2026-04-28 11:31:27 - getOutlet.php - Expected encrypt: 41c7aa6da1665eab307362296dd568d0
2026-04-28 11:31:27 - getOutlet.php - Received encrypt: 41c7aa6da1665eab307362296dd568d0
2026-04-28 11:31:27 - getOutlet.php - Authentication berhasil
2026-04-28 11:31:27 - getOutlet.php - Query: SELECT id_out, nama_out, '' AS alamat_out, ofcode_out
            FROM outlet 
            WHERE status_out IN ('Active', '1', 'active')
            AND (nama_out LIKE :key OR ofcode_out LIKE :key)
            ORDER BY nama_out ASC
            LIMIT 20
2026-04-28 11:31:27 - getOutlet.php - Query berhasil, mengembalikan 1 record
2026-04-28 11:31:27 - getOutlet.php - === END REQUEST ===
2026-04-28 04:31:27 - getOutlet.php - === REQUEST GETOUTLET ===
2026-04-28 04:31:27 - getOutlet.php - Method: POST
2026-04-28 04:31:27 - getOutlet.php - POST data: {"tgl":"2026-04-28","encrypt":"41c7aa6da1665eab307362296dd568d0","id_apl":"APL01","key":"Apotek mentn"}
2026-04-28 11:31:27 - getOutlet.php - Params - tgl: 2026-04-28, encrypt: 41c7aa6da1665eab307362296dd568d0, id_apl: APL01, key: Apotek mentn
2026-04-28 11:31:27 - getOutlet.php - Aplikasi ditemukan: Ya
2026-04-28 11:31:27 - getOutlet.php - Key aplikasi: YbcJSFjkds...
2026-04-28 11:31:27 - getOutlet.php - Expected encrypt: 41c7aa6da1665eab307362296dd568d0
2026-04-28 11:31:27 - getOutlet.php - Received encrypt: 41c7aa6da1665eab307362296dd568d0
2026-04-28 11:31:27 - getOutlet.php - Authentication berhasil
2026-04-28 11:31:27 - getOutlet.php - Query: SELECT id_out, nama_out, '' AS alamat_out, ofcode_out
            FROM outlet 
            WHERE status_out IN ('Active', '1', 'active')
            AND (nama_out LIKE :key OR ofcode_out LIKE :key)
            ORDER BY nama_out ASC
            LIMIT 20
2026-04-28 11:31:27 - getOutlet.php - Query berhasil, mengembalikan 0 record
2026-04-28 11:31:27 - getOutlet.php - === END REQUEST ===
2026-04-28 04:31:27 - getOutlet.php - === REQUEST GETOUTLET ===
2026-04-28 04:31:27 - getOutlet.php - Method: POST
2026-04-28 04:31:27 - getOutlet.php - POST data: {"tgl":"2026-04-28","encrypt":"41c7aa6da1665eab307362296dd568d0","id_apl":"APL01","key":"Apotek ment"}
2026-04-28 11:31:27 - getOutlet.php - Params - tgl: 2026-04-28, encrypt: 41c7aa6da1665eab307362296dd568d0, id_apl: APL01, key: Apotek ment
2026-04-28 11:31:27 - getOutlet.php - Aplikasi ditemukan: Ya
2026-04-28 11:31:27 - getOutlet.php - Key aplikasi: YbcJSFjkds...
2026-04-28 11:31:27 - getOutlet.php - Expected encrypt: 41c7aa6da1665eab307362296dd568d0
2026-04-28 11:31:27 - getOutlet.php - Received encrypt: 41c7aa6da1665eab307362296dd568d0
2026-04-28 11:31:27 - getOutlet.php - Authentication berhasil
2026-04-28 11:31:27 - getOutlet.php - Query: SELECT id_out, nama_out, '' AS alamat_out, ofcode_out
            FROM outlet 
            WHERE status_out IN ('Active', '1', 'active')
            AND (nama_out LIKE :key OR ofcode_out LIKE :key)
            ORDER BY nama_out ASC
            LIMIT 20
2026-04-28 11:31:27 - getOutlet.php - Query berhasil, mengembalikan 1 record
2026-04-28 11:31:27 - getOutlet.php - === END REQUEST ===
2026-04-28 04:31:30 - getOutlet.php - === REQUEST GETOUTLET ===
2026-04-28 04:31:30 - getOutlet.php - Method: POST
2026-04-28 04:31:30 - getOutlet.php - POST data: {"tgl":"2026-04-28","encrypt":"41c7aa6da1665eab307362296dd568d0","id_apl":"APL01","key":"APOTEK MENTENG PRIME"}
2026-04-28 11:31:30 - getOutlet.php - Params - tgl: 2026-04-28, encrypt: 41c7aa6da1665eab307362296dd568d0, id_apl: APL01, key: APOTEK MENTENG PRIME
2026-04-28 11:31:30 - getOutlet.php - Aplikasi ditemukan: Ya
2026-04-28 11:31:30 - getOutlet.php - Key aplikasi: YbcJSFjkds...
2026-04-28 11:31:30 - getOutlet.php - Expected encrypt: 41c7aa6da1665eab307362296dd568d0
2026-04-28 11:31:30 - getOutlet.php - Received encrypt: 41c7aa6da1665eab307362296dd568d0
2026-04-28 11:31:30 - getOutlet.php - Authentication berhasil
2026-04-28 11:31:30 - getOutlet.php - Query: SELECT id_out, nama_out, '' AS alamat_out, ofcode_out
            FROM outlet 
            WHERE status_out IN ('Active', '1', 'active')
            AND (nama_out LIKE :key OR ofcode_out LIKE :key)
            ORDER BY nama_out ASC
            LIMIT 20
2026-04-28 11:31:30 - getOutlet.php - Query berhasil, mengembalikan 1 record
2026-04-28 11:31:30 - getOutlet.php - === END REQUEST ===
2026-04-28 07:20:12 - getOutlet.php - === REQUEST GETOUTLET ===
2026-04-28 07:20:12 - getOutlet.php - Method: POST
2026-04-28 07:20:12 - getOutlet.php - POST data: {"tgl":"2026-04-28","encrypt":"41c7aa6da1665eab307362296dd568d0","id_apl":"APL01","key":"fa"}
2026-04-28 14:20:12 - getOutlet.php - Params - tgl: 2026-04-28, encrypt: 41c7aa6da1665eab307362296dd568d0, id_apl: APL01, key: fa
2026-04-28 14:20:12 - getOutlet.php - Aplikasi ditemukan: Ya
2026-04-28 14:20:12 - getOutlet.php - Key aplikasi: YbcJSFjkds...
2026-04-28 14:20:12 - getOutlet.php - Expected encrypt: 41c7aa6da1665eab307362296dd568d0
2026-04-28 14:20:12 - getOutlet.php - Received encrypt: 41c7aa6da1665eab307362296dd568d0
2026-04-28 14:20:12 - getOutlet.php - Authentication berhasil
2026-04-28 14:20:12 - getOutlet.php - Query: SELECT id_out, nama_out, '' AS alamat_out, ofcode_out
            FROM outlet 
            WHERE status_out IN ('Active', '1', 'active')
            AND (nama_out LIKE :key OR ofcode_out LIKE :key)
            ORDER BY nama_out ASC
            LIMIT 20
2026-04-28 14:20:12 - getOutlet.php - Query berhasil, mengembalikan 20 record
2026-04-28 14:20:12 - getOutlet.php - === END REQUEST ===
2026-04-28 07:20:12 - getOutlet.php - === REQUEST GETOUTLET ===
2026-04-28 07:20:12 - getOutlet.php - Method: POST
2026-04-28 07:20:12 - getOutlet.php - POST data: {"tgl":"2026-04-28","encrypt":"41c7aa6da1665eab307362296dd568d0","id_apl":"APL01","key":"far"}
2026-04-28 14:20:12 - getOutlet.php - Params - tgl: 2026-04-28, encrypt: 41c7aa6da1665eab307362296dd568d0, id_apl: APL01, key: far
2026-04-28 14:20:12 - getOutlet.php - Aplikasi ditemukan: Ya
2026-04-28 14:20:12 - getOutlet.php - Key aplikasi: YbcJSFjkds...
2026-04-28 14:20:12 - getOutlet.php - Expected encrypt: 41c7aa6da1665eab307362296dd568d0
2026-04-28 14:20:12 - getOutlet.php - Received encrypt: 41c7aa6da1665eab307362296dd568d0
2026-04-28 14:20:12 - getOutlet.php - Authentication berhasil
2026-04-28 14:20:12 - getOutlet.php - Query: SELECT id_out, nama_out, '' AS alamat_out, ofcode_out
            FROM outlet 
            WHERE status_out IN ('Active', '1', 'active')
            AND (nama_out LIKE :key OR ofcode_out LIKE :key)
            ORDER BY nama_out ASC
            LIMIT 20
2026-04-28 14:20:12 - getOutlet.php - Query berhasil, mengembalikan 20 record
2026-04-28 14:20:12 - getOutlet.php - === END REQUEST ===
2026-04-28 07:20:12 - getOutlet.php - === REQUEST GETOUTLET ===
2026-04-28 07:20:12 - getOutlet.php - Method: POST
2026-04-28 07:20:12 - getOutlet.php - POST data: {"tgl":"2026-04-28","encrypt":"41c7aa6da1665eab307362296dd568d0","id_apl":"APL01","key":"fara"}
2026-04-28 14:20:12 - getOutlet.php - Params - tgl: 2026-04-28, encrypt: 41c7aa6da1665eab307362296dd568d0, id_apl: APL01, key: fara
2026-04-28 14:20:12 - getOutlet.php - Aplikasi ditemukan: Ya
2026-04-28 14:20:12 - getOutlet.php - Key aplikasi: YbcJSFjkds...
2026-04-28 14:20:12 - getOutlet.php - Expected encrypt: 41c7aa6da1665eab307362296dd568d0
2026-04-28 14:20:12 - getOutlet.php - Received encrypt: 41c7aa6da1665eab307362296dd568d0
2026-04-28 14:20:12 - getOutlet.php - Authentication berhasil
2026-04-28 14:20:12 - getOutlet.php - Query: SELECT id_out, nama_out, '' AS alamat_out, ofcode_out
            FROM outlet 
            WHERE status_out IN ('Active', '1', 'active')
            AND (nama_out LIKE :key OR ofcode_out LIKE :key)
            ORDER BY nama_out ASC
            LIMIT 20
2026-04-28 14:20:12 - getOutlet.php - Query berhasil, mengembalikan 13 record
2026-04-28 14:20:12 - getOutlet.php - === END REQUEST ===
2026-04-28 07:20:23 - getOutlet.php - === REQUEST GETOUTLET ===
2026-04-28 07:20:23 - getOutlet.php - Method: POST
2026-04-28 07:20:23 - getOutlet.php - POST data: {"tgl":"2026-04-28","encrypt":"41c7aa6da1665eab307362296dd568d0","id_apl":"APL01","key":"Apotek Faraza Pharma Puri"}
2026-04-28 14:20:23 - getOutlet.php - Params - tgl: 2026-04-28, encrypt: 41c7aa6da1665eab307362296dd568d0, id_apl: APL01, key: Apotek Faraza Pharma Puri
2026-04-28 14:20:23 - getOutlet.php - Aplikasi ditemukan: Ya
2026-04-28 14:20:23 - getOutlet.php - Key aplikasi: YbcJSFjkds...
2026-04-28 14:20:23 - getOutlet.php - Expected encrypt: 41c7aa6da1665eab307362296dd568d0
2026-04-28 14:20:23 - getOutlet.php - Received encrypt: 41c7aa6da1665eab307362296dd568d0
2026-04-28 14:20:23 - getOutlet.php - Authentication berhasil
2026-04-28 14:20:23 - getOutlet.php - Query: SELECT id_out, nama_out, '' AS alamat_out, ofcode_out
            FROM outlet 
            WHERE status_out IN ('Active', '1', 'active')
            AND (nama_out LIKE :key OR ofcode_out LIKE :key)
            ORDER BY nama_out ASC
            LIMIT 20
2026-04-28 14:20:23 - getOutlet.php - Query berhasil, mengembalikan 1 record
2026-04-28 14:20:23 - getOutlet.php - === END REQUEST ===
2026-04-28 07:55:59 - getOutlet.php - === REQUEST GETOUTLET ===
2026-04-28 07:55:59 - getOutlet.php - Method: POST
2026-04-28 07:55:59 - getOutlet.php - POST data: {"tgl":"2026-04-28","encrypt":"41c7aa6da1665eab307362296dd568d0","id_apl":"APL01","key":"Rs"}
2026-04-28 14:55:59 - getOutlet.php - Params - tgl: 2026-04-28, encrypt: 41c7aa6da1665eab307362296dd568d0, id_apl: APL01, key: Rs
2026-04-28 14:55:59 - getOutlet.php - Aplikasi ditemukan: Ya
2026-04-28 14:55:59 - getOutlet.php - Key aplikasi: YbcJSFjkds...
2026-04-28 14:55:59 - getOutlet.php - Expected encrypt: 41c7aa6da1665eab307362296dd568d0
2026-04-28 14:55:59 - getOutlet.php - Received encrypt: 41c7aa6da1665eab307362296dd568d0
2026-04-28 14:55:59 - getOutlet.php - Authentication berhasil
2026-04-28 14:55:59 - getOutlet.php - Query: SELECT id_out, nama_out, '' AS alamat_out, ofcode_out
            FROM outlet 
            WHERE status_out IN ('Active', '1', 'active')
            AND (nama_out LIKE :key OR ofcode_out LIKE :key)
            ORDER BY nama_out ASC
            LIMIT 20
2026-04-28 14:55:59 - getOutlet.php - Query berhasil, mengembalikan 20 record
2026-04-28 14:55:59 - getOutlet.php - === END REQUEST ===
2026-04-28 07:55:59 - getOutlet.php - === REQUEST GETOUTLET ===
2026-04-28 07:55:59 - getOutlet.php - Method: POST
2026-04-28 07:55:59 - getOutlet.php - POST data: {"tgl":"2026-04-28","encrypt":"41c7aa6da1665eab307362296dd568d0","id_apl":"APL01","key":"Rs"}
2026-04-28 14:55:59 - getOutlet.php - Params - tgl: 2026-04-28, encrypt: 41c7aa6da1665eab307362296dd568d0, id_apl: APL01, key: Rs
2026-04-28 14:55:59 - getOutlet.php - Aplikasi ditemukan: Ya
2026-04-28 14:55:59 - getOutlet.php - Key aplikasi: YbcJSFjkds...
2026-04-28 14:55:59 - getOutlet.php - Expected encrypt: 41c7aa6da1665eab307362296dd568d0
2026-04-28 14:55:59 - getOutlet.php - Received encrypt: 41c7aa6da1665eab307362296dd568d0
2026-04-28 14:55:59 - getOutlet.php - Authentication berhasil
2026-04-28 14:55:59 - getOutlet.php - Query: SELECT id_out, nama_out, '' AS alamat_out, ofcode_out
            FROM outlet 
            WHERE status_out IN ('Active', '1', 'active')
            AND (nama_out LIKE :key OR ofcode_out LIKE :key)
            ORDER BY nama_out ASC
            LIMIT 20
2026-04-28 14:55:59 - getOutlet.php - Query berhasil, mengembalikan 20 record
2026-04-28 14:55:59 - getOutlet.php - === END REQUEST ===
2026-04-28 07:56:00 - getOutlet.php - === REQUEST GETOUTLET ===
2026-04-28 07:56:00 - getOutlet.php - Method: POST
2026-04-28 07:56:00 - getOutlet.php - POST data: {"tgl":"2026-04-28","encrypt":"41c7aa6da1665eab307362296dd568d0","id_apl":"APL01","key":"Rs p"}
2026-04-28 14:56:00 - getOutlet.php - Params - tgl: 2026-04-28, encrypt: 41c7aa6da1665eab307362296dd568d0, id_apl: APL01, key: Rs p
2026-04-28 14:56:00 - getOutlet.php - Aplikasi ditemukan: Ya
2026-04-28 14:56:00 - getOutlet.php - Key aplikasi: YbcJSFjkds...
2026-04-28 14:56:00 - getOutlet.php - Expected encrypt: 41c7aa6da1665eab307362296dd568d0
2026-04-28 14:56:00 - getOutlet.php - Received encrypt: 41c7aa6da1665eab307362296dd568d0
2026-04-28 14:56:00 - getOutlet.php - Authentication berhasil
2026-04-28 14:56:00 - getOutlet.php - Query: SELECT id_out, nama_out, '' AS alamat_out, ofcode_out
            FROM outlet 
            WHERE status_out IN ('Active', '1', 'active')
            AND (nama_out LIKE :key OR ofcode_out LIKE :key)
            ORDER BY nama_out ASC
            LIMIT 20
2026-04-28 14:56:00 - getOutlet.php - Query berhasil, mengembalikan 20 record
2026-04-28 14:56:00 - getOutlet.php - === END REQUEST ===
2026-04-28 07:56:00 - getOutlet.php - === REQUEST GETOUTLET ===
2026-04-28 07:56:00 - getOutlet.php - Method: POST
2026-04-28 07:56:00 - getOutlet.php - POST data: {"tgl":"2026-04-28","encrypt":"41c7aa6da1665eab307362296dd568d0","id_apl":"APL01","key":"Rs pe"}
2026-04-28 14:56:00 - getOutlet.php - Params - tgl: 2026-04-28, encrypt: 41c7aa6da1665eab307362296dd568d0, id_apl: APL01, key: Rs pe
2026-04-28 14:56:00 - getOutlet.php - Aplikasi ditemukan: Ya
2026-04-28 14:56:00 - getOutlet.php - Key aplikasi: YbcJSFjkds...
2026-04-28 14:56:00 - getOutlet.php - Expected encrypt: 41c7aa6da1665eab307362296dd568d0
2026-04-28 14:56:00 - getOutlet.php - Received encrypt: 41c7aa6da1665eab307362296dd568d0
2026-04-28 14:56:00 - getOutlet.php - Authentication berhasil
2026-04-28 14:56:00 - getOutlet.php - Query: SELECT id_out, nama_out, '' AS alamat_out, ofcode_out
            FROM outlet 
            WHERE status_out IN ('Active', '1', 'active')
            AND (nama_out LIKE :key OR ofcode_out LIKE :key)
            ORDER BY nama_out ASC
            LIMIT 20
2026-04-28 14:56:00 - getOutlet.php - Query berhasil, mengembalikan 13 record
2026-04-28 14:56:00 - getOutlet.php - === END REQUEST ===
2026-04-28 07:56:00 - getOutlet.php - === REQUEST GETOUTLET ===
2026-04-28 07:56:00 - getOutlet.php - Method: POST
2026-04-28 07:56:00 - getOutlet.php - POST data: {"tgl":"2026-04-28","encrypt":"41c7aa6da1665eab307362296dd568d0","id_apl":"APL01","key":"Rs pel"}
2026-04-28 14:56:00 - getOutlet.php - Params - tgl: 2026-04-28, encrypt: 41c7aa6da1665eab307362296dd568d0, id_apl: APL01, key: Rs pel
2026-04-28 14:56:00 - getOutlet.php - Aplikasi ditemukan: Ya
2026-04-28 14:56:00 - getOutlet.php - Key aplikasi: YbcJSFjkds...
2026-04-28 14:56:00 - getOutlet.php - Expected encrypt: 41c7aa6da1665eab307362296dd568d0
2026-04-28 14:56:00 - getOutlet.php - Received encrypt: 41c7aa6da1665eab307362296dd568d0
2026-04-28 14:56:00 - getOutlet.php - Authentication berhasil
2026-04-28 14:56:00 - getOutlet.php - Query: SELECT id_out, nama_out, '' AS alamat_out, ofcode_out
            FROM outlet 
            WHERE status_out IN ('Active', '1', 'active')
            AND (nama_out LIKE :key OR ofcode_out LIKE :key)
            ORDER BY nama_out ASC
            LIMIT 20
2026-04-28 14:56:00 - getOutlet.php - Query berhasil, mengembalikan 2 record
2026-04-28 14:56:00 - getOutlet.php - === END REQUEST ===
2026-04-28 07:56:00 - getOutlet.php - === REQUEST GETOUTLET ===
2026-04-28 07:56:00 - getOutlet.php - Method: POST
2026-04-28 07:56:00 - getOutlet.php - POST data: {"tgl":"2026-04-28","encrypt":"41c7aa6da1665eab307362296dd568d0","id_apl":"APL01","key":"Rs peln"}
2026-04-28 14:56:00 - getOutlet.php - Params - tgl: 2026-04-28, encrypt: 41c7aa6da1665eab307362296dd568d0, id_apl: APL01, key: Rs peln
2026-04-28 14:56:00 - getOutlet.php - Aplikasi ditemukan: Ya
2026-04-28 14:56:00 - getOutlet.php - Key aplikasi: YbcJSFjkds...
2026-04-28 14:56:00 - getOutlet.php - Expected encrypt: 41c7aa6da1665eab307362296dd568d0
2026-04-28 14:56:00 - getOutlet.php - Received encrypt: 41c7aa6da1665eab307362296dd568d0
2026-04-28 14:56:00 - getOutlet.php - Authentication berhasil
2026-04-28 14:56:00 - getOutlet.php - Query: SELECT id_out, nama_out, '' AS alamat_out, ofcode_out
            FROM outlet 
            WHERE status_out IN ('Active', '1', 'active')
            AND (nama_out LIKE :key OR ofcode_out LIKE :key)
            ORDER BY nama_out ASC
            LIMIT 20
2026-04-28 14:56:00 - getOutlet.php - Query berhasil, mengembalikan 1 record
2026-04-28 14:56:00 - getOutlet.php - === END REQUEST ===
2026-04-28 07:56:01 - getOutlet.php - === REQUEST GETOUTLET ===
2026-04-28 07:56:01 - getOutlet.php - Method: POST
2026-04-28 07:56:01 - getOutlet.php - POST data: {"tgl":"2026-04-28","encrypt":"41c7aa6da1665eab307362296dd568d0","id_apl":"APL01","key":"RS PELNI"}
2026-04-28 14:56:01 - getOutlet.php - Params - tgl: 2026-04-28, encrypt: 41c7aa6da1665eab307362296dd568d0, id_apl: APL01, key: RS PELNI
2026-04-28 14:56:01 - getOutlet.php - Aplikasi ditemukan: Ya
2026-04-28 14:56:01 - getOutlet.php - Key aplikasi: YbcJSFjkds...
2026-04-28 14:56:01 - getOutlet.php - Expected encrypt: 41c7aa6da1665eab307362296dd568d0
2026-04-28 14:56:01 - getOutlet.php - Received encrypt: 41c7aa6da1665eab307362296dd568d0
2026-04-28 14:56:01 - getOutlet.php - Authentication berhasil
2026-04-28 14:56:01 - getOutlet.php - Query: SELECT id_out, nama_out, '' AS alamat_out, ofcode_out
            FROM outlet 
            WHERE status_out IN ('Active', '1', 'active')
            AND (nama_out LIKE :key OR ofcode_out LIKE :key)
            ORDER BY nama_out ASC
            LIMIT 20
2026-04-28 14:56:01 - getOutlet.php - Query berhasil, mengembalikan 1 record
2026-04-28 14:56:01 - getOutlet.php - === END REQUEST ===
