2026-04-07 02:44:54 - getOutlet.php - === REQUEST GETOUTLET ===
2026-04-07 02:44:54 - getOutlet.php - Method: POST
2026-04-07 02:44:54 - getOutlet.php - POST data: {"tgl":"2026-04-07","encrypt":"5b8ae1bc6b9f1f1fb1fdfe9cb8337a80","id_apl":"APL01","key":"Rs"}
2026-04-07 09:44:54 - getOutlet.php - Params - tgl: 2026-04-07, encrypt: 5b8ae1bc6b9f1f1fb1fdfe9cb8337a80, id_apl: APL01, key: Rs
2026-04-07 09:44:54 - getOutlet.php - Aplikasi ditemukan: Ya
2026-04-07 09:44:54 - getOutlet.php - Key aplikasi: YbcJSFjkds...
2026-04-07 09:44:54 - getOutlet.php - Expected encrypt: 5b8ae1bc6b9f1f1fb1fdfe9cb8337a80
2026-04-07 09:44:54 - getOutlet.php - Received encrypt: 5b8ae1bc6b9f1f1fb1fdfe9cb8337a80
2026-04-07 09:44:54 - getOutlet.php - Authentication berhasil
2026-04-07 09:44:54 - getOutlet.php - Query: SELECT id_out, nama_out, '' AS alamat_out, ofcode_out
            FROM outlet 
            WHERE status_out IN ('Active', '1', 'active')
            AND (nama_out LIKE :key OR ofcode_out LIKE :key)
            ORDER BY nama_out ASC
            LIMIT 20
2026-04-07 09:44:54 - getOutlet.php - Query berhasil, mengembalikan 20 record
2026-04-07 09:44:54 - getOutlet.php - === END REQUEST ===
2026-04-07 02:44:54 - getOutlet.php - === REQUEST GETOUTLET ===
2026-04-07 02:44:54 - getOutlet.php - Method: POST
2026-04-07 02:44:54 - getOutlet.php - POST data: {"tgl":"2026-04-07","encrypt":"5b8ae1bc6b9f1f1fb1fdfe9cb8337a80","id_apl":"APL01","key":"Rs"}
2026-04-07 09:44:54 - getOutlet.php - Params - tgl: 2026-04-07, encrypt: 5b8ae1bc6b9f1f1fb1fdfe9cb8337a80, id_apl: APL01, key: Rs
2026-04-07 09:44:54 - getOutlet.php - Aplikasi ditemukan: Ya
2026-04-07 09:44:54 - getOutlet.php - Key aplikasi: YbcJSFjkds...
2026-04-07 09:44:54 - getOutlet.php - Expected encrypt: 5b8ae1bc6b9f1f1fb1fdfe9cb8337a80
2026-04-07 09:44:54 - getOutlet.php - Received encrypt: 5b8ae1bc6b9f1f1fb1fdfe9cb8337a80
2026-04-07 09:44:54 - getOutlet.php - Authentication berhasil
2026-04-07 09:44:54 - getOutlet.php - Query: SELECT id_out, nama_out, '' AS alamat_out, ofcode_out
            FROM outlet 
            WHERE status_out IN ('Active', '1', 'active')
            AND (nama_out LIKE :key OR ofcode_out LIKE :key)
            ORDER BY nama_out ASC
            LIMIT 20
2026-04-07 09:44:54 - getOutlet.php - Query berhasil, mengembalikan 20 record
2026-04-07 09:44:54 - getOutlet.php - === END REQUEST ===
2026-04-07 02:44:54 - getOutlet.php - === REQUEST GETOUTLET ===
2026-04-07 02:44:54 - getOutlet.php - Method: POST
2026-04-07 02:44:54 - getOutlet.php - POST data: {"tgl":"2026-04-07","encrypt":"5b8ae1bc6b9f1f1fb1fdfe9cb8337a80","id_apl":"APL01","key":"Rs"}
2026-04-07 09:44:54 - getOutlet.php - Params - tgl: 2026-04-07, encrypt: 5b8ae1bc6b9f1f1fb1fdfe9cb8337a80, id_apl: APL01, key: Rs
2026-04-07 09:44:54 - getOutlet.php - Aplikasi ditemukan: Ya
2026-04-07 09:44:54 - getOutlet.php - Key aplikasi: YbcJSFjkds...
2026-04-07 09:44:54 - getOutlet.php - Expected encrypt: 5b8ae1bc6b9f1f1fb1fdfe9cb8337a80
2026-04-07 09:44:54 - getOutlet.php - Received encrypt: 5b8ae1bc6b9f1f1fb1fdfe9cb8337a80
2026-04-07 09:44:54 - getOutlet.php - Authentication berhasil
2026-04-07 09:44:54 - getOutlet.php - Query: SELECT id_out, nama_out, '' AS alamat_out, ofcode_out
            FROM outlet 
            WHERE status_out IN ('Active', '1', 'active')
            AND (nama_out LIKE :key OR ofcode_out LIKE :key)
            ORDER BY nama_out ASC
            LIMIT 20
2026-04-07 09:44:54 - getOutlet.php - Query berhasil, mengembalikan 20 record
2026-04-07 09:44:54 - getOutlet.php - === END REQUEST ===
2026-04-07 02:44:55 - getOutlet.php - === REQUEST GETOUTLET ===
2026-04-07 02:44:55 - getOutlet.php - Method: POST
2026-04-07 02:44:55 - getOutlet.php - POST data: {"tgl":"2026-04-07","encrypt":"5b8ae1bc6b9f1f1fb1fdfe9cb8337a80","id_apl":"APL01","key":"Rs m"}
2026-04-07 09:44:55 - getOutlet.php - Params - tgl: 2026-04-07, encrypt: 5b8ae1bc6b9f1f1fb1fdfe9cb8337a80, id_apl: APL01, key: Rs m
2026-04-07 09:44:55 - getOutlet.php - Aplikasi ditemukan: Ya
2026-04-07 09:44:55 - getOutlet.php - Key aplikasi: YbcJSFjkds...
2026-04-07 09:44:55 - getOutlet.php - Expected encrypt: 5b8ae1bc6b9f1f1fb1fdfe9cb8337a80
2026-04-07 09:44:55 - getOutlet.php - Received encrypt: 5b8ae1bc6b9f1f1fb1fdfe9cb8337a80
2026-04-07 09:44:55 - getOutlet.php - Authentication berhasil
2026-04-07 09:44:55 - getOutlet.php - Query: SELECT id_out, nama_out, '' AS alamat_out, ofcode_out
            FROM outlet 
            WHERE status_out IN ('Active', '1', 'active')
            AND (nama_out LIKE :key OR ofcode_out LIKE :key)
            ORDER BY nama_out ASC
            LIMIT 20
2026-04-07 09:44:55 - getOutlet.php - Query berhasil, mengembalikan 20 record
2026-04-07 09:44:55 - getOutlet.php - === END REQUEST ===
2026-04-07 02:44:55 - getOutlet.php - === REQUEST GETOUTLET ===
2026-04-07 02:44:55 - getOutlet.php - Method: POST
2026-04-07 02:44:55 - getOutlet.php - POST data: {"tgl":"2026-04-07","encrypt":"5b8ae1bc6b9f1f1fb1fdfe9cb8337a80","id_apl":"APL01","key":"Rs mi"}
2026-04-07 09:44:55 - getOutlet.php - Params - tgl: 2026-04-07, encrypt: 5b8ae1bc6b9f1f1fb1fdfe9cb8337a80, id_apl: APL01, key: Rs mi
2026-04-07 09:44:55 - getOutlet.php - Aplikasi ditemukan: Ya
2026-04-07 09:44:55 - getOutlet.php - Key aplikasi: YbcJSFjkds...
2026-04-07 09:44:55 - getOutlet.php - Expected encrypt: 5b8ae1bc6b9f1f1fb1fdfe9cb8337a80
2026-04-07 09:44:55 - getOutlet.php - Received encrypt: 5b8ae1bc6b9f1f1fb1fdfe9cb8337a80
2026-04-07 09:44:55 - getOutlet.php - Authentication berhasil
2026-04-07 09:44:55 - getOutlet.php - Query: SELECT id_out, nama_out, '' AS alamat_out, ofcode_out
            FROM outlet 
            WHERE status_out IN ('Active', '1', 'active')
            AND (nama_out LIKE :key OR ofcode_out LIKE :key)
            ORDER BY nama_out ASC
            LIMIT 20
2026-04-07 09:44:55 - getOutlet.php - Query berhasil, mengembalikan 17 record
2026-04-07 09:44:55 - getOutlet.php - === END REQUEST ===
2026-04-07 02:44:55 - getOutlet.php - === REQUEST GETOUTLET ===
2026-04-07 02:44:55 - getOutlet.php - Method: POST
2026-04-07 02:44:55 - getOutlet.php - POST data: {"tgl":"2026-04-07","encrypt":"5b8ae1bc6b9f1f1fb1fdfe9cb8337a80","id_apl":"APL01","key":"Rs mil"}
2026-04-07 09:44:55 - getOutlet.php - Params - tgl: 2026-04-07, encrypt: 5b8ae1bc6b9f1f1fb1fdfe9cb8337a80, id_apl: APL01, key: Rs mil
2026-04-07 09:44:55 - getOutlet.php - Aplikasi ditemukan: Ya
2026-04-07 09:44:55 - getOutlet.php - Key aplikasi: YbcJSFjkds...
2026-04-07 09:44:55 - getOutlet.php - Expected encrypt: 5b8ae1bc6b9f1f1fb1fdfe9cb8337a80
2026-04-07 09:44:55 - getOutlet.php - Received encrypt: 5b8ae1bc6b9f1f1fb1fdfe9cb8337a80
2026-04-07 09:44:55 - getOutlet.php - Authentication berhasil
2026-04-07 09:44:55 - getOutlet.php - Query: SELECT id_out, nama_out, '' AS alamat_out, ofcode_out
            FROM outlet 
            WHERE status_out IN ('Active', '1', 'active')
            AND (nama_out LIKE :key OR ofcode_out LIKE :key)
            ORDER BY nama_out ASC
            LIMIT 20
2026-04-07 09:44:55 - getOutlet.php - Query berhasil, mengembalikan 0 record
2026-04-07 09:44:55 - getOutlet.php - === END REQUEST ===
2026-04-07 02:44:56 - getOutlet.php - === REQUEST GETOUTLET ===
2026-04-07 02:44:56 - getOutlet.php - Method: POST
2026-04-07 02:44:56 - getOutlet.php - POST data: {"tgl":"2026-04-07","encrypt":"5b8ae1bc6b9f1f1fb1fdfe9cb8337a80","id_apl":"APL01","key":"Rs m"}
2026-04-07 09:44:56 - getOutlet.php - Params - tgl: 2026-04-07, encrypt: 5b8ae1bc6b9f1f1fb1fdfe9cb8337a80, id_apl: APL01, key: Rs m
2026-04-07 09:44:56 - getOutlet.php - Aplikasi ditemukan: Ya
2026-04-07 09:44:56 - getOutlet.php - Key aplikasi: YbcJSFjkds...
2026-04-07 09:44:56 - getOutlet.php - Expected encrypt: 5b8ae1bc6b9f1f1fb1fdfe9cb8337a80
2026-04-07 09:44:56 - getOutlet.php - Received encrypt: 5b8ae1bc6b9f1f1fb1fdfe9cb8337a80
2026-04-07 09:44:56 - getOutlet.php - Authentication berhasil
2026-04-07 09:44:56 - getOutlet.php - Query: SELECT id_out, nama_out, '' AS alamat_out, ofcode_out
            FROM outlet 
            WHERE status_out IN ('Active', '1', 'active')
            AND (nama_out LIKE :key OR ofcode_out LIKE :key)
            ORDER BY nama_out ASC
            LIMIT 20
2026-04-07 09:44:56 - getOutlet.php - Query berhasil, mengembalikan 20 record
2026-04-07 09:44:56 - getOutlet.php - === END REQUEST ===
2026-04-07 02:44:56 - getOutlet.php - === REQUEST GETOUTLET ===
2026-04-07 02:44:56 - getOutlet.php - Method: POST
2026-04-07 02:44:56 - getOutlet.php - POST data: {"tgl":"2026-04-07","encrypt":"5b8ae1bc6b9f1f1fb1fdfe9cb8337a80","id_apl":"APL01","key":"Rs mi"}
2026-04-07 09:44:56 - getOutlet.php - Params - tgl: 2026-04-07, encrypt: 5b8ae1bc6b9f1f1fb1fdfe9cb8337a80, id_apl: APL01, key: Rs mi
2026-04-07 09:44:56 - getOutlet.php - Aplikasi ditemukan: Ya
2026-04-07 09:44:56 - getOutlet.php - Key aplikasi: YbcJSFjkds...
2026-04-07 09:44:56 - getOutlet.php - Expected encrypt: 5b8ae1bc6b9f1f1fb1fdfe9cb8337a80
2026-04-07 09:44:56 - getOutlet.php - Received encrypt: 5b8ae1bc6b9f1f1fb1fdfe9cb8337a80
2026-04-07 09:44:56 - getOutlet.php - Authentication berhasil
2026-04-07 09:44:56 - getOutlet.php - Query: SELECT id_out, nama_out, '' AS alamat_out, ofcode_out
            FROM outlet 
            WHERE status_out IN ('Active', '1', 'active')
            AND (nama_out LIKE :key OR ofcode_out LIKE :key)
            ORDER BY nama_out ASC
            LIMIT 20
2026-04-07 09:44:56 - getOutlet.php - Query berhasil, mengembalikan 17 record
2026-04-07 09:44:56 - getOutlet.php - === END REQUEST ===
2026-04-07 02:44:57 - getOutlet.php - === REQUEST GETOUTLET ===
2026-04-07 02:44:57 - getOutlet.php - Method: POST
2026-04-07 02:44:57 - getOutlet.php - POST data: {"tgl":"2026-04-07","encrypt":"5b8ae1bc6b9f1f1fb1fdfe9cb8337a80","id_apl":"APL01","key":"Rs mul"}
2026-04-07 09:44:57 - getOutlet.php - Params - tgl: 2026-04-07, encrypt: 5b8ae1bc6b9f1f1fb1fdfe9cb8337a80, id_apl: APL01, key: Rs mul
2026-04-07 02:44:57 - getOutlet.php - === REQUEST GETOUTLET ===
2026-04-07 02:44:57 - getOutlet.php - Method: POST
2026-04-07 02:44:57 - getOutlet.php - POST data: {"tgl":"2026-04-07","encrypt":"5b8ae1bc6b9f1f1fb1fdfe9cb8337a80","id_apl":"APL01","key":"Rs mu"}
2026-04-07 09:44:57 - getOutlet.php - Params - tgl: 2026-04-07, encrypt: 5b8ae1bc6b9f1f1fb1fdfe9cb8337a80, id_apl: APL01, key: Rs mu
2026-04-07 09:44:57 - getOutlet.php - Aplikasi ditemukan: Ya
2026-04-07 09:44:57 - getOutlet.php - Key aplikasi: YbcJSFjkds...
2026-04-07 09:44:57 - getOutlet.php - Aplikasi ditemukan: Ya
2026-04-07 09:44:57 - getOutlet.php - Expected encrypt: 5b8ae1bc6b9f1f1fb1fdfe9cb8337a80
2026-04-07 09:44:57 - getOutlet.php - Key aplikasi: YbcJSFjkds...
2026-04-07 09:44:57 - getOutlet.php - Received encrypt: 5b8ae1bc6b9f1f1fb1fdfe9cb8337a80
2026-04-07 09:44:57 - getOutlet.php - Expected encrypt: 5b8ae1bc6b9f1f1fb1fdfe9cb8337a80
2026-04-07 09:44:57 - getOutlet.php - Authentication berhasil
2026-04-07 09:44:57 - getOutlet.php - Received encrypt: 5b8ae1bc6b9f1f1fb1fdfe9cb8337a80
2026-04-07 09:44:57 - getOutlet.php - Authentication berhasil
2026-04-07 09:44:57 - getOutlet.php - Query: SELECT id_out, nama_out, '' AS alamat_out, ofcode_out
            FROM outlet 
            WHERE status_out IN ('Active', '1', 'active')
            AND (nama_out LIKE :key OR ofcode_out LIKE :key)
            ORDER BY nama_out ASC
            LIMIT 20
2026-04-07 09:44:57 - getOutlet.php - Query: SELECT id_out, nama_out, '' AS alamat_out, ofcode_out
            FROM outlet 
            WHERE status_out IN ('Active', '1', 'active')
            AND (nama_out LIKE :key OR ofcode_out LIKE :key)
            ORDER BY nama_out ASC
            LIMIT 20
2026-04-07 09:44:57 - getOutlet.php - Query berhasil, mengembalikan 8 record
2026-04-07 09:44:57 - getOutlet.php - === END REQUEST ===
2026-04-07 09:44:57 - getOutlet.php - Query berhasil, mengembalikan 2 record
2026-04-07 09:44:57 - getOutlet.php - === END REQUEST ===
2026-04-07 02:44:57 - getOutlet.php - === REQUEST GETOUTLET ===
2026-04-07 02:44:57 - getOutlet.php - Method: POST
2026-04-07 02:44:57 - getOutlet.php - POST data: {"tgl":"2026-04-07","encrypt":"5b8ae1bc6b9f1f1fb1fdfe9cb8337a80","id_apl":"APL01","key":"Rs muly"}
2026-04-07 09:44:57 - getOutlet.php - Params - tgl: 2026-04-07, encrypt: 5b8ae1bc6b9f1f1fb1fdfe9cb8337a80, id_apl: APL01, key: Rs muly
2026-04-07 09:44:57 - getOutlet.php - Aplikasi ditemukan: Ya
2026-04-07 09:44:57 - getOutlet.php - Key aplikasi: YbcJSFjkds...
2026-04-07 09:44:57 - getOutlet.php - Expected encrypt: 5b8ae1bc6b9f1f1fb1fdfe9cb8337a80
2026-04-07 09:44:57 - getOutlet.php - Received encrypt: 5b8ae1bc6b9f1f1fb1fdfe9cb8337a80
2026-04-07 09:44:57 - getOutlet.php - Authentication berhasil
2026-04-07 09:44:57 - getOutlet.php - Query: SELECT id_out, nama_out, '' AS alamat_out, ofcode_out
            FROM outlet 
            WHERE status_out IN ('Active', '1', 'active')
            AND (nama_out LIKE :key OR ofcode_out LIKE :key)
            ORDER BY nama_out ASC
            LIMIT 20
2026-04-07 09:44:57 - getOutlet.php - Query berhasil, mengembalikan 2 record
2026-04-07 09:44:57 - getOutlet.php - === END REQUEST ===
2026-04-07 02:44:58 - getOutlet.php - === REQUEST GETOUTLET ===
2026-04-07 02:44:58 - getOutlet.php - Method: POST
2026-04-07 02:44:58 - getOutlet.php - POST data: {"tgl":"2026-04-07","encrypt":"5b8ae1bc6b9f1f1fb1fdfe9cb8337a80","id_apl":"APL01","key":"Rs mulya"}
2026-04-07 09:44:58 - getOutlet.php - Params - tgl: 2026-04-07, encrypt: 5b8ae1bc6b9f1f1fb1fdfe9cb8337a80, id_apl: APL01, key: Rs mulya
2026-04-07 09:44:58 - getOutlet.php - Aplikasi ditemukan: Ya
2026-04-07 09:44:58 - getOutlet.php - Key aplikasi: YbcJSFjkds...
2026-04-07 09:44:58 - getOutlet.php - Expected encrypt: 5b8ae1bc6b9f1f1fb1fdfe9cb8337a80
2026-04-07 09:44:58 - getOutlet.php - Received encrypt: 5b8ae1bc6b9f1f1fb1fdfe9cb8337a80
2026-04-07 09:44:58 - getOutlet.php - Authentication berhasil
2026-04-07 09:44:58 - getOutlet.php - Query: SELECT id_out, nama_out, '' AS alamat_out, ofcode_out
            FROM outlet 
            WHERE status_out IN ('Active', '1', 'active')
            AND (nama_out LIKE :key OR ofcode_out LIKE :key)
            ORDER BY nama_out ASC
            LIMIT 20
2026-04-07 09:44:58 - getOutlet.php - Query berhasil, mengembalikan 2 record
2026-04-07 09:44:58 - getOutlet.php - === END REQUEST ===
2026-04-07 02:44:59 - getOutlet.php - === REQUEST GETOUTLET ===
2026-04-07 02:44:59 - getOutlet.php - Method: POST
2026-04-07 02:44:59 - getOutlet.php - POST data: {"tgl":"2026-04-07","encrypt":"5b8ae1bc6b9f1f1fb1fdfe9cb8337a80","id_apl":"APL01","key":"RS MULYA"}
2026-04-07 09:44:59 - getOutlet.php - Params - tgl: 2026-04-07, encrypt: 5b8ae1bc6b9f1f1fb1fdfe9cb8337a80, id_apl: APL01, key: RS MULYA
2026-04-07 09:44:59 - getOutlet.php - Aplikasi ditemukan: Ya
2026-04-07 09:44:59 - getOutlet.php - Key aplikasi: YbcJSFjkds...
2026-04-07 09:44:59 - getOutlet.php - Expected encrypt: 5b8ae1bc6b9f1f1fb1fdfe9cb8337a80
2026-04-07 09:44:59 - getOutlet.php - Received encrypt: 5b8ae1bc6b9f1f1fb1fdfe9cb8337a80
2026-04-07 09:44:59 - getOutlet.php - Authentication berhasil
2026-04-07 09:44:59 - getOutlet.php - Query: SELECT id_out, nama_out, '' AS alamat_out, ofcode_out
            FROM outlet 
            WHERE status_out IN ('Active', '1', 'active')
            AND (nama_out LIKE :key OR ofcode_out LIKE :key)
            ORDER BY nama_out ASC
            LIMIT 20
2026-04-07 09:44:59 - getOutlet.php - Query berhasil, mengembalikan 2 record
2026-04-07 09:44:59 - getOutlet.php - === END REQUEST ===
2026-04-07 02:46:24 - getOutlet.php - === REQUEST GETOUTLET ===
2026-04-07 02:46:24 - getOutlet.php - Method: POST
2026-04-07 02:46:24 - getOutlet.php - POST data: {"tgl":"2026-04-07","encrypt":"5b8ae1bc6b9f1f1fb1fdfe9cb8337a80","id_apl":"APL01","key":"Rs"}
2026-04-07 09:46:24 - getOutlet.php - Params - tgl: 2026-04-07, encrypt: 5b8ae1bc6b9f1f1fb1fdfe9cb8337a80, id_apl: APL01, key: Rs
2026-04-07 09:46:24 - getOutlet.php - Aplikasi ditemukan: Ya
2026-04-07 09:46:24 - getOutlet.php - Key aplikasi: YbcJSFjkds...
2026-04-07 09:46:24 - getOutlet.php - Expected encrypt: 5b8ae1bc6b9f1f1fb1fdfe9cb8337a80
2026-04-07 09:46:24 - getOutlet.php - Received encrypt: 5b8ae1bc6b9f1f1fb1fdfe9cb8337a80
2026-04-07 09:46:24 - getOutlet.php - Authentication berhasil
2026-04-07 09:46:24 - getOutlet.php - Query: SELECT id_out, nama_out, '' AS alamat_out, ofcode_out
            FROM outlet 
            WHERE status_out IN ('Active', '1', 'active')
            AND (nama_out LIKE :key OR ofcode_out LIKE :key)
            ORDER BY nama_out ASC
            LIMIT 20
2026-04-07 09:46:24 - getOutlet.php - Query berhasil, mengembalikan 20 record
2026-04-07 09:46:24 - getOutlet.php - === END REQUEST ===
2026-04-07 02:46:24 - getOutlet.php - === REQUEST GETOUTLET ===
2026-04-07 02:46:24 - getOutlet.php - Method: POST
2026-04-07 02:46:24 - getOutlet.php - POST data: {"tgl":"2026-04-07","encrypt":"5b8ae1bc6b9f1f1fb1fdfe9cb8337a80","id_apl":"APL01","key":"Rs"}
2026-04-07 09:46:24 - getOutlet.php - Params - tgl: 2026-04-07, encrypt: 5b8ae1bc6b9f1f1fb1fdfe9cb8337a80, id_apl: APL01, key: Rs
2026-04-07 09:46:24 - getOutlet.php - Aplikasi ditemukan: Ya
2026-04-07 09:46:24 - getOutlet.php - Key aplikasi: YbcJSFjkds...
2026-04-07 09:46:24 - getOutlet.php - Expected encrypt: 5b8ae1bc6b9f1f1fb1fdfe9cb8337a80
2026-04-07 09:46:24 - getOutlet.php - Received encrypt: 5b8ae1bc6b9f1f1fb1fdfe9cb8337a80
2026-04-07 09:46:24 - getOutlet.php - Authentication berhasil
2026-04-07 09:46:24 - getOutlet.php - Query: SELECT id_out, nama_out, '' AS alamat_out, ofcode_out
            FROM outlet 
            WHERE status_out IN ('Active', '1', 'active')
            AND (nama_out LIKE :key OR ofcode_out LIKE :key)
            ORDER BY nama_out ASC
            LIMIT 20
2026-04-07 09:46:24 - getOutlet.php - Query berhasil, mengembalikan 20 record
2026-04-07 09:46:24 - getOutlet.php - === END REQUEST ===
2026-04-07 02:46:24 - getOutlet.php - === REQUEST GETOUTLET ===
2026-04-07 02:46:24 - getOutlet.php - Method: POST
2026-04-07 02:46:24 - getOutlet.php - POST data: {"tgl":"2026-04-07","encrypt":"5b8ae1bc6b9f1f1fb1fdfe9cb8337a80","id_apl":"APL01","key":"Rs"}
2026-04-07 09:46:24 - getOutlet.php - Params - tgl: 2026-04-07, encrypt: 5b8ae1bc6b9f1f1fb1fdfe9cb8337a80, id_apl: APL01, key: Rs
2026-04-07 09:46:24 - getOutlet.php - Aplikasi ditemukan: Ya
2026-04-07 09:46:24 - getOutlet.php - Key aplikasi: YbcJSFjkds...
2026-04-07 09:46:24 - getOutlet.php - Expected encrypt: 5b8ae1bc6b9f1f1fb1fdfe9cb8337a80
2026-04-07 09:46:24 - getOutlet.php - Received encrypt: 5b8ae1bc6b9f1f1fb1fdfe9cb8337a80
2026-04-07 09:46:24 - getOutlet.php - Authentication berhasil
2026-04-07 09:46:24 - getOutlet.php - Query: SELECT id_out, nama_out, '' AS alamat_out, ofcode_out
            FROM outlet 
            WHERE status_out IN ('Active', '1', 'active')
            AND (nama_out LIKE :key OR ofcode_out LIKE :key)
            ORDER BY nama_out ASC
            LIMIT 20
2026-04-07 09:46:24 - getOutlet.php - Query berhasil, mengembalikan 20 record
2026-04-07 09:46:24 - getOutlet.php - === END REQUEST ===
2026-04-07 02:46:25 - getOutlet.php - === REQUEST GETOUTLET ===
2026-04-07 02:46:25 - getOutlet.php - Method: POST
2026-04-07 02:46:25 - getOutlet.php - POST data: {"tgl":"2026-04-07","encrypt":"5b8ae1bc6b9f1f1fb1fdfe9cb8337a80","id_apl":"APL01","key":"Rs b"}
2026-04-07 09:46:25 - getOutlet.php - Params - tgl: 2026-04-07, encrypt: 5b8ae1bc6b9f1f1fb1fdfe9cb8337a80, id_apl: APL01, key: Rs b
2026-04-07 09:46:25 - getOutlet.php - Aplikasi ditemukan: Ya
2026-04-07 09:46:25 - getOutlet.php - Key aplikasi: YbcJSFjkds...
2026-04-07 09:46:25 - getOutlet.php - Expected encrypt: 5b8ae1bc6b9f1f1fb1fdfe9cb8337a80
2026-04-07 09:46:25 - getOutlet.php - Received encrypt: 5b8ae1bc6b9f1f1fb1fdfe9cb8337a80
2026-04-07 09:46:25 - getOutlet.php - Authentication berhasil
2026-04-07 09:46:25 - getOutlet.php - Query: SELECT id_out, nama_out, '' AS alamat_out, ofcode_out
            FROM outlet 
            WHERE status_out IN ('Active', '1', 'active')
            AND (nama_out LIKE :key OR ofcode_out LIKE :key)
            ORDER BY nama_out ASC
            LIMIT 20
2026-04-07 09:46:25 - getOutlet.php - Query berhasil, mengembalikan 20 record
2026-04-07 09:46:25 - getOutlet.php - === END REQUEST ===
2026-04-07 02:46:25 - getOutlet.php - === REQUEST GETOUTLET ===
2026-04-07 02:46:25 - getOutlet.php - Method: POST
2026-04-07 02:46:25 - getOutlet.php - POST data: {"tgl":"2026-04-07","encrypt":"5b8ae1bc6b9f1f1fb1fdfe9cb8337a80","id_apl":"APL01","key":"Rs br"}
2026-04-07 09:46:25 - getOutlet.php - Params - tgl: 2026-04-07, encrypt: 5b8ae1bc6b9f1f1fb1fdfe9cb8337a80, id_apl: APL01, key: Rs br
2026-04-07 09:46:25 - getOutlet.php - Aplikasi ditemukan: Ya
2026-04-07 09:46:25 - getOutlet.php - Key aplikasi: YbcJSFjkds...
2026-04-07 09:46:25 - getOutlet.php - Expected encrypt: 5b8ae1bc6b9f1f1fb1fdfe9cb8337a80
2026-04-07 09:46:25 - getOutlet.php - Received encrypt: 5b8ae1bc6b9f1f1fb1fdfe9cb8337a80
2026-04-07 09:46:25 - getOutlet.php - Authentication berhasil
2026-04-07 09:46:25 - getOutlet.php - Query: SELECT id_out, nama_out, '' AS alamat_out, ofcode_out
            FROM outlet 
            WHERE status_out IN ('Active', '1', 'active')
            AND (nama_out LIKE :key OR ofcode_out LIKE :key)
            ORDER BY nama_out ASC
            LIMIT 20
2026-04-07 09:46:25 - getOutlet.php - Query berhasil, mengembalikan 3 record
2026-04-07 09:46:25 - getOutlet.php - === END REQUEST ===
2026-04-07 02:46:25 - getOutlet.php - === REQUEST GETOUTLET ===
2026-04-07 02:46:25 - getOutlet.php - Method: POST
2026-04-07 02:46:25 - getOutlet.php - POST data: {"tgl":"2026-04-07","encrypt":"5b8ae1bc6b9f1f1fb1fdfe9cb8337a80","id_apl":"APL01","key":"Rs bra"}
2026-04-07 09:46:25 - getOutlet.php - Params - tgl: 2026-04-07, encrypt: 5b8ae1bc6b9f1f1fb1fdfe9cb8337a80, id_apl: APL01, key: Rs bra
2026-04-07 09:46:25 - getOutlet.php - Aplikasi ditemukan: Ya
2026-04-07 09:46:25 - getOutlet.php - Key aplikasi: YbcJSFjkds...
2026-04-07 09:46:25 - getOutlet.php - Expected encrypt: 5b8ae1bc6b9f1f1fb1fdfe9cb8337a80
2026-04-07 09:46:25 - getOutlet.php - Received encrypt: 5b8ae1bc6b9f1f1fb1fdfe9cb8337a80
2026-04-07 09:46:25 - getOutlet.php - Authentication berhasil
2026-04-07 09:46:25 - getOutlet.php - Query: SELECT id_out, nama_out, '' AS alamat_out, ofcode_out
            FROM outlet 
            WHERE status_out IN ('Active', '1', 'active')
            AND (nama_out LIKE :key OR ofcode_out LIKE :key)
            ORDER BY nama_out ASC
            LIMIT 20
2026-04-07 09:46:25 - getOutlet.php - Query berhasil, mengembalikan 3 record
2026-04-07 09:46:25 - getOutlet.php - === END REQUEST ===
2026-04-07 02:46:26 - getOutlet.php - === REQUEST GETOUTLET ===
2026-04-07 02:46:26 - getOutlet.php - Method: POST
2026-04-07 02:46:26 - getOutlet.php - POST data: {"tgl":"2026-04-07","encrypt":"5b8ae1bc6b9f1f1fb1fdfe9cb8337a80","id_apl":"APL01","key":"Rs braw"}
2026-04-07 09:46:26 - getOutlet.php - Params - tgl: 2026-04-07, encrypt: 5b8ae1bc6b9f1f1fb1fdfe9cb8337a80, id_apl: APL01, key: Rs braw
2026-04-07 09:46:26 - getOutlet.php - Aplikasi ditemukan: Ya
2026-04-07 09:46:26 - getOutlet.php - Key aplikasi: YbcJSFjkds...
2026-04-07 09:46:26 - getOutlet.php - Expected encrypt: 5b8ae1bc6b9f1f1fb1fdfe9cb8337a80
2026-04-07 09:46:26 - getOutlet.php - Received encrypt: 5b8ae1bc6b9f1f1fb1fdfe9cb8337a80
2026-04-07 09:46:26 - getOutlet.php - Authentication berhasil
2026-04-07 09:46:26 - getOutlet.php - Query: SELECT id_out, nama_out, '' AS alamat_out, ofcode_out
            FROM outlet 
            WHERE status_out IN ('Active', '1', 'active')
            AND (nama_out LIKE :key OR ofcode_out LIKE :key)
            ORDER BY nama_out ASC
            LIMIT 20
2026-04-07 09:46:26 - getOutlet.php - Query berhasil, mengembalikan 3 record
2026-04-07 09:46:26 - getOutlet.php - === END REQUEST ===
2026-04-07 02:46:27 - getOutlet.php - === REQUEST GETOUTLET ===
2026-04-07 02:46:27 - getOutlet.php - Method: POST
2026-04-07 02:46:27 - getOutlet.php - POST data: {"tgl":"2026-04-07","encrypt":"5b8ae1bc6b9f1f1fb1fdfe9cb8337a80","id_apl":"APL01","key":"Rs brawi"}
2026-04-07 09:46:27 - getOutlet.php - Params - tgl: 2026-04-07, encrypt: 5b8ae1bc6b9f1f1fb1fdfe9cb8337a80, id_apl: APL01, key: Rs brawi
2026-04-07 09:46:27 - getOutlet.php - Aplikasi ditemukan: Ya
2026-04-07 09:46:27 - getOutlet.php - Key aplikasi: YbcJSFjkds...
2026-04-07 09:46:27 - getOutlet.php - Expected encrypt: 5b8ae1bc6b9f1f1fb1fdfe9cb8337a80
2026-04-07 09:46:27 - getOutlet.php - Received encrypt: 5b8ae1bc6b9f1f1fb1fdfe9cb8337a80
2026-04-07 09:46:27 - getOutlet.php - Authentication berhasil
2026-04-07 09:46:27 - getOutlet.php - Query: SELECT id_out, nama_out, '' AS alamat_out, ofcode_out
            FROM outlet 
            WHERE status_out IN ('Active', '1', 'active')
            AND (nama_out LIKE :key OR ofcode_out LIKE :key)
            ORDER BY nama_out ASC
            LIMIT 20
2026-04-07 09:46:27 - getOutlet.php - Query berhasil, mengembalikan 3 record
2026-04-07 09:46:27 - getOutlet.php - === END REQUEST ===
2026-04-07 02:46:27 - getOutlet.php - === REQUEST GETOUTLET ===
2026-04-07 02:46:27 - getOutlet.php - Method: POST
2026-04-07 02:46:27 - getOutlet.php - POST data: {"tgl":"2026-04-07","encrypt":"5b8ae1bc6b9f1f1fb1fdfe9cb8337a80","id_apl":"APL01","key":"Rs brawij"}
2026-04-07 09:46:27 - getOutlet.php - Params - tgl: 2026-04-07, encrypt: 5b8ae1bc6b9f1f1fb1fdfe9cb8337a80, id_apl: APL01, key: Rs brawij
2026-04-07 09:46:27 - getOutlet.php - Aplikasi ditemukan: Ya
2026-04-07 09:46:27 - getOutlet.php - Key aplikasi: YbcJSFjkds...
2026-04-07 09:46:27 - getOutlet.php - Expected encrypt: 5b8ae1bc6b9f1f1fb1fdfe9cb8337a80
2026-04-07 09:46:27 - getOutlet.php - Received encrypt: 5b8ae1bc6b9f1f1fb1fdfe9cb8337a80
2026-04-07 09:46:27 - getOutlet.php - Authentication berhasil
2026-04-07 09:46:27 - getOutlet.php - Query: SELECT id_out, nama_out, '' AS alamat_out, ofcode_out
            FROM outlet 
            WHERE status_out IN ('Active', '1', 'active')
            AND (nama_out LIKE :key OR ofcode_out LIKE :key)
            ORDER BY nama_out ASC
            LIMIT 20
2026-04-07 09:46:27 - getOutlet.php - Query berhasil, mengembalikan 3 record
2026-04-07 09:46:27 - getOutlet.php - === END REQUEST ===
2026-04-07 02:46:28 - getOutlet.php - === REQUEST GETOUTLET ===
2026-04-07 02:46:28 - getOutlet.php - Method: POST
2026-04-07 02:46:28 - getOutlet.php - POST data: {"tgl":"2026-04-07","encrypt":"5b8ae1bc6b9f1f1fb1fdfe9cb8337a80","id_apl":"APL01","key":"Rs brawija"}
2026-04-07 09:46:28 - getOutlet.php - Params - tgl: 2026-04-07, encrypt: 5b8ae1bc6b9f1f1fb1fdfe9cb8337a80, id_apl: APL01, key: Rs brawija
2026-04-07 09:46:28 - getOutlet.php - Aplikasi ditemukan: Ya
2026-04-07 09:46:28 - getOutlet.php - Key aplikasi: YbcJSFjkds...
2026-04-07 09:46:28 - getOutlet.php - Expected encrypt: 5b8ae1bc6b9f1f1fb1fdfe9cb8337a80
2026-04-07 09:46:28 - getOutlet.php - Received encrypt: 5b8ae1bc6b9f1f1fb1fdfe9cb8337a80
2026-04-07 09:46:28 - getOutlet.php - Authentication berhasil
2026-04-07 09:46:28 - getOutlet.php - Query: SELECT id_out, nama_out, '' AS alamat_out, ofcode_out
            FROM outlet 
            WHERE status_out IN ('Active', '1', 'active')
            AND (nama_out LIKE :key OR ofcode_out LIKE :key)
            ORDER BY nama_out ASC
            LIMIT 20
2026-04-07 09:46:28 - getOutlet.php - Query berhasil, mengembalikan 3 record
2026-04-07 09:46:28 - getOutlet.php - === END REQUEST ===
2026-04-07 02:46:28 - getOutlet.php - === REQUEST GETOUTLET ===
2026-04-07 02:46:28 - getOutlet.php - Method: POST
2026-04-07 02:46:28 - getOutlet.php - POST data: {"tgl":"2026-04-07","encrypt":"5b8ae1bc6b9f1f1fb1fdfe9cb8337a80","id_apl":"APL01","key":"Rs brawijay"}
2026-04-07 09:46:28 - getOutlet.php - Params - tgl: 2026-04-07, encrypt: 5b8ae1bc6b9f1f1fb1fdfe9cb8337a80, id_apl: APL01, key: Rs brawijay
2026-04-07 09:46:28 - getOutlet.php - Aplikasi ditemukan: Ya
2026-04-07 09:46:28 - getOutlet.php - Key aplikasi: YbcJSFjkds...
2026-04-07 09:46:28 - getOutlet.php - Expected encrypt: 5b8ae1bc6b9f1f1fb1fdfe9cb8337a80
2026-04-07 09:46:28 - getOutlet.php - Received encrypt: 5b8ae1bc6b9f1f1fb1fdfe9cb8337a80
2026-04-07 09:46:28 - getOutlet.php - Authentication berhasil
2026-04-07 09:46:28 - getOutlet.php - Query: SELECT id_out, nama_out, '' AS alamat_out, ofcode_out
            FROM outlet 
            WHERE status_out IN ('Active', '1', 'active')
            AND (nama_out LIKE :key OR ofcode_out LIKE :key)
            ORDER BY nama_out ASC
            LIMIT 20
2026-04-07 09:46:28 - getOutlet.php - Query berhasil, mengembalikan 3 record
2026-04-07 09:46:28 - getOutlet.php - === END REQUEST ===
2026-04-07 02:46:28 - getOutlet.php - === REQUEST GETOUTLET ===
2026-04-07 02:46:28 - getOutlet.php - Method: POST
2026-04-07 02:46:28 - getOutlet.php - POST data: {"tgl":"2026-04-07","encrypt":"5b8ae1bc6b9f1f1fb1fdfe9cb8337a80","id_apl":"APL01","key":"Rs brawijaya"}
2026-04-07 09:46:28 - getOutlet.php - Params - tgl: 2026-04-07, encrypt: 5b8ae1bc6b9f1f1fb1fdfe9cb8337a80, id_apl: APL01, key: Rs brawijaya
2026-04-07 09:46:28 - getOutlet.php - Aplikasi ditemukan: Ya
2026-04-07 09:46:28 - getOutlet.php - Key aplikasi: YbcJSFjkds...
2026-04-07 09:46:28 - getOutlet.php - Expected encrypt: 5b8ae1bc6b9f1f1fb1fdfe9cb8337a80
2026-04-07 09:46:28 - getOutlet.php - Received encrypt: 5b8ae1bc6b9f1f1fb1fdfe9cb8337a80
2026-04-07 09:46:28 - getOutlet.php - Authentication berhasil
2026-04-07 09:46:28 - getOutlet.php - Query: SELECT id_out, nama_out, '' AS alamat_out, ofcode_out
            FROM outlet 
            WHERE status_out IN ('Active', '1', 'active')
            AND (nama_out LIKE :key OR ofcode_out LIKE :key)
            ORDER BY nama_out ASC
            LIMIT 20
2026-04-07 09:46:28 - getOutlet.php - Query berhasil, mengembalikan 3 record
2026-04-07 09:46:28 - getOutlet.php - === END REQUEST ===
2026-04-07 02:46:30 - getOutlet.php - === REQUEST GETOUTLET ===
2026-04-07 02:46:30 - getOutlet.php - Method: POST
2026-04-07 02:46:30 - getOutlet.php - POST data: {"tgl":"2026-04-07","encrypt":"5b8ae1bc6b9f1f1fb1fdfe9cb8337a80","id_apl":"APL01","key":"RS BRAWIJAYA TANGERANG"}
2026-04-07 09:46:30 - getOutlet.php - Params - tgl: 2026-04-07, encrypt: 5b8ae1bc6b9f1f1fb1fdfe9cb8337a80, id_apl: APL01, key: RS BRAWIJAYA TANGERANG
2026-04-07 09:46:30 - getOutlet.php - Aplikasi ditemukan: Ya
2026-04-07 09:46:30 - getOutlet.php - Key aplikasi: YbcJSFjkds...
2026-04-07 09:46:30 - getOutlet.php - Expected encrypt: 5b8ae1bc6b9f1f1fb1fdfe9cb8337a80
2026-04-07 09:46:30 - getOutlet.php - Received encrypt: 5b8ae1bc6b9f1f1fb1fdfe9cb8337a80
2026-04-07 09:46:30 - getOutlet.php - Authentication berhasil
2026-04-07 09:46:30 - getOutlet.php - Query: SELECT id_out, nama_out, '' AS alamat_out, ofcode_out
            FROM outlet 
            WHERE status_out IN ('Active', '1', 'active')
            AND (nama_out LIKE :key OR ofcode_out LIKE :key)
            ORDER BY nama_out ASC
            LIMIT 20
2026-04-07 09:46:30 - getOutlet.php - Query berhasil, mengembalikan 1 record
2026-04-07 09:46:30 - getOutlet.php - === END REQUEST ===
2026-04-07 02:52:30 - getOutlet.php - === REQUEST GETOUTLET ===
2026-04-07 02:52:30 - getOutlet.php - Method: POST
2026-04-07 02:52:30 - getOutlet.php - POST data: {"tgl":"2026-04-07","encrypt":"5b8ae1bc6b9f1f1fb1fdfe9cb8337a80","id_apl":"APL01","key":"Ap"}
2026-04-07 09:52:30 - getOutlet.php - Params - tgl: 2026-04-07, encrypt: 5b8ae1bc6b9f1f1fb1fdfe9cb8337a80, id_apl: APL01, key: Ap
2026-04-07 09:52:30 - getOutlet.php - Aplikasi ditemukan: Ya
2026-04-07 09:52:30 - getOutlet.php - Key aplikasi: YbcJSFjkds...
2026-04-07 09:52:30 - getOutlet.php - Expected encrypt: 5b8ae1bc6b9f1f1fb1fdfe9cb8337a80
2026-04-07 09:52:30 - getOutlet.php - Received encrypt: 5b8ae1bc6b9f1f1fb1fdfe9cb8337a80
2026-04-07 09:52:30 - getOutlet.php - Authentication berhasil
2026-04-07 09:52:30 - getOutlet.php - Query: SELECT id_out, nama_out, '' AS alamat_out, ofcode_out
            FROM outlet 
            WHERE status_out IN ('Active', '1', 'active')
            AND (nama_out LIKE :key OR ofcode_out LIKE :key)
            ORDER BY nama_out ASC
            LIMIT 20
2026-04-07 09:52:30 - getOutlet.php - Query berhasil, mengembalikan 20 record
2026-04-07 09:52:30 - getOutlet.php - === END REQUEST ===
2026-04-07 02:52:30 - getOutlet.php - === REQUEST GETOUTLET ===
2026-04-07 02:52:30 - getOutlet.php - Method: POST
2026-04-07 02:52:30 - getOutlet.php - POST data: {"tgl":"2026-04-07","encrypt":"5b8ae1bc6b9f1f1fb1fdfe9cb8337a80","id_apl":"APL01","key":"Apo"}
2026-04-07 09:52:30 - getOutlet.php - Params - tgl: 2026-04-07, encrypt: 5b8ae1bc6b9f1f1fb1fdfe9cb8337a80, id_apl: APL01, key: Apo
2026-04-07 09:52:30 - getOutlet.php - Aplikasi ditemukan: Ya
2026-04-07 09:52:30 - getOutlet.php - Key aplikasi: YbcJSFjkds...
2026-04-07 09:52:30 - getOutlet.php - Expected encrypt: 5b8ae1bc6b9f1f1fb1fdfe9cb8337a80
2026-04-07 09:52:30 - getOutlet.php - Received encrypt: 5b8ae1bc6b9f1f1fb1fdfe9cb8337a80
2026-04-07 09:52:30 - getOutlet.php - Authentication berhasil
2026-04-07 09:52:30 - getOutlet.php - Query: SELECT id_out, nama_out, '' AS alamat_out, ofcode_out
            FROM outlet 
            WHERE status_out IN ('Active', '1', 'active')
            AND (nama_out LIKE :key OR ofcode_out LIKE :key)
            ORDER BY nama_out ASC
            LIMIT 20
2026-04-07 09:52:30 - getOutlet.php - Query berhasil, mengembalikan 20 record
2026-04-07 09:52:30 - getOutlet.php - === END REQUEST ===
2026-04-07 02:52:31 - getOutlet.php - === REQUEST GETOUTLET ===
2026-04-07 02:52:31 - getOutlet.php - Method: POST
2026-04-07 02:52:31 - getOutlet.php - POST data: {"tgl":"2026-04-07","encrypt":"5b8ae1bc6b9f1f1fb1fdfe9cb8337a80","id_apl":"APL01","key":"Apot"}
2026-04-07 09:52:31 - getOutlet.php - Params - tgl: 2026-04-07, encrypt: 5b8ae1bc6b9f1f1fb1fdfe9cb8337a80, id_apl: APL01, key: Apot
2026-04-07 09:52:31 - getOutlet.php - Aplikasi ditemukan: Ya
2026-04-07 09:52:31 - getOutlet.php - Key aplikasi: YbcJSFjkds...
2026-04-07 09:52:31 - getOutlet.php - Expected encrypt: 5b8ae1bc6b9f1f1fb1fdfe9cb8337a80
2026-04-07 09:52:31 - getOutlet.php - Received encrypt: 5b8ae1bc6b9f1f1fb1fdfe9cb8337a80
2026-04-07 09:52:31 - getOutlet.php - Authentication berhasil
2026-04-07 09:52:31 - getOutlet.php - Query: SELECT id_out, nama_out, '' AS alamat_out, ofcode_out
            FROM outlet 
            WHERE status_out IN ('Active', '1', 'active')
            AND (nama_out LIKE :key OR ofcode_out LIKE :key)
            ORDER BY nama_out ASC
            LIMIT 20
2026-04-07 09:52:31 - getOutlet.php - Query berhasil, mengembalikan 20 record
2026-04-07 09:52:31 - getOutlet.php - === END REQUEST ===
2026-04-07 02:52:31 - getOutlet.php - === REQUEST GETOUTLET ===
2026-04-07 02:52:31 - getOutlet.php - Method: POST
2026-04-07 02:52:31 - getOutlet.php - POST data: {"tgl":"2026-04-07","encrypt":"5b8ae1bc6b9f1f1fb1fdfe9cb8337a80","id_apl":"APL01","key":"Apote"}
2026-04-07 09:52:31 - getOutlet.php - Params - tgl: 2026-04-07, encrypt: 5b8ae1bc6b9f1f1fb1fdfe9cb8337a80, id_apl: APL01, key: Apote
2026-04-07 09:52:31 - getOutlet.php - Aplikasi ditemukan: Ya
2026-04-07 09:52:31 - getOutlet.php - Key aplikasi: YbcJSFjkds...
2026-04-07 09:52:31 - getOutlet.php - Expected encrypt: 5b8ae1bc6b9f1f1fb1fdfe9cb8337a80
2026-04-07 09:52:31 - getOutlet.php - Received encrypt: 5b8ae1bc6b9f1f1fb1fdfe9cb8337a80
2026-04-07 09:52:31 - getOutlet.php - Authentication berhasil
2026-04-07 09:52:31 - getOutlet.php - Query: SELECT id_out, nama_out, '' AS alamat_out, ofcode_out
            FROM outlet 
            WHERE status_out IN ('Active', '1', 'active')
            AND (nama_out LIKE :key OR ofcode_out LIKE :key)
            ORDER BY nama_out ASC
            LIMIT 20
2026-04-07 09:52:31 - getOutlet.php - Query berhasil, mengembalikan 20 record
2026-04-07 09:52:31 - getOutlet.php - === END REQUEST ===
2026-04-07 02:52:31 - getOutlet.php - === REQUEST GETOUTLET ===
2026-04-07 02:52:31 - getOutlet.php - Method: POST
2026-04-07 02:52:31 - getOutlet.php - POST data: {"tgl":"2026-04-07","encrypt":"5b8ae1bc6b9f1f1fb1fdfe9cb8337a80","id_apl":"APL01","key":"Apotek"}
2026-04-07 09:52:31 - getOutlet.php - Params - tgl: 2026-04-07, encrypt: 5b8ae1bc6b9f1f1fb1fdfe9cb8337a80, id_apl: APL01, key: Apotek
2026-04-07 09:52:31 - getOutlet.php - Aplikasi ditemukan: Ya
2026-04-07 09:52:31 - getOutlet.php - Key aplikasi: YbcJSFjkds...
2026-04-07 09:52:31 - getOutlet.php - Expected encrypt: 5b8ae1bc6b9f1f1fb1fdfe9cb8337a80
2026-04-07 09:52:31 - getOutlet.php - Received encrypt: 5b8ae1bc6b9f1f1fb1fdfe9cb8337a80
2026-04-07 09:52:31 - getOutlet.php - Authentication berhasil
2026-04-07 09:52:31 - getOutlet.php - Query: SELECT id_out, nama_out, '' AS alamat_out, ofcode_out
            FROM outlet 
            WHERE status_out IN ('Active', '1', 'active')
            AND (nama_out LIKE :key OR ofcode_out LIKE :key)
            ORDER BY nama_out ASC
            LIMIT 20
2026-04-07 09:52:31 - getOutlet.php - Query berhasil, mengembalikan 20 record
2026-04-07 09:52:31 - getOutlet.php - === END REQUEST ===
2026-04-07 02:52:31 - getOutlet.php - === REQUEST GETOUTLET ===
2026-04-07 02:52:31 - getOutlet.php - Method: POST
2026-04-07 02:52:31 - getOutlet.php - POST data: {"tgl":"2026-04-07","encrypt":"5b8ae1bc6b9f1f1fb1fdfe9cb8337a80","id_apl":"APL01","key":"Apotek"}
2026-04-07 09:52:31 - getOutlet.php - Params - tgl: 2026-04-07, encrypt: 5b8ae1bc6b9f1f1fb1fdfe9cb8337a80, id_apl: APL01, key: Apotek
2026-04-07 09:52:31 - getOutlet.php - Aplikasi ditemukan: Ya
2026-04-07 09:52:31 - getOutlet.php - Key aplikasi: YbcJSFjkds...
2026-04-07 09:52:31 - getOutlet.php - Expected encrypt: 5b8ae1bc6b9f1f1fb1fdfe9cb8337a80
2026-04-07 09:52:31 - getOutlet.php - Received encrypt: 5b8ae1bc6b9f1f1fb1fdfe9cb8337a80
2026-04-07 09:52:31 - getOutlet.php - Authentication berhasil
2026-04-07 09:52:31 - getOutlet.php - Query: SELECT id_out, nama_out, '' AS alamat_out, ofcode_out
            FROM outlet 
            WHERE status_out IN ('Active', '1', 'active')
            AND (nama_out LIKE :key OR ofcode_out LIKE :key)
            ORDER BY nama_out ASC
            LIMIT 20
2026-04-07 09:52:31 - getOutlet.php - Query berhasil, mengembalikan 20 record
2026-04-07 09:52:31 - getOutlet.php - === END REQUEST ===
2026-04-07 02:52:31 - getOutlet.php - === REQUEST GETOUTLET ===
2026-04-07 02:52:31 - getOutlet.php - Method: POST
2026-04-07 02:52:31 - getOutlet.php - POST data: {"tgl":"2026-04-07","encrypt":"5b8ae1bc6b9f1f1fb1fdfe9cb8337a80","id_apl":"APL01","key":"Apotek"}
2026-04-07 09:52:31 - getOutlet.php - Params - tgl: 2026-04-07, encrypt: 5b8ae1bc6b9f1f1fb1fdfe9cb8337a80, id_apl: APL01, key: Apotek
2026-04-07 09:52:31 - getOutlet.php - Aplikasi ditemukan: Ya
2026-04-07 09:52:31 - getOutlet.php - Key aplikasi: YbcJSFjkds...
2026-04-07 09:52:31 - getOutlet.php - Expected encrypt: 5b8ae1bc6b9f1f1fb1fdfe9cb8337a80
2026-04-07 09:52:31 - getOutlet.php - Received encrypt: 5b8ae1bc6b9f1f1fb1fdfe9cb8337a80
2026-04-07 09:52:31 - getOutlet.php - Authentication berhasil
2026-04-07 09:52:31 - getOutlet.php - Query: SELECT id_out, nama_out, '' AS alamat_out, ofcode_out
            FROM outlet 
            WHERE status_out IN ('Active', '1', 'active')
            AND (nama_out LIKE :key OR ofcode_out LIKE :key)
            ORDER BY nama_out ASC
            LIMIT 20
2026-04-07 09:52:31 - getOutlet.php - Query berhasil, mengembalikan 20 record
2026-04-07 09:52:31 - getOutlet.php - === END REQUEST ===
2026-04-07 02:52:32 - getOutlet.php - === REQUEST GETOUTLET ===
2026-04-07 02:52:32 - getOutlet.php - Method: POST
2026-04-07 02:52:32 - getOutlet.php - POST data: {"tgl":"2026-04-07","encrypt":"5b8ae1bc6b9f1f1fb1fdfe9cb8337a80","id_apl":"APL01","key":"Apotek b"}
2026-04-07 09:52:32 - getOutlet.php - Params - tgl: 2026-04-07, encrypt: 5b8ae1bc6b9f1f1fb1fdfe9cb8337a80, id_apl: APL01, key: Apotek b
2026-04-07 09:52:32 - getOutlet.php - Aplikasi ditemukan: Ya
2026-04-07 09:52:32 - getOutlet.php - Key aplikasi: YbcJSFjkds...
2026-04-07 09:52:32 - getOutlet.php - Expected encrypt: 5b8ae1bc6b9f1f1fb1fdfe9cb8337a80
2026-04-07 09:52:32 - getOutlet.php - Received encrypt: 5b8ae1bc6b9f1f1fb1fdfe9cb8337a80
2026-04-07 09:52:32 - getOutlet.php - Authentication berhasil
2026-04-07 09:52:32 - getOutlet.php - Query: SELECT id_out, nama_out, '' AS alamat_out, ofcode_out
            FROM outlet 
            WHERE status_out IN ('Active', '1', 'active')
            AND (nama_out LIKE :key OR ofcode_out LIKE :key)
            ORDER BY nama_out ASC
            LIMIT 20
2026-04-07 09:52:32 - getOutlet.php - Query berhasil, mengembalikan 20 record
2026-04-07 09:52:32 - getOutlet.php - === END REQUEST ===
2026-04-07 02:52:32 - getOutlet.php - === REQUEST GETOUTLET ===
2026-04-07 02:52:32 - getOutlet.php - Method: POST
2026-04-07 02:52:32 - getOutlet.php - POST data: {"tgl":"2026-04-07","encrypt":"5b8ae1bc6b9f1f1fb1fdfe9cb8337a80","id_apl":"APL01","key":"Apotek bi"}
2026-04-07 09:52:32 - getOutlet.php - Params - tgl: 2026-04-07, encrypt: 5b8ae1bc6b9f1f1fb1fdfe9cb8337a80, id_apl: APL01, key: Apotek bi
2026-04-07 09:52:32 - getOutlet.php - Aplikasi ditemukan: Ya
2026-04-07 09:52:32 - getOutlet.php - Key aplikasi: YbcJSFjkds...
2026-04-07 09:52:32 - getOutlet.php - Expected encrypt: 5b8ae1bc6b9f1f1fb1fdfe9cb8337a80
2026-04-07 09:52:32 - getOutlet.php - Received encrypt: 5b8ae1bc6b9f1f1fb1fdfe9cb8337a80
2026-04-07 09:52:32 - getOutlet.php - Authentication berhasil
2026-04-07 09:52:32 - getOutlet.php - Query: SELECT id_out, nama_out, '' AS alamat_out, ofcode_out
            FROM outlet 
            WHERE status_out IN ('Active', '1', 'active')
            AND (nama_out LIKE :key OR ofcode_out LIKE :key)
            ORDER BY nama_out ASC
            LIMIT 20
2026-04-07 09:52:32 - getOutlet.php - Query berhasil, mengembalikan 1 record
2026-04-07 09:52:32 - getOutlet.php - === END REQUEST ===
2026-04-07 02:52:32 - getOutlet.php - === REQUEST GETOUTLET ===
2026-04-07 02:52:32 - getOutlet.php - Method: POST
2026-04-07 02:52:32 - getOutlet.php - POST data: {"tgl":"2026-04-07","encrypt":"5b8ae1bc6b9f1f1fb1fdfe9cb8337a80","id_apl":"APL01","key":"Apotek bin"}
2026-04-07 09:52:32 - getOutlet.php - Params - tgl: 2026-04-07, encrypt: 5b8ae1bc6b9f1f1fb1fdfe9cb8337a80, id_apl: APL01, key: Apotek bin
2026-04-07 09:52:32 - getOutlet.php - Aplikasi ditemukan: Ya
2026-04-07 09:52:32 - getOutlet.php - Key aplikasi: YbcJSFjkds...
2026-04-07 09:52:32 - getOutlet.php - Expected encrypt: 5b8ae1bc6b9f1f1fb1fdfe9cb8337a80
2026-04-07 09:52:32 - getOutlet.php - Received encrypt: 5b8ae1bc6b9f1f1fb1fdfe9cb8337a80
2026-04-07 09:52:32 - getOutlet.php - Authentication berhasil
2026-04-07 09:52:32 - getOutlet.php - Query: SELECT id_out, nama_out, '' AS alamat_out, ofcode_out
            FROM outlet 
            WHERE status_out IN ('Active', '1', 'active')
            AND (nama_out LIKE :key OR ofcode_out LIKE :key)
            ORDER BY nama_out ASC
            LIMIT 20
2026-04-07 09:52:32 - getOutlet.php - Query berhasil, mengembalikan 0 record
2026-04-07 09:52:32 - getOutlet.php - === END REQUEST ===
2026-04-07 02:52:32 - getOutlet.php - === REQUEST GETOUTLET ===
2026-04-07 02:52:32 - getOutlet.php - Method: POST
2026-04-07 02:52:32 - getOutlet.php - POST data: {"tgl":"2026-04-07","encrypt":"5b8ae1bc6b9f1f1fb1fdfe9cb8337a80","id_apl":"APL01","key":"Apotek bint"}
2026-04-07 09:52:32 - getOutlet.php - Params - tgl: 2026-04-07, encrypt: 5b8ae1bc6b9f1f1fb1fdfe9cb8337a80, id_apl: APL01, key: Apotek bint
2026-04-07 09:52:32 - getOutlet.php - Aplikasi ditemukan: Ya
2026-04-07 09:52:32 - getOutlet.php - Key aplikasi: YbcJSFjkds...
2026-04-07 09:52:32 - getOutlet.php - Expected encrypt: 5b8ae1bc6b9f1f1fb1fdfe9cb8337a80
2026-04-07 09:52:32 - getOutlet.php - Received encrypt: 5b8ae1bc6b9f1f1fb1fdfe9cb8337a80
2026-04-07 09:52:32 - getOutlet.php - Authentication berhasil
2026-04-07 09:52:32 - getOutlet.php - Query: SELECT id_out, nama_out, '' AS alamat_out, ofcode_out
            FROM outlet 
            WHERE status_out IN ('Active', '1', 'active')
            AND (nama_out LIKE :key OR ofcode_out LIKE :key)
            ORDER BY nama_out ASC
            LIMIT 20
2026-04-07 09:52:32 - getOutlet.php - Query berhasil, mengembalikan 0 record
2026-04-07 09:52:32 - getOutlet.php - === END REQUEST ===
2026-04-07 02:52:32 - getOutlet.php - === REQUEST GETOUTLET ===
2026-04-07 02:52:32 - getOutlet.php - Method: POST
2026-04-07 02:52:32 - getOutlet.php - POST data: {"tgl":"2026-04-07","encrypt":"5b8ae1bc6b9f1f1fb1fdfe9cb8337a80","id_apl":"APL01","key":"Apotek binta"}
2026-04-07 09:52:32 - getOutlet.php - Params - tgl: 2026-04-07, encrypt: 5b8ae1bc6b9f1f1fb1fdfe9cb8337a80, id_apl: APL01, key: Apotek binta
2026-04-07 09:52:32 - getOutlet.php - Aplikasi ditemukan: Ya
2026-04-07 09:52:32 - getOutlet.php - Key aplikasi: YbcJSFjkds...
2026-04-07 09:52:32 - getOutlet.php - Expected encrypt: 5b8ae1bc6b9f1f1fb1fdfe9cb8337a80
2026-04-07 09:52:32 - getOutlet.php - Received encrypt: 5b8ae1bc6b9f1f1fb1fdfe9cb8337a80
2026-04-07 09:52:32 - getOutlet.php - Authentication berhasil
2026-04-07 09:52:32 - getOutlet.php - Query: SELECT id_out, nama_out, '' AS alamat_out, ofcode_out
            FROM outlet 
            WHERE status_out IN ('Active', '1', 'active')
            AND (nama_out LIKE :key OR ofcode_out LIKE :key)
            ORDER BY nama_out ASC
            LIMIT 20
2026-04-07 09:52:32 - getOutlet.php - Query berhasil, mengembalikan 0 record
2026-04-07 09:52:32 - getOutlet.php - === END REQUEST ===
2026-04-07 02:52:32 - getOutlet.php - === REQUEST GETOUTLET ===
2026-04-07 02:52:32 - getOutlet.php - Method: POST
2026-04-07 02:52:32 - getOutlet.php - POST data: {"tgl":"2026-04-07","encrypt":"5b8ae1bc6b9f1f1fb1fdfe9cb8337a80","id_apl":"APL01","key":"Apotek bintan"}
2026-04-07 09:52:32 - getOutlet.php - Params - tgl: 2026-04-07, encrypt: 5b8ae1bc6b9f1f1fb1fdfe9cb8337a80, id_apl: APL01, key: Apotek bintan
2026-04-07 09:52:32 - getOutlet.php - Aplikasi ditemukan: Ya
2026-04-07 09:52:32 - getOutlet.php - Key aplikasi: YbcJSFjkds...
2026-04-07 09:52:32 - getOutlet.php - Expected encrypt: 5b8ae1bc6b9f1f1fb1fdfe9cb8337a80
2026-04-07 09:52:32 - getOutlet.php - Received encrypt: 5b8ae1bc6b9f1f1fb1fdfe9cb8337a80
2026-04-07 09:52:32 - getOutlet.php - Authentication berhasil
2026-04-07 09:52:32 - getOutlet.php - Query: SELECT id_out, nama_out, '' AS alamat_out, ofcode_out
            FROM outlet 
            WHERE status_out IN ('Active', '1', 'active')
            AND (nama_out LIKE :key OR ofcode_out LIKE :key)
            ORDER BY nama_out ASC
            LIMIT 20
2026-04-07 09:52:32 - getOutlet.php - Query berhasil, mengembalikan 0 record
2026-04-07 09:52:32 - getOutlet.php - === END REQUEST ===
2026-04-07 02:52:33 - getOutlet.php - === REQUEST GETOUTLET ===
2026-04-07 02:52:33 - getOutlet.php - Method: POST
2026-04-07 02:52:33 - getOutlet.php - POST data: {"tgl":"2026-04-07","encrypt":"5b8ae1bc6b9f1f1fb1fdfe9cb8337a80","id_apl":"APL01","key":"Apotek bintang"}
2026-04-07 09:52:33 - getOutlet.php - Params - tgl: 2026-04-07, encrypt: 5b8ae1bc6b9f1f1fb1fdfe9cb8337a80, id_apl: APL01, key: Apotek bintang
2026-04-07 09:52:33 - getOutlet.php - Aplikasi ditemukan: Ya
2026-04-07 09:52:33 - getOutlet.php - Key aplikasi: YbcJSFjkds...
2026-04-07 09:52:33 - getOutlet.php - Expected encrypt: 5b8ae1bc6b9f1f1fb1fdfe9cb8337a80
2026-04-07 09:52:33 - getOutlet.php - Received encrypt: 5b8ae1bc6b9f1f1fb1fdfe9cb8337a80
2026-04-07 09:52:33 - getOutlet.php - Authentication berhasil
2026-04-07 09:52:33 - getOutlet.php - Query: SELECT id_out, nama_out, '' AS alamat_out, ofcode_out
            FROM outlet 
            WHERE status_out IN ('Active', '1', 'active')
            AND (nama_out LIKE :key OR ofcode_out LIKE :key)
            ORDER BY nama_out ASC
            LIMIT 20
2026-04-07 09:52:33 - getOutlet.php - Query berhasil, mengembalikan 0 record
2026-04-07 09:52:33 - getOutlet.php - === END REQUEST ===
2026-04-07 02:52:36 - getOutlet.php - === REQUEST GETOUTLET ===
2026-04-07 02:52:36 - getOutlet.php - Method: POST
2026-04-07 02:52:36 - getOutlet.php - POST data: {"tgl":"2026-04-07","encrypt":"5b8ae1bc6b9f1f1fb1fdfe9cb8337a80","id_apl":"APL01","key":"APOTEK BINTANG FORTUNA"}
2026-04-07 09:52:36 - getOutlet.php - Params - tgl: 2026-04-07, encrypt: 5b8ae1bc6b9f1f1fb1fdfe9cb8337a80, id_apl: APL01, key: APOTEK BINTANG FORTUNA
2026-04-07 09:52:36 - getOutlet.php - Aplikasi ditemukan: Ya
2026-04-07 09:52:36 - getOutlet.php - Key aplikasi: YbcJSFjkds...
2026-04-07 09:52:36 - getOutlet.php - Expected encrypt: 5b8ae1bc6b9f1f1fb1fdfe9cb8337a80
2026-04-07 09:52:36 - getOutlet.php - Received encrypt: 5b8ae1bc6b9f1f1fb1fdfe9cb8337a80
2026-04-07 09:52:36 - getOutlet.php - Authentication berhasil
2026-04-07 09:52:36 - getOutlet.php - Query: SELECT id_out, nama_out, '' AS alamat_out, ofcode_out
            FROM outlet 
            WHERE status_out IN ('Active', '1', 'active')
            AND (nama_out LIKE :key OR ofcode_out LIKE :key)
            ORDER BY nama_out ASC
            LIMIT 20
2026-04-07 09:52:36 - getOutlet.php - Query berhasil, mengembalikan 0 record
2026-04-07 09:52:36 - getOutlet.php - === END REQUEST ===
2026-04-07 03:04:40 - getOutlet.php - === REQUEST GETOUTLET ===
2026-04-07 03:04:40 - getOutlet.php - Method: POST
2026-04-07 03:04:40 - getOutlet.php - POST data: {"tgl":"2026-04-07","encrypt":"5b8ae1bc6b9f1f1fb1fdfe9cb8337a80","id_apl":"APL01","key":"Primaya"}
2026-04-07 10:04:40 - getOutlet.php - Params - tgl: 2026-04-07, encrypt: 5b8ae1bc6b9f1f1fb1fdfe9cb8337a80, id_apl: APL01, key: Primaya
2026-04-07 10:04:40 - getOutlet.php - Aplikasi ditemukan: Ya
2026-04-07 10:04:40 - getOutlet.php - Key aplikasi: YbcJSFjkds...
2026-04-07 10:04:40 - getOutlet.php - Expected encrypt: 5b8ae1bc6b9f1f1fb1fdfe9cb8337a80
2026-04-07 10:04:40 - getOutlet.php - Received encrypt: 5b8ae1bc6b9f1f1fb1fdfe9cb8337a80
2026-04-07 10:04:40 - getOutlet.php - Authentication berhasil
2026-04-07 10:04:40 - getOutlet.php - Query: SELECT id_out, nama_out, '' AS alamat_out, ofcode_out
            FROM outlet 
            WHERE status_out IN ('Active', '1', 'active')
            AND (nama_out LIKE :key OR ofcode_out LIKE :key)
            ORDER BY nama_out ASC
            LIMIT 20
2026-04-07 10:04:40 - getOutlet.php - Query berhasil, mengembalikan 12 record
2026-04-07 10:04:40 - getOutlet.php - === END REQUEST ===
2026-04-07 03:04:40 - getOutlet.php - === REQUEST GETOUTLET ===
2026-04-07 03:04:40 - getOutlet.php - Method: POST
2026-04-07 03:04:40 - getOutlet.php - POST data: {"tgl":"2026-04-07","encrypt":"5b8ae1bc6b9f1f1fb1fdfe9cb8337a80","id_apl":"APL01","key":"Pr"}
2026-04-07 10:04:40 - getOutlet.php - Params - tgl: 2026-04-07, encrypt: 5b8ae1bc6b9f1f1fb1fdfe9cb8337a80, id_apl: APL01, key: Pr
2026-04-07 10:04:40 - getOutlet.php - Aplikasi ditemukan: Ya
2026-04-07 10:04:40 - getOutlet.php - Key aplikasi: YbcJSFjkds...
2026-04-07 10:04:40 - getOutlet.php - Expected encrypt: 5b8ae1bc6b9f1f1fb1fdfe9cb8337a80
2026-04-07 10:04:40 - getOutlet.php - Received encrypt: 5b8ae1bc6b9f1f1fb1fdfe9cb8337a80
2026-04-07 10:04:40 - getOutlet.php - Authentication berhasil
2026-04-07 10:04:40 - getOutlet.php - Query: SELECT id_out, nama_out, '' AS alamat_out, ofcode_out
            FROM outlet 
            WHERE status_out IN ('Active', '1', 'active')
            AND (nama_out LIKE :key OR ofcode_out LIKE :key)
            ORDER BY nama_out ASC
            LIMIT 20
2026-04-07 10:04:40 - getOutlet.php - Query berhasil, mengembalikan 20 record
2026-04-07 10:04:40 - getOutlet.php - === END REQUEST ===
2026-04-07 03:04:40 - getOutlet.php - === REQUEST GETOUTLET ===
2026-04-07 03:04:40 - getOutlet.php - Method: POST
2026-04-07 03:04:40 - getOutlet.php - POST data: {"tgl":"2026-04-07","encrypt":"5b8ae1bc6b9f1f1fb1fdfe9cb8337a80","id_apl":"APL01","key":"Prim"}
2026-04-07 10:04:40 - getOutlet.php - Params - tgl: 2026-04-07, encrypt: 5b8ae1bc6b9f1f1fb1fdfe9cb8337a80, id_apl: APL01, key: Prim
2026-04-07 10:04:40 - getOutlet.php - Aplikasi ditemukan: Ya
2026-04-07 10:04:40 - getOutlet.php - Key aplikasi: YbcJSFjkds...
2026-04-07 10:04:40 - getOutlet.php - Expected encrypt: 5b8ae1bc6b9f1f1fb1fdfe9cb8337a80
2026-04-07 10:04:40 - getOutlet.php - Received encrypt: 5b8ae1bc6b9f1f1fb1fdfe9cb8337a80
2026-04-07 10:04:40 - getOutlet.php - Authentication berhasil
2026-04-07 10:04:40 - getOutlet.php - Query: SELECT id_out, nama_out, '' AS alamat_out, ofcode_out
            FROM outlet 
            WHERE status_out IN ('Active', '1', 'active')
            AND (nama_out LIKE :key OR ofcode_out LIKE :key)
            ORDER BY nama_out ASC
            LIMIT 20
2026-04-07 10:04:40 - getOutlet.php - Query berhasil, mengembalikan 20 record
2026-04-07 10:04:40 - getOutlet.php - === END REQUEST ===
2026-04-07 03:04:40 - getOutlet.php - === REQUEST GETOUTLET ===
2026-04-07 03:04:40 - getOutlet.php - Method: POST
2026-04-07 03:04:40 - getOutlet.php - POST data: {"tgl":"2026-04-07","encrypt":"5b8ae1bc6b9f1f1fb1fdfe9cb8337a80","id_apl":"APL01","key":"Prima"}
2026-04-07 10:04:40 - getOutlet.php - Params - tgl: 2026-04-07, encrypt: 5b8ae1bc6b9f1f1fb1fdfe9cb8337a80, id_apl: APL01, key: Prima
2026-04-07 10:04:40 - getOutlet.php - Aplikasi ditemukan: Ya
2026-04-07 10:04:40 - getOutlet.php - Key aplikasi: YbcJSFjkds...
2026-04-07 10:04:40 - getOutlet.php - Expected encrypt: 5b8ae1bc6b9f1f1fb1fdfe9cb8337a80
2026-04-07 10:04:40 - getOutlet.php - Received encrypt: 5b8ae1bc6b9f1f1fb1fdfe9cb8337a80
2026-04-07 10:04:40 - getOutlet.php - Authentication berhasil
2026-04-07 10:04:40 - getOutlet.php - Query: SELECT id_out, nama_out, '' AS alamat_out, ofcode_out
            FROM outlet 
            WHERE status_out IN ('Active', '1', 'active')
            AND (nama_out LIKE :key OR ofcode_out LIKE :key)
            ORDER BY nama_out ASC
            LIMIT 20
2026-04-07 10:04:40 - getOutlet.php - Query berhasil, mengembalikan 20 record
2026-04-07 10:04:40 - getOutlet.php - === END REQUEST ===
2026-04-07 03:04:40 - getOutlet.php - === REQUEST GETOUTLET ===
2026-04-07 03:04:40 - getOutlet.php - Method: POST
2026-04-07 03:04:40 - getOutlet.php - POST data: {"tgl":"2026-04-07","encrypt":"5b8ae1bc6b9f1f1fb1fdfe9cb8337a80","id_apl":"APL01","key":"Primay"}
2026-04-07 10:04:40 - getOutlet.php - Params - tgl: 2026-04-07, encrypt: 5b8ae1bc6b9f1f1fb1fdfe9cb8337a80, id_apl: APL01, key: Primay
2026-04-07 10:04:40 - getOutlet.php - Aplikasi ditemukan: Ya
2026-04-07 10:04:40 - getOutlet.php - Key aplikasi: YbcJSFjkds...
2026-04-07 10:04:40 - getOutlet.php - Expected encrypt: 5b8ae1bc6b9f1f1fb1fdfe9cb8337a80
2026-04-07 10:04:40 - getOutlet.php - Received encrypt: 5b8ae1bc6b9f1f1fb1fdfe9cb8337a80
2026-04-07 10:04:40 - getOutlet.php - Authentication berhasil
2026-04-07 10:04:40 - getOutlet.php - Query: SELECT id_out, nama_out, '' AS alamat_out, ofcode_out
            FROM outlet 
            WHERE status_out IN ('Active', '1', 'active')
            AND (nama_out LIKE :key OR ofcode_out LIKE :key)
            ORDER BY nama_out ASC
            LIMIT 20
2026-04-07 10:04:40 - getOutlet.php - Query berhasil, mengembalikan 12 record
2026-04-07 10:04:40 - getOutlet.php - === END REQUEST ===
2026-04-07 03:04:40 - getOutlet.php - === REQUEST GETOUTLET ===
2026-04-07 03:04:40 - getOutlet.php - Method: POST
2026-04-07 03:04:40 - getOutlet.php - POST data: {"tgl":"2026-04-07","encrypt":"5b8ae1bc6b9f1f1fb1fdfe9cb8337a80","id_apl":"APL01","key":"Pri"}
2026-04-07 10:04:40 - getOutlet.php - Params - tgl: 2026-04-07, encrypt: 5b8ae1bc6b9f1f1fb1fdfe9cb8337a80, id_apl: APL01, key: Pri
2026-04-07 10:04:40 - getOutlet.php - Aplikasi ditemukan: Ya
2026-04-07 10:04:40 - getOutlet.php - Key aplikasi: YbcJSFjkds...
2026-04-07 10:04:40 - getOutlet.php - Expected encrypt: 5b8ae1bc6b9f1f1fb1fdfe9cb8337a80
2026-04-07 10:04:40 - getOutlet.php - Received encrypt: 5b8ae1bc6b9f1f1fb1fdfe9cb8337a80
2026-04-07 10:04:40 - getOutlet.php - Authentication berhasil
2026-04-07 10:04:40 - getOutlet.php - Query: SELECT id_out, nama_out, '' AS alamat_out, ofcode_out
            FROM outlet 
            WHERE status_out IN ('Active', '1', 'active')
            AND (nama_out LIKE :key OR ofcode_out LIKE :key)
            ORDER BY nama_out ASC
            LIMIT 20
2026-04-07 10:04:40 - getOutlet.php - Query berhasil, mengembalikan 20 record
2026-04-07 10:04:40 - getOutlet.php - === END REQUEST ===
2026-04-07 03:04:42 - getOutlet.php - === REQUEST GETOUTLET ===
2026-04-07 03:04:42 - getOutlet.php - Method: POST
2026-04-07 03:04:42 - getOutlet.php - POST data: {"tgl":"2026-04-07","encrypt":"5b8ae1bc6b9f1f1fb1fdfe9cb8337a80","id_apl":"APL01","key":"Primaya"}
2026-04-07 10:04:42 - getOutlet.php - Params - tgl: 2026-04-07, encrypt: 5b8ae1bc6b9f1f1fb1fdfe9cb8337a80, id_apl: APL01, key: Primaya
2026-04-07 10:04:42 - getOutlet.php - Aplikasi ditemukan: Ya
2026-04-07 10:04:42 - getOutlet.php - Key aplikasi: YbcJSFjkds...
2026-04-07 10:04:42 - getOutlet.php - Expected encrypt: 5b8ae1bc6b9f1f1fb1fdfe9cb8337a80
2026-04-07 10:04:42 - getOutlet.php - Received encrypt: 5b8ae1bc6b9f1f1fb1fdfe9cb8337a80
2026-04-07 10:04:42 - getOutlet.php - Authentication berhasil
2026-04-07 10:04:42 - getOutlet.php - Query: SELECT id_out, nama_out, '' AS alamat_out, ofcode_out
            FROM outlet 
            WHERE status_out IN ('Active', '1', 'active')
            AND (nama_out LIKE :key OR ofcode_out LIKE :key)
            ORDER BY nama_out ASC
            LIMIT 20
2026-04-07 10:04:42 - getOutlet.php - Query berhasil, mengembalikan 12 record
2026-04-07 10:04:42 - getOutlet.php - === END REQUEST ===
2026-04-07 03:04:42 - getOutlet.php - === REQUEST GETOUTLET ===
2026-04-07 03:04:42 - getOutlet.php - Method: POST
2026-04-07 03:04:42 - getOutlet.php - POST data: {"tgl":"2026-04-07","encrypt":"5b8ae1bc6b9f1f1fb1fdfe9cb8337a80","id_apl":"APL01","key":"Primaya"}
2026-04-07 10:04:42 - getOutlet.php - Params - tgl: 2026-04-07, encrypt: 5b8ae1bc6b9f1f1fb1fdfe9cb8337a80, id_apl: APL01, key: Primaya
2026-04-07 10:04:42 - getOutlet.php - Aplikasi ditemukan: Ya
2026-04-07 10:04:42 - getOutlet.php - Key aplikasi: YbcJSFjkds...
2026-04-07 10:04:42 - getOutlet.php - Expected encrypt: 5b8ae1bc6b9f1f1fb1fdfe9cb8337a80
2026-04-07 10:04:42 - getOutlet.php - Received encrypt: 5b8ae1bc6b9f1f1fb1fdfe9cb8337a80
2026-04-07 10:04:42 - getOutlet.php - Authentication berhasil
2026-04-07 10:04:42 - getOutlet.php - Query: SELECT id_out, nama_out, '' AS alamat_out, ofcode_out
            FROM outlet 
            WHERE status_out IN ('Active', '1', 'active')
            AND (nama_out LIKE :key OR ofcode_out LIKE :key)
            ORDER BY nama_out ASC
            LIMIT 20
2026-04-07 10:04:42 - getOutlet.php - Query berhasil, mengembalikan 12 record
2026-04-07 10:04:42 - getOutlet.php - === END REQUEST ===
2026-04-07 03:04:43 - getOutlet.php - === REQUEST GETOUTLET ===
2026-04-07 03:04:43 - getOutlet.php - Method: POST
2026-04-07 03:04:43 - getOutlet.php - POST data: {"tgl":"2026-04-07","encrypt":"5b8ae1bc6b9f1f1fb1fdfe9cb8337a80","id_apl":"APL01","key":"Primaya h"}
2026-04-07 10:04:43 - getOutlet.php - Params - tgl: 2026-04-07, encrypt: 5b8ae1bc6b9f1f1fb1fdfe9cb8337a80, id_apl: APL01, key: Primaya h
2026-04-07 10:04:43 - getOutlet.php - Aplikasi ditemukan: Ya
2026-04-07 10:04:43 - getOutlet.php - Key aplikasi: YbcJSFjkds...
2026-04-07 10:04:43 - getOutlet.php - Expected encrypt: 5b8ae1bc6b9f1f1fb1fdfe9cb8337a80
2026-04-07 10:04:43 - getOutlet.php - Received encrypt: 5b8ae1bc6b9f1f1fb1fdfe9cb8337a80
2026-04-07 10:04:43 - getOutlet.php - Authentication berhasil
2026-04-07 10:04:43 - getOutlet.php - Query: SELECT id_out, nama_out, '' AS alamat_out, ofcode_out
            FROM outlet 
            WHERE status_out IN ('Active', '1', 'active')
            AND (nama_out LIKE :key OR ofcode_out LIKE :key)
            ORDER BY nama_out ASC
            LIMIT 20
2026-04-07 10:04:43 - getOutlet.php - Query berhasil, mengembalikan 5 record
2026-04-07 10:04:43 - getOutlet.php - === END REQUEST ===
2026-04-07 03:04:43 - getOutlet.php - === REQUEST GETOUTLET ===
2026-04-07 03:04:43 - getOutlet.php - Method: POST
2026-04-07 03:04:43 - getOutlet.php - POST data: {"tgl":"2026-04-07","encrypt":"5b8ae1bc6b9f1f1fb1fdfe9cb8337a80","id_apl":"APL01","key":"Primaya ho"}
2026-04-07 10:04:43 - getOutlet.php - Params - tgl: 2026-04-07, encrypt: 5b8ae1bc6b9f1f1fb1fdfe9cb8337a80, id_apl: APL01, key: Primaya ho
2026-04-07 10:04:43 - getOutlet.php - Aplikasi ditemukan: Ya
2026-04-07 10:04:43 - getOutlet.php - Key aplikasi: YbcJSFjkds...
2026-04-07 10:04:43 - getOutlet.php - Expected encrypt: 5b8ae1bc6b9f1f1fb1fdfe9cb8337a80
2026-04-07 10:04:43 - getOutlet.php - Received encrypt: 5b8ae1bc6b9f1f1fb1fdfe9cb8337a80
2026-04-07 10:04:43 - getOutlet.php - Authentication berhasil
2026-04-07 10:04:43 - getOutlet.php - Query: SELECT id_out, nama_out, '' AS alamat_out, ofcode_out
            FROM outlet 
            WHERE status_out IN ('Active', '1', 'active')
            AND (nama_out LIKE :key OR ofcode_out LIKE :key)
            ORDER BY nama_out ASC
            LIMIT 20
2026-04-07 10:04:43 - getOutlet.php - Query berhasil, mengembalikan 4 record
2026-04-07 10:04:43 - getOutlet.php - === END REQUEST ===
2026-04-07 03:04:45 - getOutlet.php - === REQUEST GETOUTLET ===
2026-04-07 03:04:45 - getOutlet.php - Method: POST
2026-04-07 03:04:45 - getOutlet.php - POST data: {"tgl":"2026-04-07","encrypt":"5b8ae1bc6b9f1f1fb1fdfe9cb8337a80","id_apl":"APL01","key":"RS Primaya Hospital Tangerang"}
2026-04-07 10:04:45 - getOutlet.php - Params - tgl: 2026-04-07, encrypt: 5b8ae1bc6b9f1f1fb1fdfe9cb8337a80, id_apl: APL01, key: RS Primaya Hospital Tangerang
2026-04-07 10:04:45 - getOutlet.php - Aplikasi ditemukan: Ya
2026-04-07 10:04:45 - getOutlet.php - Key aplikasi: YbcJSFjkds...
2026-04-07 10:04:45 - getOutlet.php - Expected encrypt: 5b8ae1bc6b9f1f1fb1fdfe9cb8337a80
2026-04-07 10:04:45 - getOutlet.php - Received encrypt: 5b8ae1bc6b9f1f1fb1fdfe9cb8337a80
2026-04-07 10:04:45 - getOutlet.php - Authentication berhasil
2026-04-07 10:04:45 - getOutlet.php - Query: SELECT id_out, nama_out, '' AS alamat_out, ofcode_out
            FROM outlet 
            WHERE status_out IN ('Active', '1', 'active')
            AND (nama_out LIKE :key OR ofcode_out LIKE :key)
            ORDER BY nama_out ASC
            LIMIT 20
2026-04-07 10:04:45 - getOutlet.php - Query berhasil, mengembalikan 1 record
2026-04-07 10:04:45 - getOutlet.php - === END REQUEST ===
2026-04-07 03:25:59 - getOutlet.php - === REQUEST GETOUTLET ===
2026-04-07 03:25:59 - getOutlet.php - Method: POST
2026-04-07 03:25:59 - getOutlet.php - POST data: {"tgl":"2026-04-07","encrypt":"5b8ae1bc6b9f1f1fb1fdfe9cb8337a80","id_apl":"APL01","key":"Rs"}
2026-04-07 10:25:59 - getOutlet.php - Params - tgl: 2026-04-07, encrypt: 5b8ae1bc6b9f1f1fb1fdfe9cb8337a80, id_apl: APL01, key: Rs
2026-04-07 10:25:59 - getOutlet.php - Aplikasi ditemukan: Ya
2026-04-07 10:25:59 - getOutlet.php - Key aplikasi: YbcJSFjkds...
2026-04-07 10:25:59 - getOutlet.php - Expected encrypt: 5b8ae1bc6b9f1f1fb1fdfe9cb8337a80
2026-04-07 10:25:59 - getOutlet.php - Received encrypt: 5b8ae1bc6b9f1f1fb1fdfe9cb8337a80
2026-04-07 10:25:59 - getOutlet.php - Authentication berhasil
2026-04-07 10:25:59 - getOutlet.php - Query: SELECT id_out, nama_out, '' AS alamat_out, ofcode_out
            FROM outlet 
            WHERE status_out IN ('Active', '1', 'active')
            AND (nama_out LIKE :key OR ofcode_out LIKE :key)
            ORDER BY nama_out ASC
            LIMIT 20
2026-04-07 10:25:59 - getOutlet.php - Query berhasil, mengembalikan 20 record
2026-04-07 10:25:59 - getOutlet.php - === END REQUEST ===
2026-04-07 03:25:59 - getOutlet.php - === REQUEST GETOUTLET ===
2026-04-07 03:25:59 - getOutlet.php - Method: POST
2026-04-07 03:25:59 - getOutlet.php - POST data: {"tgl":"2026-04-07","encrypt":"5b8ae1bc6b9f1f1fb1fdfe9cb8337a80","id_apl":"APL01","key":"Rs"}
2026-04-07 10:25:59 - getOutlet.php - Params - tgl: 2026-04-07, encrypt: 5b8ae1bc6b9f1f1fb1fdfe9cb8337a80, id_apl: APL01, key: Rs
2026-04-07 10:25:59 - getOutlet.php - Aplikasi ditemukan: Ya
2026-04-07 10:25:59 - getOutlet.php - Key aplikasi: YbcJSFjkds...
2026-04-07 10:25:59 - getOutlet.php - Expected encrypt: 5b8ae1bc6b9f1f1fb1fdfe9cb8337a80
2026-04-07 10:25:59 - getOutlet.php - Received encrypt: 5b8ae1bc6b9f1f1fb1fdfe9cb8337a80
2026-04-07 10:25:59 - getOutlet.php - Authentication berhasil
2026-04-07 10:25:59 - getOutlet.php - Query: SELECT id_out, nama_out, '' AS alamat_out, ofcode_out
            FROM outlet 
            WHERE status_out IN ('Active', '1', 'active')
            AND (nama_out LIKE :key OR ofcode_out LIKE :key)
            ORDER BY nama_out ASC
            LIMIT 20
2026-04-07 10:25:59 - getOutlet.php - Query berhasil, mengembalikan 20 record
2026-04-07 10:25:59 - getOutlet.php - === END REQUEST ===
2026-04-07 03:25:59 - getOutlet.php - === REQUEST GETOUTLET ===
2026-04-07 03:25:59 - getOutlet.php - Method: POST
2026-04-07 03:25:59 - getOutlet.php - POST data: {"tgl":"2026-04-07","encrypt":"5b8ae1bc6b9f1f1fb1fdfe9cb8337a80","id_apl":"APL01","key":"Rs"}
2026-04-07 10:25:59 - getOutlet.php - Params - tgl: 2026-04-07, encrypt: 5b8ae1bc6b9f1f1fb1fdfe9cb8337a80, id_apl: APL01, key: Rs
2026-04-07 10:25:59 - getOutlet.php - Aplikasi ditemukan: Ya
2026-04-07 10:25:59 - getOutlet.php - Key aplikasi: YbcJSFjkds...
2026-04-07 10:25:59 - getOutlet.php - Expected encrypt: 5b8ae1bc6b9f1f1fb1fdfe9cb8337a80
2026-04-07 10:25:59 - getOutlet.php - Received encrypt: 5b8ae1bc6b9f1f1fb1fdfe9cb8337a80
2026-04-07 10:25:59 - getOutlet.php - Authentication berhasil
2026-04-07 10:25:59 - getOutlet.php - Query: SELECT id_out, nama_out, '' AS alamat_out, ofcode_out
            FROM outlet 
            WHERE status_out IN ('Active', '1', 'active')
            AND (nama_out LIKE :key OR ofcode_out LIKE :key)
            ORDER BY nama_out ASC
            LIMIT 20
2026-04-07 10:25:59 - getOutlet.php - Query berhasil, mengembalikan 20 record
2026-04-07 10:25:59 - getOutlet.php - === END REQUEST ===
2026-04-07 03:26:00 - getOutlet.php - === REQUEST GETOUTLET ===
2026-04-07 03:26:00 - getOutlet.php - Method: POST
2026-04-07 03:26:00 - getOutlet.php - POST data: {"tgl":"2026-04-07","encrypt":"5b8ae1bc6b9f1f1fb1fdfe9cb8337a80","id_apl":"APL01","key":"Rs e"}
2026-04-07 10:26:00 - getOutlet.php - Params - tgl: 2026-04-07, encrypt: 5b8ae1bc6b9f1f1fb1fdfe9cb8337a80, id_apl: APL01, key: Rs e
2026-04-07 10:26:00 - getOutlet.php - Aplikasi ditemukan: Ya
2026-04-07 10:26:00 - getOutlet.php - Key aplikasi: YbcJSFjkds...
2026-04-07 10:26:00 - getOutlet.php - Expected encrypt: 5b8ae1bc6b9f1f1fb1fdfe9cb8337a80
2026-04-07 10:26:00 - getOutlet.php - Received encrypt: 5b8ae1bc6b9f1f1fb1fdfe9cb8337a80
2026-04-07 10:26:00 - getOutlet.php - Authentication berhasil
2026-04-07 10:26:00 - getOutlet.php - Query: SELECT id_out, nama_out, '' AS alamat_out, ofcode_out
            FROM outlet 
            WHERE status_out IN ('Active', '1', 'active')
            AND (nama_out LIKE :key OR ofcode_out LIKE :key)
            ORDER BY nama_out ASC
            LIMIT 20
2026-04-07 10:26:00 - getOutlet.php - Query berhasil, mengembalikan 11 record
2026-04-07 10:26:00 - getOutlet.php - === END REQUEST ===
2026-04-07 03:26:00 - getOutlet.php - === REQUEST GETOUTLET ===
2026-04-07 03:26:00 - getOutlet.php - Method: POST
2026-04-07 03:26:00 - getOutlet.php - POST data: {"tgl":"2026-04-07","encrypt":"5b8ae1bc6b9f1f1fb1fdfe9cb8337a80","id_apl":"APL01","key":"Rs em"}
2026-04-07 10:26:00 - getOutlet.php - Params - tgl: 2026-04-07, encrypt: 5b8ae1bc6b9f1f1fb1fdfe9cb8337a80, id_apl: APL01, key: Rs em
2026-04-07 10:26:00 - getOutlet.php - Aplikasi ditemukan: Ya
2026-04-07 10:26:00 - getOutlet.php - Key aplikasi: YbcJSFjkds...
2026-04-07 10:26:00 - getOutlet.php - Expected encrypt: 5b8ae1bc6b9f1f1fb1fdfe9cb8337a80
2026-04-07 10:26:00 - getOutlet.php - Received encrypt: 5b8ae1bc6b9f1f1fb1fdfe9cb8337a80
2026-04-07 10:26:00 - getOutlet.php - Authentication berhasil
2026-04-07 10:26:00 - getOutlet.php - Query: SELECT id_out, nama_out, '' AS alamat_out, ofcode_out
            FROM outlet 
            WHERE status_out IN ('Active', '1', 'active')
            AND (nama_out LIKE :key OR ofcode_out LIKE :key)
            ORDER BY nama_out ASC
            LIMIT 20
2026-04-07 10:26:00 - getOutlet.php - Query berhasil, mengembalikan 7 record
2026-04-07 10:26:00 - getOutlet.php - === END REQUEST ===
2026-04-07 03:26:02 - getOutlet.php - === REQUEST GETOUTLET ===
2026-04-07 03:26:02 - getOutlet.php - Method: POST
2026-04-07 03:26:02 - getOutlet.php - POST data: {"tgl":"2026-04-07","encrypt":"5b8ae1bc6b9f1f1fb1fdfe9cb8337a80","id_apl":"APL01","key":"Rs emc"}
2026-04-07 10:26:02 - getOutlet.php - Params - tgl: 2026-04-07, encrypt: 5b8ae1bc6b9f1f1fb1fdfe9cb8337a80, id_apl: APL01, key: Rs emc
2026-04-07 10:26:02 - getOutlet.php - Aplikasi ditemukan: Ya
2026-04-07 10:26:02 - getOutlet.php - Key aplikasi: YbcJSFjkds...
2026-04-07 10:26:02 - getOutlet.php - Expected encrypt: 5b8ae1bc6b9f1f1fb1fdfe9cb8337a80
2026-04-07 10:26:02 - getOutlet.php - Received encrypt: 5b8ae1bc6b9f1f1fb1fdfe9cb8337a80
2026-04-07 10:26:02 - getOutlet.php - Authentication berhasil
2026-04-07 10:26:02 - getOutlet.php - Query: SELECT id_out, nama_out, '' AS alamat_out, ofcode_out
            FROM outlet 
            WHERE status_out IN ('Active', '1', 'active')
            AND (nama_out LIKE :key OR ofcode_out LIKE :key)
            ORDER BY nama_out ASC
            LIMIT 20
2026-04-07 10:26:02 - getOutlet.php - Query berhasil, mengembalikan 7 record
2026-04-07 10:26:02 - getOutlet.php - === END REQUEST ===
2026-04-07 03:26:02 - getOutlet.php - === REQUEST GETOUTLET ===
2026-04-07 03:26:02 - getOutlet.php - Method: POST
2026-04-07 03:26:02 - getOutlet.php - POST data: {"tgl":"2026-04-07","encrypt":"5b8ae1bc6b9f1f1fb1fdfe9cb8337a80","id_apl":"APL01","key":"Rs emc a"}
2026-04-07 10:26:02 - getOutlet.php - Params - tgl: 2026-04-07, encrypt: 5b8ae1bc6b9f1f1fb1fdfe9cb8337a80, id_apl: APL01, key: Rs emc a
2026-04-07 10:26:02 - getOutlet.php - Aplikasi ditemukan: Ya
2026-04-07 10:26:02 - getOutlet.php - Key aplikasi: YbcJSFjkds...
2026-04-07 10:26:02 - getOutlet.php - Expected encrypt: 5b8ae1bc6b9f1f1fb1fdfe9cb8337a80
2026-04-07 10:26:02 - getOutlet.php - Received encrypt: 5b8ae1bc6b9f1f1fb1fdfe9cb8337a80
2026-04-07 10:26:02 - getOutlet.php - Authentication berhasil
2026-04-07 10:26:02 - getOutlet.php - Query: SELECT id_out, nama_out, '' AS alamat_out, ofcode_out
            FROM outlet 
            WHERE status_out IN ('Active', '1', 'active')
            AND (nama_out LIKE :key OR ofcode_out LIKE :key)
            ORDER BY nama_out ASC
            LIMIT 20
2026-04-07 10:26:02 - getOutlet.php - Query berhasil, mengembalikan 1 record
2026-04-07 10:26:02 - getOutlet.php - === END REQUEST ===
2026-04-07 03:26:02 - getOutlet.php - === REQUEST GETOUTLET ===
2026-04-07 03:26:02 - getOutlet.php - Method: POST
2026-04-07 03:26:02 - getOutlet.php - POST data: {"tgl":"2026-04-07","encrypt":"5b8ae1bc6b9f1f1fb1fdfe9cb8337a80","id_apl":"APL01","key":"Rs emc"}
2026-04-07 10:26:02 - getOutlet.php - Params - tgl: 2026-04-07, encrypt: 5b8ae1bc6b9f1f1fb1fdfe9cb8337a80, id_apl: APL01, key: Rs emc
2026-04-07 10:26:02 - getOutlet.php - Aplikasi ditemukan: Ya
2026-04-07 10:26:02 - getOutlet.php - Key aplikasi: YbcJSFjkds...
2026-04-07 10:26:02 - getOutlet.php - Expected encrypt: 5b8ae1bc6b9f1f1fb1fdfe9cb8337a80
2026-04-07 10:26:02 - getOutlet.php - Received encrypt: 5b8ae1bc6b9f1f1fb1fdfe9cb8337a80
2026-04-07 10:26:02 - getOutlet.php - Authentication berhasil
2026-04-07 10:26:02 - getOutlet.php - Query: SELECT id_out, nama_out, '' AS alamat_out, ofcode_out
            FROM outlet 
            WHERE status_out IN ('Active', '1', 'active')
            AND (nama_out LIKE :key OR ofcode_out LIKE :key)
            ORDER BY nama_out ASC
            LIMIT 20
2026-04-07 10:26:02 - getOutlet.php - Query berhasil, mengembalikan 7 record
2026-04-07 10:26:02 - getOutlet.php - === END REQUEST ===
2026-04-07 03:26:03 - getOutlet.php - === REQUEST GETOUTLET ===
2026-04-07 03:26:03 - getOutlet.php - Method: POST
2026-04-07 03:26:03 - getOutlet.php - POST data: {"tgl":"2026-04-07","encrypt":"5b8ae1bc6b9f1f1fb1fdfe9cb8337a80","id_apl":"APL01","key":"Rs emc"}
2026-04-07 10:26:03 - getOutlet.php - Params - tgl: 2026-04-07, encrypt: 5b8ae1bc6b9f1f1fb1fdfe9cb8337a80, id_apl: APL01, key: Rs emc
2026-04-07 10:26:03 - getOutlet.php - Aplikasi ditemukan: Ya
2026-04-07 10:26:03 - getOutlet.php - Key aplikasi: YbcJSFjkds...
2026-04-07 10:26:03 - getOutlet.php - Expected encrypt: 5b8ae1bc6b9f1f1fb1fdfe9cb8337a80
2026-04-07 10:26:03 - getOutlet.php - Received encrypt: 5b8ae1bc6b9f1f1fb1fdfe9cb8337a80
2026-04-07 10:26:03 - getOutlet.php - Authentication berhasil
2026-04-07 10:26:03 - getOutlet.php - Query: SELECT id_out, nama_out, '' AS alamat_out, ofcode_out
            FROM outlet 
            WHERE status_out IN ('Active', '1', 'active')
            AND (nama_out LIKE :key OR ofcode_out LIKE :key)
            ORDER BY nama_out ASC
            LIMIT 20
2026-04-07 10:26:03 - getOutlet.php - Query berhasil, mengembalikan 7 record
2026-04-07 10:26:03 - getOutlet.php - === END REQUEST ===
2026-04-07 03:26:03 - getOutlet.php - === REQUEST GETOUTLET ===
2026-04-07 03:26:03 - getOutlet.php - Method: POST
2026-04-07 03:26:03 - getOutlet.php - POST data: {"tgl":"2026-04-07","encrypt":"5b8ae1bc6b9f1f1fb1fdfe9cb8337a80","id_apl":"APL01","key":"Rs emc al"}
2026-04-07 10:26:03 - getOutlet.php - Params - tgl: 2026-04-07, encrypt: 5b8ae1bc6b9f1f1fb1fdfe9cb8337a80, id_apl: APL01, key: Rs emc al
2026-04-07 10:26:03 - getOutlet.php - Aplikasi ditemukan: Ya
2026-04-07 10:26:03 - getOutlet.php - Key aplikasi: YbcJSFjkds...
2026-04-07 10:26:03 - getOutlet.php - Expected encrypt: 5b8ae1bc6b9f1f1fb1fdfe9cb8337a80
2026-04-07 10:26:03 - getOutlet.php - Received encrypt: 5b8ae1bc6b9f1f1fb1fdfe9cb8337a80
2026-04-07 10:26:03 - getOutlet.php - Authentication berhasil
2026-04-07 10:26:03 - getOutlet.php - Query: SELECT id_out, nama_out, '' AS alamat_out, ofcode_out
            FROM outlet 
            WHERE status_out IN ('Active', '1', 'active')
            AND (nama_out LIKE :key OR ofcode_out LIKE :key)
            ORDER BY nama_out ASC
            LIMIT 20
2026-04-07 10:26:03 - getOutlet.php - Query berhasil, mengembalikan 1 record
2026-04-07 10:26:03 - getOutlet.php - === END REQUEST ===
2026-04-07 03:26:03 - getOutlet.php - === REQUEST GETOUTLET ===
2026-04-07 03:26:03 - getOutlet.php - Method: POST
2026-04-07 03:26:03 - getOutlet.php - POST data: {"tgl":"2026-04-07","encrypt":"5b8ae1bc6b9f1f1fb1fdfe9cb8337a80","id_apl":"APL01","key":"RS EMC ALAM SUTERA"}
2026-04-07 10:26:03 - getOutlet.php - Params - tgl: 2026-04-07, encrypt: 5b8ae1bc6b9f1f1fb1fdfe9cb8337a80, id_apl: APL01, key: RS EMC ALAM SUTERA
2026-04-07 10:26:03 - getOutlet.php - Aplikasi ditemukan: Ya
2026-04-07 10:26:03 - getOutlet.php - Key aplikasi: YbcJSFjkds...
2026-04-07 10:26:03 - getOutlet.php - Expected encrypt: 5b8ae1bc6b9f1f1fb1fdfe9cb8337a80
2026-04-07 10:26:03 - getOutlet.php - Received encrypt: 5b8ae1bc6b9f1f1fb1fdfe9cb8337a80
2026-04-07 10:26:03 - getOutlet.php - Authentication berhasil
2026-04-07 10:26:03 - getOutlet.php - Query: SELECT id_out, nama_out, '' AS alamat_out, ofcode_out
            FROM outlet 
            WHERE status_out IN ('Active', '1', 'active')
            AND (nama_out LIKE :key OR ofcode_out LIKE :key)
            ORDER BY nama_out ASC
            LIMIT 20
2026-04-07 10:26:03 - getOutlet.php - Query berhasil, mengembalikan 1 record
2026-04-07 10:26:03 - getOutlet.php - === END REQUEST ===
2026-04-07 03:26:22 - getOutlet.php - === REQUEST GETOUTLET ===
2026-04-07 03:26:22 - getOutlet.php - Method: POST
2026-04-07 03:26:22 - getOutlet.php - POST data: {"tgl":"2026-04-07","encrypt":"5b8ae1bc6b9f1f1fb1fdfe9cb8337a80","id_apl":"APL01","key":"Rs"}
2026-04-07 10:26:22 - getOutlet.php - Params - tgl: 2026-04-07, encrypt: 5b8ae1bc6b9f1f1fb1fdfe9cb8337a80, id_apl: APL01, key: Rs
2026-04-07 10:26:22 - getOutlet.php - Aplikasi ditemukan: Ya
2026-04-07 10:26:22 - getOutlet.php - Key aplikasi: YbcJSFjkds...
2026-04-07 10:26:22 - getOutlet.php - Expected encrypt: 5b8ae1bc6b9f1f1fb1fdfe9cb8337a80
2026-04-07 10:26:22 - getOutlet.php - Received encrypt: 5b8ae1bc6b9f1f1fb1fdfe9cb8337a80
2026-04-07 10:26:22 - getOutlet.php - Authentication berhasil
2026-04-07 10:26:22 - getOutlet.php - Query: SELECT id_out, nama_out, '' AS alamat_out, ofcode_out
            FROM outlet 
            WHERE status_out IN ('Active', '1', 'active')
            AND (nama_out LIKE :key OR ofcode_out LIKE :key)
            ORDER BY nama_out ASC
            LIMIT 20
2026-04-07 10:26:22 - getOutlet.php - Query berhasil, mengembalikan 20 record
2026-04-07 10:26:22 - getOutlet.php - === END REQUEST ===
2026-04-07 03:26:22 - getOutlet.php - === REQUEST GETOUTLET ===
2026-04-07 03:26:22 - getOutlet.php - Method: POST
2026-04-07 03:26:22 - getOutlet.php - POST data: {"tgl":"2026-04-07","encrypt":"5b8ae1bc6b9f1f1fb1fdfe9cb8337a80","id_apl":"APL01","key":"Rs"}
2026-04-07 10:26:22 - getOutlet.php - Params - tgl: 2026-04-07, encrypt: 5b8ae1bc6b9f1f1fb1fdfe9cb8337a80, id_apl: APL01, key: Rs
2026-04-07 10:26:22 - getOutlet.php - Aplikasi ditemukan: Ya
2026-04-07 10:26:22 - getOutlet.php - Key aplikasi: YbcJSFjkds...
2026-04-07 10:26:22 - getOutlet.php - Expected encrypt: 5b8ae1bc6b9f1f1fb1fdfe9cb8337a80
2026-04-07 10:26:22 - getOutlet.php - Received encrypt: 5b8ae1bc6b9f1f1fb1fdfe9cb8337a80
2026-04-07 10:26:22 - getOutlet.php - Authentication berhasil
2026-04-07 10:26:22 - getOutlet.php - Query: SELECT id_out, nama_out, '' AS alamat_out, ofcode_out
            FROM outlet 
            WHERE status_out IN ('Active', '1', 'active')
            AND (nama_out LIKE :key OR ofcode_out LIKE :key)
            ORDER BY nama_out ASC
            LIMIT 20
2026-04-07 10:26:22 - getOutlet.php - Query berhasil, mengembalikan 20 record
2026-04-07 10:26:22 - getOutlet.php - === END REQUEST ===
2026-04-07 03:26:22 - getOutlet.php - === REQUEST GETOUTLET ===
2026-04-07 03:26:22 - getOutlet.php - Method: POST
2026-04-07 03:26:22 - getOutlet.php - POST data: {"tgl":"2026-04-07","encrypt":"5b8ae1bc6b9f1f1fb1fdfe9cb8337a80","id_apl":"APL01","key":"Rs"}
2026-04-07 10:26:22 - getOutlet.php - Params - tgl: 2026-04-07, encrypt: 5b8ae1bc6b9f1f1fb1fdfe9cb8337a80, id_apl: APL01, key: Rs
2026-04-07 10:26:22 - getOutlet.php - Aplikasi ditemukan: Ya
2026-04-07 10:26:22 - getOutlet.php - Key aplikasi: YbcJSFjkds...
2026-04-07 10:26:22 - getOutlet.php - Expected encrypt: 5b8ae1bc6b9f1f1fb1fdfe9cb8337a80
2026-04-07 10:26:22 - getOutlet.php - Received encrypt: 5b8ae1bc6b9f1f1fb1fdfe9cb8337a80
2026-04-07 10:26:22 - getOutlet.php - Authentication berhasil
2026-04-07 10:26:22 - getOutlet.php - Query: SELECT id_out, nama_out, '' AS alamat_out, ofcode_out
            FROM outlet 
            WHERE status_out IN ('Active', '1', 'active')
            AND (nama_out LIKE :key OR ofcode_out LIKE :key)
            ORDER BY nama_out ASC
            LIMIT 20
2026-04-07 10:26:22 - getOutlet.php - Query berhasil, mengembalikan 20 record
2026-04-07 10:26:22 - getOutlet.php - === END REQUEST ===
2026-04-07 03:26:22 - getOutlet.php - === REQUEST GETOUTLET ===
2026-04-07 03:26:22 - getOutlet.php - Method: POST
2026-04-07 03:26:22 - getOutlet.php - POST data: {"tgl":"2026-04-07","encrypt":"5b8ae1bc6b9f1f1fb1fdfe9cb8337a80","id_apl":"APL01","key":"Rs e"}
2026-04-07 10:26:22 - getOutlet.php - Params - tgl: 2026-04-07, encrypt: 5b8ae1bc6b9f1f1fb1fdfe9cb8337a80, id_apl: APL01, key: Rs e
2026-04-07 10:26:22 - getOutlet.php - Aplikasi ditemukan: Ya
2026-04-07 10:26:22 - getOutlet.php - Key aplikasi: YbcJSFjkds...
2026-04-07 10:26:22 - getOutlet.php - Expected encrypt: 5b8ae1bc6b9f1f1fb1fdfe9cb8337a80
2026-04-07 10:26:22 - getOutlet.php - Received encrypt: 5b8ae1bc6b9f1f1fb1fdfe9cb8337a80
2026-04-07 10:26:22 - getOutlet.php - Authentication berhasil
2026-04-07 10:26:22 - getOutlet.php - Query: SELECT id_out, nama_out, '' AS alamat_out, ofcode_out
            FROM outlet 
            WHERE status_out IN ('Active', '1', 'active')
            AND (nama_out LIKE :key OR ofcode_out LIKE :key)
            ORDER BY nama_out ASC
            LIMIT 20
2026-04-07 10:26:22 - getOutlet.php - Query berhasil, mengembalikan 11 record
2026-04-07 10:26:22 - getOutlet.php - === END REQUEST ===
2026-04-07 03:26:23 - getOutlet.php - === REQUEST GETOUTLET ===
2026-04-07 03:26:23 - getOutlet.php - Method: POST
2026-04-07 03:26:23 - getOutlet.php - POST data: {"tgl":"2026-04-07","encrypt":"5b8ae1bc6b9f1f1fb1fdfe9cb8337a80","id_apl":"APL01","key":"Rs em"}
2026-04-07 10:26:23 - getOutlet.php - Params - tgl: 2026-04-07, encrypt: 5b8ae1bc6b9f1f1fb1fdfe9cb8337a80, id_apl: APL01, key: Rs em
2026-04-07 03:26:23 - getOutlet.php - === REQUEST GETOUTLET ===
2026-04-07 03:26:23 - getOutlet.php - Method: POST
2026-04-07 03:26:23 - getOutlet.php - POST data: {"tgl":"2026-04-07","encrypt":"5b8ae1bc6b9f1f1fb1fdfe9cb8337a80","id_apl":"APL01","key":"Rs emc"}
2026-04-07 10:26:23 - getOutlet.php - Params - tgl: 2026-04-07, encrypt: 5b8ae1bc6b9f1f1fb1fdfe9cb8337a80, id_apl: APL01, key: Rs emc
2026-04-07 10:26:23 - getOutlet.php - Aplikasi ditemukan: Ya
2026-04-07 10:26:23 - getOutlet.php - Key aplikasi: YbcJSFjkds...
2026-04-07 10:26:23 - getOutlet.php - Aplikasi ditemukan: Ya
2026-04-07 10:26:23 - getOutlet.php - Expected encrypt: 5b8ae1bc6b9f1f1fb1fdfe9cb8337a80
2026-04-07 10:26:23 - getOutlet.php - Received encrypt: 5b8ae1bc6b9f1f1fb1fdfe9cb8337a80
2026-04-07 10:26:23 - getOutlet.php - Key aplikasi: YbcJSFjkds...
2026-04-07 10:26:23 - getOutlet.php - Authentication berhasil
2026-04-07 10:26:23 - getOutlet.php - Expected encrypt: 5b8ae1bc6b9f1f1fb1fdfe9cb8337a80
2026-04-07 10:26:23 - getOutlet.php - Received encrypt: 5b8ae1bc6b9f1f1fb1fdfe9cb8337a80
2026-04-07 10:26:23 - getOutlet.php - Authentication berhasil
2026-04-07 10:26:23 - getOutlet.php - Query: SELECT id_out, nama_out, '' AS alamat_out, ofcode_out
            FROM outlet 
            WHERE status_out IN ('Active', '1', 'active')
            AND (nama_out LIKE :key OR ofcode_out LIKE :key)
            ORDER BY nama_out ASC
            LIMIT 20
2026-04-07 10:26:23 - getOutlet.php - Query: SELECT id_out, nama_out, '' AS alamat_out, ofcode_out
            FROM outlet 
            WHERE status_out IN ('Active', '1', 'active')
            AND (nama_out LIKE :key OR ofcode_out LIKE :key)
            ORDER BY nama_out ASC
            LIMIT 20
2026-04-07 10:26:23 - getOutlet.php - Query berhasil, mengembalikan 7 record
2026-04-07 10:26:23 - getOutlet.php - === END REQUEST ===
2026-04-07 10:26:23 - getOutlet.php - Query berhasil, mengembalikan 7 record
2026-04-07 10:26:23 - getOutlet.php - === END REQUEST ===
2026-04-07 03:26:24 - getOutlet.php - === REQUEST GETOUTLET ===
2026-04-07 03:26:24 - getOutlet.php - Method: POST
2026-04-07 03:26:24 - getOutlet.php - POST data: {"tgl":"2026-04-07","encrypt":"5b8ae1bc6b9f1f1fb1fdfe9cb8337a80","id_apl":"APL01","key":"Rs emc"}
2026-04-07 10:26:24 - getOutlet.php - Params - tgl: 2026-04-07, encrypt: 5b8ae1bc6b9f1f1fb1fdfe9cb8337a80, id_apl: APL01, key: Rs emc
2026-04-07 10:26:24 - getOutlet.php - Aplikasi ditemukan: Ya
2026-04-07 10:26:24 - getOutlet.php - Key aplikasi: YbcJSFjkds...
2026-04-07 10:26:24 - getOutlet.php - Expected encrypt: 5b8ae1bc6b9f1f1fb1fdfe9cb8337a80
2026-04-07 10:26:24 - getOutlet.php - Received encrypt: 5b8ae1bc6b9f1f1fb1fdfe9cb8337a80
2026-04-07 10:26:24 - getOutlet.php - Authentication berhasil
2026-04-07 03:26:24 - getOutlet.php - === REQUEST GETOUTLET ===
2026-04-07 03:26:24 - getOutlet.php - Method: POST
2026-04-07 03:26:24 - getOutlet.php - POST data: {"tgl":"2026-04-07","encrypt":"5b8ae1bc6b9f1f1fb1fdfe9cb8337a80","id_apl":"APL01","key":"Rs emc"}
2026-04-07 10:26:24 - getOutlet.php - Query: SELECT id_out, nama_out, '' AS alamat_out, ofcode_out
            FROM outlet 
            WHERE status_out IN ('Active', '1', 'active')
            AND (nama_out LIKE :key OR ofcode_out LIKE :key)
            ORDER BY nama_out ASC
            LIMIT 20
2026-04-07 10:26:24 - getOutlet.php - Params - tgl: 2026-04-07, encrypt: 5b8ae1bc6b9f1f1fb1fdfe9cb8337a80, id_apl: APL01, key: Rs emc
2026-04-07 10:26:24 - getOutlet.php - Aplikasi ditemukan: Ya
2026-04-07 10:26:24 - getOutlet.php - Key aplikasi: YbcJSFjkds...
2026-04-07 10:26:24 - getOutlet.php - Expected encrypt: 5b8ae1bc6b9f1f1fb1fdfe9cb8337a80
2026-04-07 10:26:24 - getOutlet.php - Received encrypt: 5b8ae1bc6b9f1f1fb1fdfe9cb8337a80
2026-04-07 10:26:24 - getOutlet.php - Authentication berhasil
2026-04-07 10:26:24 - getOutlet.php - Query berhasil, mengembalikan 7 record
2026-04-07 10:26:24 - getOutlet.php - === END REQUEST ===
2026-04-07 10:26:24 - getOutlet.php - Query: SELECT id_out, nama_out, '' AS alamat_out, ofcode_out
            FROM outlet 
            WHERE status_out IN ('Active', '1', 'active')
            AND (nama_out LIKE :key OR ofcode_out LIKE :key)
            ORDER BY nama_out ASC
            LIMIT 20
2026-04-07 10:26:24 - getOutlet.php - Query berhasil, mengembalikan 7 record
2026-04-07 10:26:24 - getOutlet.php - === END REQUEST ===
2026-04-07 03:26:25 - getOutlet.php - === REQUEST GETOUTLET ===
2026-04-07 03:26:25 - getOutlet.php - Method: POST
2026-04-07 03:26:25 - getOutlet.php - POST data: {"tgl":"2026-04-07","encrypt":"5b8ae1bc6b9f1f1fb1fdfe9cb8337a80","id_apl":"APL01","key":"RS EMC ALAM SUTERA"}
2026-04-07 10:26:25 - getOutlet.php - Params - tgl: 2026-04-07, encrypt: 5b8ae1bc6b9f1f1fb1fdfe9cb8337a80, id_apl: APL01, key: RS EMC ALAM SUTERA
2026-04-07 10:26:25 - getOutlet.php - Aplikasi ditemukan: Ya
2026-04-07 10:26:25 - getOutlet.php - Key aplikasi: YbcJSFjkds...
2026-04-07 10:26:25 - getOutlet.php - Expected encrypt: 5b8ae1bc6b9f1f1fb1fdfe9cb8337a80
2026-04-07 10:26:25 - getOutlet.php - Received encrypt: 5b8ae1bc6b9f1f1fb1fdfe9cb8337a80
2026-04-07 10:26:25 - getOutlet.php - Authentication berhasil
2026-04-07 10:26:25 - getOutlet.php - Query: SELECT id_out, nama_out, '' AS alamat_out, ofcode_out
            FROM outlet 
            WHERE status_out IN ('Active', '1', 'active')
            AND (nama_out LIKE :key OR ofcode_out LIKE :key)
            ORDER BY nama_out ASC
            LIMIT 20
2026-04-07 10:26:25 - getOutlet.php - Query berhasil, mengembalikan 1 record
2026-04-07 10:26:25 - getOutlet.php - === END REQUEST ===
2026-04-07 03:28:45 - getOutlet.php - === REQUEST GETOUTLET ===
2026-04-07 03:28:45 - getOutlet.php - Method: POST
2026-04-07 03:28:45 - getOutlet.php - POST data: {"tgl":"2026-04-07","encrypt":"5b8ae1bc6b9f1f1fb1fdfe9cb8337a80","id_apl":"APL01","key":"Rs"}
2026-04-07 10:28:45 - getOutlet.php - Params - tgl: 2026-04-07, encrypt: 5b8ae1bc6b9f1f1fb1fdfe9cb8337a80, id_apl: APL01, key: Rs
2026-04-07 10:28:45 - getOutlet.php - Aplikasi ditemukan: Ya
2026-04-07 10:28:45 - getOutlet.php - Key aplikasi: YbcJSFjkds...
2026-04-07 10:28:45 - getOutlet.php - Expected encrypt: 5b8ae1bc6b9f1f1fb1fdfe9cb8337a80
2026-04-07 10:28:45 - getOutlet.php - Received encrypt: 5b8ae1bc6b9f1f1fb1fdfe9cb8337a80
2026-04-07 10:28:45 - getOutlet.php - Authentication berhasil
2026-04-07 10:28:45 - getOutlet.php - Query: SELECT id_out, nama_out, '' AS alamat_out, ofcode_out
            FROM outlet 
            WHERE status_out IN ('Active', '1', 'active')
            AND (nama_out LIKE :key OR ofcode_out LIKE :key)
            ORDER BY nama_out ASC
            LIMIT 20
2026-04-07 10:28:45 - getOutlet.php - Query berhasil, mengembalikan 20 record
2026-04-07 10:28:45 - getOutlet.php - === END REQUEST ===
2026-04-07 03:28:45 - getOutlet.php - === REQUEST GETOUTLET ===
2026-04-07 03:28:45 - getOutlet.php - Method: POST
2026-04-07 03:28:45 - getOutlet.php - POST data: {"tgl":"2026-04-07","encrypt":"5b8ae1bc6b9f1f1fb1fdfe9cb8337a80","id_apl":"APL01","key":"Rsp"}
2026-04-07 10:28:45 - getOutlet.php - Params - tgl: 2026-04-07, encrypt: 5b8ae1bc6b9f1f1fb1fdfe9cb8337a80, id_apl: APL01, key: Rsp
2026-04-07 10:28:45 - getOutlet.php - Aplikasi ditemukan: Ya
2026-04-07 10:28:45 - getOutlet.php - Key aplikasi: YbcJSFjkds...
2026-04-07 10:28:45 - getOutlet.php - Expected encrypt: 5b8ae1bc6b9f1f1fb1fdfe9cb8337a80
2026-04-07 10:28:45 - getOutlet.php - Received encrypt: 5b8ae1bc6b9f1f1fb1fdfe9cb8337a80
2026-04-07 10:28:45 - getOutlet.php - Authentication berhasil
2026-04-07 10:28:45 - getOutlet.php - Query: SELECT id_out, nama_out, '' AS alamat_out, ofcode_out
            FROM outlet 
            WHERE status_out IN ('Active', '1', 'active')
            AND (nama_out LIKE :key OR ofcode_out LIKE :key)
            ORDER BY nama_out ASC
            LIMIT 20
2026-04-07 10:28:45 - getOutlet.php - Query berhasil, mengembalikan 3 record
2026-04-07 10:28:45 - getOutlet.php - === END REQUEST ===
2026-04-07 03:28:46 - getOutlet.php - === REQUEST GETOUTLET ===
2026-04-07 03:28:46 - getOutlet.php - Method: POST
2026-04-07 03:28:46 - getOutlet.php - POST data: {"tgl":"2026-04-07","encrypt":"5b8ae1bc6b9f1f1fb1fdfe9cb8337a80","id_apl":"APL01","key":"Rspi"}
2026-04-07 10:28:46 - getOutlet.php - Params - tgl: 2026-04-07, encrypt: 5b8ae1bc6b9f1f1fb1fdfe9cb8337a80, id_apl: APL01, key: Rspi
2026-04-07 10:28:46 - getOutlet.php - Aplikasi ditemukan: Ya
2026-04-07 10:28:46 - getOutlet.php - Key aplikasi: YbcJSFjkds...
2026-04-07 10:28:46 - getOutlet.php - Expected encrypt: 5b8ae1bc6b9f1f1fb1fdfe9cb8337a80
2026-04-07 10:28:46 - getOutlet.php - Received encrypt: 5b8ae1bc6b9f1f1fb1fdfe9cb8337a80
2026-04-07 10:28:46 - getOutlet.php - Authentication berhasil
2026-04-07 10:28:46 - getOutlet.php - Query: SELECT id_out, nama_out, '' AS alamat_out, ofcode_out
            FROM outlet 
            WHERE status_out IN ('Active', '1', 'active')
            AND (nama_out LIKE :key OR ofcode_out LIKE :key)
            ORDER BY nama_out ASC
            LIMIT 20
2026-04-07 10:28:46 - getOutlet.php - Query berhasil, mengembalikan 2 record
2026-04-07 10:28:46 - getOutlet.php - === END REQUEST ===
2026-04-07 03:28:48 - getOutlet.php - === REQUEST GETOUTLET ===
2026-04-07 03:28:48 - getOutlet.php - Method: POST
2026-04-07 03:28:48 - getOutlet.php - POST data: {"tgl":"2026-04-07","encrypt":"5b8ae1bc6b9f1f1fb1fdfe9cb8337a80","id_apl":"APL01","key":"RSPI Bintaro Jaya"}
2026-04-07 10:28:48 - getOutlet.php - Params - tgl: 2026-04-07, encrypt: 5b8ae1bc6b9f1f1fb1fdfe9cb8337a80, id_apl: APL01, key: RSPI Bintaro Jaya
2026-04-07 10:28:48 - getOutlet.php - Aplikasi ditemukan: Ya
2026-04-07 10:28:48 - getOutlet.php - Key aplikasi: YbcJSFjkds...
2026-04-07 10:28:48 - getOutlet.php - Expected encrypt: 5b8ae1bc6b9f1f1fb1fdfe9cb8337a80
2026-04-07 10:28:48 - getOutlet.php - Received encrypt: 5b8ae1bc6b9f1f1fb1fdfe9cb8337a80
2026-04-07 10:28:48 - getOutlet.php - Authentication berhasil
2026-04-07 10:28:48 - getOutlet.php - Query: SELECT id_out, nama_out, '' AS alamat_out, ofcode_out
            FROM outlet 
            WHERE status_out IN ('Active', '1', 'active')
            AND (nama_out LIKE :key OR ofcode_out LIKE :key)
            ORDER BY nama_out ASC
            LIMIT 20
2026-04-07 10:28:48 - getOutlet.php - Query berhasil, mengembalikan 1 record
2026-04-07 10:28:48 - getOutlet.php - === END REQUEST ===
2026-04-07 03:29:16 - getOutlet.php - === REQUEST GETOUTLET ===
2026-04-07 03:29:16 - getOutlet.php - Method: POST
2026-04-07 03:29:16 - getOutlet.php - POST data: {"tgl":"2026-04-07","encrypt":"5b8ae1bc6b9f1f1fb1fdfe9cb8337a80","id_apl":"APL01","key":"Ka"}
2026-04-07 10:29:16 - getOutlet.php - Params - tgl: 2026-04-07, encrypt: 5b8ae1bc6b9f1f1fb1fdfe9cb8337a80, id_apl: APL01, key: Ka
2026-04-07 10:29:16 - getOutlet.php - Aplikasi ditemukan: Ya
2026-04-07 10:29:16 - getOutlet.php - Key aplikasi: YbcJSFjkds...
2026-04-07 10:29:16 - getOutlet.php - Expected encrypt: 5b8ae1bc6b9f1f1fb1fdfe9cb8337a80
2026-04-07 10:29:16 - getOutlet.php - Received encrypt: 5b8ae1bc6b9f1f1fb1fdfe9cb8337a80
2026-04-07 10:29:16 - getOutlet.php - Authentication berhasil
2026-04-07 10:29:16 - getOutlet.php - Query: SELECT id_out, nama_out, '' AS alamat_out, ofcode_out
            FROM outlet 
            WHERE status_out IN ('Active', '1', 'active')
            AND (nama_out LIKE :key OR ofcode_out LIKE :key)
            ORDER BY nama_out ASC
            LIMIT 20
2026-04-07 10:29:16 - getOutlet.php - Query berhasil, mengembalikan 20 record
2026-04-07 10:29:16 - getOutlet.php - === END REQUEST ===
2026-04-07 03:29:16 - getOutlet.php - === REQUEST GETOUTLET ===
2026-04-07 03:29:16 - getOutlet.php - Method: POST
2026-04-07 03:29:16 - getOutlet.php - POST data: {"tgl":"2026-04-07","encrypt":"5b8ae1bc6b9f1f1fb1fdfe9cb8337a80","id_apl":"APL01","key":"Kaw"}
2026-04-07 10:29:16 - getOutlet.php - Params - tgl: 2026-04-07, encrypt: 5b8ae1bc6b9f1f1fb1fdfe9cb8337a80, id_apl: APL01, key: Kaw
2026-04-07 10:29:16 - getOutlet.php - Aplikasi ditemukan: Ya
2026-04-07 10:29:16 - getOutlet.php - Key aplikasi: YbcJSFjkds...
2026-04-07 10:29:16 - getOutlet.php - Expected encrypt: 5b8ae1bc6b9f1f1fb1fdfe9cb8337a80
2026-04-07 10:29:16 - getOutlet.php - Received encrypt: 5b8ae1bc6b9f1f1fb1fdfe9cb8337a80
2026-04-07 10:29:16 - getOutlet.php - Authentication berhasil
2026-04-07 10:29:16 - getOutlet.php - Query: SELECT id_out, nama_out, '' AS alamat_out, ofcode_out
            FROM outlet 
            WHERE status_out IN ('Active', '1', 'active')
            AND (nama_out LIKE :key OR ofcode_out LIKE :key)
            ORDER BY nama_out ASC
            LIMIT 20
2026-04-07 10:29:16 - getOutlet.php - Query berhasil, mengembalikan 9 record
2026-04-07 10:29:16 - getOutlet.php - === END REQUEST ===
2026-04-07 03:29:16 - getOutlet.php - === REQUEST GETOUTLET ===
2026-04-07 03:29:16 - getOutlet.php - Method: POST
2026-04-07 03:29:16 - getOutlet.php - POST data: {"tgl":"2026-04-07","encrypt":"5b8ae1bc6b9f1f1fb1fdfe9cb8337a80","id_apl":"APL01","key":"Kawi"}
2026-04-07 10:29:16 - getOutlet.php - Params - tgl: 2026-04-07, encrypt: 5b8ae1bc6b9f1f1fb1fdfe9cb8337a80, id_apl: APL01, key: Kawi
2026-04-07 10:29:16 - getOutlet.php - Aplikasi ditemukan: Ya
2026-04-07 10:29:16 - getOutlet.php - Key aplikasi: YbcJSFjkds...
2026-04-07 10:29:16 - getOutlet.php - Expected encrypt: 5b8ae1bc6b9f1f1fb1fdfe9cb8337a80
2026-04-07 10:29:16 - getOutlet.php - Received encrypt: 5b8ae1bc6b9f1f1fb1fdfe9cb8337a80
2026-04-07 10:29:16 - getOutlet.php - Authentication berhasil
2026-04-07 10:29:16 - getOutlet.php - Query: SELECT id_out, nama_out, '' AS alamat_out, ofcode_out
            FROM outlet 
            WHERE status_out IN ('Active', '1', 'active')
            AND (nama_out LIKE :key OR ofcode_out LIKE :key)
            ORDER BY nama_out ASC
            LIMIT 20
2026-04-07 10:29:16 - getOutlet.php - Query berhasil, mengembalikan 8 record
2026-04-07 10:29:16 - getOutlet.php - === END REQUEST ===
2026-04-07 03:29:17 - getOutlet.php - === REQUEST GETOUTLET ===
2026-04-07 03:29:17 - getOutlet.php - Method: POST
2026-04-07 03:29:17 - getOutlet.php - POST data: {"tgl":"2026-04-07","encrypt":"5b8ae1bc6b9f1f1fb1fdfe9cb8337a80","id_apl":"APL01","key":"Kawij"}
2026-04-07 10:29:17 - getOutlet.php - Params - tgl: 2026-04-07, encrypt: 5b8ae1bc6b9f1f1fb1fdfe9cb8337a80, id_apl: APL01, key: Kawij
2026-04-07 10:29:17 - getOutlet.php - Aplikasi ditemukan: Ya
2026-04-07 10:29:17 - getOutlet.php - Key aplikasi: YbcJSFjkds...
2026-04-07 10:29:17 - getOutlet.php - Expected encrypt: 5b8ae1bc6b9f1f1fb1fdfe9cb8337a80
2026-04-07 10:29:17 - getOutlet.php - Received encrypt: 5b8ae1bc6b9f1f1fb1fdfe9cb8337a80
2026-04-07 10:29:17 - getOutlet.php - Authentication berhasil
2026-04-07 10:29:17 - getOutlet.php - Query: SELECT id_out, nama_out, '' AS alamat_out, ofcode_out
            FROM outlet 
            WHERE status_out IN ('Active', '1', 'active')
            AND (nama_out LIKE :key OR ofcode_out LIKE :key)
            ORDER BY nama_out ASC
            LIMIT 20
2026-04-07 10:29:17 - getOutlet.php - Query berhasil, mengembalikan 6 record
2026-04-07 10:29:17 - getOutlet.php - === END REQUEST ===
2026-04-07 03:29:17 - getOutlet.php - === REQUEST GETOUTLET ===
2026-04-07 03:29:17 - getOutlet.php - Method: POST
2026-04-07 03:29:17 - getOutlet.php - POST data: {"tgl":"2026-04-07","encrypt":"5b8ae1bc6b9f1f1fb1fdfe9cb8337a80","id_apl":"APL01","key":"Kawija"}
2026-04-07 10:29:17 - getOutlet.php - Params - tgl: 2026-04-07, encrypt: 5b8ae1bc6b9f1f1fb1fdfe9cb8337a80, id_apl: APL01, key: Kawija
2026-04-07 10:29:17 - getOutlet.php - Aplikasi ditemukan: Ya
2026-04-07 10:29:17 - getOutlet.php - Key aplikasi: YbcJSFjkds...
2026-04-07 10:29:17 - getOutlet.php - Expected encrypt: 5b8ae1bc6b9f1f1fb1fdfe9cb8337a80
2026-04-07 10:29:17 - getOutlet.php - Received encrypt: 5b8ae1bc6b9f1f1fb1fdfe9cb8337a80
2026-04-07 10:29:17 - getOutlet.php - Authentication berhasil
2026-04-07 10:29:17 - getOutlet.php - Query: SELECT id_out, nama_out, '' AS alamat_out, ofcode_out
            FROM outlet 
            WHERE status_out IN ('Active', '1', 'active')
            AND (nama_out LIKE :key OR ofcode_out LIKE :key)
            ORDER BY nama_out ASC
            LIMIT 20
2026-04-07 10:29:17 - getOutlet.php - Query berhasil, mengembalikan 6 record
2026-04-07 10:29:17 - getOutlet.php - === END REQUEST ===
2026-04-07 03:29:17 - getOutlet.php - === REQUEST GETOUTLET ===
2026-04-07 03:29:17 - getOutlet.php - Method: POST
2026-04-07 03:29:17 - getOutlet.php - POST data: {"tgl":"2026-04-07","encrypt":"5b8ae1bc6b9f1f1fb1fdfe9cb8337a80","id_apl":"APL01","key":"Kawijay"}
2026-04-07 10:29:17 - getOutlet.php - Params - tgl: 2026-04-07, encrypt: 5b8ae1bc6b9f1f1fb1fdfe9cb8337a80, id_apl: APL01, key: Kawijay
2026-04-07 10:29:17 - getOutlet.php - Aplikasi ditemukan: Ya
2026-04-07 10:29:17 - getOutlet.php - Key aplikasi: YbcJSFjkds...
2026-04-07 10:29:17 - getOutlet.php - Expected encrypt: 5b8ae1bc6b9f1f1fb1fdfe9cb8337a80
2026-04-07 10:29:17 - getOutlet.php - Received encrypt: 5b8ae1bc6b9f1f1fb1fdfe9cb8337a80
2026-04-07 10:29:17 - getOutlet.php - Authentication berhasil
2026-04-07 10:29:17 - getOutlet.php - Query: SELECT id_out, nama_out, '' AS alamat_out, ofcode_out
            FROM outlet 
            WHERE status_out IN ('Active', '1', 'active')
            AND (nama_out LIKE :key OR ofcode_out LIKE :key)
            ORDER BY nama_out ASC
            LIMIT 20
2026-04-07 03:29:17 - getOutlet.php - === REQUEST GETOUTLET ===
2026-04-07 03:29:17 - getOutlet.php - Method: POST
2026-04-07 03:29:17 - getOutlet.php - POST data: {"tgl":"2026-04-07","encrypt":"5b8ae1bc6b9f1f1fb1fdfe9cb8337a80","id_apl":"APL01","key":"Kawijaya"}
2026-04-07 10:29:17 - getOutlet.php - Params - tgl: 2026-04-07, encrypt: 5b8ae1bc6b9f1f1fb1fdfe9cb8337a80, id_apl: APL01, key: Kawijaya
2026-04-07 10:29:17 - getOutlet.php - Query berhasil, mengembalikan 6 record
2026-04-07 10:29:17 - getOutlet.php - === END REQUEST ===
2026-04-07 10:29:17 - getOutlet.php - Aplikasi ditemukan: Ya
2026-04-07 10:29:17 - getOutlet.php - Key aplikasi: YbcJSFjkds...
2026-04-07 10:29:17 - getOutlet.php - Expected encrypt: 5b8ae1bc6b9f1f1fb1fdfe9cb8337a80
2026-04-07 10:29:17 - getOutlet.php - Received encrypt: 5b8ae1bc6b9f1f1fb1fdfe9cb8337a80
2026-04-07 10:29:17 - getOutlet.php - Authentication berhasil
2026-04-07 10:29:17 - getOutlet.php - Query: SELECT id_out, nama_out, '' AS alamat_out, ofcode_out
            FROM outlet 
            WHERE status_out IN ('Active', '1', 'active')
            AND (nama_out LIKE :key OR ofcode_out LIKE :key)
            ORDER BY nama_out ASC
            LIMIT 20
2026-04-07 10:29:17 - getOutlet.php - Query berhasil, mengembalikan 6 record
2026-04-07 10:29:17 - getOutlet.php - === END REQUEST ===
2026-04-07 03:29:18 - getOutlet.php - === REQUEST GETOUTLET ===
2026-04-07 03:29:18 - getOutlet.php - Method: POST
2026-04-07 03:29:18 - getOutlet.php - POST data: {"tgl":"2026-04-07","encrypt":"5b8ae1bc6b9f1f1fb1fdfe9cb8337a80","id_apl":"APL01","key":"Kawijaya"}
2026-04-07 10:29:18 - getOutlet.php - Params - tgl: 2026-04-07, encrypt: 5b8ae1bc6b9f1f1fb1fdfe9cb8337a80, id_apl: APL01, key: Kawijaya
2026-04-07 10:29:18 - getOutlet.php - Aplikasi ditemukan: Ya
2026-04-07 10:29:18 - getOutlet.php - Key aplikasi: YbcJSFjkds...
2026-04-07 10:29:18 - getOutlet.php - Expected encrypt: 5b8ae1bc6b9f1f1fb1fdfe9cb8337a80
2026-04-07 10:29:18 - getOutlet.php - Received encrypt: 5b8ae1bc6b9f1f1fb1fdfe9cb8337a80
2026-04-07 10:29:18 - getOutlet.php - Authentication berhasil
2026-04-07 10:29:18 - getOutlet.php - Query: SELECT id_out, nama_out, '' AS alamat_out, ofcode_out
            FROM outlet 
            WHERE status_out IN ('Active', '1', 'active')
            AND (nama_out LIKE :key OR ofcode_out LIKE :key)
            ORDER BY nama_out ASC
            LIMIT 20
2026-04-07 10:29:18 - getOutlet.php - Query berhasil, mengembalikan 6 record
2026-04-07 10:29:18 - getOutlet.php - === END REQUEST ===
2026-04-07 03:29:18 - getOutlet.php - === REQUEST GETOUTLET ===
2026-04-07 03:29:18 - getOutlet.php - Method: POST
2026-04-07 03:29:18 - getOutlet.php - POST data: {"tgl":"2026-04-07","encrypt":"5b8ae1bc6b9f1f1fb1fdfe9cb8337a80","id_apl":"APL01","key":"Kawijaya"}
2026-04-07 10:29:18 - getOutlet.php - Params - tgl: 2026-04-07, encrypt: 5b8ae1bc6b9f1f1fb1fdfe9cb8337a80, id_apl: APL01, key: Kawijaya
2026-04-07 10:29:18 - getOutlet.php - Aplikasi ditemukan: Ya
2026-04-07 10:29:18 - getOutlet.php - Key aplikasi: YbcJSFjkds...
2026-04-07 10:29:18 - getOutlet.php - Expected encrypt: 5b8ae1bc6b9f1f1fb1fdfe9cb8337a80
2026-04-07 10:29:18 - getOutlet.php - Received encrypt: 5b8ae1bc6b9f1f1fb1fdfe9cb8337a80
2026-04-07 10:29:18 - getOutlet.php - Authentication berhasil
2026-04-07 10:29:18 - getOutlet.php - Query: SELECT id_out, nama_out, '' AS alamat_out, ofcode_out
            FROM outlet 
            WHERE status_out IN ('Active', '1', 'active')
            AND (nama_out LIKE :key OR ofcode_out LIKE :key)
            ORDER BY nama_out ASC
            LIMIT 20
2026-04-07 10:29:18 - getOutlet.php - Query berhasil, mengembalikan 6 record
2026-04-07 10:29:18 - getOutlet.php - === END REQUEST ===
2026-04-07 03:29:18 - getOutlet.php - === REQUEST GETOUTLET ===
2026-04-07 03:29:18 - getOutlet.php - Method: POST
2026-04-07 03:29:18 - getOutlet.php - POST data: {"tgl":"2026-04-07","encrypt":"5b8ae1bc6b9f1f1fb1fdfe9cb8337a80","id_apl":"APL01","key":"Kawijaya b"}
2026-04-07 10:29:18 - getOutlet.php - Params - tgl: 2026-04-07, encrypt: 5b8ae1bc6b9f1f1fb1fdfe9cb8337a80, id_apl: APL01, key: Kawijaya b
2026-04-07 10:29:18 - getOutlet.php - Aplikasi ditemukan: Ya
2026-04-07 10:29:18 - getOutlet.php - Key aplikasi: YbcJSFjkds...
2026-04-07 10:29:18 - getOutlet.php - Expected encrypt: 5b8ae1bc6b9f1f1fb1fdfe9cb8337a80
2026-04-07 10:29:18 - getOutlet.php - Received encrypt: 5b8ae1bc6b9f1f1fb1fdfe9cb8337a80
2026-04-07 10:29:18 - getOutlet.php - Authentication berhasil
2026-04-07 10:29:18 - getOutlet.php - Query: SELECT id_out, nama_out, '' AS alamat_out, ofcode_out
            FROM outlet 
            WHERE status_out IN ('Active', '1', 'active')
            AND (nama_out LIKE :key OR ofcode_out LIKE :key)
            ORDER BY nama_out ASC
            LIMIT 20
2026-04-07 10:29:18 - getOutlet.php - Query berhasil, mengembalikan 1 record
2026-04-07 10:29:18 - getOutlet.php - === END REQUEST ===
2026-04-07 03:29:19 - getOutlet.php - === REQUEST GETOUTLET ===
2026-04-07 03:29:19 - getOutlet.php - Method: POST
2026-04-07 03:29:19 - getOutlet.php - POST data: {"tgl":"2026-04-07","encrypt":"5b8ae1bc6b9f1f1fb1fdfe9cb8337a80","id_apl":"APL01","key":"Apotek kawijaya Bintaro "}
2026-04-07 10:29:19 - getOutlet.php - Params - tgl: 2026-04-07, encrypt: 5b8ae1bc6b9f1f1fb1fdfe9cb8337a80, id_apl: APL01, key: Apotek kawijaya Bintaro
2026-04-07 10:29:19 - getOutlet.php - Aplikasi ditemukan: Ya
2026-04-07 10:29:19 - getOutlet.php - Key aplikasi: YbcJSFjkds...
2026-04-07 10:29:19 - getOutlet.php - Expected encrypt: 5b8ae1bc6b9f1f1fb1fdfe9cb8337a80
2026-04-07 10:29:19 - getOutlet.php - Received encrypt: 5b8ae1bc6b9f1f1fb1fdfe9cb8337a80
2026-04-07 10:29:19 - getOutlet.php - Authentication berhasil
2026-04-07 10:29:19 - getOutlet.php - Query: SELECT id_out, nama_out, '' AS alamat_out, ofcode_out
            FROM outlet 
            WHERE status_out IN ('Active', '1', 'active')
            AND (nama_out LIKE :key OR ofcode_out LIKE :key)
            ORDER BY nama_out ASC
            LIMIT 20
2026-04-07 10:29:19 - getOutlet.php - Query berhasil, mengembalikan 1 record
2026-04-07 10:29:19 - getOutlet.php - === END REQUEST ===
2026-04-07 03:29:36 - getOutlet.php - === REQUEST GETOUTLET ===
2026-04-07 03:29:36 - getOutlet.php - Method: POST
2026-04-07 03:29:36 - getOutlet.php - POST data: {"tgl":"2026-04-07","encrypt":"5b8ae1bc6b9f1f1fb1fdfe9cb8337a80","id_apl":"APL01","key":"Ek"}
2026-04-07 10:29:36 - getOutlet.php - Params - tgl: 2026-04-07, encrypt: 5b8ae1bc6b9f1f1fb1fdfe9cb8337a80, id_apl: APL01, key: Ek
2026-04-07 10:29:36 - getOutlet.php - Aplikasi ditemukan: Ya
2026-04-07 10:29:36 - getOutlet.php - Key aplikasi: YbcJSFjkds...
2026-04-07 10:29:36 - getOutlet.php - Expected encrypt: 5b8ae1bc6b9f1f1fb1fdfe9cb8337a80
2026-04-07 10:29:36 - getOutlet.php - Received encrypt: 5b8ae1bc6b9f1f1fb1fdfe9cb8337a80
2026-04-07 10:29:36 - getOutlet.php - Authentication berhasil
2026-04-07 10:29:36 - getOutlet.php - Query: SELECT id_out, nama_out, '' AS alamat_out, ofcode_out
            FROM outlet 
            WHERE status_out IN ('Active', '1', 'active')
            AND (nama_out LIKE :key OR ofcode_out LIKE :key)
            ORDER BY nama_out ASC
            LIMIT 20
2026-04-07 10:29:36 - getOutlet.php - Query berhasil, mengembalikan 20 record
2026-04-07 10:29:36 - getOutlet.php - === END REQUEST ===
2026-04-07 03:29:36 - getOutlet.php - === REQUEST GETOUTLET ===
2026-04-07 03:29:36 - getOutlet.php - Method: POST
2026-04-07 03:29:36 - getOutlet.php - POST data: {"tgl":"2026-04-07","encrypt":"5b8ae1bc6b9f1f1fb1fdfe9cb8337a80","id_apl":"APL01","key":"Eka"}
2026-04-07 10:29:36 - getOutlet.php - Params - tgl: 2026-04-07, encrypt: 5b8ae1bc6b9f1f1fb1fdfe9cb8337a80, id_apl: APL01, key: Eka
2026-04-07 10:29:36 - getOutlet.php - Aplikasi ditemukan: Ya
2026-04-07 10:29:36 - getOutlet.php - Key aplikasi: YbcJSFjkds...
2026-04-07 10:29:36 - getOutlet.php - Expected encrypt: 5b8ae1bc6b9f1f1fb1fdfe9cb8337a80
2026-04-07 10:29:36 - getOutlet.php - Received encrypt: 5b8ae1bc6b9f1f1fb1fdfe9cb8337a80
2026-04-07 10:29:36 - getOutlet.php - Authentication berhasil
2026-04-07 10:29:36 - getOutlet.php - Query: SELECT id_out, nama_out, '' AS alamat_out, ofcode_out
            FROM outlet 
            WHERE status_out IN ('Active', '1', 'active')
            AND (nama_out LIKE :key OR ofcode_out LIKE :key)
            ORDER BY nama_out ASC
            LIMIT 20
2026-04-07 10:29:36 - getOutlet.php - Query berhasil, mengembalikan 20 record
2026-04-07 10:29:36 - getOutlet.php - === END REQUEST ===
2026-04-07 03:29:36 - getOutlet.php - === REQUEST GETOUTLET ===
2026-04-07 03:29:36 - getOutlet.php - Method: POST
2026-04-07 03:29:36 - getOutlet.php - POST data: {"tgl":"2026-04-07","encrypt":"5b8ae1bc6b9f1f1fb1fdfe9cb8337a80","id_apl":"APL01","key":"Eka"}
2026-04-07 10:29:36 - getOutlet.php - Params - tgl: 2026-04-07, encrypt: 5b8ae1bc6b9f1f1fb1fdfe9cb8337a80, id_apl: APL01, key: Eka
2026-04-07 10:29:36 - getOutlet.php - Aplikasi ditemukan: Ya
2026-04-07 10:29:36 - getOutlet.php - Key aplikasi: YbcJSFjkds...
2026-04-07 10:29:36 - getOutlet.php - Expected encrypt: 5b8ae1bc6b9f1f1fb1fdfe9cb8337a80
2026-04-07 10:29:36 - getOutlet.php - Received encrypt: 5b8ae1bc6b9f1f1fb1fdfe9cb8337a80
2026-04-07 10:29:36 - getOutlet.php - Authentication berhasil
2026-04-07 10:29:36 - getOutlet.php - Query: SELECT id_out, nama_out, '' AS alamat_out, ofcode_out
            FROM outlet 
            WHERE status_out IN ('Active', '1', 'active')
            AND (nama_out LIKE :key OR ofcode_out LIKE :key)
            ORDER BY nama_out ASC
            LIMIT 20
2026-04-07 10:29:36 - getOutlet.php - Query berhasil, mengembalikan 20 record
2026-04-07 10:29:36 - getOutlet.php - === END REQUEST ===
2026-04-07 03:29:36 - getOutlet.php - === REQUEST GETOUTLET ===
2026-04-07 03:29:36 - getOutlet.php - Method: POST
2026-04-07 03:29:36 - getOutlet.php - POST data: {"tgl":"2026-04-07","encrypt":"5b8ae1bc6b9f1f1fb1fdfe9cb8337a80","id_apl":"APL01","key":"Eka"}
2026-04-07 10:29:36 - getOutlet.php - Params - tgl: 2026-04-07, encrypt: 5b8ae1bc6b9f1f1fb1fdfe9cb8337a80, id_apl: APL01, key: Eka
2026-04-07 10:29:36 - getOutlet.php - Aplikasi ditemukan: Ya
2026-04-07 10:29:36 - getOutlet.php - Key aplikasi: YbcJSFjkds...
2026-04-07 10:29:36 - getOutlet.php - Expected encrypt: 5b8ae1bc6b9f1f1fb1fdfe9cb8337a80
2026-04-07 10:29:36 - getOutlet.php - Received encrypt: 5b8ae1bc6b9f1f1fb1fdfe9cb8337a80
2026-04-07 10:29:36 - getOutlet.php - Authentication berhasil
2026-04-07 10:29:36 - getOutlet.php - Query: SELECT id_out, nama_out, '' AS alamat_out, ofcode_out
            FROM outlet 
            WHERE status_out IN ('Active', '1', 'active')
            AND (nama_out LIKE :key OR ofcode_out LIKE :key)
            ORDER BY nama_out ASC
            LIMIT 20
2026-04-07 10:29:36 - getOutlet.php - Query berhasil, mengembalikan 20 record
2026-04-07 10:29:36 - getOutlet.php - === END REQUEST ===
2026-04-07 03:29:37 - getOutlet.php - === REQUEST GETOUTLET ===
2026-04-07 03:29:37 - getOutlet.php - Method: POST
2026-04-07 03:29:37 - getOutlet.php - POST data: {"tgl":"2026-04-07","encrypt":"5b8ae1bc6b9f1f1fb1fdfe9cb8337a80","id_apl":"APL01","key":"Eka b"}
2026-04-07 10:29:37 - getOutlet.php - Params - tgl: 2026-04-07, encrypt: 5b8ae1bc6b9f1f1fb1fdfe9cb8337a80, id_apl: APL01, key: Eka b
2026-04-07 10:29:37 - getOutlet.php - Aplikasi ditemukan: Ya
2026-04-07 10:29:37 - getOutlet.php - Key aplikasi: YbcJSFjkds...
2026-04-07 10:29:37 - getOutlet.php - Expected encrypt: 5b8ae1bc6b9f1f1fb1fdfe9cb8337a80
2026-04-07 10:29:37 - getOutlet.php - Received encrypt: 5b8ae1bc6b9f1f1fb1fdfe9cb8337a80
2026-04-07 10:29:37 - getOutlet.php - Authentication berhasil
2026-04-07 10:29:37 - getOutlet.php - Query: SELECT id_out, nama_out, '' AS alamat_out, ofcode_out
            FROM outlet 
            WHERE status_out IN ('Active', '1', 'active')
            AND (nama_out LIKE :key OR ofcode_out LIKE :key)
            ORDER BY nama_out ASC
            LIMIT 20
2026-04-07 10:29:37 - getOutlet.php - Query berhasil, mengembalikan 0 record
2026-04-07 10:29:37 - getOutlet.php - === END REQUEST ===
2026-04-07 03:29:37 - getOutlet.php - === REQUEST GETOUTLET ===
2026-04-07 03:29:37 - getOutlet.php - Method: POST
2026-04-07 03:29:37 - getOutlet.php - POST data: {"tgl":"2026-04-07","encrypt":"5b8ae1bc6b9f1f1fb1fdfe9cb8337a80","id_apl":"APL01","key":"Eka bs"}
2026-04-07 10:29:37 - getOutlet.php - Params - tgl: 2026-04-07, encrypt: 5b8ae1bc6b9f1f1fb1fdfe9cb8337a80, id_apl: APL01, key: Eka bs
2026-04-07 10:29:37 - getOutlet.php - Aplikasi ditemukan: Ya
2026-04-07 10:29:37 - getOutlet.php - Key aplikasi: YbcJSFjkds...
2026-04-07 10:29:37 - getOutlet.php - Expected encrypt: 5b8ae1bc6b9f1f1fb1fdfe9cb8337a80
2026-04-07 10:29:37 - getOutlet.php - Received encrypt: 5b8ae1bc6b9f1f1fb1fdfe9cb8337a80
2026-04-07 10:29:37 - getOutlet.php - Authentication berhasil
2026-04-07 10:29:37 - getOutlet.php - Query: SELECT id_out, nama_out, '' AS alamat_out, ofcode_out
            FROM outlet 
            WHERE status_out IN ('Active', '1', 'active')
            AND (nama_out LIKE :key OR ofcode_out LIKE :key)
            ORDER BY nama_out ASC
            LIMIT 20
2026-04-07 10:29:37 - getOutlet.php - Query berhasil, mengembalikan 0 record
2026-04-07 10:29:37 - getOutlet.php - === END REQUEST ===
2026-04-07 03:29:38 - getOutlet.php - === REQUEST GETOUTLET ===
2026-04-07 03:29:38 - getOutlet.php - Method: POST
2026-04-07 03:29:38 - getOutlet.php - POST data: {"tgl":"2026-04-07","encrypt":"5b8ae1bc6b9f1f1fb1fdfe9cb8337a80","id_apl":"APL01","key":"Eka bsd"}
2026-04-07 10:29:38 - getOutlet.php - Params - tgl: 2026-04-07, encrypt: 5b8ae1bc6b9f1f1fb1fdfe9cb8337a80, id_apl: APL01, key: Eka bsd
2026-04-07 10:29:38 - getOutlet.php - Aplikasi ditemukan: Ya
2026-04-07 10:29:38 - getOutlet.php - Key aplikasi: YbcJSFjkds...
2026-04-07 10:29:38 - getOutlet.php - Expected encrypt: 5b8ae1bc6b9f1f1fb1fdfe9cb8337a80
2026-04-07 10:29:38 - getOutlet.php - Received encrypt: 5b8ae1bc6b9f1f1fb1fdfe9cb8337a80
2026-04-07 10:29:38 - getOutlet.php - Authentication berhasil
2026-04-07 10:29:38 - getOutlet.php - Query: SELECT id_out, nama_out, '' AS alamat_out, ofcode_out
            FROM outlet 
            WHERE status_out IN ('Active', '1', 'active')
            AND (nama_out LIKE :key OR ofcode_out LIKE :key)
            ORDER BY nama_out ASC
            LIMIT 20
2026-04-07 10:29:38 - getOutlet.php - Query berhasil, mengembalikan 0 record
2026-04-07 10:29:38 - getOutlet.php - === END REQUEST ===
2026-04-07 03:29:40 - getOutlet.php - === REQUEST GETOUTLET ===
2026-04-07 03:29:40 - getOutlet.php - Method: POST
2026-04-07 03:29:40 - getOutlet.php - POST data: {"tgl":"2026-04-07","encrypt":"5b8ae1bc6b9f1f1fb1fdfe9cb8337a80","id_apl":"APL01","key":"Eka bs"}
2026-04-07 10:29:40 - getOutlet.php - Params - tgl: 2026-04-07, encrypt: 5b8ae1bc6b9f1f1fb1fdfe9cb8337a80, id_apl: APL01, key: Eka bs
2026-04-07 10:29:40 - getOutlet.php - Aplikasi ditemukan: Ya
2026-04-07 10:29:40 - getOutlet.php - Key aplikasi: YbcJSFjkds...
2026-04-07 10:29:40 - getOutlet.php - Expected encrypt: 5b8ae1bc6b9f1f1fb1fdfe9cb8337a80
2026-04-07 10:29:40 - getOutlet.php - Received encrypt: 5b8ae1bc6b9f1f1fb1fdfe9cb8337a80
2026-04-07 10:29:40 - getOutlet.php - Authentication berhasil
2026-04-07 10:29:40 - getOutlet.php - Query: SELECT id_out, nama_out, '' AS alamat_out, ofcode_out
            FROM outlet 
            WHERE status_out IN ('Active', '1', 'active')
            AND (nama_out LIKE :key OR ofcode_out LIKE :key)
            ORDER BY nama_out ASC
            LIMIT 20
2026-04-07 10:29:40 - getOutlet.php - Query berhasil, mengembalikan 0 record
2026-04-07 10:29:40 - getOutlet.php - === END REQUEST ===
2026-04-07 03:29:40 - getOutlet.php - === REQUEST GETOUTLET ===
2026-04-07 03:29:40 - getOutlet.php - Method: POST
2026-04-07 03:29:40 - getOutlet.php - POST data: {"tgl":"2026-04-07","encrypt":"5b8ae1bc6b9f1f1fb1fdfe9cb8337a80","id_apl":"APL01","key":"Eka b"}
2026-04-07 10:29:40 - getOutlet.php - Params - tgl: 2026-04-07, encrypt: 5b8ae1bc6b9f1f1fb1fdfe9cb8337a80, id_apl: APL01, key: Eka b
2026-04-07 10:29:40 - getOutlet.php - Aplikasi ditemukan: Ya
2026-04-07 10:29:40 - getOutlet.php - Key aplikasi: YbcJSFjkds...
2026-04-07 10:29:40 - getOutlet.php - Expected encrypt: 5b8ae1bc6b9f1f1fb1fdfe9cb8337a80
2026-04-07 10:29:40 - getOutlet.php - Received encrypt: 5b8ae1bc6b9f1f1fb1fdfe9cb8337a80
2026-04-07 10:29:40 - getOutlet.php - Authentication berhasil
2026-04-07 10:29:40 - getOutlet.php - Query: SELECT id_out, nama_out, '' AS alamat_out, ofcode_out
            FROM outlet 
            WHERE status_out IN ('Active', '1', 'active')
            AND (nama_out LIKE :key OR ofcode_out LIKE :key)
            ORDER BY nama_out ASC
            LIMIT 20
2026-04-07 10:29:40 - getOutlet.php - Query berhasil, mengembalikan 0 record
2026-04-07 10:29:40 - getOutlet.php - === END REQUEST ===
2026-04-07 03:29:41 - getOutlet.php - === REQUEST GETOUTLET ===
2026-04-07 03:29:41 - getOutlet.php - Method: POST
2026-04-07 03:29:41 - getOutlet.php - POST data: {"tgl":"2026-04-07","encrypt":"5b8ae1bc6b9f1f1fb1fdfe9cb8337a80","id_apl":"APL01","key":"Eka"}
2026-04-07 10:29:41 - getOutlet.php - Params - tgl: 2026-04-07, encrypt: 5b8ae1bc6b9f1f1fb1fdfe9cb8337a80, id_apl: APL01, key: Eka
2026-04-07 10:29:41 - getOutlet.php - Aplikasi ditemukan: Ya
2026-04-07 10:29:41 - getOutlet.php - Key aplikasi: YbcJSFjkds...
2026-04-07 10:29:41 - getOutlet.php - Expected encrypt: 5b8ae1bc6b9f1f1fb1fdfe9cb8337a80
2026-04-07 10:29:41 - getOutlet.php - Received encrypt: 5b8ae1bc6b9f1f1fb1fdfe9cb8337a80
2026-04-07 10:29:41 - getOutlet.php - Authentication berhasil
2026-04-07 10:29:41 - getOutlet.php - Query: SELECT id_out, nama_out, '' AS alamat_out, ofcode_out
            FROM outlet 
            WHERE status_out IN ('Active', '1', 'active')
            AND (nama_out LIKE :key OR ofcode_out LIKE :key)
            ORDER BY nama_out ASC
            LIMIT 20
2026-04-07 10:29:41 - getOutlet.php - Query berhasil, mengembalikan 20 record
2026-04-07 10:29:41 - getOutlet.php - === END REQUEST ===
2026-04-07 03:29:43 - getOutlet.php - === REQUEST GETOUTLET ===
2026-04-07 03:29:43 - getOutlet.php - Method: POST
2026-04-07 03:29:43 - getOutlet.php - POST data: {"tgl":"2026-04-07","encrypt":"5b8ae1bc6b9f1f1fb1fdfe9cb8337a80","id_apl":"APL01","key":"Eka"}
2026-04-07 10:29:43 - getOutlet.php - Params - tgl: 2026-04-07, encrypt: 5b8ae1bc6b9f1f1fb1fdfe9cb8337a80, id_apl: APL01, key: Eka
2026-04-07 10:29:43 - getOutlet.php - Aplikasi ditemukan: Ya
2026-04-07 10:29:43 - getOutlet.php - Key aplikasi: YbcJSFjkds...
2026-04-07 10:29:43 - getOutlet.php - Expected encrypt: 5b8ae1bc6b9f1f1fb1fdfe9cb8337a80
2026-04-07 10:29:43 - getOutlet.php - Received encrypt: 5b8ae1bc6b9f1f1fb1fdfe9cb8337a80
2026-04-07 10:29:43 - getOutlet.php - Authentication berhasil
2026-04-07 10:29:43 - getOutlet.php - Query: SELECT id_out, nama_out, '' AS alamat_out, ofcode_out
            FROM outlet 
            WHERE status_out IN ('Active', '1', 'active')
            AND (nama_out LIKE :key OR ofcode_out LIKE :key)
            ORDER BY nama_out ASC
            LIMIT 20
2026-04-07 10:29:43 - getOutlet.php - Query berhasil, mengembalikan 20 record
2026-04-07 10:29:43 - getOutlet.php - === END REQUEST ===
2026-04-07 03:29:43 - getOutlet.php - === REQUEST GETOUTLET ===
2026-04-07 03:29:43 - getOutlet.php - Method: POST
2026-04-07 03:29:43 - getOutlet.php - POST data: {"tgl":"2026-04-07","encrypt":"5b8ae1bc6b9f1f1fb1fdfe9cb8337a80","id_apl":"APL01","key":"Ek"}
2026-04-07 10:29:43 - getOutlet.php - Params - tgl: 2026-04-07, encrypt: 5b8ae1bc6b9f1f1fb1fdfe9cb8337a80, id_apl: APL01, key: Ek
2026-04-07 10:29:43 - getOutlet.php - Aplikasi ditemukan: Ya
2026-04-07 10:29:43 - getOutlet.php - Key aplikasi: YbcJSFjkds...
2026-04-07 10:29:43 - getOutlet.php - Expected encrypt: 5b8ae1bc6b9f1f1fb1fdfe9cb8337a80
2026-04-07 10:29:43 - getOutlet.php - Received encrypt: 5b8ae1bc6b9f1f1fb1fdfe9cb8337a80
2026-04-07 10:29:43 - getOutlet.php - Authentication berhasil
2026-04-07 10:29:43 - getOutlet.php - Query: SELECT id_out, nama_out, '' AS alamat_out, ofcode_out
            FROM outlet 
            WHERE status_out IN ('Active', '1', 'active')
            AND (nama_out LIKE :key OR ofcode_out LIKE :key)
            ORDER BY nama_out ASC
            LIMIT 20
2026-04-07 10:29:43 - getOutlet.php - Query berhasil, mengembalikan 20 record
2026-04-07 10:29:43 - getOutlet.php - === END REQUEST ===
2026-04-07 03:29:45 - getOutlet.php - === REQUEST GETOUTLET ===
2026-04-07 03:29:45 - getOutlet.php - Method: POST
2026-04-07 03:29:45 - getOutlet.php - POST data: {"tgl":"2026-04-07","encrypt":"5b8ae1bc6b9f1f1fb1fdfe9cb8337a80","id_apl":"APL01","key":"Rs"}
2026-04-07 10:29:45 - getOutlet.php - Params - tgl: 2026-04-07, encrypt: 5b8ae1bc6b9f1f1fb1fdfe9cb8337a80, id_apl: APL01, key: Rs
2026-04-07 10:29:45 - getOutlet.php - Aplikasi ditemukan: Ya
2026-04-07 10:29:45 - getOutlet.php - Key aplikasi: YbcJSFjkds...
2026-04-07 10:29:45 - getOutlet.php - Expected encrypt: 5b8ae1bc6b9f1f1fb1fdfe9cb8337a80
2026-04-07 10:29:45 - getOutlet.php - Received encrypt: 5b8ae1bc6b9f1f1fb1fdfe9cb8337a80
2026-04-07 10:29:45 - getOutlet.php - Authentication berhasil
2026-04-07 10:29:45 - getOutlet.php - Query: SELECT id_out, nama_out, '' AS alamat_out, ofcode_out
            FROM outlet 
            WHERE status_out IN ('Active', '1', 'active')
            AND (nama_out LIKE :key OR ofcode_out LIKE :key)
            ORDER BY nama_out ASC
            LIMIT 20
2026-04-07 10:29:45 - getOutlet.php - Query berhasil, mengembalikan 20 record
2026-04-07 10:29:45 - getOutlet.php - === END REQUEST ===
2026-04-07 03:29:45 - getOutlet.php - === REQUEST GETOUTLET ===
2026-04-07 03:29:45 - getOutlet.php - Method: POST
2026-04-07 03:29:45 - getOutlet.php - POST data: {"tgl":"2026-04-07","encrypt":"5b8ae1bc6b9f1f1fb1fdfe9cb8337a80","id_apl":"APL01","key":"Rs"}
2026-04-07 10:29:45 - getOutlet.php - Params - tgl: 2026-04-07, encrypt: 5b8ae1bc6b9f1f1fb1fdfe9cb8337a80, id_apl: APL01, key: Rs
2026-04-07 10:29:45 - getOutlet.php - Aplikasi ditemukan: Ya
2026-04-07 10:29:45 - getOutlet.php - Key aplikasi: YbcJSFjkds...
2026-04-07 10:29:45 - getOutlet.php - Expected encrypt: 5b8ae1bc6b9f1f1fb1fdfe9cb8337a80
2026-04-07 10:29:45 - getOutlet.php - Received encrypt: 5b8ae1bc6b9f1f1fb1fdfe9cb8337a80
2026-04-07 10:29:45 - getOutlet.php - Authentication berhasil
2026-04-07 10:29:45 - getOutlet.php - Query: SELECT id_out, nama_out, '' AS alamat_out, ofcode_out
            FROM outlet 
            WHERE status_out IN ('Active', '1', 'active')
            AND (nama_out LIKE :key OR ofcode_out LIKE :key)
            ORDER BY nama_out ASC
            LIMIT 20
2026-04-07 10:29:45 - getOutlet.php - Query berhasil, mengembalikan 20 record
2026-04-07 10:29:45 - getOutlet.php - === END REQUEST ===
2026-04-07 03:29:45 - getOutlet.php - === REQUEST GETOUTLET ===
2026-04-07 03:29:45 - getOutlet.php - Method: POST
2026-04-07 03:29:45 - getOutlet.php - POST data: {"tgl":"2026-04-07","encrypt":"5b8ae1bc6b9f1f1fb1fdfe9cb8337a80","id_apl":"APL01","key":"Rs"}
2026-04-07 10:29:45 - getOutlet.php - Params - tgl: 2026-04-07, encrypt: 5b8ae1bc6b9f1f1fb1fdfe9cb8337a80, id_apl: APL01, key: Rs
2026-04-07 10:29:45 - getOutlet.php - Aplikasi ditemukan: Ya
2026-04-07 10:29:45 - getOutlet.php - Key aplikasi: YbcJSFjkds...
2026-04-07 10:29:45 - getOutlet.php - Expected encrypt: 5b8ae1bc6b9f1f1fb1fdfe9cb8337a80
2026-04-07 10:29:45 - getOutlet.php - Received encrypt: 5b8ae1bc6b9f1f1fb1fdfe9cb8337a80
2026-04-07 10:29:45 - getOutlet.php - Authentication berhasil
2026-04-07 10:29:45 - getOutlet.php - Query: SELECT id_out, nama_out, '' AS alamat_out, ofcode_out
            FROM outlet 
            WHERE status_out IN ('Active', '1', 'active')
            AND (nama_out LIKE :key OR ofcode_out LIKE :key)
            ORDER BY nama_out ASC
            LIMIT 20
2026-04-07 10:29:45 - getOutlet.php - Query berhasil, mengembalikan 20 record
2026-04-07 10:29:45 - getOutlet.php - === END REQUEST ===
2026-04-07 03:29:46 - getOutlet.php - === REQUEST GETOUTLET ===
2026-04-07 03:29:46 - getOutlet.php - Method: POST
2026-04-07 03:29:46 - getOutlet.php - POST data: {"tgl":"2026-04-07","encrypt":"5b8ae1bc6b9f1f1fb1fdfe9cb8337a80","id_apl":"APL01","key":"Rs e"}
2026-04-07 10:29:46 - getOutlet.php - Params - tgl: 2026-04-07, encrypt: 5b8ae1bc6b9f1f1fb1fdfe9cb8337a80, id_apl: APL01, key: Rs e
2026-04-07 10:29:46 - getOutlet.php - Aplikasi ditemukan: Ya
2026-04-07 10:29:46 - getOutlet.php - Key aplikasi: YbcJSFjkds...
2026-04-07 10:29:46 - getOutlet.php - Expected encrypt: 5b8ae1bc6b9f1f1fb1fdfe9cb8337a80
2026-04-07 10:29:46 - getOutlet.php - Received encrypt: 5b8ae1bc6b9f1f1fb1fdfe9cb8337a80
2026-04-07 10:29:46 - getOutlet.php - Authentication berhasil
2026-04-07 10:29:46 - getOutlet.php - Query: SELECT id_out, nama_out, '' AS alamat_out, ofcode_out
            FROM outlet 
            WHERE status_out IN ('Active', '1', 'active')
            AND (nama_out LIKE :key OR ofcode_out LIKE :key)
            ORDER BY nama_out ASC
            LIMIT 20
2026-04-07 10:29:46 - getOutlet.php - Query berhasil, mengembalikan 11 record
2026-04-07 10:29:46 - getOutlet.php - === END REQUEST ===
2026-04-07 03:29:46 - getOutlet.php - === REQUEST GETOUTLET ===
2026-04-07 03:29:46 - getOutlet.php - Method: POST
2026-04-07 03:29:46 - getOutlet.php - POST data: {"tgl":"2026-04-07","encrypt":"5b8ae1bc6b9f1f1fb1fdfe9cb8337a80","id_apl":"APL01","key":"Rs ek"}
2026-04-07 10:29:46 - getOutlet.php - Params - tgl: 2026-04-07, encrypt: 5b8ae1bc6b9f1f1fb1fdfe9cb8337a80, id_apl: APL01, key: Rs ek
2026-04-07 10:29:46 - getOutlet.php - Aplikasi ditemukan: Ya
2026-04-07 10:29:46 - getOutlet.php - Key aplikasi: YbcJSFjkds...
2026-04-07 10:29:46 - getOutlet.php - Expected encrypt: 5b8ae1bc6b9f1f1fb1fdfe9cb8337a80
2026-04-07 10:29:46 - getOutlet.php - Received encrypt: 5b8ae1bc6b9f1f1fb1fdfe9cb8337a80
2026-04-07 10:29:46 - getOutlet.php - Authentication berhasil
2026-04-07 10:29:46 - getOutlet.php - Query: SELECT id_out, nama_out, '' AS alamat_out, ofcode_out
            FROM outlet 
            WHERE status_out IN ('Active', '1', 'active')
            AND (nama_out LIKE :key OR ofcode_out LIKE :key)
            ORDER BY nama_out ASC
            LIMIT 20
2026-04-07 10:29:46 - getOutlet.php - Query berhasil, mengembalikan 4 record
2026-04-07 10:29:46 - getOutlet.php - === END REQUEST ===
2026-04-07 03:29:46 - getOutlet.php - === REQUEST GETOUTLET ===
2026-04-07 03:29:46 - getOutlet.php - Method: POST
2026-04-07 03:29:46 - getOutlet.php - POST data: {"tgl":"2026-04-07","encrypt":"5b8ae1bc6b9f1f1fb1fdfe9cb8337a80","id_apl":"APL01","key":"Rs eka"}
2026-04-07 10:29:46 - getOutlet.php - Params - tgl: 2026-04-07, encrypt: 5b8ae1bc6b9f1f1fb1fdfe9cb8337a80, id_apl: APL01, key: Rs eka
2026-04-07 10:29:46 - getOutlet.php - Aplikasi ditemukan: Ya
2026-04-07 10:29:46 - getOutlet.php - Key aplikasi: YbcJSFjkds...
2026-04-07 10:29:46 - getOutlet.php - Expected encrypt: 5b8ae1bc6b9f1f1fb1fdfe9cb8337a80
2026-04-07 10:29:46 - getOutlet.php - Received encrypt: 5b8ae1bc6b9f1f1fb1fdfe9cb8337a80
2026-04-07 10:29:46 - getOutlet.php - Authentication berhasil
2026-04-07 10:29:46 - getOutlet.php - Query: SELECT id_out, nama_out, '' AS alamat_out, ofcode_out
            FROM outlet 
            WHERE status_out IN ('Active', '1', 'active')
            AND (nama_out LIKE :key OR ofcode_out LIKE :key)
            ORDER BY nama_out ASC
            LIMIT 20
2026-04-07 10:29:46 - getOutlet.php - Query berhasil, mengembalikan 4 record
2026-04-07 10:29:46 - getOutlet.php - === END REQUEST ===
2026-04-07 03:29:48 - getOutlet.php - === REQUEST GETOUTLET ===
2026-04-07 03:29:48 - getOutlet.php - Method: POST
2026-04-07 03:29:48 - getOutlet.php - POST data: {"tgl":"2026-04-07","encrypt":"5b8ae1bc6b9f1f1fb1fdfe9cb8337a80","id_apl":"APL01","key":"RS EKA HOSPITAL BSD"}
2026-04-07 10:29:48 - getOutlet.php - Params - tgl: 2026-04-07, encrypt: 5b8ae1bc6b9f1f1fb1fdfe9cb8337a80, id_apl: APL01, key: RS EKA HOSPITAL BSD
2026-04-07 10:29:48 - getOutlet.php - Aplikasi ditemukan: Ya
2026-04-07 10:29:48 - getOutlet.php - Key aplikasi: YbcJSFjkds...
2026-04-07 10:29:48 - getOutlet.php - Expected encrypt: 5b8ae1bc6b9f1f1fb1fdfe9cb8337a80
2026-04-07 10:29:48 - getOutlet.php - Received encrypt: 5b8ae1bc6b9f1f1fb1fdfe9cb8337a80
2026-04-07 10:29:48 - getOutlet.php - Authentication berhasil
2026-04-07 10:29:48 - getOutlet.php - Query: SELECT id_out, nama_out, '' AS alamat_out, ofcode_out
            FROM outlet 
            WHERE status_out IN ('Active', '1', 'active')
            AND (nama_out LIKE :key OR ofcode_out LIKE :key)
            ORDER BY nama_out ASC
            LIMIT 20
2026-04-07 10:29:48 - getOutlet.php - Query berhasil, mengembalikan 1 record
2026-04-07 10:29:48 - getOutlet.php - === END REQUEST ===
2026-04-07 03:30:12 - getOutlet.php - === REQUEST GETOUTLET ===
2026-04-07 03:30:12 - getOutlet.php - Method: POST
2026-04-07 03:30:12 - getOutlet.php - POST data: {"tgl":"2026-04-07","encrypt":"5b8ae1bc6b9f1f1fb1fdfe9cb8337a80","id_apl":"APL01","key":"Rs"}
2026-04-07 10:30:12 - getOutlet.php - Params - tgl: 2026-04-07, encrypt: 5b8ae1bc6b9f1f1fb1fdfe9cb8337a80, id_apl: APL01, key: Rs
2026-04-07 10:30:12 - getOutlet.php - Aplikasi ditemukan: Ya
2026-04-07 10:30:12 - getOutlet.php - Key aplikasi: YbcJSFjkds...
2026-04-07 10:30:12 - getOutlet.php - Expected encrypt: 5b8ae1bc6b9f1f1fb1fdfe9cb8337a80
2026-04-07 10:30:12 - getOutlet.php - Received encrypt: 5b8ae1bc6b9f1f1fb1fdfe9cb8337a80
2026-04-07 10:30:12 - getOutlet.php - Authentication berhasil
2026-04-07 10:30:12 - getOutlet.php - Query: SELECT id_out, nama_out, '' AS alamat_out, ofcode_out
            FROM outlet 
            WHERE status_out IN ('Active', '1', 'active')
            AND (nama_out LIKE :key OR ofcode_out LIKE :key)
            ORDER BY nama_out ASC
            LIMIT 20
2026-04-07 10:30:12 - getOutlet.php - Query berhasil, mengembalikan 20 record
2026-04-07 10:30:12 - getOutlet.php - === END REQUEST ===
2026-04-07 03:30:13 - getOutlet.php - === REQUEST GETOUTLET ===
2026-04-07 03:30:13 - getOutlet.php - Method: POST
2026-04-07 03:30:13 - getOutlet.php - POST data: {"tgl":"2026-04-07","encrypt":"5b8ae1bc6b9f1f1fb1fdfe9cb8337a80","id_apl":"APL01","key":"Rs"}
2026-04-07 10:30:13 - getOutlet.php - Params - tgl: 2026-04-07, encrypt: 5b8ae1bc6b9f1f1fb1fdfe9cb8337a80, id_apl: APL01, key: Rs
2026-04-07 10:30:13 - getOutlet.php - Aplikasi ditemukan: Ya
2026-04-07 10:30:13 - getOutlet.php - Key aplikasi: YbcJSFjkds...
2026-04-07 10:30:13 - getOutlet.php - Expected encrypt: 5b8ae1bc6b9f1f1fb1fdfe9cb8337a80
2026-04-07 10:30:13 - getOutlet.php - Received encrypt: 5b8ae1bc6b9f1f1fb1fdfe9cb8337a80
2026-04-07 10:30:13 - getOutlet.php - Authentication berhasil
2026-04-07 10:30:13 - getOutlet.php - Query: SELECT id_out, nama_out, '' AS alamat_out, ofcode_out
            FROM outlet 
            WHERE status_out IN ('Active', '1', 'active')
            AND (nama_out LIKE :key OR ofcode_out LIKE :key)
            ORDER BY nama_out ASC
            LIMIT 20
2026-04-07 10:30:13 - getOutlet.php - Query berhasil, mengembalikan 20 record
2026-04-07 10:30:13 - getOutlet.php - === END REQUEST ===
2026-04-07 03:30:13 - getOutlet.php - === REQUEST GETOUTLET ===
2026-04-07 03:30:13 - getOutlet.php - Method: POST
2026-04-07 03:30:13 - getOutlet.php - POST data: {"tgl":"2026-04-07","encrypt":"5b8ae1bc6b9f1f1fb1fdfe9cb8337a80","id_apl":"APL01","key":"Rs"}
2026-04-07 10:30:13 - getOutlet.php - Params - tgl: 2026-04-07, encrypt: 5b8ae1bc6b9f1f1fb1fdfe9cb8337a80, id_apl: APL01, key: Rs
2026-04-07 10:30:13 - getOutlet.php - Aplikasi ditemukan: Ya
2026-04-07 10:30:13 - getOutlet.php - Key aplikasi: YbcJSFjkds...
2026-04-07 10:30:13 - getOutlet.php - Expected encrypt: 5b8ae1bc6b9f1f1fb1fdfe9cb8337a80
2026-04-07 10:30:13 - getOutlet.php - Received encrypt: 5b8ae1bc6b9f1f1fb1fdfe9cb8337a80
2026-04-07 10:30:13 - getOutlet.php - Authentication berhasil
2026-04-07 10:30:13 - getOutlet.php - Query: SELECT id_out, nama_out, '' AS alamat_out, ofcode_out
            FROM outlet 
            WHERE status_out IN ('Active', '1', 'active')
            AND (nama_out LIKE :key OR ofcode_out LIKE :key)
            ORDER BY nama_out ASC
            LIMIT 20
2026-04-07 10:30:13 - getOutlet.php - Query berhasil, mengembalikan 20 record
2026-04-07 10:30:13 - getOutlet.php - === END REQUEST ===
2026-04-07 03:30:13 - getOutlet.php - === REQUEST GETOUTLET ===
2026-04-07 03:30:13 - getOutlet.php - Method: POST
2026-04-07 03:30:13 - getOutlet.php - POST data: {"tgl":"2026-04-07","encrypt":"5b8ae1bc6b9f1f1fb1fdfe9cb8337a80","id_apl":"APL01","key":"Rs e"}
2026-04-07 10:30:13 - getOutlet.php - Params - tgl: 2026-04-07, encrypt: 5b8ae1bc6b9f1f1fb1fdfe9cb8337a80, id_apl: APL01, key: Rs e
2026-04-07 10:30:13 - getOutlet.php - Aplikasi ditemukan: Ya
2026-04-07 10:30:13 - getOutlet.php - Key aplikasi: YbcJSFjkds...
2026-04-07 10:30:13 - getOutlet.php - Expected encrypt: 5b8ae1bc6b9f1f1fb1fdfe9cb8337a80
2026-04-07 10:30:13 - getOutlet.php - Received encrypt: 5b8ae1bc6b9f1f1fb1fdfe9cb8337a80
2026-04-07 10:30:13 - getOutlet.php - Authentication berhasil
2026-04-07 10:30:13 - getOutlet.php - Query: SELECT id_out, nama_out, '' AS alamat_out, ofcode_out
            FROM outlet 
            WHERE status_out IN ('Active', '1', 'active')
            AND (nama_out LIKE :key OR ofcode_out LIKE :key)
            ORDER BY nama_out ASC
            LIMIT 20
2026-04-07 10:30:13 - getOutlet.php - Query berhasil, mengembalikan 11 record
2026-04-07 10:30:13 - getOutlet.php - === END REQUEST ===
2026-04-07 03:30:13 - getOutlet.php - === REQUEST GETOUTLET ===
2026-04-07 03:30:13 - getOutlet.php - Method: POST
2026-04-07 03:30:13 - getOutlet.php - POST data: {"tgl":"2026-04-07","encrypt":"5b8ae1bc6b9f1f1fb1fdfe9cb8337a80","id_apl":"APL01","key":"Rs ek"}
2026-04-07 10:30:13 - getOutlet.php - Params - tgl: 2026-04-07, encrypt: 5b8ae1bc6b9f1f1fb1fdfe9cb8337a80, id_apl: APL01, key: Rs ek
2026-04-07 10:30:13 - getOutlet.php - Aplikasi ditemukan: Ya
2026-04-07 10:30:13 - getOutlet.php - Key aplikasi: YbcJSFjkds...
2026-04-07 10:30:13 - getOutlet.php - Expected encrypt: 5b8ae1bc6b9f1f1fb1fdfe9cb8337a80
2026-04-07 10:30:13 - getOutlet.php - Received encrypt: 5b8ae1bc6b9f1f1fb1fdfe9cb8337a80
2026-04-07 10:30:13 - getOutlet.php - Authentication berhasil
2026-04-07 10:30:13 - getOutlet.php - Query: SELECT id_out, nama_out, '' AS alamat_out, ofcode_out
            FROM outlet 
            WHERE status_out IN ('Active', '1', 'active')
            AND (nama_out LIKE :key OR ofcode_out LIKE :key)
            ORDER BY nama_out ASC
            LIMIT 20
2026-04-07 10:30:13 - getOutlet.php - Query berhasil, mengembalikan 4 record
2026-04-07 10:30:13 - getOutlet.php - === END REQUEST ===
2026-04-07 03:30:13 - getOutlet.php - === REQUEST GETOUTLET ===
2026-04-07 03:30:13 - getOutlet.php - Method: POST
2026-04-07 03:30:13 - getOutlet.php - POST data: {"tgl":"2026-04-07","encrypt":"5b8ae1bc6b9f1f1fb1fdfe9cb8337a80","id_apl":"APL01","key":"Rs eka"}
2026-04-07 10:30:13 - getOutlet.php - Params - tgl: 2026-04-07, encrypt: 5b8ae1bc6b9f1f1fb1fdfe9cb8337a80, id_apl: APL01, key: Rs eka
2026-04-07 10:30:13 - getOutlet.php - Aplikasi ditemukan: Ya
2026-04-07 10:30:13 - getOutlet.php - Key aplikasi: YbcJSFjkds...
2026-04-07 10:30:13 - getOutlet.php - Expected encrypt: 5b8ae1bc6b9f1f1fb1fdfe9cb8337a80
2026-04-07 10:30:13 - getOutlet.php - Received encrypt: 5b8ae1bc6b9f1f1fb1fdfe9cb8337a80
2026-04-07 10:30:13 - getOutlet.php - Authentication berhasil
2026-04-07 10:30:13 - getOutlet.php - Query: SELECT id_out, nama_out, '' AS alamat_out, ofcode_out
            FROM outlet 
            WHERE status_out IN ('Active', '1', 'active')
            AND (nama_out LIKE :key OR ofcode_out LIKE :key)
            ORDER BY nama_out ASC
            LIMIT 20
2026-04-07 10:30:13 - getOutlet.php - Query berhasil, mengembalikan 4 record
2026-04-07 10:30:13 - getOutlet.php - === END REQUEST ===
2026-04-07 03:30:13 - getOutlet.php - === REQUEST GETOUTLET ===
2026-04-07 03:30:13 - getOutlet.php - Method: POST
2026-04-07 03:30:13 - getOutlet.php - POST data: {"tgl":"2026-04-07","encrypt":"5b8ae1bc6b9f1f1fb1fdfe9cb8337a80","id_apl":"APL01","key":"Rs eka"}
2026-04-07 10:30:13 - getOutlet.php - Params - tgl: 2026-04-07, encrypt: 5b8ae1bc6b9f1f1fb1fdfe9cb8337a80, id_apl: APL01, key: Rs eka
2026-04-07 10:30:13 - getOutlet.php - Aplikasi ditemukan: Ya
2026-04-07 10:30:13 - getOutlet.php - Key aplikasi: YbcJSFjkds...
2026-04-07 10:30:13 - getOutlet.php - Expected encrypt: 5b8ae1bc6b9f1f1fb1fdfe9cb8337a80
2026-04-07 10:30:13 - getOutlet.php - Received encrypt: 5b8ae1bc6b9f1f1fb1fdfe9cb8337a80
2026-04-07 10:30:13 - getOutlet.php - Authentication berhasil
2026-04-07 10:30:13 - getOutlet.php - Query: SELECT id_out, nama_out, '' AS alamat_out, ofcode_out
            FROM outlet 
            WHERE status_out IN ('Active', '1', 'active')
            AND (nama_out LIKE :key OR ofcode_out LIKE :key)
            ORDER BY nama_out ASC
            LIMIT 20
2026-04-07 10:30:13 - getOutlet.php - Query berhasil, mengembalikan 4 record
2026-04-07 10:30:13 - getOutlet.php - === END REQUEST ===
2026-04-07 03:30:13 - getOutlet.php - === REQUEST GETOUTLET ===
2026-04-07 03:30:13 - getOutlet.php - Method: POST
2026-04-07 03:30:13 - getOutlet.php - POST data: {"tgl":"2026-04-07","encrypt":"5b8ae1bc6b9f1f1fb1fdfe9cb8337a80","id_apl":"APL01","key":"Rs eka"}
2026-04-07 10:30:13 - getOutlet.php - Params - tgl: 2026-04-07, encrypt: 5b8ae1bc6b9f1f1fb1fdfe9cb8337a80, id_apl: APL01, key: Rs eka
2026-04-07 10:30:13 - getOutlet.php - Aplikasi ditemukan: Ya
2026-04-07 10:30:13 - getOutlet.php - Key aplikasi: YbcJSFjkds...
2026-04-07 10:30:13 - getOutlet.php - Expected encrypt: 5b8ae1bc6b9f1f1fb1fdfe9cb8337a80
2026-04-07 10:30:13 - getOutlet.php - Received encrypt: 5b8ae1bc6b9f1f1fb1fdfe9cb8337a80
2026-04-07 10:30:13 - getOutlet.php - Authentication berhasil
2026-04-07 10:30:13 - getOutlet.php - Query: SELECT id_out, nama_out, '' AS alamat_out, ofcode_out
            FROM outlet 
            WHERE status_out IN ('Active', '1', 'active')
            AND (nama_out LIKE :key OR ofcode_out LIKE :key)
            ORDER BY nama_out ASC
            LIMIT 20
2026-04-07 10:30:13 - getOutlet.php - Query berhasil, mengembalikan 4 record
2026-04-07 10:30:13 - getOutlet.php - === END REQUEST ===
2026-04-07 03:30:19 - getOutlet.php - === REQUEST GETOUTLET ===
2026-04-07 03:30:19 - getOutlet.php - Method: POST
2026-04-07 03:30:19 - getOutlet.php - POST data: {"tgl":"2026-04-07","encrypt":"5b8ae1bc6b9f1f1fb1fdfe9cb8337a80","id_apl":"APL01","key":"RS EKA HOSPITAL BSD"}
2026-04-07 10:30:19 - getOutlet.php - Params - tgl: 2026-04-07, encrypt: 5b8ae1bc6b9f1f1fb1fdfe9cb8337a80, id_apl: APL01, key: RS EKA HOSPITAL BSD
2026-04-07 10:30:19 - getOutlet.php - Aplikasi ditemukan: Ya
2026-04-07 10:30:19 - getOutlet.php - Key aplikasi: YbcJSFjkds...
2026-04-07 10:30:19 - getOutlet.php - Expected encrypt: 5b8ae1bc6b9f1f1fb1fdfe9cb8337a80
2026-04-07 10:30:19 - getOutlet.php - Received encrypt: 5b8ae1bc6b9f1f1fb1fdfe9cb8337a80
2026-04-07 10:30:19 - getOutlet.php - Authentication berhasil
2026-04-07 10:30:19 - getOutlet.php - Query: SELECT id_out, nama_out, '' AS alamat_out, ofcode_out
            FROM outlet 
            WHERE status_out IN ('Active', '1', 'active')
            AND (nama_out LIKE :key OR ofcode_out LIKE :key)
            ORDER BY nama_out ASC
            LIMIT 20
2026-04-07 10:30:19 - getOutlet.php - Query berhasil, mengembalikan 1 record
2026-04-07 10:30:19 - getOutlet.php - === END REQUEST ===
2026-04-07 03:30:46 - getOutlet.php - === REQUEST GETOUTLET ===
2026-04-07 03:30:46 - getOutlet.php - Method: POST
2026-04-07 03:30:46 - getOutlet.php - POST data: {"tgl":"2026-04-07","encrypt":"5b8ae1bc6b9f1f1fb1fdfe9cb8337a80","id_apl":"APL01","key":"Ka"}
2026-04-07 10:30:46 - getOutlet.php - Params - tgl: 2026-04-07, encrypt: 5b8ae1bc6b9f1f1fb1fdfe9cb8337a80, id_apl: APL01, key: Ka
2026-04-07 10:30:46 - getOutlet.php - Aplikasi ditemukan: Ya
2026-04-07 10:30:46 - getOutlet.php - Key aplikasi: YbcJSFjkds...
2026-04-07 10:30:46 - getOutlet.php - Expected encrypt: 5b8ae1bc6b9f1f1fb1fdfe9cb8337a80
2026-04-07 10:30:46 - getOutlet.php - Received encrypt: 5b8ae1bc6b9f1f1fb1fdfe9cb8337a80
2026-04-07 10:30:46 - getOutlet.php - Authentication berhasil
2026-04-07 10:30:46 - getOutlet.php - Query: SELECT id_out, nama_out, '' AS alamat_out, ofcode_out
            FROM outlet 
            WHERE status_out IN ('Active', '1', 'active')
            AND (nama_out LIKE :key OR ofcode_out LIKE :key)
            ORDER BY nama_out ASC
            LIMIT 20
2026-04-07 10:30:46 - getOutlet.php - Query berhasil, mengembalikan 20 record
2026-04-07 10:30:46 - getOutlet.php - === END REQUEST ===
2026-04-07 03:30:46 - getOutlet.php - === REQUEST GETOUTLET ===
2026-04-07 03:30:46 - getOutlet.php - Method: POST
2026-04-07 03:30:46 - getOutlet.php - POST data: {"tgl":"2026-04-07","encrypt":"5b8ae1bc6b9f1f1fb1fdfe9cb8337a80","id_apl":"APL01","key":"Kaw"}
2026-04-07 10:30:46 - getOutlet.php - Params - tgl: 2026-04-07, encrypt: 5b8ae1bc6b9f1f1fb1fdfe9cb8337a80, id_apl: APL01, key: Kaw
2026-04-07 10:30:46 - getOutlet.php - Aplikasi ditemukan: Ya
2026-04-07 10:30:46 - getOutlet.php - Key aplikasi: YbcJSFjkds...
2026-04-07 10:30:46 - getOutlet.php - Expected encrypt: 5b8ae1bc6b9f1f1fb1fdfe9cb8337a80
2026-04-07 10:30:46 - getOutlet.php - Received encrypt: 5b8ae1bc6b9f1f1fb1fdfe9cb8337a80
2026-04-07 10:30:46 - getOutlet.php - Authentication berhasil
2026-04-07 10:30:46 - getOutlet.php - Query: SELECT id_out, nama_out, '' AS alamat_out, ofcode_out
            FROM outlet 
            WHERE status_out IN ('Active', '1', 'active')
            AND (nama_out LIKE :key OR ofcode_out LIKE :key)
            ORDER BY nama_out ASC
            LIMIT 20
2026-04-07 10:30:46 - getOutlet.php - Query berhasil, mengembalikan 9 record
2026-04-07 10:30:46 - getOutlet.php - === END REQUEST ===
2026-04-07 03:30:46 - getOutlet.php - === REQUEST GETOUTLET ===
2026-04-07 03:30:46 - getOutlet.php - Method: POST
2026-04-07 03:30:46 - getOutlet.php - POST data: {"tgl":"2026-04-07","encrypt":"5b8ae1bc6b9f1f1fb1fdfe9cb8337a80","id_apl":"APL01","key":"Kawi"}
2026-04-07 10:30:46 - getOutlet.php - Params - tgl: 2026-04-07, encrypt: 5b8ae1bc6b9f1f1fb1fdfe9cb8337a80, id_apl: APL01, key: Kawi
2026-04-07 10:30:46 - getOutlet.php - Aplikasi ditemukan: Ya
2026-04-07 10:30:46 - getOutlet.php - Key aplikasi: YbcJSFjkds...
2026-04-07 10:30:46 - getOutlet.php - Expected encrypt: 5b8ae1bc6b9f1f1fb1fdfe9cb8337a80
2026-04-07 10:30:46 - getOutlet.php - Received encrypt: 5b8ae1bc6b9f1f1fb1fdfe9cb8337a80
2026-04-07 10:30:46 - getOutlet.php - Authentication berhasil
2026-04-07 10:30:46 - getOutlet.php - Query: SELECT id_out, nama_out, '' AS alamat_out, ofcode_out
            FROM outlet 
            WHERE status_out IN ('Active', '1', 'active')
            AND (nama_out LIKE :key OR ofcode_out LIKE :key)
            ORDER BY nama_out ASC
            LIMIT 20
2026-04-07 10:30:46 - getOutlet.php - Query berhasil, mengembalikan 8 record
2026-04-07 10:30:46 - getOutlet.php - === END REQUEST ===
2026-04-07 03:30:47 - getOutlet.php - === REQUEST GETOUTLET ===
2026-04-07 03:30:47 - getOutlet.php - Method: POST
2026-04-07 03:30:47 - getOutlet.php - POST data: {"tgl":"2026-04-07","encrypt":"5b8ae1bc6b9f1f1fb1fdfe9cb8337a80","id_apl":"APL01","key":"Kawih"}
2026-04-07 10:30:47 - getOutlet.php - Params - tgl: 2026-04-07, encrypt: 5b8ae1bc6b9f1f1fb1fdfe9cb8337a80, id_apl: APL01, key: Kawih
2026-04-07 10:30:47 - getOutlet.php - Aplikasi ditemukan: Ya
2026-04-07 10:30:47 - getOutlet.php - Key aplikasi: YbcJSFjkds...
2026-04-07 10:30:47 - getOutlet.php - Expected encrypt: 5b8ae1bc6b9f1f1fb1fdfe9cb8337a80
2026-04-07 10:30:47 - getOutlet.php - Received encrypt: 5b8ae1bc6b9f1f1fb1fdfe9cb8337a80
2026-04-07 10:30:47 - getOutlet.php - Authentication berhasil
2026-04-07 10:30:47 - getOutlet.php - Query: SELECT id_out, nama_out, '' AS alamat_out, ofcode_out
            FROM outlet 
            WHERE status_out IN ('Active', '1', 'active')
            AND (nama_out LIKE :key OR ofcode_out LIKE :key)
            ORDER BY nama_out ASC
            LIMIT 20
2026-04-07 10:30:47 - getOutlet.php - Query berhasil, mengembalikan 0 record
2026-04-07 10:30:47 - getOutlet.php - === END REQUEST ===
2026-04-07 03:30:47 - getOutlet.php - === REQUEST GETOUTLET ===
2026-04-07 03:30:47 - getOutlet.php - Method: POST
2026-04-07 03:30:47 - getOutlet.php - POST data: {"tgl":"2026-04-07","encrypt":"5b8ae1bc6b9f1f1fb1fdfe9cb8337a80","id_apl":"APL01","key":"Kawi"}
2026-04-07 10:30:47 - getOutlet.php - Params - tgl: 2026-04-07, encrypt: 5b8ae1bc6b9f1f1fb1fdfe9cb8337a80, id_apl: APL01, key: Kawi
2026-04-07 10:30:47 - getOutlet.php - Aplikasi ditemukan: Ya
2026-04-07 10:30:47 - getOutlet.php - Key aplikasi: YbcJSFjkds...
2026-04-07 10:30:47 - getOutlet.php - Expected encrypt: 5b8ae1bc6b9f1f1fb1fdfe9cb8337a80
2026-04-07 10:30:47 - getOutlet.php - Received encrypt: 5b8ae1bc6b9f1f1fb1fdfe9cb8337a80
2026-04-07 10:30:47 - getOutlet.php - Authentication berhasil
2026-04-07 10:30:47 - getOutlet.php - Query: SELECT id_out, nama_out, '' AS alamat_out, ofcode_out
            FROM outlet 
            WHERE status_out IN ('Active', '1', 'active')
            AND (nama_out LIKE :key OR ofcode_out LIKE :key)
            ORDER BY nama_out ASC
            LIMIT 20
2026-04-07 10:30:47 - getOutlet.php - Query berhasil, mengembalikan 8 record
2026-04-07 10:30:47 - getOutlet.php - === END REQUEST ===
2026-04-07 03:30:47 - getOutlet.php - === REQUEST GETOUTLET ===
2026-04-07 03:30:47 - getOutlet.php - Method: POST
2026-04-07 03:30:47 - getOutlet.php - POST data: {"tgl":"2026-04-07","encrypt":"5b8ae1bc6b9f1f1fb1fdfe9cb8337a80","id_apl":"APL01","key":"Kawij"}
2026-04-07 10:30:47 - getOutlet.php - Params - tgl: 2026-04-07, encrypt: 5b8ae1bc6b9f1f1fb1fdfe9cb8337a80, id_apl: APL01, key: Kawij
2026-04-07 10:30:47 - getOutlet.php - Aplikasi ditemukan: Ya
2026-04-07 10:30:47 - getOutlet.php - Key aplikasi: YbcJSFjkds...
2026-04-07 10:30:47 - getOutlet.php - Expected encrypt: 5b8ae1bc6b9f1f1fb1fdfe9cb8337a80
2026-04-07 10:30:47 - getOutlet.php - Received encrypt: 5b8ae1bc6b9f1f1fb1fdfe9cb8337a80
2026-04-07 10:30:47 - getOutlet.php - Authentication berhasil
2026-04-07 10:30:47 - getOutlet.php - Query: SELECT id_out, nama_out, '' AS alamat_out, ofcode_out
            FROM outlet 
            WHERE status_out IN ('Active', '1', 'active')
            AND (nama_out LIKE :key OR ofcode_out LIKE :key)
            ORDER BY nama_out ASC
            LIMIT 20
2026-04-07 10:30:47 - getOutlet.php - Query berhasil, mengembalikan 6 record
2026-04-07 10:30:47 - getOutlet.php - === END REQUEST ===
2026-04-07 03:30:47 - getOutlet.php - === REQUEST GETOUTLET ===
2026-04-07 03:30:47 - getOutlet.php - Method: POST
2026-04-07 03:30:47 - getOutlet.php - POST data: {"tgl":"2026-04-07","encrypt":"5b8ae1bc6b9f1f1fb1fdfe9cb8337a80","id_apl":"APL01","key":"Kawija"}
2026-04-07 10:30:47 - getOutlet.php - Params - tgl: 2026-04-07, encrypt: 5b8ae1bc6b9f1f1fb1fdfe9cb8337a80, id_apl: APL01, key: Kawija
2026-04-07 10:30:47 - getOutlet.php - Aplikasi ditemukan: Ya
2026-04-07 10:30:47 - getOutlet.php - Key aplikasi: YbcJSFjkds...
2026-04-07 10:30:47 - getOutlet.php - Expected encrypt: 5b8ae1bc6b9f1f1fb1fdfe9cb8337a80
2026-04-07 10:30:47 - getOutlet.php - Received encrypt: 5b8ae1bc6b9f1f1fb1fdfe9cb8337a80
2026-04-07 10:30:47 - getOutlet.php - Authentication berhasil
2026-04-07 10:30:47 - getOutlet.php - Query: SELECT id_out, nama_out, '' AS alamat_out, ofcode_out
            FROM outlet 
            WHERE status_out IN ('Active', '1', 'active')
            AND (nama_out LIKE :key OR ofcode_out LIKE :key)
            ORDER BY nama_out ASC
            LIMIT 20
2026-04-07 10:30:47 - getOutlet.php - Query berhasil, mengembalikan 6 record
2026-04-07 10:30:47 - getOutlet.php - === END REQUEST ===
2026-04-07 03:30:47 - getOutlet.php - === REQUEST GETOUTLET ===
2026-04-07 03:30:47 - getOutlet.php - Method: POST
2026-04-07 03:30:47 - getOutlet.php - POST data: {"tgl":"2026-04-07","encrypt":"5b8ae1bc6b9f1f1fb1fdfe9cb8337a80","id_apl":"APL01","key":"Kawijata"}
2026-04-07 10:30:47 - getOutlet.php - Params - tgl: 2026-04-07, encrypt: 5b8ae1bc6b9f1f1fb1fdfe9cb8337a80, id_apl: APL01, key: Kawijata
2026-04-07 10:30:47 - getOutlet.php - Aplikasi ditemukan: Ya
2026-04-07 10:30:47 - getOutlet.php - Key aplikasi: YbcJSFjkds...
2026-04-07 10:30:47 - getOutlet.php - Expected encrypt: 5b8ae1bc6b9f1f1fb1fdfe9cb8337a80
2026-04-07 10:30:47 - getOutlet.php - Received encrypt: 5b8ae1bc6b9f1f1fb1fdfe9cb8337a80
2026-04-07 10:30:47 - getOutlet.php - Authentication berhasil
2026-04-07 10:30:47 - getOutlet.php - Query: SELECT id_out, nama_out, '' AS alamat_out, ofcode_out
            FROM outlet 
            WHERE status_out IN ('Active', '1', 'active')
            AND (nama_out LIKE :key OR ofcode_out LIKE :key)
            ORDER BY nama_out ASC
            LIMIT 20
2026-04-07 10:30:47 - getOutlet.php - Query berhasil, mengembalikan 0 record
2026-04-07 10:30:47 - getOutlet.php - === END REQUEST ===
2026-04-07 03:30:47 - getOutlet.php - === REQUEST GETOUTLET ===
2026-04-07 03:30:47 - getOutlet.php - Method: POST
2026-04-07 03:30:47 - getOutlet.php - POST data: {"tgl":"2026-04-07","encrypt":"5b8ae1bc6b9f1f1fb1fdfe9cb8337a80","id_apl":"APL01","key":"Kawijat"}
2026-04-07 10:30:47 - getOutlet.php - Params - tgl: 2026-04-07, encrypt: 5b8ae1bc6b9f1f1fb1fdfe9cb8337a80, id_apl: APL01, key: Kawijat
2026-04-07 10:30:47 - getOutlet.php - Aplikasi ditemukan: Ya
2026-04-07 10:30:47 - getOutlet.php - Key aplikasi: YbcJSFjkds...
2026-04-07 10:30:47 - getOutlet.php - Expected encrypt: 5b8ae1bc6b9f1f1fb1fdfe9cb8337a80
2026-04-07 10:30:47 - getOutlet.php - Received encrypt: 5b8ae1bc6b9f1f1fb1fdfe9cb8337a80
2026-04-07 10:30:47 - getOutlet.php - Authentication berhasil
2026-04-07 10:30:47 - getOutlet.php - Query: SELECT id_out, nama_out, '' AS alamat_out, ofcode_out
            FROM outlet 
            WHERE status_out IN ('Active', '1', 'active')
            AND (nama_out LIKE :key OR ofcode_out LIKE :key)
            ORDER BY nama_out ASC
            LIMIT 20
2026-04-07 10:30:47 - getOutlet.php - Query berhasil, mengembalikan 0 record
2026-04-07 10:30:47 - getOutlet.php - === END REQUEST ===
2026-04-07 03:30:49 - getOutlet.php - === REQUEST GETOUTLET ===
2026-04-07 03:30:49 - getOutlet.php - Method: POST
2026-04-07 03:30:49 - getOutlet.php - POST data: {"tgl":"2026-04-07","encrypt":"5b8ae1bc6b9f1f1fb1fdfe9cb8337a80","id_apl":"APL01","key":"Kawi jaya"}
2026-04-07 10:30:49 - getOutlet.php - Params - tgl: 2026-04-07, encrypt: 5b8ae1bc6b9f1f1fb1fdfe9cb8337a80, id_apl: APL01, key: Kawi jaya
2026-04-07 10:30:49 - getOutlet.php - Aplikasi ditemukan: Ya
2026-04-07 10:30:49 - getOutlet.php - Key aplikasi: YbcJSFjkds...
2026-04-07 10:30:49 - getOutlet.php - Expected encrypt: 5b8ae1bc6b9f1f1fb1fdfe9cb8337a80
2026-04-07 10:30:49 - getOutlet.php - Received encrypt: 5b8ae1bc6b9f1f1fb1fdfe9cb8337a80
2026-04-07 10:30:49 - getOutlet.php - Authentication berhasil
2026-04-07 10:30:49 - getOutlet.php - Query: SELECT id_out, nama_out, '' AS alamat_out, ofcode_out
            FROM outlet 
            WHERE status_out IN ('Active', '1', 'active')
            AND (nama_out LIKE :key OR ofcode_out LIKE :key)
            ORDER BY nama_out ASC
            LIMIT 20
2026-04-07 10:30:49 - getOutlet.php - Query berhasil, mengembalikan 2 record
2026-04-07 10:30:49 - getOutlet.php - === END REQUEST ===
2026-04-07 03:30:50 - getOutlet.php - === REQUEST GETOUTLET ===
2026-04-07 03:30:50 - getOutlet.php - Method: POST
2026-04-07 03:30:50 - getOutlet.php - POST data: {"tgl":"2026-04-07","encrypt":"5b8ae1bc6b9f1f1fb1fdfe9cb8337a80","id_apl":"APL01","key":"APOTEK KAWI JAYA BSD"}
2026-04-07 10:30:50 - getOutlet.php - Params - tgl: 2026-04-07, encrypt: 5b8ae1bc6b9f1f1fb1fdfe9cb8337a80, id_apl: APL01, key: APOTEK KAWI JAYA BSD
2026-04-07 10:30:50 - getOutlet.php - Aplikasi ditemukan: Ya
2026-04-07 10:30:50 - getOutlet.php - Key aplikasi: YbcJSFjkds...
2026-04-07 10:30:50 - getOutlet.php - Expected encrypt: 5b8ae1bc6b9f1f1fb1fdfe9cb8337a80
2026-04-07 10:30:50 - getOutlet.php - Received encrypt: 5b8ae1bc6b9f1f1fb1fdfe9cb8337a80
2026-04-07 10:30:50 - getOutlet.php - Authentication berhasil
2026-04-07 10:30:50 - getOutlet.php - Query: SELECT id_out, nama_out, '' AS alamat_out, ofcode_out
            FROM outlet 
            WHERE status_out IN ('Active', '1', 'active')
            AND (nama_out LIKE :key OR ofcode_out LIKE :key)
            ORDER BY nama_out ASC
            LIMIT 20
2026-04-07 10:30:50 - getOutlet.php - Query berhasil, mengembalikan 1 record
2026-04-07 10:30:50 - getOutlet.php - === END REQUEST ===
2026-04-07 03:31:03 - getOutlet.php - === REQUEST GETOUTLET ===
2026-04-07 03:31:03 - getOutlet.php - Method: POST
2026-04-07 03:31:03 - getOutlet.php - POST data: {"tgl":"2026-04-07","encrypt":"5b8ae1bc6b9f1f1fb1fdfe9cb8337a80","id_apl":"APL01","key":"Rs"}
2026-04-07 10:31:03 - getOutlet.php - Params - tgl: 2026-04-07, encrypt: 5b8ae1bc6b9f1f1fb1fdfe9cb8337a80, id_apl: APL01, key: Rs
2026-04-07 03:31:03 - getOutlet.php - === REQUEST GETOUTLET ===
2026-04-07 03:31:03 - getOutlet.php - Method: POST
2026-04-07 03:31:03 - getOutlet.php - POST data: {"tgl":"2026-04-07","encrypt":"5b8ae1bc6b9f1f1fb1fdfe9cb8337a80","id_apl":"APL01","key":"Rs"}
2026-04-07 10:31:03 - getOutlet.php - Params - tgl: 2026-04-07, encrypt: 5b8ae1bc6b9f1f1fb1fdfe9cb8337a80, id_apl: APL01, key: Rs
2026-04-07 03:31:03 - getOutlet.php - === REQUEST GETOUTLET ===
2026-04-07 03:31:03 - getOutlet.php - Method: POST
2026-04-07 03:31:03 - getOutlet.php - POST data: {"tgl":"2026-04-07","encrypt":"5b8ae1bc6b9f1f1fb1fdfe9cb8337a80","id_apl":"APL01","key":"Rs"}
2026-04-07 10:31:03 - getOutlet.php - Params - tgl: 2026-04-07, encrypt: 5b8ae1bc6b9f1f1fb1fdfe9cb8337a80, id_apl: APL01, key: Rs
2026-04-07 10:31:03 - getOutlet.php - Aplikasi ditemukan: Ya
2026-04-07 10:31:03 - getOutlet.php - Key aplikasi: YbcJSFjkds...
2026-04-07 10:31:03 - getOutlet.php - Expected encrypt: 5b8ae1bc6b9f1f1fb1fdfe9cb8337a80
2026-04-07 10:31:03 - getOutlet.php - Received encrypt: 5b8ae1bc6b9f1f1fb1fdfe9cb8337a80
2026-04-07 10:31:03 - getOutlet.php - Authentication berhasil
2026-04-07 10:31:03 - getOutlet.php - Aplikasi ditemukan: Ya
2026-04-07 10:31:03 - getOutlet.php - Key aplikasi: YbcJSFjkds...
2026-04-07 10:31:03 - getOutlet.php - Aplikasi ditemukan: Ya
2026-04-07 10:31:03 - getOutlet.php - Expected encrypt: 5b8ae1bc6b9f1f1fb1fdfe9cb8337a80
2026-04-07 10:31:03 - getOutlet.php - Key aplikasi: YbcJSFjkds...
2026-04-07 10:31:03 - getOutlet.php - Received encrypt: 5b8ae1bc6b9f1f1fb1fdfe9cb8337a80
2026-04-07 10:31:03 - getOutlet.php - Expected encrypt: 5b8ae1bc6b9f1f1fb1fdfe9cb8337a80
2026-04-07 10:31:03 - getOutlet.php - Authentication berhasil
2026-04-07 10:31:03 - getOutlet.php - Received encrypt: 5b8ae1bc6b9f1f1fb1fdfe9cb8337a80
2026-04-07 10:31:03 - getOutlet.php - Authentication berhasil
2026-04-07 10:31:03 - getOutlet.php - Query: SELECT id_out, nama_out, '' AS alamat_out, ofcode_out
            FROM outlet 
            WHERE status_out IN ('Active', '1', 'active')
            AND (nama_out LIKE :key OR ofcode_out LIKE :key)
            ORDER BY nama_out ASC
            LIMIT 20
2026-04-07 10:31:03 - getOutlet.php - Query: SELECT id_out, nama_out, '' AS alamat_out, ofcode_out
            FROM outlet 
            WHERE status_out IN ('Active', '1', 'active')
            AND (nama_out LIKE :key OR ofcode_out LIKE :key)
            ORDER BY nama_out ASC
            LIMIT 20
2026-04-07 10:31:03 - getOutlet.php - Query: SELECT id_out, nama_out, '' AS alamat_out, ofcode_out
            FROM outlet 
            WHERE status_out IN ('Active', '1', 'active')
            AND (nama_out LIKE :key OR ofcode_out LIKE :key)
            ORDER BY nama_out ASC
            LIMIT 20
2026-04-07 10:31:03 - getOutlet.php - Query berhasil, mengembalikan 20 record
2026-04-07 10:31:03 - getOutlet.php - Query berhasil, mengembalikan 20 record
2026-04-07 10:31:03 - getOutlet.php - === END REQUEST ===
2026-04-07 10:31:03 - getOutlet.php - === END REQUEST ===
2026-04-07 10:31:03 - getOutlet.php - Query berhasil, mengembalikan 20 record
2026-04-07 10:31:03 - getOutlet.php - === END REQUEST ===
2026-04-07 03:31:03 - getOutlet.php - === REQUEST GETOUTLET ===
2026-04-07 03:31:03 - getOutlet.php - Method: POST
2026-04-07 03:31:03 - getOutlet.php - POST data: {"tgl":"2026-04-07","encrypt":"5b8ae1bc6b9f1f1fb1fdfe9cb8337a80","id_apl":"APL01","key":"Rs m"}
2026-04-07 10:31:03 - getOutlet.php - Params - tgl: 2026-04-07, encrypt: 5b8ae1bc6b9f1f1fb1fdfe9cb8337a80, id_apl: APL01, key: Rs m
2026-04-07 10:31:03 - getOutlet.php - Aplikasi ditemukan: Ya
2026-04-07 10:31:03 - getOutlet.php - Key aplikasi: YbcJSFjkds...
2026-04-07 10:31:03 - getOutlet.php - Expected encrypt: 5b8ae1bc6b9f1f1fb1fdfe9cb8337a80
2026-04-07 10:31:03 - getOutlet.php - Received encrypt: 5b8ae1bc6b9f1f1fb1fdfe9cb8337a80
2026-04-07 10:31:03 - getOutlet.php - Authentication berhasil
2026-04-07 10:31:03 - getOutlet.php - Query: SELECT id_out, nama_out, '' AS alamat_out, ofcode_out
            FROM outlet 
            WHERE status_out IN ('Active', '1', 'active')
            AND (nama_out LIKE :key OR ofcode_out LIKE :key)
            ORDER BY nama_out ASC
            LIMIT 20
2026-04-07 10:31:03 - getOutlet.php - Query berhasil, mengembalikan 20 record
2026-04-07 10:31:03 - getOutlet.php - === END REQUEST ===
2026-04-07 03:31:03 - getOutlet.php - === REQUEST GETOUTLET ===
2026-04-07 03:31:03 - getOutlet.php - Method: POST
2026-04-07 03:31:03 - getOutlet.php - POST data: {"tgl":"2026-04-07","encrypt":"5b8ae1bc6b9f1f1fb1fdfe9cb8337a80","id_apl":"APL01","key":"Rs mi"}
2026-04-07 10:31:03 - getOutlet.php - Params - tgl: 2026-04-07, encrypt: 5b8ae1bc6b9f1f1fb1fdfe9cb8337a80, id_apl: APL01, key: Rs mi
2026-04-07 10:31:03 - getOutlet.php - Aplikasi ditemukan: Ya
2026-04-07 10:31:03 - getOutlet.php - Key aplikasi: YbcJSFjkds...
2026-04-07 10:31:03 - getOutlet.php - Expected encrypt: 5b8ae1bc6b9f1f1fb1fdfe9cb8337a80
2026-04-07 10:31:03 - getOutlet.php - Received encrypt: 5b8ae1bc6b9f1f1fb1fdfe9cb8337a80
2026-04-07 10:31:03 - getOutlet.php - Authentication berhasil
2026-04-07 10:31:03 - getOutlet.php - Query: SELECT id_out, nama_out, '' AS alamat_out, ofcode_out
            FROM outlet 
            WHERE status_out IN ('Active', '1', 'active')
            AND (nama_out LIKE :key OR ofcode_out LIKE :key)
            ORDER BY nama_out ASC
            LIMIT 20
2026-04-07 10:31:03 - getOutlet.php - Query berhasil, mengembalikan 17 record
2026-04-07 10:31:03 - getOutlet.php - === END REQUEST ===
2026-04-07 03:31:04 - getOutlet.php - === REQUEST GETOUTLET ===
2026-04-07 03:31:04 - getOutlet.php - Method: POST
2026-04-07 03:31:04 - getOutlet.php - POST data: {"tgl":"2026-04-07","encrypt":"5b8ae1bc6b9f1f1fb1fdfe9cb8337a80","id_apl":"APL01","key":"Rs mit"}
2026-04-07 10:31:04 - getOutlet.php - Params - tgl: 2026-04-07, encrypt: 5b8ae1bc6b9f1f1fb1fdfe9cb8337a80, id_apl: APL01, key: Rs mit
2026-04-07 10:31:04 - getOutlet.php - Aplikasi ditemukan: Ya
2026-04-07 10:31:04 - getOutlet.php - Key aplikasi: YbcJSFjkds...
2026-04-07 10:31:04 - getOutlet.php - Expected encrypt: 5b8ae1bc6b9f1f1fb1fdfe9cb8337a80
2026-04-07 10:31:04 - getOutlet.php - Received encrypt: 5b8ae1bc6b9f1f1fb1fdfe9cb8337a80
2026-04-07 10:31:04 - getOutlet.php - Authentication berhasil
2026-04-07 10:31:04 - getOutlet.php - Query: SELECT id_out, nama_out, '' AS alamat_out, ofcode_out
            FROM outlet 
            WHERE status_out IN ('Active', '1', 'active')
            AND (nama_out LIKE :key OR ofcode_out LIKE :key)
            ORDER BY nama_out ASC
            LIMIT 20
2026-04-07 10:31:04 - getOutlet.php - Query berhasil, mengembalikan 17 record
2026-04-07 10:31:04 - getOutlet.php - === END REQUEST ===
2026-04-07 03:31:04 - getOutlet.php - === REQUEST GETOUTLET ===
2026-04-07 03:31:04 - getOutlet.php - Method: POST
2026-04-07 03:31:04 - getOutlet.php - POST data: {"tgl":"2026-04-07","encrypt":"5b8ae1bc6b9f1f1fb1fdfe9cb8337a80","id_apl":"APL01","key":"Rs mitra"}
2026-04-07 10:31:04 - getOutlet.php - Params - tgl: 2026-04-07, encrypt: 5b8ae1bc6b9f1f1fb1fdfe9cb8337a80, id_apl: APL01, key: Rs mitra
2026-04-07 10:31:04 - getOutlet.php - Aplikasi ditemukan: Ya
2026-04-07 10:31:04 - getOutlet.php - Key aplikasi: YbcJSFjkds...
2026-04-07 10:31:04 - getOutlet.php - Expected encrypt: 5b8ae1bc6b9f1f1fb1fdfe9cb8337a80
2026-04-07 10:31:04 - getOutlet.php - Received encrypt: 5b8ae1bc6b9f1f1fb1fdfe9cb8337a80
2026-04-07 10:31:04 - getOutlet.php - Authentication berhasil
2026-04-07 10:31:04 - getOutlet.php - Query: SELECT id_out, nama_out, '' AS alamat_out, ofcode_out
            FROM outlet 
            WHERE status_out IN ('Active', '1', 'active')
            AND (nama_out LIKE :key OR ofcode_out LIKE :key)
            ORDER BY nama_out ASC
            LIMIT 20
2026-04-07 10:31:04 - getOutlet.php - Query berhasil, mengembalikan 17 record
2026-04-07 10:31:04 - getOutlet.php - === END REQUEST ===
2026-04-07 03:31:05 - getOutlet.php - === REQUEST GETOUTLET ===
2026-04-07 03:31:05 - getOutlet.php - Method: POST
2026-04-07 03:31:05 - getOutlet.php - POST data: {"tgl":"2026-04-07","encrypt":"5b8ae1bc6b9f1f1fb1fdfe9cb8337a80","id_apl":"APL01","key":"Rs mitra"}
2026-04-07 10:31:05 - getOutlet.php - Params - tgl: 2026-04-07, encrypt: 5b8ae1bc6b9f1f1fb1fdfe9cb8337a80, id_apl: APL01, key: Rs mitra
2026-04-07 03:31:05 - getOutlet.php - === REQUEST GETOUTLET ===
2026-04-07 03:31:05 - getOutlet.php - Method: POST
2026-04-07 03:31:05 - getOutlet.php - POST data: {"tgl":"2026-04-07","encrypt":"5b8ae1bc6b9f1f1fb1fdfe9cb8337a80","id_apl":"APL01","key":"Rs mitra keluarga"}
2026-04-07 10:31:05 - getOutlet.php - Params - tgl: 2026-04-07, encrypt: 5b8ae1bc6b9f1f1fb1fdfe9cb8337a80, id_apl: APL01, key: Rs mitra keluarga
2026-04-07 10:31:05 - getOutlet.php - Aplikasi ditemukan: Ya
2026-04-07 10:31:05 - getOutlet.php - Aplikasi ditemukan: Ya
2026-04-07 10:31:05 - getOutlet.php - Key aplikasi: YbcJSFjkds...
2026-04-07 10:31:05 - getOutlet.php - Key aplikasi: YbcJSFjkds...
2026-04-07 10:31:05 - getOutlet.php - Expected encrypt: 5b8ae1bc6b9f1f1fb1fdfe9cb8337a80
2026-04-07 10:31:05 - getOutlet.php - Expected encrypt: 5b8ae1bc6b9f1f1fb1fdfe9cb8337a80
2026-04-07 10:31:05 - getOutlet.php - Received encrypt: 5b8ae1bc6b9f1f1fb1fdfe9cb8337a80
2026-04-07 10:31:05 - getOutlet.php - Received encrypt: 5b8ae1bc6b9f1f1fb1fdfe9cb8337a80
2026-04-07 10:31:05 - getOutlet.php - Authentication berhasil
2026-04-07 10:31:05 - getOutlet.php - Authentication berhasil
2026-04-07 10:31:05 - getOutlet.php - Query: SELECT id_out, nama_out, '' AS alamat_out, ofcode_out
            FROM outlet 
            WHERE status_out IN ('Active', '1', 'active')
            AND (nama_out LIKE :key OR ofcode_out LIKE :key)
            ORDER BY nama_out ASC
            LIMIT 20
2026-04-07 10:31:05 - getOutlet.php - Query berhasil, mengembalikan 17 record
2026-04-07 10:31:05 - getOutlet.php - === END REQUEST ===
2026-04-07 10:31:05 - getOutlet.php - Query: SELECT id_out, nama_out, '' AS alamat_out, ofcode_out
            FROM outlet 
            WHERE status_out IN ('Active', '1', 'active')
            AND (nama_out LIKE :key OR ofcode_out LIKE :key)
            ORDER BY nama_out ASC
            LIMIT 20
2026-04-07 10:31:05 - getOutlet.php - Query berhasil, mengembalikan 16 record
2026-04-07 10:31:05 - getOutlet.php - === END REQUEST ===
2026-04-07 03:31:11 - getOutlet.php - === REQUEST GETOUTLET ===
2026-04-07 03:31:11 - getOutlet.php - Method: POST
2026-04-07 03:31:11 - getOutlet.php - POST data: {"tgl":"2026-04-07","encrypt":"5b8ae1bc6b9f1f1fb1fdfe9cb8337a80","id_apl":"APL01","key":" RS Mitra Keluarga Pamulang"}
2026-04-07 10:31:11 - getOutlet.php - Params - tgl: 2026-04-07, encrypt: 5b8ae1bc6b9f1f1fb1fdfe9cb8337a80, id_apl: APL01, key: RS Mitra Keluarga Pamulang
2026-04-07 10:31:11 - getOutlet.php - Aplikasi ditemukan: Ya
2026-04-07 10:31:11 - getOutlet.php - Key aplikasi: YbcJSFjkds...
2026-04-07 10:31:11 - getOutlet.php - Expected encrypt: 5b8ae1bc6b9f1f1fb1fdfe9cb8337a80
2026-04-07 10:31:11 - getOutlet.php - Received encrypt: 5b8ae1bc6b9f1f1fb1fdfe9cb8337a80
2026-04-07 10:31:11 - getOutlet.php - Authentication berhasil
2026-04-07 10:31:11 - getOutlet.php - Query: SELECT id_out, nama_out, '' AS alamat_out, ofcode_out
            FROM outlet 
            WHERE status_out IN ('Active', '1', 'active')
            AND (nama_out LIKE :key OR ofcode_out LIKE :key)
            ORDER BY nama_out ASC
            LIMIT 20
2026-04-07 10:31:11 - getOutlet.php - Query berhasil, mengembalikan 1 record
2026-04-07 10:31:11 - getOutlet.php - === END REQUEST ===
2026-04-07 03:38:36 - getOutlet.php - === REQUEST GETOUTLET ===
2026-04-07 03:38:36 - getOutlet.php - Method: POST
2026-04-07 03:38:36 - getOutlet.php - POST data: {"tgl":"2026-04-07","encrypt":"5b8ae1bc6b9f1f1fb1fdfe9cb8337a80","id_apl":"APL01","key":"Ap"}
2026-04-07 10:38:36 - getOutlet.php - Params - tgl: 2026-04-07, encrypt: 5b8ae1bc6b9f1f1fb1fdfe9cb8337a80, id_apl: APL01, key: Ap
2026-04-07 10:38:36 - getOutlet.php - Aplikasi ditemukan: Ya
2026-04-07 10:38:36 - getOutlet.php - Key aplikasi: YbcJSFjkds...
2026-04-07 10:38:36 - getOutlet.php - Expected encrypt: 5b8ae1bc6b9f1f1fb1fdfe9cb8337a80
2026-04-07 10:38:36 - getOutlet.php - Received encrypt: 5b8ae1bc6b9f1f1fb1fdfe9cb8337a80
2026-04-07 10:38:36 - getOutlet.php - Authentication berhasil
2026-04-07 10:38:36 - getOutlet.php - Query: SELECT id_out, nama_out, '' AS alamat_out, ofcode_out
            FROM outlet 
            WHERE status_out IN ('Active', '1', 'active')
            AND (nama_out LIKE :key OR ofcode_out LIKE :key)
            ORDER BY nama_out ASC
            LIMIT 20
2026-04-07 10:38:36 - getOutlet.php - Query berhasil, mengembalikan 20 record
2026-04-07 10:38:36 - getOutlet.php - === END REQUEST ===
2026-04-07 03:38:37 - getOutlet.php - === REQUEST GETOUTLET ===
2026-04-07 03:38:37 - getOutlet.php - Method: POST
2026-04-07 03:38:37 - getOutlet.php - POST data: {"tgl":"2026-04-07","encrypt":"5b8ae1bc6b9f1f1fb1fdfe9cb8337a80","id_apl":"APL01","key":"Apo"}
2026-04-07 10:38:37 - getOutlet.php - Params - tgl: 2026-04-07, encrypt: 5b8ae1bc6b9f1f1fb1fdfe9cb8337a80, id_apl: APL01, key: Apo
2026-04-07 10:38:37 - getOutlet.php - Aplikasi ditemukan: Ya
2026-04-07 10:38:37 - getOutlet.php - Key aplikasi: YbcJSFjkds...
2026-04-07 10:38:37 - getOutlet.php - Expected encrypt: 5b8ae1bc6b9f1f1fb1fdfe9cb8337a80
2026-04-07 10:38:37 - getOutlet.php - Received encrypt: 5b8ae1bc6b9f1f1fb1fdfe9cb8337a80
2026-04-07 10:38:37 - getOutlet.php - Authentication berhasil
2026-04-07 10:38:37 - getOutlet.php - Query: SELECT id_out, nama_out, '' AS alamat_out, ofcode_out
            FROM outlet 
            WHERE status_out IN ('Active', '1', 'active')
            AND (nama_out LIKE :key OR ofcode_out LIKE :key)
            ORDER BY nama_out ASC
            LIMIT 20
2026-04-07 10:38:37 - getOutlet.php - Query berhasil, mengembalikan 20 record
2026-04-07 10:38:37 - getOutlet.php - === END REQUEST ===
2026-04-07 03:38:37 - getOutlet.php - === REQUEST GETOUTLET ===
2026-04-07 03:38:37 - getOutlet.php - Method: POST
2026-04-07 03:38:37 - getOutlet.php - POST data: {"tgl":"2026-04-07","encrypt":"5b8ae1bc6b9f1f1fb1fdfe9cb8337a80","id_apl":"APL01","key":"Apotek"}
2026-04-07 10:38:37 - getOutlet.php - Params - tgl: 2026-04-07, encrypt: 5b8ae1bc6b9f1f1fb1fdfe9cb8337a80, id_apl: APL01, key: Apotek
2026-04-07 10:38:37 - getOutlet.php - Aplikasi ditemukan: Ya
2026-04-07 10:38:37 - getOutlet.php - Key aplikasi: YbcJSFjkds...
2026-04-07 10:38:37 - getOutlet.php - Expected encrypt: 5b8ae1bc6b9f1f1fb1fdfe9cb8337a80
2026-04-07 10:38:37 - getOutlet.php - Received encrypt: 5b8ae1bc6b9f1f1fb1fdfe9cb8337a80
2026-04-07 10:38:37 - getOutlet.php - Authentication berhasil
2026-04-07 10:38:37 - getOutlet.php - Query: SELECT id_out, nama_out, '' AS alamat_out, ofcode_out
            FROM outlet 
            WHERE status_out IN ('Active', '1', 'active')
            AND (nama_out LIKE :key OR ofcode_out LIKE :key)
            ORDER BY nama_out ASC
            LIMIT 20
2026-04-07 10:38:37 - getOutlet.php - Query berhasil, mengembalikan 20 record
2026-04-07 10:38:37 - getOutlet.php - === END REQUEST ===
2026-04-07 03:38:38 - getOutlet.php - === REQUEST GETOUTLET ===
2026-04-07 03:38:38 - getOutlet.php - Method: POST
2026-04-07 03:38:38 - getOutlet.php - POST data: {"tgl":"2026-04-07","encrypt":"5b8ae1bc6b9f1f1fb1fdfe9cb8337a80","id_apl":"APL01","key":"Apotek doc"}
2026-04-07 10:38:38 - getOutlet.php - Params - tgl: 2026-04-07, encrypt: 5b8ae1bc6b9f1f1fb1fdfe9cb8337a80, id_apl: APL01, key: Apotek doc
2026-04-07 10:38:38 - getOutlet.php - Aplikasi ditemukan: Ya
2026-04-07 10:38:38 - getOutlet.php - Key aplikasi: YbcJSFjkds...
2026-04-07 10:38:38 - getOutlet.php - Expected encrypt: 5b8ae1bc6b9f1f1fb1fdfe9cb8337a80
2026-04-07 10:38:38 - getOutlet.php - Received encrypt: 5b8ae1bc6b9f1f1fb1fdfe9cb8337a80
2026-04-07 10:38:38 - getOutlet.php - Authentication berhasil
2026-04-07 10:38:38 - getOutlet.php - Query: SELECT id_out, nama_out, '' AS alamat_out, ofcode_out
            FROM outlet 
            WHERE status_out IN ('Active', '1', 'active')
            AND (nama_out LIKE :key OR ofcode_out LIKE :key)
            ORDER BY nama_out ASC
            LIMIT 20
2026-04-07 10:38:38 - getOutlet.php - Query berhasil, mengembalikan 1 record
2026-04-07 10:38:38 - getOutlet.php - === END REQUEST ===
2026-04-07 03:38:40 - getOutlet.php - === REQUEST GETOUTLET ===
2026-04-07 03:38:40 - getOutlet.php - Method: POST
2026-04-07 03:38:40 - getOutlet.php - POST data: {"tgl":"2026-04-07","encrypt":"5b8ae1bc6b9f1f1fb1fdfe9cb8337a80","id_apl":"APL01","key":"Apotek Doc n Me"}
2026-04-07 10:38:40 - getOutlet.php - Params - tgl: 2026-04-07, encrypt: 5b8ae1bc6b9f1f1fb1fdfe9cb8337a80, id_apl: APL01, key: Apotek Doc n Me
2026-04-07 10:38:40 - getOutlet.php - Aplikasi ditemukan: Ya
2026-04-07 10:38:40 - getOutlet.php - Key aplikasi: YbcJSFjkds...
2026-04-07 10:38:40 - getOutlet.php - Expected encrypt: 5b8ae1bc6b9f1f1fb1fdfe9cb8337a80
2026-04-07 10:38:40 - getOutlet.php - Received encrypt: 5b8ae1bc6b9f1f1fb1fdfe9cb8337a80
2026-04-07 10:38:40 - getOutlet.php - Authentication berhasil
2026-04-07 10:38:40 - getOutlet.php - Query: SELECT id_out, nama_out, '' AS alamat_out, ofcode_out
            FROM outlet 
            WHERE status_out IN ('Active', '1', 'active')
            AND (nama_out LIKE :key OR ofcode_out LIKE :key)
            ORDER BY nama_out ASC
            LIMIT 20
2026-04-07 10:38:40 - getOutlet.php - Query berhasil, mengembalikan 1 record
2026-04-07 10:38:40 - getOutlet.php - === END REQUEST ===
2026-04-07 03:38:49 - getOutlet.php - === REQUEST GETOUTLET ===
2026-04-07 03:38:49 - getOutlet.php - Method: POST
2026-04-07 03:38:49 - getOutlet.php - POST data: {"tgl":"2026-04-07","encrypt":"5b8ae1bc6b9f1f1fb1fdfe9cb8337a80","id_apl":"APL01","key":"Mi"}
2026-04-07 10:38:49 - getOutlet.php - Params - tgl: 2026-04-07, encrypt: 5b8ae1bc6b9f1f1fb1fdfe9cb8337a80, id_apl: APL01, key: Mi
2026-04-07 10:38:49 - getOutlet.php - Aplikasi ditemukan: Ya
2026-04-07 10:38:49 - getOutlet.php - Key aplikasi: YbcJSFjkds...
2026-04-07 10:38:49 - getOutlet.php - Expected encrypt: 5b8ae1bc6b9f1f1fb1fdfe9cb8337a80
2026-04-07 10:38:49 - getOutlet.php - Received encrypt: 5b8ae1bc6b9f1f1fb1fdfe9cb8337a80
2026-04-07 10:38:49 - getOutlet.php - Authentication berhasil
2026-04-07 10:38:49 - getOutlet.php - Query: SELECT id_out, nama_out, '' AS alamat_out, ofcode_out
            FROM outlet 
            WHERE status_out IN ('Active', '1', 'active')
            AND (nama_out LIKE :key OR ofcode_out LIKE :key)
            ORDER BY nama_out ASC
            LIMIT 20
2026-04-07 10:38:49 - getOutlet.php - Query berhasil, mengembalikan 20 record
2026-04-07 10:38:49 - getOutlet.php - === END REQUEST ===
2026-04-07 03:38:50 - getOutlet.php - === REQUEST GETOUTLET ===
2026-04-07 03:38:50 - getOutlet.php - Method: POST
2026-04-07 03:38:50 - getOutlet.php - POST data: {"tgl":"2026-04-07","encrypt":"5b8ae1bc6b9f1f1fb1fdfe9cb8337a80","id_apl":"APL01","key":"Mitra"}
2026-04-07 10:38:50 - getOutlet.php - Params - tgl: 2026-04-07, encrypt: 5b8ae1bc6b9f1f1fb1fdfe9cb8337a80, id_apl: APL01, key: Mitra
2026-04-07 10:38:50 - getOutlet.php - Aplikasi ditemukan: Ya
2026-04-07 10:38:50 - getOutlet.php - Key aplikasi: YbcJSFjkds...
2026-04-07 10:38:50 - getOutlet.php - Expected encrypt: 5b8ae1bc6b9f1f1fb1fdfe9cb8337a80
2026-04-07 10:38:50 - getOutlet.php - Received encrypt: 5b8ae1bc6b9f1f1fb1fdfe9cb8337a80
2026-04-07 10:38:50 - getOutlet.php - Authentication berhasil
2026-04-07 10:38:50 - getOutlet.php - Query: SELECT id_out, nama_out, '' AS alamat_out, ofcode_out
            FROM outlet 
            WHERE status_out IN ('Active', '1', 'active')
            AND (nama_out LIKE :key OR ofcode_out LIKE :key)
            ORDER BY nama_out ASC
            LIMIT 20
2026-04-07 10:38:50 - getOutlet.php - Query berhasil, mengembalikan 20 record
2026-04-07 10:38:50 - getOutlet.php - === END REQUEST ===
2026-04-07 03:38:50 - getOutlet.php - === REQUEST GETOUTLET ===
2026-04-07 03:38:50 - getOutlet.php - Method: POST
2026-04-07 03:38:50 - getOutlet.php - POST data: {"tgl":"2026-04-07","encrypt":"5b8ae1bc6b9f1f1fb1fdfe9cb8337a80","id_apl":"APL01","key":"Mitra keluarga"}
2026-04-07 10:38:50 - getOutlet.php - Params - tgl: 2026-04-07, encrypt: 5b8ae1bc6b9f1f1fb1fdfe9cb8337a80, id_apl: APL01, key: Mitra keluarga
2026-04-07 10:38:50 - getOutlet.php - Aplikasi ditemukan: Ya
2026-04-07 10:38:50 - getOutlet.php - Key aplikasi: YbcJSFjkds...
2026-04-07 10:38:50 - getOutlet.php - Expected encrypt: 5b8ae1bc6b9f1f1fb1fdfe9cb8337a80
2026-04-07 10:38:50 - getOutlet.php - Received encrypt: 5b8ae1bc6b9f1f1fb1fdfe9cb8337a80
2026-04-07 10:38:50 - getOutlet.php - Authentication berhasil
2026-04-07 10:38:50 - getOutlet.php - Query: SELECT id_out, nama_out, '' AS alamat_out, ofcode_out
            FROM outlet 
            WHERE status_out IN ('Active', '1', 'active')
            AND (nama_out LIKE :key OR ofcode_out LIKE :key)
            ORDER BY nama_out ASC
            LIMIT 20
2026-04-07 10:38:50 - getOutlet.php - Query berhasil, mengembalikan 16 record
2026-04-07 10:38:50 - getOutlet.php - === END REQUEST ===
2026-04-07 03:38:51 - getOutlet.php - === REQUEST GETOUTLET ===
2026-04-07 03:38:51 - getOutlet.php - Method: POST
2026-04-07 03:38:51 - getOutlet.php - POST data: {"tgl":"2026-04-07","encrypt":"5b8ae1bc6b9f1f1fb1fdfe9cb8337a80","id_apl":"APL01","key":"Mitra keluarga ka"}
2026-04-07 10:38:51 - getOutlet.php - Params - tgl: 2026-04-07, encrypt: 5b8ae1bc6b9f1f1fb1fdfe9cb8337a80, id_apl: APL01, key: Mitra keluarga ka
2026-04-07 10:38:51 - getOutlet.php - Aplikasi ditemukan: Ya
2026-04-07 10:38:51 - getOutlet.php - Key aplikasi: YbcJSFjkds...
2026-04-07 10:38:51 - getOutlet.php - Expected encrypt: 5b8ae1bc6b9f1f1fb1fdfe9cb8337a80
2026-04-07 10:38:51 - getOutlet.php - Received encrypt: 5b8ae1bc6b9f1f1fb1fdfe9cb8337a80
2026-04-07 10:38:51 - getOutlet.php - Authentication berhasil
2026-04-07 10:38:51 - getOutlet.php - Query: SELECT id_out, nama_out, '' AS alamat_out, ofcode_out
            FROM outlet 
            WHERE status_out IN ('Active', '1', 'active')
            AND (nama_out LIKE :key OR ofcode_out LIKE :key)
            ORDER BY nama_out ASC
            LIMIT 20
2026-04-07 10:38:51 - getOutlet.php - Query berhasil, mengembalikan 1 record
2026-04-07 10:38:51 - getOutlet.php - === END REQUEST ===
2026-04-07 03:38:52 - getOutlet.php - === REQUEST GETOUTLET ===
2026-04-07 03:38:52 - getOutlet.php - Method: POST
2026-04-07 03:38:52 - getOutlet.php - POST data: {"tgl":"2026-04-07","encrypt":"5b8ae1bc6b9f1f1fb1fdfe9cb8337a80","id_apl":"APL01","key":"Mitra keluarga ka"}
2026-04-07 10:38:52 - getOutlet.php - Params - tgl: 2026-04-07, encrypt: 5b8ae1bc6b9f1f1fb1fdfe9cb8337a80, id_apl: APL01, key: Mitra keluarga ka
2026-04-07 10:38:52 - getOutlet.php - Aplikasi ditemukan: Ya
2026-04-07 10:38:52 - getOutlet.php - Key aplikasi: YbcJSFjkds...
2026-04-07 10:38:52 - getOutlet.php - Expected encrypt: 5b8ae1bc6b9f1f1fb1fdfe9cb8337a80
2026-04-07 10:38:52 - getOutlet.php - Received encrypt: 5b8ae1bc6b9f1f1fb1fdfe9cb8337a80
2026-04-07 10:38:52 - getOutlet.php - Authentication berhasil
2026-04-07 10:38:52 - getOutlet.php - Query: SELECT id_out, nama_out, '' AS alamat_out, ofcode_out
            FROM outlet 
            WHERE status_out IN ('Active', '1', 'active')
            AND (nama_out LIKE :key OR ofcode_out LIKE :key)
            ORDER BY nama_out ASC
            LIMIT 20
2026-04-07 10:38:52 - getOutlet.php - Query berhasil, mengembalikan 1 record
2026-04-07 10:38:52 - getOutlet.php - === END REQUEST ===
2026-04-07 03:38:53 - getOutlet.php - === REQUEST GETOUTLET ===
2026-04-07 03:38:53 - getOutlet.php - Method: POST
2026-04-07 03:38:53 - getOutlet.php - POST data: {"tgl":"2026-04-07","encrypt":"5b8ae1bc6b9f1f1fb1fdfe9cb8337a80","id_apl":"APL01","key":"RS Mitra Keluarga Kalideres"}
2026-04-07 10:38:53 - getOutlet.php - Params - tgl: 2026-04-07, encrypt: 5b8ae1bc6b9f1f1fb1fdfe9cb8337a80, id_apl: APL01, key: RS Mitra Keluarga Kalideres
2026-04-07 10:38:53 - getOutlet.php - Aplikasi ditemukan: Ya
2026-04-07 10:38:53 - getOutlet.php - Key aplikasi: YbcJSFjkds...
2026-04-07 10:38:53 - getOutlet.php - Expected encrypt: 5b8ae1bc6b9f1f1fb1fdfe9cb8337a80
2026-04-07 10:38:53 - getOutlet.php - Received encrypt: 5b8ae1bc6b9f1f1fb1fdfe9cb8337a80
2026-04-07 10:38:53 - getOutlet.php - Authentication berhasil
2026-04-07 10:38:53 - getOutlet.php - Query: SELECT id_out, nama_out, '' AS alamat_out, ofcode_out
            FROM outlet 
            WHERE status_out IN ('Active', '1', 'active')
            AND (nama_out LIKE :key OR ofcode_out LIKE :key)
            ORDER BY nama_out ASC
            LIMIT 20
2026-04-07 10:38:53 - getOutlet.php - Query berhasil, mengembalikan 1 record
2026-04-07 10:38:53 - getOutlet.php - === END REQUEST ===
2026-04-07 03:39:41 - getOutlet.php - === REQUEST GETOUTLET ===
2026-04-07 03:39:41 - getOutlet.php - Method: POST
2026-04-07 03:39:41 - getOutlet.php - POST data: {"tgl":"2026-04-07","encrypt":"5b8ae1bc6b9f1f1fb1fdfe9cb8337a80","id_apl":"APL01","key":"Pr"}
2026-04-07 10:39:41 - getOutlet.php - Params - tgl: 2026-04-07, encrypt: 5b8ae1bc6b9f1f1fb1fdfe9cb8337a80, id_apl: APL01, key: Pr
2026-04-07 10:39:41 - getOutlet.php - Aplikasi ditemukan: Ya
2026-04-07 10:39:41 - getOutlet.php - Key aplikasi: YbcJSFjkds...
2026-04-07 10:39:41 - getOutlet.php - Expected encrypt: 5b8ae1bc6b9f1f1fb1fdfe9cb8337a80
2026-04-07 10:39:41 - getOutlet.php - Received encrypt: 5b8ae1bc6b9f1f1fb1fdfe9cb8337a80
2026-04-07 10:39:41 - getOutlet.php - Authentication berhasil
2026-04-07 10:39:41 - getOutlet.php - Query: SELECT id_out, nama_out, '' AS alamat_out, ofcode_out
            FROM outlet 
            WHERE status_out IN ('Active', '1', 'active')
            AND (nama_out LIKE :key OR ofcode_out LIKE :key)
            ORDER BY nama_out ASC
            LIMIT 20
2026-04-07 10:39:41 - getOutlet.php - Query berhasil, mengembalikan 20 record
2026-04-07 10:39:41 - getOutlet.php - === END REQUEST ===
2026-04-07 03:39:41 - getOutlet.php - === REQUEST GETOUTLET ===
2026-04-07 03:39:41 - getOutlet.php - Method: POST
2026-04-07 03:39:41 - getOutlet.php - POST data: {"tgl":"2026-04-07","encrypt":"5b8ae1bc6b9f1f1fb1fdfe9cb8337a80","id_apl":"APL01","key":"Pri"}
2026-04-07 10:39:41 - getOutlet.php - Params - tgl: 2026-04-07, encrypt: 5b8ae1bc6b9f1f1fb1fdfe9cb8337a80, id_apl: APL01, key: Pri
2026-04-07 10:39:41 - getOutlet.php - Aplikasi ditemukan: Ya
2026-04-07 10:39:41 - getOutlet.php - Key aplikasi: YbcJSFjkds...
2026-04-07 10:39:41 - getOutlet.php - Expected encrypt: 5b8ae1bc6b9f1f1fb1fdfe9cb8337a80
2026-04-07 10:39:41 - getOutlet.php - Received encrypt: 5b8ae1bc6b9f1f1fb1fdfe9cb8337a80
2026-04-07 10:39:41 - getOutlet.php - Authentication berhasil
2026-04-07 10:39:41 - getOutlet.php - Query: SELECT id_out, nama_out, '' AS alamat_out, ofcode_out
            FROM outlet 
            WHERE status_out IN ('Active', '1', 'active')
            AND (nama_out LIKE :key OR ofcode_out LIKE :key)
            ORDER BY nama_out ASC
            LIMIT 20
2026-04-07 10:39:41 - getOutlet.php - Query berhasil, mengembalikan 20 record
2026-04-07 10:39:41 - getOutlet.php - === END REQUEST ===
2026-04-07 03:39:42 - getOutlet.php - === REQUEST GETOUTLET ===
2026-04-07 03:39:42 - getOutlet.php - Method: POST
2026-04-07 03:39:42 - getOutlet.php - POST data: {"tgl":"2026-04-07","encrypt":"5b8ae1bc6b9f1f1fb1fdfe9cb8337a80","id_apl":"APL01","key":"Prim"}
2026-04-07 10:39:42 - getOutlet.php - Params - tgl: 2026-04-07, encrypt: 5b8ae1bc6b9f1f1fb1fdfe9cb8337a80, id_apl: APL01, key: Prim
2026-04-07 10:39:42 - getOutlet.php - Aplikasi ditemukan: Ya
2026-04-07 10:39:42 - getOutlet.php - Key aplikasi: YbcJSFjkds...
2026-04-07 10:39:42 - getOutlet.php - Expected encrypt: 5b8ae1bc6b9f1f1fb1fdfe9cb8337a80
2026-04-07 10:39:42 - getOutlet.php - Received encrypt: 5b8ae1bc6b9f1f1fb1fdfe9cb8337a80
2026-04-07 10:39:42 - getOutlet.php - Authentication berhasil
2026-04-07 10:39:42 - getOutlet.php - Query: SELECT id_out, nama_out, '' AS alamat_out, ofcode_out
            FROM outlet 
            WHERE status_out IN ('Active', '1', 'active')
            AND (nama_out LIKE :key OR ofcode_out LIKE :key)
            ORDER BY nama_out ASC
            LIMIT 20
2026-04-07 10:39:42 - getOutlet.php - Query berhasil, mengembalikan 20 record
2026-04-07 10:39:42 - getOutlet.php - === END REQUEST ===
2026-04-07 03:39:43 - getOutlet.php - === REQUEST GETOUTLET ===
2026-04-07 03:39:43 - getOutlet.php - Method: POST
2026-04-07 03:39:43 - getOutlet.php - POST data: {"tgl":"2026-04-07","encrypt":"5b8ae1bc6b9f1f1fb1fdfe9cb8337a80","id_apl":"APL01","key":"Primaya"}
2026-04-07 10:39:43 - getOutlet.php - Params - tgl: 2026-04-07, encrypt: 5b8ae1bc6b9f1f1fb1fdfe9cb8337a80, id_apl: APL01, key: Primaya
2026-04-07 10:39:43 - getOutlet.php - Aplikasi ditemukan: Ya
2026-04-07 10:39:43 - getOutlet.php - Key aplikasi: YbcJSFjkds...
2026-04-07 10:39:43 - getOutlet.php - Expected encrypt: 5b8ae1bc6b9f1f1fb1fdfe9cb8337a80
2026-04-07 10:39:43 - getOutlet.php - Received encrypt: 5b8ae1bc6b9f1f1fb1fdfe9cb8337a80
2026-04-07 10:39:43 - getOutlet.php - Authentication berhasil
2026-04-07 10:39:43 - getOutlet.php - Query: SELECT id_out, nama_out, '' AS alamat_out, ofcode_out
            FROM outlet 
            WHERE status_out IN ('Active', '1', 'active')
            AND (nama_out LIKE :key OR ofcode_out LIKE :key)
            ORDER BY nama_out ASC
            LIMIT 20
2026-04-07 10:39:43 - getOutlet.php - Query berhasil, mengembalikan 12 record
2026-04-07 10:39:43 - getOutlet.php - === END REQUEST ===
2026-04-07 03:39:44 - getOutlet.php - === REQUEST GETOUTLET ===
2026-04-07 03:39:44 - getOutlet.php - Method: POST
2026-04-07 03:39:44 - getOutlet.php - POST data: {"tgl":"2026-04-07","encrypt":"5b8ae1bc6b9f1f1fb1fdfe9cb8337a80","id_apl":"APL01","key":"Primaya hos"}
2026-04-07 10:39:44 - getOutlet.php - Params - tgl: 2026-04-07, encrypt: 5b8ae1bc6b9f1f1fb1fdfe9cb8337a80, id_apl: APL01, key: Primaya hos
2026-04-07 10:39:44 - getOutlet.php - Aplikasi ditemukan: Ya
2026-04-07 10:39:44 - getOutlet.php - Key aplikasi: YbcJSFjkds...
2026-04-07 10:39:44 - getOutlet.php - Expected encrypt: 5b8ae1bc6b9f1f1fb1fdfe9cb8337a80
2026-04-07 10:39:44 - getOutlet.php - Received encrypt: 5b8ae1bc6b9f1f1fb1fdfe9cb8337a80
2026-04-07 10:39:44 - getOutlet.php - Authentication berhasil
2026-04-07 10:39:44 - getOutlet.php - Query: SELECT id_out, nama_out, '' AS alamat_out, ofcode_out
            FROM outlet 
            WHERE status_out IN ('Active', '1', 'active')
            AND (nama_out LIKE :key OR ofcode_out LIKE :key)
            ORDER BY nama_out ASC
            LIMIT 20
2026-04-07 10:39:44 - getOutlet.php - Query berhasil, mengembalikan 4 record
2026-04-07 10:39:44 - getOutlet.php - === END REQUEST ===
2026-04-07 03:39:45 - getOutlet.php - === REQUEST GETOUTLET ===
2026-04-07 03:39:45 - getOutlet.php - Method: POST
2026-04-07 03:39:45 - getOutlet.php - POST data: {"tgl":"2026-04-07","encrypt":"5b8ae1bc6b9f1f1fb1fdfe9cb8337a80","id_apl":"APL01","key":"Primaya hos"}
2026-04-07 10:39:45 - getOutlet.php - Params - tgl: 2026-04-07, encrypt: 5b8ae1bc6b9f1f1fb1fdfe9cb8337a80, id_apl: APL01, key: Primaya hos
2026-04-07 10:39:45 - getOutlet.php - Aplikasi ditemukan: Ya
2026-04-07 10:39:45 - getOutlet.php - Key aplikasi: YbcJSFjkds...
2026-04-07 10:39:45 - getOutlet.php - Expected encrypt: 5b8ae1bc6b9f1f1fb1fdfe9cb8337a80
2026-04-07 10:39:45 - getOutlet.php - Received encrypt: 5b8ae1bc6b9f1f1fb1fdfe9cb8337a80
2026-04-07 10:39:45 - getOutlet.php - Authentication berhasil
2026-04-07 10:39:45 - getOutlet.php - Query: SELECT id_out, nama_out, '' AS alamat_out, ofcode_out
            FROM outlet 
            WHERE status_out IN ('Active', '1', 'active')
            AND (nama_out LIKE :key OR ofcode_out LIKE :key)
            ORDER BY nama_out ASC
            LIMIT 20
2026-04-07 10:39:45 - getOutlet.php - Query berhasil, mengembalikan 4 record
2026-04-07 10:39:45 - getOutlet.php - === END REQUEST ===
2026-04-07 03:39:46 - getOutlet.php - === REQUEST GETOUTLET ===
2026-04-07 03:39:46 - getOutlet.php - Method: POST
2026-04-07 03:39:46 - getOutlet.php - POST data: {"tgl":"2026-04-07","encrypt":"5b8ae1bc6b9f1f1fb1fdfe9cb8337a80","id_apl":"APL01","key":"RS Primaya Hospital Tangerang"}
2026-04-07 10:39:46 - getOutlet.php - Params - tgl: 2026-04-07, encrypt: 5b8ae1bc6b9f1f1fb1fdfe9cb8337a80, id_apl: APL01, key: RS Primaya Hospital Tangerang
2026-04-07 10:39:46 - getOutlet.php - Aplikasi ditemukan: Ya
2026-04-07 10:39:46 - getOutlet.php - Key aplikasi: YbcJSFjkds...
2026-04-07 10:39:46 - getOutlet.php - Expected encrypt: 5b8ae1bc6b9f1f1fb1fdfe9cb8337a80
2026-04-07 10:39:46 - getOutlet.php - Received encrypt: 5b8ae1bc6b9f1f1fb1fdfe9cb8337a80
2026-04-07 10:39:46 - getOutlet.php - Authentication berhasil
2026-04-07 10:39:46 - getOutlet.php - Query: SELECT id_out, nama_out, '' AS alamat_out, ofcode_out
            FROM outlet 
            WHERE status_out IN ('Active', '1', 'active')
            AND (nama_out LIKE :key OR ofcode_out LIKE :key)
            ORDER BY nama_out ASC
            LIMIT 20
2026-04-07 10:39:46 - getOutlet.php - Query berhasil, mengembalikan 1 record
2026-04-07 10:39:46 - getOutlet.php - === END REQUEST ===
2026-04-07 03:39:53 - getOutlet.php - === REQUEST GETOUTLET ===
2026-04-07 03:39:53 - getOutlet.php - Method: POST
2026-04-07 03:39:53 - getOutlet.php - POST data: {"tgl":"2026-04-07","encrypt":"5b8ae1bc6b9f1f1fb1fdfe9cb8337a80","id_apl":"APL01","key":"Em"}
2026-04-07 10:39:53 - getOutlet.php - Params - tgl: 2026-04-07, encrypt: 5b8ae1bc6b9f1f1fb1fdfe9cb8337a80, id_apl: APL01, key: Em
2026-04-07 10:39:53 - getOutlet.php - Aplikasi ditemukan: Ya
2026-04-07 10:39:53 - getOutlet.php - Key aplikasi: YbcJSFjkds...
2026-04-07 10:39:53 - getOutlet.php - Expected encrypt: 5b8ae1bc6b9f1f1fb1fdfe9cb8337a80
2026-04-07 10:39:53 - getOutlet.php - Received encrypt: 5b8ae1bc6b9f1f1fb1fdfe9cb8337a80
2026-04-07 10:39:53 - getOutlet.php - Authentication berhasil
2026-04-07 10:39:53 - getOutlet.php - Query: SELECT id_out, nama_out, '' AS alamat_out, ofcode_out
            FROM outlet 
            WHERE status_out IN ('Active', '1', 'active')
            AND (nama_out LIKE :key OR ofcode_out LIKE :key)
            ORDER BY nama_out ASC
            LIMIT 20
2026-04-07 10:39:53 - getOutlet.php - Query berhasil, mengembalikan 20 record
2026-04-07 10:39:53 - getOutlet.php - === END REQUEST ===
2026-04-07 03:39:54 - getOutlet.php - === REQUEST GETOUTLET ===
2026-04-07 03:39:54 - getOutlet.php - Method: POST
2026-04-07 03:39:54 - getOutlet.php - POST data: {"tgl":"2026-04-07","encrypt":"5b8ae1bc6b9f1f1fb1fdfe9cb8337a80","id_apl":"APL01","key":"Em"}
2026-04-07 10:39:54 - getOutlet.php - Params - tgl: 2026-04-07, encrypt: 5b8ae1bc6b9f1f1fb1fdfe9cb8337a80, id_apl: APL01, key: Em
2026-04-07 10:39:54 - getOutlet.php - Aplikasi ditemukan: Ya
2026-04-07 10:39:54 - getOutlet.php - Key aplikasi: YbcJSFjkds...
2026-04-07 10:39:54 - getOutlet.php - Expected encrypt: 5b8ae1bc6b9f1f1fb1fdfe9cb8337a80
2026-04-07 10:39:54 - getOutlet.php - Received encrypt: 5b8ae1bc6b9f1f1fb1fdfe9cb8337a80
2026-04-07 10:39:54 - getOutlet.php - Authentication berhasil
2026-04-07 10:39:54 - getOutlet.php - Query: SELECT id_out, nama_out, '' AS alamat_out, ofcode_out
            FROM outlet 
            WHERE status_out IN ('Active', '1', 'active')
            AND (nama_out LIKE :key OR ofcode_out LIKE :key)
            ORDER BY nama_out ASC
            LIMIT 20
2026-04-07 10:39:54 - getOutlet.php - Query berhasil, mengembalikan 20 record
2026-04-07 10:39:54 - getOutlet.php - === END REQUEST ===
2026-04-07 03:39:54 - getOutlet.php - === REQUEST GETOUTLET ===
2026-04-07 03:39:54 - getOutlet.php - Method: POST
2026-04-07 03:39:54 - getOutlet.php - POST data: {"tgl":"2026-04-07","encrypt":"5b8ae1bc6b9f1f1fb1fdfe9cb8337a80","id_apl":"APL01","key":"Em"}
2026-04-07 10:39:54 - getOutlet.php - Params - tgl: 2026-04-07, encrypt: 5b8ae1bc6b9f1f1fb1fdfe9cb8337a80, id_apl: APL01, key: Em
2026-04-07 10:39:54 - getOutlet.php - Aplikasi ditemukan: Ya
2026-04-07 10:39:54 - getOutlet.php - Key aplikasi: YbcJSFjkds...
2026-04-07 10:39:54 - getOutlet.php - Expected encrypt: 5b8ae1bc6b9f1f1fb1fdfe9cb8337a80
2026-04-07 10:39:54 - getOutlet.php - Received encrypt: 5b8ae1bc6b9f1f1fb1fdfe9cb8337a80
2026-04-07 10:39:54 - getOutlet.php - Authentication berhasil
2026-04-07 10:39:54 - getOutlet.php - Query: SELECT id_out, nama_out, '' AS alamat_out, ofcode_out
            FROM outlet 
            WHERE status_out IN ('Active', '1', 'active')
            AND (nama_out LIKE :key OR ofcode_out LIKE :key)
            ORDER BY nama_out ASC
            LIMIT 20
2026-04-07 10:39:54 - getOutlet.php - Query berhasil, mengembalikan 20 record
2026-04-07 10:39:54 - getOutlet.php - === END REQUEST ===
2026-04-07 03:39:54 - getOutlet.php - === REQUEST GETOUTLET ===
2026-04-07 03:39:54 - getOutlet.php - Method: POST
2026-04-07 03:39:54 - getOutlet.php - POST data: {"tgl":"2026-04-07","encrypt":"5b8ae1bc6b9f1f1fb1fdfe9cb8337a80","id_apl":"APL01","key":"Em."}
2026-04-07 10:39:54 - getOutlet.php - Params - tgl: 2026-04-07, encrypt: 5b8ae1bc6b9f1f1fb1fdfe9cb8337a80, id_apl: APL01, key: Em.
2026-04-07 10:39:54 - getOutlet.php - Aplikasi ditemukan: Ya
2026-04-07 10:39:54 - getOutlet.php - Key aplikasi: YbcJSFjkds...
2026-04-07 10:39:54 - getOutlet.php - Expected encrypt: 5b8ae1bc6b9f1f1fb1fdfe9cb8337a80
2026-04-07 10:39:54 - getOutlet.php - Received encrypt: 5b8ae1bc6b9f1f1fb1fdfe9cb8337a80
2026-04-07 10:39:54 - getOutlet.php - Authentication berhasil
2026-04-07 10:39:54 - getOutlet.php - Query: SELECT id_out, nama_out, '' AS alamat_out, ofcode_out
            FROM outlet 
            WHERE status_out IN ('Active', '1', 'active')
            AND (nama_out LIKE :key OR ofcode_out LIKE :key)
            ORDER BY nama_out ASC
            LIMIT 20
2026-04-07 10:39:54 - getOutlet.php - Query berhasil, mengembalikan 0 record
2026-04-07 10:39:54 - getOutlet.php - === END REQUEST ===
2026-04-07 03:39:55 - getOutlet.php - === REQUEST GETOUTLET ===
2026-04-07 03:39:55 - getOutlet.php - Method: POST
2026-04-07 03:39:55 - getOutlet.php - POST data: {"tgl":"2026-04-07","encrypt":"5b8ae1bc6b9f1f1fb1fdfe9cb8337a80","id_apl":"APL01","key":"Em."}
2026-04-07 10:39:55 - getOutlet.php - Params - tgl: 2026-04-07, encrypt: 5b8ae1bc6b9f1f1fb1fdfe9cb8337a80, id_apl: APL01, key: Em.
2026-04-07 10:39:55 - getOutlet.php - Aplikasi ditemukan: Ya
2026-04-07 10:39:55 - getOutlet.php - Key aplikasi: YbcJSFjkds...
2026-04-07 10:39:55 - getOutlet.php - Expected encrypt: 5b8ae1bc6b9f1f1fb1fdfe9cb8337a80
2026-04-07 10:39:55 - getOutlet.php - Received encrypt: 5b8ae1bc6b9f1f1fb1fdfe9cb8337a80
2026-04-07 10:39:55 - getOutlet.php - Authentication berhasil
2026-04-07 10:39:55 - getOutlet.php - Query: SELECT id_out, nama_out, '' AS alamat_out, ofcode_out
            FROM outlet 
            WHERE status_out IN ('Active', '1', 'active')
            AND (nama_out LIKE :key OR ofcode_out LIKE :key)
            ORDER BY nama_out ASC
            LIMIT 20
2026-04-07 10:39:55 - getOutlet.php - Query berhasil, mengembalikan 0 record
2026-04-07 10:39:55 - getOutlet.php - === END REQUEST ===
2026-04-07 03:39:55 - getOutlet.php - === REQUEST GETOUTLET ===
2026-04-07 03:39:55 - getOutlet.php - Method: POST
2026-04-07 03:39:55 - getOutlet.php - POST data: {"tgl":"2026-04-07","encrypt":"5b8ae1bc6b9f1f1fb1fdfe9cb8337a80","id_apl":"APL01","key":"Em"}
2026-04-07 10:39:55 - getOutlet.php - Params - tgl: 2026-04-07, encrypt: 5b8ae1bc6b9f1f1fb1fdfe9cb8337a80, id_apl: APL01, key: Em
2026-04-07 10:39:55 - getOutlet.php - Aplikasi ditemukan: Ya
2026-04-07 10:39:55 - getOutlet.php - Key aplikasi: YbcJSFjkds...
2026-04-07 10:39:55 - getOutlet.php - Expected encrypt: 5b8ae1bc6b9f1f1fb1fdfe9cb8337a80
2026-04-07 10:39:55 - getOutlet.php - Received encrypt: 5b8ae1bc6b9f1f1fb1fdfe9cb8337a80
2026-04-07 10:39:55 - getOutlet.php - Authentication berhasil
2026-04-07 10:39:55 - getOutlet.php - Query: SELECT id_out, nama_out, '' AS alamat_out, ofcode_out
            FROM outlet 
            WHERE status_out IN ('Active', '1', 'active')
            AND (nama_out LIKE :key OR ofcode_out LIKE :key)
            ORDER BY nama_out ASC
            LIMIT 20
2026-04-07 10:39:55 - getOutlet.php - Query berhasil, mengembalikan 20 record
2026-04-07 10:39:55 - getOutlet.php - === END REQUEST ===
2026-04-07 03:39:55 - getOutlet.php - === REQUEST GETOUTLET ===
2026-04-07 03:39:55 - getOutlet.php - Method: POST
2026-04-07 03:39:55 - getOutlet.php - POST data: {"tgl":"2026-04-07","encrypt":"5b8ae1bc6b9f1f1fb1fdfe9cb8337a80","id_apl":"APL01","key":"Emc"}
2026-04-07 10:39:55 - getOutlet.php - Params - tgl: 2026-04-07, encrypt: 5b8ae1bc6b9f1f1fb1fdfe9cb8337a80, id_apl: APL01, key: Emc
2026-04-07 10:39:55 - getOutlet.php - Aplikasi ditemukan: Ya
2026-04-07 10:39:55 - getOutlet.php - Key aplikasi: YbcJSFjkds...
2026-04-07 10:39:55 - getOutlet.php - Expected encrypt: 5b8ae1bc6b9f1f1fb1fdfe9cb8337a80
2026-04-07 10:39:55 - getOutlet.php - Received encrypt: 5b8ae1bc6b9f1f1fb1fdfe9cb8337a80
2026-04-07 10:39:55 - getOutlet.php - Authentication berhasil
2026-04-07 10:39:55 - getOutlet.php - Query: SELECT id_out, nama_out, '' AS alamat_out, ofcode_out
            FROM outlet 
            WHERE status_out IN ('Active', '1', 'active')
            AND (nama_out LIKE :key OR ofcode_out LIKE :key)
            ORDER BY nama_out ASC
            LIMIT 20
2026-04-07 10:39:55 - getOutlet.php - Query berhasil, mengembalikan 7 record
2026-04-07 10:39:55 - getOutlet.php - === END REQUEST ===
2026-04-07 03:39:56 - getOutlet.php - === REQUEST GETOUTLET ===
2026-04-07 03:39:56 - getOutlet.php - Method: POST
2026-04-07 03:39:56 - getOutlet.php - POST data: {"tgl":"2026-04-07","encrypt":"5b8ae1bc6b9f1f1fb1fdfe9cb8337a80","id_apl":"APL01","key":"Emc"}
2026-04-07 10:39:56 - getOutlet.php - Params - tgl: 2026-04-07, encrypt: 5b8ae1bc6b9f1f1fb1fdfe9cb8337a80, id_apl: APL01, key: Emc
2026-04-07 10:39:56 - getOutlet.php - Aplikasi ditemukan: Ya
2026-04-07 10:39:56 - getOutlet.php - Key aplikasi: YbcJSFjkds...
2026-04-07 10:39:56 - getOutlet.php - Expected encrypt: 5b8ae1bc6b9f1f1fb1fdfe9cb8337a80
2026-04-07 10:39:56 - getOutlet.php - Received encrypt: 5b8ae1bc6b9f1f1fb1fdfe9cb8337a80
2026-04-07 10:39:56 - getOutlet.php - Authentication berhasil
2026-04-07 10:39:56 - getOutlet.php - Query: SELECT id_out, nama_out, '' AS alamat_out, ofcode_out
            FROM outlet 
            WHERE status_out IN ('Active', '1', 'active')
            AND (nama_out LIKE :key OR ofcode_out LIKE :key)
            ORDER BY nama_out ASC
            LIMIT 20
2026-04-07 10:39:56 - getOutlet.php - Query berhasil, mengembalikan 7 record
2026-04-07 10:39:56 - getOutlet.php - === END REQUEST ===
2026-04-07 03:39:56 - getOutlet.php - === REQUEST GETOUTLET ===
2026-04-07 03:39:56 - getOutlet.php - Method: POST
2026-04-07 03:39:56 - getOutlet.php - POST data: {"tgl":"2026-04-07","encrypt":"5b8ae1bc6b9f1f1fb1fdfe9cb8337a80","id_apl":"APL01","key":"Emc a"}
2026-04-07 10:39:56 - getOutlet.php - Params - tgl: 2026-04-07, encrypt: 5b8ae1bc6b9f1f1fb1fdfe9cb8337a80, id_apl: APL01, key: Emc a
2026-04-07 10:39:56 - getOutlet.php - Aplikasi ditemukan: Ya
2026-04-07 10:39:56 - getOutlet.php - Key aplikasi: YbcJSFjkds...
2026-04-07 10:39:56 - getOutlet.php - Expected encrypt: 5b8ae1bc6b9f1f1fb1fdfe9cb8337a80
2026-04-07 10:39:56 - getOutlet.php - Received encrypt: 5b8ae1bc6b9f1f1fb1fdfe9cb8337a80
2026-04-07 10:39:56 - getOutlet.php - Authentication berhasil
2026-04-07 10:39:56 - getOutlet.php - Query: SELECT id_out, nama_out, '' AS alamat_out, ofcode_out
            FROM outlet 
            WHERE status_out IN ('Active', '1', 'active')
            AND (nama_out LIKE :key OR ofcode_out LIKE :key)
            ORDER BY nama_out ASC
            LIMIT 20
2026-04-07 10:39:56 - getOutlet.php - Query berhasil, mengembalikan 1 record
2026-04-07 10:39:56 - getOutlet.php - === END REQUEST ===
2026-04-07 03:39:57 - getOutlet.php - === REQUEST GETOUTLET ===
2026-04-07 03:39:57 - getOutlet.php - Method: POST
2026-04-07 03:39:57 - getOutlet.php - POST data: {"tgl":"2026-04-07","encrypt":"5b8ae1bc6b9f1f1fb1fdfe9cb8337a80","id_apl":"APL01","key":"Emc aa"}
2026-04-07 10:39:57 - getOutlet.php - Params - tgl: 2026-04-07, encrypt: 5b8ae1bc6b9f1f1fb1fdfe9cb8337a80, id_apl: APL01, key: Emc aa
2026-04-07 10:39:57 - getOutlet.php - Aplikasi ditemukan: Ya
2026-04-07 10:39:57 - getOutlet.php - Key aplikasi: YbcJSFjkds...
2026-04-07 10:39:57 - getOutlet.php - Expected encrypt: 5b8ae1bc6b9f1f1fb1fdfe9cb8337a80
2026-04-07 10:39:57 - getOutlet.php - Received encrypt: 5b8ae1bc6b9f1f1fb1fdfe9cb8337a80
2026-04-07 10:39:57 - getOutlet.php - Authentication berhasil
2026-04-07 10:39:57 - getOutlet.php - Query: SELECT id_out, nama_out, '' AS alamat_out, ofcode_out
            FROM outlet 
            WHERE status_out IN ('Active', '1', 'active')
            AND (nama_out LIKE :key OR ofcode_out LIKE :key)
            ORDER BY nama_out ASC
            LIMIT 20
2026-04-07 10:39:57 - getOutlet.php - Query berhasil, mengembalikan 0 record
2026-04-07 10:39:57 - getOutlet.php - === END REQUEST ===
2026-04-07 03:39:57 - getOutlet.php - === REQUEST GETOUTLET ===
2026-04-07 03:39:57 - getOutlet.php - Method: POST
2026-04-07 03:39:57 - getOutlet.php - POST data: {"tgl":"2026-04-07","encrypt":"5b8ae1bc6b9f1f1fb1fdfe9cb8337a80","id_apl":"APL01","key":"Emc aal"}
2026-04-07 10:39:57 - getOutlet.php - Params - tgl: 2026-04-07, encrypt: 5b8ae1bc6b9f1f1fb1fdfe9cb8337a80, id_apl: APL01, key: Emc aal
2026-04-07 10:39:57 - getOutlet.php - Aplikasi ditemukan: Ya
2026-04-07 10:39:57 - getOutlet.php - Key aplikasi: YbcJSFjkds...
2026-04-07 10:39:57 - getOutlet.php - Expected encrypt: 5b8ae1bc6b9f1f1fb1fdfe9cb8337a80
2026-04-07 10:39:57 - getOutlet.php - Received encrypt: 5b8ae1bc6b9f1f1fb1fdfe9cb8337a80
2026-04-07 10:39:57 - getOutlet.php - Authentication berhasil
2026-04-07 10:39:57 - getOutlet.php - Query: SELECT id_out, nama_out, '' AS alamat_out, ofcode_out
            FROM outlet 
            WHERE status_out IN ('Active', '1', 'active')
            AND (nama_out LIKE :key OR ofcode_out LIKE :key)
            ORDER BY nama_out ASC
            LIMIT 20
2026-04-07 10:39:57 - getOutlet.php - Query berhasil, mengembalikan 0 record
2026-04-07 10:39:57 - getOutlet.php - === END REQUEST ===
2026-04-07 03:39:57 - getOutlet.php - === REQUEST GETOUTLET ===
2026-04-07 03:39:57 - getOutlet.php - Method: POST
2026-04-07 03:39:57 - getOutlet.php - POST data: {"tgl":"2026-04-07","encrypt":"5b8ae1bc6b9f1f1fb1fdfe9cb8337a80","id_apl":"APL01","key":"Emc aala"}
2026-04-07 10:39:57 - getOutlet.php - Params - tgl: 2026-04-07, encrypt: 5b8ae1bc6b9f1f1fb1fdfe9cb8337a80, id_apl: APL01, key: Emc aala
2026-04-07 10:39:57 - getOutlet.php - Aplikasi ditemukan: Ya
2026-04-07 10:39:57 - getOutlet.php - Key aplikasi: YbcJSFjkds...
2026-04-07 10:39:57 - getOutlet.php - Expected encrypt: 5b8ae1bc6b9f1f1fb1fdfe9cb8337a80
2026-04-07 10:39:57 - getOutlet.php - Received encrypt: 5b8ae1bc6b9f1f1fb1fdfe9cb8337a80
2026-04-07 10:39:57 - getOutlet.php - Authentication berhasil
2026-04-07 10:39:57 - getOutlet.php - Query: SELECT id_out, nama_out, '' AS alamat_out, ofcode_out
            FROM outlet 
            WHERE status_out IN ('Active', '1', 'active')
            AND (nama_out LIKE :key OR ofcode_out LIKE :key)
            ORDER BY nama_out ASC
            LIMIT 20
2026-04-07 10:39:57 - getOutlet.php - Query berhasil, mengembalikan 0 record
2026-04-07 10:39:57 - getOutlet.php - === END REQUEST ===
2026-04-07 03:39:57 - getOutlet.php - === REQUEST GETOUTLET ===
2026-04-07 03:39:57 - getOutlet.php - Method: POST
2026-04-07 03:39:57 - getOutlet.php - POST data: {"tgl":"2026-04-07","encrypt":"5b8ae1bc6b9f1f1fb1fdfe9cb8337a80","id_apl":"APL01","key":"Emc aal"}
2026-04-07 10:39:57 - getOutlet.php - Params - tgl: 2026-04-07, encrypt: 5b8ae1bc6b9f1f1fb1fdfe9cb8337a80, id_apl: APL01, key: Emc aal
2026-04-07 10:39:57 - getOutlet.php - Aplikasi ditemukan: Ya
2026-04-07 10:39:57 - getOutlet.php - Key aplikasi: YbcJSFjkds...
2026-04-07 10:39:57 - getOutlet.php - Expected encrypt: 5b8ae1bc6b9f1f1fb1fdfe9cb8337a80
2026-04-07 10:39:57 - getOutlet.php - Received encrypt: 5b8ae1bc6b9f1f1fb1fdfe9cb8337a80
2026-04-07 10:39:57 - getOutlet.php - Authentication berhasil
2026-04-07 10:39:57 - getOutlet.php - Query: SELECT id_out, nama_out, '' AS alamat_out, ofcode_out
            FROM outlet 
            WHERE status_out IN ('Active', '1', 'active')
            AND (nama_out LIKE :key OR ofcode_out LIKE :key)
            ORDER BY nama_out ASC
            LIMIT 20
2026-04-07 10:39:57 - getOutlet.php - Query berhasil, mengembalikan 0 record
2026-04-07 10:39:57 - getOutlet.php - === END REQUEST ===
2026-04-07 03:39:58 - getOutlet.php - === REQUEST GETOUTLET ===
2026-04-07 03:39:58 - getOutlet.php - Method: POST
2026-04-07 03:39:58 - getOutlet.php - POST data: {"tgl":"2026-04-07","encrypt":"5b8ae1bc6b9f1f1fb1fdfe9cb8337a80","id_apl":"APL01","key":"Emc aa"}
2026-04-07 10:39:58 - getOutlet.php - Params - tgl: 2026-04-07, encrypt: 5b8ae1bc6b9f1f1fb1fdfe9cb8337a80, id_apl: APL01, key: Emc aa
2026-04-07 10:39:58 - getOutlet.php - Aplikasi ditemukan: Ya
2026-04-07 10:39:58 - getOutlet.php - Key aplikasi: YbcJSFjkds...
2026-04-07 10:39:58 - getOutlet.php - Expected encrypt: 5b8ae1bc6b9f1f1fb1fdfe9cb8337a80
2026-04-07 10:39:58 - getOutlet.php - Received encrypt: 5b8ae1bc6b9f1f1fb1fdfe9cb8337a80
2026-04-07 10:39:58 - getOutlet.php - Authentication berhasil
2026-04-07 10:39:58 - getOutlet.php - Query: SELECT id_out, nama_out, '' AS alamat_out, ofcode_out
            FROM outlet 
            WHERE status_out IN ('Active', '1', 'active')
            AND (nama_out LIKE :key OR ofcode_out LIKE :key)
            ORDER BY nama_out ASC
            LIMIT 20
2026-04-07 10:39:58 - getOutlet.php - Query berhasil, mengembalikan 0 record
2026-04-07 10:39:58 - getOutlet.php - === END REQUEST ===
2026-04-07 03:39:58 - getOutlet.php - === REQUEST GETOUTLET ===
2026-04-07 03:39:58 - getOutlet.php - Method: POST
2026-04-07 03:39:58 - getOutlet.php - POST data: {"tgl":"2026-04-07","encrypt":"5b8ae1bc6b9f1f1fb1fdfe9cb8337a80","id_apl":"APL01","key":"Emc a"}
2026-04-07 10:39:58 - getOutlet.php - Params - tgl: 2026-04-07, encrypt: 5b8ae1bc6b9f1f1fb1fdfe9cb8337a80, id_apl: APL01, key: Emc a
2026-04-07 10:39:58 - getOutlet.php - Aplikasi ditemukan: Ya
2026-04-07 10:39:58 - getOutlet.php - Key aplikasi: YbcJSFjkds...
2026-04-07 10:39:58 - getOutlet.php - Expected encrypt: 5b8ae1bc6b9f1f1fb1fdfe9cb8337a80
2026-04-07 10:39:58 - getOutlet.php - Received encrypt: 5b8ae1bc6b9f1f1fb1fdfe9cb8337a80
2026-04-07 10:39:58 - getOutlet.php - Authentication berhasil
2026-04-07 10:39:58 - getOutlet.php - Query: SELECT id_out, nama_out, '' AS alamat_out, ofcode_out
            FROM outlet 
            WHERE status_out IN ('Active', '1', 'active')
            AND (nama_out LIKE :key OR ofcode_out LIKE :key)
            ORDER BY nama_out ASC
            LIMIT 20
2026-04-07 10:39:58 - getOutlet.php - Query berhasil, mengembalikan 1 record
2026-04-07 10:39:58 - getOutlet.php - === END REQUEST ===
2026-04-07 03:39:59 - getOutlet.php - === REQUEST GETOUTLET ===
2026-04-07 03:39:59 - getOutlet.php - Method: POST
2026-04-07 03:39:59 - getOutlet.php - POST data: {"tgl":"2026-04-07","encrypt":"5b8ae1bc6b9f1f1fb1fdfe9cb8337a80","id_apl":"APL01","key":"Emc al"}
2026-04-07 10:39:59 - getOutlet.php - Params - tgl: 2026-04-07, encrypt: 5b8ae1bc6b9f1f1fb1fdfe9cb8337a80, id_apl: APL01, key: Emc al
2026-04-07 10:39:59 - getOutlet.php - Aplikasi ditemukan: Ya
2026-04-07 10:39:59 - getOutlet.php - Key aplikasi: YbcJSFjkds...
2026-04-07 10:39:59 - getOutlet.php - Expected encrypt: 5b8ae1bc6b9f1f1fb1fdfe9cb8337a80
2026-04-07 10:39:59 - getOutlet.php - Received encrypt: 5b8ae1bc6b9f1f1fb1fdfe9cb8337a80
2026-04-07 10:39:59 - getOutlet.php - Authentication berhasil
2026-04-07 10:39:59 - getOutlet.php - Query: SELECT id_out, nama_out, '' AS alamat_out, ofcode_out
            FROM outlet 
            WHERE status_out IN ('Active', '1', 'active')
            AND (nama_out LIKE :key OR ofcode_out LIKE :key)
            ORDER BY nama_out ASC
            LIMIT 20
2026-04-07 10:39:59 - getOutlet.php - Query berhasil, mengembalikan 1 record
2026-04-07 10:39:59 - getOutlet.php - === END REQUEST ===
2026-04-07 03:39:59 - getOutlet.php - === REQUEST GETOUTLET ===
2026-04-07 03:39:59 - getOutlet.php - Method: POST
2026-04-07 03:39:59 - getOutlet.php - POST data: {"tgl":"2026-04-07","encrypt":"5b8ae1bc6b9f1f1fb1fdfe9cb8337a80","id_apl":"APL01","key":"Emc ala"}
2026-04-07 10:39:59 - getOutlet.php - Params - tgl: 2026-04-07, encrypt: 5b8ae1bc6b9f1f1fb1fdfe9cb8337a80, id_apl: APL01, key: Emc ala
2026-04-07 10:39:59 - getOutlet.php - Aplikasi ditemukan: Ya
2026-04-07 10:39:59 - getOutlet.php - Key aplikasi: YbcJSFjkds...
2026-04-07 10:39:59 - getOutlet.php - Expected encrypt: 5b8ae1bc6b9f1f1fb1fdfe9cb8337a80
2026-04-07 10:39:59 - getOutlet.php - Received encrypt: 5b8ae1bc6b9f1f1fb1fdfe9cb8337a80
2026-04-07 10:39:59 - getOutlet.php - Authentication berhasil
2026-04-07 10:39:59 - getOutlet.php - Query: SELECT id_out, nama_out, '' AS alamat_out, ofcode_out
            FROM outlet 
            WHERE status_out IN ('Active', '1', 'active')
            AND (nama_out LIKE :key OR ofcode_out LIKE :key)
            ORDER BY nama_out ASC
            LIMIT 20
2026-04-07 10:39:59 - getOutlet.php - Query berhasil, mengembalikan 1 record
2026-04-07 10:39:59 - getOutlet.php - === END REQUEST ===
2026-04-07 03:40:01 - getOutlet.php - === REQUEST GETOUTLET ===
2026-04-07 03:40:01 - getOutlet.php - Method: POST
2026-04-07 03:40:01 - getOutlet.php - POST data: {"tgl":"2026-04-07","encrypt":"5b8ae1bc6b9f1f1fb1fdfe9cb8337a80","id_apl":"APL01","key":"RS EMC ALAM SUTERA"}
2026-04-07 10:40:01 - getOutlet.php - Params - tgl: 2026-04-07, encrypt: 5b8ae1bc6b9f1f1fb1fdfe9cb8337a80, id_apl: APL01, key: RS EMC ALAM SUTERA
2026-04-07 10:40:01 - getOutlet.php - Aplikasi ditemukan: Ya
2026-04-07 10:40:01 - getOutlet.php - Key aplikasi: YbcJSFjkds...
2026-04-07 10:40:01 - getOutlet.php - Expected encrypt: 5b8ae1bc6b9f1f1fb1fdfe9cb8337a80
2026-04-07 10:40:01 - getOutlet.php - Received encrypt: 5b8ae1bc6b9f1f1fb1fdfe9cb8337a80
2026-04-07 10:40:01 - getOutlet.php - Authentication berhasil
2026-04-07 10:40:01 - getOutlet.php - Query: SELECT id_out, nama_out, '' AS alamat_out, ofcode_out
            FROM outlet 
            WHERE status_out IN ('Active', '1', 'active')
            AND (nama_out LIKE :key OR ofcode_out LIKE :key)
            ORDER BY nama_out ASC
            LIMIT 20
2026-04-07 10:40:01 - getOutlet.php - Query berhasil, mengembalikan 1 record
2026-04-07 10:40:01 - getOutlet.php - === END REQUEST ===
2026-04-07 03:40:35 - getOutlet.php - === REQUEST GETOUTLET ===
2026-04-07 03:40:35 - getOutlet.php - Method: POST
2026-04-07 03:40:35 - getOutlet.php - POST data: {"tgl":"2026-04-07","encrypt":"5b8ae1bc6b9f1f1fb1fdfe9cb8337a80","id_apl":"APL01","key":"Si"}
2026-04-07 10:40:35 - getOutlet.php - Params - tgl: 2026-04-07, encrypt: 5b8ae1bc6b9f1f1fb1fdfe9cb8337a80, id_apl: APL01, key: Si
2026-04-07 10:40:35 - getOutlet.php - Aplikasi ditemukan: Ya
2026-04-07 10:40:35 - getOutlet.php - Key aplikasi: YbcJSFjkds...
2026-04-07 10:40:35 - getOutlet.php - Expected encrypt: 5b8ae1bc6b9f1f1fb1fdfe9cb8337a80
2026-04-07 10:40:35 - getOutlet.php - Received encrypt: 5b8ae1bc6b9f1f1fb1fdfe9cb8337a80
2026-04-07 10:40:35 - getOutlet.php - Authentication berhasil
2026-04-07 10:40:35 - getOutlet.php - Query: SELECT id_out, nama_out, '' AS alamat_out, ofcode_out
            FROM outlet 
            WHERE status_out IN ('Active', '1', 'active')
            AND (nama_out LIKE :key OR ofcode_out LIKE :key)
            ORDER BY nama_out ASC
            LIMIT 20
2026-04-07 10:40:35 - getOutlet.php - Query berhasil, mengembalikan 20 record
2026-04-07 10:40:35 - getOutlet.php - === END REQUEST ===
2026-04-07 03:40:35 - getOutlet.php - === REQUEST GETOUTLET ===
2026-04-07 03:40:35 - getOutlet.php - Method: POST
2026-04-07 03:40:35 - getOutlet.php - POST data: {"tgl":"2026-04-07","encrypt":"5b8ae1bc6b9f1f1fb1fdfe9cb8337a80","id_apl":"APL01","key":"Sil"}
2026-04-07 10:40:35 - getOutlet.php - Params - tgl: 2026-04-07, encrypt: 5b8ae1bc6b9f1f1fb1fdfe9cb8337a80, id_apl: APL01, key: Sil
2026-04-07 10:40:35 - getOutlet.php - Aplikasi ditemukan: Ya
2026-04-07 10:40:35 - getOutlet.php - Key aplikasi: YbcJSFjkds...
2026-04-07 10:40:35 - getOutlet.php - Expected encrypt: 5b8ae1bc6b9f1f1fb1fdfe9cb8337a80
2026-04-07 10:40:35 - getOutlet.php - Received encrypt: 5b8ae1bc6b9f1f1fb1fdfe9cb8337a80
2026-04-07 10:40:35 - getOutlet.php - Authentication berhasil
2026-04-07 10:40:35 - getOutlet.php - Query: SELECT id_out, nama_out, '' AS alamat_out, ofcode_out
            FROM outlet 
            WHERE status_out IN ('Active', '1', 'active')
            AND (nama_out LIKE :key OR ofcode_out LIKE :key)
            ORDER BY nama_out ASC
            LIMIT 20
2026-04-07 10:40:35 - getOutlet.php - Query berhasil, mengembalikan 19 record
2026-04-07 10:40:35 - getOutlet.php - === END REQUEST ===
2026-04-07 03:40:36 - getOutlet.php - === REQUEST GETOUTLET ===
2026-04-07 03:40:36 - getOutlet.php - Method: POST
2026-04-07 03:40:36 - getOutlet.php - POST data: {"tgl":"2026-04-07","encrypt":"5b8ae1bc6b9f1f1fb1fdfe9cb8337a80","id_apl":"APL01","key":"Silo"}
2026-04-07 10:40:36 - getOutlet.php - Params - tgl: 2026-04-07, encrypt: 5b8ae1bc6b9f1f1fb1fdfe9cb8337a80, id_apl: APL01, key: Silo
2026-04-07 10:40:36 - getOutlet.php - Aplikasi ditemukan: Ya
2026-04-07 10:40:36 - getOutlet.php - Key aplikasi: YbcJSFjkds...
2026-04-07 10:40:36 - getOutlet.php - Expected encrypt: 5b8ae1bc6b9f1f1fb1fdfe9cb8337a80
2026-04-07 10:40:36 - getOutlet.php - Received encrypt: 5b8ae1bc6b9f1f1fb1fdfe9cb8337a80
2026-04-07 10:40:36 - getOutlet.php - Authentication berhasil
2026-04-07 10:40:36 - getOutlet.php - Query: SELECT id_out, nama_out, '' AS alamat_out, ofcode_out
            FROM outlet 
            WHERE status_out IN ('Active', '1', 'active')
            AND (nama_out LIKE :key OR ofcode_out LIKE :key)
            ORDER BY nama_out ASC
            LIMIT 20
2026-04-07 10:40:36 - getOutlet.php - Query berhasil, mengembalikan 17 record
2026-04-07 10:40:36 - getOutlet.php - === END REQUEST ===
2026-04-07 03:40:36 - getOutlet.php - === REQUEST GETOUTLET ===
2026-04-07 03:40:36 - getOutlet.php - Method: POST
2026-04-07 03:40:36 - getOutlet.php - POST data: {"tgl":"2026-04-07","encrypt":"5b8ae1bc6b9f1f1fb1fdfe9cb8337a80","id_apl":"APL01","key":"Siloam"}
2026-04-07 10:40:36 - getOutlet.php - Params - tgl: 2026-04-07, encrypt: 5b8ae1bc6b9f1f1fb1fdfe9cb8337a80, id_apl: APL01, key: Siloam
2026-04-07 10:40:36 - getOutlet.php - Aplikasi ditemukan: Ya
2026-04-07 10:40:36 - getOutlet.php - Key aplikasi: YbcJSFjkds...
2026-04-07 10:40:36 - getOutlet.php - Expected encrypt: 5b8ae1bc6b9f1f1fb1fdfe9cb8337a80
2026-04-07 10:40:36 - getOutlet.php - Received encrypt: 5b8ae1bc6b9f1f1fb1fdfe9cb8337a80
2026-04-07 10:40:36 - getOutlet.php - Authentication berhasil
2026-04-07 10:40:36 - getOutlet.php - Query: SELECT id_out, nama_out, '' AS alamat_out, ofcode_out
            FROM outlet 
            WHERE status_out IN ('Active', '1', 'active')
            AND (nama_out LIKE :key OR ofcode_out LIKE :key)
            ORDER BY nama_out ASC
            LIMIT 20
2026-04-07 10:40:36 - getOutlet.php - Query berhasil, mengembalikan 17 record
2026-04-07 10:40:36 - getOutlet.php - === END REQUEST ===
2026-04-07 03:40:38 - getOutlet.php - === REQUEST GETOUTLET ===
2026-04-07 03:40:38 - getOutlet.php - Method: POST
2026-04-07 03:40:38 - getOutlet.php - POST data: {"tgl":"2026-04-07","encrypt":"5b8ae1bc6b9f1f1fb1fdfe9cb8337a80","id_apl":"APL01","key":"Siloam hospital"}
2026-04-07 10:40:38 - getOutlet.php - Params - tgl: 2026-04-07, encrypt: 5b8ae1bc6b9f1f1fb1fdfe9cb8337a80, id_apl: APL01, key: Siloam hospital
2026-04-07 10:40:38 - getOutlet.php - Aplikasi ditemukan: Ya
2026-04-07 10:40:38 - getOutlet.php - Key aplikasi: YbcJSFjkds...
2026-04-07 10:40:38 - getOutlet.php - Expected encrypt: 5b8ae1bc6b9f1f1fb1fdfe9cb8337a80
2026-04-07 10:40:38 - getOutlet.php - Received encrypt: 5b8ae1bc6b9f1f1fb1fdfe9cb8337a80
2026-04-07 10:40:38 - getOutlet.php - Authentication berhasil
2026-04-07 10:40:38 - getOutlet.php - Query: SELECT id_out, nama_out, '' AS alamat_out, ofcode_out
            FROM outlet 
            WHERE status_out IN ('Active', '1', 'active')
            AND (nama_out LIKE :key OR ofcode_out LIKE :key)
            ORDER BY nama_out ASC
            LIMIT 20
2026-04-07 10:40:38 - getOutlet.php - Query berhasil, mengembalikan 5 record
2026-04-07 10:40:38 - getOutlet.php - === END REQUEST ===
2026-04-07 03:40:40 - getOutlet.php - === REQUEST GETOUTLET ===
2026-04-07 03:40:40 - getOutlet.php - Method: POST
2026-04-07 03:40:40 - getOutlet.php - POST data: {"tgl":"2026-04-07","encrypt":"5b8ae1bc6b9f1f1fb1fdfe9cb8337a80","id_apl":"APL01","key":"RS SILOAM HOSPITALS KELAPA DUA "}
2026-04-07 10:40:40 - getOutlet.php - Params - tgl: 2026-04-07, encrypt: 5b8ae1bc6b9f1f1fb1fdfe9cb8337a80, id_apl: APL01, key: RS SILOAM HOSPITALS KELAPA DUA
2026-04-07 10:40:40 - getOutlet.php - Aplikasi ditemukan: Ya
2026-04-07 10:40:40 - getOutlet.php - Key aplikasi: YbcJSFjkds...
2026-04-07 10:40:40 - getOutlet.php - Expected encrypt: 5b8ae1bc6b9f1f1fb1fdfe9cb8337a80
2026-04-07 10:40:40 - getOutlet.php - Received encrypt: 5b8ae1bc6b9f1f1fb1fdfe9cb8337a80
2026-04-07 10:40:40 - getOutlet.php - Authentication berhasil
2026-04-07 10:40:40 - getOutlet.php - Query: SELECT id_out, nama_out, '' AS alamat_out, ofcode_out
            FROM outlet 
            WHERE status_out IN ('Active', '1', 'active')
            AND (nama_out LIKE :key OR ofcode_out LIKE :key)
            ORDER BY nama_out ASC
            LIMIT 20
2026-04-07 10:40:40 - getOutlet.php - Query berhasil, mengembalikan 1 record
2026-04-07 10:40:40 - getOutlet.php - === END REQUEST ===
2026-04-07 03:40:54 - getOutlet.php - === REQUEST GETOUTLET ===
2026-04-07 03:40:54 - getOutlet.php - Method: POST
2026-04-07 03:40:54 - getOutlet.php - POST data: {"tgl":"2026-04-07","encrypt":"5b8ae1bc6b9f1f1fb1fdfe9cb8337a80","id_apl":"APL01","key":"Rs"}
2026-04-07 10:40:54 - getOutlet.php - Params - tgl: 2026-04-07, encrypt: 5b8ae1bc6b9f1f1fb1fdfe9cb8337a80, id_apl: APL01, key: Rs
2026-04-07 10:40:54 - getOutlet.php - Aplikasi ditemukan: Ya
2026-04-07 10:40:54 - getOutlet.php - Key aplikasi: YbcJSFjkds...
2026-04-07 10:40:54 - getOutlet.php - Expected encrypt: 5b8ae1bc6b9f1f1fb1fdfe9cb8337a80
2026-04-07 10:40:54 - getOutlet.php - Received encrypt: 5b8ae1bc6b9f1f1fb1fdfe9cb8337a80
2026-04-07 10:40:54 - getOutlet.php - Authentication berhasil
2026-04-07 10:40:54 - getOutlet.php - Query: SELECT id_out, nama_out, '' AS alamat_out, ofcode_out
            FROM outlet 
            WHERE status_out IN ('Active', '1', 'active')
            AND (nama_out LIKE :key OR ofcode_out LIKE :key)
            ORDER BY nama_out ASC
            LIMIT 20
2026-04-07 10:40:54 - getOutlet.php - Query berhasil, mengembalikan 20 record
2026-04-07 10:40:54 - getOutlet.php - === END REQUEST ===
2026-04-07 03:40:54 - getOutlet.php - === REQUEST GETOUTLET ===
2026-04-07 03:40:54 - getOutlet.php - Method: POST
2026-04-07 03:40:54 - getOutlet.php - POST data: {"tgl":"2026-04-07","encrypt":"5b8ae1bc6b9f1f1fb1fdfe9cb8337a80","id_apl":"APL01","key":"Rsu"}
2026-04-07 10:40:54 - getOutlet.php - Params - tgl: 2026-04-07, encrypt: 5b8ae1bc6b9f1f1fb1fdfe9cb8337a80, id_apl: APL01, key: Rsu
2026-04-07 10:40:54 - getOutlet.php - Aplikasi ditemukan: Ya
2026-04-07 10:40:54 - getOutlet.php - Key aplikasi: YbcJSFjkds...
2026-04-07 10:40:54 - getOutlet.php - Expected encrypt: 5b8ae1bc6b9f1f1fb1fdfe9cb8337a80
2026-04-07 10:40:54 - getOutlet.php - Received encrypt: 5b8ae1bc6b9f1f1fb1fdfe9cb8337a80
2026-04-07 10:40:54 - getOutlet.php - Authentication berhasil
2026-04-07 10:40:54 - getOutlet.php - Query: SELECT id_out, nama_out, '' AS alamat_out, ofcode_out
            FROM outlet 
            WHERE status_out IN ('Active', '1', 'active')
            AND (nama_out LIKE :key OR ofcode_out LIKE :key)
            ORDER BY nama_out ASC
            LIMIT 20
2026-04-07 10:40:54 - getOutlet.php - Query berhasil, mengembalikan 20 record
2026-04-07 10:40:54 - getOutlet.php - === END REQUEST ===
2026-04-07 03:40:54 - getOutlet.php - === REQUEST GETOUTLET ===
2026-04-07 03:40:54 - getOutlet.php - Method: POST
2026-04-07 03:40:54 - getOutlet.php - POST data: {"tgl":"2026-04-07","encrypt":"5b8ae1bc6b9f1f1fb1fdfe9cb8337a80","id_apl":"APL01","key":"Rsu"}
2026-04-07 10:40:54 - getOutlet.php - Params - tgl: 2026-04-07, encrypt: 5b8ae1bc6b9f1f1fb1fdfe9cb8337a80, id_apl: APL01, key: Rsu
2026-04-07 10:40:54 - getOutlet.php - Aplikasi ditemukan: Ya
2026-04-07 10:40:54 - getOutlet.php - Key aplikasi: YbcJSFjkds...
2026-04-07 10:40:54 - getOutlet.php - Expected encrypt: 5b8ae1bc6b9f1f1fb1fdfe9cb8337a80
2026-04-07 10:40:54 - getOutlet.php - Received encrypt: 5b8ae1bc6b9f1f1fb1fdfe9cb8337a80
2026-04-07 10:40:54 - getOutlet.php - Authentication berhasil
2026-04-07 10:40:54 - getOutlet.php - Query: SELECT id_out, nama_out, '' AS alamat_out, ofcode_out
            FROM outlet 
            WHERE status_out IN ('Active', '1', 'active')
            AND (nama_out LIKE :key OR ofcode_out LIKE :key)
            ORDER BY nama_out ASC
            LIMIT 20
2026-04-07 10:40:54 - getOutlet.php - Query berhasil, mengembalikan 20 record
2026-04-07 10:40:54 - getOutlet.php - === END REQUEST ===
2026-04-07 03:40:55 - getOutlet.php - === REQUEST GETOUTLET ===
2026-04-07 03:40:55 - getOutlet.php - Method: POST
2026-04-07 03:40:55 - getOutlet.php - POST data: {"tgl":"2026-04-07","encrypt":"5b8ae1bc6b9f1f1fb1fdfe9cb8337a80","id_apl":"APL01","key":"Rsu siloam"}
2026-04-07 10:40:55 - getOutlet.php - Params - tgl: 2026-04-07, encrypt: 5b8ae1bc6b9f1f1fb1fdfe9cb8337a80, id_apl: APL01, key: Rsu siloam
2026-04-07 10:40:55 - getOutlet.php - Aplikasi ditemukan: Ya
2026-04-07 10:40:55 - getOutlet.php - Key aplikasi: YbcJSFjkds...
2026-04-07 10:40:55 - getOutlet.php - Expected encrypt: 5b8ae1bc6b9f1f1fb1fdfe9cb8337a80
2026-04-07 10:40:55 - getOutlet.php - Received encrypt: 5b8ae1bc6b9f1f1fb1fdfe9cb8337a80
2026-04-07 10:40:55 - getOutlet.php - Authentication berhasil
2026-04-07 10:40:55 - getOutlet.php - Query: SELECT id_out, nama_out, '' AS alamat_out, ofcode_out
            FROM outlet 
            WHERE status_out IN ('Active', '1', 'active')
            AND (nama_out LIKE :key OR ofcode_out LIKE :key)
            ORDER BY nama_out ASC
            LIMIT 20
2026-04-07 10:40:55 - getOutlet.php - Query berhasil, mengembalikan 1 record
2026-04-07 10:40:55 - getOutlet.php - === END REQUEST ===
2026-04-07 03:40:56 - getOutlet.php - === REQUEST GETOUTLET ===
2026-04-07 03:40:56 - getOutlet.php - Method: POST
2026-04-07 03:40:56 - getOutlet.php - POST data: {"tgl":"2026-04-07","encrypt":"5b8ae1bc6b9f1f1fb1fdfe9cb8337a80","id_apl":"APL01","key":"RSU SILOAM KARAWACI TANGERANG"}
2026-04-07 10:40:56 - getOutlet.php - Params - tgl: 2026-04-07, encrypt: 5b8ae1bc6b9f1f1fb1fdfe9cb8337a80, id_apl: APL01, key: RSU SILOAM KARAWACI TANGERANG
2026-04-07 10:40:56 - getOutlet.php - Aplikasi ditemukan: Ya
2026-04-07 10:40:56 - getOutlet.php - Key aplikasi: YbcJSFjkds...
2026-04-07 10:40:56 - getOutlet.php - Expected encrypt: 5b8ae1bc6b9f1f1fb1fdfe9cb8337a80
2026-04-07 10:40:56 - getOutlet.php - Received encrypt: 5b8ae1bc6b9f1f1fb1fdfe9cb8337a80
2026-04-07 10:40:56 - getOutlet.php - Authentication berhasil
2026-04-07 10:40:56 - getOutlet.php - Query: SELECT id_out, nama_out, '' AS alamat_out, ofcode_out
            FROM outlet 
            WHERE status_out IN ('Active', '1', 'active')
            AND (nama_out LIKE :key OR ofcode_out LIKE :key)
            ORDER BY nama_out ASC
            LIMIT 20
2026-04-07 10:40:56 - getOutlet.php - Query berhasil, mengembalikan 1 record
2026-04-07 10:40:56 - getOutlet.php - === END REQUEST ===
2026-04-07 03:41:47 - getOutlet.php - === REQUEST GETOUTLET ===
2026-04-07 03:41:47 - getOutlet.php - Method: POST
2026-04-07 03:41:47 - getOutlet.php - POST data: {"tgl":"2026-04-07","encrypt":"5b8ae1bc6b9f1f1fb1fdfe9cb8337a80","id_apl":"APL01","key":"RSU SILOAM KARAWACI TANGERAN"}
2026-04-07 10:41:47 - getOutlet.php - Params - tgl: 2026-04-07, encrypt: 5b8ae1bc6b9f1f1fb1fdfe9cb8337a80, id_apl: APL01, key: RSU SILOAM KARAWACI TANGERAN
2026-04-07 10:41:47 - getOutlet.php - Aplikasi ditemukan: Ya
2026-04-07 10:41:47 - getOutlet.php - Key aplikasi: YbcJSFjkds...
2026-04-07 10:41:47 - getOutlet.php - Expected encrypt: 5b8ae1bc6b9f1f1fb1fdfe9cb8337a80
2026-04-07 10:41:47 - getOutlet.php - Received encrypt: 5b8ae1bc6b9f1f1fb1fdfe9cb8337a80
2026-04-07 10:41:47 - getOutlet.php - Authentication berhasil
2026-04-07 10:41:47 - getOutlet.php - Query: SELECT id_out, nama_out, '' AS alamat_out, ofcode_out
            FROM outlet 
            WHERE status_out IN ('Active', '1', 'active')
            AND (nama_out LIKE :key OR ofcode_out LIKE :key)
            ORDER BY nama_out ASC
            LIMIT 20
2026-04-07 10:41:47 - getOutlet.php - Query berhasil, mengembalikan 1 record
2026-04-07 10:41:47 - getOutlet.php - === END REQUEST ===
2026-04-07 03:41:47 - getOutlet.php - === REQUEST GETOUTLET ===
2026-04-07 03:41:47 - getOutlet.php - Method: POST
2026-04-07 03:41:47 - getOutlet.php - POST data: {"tgl":"2026-04-07","encrypt":"5b8ae1bc6b9f1f1fb1fdfe9cb8337a80","id_apl":"APL01","key":"RSU SILOAM KARAWACI TANGERA"}
2026-04-07 10:41:47 - getOutlet.php - Params - tgl: 2026-04-07, encrypt: 5b8ae1bc6b9f1f1fb1fdfe9cb8337a80, id_apl: APL01, key: RSU SILOAM KARAWACI TANGERA
2026-04-07 10:41:47 - getOutlet.php - Aplikasi ditemukan: Ya
2026-04-07 10:41:47 - getOutlet.php - Key aplikasi: YbcJSFjkds...
2026-04-07 10:41:47 - getOutlet.php - Expected encrypt: 5b8ae1bc6b9f1f1fb1fdfe9cb8337a80
2026-04-07 10:41:47 - getOutlet.php - Received encrypt: 5b8ae1bc6b9f1f1fb1fdfe9cb8337a80
2026-04-07 10:41:47 - getOutlet.php - Authentication berhasil
2026-04-07 10:41:47 - getOutlet.php - Query: SELECT id_out, nama_out, '' AS alamat_out, ofcode_out
            FROM outlet 
            WHERE status_out IN ('Active', '1', 'active')
            AND (nama_out LIKE :key OR ofcode_out LIKE :key)
            ORDER BY nama_out ASC
            LIMIT 20
2026-04-07 10:41:47 - getOutlet.php - Query berhasil, mengembalikan 1 record
2026-04-07 10:41:47 - getOutlet.php - === END REQUEST ===
2026-04-07 03:41:47 - getOutlet.php - === REQUEST GETOUTLET ===
2026-04-07 03:41:47 - getOutlet.php - Method: POST
2026-04-07 03:41:47 - getOutlet.php - POST data: {"tgl":"2026-04-07","encrypt":"5b8ae1bc6b9f1f1fb1fdfe9cb8337a80","id_apl":"APL01","key":"RSU SILOAM KARAWACI TANGER"}
2026-04-07 10:41:47 - getOutlet.php - Params - tgl: 2026-04-07, encrypt: 5b8ae1bc6b9f1f1fb1fdfe9cb8337a80, id_apl: APL01, key: RSU SILOAM KARAWACI TANGER
2026-04-07 10:41:47 - getOutlet.php - Aplikasi ditemukan: Ya
2026-04-07 10:41:47 - getOutlet.php - Key aplikasi: YbcJSFjkds...
2026-04-07 10:41:47 - getOutlet.php - Expected encrypt: 5b8ae1bc6b9f1f1fb1fdfe9cb8337a80
2026-04-07 10:41:47 - getOutlet.php - Received encrypt: 5b8ae1bc6b9f1f1fb1fdfe9cb8337a80
2026-04-07 10:41:47 - getOutlet.php - Authentication berhasil
2026-04-07 10:41:47 - getOutlet.php - Query: SELECT id_out, nama_out, '' AS alamat_out, ofcode_out
            FROM outlet 
            WHERE status_out IN ('Active', '1', 'active')
            AND (nama_out LIKE :key OR ofcode_out LIKE :key)
            ORDER BY nama_out ASC
            LIMIT 20
2026-04-07 10:41:47 - getOutlet.php - Query berhasil, mengembalikan 1 record
2026-04-07 10:41:47 - getOutlet.php - === END REQUEST ===
2026-04-07 03:41:47 - getOutlet.php - === REQUEST GETOUTLET ===
2026-04-07 03:41:47 - getOutlet.php - Method: POST
2026-04-07 03:41:47 - getOutlet.php - POST data: {"tgl":"2026-04-07","encrypt":"5b8ae1bc6b9f1f1fb1fdfe9cb8337a80","id_apl":"APL01","key":"RSU SILOAM KARAWACI TANGE"}
2026-04-07 10:41:47 - getOutlet.php - Params - tgl: 2026-04-07, encrypt: 5b8ae1bc6b9f1f1fb1fdfe9cb8337a80, id_apl: APL01, key: RSU SILOAM KARAWACI TANGE
2026-04-07 10:41:47 - getOutlet.php - Aplikasi ditemukan: Ya
2026-04-07 10:41:47 - getOutlet.php - Key aplikasi: YbcJSFjkds...
2026-04-07 10:41:47 - getOutlet.php - Expected encrypt: 5b8ae1bc6b9f1f1fb1fdfe9cb8337a80
2026-04-07 10:41:47 - getOutlet.php - Received encrypt: 5b8ae1bc6b9f1f1fb1fdfe9cb8337a80
2026-04-07 10:41:47 - getOutlet.php - Authentication berhasil
2026-04-07 10:41:47 - getOutlet.php - Query: SELECT id_out, nama_out, '' AS alamat_out, ofcode_out
            FROM outlet 
            WHERE status_out IN ('Active', '1', 'active')
            AND (nama_out LIKE :key OR ofcode_out LIKE :key)
            ORDER BY nama_out ASC
            LIMIT 20
2026-04-07 10:41:47 - getOutlet.php - Query berhasil, mengembalikan 1 record
2026-04-07 10:41:47 - getOutlet.php - === END REQUEST ===
2026-04-07 03:41:47 - getOutlet.php - === REQUEST GETOUTLET ===
2026-04-07 03:41:47 - getOutlet.php - Method: POST
2026-04-07 03:41:47 - getOutlet.php - POST data: {"tgl":"2026-04-07","encrypt":"5b8ae1bc6b9f1f1fb1fdfe9cb8337a80","id_apl":"APL01","key":"RSU SILOAM KARAWACI TANG"}
2026-04-07 10:41:47 - getOutlet.php - Params - tgl: 2026-04-07, encrypt: 5b8ae1bc6b9f1f1fb1fdfe9cb8337a80, id_apl: APL01, key: RSU SILOAM KARAWACI TANG
2026-04-07 10:41:47 - getOutlet.php - Aplikasi ditemukan: Ya
2026-04-07 10:41:47 - getOutlet.php - Key aplikasi: YbcJSFjkds...
2026-04-07 10:41:47 - getOutlet.php - Expected encrypt: 5b8ae1bc6b9f1f1fb1fdfe9cb8337a80
2026-04-07 10:41:47 - getOutlet.php - Received encrypt: 5b8ae1bc6b9f1f1fb1fdfe9cb8337a80
2026-04-07 10:41:47 - getOutlet.php - Authentication berhasil
2026-04-07 10:41:47 - getOutlet.php - Query: SELECT id_out, nama_out, '' AS alamat_out, ofcode_out
            FROM outlet 
            WHERE status_out IN ('Active', '1', 'active')
            AND (nama_out LIKE :key OR ofcode_out LIKE :key)
            ORDER BY nama_out ASC
            LIMIT 20
2026-04-07 10:41:47 - getOutlet.php - Query berhasil, mengembalikan 1 record
2026-04-07 10:41:47 - getOutlet.php - === END REQUEST ===
2026-04-07 03:41:47 - getOutlet.php - === REQUEST GETOUTLET ===
2026-04-07 03:41:47 - getOutlet.php - Method: POST
2026-04-07 03:41:47 - getOutlet.php - POST data: {"tgl":"2026-04-07","encrypt":"5b8ae1bc6b9f1f1fb1fdfe9cb8337a80","id_apl":"APL01","key":"RSU SILOAM KARAWACI TAN"}
2026-04-07 10:41:47 - getOutlet.php - Params - tgl: 2026-04-07, encrypt: 5b8ae1bc6b9f1f1fb1fdfe9cb8337a80, id_apl: APL01, key: RSU SILOAM KARAWACI TAN
2026-04-07 10:41:47 - getOutlet.php - Aplikasi ditemukan: Ya
2026-04-07 10:41:47 - getOutlet.php - Key aplikasi: YbcJSFjkds...
2026-04-07 10:41:47 - getOutlet.php - Expected encrypt: 5b8ae1bc6b9f1f1fb1fdfe9cb8337a80
2026-04-07 10:41:47 - getOutlet.php - Received encrypt: 5b8ae1bc6b9f1f1fb1fdfe9cb8337a80
2026-04-07 10:41:47 - getOutlet.php - Authentication berhasil
2026-04-07 10:41:47 - getOutlet.php - Query: SELECT id_out, nama_out, '' AS alamat_out, ofcode_out
            FROM outlet 
            WHERE status_out IN ('Active', '1', 'active')
            AND (nama_out LIKE :key OR ofcode_out LIKE :key)
            ORDER BY nama_out ASC
            LIMIT 20
2026-04-07 10:41:47 - getOutlet.php - Query berhasil, mengembalikan 1 record
2026-04-07 10:41:47 - getOutlet.php - === END REQUEST ===
2026-04-07 03:41:47 - getOutlet.php - === REQUEST GETOUTLET ===
2026-04-07 03:41:47 - getOutlet.php - Method: POST
2026-04-07 03:41:47 - getOutlet.php - POST data: {"tgl":"2026-04-07","encrypt":"5b8ae1bc6b9f1f1fb1fdfe9cb8337a80","id_apl":"APL01","key":"RSU SILOAM KARAWACI TA"}
2026-04-07 10:41:47 - getOutlet.php - Params - tgl: 2026-04-07, encrypt: 5b8ae1bc6b9f1f1fb1fdfe9cb8337a80, id_apl: APL01, key: RSU SILOAM KARAWACI TA
2026-04-07 10:41:47 - getOutlet.php - Aplikasi ditemukan: Ya
2026-04-07 10:41:47 - getOutlet.php - Key aplikasi: YbcJSFjkds...
2026-04-07 10:41:47 - getOutlet.php - Expected encrypt: 5b8ae1bc6b9f1f1fb1fdfe9cb8337a80
2026-04-07 10:41:47 - getOutlet.php - Received encrypt: 5b8ae1bc6b9f1f1fb1fdfe9cb8337a80
2026-04-07 10:41:47 - getOutlet.php - Authentication berhasil
2026-04-07 10:41:47 - getOutlet.php - Query: SELECT id_out, nama_out, '' AS alamat_out, ofcode_out
            FROM outlet 
            WHERE status_out IN ('Active', '1', 'active')
            AND (nama_out LIKE :key OR ofcode_out LIKE :key)
            ORDER BY nama_out ASC
            LIMIT 20
2026-04-07 10:41:47 - getOutlet.php - Query berhasil, mengembalikan 1 record
2026-04-07 10:41:47 - getOutlet.php - === END REQUEST ===
2026-04-07 03:41:47 - getOutlet.php - === REQUEST GETOUTLET ===
2026-04-07 03:41:47 - getOutlet.php - Method: POST
2026-04-07 03:41:47 - getOutlet.php - POST data: {"tgl":"2026-04-07","encrypt":"5b8ae1bc6b9f1f1fb1fdfe9cb8337a80","id_apl":"APL01","key":"RSU SILOAM KARAWACI T"}
2026-04-07 10:41:47 - getOutlet.php - Params - tgl: 2026-04-07, encrypt: 5b8ae1bc6b9f1f1fb1fdfe9cb8337a80, id_apl: APL01, key: RSU SILOAM KARAWACI T
2026-04-07 10:41:47 - getOutlet.php - Aplikasi ditemukan: Ya
2026-04-07 10:41:47 - getOutlet.php - Key aplikasi: YbcJSFjkds...
2026-04-07 10:41:47 - getOutlet.php - Expected encrypt: 5b8ae1bc6b9f1f1fb1fdfe9cb8337a80
2026-04-07 10:41:47 - getOutlet.php - Received encrypt: 5b8ae1bc6b9f1f1fb1fdfe9cb8337a80
2026-04-07 10:41:47 - getOutlet.php - Authentication berhasil
2026-04-07 10:41:47 - getOutlet.php - Query: SELECT id_out, nama_out, '' AS alamat_out, ofcode_out
            FROM outlet 
            WHERE status_out IN ('Active', '1', 'active')
            AND (nama_out LIKE :key OR ofcode_out LIKE :key)
            ORDER BY nama_out ASC
            LIMIT 20
2026-04-07 10:41:47 - getOutlet.php - Query berhasil, mengembalikan 1 record
2026-04-07 10:41:47 - getOutlet.php - === END REQUEST ===
2026-04-07 03:41:47 - getOutlet.php - === REQUEST GETOUTLET ===
2026-04-07 03:41:47 - getOutlet.php - Method: POST
2026-04-07 03:41:47 - getOutlet.php - POST data: {"tgl":"2026-04-07","encrypt":"5b8ae1bc6b9f1f1fb1fdfe9cb8337a80","id_apl":"APL01","key":"RSU SILOAM KARAWACI"}
2026-04-07 10:41:47 - getOutlet.php - Params - tgl: 2026-04-07, encrypt: 5b8ae1bc6b9f1f1fb1fdfe9cb8337a80, id_apl: APL01, key: RSU SILOAM KARAWACI
2026-04-07 10:41:47 - getOutlet.php - Aplikasi ditemukan: Ya
2026-04-07 10:41:47 - getOutlet.php - Key aplikasi: YbcJSFjkds...
2026-04-07 10:41:47 - getOutlet.php - Expected encrypt: 5b8ae1bc6b9f1f1fb1fdfe9cb8337a80
2026-04-07 10:41:47 - getOutlet.php - Received encrypt: 5b8ae1bc6b9f1f1fb1fdfe9cb8337a80
2026-04-07 10:41:47 - getOutlet.php - Authentication berhasil
2026-04-07 10:41:47 - getOutlet.php - Query: SELECT id_out, nama_out, '' AS alamat_out, ofcode_out
            FROM outlet 
            WHERE status_out IN ('Active', '1', 'active')
            AND (nama_out LIKE :key OR ofcode_out LIKE :key)
            ORDER BY nama_out ASC
            LIMIT 20
2026-04-07 10:41:47 - getOutlet.php - Query berhasil, mengembalikan 1 record
2026-04-07 10:41:47 - getOutlet.php - === END REQUEST ===
2026-04-07 03:41:47 - getOutlet.php - === REQUEST GETOUTLET ===
2026-04-07 03:41:47 - getOutlet.php - Method: POST
2026-04-07 03:41:47 - getOutlet.php - POST data: {"tgl":"2026-04-07","encrypt":"5b8ae1bc6b9f1f1fb1fdfe9cb8337a80","id_apl":"APL01","key":"RSU SILOAM KARAWACI"}
2026-04-07 10:41:47 - getOutlet.php - Params - tgl: 2026-04-07, encrypt: 5b8ae1bc6b9f1f1fb1fdfe9cb8337a80, id_apl: APL01, key: RSU SILOAM KARAWACI
2026-04-07 10:41:47 - getOutlet.php - Aplikasi ditemukan: Ya
2026-04-07 10:41:47 - getOutlet.php - Key aplikasi: YbcJSFjkds...
2026-04-07 10:41:47 - getOutlet.php - Expected encrypt: 5b8ae1bc6b9f1f1fb1fdfe9cb8337a80
2026-04-07 10:41:47 - getOutlet.php - Received encrypt: 5b8ae1bc6b9f1f1fb1fdfe9cb8337a80
2026-04-07 10:41:47 - getOutlet.php - Authentication berhasil
2026-04-07 10:41:47 - getOutlet.php - Query: SELECT id_out, nama_out, '' AS alamat_out, ofcode_out
            FROM outlet 
            WHERE status_out IN ('Active', '1', 'active')
            AND (nama_out LIKE :key OR ofcode_out LIKE :key)
            ORDER BY nama_out ASC
            LIMIT 20
2026-04-07 10:41:47 - getOutlet.php - Query berhasil, mengembalikan 1 record
2026-04-07 10:41:47 - getOutlet.php - === END REQUEST ===
2026-04-07 03:41:47 - getOutlet.php - === REQUEST GETOUTLET ===
2026-04-07 03:41:47 - getOutlet.php - Method: POST
2026-04-07 03:41:47 - getOutlet.php - POST data: {"tgl":"2026-04-07","encrypt":"5b8ae1bc6b9f1f1fb1fdfe9cb8337a80","id_apl":"APL01","key":"RSU SILOAM KARAWAC"}
2026-04-07 10:41:47 - getOutlet.php - Params - tgl: 2026-04-07, encrypt: 5b8ae1bc6b9f1f1fb1fdfe9cb8337a80, id_apl: APL01, key: RSU SILOAM KARAWAC
2026-04-07 10:41:47 - getOutlet.php - Aplikasi ditemukan: Ya
2026-04-07 10:41:47 - getOutlet.php - Key aplikasi: YbcJSFjkds...
2026-04-07 10:41:47 - getOutlet.php - Expected encrypt: 5b8ae1bc6b9f1f1fb1fdfe9cb8337a80
2026-04-07 10:41:47 - getOutlet.php - Received encrypt: 5b8ae1bc6b9f1f1fb1fdfe9cb8337a80
2026-04-07 10:41:47 - getOutlet.php - Authentication berhasil
2026-04-07 10:41:47 - getOutlet.php - Query: SELECT id_out, nama_out, '' AS alamat_out, ofcode_out
            FROM outlet 
            WHERE status_out IN ('Active', '1', 'active')
            AND (nama_out LIKE :key OR ofcode_out LIKE :key)
            ORDER BY nama_out ASC
            LIMIT 20
2026-04-07 10:41:47 - getOutlet.php - Query berhasil, mengembalikan 1 record
2026-04-07 10:41:47 - getOutlet.php - === END REQUEST ===
2026-04-07 03:41:47 - getOutlet.php - === REQUEST GETOUTLET ===
2026-04-07 03:41:47 - getOutlet.php - Method: POST
2026-04-07 03:41:47 - getOutlet.php - POST data: {"tgl":"2026-04-07","encrypt":"5b8ae1bc6b9f1f1fb1fdfe9cb8337a80","id_apl":"APL01","key":"RSU SILOAM KARAWA"}
2026-04-07 10:41:47 - getOutlet.php - Params - tgl: 2026-04-07, encrypt: 5b8ae1bc6b9f1f1fb1fdfe9cb8337a80, id_apl: APL01, key: RSU SILOAM KARAWA
2026-04-07 10:41:47 - getOutlet.php - Aplikasi ditemukan: Ya
2026-04-07 10:41:47 - getOutlet.php - Key aplikasi: YbcJSFjkds...
2026-04-07 10:41:47 - getOutlet.php - Expected encrypt: 5b8ae1bc6b9f1f1fb1fdfe9cb8337a80
2026-04-07 10:41:47 - getOutlet.php - Received encrypt: 5b8ae1bc6b9f1f1fb1fdfe9cb8337a80
2026-04-07 10:41:47 - getOutlet.php - Authentication berhasil
2026-04-07 10:41:47 - getOutlet.php - Query: SELECT id_out, nama_out, '' AS alamat_out, ofcode_out
            FROM outlet 
            WHERE status_out IN ('Active', '1', 'active')
            AND (nama_out LIKE :key OR ofcode_out LIKE :key)
            ORDER BY nama_out ASC
            LIMIT 20
2026-04-07 10:41:47 - getOutlet.php - Query berhasil, mengembalikan 1 record
2026-04-07 10:41:47 - getOutlet.php - === END REQUEST ===
2026-04-07 03:41:47 - getOutlet.php - === REQUEST GETOUTLET ===
2026-04-07 03:41:47 - getOutlet.php - Method: POST
2026-04-07 03:41:47 - getOutlet.php - POST data: {"tgl":"2026-04-07","encrypt":"5b8ae1bc6b9f1f1fb1fdfe9cb8337a80","id_apl":"APL01","key":"RSU SILOAM KARAW"}
2026-04-07 10:41:47 - getOutlet.php - Params - tgl: 2026-04-07, encrypt: 5b8ae1bc6b9f1f1fb1fdfe9cb8337a80, id_apl: APL01, key: RSU SILOAM KARAW
2026-04-07 10:41:47 - getOutlet.php - Aplikasi ditemukan: Ya
2026-04-07 10:41:47 - getOutlet.php - Key aplikasi: YbcJSFjkds...
2026-04-07 10:41:47 - getOutlet.php - Expected encrypt: 5b8ae1bc6b9f1f1fb1fdfe9cb8337a80
2026-04-07 10:41:47 - getOutlet.php - Received encrypt: 5b8ae1bc6b9f1f1fb1fdfe9cb8337a80
2026-04-07 10:41:47 - getOutlet.php - Authentication berhasil
2026-04-07 10:41:47 - getOutlet.php - Query: SELECT id_out, nama_out, '' AS alamat_out, ofcode_out
            FROM outlet 
            WHERE status_out IN ('Active', '1', 'active')
            AND (nama_out LIKE :key OR ofcode_out LIKE :key)
            ORDER BY nama_out ASC
            LIMIT 20
2026-04-07 10:41:47 - getOutlet.php - Query berhasil, mengembalikan 1 record
2026-04-07 10:41:47 - getOutlet.php - === END REQUEST ===
2026-04-07 03:41:47 - getOutlet.php - === REQUEST GETOUTLET ===
2026-04-07 03:41:47 - getOutlet.php - Method: POST
2026-04-07 03:41:47 - getOutlet.php - POST data: {"tgl":"2026-04-07","encrypt":"5b8ae1bc6b9f1f1fb1fdfe9cb8337a80","id_apl":"APL01","key":"RSU SILOAM KARA"}
2026-04-07 10:41:47 - getOutlet.php - Params - tgl: 2026-04-07, encrypt: 5b8ae1bc6b9f1f1fb1fdfe9cb8337a80, id_apl: APL01, key: RSU SILOAM KARA
2026-04-07 10:41:47 - getOutlet.php - Aplikasi ditemukan: Ya
2026-04-07 10:41:47 - getOutlet.php - Key aplikasi: YbcJSFjkds...
2026-04-07 10:41:47 - getOutlet.php - Expected encrypt: 5b8ae1bc6b9f1f1fb1fdfe9cb8337a80
2026-04-07 10:41:47 - getOutlet.php - Received encrypt: 5b8ae1bc6b9f1f1fb1fdfe9cb8337a80
2026-04-07 10:41:47 - getOutlet.php - Authentication berhasil
2026-04-07 10:41:47 - getOutlet.php - Query: SELECT id_out, nama_out, '' AS alamat_out, ofcode_out
            FROM outlet 
            WHERE status_out IN ('Active', '1', 'active')
            AND (nama_out LIKE :key OR ofcode_out LIKE :key)
            ORDER BY nama_out ASC
            LIMIT 20
2026-04-07 10:41:47 - getOutlet.php - Query berhasil, mengembalikan 1 record
2026-04-07 10:41:47 - getOutlet.php - === END REQUEST ===
2026-04-07 03:41:48 - getOutlet.php - === REQUEST GETOUTLET ===
2026-04-07 03:41:48 - getOutlet.php - Method: POST
2026-04-07 03:41:48 - getOutlet.php - POST data: {"tgl":"2026-04-07","encrypt":"5b8ae1bc6b9f1f1fb1fdfe9cb8337a80","id_apl":"APL01","key":"RSU SILOAM KAR"}
2026-04-07 10:41:48 - getOutlet.php - Params - tgl: 2026-04-07, encrypt: 5b8ae1bc6b9f1f1fb1fdfe9cb8337a80, id_apl: APL01, key: RSU SILOAM KAR
2026-04-07 10:41:48 - getOutlet.php - Aplikasi ditemukan: Ya
2026-04-07 10:41:48 - getOutlet.php - Key aplikasi: YbcJSFjkds...
2026-04-07 10:41:48 - getOutlet.php - Expected encrypt: 5b8ae1bc6b9f1f1fb1fdfe9cb8337a80
2026-04-07 10:41:48 - getOutlet.php - Received encrypt: 5b8ae1bc6b9f1f1fb1fdfe9cb8337a80
2026-04-07 10:41:48 - getOutlet.php - Authentication berhasil
2026-04-07 10:41:48 - getOutlet.php - Query: SELECT id_out, nama_out, '' AS alamat_out, ofcode_out
            FROM outlet 
            WHERE status_out IN ('Active', '1', 'active')
            AND (nama_out LIKE :key OR ofcode_out LIKE :key)
            ORDER BY nama_out ASC
            LIMIT 20
2026-04-07 10:41:48 - getOutlet.php - Query berhasil, mengembalikan 1 record
2026-04-07 10:41:48 - getOutlet.php - === END REQUEST ===
2026-04-07 03:41:48 - getOutlet.php - === REQUEST GETOUTLET ===
2026-04-07 03:41:48 - getOutlet.php - Method: POST
2026-04-07 03:41:48 - getOutlet.php - POST data: {"tgl":"2026-04-07","encrypt":"5b8ae1bc6b9f1f1fb1fdfe9cb8337a80","id_apl":"APL01","key":"RSU SILOAM K"}
2026-04-07 10:41:48 - getOutlet.php - Params - tgl: 2026-04-07, encrypt: 5b8ae1bc6b9f1f1fb1fdfe9cb8337a80, id_apl: APL01, key: RSU SILOAM K
2026-04-07 10:41:48 - getOutlet.php - Aplikasi ditemukan: Ya
2026-04-07 10:41:48 - getOutlet.php - Key aplikasi: YbcJSFjkds...
2026-04-07 10:41:48 - getOutlet.php - Expected encrypt: 5b8ae1bc6b9f1f1fb1fdfe9cb8337a80
2026-04-07 10:41:48 - getOutlet.php - Received encrypt: 5b8ae1bc6b9f1f1fb1fdfe9cb8337a80
2026-04-07 10:41:48 - getOutlet.php - Authentication berhasil
2026-04-07 10:41:48 - getOutlet.php - Query: SELECT id_out, nama_out, '' AS alamat_out, ofcode_out
            FROM outlet 
            WHERE status_out IN ('Active', '1', 'active')
            AND (nama_out LIKE :key OR ofcode_out LIKE :key)
            ORDER BY nama_out ASC
            LIMIT 20
2026-04-07 03:41:48 - getOutlet.php - === REQUEST GETOUTLET ===
2026-04-07 03:41:48 - getOutlet.php - Method: POST
2026-04-07 03:41:48 - getOutlet.php - POST data: {"tgl":"2026-04-07","encrypt":"5b8ae1bc6b9f1f1fb1fdfe9cb8337a80","id_apl":"APL01","key":"RSU SILOAM KA"}
2026-04-07 10:41:48 - getOutlet.php - Params - tgl: 2026-04-07, encrypt: 5b8ae1bc6b9f1f1fb1fdfe9cb8337a80, id_apl: APL01, key: RSU SILOAM KA
2026-04-07 10:41:48 - getOutlet.php - Query berhasil, mengembalikan 1 record
2026-04-07 10:41:48 - getOutlet.php - === END REQUEST ===
2026-04-07 10:41:48 - getOutlet.php - Aplikasi ditemukan: Ya
2026-04-07 10:41:48 - getOutlet.php - Key aplikasi: YbcJSFjkds...
2026-04-07 10:41:48 - getOutlet.php - Expected encrypt: 5b8ae1bc6b9f1f1fb1fdfe9cb8337a80
2026-04-07 10:41:48 - getOutlet.php - Received encrypt: 5b8ae1bc6b9f1f1fb1fdfe9cb8337a80
2026-04-07 10:41:48 - getOutlet.php - Authentication berhasil
2026-04-07 10:41:48 - getOutlet.php - Query: SELECT id_out, nama_out, '' AS alamat_out, ofcode_out
            FROM outlet 
            WHERE status_out IN ('Active', '1', 'active')
            AND (nama_out LIKE :key OR ofcode_out LIKE :key)
            ORDER BY nama_out ASC
            LIMIT 20
2026-04-07 10:41:48 - getOutlet.php - Query berhasil, mengembalikan 1 record
2026-04-07 10:41:48 - getOutlet.php - === END REQUEST ===
2026-04-07 03:41:48 - getOutlet.php - === REQUEST GETOUTLET ===
2026-04-07 03:41:48 - getOutlet.php - Method: POST
2026-04-07 03:41:48 - getOutlet.php - POST data: {"tgl":"2026-04-07","encrypt":"5b8ae1bc6b9f1f1fb1fdfe9cb8337a80","id_apl":"APL01","key":"RSU SILOAM"}
2026-04-07 10:41:48 - getOutlet.php - Params - tgl: 2026-04-07, encrypt: 5b8ae1bc6b9f1f1fb1fdfe9cb8337a80, id_apl: APL01, key: RSU SILOAM
2026-04-07 10:41:48 - getOutlet.php - Aplikasi ditemukan: Ya
2026-04-07 10:41:48 - getOutlet.php - Key aplikasi: YbcJSFjkds...
2026-04-07 10:41:48 - getOutlet.php - Expected encrypt: 5b8ae1bc6b9f1f1fb1fdfe9cb8337a80
2026-04-07 10:41:48 - getOutlet.php - Received encrypt: 5b8ae1bc6b9f1f1fb1fdfe9cb8337a80
2026-04-07 10:41:48 - getOutlet.php - Authentication berhasil
2026-04-07 10:41:48 - getOutlet.php - Query: SELECT id_out, nama_out, '' AS alamat_out, ofcode_out
            FROM outlet 
            WHERE status_out IN ('Active', '1', 'active')
            AND (nama_out LIKE :key OR ofcode_out LIKE :key)
            ORDER BY nama_out ASC
            LIMIT 20
2026-04-07 10:41:48 - getOutlet.php - Query berhasil, mengembalikan 1 record
2026-04-07 10:41:48 - getOutlet.php - === END REQUEST ===
2026-04-07 03:41:48 - getOutlet.php - === REQUEST GETOUTLET ===
2026-04-07 03:41:48 - getOutlet.php - Method: POST
2026-04-07 03:41:48 - getOutlet.php - POST data: {"tgl":"2026-04-07","encrypt":"5b8ae1bc6b9f1f1fb1fdfe9cb8337a80","id_apl":"APL01","key":"RSU SILOAM"}
2026-04-07 10:41:48 - getOutlet.php - Params - tgl: 2026-04-07, encrypt: 5b8ae1bc6b9f1f1fb1fdfe9cb8337a80, id_apl: APL01, key: RSU SILOAM
2026-04-07 10:41:48 - getOutlet.php - Aplikasi ditemukan: Ya
2026-04-07 10:41:48 - getOutlet.php - Key aplikasi: YbcJSFjkds...
2026-04-07 10:41:48 - getOutlet.php - Expected encrypt: 5b8ae1bc6b9f1f1fb1fdfe9cb8337a80
2026-04-07 10:41:48 - getOutlet.php - Received encrypt: 5b8ae1bc6b9f1f1fb1fdfe9cb8337a80
2026-04-07 10:41:48 - getOutlet.php - Authentication berhasil
2026-04-07 10:41:48 - getOutlet.php - Query: SELECT id_out, nama_out, '' AS alamat_out, ofcode_out
            FROM outlet 
            WHERE status_out IN ('Active', '1', 'active')
            AND (nama_out LIKE :key OR ofcode_out LIKE :key)
            ORDER BY nama_out ASC
            LIMIT 20
2026-04-07 10:41:48 - getOutlet.php - Query berhasil, mengembalikan 1 record
2026-04-07 10:41:48 - getOutlet.php - === END REQUEST ===
2026-04-07 03:41:48 - getOutlet.php - === REQUEST GETOUTLET ===
2026-04-07 03:41:48 - getOutlet.php - Method: POST
2026-04-07 03:41:48 - getOutlet.php - POST data: {"tgl":"2026-04-07","encrypt":"5b8ae1bc6b9f1f1fb1fdfe9cb8337a80","id_apl":"APL01","key":"RSU SILOA"}
2026-04-07 10:41:48 - getOutlet.php - Params - tgl: 2026-04-07, encrypt: 5b8ae1bc6b9f1f1fb1fdfe9cb8337a80, id_apl: APL01, key: RSU SILOA
2026-04-07 10:41:48 - getOutlet.php - Aplikasi ditemukan: Ya
2026-04-07 10:41:48 - getOutlet.php - Key aplikasi: YbcJSFjkds...
2026-04-07 10:41:48 - getOutlet.php - Expected encrypt: 5b8ae1bc6b9f1f1fb1fdfe9cb8337a80
2026-04-07 10:41:48 - getOutlet.php - Received encrypt: 5b8ae1bc6b9f1f1fb1fdfe9cb8337a80
2026-04-07 10:41:48 - getOutlet.php - Authentication berhasil
2026-04-07 10:41:48 - getOutlet.php - Query: SELECT id_out, nama_out, '' AS alamat_out, ofcode_out
            FROM outlet 
            WHERE status_out IN ('Active', '1', 'active')
            AND (nama_out LIKE :key OR ofcode_out LIKE :key)
            ORDER BY nama_out ASC
            LIMIT 20
2026-04-07 10:41:48 - getOutlet.php - Query berhasil, mengembalikan 1 record
2026-04-07 10:41:48 - getOutlet.php - === END REQUEST ===
2026-04-07 03:41:48 - getOutlet.php - === REQUEST GETOUTLET ===
2026-04-07 03:41:48 - getOutlet.php - Method: POST
2026-04-07 03:41:48 - getOutlet.php - POST data: {"tgl":"2026-04-07","encrypt":"5b8ae1bc6b9f1f1fb1fdfe9cb8337a80","id_apl":"APL01","key":"RSU SILO"}
2026-04-07 10:41:48 - getOutlet.php - Params - tgl: 2026-04-07, encrypt: 5b8ae1bc6b9f1f1fb1fdfe9cb8337a80, id_apl: APL01, key: RSU SILO
2026-04-07 10:41:48 - getOutlet.php - Aplikasi ditemukan: Ya
2026-04-07 10:41:48 - getOutlet.php - Key aplikasi: YbcJSFjkds...
2026-04-07 10:41:48 - getOutlet.php - Expected encrypt: 5b8ae1bc6b9f1f1fb1fdfe9cb8337a80
2026-04-07 10:41:48 - getOutlet.php - Received encrypt: 5b8ae1bc6b9f1f1fb1fdfe9cb8337a80
2026-04-07 10:41:48 - getOutlet.php - Authentication berhasil
2026-04-07 10:41:48 - getOutlet.php - Query: SELECT id_out, nama_out, '' AS alamat_out, ofcode_out
            FROM outlet 
            WHERE status_out IN ('Active', '1', 'active')
            AND (nama_out LIKE :key OR ofcode_out LIKE :key)
            ORDER BY nama_out ASC
            LIMIT 20
2026-04-07 10:41:48 - getOutlet.php - Query berhasil, mengembalikan 1 record
2026-04-07 10:41:48 - getOutlet.php - === END REQUEST ===
2026-04-07 03:41:48 - getOutlet.php - === REQUEST GETOUTLET ===
2026-04-07 03:41:48 - getOutlet.php - Method: POST
2026-04-07 03:41:48 - getOutlet.php - POST data: {"tgl":"2026-04-07","encrypt":"5b8ae1bc6b9f1f1fb1fdfe9cb8337a80","id_apl":"APL01","key":"RSU SIL"}
2026-04-07 10:41:48 - getOutlet.php - Params - tgl: 2026-04-07, encrypt: 5b8ae1bc6b9f1f1fb1fdfe9cb8337a80, id_apl: APL01, key: RSU SIL
2026-04-07 10:41:48 - getOutlet.php - Aplikasi ditemukan: Ya
2026-04-07 10:41:48 - getOutlet.php - Key aplikasi: YbcJSFjkds...
2026-04-07 10:41:48 - getOutlet.php - Expected encrypt: 5b8ae1bc6b9f1f1fb1fdfe9cb8337a80
2026-04-07 10:41:48 - getOutlet.php - Received encrypt: 5b8ae1bc6b9f1f1fb1fdfe9cb8337a80
2026-04-07 10:41:48 - getOutlet.php - Authentication berhasil
2026-04-07 10:41:48 - getOutlet.php - Query: SELECT id_out, nama_out, '' AS alamat_out, ofcode_out
            FROM outlet 
            WHERE status_out IN ('Active', '1', 'active')
            AND (nama_out LIKE :key OR ofcode_out LIKE :key)
            ORDER BY nama_out ASC
            LIMIT 20
2026-04-07 10:41:48 - getOutlet.php - Query berhasil, mengembalikan 1 record
2026-04-07 10:41:48 - getOutlet.php - === END REQUEST ===
2026-04-07 03:41:48 - getOutlet.php - === REQUEST GETOUTLET ===
2026-04-07 03:41:48 - getOutlet.php - Method: POST
2026-04-07 03:41:48 - getOutlet.php - POST data: {"tgl":"2026-04-07","encrypt":"5b8ae1bc6b9f1f1fb1fdfe9cb8337a80","id_apl":"APL01","key":"RSU SI"}
2026-04-07 10:41:48 - getOutlet.php - Params - tgl: 2026-04-07, encrypt: 5b8ae1bc6b9f1f1fb1fdfe9cb8337a80, id_apl: APL01, key: RSU SI
2026-04-07 10:41:48 - getOutlet.php - Aplikasi ditemukan: Ya
2026-04-07 10:41:48 - getOutlet.php - Key aplikasi: YbcJSFjkds...
2026-04-07 10:41:48 - getOutlet.php - Expected encrypt: 5b8ae1bc6b9f1f1fb1fdfe9cb8337a80
2026-04-07 10:41:48 - getOutlet.php - Received encrypt: 5b8ae1bc6b9f1f1fb1fdfe9cb8337a80
2026-04-07 10:41:48 - getOutlet.php - Authentication berhasil
2026-04-07 10:41:48 - getOutlet.php - Query: SELECT id_out, nama_out, '' AS alamat_out, ofcode_out
            FROM outlet 
            WHERE status_out IN ('Active', '1', 'active')
            AND (nama_out LIKE :key OR ofcode_out LIKE :key)
            ORDER BY nama_out ASC
            LIMIT 20
2026-04-07 10:41:48 - getOutlet.php - Query berhasil, mengembalikan 1 record
2026-04-07 10:41:48 - getOutlet.php - === END REQUEST ===
2026-04-07 03:41:48 - getOutlet.php - === REQUEST GETOUTLET ===
2026-04-07 03:41:48 - getOutlet.php - Method: POST
2026-04-07 03:41:48 - getOutlet.php - POST data: {"tgl":"2026-04-07","encrypt":"5b8ae1bc6b9f1f1fb1fdfe9cb8337a80","id_apl":"APL01","key":"RSU"}
2026-04-07 10:41:48 - getOutlet.php - Params - tgl: 2026-04-07, encrypt: 5b8ae1bc6b9f1f1fb1fdfe9cb8337a80, id_apl: APL01, key: RSU
2026-04-07 10:41:48 - getOutlet.php - Aplikasi ditemukan: Ya
2026-04-07 10:41:48 - getOutlet.php - Key aplikasi: YbcJSFjkds...
2026-04-07 10:41:48 - getOutlet.php - Expected encrypt: 5b8ae1bc6b9f1f1fb1fdfe9cb8337a80
2026-04-07 10:41:48 - getOutlet.php - Received encrypt: 5b8ae1bc6b9f1f1fb1fdfe9cb8337a80
2026-04-07 10:41:48 - getOutlet.php - Authentication berhasil
2026-04-07 10:41:48 - getOutlet.php - Query: SELECT id_out, nama_out, '' AS alamat_out, ofcode_out
            FROM outlet 
            WHERE status_out IN ('Active', '1', 'active')
            AND (nama_out LIKE :key OR ofcode_out LIKE :key)
            ORDER BY nama_out ASC
            LIMIT 20
2026-04-07 10:41:48 - getOutlet.php - Query berhasil, mengembalikan 20 record
2026-04-07 10:41:48 - getOutlet.php - === END REQUEST ===
2026-04-07 03:41:48 - getOutlet.php - === REQUEST GETOUTLET ===
2026-04-07 03:41:48 - getOutlet.php - Method: POST
2026-04-07 03:41:48 - getOutlet.php - POST data: {"tgl":"2026-04-07","encrypt":"5b8ae1bc6b9f1f1fb1fdfe9cb8337a80","id_apl":"APL01","key":"RSU S"}
2026-04-07 10:41:48 - getOutlet.php - Params - tgl: 2026-04-07, encrypt: 5b8ae1bc6b9f1f1fb1fdfe9cb8337a80, id_apl: APL01, key: RSU S
2026-04-07 10:41:48 - getOutlet.php - Aplikasi ditemukan: Ya
2026-04-07 10:41:48 - getOutlet.php - Key aplikasi: YbcJSFjkds...
2026-04-07 10:41:48 - getOutlet.php - Expected encrypt: 5b8ae1bc6b9f1f1fb1fdfe9cb8337a80
2026-04-07 10:41:48 - getOutlet.php - Received encrypt: 5b8ae1bc6b9f1f1fb1fdfe9cb8337a80
2026-04-07 10:41:48 - getOutlet.php - Authentication berhasil
2026-04-07 10:41:48 - getOutlet.php - Query: SELECT id_out, nama_out, '' AS alamat_out, ofcode_out
            FROM outlet 
            WHERE status_out IN ('Active', '1', 'active')
            AND (nama_out LIKE :key OR ofcode_out LIKE :key)
            ORDER BY nama_out ASC
            LIMIT 20
2026-04-07 10:41:48 - getOutlet.php - Query berhasil, mengembalikan 5 record
2026-04-07 10:41:48 - getOutlet.php - === END REQUEST ===
2026-04-07 03:41:48 - getOutlet.php - === REQUEST GETOUTLET ===
2026-04-07 03:41:48 - getOutlet.php - Method: POST
2026-04-07 03:41:48 - getOutlet.php - POST data: {"tgl":"2026-04-07","encrypt":"5b8ae1bc6b9f1f1fb1fdfe9cb8337a80","id_apl":"APL01","key":"RSU"}
2026-04-07 10:41:48 - getOutlet.php - Params - tgl: 2026-04-07, encrypt: 5b8ae1bc6b9f1f1fb1fdfe9cb8337a80, id_apl: APL01, key: RSU
2026-04-07 10:41:48 - getOutlet.php - Aplikasi ditemukan: Ya
2026-04-07 10:41:48 - getOutlet.php - Key aplikasi: YbcJSFjkds...
2026-04-07 10:41:48 - getOutlet.php - Expected encrypt: 5b8ae1bc6b9f1f1fb1fdfe9cb8337a80
2026-04-07 10:41:48 - getOutlet.php - Received encrypt: 5b8ae1bc6b9f1f1fb1fdfe9cb8337a80
2026-04-07 10:41:48 - getOutlet.php - Authentication berhasil
2026-04-07 10:41:48 - getOutlet.php - Query: SELECT id_out, nama_out, '' AS alamat_out, ofcode_out
            FROM outlet 
            WHERE status_out IN ('Active', '1', 'active')
            AND (nama_out LIKE :key OR ofcode_out LIKE :key)
            ORDER BY nama_out ASC
            LIMIT 20
2026-04-07 10:41:48 - getOutlet.php - Query berhasil, mengembalikan 20 record
2026-04-07 10:41:48 - getOutlet.php - === END REQUEST ===
2026-04-07 03:41:48 - getOutlet.php - === REQUEST GETOUTLET ===
2026-04-07 03:41:48 - getOutlet.php - Method: POST
2026-04-07 03:41:48 - getOutlet.php - POST data: {"tgl":"2026-04-07","encrypt":"5b8ae1bc6b9f1f1fb1fdfe9cb8337a80","id_apl":"APL01","key":"RS"}
2026-04-07 10:41:48 - getOutlet.php - Params - tgl: 2026-04-07, encrypt: 5b8ae1bc6b9f1f1fb1fdfe9cb8337a80, id_apl: APL01, key: RS
2026-04-07 10:41:48 - getOutlet.php - Aplikasi ditemukan: Ya
2026-04-07 10:41:48 - getOutlet.php - Key aplikasi: YbcJSFjkds...
2026-04-07 10:41:48 - getOutlet.php - Expected encrypt: 5b8ae1bc6b9f1f1fb1fdfe9cb8337a80
2026-04-07 10:41:48 - getOutlet.php - Received encrypt: 5b8ae1bc6b9f1f1fb1fdfe9cb8337a80
2026-04-07 10:41:48 - getOutlet.php - Authentication berhasil
2026-04-07 10:41:48 - getOutlet.php - Query: SELECT id_out, nama_out, '' AS alamat_out, ofcode_out
            FROM outlet 
            WHERE status_out IN ('Active', '1', 'active')
            AND (nama_out LIKE :key OR ofcode_out LIKE :key)
            ORDER BY nama_out ASC
            LIMIT 20
2026-04-07 10:41:48 - getOutlet.php - Query berhasil, mengembalikan 20 record
2026-04-07 10:41:48 - getOutlet.php - === END REQUEST ===
2026-04-07 03:41:49 - getOutlet.php - === REQUEST GETOUTLET ===
2026-04-07 03:41:49 - getOutlet.php - Method: POST
2026-04-07 03:41:49 - getOutlet.php - POST data: {"tgl":"2026-04-07","encrypt":"5b8ae1bc6b9f1f1fb1fdfe9cb8337a80","id_apl":"APL01","key":"Rs"}
2026-04-07 10:41:49 - getOutlet.php - Params - tgl: 2026-04-07, encrypt: 5b8ae1bc6b9f1f1fb1fdfe9cb8337a80, id_apl: APL01, key: Rs
2026-04-07 10:41:49 - getOutlet.php - Aplikasi ditemukan: Ya
2026-04-07 10:41:49 - getOutlet.php - Key aplikasi: YbcJSFjkds...
2026-04-07 10:41:49 - getOutlet.php - Expected encrypt: 5b8ae1bc6b9f1f1fb1fdfe9cb8337a80
2026-04-07 10:41:49 - getOutlet.php - Received encrypt: 5b8ae1bc6b9f1f1fb1fdfe9cb8337a80
2026-04-07 10:41:49 - getOutlet.php - Authentication berhasil
2026-04-07 10:41:49 - getOutlet.php - Query: SELECT id_out, nama_out, '' AS alamat_out, ofcode_out
            FROM outlet 
            WHERE status_out IN ('Active', '1', 'active')
            AND (nama_out LIKE :key OR ofcode_out LIKE :key)
            ORDER BY nama_out ASC
            LIMIT 20
2026-04-07 10:41:49 - getOutlet.php - Query berhasil, mengembalikan 20 record
2026-04-07 10:41:49 - getOutlet.php - === END REQUEST ===
2026-04-07 03:41:49 - getOutlet.php - === REQUEST GETOUTLET ===
2026-04-07 03:41:49 - getOutlet.php - Method: POST
2026-04-07 03:41:49 - getOutlet.php - POST data: {"tgl":"2026-04-07","encrypt":"5b8ae1bc6b9f1f1fb1fdfe9cb8337a80","id_apl":"APL01","key":"RS"}
2026-04-07 10:41:49 - getOutlet.php - Params - tgl: 2026-04-07, encrypt: 5b8ae1bc6b9f1f1fb1fdfe9cb8337a80, id_apl: APL01, key: RS
2026-04-07 10:41:49 - getOutlet.php - Aplikasi ditemukan: Ya
2026-04-07 10:41:49 - getOutlet.php - Key aplikasi: YbcJSFjkds...
2026-04-07 10:41:49 - getOutlet.php - Expected encrypt: 5b8ae1bc6b9f1f1fb1fdfe9cb8337a80
2026-04-07 10:41:49 - getOutlet.php - Received encrypt: 5b8ae1bc6b9f1f1fb1fdfe9cb8337a80
2026-04-07 10:41:49 - getOutlet.php - Authentication berhasil
2026-04-07 10:41:49 - getOutlet.php - Query: SELECT id_out, nama_out, '' AS alamat_out, ofcode_out
            FROM outlet 
            WHERE status_out IN ('Active', '1', 'active')
            AND (nama_out LIKE :key OR ofcode_out LIKE :key)
            ORDER BY nama_out ASC
            LIMIT 20
2026-04-07 10:41:49 - getOutlet.php - Query berhasil, mengembalikan 20 record
2026-04-07 10:41:49 - getOutlet.php - === END REQUEST ===
2026-04-07 03:41:50 - getOutlet.php - === REQUEST GETOUTLET ===
2026-04-07 03:41:50 - getOutlet.php - Method: POST
2026-04-07 03:41:50 - getOutlet.php - POST data: {"tgl":"2026-04-07","encrypt":"5b8ae1bc6b9f1f1fb1fdfe9cb8337a80","id_apl":"APL01","key":"RS a"}
2026-04-07 10:41:50 - getOutlet.php - Params - tgl: 2026-04-07, encrypt: 5b8ae1bc6b9f1f1fb1fdfe9cb8337a80, id_apl: APL01, key: RS a
2026-04-07 10:41:50 - getOutlet.php - Aplikasi ditemukan: Ya
2026-04-07 10:41:50 - getOutlet.php - Key aplikasi: YbcJSFjkds...
2026-04-07 10:41:50 - getOutlet.php - Expected encrypt: 5b8ae1bc6b9f1f1fb1fdfe9cb8337a80
2026-04-07 10:41:50 - getOutlet.php - Received encrypt: 5b8ae1bc6b9f1f1fb1fdfe9cb8337a80
2026-04-07 10:41:50 - getOutlet.php - Authentication berhasil
2026-04-07 10:41:50 - getOutlet.php - Query: SELECT id_out, nama_out, '' AS alamat_out, ofcode_out
            FROM outlet 
            WHERE status_out IN ('Active', '1', 'active')
            AND (nama_out LIKE :key OR ofcode_out LIKE :key)
            ORDER BY nama_out ASC
            LIMIT 20
2026-04-07 10:41:50 - getOutlet.php - Query berhasil, mengembalikan 18 record
2026-04-07 10:41:50 - getOutlet.php - === END REQUEST ===
2026-04-07 03:41:50 - getOutlet.php - === REQUEST GETOUTLET ===
2026-04-07 03:41:50 - getOutlet.php - Method: POST
2026-04-07 03:41:50 - getOutlet.php - POST data: {"tgl":"2026-04-07","encrypt":"5b8ae1bc6b9f1f1fb1fdfe9cb8337a80","id_apl":"APL01","key":"RS an"}
2026-04-07 10:41:50 - getOutlet.php - Params - tgl: 2026-04-07, encrypt: 5b8ae1bc6b9f1f1fb1fdfe9cb8337a80, id_apl: APL01, key: RS an
2026-04-07 10:41:50 - getOutlet.php - Aplikasi ditemukan: Ya
2026-04-07 10:41:50 - getOutlet.php - Key aplikasi: YbcJSFjkds...
2026-04-07 10:41:50 - getOutlet.php - Expected encrypt: 5b8ae1bc6b9f1f1fb1fdfe9cb8337a80
2026-04-07 10:41:50 - getOutlet.php - Received encrypt: 5b8ae1bc6b9f1f1fb1fdfe9cb8337a80
2026-04-07 10:41:50 - getOutlet.php - Authentication berhasil
2026-04-07 10:41:50 - getOutlet.php - Query: SELECT id_out, nama_out, '' AS alamat_out, ofcode_out
            FROM outlet 
            WHERE status_out IN ('Active', '1', 'active')
            AND (nama_out LIKE :key OR ofcode_out LIKE :key)
            ORDER BY nama_out ASC
            LIMIT 20
2026-04-07 10:41:50 - getOutlet.php - Query berhasil, mengembalikan 8 record
2026-04-07 10:41:50 - getOutlet.php - === END REQUEST ===
2026-04-07 03:41:51 - getOutlet.php - === REQUEST GETOUTLET ===
2026-04-07 03:41:51 - getOutlet.php - Method: POST
2026-04-07 03:41:51 - getOutlet.php - POST data: {"tgl":"2026-04-07","encrypt":"5b8ae1bc6b9f1f1fb1fdfe9cb8337a80","id_apl":"APL01","key":"RS AN-NISA"}
2026-04-07 10:41:51 - getOutlet.php - Params - tgl: 2026-04-07, encrypt: 5b8ae1bc6b9f1f1fb1fdfe9cb8337a80, id_apl: APL01, key: RS AN-NISA
2026-04-07 10:41:51 - getOutlet.php - Aplikasi ditemukan: Ya
2026-04-07 10:41:51 - getOutlet.php - Key aplikasi: YbcJSFjkds...
2026-04-07 10:41:51 - getOutlet.php - Expected encrypt: 5b8ae1bc6b9f1f1fb1fdfe9cb8337a80
2026-04-07 10:41:51 - getOutlet.php - Received encrypt: 5b8ae1bc6b9f1f1fb1fdfe9cb8337a80
2026-04-07 10:41:51 - getOutlet.php - Authentication berhasil
2026-04-07 10:41:51 - getOutlet.php - Query: SELECT id_out, nama_out, '' AS alamat_out, ofcode_out
            FROM outlet 
            WHERE status_out IN ('Active', '1', 'active')
            AND (nama_out LIKE :key OR ofcode_out LIKE :key)
            ORDER BY nama_out ASC
            LIMIT 20
2026-04-07 10:41:51 - getOutlet.php - Query berhasil, mengembalikan 1 record
2026-04-07 10:41:51 - getOutlet.php - === END REQUEST ===
2026-04-07 03:50:32 - getOutlet.php - === REQUEST GETOUTLET ===
2026-04-07 03:50:32 - getOutlet.php - Method: POST
2026-04-07 03:50:32 - getOutlet.php - POST data: {"tgl":"2026-04-07","encrypt":"5b8ae1bc6b9f1f1fb1fdfe9cb8337a80","id_apl":"APL01","key":"Si"}
2026-04-07 10:50:32 - getOutlet.php - Params - tgl: 2026-04-07, encrypt: 5b8ae1bc6b9f1f1fb1fdfe9cb8337a80, id_apl: APL01, key: Si
2026-04-07 10:50:32 - getOutlet.php - Aplikasi ditemukan: Ya
2026-04-07 10:50:32 - getOutlet.php - Key aplikasi: YbcJSFjkds...
2026-04-07 10:50:32 - getOutlet.php - Expected encrypt: 5b8ae1bc6b9f1f1fb1fdfe9cb8337a80
2026-04-07 10:50:32 - getOutlet.php - Received encrypt: 5b8ae1bc6b9f1f1fb1fdfe9cb8337a80
2026-04-07 10:50:32 - getOutlet.php - Authentication berhasil
2026-04-07 10:50:32 - getOutlet.php - Query: SELECT id_out, nama_out, '' AS alamat_out, ofcode_out
            FROM outlet 
            WHERE status_out IN ('Active', '1', 'active')
            AND (nama_out LIKE :key OR ofcode_out LIKE :key)
            ORDER BY nama_out ASC
            LIMIT 20
2026-04-07 10:50:32 - getOutlet.php - Query berhasil, mengembalikan 20 record
2026-04-07 10:50:32 - getOutlet.php - === END REQUEST ===
2026-04-07 03:50:32 - getOutlet.php - === REQUEST GETOUTLET ===
2026-04-07 03:50:32 - getOutlet.php - Method: POST
2026-04-07 03:50:32 - getOutlet.php - POST data: {"tgl":"2026-04-07","encrypt":"5b8ae1bc6b9f1f1fb1fdfe9cb8337a80","id_apl":"APL01","key":"Sil"}
2026-04-07 10:50:32 - getOutlet.php - Params - tgl: 2026-04-07, encrypt: 5b8ae1bc6b9f1f1fb1fdfe9cb8337a80, id_apl: APL01, key: Sil
2026-04-07 10:50:32 - getOutlet.php - Aplikasi ditemukan: Ya
2026-04-07 10:50:32 - getOutlet.php - Key aplikasi: YbcJSFjkds...
2026-04-07 10:50:32 - getOutlet.php - Expected encrypt: 5b8ae1bc6b9f1f1fb1fdfe9cb8337a80
2026-04-07 10:50:32 - getOutlet.php - Received encrypt: 5b8ae1bc6b9f1f1fb1fdfe9cb8337a80
2026-04-07 10:50:32 - getOutlet.php - Authentication berhasil
2026-04-07 10:50:32 - getOutlet.php - Query: SELECT id_out, nama_out, '' AS alamat_out, ofcode_out
            FROM outlet 
            WHERE status_out IN ('Active', '1', 'active')
            AND (nama_out LIKE :key OR ofcode_out LIKE :key)
            ORDER BY nama_out ASC
            LIMIT 20
2026-04-07 10:50:32 - getOutlet.php - Query berhasil, mengembalikan 19 record
2026-04-07 10:50:32 - getOutlet.php - === END REQUEST ===
2026-04-07 03:50:33 - getOutlet.php - === REQUEST GETOUTLET ===
2026-04-07 03:50:33 - getOutlet.php - Method: POST
2026-04-07 03:50:33 - getOutlet.php - POST data: {"tgl":"2026-04-07","encrypt":"5b8ae1bc6b9f1f1fb1fdfe9cb8337a80","id_apl":"APL01","key":"Silo"}
2026-04-07 10:50:33 - getOutlet.php - Params - tgl: 2026-04-07, encrypt: 5b8ae1bc6b9f1f1fb1fdfe9cb8337a80, id_apl: APL01, key: Silo
2026-04-07 10:50:33 - getOutlet.php - Aplikasi ditemukan: Ya
2026-04-07 10:50:33 - getOutlet.php - Key aplikasi: YbcJSFjkds...
2026-04-07 10:50:33 - getOutlet.php - Expected encrypt: 5b8ae1bc6b9f1f1fb1fdfe9cb8337a80
2026-04-07 10:50:33 - getOutlet.php - Received encrypt: 5b8ae1bc6b9f1f1fb1fdfe9cb8337a80
2026-04-07 10:50:33 - getOutlet.php - Authentication berhasil
2026-04-07 10:50:33 - getOutlet.php - Query: SELECT id_out, nama_out, '' AS alamat_out, ofcode_out
            FROM outlet 
            WHERE status_out IN ('Active', '1', 'active')
            AND (nama_out LIKE :key OR ofcode_out LIKE :key)
            ORDER BY nama_out ASC
            LIMIT 20
2026-04-07 10:50:33 - getOutlet.php - Query berhasil, mengembalikan 17 record
2026-04-07 10:50:33 - getOutlet.php - === END REQUEST ===
2026-04-07 03:50:33 - getOutlet.php - === REQUEST GETOUTLET ===
2026-04-07 03:50:33 - getOutlet.php - === REQUEST GETOUTLET ===
2026-04-07 03:50:33 - getOutlet.php - Method: POST
2026-04-07 03:50:33 - getOutlet.php - Method: POST
2026-04-07 03:50:33 - getOutlet.php - POST data: {"tgl":"2026-04-07","encrypt":"5b8ae1bc6b9f1f1fb1fdfe9cb8337a80","id_apl":"APL01","key":"Siloam"}
2026-04-07 03:50:33 - getOutlet.php - POST data: {"tgl":"2026-04-07","encrypt":"5b8ae1bc6b9f1f1fb1fdfe9cb8337a80","id_apl":"APL01","key":"Siloa"}
2026-04-07 10:50:33 - getOutlet.php - Params - tgl: 2026-04-07, encrypt: 5b8ae1bc6b9f1f1fb1fdfe9cb8337a80, id_apl: APL01, key: Siloam
2026-04-07 10:50:33 - getOutlet.php - Params - tgl: 2026-04-07, encrypt: 5b8ae1bc6b9f1f1fb1fdfe9cb8337a80, id_apl: APL01, key: Siloa
2026-04-07 10:50:33 - getOutlet.php - Aplikasi ditemukan: Ya
2026-04-07 10:50:33 - getOutlet.php - Key aplikasi: YbcJSFjkds...
2026-04-07 10:50:33 - getOutlet.php - Expected encrypt: 5b8ae1bc6b9f1f1fb1fdfe9cb8337a80
2026-04-07 10:50:33 - getOutlet.php - Aplikasi ditemukan: Ya
2026-04-07 10:50:33 - getOutlet.php - Received encrypt: 5b8ae1bc6b9f1f1fb1fdfe9cb8337a80
2026-04-07 10:50:33 - getOutlet.php - Key aplikasi: YbcJSFjkds...
2026-04-07 10:50:33 - getOutlet.php - Authentication berhasil
2026-04-07 10:50:33 - getOutlet.php - Expected encrypt: 5b8ae1bc6b9f1f1fb1fdfe9cb8337a80
2026-04-07 10:50:33 - getOutlet.php - Received encrypt: 5b8ae1bc6b9f1f1fb1fdfe9cb8337a80
2026-04-07 10:50:33 - getOutlet.php - Authentication berhasil
2026-04-07 10:50:33 - getOutlet.php - Query: SELECT id_out, nama_out, '' AS alamat_out, ofcode_out
            FROM outlet 
            WHERE status_out IN ('Active', '1', 'active')
            AND (nama_out LIKE :key OR ofcode_out LIKE :key)
            ORDER BY nama_out ASC
            LIMIT 20
2026-04-07 10:50:33 - getOutlet.php - Query: SELECT id_out, nama_out, '' AS alamat_out, ofcode_out
            FROM outlet 
            WHERE status_out IN ('Active', '1', 'active')
            AND (nama_out LIKE :key OR ofcode_out LIKE :key)
            ORDER BY nama_out ASC
            LIMIT 20
2026-04-07 10:50:33 - getOutlet.php - Query berhasil, mengembalikan 17 record
2026-04-07 10:50:33 - getOutlet.php - === END REQUEST ===
2026-04-07 10:50:33 - getOutlet.php - Query berhasil, mengembalikan 17 record
2026-04-07 10:50:33 - getOutlet.php - === END REQUEST ===
2026-04-07 03:50:33 - getOutlet.php - === REQUEST GETOUTLET ===
2026-04-07 03:50:33 - getOutlet.php - Method: POST
2026-04-07 03:50:33 - getOutlet.php - POST data: {"tgl":"2026-04-07","encrypt":"5b8ae1bc6b9f1f1fb1fdfe9cb8337a80","id_apl":"APL01","key":"Siloam"}
2026-04-07 10:50:33 - getOutlet.php - Params - tgl: 2026-04-07, encrypt: 5b8ae1bc6b9f1f1fb1fdfe9cb8337a80, id_apl: APL01, key: Siloam
2026-04-07 10:50:33 - getOutlet.php - Aplikasi ditemukan: Ya
2026-04-07 10:50:33 - getOutlet.php - Key aplikasi: YbcJSFjkds...
2026-04-07 10:50:33 - getOutlet.php - Expected encrypt: 5b8ae1bc6b9f1f1fb1fdfe9cb8337a80
2026-04-07 10:50:33 - getOutlet.php - Received encrypt: 5b8ae1bc6b9f1f1fb1fdfe9cb8337a80
2026-04-07 10:50:33 - getOutlet.php - Authentication berhasil
2026-04-07 10:50:33 - getOutlet.php - Query: SELECT id_out, nama_out, '' AS alamat_out, ofcode_out
            FROM outlet 
            WHERE status_out IN ('Active', '1', 'active')
            AND (nama_out LIKE :key OR ofcode_out LIKE :key)
            ORDER BY nama_out ASC
            LIMIT 20
2026-04-07 10:50:33 - getOutlet.php - Query berhasil, mengembalikan 17 record
2026-04-07 10:50:33 - getOutlet.php - === END REQUEST ===
2026-04-07 03:50:33 - getOutlet.php - === REQUEST GETOUTLET ===
2026-04-07 03:50:33 - getOutlet.php - Method: POST
2026-04-07 03:50:33 - getOutlet.php - POST data: {"tgl":"2026-04-07","encrypt":"5b8ae1bc6b9f1f1fb1fdfe9cb8337a80","id_apl":"APL01","key":"Siloam"}
2026-04-07 10:50:33 - getOutlet.php - Params - tgl: 2026-04-07, encrypt: 5b8ae1bc6b9f1f1fb1fdfe9cb8337a80, id_apl: APL01, key: Siloam
2026-04-07 10:50:33 - getOutlet.php - Aplikasi ditemukan: Ya
2026-04-07 10:50:33 - getOutlet.php - Key aplikasi: YbcJSFjkds...
2026-04-07 10:50:33 - getOutlet.php - Expected encrypt: 5b8ae1bc6b9f1f1fb1fdfe9cb8337a80
2026-04-07 10:50:33 - getOutlet.php - Received encrypt: 5b8ae1bc6b9f1f1fb1fdfe9cb8337a80
2026-04-07 10:50:33 - getOutlet.php - Authentication berhasil
2026-04-07 10:50:33 - getOutlet.php - Query: SELECT id_out, nama_out, '' AS alamat_out, ofcode_out
            FROM outlet 
            WHERE status_out IN ('Active', '1', 'active')
            AND (nama_out LIKE :key OR ofcode_out LIKE :key)
            ORDER BY nama_out ASC
            LIMIT 20
2026-04-07 10:50:33 - getOutlet.php - Query berhasil, mengembalikan 17 record
2026-04-07 10:50:33 - getOutlet.php - === END REQUEST ===
2026-04-07 03:50:34 - getOutlet.php - === REQUEST GETOUTLET ===
2026-04-07 03:50:34 - getOutlet.php - Method: POST
2026-04-07 03:50:34 - getOutlet.php - POST data: {"tgl":"2026-04-07","encrypt":"5b8ae1bc6b9f1f1fb1fdfe9cb8337a80","id_apl":"APL01","key":"Siloam h"}
2026-04-07 10:50:34 - getOutlet.php - Params - tgl: 2026-04-07, encrypt: 5b8ae1bc6b9f1f1fb1fdfe9cb8337a80, id_apl: APL01, key: Siloam h
2026-04-07 10:50:34 - getOutlet.php - Aplikasi ditemukan: Ya
2026-04-07 10:50:34 - getOutlet.php - Key aplikasi: YbcJSFjkds...
2026-04-07 10:50:34 - getOutlet.php - Expected encrypt: 5b8ae1bc6b9f1f1fb1fdfe9cb8337a80
2026-04-07 10:50:34 - getOutlet.php - Received encrypt: 5b8ae1bc6b9f1f1fb1fdfe9cb8337a80
2026-04-07 10:50:34 - getOutlet.php - Authentication berhasil
2026-04-07 10:50:34 - getOutlet.php - Query: SELECT id_out, nama_out, '' AS alamat_out, ofcode_out
            FROM outlet 
            WHERE status_out IN ('Active', '1', 'active')
            AND (nama_out LIKE :key OR ofcode_out LIKE :key)
            ORDER BY nama_out ASC
            LIMIT 20
2026-04-07 10:50:34 - getOutlet.php - Query berhasil, mengembalikan 6 record
2026-04-07 10:50:34 - getOutlet.php - === END REQUEST ===
2026-04-07 03:50:34 - getOutlet.php - === REQUEST GETOUTLET ===
2026-04-07 03:50:34 - getOutlet.php - Method: POST
2026-04-07 03:50:34 - getOutlet.php - POST data: {"tgl":"2026-04-07","encrypt":"5b8ae1bc6b9f1f1fb1fdfe9cb8337a80","id_apl":"APL01","key":"Siloam he"}
2026-04-07 10:50:34 - getOutlet.php - Params - tgl: 2026-04-07, encrypt: 5b8ae1bc6b9f1f1fb1fdfe9cb8337a80, id_apl: APL01, key: Siloam he
2026-04-07 10:50:34 - getOutlet.php - Aplikasi ditemukan: Ya
2026-04-07 10:50:34 - getOutlet.php - Key aplikasi: YbcJSFjkds...
2026-04-07 10:50:34 - getOutlet.php - Expected encrypt: 5b8ae1bc6b9f1f1fb1fdfe9cb8337a80
2026-04-07 10:50:34 - getOutlet.php - Received encrypt: 5b8ae1bc6b9f1f1fb1fdfe9cb8337a80
2026-04-07 10:50:34 - getOutlet.php - Authentication berhasil
2026-04-07 10:50:34 - getOutlet.php - Query: SELECT id_out, nama_out, '' AS alamat_out, ofcode_out
            FROM outlet 
            WHERE status_out IN ('Active', '1', 'active')
            AND (nama_out LIKE :key OR ofcode_out LIKE :key)
            ORDER BY nama_out ASC
            LIMIT 20
2026-04-07 10:50:34 - getOutlet.php - Query berhasil, mengembalikan 1 record
2026-04-07 10:50:34 - getOutlet.php - === END REQUEST ===
2026-04-07 03:50:34 - getOutlet.php - === REQUEST GETOUTLET ===
2026-04-07 03:50:34 - getOutlet.php - Method: POST
2026-04-07 03:50:34 - getOutlet.php - POST data: {"tgl":"2026-04-07","encrypt":"5b8ae1bc6b9f1f1fb1fdfe9cb8337a80","id_apl":"APL01","key":"Siloam hea"}
2026-04-07 10:50:34 - getOutlet.php - Params - tgl: 2026-04-07, encrypt: 5b8ae1bc6b9f1f1fb1fdfe9cb8337a80, id_apl: APL01, key: Siloam hea
2026-04-07 10:50:34 - getOutlet.php - Aplikasi ditemukan: Ya
2026-04-07 10:50:34 - getOutlet.php - Key aplikasi: YbcJSFjkds...
2026-04-07 10:50:34 - getOutlet.php - Expected encrypt: 5b8ae1bc6b9f1f1fb1fdfe9cb8337a80
2026-04-07 10:50:34 - getOutlet.php - Received encrypt: 5b8ae1bc6b9f1f1fb1fdfe9cb8337a80
2026-04-07 10:50:34 - getOutlet.php - Authentication berhasil
2026-04-07 10:50:34 - getOutlet.php - Query: SELECT id_out, nama_out, '' AS alamat_out, ofcode_out
            FROM outlet 
            WHERE status_out IN ('Active', '1', 'active')
            AND (nama_out LIKE :key OR ofcode_out LIKE :key)
            ORDER BY nama_out ASC
            LIMIT 20
2026-04-07 10:50:34 - getOutlet.php - Query berhasil, mengembalikan 1 record
2026-04-07 10:50:34 - getOutlet.php - === END REQUEST ===
2026-04-07 03:50:34 - getOutlet.php - === REQUEST GETOUTLET ===
2026-04-07 03:50:34 - getOutlet.php - Method: POST
2026-04-07 03:50:34 - getOutlet.php - POST data: {"tgl":"2026-04-07","encrypt":"5b8ae1bc6b9f1f1fb1fdfe9cb8337a80","id_apl":"APL01","key":"Siloam hear"}
2026-04-07 10:50:34 - getOutlet.php - Params - tgl: 2026-04-07, encrypt: 5b8ae1bc6b9f1f1fb1fdfe9cb8337a80, id_apl: APL01, key: Siloam hear
2026-04-07 10:50:34 - getOutlet.php - Aplikasi ditemukan: Ya
2026-04-07 10:50:34 - getOutlet.php - Key aplikasi: YbcJSFjkds...
2026-04-07 10:50:34 - getOutlet.php - Expected encrypt: 5b8ae1bc6b9f1f1fb1fdfe9cb8337a80
2026-04-07 10:50:34 - getOutlet.php - Received encrypt: 5b8ae1bc6b9f1f1fb1fdfe9cb8337a80
2026-04-07 10:50:34 - getOutlet.php - Authentication berhasil
2026-04-07 10:50:34 - getOutlet.php - Query: SELECT id_out, nama_out, '' AS alamat_out, ofcode_out
            FROM outlet 
            WHERE status_out IN ('Active', '1', 'active')
            AND (nama_out LIKE :key OR ofcode_out LIKE :key)
            ORDER BY nama_out ASC
            LIMIT 20
2026-04-07 10:50:34 - getOutlet.php - Query berhasil, mengembalikan 1 record
2026-04-07 10:50:34 - getOutlet.php - === END REQUEST ===
2026-04-07 03:50:34 - getOutlet.php - === REQUEST GETOUTLET ===
2026-04-07 03:50:34 - getOutlet.php - Method: POST
2026-04-07 03:50:34 - getOutlet.php - POST data: {"tgl":"2026-04-07","encrypt":"5b8ae1bc6b9f1f1fb1fdfe9cb8337a80","id_apl":"APL01","key":"Siloam heart"}
2026-04-07 10:50:34 - getOutlet.php - Params - tgl: 2026-04-07, encrypt: 5b8ae1bc6b9f1f1fb1fdfe9cb8337a80, id_apl: APL01, key: Siloam heart
2026-04-07 10:50:34 - getOutlet.php - Aplikasi ditemukan: Ya
2026-04-07 10:50:34 - getOutlet.php - Key aplikasi: YbcJSFjkds...
2026-04-07 10:50:34 - getOutlet.php - Expected encrypt: 5b8ae1bc6b9f1f1fb1fdfe9cb8337a80
2026-04-07 10:50:34 - getOutlet.php - Received encrypt: 5b8ae1bc6b9f1f1fb1fdfe9cb8337a80
2026-04-07 10:50:34 - getOutlet.php - Authentication berhasil
2026-04-07 10:50:34 - getOutlet.php - Query: SELECT id_out, nama_out, '' AS alamat_out, ofcode_out
            FROM outlet 
            WHERE status_out IN ('Active', '1', 'active')
            AND (nama_out LIKE :key OR ofcode_out LIKE :key)
            ORDER BY nama_out ASC
            LIMIT 20
2026-04-07 10:50:34 - getOutlet.php - Query berhasil, mengembalikan 1 record
2026-04-07 10:50:34 - getOutlet.php - === END REQUEST ===
2026-04-07 03:50:36 - getOutlet.php - === REQUEST GETOUTLET ===
2026-04-07 03:50:36 - getOutlet.php - Method: POST
2026-04-07 03:50:36 - getOutlet.php - POST data: {"tgl":"2026-04-07","encrypt":"5b8ae1bc6b9f1f1fb1fdfe9cb8337a80","id_apl":"APL01","key":"RS Siloam Heart Hospital"}
2026-04-07 10:50:36 - getOutlet.php - Params - tgl: 2026-04-07, encrypt: 5b8ae1bc6b9f1f1fb1fdfe9cb8337a80, id_apl: APL01, key: RS Siloam Heart Hospital
2026-04-07 10:50:36 - getOutlet.php - Aplikasi ditemukan: Ya
2026-04-07 10:50:36 - getOutlet.php - Key aplikasi: YbcJSFjkds...
2026-04-07 10:50:36 - getOutlet.php - Expected encrypt: 5b8ae1bc6b9f1f1fb1fdfe9cb8337a80
2026-04-07 10:50:36 - getOutlet.php - Received encrypt: 5b8ae1bc6b9f1f1fb1fdfe9cb8337a80
2026-04-07 10:50:36 - getOutlet.php - Authentication berhasil
2026-04-07 10:50:36 - getOutlet.php - Query: SELECT id_out, nama_out, '' AS alamat_out, ofcode_out
            FROM outlet 
            WHERE status_out IN ('Active', '1', 'active')
            AND (nama_out LIKE :key OR ofcode_out LIKE :key)
            ORDER BY nama_out ASC
            LIMIT 20
2026-04-07 10:50:36 - getOutlet.php - Query berhasil, mengembalikan 1 record
2026-04-07 10:50:36 - getOutlet.php - === END REQUEST ===
2026-04-07 03:51:04 - getOutlet.php - === REQUEST GETOUTLET ===
2026-04-07 03:51:04 - getOutlet.php - Method: POST
2026-04-07 03:51:04 - getOutlet.php - POST data: {"tgl":"2026-04-07","encrypt":"5b8ae1bc6b9f1f1fb1fdfe9cb8337a80","id_apl":"APL01","key":"Je"}
2026-04-07 10:51:04 - getOutlet.php - Params - tgl: 2026-04-07, encrypt: 5b8ae1bc6b9f1f1fb1fdfe9cb8337a80, id_apl: APL01, key: Je
2026-04-07 10:51:04 - getOutlet.php - Aplikasi ditemukan: Ya
2026-04-07 10:51:04 - getOutlet.php - Key aplikasi: YbcJSFjkds...
2026-04-07 10:51:04 - getOutlet.php - Expected encrypt: 5b8ae1bc6b9f1f1fb1fdfe9cb8337a80
2026-04-07 10:51:04 - getOutlet.php - Received encrypt: 5b8ae1bc6b9f1f1fb1fdfe9cb8337a80
2026-04-07 10:51:04 - getOutlet.php - Authentication berhasil
2026-04-07 10:51:04 - getOutlet.php - Query: SELECT id_out, nama_out, '' AS alamat_out, ofcode_out
            FROM outlet 
            WHERE status_out IN ('Active', '1', 'active')
            AND (nama_out LIKE :key OR ofcode_out LIKE :key)
            ORDER BY nama_out ASC
            LIMIT 20
2026-04-07 10:51:04 - getOutlet.php - Query berhasil, mengembalikan 19 record
2026-04-07 10:51:04 - getOutlet.php - === END REQUEST ===
2026-04-07 03:51:04 - getOutlet.php - === REQUEST GETOUTLET ===
2026-04-07 03:51:04 - getOutlet.php - Method: POST
2026-04-07 03:51:04 - getOutlet.php - POST data: {"tgl":"2026-04-07","encrypt":"5b8ae1bc6b9f1f1fb1fdfe9cb8337a80","id_apl":"APL01","key":"Jec"}
2026-04-07 10:51:04 - getOutlet.php - Params - tgl: 2026-04-07, encrypt: 5b8ae1bc6b9f1f1fb1fdfe9cb8337a80, id_apl: APL01, key: Jec
2026-04-07 03:51:05 - getOutlet.php - === REQUEST GETOUTLET ===
2026-04-07 03:51:05 - getOutlet.php - Method: POST
2026-04-07 03:51:05 - getOutlet.php - POST data: {"tgl":"2026-04-07","encrypt":"5b8ae1bc6b9f1f1fb1fdfe9cb8337a80","id_apl":"APL01","key":"Jec"}
2026-04-07 10:51:05 - getOutlet.php - Params - tgl: 2026-04-07, encrypt: 5b8ae1bc6b9f1f1fb1fdfe9cb8337a80, id_apl: APL01, key: Jec
2026-04-07 03:51:05 - getOutlet.php - === REQUEST GETOUTLET ===
2026-04-07 03:51:05 - getOutlet.php - Method: POST
2026-04-07 03:51:05 - getOutlet.php - POST data: {"tgl":"2026-04-07","encrypt":"5b8ae1bc6b9f1f1fb1fdfe9cb8337a80","id_apl":"APL01","key":"Jec"}
2026-04-07 10:51:05 - getOutlet.php - Params - tgl: 2026-04-07, encrypt: 5b8ae1bc6b9f1f1fb1fdfe9cb8337a80, id_apl: APL01, key: Jec
2026-04-07 10:51:05 - getOutlet.php - Aplikasi ditemukan: Ya
2026-04-07 10:51:05 - getOutlet.php - Key aplikasi: YbcJSFjkds...
2026-04-07 10:51:05 - getOutlet.php - Expected encrypt: 5b8ae1bc6b9f1f1fb1fdfe9cb8337a80
2026-04-07 10:51:05 - getOutlet.php - Received encrypt: 5b8ae1bc6b9f1f1fb1fdfe9cb8337a80
2026-04-07 10:51:05 - getOutlet.php - Authentication berhasil
2026-04-07 10:51:05 - getOutlet.php - Aplikasi ditemukan: Ya
2026-04-07 10:51:05 - getOutlet.php - Key aplikasi: YbcJSFjkds...
2026-04-07 10:51:05 - getOutlet.php - Expected encrypt: 5b8ae1bc6b9f1f1fb1fdfe9cb8337a80
2026-04-07 10:51:05 - getOutlet.php - Received encrypt: 5b8ae1bc6b9f1f1fb1fdfe9cb8337a80
2026-04-07 10:51:05 - getOutlet.php - Authentication berhasil
2026-04-07 10:51:05 - getOutlet.php - Query: SELECT id_out, nama_out, '' AS alamat_out, ofcode_out
            FROM outlet 
            WHERE status_out IN ('Active', '1', 'active')
            AND (nama_out LIKE :key OR ofcode_out LIKE :key)
            ORDER BY nama_out ASC
            LIMIT 20
2026-04-07 10:51:05 - getOutlet.php - Query: SELECT id_out, nama_out, '' AS alamat_out, ofcode_out
            FROM outlet 
            WHERE status_out IN ('Active', '1', 'active')
            AND (nama_out LIKE :key OR ofcode_out LIKE :key)
            ORDER BY nama_out ASC
            LIMIT 20
2026-04-07 10:51:05 - getOutlet.php - Query berhasil, mengembalikan 12 record
2026-04-07 10:51:05 - getOutlet.php - === END REQUEST ===
2026-04-07 10:51:05 - getOutlet.php - Query berhasil, mengembalikan 12 record
2026-04-07 10:51:05 - getOutlet.php - === END REQUEST ===
2026-04-07 10:51:05 - getOutlet.php - Aplikasi ditemukan: Ya
2026-04-07 10:51:05 - getOutlet.php - Key aplikasi: YbcJSFjkds...
2026-04-07 10:51:05 - getOutlet.php - Expected encrypt: 5b8ae1bc6b9f1f1fb1fdfe9cb8337a80
2026-04-07 10:51:05 - getOutlet.php - Received encrypt: 5b8ae1bc6b9f1f1fb1fdfe9cb8337a80
2026-04-07 10:51:05 - getOutlet.php - Authentication berhasil
2026-04-07 10:51:05 - getOutlet.php - Query: SELECT id_out, nama_out, '' AS alamat_out, ofcode_out
            FROM outlet 
            WHERE status_out IN ('Active', '1', 'active')
            AND (nama_out LIKE :key OR ofcode_out LIKE :key)
            ORDER BY nama_out ASC
            LIMIT 20
2026-04-07 10:51:05 - getOutlet.php - Query berhasil, mengembalikan 12 record
2026-04-07 10:51:05 - getOutlet.php - === END REQUEST ===
2026-04-07 03:51:05 - getOutlet.php - === REQUEST GETOUTLET ===
2026-04-07 03:51:05 - getOutlet.php - Method: POST
2026-04-07 03:51:05 - getOutlet.php - POST data: {"tgl":"2026-04-07","encrypt":"5b8ae1bc6b9f1f1fb1fdfe9cb8337a80","id_apl":"APL01","key":"Jec c"}
2026-04-07 10:51:05 - getOutlet.php - Params - tgl: 2026-04-07, encrypt: 5b8ae1bc6b9f1f1fb1fdfe9cb8337a80, id_apl: APL01, key: Jec c
2026-04-07 10:51:05 - getOutlet.php - Aplikasi ditemukan: Ya
2026-04-07 10:51:05 - getOutlet.php - Key aplikasi: YbcJSFjkds...
2026-04-07 10:51:05 - getOutlet.php - Expected encrypt: 5b8ae1bc6b9f1f1fb1fdfe9cb8337a80
2026-04-07 10:51:05 - getOutlet.php - Received encrypt: 5b8ae1bc6b9f1f1fb1fdfe9cb8337a80
2026-04-07 10:51:05 - getOutlet.php - Authentication berhasil
2026-04-07 10:51:05 - getOutlet.php - Query: SELECT id_out, nama_out, '' AS alamat_out, ofcode_out
            FROM outlet 
            WHERE status_out IN ('Active', '1', 'active')
            AND (nama_out LIKE :key OR ofcode_out LIKE :key)
            ORDER BY nama_out ASC
            LIMIT 20
2026-04-07 10:51:05 - getOutlet.php - Query berhasil, mengembalikan 0 record
2026-04-07 10:51:05 - getOutlet.php - === END REQUEST ===
2026-04-07 03:51:05 - getOutlet.php - === REQUEST GETOUTLET ===
2026-04-07 03:51:05 - getOutlet.php - Method: POST
2026-04-07 03:51:05 - getOutlet.php - POST data: {"tgl":"2026-04-07","encrypt":"5b8ae1bc6b9f1f1fb1fdfe9cb8337a80","id_apl":"APL01","key":"Jec ci"}
2026-04-07 10:51:05 - getOutlet.php - Params - tgl: 2026-04-07, encrypt: 5b8ae1bc6b9f1f1fb1fdfe9cb8337a80, id_apl: APL01, key: Jec ci
2026-04-07 10:51:05 - getOutlet.php - Aplikasi ditemukan: Ya
2026-04-07 10:51:05 - getOutlet.php - Key aplikasi: YbcJSFjkds...
2026-04-07 10:51:05 - getOutlet.php - Expected encrypt: 5b8ae1bc6b9f1f1fb1fdfe9cb8337a80
2026-04-07 10:51:05 - getOutlet.php - Received encrypt: 5b8ae1bc6b9f1f1fb1fdfe9cb8337a80
2026-04-07 10:51:05 - getOutlet.php - Authentication berhasil
2026-04-07 10:51:05 - getOutlet.php - Query: SELECT id_out, nama_out, '' AS alamat_out, ofcode_out
            FROM outlet 
            WHERE status_out IN ('Active', '1', 'active')
            AND (nama_out LIKE :key OR ofcode_out LIKE :key)
            ORDER BY nama_out ASC
            LIMIT 20
2026-04-07 10:51:05 - getOutlet.php - Query berhasil, mengembalikan 0 record
2026-04-07 10:51:05 - getOutlet.php - === END REQUEST ===
2026-04-07 03:51:06 - getOutlet.php - === REQUEST GETOUTLET ===
2026-04-07 03:51:06 - getOutlet.php - Method: POST
2026-04-07 03:51:06 - getOutlet.php - POST data: {"tgl":"2026-04-07","encrypt":"5b8ae1bc6b9f1f1fb1fdfe9cb8337a80","id_apl":"APL01","key":"Jec cin"}
2026-04-07 10:51:06 - getOutlet.php - Params - tgl: 2026-04-07, encrypt: 5b8ae1bc6b9f1f1fb1fdfe9cb8337a80, id_apl: APL01, key: Jec cin
2026-04-07 10:51:06 - getOutlet.php - Aplikasi ditemukan: Ya
2026-04-07 10:51:06 - getOutlet.php - Key aplikasi: YbcJSFjkds...
2026-04-07 10:51:06 - getOutlet.php - Expected encrypt: 5b8ae1bc6b9f1f1fb1fdfe9cb8337a80
2026-04-07 10:51:06 - getOutlet.php - Received encrypt: 5b8ae1bc6b9f1f1fb1fdfe9cb8337a80
2026-04-07 10:51:06 - getOutlet.php - Authentication berhasil
2026-04-07 10:51:06 - getOutlet.php - Query: SELECT id_out, nama_out, '' AS alamat_out, ofcode_out
            FROM outlet 
            WHERE status_out IN ('Active', '1', 'active')
            AND (nama_out LIKE :key OR ofcode_out LIKE :key)
            ORDER BY nama_out ASC
            LIMIT 20
2026-04-07 10:51:06 - getOutlet.php - Query berhasil, mengembalikan 0 record
2026-04-07 10:51:06 - getOutlet.php - === END REQUEST ===
2026-04-07 03:51:06 - getOutlet.php - === REQUEST GETOUTLET ===
2026-04-07 03:51:06 - getOutlet.php - Method: POST
2026-04-07 03:51:06 - getOutlet.php - POST data: {"tgl":"2026-04-07","encrypt":"5b8ae1bc6b9f1f1fb1fdfe9cb8337a80","id_apl":"APL01","key":"Jec cine"}
2026-04-07 10:51:06 - getOutlet.php - Params - tgl: 2026-04-07, encrypt: 5b8ae1bc6b9f1f1fb1fdfe9cb8337a80, id_apl: APL01, key: Jec cine
2026-04-07 10:51:06 - getOutlet.php - Aplikasi ditemukan: Ya
2026-04-07 10:51:06 - getOutlet.php - Key aplikasi: YbcJSFjkds...
2026-04-07 10:51:06 - getOutlet.php - Expected encrypt: 5b8ae1bc6b9f1f1fb1fdfe9cb8337a80
2026-04-07 10:51:06 - getOutlet.php - Received encrypt: 5b8ae1bc6b9f1f1fb1fdfe9cb8337a80
2026-04-07 10:51:06 - getOutlet.php - Authentication berhasil
2026-04-07 10:51:06 - getOutlet.php - Query: SELECT id_out, nama_out, '' AS alamat_out, ofcode_out
            FROM outlet 
            WHERE status_out IN ('Active', '1', 'active')
            AND (nama_out LIKE :key OR ofcode_out LIKE :key)
            ORDER BY nama_out ASC
            LIMIT 20
2026-04-07 10:51:06 - getOutlet.php - Query berhasil, mengembalikan 0 record
2026-04-07 10:51:06 - getOutlet.php - === END REQUEST ===
2026-04-07 03:51:07 - getOutlet.php - === REQUEST GETOUTLET ===
2026-04-07 03:51:07 - getOutlet.php - Method: POST
2026-04-07 03:51:07 - getOutlet.php - POST data: {"tgl":"2026-04-07","encrypt":"5b8ae1bc6b9f1f1fb1fdfe9cb8337a80","id_apl":"APL01","key":"Jec ciner"}
2026-04-07 10:51:07 - getOutlet.php - Params - tgl: 2026-04-07, encrypt: 5b8ae1bc6b9f1f1fb1fdfe9cb8337a80, id_apl: APL01, key: Jec ciner
2026-04-07 10:51:07 - getOutlet.php - Aplikasi ditemukan: Ya
2026-04-07 10:51:07 - getOutlet.php - Key aplikasi: YbcJSFjkds...
2026-04-07 10:51:07 - getOutlet.php - Expected encrypt: 5b8ae1bc6b9f1f1fb1fdfe9cb8337a80
2026-04-07 10:51:07 - getOutlet.php - Received encrypt: 5b8ae1bc6b9f1f1fb1fdfe9cb8337a80
2026-04-07 10:51:07 - getOutlet.php - Authentication berhasil
2026-04-07 10:51:07 - getOutlet.php - Query: SELECT id_out, nama_out, '' AS alamat_out, ofcode_out
            FROM outlet 
            WHERE status_out IN ('Active', '1', 'active')
            AND (nama_out LIKE :key OR ofcode_out LIKE :key)
            ORDER BY nama_out ASC
            LIMIT 20
2026-04-07 10:51:07 - getOutlet.php - Query berhasil, mengembalikan 0 record
2026-04-07 10:51:07 - getOutlet.php - === END REQUEST ===
2026-04-07 03:51:07 - getOutlet.php - === REQUEST GETOUTLET ===
2026-04-07 03:51:07 - getOutlet.php - Method: POST
2026-04-07 03:51:07 - getOutlet.php - POST data: {"tgl":"2026-04-07","encrypt":"5b8ae1bc6b9f1f1fb1fdfe9cb8337a80","id_apl":"APL01","key":"Jec cinere"}
2026-04-07 10:51:07 - getOutlet.php - Params - tgl: 2026-04-07, encrypt: 5b8ae1bc6b9f1f1fb1fdfe9cb8337a80, id_apl: APL01, key: Jec cinere
2026-04-07 10:51:07 - getOutlet.php - Aplikasi ditemukan: Ya
2026-04-07 10:51:07 - getOutlet.php - Key aplikasi: YbcJSFjkds...
2026-04-07 10:51:07 - getOutlet.php - Expected encrypt: 5b8ae1bc6b9f1f1fb1fdfe9cb8337a80
2026-04-07 10:51:07 - getOutlet.php - Received encrypt: 5b8ae1bc6b9f1f1fb1fdfe9cb8337a80
2026-04-07 10:51:07 - getOutlet.php - Authentication berhasil
2026-04-07 10:51:07 - getOutlet.php - Query: SELECT id_out, nama_out, '' AS alamat_out, ofcode_out
            FROM outlet 
            WHERE status_out IN ('Active', '1', 'active')
            AND (nama_out LIKE :key OR ofcode_out LIKE :key)
            ORDER BY nama_out ASC
            LIMIT 20
2026-04-07 10:51:07 - getOutlet.php - Query berhasil, mengembalikan 0 record
2026-04-07 10:51:07 - getOutlet.php - === END REQUEST ===
2026-04-07 03:51:08 - getOutlet.php - === REQUEST GETOUTLET ===
2026-04-07 03:51:08 - getOutlet.php - Method: POST
2026-04-07 03:51:08 - getOutlet.php - POST data: {"tgl":"2026-04-07","encrypt":"5b8ae1bc6b9f1f1fb1fdfe9cb8337a80","id_apl":"APL01","key":"Jec ciner"}
2026-04-07 10:51:08 - getOutlet.php - Params - tgl: 2026-04-07, encrypt: 5b8ae1bc6b9f1f1fb1fdfe9cb8337a80, id_apl: APL01, key: Jec ciner
2026-04-07 10:51:08 - getOutlet.php - Aplikasi ditemukan: Ya
2026-04-07 10:51:08 - getOutlet.php - Key aplikasi: YbcJSFjkds...
2026-04-07 10:51:08 - getOutlet.php - Expected encrypt: 5b8ae1bc6b9f1f1fb1fdfe9cb8337a80
2026-04-07 10:51:08 - getOutlet.php - Received encrypt: 5b8ae1bc6b9f1f1fb1fdfe9cb8337a80
2026-04-07 10:51:08 - getOutlet.php - Authentication berhasil
2026-04-07 10:51:08 - getOutlet.php - Query: SELECT id_out, nama_out, '' AS alamat_out, ofcode_out
            FROM outlet 
            WHERE status_out IN ('Active', '1', 'active')
            AND (nama_out LIKE :key OR ofcode_out LIKE :key)
            ORDER BY nama_out ASC
            LIMIT 20
2026-04-07 10:51:08 - getOutlet.php - Query berhasil, mengembalikan 0 record
2026-04-07 10:51:08 - getOutlet.php - === END REQUEST ===
2026-04-07 03:51:08 - getOutlet.php - === REQUEST GETOUTLET ===
2026-04-07 03:51:08 - getOutlet.php - Method: POST
2026-04-07 03:51:08 - getOutlet.php - POST data: {"tgl":"2026-04-07","encrypt":"5b8ae1bc6b9f1f1fb1fdfe9cb8337a80","id_apl":"APL01","key":"Jec cine"}
2026-04-07 10:51:08 - getOutlet.php - Params - tgl: 2026-04-07, encrypt: 5b8ae1bc6b9f1f1fb1fdfe9cb8337a80, id_apl: APL01, key: Jec cine
2026-04-07 10:51:08 - getOutlet.php - Aplikasi ditemukan: Ya
2026-04-07 10:51:08 - getOutlet.php - Key aplikasi: YbcJSFjkds...
2026-04-07 10:51:08 - getOutlet.php - Expected encrypt: 5b8ae1bc6b9f1f1fb1fdfe9cb8337a80
2026-04-07 10:51:08 - getOutlet.php - Received encrypt: 5b8ae1bc6b9f1f1fb1fdfe9cb8337a80
2026-04-07 10:51:08 - getOutlet.php - Authentication berhasil
2026-04-07 10:51:08 - getOutlet.php - Query: SELECT id_out, nama_out, '' AS alamat_out, ofcode_out
            FROM outlet 
            WHERE status_out IN ('Active', '1', 'active')
            AND (nama_out LIKE :key OR ofcode_out LIKE :key)
            ORDER BY nama_out ASC
            LIMIT 20
2026-04-07 10:51:08 - getOutlet.php - Query berhasil, mengembalikan 0 record
2026-04-07 10:51:08 - getOutlet.php - === END REQUEST ===
2026-04-07 03:51:08 - getOutlet.php - === REQUEST GETOUTLET ===
2026-04-07 03:51:08 - getOutlet.php - Method: POST
2026-04-07 03:51:08 - getOutlet.php - POST data: {"tgl":"2026-04-07","encrypt":"5b8ae1bc6b9f1f1fb1fdfe9cb8337a80","id_apl":"APL01","key":"Jec cin"}
2026-04-07 10:51:08 - getOutlet.php - Params - tgl: 2026-04-07, encrypt: 5b8ae1bc6b9f1f1fb1fdfe9cb8337a80, id_apl: APL01, key: Jec cin
2026-04-07 10:51:08 - getOutlet.php - Aplikasi ditemukan: Ya
2026-04-07 10:51:08 - getOutlet.php - Key aplikasi: YbcJSFjkds...
2026-04-07 10:51:08 - getOutlet.php - Expected encrypt: 5b8ae1bc6b9f1f1fb1fdfe9cb8337a80
2026-04-07 10:51:08 - getOutlet.php - Received encrypt: 5b8ae1bc6b9f1f1fb1fdfe9cb8337a80
2026-04-07 10:51:08 - getOutlet.php - Authentication berhasil
2026-04-07 10:51:08 - getOutlet.php - Query: SELECT id_out, nama_out, '' AS alamat_out, ofcode_out
            FROM outlet 
            WHERE status_out IN ('Active', '1', 'active')
            AND (nama_out LIKE :key OR ofcode_out LIKE :key)
            ORDER BY nama_out ASC
            LIMIT 20
2026-04-07 10:51:08 - getOutlet.php - Query berhasil, mengembalikan 0 record
2026-04-07 10:51:08 - getOutlet.php - === END REQUEST ===
2026-04-07 03:51:08 - getOutlet.php - === REQUEST GETOUTLET ===
2026-04-07 03:51:08 - getOutlet.php - === REQUEST GETOUTLET ===
2026-04-07 03:51:08 - getOutlet.php - Method: POST
2026-04-07 03:51:08 - getOutlet.php - POST data: {"tgl":"2026-04-07","encrypt":"5b8ae1bc6b9f1f1fb1fdfe9cb8337a80","id_apl":"APL01","key":"Jec ci"}
2026-04-07 03:51:08 - getOutlet.php - Method: POST
2026-04-07 10:51:08 - getOutlet.php - Params - tgl: 2026-04-07, encrypt: 5b8ae1bc6b9f1f1fb1fdfe9cb8337a80, id_apl: APL01, key: Jec ci
2026-04-07 03:51:08 - getOutlet.php - POST data: {"tgl":"2026-04-07","encrypt":"5b8ae1bc6b9f1f1fb1fdfe9cb8337a80","id_apl":"APL01","key":"Jec c"}
2026-04-07 10:51:08 - getOutlet.php - Params - tgl: 2026-04-07, encrypt: 5b8ae1bc6b9f1f1fb1fdfe9cb8337a80, id_apl: APL01, key: Jec c
2026-04-07 10:51:08 - getOutlet.php - Aplikasi ditemukan: Ya
2026-04-07 10:51:08 - getOutlet.php - Key aplikasi: YbcJSFjkds...
2026-04-07 10:51:08 - getOutlet.php - Expected encrypt: 5b8ae1bc6b9f1f1fb1fdfe9cb8337a80
2026-04-07 10:51:08 - getOutlet.php - Received encrypt: 5b8ae1bc6b9f1f1fb1fdfe9cb8337a80
2026-04-07 10:51:08 - getOutlet.php - Authentication berhasil
2026-04-07 10:51:08 - getOutlet.php - Query: SELECT id_out, nama_out, '' AS alamat_out, ofcode_out
            FROM outlet 
            WHERE status_out IN ('Active', '1', 'active')
            AND (nama_out LIKE :key OR ofcode_out LIKE :key)
            ORDER BY nama_out ASC
            LIMIT 20
2026-04-07 10:51:08 - getOutlet.php - Query berhasil, mengembalikan 0 record
2026-04-07 10:51:08 - getOutlet.php - === END REQUEST ===
2026-04-07 10:51:08 - getOutlet.php - Aplikasi ditemukan: Ya
2026-04-07 10:51:08 - getOutlet.php - Key aplikasi: YbcJSFjkds...
2026-04-07 10:51:08 - getOutlet.php - Expected encrypt: 5b8ae1bc6b9f1f1fb1fdfe9cb8337a80
2026-04-07 10:51:08 - getOutlet.php - Received encrypt: 5b8ae1bc6b9f1f1fb1fdfe9cb8337a80
2026-04-07 10:51:08 - getOutlet.php - Authentication berhasil
2026-04-07 10:51:08 - getOutlet.php - Query: SELECT id_out, nama_out, '' AS alamat_out, ofcode_out
            FROM outlet 
            WHERE status_out IN ('Active', '1', 'active')
            AND (nama_out LIKE :key OR ofcode_out LIKE :key)
            ORDER BY nama_out ASC
            LIMIT 20
2026-04-07 10:51:08 - getOutlet.php - Query berhasil, mengembalikan 0 record
2026-04-07 10:51:08 - getOutlet.php - === END REQUEST ===
2026-04-07 03:51:08 - getOutlet.php - === REQUEST GETOUTLET ===
2026-04-07 03:51:08 - getOutlet.php - Method: POST
2026-04-07 03:51:08 - getOutlet.php - POST data: {"tgl":"2026-04-07","encrypt":"5b8ae1bc6b9f1f1fb1fdfe9cb8337a80","id_apl":"APL01","key":"Jec"}
2026-04-07 10:51:08 - getOutlet.php - Params - tgl: 2026-04-07, encrypt: 5b8ae1bc6b9f1f1fb1fdfe9cb8337a80, id_apl: APL01, key: Jec
2026-04-07 03:51:08 - getOutlet.php - === REQUEST GETOUTLET ===
2026-04-07 03:51:08 - getOutlet.php - Method: POST
2026-04-07 03:51:08 - getOutlet.php - POST data: {"tgl":"2026-04-07","encrypt":"5b8ae1bc6b9f1f1fb1fdfe9cb8337a80","id_apl":"APL01","key":"Jec"}
2026-04-07 10:51:08 - getOutlet.php - Params - tgl: 2026-04-07, encrypt: 5b8ae1bc6b9f1f1fb1fdfe9cb8337a80, id_apl: APL01, key: Jec
2026-04-07 10:51:08 - getOutlet.php - Aplikasi ditemukan: Ya
2026-04-07 10:51:08 - getOutlet.php - Key aplikasi: YbcJSFjkds...
2026-04-07 10:51:08 - getOutlet.php - Expected encrypt: 5b8ae1bc6b9f1f1fb1fdfe9cb8337a80
2026-04-07 10:51:08 - getOutlet.php - Received encrypt: 5b8ae1bc6b9f1f1fb1fdfe9cb8337a80
2026-04-07 10:51:08 - getOutlet.php - Authentication berhasil
2026-04-07 10:51:08 - getOutlet.php - Aplikasi ditemukan: Ya
2026-04-07 10:51:08 - getOutlet.php - Key aplikasi: YbcJSFjkds...
2026-04-07 10:51:08 - getOutlet.php - Expected encrypt: 5b8ae1bc6b9f1f1fb1fdfe9cb8337a80
2026-04-07 10:51:08 - getOutlet.php - Received encrypt: 5b8ae1bc6b9f1f1fb1fdfe9cb8337a80
2026-04-07 10:51:08 - getOutlet.php - Authentication berhasil
2026-04-07 10:51:08 - getOutlet.php - Query: SELECT id_out, nama_out, '' AS alamat_out, ofcode_out
            FROM outlet 
            WHERE status_out IN ('Active', '1', 'active')
            AND (nama_out LIKE :key OR ofcode_out LIKE :key)
            ORDER BY nama_out ASC
            LIMIT 20
2026-04-07 10:51:08 - getOutlet.php - Query berhasil, mengembalikan 12 record
2026-04-07 10:51:08 - getOutlet.php - === END REQUEST ===
2026-04-07 10:51:08 - getOutlet.php - Query: SELECT id_out, nama_out, '' AS alamat_out, ofcode_out
            FROM outlet 
            WHERE status_out IN ('Active', '1', 'active')
            AND (nama_out LIKE :key OR ofcode_out LIKE :key)
            ORDER BY nama_out ASC
            LIMIT 20
2026-04-07 10:51:08 - getOutlet.php - Query berhasil, mengembalikan 12 record
2026-04-07 10:51:08 - getOutlet.php - === END REQUEST ===
2026-04-07 03:51:09 - getOutlet.php - === REQUEST GETOUTLET ===
2026-04-07 03:51:09 - getOutlet.php - Method: POST
2026-04-07 03:51:09 - getOutlet.php - POST data: {"tgl":"2026-04-07","encrypt":"5b8ae1bc6b9f1f1fb1fdfe9cb8337a80","id_apl":"APL01","key":"Je"}
2026-04-07 10:51:09 - getOutlet.php - Params - tgl: 2026-04-07, encrypt: 5b8ae1bc6b9f1f1fb1fdfe9cb8337a80, id_apl: APL01, key: Je
2026-04-07 10:51:09 - getOutlet.php - Aplikasi ditemukan: Ya
2026-04-07 10:51:09 - getOutlet.php - Key aplikasi: YbcJSFjkds...
2026-04-07 10:51:09 - getOutlet.php - Expected encrypt: 5b8ae1bc6b9f1f1fb1fdfe9cb8337a80
2026-04-07 10:51:09 - getOutlet.php - Received encrypt: 5b8ae1bc6b9f1f1fb1fdfe9cb8337a80
2026-04-07 10:51:09 - getOutlet.php - Authentication berhasil
2026-04-07 10:51:09 - getOutlet.php - Query: SELECT id_out, nama_out, '' AS alamat_out, ofcode_out
            FROM outlet 
            WHERE status_out IN ('Active', '1', 'active')
            AND (nama_out LIKE :key OR ofcode_out LIKE :key)
            ORDER BY nama_out ASC
            LIMIT 20
2026-04-07 10:51:09 - getOutlet.php - Query berhasil, mengembalikan 19 record
2026-04-07 10:51:09 - getOutlet.php - === END REQUEST ===
2026-04-07 03:51:12 - getOutlet.php - === REQUEST GETOUTLET ===
2026-04-07 03:51:12 - getOutlet.php - Method: POST
2026-04-07 03:51:12 - getOutlet.php - POST data: {"tgl":"2026-04-07","encrypt":"5b8ae1bc6b9f1f1fb1fdfe9cb8337a80","id_apl":"APL01","key":"Ci"}
2026-04-07 10:51:12 - getOutlet.php - Params - tgl: 2026-04-07, encrypt: 5b8ae1bc6b9f1f1fb1fdfe9cb8337a80, id_apl: APL01, key: Ci
2026-04-07 10:51:12 - getOutlet.php - Aplikasi ditemukan: Ya
2026-04-07 10:51:12 - getOutlet.php - Key aplikasi: YbcJSFjkds...
2026-04-07 10:51:12 - getOutlet.php - Expected encrypt: 5b8ae1bc6b9f1f1fb1fdfe9cb8337a80
2026-04-07 10:51:12 - getOutlet.php - Received encrypt: 5b8ae1bc6b9f1f1fb1fdfe9cb8337a80
2026-04-07 10:51:12 - getOutlet.php - Authentication berhasil
2026-04-07 10:51:12 - getOutlet.php - Query: SELECT id_out, nama_out, '' AS alamat_out, ofcode_out
            FROM outlet 
            WHERE status_out IN ('Active', '1', 'active')
            AND (nama_out LIKE :key OR ofcode_out LIKE :key)
            ORDER BY nama_out ASC
            LIMIT 20
2026-04-07 10:51:12 - getOutlet.php - Query berhasil, mengembalikan 20 record
2026-04-07 10:51:12 - getOutlet.php - === END REQUEST ===
2026-04-07 03:51:12 - getOutlet.php - === REQUEST GETOUTLET ===
2026-04-07 03:51:12 - getOutlet.php - Method: POST
2026-04-07 03:51:12 - getOutlet.php - POST data: {"tgl":"2026-04-07","encrypt":"5b8ae1bc6b9f1f1fb1fdfe9cb8337a80","id_apl":"APL01","key":"Cin"}
2026-04-07 10:51:12 - getOutlet.php - Params - tgl: 2026-04-07, encrypt: 5b8ae1bc6b9f1f1fb1fdfe9cb8337a80, id_apl: APL01, key: Cin
2026-04-07 10:51:12 - getOutlet.php - Aplikasi ditemukan: Ya
2026-04-07 10:51:12 - getOutlet.php - Key aplikasi: YbcJSFjkds...
2026-04-07 10:51:12 - getOutlet.php - Expected encrypt: 5b8ae1bc6b9f1f1fb1fdfe9cb8337a80
2026-04-07 10:51:12 - getOutlet.php - Received encrypt: 5b8ae1bc6b9f1f1fb1fdfe9cb8337a80
2026-04-07 10:51:12 - getOutlet.php - Authentication berhasil
2026-04-07 10:51:12 - getOutlet.php - Query: SELECT id_out, nama_out, '' AS alamat_out, ofcode_out
            FROM outlet 
            WHERE status_out IN ('Active', '1', 'active')
            AND (nama_out LIKE :key OR ofcode_out LIKE :key)
            ORDER BY nama_out ASC
            LIMIT 20
2026-04-07 10:51:12 - getOutlet.php - Query berhasil, mengembalikan 5 record
2026-04-07 10:51:12 - getOutlet.php - === END REQUEST ===
2026-04-07 03:51:12 - getOutlet.php - === REQUEST GETOUTLET ===
2026-04-07 03:51:12 - getOutlet.php - Method: POST
2026-04-07 03:51:12 - getOutlet.php - POST data: {"tgl":"2026-04-07","encrypt":"5b8ae1bc6b9f1f1fb1fdfe9cb8337a80","id_apl":"APL01","key":"Cine"}
2026-04-07 10:51:12 - getOutlet.php - Params - tgl: 2026-04-07, encrypt: 5b8ae1bc6b9f1f1fb1fdfe9cb8337a80, id_apl: APL01, key: Cine
2026-04-07 10:51:12 - getOutlet.php - Aplikasi ditemukan: Ya
2026-04-07 10:51:12 - getOutlet.php - Key aplikasi: YbcJSFjkds...
2026-04-07 10:51:12 - getOutlet.php - Expected encrypt: 5b8ae1bc6b9f1f1fb1fdfe9cb8337a80
2026-04-07 10:51:12 - getOutlet.php - Received encrypt: 5b8ae1bc6b9f1f1fb1fdfe9cb8337a80
2026-04-07 10:51:12 - getOutlet.php - Authentication berhasil
2026-04-07 10:51:12 - getOutlet.php - Query: SELECT id_out, nama_out, '' AS alamat_out, ofcode_out
            FROM outlet 
            WHERE status_out IN ('Active', '1', 'active')
            AND (nama_out LIKE :key OR ofcode_out LIKE :key)
            ORDER BY nama_out ASC
            LIMIT 20
2026-04-07 10:51:12 - getOutlet.php - Query berhasil, mengembalikan 3 record
2026-04-07 10:51:12 - getOutlet.php - === END REQUEST ===
2026-04-07 03:51:12 - getOutlet.php - === REQUEST GETOUTLET ===
2026-04-07 03:51:12 - getOutlet.php - Method: POST
2026-04-07 03:51:12 - getOutlet.php - POST data: {"tgl":"2026-04-07","encrypt":"5b8ae1bc6b9f1f1fb1fdfe9cb8337a80","id_apl":"APL01","key":"Ciner"}
2026-04-07 10:51:12 - getOutlet.php - Params - tgl: 2026-04-07, encrypt: 5b8ae1bc6b9f1f1fb1fdfe9cb8337a80, id_apl: APL01, key: Ciner
2026-04-07 10:51:12 - getOutlet.php - Aplikasi ditemukan: Ya
2026-04-07 10:51:12 - getOutlet.php - Key aplikasi: YbcJSFjkds...
2026-04-07 10:51:12 - getOutlet.php - Expected encrypt: 5b8ae1bc6b9f1f1fb1fdfe9cb8337a80
2026-04-07 10:51:12 - getOutlet.php - Received encrypt: 5b8ae1bc6b9f1f1fb1fdfe9cb8337a80
2026-04-07 10:51:12 - getOutlet.php - Authentication berhasil
2026-04-07 10:51:12 - getOutlet.php - Query: SELECT id_out, nama_out, '' AS alamat_out, ofcode_out
            FROM outlet 
            WHERE status_out IN ('Active', '1', 'active')
            AND (nama_out LIKE :key OR ofcode_out LIKE :key)
            ORDER BY nama_out ASC
            LIMIT 20
2026-04-07 10:51:12 - getOutlet.php - Query berhasil, mengembalikan 3 record
2026-04-07 10:51:12 - getOutlet.php - === END REQUEST ===
2026-04-07 03:51:12 - getOutlet.php - === REQUEST GETOUTLET ===
2026-04-07 03:51:12 - getOutlet.php - Method: POST
2026-04-07 03:51:12 - getOutlet.php - POST data: {"tgl":"2026-04-07","encrypt":"5b8ae1bc6b9f1f1fb1fdfe9cb8337a80","id_apl":"APL01","key":"Cinere"}
2026-04-07 10:51:12 - getOutlet.php - Params - tgl: 2026-04-07, encrypt: 5b8ae1bc6b9f1f1fb1fdfe9cb8337a80, id_apl: APL01, key: Cinere
2026-04-07 10:51:12 - getOutlet.php - Aplikasi ditemukan: Ya
2026-04-07 10:51:12 - getOutlet.php - Key aplikasi: YbcJSFjkds...
2026-04-07 10:51:12 - getOutlet.php - Expected encrypt: 5b8ae1bc6b9f1f1fb1fdfe9cb8337a80
2026-04-07 10:51:12 - getOutlet.php - Received encrypt: 5b8ae1bc6b9f1f1fb1fdfe9cb8337a80
2026-04-07 10:51:12 - getOutlet.php - Authentication berhasil
2026-04-07 10:51:12 - getOutlet.php - Query: SELECT id_out, nama_out, '' AS alamat_out, ofcode_out
            FROM outlet 
            WHERE status_out IN ('Active', '1', 'active')
            AND (nama_out LIKE :key OR ofcode_out LIKE :key)
            ORDER BY nama_out ASC
            LIMIT 20
2026-04-07 10:51:12 - getOutlet.php - Query berhasil, mengembalikan 3 record
2026-04-07 10:51:12 - getOutlet.php - === END REQUEST ===
2026-04-07 03:51:14 - getOutlet.php - === REQUEST GETOUTLET ===
2026-04-07 03:51:14 - getOutlet.php - Method: POST
2026-04-07 03:51:14 - getOutlet.php - POST data: {"tgl":"2026-04-07","encrypt":"5b8ae1bc6b9f1f1fb1fdfe9cb8337a80","id_apl":"APL01","key":"KLINIK MATA UTAMA JEC @CINERE"}
2026-04-07 10:51:14 - getOutlet.php - Params - tgl: 2026-04-07, encrypt: 5b8ae1bc6b9f1f1fb1fdfe9cb8337a80, id_apl: APL01, key: KLINIK MATA UTAMA JEC @CINERE
2026-04-07 10:51:14 - getOutlet.php - Aplikasi ditemukan: Ya
2026-04-07 10:51:14 - getOutlet.php - Key aplikasi: YbcJSFjkds...
2026-04-07 10:51:14 - getOutlet.php - Expected encrypt: 5b8ae1bc6b9f1f1fb1fdfe9cb8337a80
2026-04-07 10:51:14 - getOutlet.php - Received encrypt: 5b8ae1bc6b9f1f1fb1fdfe9cb8337a80
2026-04-07 10:51:14 - getOutlet.php - Authentication berhasil
2026-04-07 10:51:14 - getOutlet.php - Query: SELECT id_out, nama_out, '' AS alamat_out, ofcode_out
            FROM outlet 
            WHERE status_out IN ('Active', '1', 'active')
            AND (nama_out LIKE :key OR ofcode_out LIKE :key)
            ORDER BY nama_out ASC
            LIMIT 20
2026-04-07 10:51:14 - getOutlet.php - Query berhasil, mengembalikan 1 record
2026-04-07 10:51:14 - getOutlet.php - === END REQUEST ===
2026-04-07 03:51:39 - getOutlet.php - === REQUEST GETOUTLET ===
2026-04-07 03:51:39 - getOutlet.php - Method: POST
2026-04-07 03:51:39 - getOutlet.php - POST data: {"tgl":"2026-04-07","encrypt":"5b8ae1bc6b9f1f1fb1fdfe9cb8337a80","id_apl":"APL01","key":"Ra"}
2026-04-07 10:51:39 - getOutlet.php - Params - tgl: 2026-04-07, encrypt: 5b8ae1bc6b9f1f1fb1fdfe9cb8337a80, id_apl: APL01, key: Ra
2026-04-07 10:51:39 - getOutlet.php - Aplikasi ditemukan: Ya
2026-04-07 10:51:39 - getOutlet.php - Key aplikasi: YbcJSFjkds...
2026-04-07 10:51:39 - getOutlet.php - Expected encrypt: 5b8ae1bc6b9f1f1fb1fdfe9cb8337a80
2026-04-07 10:51:39 - getOutlet.php - Received encrypt: 5b8ae1bc6b9f1f1fb1fdfe9cb8337a80
2026-04-07 10:51:39 - getOutlet.php - Authentication berhasil
2026-04-07 10:51:39 - getOutlet.php - Query: SELECT id_out, nama_out, '' AS alamat_out, ofcode_out
            FROM outlet 
            WHERE status_out IN ('Active', '1', 'active')
            AND (nama_out LIKE :key OR ofcode_out LIKE :key)
            ORDER BY nama_out ASC
            LIMIT 20
2026-04-07 10:51:39 - getOutlet.php - Query berhasil, mengembalikan 20 record
2026-04-07 10:51:39 - getOutlet.php - === END REQUEST ===
2026-04-07 03:51:39 - getOutlet.php - === REQUEST GETOUTLET ===
2026-04-07 03:51:39 - getOutlet.php - Method: POST
2026-04-07 03:51:39 - getOutlet.php - POST data: {"tgl":"2026-04-07","encrypt":"5b8ae1bc6b9f1f1fb1fdfe9cb8337a80","id_apl":"APL01","key":"Ra"}
2026-04-07 10:51:39 - getOutlet.php - Params - tgl: 2026-04-07, encrypt: 5b8ae1bc6b9f1f1fb1fdfe9cb8337a80, id_apl: APL01, key: Ra
2026-04-07 10:51:39 - getOutlet.php - Aplikasi ditemukan: Ya
2026-04-07 10:51:39 - getOutlet.php - Key aplikasi: YbcJSFjkds...
2026-04-07 10:51:39 - getOutlet.php - Expected encrypt: 5b8ae1bc6b9f1f1fb1fdfe9cb8337a80
2026-04-07 10:51:39 - getOutlet.php - Received encrypt: 5b8ae1bc6b9f1f1fb1fdfe9cb8337a80
2026-04-07 10:51:39 - getOutlet.php - Authentication berhasil
2026-04-07 10:51:39 - getOutlet.php - Query: SELECT id_out, nama_out, '' AS alamat_out, ofcode_out
            FROM outlet 
            WHERE status_out IN ('Active', '1', 'active')
            AND (nama_out LIKE :key OR ofcode_out LIKE :key)
            ORDER BY nama_out ASC
            LIMIT 20
2026-04-07 10:51:39 - getOutlet.php - Query berhasil, mengembalikan 20 record
2026-04-07 10:51:39 - getOutlet.php - === END REQUEST ===
2026-04-07 03:51:39 - getOutlet.php - === REQUEST GETOUTLET ===
2026-04-07 03:51:39 - getOutlet.php - Method: POST
2026-04-07 03:51:39 - getOutlet.php - POST data: {"tgl":"2026-04-07","encrypt":"5b8ae1bc6b9f1f1fb1fdfe9cb8337a80","id_apl":"APL01","key":"Ra"}
2026-04-07 10:51:39 - getOutlet.php - Params - tgl: 2026-04-07, encrypt: 5b8ae1bc6b9f1f1fb1fdfe9cb8337a80, id_apl: APL01, key: Ra
2026-04-07 10:51:39 - getOutlet.php - Aplikasi ditemukan: Ya
2026-04-07 10:51:39 - getOutlet.php - Key aplikasi: YbcJSFjkds...
2026-04-07 10:51:39 - getOutlet.php - Expected encrypt: 5b8ae1bc6b9f1f1fb1fdfe9cb8337a80
2026-04-07 10:51:39 - getOutlet.php - Received encrypt: 5b8ae1bc6b9f1f1fb1fdfe9cb8337a80
2026-04-07 10:51:39 - getOutlet.php - Authentication berhasil
2026-04-07 10:51:39 - getOutlet.php - Query: SELECT id_out, nama_out, '' AS alamat_out, ofcode_out
            FROM outlet 
            WHERE status_out IN ('Active', '1', 'active')
            AND (nama_out LIKE :key OR ofcode_out LIKE :key)
            ORDER BY nama_out ASC
            LIMIT 20
2026-04-07 10:51:39 - getOutlet.php - Query berhasil, mengembalikan 20 record
2026-04-07 10:51:39 - getOutlet.php - === END REQUEST ===
2026-04-07 03:51:40 - getOutlet.php - === REQUEST GETOUTLET ===
2026-04-07 03:51:40 - getOutlet.php - Method: POST
2026-04-07 03:51:40 - getOutlet.php - POST data: {"tgl":"2026-04-07","encrypt":"5b8ae1bc6b9f1f1fb1fdfe9cb8337a80","id_apl":"APL01","key":"Ra p"}
2026-04-07 10:51:40 - getOutlet.php - Params - tgl: 2026-04-07, encrypt: 5b8ae1bc6b9f1f1fb1fdfe9cb8337a80, id_apl: APL01, key: Ra p
2026-04-07 10:51:40 - getOutlet.php - Aplikasi ditemukan: Ya
2026-04-07 10:51:40 - getOutlet.php - Key aplikasi: YbcJSFjkds...
2026-04-07 10:51:40 - getOutlet.php - Expected encrypt: 5b8ae1bc6b9f1f1fb1fdfe9cb8337a80
2026-04-07 10:51:40 - getOutlet.php - Received encrypt: 5b8ae1bc6b9f1f1fb1fdfe9cb8337a80
2026-04-07 10:51:40 - getOutlet.php - Authentication berhasil
2026-04-07 10:51:40 - getOutlet.php - Query: SELECT id_out, nama_out, '' AS alamat_out, ofcode_out
            FROM outlet 
            WHERE status_out IN ('Active', '1', 'active')
            AND (nama_out LIKE :key OR ofcode_out LIKE :key)
            ORDER BY nama_out ASC
            LIMIT 20
2026-04-07 10:51:40 - getOutlet.php - Query berhasil, mengembalikan 2 record
2026-04-07 10:51:40 - getOutlet.php - === END REQUEST ===
2026-04-07 03:51:40 - getOutlet.php - === REQUEST GETOUTLET ===
2026-04-07 03:51:40 - getOutlet.php - Method: POST
2026-04-07 03:51:40 - getOutlet.php - POST data: {"tgl":"2026-04-07","encrypt":"5b8ae1bc6b9f1f1fb1fdfe9cb8337a80","id_apl":"APL01","key":"Ra"}
2026-04-07 10:51:40 - getOutlet.php - Params - tgl: 2026-04-07, encrypt: 5b8ae1bc6b9f1f1fb1fdfe9cb8337a80, id_apl: APL01, key: Ra
2026-04-07 10:51:40 - getOutlet.php - Aplikasi ditemukan: Ya
2026-04-07 10:51:40 - getOutlet.php - Key aplikasi: YbcJSFjkds...
2026-04-07 10:51:40 - getOutlet.php - Expected encrypt: 5b8ae1bc6b9f1f1fb1fdfe9cb8337a80
2026-04-07 10:51:40 - getOutlet.php - Received encrypt: 5b8ae1bc6b9f1f1fb1fdfe9cb8337a80
2026-04-07 10:51:40 - getOutlet.php - Authentication berhasil
2026-04-07 10:51:40 - getOutlet.php - Query: SELECT id_out, nama_out, '' AS alamat_out, ofcode_out
            FROM outlet 
            WHERE status_out IN ('Active', '1', 'active')
            AND (nama_out LIKE :key OR ofcode_out LIKE :key)
            ORDER BY nama_out ASC
            LIMIT 20
2026-04-07 10:51:40 - getOutlet.php - Query berhasil, mengembalikan 20 record
2026-04-07 10:51:40 - getOutlet.php - === END REQUEST ===
2026-04-07 03:51:40 - getOutlet.php - === REQUEST GETOUTLET ===
2026-04-07 03:51:40 - getOutlet.php - Method: POST
2026-04-07 03:51:40 - getOutlet.php - POST data: {"tgl":"2026-04-07","encrypt":"5b8ae1bc6b9f1f1fb1fdfe9cb8337a80","id_apl":"APL01","key":"Ra"}
2026-04-07 10:51:40 - getOutlet.php - Params - tgl: 2026-04-07, encrypt: 5b8ae1bc6b9f1f1fb1fdfe9cb8337a80, id_apl: APL01, key: Ra
2026-04-07 10:51:40 - getOutlet.php - Aplikasi ditemukan: Ya
2026-04-07 10:51:40 - getOutlet.php - Key aplikasi: YbcJSFjkds...
2026-04-07 10:51:40 - getOutlet.php - Expected encrypt: 5b8ae1bc6b9f1f1fb1fdfe9cb8337a80
2026-04-07 10:51:40 - getOutlet.php - Received encrypt: 5b8ae1bc6b9f1f1fb1fdfe9cb8337a80
2026-04-07 10:51:40 - getOutlet.php - Authentication berhasil
2026-04-07 10:51:40 - getOutlet.php - Query: SELECT id_out, nama_out, '' AS alamat_out, ofcode_out
            FROM outlet 
            WHERE status_out IN ('Active', '1', 'active')
            AND (nama_out LIKE :key OR ofcode_out LIKE :key)
            ORDER BY nama_out ASC
            LIMIT 20
2026-04-07 10:51:40 - getOutlet.php - Query berhasil, mengembalikan 20 record
2026-04-07 10:51:40 - getOutlet.php - === END REQUEST ===
2026-04-07 03:51:41 - getOutlet.php - === REQUEST GETOUTLET ===
2026-04-07 03:51:41 - getOutlet.php - Method: POST
2026-04-07 03:51:41 - getOutlet.php - POST data: {"tgl":"2026-04-07","encrypt":"5b8ae1bc6b9f1f1fb1fdfe9cb8337a80","id_apl":"APL01","key":"Rs"}
2026-04-07 10:51:41 - getOutlet.php - Params - tgl: 2026-04-07, encrypt: 5b8ae1bc6b9f1f1fb1fdfe9cb8337a80, id_apl: APL01, key: Rs
2026-04-07 10:51:41 - getOutlet.php - Aplikasi ditemukan: Ya
2026-04-07 10:51:41 - getOutlet.php - Key aplikasi: YbcJSFjkds...
2026-04-07 10:51:41 - getOutlet.php - Expected encrypt: 5b8ae1bc6b9f1f1fb1fdfe9cb8337a80
2026-04-07 10:51:41 - getOutlet.php - Received encrypt: 5b8ae1bc6b9f1f1fb1fdfe9cb8337a80
2026-04-07 10:51:41 - getOutlet.php - Authentication berhasil
2026-04-07 10:51:41 - getOutlet.php - Query: SELECT id_out, nama_out, '' AS alamat_out, ofcode_out
            FROM outlet 
            WHERE status_out IN ('Active', '1', 'active')
            AND (nama_out LIKE :key OR ofcode_out LIKE :key)
            ORDER BY nama_out ASC
            LIMIT 20
2026-04-07 10:51:41 - getOutlet.php - Query berhasil, mengembalikan 20 record
2026-04-07 10:51:41 - getOutlet.php - === END REQUEST ===
2026-04-07 03:51:41 - getOutlet.php - === REQUEST GETOUTLET ===
2026-04-07 03:51:41 - getOutlet.php - Method: POST
2026-04-07 03:51:41 - getOutlet.php - POST data: {"tgl":"2026-04-07","encrypt":"5b8ae1bc6b9f1f1fb1fdfe9cb8337a80","id_apl":"APL01","key":"Rs"}
2026-04-07 10:51:41 - getOutlet.php - Params - tgl: 2026-04-07, encrypt: 5b8ae1bc6b9f1f1fb1fdfe9cb8337a80, id_apl: APL01, key: Rs
2026-04-07 10:51:41 - getOutlet.php - Aplikasi ditemukan: Ya
2026-04-07 10:51:41 - getOutlet.php - Key aplikasi: YbcJSFjkds...
2026-04-07 10:51:41 - getOutlet.php - Expected encrypt: 5b8ae1bc6b9f1f1fb1fdfe9cb8337a80
2026-04-07 10:51:41 - getOutlet.php - Received encrypt: 5b8ae1bc6b9f1f1fb1fdfe9cb8337a80
2026-04-07 10:51:41 - getOutlet.php - Authentication berhasil
2026-04-07 10:51:41 - getOutlet.php - Query: SELECT id_out, nama_out, '' AS alamat_out, ofcode_out
            FROM outlet 
            WHERE status_out IN ('Active', '1', 'active')
            AND (nama_out LIKE :key OR ofcode_out LIKE :key)
            ORDER BY nama_out ASC
            LIMIT 20
2026-04-07 10:51:41 - getOutlet.php - Query berhasil, mengembalikan 20 record
2026-04-07 10:51:41 - getOutlet.php - === END REQUEST ===
2026-04-07 03:51:41 - getOutlet.php - === REQUEST GETOUTLET ===
2026-04-07 03:51:41 - getOutlet.php - Method: POST
2026-04-07 03:51:41 - getOutlet.php - POST data: {"tgl":"2026-04-07","encrypt":"5b8ae1bc6b9f1f1fb1fdfe9cb8337a80","id_apl":"APL01","key":"Rs"}
2026-04-07 10:51:41 - getOutlet.php - Params - tgl: 2026-04-07, encrypt: 5b8ae1bc6b9f1f1fb1fdfe9cb8337a80, id_apl: APL01, key: Rs
2026-04-07 10:51:41 - getOutlet.php - Aplikasi ditemukan: Ya
2026-04-07 10:51:41 - getOutlet.php - Key aplikasi: YbcJSFjkds...
2026-04-07 10:51:41 - getOutlet.php - Expected encrypt: 5b8ae1bc6b9f1f1fb1fdfe9cb8337a80
2026-04-07 10:51:41 - getOutlet.php - Received encrypt: 5b8ae1bc6b9f1f1fb1fdfe9cb8337a80
2026-04-07 10:51:41 - getOutlet.php - Authentication berhasil
2026-04-07 10:51:41 - getOutlet.php - Query: SELECT id_out, nama_out, '' AS alamat_out, ofcode_out
            FROM outlet 
            WHERE status_out IN ('Active', '1', 'active')
            AND (nama_out LIKE :key OR ofcode_out LIKE :key)
            ORDER BY nama_out ASC
            LIMIT 20
2026-04-07 10:51:41 - getOutlet.php - Query berhasil, mengembalikan 20 record
2026-04-07 10:51:41 - getOutlet.php - === END REQUEST ===
2026-04-07 03:51:42 - getOutlet.php - === REQUEST GETOUTLET ===
2026-04-07 03:51:42 - getOutlet.php - Method: POST
2026-04-07 03:51:42 - getOutlet.php - POST data: {"tgl":"2026-04-07","encrypt":"5b8ae1bc6b9f1f1fb1fdfe9cb8337a80","id_apl":"APL01","key":"Rs p"}
2026-04-07 10:51:42 - getOutlet.php - Params - tgl: 2026-04-07, encrypt: 5b8ae1bc6b9f1f1fb1fdfe9cb8337a80, id_apl: APL01, key: Rs p
2026-04-07 10:51:42 - getOutlet.php - Aplikasi ditemukan: Ya
2026-04-07 10:51:42 - getOutlet.php - Key aplikasi: YbcJSFjkds...
2026-04-07 10:51:42 - getOutlet.php - Expected encrypt: 5b8ae1bc6b9f1f1fb1fdfe9cb8337a80
2026-04-07 10:51:42 - getOutlet.php - Received encrypt: 5b8ae1bc6b9f1f1fb1fdfe9cb8337a80
2026-04-07 10:51:42 - getOutlet.php - Authentication berhasil
2026-04-07 10:51:42 - getOutlet.php - Query: SELECT id_out, nama_out, '' AS alamat_out, ofcode_out
            FROM outlet 
            WHERE status_out IN ('Active', '1', 'active')
            AND (nama_out LIKE :key OR ofcode_out LIKE :key)
            ORDER BY nama_out ASC
            LIMIT 20
2026-04-07 10:51:42 - getOutlet.php - Query berhasil, mengembalikan 20 record
2026-04-07 10:51:42 - getOutlet.php - === END REQUEST ===
2026-04-07 03:51:42 - getOutlet.php - === REQUEST GETOUTLET ===
2026-04-07 03:51:42 - getOutlet.php - Method: POST
2026-04-07 03:51:42 - getOutlet.php - POST data: {"tgl":"2026-04-07","encrypt":"5b8ae1bc6b9f1f1fb1fdfe9cb8337a80","id_apl":"APL01","key":"Rs pr"}
2026-04-07 10:51:42 - getOutlet.php - Params - tgl: 2026-04-07, encrypt: 5b8ae1bc6b9f1f1fb1fdfe9cb8337a80, id_apl: APL01, key: Rs pr
2026-04-07 10:51:42 - getOutlet.php - Aplikasi ditemukan: Ya
2026-04-07 10:51:42 - getOutlet.php - Key aplikasi: YbcJSFjkds...
2026-04-07 10:51:42 - getOutlet.php - Expected encrypt: 5b8ae1bc6b9f1f1fb1fdfe9cb8337a80
2026-04-07 10:51:42 - getOutlet.php - Received encrypt: 5b8ae1bc6b9f1f1fb1fdfe9cb8337a80
2026-04-07 10:51:42 - getOutlet.php - Authentication berhasil
2026-04-07 10:51:42 - getOutlet.php - Query: SELECT id_out, nama_out, '' AS alamat_out, ofcode_out
            FROM outlet 
            WHERE status_out IN ('Active', '1', 'active')
            AND (nama_out LIKE :key OR ofcode_out LIKE :key)
            ORDER BY nama_out ASC
            LIMIT 20
2026-04-07 10:51:42 - getOutlet.php - Query berhasil, mengembalikan 13 record
2026-04-07 10:51:42 - getOutlet.php - === END REQUEST ===
2026-04-07 03:51:42 - getOutlet.php - === REQUEST GETOUTLET ===
2026-04-07 03:51:42 - getOutlet.php - Method: POST
2026-04-07 03:51:42 - getOutlet.php - POST data: {"tgl":"2026-04-07","encrypt":"5b8ae1bc6b9f1f1fb1fdfe9cb8337a80","id_apl":"APL01","key":"Rs pri"}
2026-04-07 10:51:42 - getOutlet.php - Params - tgl: 2026-04-07, encrypt: 5b8ae1bc6b9f1f1fb1fdfe9cb8337a80, id_apl: APL01, key: Rs pri
2026-04-07 10:51:42 - getOutlet.php - Aplikasi ditemukan: Ya
2026-04-07 10:51:42 - getOutlet.php - Key aplikasi: YbcJSFjkds...
2026-04-07 10:51:42 - getOutlet.php - Expected encrypt: 5b8ae1bc6b9f1f1fb1fdfe9cb8337a80
2026-04-07 10:51:42 - getOutlet.php - Received encrypt: 5b8ae1bc6b9f1f1fb1fdfe9cb8337a80
2026-04-07 10:51:42 - getOutlet.php - Authentication berhasil
2026-04-07 10:51:42 - getOutlet.php - Query: SELECT id_out, nama_out, '' AS alamat_out, ofcode_out
            FROM outlet 
            WHERE status_out IN ('Active', '1', 'active')
            AND (nama_out LIKE :key OR ofcode_out LIKE :key)
            ORDER BY nama_out ASC
            LIMIT 20
2026-04-07 10:51:42 - getOutlet.php - Query berhasil, mengembalikan 11 record
2026-04-07 10:51:42 - getOutlet.php - === END REQUEST ===
2026-04-07 03:51:42 - getOutlet.php - === REQUEST GETOUTLET ===
2026-04-07 03:51:42 - getOutlet.php - Method: POST
2026-04-07 03:51:42 - getOutlet.php - POST data: {"tgl":"2026-04-07","encrypt":"5b8ae1bc6b9f1f1fb1fdfe9cb8337a80","id_apl":"APL01","key":"Rs prik"}
2026-04-07 10:51:42 - getOutlet.php - Params - tgl: 2026-04-07, encrypt: 5b8ae1bc6b9f1f1fb1fdfe9cb8337a80, id_apl: APL01, key: Rs prik
2026-04-07 10:51:42 - getOutlet.php - Aplikasi ditemukan: Ya
2026-04-07 10:51:42 - getOutlet.php - Key aplikasi: YbcJSFjkds...
2026-04-07 10:51:42 - getOutlet.php - Expected encrypt: 5b8ae1bc6b9f1f1fb1fdfe9cb8337a80
2026-04-07 10:51:42 - getOutlet.php - Received encrypt: 5b8ae1bc6b9f1f1fb1fdfe9cb8337a80
2026-04-07 10:51:42 - getOutlet.php - Authentication berhasil
2026-04-07 10:51:42 - getOutlet.php - Query: SELECT id_out, nama_out, '' AS alamat_out, ofcode_out
            FROM outlet 
            WHERE status_out IN ('Active', '1', 'active')
            AND (nama_out LIKE :key OR ofcode_out LIKE :key)
            ORDER BY nama_out ASC
            LIMIT 20
2026-04-07 10:51:42 - getOutlet.php - Query berhasil, mengembalikan 1 record
2026-04-07 10:51:42 - getOutlet.php - === END REQUEST ===
2026-04-07 03:51:42 - getOutlet.php - === REQUEST GETOUTLET ===
2026-04-07 03:51:42 - getOutlet.php - Method: POST
2026-04-07 03:51:42 - getOutlet.php - POST data: {"tgl":"2026-04-07","encrypt":"5b8ae1bc6b9f1f1fb1fdfe9cb8337a80","id_apl":"APL01","key":"Rs prika"}
2026-04-07 10:51:42 - getOutlet.php - Params - tgl: 2026-04-07, encrypt: 5b8ae1bc6b9f1f1fb1fdfe9cb8337a80, id_apl: APL01, key: Rs prika
2026-04-07 10:51:42 - getOutlet.php - Aplikasi ditemukan: Ya
2026-04-07 10:51:42 - getOutlet.php - Key aplikasi: YbcJSFjkds...
2026-04-07 10:51:42 - getOutlet.php - Expected encrypt: 5b8ae1bc6b9f1f1fb1fdfe9cb8337a80
2026-04-07 10:51:42 - getOutlet.php - Received encrypt: 5b8ae1bc6b9f1f1fb1fdfe9cb8337a80
2026-04-07 10:51:42 - getOutlet.php - Authentication berhasil
2026-04-07 10:51:42 - getOutlet.php - Query: SELECT id_out, nama_out, '' AS alamat_out, ofcode_out
            FROM outlet 
            WHERE status_out IN ('Active', '1', 'active')
            AND (nama_out LIKE :key OR ofcode_out LIKE :key)
            ORDER BY nama_out ASC
            LIMIT 20
2026-04-07 10:51:42 - getOutlet.php - Query berhasil, mengembalikan 1 record
2026-04-07 10:51:42 - getOutlet.php - === END REQUEST ===
2026-04-07 03:51:43 - getOutlet.php - === REQUEST GETOUTLET ===
2026-04-07 03:51:43 - getOutlet.php - Method: POST
2026-04-07 03:51:43 - getOutlet.php - POST data: {"tgl":"2026-04-07","encrypt":"5b8ae1bc6b9f1f1fb1fdfe9cb8337a80","id_apl":"APL01","key":"Rs prikas"}
2026-04-07 10:51:43 - getOutlet.php - Params - tgl: 2026-04-07, encrypt: 5b8ae1bc6b9f1f1fb1fdfe9cb8337a80, id_apl: APL01, key: Rs prikas
2026-04-07 10:51:43 - getOutlet.php - Aplikasi ditemukan: Ya
2026-04-07 10:51:43 - getOutlet.php - Key aplikasi: YbcJSFjkds...
2026-04-07 10:51:43 - getOutlet.php - Expected encrypt: 5b8ae1bc6b9f1f1fb1fdfe9cb8337a80
2026-04-07 10:51:43 - getOutlet.php - Received encrypt: 5b8ae1bc6b9f1f1fb1fdfe9cb8337a80
2026-04-07 10:51:43 - getOutlet.php - Authentication berhasil
2026-04-07 10:51:43 - getOutlet.php - Query: SELECT id_out, nama_out, '' AS alamat_out, ofcode_out
            FROM outlet 
            WHERE status_out IN ('Active', '1', 'active')
            AND (nama_out LIKE :key OR ofcode_out LIKE :key)
            ORDER BY nama_out ASC
            LIMIT 20
2026-04-07 10:51:43 - getOutlet.php - Query berhasil, mengembalikan 1 record
2026-04-07 10:51:43 - getOutlet.php - === END REQUEST ===
2026-04-07 03:51:43 - getOutlet.php - === REQUEST GETOUTLET ===
2026-04-07 03:51:43 - getOutlet.php - Method: POST
2026-04-07 03:51:43 - getOutlet.php - POST data: {"tgl":"2026-04-07","encrypt":"5b8ae1bc6b9f1f1fb1fdfe9cb8337a80","id_apl":"APL01","key":"Rs prikasi"}
2026-04-07 10:51:43 - getOutlet.php - Params - tgl: 2026-04-07, encrypt: 5b8ae1bc6b9f1f1fb1fdfe9cb8337a80, id_apl: APL01, key: Rs prikasi
2026-04-07 10:51:43 - getOutlet.php - Aplikasi ditemukan: Ya
2026-04-07 10:51:43 - getOutlet.php - Key aplikasi: YbcJSFjkds...
2026-04-07 10:51:43 - getOutlet.php - Expected encrypt: 5b8ae1bc6b9f1f1fb1fdfe9cb8337a80
2026-04-07 10:51:43 - getOutlet.php - Received encrypt: 5b8ae1bc6b9f1f1fb1fdfe9cb8337a80
2026-04-07 10:51:43 - getOutlet.php - Authentication berhasil
2026-04-07 10:51:43 - getOutlet.php - Query: SELECT id_out, nama_out, '' AS alamat_out, ofcode_out
            FROM outlet 
            WHERE status_out IN ('Active', '1', 'active')
            AND (nama_out LIKE :key OR ofcode_out LIKE :key)
            ORDER BY nama_out ASC
            LIMIT 20
2026-04-07 10:51:43 - getOutlet.php - Query berhasil, mengembalikan 1 record
2026-04-07 10:51:43 - getOutlet.php - === END REQUEST ===
2026-04-07 03:51:43 - getOutlet.php - === REQUEST GETOUTLET ===
2026-04-07 03:51:43 - getOutlet.php - Method: POST
2026-04-07 03:51:43 - getOutlet.php - POST data: {"tgl":"2026-04-07","encrypt":"5b8ae1bc6b9f1f1fb1fdfe9cb8337a80","id_apl":"APL01","key":"Rs prikasih"}
2026-04-07 10:51:43 - getOutlet.php - Params - tgl: 2026-04-07, encrypt: 5b8ae1bc6b9f1f1fb1fdfe9cb8337a80, id_apl: APL01, key: Rs prikasih
2026-04-07 10:51:43 - getOutlet.php - Aplikasi ditemukan: Ya
2026-04-07 10:51:43 - getOutlet.php - Key aplikasi: YbcJSFjkds...
2026-04-07 10:51:43 - getOutlet.php - Expected encrypt: 5b8ae1bc6b9f1f1fb1fdfe9cb8337a80
2026-04-07 10:51:43 - getOutlet.php - Received encrypt: 5b8ae1bc6b9f1f1fb1fdfe9cb8337a80
2026-04-07 10:51:43 - getOutlet.php - Authentication berhasil
2026-04-07 10:51:43 - getOutlet.php - Query: SELECT id_out, nama_out, '' AS alamat_out, ofcode_out
            FROM outlet 
            WHERE status_out IN ('Active', '1', 'active')
            AND (nama_out LIKE :key OR ofcode_out LIKE :key)
            ORDER BY nama_out ASC
            LIMIT 20
2026-04-07 10:51:43 - getOutlet.php - Query berhasil, mengembalikan 1 record
2026-04-07 10:51:43 - getOutlet.php - === END REQUEST ===
2026-04-07 03:51:44 - getOutlet.php - === REQUEST GETOUTLET ===
2026-04-07 03:51:44 - getOutlet.php - Method: POST
2026-04-07 03:51:44 - getOutlet.php - POST data: {"tgl":"2026-04-07","encrypt":"5b8ae1bc6b9f1f1fb1fdfe9cb8337a80","id_apl":"APL01","key":"RS Prikasih Jakarta Selatan"}
2026-04-07 10:51:44 - getOutlet.php - Params - tgl: 2026-04-07, encrypt: 5b8ae1bc6b9f1f1fb1fdfe9cb8337a80, id_apl: APL01, key: RS Prikasih Jakarta Selatan
2026-04-07 10:51:44 - getOutlet.php - Aplikasi ditemukan: Ya
2026-04-07 10:51:44 - getOutlet.php - Key aplikasi: YbcJSFjkds...
2026-04-07 10:51:44 - getOutlet.php - Expected encrypt: 5b8ae1bc6b9f1f1fb1fdfe9cb8337a80
2026-04-07 10:51:44 - getOutlet.php - Received encrypt: 5b8ae1bc6b9f1f1fb1fdfe9cb8337a80
2026-04-07 10:51:44 - getOutlet.php - Authentication berhasil
2026-04-07 10:51:44 - getOutlet.php - Query: SELECT id_out, nama_out, '' AS alamat_out, ofcode_out
            FROM outlet 
            WHERE status_out IN ('Active', '1', 'active')
            AND (nama_out LIKE :key OR ofcode_out LIKE :key)
            ORDER BY nama_out ASC
            LIMIT 20
2026-04-07 10:51:44 - getOutlet.php - Query berhasil, mengembalikan 1 record
2026-04-07 10:51:44 - getOutlet.php - === END REQUEST ===
2026-04-07 03:52:15 - getOutlet.php - === REQUEST GETOUTLET ===
2026-04-07 03:52:15 - getOutlet.php - Method: POST
2026-04-07 03:52:15 - getOutlet.php - POST data: {"tgl":"2026-04-07","encrypt":"5b8ae1bc6b9f1f1fb1fdfe9cb8337a80","id_apl":"APL01","key":"Ha"}
2026-04-07 10:52:15 - getOutlet.php - Params - tgl: 2026-04-07, encrypt: 5b8ae1bc6b9f1f1fb1fdfe9cb8337a80, id_apl: APL01, key: Ha
2026-04-07 10:52:15 - getOutlet.php - Aplikasi ditemukan: Ya
2026-04-07 10:52:15 - getOutlet.php - Key aplikasi: YbcJSFjkds...
2026-04-07 10:52:15 - getOutlet.php - Expected encrypt: 5b8ae1bc6b9f1f1fb1fdfe9cb8337a80
2026-04-07 10:52:15 - getOutlet.php - Received encrypt: 5b8ae1bc6b9f1f1fb1fdfe9cb8337a80
2026-04-07 10:52:15 - getOutlet.php - Authentication berhasil
2026-04-07 10:52:15 - getOutlet.php - Query: SELECT id_out, nama_out, '' AS alamat_out, ofcode_out
            FROM outlet 
            WHERE status_out IN ('Active', '1', 'active')
            AND (nama_out LIKE :key OR ofcode_out LIKE :key)
            ORDER BY nama_out ASC
            LIMIT 20
2026-04-07 10:52:15 - getOutlet.php - Query berhasil, mengembalikan 20 record
2026-04-07 10:52:15 - getOutlet.php - === END REQUEST ===
2026-04-07 03:52:15 - getOutlet.php - === REQUEST GETOUTLET ===
2026-04-07 03:52:15 - getOutlet.php - Method: POST
2026-04-07 03:52:15 - getOutlet.php - POST data: {"tgl":"2026-04-07","encrypt":"5b8ae1bc6b9f1f1fb1fdfe9cb8337a80","id_apl":"APL01","key":"Har"}
2026-04-07 10:52:15 - getOutlet.php - Params - tgl: 2026-04-07, encrypt: 5b8ae1bc6b9f1f1fb1fdfe9cb8337a80, id_apl: APL01, key: Har
2026-04-07 10:52:15 - getOutlet.php - Aplikasi ditemukan: Ya
2026-04-07 10:52:15 - getOutlet.php - Key aplikasi: YbcJSFjkds...
2026-04-07 10:52:15 - getOutlet.php - Expected encrypt: 5b8ae1bc6b9f1f1fb1fdfe9cb8337a80
2026-04-07 10:52:15 - getOutlet.php - Received encrypt: 5b8ae1bc6b9f1f1fb1fdfe9cb8337a80
2026-04-07 10:52:15 - getOutlet.php - Authentication berhasil
2026-04-07 10:52:15 - getOutlet.php - Query: SELECT id_out, nama_out, '' AS alamat_out, ofcode_out
            FROM outlet 
            WHERE status_out IN ('Active', '1', 'active')
            AND (nama_out LIKE :key OR ofcode_out LIKE :key)
            ORDER BY nama_out ASC
            LIMIT 20
2026-04-07 10:52:15 - getOutlet.php - Query berhasil, mengembalikan 20 record
2026-04-07 10:52:15 - getOutlet.php - === END REQUEST ===
2026-04-07 03:52:16 - getOutlet.php - === REQUEST GETOUTLET ===
2026-04-07 03:52:16 - getOutlet.php - Method: POST
2026-04-07 03:52:16 - getOutlet.php - POST data: {"tgl":"2026-04-07","encrypt":"5b8ae1bc6b9f1f1fb1fdfe9cb8337a80","id_apl":"APL01","key":"Harb"}
2026-04-07 10:52:16 - getOutlet.php - Params - tgl: 2026-04-07, encrypt: 5b8ae1bc6b9f1f1fb1fdfe9cb8337a80, id_apl: APL01, key: Harb
2026-04-07 10:52:16 - getOutlet.php - Aplikasi ditemukan: Ya
2026-04-07 10:52:16 - getOutlet.php - Key aplikasi: YbcJSFjkds...
2026-04-07 10:52:16 - getOutlet.php - Expected encrypt: 5b8ae1bc6b9f1f1fb1fdfe9cb8337a80
2026-04-07 10:52:16 - getOutlet.php - Received encrypt: 5b8ae1bc6b9f1f1fb1fdfe9cb8337a80
2026-04-07 10:52:16 - getOutlet.php - Authentication berhasil
2026-04-07 10:52:16 - getOutlet.php - Query: SELECT id_out, nama_out, '' AS alamat_out, ofcode_out
            FROM outlet 
            WHERE status_out IN ('Active', '1', 'active')
            AND (nama_out LIKE :key OR ofcode_out LIKE :key)
            ORDER BY nama_out ASC
            LIMIT 20
2026-04-07 10:52:16 - getOutlet.php - Query berhasil, mengembalikan 0 record
2026-04-07 10:52:16 - getOutlet.php - === END REQUEST ===
2026-04-07 03:52:16 - getOutlet.php - === REQUEST GETOUTLET ===
2026-04-07 03:52:16 - getOutlet.php - Method: POST
2026-04-07 03:52:16 - getOutlet.php - POST data: {"tgl":"2026-04-07","encrypt":"5b8ae1bc6b9f1f1fb1fdfe9cb8337a80","id_apl":"APL01","key":"Harbu"}
2026-04-07 10:52:16 - getOutlet.php - Params - tgl: 2026-04-07, encrypt: 5b8ae1bc6b9f1f1fb1fdfe9cb8337a80, id_apl: APL01, key: Harbu
2026-04-07 10:52:16 - getOutlet.php - Aplikasi ditemukan: Ya
2026-04-07 10:52:16 - getOutlet.php - Key aplikasi: YbcJSFjkds...
2026-04-07 10:52:16 - getOutlet.php - Expected encrypt: 5b8ae1bc6b9f1f1fb1fdfe9cb8337a80
2026-04-07 10:52:16 - getOutlet.php - Received encrypt: 5b8ae1bc6b9f1f1fb1fdfe9cb8337a80
2026-04-07 10:52:16 - getOutlet.php - Authentication berhasil
2026-04-07 10:52:16 - getOutlet.php - Query: SELECT id_out, nama_out, '' AS alamat_out, ofcode_out
            FROM outlet 
            WHERE status_out IN ('Active', '1', 'active')
            AND (nama_out LIKE :key OR ofcode_out LIKE :key)
            ORDER BY nama_out ASC
            LIMIT 20
2026-04-07 10:52:16 - getOutlet.php - Query berhasil, mengembalikan 0 record
2026-04-07 10:52:16 - getOutlet.php - === END REQUEST ===
2026-04-07 03:52:16 - getOutlet.php - === REQUEST GETOUTLET ===
2026-04-07 03:52:16 - getOutlet.php - Method: POST
2026-04-07 03:52:16 - getOutlet.php - POST data: {"tgl":"2026-04-07","encrypt":"5b8ae1bc6b9f1f1fb1fdfe9cb8337a80","id_apl":"APL01","key":"Harbun"}
2026-04-07 10:52:16 - getOutlet.php - Params - tgl: 2026-04-07, encrypt: 5b8ae1bc6b9f1f1fb1fdfe9cb8337a80, id_apl: APL01, key: Harbun
2026-04-07 10:52:16 - getOutlet.php - Aplikasi ditemukan: Ya
2026-04-07 10:52:16 - getOutlet.php - Key aplikasi: YbcJSFjkds...
2026-04-07 10:52:16 - getOutlet.php - Expected encrypt: 5b8ae1bc6b9f1f1fb1fdfe9cb8337a80
2026-04-07 10:52:16 - getOutlet.php - Received encrypt: 5b8ae1bc6b9f1f1fb1fdfe9cb8337a80
2026-04-07 10:52:16 - getOutlet.php - Authentication berhasil
2026-04-07 10:52:16 - getOutlet.php - Query: SELECT id_out, nama_out, '' AS alamat_out, ofcode_out
            FROM outlet 
            WHERE status_out IN ('Active', '1', 'active')
            AND (nama_out LIKE :key OR ofcode_out LIKE :key)
            ORDER BY nama_out ASC
            LIMIT 20
2026-04-07 10:52:16 - getOutlet.php - Query berhasil, mengembalikan 0 record
2026-04-07 10:52:16 - getOutlet.php - === END REQUEST ===
2026-04-07 03:52:17 - getOutlet.php - === REQUEST GETOUTLET ===
2026-04-07 03:52:17 - getOutlet.php - Method: POST
2026-04-07 03:52:17 - getOutlet.php - POST data: {"tgl":"2026-04-07","encrypt":"5b8ae1bc6b9f1f1fb1fdfe9cb8337a80","id_apl":"APL01","key":"Harbu"}
2026-04-07 10:52:17 - getOutlet.php - Params - tgl: 2026-04-07, encrypt: 5b8ae1bc6b9f1f1fb1fdfe9cb8337a80, id_apl: APL01, key: Harbu
2026-04-07 10:52:17 - getOutlet.php - Aplikasi ditemukan: Ya
2026-04-07 10:52:17 - getOutlet.php - Key aplikasi: YbcJSFjkds...
2026-04-07 10:52:17 - getOutlet.php - Expected encrypt: 5b8ae1bc6b9f1f1fb1fdfe9cb8337a80
2026-04-07 10:52:17 - getOutlet.php - Received encrypt: 5b8ae1bc6b9f1f1fb1fdfe9cb8337a80
2026-04-07 10:52:17 - getOutlet.php - Authentication berhasil
2026-04-07 10:52:17 - getOutlet.php - Query: SELECT id_out, nama_out, '' AS alamat_out, ofcode_out
            FROM outlet 
            WHERE status_out IN ('Active', '1', 'active')
            AND (nama_out LIKE :key OR ofcode_out LIKE :key)
            ORDER BY nama_out ASC
            LIMIT 20
2026-04-07 10:52:17 - getOutlet.php - Query berhasil, mengembalikan 0 record
2026-04-07 10:52:17 - getOutlet.php - === END REQUEST ===
2026-04-07 03:52:17 - getOutlet.php - === REQUEST GETOUTLET ===
2026-04-07 03:52:17 - getOutlet.php - Method: POST
2026-04-07 03:52:17 - getOutlet.php - POST data: {"tgl":"2026-04-07","encrypt":"5b8ae1bc6b9f1f1fb1fdfe9cb8337a80","id_apl":"APL01","key":"Harb"}
2026-04-07 10:52:17 - getOutlet.php - Params - tgl: 2026-04-07, encrypt: 5b8ae1bc6b9f1f1fb1fdfe9cb8337a80, id_apl: APL01, key: Harb
2026-04-07 10:52:17 - getOutlet.php - Aplikasi ditemukan: Ya
2026-04-07 10:52:17 - getOutlet.php - Key aplikasi: YbcJSFjkds...
2026-04-07 10:52:17 - getOutlet.php - Expected encrypt: 5b8ae1bc6b9f1f1fb1fdfe9cb8337a80
2026-04-07 10:52:17 - getOutlet.php - Received encrypt: 5b8ae1bc6b9f1f1fb1fdfe9cb8337a80
2026-04-07 10:52:17 - getOutlet.php - Authentication berhasil
2026-04-07 10:52:17 - getOutlet.php - Query: SELECT id_out, nama_out, '' AS alamat_out, ofcode_out
            FROM outlet 
            WHERE status_out IN ('Active', '1', 'active')
            AND (nama_out LIKE :key OR ofcode_out LIKE :key)
            ORDER BY nama_out ASC
            LIMIT 20
2026-04-07 10:52:17 - getOutlet.php - Query berhasil, mengembalikan 0 record
2026-04-07 10:52:17 - getOutlet.php - === END REQUEST ===
2026-04-07 03:52:17 - getOutlet.php - === REQUEST GETOUTLET ===
2026-04-07 03:52:17 - getOutlet.php - Method: POST
2026-04-07 03:52:17 - getOutlet.php - POST data: {"tgl":"2026-04-07","encrypt":"5b8ae1bc6b9f1f1fb1fdfe9cb8337a80","id_apl":"APL01","key":"Har"}
2026-04-07 10:52:17 - getOutlet.php - Params - tgl: 2026-04-07, encrypt: 5b8ae1bc6b9f1f1fb1fdfe9cb8337a80, id_apl: APL01, key: Har
2026-04-07 10:52:17 - getOutlet.php - Aplikasi ditemukan: Ya
2026-04-07 10:52:17 - getOutlet.php - Key aplikasi: YbcJSFjkds...
2026-04-07 10:52:17 - getOutlet.php - Expected encrypt: 5b8ae1bc6b9f1f1fb1fdfe9cb8337a80
2026-04-07 10:52:17 - getOutlet.php - Received encrypt: 5b8ae1bc6b9f1f1fb1fdfe9cb8337a80
2026-04-07 10:52:17 - getOutlet.php - Authentication berhasil
2026-04-07 10:52:17 - getOutlet.php - Query: SELECT id_out, nama_out, '' AS alamat_out, ofcode_out
            FROM outlet 
            WHERE status_out IN ('Active', '1', 'active')
            AND (nama_out LIKE :key OR ofcode_out LIKE :key)
            ORDER BY nama_out ASC
            LIMIT 20
2026-04-07 10:52:17 - getOutlet.php - Query berhasil, mengembalikan 20 record
2026-04-07 10:52:17 - getOutlet.php - === END REQUEST ===
2026-04-07 03:52:18 - getOutlet.php - === REQUEST GETOUTLET ===
2026-04-07 03:52:18 - getOutlet.php - Method: POST
2026-04-07 03:52:18 - getOutlet.php - POST data: {"tgl":"2026-04-07","encrypt":"5b8ae1bc6b9f1f1fb1fdfe9cb8337a80","id_apl":"APL01","key":"Ha"}
2026-04-07 10:52:18 - getOutlet.php - Params - tgl: 2026-04-07, encrypt: 5b8ae1bc6b9f1f1fb1fdfe9cb8337a80, id_apl: APL01, key: Ha
2026-04-07 10:52:18 - getOutlet.php - Aplikasi ditemukan: Ya
2026-04-07 10:52:18 - getOutlet.php - Key aplikasi: YbcJSFjkds...
2026-04-07 10:52:18 - getOutlet.php - Expected encrypt: 5b8ae1bc6b9f1f1fb1fdfe9cb8337a80
2026-04-07 10:52:18 - getOutlet.php - Received encrypt: 5b8ae1bc6b9f1f1fb1fdfe9cb8337a80
2026-04-07 10:52:18 - getOutlet.php - Authentication berhasil
2026-04-07 10:52:18 - getOutlet.php - Query: SELECT id_out, nama_out, '' AS alamat_out, ofcode_out
            FROM outlet 
            WHERE status_out IN ('Active', '1', 'active')
            AND (nama_out LIKE :key OR ofcode_out LIKE :key)
            ORDER BY nama_out ASC
            LIMIT 20
2026-04-07 10:52:18 - getOutlet.php - Query berhasil, mengembalikan 20 record
2026-04-07 10:52:18 - getOutlet.php - === END REQUEST ===
2026-04-07 03:52:20 - getOutlet.php - === REQUEST GETOUTLET ===
2026-04-07 03:52:20 - getOutlet.php - Method: POST
2026-04-07 03:52:20 - getOutlet.php - POST data: {"tgl":"2026-04-07","encrypt":"5b8ae1bc6b9f1f1fb1fdfe9cb8337a80","id_apl":"APL01","key":"Ha"}
2026-04-07 10:52:20 - getOutlet.php - Params - tgl: 2026-04-07, encrypt: 5b8ae1bc6b9f1f1fb1fdfe9cb8337a80, id_apl: APL01, key: Ha
2026-04-07 10:52:20 - getOutlet.php - Aplikasi ditemukan: Ya
2026-04-07 10:52:20 - getOutlet.php - Key aplikasi: YbcJSFjkds...
2026-04-07 10:52:20 - getOutlet.php - Expected encrypt: 5b8ae1bc6b9f1f1fb1fdfe9cb8337a80
2026-04-07 10:52:20 - getOutlet.php - Received encrypt: 5b8ae1bc6b9f1f1fb1fdfe9cb8337a80
2026-04-07 10:52:20 - getOutlet.php - Authentication berhasil
2026-04-07 10:52:20 - getOutlet.php - Query: SELECT id_out, nama_out, '' AS alamat_out, ofcode_out
            FROM outlet 
            WHERE status_out IN ('Active', '1', 'active')
            AND (nama_out LIKE :key OR ofcode_out LIKE :key)
            ORDER BY nama_out ASC
            LIMIT 20
2026-04-07 10:52:20 - getOutlet.php - Query berhasil, mengembalikan 20 record
2026-04-07 10:52:20 - getOutlet.php - === END REQUEST ===
2026-04-07 03:52:20 - getOutlet.php - === REQUEST GETOUTLET ===
2026-04-07 03:52:20 - getOutlet.php - Method: POST
2026-04-07 03:52:20 - getOutlet.php - POST data: {"tgl":"2026-04-07","encrypt":"5b8ae1bc6b9f1f1fb1fdfe9cb8337a80","id_apl":"APL01","key":"Har"}
2026-04-07 10:52:20 - getOutlet.php - Params - tgl: 2026-04-07, encrypt: 5b8ae1bc6b9f1f1fb1fdfe9cb8337a80, id_apl: APL01, key: Har
2026-04-07 10:52:20 - getOutlet.php - Aplikasi ditemukan: Ya
2026-04-07 10:52:20 - getOutlet.php - Key aplikasi: YbcJSFjkds...
2026-04-07 10:52:20 - getOutlet.php - Expected encrypt: 5b8ae1bc6b9f1f1fb1fdfe9cb8337a80
2026-04-07 10:52:20 - getOutlet.php - Received encrypt: 5b8ae1bc6b9f1f1fb1fdfe9cb8337a80
2026-04-07 10:52:20 - getOutlet.php - Authentication berhasil
2026-04-07 10:52:20 - getOutlet.php - Query: SELECT id_out, nama_out, '' AS alamat_out, ofcode_out
            FROM outlet 
            WHERE status_out IN ('Active', '1', 'active')
            AND (nama_out LIKE :key OR ofcode_out LIKE :key)
            ORDER BY nama_out ASC
            LIMIT 20
2026-04-07 10:52:20 - getOutlet.php - Query berhasil, mengembalikan 20 record
2026-04-07 10:52:20 - getOutlet.php - === END REQUEST ===
2026-04-07 03:52:20 - getOutlet.php - === REQUEST GETOUTLET ===
2026-04-07 03:52:20 - getOutlet.php - Method: POST
2026-04-07 03:52:20 - getOutlet.php - POST data: {"tgl":"2026-04-07","encrypt":"5b8ae1bc6b9f1f1fb1fdfe9cb8337a80","id_apl":"APL01","key":"Hara"}
2026-04-07 10:52:20 - getOutlet.php - Params - tgl: 2026-04-07, encrypt: 5b8ae1bc6b9f1f1fb1fdfe9cb8337a80, id_apl: APL01, key: Hara
2026-04-07 10:52:20 - getOutlet.php - Aplikasi ditemukan: Ya
2026-04-07 10:52:20 - getOutlet.php - Key aplikasi: YbcJSFjkds...
2026-04-07 10:52:20 - getOutlet.php - Expected encrypt: 5b8ae1bc6b9f1f1fb1fdfe9cb8337a80
2026-04-07 10:52:20 - getOutlet.php - Received encrypt: 5b8ae1bc6b9f1f1fb1fdfe9cb8337a80
2026-04-07 10:52:20 - getOutlet.php - Authentication berhasil
2026-04-07 10:52:20 - getOutlet.php - Query: SELECT id_out, nama_out, '' AS alamat_out, ofcode_out
            FROM outlet 
            WHERE status_out IN ('Active', '1', 'active')
            AND (nama_out LIKE :key OR ofcode_out LIKE :key)
            ORDER BY nama_out ASC
            LIMIT 20
2026-04-07 10:52:20 - getOutlet.php - Query berhasil, mengembalikan 11 record
2026-04-07 10:52:20 - getOutlet.php - === END REQUEST ===
2026-04-07 03:52:20 - getOutlet.php - === REQUEST GETOUTLET ===
2026-04-07 03:52:20 - getOutlet.php - Method: POST
2026-04-07 03:52:20 - getOutlet.php - POST data: {"tgl":"2026-04-07","encrypt":"5b8ae1bc6b9f1f1fb1fdfe9cb8337a80","id_apl":"APL01","key":"Harap"}
2026-04-07 10:52:20 - getOutlet.php - Params - tgl: 2026-04-07, encrypt: 5b8ae1bc6b9f1f1fb1fdfe9cb8337a80, id_apl: APL01, key: Harap
2026-04-07 10:52:20 - getOutlet.php - Aplikasi ditemukan: Ya
2026-04-07 10:52:20 - getOutlet.php - Key aplikasi: YbcJSFjkds...
2026-04-07 10:52:20 - getOutlet.php - Expected encrypt: 5b8ae1bc6b9f1f1fb1fdfe9cb8337a80
2026-04-07 10:52:20 - getOutlet.php - Received encrypt: 5b8ae1bc6b9f1f1fb1fdfe9cb8337a80
2026-04-07 10:52:20 - getOutlet.php - Authentication berhasil
2026-04-07 10:52:20 - getOutlet.php - Query: SELECT id_out, nama_out, '' AS alamat_out, ofcode_out
            FROM outlet 
            WHERE status_out IN ('Active', '1', 'active')
            AND (nama_out LIKE :key OR ofcode_out LIKE :key)
            ORDER BY nama_out ASC
            LIMIT 20
2026-04-07 10:52:20 - getOutlet.php - Query berhasil, mengembalikan 11 record
2026-04-07 10:52:20 - getOutlet.php - === END REQUEST ===
2026-04-07 03:52:20 - getOutlet.php - === REQUEST GETOUTLET ===
2026-04-07 03:52:20 - getOutlet.php - Method: POST
2026-04-07 03:52:20 - getOutlet.php - POST data: {"tgl":"2026-04-07","encrypt":"5b8ae1bc6b9f1f1fb1fdfe9cb8337a80","id_apl":"APL01","key":"Harapa"}
2026-04-07 10:52:20 - getOutlet.php - Params - tgl: 2026-04-07, encrypt: 5b8ae1bc6b9f1f1fb1fdfe9cb8337a80, id_apl: APL01, key: Harapa
2026-04-07 10:52:20 - getOutlet.php - Aplikasi ditemukan: Ya
2026-04-07 10:52:20 - getOutlet.php - Key aplikasi: YbcJSFjkds...
2026-04-07 10:52:20 - getOutlet.php - Expected encrypt: 5b8ae1bc6b9f1f1fb1fdfe9cb8337a80
2026-04-07 10:52:20 - getOutlet.php - Received encrypt: 5b8ae1bc6b9f1f1fb1fdfe9cb8337a80
2026-04-07 10:52:20 - getOutlet.php - Authentication berhasil
2026-04-07 10:52:20 - getOutlet.php - Query: SELECT id_out, nama_out, '' AS alamat_out, ofcode_out
            FROM outlet 
            WHERE status_out IN ('Active', '1', 'active')
            AND (nama_out LIKE :key OR ofcode_out LIKE :key)
            ORDER BY nama_out ASC
            LIMIT 20
2026-04-07 10:52:20 - getOutlet.php - Query berhasil, mengembalikan 11 record
2026-04-07 10:52:20 - getOutlet.php - === END REQUEST ===
2026-04-07 03:52:20 - getOutlet.php - === REQUEST GETOUTLET ===
2026-04-07 03:52:20 - getOutlet.php - Method: POST
2026-04-07 03:52:20 - getOutlet.php - POST data: {"tgl":"2026-04-07","encrypt":"5b8ae1bc6b9f1f1fb1fdfe9cb8337a80","id_apl":"APL01","key":"Harapan"}
2026-04-07 10:52:20 - getOutlet.php - Params - tgl: 2026-04-07, encrypt: 5b8ae1bc6b9f1f1fb1fdfe9cb8337a80, id_apl: APL01, key: Harapan
2026-04-07 10:52:20 - getOutlet.php - Aplikasi ditemukan: Ya
2026-04-07 10:52:20 - getOutlet.php - Key aplikasi: YbcJSFjkds...
2026-04-07 10:52:20 - getOutlet.php - Expected encrypt: 5b8ae1bc6b9f1f1fb1fdfe9cb8337a80
2026-04-07 10:52:20 - getOutlet.php - Received encrypt: 5b8ae1bc6b9f1f1fb1fdfe9cb8337a80
2026-04-07 10:52:20 - getOutlet.php - Authentication berhasil
2026-04-07 10:52:20 - getOutlet.php - Query: SELECT id_out, nama_out, '' AS alamat_out, ofcode_out
            FROM outlet 
            WHERE status_out IN ('Active', '1', 'active')
            AND (nama_out LIKE :key OR ofcode_out LIKE :key)
            ORDER BY nama_out ASC
            LIMIT 20
2026-04-07 10:52:20 - getOutlet.php - Query berhasil, mengembalikan 11 record
2026-04-07 10:52:20 - getOutlet.php - === END REQUEST ===
2026-04-07 03:52:24 - getOutlet.php - === REQUEST GETOUTLET ===
2026-04-07 03:52:24 - getOutlet.php - Method: POST
2026-04-07 03:52:24 - getOutlet.php - POST data: {"tgl":"2026-04-07","encrypt":"5b8ae1bc6b9f1f1fb1fdfe9cb8337a80","id_apl":"APL01","key":"RS Harapan Bunda "}
2026-04-07 10:52:24 - getOutlet.php - Params - tgl: 2026-04-07, encrypt: 5b8ae1bc6b9f1f1fb1fdfe9cb8337a80, id_apl: APL01, key: RS Harapan Bunda
2026-04-07 10:52:24 - getOutlet.php - Aplikasi ditemukan: Ya
2026-04-07 10:52:24 - getOutlet.php - Key aplikasi: YbcJSFjkds...
2026-04-07 10:52:24 - getOutlet.php - Expected encrypt: 5b8ae1bc6b9f1f1fb1fdfe9cb8337a80
2026-04-07 10:52:24 - getOutlet.php - Received encrypt: 5b8ae1bc6b9f1f1fb1fdfe9cb8337a80
2026-04-07 10:52:24 - getOutlet.php - Authentication berhasil
2026-04-07 10:52:24 - getOutlet.php - Query: SELECT id_out, nama_out, '' AS alamat_out, ofcode_out
            FROM outlet 
            WHERE status_out IN ('Active', '1', 'active')
            AND (nama_out LIKE :key OR ofcode_out LIKE :key)
            ORDER BY nama_out ASC
            LIMIT 20
2026-04-07 10:52:24 - getOutlet.php - Query berhasil, mengembalikan 1 record
2026-04-07 10:52:24 - getOutlet.php - === END REQUEST ===
2026-04-07 03:53:14 - getOutlet.php - === REQUEST GETOUTLET ===
2026-04-07 03:53:14 - getOutlet.php - Method: POST
2026-04-07 03:53:14 - getOutlet.php - POST data: {"tgl":"2026-04-07","encrypt":"5b8ae1bc6b9f1f1fb1fdfe9cb8337a80","id_apl":"APL01","key":"RS Harapan Bunda"}
2026-04-07 10:53:14 - getOutlet.php - Params - tgl: 2026-04-07, encrypt: 5b8ae1bc6b9f1f1fb1fdfe9cb8337a80, id_apl: APL01, key: RS Harapan Bunda
2026-04-07 10:53:14 - getOutlet.php - Aplikasi ditemukan: Ya
2026-04-07 10:53:14 - getOutlet.php - Key aplikasi: YbcJSFjkds...
2026-04-07 10:53:14 - getOutlet.php - Expected encrypt: 5b8ae1bc6b9f1f1fb1fdfe9cb8337a80
2026-04-07 10:53:14 - getOutlet.php - Received encrypt: 5b8ae1bc6b9f1f1fb1fdfe9cb8337a80
2026-04-07 10:53:14 - getOutlet.php - Authentication berhasil
2026-04-07 10:53:14 - getOutlet.php - Query: SELECT id_out, nama_out, '' AS alamat_out, ofcode_out
            FROM outlet 
            WHERE status_out IN ('Active', '1', 'active')
            AND (nama_out LIKE :key OR ofcode_out LIKE :key)
            ORDER BY nama_out ASC
            LIMIT 20
2026-04-07 10:53:14 - getOutlet.php - Query berhasil, mengembalikan 1 record
2026-04-07 10:53:14 - getOutlet.php - === END REQUEST ===
2026-04-07 03:53:18 - getOutlet.php - === REQUEST GETOUTLET ===
2026-04-07 03:53:18 - getOutlet.php - Method: POST
2026-04-07 03:53:18 - getOutlet.php - POST data: {"tgl":"2026-04-07","encrypt":"5b8ae1bc6b9f1f1fb1fdfe9cb8337a80","id_apl":"APL01","key":"RS Harapan Bunda "}
2026-04-07 10:53:18 - getOutlet.php - Params - tgl: 2026-04-07, encrypt: 5b8ae1bc6b9f1f1fb1fdfe9cb8337a80, id_apl: APL01, key: RS Harapan Bunda
2026-04-07 10:53:18 - getOutlet.php - Aplikasi ditemukan: Ya
2026-04-07 10:53:18 - getOutlet.php - Key aplikasi: YbcJSFjkds...
2026-04-07 10:53:18 - getOutlet.php - Expected encrypt: 5b8ae1bc6b9f1f1fb1fdfe9cb8337a80
2026-04-07 10:53:18 - getOutlet.php - Received encrypt: 5b8ae1bc6b9f1f1fb1fdfe9cb8337a80
2026-04-07 10:53:18 - getOutlet.php - Authentication berhasil
2026-04-07 10:53:18 - getOutlet.php - Query: SELECT id_out, nama_out, '' AS alamat_out, ofcode_out
            FROM outlet 
            WHERE status_out IN ('Active', '1', 'active')
            AND (nama_out LIKE :key OR ofcode_out LIKE :key)
            ORDER BY nama_out ASC
            LIMIT 20
2026-04-07 10:53:18 - getOutlet.php - Query berhasil, mengembalikan 1 record
2026-04-07 10:53:18 - getOutlet.php - === END REQUEST ===
2026-04-07 03:53:24 - getOutlet.php - === REQUEST GETOUTLET ===
2026-04-07 03:53:24 - getOutlet.php - Method: POST
2026-04-07 03:53:24 - getOutlet.php - POST data: {"tgl":"2026-04-07","encrypt":"5b8ae1bc6b9f1f1fb1fdfe9cb8337a80","id_apl":"APL01","key":"RS Harapan Bunda"}
2026-04-07 10:53:24 - getOutlet.php - Params - tgl: 2026-04-07, encrypt: 5b8ae1bc6b9f1f1fb1fdfe9cb8337a80, id_apl: APL01, key: RS Harapan Bunda
2026-04-07 10:53:24 - getOutlet.php - Aplikasi ditemukan: Ya
2026-04-07 10:53:24 - getOutlet.php - Key aplikasi: YbcJSFjkds...
2026-04-07 10:53:24 - getOutlet.php - Expected encrypt: 5b8ae1bc6b9f1f1fb1fdfe9cb8337a80
2026-04-07 10:53:24 - getOutlet.php - Received encrypt: 5b8ae1bc6b9f1f1fb1fdfe9cb8337a80
2026-04-07 10:53:24 - getOutlet.php - Authentication berhasil
2026-04-07 10:53:24 - getOutlet.php - Query: SELECT id_out, nama_out, '' AS alamat_out, ofcode_out
            FROM outlet 
            WHERE status_out IN ('Active', '1', 'active')
            AND (nama_out LIKE :key OR ofcode_out LIKE :key)
            ORDER BY nama_out ASC
            LIMIT 20
2026-04-07 10:53:24 - getOutlet.php - Query berhasil, mengembalikan 1 record
2026-04-07 10:53:24 - getOutlet.php - === END REQUEST ===
2026-04-07 03:53:25 - getOutlet.php - === REQUEST GETOUTLET ===
2026-04-07 03:53:25 - getOutlet.php - Method: POST
2026-04-07 03:53:25 - getOutlet.php - POST data: {"tgl":"2026-04-07","encrypt":"5b8ae1bc6b9f1f1fb1fdfe9cb8337a80","id_apl":"APL01","key":"RS Harapan Bunda "}
2026-04-07 10:53:25 - getOutlet.php - Params - tgl: 2026-04-07, encrypt: 5b8ae1bc6b9f1f1fb1fdfe9cb8337a80, id_apl: APL01, key: RS Harapan Bunda
2026-04-07 10:53:25 - getOutlet.php - Aplikasi ditemukan: Ya
2026-04-07 10:53:25 - getOutlet.php - Key aplikasi: YbcJSFjkds...
2026-04-07 10:53:25 - getOutlet.php - Expected encrypt: 5b8ae1bc6b9f1f1fb1fdfe9cb8337a80
2026-04-07 10:53:25 - getOutlet.php - Received encrypt: 5b8ae1bc6b9f1f1fb1fdfe9cb8337a80
2026-04-07 10:53:25 - getOutlet.php - Authentication berhasil
2026-04-07 10:53:25 - getOutlet.php - Query: SELECT id_out, nama_out, '' AS alamat_out, ofcode_out
            FROM outlet 
            WHERE status_out IN ('Active', '1', 'active')
            AND (nama_out LIKE :key OR ofcode_out LIKE :key)
            ORDER BY nama_out ASC
            LIMIT 20
2026-04-07 10:53:25 - getOutlet.php - Query berhasil, mengembalikan 1 record
2026-04-07 10:53:25 - getOutlet.php - === END REQUEST ===
2026-04-07 04:11:56 - getOutlet.php - === REQUEST GETOUTLET ===
2026-04-07 04:11:56 - getOutlet.php - Method: POST
2026-04-07 04:11:56 - getOutlet.php - POST data: {"tgl":"2026-04-07","encrypt":"5b8ae1bc6b9f1f1fb1fdfe9cb8337a80","id_apl":"APL01","key":"Bu"}
2026-04-07 11:11:56 - getOutlet.php - Params - tgl: 2026-04-07, encrypt: 5b8ae1bc6b9f1f1fb1fdfe9cb8337a80, id_apl: APL01, key: Bu
2026-04-07 11:11:56 - getOutlet.php - Aplikasi ditemukan: Ya
2026-04-07 11:11:56 - getOutlet.php - Key aplikasi: YbcJSFjkds...
2026-04-07 11:11:56 - getOutlet.php - Expected encrypt: 5b8ae1bc6b9f1f1fb1fdfe9cb8337a80
2026-04-07 11:11:56 - getOutlet.php - Received encrypt: 5b8ae1bc6b9f1f1fb1fdfe9cb8337a80
2026-04-07 11:11:56 - getOutlet.php - Authentication berhasil
2026-04-07 11:11:56 - getOutlet.php - Query: SELECT id_out, nama_out, '' AS alamat_out, ofcode_out
            FROM outlet 
            WHERE status_out IN ('Active', '1', 'active')
            AND (nama_out LIKE :key OR ofcode_out LIKE :key)
            ORDER BY nama_out ASC
            LIMIT 20
2026-04-07 11:11:56 - getOutlet.php - Query berhasil, mengembalikan 20 record
2026-04-07 11:11:56 - getOutlet.php - === END REQUEST ===
2026-04-07 04:11:57 - getOutlet.php - === REQUEST GETOUTLET ===
2026-04-07 04:11:57 - getOutlet.php - Method: POST
2026-04-07 04:11:57 - getOutlet.php - POST data: {"tgl":"2026-04-07","encrypt":"5b8ae1bc6b9f1f1fb1fdfe9cb8337a80","id_apl":"APL01","key":"Bud"}
2026-04-07 11:11:57 - getOutlet.php - Params - tgl: 2026-04-07, encrypt: 5b8ae1bc6b9f1f1fb1fdfe9cb8337a80, id_apl: APL01, key: Bud
2026-04-07 11:11:57 - getOutlet.php - Aplikasi ditemukan: Ya
2026-04-07 11:11:57 - getOutlet.php - Key aplikasi: YbcJSFjkds...
2026-04-07 11:11:57 - getOutlet.php - Expected encrypt: 5b8ae1bc6b9f1f1fb1fdfe9cb8337a80
2026-04-07 11:11:57 - getOutlet.php - Received encrypt: 5b8ae1bc6b9f1f1fb1fdfe9cb8337a80
2026-04-07 11:11:57 - getOutlet.php - Authentication berhasil
2026-04-07 11:11:57 - getOutlet.php - Query: SELECT id_out, nama_out, '' AS alamat_out, ofcode_out
            FROM outlet 
            WHERE status_out IN ('Active', '1', 'active')
            AND (nama_out LIKE :key OR ofcode_out LIKE :key)
            ORDER BY nama_out ASC
            LIMIT 20
2026-04-07 11:11:57 - getOutlet.php - Query berhasil, mengembalikan 5 record
2026-04-07 11:11:57 - getOutlet.php - === END REQUEST ===
2026-04-07 04:11:57 - getOutlet.php - === REQUEST GETOUTLET ===
2026-04-07 04:11:57 - getOutlet.php - Method: POST
2026-04-07 04:11:57 - getOutlet.php - POST data: {"tgl":"2026-04-07","encrypt":"5b8ae1bc6b9f1f1fb1fdfe9cb8337a80","id_apl":"APL01","key":"Budh"}
2026-04-07 11:11:57 - getOutlet.php - Params - tgl: 2026-04-07, encrypt: 5b8ae1bc6b9f1f1fb1fdfe9cb8337a80, id_apl: APL01, key: Budh
2026-04-07 11:11:57 - getOutlet.php - Aplikasi ditemukan: Ya
2026-04-07 11:11:57 - getOutlet.php - Key aplikasi: YbcJSFjkds...
2026-04-07 11:11:57 - getOutlet.php - Expected encrypt: 5b8ae1bc6b9f1f1fb1fdfe9cb8337a80
2026-04-07 11:11:57 - getOutlet.php - Received encrypt: 5b8ae1bc6b9f1f1fb1fdfe9cb8337a80
2026-04-07 11:11:57 - getOutlet.php - Authentication berhasil
2026-04-07 11:11:57 - getOutlet.php - Query: SELECT id_out, nama_out, '' AS alamat_out, ofcode_out
            FROM outlet 
            WHERE status_out IN ('Active', '1', 'active')
            AND (nama_out LIKE :key OR ofcode_out LIKE :key)
            ORDER BY nama_out ASC
            LIMIT 20
2026-04-07 11:11:57 - getOutlet.php - Query berhasil, mengembalikan 1 record
2026-04-07 11:11:57 - getOutlet.php - === END REQUEST ===
2026-04-07 04:11:57 - getOutlet.php - === REQUEST GETOUTLET ===
2026-04-07 04:11:57 - getOutlet.php - Method: POST
2026-04-07 04:11:57 - getOutlet.php - POST data: {"tgl":"2026-04-07","encrypt":"5b8ae1bc6b9f1f1fb1fdfe9cb8337a80","id_apl":"APL01","key":"Budha"}
2026-04-07 11:11:57 - getOutlet.php - Params - tgl: 2026-04-07, encrypt: 5b8ae1bc6b9f1f1fb1fdfe9cb8337a80, id_apl: APL01, key: Budha
2026-04-07 11:11:57 - getOutlet.php - Aplikasi ditemukan: Ya
2026-04-07 11:11:57 - getOutlet.php - Key aplikasi: YbcJSFjkds...
2026-04-07 11:11:57 - getOutlet.php - Expected encrypt: 5b8ae1bc6b9f1f1fb1fdfe9cb8337a80
2026-04-07 11:11:57 - getOutlet.php - Received encrypt: 5b8ae1bc6b9f1f1fb1fdfe9cb8337a80
2026-04-07 11:11:57 - getOutlet.php - Authentication berhasil
2026-04-07 11:11:57 - getOutlet.php - Query: SELECT id_out, nama_out, '' AS alamat_out, ofcode_out
            FROM outlet 
            WHERE status_out IN ('Active', '1', 'active')
            AND (nama_out LIKE :key OR ofcode_out LIKE :key)
            ORDER BY nama_out ASC
            LIMIT 20
2026-04-07 11:11:57 - getOutlet.php - Query berhasil, mengembalikan 0 record
2026-04-07 11:11:57 - getOutlet.php - === END REQUEST ===
2026-04-07 04:11:57 - getOutlet.php - === REQUEST GETOUTLET ===
2026-04-07 04:11:57 - getOutlet.php - Method: POST
2026-04-07 04:11:57 - getOutlet.php - POST data: {"tgl":"2026-04-07","encrypt":"5b8ae1bc6b9f1f1fb1fdfe9cb8337a80","id_apl":"APL01","key":"Budha"}
2026-04-07 11:11:57 - getOutlet.php - Params - tgl: 2026-04-07, encrypt: 5b8ae1bc6b9f1f1fb1fdfe9cb8337a80, id_apl: APL01, key: Budha
2026-04-07 11:11:57 - getOutlet.php - Aplikasi ditemukan: Ya
2026-04-07 11:11:57 - getOutlet.php - Key aplikasi: YbcJSFjkds...
2026-04-07 11:11:57 - getOutlet.php - Expected encrypt: 5b8ae1bc6b9f1f1fb1fdfe9cb8337a80
2026-04-07 11:11:57 - getOutlet.php - Received encrypt: 5b8ae1bc6b9f1f1fb1fdfe9cb8337a80
2026-04-07 11:11:57 - getOutlet.php - Authentication berhasil
2026-04-07 11:11:57 - getOutlet.php - Query: SELECT id_out, nama_out, '' AS alamat_out, ofcode_out
            FROM outlet 
            WHERE status_out IN ('Active', '1', 'active')
            AND (nama_out LIKE :key OR ofcode_out LIKE :key)
            ORDER BY nama_out ASC
            LIMIT 20
2026-04-07 11:11:57 - getOutlet.php - Query berhasil, mengembalikan 0 record
2026-04-07 11:11:57 - getOutlet.php - === END REQUEST ===
2026-04-07 04:11:58 - getOutlet.php - === REQUEST GETOUTLET ===
2026-04-07 04:11:58 - getOutlet.php - Method: POST
2026-04-07 04:11:58 - getOutlet.php - POST data: {"tgl":"2026-04-07","encrypt":"5b8ae1bc6b9f1f1fb1fdfe9cb8337a80","id_apl":"APL01","key":"Budha t"}
2026-04-07 11:11:58 - getOutlet.php - Params - tgl: 2026-04-07, encrypt: 5b8ae1bc6b9f1f1fb1fdfe9cb8337a80, id_apl: APL01, key: Budha t
2026-04-07 11:11:58 - getOutlet.php - Aplikasi ditemukan: Ya
2026-04-07 11:11:58 - getOutlet.php - Key aplikasi: YbcJSFjkds...
2026-04-07 11:11:58 - getOutlet.php - Expected encrypt: 5b8ae1bc6b9f1f1fb1fdfe9cb8337a80
2026-04-07 11:11:58 - getOutlet.php - Received encrypt: 5b8ae1bc6b9f1f1fb1fdfe9cb8337a80
2026-04-07 11:11:58 - getOutlet.php - Authentication berhasil
2026-04-07 11:11:58 - getOutlet.php - Query: SELECT id_out, nama_out, '' AS alamat_out, ofcode_out
            FROM outlet 
            WHERE status_out IN ('Active', '1', 'active')
            AND (nama_out LIKE :key OR ofcode_out LIKE :key)
            ORDER BY nama_out ASC
            LIMIT 20
2026-04-07 11:11:58 - getOutlet.php - Query berhasil, mengembalikan 0 record
2026-04-07 11:11:58 - getOutlet.php - === END REQUEST ===
2026-04-07 04:11:59 - getOutlet.php - === REQUEST GETOUTLET ===
2026-04-07 04:11:59 - getOutlet.php - Method: POST
2026-04-07 04:11:59 - getOutlet.php - POST data: {"tgl":"2026-04-07","encrypt":"5b8ae1bc6b9f1f1fb1fdfe9cb8337a80","id_apl":"APL01","key":"Budha tz"}
2026-04-07 11:11:59 - getOutlet.php - Params - tgl: 2026-04-07, encrypt: 5b8ae1bc6b9f1f1fb1fdfe9cb8337a80, id_apl: APL01, key: Budha tz
2026-04-07 11:11:59 - getOutlet.php - Aplikasi ditemukan: Ya
2026-04-07 11:11:59 - getOutlet.php - Key aplikasi: YbcJSFjkds...
2026-04-07 11:11:59 - getOutlet.php - Expected encrypt: 5b8ae1bc6b9f1f1fb1fdfe9cb8337a80
2026-04-07 11:11:59 - getOutlet.php - Received encrypt: 5b8ae1bc6b9f1f1fb1fdfe9cb8337a80
2026-04-07 11:11:59 - getOutlet.php - Authentication berhasil
2026-04-07 11:11:59 - getOutlet.php - Query: SELECT id_out, nama_out, '' AS alamat_out, ofcode_out
            FROM outlet 
            WHERE status_out IN ('Active', '1', 'active')
            AND (nama_out LIKE :key OR ofcode_out LIKE :key)
            ORDER BY nama_out ASC
            LIMIT 20
2026-04-07 11:11:59 - getOutlet.php - Query berhasil, mengembalikan 0 record
2026-04-07 11:11:59 - getOutlet.php - === END REQUEST ===
2026-04-07 04:11:59 - getOutlet.php - === REQUEST GETOUTLET ===
2026-04-07 04:11:59 - getOutlet.php - Method: POST
2026-04-07 04:11:59 - getOutlet.php - POST data: {"tgl":"2026-04-07","encrypt":"5b8ae1bc6b9f1f1fb1fdfe9cb8337a80","id_apl":"APL01","key":"Budha tzu"}
2026-04-07 11:11:59 - getOutlet.php - Params - tgl: 2026-04-07, encrypt: 5b8ae1bc6b9f1f1fb1fdfe9cb8337a80, id_apl: APL01, key: Budha tzu
2026-04-07 11:11:59 - getOutlet.php - Aplikasi ditemukan: Ya
2026-04-07 11:11:59 - getOutlet.php - Key aplikasi: YbcJSFjkds...
2026-04-07 11:11:59 - getOutlet.php - Expected encrypt: 5b8ae1bc6b9f1f1fb1fdfe9cb8337a80
2026-04-07 11:11:59 - getOutlet.php - Received encrypt: 5b8ae1bc6b9f1f1fb1fdfe9cb8337a80
2026-04-07 11:11:59 - getOutlet.php - Authentication berhasil
2026-04-07 11:11:59 - getOutlet.php - Query: SELECT id_out, nama_out, '' AS alamat_out, ofcode_out
            FROM outlet 
            WHERE status_out IN ('Active', '1', 'active')
            AND (nama_out LIKE :key OR ofcode_out LIKE :key)
            ORDER BY nama_out ASC
            LIMIT 20
2026-04-07 11:11:59 - getOutlet.php - Query berhasil, mengembalikan 0 record
2026-04-07 11:11:59 - getOutlet.php - === END REQUEST ===
2026-04-07 04:12:00 - getOutlet.php - === REQUEST GETOUTLET ===
2026-04-07 04:12:00 - getOutlet.php - Method: POST
2026-04-07 04:12:00 - getOutlet.php - POST data: {"tgl":"2026-04-07","encrypt":"5b8ae1bc6b9f1f1fb1fdfe9cb8337a80","id_apl":"APL01","key":"Budha"}
2026-04-07 11:12:00 - getOutlet.php - Params - tgl: 2026-04-07, encrypt: 5b8ae1bc6b9f1f1fb1fdfe9cb8337a80, id_apl: APL01, key: Budha
2026-04-07 11:12:00 - getOutlet.php - Aplikasi ditemukan: Ya
2026-04-07 11:12:00 - getOutlet.php - Key aplikasi: YbcJSFjkds...
2026-04-07 11:12:00 - getOutlet.php - Expected encrypt: 5b8ae1bc6b9f1f1fb1fdfe9cb8337a80
2026-04-07 11:12:00 - getOutlet.php - Received encrypt: 5b8ae1bc6b9f1f1fb1fdfe9cb8337a80
2026-04-07 11:12:00 - getOutlet.php - Authentication berhasil
2026-04-07 11:12:00 - getOutlet.php - Query: SELECT id_out, nama_out, '' AS alamat_out, ofcode_out
            FROM outlet 
            WHERE status_out IN ('Active', '1', 'active')
            AND (nama_out LIKE :key OR ofcode_out LIKE :key)
            ORDER BY nama_out ASC
            LIMIT 20
2026-04-07 11:12:00 - getOutlet.php - Query berhasil, mengembalikan 0 record
2026-04-07 11:12:00 - getOutlet.php - === END REQUEST ===
2026-04-07 04:12:00 - getOutlet.php - === REQUEST GETOUTLET ===
2026-04-07 04:12:00 - getOutlet.php - Method: POST
2026-04-07 04:12:00 - getOutlet.php - POST data: {"tgl":"2026-04-07","encrypt":"5b8ae1bc6b9f1f1fb1fdfe9cb8337a80","id_apl":"APL01","key":"Budha Tzu"}
2026-04-07 11:12:00 - getOutlet.php - Params - tgl: 2026-04-07, encrypt: 5b8ae1bc6b9f1f1fb1fdfe9cb8337a80, id_apl: APL01, key: Budha Tzu
2026-04-07 11:12:00 - getOutlet.php - Aplikasi ditemukan: Ya
2026-04-07 11:12:00 - getOutlet.php - Key aplikasi: YbcJSFjkds...
2026-04-07 11:12:00 - getOutlet.php - Expected encrypt: 5b8ae1bc6b9f1f1fb1fdfe9cb8337a80
2026-04-07 11:12:00 - getOutlet.php - Received encrypt: 5b8ae1bc6b9f1f1fb1fdfe9cb8337a80
2026-04-07 11:12:00 - getOutlet.php - Authentication berhasil
2026-04-07 11:12:00 - getOutlet.php - Query: SELECT id_out, nama_out, '' AS alamat_out, ofcode_out
            FROM outlet 
            WHERE status_out IN ('Active', '1', 'active')
            AND (nama_out LIKE :key OR ofcode_out LIKE :key)
            ORDER BY nama_out ASC
            LIMIT 20
2026-04-07 11:12:00 - getOutlet.php - Query berhasil, mengembalikan 0 record
2026-04-07 11:12:00 - getOutlet.php - === END REQUEST ===
2026-04-07 04:12:04 - getOutlet.php - === REQUEST GETOUTLET ===
2026-04-07 04:12:04 - getOutlet.php - Method: POST
2026-04-07 04:12:04 - getOutlet.php - POST data: {"tgl":"2026-04-07","encrypt":"5b8ae1bc6b9f1f1fb1fdfe9cb8337a80","id_apl":"APL01","key":"Budha Tzu l"}
2026-04-07 11:12:04 - getOutlet.php - Params - tgl: 2026-04-07, encrypt: 5b8ae1bc6b9f1f1fb1fdfe9cb8337a80, id_apl: APL01, key: Budha Tzu l
2026-04-07 11:12:04 - getOutlet.php - Aplikasi ditemukan: Ya
2026-04-07 11:12:04 - getOutlet.php - Key aplikasi: YbcJSFjkds...
2026-04-07 11:12:04 - getOutlet.php - Expected encrypt: 5b8ae1bc6b9f1f1fb1fdfe9cb8337a80
2026-04-07 11:12:04 - getOutlet.php - Received encrypt: 5b8ae1bc6b9f1f1fb1fdfe9cb8337a80
2026-04-07 11:12:04 - getOutlet.php - Authentication berhasil
2026-04-07 11:12:04 - getOutlet.php - Query: SELECT id_out, nama_out, '' AS alamat_out, ofcode_out
            FROM outlet 
            WHERE status_out IN ('Active', '1', 'active')
            AND (nama_out LIKE :key OR ofcode_out LIKE :key)
            ORDER BY nama_out ASC
            LIMIT 20
2026-04-07 11:12:04 - getOutlet.php - Query berhasil, mengembalikan 0 record
2026-04-07 11:12:04 - getOutlet.php - === END REQUEST ===
2026-04-07 04:12:04 - getOutlet.php - === REQUEST GETOUTLET ===
2026-04-07 04:12:04 - getOutlet.php - Method: POST
2026-04-07 04:12:04 - getOutlet.php - POST data: {"tgl":"2026-04-07","encrypt":"5b8ae1bc6b9f1f1fb1fdfe9cb8337a80","id_apl":"APL01","key":"Budha Tzu ll"}
2026-04-07 11:12:04 - getOutlet.php - Params - tgl: 2026-04-07, encrypt: 5b8ae1bc6b9f1f1fb1fdfe9cb8337a80, id_apl: APL01, key: Budha Tzu ll
2026-04-07 11:12:04 - getOutlet.php - Aplikasi ditemukan: Ya
2026-04-07 11:12:04 - getOutlet.php - Key aplikasi: YbcJSFjkds...
2026-04-07 11:12:04 - getOutlet.php - Expected encrypt: 5b8ae1bc6b9f1f1fb1fdfe9cb8337a80
2026-04-07 11:12:04 - getOutlet.php - Received encrypt: 5b8ae1bc6b9f1f1fb1fdfe9cb8337a80
2026-04-07 11:12:04 - getOutlet.php - Authentication berhasil
2026-04-07 11:12:04 - getOutlet.php - Query: SELECT id_out, nama_out, '' AS alamat_out, ofcode_out
            FROM outlet 
            WHERE status_out IN ('Active', '1', 'active')
            AND (nama_out LIKE :key OR ofcode_out LIKE :key)
            ORDER BY nama_out ASC
            LIMIT 20
2026-04-07 11:12:04 - getOutlet.php - Query berhasil, mengembalikan 0 record
2026-04-07 11:12:04 - getOutlet.php - === END REQUEST ===
2026-04-07 04:12:04 - getOutlet.php - === REQUEST GETOUTLET ===
2026-04-07 04:12:04 - getOutlet.php - Method: POST
2026-04-07 04:12:04 - getOutlet.php - POST data: {"tgl":"2026-04-07","encrypt":"5b8ae1bc6b9f1f1fb1fdfe9cb8337a80","id_apl":"APL01","key":"Budha Tzu lll"}
2026-04-07 11:12:04 - getOutlet.php - Params - tgl: 2026-04-07, encrypt: 5b8ae1bc6b9f1f1fb1fdfe9cb8337a80, id_apl: APL01, key: Budha Tzu lll
2026-04-07 11:12:05 - getOutlet.php - Aplikasi ditemukan: Ya
2026-04-07 11:12:05 - getOutlet.php - Key aplikasi: YbcJSFjkds...
2026-04-07 11:12:05 - getOutlet.php - Expected encrypt: 5b8ae1bc6b9f1f1fb1fdfe9cb8337a80
2026-04-07 11:12:05 - getOutlet.php - Received encrypt: 5b8ae1bc6b9f1f1fb1fdfe9cb8337a80
2026-04-07 11:12:05 - getOutlet.php - Authentication berhasil
2026-04-07 11:12:05 - getOutlet.php - Query: SELECT id_out, nama_out, '' AS alamat_out, ofcode_out
            FROM outlet 
            WHERE status_out IN ('Active', '1', 'active')
            AND (nama_out LIKE :key OR ofcode_out LIKE :key)
            ORDER BY nama_out ASC
            LIMIT 20
2026-04-07 11:12:05 - getOutlet.php - Query berhasil, mengembalikan 0 record
2026-04-07 11:12:05 - getOutlet.php - === END REQUEST ===
2026-04-07 04:12:05 - getOutlet.php - === REQUEST GETOUTLET ===
2026-04-07 04:12:05 - getOutlet.php - Method: POST
2026-04-07 04:12:05 - getOutlet.php - POST data: {"tgl":"2026-04-07","encrypt":"5b8ae1bc6b9f1f1fb1fdfe9cb8337a80","id_apl":"APL01","key":"Budha Tzu l"}
2026-04-07 11:12:05 - getOutlet.php - Params - tgl: 2026-04-07, encrypt: 5b8ae1bc6b9f1f1fb1fdfe9cb8337a80, id_apl: APL01, key: Budha Tzu l
2026-04-07 11:12:05 - getOutlet.php - Aplikasi ditemukan: Ya
2026-04-07 11:12:05 - getOutlet.php - Key aplikasi: YbcJSFjkds...
2026-04-07 11:12:05 - getOutlet.php - Expected encrypt: 5b8ae1bc6b9f1f1fb1fdfe9cb8337a80
2026-04-07 11:12:05 - getOutlet.php - Received encrypt: 5b8ae1bc6b9f1f1fb1fdfe9cb8337a80
2026-04-07 11:12:05 - getOutlet.php - Authentication berhasil
2026-04-07 11:12:05 - getOutlet.php - Query: SELECT id_out, nama_out, '' AS alamat_out, ofcode_out
            FROM outlet 
            WHERE status_out IN ('Active', '1', 'active')
            AND (nama_out LIKE :key OR ofcode_out LIKE :key)
            ORDER BY nama_out ASC
            LIMIT 20
2026-04-07 11:12:05 - getOutlet.php - Query berhasil, mengembalikan 0 record
2026-04-07 11:12:05 - getOutlet.php - === END REQUEST ===
2026-04-07 04:12:05 - getOutlet.php - === REQUEST GETOUTLET ===
2026-04-07 04:12:05 - getOutlet.php - Method: POST
2026-04-07 04:12:05 - getOutlet.php - POST data: {"tgl":"2026-04-07","encrypt":"5b8ae1bc6b9f1f1fb1fdfe9cb8337a80","id_apl":"APL01","key":"Budha Tzu ll"}
2026-04-07 11:12:05 - getOutlet.php - Params - tgl: 2026-04-07, encrypt: 5b8ae1bc6b9f1f1fb1fdfe9cb8337a80, id_apl: APL01, key: Budha Tzu ll
2026-04-07 11:12:05 - getOutlet.php - Aplikasi ditemukan: Ya
2026-04-07 11:12:05 - getOutlet.php - Key aplikasi: YbcJSFjkds...
2026-04-07 11:12:05 - getOutlet.php - Expected encrypt: 5b8ae1bc6b9f1f1fb1fdfe9cb8337a80
2026-04-07 11:12:05 - getOutlet.php - Received encrypt: 5b8ae1bc6b9f1f1fb1fdfe9cb8337a80
2026-04-07 11:12:05 - getOutlet.php - Authentication berhasil
2026-04-07 11:12:05 - getOutlet.php - Query: SELECT id_out, nama_out, '' AS alamat_out, ofcode_out
            FROM outlet 
            WHERE status_out IN ('Active', '1', 'active')
            AND (nama_out LIKE :key OR ofcode_out LIKE :key)
            ORDER BY nama_out ASC
            LIMIT 20
2026-04-07 11:12:05 - getOutlet.php - Query berhasil, mengembalikan 0 record
2026-04-07 11:12:05 - getOutlet.php - === END REQUEST ===
2026-04-07 04:12:05 - getOutlet.php - === REQUEST GETOUTLET ===
2026-04-07 04:12:05 - getOutlet.php - Method: POST
2026-04-07 04:12:05 - getOutlet.php - POST data: {"tgl":"2026-04-07","encrypt":"5b8ae1bc6b9f1f1fb1fdfe9cb8337a80","id_apl":"APL01","key":"Budha Tzu"}
2026-04-07 11:12:05 - getOutlet.php - Params - tgl: 2026-04-07, encrypt: 5b8ae1bc6b9f1f1fb1fdfe9cb8337a80, id_apl: APL01, key: Budha Tzu
2026-04-07 11:12:05 - getOutlet.php - Aplikasi ditemukan: Ya
2026-04-07 11:12:05 - getOutlet.php - Key aplikasi: YbcJSFjkds...
2026-04-07 11:12:05 - getOutlet.php - Expected encrypt: 5b8ae1bc6b9f1f1fb1fdfe9cb8337a80
2026-04-07 11:12:05 - getOutlet.php - Received encrypt: 5b8ae1bc6b9f1f1fb1fdfe9cb8337a80
2026-04-07 11:12:05 - getOutlet.php - Authentication berhasil
2026-04-07 11:12:05 - getOutlet.php - Query: SELECT id_out, nama_out, '' AS alamat_out, ofcode_out
            FROM outlet 
            WHERE status_out IN ('Active', '1', 'active')
            AND (nama_out LIKE :key OR ofcode_out LIKE :key)
            ORDER BY nama_out ASC
            LIMIT 20
2026-04-07 11:12:05 - getOutlet.php - Query berhasil, mengembalikan 0 record
2026-04-07 11:12:05 - getOutlet.php - === END REQUEST ===
2026-04-07 04:12:06 - getOutlet.php - === REQUEST GETOUTLET ===
2026-04-07 04:12:06 - getOutlet.php - Method: POST
2026-04-07 04:12:06 - getOutlet.php - POST data: {"tgl":"2026-04-07","encrypt":"5b8ae1bc6b9f1f1fb1fdfe9cb8337a80","id_apl":"APL01","key":"Budha Tzu"}
2026-04-07 11:12:06 - getOutlet.php - Params - tgl: 2026-04-07, encrypt: 5b8ae1bc6b9f1f1fb1fdfe9cb8337a80, id_apl: APL01, key: Budha Tzu
2026-04-07 11:12:06 - getOutlet.php - Aplikasi ditemukan: Ya
2026-04-07 11:12:06 - getOutlet.php - Key aplikasi: YbcJSFjkds...
2026-04-07 11:12:06 - getOutlet.php - Expected encrypt: 5b8ae1bc6b9f1f1fb1fdfe9cb8337a80
2026-04-07 11:12:06 - getOutlet.php - Received encrypt: 5b8ae1bc6b9f1f1fb1fdfe9cb8337a80
2026-04-07 11:12:06 - getOutlet.php - Authentication berhasil
2026-04-07 11:12:06 - getOutlet.php - Query: SELECT id_out, nama_out, '' AS alamat_out, ofcode_out
            FROM outlet 
            WHERE status_out IN ('Active', '1', 'active')
            AND (nama_out LIKE :key OR ofcode_out LIKE :key)
            ORDER BY nama_out ASC
            LIMIT 20
2026-04-07 11:12:06 - getOutlet.php - Query berhasil, mengembalikan 0 record
2026-04-07 11:12:06 - getOutlet.php - === END REQUEST ===
2026-04-07 04:12:06 - getOutlet.php - === REQUEST GETOUTLET ===
2026-04-07 04:12:06 - getOutlet.php - Method: POST
2026-04-07 04:12:06 - getOutlet.php - POST data: {"tgl":"2026-04-07","encrypt":"5b8ae1bc6b9f1f1fb1fdfe9cb8337a80","id_apl":"APL01","key":"Budha Tz"}
2026-04-07 11:12:06 - getOutlet.php - Params - tgl: 2026-04-07, encrypt: 5b8ae1bc6b9f1f1fb1fdfe9cb8337a80, id_apl: APL01, key: Budha Tz
2026-04-07 04:12:06 - getOutlet.php - === REQUEST GETOUTLET ===
2026-04-07 04:12:06 - getOutlet.php - Method: POST
2026-04-07 04:12:06 - getOutlet.php - POST data: {"tgl":"2026-04-07","encrypt":"5b8ae1bc6b9f1f1fb1fdfe9cb8337a80","id_apl":"APL01","key":"Budha T"}
2026-04-07 11:12:06 - getOutlet.php - Params - tgl: 2026-04-07, encrypt: 5b8ae1bc6b9f1f1fb1fdfe9cb8337a80, id_apl: APL01, key: Budha T
2026-04-07 11:12:06 - getOutlet.php - Aplikasi ditemukan: Ya
2026-04-07 11:12:06 - getOutlet.php - Key aplikasi: YbcJSFjkds...
2026-04-07 11:12:06 - getOutlet.php - Expected encrypt: 5b8ae1bc6b9f1f1fb1fdfe9cb8337a80
2026-04-07 11:12:06 - getOutlet.php - Received encrypt: 5b8ae1bc6b9f1f1fb1fdfe9cb8337a80
2026-04-07 11:12:06 - getOutlet.php - Authentication berhasil
2026-04-07 11:12:06 - getOutlet.php - Query: SELECT id_out, nama_out, '' AS alamat_out, ofcode_out
            FROM outlet 
            WHERE status_out IN ('Active', '1', 'active')
            AND (nama_out LIKE :key OR ofcode_out LIKE :key)
            ORDER BY nama_out ASC
            LIMIT 20
2026-04-07 11:12:06 - getOutlet.php - Query berhasil, mengembalikan 0 record
2026-04-07 11:12:06 - getOutlet.php - === END REQUEST ===
2026-04-07 11:12:06 - getOutlet.php - Aplikasi ditemukan: Ya
2026-04-07 11:12:06 - getOutlet.php - Key aplikasi: YbcJSFjkds...
2026-04-07 11:12:06 - getOutlet.php - Expected encrypt: 5b8ae1bc6b9f1f1fb1fdfe9cb8337a80
2026-04-07 11:12:06 - getOutlet.php - Received encrypt: 5b8ae1bc6b9f1f1fb1fdfe9cb8337a80
2026-04-07 11:12:06 - getOutlet.php - Authentication berhasil
2026-04-07 11:12:06 - getOutlet.php - Query: SELECT id_out, nama_out, '' AS alamat_out, ofcode_out
            FROM outlet 
            WHERE status_out IN ('Active', '1', 'active')
            AND (nama_out LIKE :key OR ofcode_out LIKE :key)
            ORDER BY nama_out ASC
            LIMIT 20
2026-04-07 11:12:06 - getOutlet.php - Query berhasil, mengembalikan 0 record
2026-04-07 11:12:06 - getOutlet.php - === END REQUEST ===
2026-04-07 04:12:06 - getOutlet.php - === REQUEST GETOUTLET ===
2026-04-07 04:12:06 - getOutlet.php - Method: POST
2026-04-07 04:12:06 - getOutlet.php - POST data: {"tgl":"2026-04-07","encrypt":"5b8ae1bc6b9f1f1fb1fdfe9cb8337a80","id_apl":"APL01","key":"Budha"}
2026-04-07 11:12:06 - getOutlet.php - Params - tgl: 2026-04-07, encrypt: 5b8ae1bc6b9f1f1fb1fdfe9cb8337a80, id_apl: APL01, key: Budha
2026-04-07 11:12:06 - getOutlet.php - Aplikasi ditemukan: Ya
2026-04-07 11:12:06 - getOutlet.php - Key aplikasi: YbcJSFjkds...
2026-04-07 11:12:06 - getOutlet.php - Expected encrypt: 5b8ae1bc6b9f1f1fb1fdfe9cb8337a80
2026-04-07 11:12:06 - getOutlet.php - Received encrypt: 5b8ae1bc6b9f1f1fb1fdfe9cb8337a80
2026-04-07 11:12:06 - getOutlet.php - Authentication berhasil
2026-04-07 11:12:06 - getOutlet.php - Query: SELECT id_out, nama_out, '' AS alamat_out, ofcode_out
            FROM outlet 
            WHERE status_out IN ('Active', '1', 'active')
            AND (nama_out LIKE :key OR ofcode_out LIKE :key)
            ORDER BY nama_out ASC
            LIMIT 20
2026-04-07 11:12:06 - getOutlet.php - Query berhasil, mengembalikan 0 record
2026-04-07 11:12:06 - getOutlet.php - === END REQUEST ===
2026-04-07 04:12:06 - getOutlet.php - === REQUEST GETOUTLET ===
2026-04-07 04:12:06 - getOutlet.php - Method: POST
2026-04-07 04:12:06 - getOutlet.php - POST data: {"tgl":"2026-04-07","encrypt":"5b8ae1bc6b9f1f1fb1fdfe9cb8337a80","id_apl":"APL01","key":"Budha"}
2026-04-07 11:12:06 - getOutlet.php - Params - tgl: 2026-04-07, encrypt: 5b8ae1bc6b9f1f1fb1fdfe9cb8337a80, id_apl: APL01, key: Budha
2026-04-07 11:12:06 - getOutlet.php - Aplikasi ditemukan: Ya
2026-04-07 11:12:06 - getOutlet.php - Key aplikasi: YbcJSFjkds...
2026-04-07 11:12:06 - getOutlet.php - Expected encrypt: 5b8ae1bc6b9f1f1fb1fdfe9cb8337a80
2026-04-07 11:12:06 - getOutlet.php - Received encrypt: 5b8ae1bc6b9f1f1fb1fdfe9cb8337a80
2026-04-07 11:12:06 - getOutlet.php - Authentication berhasil
2026-04-07 11:12:06 - getOutlet.php - Query: SELECT id_out, nama_out, '' AS alamat_out, ofcode_out
            FROM outlet 
            WHERE status_out IN ('Active', '1', 'active')
            AND (nama_out LIKE :key OR ofcode_out LIKE :key)
            ORDER BY nama_out ASC
            LIMIT 20
2026-04-07 11:12:06 - getOutlet.php - Query berhasil, mengembalikan 0 record
2026-04-07 11:12:06 - getOutlet.php - === END REQUEST ===
2026-04-07 04:12:06 - getOutlet.php - === REQUEST GETOUTLET ===
2026-04-07 04:12:06 - getOutlet.php - Method: POST
2026-04-07 04:12:06 - getOutlet.php - POST data: {"tgl":"2026-04-07","encrypt":"5b8ae1bc6b9f1f1fb1fdfe9cb8337a80","id_apl":"APL01","key":"Budh"}
2026-04-07 11:12:06 - getOutlet.php - Params - tgl: 2026-04-07, encrypt: 5b8ae1bc6b9f1f1fb1fdfe9cb8337a80, id_apl: APL01, key: Budh
2026-04-07 11:12:06 - getOutlet.php - Aplikasi ditemukan: Ya
2026-04-07 11:12:06 - getOutlet.php - Key aplikasi: YbcJSFjkds...
2026-04-07 11:12:06 - getOutlet.php - Expected encrypt: 5b8ae1bc6b9f1f1fb1fdfe9cb8337a80
2026-04-07 11:12:06 - getOutlet.php - Received encrypt: 5b8ae1bc6b9f1f1fb1fdfe9cb8337a80
2026-04-07 11:12:06 - getOutlet.php - Authentication berhasil
2026-04-07 11:12:06 - getOutlet.php - Query: SELECT id_out, nama_out, '' AS alamat_out, ofcode_out
            FROM outlet 
            WHERE status_out IN ('Active', '1', 'active')
            AND (nama_out LIKE :key OR ofcode_out LIKE :key)
            ORDER BY nama_out ASC
            LIMIT 20
2026-04-07 11:12:06 - getOutlet.php - Query berhasil, mengembalikan 1 record
2026-04-07 11:12:06 - getOutlet.php - === END REQUEST ===
2026-04-07 04:12:07 - getOutlet.php - === REQUEST GETOUTLET ===
2026-04-07 04:12:07 - getOutlet.php - Method: POST
2026-04-07 04:12:07 - getOutlet.php - POST data: {"tgl":"2026-04-07","encrypt":"5b8ae1bc6b9f1f1fb1fdfe9cb8337a80","id_apl":"APL01","key":"Bud"}
2026-04-07 11:12:07 - getOutlet.php - Params - tgl: 2026-04-07, encrypt: 5b8ae1bc6b9f1f1fb1fdfe9cb8337a80, id_apl: APL01, key: Bud
2026-04-07 11:12:07 - getOutlet.php - Aplikasi ditemukan: Ya
2026-04-07 11:12:07 - getOutlet.php - Key aplikasi: YbcJSFjkds...
2026-04-07 11:12:07 - getOutlet.php - Expected encrypt: 5b8ae1bc6b9f1f1fb1fdfe9cb8337a80
2026-04-07 11:12:07 - getOutlet.php - Received encrypt: 5b8ae1bc6b9f1f1fb1fdfe9cb8337a80
2026-04-07 11:12:07 - getOutlet.php - Authentication berhasil
2026-04-07 11:12:07 - getOutlet.php - Query: SELECT id_out, nama_out, '' AS alamat_out, ofcode_out
            FROM outlet 
            WHERE status_out IN ('Active', '1', 'active')
            AND (nama_out LIKE :key OR ofcode_out LIKE :key)
            ORDER BY nama_out ASC
            LIMIT 20
2026-04-07 11:12:07 - getOutlet.php - Query berhasil, mengembalikan 5 record
2026-04-07 11:12:07 - getOutlet.php - === END REQUEST ===
2026-04-07 04:12:07 - getOutlet.php - === REQUEST GETOUTLET ===
2026-04-07 04:12:07 - getOutlet.php - Method: POST
2026-04-07 04:12:07 - getOutlet.php - POST data: {"tgl":"2026-04-07","encrypt":"5b8ae1bc6b9f1f1fb1fdfe9cb8337a80","id_apl":"APL01","key":"Budd"}
2026-04-07 11:12:07 - getOutlet.php - Params - tgl: 2026-04-07, encrypt: 5b8ae1bc6b9f1f1fb1fdfe9cb8337a80, id_apl: APL01, key: Budd
2026-04-07 11:12:07 - getOutlet.php - Aplikasi ditemukan: Ya
2026-04-07 11:12:07 - getOutlet.php - Key aplikasi: YbcJSFjkds...
2026-04-07 11:12:07 - getOutlet.php - Expected encrypt: 5b8ae1bc6b9f1f1fb1fdfe9cb8337a80
2026-04-07 11:12:07 - getOutlet.php - Received encrypt: 5b8ae1bc6b9f1f1fb1fdfe9cb8337a80
2026-04-07 11:12:07 - getOutlet.php - Authentication berhasil
2026-04-07 11:12:08 - getOutlet.php - Query: SELECT id_out, nama_out, '' AS alamat_out, ofcode_out
            FROM outlet 
            WHERE status_out IN ('Active', '1', 'active')
            AND (nama_out LIKE :key OR ofcode_out LIKE :key)
            ORDER BY nama_out ASC
            LIMIT 20
2026-04-07 11:12:08 - getOutlet.php - Query berhasil, mengembalikan 2 record
2026-04-07 11:12:08 - getOutlet.php - === END REQUEST ===
2026-04-07 04:12:08 - getOutlet.php - === REQUEST GETOUTLET ===
2026-04-07 04:12:08 - getOutlet.php - Method: POST
2026-04-07 04:12:08 - getOutlet.php - POST data: {"tgl":"2026-04-07","encrypt":"5b8ae1bc6b9f1f1fb1fdfe9cb8337a80","id_apl":"APL01","key":"Buddh"}
2026-04-07 11:12:08 - getOutlet.php - Params - tgl: 2026-04-07, encrypt: 5b8ae1bc6b9f1f1fb1fdfe9cb8337a80, id_apl: APL01, key: Buddh
2026-04-07 11:12:08 - getOutlet.php - Aplikasi ditemukan: Ya
2026-04-07 11:12:08 - getOutlet.php - Key aplikasi: YbcJSFjkds...
2026-04-07 11:12:08 - getOutlet.php - Expected encrypt: 5b8ae1bc6b9f1f1fb1fdfe9cb8337a80
2026-04-07 11:12:08 - getOutlet.php - Received encrypt: 5b8ae1bc6b9f1f1fb1fdfe9cb8337a80
2026-04-07 11:12:08 - getOutlet.php - Authentication berhasil
2026-04-07 11:12:08 - getOutlet.php - Query: SELECT id_out, nama_out, '' AS alamat_out, ofcode_out
            FROM outlet 
            WHERE status_out IN ('Active', '1', 'active')
            AND (nama_out LIKE :key OR ofcode_out LIKE :key)
            ORDER BY nama_out ASC
            LIMIT 20
2026-04-07 11:12:08 - getOutlet.php - Query berhasil, mengembalikan 2 record
2026-04-07 11:12:08 - getOutlet.php - === END REQUEST ===
2026-04-07 04:12:08 - getOutlet.php - === REQUEST GETOUTLET ===
2026-04-07 04:12:08 - getOutlet.php - Method: POST
2026-04-07 04:12:08 - getOutlet.php - POST data: {"tgl":"2026-04-07","encrypt":"5b8ae1bc6b9f1f1fb1fdfe9cb8337a80","id_apl":"APL01","key":"Buddha"}
2026-04-07 11:12:08 - getOutlet.php - Params - tgl: 2026-04-07, encrypt: 5b8ae1bc6b9f1f1fb1fdfe9cb8337a80, id_apl: APL01, key: Buddha
2026-04-07 11:12:08 - getOutlet.php - Aplikasi ditemukan: Ya
2026-04-07 11:12:08 - getOutlet.php - Key aplikasi: YbcJSFjkds...
2026-04-07 11:12:08 - getOutlet.php - Expected encrypt: 5b8ae1bc6b9f1f1fb1fdfe9cb8337a80
2026-04-07 11:12:08 - getOutlet.php - Received encrypt: 5b8ae1bc6b9f1f1fb1fdfe9cb8337a80
2026-04-07 11:12:08 - getOutlet.php - Authentication berhasil
2026-04-07 11:12:08 - getOutlet.php - Query: SELECT id_out, nama_out, '' AS alamat_out, ofcode_out
            FROM outlet 
            WHERE status_out IN ('Active', '1', 'active')
            AND (nama_out LIKE :key OR ofcode_out LIKE :key)
            ORDER BY nama_out ASC
            LIMIT 20
2026-04-07 11:12:08 - getOutlet.php - Query berhasil, mengembalikan 2 record
2026-04-07 11:12:08 - getOutlet.php - === END REQUEST ===
2026-04-07 04:12:12 - getOutlet.php - === REQUEST GETOUTLET ===
2026-04-07 04:12:12 - getOutlet.php - Method: POST
2026-04-07 04:12:12 - getOutlet.php - POST data: {"tgl":"2026-04-07","encrypt":"5b8ae1bc6b9f1f1fb1fdfe9cb8337a80","id_apl":"APL01","key":"YAYASAN BUDDHA TZU CHI MEDIKA INDONESIA (TZU CHI HOSPITAL)"}
2026-04-07 11:12:12 - getOutlet.php - Params - tgl: 2026-04-07, encrypt: 5b8ae1bc6b9f1f1fb1fdfe9cb8337a80, id_apl: APL01, key: YAYASAN BUDDHA TZU CHI MEDIKA INDONESIA (TZU CHI HOSPITAL)
2026-04-07 11:12:12 - getOutlet.php - Aplikasi ditemukan: Ya
2026-04-07 11:12:12 - getOutlet.php - Key aplikasi: YbcJSFjkds...
2026-04-07 11:12:12 - getOutlet.php - Expected encrypt: 5b8ae1bc6b9f1f1fb1fdfe9cb8337a80
2026-04-07 11:12:12 - getOutlet.php - Received encrypt: 5b8ae1bc6b9f1f1fb1fdfe9cb8337a80
2026-04-07 11:12:12 - getOutlet.php - Authentication berhasil
2026-04-07 11:12:12 - getOutlet.php - Query: SELECT id_out, nama_out, '' AS alamat_out, ofcode_out
            FROM outlet 
            WHERE status_out IN ('Active', '1', 'active')
            AND (nama_out LIKE :key OR ofcode_out LIKE :key)
            ORDER BY nama_out ASC
            LIMIT 20
2026-04-07 11:12:12 - getOutlet.php - Query berhasil, mengembalikan 1 record
2026-04-07 11:12:12 - getOutlet.php - === END REQUEST ===
2026-04-07 04:25:33 - getOutlet.php - === REQUEST GETOUTLET ===
2026-04-07 04:25:33 - getOutlet.php - Method: POST
2026-04-07 04:25:33 - getOutlet.php - POST data: {"tgl":"2026-04-07","encrypt":"5b8ae1bc6b9f1f1fb1fdfe9cb8337a80","id_apl":"APL01","key":"Km"}
2026-04-07 11:25:33 - getOutlet.php - Params - tgl: 2026-04-07, encrypt: 5b8ae1bc6b9f1f1fb1fdfe9cb8337a80, id_apl: APL01, key: Km
2026-04-07 11:25:33 - getOutlet.php - Aplikasi ditemukan: Ya
2026-04-07 11:25:33 - getOutlet.php - Key aplikasi: YbcJSFjkds...
2026-04-07 11:25:33 - getOutlet.php - Expected encrypt: 5b8ae1bc6b9f1f1fb1fdfe9cb8337a80
2026-04-07 11:25:33 - getOutlet.php - Received encrypt: 5b8ae1bc6b9f1f1fb1fdfe9cb8337a80
2026-04-07 11:25:33 - getOutlet.php - Authentication berhasil
2026-04-07 11:25:33 - getOutlet.php - Query: SELECT id_out, nama_out, '' AS alamat_out, ofcode_out
            FROM outlet 
            WHERE status_out IN ('Active', '1', 'active')
            AND (nama_out LIKE :key OR ofcode_out LIKE :key)
            ORDER BY nama_out ASC
            LIMIT 20
2026-04-07 11:25:33 - getOutlet.php - Query berhasil, mengembalikan 9 record
2026-04-07 11:25:33 - getOutlet.php - === END REQUEST ===
2026-04-07 04:25:33 - getOutlet.php - === REQUEST GETOUTLET ===
2026-04-07 04:25:33 - getOutlet.php - Method: POST
2026-04-07 04:25:33 - getOutlet.php - POST data: {"tgl":"2026-04-07","encrypt":"5b8ae1bc6b9f1f1fb1fdfe9cb8337a80","id_apl":"APL01","key":"Kmn"}
2026-04-07 11:25:33 - getOutlet.php - Params - tgl: 2026-04-07, encrypt: 5b8ae1bc6b9f1f1fb1fdfe9cb8337a80, id_apl: APL01, key: Kmn
2026-04-07 11:25:33 - getOutlet.php - Aplikasi ditemukan: Ya
2026-04-07 11:25:33 - getOutlet.php - Key aplikasi: YbcJSFjkds...
2026-04-07 11:25:33 - getOutlet.php - Expected encrypt: 5b8ae1bc6b9f1f1fb1fdfe9cb8337a80
2026-04-07 11:25:33 - getOutlet.php - Received encrypt: 5b8ae1bc6b9f1f1fb1fdfe9cb8337a80
2026-04-07 11:25:33 - getOutlet.php - Authentication berhasil
2026-04-07 11:25:33 - getOutlet.php - Query: SELECT id_out, nama_out, '' AS alamat_out, ofcode_out
            FROM outlet 
            WHERE status_out IN ('Active', '1', 'active')
            AND (nama_out LIKE :key OR ofcode_out LIKE :key)
            ORDER BY nama_out ASC
            LIMIT 20
2026-04-07 11:25:33 - getOutlet.php - Query berhasil, mengembalikan 4 record
2026-04-07 11:25:33 - getOutlet.php - === END REQUEST ===
2026-04-07 04:25:34 - getOutlet.php - === REQUEST GETOUTLET ===
2026-04-07 04:25:34 - getOutlet.php - Method: POST
2026-04-07 04:25:34 - getOutlet.php - POST data: {"tgl":"2026-04-07","encrypt":"5b8ae1bc6b9f1f1fb1fdfe9cb8337a80","id_apl":"APL01","key":"KMN"}
2026-04-07 11:25:34 - getOutlet.php - Params - tgl: 2026-04-07, encrypt: 5b8ae1bc6b9f1f1fb1fdfe9cb8337a80, id_apl: APL01, key: KMN
2026-04-07 11:25:34 - getOutlet.php - Aplikasi ditemukan: Ya
2026-04-07 11:25:34 - getOutlet.php - Key aplikasi: YbcJSFjkds...
2026-04-07 11:25:34 - getOutlet.php - Expected encrypt: 5b8ae1bc6b9f1f1fb1fdfe9cb8337a80
2026-04-07 11:25:34 - getOutlet.php - Received encrypt: 5b8ae1bc6b9f1f1fb1fdfe9cb8337a80
2026-04-07 11:25:34 - getOutlet.php - Authentication berhasil
2026-04-07 11:25:34 - getOutlet.php - Query: SELECT id_out, nama_out, '' AS alamat_out, ofcode_out
            FROM outlet 
            WHERE status_out IN ('Active', '1', 'active')
            AND (nama_out LIKE :key OR ofcode_out LIKE :key)
            ORDER BY nama_out ASC
            LIMIT 20
2026-04-07 11:25:34 - getOutlet.php - Query berhasil, mengembalikan 4 record
2026-04-07 11:25:34 - getOutlet.php - === END REQUEST ===
2026-04-07 04:25:34 - getOutlet.php - === REQUEST GETOUTLET ===
2026-04-07 04:25:34 - getOutlet.php - Method: POST
2026-04-07 04:25:34 - getOutlet.php - POST data: {"tgl":"2026-04-07","encrypt":"5b8ae1bc6b9f1f1fb1fdfe9cb8337a80","id_apl":"APL01","key":"KMN k"}
2026-04-07 11:25:34 - getOutlet.php - Params - tgl: 2026-04-07, encrypt: 5b8ae1bc6b9f1f1fb1fdfe9cb8337a80, id_apl: APL01, key: KMN k
2026-04-07 11:25:34 - getOutlet.php - Aplikasi ditemukan: Ya
2026-04-07 11:25:34 - getOutlet.php - Key aplikasi: YbcJSFjkds...
2026-04-07 11:25:34 - getOutlet.php - Expected encrypt: 5b8ae1bc6b9f1f1fb1fdfe9cb8337a80
2026-04-07 11:25:34 - getOutlet.php - Received encrypt: 5b8ae1bc6b9f1f1fb1fdfe9cb8337a80
2026-04-07 11:25:34 - getOutlet.php - Authentication berhasil
2026-04-07 11:25:34 - getOutlet.php - Query: SELECT id_out, nama_out, '' AS alamat_out, ofcode_out
            FROM outlet 
            WHERE status_out IN ('Active', '1', 'active')
            AND (nama_out LIKE :key OR ofcode_out LIKE :key)
            ORDER BY nama_out ASC
            LIMIT 20
2026-04-07 11:25:34 - getOutlet.php - Query berhasil, mengembalikan 2 record
2026-04-07 11:25:34 - getOutlet.php - === END REQUEST ===
2026-04-07 04:25:35 - getOutlet.php - === REQUEST GETOUTLET ===
2026-04-07 04:25:35 - getOutlet.php - Method: POST
2026-04-07 04:25:35 - getOutlet.php - POST data: {"tgl":"2026-04-07","encrypt":"5b8ae1bc6b9f1f1fb1fdfe9cb8337a80","id_apl":"APL01","key":"KMN ke"}
2026-04-07 11:25:35 - getOutlet.php - Params - tgl: 2026-04-07, encrypt: 5b8ae1bc6b9f1f1fb1fdfe9cb8337a80, id_apl: APL01, key: KMN ke
2026-04-07 11:25:35 - getOutlet.php - Aplikasi ditemukan: Ya
2026-04-07 11:25:35 - getOutlet.php - Key aplikasi: YbcJSFjkds...
2026-04-07 11:25:35 - getOutlet.php - Expected encrypt: 5b8ae1bc6b9f1f1fb1fdfe9cb8337a80
2026-04-07 11:25:35 - getOutlet.php - Received encrypt: 5b8ae1bc6b9f1f1fb1fdfe9cb8337a80
2026-04-07 11:25:35 - getOutlet.php - Authentication berhasil
2026-04-07 11:25:35 - getOutlet.php - Query: SELECT id_out, nama_out, '' AS alamat_out, ofcode_out
            FROM outlet 
            WHERE status_out IN ('Active', '1', 'active')
            AND (nama_out LIKE :key OR ofcode_out LIKE :key)
            ORDER BY nama_out ASC
            LIMIT 20
2026-04-07 11:25:35 - getOutlet.php - Query berhasil, mengembalikan 2 record
2026-04-07 11:25:35 - getOutlet.php - === END REQUEST ===
2026-04-07 04:25:35 - getOutlet.php - === REQUEST GETOUTLET ===
2026-04-07 04:25:35 - getOutlet.php - Method: POST
2026-04-07 04:25:35 - getOutlet.php - POST data: {"tgl":"2026-04-07","encrypt":"5b8ae1bc6b9f1f1fb1fdfe9cb8337a80","id_apl":"APL01","key":"KMN kem"}
2026-04-07 11:25:35 - getOutlet.php - Params - tgl: 2026-04-07, encrypt: 5b8ae1bc6b9f1f1fb1fdfe9cb8337a80, id_apl: APL01, key: KMN kem
2026-04-07 11:25:35 - getOutlet.php - Aplikasi ditemukan: Ya
2026-04-07 11:25:35 - getOutlet.php - Key aplikasi: YbcJSFjkds...
2026-04-07 11:25:35 - getOutlet.php - Expected encrypt: 5b8ae1bc6b9f1f1fb1fdfe9cb8337a80
2026-04-07 11:25:35 - getOutlet.php - Received encrypt: 5b8ae1bc6b9f1f1fb1fdfe9cb8337a80
2026-04-07 11:25:35 - getOutlet.php - Authentication berhasil
2026-04-07 11:25:35 - getOutlet.php - Query: SELECT id_out, nama_out, '' AS alamat_out, ofcode_out
            FROM outlet 
            WHERE status_out IN ('Active', '1', 'active')
            AND (nama_out LIKE :key OR ofcode_out LIKE :key)
            ORDER BY nama_out ASC
            LIMIT 20
2026-04-07 11:25:35 - getOutlet.php - Query berhasil, mengembalikan 1 record
2026-04-07 11:25:35 - getOutlet.php - === END REQUEST ===
2026-04-07 04:25:35 - getOutlet.php - === REQUEST GETOUTLET ===
2026-04-07 04:25:35 - getOutlet.php - Method: POST
2026-04-07 04:25:35 - getOutlet.php - POST data: {"tgl":"2026-04-07","encrypt":"5b8ae1bc6b9f1f1fb1fdfe9cb8337a80","id_apl":"APL01","key":"KMN kema"}
2026-04-07 11:25:35 - getOutlet.php - Params - tgl: 2026-04-07, encrypt: 5b8ae1bc6b9f1f1fb1fdfe9cb8337a80, id_apl: APL01, key: KMN kema
2026-04-07 11:25:35 - getOutlet.php - Aplikasi ditemukan: Ya
2026-04-07 11:25:35 - getOutlet.php - Key aplikasi: YbcJSFjkds...
2026-04-07 11:25:35 - getOutlet.php - Expected encrypt: 5b8ae1bc6b9f1f1fb1fdfe9cb8337a80
2026-04-07 11:25:35 - getOutlet.php - Received encrypt: 5b8ae1bc6b9f1f1fb1fdfe9cb8337a80
2026-04-07 11:25:35 - getOutlet.php - Authentication berhasil
2026-04-07 11:25:35 - getOutlet.php - Query: SELECT id_out, nama_out, '' AS alamat_out, ofcode_out
            FROM outlet 
            WHERE status_out IN ('Active', '1', 'active')
            AND (nama_out LIKE :key OR ofcode_out LIKE :key)
            ORDER BY nama_out ASC
            LIMIT 20
2026-04-07 11:25:35 - getOutlet.php - Query berhasil, mengembalikan 1 record
2026-04-07 11:25:35 - getOutlet.php - === END REQUEST ===
2026-04-07 04:25:36 - getOutlet.php - === REQUEST GETOUTLET ===
2026-04-07 04:25:36 - getOutlet.php - Method: POST
2026-04-07 04:25:36 - getOutlet.php - POST data: {"tgl":"2026-04-07","encrypt":"5b8ae1bc6b9f1f1fb1fdfe9cb8337a80","id_apl":"APL01","key":"KMN kemay"}
2026-04-07 11:25:36 - getOutlet.php - Params - tgl: 2026-04-07, encrypt: 5b8ae1bc6b9f1f1fb1fdfe9cb8337a80, id_apl: APL01, key: KMN kemay
2026-04-07 11:25:36 - getOutlet.php - Aplikasi ditemukan: Ya
2026-04-07 11:25:36 - getOutlet.php - Key aplikasi: YbcJSFjkds...
2026-04-07 11:25:36 - getOutlet.php - Expected encrypt: 5b8ae1bc6b9f1f1fb1fdfe9cb8337a80
2026-04-07 11:25:36 - getOutlet.php - Received encrypt: 5b8ae1bc6b9f1f1fb1fdfe9cb8337a80
2026-04-07 11:25:36 - getOutlet.php - Authentication berhasil
2026-04-07 11:25:36 - getOutlet.php - Query: SELECT id_out, nama_out, '' AS alamat_out, ofcode_out
            FROM outlet 
            WHERE status_out IN ('Active', '1', 'active')
            AND (nama_out LIKE :key OR ofcode_out LIKE :key)
            ORDER BY nama_out ASC
            LIMIT 20
2026-04-07 11:25:36 - getOutlet.php - Query berhasil, mengembalikan 1 record
2026-04-07 11:25:36 - getOutlet.php - === END REQUEST ===
2026-04-07 04:25:36 - getOutlet.php - === REQUEST GETOUTLET ===
2026-04-07 04:25:36 - getOutlet.php - Method: POST
2026-04-07 04:25:36 - getOutlet.php - POST data: {"tgl":"2026-04-07","encrypt":"5b8ae1bc6b9f1f1fb1fdfe9cb8337a80","id_apl":"APL01","key":"KMN kemayo"}
2026-04-07 11:25:36 - getOutlet.php - Params - tgl: 2026-04-07, encrypt: 5b8ae1bc6b9f1f1fb1fdfe9cb8337a80, id_apl: APL01, key: KMN kemayo
2026-04-07 11:25:36 - getOutlet.php - Aplikasi ditemukan: Ya
2026-04-07 11:25:36 - getOutlet.php - Key aplikasi: YbcJSFjkds...
2026-04-07 11:25:36 - getOutlet.php - Expected encrypt: 5b8ae1bc6b9f1f1fb1fdfe9cb8337a80
2026-04-07 11:25:36 - getOutlet.php - Received encrypt: 5b8ae1bc6b9f1f1fb1fdfe9cb8337a80
2026-04-07 11:25:36 - getOutlet.php - Authentication berhasil
2026-04-07 11:25:36 - getOutlet.php - Query: SELECT id_out, nama_out, '' AS alamat_out, ofcode_out
            FROM outlet 
            WHERE status_out IN ('Active', '1', 'active')
            AND (nama_out LIKE :key OR ofcode_out LIKE :key)
            ORDER BY nama_out ASC
            LIMIT 20
2026-04-07 11:25:36 - getOutlet.php - Query berhasil, mengembalikan 1 record
2026-04-07 11:25:36 - getOutlet.php - === END REQUEST ===
2026-04-07 04:25:36 - getOutlet.php - === REQUEST GETOUTLET ===
2026-04-07 04:25:36 - getOutlet.php - Method: POST
2026-04-07 04:25:36 - getOutlet.php - POST data: {"tgl":"2026-04-07","encrypt":"5b8ae1bc6b9f1f1fb1fdfe9cb8337a80","id_apl":"APL01","key":"KMN"}
2026-04-07 11:25:36 - getOutlet.php - Params - tgl: 2026-04-07, encrypt: 5b8ae1bc6b9f1f1fb1fdfe9cb8337a80, id_apl: APL01, key: KMN
2026-04-07 11:25:36 - getOutlet.php - Aplikasi ditemukan: Ya
2026-04-07 11:25:36 - getOutlet.php - Key aplikasi: YbcJSFjkds...
2026-04-07 11:25:36 - getOutlet.php - Expected encrypt: 5b8ae1bc6b9f1f1fb1fdfe9cb8337a80
2026-04-07 11:25:36 - getOutlet.php - Received encrypt: 5b8ae1bc6b9f1f1fb1fdfe9cb8337a80
2026-04-07 11:25:36 - getOutlet.php - Authentication berhasil
2026-04-07 11:25:36 - getOutlet.php - Query: SELECT id_out, nama_out, '' AS alamat_out, ofcode_out
            FROM outlet 
            WHERE status_out IN ('Active', '1', 'active')
            AND (nama_out LIKE :key OR ofcode_out LIKE :key)
            ORDER BY nama_out ASC
            LIMIT 20
2026-04-07 04:25:36 - getOutlet.php - === REQUEST GETOUTLET ===
2026-04-07 04:25:36 - getOutlet.php - Method: POST
2026-04-07 04:25:36 - getOutlet.php - POST data: {"tgl":"2026-04-07","encrypt":"5b8ae1bc6b9f1f1fb1fdfe9cb8337a80","id_apl":"APL01","key":"KMN Kemayoran"}
2026-04-07 11:25:36 - getOutlet.php - Params - tgl: 2026-04-07, encrypt: 5b8ae1bc6b9f1f1fb1fdfe9cb8337a80, id_apl: APL01, key: KMN Kemayoran
2026-04-07 11:25:36 - getOutlet.php - Query berhasil, mengembalikan 4 record
2026-04-07 11:25:36 - getOutlet.php - === END REQUEST ===
2026-04-07 11:25:36 - getOutlet.php - Aplikasi ditemukan: Ya
2026-04-07 11:25:36 - getOutlet.php - Key aplikasi: YbcJSFjkds...
2026-04-07 11:25:36 - getOutlet.php - Expected encrypt: 5b8ae1bc6b9f1f1fb1fdfe9cb8337a80
2026-04-07 11:25:36 - getOutlet.php - Received encrypt: 5b8ae1bc6b9f1f1fb1fdfe9cb8337a80
2026-04-07 11:25:36 - getOutlet.php - Authentication berhasil
2026-04-07 11:25:36 - getOutlet.php - Query: SELECT id_out, nama_out, '' AS alamat_out, ofcode_out
            FROM outlet 
            WHERE status_out IN ('Active', '1', 'active')
            AND (nama_out LIKE :key OR ofcode_out LIKE :key)
            ORDER BY nama_out ASC
            LIMIT 20
2026-04-07 11:25:36 - getOutlet.php - Query berhasil, mengembalikan 1 record
2026-04-07 11:25:36 - getOutlet.php - === END REQUEST ===
2026-04-07 04:25:38 - getOutlet.php - === REQUEST GETOUTLET ===
2026-04-07 04:25:38 - getOutlet.php - Method: POST
2026-04-07 04:25:38 - getOutlet.php - POST data: {"tgl":"2026-04-07","encrypt":"5b8ae1bc6b9f1f1fb1fdfe9cb8337a80","id_apl":"APL01","key":"KMN KEMAYORAN"}
2026-04-07 11:25:38 - getOutlet.php - Params - tgl: 2026-04-07, encrypt: 5b8ae1bc6b9f1f1fb1fdfe9cb8337a80, id_apl: APL01, key: KMN KEMAYORAN
2026-04-07 11:25:38 - getOutlet.php - Aplikasi ditemukan: Ya
2026-04-07 11:25:38 - getOutlet.php - Key aplikasi: YbcJSFjkds...
2026-04-07 11:25:38 - getOutlet.php - Expected encrypt: 5b8ae1bc6b9f1f1fb1fdfe9cb8337a80
2026-04-07 11:25:38 - getOutlet.php - Received encrypt: 5b8ae1bc6b9f1f1fb1fdfe9cb8337a80
2026-04-07 11:25:38 - getOutlet.php - Authentication berhasil
2026-04-07 11:25:38 - getOutlet.php - Query: SELECT id_out, nama_out, '' AS alamat_out, ofcode_out
            FROM outlet 
            WHERE status_out IN ('Active', '1', 'active')
            AND (nama_out LIKE :key OR ofcode_out LIKE :key)
            ORDER BY nama_out ASC
            LIMIT 20
2026-04-07 11:25:38 - getOutlet.php - Query berhasil, mengembalikan 1 record
2026-04-07 11:25:38 - getOutlet.php - === END REQUEST ===
2026-04-07 04:30:46 - getOutlet.php - === REQUEST GETOUTLET ===
2026-04-07 04:30:46 - getOutlet.php - Method: POST
2026-04-07 04:30:46 - getOutlet.php - POST data: {"tgl":"2026-04-07","encrypt":"5b8ae1bc6b9f1f1fb1fdfe9cb8337a80","id_apl":"APL01","key":"Rs"}
2026-04-07 11:30:46 - getOutlet.php - Params - tgl: 2026-04-07, encrypt: 5b8ae1bc6b9f1f1fb1fdfe9cb8337a80, id_apl: APL01, key: Rs
2026-04-07 11:30:46 - getOutlet.php - Aplikasi ditemukan: Ya
2026-04-07 11:30:46 - getOutlet.php - Key aplikasi: YbcJSFjkds...
2026-04-07 11:30:46 - getOutlet.php - Expected encrypt: 5b8ae1bc6b9f1f1fb1fdfe9cb8337a80
2026-04-07 11:30:46 - getOutlet.php - Received encrypt: 5b8ae1bc6b9f1f1fb1fdfe9cb8337a80
2026-04-07 11:30:46 - getOutlet.php - Authentication berhasil
2026-04-07 11:30:46 - getOutlet.php - Query: SELECT id_out, nama_out, '' AS alamat_out, ofcode_out
            FROM outlet 
            WHERE status_out IN ('Active', '1', 'active')
            AND (nama_out LIKE :key OR ofcode_out LIKE :key)
            ORDER BY nama_out ASC
            LIMIT 20
2026-04-07 11:30:46 - getOutlet.php - Query berhasil, mengembalikan 20 record
2026-04-07 11:30:46 - getOutlet.php - === END REQUEST ===
2026-04-07 04:30:47 - getOutlet.php - === REQUEST GETOUTLET ===
2026-04-07 04:30:47 - getOutlet.php - Method: POST
2026-04-07 04:30:47 - getOutlet.php - POST data: {"tgl":"2026-04-07","encrypt":"5b8ae1bc6b9f1f1fb1fdfe9cb8337a80","id_apl":"APL01","key":"RS"}
2026-04-07 11:30:47 - getOutlet.php - Params - tgl: 2026-04-07, encrypt: 5b8ae1bc6b9f1f1fb1fdfe9cb8337a80, id_apl: APL01, key: RS
2026-04-07 11:30:47 - getOutlet.php - Aplikasi ditemukan: Ya
2026-04-07 11:30:47 - getOutlet.php - Key aplikasi: YbcJSFjkds...
2026-04-07 11:30:47 - getOutlet.php - Expected encrypt: 5b8ae1bc6b9f1f1fb1fdfe9cb8337a80
2026-04-07 11:30:47 - getOutlet.php - Received encrypt: 5b8ae1bc6b9f1f1fb1fdfe9cb8337a80
2026-04-07 11:30:47 - getOutlet.php - Authentication berhasil
2026-04-07 11:30:47 - getOutlet.php - Query: SELECT id_out, nama_out, '' AS alamat_out, ofcode_out
            FROM outlet 
            WHERE status_out IN ('Active', '1', 'active')
            AND (nama_out LIKE :key OR ofcode_out LIKE :key)
            ORDER BY nama_out ASC
            LIMIT 20
2026-04-07 11:30:47 - getOutlet.php - Query berhasil, mengembalikan 20 record
2026-04-07 11:30:47 - getOutlet.php - === END REQUEST ===
2026-04-07 04:30:48 - getOutlet.php - === REQUEST GETOUTLET ===
2026-04-07 04:30:48 - getOutlet.php - Method: POST
2026-04-07 04:30:48 - getOutlet.php - POST data: {"tgl":"2026-04-07","encrypt":"5b8ae1bc6b9f1f1fb1fdfe9cb8337a80","id_apl":"APL01","key":"RS ma"}
2026-04-07 11:30:48 - getOutlet.php - Params - tgl: 2026-04-07, encrypt: 5b8ae1bc6b9f1f1fb1fdfe9cb8337a80, id_apl: APL01, key: RS ma
2026-04-07 04:30:48 - getOutlet.php - === REQUEST GETOUTLET ===
2026-04-07 04:30:48 - getOutlet.php - Method: POST
2026-04-07 04:30:48 - getOutlet.php - POST data: {"tgl":"2026-04-07","encrypt":"5b8ae1bc6b9f1f1fb1fdfe9cb8337a80","id_apl":"APL01","key":"RS m"}
2026-04-07 11:30:48 - getOutlet.php - Params - tgl: 2026-04-07, encrypt: 5b8ae1bc6b9f1f1fb1fdfe9cb8337a80, id_apl: APL01, key: RS m
2026-04-07 11:30:48 - getOutlet.php - Aplikasi ditemukan: Ya
2026-04-07 11:30:48 - getOutlet.php - Key aplikasi: YbcJSFjkds...
2026-04-07 11:30:48 - getOutlet.php - Expected encrypt: 5b8ae1bc6b9f1f1fb1fdfe9cb8337a80
2026-04-07 11:30:48 - getOutlet.php - Received encrypt: 5b8ae1bc6b9f1f1fb1fdfe9cb8337a80
2026-04-07 11:30:48 - getOutlet.php - Aplikasi ditemukan: Ya
2026-04-07 11:30:48 - getOutlet.php - Authentication berhasil
2026-04-07 11:30:48 - getOutlet.php - Key aplikasi: YbcJSFjkds...
2026-04-07 11:30:48 - getOutlet.php - Expected encrypt: 5b8ae1bc6b9f1f1fb1fdfe9cb8337a80
2026-04-07 11:30:48 - getOutlet.php - Received encrypt: 5b8ae1bc6b9f1f1fb1fdfe9cb8337a80
2026-04-07 11:30:48 - getOutlet.php - Authentication berhasil
2026-04-07 11:30:48 - getOutlet.php - Query: SELECT id_out, nama_out, '' AS alamat_out, ofcode_out
            FROM outlet 
            WHERE status_out IN ('Active', '1', 'active')
            AND (nama_out LIKE :key OR ofcode_out LIKE :key)
            ORDER BY nama_out ASC
            LIMIT 20
2026-04-07 11:30:48 - getOutlet.php - Query: SELECT id_out, nama_out, '' AS alamat_out, ofcode_out
            FROM outlet 
            WHERE status_out IN ('Active', '1', 'active')
            AND (nama_out LIKE :key OR ofcode_out LIKE :key)
            ORDER BY nama_out ASC
            LIMIT 20
2026-04-07 11:30:48 - getOutlet.php - Query berhasil, mengembalikan 20 record
2026-04-07 11:30:48 - getOutlet.php - === END REQUEST ===
2026-04-07 11:30:48 - getOutlet.php - Query berhasil, mengembalikan 18 record
2026-04-07 11:30:48 - getOutlet.php - === END REQUEST ===
2026-04-07 04:30:48 - getOutlet.php - === REQUEST GETOUTLET ===
2026-04-07 04:30:48 - getOutlet.php - Method: POST
2026-04-07 04:30:48 - getOutlet.php - POST data: {"tgl":"2026-04-07","encrypt":"5b8ae1bc6b9f1f1fb1fdfe9cb8337a80","id_apl":"APL01","key":"RS mat"}
2026-04-07 11:30:48 - getOutlet.php - Params - tgl: 2026-04-07, encrypt: 5b8ae1bc6b9f1f1fb1fdfe9cb8337a80, id_apl: APL01, key: RS mat
2026-04-07 11:30:48 - getOutlet.php - Aplikasi ditemukan: Ya
2026-04-07 11:30:48 - getOutlet.php - Key aplikasi: YbcJSFjkds...
2026-04-07 11:30:48 - getOutlet.php - Expected encrypt: 5b8ae1bc6b9f1f1fb1fdfe9cb8337a80
2026-04-07 11:30:48 - getOutlet.php - Received encrypt: 5b8ae1bc6b9f1f1fb1fdfe9cb8337a80
2026-04-07 11:30:48 - getOutlet.php - Authentication berhasil
2026-04-07 11:30:48 - getOutlet.php - Query: SELECT id_out, nama_out, '' AS alamat_out, ofcode_out
            FROM outlet 
            WHERE status_out IN ('Active', '1', 'active')
            AND (nama_out LIKE :key OR ofcode_out LIKE :key)
            ORDER BY nama_out ASC
            LIMIT 20
2026-04-07 11:30:48 - getOutlet.php - Query berhasil, mengembalikan 8 record
2026-04-07 11:30:48 - getOutlet.php - === END REQUEST ===
2026-04-07 04:30:48 - getOutlet.php - === REQUEST GETOUTLET ===
2026-04-07 04:30:48 - getOutlet.php - Method: POST
2026-04-07 04:30:48 - getOutlet.php - POST data: {"tgl":"2026-04-07","encrypt":"5b8ae1bc6b9f1f1fb1fdfe9cb8337a80","id_apl":"APL01","key":"RS mata"}
2026-04-07 11:30:48 - getOutlet.php - Params - tgl: 2026-04-07, encrypt: 5b8ae1bc6b9f1f1fb1fdfe9cb8337a80, id_apl: APL01, key: RS mata
2026-04-07 11:30:48 - getOutlet.php - Aplikasi ditemukan: Ya
2026-04-07 11:30:48 - getOutlet.php - Key aplikasi: YbcJSFjkds...
2026-04-07 11:30:48 - getOutlet.php - Expected encrypt: 5b8ae1bc6b9f1f1fb1fdfe9cb8337a80
2026-04-07 11:30:48 - getOutlet.php - Received encrypt: 5b8ae1bc6b9f1f1fb1fdfe9cb8337a80
2026-04-07 11:30:48 - getOutlet.php - Authentication berhasil
2026-04-07 11:30:48 - getOutlet.php - Query: SELECT id_out, nama_out, '' AS alamat_out, ofcode_out
            FROM outlet 
            WHERE status_out IN ('Active', '1', 'active')
            AND (nama_out LIKE :key OR ofcode_out LIKE :key)
            ORDER BY nama_out ASC
            LIMIT 20
2026-04-07 11:30:48 - getOutlet.php - Query berhasil, mengembalikan 8 record
2026-04-07 11:30:48 - getOutlet.php - === END REQUEST ===
2026-04-07 04:30:53 - getOutlet.php - === REQUEST GETOUTLET ===
2026-04-07 04:30:53 - getOutlet.php - Method: POST
2026-04-07 04:30:53 - getOutlet.php - POST data: {"tgl":"2026-04-07","encrypt":"5b8ae1bc6b9f1f1fb1fdfe9cb8337a80","id_apl":"APL01","key":"RS mata"}
2026-04-07 11:30:53 - getOutlet.php - Params - tgl: 2026-04-07, encrypt: 5b8ae1bc6b9f1f1fb1fdfe9cb8337a80, id_apl: APL01, key: RS mata
2026-04-07 11:30:53 - getOutlet.php - Aplikasi ditemukan: Ya
2026-04-07 11:30:53 - getOutlet.php - Key aplikasi: YbcJSFjkds...
2026-04-07 11:30:53 - getOutlet.php - Expected encrypt: 5b8ae1bc6b9f1f1fb1fdfe9cb8337a80
2026-04-07 11:30:53 - getOutlet.php - Received encrypt: 5b8ae1bc6b9f1f1fb1fdfe9cb8337a80
2026-04-07 11:30:53 - getOutlet.php - Authentication berhasil
2026-04-07 11:30:53 - getOutlet.php - Query: SELECT id_out, nama_out, '' AS alamat_out, ofcode_out
            FROM outlet 
            WHERE status_out IN ('Active', '1', 'active')
            AND (nama_out LIKE :key OR ofcode_out LIKE :key)
            ORDER BY nama_out ASC
            LIMIT 20
2026-04-07 11:30:53 - getOutlet.php - Query berhasil, mengembalikan 8 record
2026-04-07 11:30:53 - getOutlet.php - === END REQUEST ===
2026-04-07 04:30:53 - getOutlet.php - === REQUEST GETOUTLET ===
2026-04-07 04:30:53 - getOutlet.php - Method: POST
2026-04-07 04:30:53 - getOutlet.php - POST data: {"tgl":"2026-04-07","encrypt":"5b8ae1bc6b9f1f1fb1fdfe9cb8337a80","id_apl":"APL01","key":"RS mata j"}
2026-04-07 11:30:53 - getOutlet.php - Params - tgl: 2026-04-07, encrypt: 5b8ae1bc6b9f1f1fb1fdfe9cb8337a80, id_apl: APL01, key: RS mata j
2026-04-07 11:30:53 - getOutlet.php - Aplikasi ditemukan: Ya
2026-04-07 11:30:53 - getOutlet.php - Key aplikasi: YbcJSFjkds...
2026-04-07 11:30:53 - getOutlet.php - Expected encrypt: 5b8ae1bc6b9f1f1fb1fdfe9cb8337a80
2026-04-07 11:30:53 - getOutlet.php - Received encrypt: 5b8ae1bc6b9f1f1fb1fdfe9cb8337a80
2026-04-07 11:30:53 - getOutlet.php - Authentication berhasil
2026-04-07 11:30:53 - getOutlet.php - Query: SELECT id_out, nama_out, '' AS alamat_out, ofcode_out
            FROM outlet 
            WHERE status_out IN ('Active', '1', 'active')
            AND (nama_out LIKE :key OR ofcode_out LIKE :key)
            ORDER BY nama_out ASC
            LIMIT 20
2026-04-07 11:30:53 - getOutlet.php - Query berhasil, mengembalikan 5 record
2026-04-07 11:30:53 - getOutlet.php - === END REQUEST ===
2026-04-07 04:30:53 - getOutlet.php - === REQUEST GETOUTLET ===
2026-04-07 04:30:53 - getOutlet.php - Method: POST
2026-04-07 04:30:53 - getOutlet.php - POST data: {"tgl":"2026-04-07","encrypt":"5b8ae1bc6b9f1f1fb1fdfe9cb8337a80","id_apl":"APL01","key":"RS mata je"}
2026-04-07 11:30:53 - getOutlet.php - Params - tgl: 2026-04-07, encrypt: 5b8ae1bc6b9f1f1fb1fdfe9cb8337a80, id_apl: APL01, key: RS mata je
2026-04-07 11:30:53 - getOutlet.php - Aplikasi ditemukan: Ya
2026-04-07 11:30:53 - getOutlet.php - Key aplikasi: YbcJSFjkds...
2026-04-07 11:30:53 - getOutlet.php - Expected encrypt: 5b8ae1bc6b9f1f1fb1fdfe9cb8337a80
2026-04-07 11:30:53 - getOutlet.php - Received encrypt: 5b8ae1bc6b9f1f1fb1fdfe9cb8337a80
2026-04-07 11:30:53 - getOutlet.php - Authentication berhasil
2026-04-07 11:30:53 - getOutlet.php - Query: SELECT id_out, nama_out, '' AS alamat_out, ofcode_out
            FROM outlet 
            WHERE status_out IN ('Active', '1', 'active')
            AND (nama_out LIKE :key OR ofcode_out LIKE :key)
            ORDER BY nama_out ASC
            LIMIT 20
2026-04-07 11:30:53 - getOutlet.php - Query berhasil, mengembalikan 5 record
2026-04-07 11:30:53 - getOutlet.php - === END REQUEST ===
2026-04-07 04:30:54 - getOutlet.php - === REQUEST GETOUTLET ===
2026-04-07 04:30:54 - getOutlet.php - Method: POST
2026-04-07 04:30:54 - getOutlet.php - POST data: {"tgl":"2026-04-07","encrypt":"5b8ae1bc6b9f1f1fb1fdfe9cb8337a80","id_apl":"APL01","key":"RS mata jec"}
2026-04-07 11:30:54 - getOutlet.php - Params - tgl: 2026-04-07, encrypt: 5b8ae1bc6b9f1f1fb1fdfe9cb8337a80, id_apl: APL01, key: RS mata jec
2026-04-07 11:30:54 - getOutlet.php - Aplikasi ditemukan: Ya
2026-04-07 11:30:54 - getOutlet.php - Key aplikasi: YbcJSFjkds...
2026-04-07 11:30:54 - getOutlet.php - Expected encrypt: 5b8ae1bc6b9f1f1fb1fdfe9cb8337a80
2026-04-07 11:30:54 - getOutlet.php - Received encrypt: 5b8ae1bc6b9f1f1fb1fdfe9cb8337a80
2026-04-07 11:30:54 - getOutlet.php - Authentication berhasil
2026-04-07 11:30:54 - getOutlet.php - Query: SELECT id_out, nama_out, '' AS alamat_out, ofcode_out
            FROM outlet 
            WHERE status_out IN ('Active', '1', 'active')
            AND (nama_out LIKE :key OR ofcode_out LIKE :key)
            ORDER BY nama_out ASC
            LIMIT 20
2026-04-07 11:30:54 - getOutlet.php - Query berhasil, mengembalikan 5 record
2026-04-07 11:30:54 - getOutlet.php - === END REQUEST ===
2026-04-07 04:30:54 - getOutlet.php - === REQUEST GETOUTLET ===
2026-04-07 04:30:54 - getOutlet.php - Method: POST
2026-04-07 04:30:54 - getOutlet.php - POST data: {"tgl":"2026-04-07","encrypt":"5b8ae1bc6b9f1f1fb1fdfe9cb8337a80","id_apl":"APL01","key":"RS mata"}
2026-04-07 11:30:54 - getOutlet.php - Params - tgl: 2026-04-07, encrypt: 5b8ae1bc6b9f1f1fb1fdfe9cb8337a80, id_apl: APL01, key: RS mata
2026-04-07 11:30:54 - getOutlet.php - Aplikasi ditemukan: Ya
2026-04-07 11:30:54 - getOutlet.php - Key aplikasi: YbcJSFjkds...
2026-04-07 11:30:54 - getOutlet.php - Expected encrypt: 5b8ae1bc6b9f1f1fb1fdfe9cb8337a80
2026-04-07 11:30:54 - getOutlet.php - Received encrypt: 5b8ae1bc6b9f1f1fb1fdfe9cb8337a80
2026-04-07 11:30:54 - getOutlet.php - Authentication berhasil
2026-04-07 11:30:54 - getOutlet.php - Query: SELECT id_out, nama_out, '' AS alamat_out, ofcode_out
            FROM outlet 
            WHERE status_out IN ('Active', '1', 'active')
            AND (nama_out LIKE :key OR ofcode_out LIKE :key)
            ORDER BY nama_out ASC
            LIMIT 20
2026-04-07 11:30:54 - getOutlet.php - Query berhasil, mengembalikan 8 record
2026-04-07 11:30:54 - getOutlet.php - === END REQUEST ===
2026-04-07 04:30:54 - getOutlet.php - === REQUEST GETOUTLET ===
2026-04-07 04:30:54 - getOutlet.php - Method: POST
2026-04-07 04:30:54 - getOutlet.php - POST data: {"tgl":"2026-04-07","encrypt":"5b8ae1bc6b9f1f1fb1fdfe9cb8337a80","id_apl":"APL01","key":"RS mata JEC"}
2026-04-07 11:30:54 - getOutlet.php - Params - tgl: 2026-04-07, encrypt: 5b8ae1bc6b9f1f1fb1fdfe9cb8337a80, id_apl: APL01, key: RS mata JEC
2026-04-07 11:30:54 - getOutlet.php - Aplikasi ditemukan: Ya
2026-04-07 11:30:54 - getOutlet.php - Key aplikasi: YbcJSFjkds...
2026-04-07 11:30:54 - getOutlet.php - Expected encrypt: 5b8ae1bc6b9f1f1fb1fdfe9cb8337a80
2026-04-07 11:30:54 - getOutlet.php - Received encrypt: 5b8ae1bc6b9f1f1fb1fdfe9cb8337a80
2026-04-07 11:30:54 - getOutlet.php - Authentication berhasil
2026-04-07 11:30:54 - getOutlet.php - Query: SELECT id_out, nama_out, '' AS alamat_out, ofcode_out
            FROM outlet 
            WHERE status_out IN ('Active', '1', 'active')
            AND (nama_out LIKE :key OR ofcode_out LIKE :key)
            ORDER BY nama_out ASC
            LIMIT 20
2026-04-07 11:30:54 - getOutlet.php - Query berhasil, mengembalikan 5 record
2026-04-07 11:30:54 - getOutlet.php - === END REQUEST ===
2026-04-07 04:30:55 - getOutlet.php - === REQUEST GETOUTLET ===
2026-04-07 04:30:55 - getOutlet.php - Method: POST
2026-04-07 04:30:55 - getOutlet.php - POST data: {"tgl":"2026-04-07","encrypt":"5b8ae1bc6b9f1f1fb1fdfe9cb8337a80","id_apl":"APL01","key":"RS mata JEC Kedoya"}
2026-04-07 11:30:55 - getOutlet.php - Params - tgl: 2026-04-07, encrypt: 5b8ae1bc6b9f1f1fb1fdfe9cb8337a80, id_apl: APL01, key: RS mata JEC Kedoya
2026-04-07 11:30:55 - getOutlet.php - Aplikasi ditemukan: Ya
2026-04-07 11:30:55 - getOutlet.php - Key aplikasi: YbcJSFjkds...
2026-04-07 11:30:55 - getOutlet.php - Expected encrypt: 5b8ae1bc6b9f1f1fb1fdfe9cb8337a80
2026-04-07 11:30:55 - getOutlet.php - Received encrypt: 5b8ae1bc6b9f1f1fb1fdfe9cb8337a80
2026-04-07 11:30:55 - getOutlet.php - Authentication berhasil
2026-04-07 11:30:55 - getOutlet.php - Query: SELECT id_out, nama_out, '' AS alamat_out, ofcode_out
            FROM outlet 
            WHERE status_out IN ('Active', '1', 'active')
            AND (nama_out LIKE :key OR ofcode_out LIKE :key)
            ORDER BY nama_out ASC
            LIMIT 20
2026-04-07 11:30:55 - getOutlet.php - Query berhasil, mengembalikan 1 record
2026-04-07 11:30:55 - getOutlet.php - === END REQUEST ===
2026-04-07 04:30:56 - getOutlet.php - === REQUEST GETOUTLET ===
2026-04-07 04:30:56 - getOutlet.php - Method: POST
2026-04-07 04:30:56 - getOutlet.php - POST data: {"tgl":"2026-04-07","encrypt":"5b8ae1bc6b9f1f1fb1fdfe9cb8337a80","id_apl":"APL01","key":"RS MATA JEC KEDOYA"}
2026-04-07 11:30:56 - getOutlet.php - Params - tgl: 2026-04-07, encrypt: 5b8ae1bc6b9f1f1fb1fdfe9cb8337a80, id_apl: APL01, key: RS MATA JEC KEDOYA
2026-04-07 11:30:56 - getOutlet.php - Aplikasi ditemukan: Ya
2026-04-07 11:30:56 - getOutlet.php - Key aplikasi: YbcJSFjkds...
2026-04-07 11:30:56 - getOutlet.php - Expected encrypt: 5b8ae1bc6b9f1f1fb1fdfe9cb8337a80
2026-04-07 11:30:56 - getOutlet.php - Received encrypt: 5b8ae1bc6b9f1f1fb1fdfe9cb8337a80
2026-04-07 11:30:56 - getOutlet.php - Authentication berhasil
2026-04-07 11:30:56 - getOutlet.php - Query: SELECT id_out, nama_out, '' AS alamat_out, ofcode_out
            FROM outlet 
            WHERE status_out IN ('Active', '1', 'active')
            AND (nama_out LIKE :key OR ofcode_out LIKE :key)
            ORDER BY nama_out ASC
            LIMIT 20
2026-04-07 11:30:56 - getOutlet.php - Query berhasil, mengembalikan 1 record
2026-04-07 11:30:56 - getOutlet.php - === END REQUEST ===
2026-04-07 04:31:19 - getOutlet.php - === REQUEST GETOUTLET ===
2026-04-07 04:31:19 - getOutlet.php - Method: POST
2026-04-07 04:31:19 - getOutlet.php - POST data: {"tgl":"2026-04-07","encrypt":"5b8ae1bc6b9f1f1fb1fdfe9cb8337a80","id_apl":"APL01","key":"Km"}
2026-04-07 11:31:19 - getOutlet.php - Params - tgl: 2026-04-07, encrypt: 5b8ae1bc6b9f1f1fb1fdfe9cb8337a80, id_apl: APL01, key: Km
2026-04-07 11:31:19 - getOutlet.php - Aplikasi ditemukan: Ya
2026-04-07 11:31:19 - getOutlet.php - Key aplikasi: YbcJSFjkds...
2026-04-07 11:31:19 - getOutlet.php - Expected encrypt: 5b8ae1bc6b9f1f1fb1fdfe9cb8337a80
2026-04-07 11:31:19 - getOutlet.php - Received encrypt: 5b8ae1bc6b9f1f1fb1fdfe9cb8337a80
2026-04-07 11:31:19 - getOutlet.php - Authentication berhasil
2026-04-07 11:31:19 - getOutlet.php - Query: SELECT id_out, nama_out, '' AS alamat_out, ofcode_out
            FROM outlet 
            WHERE status_out IN ('Active', '1', 'active')
            AND (nama_out LIKE :key OR ofcode_out LIKE :key)
            ORDER BY nama_out ASC
            LIMIT 20
2026-04-07 11:31:19 - getOutlet.php - Query berhasil, mengembalikan 9 record
2026-04-07 11:31:19 - getOutlet.php - === END REQUEST ===
2026-04-07 04:31:19 - getOutlet.php - === REQUEST GETOUTLET ===
2026-04-07 04:31:19 - getOutlet.php - Method: POST
2026-04-07 04:31:19 - getOutlet.php - POST data: {"tgl":"2026-04-07","encrypt":"5b8ae1bc6b9f1f1fb1fdfe9cb8337a80","id_apl":"APL01","key":"Kmn"}
2026-04-07 11:31:19 - getOutlet.php - Params - tgl: 2026-04-07, encrypt: 5b8ae1bc6b9f1f1fb1fdfe9cb8337a80, id_apl: APL01, key: Kmn
2026-04-07 11:31:19 - getOutlet.php - Aplikasi ditemukan: Ya
2026-04-07 11:31:19 - getOutlet.php - Key aplikasi: YbcJSFjkds...
2026-04-07 11:31:19 - getOutlet.php - Expected encrypt: 5b8ae1bc6b9f1f1fb1fdfe9cb8337a80
2026-04-07 11:31:19 - getOutlet.php - Received encrypt: 5b8ae1bc6b9f1f1fb1fdfe9cb8337a80
2026-04-07 11:31:19 - getOutlet.php - Authentication berhasil
2026-04-07 11:31:19 - getOutlet.php - Query: SELECT id_out, nama_out, '' AS alamat_out, ofcode_out
            FROM outlet 
            WHERE status_out IN ('Active', '1', 'active')
            AND (nama_out LIKE :key OR ofcode_out LIKE :key)
            ORDER BY nama_out ASC
            LIMIT 20
2026-04-07 11:31:19 - getOutlet.php - Query berhasil, mengembalikan 4 record
2026-04-07 11:31:19 - getOutlet.php - === END REQUEST ===
2026-04-07 04:31:19 - getOutlet.php - === REQUEST GETOUTLET ===
2026-04-07 04:31:19 - getOutlet.php - Method: POST
2026-04-07 04:31:19 - getOutlet.php - POST data: {"tgl":"2026-04-07","encrypt":"5b8ae1bc6b9f1f1fb1fdfe9cb8337a80","id_apl":"APL01","key":"KMN"}
2026-04-07 11:31:19 - getOutlet.php - Params - tgl: 2026-04-07, encrypt: 5b8ae1bc6b9f1f1fb1fdfe9cb8337a80, id_apl: APL01, key: KMN
2026-04-07 11:31:19 - getOutlet.php - Aplikasi ditemukan: Ya
2026-04-07 11:31:19 - getOutlet.php - Key aplikasi: YbcJSFjkds...
2026-04-07 11:31:19 - getOutlet.php - Expected encrypt: 5b8ae1bc6b9f1f1fb1fdfe9cb8337a80
2026-04-07 11:31:19 - getOutlet.php - Received encrypt: 5b8ae1bc6b9f1f1fb1fdfe9cb8337a80
2026-04-07 11:31:19 - getOutlet.php - Authentication berhasil
2026-04-07 11:31:19 - getOutlet.php - Query: SELECT id_out, nama_out, '' AS alamat_out, ofcode_out
            FROM outlet 
            WHERE status_out IN ('Active', '1', 'active')
            AND (nama_out LIKE :key OR ofcode_out LIKE :key)
            ORDER BY nama_out ASC
            LIMIT 20
2026-04-07 11:31:19 - getOutlet.php - Query berhasil, mengembalikan 4 record
2026-04-07 11:31:19 - getOutlet.php - === END REQUEST ===
2026-04-07 04:31:20 - getOutlet.php - === REQUEST GETOUTLET ===
2026-04-07 04:31:20 - getOutlet.php - Method: POST
2026-04-07 04:31:20 - getOutlet.php - POST data: {"tgl":"2026-04-07","encrypt":"5b8ae1bc6b9f1f1fb1fdfe9cb8337a80","id_apl":"APL01","key":"KMN k"}
2026-04-07 11:31:20 - getOutlet.php - Params - tgl: 2026-04-07, encrypt: 5b8ae1bc6b9f1f1fb1fdfe9cb8337a80, id_apl: APL01, key: KMN k
2026-04-07 11:31:20 - getOutlet.php - Aplikasi ditemukan: Ya
2026-04-07 11:31:20 - getOutlet.php - Key aplikasi: YbcJSFjkds...
2026-04-07 11:31:20 - getOutlet.php - Expected encrypt: 5b8ae1bc6b9f1f1fb1fdfe9cb8337a80
2026-04-07 11:31:20 - getOutlet.php - Received encrypt: 5b8ae1bc6b9f1f1fb1fdfe9cb8337a80
2026-04-07 11:31:20 - getOutlet.php - Authentication berhasil
2026-04-07 11:31:20 - getOutlet.php - Query: SELECT id_out, nama_out, '' AS alamat_out, ofcode_out
            FROM outlet 
            WHERE status_out IN ('Active', '1', 'active')
            AND (nama_out LIKE :key OR ofcode_out LIKE :key)
            ORDER BY nama_out ASC
            LIMIT 20
2026-04-07 11:31:20 - getOutlet.php - Query berhasil, mengembalikan 2 record
2026-04-07 11:31:20 - getOutlet.php - === END REQUEST ===
2026-04-07 04:31:20 - getOutlet.php - === REQUEST GETOUTLET ===
2026-04-07 04:31:20 - getOutlet.php - Method: POST
2026-04-07 04:31:20 - getOutlet.php - POST data: {"tgl":"2026-04-07","encrypt":"5b8ae1bc6b9f1f1fb1fdfe9cb8337a80","id_apl":"APL01","key":"KMN ke"}
2026-04-07 11:31:20 - getOutlet.php - Params - tgl: 2026-04-07, encrypt: 5b8ae1bc6b9f1f1fb1fdfe9cb8337a80, id_apl: APL01, key: KMN ke
2026-04-07 11:31:20 - getOutlet.php - Aplikasi ditemukan: Ya
2026-04-07 11:31:20 - getOutlet.php - Key aplikasi: YbcJSFjkds...
2026-04-07 11:31:20 - getOutlet.php - Expected encrypt: 5b8ae1bc6b9f1f1fb1fdfe9cb8337a80
2026-04-07 11:31:20 - getOutlet.php - Received encrypt: 5b8ae1bc6b9f1f1fb1fdfe9cb8337a80
2026-04-07 11:31:20 - getOutlet.php - Authentication berhasil
2026-04-07 11:31:20 - getOutlet.php - Query: SELECT id_out, nama_out, '' AS alamat_out, ofcode_out
            FROM outlet 
            WHERE status_out IN ('Active', '1', 'active')
            AND (nama_out LIKE :key OR ofcode_out LIKE :key)
            ORDER BY nama_out ASC
            LIMIT 20
2026-04-07 11:31:20 - getOutlet.php - Query berhasil, mengembalikan 2 record
2026-04-07 11:31:20 - getOutlet.php - === END REQUEST ===
2026-04-07 04:31:20 - getOutlet.php - === REQUEST GETOUTLET ===
2026-04-07 04:31:20 - getOutlet.php - Method: POST
2026-04-07 04:31:20 - getOutlet.php - POST data: {"tgl":"2026-04-07","encrypt":"5b8ae1bc6b9f1f1fb1fdfe9cb8337a80","id_apl":"APL01","key":"KMN keb"}
2026-04-07 11:31:20 - getOutlet.php - Params - tgl: 2026-04-07, encrypt: 5b8ae1bc6b9f1f1fb1fdfe9cb8337a80, id_apl: APL01, key: KMN keb
2026-04-07 11:31:20 - getOutlet.php - Aplikasi ditemukan: Ya
2026-04-07 11:31:20 - getOutlet.php - Key aplikasi: YbcJSFjkds...
2026-04-07 11:31:20 - getOutlet.php - Expected encrypt: 5b8ae1bc6b9f1f1fb1fdfe9cb8337a80
2026-04-07 11:31:20 - getOutlet.php - Received encrypt: 5b8ae1bc6b9f1f1fb1fdfe9cb8337a80
2026-04-07 11:31:20 - getOutlet.php - Authentication berhasil
2026-04-07 11:31:20 - getOutlet.php - Query: SELECT id_out, nama_out, '' AS alamat_out, ofcode_out
            FROM outlet 
            WHERE status_out IN ('Active', '1', 'active')
            AND (nama_out LIKE :key OR ofcode_out LIKE :key)
            ORDER BY nama_out ASC
            LIMIT 20
2026-04-07 11:31:20 - getOutlet.php - Query berhasil, mengembalikan 1 record
2026-04-07 11:31:20 - getOutlet.php - === END REQUEST ===
2026-04-07 04:31:21 - getOutlet.php - === REQUEST GETOUTLET ===
2026-04-07 04:31:21 - getOutlet.php - Method: POST
2026-04-07 04:31:21 - getOutlet.php - POST data: {"tgl":"2026-04-07","encrypt":"5b8ae1bc6b9f1f1fb1fdfe9cb8337a80","id_apl":"APL01","key":"KMN kebo"}
2026-04-07 11:31:21 - getOutlet.php - Params - tgl: 2026-04-07, encrypt: 5b8ae1bc6b9f1f1fb1fdfe9cb8337a80, id_apl: APL01, key: KMN kebo
2026-04-07 11:31:21 - getOutlet.php - Aplikasi ditemukan: Ya
2026-04-07 11:31:21 - getOutlet.php - Key aplikasi: YbcJSFjkds...
2026-04-07 11:31:21 - getOutlet.php - Expected encrypt: 5b8ae1bc6b9f1f1fb1fdfe9cb8337a80
2026-04-07 11:31:21 - getOutlet.php - Received encrypt: 5b8ae1bc6b9f1f1fb1fdfe9cb8337a80
2026-04-07 11:31:21 - getOutlet.php - Authentication berhasil
2026-04-07 11:31:21 - getOutlet.php - Query: SELECT id_out, nama_out, '' AS alamat_out, ofcode_out
            FROM outlet 
            WHERE status_out IN ('Active', '1', 'active')
            AND (nama_out LIKE :key OR ofcode_out LIKE :key)
            ORDER BY nama_out ASC
            LIMIT 20
2026-04-07 11:31:21 - getOutlet.php - Query berhasil, mengembalikan 1 record
2026-04-07 11:31:21 - getOutlet.php - === END REQUEST ===
2026-04-07 04:31:21 - getOutlet.php - === REQUEST GETOUTLET ===
2026-04-07 04:31:21 - getOutlet.php - Method: POST
2026-04-07 04:31:21 - getOutlet.php - POST data: {"tgl":"2026-04-07","encrypt":"5b8ae1bc6b9f1f1fb1fdfe9cb8337a80","id_apl":"APL01","key":"KMN kebon"}
2026-04-07 11:31:21 - getOutlet.php - Params - tgl: 2026-04-07, encrypt: 5b8ae1bc6b9f1f1fb1fdfe9cb8337a80, id_apl: APL01, key: KMN kebon
2026-04-07 11:31:21 - getOutlet.php - Aplikasi ditemukan: Ya
2026-04-07 11:31:21 - getOutlet.php - Key aplikasi: YbcJSFjkds...
2026-04-07 11:31:21 - getOutlet.php - Expected encrypt: 5b8ae1bc6b9f1f1fb1fdfe9cb8337a80
2026-04-07 11:31:21 - getOutlet.php - Received encrypt: 5b8ae1bc6b9f1f1fb1fdfe9cb8337a80
2026-04-07 11:31:21 - getOutlet.php - Authentication berhasil
2026-04-07 11:31:21 - getOutlet.php - Query: SELECT id_out, nama_out, '' AS alamat_out, ofcode_out
            FROM outlet 
            WHERE status_out IN ('Active', '1', 'active')
            AND (nama_out LIKE :key OR ofcode_out LIKE :key)
            ORDER BY nama_out ASC
            LIMIT 20
2026-04-07 11:31:21 - getOutlet.php - Query berhasil, mengembalikan 1 record
2026-04-07 11:31:21 - getOutlet.php - === END REQUEST ===
2026-04-07 04:31:22 - getOutlet.php - === REQUEST GETOUTLET ===
2026-04-07 04:31:22 - getOutlet.php - Method: POST
2026-04-07 04:31:22 - getOutlet.php - POST data: {"tgl":"2026-04-07","encrypt":"5b8ae1bc6b9f1f1fb1fdfe9cb8337a80","id_apl":"APL01","key":"KMN kebonj"}
2026-04-07 11:31:22 - getOutlet.php - Params - tgl: 2026-04-07, encrypt: 5b8ae1bc6b9f1f1fb1fdfe9cb8337a80, id_apl: APL01, key: KMN kebonj
2026-04-07 11:31:22 - getOutlet.php - Aplikasi ditemukan: Ya
2026-04-07 11:31:22 - getOutlet.php - Key aplikasi: YbcJSFjkds...
2026-04-07 11:31:22 - getOutlet.php - Expected encrypt: 5b8ae1bc6b9f1f1fb1fdfe9cb8337a80
2026-04-07 11:31:22 - getOutlet.php - Received encrypt: 5b8ae1bc6b9f1f1fb1fdfe9cb8337a80
2026-04-07 11:31:22 - getOutlet.php - Authentication berhasil
2026-04-07 11:31:22 - getOutlet.php - Query: SELECT id_out, nama_out, '' AS alamat_out, ofcode_out
            FROM outlet 
            WHERE status_out IN ('Active', '1', 'active')
            AND (nama_out LIKE :key OR ofcode_out LIKE :key)
            ORDER BY nama_out ASC
            LIMIT 20
2026-04-07 11:31:23 - getOutlet.php - Query berhasil, mengembalikan 0 record
2026-04-07 11:31:23 - getOutlet.php - === END REQUEST ===
2026-04-07 04:31:24 - getOutlet.php - === REQUEST GETOUTLET ===
2026-04-07 04:31:24 - getOutlet.php - Method: POST
2026-04-07 04:31:24 - getOutlet.php - POST data: {"tgl":"2026-04-07","encrypt":"5b8ae1bc6b9f1f1fb1fdfe9cb8337a80","id_apl":"APL01","key":"KMN kebon"}
2026-04-07 11:31:24 - getOutlet.php - Params - tgl: 2026-04-07, encrypt: 5b8ae1bc6b9f1f1fb1fdfe9cb8337a80, id_apl: APL01, key: KMN kebon
2026-04-07 11:31:24 - getOutlet.php - Aplikasi ditemukan: Ya
2026-04-07 04:31:24 - getOutlet.php - === REQUEST GETOUTLET ===
2026-04-07 11:31:24 - getOutlet.php - Key aplikasi: YbcJSFjkds...
2026-04-07 04:31:24 - getOutlet.php - Method: POST
2026-04-07 11:31:24 - getOutlet.php - Expected encrypt: 5b8ae1bc6b9f1f1fb1fdfe9cb8337a80
2026-04-07 11:31:24 - getOutlet.php - Received encrypt: 5b8ae1bc6b9f1f1fb1fdfe9cb8337a80
2026-04-07 04:31:24 - getOutlet.php - POST data: {"tgl":"2026-04-07","encrypt":"5b8ae1bc6b9f1f1fb1fdfe9cb8337a80","id_apl":"APL01","key":"KMN kebon jeruk"}
2026-04-07 11:31:24 - getOutlet.php - Authentication berhasil
2026-04-07 11:31:24 - getOutlet.php - Params - tgl: 2026-04-07, encrypt: 5b8ae1bc6b9f1f1fb1fdfe9cb8337a80, id_apl: APL01, key: KMN kebon jeruk
2026-04-07 11:31:24 - getOutlet.php - Query: SELECT id_out, nama_out, '' AS alamat_out, ofcode_out
            FROM outlet 
            WHERE status_out IN ('Active', '1', 'active')
            AND (nama_out LIKE :key OR ofcode_out LIKE :key)
            ORDER BY nama_out ASC
            LIMIT 20
2026-04-07 11:31:24 - getOutlet.php - Query berhasil, mengembalikan 1 record
2026-04-07 11:31:24 - getOutlet.php - === END REQUEST ===
2026-04-07 11:31:24 - getOutlet.php - Aplikasi ditemukan: Ya
2026-04-07 11:31:24 - getOutlet.php - Key aplikasi: YbcJSFjkds...
2026-04-07 11:31:24 - getOutlet.php - Expected encrypt: 5b8ae1bc6b9f1f1fb1fdfe9cb8337a80
2026-04-07 11:31:24 - getOutlet.php - Received encrypt: 5b8ae1bc6b9f1f1fb1fdfe9cb8337a80
2026-04-07 11:31:24 - getOutlet.php - Authentication berhasil
2026-04-07 11:31:24 - getOutlet.php - Query: SELECT id_out, nama_out, '' AS alamat_out, ofcode_out
            FROM outlet 
            WHERE status_out IN ('Active', '1', 'active')
            AND (nama_out LIKE :key OR ofcode_out LIKE :key)
            ORDER BY nama_out ASC
            LIMIT 20
2026-04-07 11:31:24 - getOutlet.php - Query berhasil, mengembalikan 1 record
2026-04-07 11:31:24 - getOutlet.php - === END REQUEST ===
2026-04-07 04:31:25 - getOutlet.php - === REQUEST GETOUTLET ===
2026-04-07 04:31:25 - getOutlet.php - Method: POST
2026-04-07 04:31:25 - getOutlet.php - POST data: {"tgl":"2026-04-07","encrypt":"5b8ae1bc6b9f1f1fb1fdfe9cb8337a80","id_apl":"APL01","key":"KMN KEBON JERUK"}
2026-04-07 11:31:25 - getOutlet.php - Params - tgl: 2026-04-07, encrypt: 5b8ae1bc6b9f1f1fb1fdfe9cb8337a80, id_apl: APL01, key: KMN KEBON JERUK
2026-04-07 11:31:25 - getOutlet.php - Aplikasi ditemukan: Ya
2026-04-07 11:31:25 - getOutlet.php - Key aplikasi: YbcJSFjkds...
2026-04-07 11:31:25 - getOutlet.php - Expected encrypt: 5b8ae1bc6b9f1f1fb1fdfe9cb8337a80
2026-04-07 11:31:25 - getOutlet.php - Received encrypt: 5b8ae1bc6b9f1f1fb1fdfe9cb8337a80
2026-04-07 11:31:25 - getOutlet.php - Authentication berhasil
2026-04-07 11:31:25 - getOutlet.php - Query: SELECT id_out, nama_out, '' AS alamat_out, ofcode_out
            FROM outlet 
            WHERE status_out IN ('Active', '1', 'active')
            AND (nama_out LIKE :key OR ofcode_out LIKE :key)
            ORDER BY nama_out ASC
            LIMIT 20
2026-04-07 11:31:25 - getOutlet.php - Query berhasil, mengembalikan 1 record
2026-04-07 11:31:25 - getOutlet.php - === END REQUEST ===
2026-04-07 04:31:52 - getOutlet.php - === REQUEST GETOUTLET ===
2026-04-07 04:31:52 - getOutlet.php - Method: POST
2026-04-07 04:31:52 - getOutlet.php - POST data: {"tgl":"2026-04-07","encrypt":"5b8ae1bc6b9f1f1fb1fdfe9cb8337a80","id_apl":"APL01","key":"Km"}
2026-04-07 11:31:52 - getOutlet.php - Params - tgl: 2026-04-07, encrypt: 5b8ae1bc6b9f1f1fb1fdfe9cb8337a80, id_apl: APL01, key: Km
2026-04-07 11:31:52 - getOutlet.php - Aplikasi ditemukan: Ya
2026-04-07 11:31:52 - getOutlet.php - Key aplikasi: YbcJSFjkds...
2026-04-07 11:31:52 - getOutlet.php - Expected encrypt: 5b8ae1bc6b9f1f1fb1fdfe9cb8337a80
2026-04-07 11:31:52 - getOutlet.php - Received encrypt: 5b8ae1bc6b9f1f1fb1fdfe9cb8337a80
2026-04-07 11:31:52 - getOutlet.php - Authentication berhasil
2026-04-07 11:31:52 - getOutlet.php - Query: SELECT id_out, nama_out, '' AS alamat_out, ofcode_out
            FROM outlet 
            WHERE status_out IN ('Active', '1', 'active')
            AND (nama_out LIKE :key OR ofcode_out LIKE :key)
            ORDER BY nama_out ASC
            LIMIT 20
2026-04-07 11:31:52 - getOutlet.php - Query berhasil, mengembalikan 9 record
2026-04-07 11:31:52 - getOutlet.php - === END REQUEST ===
2026-04-07 04:31:52 - getOutlet.php - === REQUEST GETOUTLET ===
2026-04-07 04:31:52 - getOutlet.php - Method: POST
2026-04-07 04:31:52 - getOutlet.php - POST data: {"tgl":"2026-04-07","encrypt":"5b8ae1bc6b9f1f1fb1fdfe9cb8337a80","id_apl":"APL01","key":"Kmn"}
2026-04-07 11:31:52 - getOutlet.php - Params - tgl: 2026-04-07, encrypt: 5b8ae1bc6b9f1f1fb1fdfe9cb8337a80, id_apl: APL01, key: Kmn
2026-04-07 11:31:52 - getOutlet.php - Aplikasi ditemukan: Ya
2026-04-07 11:31:52 - getOutlet.php - Key aplikasi: YbcJSFjkds...
2026-04-07 11:31:52 - getOutlet.php - Expected encrypt: 5b8ae1bc6b9f1f1fb1fdfe9cb8337a80
2026-04-07 11:31:52 - getOutlet.php - Received encrypt: 5b8ae1bc6b9f1f1fb1fdfe9cb8337a80
2026-04-07 11:31:52 - getOutlet.php - Authentication berhasil
2026-04-07 11:31:52 - getOutlet.php - Query: SELECT id_out, nama_out, '' AS alamat_out, ofcode_out
            FROM outlet 
            WHERE status_out IN ('Active', '1', 'active')
            AND (nama_out LIKE :key OR ofcode_out LIKE :key)
            ORDER BY nama_out ASC
            LIMIT 20
2026-04-07 11:31:52 - getOutlet.php - Query berhasil, mengembalikan 4 record
2026-04-07 11:31:52 - getOutlet.php - === END REQUEST ===
2026-04-07 04:31:52 - getOutlet.php - === REQUEST GETOUTLET ===
2026-04-07 04:31:52 - getOutlet.php - Method: POST
2026-04-07 04:31:52 - getOutlet.php - POST data: {"tgl":"2026-04-07","encrypt":"5b8ae1bc6b9f1f1fb1fdfe9cb8337a80","id_apl":"APL01","key":"KMN"}
2026-04-07 11:31:52 - getOutlet.php - Params - tgl: 2026-04-07, encrypt: 5b8ae1bc6b9f1f1fb1fdfe9cb8337a80, id_apl: APL01, key: KMN
2026-04-07 11:31:52 - getOutlet.php - Aplikasi ditemukan: Ya
2026-04-07 11:31:52 - getOutlet.php - Key aplikasi: YbcJSFjkds...
2026-04-07 11:31:52 - getOutlet.php - Expected encrypt: 5b8ae1bc6b9f1f1fb1fdfe9cb8337a80
2026-04-07 11:31:52 - getOutlet.php - Received encrypt: 5b8ae1bc6b9f1f1fb1fdfe9cb8337a80
2026-04-07 11:31:52 - getOutlet.php - Authentication berhasil
2026-04-07 11:31:52 - getOutlet.php - Query: SELECT id_out, nama_out, '' AS alamat_out, ofcode_out
            FROM outlet 
            WHERE status_out IN ('Active', '1', 'active')
            AND (nama_out LIKE :key OR ofcode_out LIKE :key)
            ORDER BY nama_out ASC
            LIMIT 20
2026-04-07 11:31:52 - getOutlet.php - Query berhasil, mengembalikan 4 record
2026-04-07 11:31:52 - getOutlet.php - === END REQUEST ===
2026-04-07 04:31:54 - getOutlet.php - === REQUEST GETOUTLET ===
2026-04-07 04:31:54 - getOutlet.php - Method: POST
2026-04-07 04:31:54 - getOutlet.php - POST data: {"tgl":"2026-04-07","encrypt":"5b8ae1bc6b9f1f1fb1fdfe9cb8337a80","id_apl":"APL01","key":"KMN k"}
2026-04-07 11:31:54 - getOutlet.php - Params - tgl: 2026-04-07, encrypt: 5b8ae1bc6b9f1f1fb1fdfe9cb8337a80, id_apl: APL01, key: KMN k
2026-04-07 11:31:54 - getOutlet.php - Aplikasi ditemukan: Ya
2026-04-07 11:31:54 - getOutlet.php - Key aplikasi: YbcJSFjkds...
2026-04-07 11:31:54 - getOutlet.php - Expected encrypt: 5b8ae1bc6b9f1f1fb1fdfe9cb8337a80
2026-04-07 11:31:54 - getOutlet.php - Received encrypt: 5b8ae1bc6b9f1f1fb1fdfe9cb8337a80
2026-04-07 11:31:54 - getOutlet.php - Authentication berhasil
2026-04-07 11:31:54 - getOutlet.php - Query: SELECT id_out, nama_out, '' AS alamat_out, ofcode_out
            FROM outlet 
            WHERE status_out IN ('Active', '1', 'active')
            AND (nama_out LIKE :key OR ofcode_out LIKE :key)
            ORDER BY nama_out ASC
            LIMIT 20
2026-04-07 11:31:54 - getOutlet.php - Query berhasil, mengembalikan 2 record
2026-04-07 11:31:54 - getOutlet.php - === END REQUEST ===
2026-04-07 04:31:54 - getOutlet.php - === REQUEST GETOUTLET ===
2026-04-07 04:31:54 - getOutlet.php - Method: POST
2026-04-07 04:31:54 - getOutlet.php - POST data: {"tgl":"2026-04-07","encrypt":"5b8ae1bc6b9f1f1fb1fdfe9cb8337a80","id_apl":"APL01","key":"KMN ke"}
2026-04-07 11:31:54 - getOutlet.php - Params - tgl: 2026-04-07, encrypt: 5b8ae1bc6b9f1f1fb1fdfe9cb8337a80, id_apl: APL01, key: KMN ke
2026-04-07 11:31:54 - getOutlet.php - Aplikasi ditemukan: Ya
2026-04-07 11:31:54 - getOutlet.php - Key aplikasi: YbcJSFjkds...
2026-04-07 11:31:54 - getOutlet.php - Expected encrypt: 5b8ae1bc6b9f1f1fb1fdfe9cb8337a80
2026-04-07 11:31:54 - getOutlet.php - Received encrypt: 5b8ae1bc6b9f1f1fb1fdfe9cb8337a80
2026-04-07 11:31:54 - getOutlet.php - Authentication berhasil
2026-04-07 11:31:54 - getOutlet.php - Query: SELECT id_out, nama_out, '' AS alamat_out, ofcode_out
            FROM outlet 
            WHERE status_out IN ('Active', '1', 'active')
            AND (nama_out LIKE :key OR ofcode_out LIKE :key)
            ORDER BY nama_out ASC
            LIMIT 20
2026-04-07 11:31:54 - getOutlet.php - Query berhasil, mengembalikan 2 record
2026-04-07 11:31:54 - getOutlet.php - === END REQUEST ===
2026-04-07 04:31:55 - getOutlet.php - === REQUEST GETOUTLET ===
2026-04-07 04:31:55 - getOutlet.php - Method: POST
2026-04-07 04:31:55 - getOutlet.php - POST data: {"tgl":"2026-04-07","encrypt":"5b8ae1bc6b9f1f1fb1fdfe9cb8337a80","id_apl":"APL01","key":"KMN kem"}
2026-04-07 11:31:55 - getOutlet.php - Params - tgl: 2026-04-07, encrypt: 5b8ae1bc6b9f1f1fb1fdfe9cb8337a80, id_apl: APL01, key: KMN kem
2026-04-07 11:31:55 - getOutlet.php - Aplikasi ditemukan: Ya
2026-04-07 11:31:55 - getOutlet.php - Key aplikasi: YbcJSFjkds...
2026-04-07 11:31:55 - getOutlet.php - Expected encrypt: 5b8ae1bc6b9f1f1fb1fdfe9cb8337a80
2026-04-07 11:31:55 - getOutlet.php - Received encrypt: 5b8ae1bc6b9f1f1fb1fdfe9cb8337a80
2026-04-07 11:31:55 - getOutlet.php - Authentication berhasil
2026-04-07 11:31:55 - getOutlet.php - Query: SELECT id_out, nama_out, '' AS alamat_out, ofcode_out
            FROM outlet 
            WHERE status_out IN ('Active', '1', 'active')
            AND (nama_out LIKE :key OR ofcode_out LIKE :key)
            ORDER BY nama_out ASC
            LIMIT 20
2026-04-07 11:31:55 - getOutlet.php - Query berhasil, mengembalikan 1 record
2026-04-07 11:31:55 - getOutlet.php - === END REQUEST ===
2026-04-07 04:31:55 - getOutlet.php - === REQUEST GETOUTLET ===
2026-04-07 04:31:55 - getOutlet.php - Method: POST
2026-04-07 04:31:55 - getOutlet.php - POST data: {"tgl":"2026-04-07","encrypt":"5b8ae1bc6b9f1f1fb1fdfe9cb8337a80","id_apl":"APL01","key":"KMN kema"}
2026-04-07 11:31:55 - getOutlet.php - Params - tgl: 2026-04-07, encrypt: 5b8ae1bc6b9f1f1fb1fdfe9cb8337a80, id_apl: APL01, key: KMN kema
2026-04-07 11:31:55 - getOutlet.php - Aplikasi ditemukan: Ya
2026-04-07 11:31:55 - getOutlet.php - Key aplikasi: YbcJSFjkds...
2026-04-07 11:31:55 - getOutlet.php - Expected encrypt: 5b8ae1bc6b9f1f1fb1fdfe9cb8337a80
2026-04-07 11:31:55 - getOutlet.php - Received encrypt: 5b8ae1bc6b9f1f1fb1fdfe9cb8337a80
2026-04-07 11:31:55 - getOutlet.php - Authentication berhasil
2026-04-07 11:31:55 - getOutlet.php - Query: SELECT id_out, nama_out, '' AS alamat_out, ofcode_out
            FROM outlet 
            WHERE status_out IN ('Active', '1', 'active')
            AND (nama_out LIKE :key OR ofcode_out LIKE :key)
            ORDER BY nama_out ASC
            LIMIT 20
2026-04-07 11:31:55 - getOutlet.php - Query berhasil, mengembalikan 1 record
2026-04-07 11:31:55 - getOutlet.php - === END REQUEST ===
2026-04-07 04:31:55 - getOutlet.php - === REQUEST GETOUTLET ===
2026-04-07 04:31:55 - getOutlet.php - Method: POST
2026-04-07 04:31:55 - getOutlet.php - POST data: {"tgl":"2026-04-07","encrypt":"5b8ae1bc6b9f1f1fb1fdfe9cb8337a80","id_apl":"APL01","key":"KMN kemay"}
2026-04-07 11:31:55 - getOutlet.php - Params - tgl: 2026-04-07, encrypt: 5b8ae1bc6b9f1f1fb1fdfe9cb8337a80, id_apl: APL01, key: KMN kemay
2026-04-07 11:31:55 - getOutlet.php - Aplikasi ditemukan: Ya
2026-04-07 11:31:55 - getOutlet.php - Key aplikasi: YbcJSFjkds...
2026-04-07 11:31:55 - getOutlet.php - Expected encrypt: 5b8ae1bc6b9f1f1fb1fdfe9cb8337a80
2026-04-07 11:31:55 - getOutlet.php - Received encrypt: 5b8ae1bc6b9f1f1fb1fdfe9cb8337a80
2026-04-07 11:31:55 - getOutlet.php - Authentication berhasil
2026-04-07 11:31:55 - getOutlet.php - Query: SELECT id_out, nama_out, '' AS alamat_out, ofcode_out
            FROM outlet 
            WHERE status_out IN ('Active', '1', 'active')
            AND (nama_out LIKE :key OR ofcode_out LIKE :key)
            ORDER BY nama_out ASC
            LIMIT 20
2026-04-07 11:31:55 - getOutlet.php - Query berhasil, mengembalikan 1 record
2026-04-07 11:31:55 - getOutlet.php - === END REQUEST ===
2026-04-07 04:31:56 - getOutlet.php - === REQUEST GETOUTLET ===
2026-04-07 04:31:56 - getOutlet.php - Method: POST
2026-04-07 04:31:56 - getOutlet.php - POST data: {"tgl":"2026-04-07","encrypt":"5b8ae1bc6b9f1f1fb1fdfe9cb8337a80","id_apl":"APL01","key":"KMN"}
2026-04-07 11:31:56 - getOutlet.php - Params - tgl: 2026-04-07, encrypt: 5b8ae1bc6b9f1f1fb1fdfe9cb8337a80, id_apl: APL01, key: KMN
2026-04-07 11:31:56 - getOutlet.php - Aplikasi ditemukan: Ya
2026-04-07 11:31:56 - getOutlet.php - Key aplikasi: YbcJSFjkds...
2026-04-07 11:31:56 - getOutlet.php - Expected encrypt: 5b8ae1bc6b9f1f1fb1fdfe9cb8337a80
2026-04-07 11:31:56 - getOutlet.php - Received encrypt: 5b8ae1bc6b9f1f1fb1fdfe9cb8337a80
2026-04-07 11:31:56 - getOutlet.php - Authentication berhasil
2026-04-07 11:31:56 - getOutlet.php - Query: SELECT id_out, nama_out, '' AS alamat_out, ofcode_out
            FROM outlet 
            WHERE status_out IN ('Active', '1', 'active')
            AND (nama_out LIKE :key OR ofcode_out LIKE :key)
            ORDER BY nama_out ASC
            LIMIT 20
2026-04-07 04:31:56 - getOutlet.php - === REQUEST GETOUTLET ===
2026-04-07 04:31:56 - getOutlet.php - Method: POST
2026-04-07 04:31:56 - getOutlet.php - POST data: {"tgl":"2026-04-07","encrypt":"5b8ae1bc6b9f1f1fb1fdfe9cb8337a80","id_apl":"APL01","key":"KMN Kemayoran"}
2026-04-07 11:31:56 - getOutlet.php - Params - tgl: 2026-04-07, encrypt: 5b8ae1bc6b9f1f1fb1fdfe9cb8337a80, id_apl: APL01, key: KMN Kemayoran
2026-04-07 11:31:56 - getOutlet.php - Query berhasil, mengembalikan 4 record
2026-04-07 11:31:56 - getOutlet.php - === END REQUEST ===
2026-04-07 11:31:56 - getOutlet.php - Aplikasi ditemukan: Ya
2026-04-07 11:31:56 - getOutlet.php - Key aplikasi: YbcJSFjkds...
2026-04-07 11:31:56 - getOutlet.php - Expected encrypt: 5b8ae1bc6b9f1f1fb1fdfe9cb8337a80
2026-04-07 11:31:56 - getOutlet.php - Received encrypt: 5b8ae1bc6b9f1f1fb1fdfe9cb8337a80
2026-04-07 11:31:56 - getOutlet.php - Authentication berhasil
2026-04-07 11:31:56 - getOutlet.php - Query: SELECT id_out, nama_out, '' AS alamat_out, ofcode_out
            FROM outlet 
            WHERE status_out IN ('Active', '1', 'active')
            AND (nama_out LIKE :key OR ofcode_out LIKE :key)
            ORDER BY nama_out ASC
            LIMIT 20
2026-04-07 11:31:56 - getOutlet.php - Query berhasil, mengembalikan 1 record
2026-04-07 11:31:56 - getOutlet.php - === END REQUEST ===
2026-04-07 04:31:57 - getOutlet.php - === REQUEST GETOUTLET ===
2026-04-07 04:31:57 - getOutlet.php - Method: POST
2026-04-07 04:31:57 - getOutlet.php - POST data: {"tgl":"2026-04-07","encrypt":"5b8ae1bc6b9f1f1fb1fdfe9cb8337a80","id_apl":"APL01","key":"KMN KEMAYORAN"}
2026-04-07 11:31:57 - getOutlet.php - Params - tgl: 2026-04-07, encrypt: 5b8ae1bc6b9f1f1fb1fdfe9cb8337a80, id_apl: APL01, key: KMN KEMAYORAN
2026-04-07 11:31:57 - getOutlet.php - Aplikasi ditemukan: Ya
2026-04-07 11:31:57 - getOutlet.php - Key aplikasi: YbcJSFjkds...
2026-04-07 11:31:57 - getOutlet.php - Expected encrypt: 5b8ae1bc6b9f1f1fb1fdfe9cb8337a80
2026-04-07 11:31:57 - getOutlet.php - Received encrypt: 5b8ae1bc6b9f1f1fb1fdfe9cb8337a80
2026-04-07 11:31:57 - getOutlet.php - Authentication berhasil
2026-04-07 11:31:57 - getOutlet.php - Query: SELECT id_out, nama_out, '' AS alamat_out, ofcode_out
            FROM outlet 
            WHERE status_out IN ('Active', '1', 'active')
            AND (nama_out LIKE :key OR ofcode_out LIKE :key)
            ORDER BY nama_out ASC
            LIMIT 20
2026-04-07 11:31:57 - getOutlet.php - Query berhasil, mengembalikan 1 record
2026-04-07 11:31:57 - getOutlet.php - === END REQUEST ===
2026-04-07 04:32:19 - getOutlet.php - === REQUEST GETOUTLET ===
2026-04-07 04:32:19 - getOutlet.php - Method: POST
2026-04-07 04:32:19 - getOutlet.php - POST data: {"tgl":"2026-04-07","encrypt":"5b8ae1bc6b9f1f1fb1fdfe9cb8337a80","id_apl":"APL01","key":"Je"}
2026-04-07 11:32:19 - getOutlet.php - Params - tgl: 2026-04-07, encrypt: 5b8ae1bc6b9f1f1fb1fdfe9cb8337a80, id_apl: APL01, key: Je
2026-04-07 11:32:19 - getOutlet.php - Aplikasi ditemukan: Ya
2026-04-07 11:32:19 - getOutlet.php - Key aplikasi: YbcJSFjkds...
2026-04-07 11:32:19 - getOutlet.php - Expected encrypt: 5b8ae1bc6b9f1f1fb1fdfe9cb8337a80
2026-04-07 11:32:19 - getOutlet.php - Received encrypt: 5b8ae1bc6b9f1f1fb1fdfe9cb8337a80
2026-04-07 11:32:19 - getOutlet.php - Authentication berhasil
2026-04-07 11:32:19 - getOutlet.php - Query: SELECT id_out, nama_out, '' AS alamat_out, ofcode_out
            FROM outlet 
            WHERE status_out IN ('Active', '1', 'active')
            AND (nama_out LIKE :key OR ofcode_out LIKE :key)
            ORDER BY nama_out ASC
            LIMIT 20
2026-04-07 11:32:19 - getOutlet.php - Query berhasil, mengembalikan 19 record
2026-04-07 11:32:19 - getOutlet.php - === END REQUEST ===
2026-04-07 04:32:20 - getOutlet.php - === REQUEST GETOUTLET ===
2026-04-07 04:32:20 - getOutlet.php - Method: POST
2026-04-07 04:32:20 - getOutlet.php - POST data: {"tgl":"2026-04-07","encrypt":"5b8ae1bc6b9f1f1fb1fdfe9cb8337a80","id_apl":"APL01","key":"Jec"}
2026-04-07 11:32:20 - getOutlet.php - Params - tgl: 2026-04-07, encrypt: 5b8ae1bc6b9f1f1fb1fdfe9cb8337a80, id_apl: APL01, key: Jec
2026-04-07 11:32:20 - getOutlet.php - Aplikasi ditemukan: Ya
2026-04-07 11:32:20 - getOutlet.php - Key aplikasi: YbcJSFjkds...
2026-04-07 11:32:20 - getOutlet.php - Expected encrypt: 5b8ae1bc6b9f1f1fb1fdfe9cb8337a80
2026-04-07 11:32:20 - getOutlet.php - Received encrypt: 5b8ae1bc6b9f1f1fb1fdfe9cb8337a80
2026-04-07 11:32:20 - getOutlet.php - Authentication berhasil
2026-04-07 11:32:20 - getOutlet.php - Query: SELECT id_out, nama_out, '' AS alamat_out, ofcode_out
            FROM outlet 
            WHERE status_out IN ('Active', '1', 'active')
            AND (nama_out LIKE :key OR ofcode_out LIKE :key)
            ORDER BY nama_out ASC
            LIMIT 20
2026-04-07 11:32:20 - getOutlet.php - Query berhasil, mengembalikan 12 record
2026-04-07 11:32:20 - getOutlet.php - === END REQUEST ===
2026-04-07 04:32:20 - getOutlet.php - === REQUEST GETOUTLET ===
2026-04-07 04:32:20 - getOutlet.php - Method: POST
2026-04-07 04:32:20 - getOutlet.php - POST data: {"tgl":"2026-04-07","encrypt":"5b8ae1bc6b9f1f1fb1fdfe9cb8337a80","id_apl":"APL01","key":"JEC"}
2026-04-07 11:32:20 - getOutlet.php - Params - tgl: 2026-04-07, encrypt: 5b8ae1bc6b9f1f1fb1fdfe9cb8337a80, id_apl: APL01, key: JEC
2026-04-07 11:32:20 - getOutlet.php - Aplikasi ditemukan: Ya
2026-04-07 11:32:20 - getOutlet.php - Key aplikasi: YbcJSFjkds...
2026-04-07 11:32:20 - getOutlet.php - Expected encrypt: 5b8ae1bc6b9f1f1fb1fdfe9cb8337a80
2026-04-07 11:32:20 - getOutlet.php - Received encrypt: 5b8ae1bc6b9f1f1fb1fdfe9cb8337a80
2026-04-07 11:32:20 - getOutlet.php - Authentication berhasil
2026-04-07 11:32:20 - getOutlet.php - Query: SELECT id_out, nama_out, '' AS alamat_out, ofcode_out
            FROM outlet 
            WHERE status_out IN ('Active', '1', 'active')
            AND (nama_out LIKE :key OR ofcode_out LIKE :key)
            ORDER BY nama_out ASC
            LIMIT 20
2026-04-07 11:32:20 - getOutlet.php - Query berhasil, mengembalikan 12 record
2026-04-07 11:32:20 - getOutlet.php - === END REQUEST ===
2026-04-07 04:32:21 - getOutlet.php - === REQUEST GETOUTLET ===
2026-04-07 04:32:21 - getOutlet.php - Method: POST
2026-04-07 04:32:21 - getOutlet.php - POST data: {"tgl":"2026-04-07","encrypt":"5b8ae1bc6b9f1f1fb1fdfe9cb8337a80","id_apl":"APL01","key":"JEC p"}
2026-04-07 11:32:21 - getOutlet.php - Params - tgl: 2026-04-07, encrypt: 5b8ae1bc6b9f1f1fb1fdfe9cb8337a80, id_apl: APL01, key: JEC p
2026-04-07 11:32:21 - getOutlet.php - Aplikasi ditemukan: Ya
2026-04-07 11:32:21 - getOutlet.php - Key aplikasi: YbcJSFjkds...
2026-04-07 11:32:21 - getOutlet.php - Expected encrypt: 5b8ae1bc6b9f1f1fb1fdfe9cb8337a80
2026-04-07 11:32:21 - getOutlet.php - Received encrypt: 5b8ae1bc6b9f1f1fb1fdfe9cb8337a80
2026-04-07 11:32:21 - getOutlet.php - Authentication berhasil
2026-04-07 11:32:21 - getOutlet.php - Query: SELECT id_out, nama_out, '' AS alamat_out, ofcode_out
            FROM outlet 
            WHERE status_out IN ('Active', '1', 'active')
            AND (nama_out LIKE :key OR ofcode_out LIKE :key)
            ORDER BY nama_out ASC
            LIMIT 20
2026-04-07 11:32:21 - getOutlet.php - Query berhasil, mengembalikan 0 record
2026-04-07 11:32:21 - getOutlet.php - === END REQUEST ===
2026-04-07 04:32:22 - getOutlet.php - === REQUEST GETOUTLET ===
2026-04-07 04:32:22 - getOutlet.php - Method: POST
2026-04-07 04:32:22 - getOutlet.php - POST data: {"tgl":"2026-04-07","encrypt":"5b8ae1bc6b9f1f1fb1fdfe9cb8337a80","id_apl":"APL01","key":"JEC pr"}
2026-04-07 11:32:22 - getOutlet.php - Params - tgl: 2026-04-07, encrypt: 5b8ae1bc6b9f1f1fb1fdfe9cb8337a80, id_apl: APL01, key: JEC pr
2026-04-07 11:32:22 - getOutlet.php - Aplikasi ditemukan: Ya
2026-04-07 11:32:22 - getOutlet.php - Key aplikasi: YbcJSFjkds...
2026-04-07 11:32:22 - getOutlet.php - Expected encrypt: 5b8ae1bc6b9f1f1fb1fdfe9cb8337a80
2026-04-07 11:32:22 - getOutlet.php - Received encrypt: 5b8ae1bc6b9f1f1fb1fdfe9cb8337a80
2026-04-07 11:32:22 - getOutlet.php - Authentication berhasil
2026-04-07 11:32:22 - getOutlet.php - Query: SELECT id_out, nama_out, '' AS alamat_out, ofcode_out
            FROM outlet 
            WHERE status_out IN ('Active', '1', 'active')
            AND (nama_out LIKE :key OR ofcode_out LIKE :key)
            ORDER BY nama_out ASC
            LIMIT 20
2026-04-07 11:32:22 - getOutlet.php - Query berhasil, mengembalikan 0 record
2026-04-07 11:32:22 - getOutlet.php - === END REQUEST ===
2026-04-07 04:32:22 - getOutlet.php - === REQUEST GETOUTLET ===
2026-04-07 04:32:22 - getOutlet.php - Method: POST
2026-04-07 04:32:22 - getOutlet.php - POST data: {"tgl":"2026-04-07","encrypt":"5b8ae1bc6b9f1f1fb1fdfe9cb8337a80","id_apl":"APL01","key":"JEC pri"}
2026-04-07 11:32:22 - getOutlet.php - Params - tgl: 2026-04-07, encrypt: 5b8ae1bc6b9f1f1fb1fdfe9cb8337a80, id_apl: APL01, key: JEC pri
2026-04-07 11:32:22 - getOutlet.php - Aplikasi ditemukan: Ya
2026-04-07 11:32:22 - getOutlet.php - Key aplikasi: YbcJSFjkds...
2026-04-07 11:32:22 - getOutlet.php - Expected encrypt: 5b8ae1bc6b9f1f1fb1fdfe9cb8337a80
2026-04-07 11:32:22 - getOutlet.php - Received encrypt: 5b8ae1bc6b9f1f1fb1fdfe9cb8337a80
2026-04-07 11:32:22 - getOutlet.php - Authentication berhasil
2026-04-07 11:32:22 - getOutlet.php - Query: SELECT id_out, nama_out, '' AS alamat_out, ofcode_out
            FROM outlet 
            WHERE status_out IN ('Active', '1', 'active')
            AND (nama_out LIKE :key OR ofcode_out LIKE :key)
            ORDER BY nama_out ASC
            LIMIT 20
2026-04-07 11:32:22 - getOutlet.php - Query berhasil, mengembalikan 0 record
2026-04-07 11:32:22 - getOutlet.php - === END REQUEST ===
2026-04-07 04:32:22 - getOutlet.php - === REQUEST GETOUTLET ===
2026-04-07 04:32:22 - getOutlet.php - Method: POST
2026-04-07 04:32:22 - getOutlet.php - POST data: {"tgl":"2026-04-07","encrypt":"5b8ae1bc6b9f1f1fb1fdfe9cb8337a80","id_apl":"APL01","key":"JEC primasana"}
2026-04-07 11:32:22 - getOutlet.php - Params - tgl: 2026-04-07, encrypt: 5b8ae1bc6b9f1f1fb1fdfe9cb8337a80, id_apl: APL01, key: JEC primasana
2026-04-07 11:32:22 - getOutlet.php - Aplikasi ditemukan: Ya
2026-04-07 11:32:22 - getOutlet.php - Key aplikasi: YbcJSFjkds...
2026-04-07 11:32:22 - getOutlet.php - Expected encrypt: 5b8ae1bc6b9f1f1fb1fdfe9cb8337a80
2026-04-07 11:32:22 - getOutlet.php - Received encrypt: 5b8ae1bc6b9f1f1fb1fdfe9cb8337a80
2026-04-07 11:32:22 - getOutlet.php - Authentication berhasil
2026-04-07 11:32:22 - getOutlet.php - Query: SELECT id_out, nama_out, '' AS alamat_out, ofcode_out
            FROM outlet 
            WHERE status_out IN ('Active', '1', 'active')
            AND (nama_out LIKE :key OR ofcode_out LIKE :key)
            ORDER BY nama_out ASC
            LIMIT 20
2026-04-07 11:32:22 - getOutlet.php - Query berhasil, mengembalikan 0 record
2026-04-07 11:32:22 - getOutlet.php - === END REQUEST ===
2026-04-07 04:32:30 - getOutlet.php - === REQUEST GETOUTLET ===
2026-04-07 04:32:30 - getOutlet.php - Method: POST
2026-04-07 04:32:30 - getOutlet.php - POST data: {"tgl":"2026-04-07","encrypt":"5b8ae1bc6b9f1f1fb1fdfe9cb8337a80","id_apl":"APL01","key":"JEC primasan"}
2026-04-07 11:32:30 - getOutlet.php - Params - tgl: 2026-04-07, encrypt: 5b8ae1bc6b9f1f1fb1fdfe9cb8337a80, id_apl: APL01, key: JEC primasan
2026-04-07 11:32:30 - getOutlet.php - Aplikasi ditemukan: Ya
2026-04-07 11:32:30 - getOutlet.php - Key aplikasi: YbcJSFjkds...
2026-04-07 11:32:30 - getOutlet.php - Expected encrypt: 5b8ae1bc6b9f1f1fb1fdfe9cb8337a80
2026-04-07 11:32:30 - getOutlet.php - Received encrypt: 5b8ae1bc6b9f1f1fb1fdfe9cb8337a80
2026-04-07 11:32:30 - getOutlet.php - Authentication berhasil
2026-04-07 11:32:30 - getOutlet.php - Query: SELECT id_out, nama_out, '' AS alamat_out, ofcode_out
            FROM outlet 
            WHERE status_out IN ('Active', '1', 'active')
            AND (nama_out LIKE :key OR ofcode_out LIKE :key)
            ORDER BY nama_out ASC
            LIMIT 20
2026-04-07 11:32:30 - getOutlet.php - Query berhasil, mengembalikan 0 record
2026-04-07 11:32:30 - getOutlet.php - === END REQUEST ===
2026-04-07 04:32:30 - getOutlet.php - === REQUEST GETOUTLET ===
2026-04-07 04:32:30 - getOutlet.php - Method: POST
2026-04-07 04:32:30 - getOutlet.php - POST data: {"tgl":"2026-04-07","encrypt":"5b8ae1bc6b9f1f1fb1fdfe9cb8337a80","id_apl":"APL01","key":"JEC primasa"}
2026-04-07 11:32:30 - getOutlet.php - Params - tgl: 2026-04-07, encrypt: 5b8ae1bc6b9f1f1fb1fdfe9cb8337a80, id_apl: APL01, key: JEC primasa
2026-04-07 11:32:30 - getOutlet.php - Aplikasi ditemukan: Ya
2026-04-07 11:32:30 - getOutlet.php - Key aplikasi: YbcJSFjkds...
2026-04-07 11:32:30 - getOutlet.php - Expected encrypt: 5b8ae1bc6b9f1f1fb1fdfe9cb8337a80
2026-04-07 11:32:30 - getOutlet.php - Received encrypt: 5b8ae1bc6b9f1f1fb1fdfe9cb8337a80
2026-04-07 11:32:30 - getOutlet.php - Authentication berhasil
2026-04-07 11:32:30 - getOutlet.php - Query: SELECT id_out, nama_out, '' AS alamat_out, ofcode_out
            FROM outlet 
            WHERE status_out IN ('Active', '1', 'active')
            AND (nama_out LIKE :key OR ofcode_out LIKE :key)
            ORDER BY nama_out ASC
            LIMIT 20
2026-04-07 11:32:30 - getOutlet.php - Query berhasil, mengembalikan 0 record
2026-04-07 11:32:30 - getOutlet.php - === END REQUEST ===
2026-04-07 04:32:30 - getOutlet.php - === REQUEST GETOUTLET ===
2026-04-07 04:32:30 - getOutlet.php - Method: POST
2026-04-07 04:32:30 - getOutlet.php - POST data: {"tgl":"2026-04-07","encrypt":"5b8ae1bc6b9f1f1fb1fdfe9cb8337a80","id_apl":"APL01","key":"JEC primasana"}
2026-04-07 11:32:30 - getOutlet.php - Params - tgl: 2026-04-07, encrypt: 5b8ae1bc6b9f1f1fb1fdfe9cb8337a80, id_apl: APL01, key: JEC primasana
2026-04-07 11:32:30 - getOutlet.php - Aplikasi ditemukan: Ya
2026-04-07 11:32:30 - getOutlet.php - Key aplikasi: YbcJSFjkds...
2026-04-07 11:32:30 - getOutlet.php - Expected encrypt: 5b8ae1bc6b9f1f1fb1fdfe9cb8337a80
2026-04-07 11:32:30 - getOutlet.php - Received encrypt: 5b8ae1bc6b9f1f1fb1fdfe9cb8337a80
2026-04-07 11:32:30 - getOutlet.php - Authentication berhasil
2026-04-07 11:32:30 - getOutlet.php - Query: SELECT id_out, nama_out, '' AS alamat_out, ofcode_out
            FROM outlet 
            WHERE status_out IN ('Active', '1', 'active')
            AND (nama_out LIKE :key OR ofcode_out LIKE :key)
            ORDER BY nama_out ASC
            LIMIT 20
2026-04-07 11:32:30 - getOutlet.php - Query berhasil, mengembalikan 0 record
2026-04-07 11:32:30 - getOutlet.php - === END REQUEST ===
2026-04-07 04:32:30 - getOutlet.php - === REQUEST GETOUTLET ===
2026-04-07 04:32:30 - getOutlet.php - Method: POST
2026-04-07 04:32:30 - getOutlet.php - POST data: {"tgl":"2026-04-07","encrypt":"5b8ae1bc6b9f1f1fb1fdfe9cb8337a80","id_apl":"APL01","key":"JEC primas"}
2026-04-07 11:32:30 - getOutlet.php - Params - tgl: 2026-04-07, encrypt: 5b8ae1bc6b9f1f1fb1fdfe9cb8337a80, id_apl: APL01, key: JEC primas
2026-04-07 11:32:30 - getOutlet.php - Aplikasi ditemukan: Ya
2026-04-07 11:32:30 - getOutlet.php - Key aplikasi: YbcJSFjkds...
2026-04-07 11:32:30 - getOutlet.php - Expected encrypt: 5b8ae1bc6b9f1f1fb1fdfe9cb8337a80
2026-04-07 11:32:30 - getOutlet.php - Received encrypt: 5b8ae1bc6b9f1f1fb1fdfe9cb8337a80
2026-04-07 11:32:30 - getOutlet.php - Authentication berhasil
2026-04-07 11:32:30 - getOutlet.php - Query: SELECT id_out, nama_out, '' AS alamat_out, ofcode_out
            FROM outlet 
            WHERE status_out IN ('Active', '1', 'active')
            AND (nama_out LIKE :key OR ofcode_out LIKE :key)
            ORDER BY nama_out ASC
            LIMIT 20
2026-04-07 11:32:30 - getOutlet.php - Query berhasil, mengembalikan 0 record
2026-04-07 11:32:30 - getOutlet.php - === END REQUEST ===
2026-04-07 04:32:30 - getOutlet.php - === REQUEST GETOUTLET ===
2026-04-07 04:32:30 - getOutlet.php - Method: POST
2026-04-07 04:32:30 - getOutlet.php - POST data: {"tgl":"2026-04-07","encrypt":"5b8ae1bc6b9f1f1fb1fdfe9cb8337a80","id_apl":"APL01","key":"JEC prima"}
2026-04-07 11:32:30 - getOutlet.php - Params - tgl: 2026-04-07, encrypt: 5b8ae1bc6b9f1f1fb1fdfe9cb8337a80, id_apl: APL01, key: JEC prima
2026-04-07 11:32:30 - getOutlet.php - Aplikasi ditemukan: Ya
2026-04-07 11:32:30 - getOutlet.php - Key aplikasi: YbcJSFjkds...
2026-04-07 11:32:30 - getOutlet.php - Expected encrypt: 5b8ae1bc6b9f1f1fb1fdfe9cb8337a80
2026-04-07 11:32:30 - getOutlet.php - Received encrypt: 5b8ae1bc6b9f1f1fb1fdfe9cb8337a80
2026-04-07 11:32:30 - getOutlet.php - Authentication berhasil
2026-04-07 11:32:30 - getOutlet.php - Query: SELECT id_out, nama_out, '' AS alamat_out, ofcode_out
            FROM outlet 
            WHERE status_out IN ('Active', '1', 'active')
            AND (nama_out LIKE :key OR ofcode_out LIKE :key)
            ORDER BY nama_out ASC
            LIMIT 20
2026-04-07 11:32:30 - getOutlet.php - Query berhasil, mengembalikan 0 record
2026-04-07 11:32:30 - getOutlet.php - === END REQUEST ===
2026-04-07 04:32:30 - getOutlet.php - === REQUEST GETOUTLET ===
2026-04-07 04:32:30 - getOutlet.php - Method: POST
2026-04-07 04:32:30 - getOutlet.php - === REQUEST GETOUTLET ===
2026-04-07 04:32:30 - getOutlet.php - POST data: {"tgl":"2026-04-07","encrypt":"5b8ae1bc6b9f1f1fb1fdfe9cb8337a80","id_apl":"APL01","key":"JEC prim"}
2026-04-07 04:32:30 - getOutlet.php - Method: POST
2026-04-07 04:32:30 - getOutlet.php - POST data: {"tgl":"2026-04-07","encrypt":"5b8ae1bc6b9f1f1fb1fdfe9cb8337a80","id_apl":"APL01","key":"JEC pri"}
2026-04-07 11:32:30 - getOutlet.php - Params - tgl: 2026-04-07, encrypt: 5b8ae1bc6b9f1f1fb1fdfe9cb8337a80, id_apl: APL01, key: JEC prim
2026-04-07 11:32:30 - getOutlet.php - Params - tgl: 2026-04-07, encrypt: 5b8ae1bc6b9f1f1fb1fdfe9cb8337a80, id_apl: APL01, key: JEC pri
2026-04-07 11:32:30 - getOutlet.php - Aplikasi ditemukan: Ya
2026-04-07 11:32:30 - getOutlet.php - Aplikasi ditemukan: Ya
2026-04-07 11:32:30 - getOutlet.php - Key aplikasi: YbcJSFjkds...
2026-04-07 11:32:30 - getOutlet.php - Expected encrypt: 5b8ae1bc6b9f1f1fb1fdfe9cb8337a80
2026-04-07 11:32:30 - getOutlet.php - Key aplikasi: YbcJSFjkds...
2026-04-07 11:32:30 - getOutlet.php - Received encrypt: 5b8ae1bc6b9f1f1fb1fdfe9cb8337a80
2026-04-07 11:32:30 - getOutlet.php - Expected encrypt: 5b8ae1bc6b9f1f1fb1fdfe9cb8337a80
2026-04-07 11:32:30 - getOutlet.php - Authentication berhasil
2026-04-07 11:32:30 - getOutlet.php - Received encrypt: 5b8ae1bc6b9f1f1fb1fdfe9cb8337a80
2026-04-07 11:32:30 - getOutlet.php - Authentication berhasil
2026-04-07 11:32:30 - getOutlet.php - Query: SELECT id_out, nama_out, '' AS alamat_out, ofcode_out
            FROM outlet 
            WHERE status_out IN ('Active', '1', 'active')
            AND (nama_out LIKE :key OR ofcode_out LIKE :key)
            ORDER BY nama_out ASC
            LIMIT 20
2026-04-07 11:32:30 - getOutlet.php - Query: SELECT id_out, nama_out, '' AS alamat_out, ofcode_out
            FROM outlet 
            WHERE status_out IN ('Active', '1', 'active')
            AND (nama_out LIKE :key OR ofcode_out LIKE :key)
            ORDER BY nama_out ASC
            LIMIT 20
2026-04-07 11:32:30 - getOutlet.php - Query berhasil, mengembalikan 0 record
2026-04-07 11:32:30 - getOutlet.php - === END REQUEST ===
2026-04-07 11:32:30 - getOutlet.php - Query berhasil, mengembalikan 0 record
2026-04-07 11:32:30 - getOutlet.php - === END REQUEST ===
2026-04-07 04:32:30 - getOutlet.php - === REQUEST GETOUTLET ===
2026-04-07 04:32:30 - getOutlet.php - Method: POST
2026-04-07 04:32:30 - getOutlet.php - POST data: {"tgl":"2026-04-07","encrypt":"5b8ae1bc6b9f1f1fb1fdfe9cb8337a80","id_apl":"APL01","key":"JEC pr"}
2026-04-07 11:32:30 - getOutlet.php - Params - tgl: 2026-04-07, encrypt: 5b8ae1bc6b9f1f1fb1fdfe9cb8337a80, id_apl: APL01, key: JEC pr
2026-04-07 11:32:30 - getOutlet.php - Aplikasi ditemukan: Ya
2026-04-07 11:32:30 - getOutlet.php - Key aplikasi: YbcJSFjkds...
2026-04-07 11:32:30 - getOutlet.php - Expected encrypt: 5b8ae1bc6b9f1f1fb1fdfe9cb8337a80
2026-04-07 11:32:30 - getOutlet.php - Received encrypt: 5b8ae1bc6b9f1f1fb1fdfe9cb8337a80
2026-04-07 11:32:30 - getOutlet.php - Authentication berhasil
2026-04-07 11:32:30 - getOutlet.php - Query: SELECT id_out, nama_out, '' AS alamat_out, ofcode_out
            FROM outlet 
            WHERE status_out IN ('Active', '1', 'active')
            AND (nama_out LIKE :key OR ofcode_out LIKE :key)
            ORDER BY nama_out ASC
            LIMIT 20
2026-04-07 11:32:30 - getOutlet.php - Query berhasil, mengembalikan 0 record
2026-04-07 11:32:30 - getOutlet.php - === END REQUEST ===
2026-04-07 04:32:30 - getOutlet.php - === REQUEST GETOUTLET ===
2026-04-07 04:32:30 - getOutlet.php - Method: POST
2026-04-07 04:32:30 - getOutlet.php - POST data: {"tgl":"2026-04-07","encrypt":"5b8ae1bc6b9f1f1fb1fdfe9cb8337a80","id_apl":"APL01","key":"JEC"}
2026-04-07 11:32:30 - getOutlet.php - Params - tgl: 2026-04-07, encrypt: 5b8ae1bc6b9f1f1fb1fdfe9cb8337a80, id_apl: APL01, key: JEC
2026-04-07 11:32:30 - getOutlet.php - Aplikasi ditemukan: Ya
2026-04-07 11:32:30 - getOutlet.php - Key aplikasi: YbcJSFjkds...
2026-04-07 11:32:30 - getOutlet.php - Expected encrypt: 5b8ae1bc6b9f1f1fb1fdfe9cb8337a80
2026-04-07 11:32:30 - getOutlet.php - Received encrypt: 5b8ae1bc6b9f1f1fb1fdfe9cb8337a80
2026-04-07 11:32:30 - getOutlet.php - Authentication berhasil
2026-04-07 11:32:30 - getOutlet.php - Query: SELECT id_out, nama_out, '' AS alamat_out, ofcode_out
            FROM outlet 
            WHERE status_out IN ('Active', '1', 'active')
            AND (nama_out LIKE :key OR ofcode_out LIKE :key)
            ORDER BY nama_out ASC
            LIMIT 20
2026-04-07 11:32:30 - getOutlet.php - Query berhasil, mengembalikan 12 record
2026-04-07 11:32:30 - getOutlet.php - === END REQUEST ===
2026-04-07 04:32:30 - getOutlet.php - === REQUEST GETOUTLET ===
2026-04-07 04:32:30 - getOutlet.php - Method: POST
2026-04-07 04:32:30 - getOutlet.php - POST data: {"tgl":"2026-04-07","encrypt":"5b8ae1bc6b9f1f1fb1fdfe9cb8337a80","id_apl":"APL01","key":"JEC p"}
2026-04-07 11:32:30 - getOutlet.php - Params - tgl: 2026-04-07, encrypt: 5b8ae1bc6b9f1f1fb1fdfe9cb8337a80, id_apl: APL01, key: JEC p
2026-04-07 11:32:30 - getOutlet.php - Aplikasi ditemukan: Ya
2026-04-07 11:32:30 - getOutlet.php - Key aplikasi: YbcJSFjkds...
2026-04-07 11:32:30 - getOutlet.php - Expected encrypt: 5b8ae1bc6b9f1f1fb1fdfe9cb8337a80
2026-04-07 11:32:30 - getOutlet.php - Received encrypt: 5b8ae1bc6b9f1f1fb1fdfe9cb8337a80
2026-04-07 11:32:30 - getOutlet.php - Authentication berhasil
2026-04-07 11:32:30 - getOutlet.php - Query: SELECT id_out, nama_out, '' AS alamat_out, ofcode_out
            FROM outlet 
            WHERE status_out IN ('Active', '1', 'active')
            AND (nama_out LIKE :key OR ofcode_out LIKE :key)
            ORDER BY nama_out ASC
            LIMIT 20
2026-04-07 11:32:30 - getOutlet.php - Query berhasil, mengembalikan 0 record
2026-04-07 11:32:30 - getOutlet.php - === END REQUEST ===
2026-04-07 04:32:30 - getOutlet.php - === REQUEST GETOUTLET ===
2026-04-07 04:32:30 - getOutlet.php - Method: POST
2026-04-07 04:32:30 - getOutlet.php - POST data: {"tgl":"2026-04-07","encrypt":"5b8ae1bc6b9f1f1fb1fdfe9cb8337a80","id_apl":"APL01","key":"JEC"}
2026-04-07 11:32:30 - getOutlet.php - Params - tgl: 2026-04-07, encrypt: 5b8ae1bc6b9f1f1fb1fdfe9cb8337a80, id_apl: APL01, key: JEC
2026-04-07 11:32:30 - getOutlet.php - Aplikasi ditemukan: Ya
2026-04-07 11:32:30 - getOutlet.php - Key aplikasi: YbcJSFjkds...
2026-04-07 11:32:30 - getOutlet.php - Expected encrypt: 5b8ae1bc6b9f1f1fb1fdfe9cb8337a80
2026-04-07 11:32:30 - getOutlet.php - Received encrypt: 5b8ae1bc6b9f1f1fb1fdfe9cb8337a80
2026-04-07 11:32:30 - getOutlet.php - Authentication berhasil
2026-04-07 11:32:30 - getOutlet.php - Query: SELECT id_out, nama_out, '' AS alamat_out, ofcode_out
            FROM outlet 
            WHERE status_out IN ('Active', '1', 'active')
            AND (nama_out LIKE :key OR ofcode_out LIKE :key)
            ORDER BY nama_out ASC
            LIMIT 20
2026-04-07 11:32:30 - getOutlet.php - Query berhasil, mengembalikan 12 record
2026-04-07 11:32:30 - getOutlet.php - === END REQUEST ===
2026-04-07 04:32:30 - getOutlet.php - === REQUEST GETOUTLET ===
2026-04-07 04:32:30 - getOutlet.php - Method: POST
2026-04-07 04:32:30 - getOutlet.php - POST data: {"tgl":"2026-04-07","encrypt":"5b8ae1bc6b9f1f1fb1fdfe9cb8337a80","id_apl":"APL01","key":"JE"}
2026-04-07 11:32:30 - getOutlet.php - Params - tgl: 2026-04-07, encrypt: 5b8ae1bc6b9f1f1fb1fdfe9cb8337a80, id_apl: APL01, key: JE
2026-04-07 11:32:30 - getOutlet.php - Aplikasi ditemukan: Ya
2026-04-07 11:32:30 - getOutlet.php - Key aplikasi: YbcJSFjkds...
2026-04-07 11:32:30 - getOutlet.php - Expected encrypt: 5b8ae1bc6b9f1f1fb1fdfe9cb8337a80
2026-04-07 11:32:30 - getOutlet.php - Received encrypt: 5b8ae1bc6b9f1f1fb1fdfe9cb8337a80
2026-04-07 11:32:30 - getOutlet.php - Authentication berhasil
2026-04-07 11:32:30 - getOutlet.php - Query: SELECT id_out, nama_out, '' AS alamat_out, ofcode_out
            FROM outlet 
            WHERE status_out IN ('Active', '1', 'active')
            AND (nama_out LIKE :key OR ofcode_out LIKE :key)
            ORDER BY nama_out ASC
            LIMIT 20
2026-04-07 11:32:30 - getOutlet.php - Query berhasil, mengembalikan 19 record
2026-04-07 11:32:30 - getOutlet.php - === END REQUEST ===
2026-04-07 04:32:32 - getOutlet.php - === REQUEST GETOUTLET ===
2026-04-07 04:32:32 - getOutlet.php - Method: POST
2026-04-07 04:32:32 - getOutlet.php - POST data: {"tgl":"2026-04-07","encrypt":"5b8ae1bc6b9f1f1fb1fdfe9cb8337a80","id_apl":"APL01","key":"Rs"}
2026-04-07 11:32:32 - getOutlet.php - Params - tgl: 2026-04-07, encrypt: 5b8ae1bc6b9f1f1fb1fdfe9cb8337a80, id_apl: APL01, key: Rs
2026-04-07 11:32:32 - getOutlet.php - Aplikasi ditemukan: Ya
2026-04-07 11:32:32 - getOutlet.php - Key aplikasi: YbcJSFjkds...
2026-04-07 11:32:32 - getOutlet.php - Expected encrypt: 5b8ae1bc6b9f1f1fb1fdfe9cb8337a80
2026-04-07 11:32:32 - getOutlet.php - Received encrypt: 5b8ae1bc6b9f1f1fb1fdfe9cb8337a80
2026-04-07 11:32:32 - getOutlet.php - Authentication berhasil
2026-04-07 11:32:32 - getOutlet.php - Query: SELECT id_out, nama_out, '' AS alamat_out, ofcode_out
            FROM outlet 
            WHERE status_out IN ('Active', '1', 'active')
            AND (nama_out LIKE :key OR ofcode_out LIKE :key)
            ORDER BY nama_out ASC
            LIMIT 20
2026-04-07 11:32:32 - getOutlet.php - Query berhasil, mengembalikan 20 record
2026-04-07 11:32:32 - getOutlet.php - === END REQUEST ===
2026-04-07 04:32:32 - getOutlet.php - === REQUEST GETOUTLET ===
2026-04-07 04:32:32 - getOutlet.php - Method: POST
2026-04-07 04:32:32 - getOutlet.php - POST data: {"tgl":"2026-04-07","encrypt":"5b8ae1bc6b9f1f1fb1fdfe9cb8337a80","id_apl":"APL01","key":"RS"}
2026-04-07 11:32:32 - getOutlet.php - Params - tgl: 2026-04-07, encrypt: 5b8ae1bc6b9f1f1fb1fdfe9cb8337a80, id_apl: APL01, key: RS
2026-04-07 11:32:32 - getOutlet.php - Aplikasi ditemukan: Ya
2026-04-07 11:32:32 - getOutlet.php - Key aplikasi: YbcJSFjkds...
2026-04-07 11:32:32 - getOutlet.php - Expected encrypt: 5b8ae1bc6b9f1f1fb1fdfe9cb8337a80
2026-04-07 11:32:32 - getOutlet.php - Received encrypt: 5b8ae1bc6b9f1f1fb1fdfe9cb8337a80
2026-04-07 11:32:32 - getOutlet.php - Authentication berhasil
2026-04-07 11:32:32 - getOutlet.php - Query: SELECT id_out, nama_out, '' AS alamat_out, ofcode_out
            FROM outlet 
            WHERE status_out IN ('Active', '1', 'active')
            AND (nama_out LIKE :key OR ofcode_out LIKE :key)
            ORDER BY nama_out ASC
            LIMIT 20
2026-04-07 11:32:32 - getOutlet.php - Query berhasil, mengembalikan 20 record
2026-04-07 11:32:32 - getOutlet.php - === END REQUEST ===
2026-04-07 04:32:33 - getOutlet.php - === REQUEST GETOUTLET ===
2026-04-07 04:32:33 - getOutlet.php - Method: POST
2026-04-07 04:32:33 - getOutlet.php - POST data: {"tgl":"2026-04-07","encrypt":"5b8ae1bc6b9f1f1fb1fdfe9cb8337a80","id_apl":"APL01","key":"RS m"}
2026-04-07 11:32:33 - getOutlet.php - Params - tgl: 2026-04-07, encrypt: 5b8ae1bc6b9f1f1fb1fdfe9cb8337a80, id_apl: APL01, key: RS m
2026-04-07 11:32:33 - getOutlet.php - Aplikasi ditemukan: Ya
2026-04-07 11:32:33 - getOutlet.php - Key aplikasi: YbcJSFjkds...
2026-04-07 11:32:33 - getOutlet.php - Expected encrypt: 5b8ae1bc6b9f1f1fb1fdfe9cb8337a80
2026-04-07 11:32:33 - getOutlet.php - Received encrypt: 5b8ae1bc6b9f1f1fb1fdfe9cb8337a80
2026-04-07 11:32:33 - getOutlet.php - Authentication berhasil
2026-04-07 11:32:33 - getOutlet.php - Query: SELECT id_out, nama_out, '' AS alamat_out, ofcode_out
            FROM outlet 
            WHERE status_out IN ('Active', '1', 'active')
            AND (nama_out LIKE :key OR ofcode_out LIKE :key)
            ORDER BY nama_out ASC
            LIMIT 20
2026-04-07 11:32:33 - getOutlet.php - Query berhasil, mengembalikan 20 record
2026-04-07 11:32:33 - getOutlet.php - === END REQUEST ===
2026-04-07 04:32:33 - getOutlet.php - === REQUEST GETOUTLET ===
2026-04-07 04:32:33 - getOutlet.php - Method: POST
2026-04-07 04:32:33 - getOutlet.php - POST data: {"tgl":"2026-04-07","encrypt":"5b8ae1bc6b9f1f1fb1fdfe9cb8337a80","id_apl":"APL01","key":"RS ma"}
2026-04-07 11:32:33 - getOutlet.php - Params - tgl: 2026-04-07, encrypt: 5b8ae1bc6b9f1f1fb1fdfe9cb8337a80, id_apl: APL01, key: RS ma
2026-04-07 11:32:33 - getOutlet.php - Aplikasi ditemukan: Ya
2026-04-07 11:32:33 - getOutlet.php - Key aplikasi: YbcJSFjkds...
2026-04-07 11:32:33 - getOutlet.php - Expected encrypt: 5b8ae1bc6b9f1f1fb1fdfe9cb8337a80
2026-04-07 11:32:33 - getOutlet.php - Received encrypt: 5b8ae1bc6b9f1f1fb1fdfe9cb8337a80
2026-04-07 11:32:33 - getOutlet.php - Authentication berhasil
2026-04-07 11:32:33 - getOutlet.php - Query: SELECT id_out, nama_out, '' AS alamat_out, ofcode_out
            FROM outlet 
            WHERE status_out IN ('Active', '1', 'active')
            AND (nama_out LIKE :key OR ofcode_out LIKE :key)
            ORDER BY nama_out ASC
            LIMIT 20
2026-04-07 11:32:33 - getOutlet.php - Query berhasil, mengembalikan 18 record
2026-04-07 11:32:33 - getOutlet.php - === END REQUEST ===
2026-04-07 04:32:33 - getOutlet.php - === REQUEST GETOUTLET ===
2026-04-07 04:32:33 - getOutlet.php - Method: POST
2026-04-07 04:32:33 - getOutlet.php - POST data: {"tgl":"2026-04-07","encrypt":"5b8ae1bc6b9f1f1fb1fdfe9cb8337a80","id_apl":"APL01","key":"RS mat"}
2026-04-07 11:32:33 - getOutlet.php - Params - tgl: 2026-04-07, encrypt: 5b8ae1bc6b9f1f1fb1fdfe9cb8337a80, id_apl: APL01, key: RS mat
2026-04-07 11:32:33 - getOutlet.php - Aplikasi ditemukan: Ya
2026-04-07 11:32:33 - getOutlet.php - Key aplikasi: YbcJSFjkds...
2026-04-07 11:32:33 - getOutlet.php - Expected encrypt: 5b8ae1bc6b9f1f1fb1fdfe9cb8337a80
2026-04-07 11:32:33 - getOutlet.php - Received encrypt: 5b8ae1bc6b9f1f1fb1fdfe9cb8337a80
2026-04-07 11:32:33 - getOutlet.php - Authentication berhasil
2026-04-07 11:32:33 - getOutlet.php - Query: SELECT id_out, nama_out, '' AS alamat_out, ofcode_out
            FROM outlet 
            WHERE status_out IN ('Active', '1', 'active')
            AND (nama_out LIKE :key OR ofcode_out LIKE :key)
            ORDER BY nama_out ASC
            LIMIT 20
2026-04-07 11:32:33 - getOutlet.php - Query berhasil, mengembalikan 8 record
2026-04-07 11:32:33 - getOutlet.php - === END REQUEST ===
2026-04-07 04:32:33 - getOutlet.php - === REQUEST GETOUTLET ===
2026-04-07 04:32:33 - getOutlet.php - Method: POST
2026-04-07 04:32:33 - getOutlet.php - POST data: {"tgl":"2026-04-07","encrypt":"5b8ae1bc6b9f1f1fb1fdfe9cb8337a80","id_apl":"APL01","key":"RS mata"}
2026-04-07 11:32:33 - getOutlet.php - Params - tgl: 2026-04-07, encrypt: 5b8ae1bc6b9f1f1fb1fdfe9cb8337a80, id_apl: APL01, key: RS mata
2026-04-07 11:32:33 - getOutlet.php - Aplikasi ditemukan: Ya
2026-04-07 11:32:33 - getOutlet.php - Key aplikasi: YbcJSFjkds...
2026-04-07 11:32:33 - getOutlet.php - Expected encrypt: 5b8ae1bc6b9f1f1fb1fdfe9cb8337a80
2026-04-07 11:32:33 - getOutlet.php - Received encrypt: 5b8ae1bc6b9f1f1fb1fdfe9cb8337a80
2026-04-07 11:32:33 - getOutlet.php - Authentication berhasil
2026-04-07 11:32:33 - getOutlet.php - Query: SELECT id_out, nama_out, '' AS alamat_out, ofcode_out
            FROM outlet 
            WHERE status_out IN ('Active', '1', 'active')
            AND (nama_out LIKE :key OR ofcode_out LIKE :key)
            ORDER BY nama_out ASC
            LIMIT 20
2026-04-07 11:32:33 - getOutlet.php - Query berhasil, mengembalikan 8 record
2026-04-07 11:32:33 - getOutlet.php - === END REQUEST ===
2026-04-07 04:32:36 - getOutlet.php - === REQUEST GETOUTLET ===
2026-04-07 04:32:36 - getOutlet.php - Method: POST
2026-04-07 04:32:36 - getOutlet.php - POST data: {"tgl":"2026-04-07","encrypt":"5b8ae1bc6b9f1f1fb1fdfe9cb8337a80","id_apl":"APL01","key":"RS MATA"}
2026-04-07 11:32:36 - getOutlet.php - Params - tgl: 2026-04-07, encrypt: 5b8ae1bc6b9f1f1fb1fdfe9cb8337a80, id_apl: APL01, key: RS MATA
2026-04-07 11:32:36 - getOutlet.php - Aplikasi ditemukan: Ya
2026-04-07 11:32:36 - getOutlet.php - Key aplikasi: YbcJSFjkds...
2026-04-07 11:32:36 - getOutlet.php - Expected encrypt: 5b8ae1bc6b9f1f1fb1fdfe9cb8337a80
2026-04-07 11:32:36 - getOutlet.php - Received encrypt: 5b8ae1bc6b9f1f1fb1fdfe9cb8337a80
2026-04-07 11:32:36 - getOutlet.php - Authentication berhasil
2026-04-07 11:32:36 - getOutlet.php - Query: SELECT id_out, nama_out, '' AS alamat_out, ofcode_out
            FROM outlet 
            WHERE status_out IN ('Active', '1', 'active')
            AND (nama_out LIKE :key OR ofcode_out LIKE :key)
            ORDER BY nama_out ASC
            LIMIT 20
2026-04-07 11:32:36 - getOutlet.php - Query berhasil, mengembalikan 8 record
2026-04-07 11:32:36 - getOutlet.php - === END REQUEST ===
2026-04-07 04:32:36 - getOutlet.php - === REQUEST GETOUTLET ===
2026-04-07 04:32:36 - getOutlet.php - Method: POST
2026-04-07 04:32:36 - getOutlet.php - POST data: {"tgl":"2026-04-07","encrypt":"5b8ae1bc6b9f1f1fb1fdfe9cb8337a80","id_apl":"APL01","key":"RS"}
2026-04-07 11:32:36 - getOutlet.php - Params - tgl: 2026-04-07, encrypt: 5b8ae1bc6b9f1f1fb1fdfe9cb8337a80, id_apl: APL01, key: RS
2026-04-07 11:32:36 - getOutlet.php - Aplikasi ditemukan: Ya
2026-04-07 11:32:36 - getOutlet.php - Key aplikasi: YbcJSFjkds...
2026-04-07 11:32:36 - getOutlet.php - Expected encrypt: 5b8ae1bc6b9f1f1fb1fdfe9cb8337a80
2026-04-07 11:32:36 - getOutlet.php - Received encrypt: 5b8ae1bc6b9f1f1fb1fdfe9cb8337a80
2026-04-07 11:32:36 - getOutlet.php - Authentication berhasil
2026-04-07 11:32:36 - getOutlet.php - Query: SELECT id_out, nama_out, '' AS alamat_out, ofcode_out
            FROM outlet 
            WHERE status_out IN ('Active', '1', 'active')
            AND (nama_out LIKE :key OR ofcode_out LIKE :key)
            ORDER BY nama_out ASC
            LIMIT 20
2026-04-07 11:32:36 - getOutlet.php - Query berhasil, mengembalikan 20 record
2026-04-07 11:32:36 - getOutlet.php - === END REQUEST ===
2026-04-07 04:32:41 - getOutlet.php - === REQUEST GETOUTLET ===
2026-04-07 04:32:41 - getOutlet.php - Method: POST
2026-04-07 04:32:41 - getOutlet.php - POST data: {"tgl":"2026-04-07","encrypt":"5b8ae1bc6b9f1f1fb1fdfe9cb8337a80","id_apl":"APL01","key":"RS MATA j"}
2026-04-07 11:32:41 - getOutlet.php - Params - tgl: 2026-04-07, encrypt: 5b8ae1bc6b9f1f1fb1fdfe9cb8337a80, id_apl: APL01, key: RS MATA j
2026-04-07 04:32:41 - getOutlet.php - === REQUEST GETOUTLET ===
2026-04-07 04:32:41 - getOutlet.php - Method: POST
2026-04-07 04:32:41 - getOutlet.php - POST data: {"tgl":"2026-04-07","encrypt":"5b8ae1bc6b9f1f1fb1fdfe9cb8337a80","id_apl":"APL01","key":"RS MATA je"}
2026-04-07 11:32:41 - getOutlet.php - Params - tgl: 2026-04-07, encrypt: 5b8ae1bc6b9f1f1fb1fdfe9cb8337a80, id_apl: APL01, key: RS MATA je
2026-04-07 11:32:41 - getOutlet.php - Aplikasi ditemukan: Ya
2026-04-07 11:32:41 - getOutlet.php - Aplikasi ditemukan: Ya
2026-04-07 11:32:41 - getOutlet.php - Key aplikasi: YbcJSFjkds...
2026-04-07 11:32:41 - getOutlet.php - Expected encrypt: 5b8ae1bc6b9f1f1fb1fdfe9cb8337a80
2026-04-07 11:32:41 - getOutlet.php - Key aplikasi: YbcJSFjkds...
2026-04-07 11:32:41 - getOutlet.php - Received encrypt: 5b8ae1bc6b9f1f1fb1fdfe9cb8337a80
2026-04-07 11:32:41 - getOutlet.php - Expected encrypt: 5b8ae1bc6b9f1f1fb1fdfe9cb8337a80
2026-04-07 11:32:41 - getOutlet.php - Authentication berhasil
2026-04-07 11:32:41 - getOutlet.php - Received encrypt: 5b8ae1bc6b9f1f1fb1fdfe9cb8337a80
2026-04-07 11:32:41 - getOutlet.php - Authentication berhasil
2026-04-07 11:32:41 - getOutlet.php - Query: SELECT id_out, nama_out, '' AS alamat_out, ofcode_out
            FROM outlet 
            WHERE status_out IN ('Active', '1', 'active')
            AND (nama_out LIKE :key OR ofcode_out LIKE :key)
            ORDER BY nama_out ASC
            LIMIT 20
2026-04-07 11:32:41 - getOutlet.php - Query: SELECT id_out, nama_out, '' AS alamat_out, ofcode_out
            FROM outlet 
            WHERE status_out IN ('Active', '1', 'active')
            AND (nama_out LIKE :key OR ofcode_out LIKE :key)
            ORDER BY nama_out ASC
            LIMIT 20
2026-04-07 11:32:41 - getOutlet.php - Query berhasil, mengembalikan 5 record
2026-04-07 11:32:41 - getOutlet.php - === END REQUEST ===
2026-04-07 11:32:41 - getOutlet.php - Query berhasil, mengembalikan 5 record
2026-04-07 11:32:41 - getOutlet.php - === END REQUEST ===
2026-04-07 04:32:41 - getOutlet.php - === REQUEST GETOUTLET ===
2026-04-07 04:32:41 - getOutlet.php - Method: POST
2026-04-07 04:32:41 - getOutlet.php - POST data: {"tgl":"2026-04-07","encrypt":"5b8ae1bc6b9f1f1fb1fdfe9cb8337a80","id_apl":"APL01","key":"RS MATA jec"}
2026-04-07 11:32:41 - getOutlet.php - Params - tgl: 2026-04-07, encrypt: 5b8ae1bc6b9f1f1fb1fdfe9cb8337a80, id_apl: APL01, key: RS MATA jec
2026-04-07 11:32:41 - getOutlet.php - Aplikasi ditemukan: Ya
2026-04-07 11:32:41 - getOutlet.php - Key aplikasi: YbcJSFjkds...
2026-04-07 11:32:41 - getOutlet.php - Expected encrypt: 5b8ae1bc6b9f1f1fb1fdfe9cb8337a80
2026-04-07 11:32:41 - getOutlet.php - Received encrypt: 5b8ae1bc6b9f1f1fb1fdfe9cb8337a80
2026-04-07 11:32:41 - getOutlet.php - Authentication berhasil
2026-04-07 11:32:41 - getOutlet.php - Query: SELECT id_out, nama_out, '' AS alamat_out, ofcode_out
            FROM outlet 
            WHERE status_out IN ('Active', '1', 'active')
            AND (nama_out LIKE :key OR ofcode_out LIKE :key)
            ORDER BY nama_out ASC
            LIMIT 20
2026-04-07 11:32:41 - getOutlet.php - Query berhasil, mengembalikan 5 record
2026-04-07 11:32:41 - getOutlet.php - === END REQUEST ===
2026-04-07 04:32:41 - getOutlet.php - === REQUEST GETOUTLET ===
2026-04-07 04:32:41 - getOutlet.php - === REQUEST GETOUTLET ===
2026-04-07 04:32:41 - getOutlet.php - Method: POST
2026-04-07 04:32:41 - getOutlet.php - Method: POST
2026-04-07 04:32:41 - getOutlet.php - POST data: {"tgl":"2026-04-07","encrypt":"5b8ae1bc6b9f1f1fb1fdfe9cb8337a80","id_apl":"APL01","key":"RS MATA JEC"}
2026-04-07 04:32:41 - getOutlet.php - POST data: {"tgl":"2026-04-07","encrypt":"5b8ae1bc6b9f1f1fb1fdfe9cb8337a80","id_apl":"APL01","key":"RS MATA"}
2026-04-07 11:32:41 - getOutlet.php - Params - tgl: 2026-04-07, encrypt: 5b8ae1bc6b9f1f1fb1fdfe9cb8337a80, id_apl: APL01, key: RS MATA JEC
2026-04-07 11:32:41 - getOutlet.php - Params - tgl: 2026-04-07, encrypt: 5b8ae1bc6b9f1f1fb1fdfe9cb8337a80, id_apl: APL01, key: RS MATA
2026-04-07 11:32:41 - getOutlet.php - Aplikasi ditemukan: Ya
2026-04-07 11:32:41 - getOutlet.php - Aplikasi ditemukan: Ya
2026-04-07 11:32:41 - getOutlet.php - Key aplikasi: YbcJSFjkds...
2026-04-07 11:32:41 - getOutlet.php - Key aplikasi: YbcJSFjkds...
2026-04-07 11:32:41 - getOutlet.php - Expected encrypt: 5b8ae1bc6b9f1f1fb1fdfe9cb8337a80
2026-04-07 11:32:41 - getOutlet.php - Expected encrypt: 5b8ae1bc6b9f1f1fb1fdfe9cb8337a80
2026-04-07 11:32:41 - getOutlet.php - Received encrypt: 5b8ae1bc6b9f1f1fb1fdfe9cb8337a80
2026-04-07 11:32:41 - getOutlet.php - Received encrypt: 5b8ae1bc6b9f1f1fb1fdfe9cb8337a80
2026-04-07 11:32:41 - getOutlet.php - Authentication berhasil
2026-04-07 11:32:41 - getOutlet.php - Authentication berhasil
2026-04-07 11:32:41 - getOutlet.php - Query: SELECT id_out, nama_out, '' AS alamat_out, ofcode_out
            FROM outlet 
            WHERE status_out IN ('Active', '1', 'active')
            AND (nama_out LIKE :key OR ofcode_out LIKE :key)
            ORDER BY nama_out ASC
            LIMIT 20
2026-04-07 11:32:41 - getOutlet.php - Query: SELECT id_out, nama_out, '' AS alamat_out, ofcode_out
            FROM outlet 
            WHERE status_out IN ('Active', '1', 'active')
            AND (nama_out LIKE :key OR ofcode_out LIKE :key)
            ORDER BY nama_out ASC
            LIMIT 20
2026-04-07 11:32:41 - getOutlet.php - Query berhasil, mengembalikan 5 record
2026-04-07 11:32:41 - getOutlet.php - === END REQUEST ===
2026-04-07 11:32:41 - getOutlet.php - Query berhasil, mengembalikan 8 record
2026-04-07 11:32:41 - getOutlet.php - === END REQUEST ===
2026-04-07 04:32:47 - getOutlet.php - === REQUEST GETOUTLET ===
2026-04-07 04:32:47 - getOutlet.php - Method: POST
2026-04-07 04:32:47 - getOutlet.php - POST data: {"tgl":"2026-04-07","encrypt":"5b8ae1bc6b9f1f1fb1fdfe9cb8337a80","id_apl":"APL01","key":"RS MATA JEC"}
2026-04-07 11:32:47 - getOutlet.php - Params - tgl: 2026-04-07, encrypt: 5b8ae1bc6b9f1f1fb1fdfe9cb8337a80, id_apl: APL01, key: RS MATA JEC
2026-04-07 11:32:47 - getOutlet.php - Aplikasi ditemukan: Ya
2026-04-07 11:32:47 - getOutlet.php - Key aplikasi: YbcJSFjkds...
2026-04-07 11:32:47 - getOutlet.php - Expected encrypt: 5b8ae1bc6b9f1f1fb1fdfe9cb8337a80
2026-04-07 11:32:47 - getOutlet.php - Received encrypt: 5b8ae1bc6b9f1f1fb1fdfe9cb8337a80
2026-04-07 11:32:47 - getOutlet.php - Authentication berhasil
2026-04-07 11:32:47 - getOutlet.php - Query: SELECT id_out, nama_out, '' AS alamat_out, ofcode_out
            FROM outlet 
            WHERE status_out IN ('Active', '1', 'active')
            AND (nama_out LIKE :key OR ofcode_out LIKE :key)
            ORDER BY nama_out ASC
            LIMIT 20
2026-04-07 11:32:47 - getOutlet.php - Query berhasil, mengembalikan 5 record
2026-04-07 11:32:47 - getOutlet.php - === END REQUEST ===
2026-04-07 04:32:47 - getOutlet.php - === REQUEST GETOUTLET ===
2026-04-07 04:32:47 - getOutlet.php - Method: POST
2026-04-07 04:32:47 - getOutlet.php - POST data: {"tgl":"2026-04-07","encrypt":"5b8ae1bc6b9f1f1fb1fdfe9cb8337a80","id_apl":"APL01","key":"RS MATA JEC@"}
2026-04-07 11:32:47 - getOutlet.php - Params - tgl: 2026-04-07, encrypt: 5b8ae1bc6b9f1f1fb1fdfe9cb8337a80, id_apl: APL01, key: RS MATA JEC@
2026-04-07 11:32:47 - getOutlet.php - Aplikasi ditemukan: Ya
2026-04-07 11:32:47 - getOutlet.php - Key aplikasi: YbcJSFjkds...
2026-04-07 11:32:47 - getOutlet.php - Expected encrypt: 5b8ae1bc6b9f1f1fb1fdfe9cb8337a80
2026-04-07 11:32:47 - getOutlet.php - Received encrypt: 5b8ae1bc6b9f1f1fb1fdfe9cb8337a80
2026-04-07 11:32:47 - getOutlet.php - Authentication berhasil
2026-04-07 11:32:47 - getOutlet.php - Query: SELECT id_out, nama_out, '' AS alamat_out, ofcode_out
            FROM outlet 
            WHERE status_out IN ('Active', '1', 'active')
            AND (nama_out LIKE :key OR ofcode_out LIKE :key)
            ORDER BY nama_out ASC
            LIMIT 20
2026-04-07 11:32:47 - getOutlet.php - Query berhasil, mengembalikan 2 record
2026-04-07 11:32:47 - getOutlet.php - === END REQUEST ===
2026-04-07 04:32:53 - getOutlet.php - === REQUEST GETOUTLET ===
2026-04-07 04:32:53 - getOutlet.php - Method: POST
2026-04-07 04:32:53 - getOutlet.php - POST data: {"tgl":"2026-04-07","encrypt":"5b8ae1bc6b9f1f1fb1fdfe9cb8337a80","id_apl":"APL01","key":"RS MATA JEC@0"}
2026-04-07 11:32:53 - getOutlet.php - Params - tgl: 2026-04-07, encrypt: 5b8ae1bc6b9f1f1fb1fdfe9cb8337a80, id_apl: APL01, key: RS MATA JEC@0
2026-04-07 11:32:53 - getOutlet.php - Aplikasi ditemukan: Ya
2026-04-07 11:32:53 - getOutlet.php - Key aplikasi: YbcJSFjkds...
2026-04-07 11:32:53 - getOutlet.php - Expected encrypt: 5b8ae1bc6b9f1f1fb1fdfe9cb8337a80
2026-04-07 11:32:53 - getOutlet.php - Received encrypt: 5b8ae1bc6b9f1f1fb1fdfe9cb8337a80
2026-04-07 11:32:53 - getOutlet.php - Authentication berhasil
2026-04-07 11:32:53 - getOutlet.php - Query: SELECT id_out, nama_out, '' AS alamat_out, ofcode_out
            FROM outlet 
            WHERE status_out IN ('Active', '1', 'active')
            AND (nama_out LIKE :key OR ofcode_out LIKE :key)
            ORDER BY nama_out ASC
            LIMIT 20
2026-04-07 11:32:53 - getOutlet.php - Query berhasil, mengembalikan 0 record
2026-04-07 11:32:53 - getOutlet.php - === END REQUEST ===
2026-04-07 04:32:54 - getOutlet.php - === REQUEST GETOUTLET ===
2026-04-07 04:32:54 - getOutlet.php - Method: POST
2026-04-07 04:32:54 - getOutlet.php - POST data: {"tgl":"2026-04-07","encrypt":"5b8ae1bc6b9f1f1fb1fdfe9cb8337a80","id_apl":"APL01","key":"RS MATA JEC@"}
2026-04-07 11:32:54 - getOutlet.php - Params - tgl: 2026-04-07, encrypt: 5b8ae1bc6b9f1f1fb1fdfe9cb8337a80, id_apl: APL01, key: RS MATA JEC@
2026-04-07 11:32:54 - getOutlet.php - Aplikasi ditemukan: Ya
2026-04-07 11:32:54 - getOutlet.php - Key aplikasi: YbcJSFjkds...
2026-04-07 11:32:54 - getOutlet.php - Expected encrypt: 5b8ae1bc6b9f1f1fb1fdfe9cb8337a80
2026-04-07 11:32:54 - getOutlet.php - Received encrypt: 5b8ae1bc6b9f1f1fb1fdfe9cb8337a80
2026-04-07 11:32:54 - getOutlet.php - Authentication berhasil
2026-04-07 11:32:54 - getOutlet.php - Query: SELECT id_out, nama_out, '' AS alamat_out, ofcode_out
            FROM outlet 
            WHERE status_out IN ('Active', '1', 'active')
            AND (nama_out LIKE :key OR ofcode_out LIKE :key)
            ORDER BY nama_out ASC
            LIMIT 20
2026-04-07 11:32:54 - getOutlet.php - Query berhasil, mengembalikan 2 record
2026-04-07 11:32:54 - getOutlet.php - === END REQUEST ===
2026-04-07 04:32:56 - getOutlet.php - === REQUEST GETOUTLET ===
2026-04-07 04:32:56 - getOutlet.php - Method: POST
2026-04-07 04:32:56 - getOutlet.php - POST data: {"tgl":"2026-04-07","encrypt":"5b8ae1bc6b9f1f1fb1fdfe9cb8337a80","id_apl":"APL01","key":"RS MATA JEC@p"}
2026-04-07 11:32:56 - getOutlet.php - Params - tgl: 2026-04-07, encrypt: 5b8ae1bc6b9f1f1fb1fdfe9cb8337a80, id_apl: APL01, key: RS MATA JEC@p
2026-04-07 11:32:56 - getOutlet.php - Aplikasi ditemukan: Ya
2026-04-07 11:32:56 - getOutlet.php - Key aplikasi: YbcJSFjkds...
2026-04-07 11:32:56 - getOutlet.php - Expected encrypt: 5b8ae1bc6b9f1f1fb1fdfe9cb8337a80
2026-04-07 11:32:56 - getOutlet.php - Received encrypt: 5b8ae1bc6b9f1f1fb1fdfe9cb8337a80
2026-04-07 11:32:56 - getOutlet.php - Authentication berhasil
2026-04-07 11:32:56 - getOutlet.php - Query: SELECT id_out, nama_out, '' AS alamat_out, ofcode_out
            FROM outlet 
            WHERE status_out IN ('Active', '1', 'active')
            AND (nama_out LIKE :key OR ofcode_out LIKE :key)
            ORDER BY nama_out ASC
            LIMIT 20
2026-04-07 11:32:56 - getOutlet.php - Query berhasil, mengembalikan 1 record
2026-04-07 11:32:56 - getOutlet.php - === END REQUEST ===
2026-04-07 04:32:57 - getOutlet.php - === REQUEST GETOUTLET ===
2026-04-07 04:32:57 - getOutlet.php - Method: POST
2026-04-07 04:32:57 - getOutlet.php - POST data: {"tgl":"2026-04-07","encrypt":"5b8ae1bc6b9f1f1fb1fdfe9cb8337a80","id_apl":"APL01","key":"RS MATA JEC@PRIMASANA"}
2026-04-07 11:32:57 - getOutlet.php - Params - tgl: 2026-04-07, encrypt: 5b8ae1bc6b9f1f1fb1fdfe9cb8337a80, id_apl: APL01, key: RS MATA JEC@PRIMASANA
2026-04-07 11:32:57 - getOutlet.php - Aplikasi ditemukan: Ya
2026-04-07 11:32:57 - getOutlet.php - Key aplikasi: YbcJSFjkds...
2026-04-07 11:32:57 - getOutlet.php - Expected encrypt: 5b8ae1bc6b9f1f1fb1fdfe9cb8337a80
2026-04-07 11:32:57 - getOutlet.php - Received encrypt: 5b8ae1bc6b9f1f1fb1fdfe9cb8337a80
2026-04-07 11:32:57 - getOutlet.php - Authentication berhasil
2026-04-07 11:32:57 - getOutlet.php - Query: SELECT id_out, nama_out, '' AS alamat_out, ofcode_out
            FROM outlet 
            WHERE status_out IN ('Active', '1', 'active')
            AND (nama_out LIKE :key OR ofcode_out LIKE :key)
            ORDER BY nama_out ASC
            LIMIT 20
2026-04-07 11:32:57 - getOutlet.php - Query berhasil, mengembalikan 1 record
2026-04-07 11:32:57 - getOutlet.php - === END REQUEST ===
2026-04-07 04:33:19 - getOutlet.php - === REQUEST GETOUTLET ===
2026-04-07 04:33:19 - getOutlet.php - Method: POST
2026-04-07 04:33:19 - getOutlet.php - POST data: {"tgl":"2026-04-07","encrypt":"5b8ae1bc6b9f1f1fb1fdfe9cb8337a80","id_apl":"APL01","key":"Rs"}
2026-04-07 11:33:19 - getOutlet.php - Params - tgl: 2026-04-07, encrypt: 5b8ae1bc6b9f1f1fb1fdfe9cb8337a80, id_apl: APL01, key: Rs
2026-04-07 11:33:19 - getOutlet.php - Aplikasi ditemukan: Ya
2026-04-07 11:33:19 - getOutlet.php - Key aplikasi: YbcJSFjkds...
2026-04-07 11:33:19 - getOutlet.php - Expected encrypt: 5b8ae1bc6b9f1f1fb1fdfe9cb8337a80
2026-04-07 11:33:19 - getOutlet.php - Received encrypt: 5b8ae1bc6b9f1f1fb1fdfe9cb8337a80
2026-04-07 11:33:19 - getOutlet.php - Authentication berhasil
2026-04-07 11:33:19 - getOutlet.php - Query: SELECT id_out, nama_out, '' AS alamat_out, ofcode_out
            FROM outlet 
            WHERE status_out IN ('Active', '1', 'active')
            AND (nama_out LIKE :key OR ofcode_out LIKE :key)
            ORDER BY nama_out ASC
            LIMIT 20
2026-04-07 11:33:19 - getOutlet.php - Query berhasil, mengembalikan 20 record
2026-04-07 11:33:19 - getOutlet.php - === END REQUEST ===
2026-04-07 04:33:19 - getOutlet.php - === REQUEST GETOUTLET ===
2026-04-07 04:33:19 - getOutlet.php - Method: POST
2026-04-07 04:33:19 - getOutlet.php - POST data: {"tgl":"2026-04-07","encrypt":"5b8ae1bc6b9f1f1fb1fdfe9cb8337a80","id_apl":"APL01","key":"RS"}
2026-04-07 11:33:19 - getOutlet.php - Params - tgl: 2026-04-07, encrypt: 5b8ae1bc6b9f1f1fb1fdfe9cb8337a80, id_apl: APL01, key: RS
2026-04-07 11:33:19 - getOutlet.php - Aplikasi ditemukan: Ya
2026-04-07 11:33:19 - getOutlet.php - Key aplikasi: YbcJSFjkds...
2026-04-07 11:33:19 - getOutlet.php - Expected encrypt: 5b8ae1bc6b9f1f1fb1fdfe9cb8337a80
2026-04-07 11:33:19 - getOutlet.php - Received encrypt: 5b8ae1bc6b9f1f1fb1fdfe9cb8337a80
2026-04-07 11:33:19 - getOutlet.php - Authentication berhasil
2026-04-07 11:33:19 - getOutlet.php - Query: SELECT id_out, nama_out, '' AS alamat_out, ofcode_out
            FROM outlet 
            WHERE status_out IN ('Active', '1', 'active')
            AND (nama_out LIKE :key OR ofcode_out LIKE :key)
            ORDER BY nama_out ASC
            LIMIT 20
2026-04-07 11:33:19 - getOutlet.php - Query berhasil, mengembalikan 20 record
2026-04-07 11:33:19 - getOutlet.php - === END REQUEST ===
2026-04-07 04:33:19 - getOutlet.php - === REQUEST GETOUTLET ===
2026-04-07 04:33:19 - getOutlet.php - Method: POST
2026-04-07 04:33:19 - getOutlet.php - POST data: {"tgl":"2026-04-07","encrypt":"5b8ae1bc6b9f1f1fb1fdfe9cb8337a80","id_apl":"APL01","key":"RS j"}
2026-04-07 11:33:19 - getOutlet.php - Params - tgl: 2026-04-07, encrypt: 5b8ae1bc6b9f1f1fb1fdfe9cb8337a80, id_apl: APL01, key: RS j
2026-04-07 04:33:19 - getOutlet.php - === REQUEST GETOUTLET ===
2026-04-07 04:33:19 - getOutlet.php - Method: POST
2026-04-07 04:33:19 - getOutlet.php - POST data: {"tgl":"2026-04-07","encrypt":"5b8ae1bc6b9f1f1fb1fdfe9cb8337a80","id_apl":"APL01","key":"RS ja"}
2026-04-07 11:33:19 - getOutlet.php - Params - tgl: 2026-04-07, encrypt: 5b8ae1bc6b9f1f1fb1fdfe9cb8337a80, id_apl: APL01, key: RS ja
2026-04-07 11:33:19 - getOutlet.php - Aplikasi ditemukan: Ya
2026-04-07 11:33:19 - getOutlet.php - Key aplikasi: YbcJSFjkds...
2026-04-07 11:33:19 - getOutlet.php - Expected encrypt: 5b8ae1bc6b9f1f1fb1fdfe9cb8337a80
2026-04-07 11:33:19 - getOutlet.php - Received encrypt: 5b8ae1bc6b9f1f1fb1fdfe9cb8337a80
2026-04-07 11:33:19 - getOutlet.php - Aplikasi ditemukan: Ya
2026-04-07 11:33:19 - getOutlet.php - Authentication berhasil
2026-04-07 11:33:19 - getOutlet.php - Key aplikasi: YbcJSFjkds...
2026-04-07 11:33:19 - getOutlet.php - Expected encrypt: 5b8ae1bc6b9f1f1fb1fdfe9cb8337a80
2026-04-07 11:33:19 - getOutlet.php - Received encrypt: 5b8ae1bc6b9f1f1fb1fdfe9cb8337a80
2026-04-07 11:33:19 - getOutlet.php - Authentication berhasil
2026-04-07 11:33:19 - getOutlet.php - Query: SELECT id_out, nama_out, '' AS alamat_out, ofcode_out
            FROM outlet 
            WHERE status_out IN ('Active', '1', 'active')
            AND (nama_out LIKE :key OR ofcode_out LIKE :key)
            ORDER BY nama_out ASC
            LIMIT 20
2026-04-07 11:33:19 - getOutlet.php - Query: SELECT id_out, nama_out, '' AS alamat_out, ofcode_out
            FROM outlet 
            WHERE status_out IN ('Active', '1', 'active')
            AND (nama_out LIKE :key OR ofcode_out LIKE :key)
            ORDER BY nama_out ASC
            LIMIT 20
2026-04-07 11:33:19 - getOutlet.php - Query berhasil, mengembalikan 3 record
2026-04-07 11:33:19 - getOutlet.php - Query berhasil, mengembalikan 5 record
2026-04-07 11:33:19 - getOutlet.php - === END REQUEST ===
2026-04-07 11:33:19 - getOutlet.php - === END REQUEST ===
2026-04-07 04:33:19 - getOutlet.php - === REQUEST GETOUTLET ===
2026-04-07 04:33:19 - getOutlet.php - Method: POST
2026-04-07 04:33:19 - getOutlet.php - POST data: {"tgl":"2026-04-07","encrypt":"5b8ae1bc6b9f1f1fb1fdfe9cb8337a80","id_apl":"APL01","key":"RS jak"}
2026-04-07 11:33:19 - getOutlet.php - Params - tgl: 2026-04-07, encrypt: 5b8ae1bc6b9f1f1fb1fdfe9cb8337a80, id_apl: APL01, key: RS jak
2026-04-07 11:33:19 - getOutlet.php - Aplikasi ditemukan: Ya
2026-04-07 11:33:19 - getOutlet.php - Key aplikasi: YbcJSFjkds...
2026-04-07 11:33:19 - getOutlet.php - Expected encrypt: 5b8ae1bc6b9f1f1fb1fdfe9cb8337a80
2026-04-07 11:33:19 - getOutlet.php - Received encrypt: 5b8ae1bc6b9f1f1fb1fdfe9cb8337a80
2026-04-07 11:33:19 - getOutlet.php - Authentication berhasil
2026-04-07 04:33:19 - getOutlet.php - === REQUEST GETOUTLET ===
2026-04-07 04:33:19 - getOutlet.php - Method: POST
2026-04-07 04:33:19 - getOutlet.php - POST data: {"tgl":"2026-04-07","encrypt":"5b8ae1bc6b9f1f1fb1fdfe9cb8337a80","id_apl":"APL01","key":"RS jaka"}
2026-04-07 11:33:19 - getOutlet.php - Params - tgl: 2026-04-07, encrypt: 5b8ae1bc6b9f1f1fb1fdfe9cb8337a80, id_apl: APL01, key: RS jaka
2026-04-07 11:33:19 - getOutlet.php - Query: SELECT id_out, nama_out, '' AS alamat_out, ofcode_out
            FROM outlet 
            WHERE status_out IN ('Active', '1', 'active')
            AND (nama_out LIKE :key OR ofcode_out LIKE :key)
            ORDER BY nama_out ASC
            LIMIT 20
2026-04-07 11:33:19 - getOutlet.php - Aplikasi ditemukan: Ya
2026-04-07 11:33:19 - getOutlet.php - Key aplikasi: YbcJSFjkds...
2026-04-07 11:33:19 - getOutlet.php - Expected encrypt: 5b8ae1bc6b9f1f1fb1fdfe9cb8337a80
2026-04-07 11:33:19 - getOutlet.php - Received encrypt: 5b8ae1bc6b9f1f1fb1fdfe9cb8337a80
2026-04-07 11:33:19 - getOutlet.php - Authentication berhasil
2026-04-07 11:33:19 - getOutlet.php - Query: SELECT id_out, nama_out, '' AS alamat_out, ofcode_out
            FROM outlet 
            WHERE status_out IN ('Active', '1', 'active')
            AND (nama_out LIKE :key OR ofcode_out LIKE :key)
            ORDER BY nama_out ASC
            LIMIT 20
2026-04-07 11:33:19 - getOutlet.php - Query berhasil, mengembalikan 2 record
2026-04-07 11:33:19 - getOutlet.php - === END REQUEST ===
2026-04-07 11:33:19 - getOutlet.php - Query berhasil, mengembalikan 2 record
2026-04-07 11:33:19 - getOutlet.php - === END REQUEST ===
2026-04-07 04:33:20 - getOutlet.php - === REQUEST GETOUTLET ===
2026-04-07 04:33:20 - getOutlet.php - Method: POST
2026-04-07 04:33:20 - getOutlet.php - POST data: {"tgl":"2026-04-07","encrypt":"5b8ae1bc6b9f1f1fb1fdfe9cb8337a80","id_apl":"APL01","key":"RS jakarta"}
2026-04-07 11:33:20 - getOutlet.php - Params - tgl: 2026-04-07, encrypt: 5b8ae1bc6b9f1f1fb1fdfe9cb8337a80, id_apl: APL01, key: RS jakarta
2026-04-07 11:33:20 - getOutlet.php - Aplikasi ditemukan: Ya
2026-04-07 11:33:20 - getOutlet.php - Key aplikasi: YbcJSFjkds...
2026-04-07 11:33:20 - getOutlet.php - Expected encrypt: 5b8ae1bc6b9f1f1fb1fdfe9cb8337a80
2026-04-07 11:33:20 - getOutlet.php - Received encrypt: 5b8ae1bc6b9f1f1fb1fdfe9cb8337a80
2026-04-07 11:33:20 - getOutlet.php - Authentication berhasil
2026-04-07 11:33:20 - getOutlet.php - Query: SELECT id_out, nama_out, '' AS alamat_out, ofcode_out
            FROM outlet 
            WHERE status_out IN ('Active', '1', 'active')
            AND (nama_out LIKE :key OR ofcode_out LIKE :key)
            ORDER BY nama_out ASC
            LIMIT 20
2026-04-07 11:33:20 - getOutlet.php - Query berhasil, mengembalikan 2 record
2026-04-07 11:33:20 - getOutlet.php - === END REQUEST ===
2026-04-07 04:33:22 - getOutlet.php - === REQUEST GETOUTLET ===
2026-04-07 04:33:22 - getOutlet.php - Method: POST
2026-04-07 04:33:22 - getOutlet.php - POST data: {"tgl":"2026-04-07","encrypt":"5b8ae1bc6b9f1f1fb1fdfe9cb8337a80","id_apl":"APL01","key":"RS JAKARTA"}
2026-04-07 11:33:22 - getOutlet.php - Params - tgl: 2026-04-07, encrypt: 5b8ae1bc6b9f1f1fb1fdfe9cb8337a80, id_apl: APL01, key: RS JAKARTA
2026-04-07 11:33:22 - getOutlet.php - Aplikasi ditemukan: Ya
2026-04-07 11:33:22 - getOutlet.php - Key aplikasi: YbcJSFjkds...
2026-04-07 11:33:22 - getOutlet.php - Expected encrypt: 5b8ae1bc6b9f1f1fb1fdfe9cb8337a80
2026-04-07 11:33:22 - getOutlet.php - Received encrypt: 5b8ae1bc6b9f1f1fb1fdfe9cb8337a80
2026-04-07 11:33:22 - getOutlet.php - Authentication berhasil
2026-04-07 11:33:22 - getOutlet.php - Query: SELECT id_out, nama_out, '' AS alamat_out, ofcode_out
            FROM outlet 
            WHERE status_out IN ('Active', '1', 'active')
            AND (nama_out LIKE :key OR ofcode_out LIKE :key)
            ORDER BY nama_out ASC
            LIMIT 20
2026-04-07 11:33:22 - getOutlet.php - Query berhasil, mengembalikan 2 record
2026-04-07 11:33:22 - getOutlet.php - === END REQUEST ===
2026-04-07 05:02:15 - getOutlet.php - === REQUEST GETOUTLET ===
2026-04-07 05:02:15 - getOutlet.php - Method: POST
2026-04-07 05:02:15 - getOutlet.php - POST data: {"tgl":"2026-04-07","encrypt":"5b8ae1bc6b9f1f1fb1fdfe9cb8337a80","id_apl":"APL01","key":"Rs"}
2026-04-07 12:02:15 - getOutlet.php - Params - tgl: 2026-04-07, encrypt: 5b8ae1bc6b9f1f1fb1fdfe9cb8337a80, id_apl: APL01, key: Rs
2026-04-07 12:02:15 - getOutlet.php - Aplikasi ditemukan: Ya
2026-04-07 12:02:15 - getOutlet.php - Key aplikasi: YbcJSFjkds...
2026-04-07 12:02:15 - getOutlet.php - Expected encrypt: 5b8ae1bc6b9f1f1fb1fdfe9cb8337a80
2026-04-07 12:02:15 - getOutlet.php - Received encrypt: 5b8ae1bc6b9f1f1fb1fdfe9cb8337a80
2026-04-07 12:02:15 - getOutlet.php - Authentication berhasil
2026-04-07 12:02:15 - getOutlet.php - Query: SELECT id_out, nama_out, '' AS alamat_out, ofcode_out
            FROM outlet 
            WHERE status_out IN ('Active', '1', 'active')
            AND (nama_out LIKE :key OR ofcode_out LIKE :key)
            ORDER BY nama_out ASC
            LIMIT 20
2026-04-07 12:02:15 - getOutlet.php - Query berhasil, mengembalikan 20 record
2026-04-07 12:02:15 - getOutlet.php - === END REQUEST ===
2026-04-07 05:02:16 - getOutlet.php - === REQUEST GETOUTLET ===
2026-04-07 05:02:16 - getOutlet.php - Method: POST
2026-04-07 05:02:16 - getOutlet.php - POST data: {"tgl":"2026-04-07","encrypt":"5b8ae1bc6b9f1f1fb1fdfe9cb8337a80","id_apl":"APL01","key":"Rsud"}
2026-04-07 12:02:16 - getOutlet.php - Params - tgl: 2026-04-07, encrypt: 5b8ae1bc6b9f1f1fb1fdfe9cb8337a80, id_apl: APL01, key: Rsud
2026-04-07 12:02:16 - getOutlet.php - Aplikasi ditemukan: Ya
2026-04-07 12:02:16 - getOutlet.php - Key aplikasi: YbcJSFjkds...
2026-04-07 12:02:16 - getOutlet.php - Expected encrypt: 5b8ae1bc6b9f1f1fb1fdfe9cb8337a80
2026-04-07 12:02:16 - getOutlet.php - Received encrypt: 5b8ae1bc6b9f1f1fb1fdfe9cb8337a80
2026-04-07 12:02:16 - getOutlet.php - Authentication berhasil
2026-04-07 12:02:16 - getOutlet.php - Query: SELECT id_out, nama_out, '' AS alamat_out, ofcode_out
            FROM outlet 
            WHERE status_out IN ('Active', '1', 'active')
            AND (nama_out LIKE :key OR ofcode_out LIKE :key)
            ORDER BY nama_out ASC
            LIMIT 20
2026-04-07 12:02:16 - getOutlet.php - Query berhasil, mengembalikan 20 record
2026-04-07 12:02:16 - getOutlet.php - === END REQUEST ===
2026-04-07 05:02:17 - getOutlet.php - === REQUEST GETOUTLET ===
2026-04-07 05:02:17 - getOutlet.php - Method: POST
2026-04-07 05:02:17 - getOutlet.php - POST data: {"tgl":"2026-04-07","encrypt":"5b8ae1bc6b9f1f1fb1fdfe9cb8337a80","id_apl":"APL01","key":"RSUD"}
2026-04-07 12:02:17 - getOutlet.php - Params - tgl: 2026-04-07, encrypt: 5b8ae1bc6b9f1f1fb1fdfe9cb8337a80, id_apl: APL01, key: RSUD
2026-04-07 12:02:17 - getOutlet.php - Aplikasi ditemukan: Ya
2026-04-07 12:02:17 - getOutlet.php - Key aplikasi: YbcJSFjkds...
2026-04-07 12:02:17 - getOutlet.php - Expected encrypt: 5b8ae1bc6b9f1f1fb1fdfe9cb8337a80
2026-04-07 12:02:17 - getOutlet.php - Received encrypt: 5b8ae1bc6b9f1f1fb1fdfe9cb8337a80
2026-04-07 12:02:17 - getOutlet.php - Authentication berhasil
2026-04-07 12:02:17 - getOutlet.php - Query: SELECT id_out, nama_out, '' AS alamat_out, ofcode_out
            FROM outlet 
            WHERE status_out IN ('Active', '1', 'active')
            AND (nama_out LIKE :key OR ofcode_out LIKE :key)
            ORDER BY nama_out ASC
            LIMIT 20
2026-04-07 12:02:17 - getOutlet.php - Query berhasil, mengembalikan 20 record
2026-04-07 12:02:17 - getOutlet.php - === END REQUEST ===
2026-04-07 05:02:17 - getOutlet.php - === REQUEST GETOUTLET ===
2026-04-07 05:02:17 - getOutlet.php - Method: POST
2026-04-07 05:02:17 - getOutlet.php - POST data: {"tgl":"2026-04-07","encrypt":"5b8ae1bc6b9f1f1fb1fdfe9cb8337a80","id_apl":"APL01","key":"Rsu"}
2026-04-07 12:02:17 - getOutlet.php - Params - tgl: 2026-04-07, encrypt: 5b8ae1bc6b9f1f1fb1fdfe9cb8337a80, id_apl: APL01, key: Rsu
2026-04-07 12:02:17 - getOutlet.php - Aplikasi ditemukan: Ya
2026-04-07 12:02:17 - getOutlet.php - Key aplikasi: YbcJSFjkds...
2026-04-07 12:02:17 - getOutlet.php - Expected encrypt: 5b8ae1bc6b9f1f1fb1fdfe9cb8337a80
2026-04-07 12:02:17 - getOutlet.php - Received encrypt: 5b8ae1bc6b9f1f1fb1fdfe9cb8337a80
2026-04-07 12:02:17 - getOutlet.php - Authentication berhasil
2026-04-07 12:02:17 - getOutlet.php - Query: SELECT id_out, nama_out, '' AS alamat_out, ofcode_out
            FROM outlet 
            WHERE status_out IN ('Active', '1', 'active')
            AND (nama_out LIKE :key OR ofcode_out LIKE :key)
            ORDER BY nama_out ASC
            LIMIT 20
2026-04-07 12:02:17 - getOutlet.php - Query berhasil, mengembalikan 20 record
2026-04-07 12:02:17 - getOutlet.php - === END REQUEST ===
2026-04-07 05:02:17 - getOutlet.php - === REQUEST GETOUTLET ===
2026-04-07 05:02:17 - getOutlet.php - Method: POST
2026-04-07 05:02:17 - getOutlet.php - POST data: {"tgl":"2026-04-07","encrypt":"5b8ae1bc6b9f1f1fb1fdfe9cb8337a80","id_apl":"APL01","key":"RSUD t"}
2026-04-07 12:02:17 - getOutlet.php - Params - tgl: 2026-04-07, encrypt: 5b8ae1bc6b9f1f1fb1fdfe9cb8337a80, id_apl: APL01, key: RSUD t
2026-04-07 12:02:17 - getOutlet.php - Aplikasi ditemukan: Ya
2026-04-07 12:02:17 - getOutlet.php - Key aplikasi: YbcJSFjkds...
2026-04-07 12:02:17 - getOutlet.php - Expected encrypt: 5b8ae1bc6b9f1f1fb1fdfe9cb8337a80
2026-04-07 12:02:17 - getOutlet.php - Received encrypt: 5b8ae1bc6b9f1f1fb1fdfe9cb8337a80
2026-04-07 12:02:17 - getOutlet.php - Authentication berhasil
2026-04-07 12:02:17 - getOutlet.php - Query: SELECT id_out, nama_out, '' AS alamat_out, ofcode_out
            FROM outlet 
            WHERE status_out IN ('Active', '1', 'active')
            AND (nama_out LIKE :key OR ofcode_out LIKE :key)
            ORDER BY nama_out ASC
            LIMIT 20
2026-04-07 12:02:17 - getOutlet.php - Query berhasil, mengembalikan 8 record
2026-04-07 12:02:17 - getOutlet.php - === END REQUEST ===
2026-04-07 05:02:19 - getOutlet.php - === REQUEST GETOUTLET ===
2026-04-07 05:02:19 - getOutlet.php - Method: POST
2026-04-07 05:02:19 - getOutlet.php - POST data: {"tgl":"2026-04-07","encrypt":"5b8ae1bc6b9f1f1fb1fdfe9cb8337a80","id_apl":"APL01","key":"RSUD tar"}
2026-04-07 12:02:19 - getOutlet.php - Params - tgl: 2026-04-07, encrypt: 5b8ae1bc6b9f1f1fb1fdfe9cb8337a80, id_apl: APL01, key: RSUD tar
2026-04-07 12:02:19 - getOutlet.php - Aplikasi ditemukan: Ya
2026-04-07 12:02:19 - getOutlet.php - Key aplikasi: YbcJSFjkds...
2026-04-07 12:02:19 - getOutlet.php - Expected encrypt: 5b8ae1bc6b9f1f1fb1fdfe9cb8337a80
2026-04-07 12:02:19 - getOutlet.php - Received encrypt: 5b8ae1bc6b9f1f1fb1fdfe9cb8337a80
2026-04-07 12:02:19 - getOutlet.php - Authentication berhasil
2026-04-07 12:02:19 - getOutlet.php - Query: SELECT id_out, nama_out, '' AS alamat_out, ofcode_out
            FROM outlet 
            WHERE status_out IN ('Active', '1', 'active')
            AND (nama_out LIKE :key OR ofcode_out LIKE :key)
            ORDER BY nama_out ASC
            LIMIT 20
2026-04-07 12:02:19 - getOutlet.php - Query berhasil, mengembalikan 1 record
2026-04-07 12:02:19 - getOutlet.php - === END REQUEST ===
2026-04-07 05:02:20 - getOutlet.php - === REQUEST GETOUTLET ===
2026-04-07 05:02:20 - getOutlet.php - Method: POST
2026-04-07 05:02:20 - getOutlet.php - POST data: {"tgl":"2026-04-07","encrypt":"5b8ae1bc6b9f1f1fb1fdfe9cb8337a80","id_apl":"APL01","key":"RSUD tara"}
2026-04-07 12:02:20 - getOutlet.php - Params - tgl: 2026-04-07, encrypt: 5b8ae1bc6b9f1f1fb1fdfe9cb8337a80, id_apl: APL01, key: RSUD tara
2026-04-07 05:02:20 - getOutlet.php - === REQUEST GETOUTLET ===
2026-04-07 05:02:20 - getOutlet.php - Method: POST
2026-04-07 05:02:20 - getOutlet.php - POST data: {"tgl":"2026-04-07","encrypt":"5b8ae1bc6b9f1f1fb1fdfe9cb8337a80","id_apl":"APL01","key":"RSUD ta"}
2026-04-07 12:02:20 - getOutlet.php - Params - tgl: 2026-04-07, encrypt: 5b8ae1bc6b9f1f1fb1fdfe9cb8337a80, id_apl: APL01, key: RSUD ta
2026-04-07 12:02:20 - getOutlet.php - Aplikasi ditemukan: Ya
2026-04-07 12:02:20 - getOutlet.php - Key aplikasi: YbcJSFjkds...
2026-04-07 12:02:20 - getOutlet.php - Expected encrypt: 5b8ae1bc6b9f1f1fb1fdfe9cb8337a80
2026-04-07 12:02:20 - getOutlet.php - Received encrypt: 5b8ae1bc6b9f1f1fb1fdfe9cb8337a80
2026-04-07 12:02:20 - getOutlet.php - Authentication berhasil
2026-04-07 12:02:20 - getOutlet.php - Query: SELECT id_out, nama_out, '' AS alamat_out, ofcode_out
            FROM outlet 
            WHERE status_out IN ('Active', '1', 'active')
            AND (nama_out LIKE :key OR ofcode_out LIKE :key)
            ORDER BY nama_out ASC
            LIMIT 20
2026-04-07 12:02:20 - getOutlet.php - Query berhasil, mengembalikan 1 record
2026-04-07 12:02:20 - getOutlet.php - === END REQUEST ===
2026-04-07 12:02:20 - getOutlet.php - Aplikasi ditemukan: Ya
2026-04-07 12:02:20 - getOutlet.php - Key aplikasi: YbcJSFjkds...
2026-04-07 12:02:20 - getOutlet.php - Expected encrypt: 5b8ae1bc6b9f1f1fb1fdfe9cb8337a80
2026-04-07 12:02:20 - getOutlet.php - Received encrypt: 5b8ae1bc6b9f1f1fb1fdfe9cb8337a80
2026-04-07 12:02:20 - getOutlet.php - Authentication berhasil
2026-04-07 12:02:20 - getOutlet.php - Query: SELECT id_out, nama_out, '' AS alamat_out, ofcode_out
            FROM outlet 
            WHERE status_out IN ('Active', '1', 'active')
            AND (nama_out LIKE :key OR ofcode_out LIKE :key)
            ORDER BY nama_out ASC
            LIMIT 20
2026-04-07 12:02:20 - getOutlet.php - Query berhasil, mengembalikan 4 record
2026-04-07 12:02:20 - getOutlet.php - === END REQUEST ===
2026-04-07 05:02:23 - getOutlet.php - === REQUEST GETOUTLET ===
2026-04-07 05:02:23 - getOutlet.php - Method: POST
2026-04-07 05:02:23 - getOutlet.php - POST data: {"tgl":"2026-04-07","encrypt":"5b8ae1bc6b9f1f1fb1fdfe9cb8337a80","id_apl":"APL01","key":"RSUD Tarakan Jakarta"}
2026-04-07 12:02:23 - getOutlet.php - Params - tgl: 2026-04-07, encrypt: 5b8ae1bc6b9f1f1fb1fdfe9cb8337a80, id_apl: APL01, key: RSUD Tarakan Jakarta
2026-04-07 12:02:23 - getOutlet.php - Aplikasi ditemukan: Ya
2026-04-07 12:02:23 - getOutlet.php - Key aplikasi: YbcJSFjkds...
2026-04-07 12:02:23 - getOutlet.php - Expected encrypt: 5b8ae1bc6b9f1f1fb1fdfe9cb8337a80
2026-04-07 12:02:23 - getOutlet.php - Received encrypt: 5b8ae1bc6b9f1f1fb1fdfe9cb8337a80
2026-04-07 12:02:23 - getOutlet.php - Authentication berhasil
2026-04-07 12:02:23 - getOutlet.php - Query: SELECT id_out, nama_out, '' AS alamat_out, ofcode_out
            FROM outlet 
            WHERE status_out IN ('Active', '1', 'active')
            AND (nama_out LIKE :key OR ofcode_out LIKE :key)
            ORDER BY nama_out ASC
            LIMIT 20
2026-04-07 12:02:23 - getOutlet.php - Query berhasil, mengembalikan 1 record
2026-04-07 12:02:23 - getOutlet.php - === END REQUEST ===
2026-04-07 05:05:44 - getOutlet.php - === REQUEST GETOUTLET ===
2026-04-07 05:05:44 - getOutlet.php - Method: POST
2026-04-07 05:05:44 - getOutlet.php - POST data: {"tgl":"2026-04-07","encrypt":"5b8ae1bc6b9f1f1fb1fdfe9cb8337a80","id_apl":"APL01","key":"Mat"}
2026-04-07 12:05:44 - getOutlet.php - Params - tgl: 2026-04-07, encrypt: 5b8ae1bc6b9f1f1fb1fdfe9cb8337a80, id_apl: APL01, key: Mat
2026-04-07 12:05:44 - getOutlet.php - Aplikasi ditemukan: Ya
2026-04-07 12:05:44 - getOutlet.php - Key aplikasi: YbcJSFjkds...
2026-04-07 12:05:44 - getOutlet.php - Expected encrypt: 5b8ae1bc6b9f1f1fb1fdfe9cb8337a80
2026-04-07 12:05:44 - getOutlet.php - Received encrypt: 5b8ae1bc6b9f1f1fb1fdfe9cb8337a80
2026-04-07 12:05:44 - getOutlet.php - Authentication berhasil
2026-04-07 12:05:44 - getOutlet.php - Query: SELECT id_out, nama_out, '' AS alamat_out, ofcode_out
            FROM outlet 
            WHERE status_out IN ('Active', '1', 'active')
            AND (nama_out LIKE :key OR ofcode_out LIKE :key)
            ORDER BY nama_out ASC
            LIMIT 20
2026-04-07 12:05:44 - getOutlet.php - Query berhasil, mengembalikan 20 record
2026-04-07 12:05:44 - getOutlet.php - === END REQUEST ===
2026-04-07 05:05:44 - getOutlet.php - === REQUEST GETOUTLET ===
2026-04-07 05:05:44 - getOutlet.php - Method: POST
2026-04-07 05:05:44 - getOutlet.php - POST data: {"tgl":"2026-04-07","encrypt":"5b8ae1bc6b9f1f1fb1fdfe9cb8337a80","id_apl":"APL01","key":"Mata"}
2026-04-07 12:05:44 - getOutlet.php - Params - tgl: 2026-04-07, encrypt: 5b8ae1bc6b9f1f1fb1fdfe9cb8337a80, id_apl: APL01, key: Mata
2026-04-07 12:05:44 - getOutlet.php - Aplikasi ditemukan: Ya
2026-04-07 12:05:44 - getOutlet.php - Key aplikasi: YbcJSFjkds...
2026-04-07 12:05:44 - getOutlet.php - Expected encrypt: 5b8ae1bc6b9f1f1fb1fdfe9cb8337a80
2026-04-07 12:05:44 - getOutlet.php - Received encrypt: 5b8ae1bc6b9f1f1fb1fdfe9cb8337a80
2026-04-07 12:05:44 - getOutlet.php - Authentication berhasil
2026-04-07 12:05:44 - getOutlet.php - Query: SELECT id_out, nama_out, '' AS alamat_out, ofcode_out
            FROM outlet 
            WHERE status_out IN ('Active', '1', 'active')
            AND (nama_out LIKE :key OR ofcode_out LIKE :key)
            ORDER BY nama_out ASC
            LIMIT 20
2026-04-07 12:05:44 - getOutlet.php - Query berhasil, mengembalikan 20 record
2026-04-07 12:05:44 - getOutlet.php - === END REQUEST ===
2026-04-07 05:05:45 - getOutlet.php - === REQUEST GETOUTLET ===
2026-04-07 05:05:45 - getOutlet.php - Method: POST
2026-04-07 05:05:45 - getOutlet.php - POST data: {"tgl":"2026-04-07","encrypt":"5b8ae1bc6b9f1f1fb1fdfe9cb8337a80","id_apl":"APL01","key":"Matar"}
2026-04-07 12:05:45 - getOutlet.php - Params - tgl: 2026-04-07, encrypt: 5b8ae1bc6b9f1f1fb1fdfe9cb8337a80, id_apl: APL01, key: Matar
2026-04-07 12:05:45 - getOutlet.php - Aplikasi ditemukan: Ya
2026-04-07 05:05:45 - getOutlet.php - === REQUEST GETOUTLET ===
2026-04-07 12:05:45 - getOutlet.php - Key aplikasi: YbcJSFjkds...
2026-04-07 05:05:45 - getOutlet.php - Method: POST
2026-04-07 05:05:45 - getOutlet.php - POST data: {"tgl":"2026-04-07","encrypt":"5b8ae1bc6b9f1f1fb1fdfe9cb8337a80","id_apl":"APL01","key":"Ma"}
2026-04-07 12:05:45 - getOutlet.php - Expected encrypt: 5b8ae1bc6b9f1f1fb1fdfe9cb8337a80
2026-04-07 12:05:45 - getOutlet.php - Received encrypt: 5b8ae1bc6b9f1f1fb1fdfe9cb8337a80
2026-04-07 12:05:45 - getOutlet.php - Params - tgl: 2026-04-07, encrypt: 5b8ae1bc6b9f1f1fb1fdfe9cb8337a80, id_apl: APL01, key: Ma
2026-04-07 12:05:45 - getOutlet.php - Authentication berhasil
2026-04-07 12:05:45 - getOutlet.php - Query: SELECT id_out, nama_out, '' AS alamat_out, ofcode_out
            FROM outlet 
            WHERE status_out IN ('Active', '1', 'active')
            AND (nama_out LIKE :key OR ofcode_out LIKE :key)
            ORDER BY nama_out ASC
            LIMIT 20
2026-04-07 12:05:45 - getOutlet.php - Query berhasil, mengembalikan 2 record
2026-04-07 12:05:45 - getOutlet.php - === END REQUEST ===
2026-04-07 12:05:45 - getOutlet.php - Aplikasi ditemukan: Ya
2026-04-07 12:05:45 - getOutlet.php - Key aplikasi: YbcJSFjkds...
2026-04-07 12:05:45 - getOutlet.php - Expected encrypt: 5b8ae1bc6b9f1f1fb1fdfe9cb8337a80
2026-04-07 12:05:45 - getOutlet.php - Received encrypt: 5b8ae1bc6b9f1f1fb1fdfe9cb8337a80
2026-04-07 12:05:45 - getOutlet.php - Authentication berhasil
2026-04-07 12:05:45 - getOutlet.php - Query: SELECT id_out, nama_out, '' AS alamat_out, ofcode_out
            FROM outlet 
            WHERE status_out IN ('Active', '1', 'active')
            AND (nama_out LIKE :key OR ofcode_out LIKE :key)
            ORDER BY nama_out ASC
            LIMIT 20
2026-04-07 12:05:45 - getOutlet.php - Query berhasil, mengembalikan 20 record
2026-04-07 12:05:45 - getOutlet.php - === END REQUEST ===
2026-04-07 05:05:45 - getOutlet.php - === REQUEST GETOUTLET ===
2026-04-07 05:05:45 - getOutlet.php - Method: POST
2026-04-07 05:05:45 - getOutlet.php - POST data: {"tgl":"2026-04-07","encrypt":"5b8ae1bc6b9f1f1fb1fdfe9cb8337a80","id_apl":"APL01","key":"Matara"}
2026-04-07 12:05:45 - getOutlet.php - Params - tgl: 2026-04-07, encrypt: 5b8ae1bc6b9f1f1fb1fdfe9cb8337a80, id_apl: APL01, key: Matara
2026-04-07 12:05:45 - getOutlet.php - Aplikasi ditemukan: Ya
2026-04-07 12:05:45 - getOutlet.php - Key aplikasi: YbcJSFjkds...
2026-04-07 12:05:45 - getOutlet.php - Expected encrypt: 5b8ae1bc6b9f1f1fb1fdfe9cb8337a80
2026-04-07 12:05:45 - getOutlet.php - Received encrypt: 5b8ae1bc6b9f1f1fb1fdfe9cb8337a80
2026-04-07 12:05:45 - getOutlet.php - Authentication berhasil
2026-04-07 12:05:45 - getOutlet.php - Query: SELECT id_out, nama_out, '' AS alamat_out, ofcode_out
            FROM outlet 
            WHERE status_out IN ('Active', '1', 'active')
            AND (nama_out LIKE :key OR ofcode_out LIKE :key)
            ORDER BY nama_out ASC
            LIMIT 20
2026-04-07 12:05:45 - getOutlet.php - Query berhasil, mengembalikan 2 record
2026-04-07 12:05:45 - getOutlet.php - === END REQUEST ===
2026-04-07 05:05:45 - getOutlet.php - === REQUEST GETOUTLET ===
2026-04-07 05:05:45 - getOutlet.php - === REQUEST GETOUTLET ===
2026-04-07 05:05:45 - getOutlet.php - Method: POST
2026-04-07 05:05:45 - getOutlet.php - Method: POST
2026-04-07 05:05:45 - getOutlet.php - POST data: {"tgl":"2026-04-07","encrypt":"5b8ae1bc6b9f1f1fb1fdfe9cb8337a80","id_apl":"APL01","key":"Mataraj"}
2026-04-07 05:05:45 - getOutlet.php - POST data: {"tgl":"2026-04-07","encrypt":"5b8ae1bc6b9f1f1fb1fdfe9cb8337a80","id_apl":"APL01","key":"Mataraja"}
2026-04-07 12:05:45 - getOutlet.php - Params - tgl: 2026-04-07, encrypt: 5b8ae1bc6b9f1f1fb1fdfe9cb8337a80, id_apl: APL01, key: Mataraj
2026-04-07 12:05:45 - getOutlet.php - Params - tgl: 2026-04-07, encrypt: 5b8ae1bc6b9f1f1fb1fdfe9cb8337a80, id_apl: APL01, key: Mataraja
2026-04-07 12:05:45 - getOutlet.php - Aplikasi ditemukan: Ya
2026-04-07 12:05:45 - getOutlet.php - Key aplikasi: YbcJSFjkds...
2026-04-07 12:05:45 - getOutlet.php - Expected encrypt: 5b8ae1bc6b9f1f1fb1fdfe9cb8337a80
2026-04-07 12:05:45 - getOutlet.php - Received encrypt: 5b8ae1bc6b9f1f1fb1fdfe9cb8337a80
2026-04-07 12:05:45 - getOutlet.php - Authentication berhasil
2026-04-07 12:05:45 - getOutlet.php - Aplikasi ditemukan: Ya
2026-04-07 12:05:45 - getOutlet.php - Key aplikasi: YbcJSFjkds...
2026-04-07 12:05:45 - getOutlet.php - Expected encrypt: 5b8ae1bc6b9f1f1fb1fdfe9cb8337a80
2026-04-07 12:05:45 - getOutlet.php - Received encrypt: 5b8ae1bc6b9f1f1fb1fdfe9cb8337a80
2026-04-07 12:05:45 - getOutlet.php - Authentication berhasil
2026-04-07 12:05:45 - getOutlet.php - Query: SELECT id_out, nama_out, '' AS alamat_out, ofcode_out
            FROM outlet 
            WHERE status_out IN ('Active', '1', 'active')
            AND (nama_out LIKE :key OR ofcode_out LIKE :key)
            ORDER BY nama_out ASC
            LIMIT 20
2026-04-07 12:05:45 - getOutlet.php - Query: SELECT id_out, nama_out, '' AS alamat_out, ofcode_out
            FROM outlet 
            WHERE status_out IN ('Active', '1', 'active')
            AND (nama_out LIKE :key OR ofcode_out LIKE :key)
            ORDER BY nama_out ASC
            LIMIT 20
2026-04-07 12:05:45 - getOutlet.php - Query berhasil, mengembalikan 0 record
2026-04-07 12:05:45 - getOutlet.php - === END REQUEST ===
2026-04-07 12:05:45 - getOutlet.php - Query berhasil, mengembalikan 0 record
2026-04-07 12:05:45 - getOutlet.php - === END REQUEST ===
2026-04-07 05:05:47 - getOutlet.php - === REQUEST GETOUTLET ===
2026-04-07 05:05:47 - getOutlet.php - Method: POST
2026-04-07 05:05:47 - getOutlet.php - POST data: {"tgl":"2026-04-07","encrypt":"5b8ae1bc6b9f1f1fb1fdfe9cb8337a80","id_apl":"APL01","key":"Mataraja Eye Center"}
2026-04-07 12:05:47 - getOutlet.php - Params - tgl: 2026-04-07, encrypt: 5b8ae1bc6b9f1f1fb1fdfe9cb8337a80, id_apl: APL01, key: Mataraja Eye Center
2026-04-07 12:05:47 - getOutlet.php - Aplikasi ditemukan: Ya
2026-04-07 12:05:47 - getOutlet.php - Key aplikasi: YbcJSFjkds...
2026-04-07 12:05:47 - getOutlet.php - Expected encrypt: 5b8ae1bc6b9f1f1fb1fdfe9cb8337a80
2026-04-07 12:05:47 - getOutlet.php - Received encrypt: 5b8ae1bc6b9f1f1fb1fdfe9cb8337a80
2026-04-07 12:05:47 - getOutlet.php - Authentication berhasil
2026-04-07 12:05:47 - getOutlet.php - Query: SELECT id_out, nama_out, '' AS alamat_out, ofcode_out
            FROM outlet 
            WHERE status_out IN ('Active', '1', 'active')
            AND (nama_out LIKE :key OR ofcode_out LIKE :key)
            ORDER BY nama_out ASC
            LIMIT 20
2026-04-07 12:05:47 - getOutlet.php - Query berhasil, mengembalikan 0 record
2026-04-07 12:05:47 - getOutlet.php - === END REQUEST ===
2026-04-07 05:07:21 - getOutlet.php - === REQUEST GETOUTLET ===
2026-04-07 05:07:21 - getOutlet.php - Method: POST
2026-04-07 05:07:21 - getOutlet.php - POST data: {"tgl":"2026-04-07","encrypt":"5b8ae1bc6b9f1f1fb1fdfe9cb8337a80","id_apl":"APL01","key":"Asr"}
2026-04-07 12:07:21 - getOutlet.php - Params - tgl: 2026-04-07, encrypt: 5b8ae1bc6b9f1f1fb1fdfe9cb8337a80, id_apl: APL01, key: Asr
2026-04-07 12:07:21 - getOutlet.php - Aplikasi ditemukan: Ya
2026-04-07 12:07:21 - getOutlet.php - Key aplikasi: YbcJSFjkds...
2026-04-07 12:07:21 - getOutlet.php - Expected encrypt: 5b8ae1bc6b9f1f1fb1fdfe9cb8337a80
2026-04-07 12:07:21 - getOutlet.php - Received encrypt: 5b8ae1bc6b9f1f1fb1fdfe9cb8337a80
2026-04-07 12:07:21 - getOutlet.php - Authentication berhasil
2026-04-07 12:07:21 - getOutlet.php - Query: SELECT id_out, nama_out, '' AS alamat_out, ofcode_out
            FROM outlet 
            WHERE status_out IN ('Active', '1', 'active')
            AND (nama_out LIKE :key OR ofcode_out LIKE :key)
            ORDER BY nama_out ASC
            LIMIT 20
2026-04-07 12:07:21 - getOutlet.php - Query berhasil, mengembalikan 5 record
2026-04-07 12:07:21 - getOutlet.php - === END REQUEST ===
2026-04-07 05:07:21 - getOutlet.php - === REQUEST GETOUTLET ===
2026-04-07 05:07:21 - getOutlet.php - Method: POST
2026-04-07 05:07:21 - getOutlet.php - POST data: {"tgl":"2026-04-07","encrypt":"5b8ae1bc6b9f1f1fb1fdfe9cb8337a80","id_apl":"APL01","key":"As"}
2026-04-07 12:07:21 - getOutlet.php - Params - tgl: 2026-04-07, encrypt: 5b8ae1bc6b9f1f1fb1fdfe9cb8337a80, id_apl: APL01, key: As
2026-04-07 12:07:21 - getOutlet.php - Aplikasi ditemukan: Ya
2026-04-07 12:07:21 - getOutlet.php - Key aplikasi: YbcJSFjkds...
2026-04-07 12:07:21 - getOutlet.php - Expected encrypt: 5b8ae1bc6b9f1f1fb1fdfe9cb8337a80
2026-04-07 12:07:21 - getOutlet.php - Received encrypt: 5b8ae1bc6b9f1f1fb1fdfe9cb8337a80
2026-04-07 12:07:21 - getOutlet.php - Authentication berhasil
2026-04-07 12:07:21 - getOutlet.php - Query: SELECT id_out, nama_out, '' AS alamat_out, ofcode_out
            FROM outlet 
            WHERE status_out IN ('Active', '1', 'active')
            AND (nama_out LIKE :key OR ofcode_out LIKE :key)
            ORDER BY nama_out ASC
            LIMIT 20
2026-04-07 12:07:21 - getOutlet.php - Query berhasil, mengembalikan 20 record
2026-04-07 12:07:21 - getOutlet.php - === END REQUEST ===
2026-04-07 05:07:22 - getOutlet.php - === REQUEST GETOUTLET ===
2026-04-07 05:07:22 - getOutlet.php - Method: POST
2026-04-07 05:07:22 - getOutlet.php - POST data: {"tgl":"2026-04-07","encrypt":"5b8ae1bc6b9f1f1fb1fdfe9cb8337a80","id_apl":"APL01","key":"Asri"}
2026-04-07 12:07:22 - getOutlet.php - Params - tgl: 2026-04-07, encrypt: 5b8ae1bc6b9f1f1fb1fdfe9cb8337a80, id_apl: APL01, key: Asri
2026-04-07 12:07:22 - getOutlet.php - Aplikasi ditemukan: Ya
2026-04-07 12:07:22 - getOutlet.php - Key aplikasi: YbcJSFjkds...
2026-04-07 12:07:22 - getOutlet.php - Expected encrypt: 5b8ae1bc6b9f1f1fb1fdfe9cb8337a80
2026-04-07 12:07:22 - getOutlet.php - Received encrypt: 5b8ae1bc6b9f1f1fb1fdfe9cb8337a80
2026-04-07 12:07:22 - getOutlet.php - Authentication berhasil
2026-04-07 12:07:22 - getOutlet.php - Query: SELECT id_out, nama_out, '' AS alamat_out, ofcode_out
            FROM outlet 
            WHERE status_out IN ('Active', '1', 'active')
            AND (nama_out LIKE :key OR ofcode_out LIKE :key)
            ORDER BY nama_out ASC
            LIMIT 20
2026-04-07 12:07:22 - getOutlet.php - Query berhasil, mengembalikan 5 record
2026-04-07 12:07:22 - getOutlet.php - === END REQUEST ===
2026-04-07 05:07:24 - getOutlet.php - === REQUEST GETOUTLET ===
2026-04-07 05:07:24 - getOutlet.php - Method: POST
2026-04-07 05:07:24 - getOutlet.php - POST data: {"tgl":"2026-04-07","encrypt":"5b8ae1bc6b9f1f1fb1fdfe9cb8337a80","id_apl":"APL01","key":"RS BEDAH SILOAM ASRI"}
2026-04-07 12:07:24 - getOutlet.php - Params - tgl: 2026-04-07, encrypt: 5b8ae1bc6b9f1f1fb1fdfe9cb8337a80, id_apl: APL01, key: RS BEDAH SILOAM ASRI
2026-04-07 12:07:24 - getOutlet.php - Aplikasi ditemukan: Ya
2026-04-07 12:07:24 - getOutlet.php - Key aplikasi: YbcJSFjkds...
2026-04-07 12:07:24 - getOutlet.php - Expected encrypt: 5b8ae1bc6b9f1f1fb1fdfe9cb8337a80
2026-04-07 12:07:24 - getOutlet.php - Received encrypt: 5b8ae1bc6b9f1f1fb1fdfe9cb8337a80
2026-04-07 12:07:24 - getOutlet.php - Authentication berhasil
2026-04-07 12:07:24 - getOutlet.php - Query: SELECT id_out, nama_out, '' AS alamat_out, ofcode_out
            FROM outlet 
            WHERE status_out IN ('Active', '1', 'active')
            AND (nama_out LIKE :key OR ofcode_out LIKE :key)
            ORDER BY nama_out ASC
            LIMIT 20
2026-04-07 12:07:24 - getOutlet.php - Query berhasil, mengembalikan 1 record
2026-04-07 12:07:24 - getOutlet.php - === END REQUEST ===
2026-04-07 05:07:36 - getOutlet.php - === REQUEST GETOUTLET ===
2026-04-07 05:07:36 - getOutlet.php - Method: POST
2026-04-07 05:07:36 - getOutlet.php - POST data: {"tgl":"2026-04-07","encrypt":"5b8ae1bc6b9f1f1fb1fdfe9cb8337a80","id_apl":"APL01","key":"Pe"}
2026-04-07 12:07:36 - getOutlet.php - Params - tgl: 2026-04-07, encrypt: 5b8ae1bc6b9f1f1fb1fdfe9cb8337a80, id_apl: APL01, key: Pe
2026-04-07 12:07:36 - getOutlet.php - Aplikasi ditemukan: Ya
2026-04-07 12:07:36 - getOutlet.php - Key aplikasi: YbcJSFjkds...
2026-04-07 12:07:36 - getOutlet.php - Expected encrypt: 5b8ae1bc6b9f1f1fb1fdfe9cb8337a80
2026-04-07 12:07:36 - getOutlet.php - Received encrypt: 5b8ae1bc6b9f1f1fb1fdfe9cb8337a80
2026-04-07 12:07:36 - getOutlet.php - Authentication berhasil
2026-04-07 12:07:36 - getOutlet.php - Query: SELECT id_out, nama_out, '' AS alamat_out, ofcode_out
            FROM outlet 
            WHERE status_out IN ('Active', '1', 'active')
            AND (nama_out LIKE :key OR ofcode_out LIKE :key)
            ORDER BY nama_out ASC
            LIMIT 20
2026-04-07 12:07:36 - getOutlet.php - Query berhasil, mengembalikan 20 record
2026-04-07 12:07:36 - getOutlet.php - === END REQUEST ===
2026-04-07 05:07:36 - getOutlet.php - === REQUEST GETOUTLET ===
2026-04-07 05:07:36 - getOutlet.php - Method: POST
2026-04-07 05:07:36 - getOutlet.php - POST data: {"tgl":"2026-04-07","encrypt":"5b8ae1bc6b9f1f1fb1fdfe9cb8337a80","id_apl":"APL01","key":"Pej"}
2026-04-07 12:07:36 - getOutlet.php - Params - tgl: 2026-04-07, encrypt: 5b8ae1bc6b9f1f1fb1fdfe9cb8337a80, id_apl: APL01, key: Pej
2026-04-07 12:07:36 - getOutlet.php - Aplikasi ditemukan: Ya
2026-04-07 12:07:36 - getOutlet.php - Key aplikasi: YbcJSFjkds...
2026-04-07 12:07:36 - getOutlet.php - Expected encrypt: 5b8ae1bc6b9f1f1fb1fdfe9cb8337a80
2026-04-07 12:07:36 - getOutlet.php - Received encrypt: 5b8ae1bc6b9f1f1fb1fdfe9cb8337a80
2026-04-07 12:07:36 - getOutlet.php - Authentication berhasil
2026-04-07 12:07:36 - getOutlet.php - Query: SELECT id_out, nama_out, '' AS alamat_out, ofcode_out
            FROM outlet 
            WHERE status_out IN ('Active', '1', 'active')
            AND (nama_out LIKE :key OR ofcode_out LIKE :key)
            ORDER BY nama_out ASC
            LIMIT 20
2026-04-07 12:07:36 - getOutlet.php - Query berhasil, mengembalikan 3 record
2026-04-07 12:07:36 - getOutlet.php - === END REQUEST ===
2026-04-07 05:07:37 - getOutlet.php - === REQUEST GETOUTLET ===
2026-04-07 05:07:37 - getOutlet.php - Method: POST
2026-04-07 05:07:37 - getOutlet.php - POST data: {"tgl":"2026-04-07","encrypt":"5b8ae1bc6b9f1f1fb1fdfe9cb8337a80","id_apl":"APL01","key":"Peja"}
2026-04-07 12:07:37 - getOutlet.php - Params - tgl: 2026-04-07, encrypt: 5b8ae1bc6b9f1f1fb1fdfe9cb8337a80, id_apl: APL01, key: Peja
2026-04-07 12:07:37 - getOutlet.php - Aplikasi ditemukan: Ya
2026-04-07 12:07:37 - getOutlet.php - Key aplikasi: YbcJSFjkds...
2026-04-07 12:07:37 - getOutlet.php - Expected encrypt: 5b8ae1bc6b9f1f1fb1fdfe9cb8337a80
2026-04-07 12:07:37 - getOutlet.php - Received encrypt: 5b8ae1bc6b9f1f1fb1fdfe9cb8337a80
2026-04-07 12:07:37 - getOutlet.php - Authentication berhasil
2026-04-07 12:07:37 - getOutlet.php - Query: SELECT id_out, nama_out, '' AS alamat_out, ofcode_out
            FROM outlet 
            WHERE status_out IN ('Active', '1', 'active')
            AND (nama_out LIKE :key OR ofcode_out LIKE :key)
            ORDER BY nama_out ASC
            LIMIT 20
2026-04-07 12:07:37 - getOutlet.php - Query berhasil, mengembalikan 3 record
2026-04-07 12:07:37 - getOutlet.php - === END REQUEST ===
2026-04-07 05:07:37 - getOutlet.php - === REQUEST GETOUTLET ===
2026-04-07 05:07:37 - getOutlet.php - Method: POST
2026-04-07 05:07:37 - getOutlet.php - POST data: {"tgl":"2026-04-07","encrypt":"5b8ae1bc6b9f1f1fb1fdfe9cb8337a80","id_apl":"APL01","key":"Pejat"}
2026-04-07 12:07:37 - getOutlet.php - Params - tgl: 2026-04-07, encrypt: 5b8ae1bc6b9f1f1fb1fdfe9cb8337a80, id_apl: APL01, key: Pejat
2026-04-07 12:07:37 - getOutlet.php - Aplikasi ditemukan: Ya
2026-04-07 12:07:37 - getOutlet.php - Key aplikasi: YbcJSFjkds...
2026-04-07 12:07:37 - getOutlet.php - Expected encrypt: 5b8ae1bc6b9f1f1fb1fdfe9cb8337a80
2026-04-07 12:07:37 - getOutlet.php - Received encrypt: 5b8ae1bc6b9f1f1fb1fdfe9cb8337a80
2026-04-07 12:07:37 - getOutlet.php - Authentication berhasil
2026-04-07 12:07:37 - getOutlet.php - Query: SELECT id_out, nama_out, '' AS alamat_out, ofcode_out
            FROM outlet 
            WHERE status_out IN ('Active', '1', 'active')
            AND (nama_out LIKE :key OR ofcode_out LIKE :key)
            ORDER BY nama_out ASC
            LIMIT 20
2026-04-07 12:07:37 - getOutlet.php - Query berhasil, mengembalikan 2 record
2026-04-07 12:07:37 - getOutlet.php - === END REQUEST ===
2026-04-07 05:07:37 - getOutlet.php - === REQUEST GETOUTLET ===
2026-04-07 05:07:37 - getOutlet.php - Method: POST
2026-04-07 05:07:37 - getOutlet.php - POST data: {"tgl":"2026-04-07","encrypt":"5b8ae1bc6b9f1f1fb1fdfe9cb8337a80","id_apl":"APL01","key":"Pejate"}
2026-04-07 12:07:37 - getOutlet.php - Params - tgl: 2026-04-07, encrypt: 5b8ae1bc6b9f1f1fb1fdfe9cb8337a80, id_apl: APL01, key: Pejate
2026-04-07 12:07:37 - getOutlet.php - Aplikasi ditemukan: Ya
2026-04-07 12:07:37 - getOutlet.php - Key aplikasi: YbcJSFjkds...
2026-04-07 12:07:37 - getOutlet.php - Expected encrypt: 5b8ae1bc6b9f1f1fb1fdfe9cb8337a80
2026-04-07 12:07:37 - getOutlet.php - Received encrypt: 5b8ae1bc6b9f1f1fb1fdfe9cb8337a80
2026-04-07 12:07:37 - getOutlet.php - Authentication berhasil
2026-04-07 12:07:37 - getOutlet.php - Query: SELECT id_out, nama_out, '' AS alamat_out, ofcode_out
            FROM outlet 
            WHERE status_out IN ('Active', '1', 'active')
            AND (nama_out LIKE :key OR ofcode_out LIKE :key)
            ORDER BY nama_out ASC
            LIMIT 20
2026-04-07 12:07:37 - getOutlet.php - Query berhasil, mengembalikan 2 record
2026-04-07 12:07:37 - getOutlet.php - === END REQUEST ===
2026-04-07 05:07:37 - getOutlet.php - === REQUEST GETOUTLET ===
2026-04-07 05:07:37 - getOutlet.php - Method: POST
2026-04-07 05:07:37 - getOutlet.php - POST data: {"tgl":"2026-04-07","encrypt":"5b8ae1bc6b9f1f1fb1fdfe9cb8337a80","id_apl":"APL01","key":"Pejaten"}
2026-04-07 12:07:37 - getOutlet.php - Params - tgl: 2026-04-07, encrypt: 5b8ae1bc6b9f1f1fb1fdfe9cb8337a80, id_apl: APL01, key: Pejaten
2026-04-07 12:07:37 - getOutlet.php - Aplikasi ditemukan: Ya
2026-04-07 12:07:37 - getOutlet.php - Key aplikasi: YbcJSFjkds...
2026-04-07 12:07:37 - getOutlet.php - Expected encrypt: 5b8ae1bc6b9f1f1fb1fdfe9cb8337a80
2026-04-07 12:07:37 - getOutlet.php - Received encrypt: 5b8ae1bc6b9f1f1fb1fdfe9cb8337a80
2026-04-07 12:07:37 - getOutlet.php - Authentication berhasil
2026-04-07 12:07:37 - getOutlet.php - Query: SELECT id_out, nama_out, '' AS alamat_out, ofcode_out
            FROM outlet 
            WHERE status_out IN ('Active', '1', 'active')
            AND (nama_out LIKE :key OR ofcode_out LIKE :key)
            ORDER BY nama_out ASC
            LIMIT 20
2026-04-07 12:07:37 - getOutlet.php - Query berhasil, mengembalikan 2 record
2026-04-07 12:07:37 - getOutlet.php - === END REQUEST ===
2026-04-07 05:07:42 - getOutlet.php - === REQUEST GETOUTLET ===
2026-04-07 05:07:42 - getOutlet.php - Method: POST
2026-04-07 05:07:42 - getOutlet.php - POST data: {"tgl":"2026-04-07","encrypt":"5b8ae1bc6b9f1f1fb1fdfe9cb8337a80","id_apl":"APL01","key":"Rumah Sakit Murni Teguh Pejaten Jakarta"}
2026-04-07 12:07:42 - getOutlet.php - Params - tgl: 2026-04-07, encrypt: 5b8ae1bc6b9f1f1fb1fdfe9cb8337a80, id_apl: APL01, key: Rumah Sakit Murni Teguh Pejaten Jakarta
2026-04-07 12:07:42 - getOutlet.php - Aplikasi ditemukan: Ya
2026-04-07 12:07:42 - getOutlet.php - Key aplikasi: YbcJSFjkds...
2026-04-07 12:07:42 - getOutlet.php - Expected encrypt: 5b8ae1bc6b9f1f1fb1fdfe9cb8337a80
2026-04-07 12:07:42 - getOutlet.php - Received encrypt: 5b8ae1bc6b9f1f1fb1fdfe9cb8337a80
2026-04-07 12:07:42 - getOutlet.php - Authentication berhasil
2026-04-07 12:07:42 - getOutlet.php - Query: SELECT id_out, nama_out, '' AS alamat_out, ofcode_out
            FROM outlet 
            WHERE status_out IN ('Active', '1', 'active')
            AND (nama_out LIKE :key OR ofcode_out LIKE :key)
            ORDER BY nama_out ASC
            LIMIT 20
2026-04-07 12:07:42 - getOutlet.php - Query berhasil, mengembalikan 1 record
2026-04-07 12:07:42 - getOutlet.php - === END REQUEST ===
2026-04-07 05:10:00 - getOutlet.php - === REQUEST GETOUTLET ===
2026-04-07 05:10:00 - getOutlet.php - Method: POST
2026-04-07 05:10:00 - getOutlet.php - POST data: {"tgl":"2026-04-07","encrypt":"5b8ae1bc6b9f1f1fb1fdfe9cb8337a80","id_apl":"APL01","key":"Rs"}
2026-04-07 12:10:00 - getOutlet.php - Params - tgl: 2026-04-07, encrypt: 5b8ae1bc6b9f1f1fb1fdfe9cb8337a80, id_apl: APL01, key: Rs
2026-04-07 12:10:00 - getOutlet.php - Aplikasi ditemukan: Ya
2026-04-07 12:10:00 - getOutlet.php - Key aplikasi: YbcJSFjkds...
2026-04-07 12:10:00 - getOutlet.php - Expected encrypt: 5b8ae1bc6b9f1f1fb1fdfe9cb8337a80
2026-04-07 12:10:00 - getOutlet.php - Received encrypt: 5b8ae1bc6b9f1f1fb1fdfe9cb8337a80
2026-04-07 12:10:00 - getOutlet.php - Authentication berhasil
2026-04-07 12:10:00 - getOutlet.php - Query: SELECT id_out, nama_out, '' AS alamat_out, ofcode_out
            FROM outlet 
            WHERE status_out IN ('Active', '1', 'active')
            AND (nama_out LIKE :key OR ofcode_out LIKE :key)
            ORDER BY nama_out ASC
            LIMIT 20
2026-04-07 12:10:00 - getOutlet.php - Query berhasil, mengembalikan 20 record
2026-04-07 12:10:00 - getOutlet.php - === END REQUEST ===
2026-04-07 05:10:00 - getOutlet.php - === REQUEST GETOUTLET ===
2026-04-07 05:10:00 - getOutlet.php - Method: POST
2026-04-07 05:10:00 - getOutlet.php - POST data: {"tgl":"2026-04-07","encrypt":"5b8ae1bc6b9f1f1fb1fdfe9cb8337a80","id_apl":"APL01","key":"Rs"}
2026-04-07 12:10:00 - getOutlet.php - Params - tgl: 2026-04-07, encrypt: 5b8ae1bc6b9f1f1fb1fdfe9cb8337a80, id_apl: APL01, key: Rs
2026-04-07 12:10:00 - getOutlet.php - Aplikasi ditemukan: Ya
2026-04-07 12:10:00 - getOutlet.php - Key aplikasi: YbcJSFjkds...
2026-04-07 12:10:00 - getOutlet.php - Expected encrypt: 5b8ae1bc6b9f1f1fb1fdfe9cb8337a80
2026-04-07 12:10:00 - getOutlet.php - Received encrypt: 5b8ae1bc6b9f1f1fb1fdfe9cb8337a80
2026-04-07 12:10:00 - getOutlet.php - Authentication berhasil
2026-04-07 12:10:00 - getOutlet.php - Query: SELECT id_out, nama_out, '' AS alamat_out, ofcode_out
            FROM outlet 
            WHERE status_out IN ('Active', '1', 'active')
            AND (nama_out LIKE :key OR ofcode_out LIKE :key)
            ORDER BY nama_out ASC
            LIMIT 20
2026-04-07 12:10:00 - getOutlet.php - Query berhasil, mengembalikan 20 record
2026-04-07 12:10:00 - getOutlet.php - === END REQUEST ===
2026-04-07 05:10:00 - getOutlet.php - === REQUEST GETOUTLET ===
2026-04-07 05:10:00 - getOutlet.php - Method: POST
2026-04-07 05:10:00 - getOutlet.php - POST data: {"tgl":"2026-04-07","encrypt":"5b8ae1bc6b9f1f1fb1fdfe9cb8337a80","id_apl":"APL01","key":"Rs"}
2026-04-07 12:10:00 - getOutlet.php - Params - tgl: 2026-04-07, encrypt: 5b8ae1bc6b9f1f1fb1fdfe9cb8337a80, id_apl: APL01, key: Rs
2026-04-07 12:10:00 - getOutlet.php - Aplikasi ditemukan: Ya
2026-04-07 12:10:00 - getOutlet.php - Key aplikasi: YbcJSFjkds...
2026-04-07 12:10:00 - getOutlet.php - Expected encrypt: 5b8ae1bc6b9f1f1fb1fdfe9cb8337a80
2026-04-07 12:10:00 - getOutlet.php - Received encrypt: 5b8ae1bc6b9f1f1fb1fdfe9cb8337a80
2026-04-07 12:10:00 - getOutlet.php - Authentication berhasil
2026-04-07 12:10:00 - getOutlet.php - Query: SELECT id_out, nama_out, '' AS alamat_out, ofcode_out
            FROM outlet 
            WHERE status_out IN ('Active', '1', 'active')
            AND (nama_out LIKE :key OR ofcode_out LIKE :key)
            ORDER BY nama_out ASC
            LIMIT 20
2026-04-07 12:10:00 - getOutlet.php - Query berhasil, mengembalikan 20 record
2026-04-07 12:10:00 - getOutlet.php - === END REQUEST ===
2026-04-07 05:10:12 - getOutlet.php - === REQUEST GETOUTLET ===
2026-04-07 05:10:12 - getOutlet.php - Method: POST
2026-04-07 05:10:12 - getOutlet.php - POST data: {"tgl":"2026-04-07","encrypt":"5b8ae1bc6b9f1f1fb1fdfe9cb8337a80","id_apl":"APL01","key":"Rs m"}
2026-04-07 12:10:12 - getOutlet.php - Params - tgl: 2026-04-07, encrypt: 5b8ae1bc6b9f1f1fb1fdfe9cb8337a80, id_apl: APL01, key: Rs m
2026-04-07 12:10:12 - getOutlet.php - Aplikasi ditemukan: Ya
2026-04-07 12:10:12 - getOutlet.php - Key aplikasi: YbcJSFjkds...
2026-04-07 12:10:12 - getOutlet.php - Expected encrypt: 5b8ae1bc6b9f1f1fb1fdfe9cb8337a80
2026-04-07 12:10:12 - getOutlet.php - Received encrypt: 5b8ae1bc6b9f1f1fb1fdfe9cb8337a80
2026-04-07 12:10:12 - getOutlet.php - Authentication berhasil
2026-04-07 12:10:12 - getOutlet.php - Query: SELECT id_out, nama_out, '' AS alamat_out, ofcode_out
            FROM outlet 
            WHERE status_out IN ('Active', '1', 'active')
            AND (nama_out LIKE :key OR ofcode_out LIKE :key)
            ORDER BY nama_out ASC
            LIMIT 20
2026-04-07 12:10:12 - getOutlet.php - Query berhasil, mengembalikan 20 record
2026-04-07 12:10:12 - getOutlet.php - === END REQUEST ===
2026-04-07 05:10:12 - getOutlet.php - === REQUEST GETOUTLET ===
2026-04-07 05:10:12 - getOutlet.php - Method: POST
2026-04-07 05:10:12 - getOutlet.php - POST data: {"tgl":"2026-04-07","encrypt":"5b8ae1bc6b9f1f1fb1fdfe9cb8337a80","id_apl":"APL01","key":"Rs mu"}
2026-04-07 12:10:12 - getOutlet.php - Params - tgl: 2026-04-07, encrypt: 5b8ae1bc6b9f1f1fb1fdfe9cb8337a80, id_apl: APL01, key: Rs mu
2026-04-07 12:10:12 - getOutlet.php - Aplikasi ditemukan: Ya
2026-04-07 12:10:12 - getOutlet.php - Key aplikasi: YbcJSFjkds...
2026-04-07 12:10:12 - getOutlet.php - Expected encrypt: 5b8ae1bc6b9f1f1fb1fdfe9cb8337a80
2026-04-07 12:10:12 - getOutlet.php - Received encrypt: 5b8ae1bc6b9f1f1fb1fdfe9cb8337a80
2026-04-07 12:10:12 - getOutlet.php - Authentication berhasil
2026-04-07 12:10:12 - getOutlet.php - Query: SELECT id_out, nama_out, '' AS alamat_out, ofcode_out
            FROM outlet 
            WHERE status_out IN ('Active', '1', 'active')
            AND (nama_out LIKE :key OR ofcode_out LIKE :key)
            ORDER BY nama_out ASC
            LIMIT 20
2026-04-07 12:10:12 - getOutlet.php - Query berhasil, mengembalikan 8 record
2026-04-07 12:10:12 - getOutlet.php - === END REQUEST ===
2026-04-07 05:10:13 - getOutlet.php - === REQUEST GETOUTLET ===
2026-04-07 05:10:13 - getOutlet.php - Method: POST
2026-04-07 05:10:13 - getOutlet.php - POST data: {"tgl":"2026-04-07","encrypt":"5b8ae1bc6b9f1f1fb1fdfe9cb8337a80","id_apl":"APL01","key":"Rs mur"}
2026-04-07 12:10:13 - getOutlet.php - Params - tgl: 2026-04-07, encrypt: 5b8ae1bc6b9f1f1fb1fdfe9cb8337a80, id_apl: APL01, key: Rs mur
2026-04-07 12:10:13 - getOutlet.php - Aplikasi ditemukan: Ya
2026-04-07 12:10:13 - getOutlet.php - Key aplikasi: YbcJSFjkds...
2026-04-07 12:10:13 - getOutlet.php - Expected encrypt: 5b8ae1bc6b9f1f1fb1fdfe9cb8337a80
2026-04-07 12:10:13 - getOutlet.php - Received encrypt: 5b8ae1bc6b9f1f1fb1fdfe9cb8337a80
2026-04-07 12:10:13 - getOutlet.php - Authentication berhasil
2026-04-07 12:10:13 - getOutlet.php - Query: SELECT id_out, nama_out, '' AS alamat_out, ofcode_out
            FROM outlet 
            WHERE status_out IN ('Active', '1', 'active')
            AND (nama_out LIKE :key OR ofcode_out LIKE :key)
            ORDER BY nama_out ASC
            LIMIT 20
2026-04-07 12:10:13 - getOutlet.php - Query berhasil, mengembalikan 3 record
2026-04-07 12:10:13 - getOutlet.php - === END REQUEST ===
2026-04-07 05:10:17 - getOutlet.php - === REQUEST GETOUTLET ===
2026-04-07 05:10:17 - getOutlet.php - Method: POST
2026-04-07 05:10:17 - getOutlet.php - POST data: {"tgl":"2026-04-07","encrypt":"5b8ae1bc6b9f1f1fb1fdfe9cb8337a80","id_apl":"APL01","key":"Rs murn"}
2026-04-07 12:10:17 - getOutlet.php - Params - tgl: 2026-04-07, encrypt: 5b8ae1bc6b9f1f1fb1fdfe9cb8337a80, id_apl: APL01, key: Rs murn
2026-04-07 12:10:17 - getOutlet.php - Aplikasi ditemukan: Ya
2026-04-07 12:10:17 - getOutlet.php - Key aplikasi: YbcJSFjkds...
2026-04-07 12:10:17 - getOutlet.php - Expected encrypt: 5b8ae1bc6b9f1f1fb1fdfe9cb8337a80
2026-04-07 12:10:17 - getOutlet.php - Received encrypt: 5b8ae1bc6b9f1f1fb1fdfe9cb8337a80
2026-04-07 12:10:17 - getOutlet.php - Authentication berhasil
2026-04-07 12:10:17 - getOutlet.php - Query: SELECT id_out, nama_out, '' AS alamat_out, ofcode_out
            FROM outlet 
            WHERE status_out IN ('Active', '1', 'active')
            AND (nama_out LIKE :key OR ofcode_out LIKE :key)
            ORDER BY nama_out ASC
            LIMIT 20
2026-04-07 12:10:17 - getOutlet.php - Query berhasil, mengembalikan 3 record
2026-04-07 12:10:17 - getOutlet.php - === END REQUEST ===
2026-04-07 05:10:17 - getOutlet.php - === REQUEST GETOUTLET ===
2026-04-07 05:10:17 - getOutlet.php - Method: POST
2026-04-07 05:10:17 - getOutlet.php - POST data: {"tgl":"2026-04-07","encrypt":"5b8ae1bc6b9f1f1fb1fdfe9cb8337a80","id_apl":"APL01","key":"Rs murni"}
2026-04-07 12:10:17 - getOutlet.php - Params - tgl: 2026-04-07, encrypt: 5b8ae1bc6b9f1f1fb1fdfe9cb8337a80, id_apl: APL01, key: Rs murni
2026-04-07 12:10:17 - getOutlet.php - Aplikasi ditemukan: Ya
2026-04-07 12:10:17 - getOutlet.php - Key aplikasi: YbcJSFjkds...
2026-04-07 12:10:17 - getOutlet.php - Expected encrypt: 5b8ae1bc6b9f1f1fb1fdfe9cb8337a80
2026-04-07 12:10:17 - getOutlet.php - Received encrypt: 5b8ae1bc6b9f1f1fb1fdfe9cb8337a80
2026-04-07 12:10:17 - getOutlet.php - Authentication berhasil
2026-04-07 12:10:17 - getOutlet.php - Query: SELECT id_out, nama_out, '' AS alamat_out, ofcode_out
            FROM outlet 
            WHERE status_out IN ('Active', '1', 'active')
            AND (nama_out LIKE :key OR ofcode_out LIKE :key)
            ORDER BY nama_out ASC
            LIMIT 20
2026-04-07 12:10:17 - getOutlet.php - Query berhasil, mengembalikan 3 record
2026-04-07 12:10:17 - getOutlet.php - === END REQUEST ===
2026-04-07 05:10:17 - getOutlet.php - === REQUEST GETOUTLET ===
2026-04-07 05:10:17 - getOutlet.php - Method: POST
2026-04-07 05:10:17 - getOutlet.php - POST data: {"tgl":"2026-04-07","encrypt":"5b8ae1bc6b9f1f1fb1fdfe9cb8337a80","id_apl":"APL01","key":"Rs murni"}
2026-04-07 12:10:17 - getOutlet.php - Params - tgl: 2026-04-07, encrypt: 5b8ae1bc6b9f1f1fb1fdfe9cb8337a80, id_apl: APL01, key: Rs murni
2026-04-07 12:10:17 - getOutlet.php - Aplikasi ditemukan: Ya
2026-04-07 12:10:17 - getOutlet.php - Key aplikasi: YbcJSFjkds...
2026-04-07 12:10:17 - getOutlet.php - Expected encrypt: 5b8ae1bc6b9f1f1fb1fdfe9cb8337a80
2026-04-07 12:10:17 - getOutlet.php - Received encrypt: 5b8ae1bc6b9f1f1fb1fdfe9cb8337a80
2026-04-07 12:10:17 - getOutlet.php - Authentication berhasil
2026-04-07 12:10:17 - getOutlet.php - Query: SELECT id_out, nama_out, '' AS alamat_out, ofcode_out
            FROM outlet 
            WHERE status_out IN ('Active', '1', 'active')
            AND (nama_out LIKE :key OR ofcode_out LIKE :key)
            ORDER BY nama_out ASC
            LIMIT 20
2026-04-07 12:10:17 - getOutlet.php - Query berhasil, mengembalikan 3 record
2026-04-07 12:10:17 - getOutlet.php - === END REQUEST ===
2026-04-07 05:10:17 - getOutlet.php - === REQUEST GETOUTLET ===
2026-04-07 05:10:17 - getOutlet.php - Method: POST
2026-04-07 05:10:17 - getOutlet.php - POST data: {"tgl":"2026-04-07","encrypt":"5b8ae1bc6b9f1f1fb1fdfe9cb8337a80","id_apl":"APL01","key":"Rs murni"}
2026-04-07 12:10:17 - getOutlet.php - Params - tgl: 2026-04-07, encrypt: 5b8ae1bc6b9f1f1fb1fdfe9cb8337a80, id_apl: APL01, key: Rs murni
2026-04-07 12:10:17 - getOutlet.php - Aplikasi ditemukan: Ya
2026-04-07 12:10:17 - getOutlet.php - Key aplikasi: YbcJSFjkds...
2026-04-07 12:10:17 - getOutlet.php - Expected encrypt: 5b8ae1bc6b9f1f1fb1fdfe9cb8337a80
2026-04-07 12:10:17 - getOutlet.php - Received encrypt: 5b8ae1bc6b9f1f1fb1fdfe9cb8337a80
2026-04-07 12:10:17 - getOutlet.php - Authentication berhasil
2026-04-07 12:10:17 - getOutlet.php - Query: SELECT id_out, nama_out, '' AS alamat_out, ofcode_out
            FROM outlet 
            WHERE status_out IN ('Active', '1', 'active')
            AND (nama_out LIKE :key OR ofcode_out LIKE :key)
            ORDER BY nama_out ASC
            LIMIT 20
2026-04-07 12:10:17 - getOutlet.php - Query berhasil, mengembalikan 3 record
2026-04-07 12:10:17 - getOutlet.php - === END REQUEST ===
2026-04-07 05:10:20 - getOutlet.php - === REQUEST GETOUTLET ===
2026-04-07 05:10:20 - getOutlet.php - Method: POST
2026-04-07 05:10:20 - getOutlet.php - POST data: {"tgl":"2026-04-07","encrypt":"5b8ae1bc6b9f1f1fb1fdfe9cb8337a80","id_apl":"APL01","key":"Rs murni t"}
2026-04-07 12:10:20 - getOutlet.php - Params - tgl: 2026-04-07, encrypt: 5b8ae1bc6b9f1f1fb1fdfe9cb8337a80, id_apl: APL01, key: Rs murni t
2026-04-07 12:10:20 - getOutlet.php - Aplikasi ditemukan: Ya
2026-04-07 12:10:20 - getOutlet.php - Key aplikasi: YbcJSFjkds...
2026-04-07 12:10:20 - getOutlet.php - Expected encrypt: 5b8ae1bc6b9f1f1fb1fdfe9cb8337a80
2026-04-07 12:10:20 - getOutlet.php - Received encrypt: 5b8ae1bc6b9f1f1fb1fdfe9cb8337a80
2026-04-07 12:10:20 - getOutlet.php - Authentication berhasil
2026-04-07 12:10:20 - getOutlet.php - Query: SELECT id_out, nama_out, '' AS alamat_out, ofcode_out
            FROM outlet 
            WHERE status_out IN ('Active', '1', 'active')
            AND (nama_out LIKE :key OR ofcode_out LIKE :key)
            ORDER BY nama_out ASC
            LIMIT 20
2026-04-07 12:10:20 - getOutlet.php - Query berhasil, mengembalikan 2 record
2026-04-07 12:10:20 - getOutlet.php - === END REQUEST ===
2026-04-07 05:10:21 - getOutlet.php - === REQUEST GETOUTLET ===
2026-04-07 05:10:21 - getOutlet.php - Method: POST
2026-04-07 05:10:21 - getOutlet.php - POST data: {"tgl":"2026-04-07","encrypt":"5b8ae1bc6b9f1f1fb1fdfe9cb8337a80","id_apl":"APL01","key":"Rs murni te"}
2026-04-07 12:10:21 - getOutlet.php - Params - tgl: 2026-04-07, encrypt: 5b8ae1bc6b9f1f1fb1fdfe9cb8337a80, id_apl: APL01, key: Rs murni te
2026-04-07 12:10:21 - getOutlet.php - Aplikasi ditemukan: Ya
2026-04-07 12:10:21 - getOutlet.php - Key aplikasi: YbcJSFjkds...
2026-04-07 12:10:21 - getOutlet.php - Expected encrypt: 5b8ae1bc6b9f1f1fb1fdfe9cb8337a80
2026-04-07 12:10:21 - getOutlet.php - Received encrypt: 5b8ae1bc6b9f1f1fb1fdfe9cb8337a80
2026-04-07 12:10:21 - getOutlet.php - Authentication berhasil
2026-04-07 12:10:21 - getOutlet.php - Query: SELECT id_out, nama_out, '' AS alamat_out, ofcode_out
            FROM outlet 
            WHERE status_out IN ('Active', '1', 'active')
            AND (nama_out LIKE :key OR ofcode_out LIKE :key)
            ORDER BY nama_out ASC
            LIMIT 20
2026-04-07 12:10:21 - getOutlet.php - Query berhasil, mengembalikan 2 record
2026-04-07 12:10:21 - getOutlet.php - === END REQUEST ===
2026-04-07 05:10:21 - getOutlet.php - === REQUEST GETOUTLET ===
2026-04-07 05:10:21 - getOutlet.php - Method: POST
2026-04-07 05:10:21 - getOutlet.php - POST data: {"tgl":"2026-04-07","encrypt":"5b8ae1bc6b9f1f1fb1fdfe9cb8337a80","id_apl":"APL01","key":"Rs murni teg"}
2026-04-07 12:10:21 - getOutlet.php - Params - tgl: 2026-04-07, encrypt: 5b8ae1bc6b9f1f1fb1fdfe9cb8337a80, id_apl: APL01, key: Rs murni teg
2026-04-07 12:10:21 - getOutlet.php - Aplikasi ditemukan: Ya
2026-04-07 12:10:21 - getOutlet.php - Key aplikasi: YbcJSFjkds...
2026-04-07 12:10:21 - getOutlet.php - Expected encrypt: 5b8ae1bc6b9f1f1fb1fdfe9cb8337a80
2026-04-07 12:10:21 - getOutlet.php - Received encrypt: 5b8ae1bc6b9f1f1fb1fdfe9cb8337a80
2026-04-07 12:10:21 - getOutlet.php - Authentication berhasil
2026-04-07 12:10:21 - getOutlet.php - Query: SELECT id_out, nama_out, '' AS alamat_out, ofcode_out
            FROM outlet 
            WHERE status_out IN ('Active', '1', 'active')
            AND (nama_out LIKE :key OR ofcode_out LIKE :key)
            ORDER BY nama_out ASC
            LIMIT 20
2026-04-07 12:10:21 - getOutlet.php - Query berhasil, mengembalikan 2 record
2026-04-07 12:10:21 - getOutlet.php - === END REQUEST ===
2026-04-07 05:10:21 - getOutlet.php - === REQUEST GETOUTLET ===
2026-04-07 05:10:21 - getOutlet.php - Method: POST
2026-04-07 05:10:21 - getOutlet.php - POST data: {"tgl":"2026-04-07","encrypt":"5b8ae1bc6b9f1f1fb1fdfe9cb8337a80","id_apl":"APL01","key":"Rs murni tegu"}
2026-04-07 12:10:21 - getOutlet.php - Params - tgl: 2026-04-07, encrypt: 5b8ae1bc6b9f1f1fb1fdfe9cb8337a80, id_apl: APL01, key: Rs murni tegu
2026-04-07 12:10:21 - getOutlet.php - Aplikasi ditemukan: Ya
2026-04-07 12:10:21 - getOutlet.php - Key aplikasi: YbcJSFjkds...
2026-04-07 12:10:21 - getOutlet.php - Expected encrypt: 5b8ae1bc6b9f1f1fb1fdfe9cb8337a80
2026-04-07 12:10:21 - getOutlet.php - Received encrypt: 5b8ae1bc6b9f1f1fb1fdfe9cb8337a80
2026-04-07 12:10:21 - getOutlet.php - Authentication berhasil
2026-04-07 12:10:21 - getOutlet.php - Query: SELECT id_out, nama_out, '' AS alamat_out, ofcode_out
            FROM outlet 
            WHERE status_out IN ('Active', '1', 'active')
            AND (nama_out LIKE :key OR ofcode_out LIKE :key)
            ORDER BY nama_out ASC
            LIMIT 20
2026-04-07 12:10:21 - getOutlet.php - Query berhasil, mengembalikan 2 record
2026-04-07 12:10:21 - getOutlet.php - === END REQUEST ===
2026-04-07 05:10:22 - getOutlet.php - === REQUEST GETOUTLET ===
2026-04-07 05:10:22 - getOutlet.php - Method: POST
2026-04-07 05:10:22 - getOutlet.php - POST data: {"tgl":"2026-04-07","encrypt":"5b8ae1bc6b9f1f1fb1fdfe9cb8337a80","id_apl":"APL01","key":"Rs murni teguh"}
2026-04-07 12:10:22 - getOutlet.php - Params - tgl: 2026-04-07, encrypt: 5b8ae1bc6b9f1f1fb1fdfe9cb8337a80, id_apl: APL01, key: Rs murni teguh
2026-04-07 12:10:22 - getOutlet.php - Aplikasi ditemukan: Ya
2026-04-07 12:10:22 - getOutlet.php - Key aplikasi: YbcJSFjkds...
2026-04-07 12:10:22 - getOutlet.php - Expected encrypt: 5b8ae1bc6b9f1f1fb1fdfe9cb8337a80
2026-04-07 12:10:22 - getOutlet.php - Received encrypt: 5b8ae1bc6b9f1f1fb1fdfe9cb8337a80
2026-04-07 12:10:22 - getOutlet.php - Authentication berhasil
2026-04-07 12:10:22 - getOutlet.php - Query: SELECT id_out, nama_out, '' AS alamat_out, ofcode_out
            FROM outlet 
            WHERE status_out IN ('Active', '1', 'active')
            AND (nama_out LIKE :key OR ofcode_out LIKE :key)
            ORDER BY nama_out ASC
            LIMIT 20
2026-04-07 12:10:22 - getOutlet.php - Query berhasil, mengembalikan 2 record
2026-04-07 12:10:22 - getOutlet.php - === END REQUEST ===
2026-04-07 05:10:22 - getOutlet.php - === REQUEST GETOUTLET ===
2026-04-07 05:10:22 - getOutlet.php - Method: POST
2026-04-07 05:10:22 - getOutlet.php - POST data: {"tgl":"2026-04-07","encrypt":"5b8ae1bc6b9f1f1fb1fdfe9cb8337a80","id_apl":"APL01","key":"Rs murni teguh"}
2026-04-07 12:10:22 - getOutlet.php - Params - tgl: 2026-04-07, encrypt: 5b8ae1bc6b9f1f1fb1fdfe9cb8337a80, id_apl: APL01, key: Rs murni teguh
2026-04-07 12:10:22 - getOutlet.php - Aplikasi ditemukan: Ya
2026-04-07 12:10:22 - getOutlet.php - Key aplikasi: YbcJSFjkds...
2026-04-07 12:10:22 - getOutlet.php - Expected encrypt: 5b8ae1bc6b9f1f1fb1fdfe9cb8337a80
2026-04-07 12:10:22 - getOutlet.php - Received encrypt: 5b8ae1bc6b9f1f1fb1fdfe9cb8337a80
2026-04-07 12:10:22 - getOutlet.php - Authentication berhasil
2026-04-07 12:10:22 - getOutlet.php - Query: SELECT id_out, nama_out, '' AS alamat_out, ofcode_out
            FROM outlet 
            WHERE status_out IN ('Active', '1', 'active')
            AND (nama_out LIKE :key OR ofcode_out LIKE :key)
            ORDER BY nama_out ASC
            LIMIT 20
2026-04-07 12:10:22 - getOutlet.php - Query berhasil, mengembalikan 2 record
2026-04-07 12:10:22 - getOutlet.php - === END REQUEST ===
2026-04-07 05:10:22 - getOutlet.php - === REQUEST GETOUTLET ===
2026-04-07 05:10:22 - getOutlet.php - Method: POST
2026-04-07 05:10:22 - getOutlet.php - POST data: {"tgl":"2026-04-07","encrypt":"5b8ae1bc6b9f1f1fb1fdfe9cb8337a80","id_apl":"APL01","key":"Rs murni teguh"}
2026-04-07 12:10:22 - getOutlet.php - Params - tgl: 2026-04-07, encrypt: 5b8ae1bc6b9f1f1fb1fdfe9cb8337a80, id_apl: APL01, key: Rs murni teguh
2026-04-07 12:10:22 - getOutlet.php - Aplikasi ditemukan: Ya
2026-04-07 12:10:22 - getOutlet.php - Key aplikasi: YbcJSFjkds...
2026-04-07 12:10:22 - getOutlet.php - Expected encrypt: 5b8ae1bc6b9f1f1fb1fdfe9cb8337a80
2026-04-07 12:10:22 - getOutlet.php - Received encrypt: 5b8ae1bc6b9f1f1fb1fdfe9cb8337a80
2026-04-07 12:10:22 - getOutlet.php - Authentication berhasil
2026-04-07 12:10:22 - getOutlet.php - Query: SELECT id_out, nama_out, '' AS alamat_out, ofcode_out
            FROM outlet 
            WHERE status_out IN ('Active', '1', 'active')
            AND (nama_out LIKE :key OR ofcode_out LIKE :key)
            ORDER BY nama_out ASC
            LIMIT 20
2026-04-07 12:10:22 - getOutlet.php - Query berhasil, mengembalikan 2 record
2026-04-07 12:10:22 - getOutlet.php - === END REQUEST ===
2026-04-07 05:10:28 - getOutlet.php - === REQUEST GETOUTLET ===
2026-04-07 05:10:28 - getOutlet.php - Method: POST
2026-04-07 05:10:28 - getOutlet.php - POST data: {"tgl":"2026-04-07","encrypt":"5b8ae1bc6b9f1f1fb1fdfe9cb8337a80","id_apl":"APL01","key":"Rs murni teguh p"}
2026-04-07 12:10:28 - getOutlet.php - Params - tgl: 2026-04-07, encrypt: 5b8ae1bc6b9f1f1fb1fdfe9cb8337a80, id_apl: APL01, key: Rs murni teguh p
2026-04-07 12:10:28 - getOutlet.php - Aplikasi ditemukan: Ya
2026-04-07 12:10:28 - getOutlet.php - Key aplikasi: YbcJSFjkds...
2026-04-07 12:10:28 - getOutlet.php - Expected encrypt: 5b8ae1bc6b9f1f1fb1fdfe9cb8337a80
2026-04-07 12:10:28 - getOutlet.php - Received encrypt: 5b8ae1bc6b9f1f1fb1fdfe9cb8337a80
2026-04-07 12:10:28 - getOutlet.php - Authentication berhasil
2026-04-07 12:10:28 - getOutlet.php - Query: SELECT id_out, nama_out, '' AS alamat_out, ofcode_out
            FROM outlet 
            WHERE status_out IN ('Active', '1', 'active')
            AND (nama_out LIKE :key OR ofcode_out LIKE :key)
            ORDER BY nama_out ASC
            LIMIT 20
2026-04-07 12:10:28 - getOutlet.php - Query berhasil, mengembalikan 0 record
2026-04-07 12:10:28 - getOutlet.php - === END REQUEST ===
2026-04-07 05:10:28 - getOutlet.php - === REQUEST GETOUTLET ===
2026-04-07 05:10:28 - getOutlet.php - Method: POST
2026-04-07 05:10:28 - getOutlet.php - POST data: {"tgl":"2026-04-07","encrypt":"5b8ae1bc6b9f1f1fb1fdfe9cb8337a80","id_apl":"APL01","key":"Rs murni teguh pe"}
2026-04-07 12:10:28 - getOutlet.php - Params - tgl: 2026-04-07, encrypt: 5b8ae1bc6b9f1f1fb1fdfe9cb8337a80, id_apl: APL01, key: Rs murni teguh pe
2026-04-07 12:10:28 - getOutlet.php - Aplikasi ditemukan: Ya
2026-04-07 12:10:28 - getOutlet.php - Key aplikasi: YbcJSFjkds...
2026-04-07 12:10:28 - getOutlet.php - Expected encrypt: 5b8ae1bc6b9f1f1fb1fdfe9cb8337a80
2026-04-07 12:10:28 - getOutlet.php - Received encrypt: 5b8ae1bc6b9f1f1fb1fdfe9cb8337a80
2026-04-07 12:10:28 - getOutlet.php - Authentication berhasil
2026-04-07 12:10:28 - getOutlet.php - Query: SELECT id_out, nama_out, '' AS alamat_out, ofcode_out
            FROM outlet 
            WHERE status_out IN ('Active', '1', 'active')
            AND (nama_out LIKE :key OR ofcode_out LIKE :key)
            ORDER BY nama_out ASC
            LIMIT 20
2026-04-07 12:10:28 - getOutlet.php - Query berhasil, mengembalikan 0 record
2026-04-07 12:10:28 - getOutlet.php - === END REQUEST ===
2026-04-07 05:10:29 - getOutlet.php - === REQUEST GETOUTLET ===
2026-04-07 05:10:29 - getOutlet.php - Method: POST
2026-04-07 05:10:29 - getOutlet.php - POST data: {"tgl":"2026-04-07","encrypt":"5b8ae1bc6b9f1f1fb1fdfe9cb8337a80","id_apl":"APL01","key":"Rs murni teguh pej"}
2026-04-07 12:10:29 - getOutlet.php - Params - tgl: 2026-04-07, encrypt: 5b8ae1bc6b9f1f1fb1fdfe9cb8337a80, id_apl: APL01, key: Rs murni teguh pej
2026-04-07 12:10:29 - getOutlet.php - Aplikasi ditemukan: Ya
2026-04-07 12:10:29 - getOutlet.php - Key aplikasi: YbcJSFjkds...
2026-04-07 12:10:29 - getOutlet.php - Expected encrypt: 5b8ae1bc6b9f1f1fb1fdfe9cb8337a80
2026-04-07 12:10:29 - getOutlet.php - Received encrypt: 5b8ae1bc6b9f1f1fb1fdfe9cb8337a80
2026-04-07 12:10:29 - getOutlet.php - Authentication berhasil
2026-04-07 12:10:29 - getOutlet.php - Query: SELECT id_out, nama_out, '' AS alamat_out, ofcode_out
            FROM outlet 
            WHERE status_out IN ('Active', '1', 'active')
            AND (nama_out LIKE :key OR ofcode_out LIKE :key)
            ORDER BY nama_out ASC
            LIMIT 20
2026-04-07 12:10:29 - getOutlet.php - Query berhasil, mengembalikan 0 record
2026-04-07 12:10:29 - getOutlet.php - === END REQUEST ===
2026-04-07 05:10:30 - getOutlet.php - === REQUEST GETOUTLET ===
2026-04-07 05:10:30 - getOutlet.php - Method: POST
2026-04-07 05:10:30 - getOutlet.php - POST data: {"tgl":"2026-04-07","encrypt":"5b8ae1bc6b9f1f1fb1fdfe9cb8337a80","id_apl":"APL01","key":"Rs murni teguh peja"}
2026-04-07 12:10:30 - getOutlet.php - Params - tgl: 2026-04-07, encrypt: 5b8ae1bc6b9f1f1fb1fdfe9cb8337a80, id_apl: APL01, key: Rs murni teguh peja
2026-04-07 12:10:30 - getOutlet.php - Aplikasi ditemukan: Ya
2026-04-07 12:10:30 - getOutlet.php - Key aplikasi: YbcJSFjkds...
2026-04-07 12:10:30 - getOutlet.php - Expected encrypt: 5b8ae1bc6b9f1f1fb1fdfe9cb8337a80
2026-04-07 12:10:30 - getOutlet.php - Received encrypt: 5b8ae1bc6b9f1f1fb1fdfe9cb8337a80
2026-04-07 12:10:30 - getOutlet.php - Authentication berhasil
2026-04-07 12:10:30 - getOutlet.php - Query: SELECT id_out, nama_out, '' AS alamat_out, ofcode_out
            FROM outlet 
            WHERE status_out IN ('Active', '1', 'active')
            AND (nama_out LIKE :key OR ofcode_out LIKE :key)
            ORDER BY nama_out ASC
            LIMIT 20
2026-04-07 12:10:30 - getOutlet.php - Query berhasil, mengembalikan 0 record
2026-04-07 12:10:30 - getOutlet.php - === END REQUEST ===
2026-04-07 05:10:31 - getOutlet.php - === REQUEST GETOUTLET ===
2026-04-07 05:10:31 - getOutlet.php - Method: POST
2026-04-07 05:10:31 - getOutlet.php - POST data: {"tgl":"2026-04-07","encrypt":"5b8ae1bc6b9f1f1fb1fdfe9cb8337a80","id_apl":"APL01","key":"Rs murni teguh pej"}
2026-04-07 12:10:31 - getOutlet.php - Params - tgl: 2026-04-07, encrypt: 5b8ae1bc6b9f1f1fb1fdfe9cb8337a80, id_apl: APL01, key: Rs murni teguh pej
2026-04-07 12:10:31 - getOutlet.php - Aplikasi ditemukan: Ya
2026-04-07 12:10:31 - getOutlet.php - Key aplikasi: YbcJSFjkds...
2026-04-07 12:10:31 - getOutlet.php - Expected encrypt: 5b8ae1bc6b9f1f1fb1fdfe9cb8337a80
2026-04-07 12:10:31 - getOutlet.php - Received encrypt: 5b8ae1bc6b9f1f1fb1fdfe9cb8337a80
2026-04-07 12:10:31 - getOutlet.php - Authentication berhasil
2026-04-07 12:10:31 - getOutlet.php - Query: SELECT id_out, nama_out, '' AS alamat_out, ofcode_out
            FROM outlet 
            WHERE status_out IN ('Active', '1', 'active')
            AND (nama_out LIKE :key OR ofcode_out LIKE :key)
            ORDER BY nama_out ASC
            LIMIT 20
2026-04-07 12:10:31 - getOutlet.php - Query berhasil, mengembalikan 0 record
2026-04-07 12:10:31 - getOutlet.php - === END REQUEST ===
2026-04-07 05:10:31 - getOutlet.php - === REQUEST GETOUTLET ===
2026-04-07 05:10:31 - getOutlet.php - Method: POST
2026-04-07 05:10:31 - getOutlet.php - POST data: {"tgl":"2026-04-07","encrypt":"5b8ae1bc6b9f1f1fb1fdfe9cb8337a80","id_apl":"APL01","key":"Rs murni teguh pe"}
2026-04-07 12:10:31 - getOutlet.php - Params - tgl: 2026-04-07, encrypt: 5b8ae1bc6b9f1f1fb1fdfe9cb8337a80, id_apl: APL01, key: Rs murni teguh pe
2026-04-07 12:10:31 - getOutlet.php - Aplikasi ditemukan: Ya
2026-04-07 12:10:31 - getOutlet.php - Key aplikasi: YbcJSFjkds...
2026-04-07 12:10:31 - getOutlet.php - Expected encrypt: 5b8ae1bc6b9f1f1fb1fdfe9cb8337a80
2026-04-07 12:10:31 - getOutlet.php - Received encrypt: 5b8ae1bc6b9f1f1fb1fdfe9cb8337a80
2026-04-07 12:10:31 - getOutlet.php - Authentication berhasil
2026-04-07 12:10:31 - getOutlet.php - Query: SELECT id_out, nama_out, '' AS alamat_out, ofcode_out
            FROM outlet 
            WHERE status_out IN ('Active', '1', 'active')
            AND (nama_out LIKE :key OR ofcode_out LIKE :key)
            ORDER BY nama_out ASC
            LIMIT 20
2026-04-07 12:10:31 - getOutlet.php - Query berhasil, mengembalikan 0 record
2026-04-07 12:10:31 - getOutlet.php - === END REQUEST ===
2026-04-07 05:10:31 - getOutlet.php - === REQUEST GETOUTLET ===
2026-04-07 05:10:31 - getOutlet.php - Method: POST
2026-04-07 05:10:31 - getOutlet.php - POST data: {"tgl":"2026-04-07","encrypt":"5b8ae1bc6b9f1f1fb1fdfe9cb8337a80","id_apl":"APL01","key":"Rs murni teguh p"}
2026-04-07 12:10:31 - getOutlet.php - Params - tgl: 2026-04-07, encrypt: 5b8ae1bc6b9f1f1fb1fdfe9cb8337a80, id_apl: APL01, key: Rs murni teguh p
2026-04-07 12:10:31 - getOutlet.php - Aplikasi ditemukan: Ya
2026-04-07 12:10:31 - getOutlet.php - Key aplikasi: YbcJSFjkds...
2026-04-07 12:10:31 - getOutlet.php - Expected encrypt: 5b8ae1bc6b9f1f1fb1fdfe9cb8337a80
2026-04-07 12:10:31 - getOutlet.php - Received encrypt: 5b8ae1bc6b9f1f1fb1fdfe9cb8337a80
2026-04-07 12:10:31 - getOutlet.php - Authentication berhasil
2026-04-07 12:10:31 - getOutlet.php - Query: SELECT id_out, nama_out, '' AS alamat_out, ofcode_out
            FROM outlet 
            WHERE status_out IN ('Active', '1', 'active')
            AND (nama_out LIKE :key OR ofcode_out LIKE :key)
            ORDER BY nama_out ASC
            LIMIT 20
2026-04-07 12:10:31 - getOutlet.php - Query berhasil, mengembalikan 0 record
2026-04-07 12:10:31 - getOutlet.php - === END REQUEST ===
2026-04-07 05:10:31 - getOutlet.php - === REQUEST GETOUTLET ===
2026-04-07 05:10:31 - getOutlet.php - Method: POST
2026-04-07 05:10:31 - getOutlet.php - POST data: {"tgl":"2026-04-07","encrypt":"5b8ae1bc6b9f1f1fb1fdfe9cb8337a80","id_apl":"APL01","key":"Rs murni teguh"}
2026-04-07 12:10:31 - getOutlet.php - Params - tgl: 2026-04-07, encrypt: 5b8ae1bc6b9f1f1fb1fdfe9cb8337a80, id_apl: APL01, key: Rs murni teguh
2026-04-07 12:10:31 - getOutlet.php - Aplikasi ditemukan: Ya
2026-04-07 12:10:31 - getOutlet.php - Key aplikasi: YbcJSFjkds...
2026-04-07 12:10:31 - getOutlet.php - Expected encrypt: 5b8ae1bc6b9f1f1fb1fdfe9cb8337a80
2026-04-07 12:10:31 - getOutlet.php - Received encrypt: 5b8ae1bc6b9f1f1fb1fdfe9cb8337a80
2026-04-07 12:10:31 - getOutlet.php - Authentication berhasil
2026-04-07 12:10:31 - getOutlet.php - Query: SELECT id_out, nama_out, '' AS alamat_out, ofcode_out
            FROM outlet 
            WHERE status_out IN ('Active', '1', 'active')
            AND (nama_out LIKE :key OR ofcode_out LIKE :key)
            ORDER BY nama_out ASC
            LIMIT 20
2026-04-07 05:10:31 - getOutlet.php - === REQUEST GETOUTLET ===
2026-04-07 05:10:31 - getOutlet.php - Method: POST
2026-04-07 05:10:31 - getOutlet.php - POST data: {"tgl":"2026-04-07","encrypt":"5b8ae1bc6b9f1f1fb1fdfe9cb8337a80","id_apl":"APL01","key":"Rs murni teguh"}
2026-04-07 12:10:31 - getOutlet.php - Params - tgl: 2026-04-07, encrypt: 5b8ae1bc6b9f1f1fb1fdfe9cb8337a80, id_apl: APL01, key: Rs murni teguh
2026-04-07 12:10:31 - getOutlet.php - Query berhasil, mengembalikan 2 record
2026-04-07 12:10:31 - getOutlet.php - === END REQUEST ===
2026-04-07 12:10:31 - getOutlet.php - Aplikasi ditemukan: Ya
2026-04-07 12:10:31 - getOutlet.php - Key aplikasi: YbcJSFjkds...
2026-04-07 12:10:31 - getOutlet.php - Expected encrypt: 5b8ae1bc6b9f1f1fb1fdfe9cb8337a80
2026-04-07 12:10:31 - getOutlet.php - Received encrypt: 5b8ae1bc6b9f1f1fb1fdfe9cb8337a80
2026-04-07 12:10:31 - getOutlet.php - Authentication berhasil
2026-04-07 12:10:31 - getOutlet.php - Query: SELECT id_out, nama_out, '' AS alamat_out, ofcode_out
            FROM outlet 
            WHERE status_out IN ('Active', '1', 'active')
            AND (nama_out LIKE :key OR ofcode_out LIKE :key)
            ORDER BY nama_out ASC
            LIMIT 20
2026-04-07 12:10:31 - getOutlet.php - Query berhasil, mengembalikan 2 record
2026-04-07 12:10:31 - getOutlet.php - === END REQUEST ===
2026-04-07 05:10:31 - getOutlet.php - === REQUEST GETOUTLET ===
2026-04-07 05:10:31 - getOutlet.php - Method: POST
2026-04-07 05:10:31 - getOutlet.php - POST data: {"tgl":"2026-04-07","encrypt":"5b8ae1bc6b9f1f1fb1fdfe9cb8337a80","id_apl":"APL01","key":"Rs murni tegu"}
2026-04-07 12:10:31 - getOutlet.php - Params - tgl: 2026-04-07, encrypt: 5b8ae1bc6b9f1f1fb1fdfe9cb8337a80, id_apl: APL01, key: Rs murni tegu
2026-04-07 12:10:31 - getOutlet.php - Aplikasi ditemukan: Ya
2026-04-07 12:10:31 - getOutlet.php - Key aplikasi: YbcJSFjkds...
2026-04-07 12:10:31 - getOutlet.php - Expected encrypt: 5b8ae1bc6b9f1f1fb1fdfe9cb8337a80
2026-04-07 12:10:31 - getOutlet.php - Received encrypt: 5b8ae1bc6b9f1f1fb1fdfe9cb8337a80
2026-04-07 12:10:31 - getOutlet.php - Authentication berhasil
2026-04-07 12:10:31 - getOutlet.php - Query: SELECT id_out, nama_out, '' AS alamat_out, ofcode_out
            FROM outlet 
            WHERE status_out IN ('Active', '1', 'active')
            AND (nama_out LIKE :key OR ofcode_out LIKE :key)
            ORDER BY nama_out ASC
            LIMIT 20
2026-04-07 12:10:31 - getOutlet.php - Query berhasil, mengembalikan 2 record
2026-04-07 12:10:31 - getOutlet.php - === END REQUEST ===
2026-04-07 05:10:31 - getOutlet.php - === REQUEST GETOUTLET ===
2026-04-07 05:10:31 - getOutlet.php - Method: POST
2026-04-07 05:10:31 - getOutlet.php - POST data: {"tgl":"2026-04-07","encrypt":"5b8ae1bc6b9f1f1fb1fdfe9cb8337a80","id_apl":"APL01","key":"Rs murni teg"}
2026-04-07 12:10:31 - getOutlet.php - Params - tgl: 2026-04-07, encrypt: 5b8ae1bc6b9f1f1fb1fdfe9cb8337a80, id_apl: APL01, key: Rs murni teg
2026-04-07 12:10:31 - getOutlet.php - Aplikasi ditemukan: Ya
2026-04-07 12:10:31 - getOutlet.php - Key aplikasi: YbcJSFjkds...
2026-04-07 12:10:31 - getOutlet.php - Expected encrypt: 5b8ae1bc6b9f1f1fb1fdfe9cb8337a80
2026-04-07 12:10:31 - getOutlet.php - Received encrypt: 5b8ae1bc6b9f1f1fb1fdfe9cb8337a80
2026-04-07 12:10:31 - getOutlet.php - Authentication berhasil
2026-04-07 12:10:31 - getOutlet.php - Query: SELECT id_out, nama_out, '' AS alamat_out, ofcode_out
            FROM outlet 
            WHERE status_out IN ('Active', '1', 'active')
            AND (nama_out LIKE :key OR ofcode_out LIKE :key)
            ORDER BY nama_out ASC
            LIMIT 20
2026-04-07 12:10:31 - getOutlet.php - Query berhasil, mengembalikan 2 record
2026-04-07 12:10:31 - getOutlet.php - === END REQUEST ===
2026-04-07 05:10:31 - getOutlet.php - === REQUEST GETOUTLET ===
2026-04-07 05:10:31 - getOutlet.php - Method: POST
2026-04-07 05:10:31 - getOutlet.php - POST data: {"tgl":"2026-04-07","encrypt":"5b8ae1bc6b9f1f1fb1fdfe9cb8337a80","id_apl":"APL01","key":"Rs murni te"}
2026-04-07 12:10:31 - getOutlet.php - Params - tgl: 2026-04-07, encrypt: 5b8ae1bc6b9f1f1fb1fdfe9cb8337a80, id_apl: APL01, key: Rs murni te
2026-04-07 12:10:31 - getOutlet.php - Aplikasi ditemukan: Ya
2026-04-07 12:10:31 - getOutlet.php - Key aplikasi: YbcJSFjkds...
2026-04-07 12:10:31 - getOutlet.php - Expected encrypt: 5b8ae1bc6b9f1f1fb1fdfe9cb8337a80
2026-04-07 12:10:31 - getOutlet.php - Received encrypt: 5b8ae1bc6b9f1f1fb1fdfe9cb8337a80
2026-04-07 12:10:31 - getOutlet.php - Authentication berhasil
2026-04-07 12:10:31 - getOutlet.php - Query: SELECT id_out, nama_out, '' AS alamat_out, ofcode_out
            FROM outlet 
            WHERE status_out IN ('Active', '1', 'active')
            AND (nama_out LIKE :key OR ofcode_out LIKE :key)
            ORDER BY nama_out ASC
            LIMIT 20
2026-04-07 12:10:31 - getOutlet.php - Query berhasil, mengembalikan 2 record
2026-04-07 12:10:31 - getOutlet.php - === END REQUEST ===
2026-04-07 05:10:31 - getOutlet.php - === REQUEST GETOUTLET ===
2026-04-07 05:10:31 - getOutlet.php - Method: POST
2026-04-07 05:10:31 - getOutlet.php - POST data: {"tgl":"2026-04-07","encrypt":"5b8ae1bc6b9f1f1fb1fdfe9cb8337a80","id_apl":"APL01","key":"Rs murni t"}
2026-04-07 12:10:31 - getOutlet.php - Params - tgl: 2026-04-07, encrypt: 5b8ae1bc6b9f1f1fb1fdfe9cb8337a80, id_apl: APL01, key: Rs murni t
2026-04-07 12:10:31 - getOutlet.php - Aplikasi ditemukan: Ya
2026-04-07 12:10:31 - getOutlet.php - Key aplikasi: YbcJSFjkds...
2026-04-07 12:10:31 - getOutlet.php - Expected encrypt: 5b8ae1bc6b9f1f1fb1fdfe9cb8337a80
2026-04-07 12:10:31 - getOutlet.php - Received encrypt: 5b8ae1bc6b9f1f1fb1fdfe9cb8337a80
2026-04-07 12:10:31 - getOutlet.php - Authentication berhasil
2026-04-07 12:10:31 - getOutlet.php - Query: SELECT id_out, nama_out, '' AS alamat_out, ofcode_out
            FROM outlet 
            WHERE status_out IN ('Active', '1', 'active')
            AND (nama_out LIKE :key OR ofcode_out LIKE :key)
            ORDER BY nama_out ASC
            LIMIT 20
2026-04-07 12:10:31 - getOutlet.php - Query berhasil, mengembalikan 2 record
2026-04-07 12:10:31 - getOutlet.php - === END REQUEST ===
2026-04-07 05:10:31 - getOutlet.php - === REQUEST GETOUTLET ===
2026-04-07 05:10:31 - getOutlet.php - Method: POST
2026-04-07 05:10:31 - getOutlet.php - POST data: {"tgl":"2026-04-07","encrypt":"5b8ae1bc6b9f1f1fb1fdfe9cb8337a80","id_apl":"APL01","key":"Rs murni"}
2026-04-07 12:10:31 - getOutlet.php - Params - tgl: 2026-04-07, encrypt: 5b8ae1bc6b9f1f1fb1fdfe9cb8337a80, id_apl: APL01, key: Rs murni
2026-04-07 12:10:31 - getOutlet.php - Aplikasi ditemukan: Ya
2026-04-07 12:10:31 - getOutlet.php - Key aplikasi: YbcJSFjkds...
2026-04-07 12:10:31 - getOutlet.php - Expected encrypt: 5b8ae1bc6b9f1f1fb1fdfe9cb8337a80
2026-04-07 12:10:31 - getOutlet.php - Received encrypt: 5b8ae1bc6b9f1f1fb1fdfe9cb8337a80
2026-04-07 12:10:31 - getOutlet.php - Authentication berhasil
2026-04-07 12:10:31 - getOutlet.php - Query: SELECT id_out, nama_out, '' AS alamat_out, ofcode_out
            FROM outlet 
            WHERE status_out IN ('Active', '1', 'active')
            AND (nama_out LIKE :key OR ofcode_out LIKE :key)
            ORDER BY nama_out ASC
            LIMIT 20
2026-04-07 12:10:31 - getOutlet.php - Query berhasil, mengembalikan 3 record
2026-04-07 12:10:31 - getOutlet.php - === END REQUEST ===
2026-04-07 05:10:31 - getOutlet.php - === REQUEST GETOUTLET ===
2026-04-07 05:10:31 - getOutlet.php - Method: POST
2026-04-07 05:10:31 - getOutlet.php - POST data: {"tgl":"2026-04-07","encrypt":"5b8ae1bc6b9f1f1fb1fdfe9cb8337a80","id_apl":"APL01","key":"Rs murni"}
2026-04-07 12:10:31 - getOutlet.php - Params - tgl: 2026-04-07, encrypt: 5b8ae1bc6b9f1f1fb1fdfe9cb8337a80, id_apl: APL01, key: Rs murni
2026-04-07 12:10:31 - getOutlet.php - Aplikasi ditemukan: Ya
2026-04-07 12:10:31 - getOutlet.php - Key aplikasi: YbcJSFjkds...
2026-04-07 12:10:31 - getOutlet.php - Expected encrypt: 5b8ae1bc6b9f1f1fb1fdfe9cb8337a80
2026-04-07 12:10:31 - getOutlet.php - Received encrypt: 5b8ae1bc6b9f1f1fb1fdfe9cb8337a80
2026-04-07 12:10:31 - getOutlet.php - Authentication berhasil
2026-04-07 12:10:31 - getOutlet.php - Query: SELECT id_out, nama_out, '' AS alamat_out, ofcode_out
            FROM outlet 
            WHERE status_out IN ('Active', '1', 'active')
            AND (nama_out LIKE :key OR ofcode_out LIKE :key)
            ORDER BY nama_out ASC
            LIMIT 20
2026-04-07 12:10:31 - getOutlet.php - Query berhasil, mengembalikan 3 record
2026-04-07 12:10:31 - getOutlet.php - === END REQUEST ===
2026-04-07 05:10:31 - getOutlet.php - === REQUEST GETOUTLET ===
2026-04-07 05:10:31 - getOutlet.php - Method: POST
2026-04-07 05:10:31 - getOutlet.php - POST data: {"tgl":"2026-04-07","encrypt":"5b8ae1bc6b9f1f1fb1fdfe9cb8337a80","id_apl":"APL01","key":"Rs murn"}
2026-04-07 12:10:31 - getOutlet.php - Params - tgl: 2026-04-07, encrypt: 5b8ae1bc6b9f1f1fb1fdfe9cb8337a80, id_apl: APL01, key: Rs murn
2026-04-07 12:10:31 - getOutlet.php - Aplikasi ditemukan: Ya
2026-04-07 12:10:31 - getOutlet.php - Key aplikasi: YbcJSFjkds...
2026-04-07 12:10:31 - getOutlet.php - Expected encrypt: 5b8ae1bc6b9f1f1fb1fdfe9cb8337a80
2026-04-07 12:10:31 - getOutlet.php - Received encrypt: 5b8ae1bc6b9f1f1fb1fdfe9cb8337a80
2026-04-07 12:10:31 - getOutlet.php - Authentication berhasil
2026-04-07 12:10:31 - getOutlet.php - Query: SELECT id_out, nama_out, '' AS alamat_out, ofcode_out
            FROM outlet 
            WHERE status_out IN ('Active', '1', 'active')
            AND (nama_out LIKE :key OR ofcode_out LIKE :key)
            ORDER BY nama_out ASC
            LIMIT 20
2026-04-07 12:10:31 - getOutlet.php - Query berhasil, mengembalikan 3 record
2026-04-07 12:10:31 - getOutlet.php - === END REQUEST ===
2026-04-07 05:10:31 - getOutlet.php - === REQUEST GETOUTLET ===
2026-04-07 05:10:31 - getOutlet.php - Method: POST
2026-04-07 05:10:31 - getOutlet.php - POST data: {"tgl":"2026-04-07","encrypt":"5b8ae1bc6b9f1f1fb1fdfe9cb8337a80","id_apl":"APL01","key":"Rs mur"}
2026-04-07 12:10:31 - getOutlet.php - Params - tgl: 2026-04-07, encrypt: 5b8ae1bc6b9f1f1fb1fdfe9cb8337a80, id_apl: APL01, key: Rs mur
2026-04-07 12:10:31 - getOutlet.php - Aplikasi ditemukan: Ya
2026-04-07 12:10:31 - getOutlet.php - Key aplikasi: YbcJSFjkds...
2026-04-07 12:10:31 - getOutlet.php - Expected encrypt: 5b8ae1bc6b9f1f1fb1fdfe9cb8337a80
2026-04-07 12:10:31 - getOutlet.php - Received encrypt: 5b8ae1bc6b9f1f1fb1fdfe9cb8337a80
2026-04-07 12:10:31 - getOutlet.php - Authentication berhasil
2026-04-07 12:10:31 - getOutlet.php - Query: SELECT id_out, nama_out, '' AS alamat_out, ofcode_out
            FROM outlet 
            WHERE status_out IN ('Active', '1', 'active')
            AND (nama_out LIKE :key OR ofcode_out LIKE :key)
            ORDER BY nama_out ASC
            LIMIT 20
2026-04-07 12:10:31 - getOutlet.php - Query berhasil, mengembalikan 3 record
2026-04-07 12:10:31 - getOutlet.php - === END REQUEST ===
2026-04-07 05:10:31 - getOutlet.php - === REQUEST GETOUTLET ===
2026-04-07 05:10:31 - getOutlet.php - Method: POST
2026-04-07 05:10:31 - getOutlet.php - POST data: {"tgl":"2026-04-07","encrypt":"5b8ae1bc6b9f1f1fb1fdfe9cb8337a80","id_apl":"APL01","key":"Rs mu"}
2026-04-07 12:10:31 - getOutlet.php - Params - tgl: 2026-04-07, encrypt: 5b8ae1bc6b9f1f1fb1fdfe9cb8337a80, id_apl: APL01, key: Rs mu
2026-04-07 12:10:31 - getOutlet.php - Aplikasi ditemukan: Ya
2026-04-07 12:10:31 - getOutlet.php - Key aplikasi: YbcJSFjkds...
2026-04-07 12:10:31 - getOutlet.php - Expected encrypt: 5b8ae1bc6b9f1f1fb1fdfe9cb8337a80
2026-04-07 12:10:31 - getOutlet.php - Received encrypt: 5b8ae1bc6b9f1f1fb1fdfe9cb8337a80
2026-04-07 12:10:31 - getOutlet.php - Authentication berhasil
2026-04-07 12:10:31 - getOutlet.php - Query: SELECT id_out, nama_out, '' AS alamat_out, ofcode_out
            FROM outlet 
            WHERE status_out IN ('Active', '1', 'active')
            AND (nama_out LIKE :key OR ofcode_out LIKE :key)
            ORDER BY nama_out ASC
            LIMIT 20
2026-04-07 12:10:31 - getOutlet.php - Query berhasil, mengembalikan 8 record
2026-04-07 12:10:31 - getOutlet.php - === END REQUEST ===
2026-04-07 05:10:32 - getOutlet.php - === REQUEST GETOUTLET ===
2026-04-07 05:10:32 - getOutlet.php - Method: POST
2026-04-07 05:10:32 - getOutlet.php - POST data: {"tgl":"2026-04-07","encrypt":"5b8ae1bc6b9f1f1fb1fdfe9cb8337a80","id_apl":"APL01","key":"Rs m"}
2026-04-07 12:10:32 - getOutlet.php - Params - tgl: 2026-04-07, encrypt: 5b8ae1bc6b9f1f1fb1fdfe9cb8337a80, id_apl: APL01, key: Rs m
2026-04-07 12:10:32 - getOutlet.php - Aplikasi ditemukan: Ya
2026-04-07 12:10:32 - getOutlet.php - Key aplikasi: YbcJSFjkds...
2026-04-07 12:10:32 - getOutlet.php - Expected encrypt: 5b8ae1bc6b9f1f1fb1fdfe9cb8337a80
2026-04-07 12:10:32 - getOutlet.php - Received encrypt: 5b8ae1bc6b9f1f1fb1fdfe9cb8337a80
2026-04-07 12:10:32 - getOutlet.php - Authentication berhasil
2026-04-07 12:10:32 - getOutlet.php - Query: SELECT id_out, nama_out, '' AS alamat_out, ofcode_out
            FROM outlet 
            WHERE status_out IN ('Active', '1', 'active')
            AND (nama_out LIKE :key OR ofcode_out LIKE :key)
            ORDER BY nama_out ASC
            LIMIT 20
2026-04-07 12:10:32 - getOutlet.php - Query berhasil, mengembalikan 20 record
2026-04-07 12:10:32 - getOutlet.php - === END REQUEST ===
2026-04-07 05:10:32 - getOutlet.php - === REQUEST GETOUTLET ===
2026-04-07 05:10:32 - getOutlet.php - Method: POST
2026-04-07 05:10:32 - getOutlet.php - POST data: {"tgl":"2026-04-07","encrypt":"5b8ae1bc6b9f1f1fb1fdfe9cb8337a80","id_apl":"APL01","key":"Rs"}
2026-04-07 12:10:32 - getOutlet.php - Params - tgl: 2026-04-07, encrypt: 5b8ae1bc6b9f1f1fb1fdfe9cb8337a80, id_apl: APL01, key: Rs
2026-04-07 12:10:32 - getOutlet.php - Aplikasi ditemukan: Ya
2026-04-07 12:10:32 - getOutlet.php - Key aplikasi: YbcJSFjkds...
2026-04-07 12:10:32 - getOutlet.php - Expected encrypt: 5b8ae1bc6b9f1f1fb1fdfe9cb8337a80
2026-04-07 12:10:32 - getOutlet.php - Received encrypt: 5b8ae1bc6b9f1f1fb1fdfe9cb8337a80
2026-04-07 12:10:32 - getOutlet.php - Authentication berhasil
2026-04-07 12:10:32 - getOutlet.php - Query: SELECT id_out, nama_out, '' AS alamat_out, ofcode_out
            FROM outlet 
            WHERE status_out IN ('Active', '1', 'active')
            AND (nama_out LIKE :key OR ofcode_out LIKE :key)
            ORDER BY nama_out ASC
            LIMIT 20
2026-04-07 12:10:32 - getOutlet.php - Query berhasil, mengembalikan 20 record
2026-04-07 12:10:32 - getOutlet.php - === END REQUEST ===
2026-04-07 05:10:32 - getOutlet.php - === REQUEST GETOUTLET ===
2026-04-07 05:10:32 - getOutlet.php - Method: POST
2026-04-07 05:10:32 - getOutlet.php - POST data: {"tgl":"2026-04-07","encrypt":"5b8ae1bc6b9f1f1fb1fdfe9cb8337a80","id_apl":"APL01","key":"Rs"}
2026-04-07 12:10:32 - getOutlet.php - Params - tgl: 2026-04-07, encrypt: 5b8ae1bc6b9f1f1fb1fdfe9cb8337a80, id_apl: APL01, key: Rs
2026-04-07 12:10:32 - getOutlet.php - Aplikasi ditemukan: Ya
2026-04-07 12:10:32 - getOutlet.php - Key aplikasi: YbcJSFjkds...
2026-04-07 12:10:32 - getOutlet.php - Expected encrypt: 5b8ae1bc6b9f1f1fb1fdfe9cb8337a80
2026-04-07 12:10:32 - getOutlet.php - Received encrypt: 5b8ae1bc6b9f1f1fb1fdfe9cb8337a80
2026-04-07 12:10:32 - getOutlet.php - Authentication berhasil
2026-04-07 12:10:32 - getOutlet.php - Query: SELECT id_out, nama_out, '' AS alamat_out, ofcode_out
            FROM outlet 
            WHERE status_out IN ('Active', '1', 'active')
            AND (nama_out LIKE :key OR ofcode_out LIKE :key)
            ORDER BY nama_out ASC
            LIMIT 20
2026-04-07 12:10:32 - getOutlet.php - Query berhasil, mengembalikan 20 record
2026-04-07 12:10:32 - getOutlet.php - === END REQUEST ===
2026-04-07 05:10:34 - getOutlet.php - === REQUEST GETOUTLET ===
2026-04-07 05:10:34 - getOutlet.php - Method: POST
2026-04-07 05:10:34 - getOutlet.php - POST data: {"tgl":"2026-04-07","encrypt":"5b8ae1bc6b9f1f1fb1fdfe9cb8337a80","id_apl":"APL01","key":"Pe"}
2026-04-07 12:10:34 - getOutlet.php - Params - tgl: 2026-04-07, encrypt: 5b8ae1bc6b9f1f1fb1fdfe9cb8337a80, id_apl: APL01, key: Pe
2026-04-07 12:10:34 - getOutlet.php - Aplikasi ditemukan: Ya
2026-04-07 12:10:34 - getOutlet.php - Key aplikasi: YbcJSFjkds...
2026-04-07 12:10:34 - getOutlet.php - Expected encrypt: 5b8ae1bc6b9f1f1fb1fdfe9cb8337a80
2026-04-07 12:10:34 - getOutlet.php - Received encrypt: 5b8ae1bc6b9f1f1fb1fdfe9cb8337a80
2026-04-07 12:10:34 - getOutlet.php - Authentication berhasil
2026-04-07 12:10:34 - getOutlet.php - Query: SELECT id_out, nama_out, '' AS alamat_out, ofcode_out
            FROM outlet 
            WHERE status_out IN ('Active', '1', 'active')
            AND (nama_out LIKE :key OR ofcode_out LIKE :key)
            ORDER BY nama_out ASC
            LIMIT 20
2026-04-07 12:10:34 - getOutlet.php - Query berhasil, mengembalikan 20 record
2026-04-07 12:10:34 - getOutlet.php - === END REQUEST ===
2026-04-07 05:10:34 - getOutlet.php - === REQUEST GETOUTLET ===
2026-04-07 05:10:34 - getOutlet.php - Method: POST
2026-04-07 05:10:34 - getOutlet.php - POST data: {"tgl":"2026-04-07","encrypt":"5b8ae1bc6b9f1f1fb1fdfe9cb8337a80","id_apl":"APL01","key":"Pej"}
2026-04-07 12:10:34 - getOutlet.php - Params - tgl: 2026-04-07, encrypt: 5b8ae1bc6b9f1f1fb1fdfe9cb8337a80, id_apl: APL01, key: Pej
2026-04-07 12:10:34 - getOutlet.php - Aplikasi ditemukan: Ya
2026-04-07 12:10:34 - getOutlet.php - Key aplikasi: YbcJSFjkds...
2026-04-07 12:10:34 - getOutlet.php - Expected encrypt: 5b8ae1bc6b9f1f1fb1fdfe9cb8337a80
2026-04-07 12:10:34 - getOutlet.php - Received encrypt: 5b8ae1bc6b9f1f1fb1fdfe9cb8337a80
2026-04-07 12:10:34 - getOutlet.php - Authentication berhasil
2026-04-07 12:10:34 - getOutlet.php - Query: SELECT id_out, nama_out, '' AS alamat_out, ofcode_out
            FROM outlet 
            WHERE status_out IN ('Active', '1', 'active')
            AND (nama_out LIKE :key OR ofcode_out LIKE :key)
            ORDER BY nama_out ASC
            LIMIT 20
2026-04-07 12:10:34 - getOutlet.php - Query berhasil, mengembalikan 3 record
2026-04-07 12:10:34 - getOutlet.php - === END REQUEST ===
2026-04-07 05:30:46 - getOutlet.php - === REQUEST GETOUTLET ===
2026-04-07 05:30:46 - getOutlet.php - Method: POST
2026-04-07 05:30:46 - getOutlet.php - POST data: {"tgl":"2026-04-07","encrypt":"5b8ae1bc6b9f1f1fb1fdfe9cb8337a80","id_apl":"APL01","key":"Rs"}
2026-04-07 12:30:46 - getOutlet.php - Params - tgl: 2026-04-07, encrypt: 5b8ae1bc6b9f1f1fb1fdfe9cb8337a80, id_apl: APL01, key: Rs
2026-04-07 12:30:46 - getOutlet.php - Aplikasi ditemukan: Ya
2026-04-07 12:30:46 - getOutlet.php - Key aplikasi: YbcJSFjkds...
2026-04-07 12:30:46 - getOutlet.php - Expected encrypt: 5b8ae1bc6b9f1f1fb1fdfe9cb8337a80
2026-04-07 12:30:46 - getOutlet.php - Received encrypt: 5b8ae1bc6b9f1f1fb1fdfe9cb8337a80
2026-04-07 12:30:46 - getOutlet.php - Authentication berhasil
2026-04-07 12:30:46 - getOutlet.php - Query: SELECT id_out, nama_out, '' AS alamat_out, ofcode_out
            FROM outlet 
            WHERE status_out IN ('Active', '1', 'active')
            AND (nama_out LIKE :key OR ofcode_out LIKE :key)
            ORDER BY nama_out ASC
            LIMIT 20
2026-04-07 12:30:46 - getOutlet.php - Query berhasil, mengembalikan 20 record
2026-04-07 12:30:46 - getOutlet.php - === END REQUEST ===
2026-04-07 05:30:46 - getOutlet.php - === REQUEST GETOUTLET ===
2026-04-07 05:30:46 - getOutlet.php - Method: POST
2026-04-07 05:30:46 - getOutlet.php - POST data: {"tgl":"2026-04-07","encrypt":"5b8ae1bc6b9f1f1fb1fdfe9cb8337a80","id_apl":"APL01","key":"Rs"}
2026-04-07 12:30:46 - getOutlet.php - Params - tgl: 2026-04-07, encrypt: 5b8ae1bc6b9f1f1fb1fdfe9cb8337a80, id_apl: APL01, key: Rs
2026-04-07 12:30:46 - getOutlet.php - Aplikasi ditemukan: Ya
2026-04-07 12:30:46 - getOutlet.php - Key aplikasi: YbcJSFjkds...
2026-04-07 12:30:46 - getOutlet.php - Expected encrypt: 5b8ae1bc6b9f1f1fb1fdfe9cb8337a80
2026-04-07 12:30:46 - getOutlet.php - Received encrypt: 5b8ae1bc6b9f1f1fb1fdfe9cb8337a80
2026-04-07 12:30:46 - getOutlet.php - Authentication berhasil
2026-04-07 12:30:46 - getOutlet.php - Query: SELECT id_out, nama_out, '' AS alamat_out, ofcode_out
            FROM outlet 
            WHERE status_out IN ('Active', '1', 'active')
            AND (nama_out LIKE :key OR ofcode_out LIKE :key)
            ORDER BY nama_out ASC
            LIMIT 20
2026-04-07 12:30:46 - getOutlet.php - Query berhasil, mengembalikan 20 record
2026-04-07 12:30:46 - getOutlet.php - === END REQUEST ===
2026-04-07 05:30:47 - getOutlet.php - === REQUEST GETOUTLET ===
2026-04-07 05:30:47 - getOutlet.php - Method: POST
2026-04-07 05:30:47 - getOutlet.php - POST data: {"tgl":"2026-04-07","encrypt":"5b8ae1bc6b9f1f1fb1fdfe9cb8337a80","id_apl":"APL01","key":"Rs"}
2026-04-07 12:30:47 - getOutlet.php - Params - tgl: 2026-04-07, encrypt: 5b8ae1bc6b9f1f1fb1fdfe9cb8337a80, id_apl: APL01, key: Rs
2026-04-07 12:30:47 - getOutlet.php - Aplikasi ditemukan: Ya
2026-04-07 12:30:47 - getOutlet.php - Key aplikasi: YbcJSFjkds...
2026-04-07 12:30:47 - getOutlet.php - Expected encrypt: 5b8ae1bc6b9f1f1fb1fdfe9cb8337a80
2026-04-07 12:30:47 - getOutlet.php - Received encrypt: 5b8ae1bc6b9f1f1fb1fdfe9cb8337a80
2026-04-07 12:30:47 - getOutlet.php - Authentication berhasil
2026-04-07 12:30:47 - getOutlet.php - Query: SELECT id_out, nama_out, '' AS alamat_out, ofcode_out
            FROM outlet 
            WHERE status_out IN ('Active', '1', 'active')
            AND (nama_out LIKE :key OR ofcode_out LIKE :key)
            ORDER BY nama_out ASC
            LIMIT 20
2026-04-07 12:30:47 - getOutlet.php - Query berhasil, mengembalikan 20 record
2026-04-07 12:30:47 - getOutlet.php - === END REQUEST ===
2026-04-07 05:30:47 - getOutlet.php - === REQUEST GETOUTLET ===
2026-04-07 05:30:47 - getOutlet.php - Method: POST
2026-04-07 05:30:47 - getOutlet.php - POST data: {"tgl":"2026-04-07","encrypt":"5b8ae1bc6b9f1f1fb1fdfe9cb8337a80","id_apl":"APL01","key":"Rs p"}
2026-04-07 12:30:47 - getOutlet.php - Params - tgl: 2026-04-07, encrypt: 5b8ae1bc6b9f1f1fb1fdfe9cb8337a80, id_apl: APL01, key: Rs p
2026-04-07 12:30:47 - getOutlet.php - Aplikasi ditemukan: Ya
2026-04-07 12:30:47 - getOutlet.php - Key aplikasi: YbcJSFjkds...
2026-04-07 12:30:47 - getOutlet.php - Expected encrypt: 5b8ae1bc6b9f1f1fb1fdfe9cb8337a80
2026-04-07 12:30:47 - getOutlet.php - Received encrypt: 5b8ae1bc6b9f1f1fb1fdfe9cb8337a80
2026-04-07 12:30:47 - getOutlet.php - Authentication berhasil
2026-04-07 12:30:47 - getOutlet.php - Query: SELECT id_out, nama_out, '' AS alamat_out, ofcode_out
            FROM outlet 
            WHERE status_out IN ('Active', '1', 'active')
            AND (nama_out LIKE :key OR ofcode_out LIKE :key)
            ORDER BY nama_out ASC
            LIMIT 20
2026-04-07 12:30:47 - getOutlet.php - Query berhasil, mengembalikan 20 record
2026-04-07 12:30:47 - getOutlet.php - === END REQUEST ===
2026-04-07 05:30:47 - getOutlet.php - === REQUEST GETOUTLET ===
2026-04-07 05:30:47 - getOutlet.php - Method: POST
2026-04-07 05:30:47 - getOutlet.php - POST data: {"tgl":"2026-04-07","encrypt":"5b8ae1bc6b9f1f1fb1fdfe9cb8337a80","id_apl":"APL01","key":"Rs po"}
2026-04-07 12:30:47 - getOutlet.php - Params - tgl: 2026-04-07, encrypt: 5b8ae1bc6b9f1f1fb1fdfe9cb8337a80, id_apl: APL01, key: Rs po
2026-04-07 12:30:47 - getOutlet.php - Aplikasi ditemukan: Ya
2026-04-07 12:30:47 - getOutlet.php - Key aplikasi: YbcJSFjkds...
2026-04-07 12:30:47 - getOutlet.php - Expected encrypt: 5b8ae1bc6b9f1f1fb1fdfe9cb8337a80
2026-04-07 12:30:47 - getOutlet.php - Received encrypt: 5b8ae1bc6b9f1f1fb1fdfe9cb8337a80
2026-04-07 12:30:47 - getOutlet.php - Authentication berhasil
2026-04-07 12:30:47 - getOutlet.php - Query: SELECT id_out, nama_out, '' AS alamat_out, ofcode_out
            FROM outlet 
            WHERE status_out IN ('Active', '1', 'active')
            AND (nama_out LIKE :key OR ofcode_out LIKE :key)
            ORDER BY nama_out ASC
            LIMIT 20
2026-04-07 12:30:47 - getOutlet.php - Query berhasil, mengembalikan 3 record
2026-04-07 12:30:47 - getOutlet.php - === END REQUEST ===
2026-04-07 05:30:47 - getOutlet.php - === REQUEST GETOUTLET ===
2026-04-07 05:30:47 - getOutlet.php - Method: POST
2026-04-07 05:30:47 - getOutlet.php - POST data: {"tgl":"2026-04-07","encrypt":"5b8ae1bc6b9f1f1fb1fdfe9cb8337a80","id_apl":"APL01","key":"Rs pon"}
2026-04-07 12:30:47 - getOutlet.php - Params - tgl: 2026-04-07, encrypt: 5b8ae1bc6b9f1f1fb1fdfe9cb8337a80, id_apl: APL01, key: Rs pon
2026-04-07 12:30:47 - getOutlet.php - Aplikasi ditemukan: Ya
2026-04-07 12:30:47 - getOutlet.php - Key aplikasi: YbcJSFjkds...
2026-04-07 12:30:47 - getOutlet.php - Expected encrypt: 5b8ae1bc6b9f1f1fb1fdfe9cb8337a80
2026-04-07 12:30:47 - getOutlet.php - Received encrypt: 5b8ae1bc6b9f1f1fb1fdfe9cb8337a80
2026-04-07 12:30:47 - getOutlet.php - Authentication berhasil
2026-04-07 12:30:47 - getOutlet.php - Query: SELECT id_out, nama_out, '' AS alamat_out, ofcode_out
            FROM outlet 
            WHERE status_out IN ('Active', '1', 'active')
            AND (nama_out LIKE :key OR ofcode_out LIKE :key)
            ORDER BY nama_out ASC
            LIMIT 20
2026-04-07 12:30:47 - getOutlet.php - Query berhasil, mengembalikan 2 record
2026-04-07 12:30:47 - getOutlet.php - === END REQUEST ===
2026-04-07 05:30:47 - getOutlet.php - === REQUEST GETOUTLET ===
2026-04-07 05:30:47 - getOutlet.php - Method: POST
2026-04-07 05:30:47 - getOutlet.php - POST data: {"tgl":"2026-04-07","encrypt":"5b8ae1bc6b9f1f1fb1fdfe9cb8337a80","id_apl":"APL01","key":"Rs pond"}
2026-04-07 12:30:47 - getOutlet.php - Params - tgl: 2026-04-07, encrypt: 5b8ae1bc6b9f1f1fb1fdfe9cb8337a80, id_apl: APL01, key: Rs pond
2026-04-07 12:30:47 - getOutlet.php - Aplikasi ditemukan: Ya
2026-04-07 12:30:47 - getOutlet.php - Key aplikasi: YbcJSFjkds...
2026-04-07 12:30:47 - getOutlet.php - Expected encrypt: 5b8ae1bc6b9f1f1fb1fdfe9cb8337a80
2026-04-07 12:30:47 - getOutlet.php - Received encrypt: 5b8ae1bc6b9f1f1fb1fdfe9cb8337a80
2026-04-07 12:30:47 - getOutlet.php - Authentication berhasil
2026-04-07 12:30:47 - getOutlet.php - Query: SELECT id_out, nama_out, '' AS alamat_out, ofcode_out
            FROM outlet 
            WHERE status_out IN ('Active', '1', 'active')
            AND (nama_out LIKE :key OR ofcode_out LIKE :key)
            ORDER BY nama_out ASC
            LIMIT 20
2026-04-07 12:30:47 - getOutlet.php - Query berhasil, mengembalikan 2 record
2026-04-07 12:30:47 - getOutlet.php - === END REQUEST ===
2026-04-07 05:30:48 - getOutlet.php - === REQUEST GETOUTLET ===
2026-04-07 05:30:48 - getOutlet.php - Method: POST
2026-04-07 05:30:48 - getOutlet.php - POST data: {"tgl":"2026-04-07","encrypt":"5b8ae1bc6b9f1f1fb1fdfe9cb8337a80","id_apl":"APL01","key":"Rs pondo"}
2026-04-07 12:30:48 - getOutlet.php - Params - tgl: 2026-04-07, encrypt: 5b8ae1bc6b9f1f1fb1fdfe9cb8337a80, id_apl: APL01, key: Rs pondo
2026-04-07 12:30:48 - getOutlet.php - Aplikasi ditemukan: Ya
2026-04-07 12:30:48 - getOutlet.php - Key aplikasi: YbcJSFjkds...
2026-04-07 12:30:48 - getOutlet.php - Expected encrypt: 5b8ae1bc6b9f1f1fb1fdfe9cb8337a80
2026-04-07 12:30:48 - getOutlet.php - Received encrypt: 5b8ae1bc6b9f1f1fb1fdfe9cb8337a80
2026-04-07 12:30:48 - getOutlet.php - Authentication berhasil
2026-04-07 12:30:48 - getOutlet.php - Query: SELECT id_out, nama_out, '' AS alamat_out, ofcode_out
            FROM outlet 
            WHERE status_out IN ('Active', '1', 'active')
            AND (nama_out LIKE :key OR ofcode_out LIKE :key)
            ORDER BY nama_out ASC
            LIMIT 20
2026-04-07 12:30:48 - getOutlet.php - Query berhasil, mengembalikan 2 record
2026-04-07 12:30:48 - getOutlet.php - === END REQUEST ===
2026-04-07 05:30:48 - getOutlet.php - === REQUEST GETOUTLET ===
2026-04-07 05:30:48 - getOutlet.php - Method: POST
2026-04-07 05:30:48 - getOutlet.php - POST data: {"tgl":"2026-04-07","encrypt":"5b8ae1bc6b9f1f1fb1fdfe9cb8337a80","id_apl":"APL01","key":"Rs pondok"}
2026-04-07 12:30:48 - getOutlet.php - Params - tgl: 2026-04-07, encrypt: 5b8ae1bc6b9f1f1fb1fdfe9cb8337a80, id_apl: APL01, key: Rs pondok
2026-04-07 12:30:48 - getOutlet.php - Aplikasi ditemukan: Ya
2026-04-07 12:30:48 - getOutlet.php - Key aplikasi: YbcJSFjkds...
2026-04-07 12:30:48 - getOutlet.php - Expected encrypt: 5b8ae1bc6b9f1f1fb1fdfe9cb8337a80
2026-04-07 12:30:48 - getOutlet.php - Received encrypt: 5b8ae1bc6b9f1f1fb1fdfe9cb8337a80
2026-04-07 12:30:48 - getOutlet.php - Authentication berhasil
2026-04-07 12:30:48 - getOutlet.php - Query: SELECT id_out, nama_out, '' AS alamat_out, ofcode_out
            FROM outlet 
            WHERE status_out IN ('Active', '1', 'active')
            AND (nama_out LIKE :key OR ofcode_out LIKE :key)
            ORDER BY nama_out ASC
            LIMIT 20
2026-04-07 12:30:48 - getOutlet.php - Query berhasil, mengembalikan 2 record
2026-04-07 12:30:48 - getOutlet.php - === END REQUEST ===
2026-04-07 05:30:49 - getOutlet.php - === REQUEST GETOUTLET ===
2026-04-07 05:30:49 - getOutlet.php - Method: POST
2026-04-07 05:30:49 - getOutlet.php - POST data: {"tgl":"2026-04-07","encrypt":"5b8ae1bc6b9f1f1fb1fdfe9cb8337a80","id_apl":"APL01","key":"Rs pondok"}
2026-04-07 12:30:49 - getOutlet.php - Params - tgl: 2026-04-07, encrypt: 5b8ae1bc6b9f1f1fb1fdfe9cb8337a80, id_apl: APL01, key: Rs pondok
2026-04-07 12:30:49 - getOutlet.php - Aplikasi ditemukan: Ya
2026-04-07 12:30:49 - getOutlet.php - Key aplikasi: YbcJSFjkds...
2026-04-07 12:30:49 - getOutlet.php - Expected encrypt: 5b8ae1bc6b9f1f1fb1fdfe9cb8337a80
2026-04-07 12:30:49 - getOutlet.php - Received encrypt: 5b8ae1bc6b9f1f1fb1fdfe9cb8337a80
2026-04-07 12:30:49 - getOutlet.php - Authentication berhasil
2026-04-07 12:30:49 - getOutlet.php - Query: SELECT id_out, nama_out, '' AS alamat_out, ofcode_out
            FROM outlet 
            WHERE status_out IN ('Active', '1', 'active')
            AND (nama_out LIKE :key OR ofcode_out LIKE :key)
            ORDER BY nama_out ASC
            LIMIT 20
2026-04-07 12:30:49 - getOutlet.php - Query berhasil, mengembalikan 2 record
2026-04-07 12:30:49 - getOutlet.php - === END REQUEST ===
2026-04-07 05:30:49 - getOutlet.php - === REQUEST GETOUTLET ===
2026-04-07 05:30:49 - getOutlet.php - Method: POST
2026-04-07 05:30:49 - getOutlet.php - POST data: {"tgl":"2026-04-07","encrypt":"5b8ae1bc6b9f1f1fb1fdfe9cb8337a80","id_apl":"APL01","key":"Rs pondok"}
2026-04-07 12:30:49 - getOutlet.php - Params - tgl: 2026-04-07, encrypt: 5b8ae1bc6b9f1f1fb1fdfe9cb8337a80, id_apl: APL01, key: Rs pondok
2026-04-07 12:30:49 - getOutlet.php - Aplikasi ditemukan: Ya
2026-04-07 12:30:49 - getOutlet.php - Key aplikasi: YbcJSFjkds...
2026-04-07 12:30:49 - getOutlet.php - Expected encrypt: 5b8ae1bc6b9f1f1fb1fdfe9cb8337a80
2026-04-07 12:30:49 - getOutlet.php - Received encrypt: 5b8ae1bc6b9f1f1fb1fdfe9cb8337a80
2026-04-07 12:30:49 - getOutlet.php - Authentication berhasil
2026-04-07 12:30:49 - getOutlet.php - Query: SELECT id_out, nama_out, '' AS alamat_out, ofcode_out
            FROM outlet 
            WHERE status_out IN ('Active', '1', 'active')
            AND (nama_out LIKE :key OR ofcode_out LIKE :key)
            ORDER BY nama_out ASC
            LIMIT 20
2026-04-07 12:30:49 - getOutlet.php - Query berhasil, mengembalikan 2 record
2026-04-07 12:30:49 - getOutlet.php - === END REQUEST ===
2026-04-07 05:30:49 - getOutlet.php - === REQUEST GETOUTLET ===
2026-04-07 05:30:49 - getOutlet.php - Method: POST
2026-04-07 05:30:49 - getOutlet.php - POST data: {"tgl":"2026-04-07","encrypt":"5b8ae1bc6b9f1f1fb1fdfe9cb8337a80","id_apl":"APL01","key":"RS PONDOK INDAH"}
2026-04-07 12:30:49 - getOutlet.php - Params - tgl: 2026-04-07, encrypt: 5b8ae1bc6b9f1f1fb1fdfe9cb8337a80, id_apl: APL01, key: RS PONDOK INDAH
2026-04-07 12:30:49 - getOutlet.php - Aplikasi ditemukan: Ya
2026-04-07 12:30:49 - getOutlet.php - Key aplikasi: YbcJSFjkds...
2026-04-07 12:30:49 - getOutlet.php - Expected encrypt: 5b8ae1bc6b9f1f1fb1fdfe9cb8337a80
2026-04-07 12:30:49 - getOutlet.php - Received encrypt: 5b8ae1bc6b9f1f1fb1fdfe9cb8337a80
2026-04-07 12:30:49 - getOutlet.php - Authentication berhasil
2026-04-07 12:30:49 - getOutlet.php - Query: SELECT id_out, nama_out, '' AS alamat_out, ofcode_out
            FROM outlet 
            WHERE status_out IN ('Active', '1', 'active')
            AND (nama_out LIKE :key OR ofcode_out LIKE :key)
            ORDER BY nama_out ASC
            LIMIT 20
2026-04-07 12:30:49 - getOutlet.php - Query berhasil, mengembalikan 2 record
2026-04-07 12:30:49 - getOutlet.php - === END REQUEST ===
2026-04-07 06:34:42 - getOutlet.php - === REQUEST GETOUTLET ===
2026-04-07 06:34:42 - getOutlet.php - Method: POST
2026-04-07 06:34:42 - getOutlet.php - POST data: {"tgl":"2026-04-07","encrypt":"5b8ae1bc6b9f1f1fb1fdfe9cb8337a80","id_apl":"APL01","key":"km"}
2026-04-07 13:34:42 - getOutlet.php - Params - tgl: 2026-04-07, encrypt: 5b8ae1bc6b9f1f1fb1fdfe9cb8337a80, id_apl: APL01, key: km
2026-04-07 13:34:42 - getOutlet.php - Aplikasi ditemukan: Ya
2026-04-07 13:34:42 - getOutlet.php - Key aplikasi: YbcJSFjkds...
2026-04-07 13:34:42 - getOutlet.php - Expected encrypt: 5b8ae1bc6b9f1f1fb1fdfe9cb8337a80
2026-04-07 13:34:42 - getOutlet.php - Received encrypt: 5b8ae1bc6b9f1f1fb1fdfe9cb8337a80
2026-04-07 13:34:42 - getOutlet.php - Authentication berhasil
2026-04-07 13:34:42 - getOutlet.php - Query: SELECT id_out, nama_out, '' AS alamat_out, ofcode_out
            FROM outlet 
            WHERE status_out IN ('Active', '1', 'active')
            AND (nama_out LIKE :key OR ofcode_out LIKE :key)
            ORDER BY nama_out ASC
            LIMIT 20
2026-04-07 13:34:42 - getOutlet.php - Query berhasil, mengembalikan 9 record
2026-04-07 13:34:42 - getOutlet.php - === END REQUEST ===
2026-04-07 06:34:43 - getOutlet.php - === REQUEST GETOUTLET ===
2026-04-07 06:34:43 - getOutlet.php - Method: POST
2026-04-07 06:34:43 - getOutlet.php - POST data: {"tgl":"2026-04-07","encrypt":"5b8ae1bc6b9f1f1fb1fdfe9cb8337a80","id_apl":"APL01","key":"kmn"}
2026-04-07 13:34:43 - getOutlet.php - Params - tgl: 2026-04-07, encrypt: 5b8ae1bc6b9f1f1fb1fdfe9cb8337a80, id_apl: APL01, key: kmn
2026-04-07 13:34:43 - getOutlet.php - Aplikasi ditemukan: Ya
2026-04-07 13:34:43 - getOutlet.php - Key aplikasi: YbcJSFjkds...
2026-04-07 13:34:43 - getOutlet.php - Expected encrypt: 5b8ae1bc6b9f1f1fb1fdfe9cb8337a80
2026-04-07 13:34:43 - getOutlet.php - Received encrypt: 5b8ae1bc6b9f1f1fb1fdfe9cb8337a80
2026-04-07 13:34:43 - getOutlet.php - Authentication berhasil
2026-04-07 13:34:43 - getOutlet.php - Query: SELECT id_out, nama_out, '' AS alamat_out, ofcode_out
            FROM outlet 
            WHERE status_out IN ('Active', '1', 'active')
            AND (nama_out LIKE :key OR ofcode_out LIKE :key)
            ORDER BY nama_out ASC
            LIMIT 20
2026-04-07 13:34:43 - getOutlet.php - Query berhasil, mengembalikan 4 record
2026-04-07 13:34:43 - getOutlet.php - === END REQUEST ===
2026-04-07 06:34:45 - getOutlet.php - === REQUEST GETOUTLET ===
2026-04-07 06:34:45 - getOutlet.php - Method: POST
2026-04-07 06:34:45 - getOutlet.php - POST data: {"tgl":"2026-04-07","encrypt":"5b8ae1bc6b9f1f1fb1fdfe9cb8337a80","id_apl":"APL01","key":"kmn"}
2026-04-07 13:34:45 - getOutlet.php - Params - tgl: 2026-04-07, encrypt: 5b8ae1bc6b9f1f1fb1fdfe9cb8337a80, id_apl: APL01, key: kmn
2026-04-07 13:34:45 - getOutlet.php - Aplikasi ditemukan: Ya
2026-04-07 13:34:45 - getOutlet.php - Key aplikasi: YbcJSFjkds...
2026-04-07 13:34:45 - getOutlet.php - Expected encrypt: 5b8ae1bc6b9f1f1fb1fdfe9cb8337a80
2026-04-07 13:34:45 - getOutlet.php - Received encrypt: 5b8ae1bc6b9f1f1fb1fdfe9cb8337a80
2026-04-07 13:34:45 - getOutlet.php - Authentication berhasil
2026-04-07 13:34:45 - getOutlet.php - Query: SELECT id_out, nama_out, '' AS alamat_out, ofcode_out
            FROM outlet 
            WHERE status_out IN ('Active', '1', 'active')
            AND (nama_out LIKE :key OR ofcode_out LIKE :key)
            ORDER BY nama_out ASC
            LIMIT 20
2026-04-07 13:34:45 - getOutlet.php - Query berhasil, mengembalikan 4 record
2026-04-07 13:34:45 - getOutlet.php - === END REQUEST ===
2026-04-07 06:34:47 - getOutlet.php - === REQUEST GETOUTLET ===
2026-04-07 06:34:47 - getOutlet.php - Method: POST
2026-04-07 06:34:47 - getOutlet.php - POST data: {"tgl":"2026-04-07","encrypt":"5b8ae1bc6b9f1f1fb1fdfe9cb8337a80","id_apl":"APL01","key":"kmn l"}
2026-04-07 13:34:47 - getOutlet.php - Params - tgl: 2026-04-07, encrypt: 5b8ae1bc6b9f1f1fb1fdfe9cb8337a80, id_apl: APL01, key: kmn l
2026-04-07 13:34:47 - getOutlet.php - Aplikasi ditemukan: Ya
2026-04-07 13:34:47 - getOutlet.php - Key aplikasi: YbcJSFjkds...
2026-04-07 13:34:47 - getOutlet.php - Expected encrypt: 5b8ae1bc6b9f1f1fb1fdfe9cb8337a80
2026-04-07 13:34:47 - getOutlet.php - Received encrypt: 5b8ae1bc6b9f1f1fb1fdfe9cb8337a80
2026-04-07 13:34:47 - getOutlet.php - Authentication berhasil
2026-04-07 13:34:47 - getOutlet.php - Query: SELECT id_out, nama_out, '' AS alamat_out, ofcode_out
            FROM outlet 
            WHERE status_out IN ('Active', '1', 'active')
            AND (nama_out LIKE :key OR ofcode_out LIKE :key)
            ORDER BY nama_out ASC
            LIMIT 20
2026-04-07 13:34:47 - getOutlet.php - Query berhasil, mengembalikan 1 record
2026-04-07 13:34:47 - getOutlet.php - === END REQUEST ===
2026-04-07 06:34:47 - getOutlet.php - === REQUEST GETOUTLET ===
2026-04-07 06:34:47 - getOutlet.php - Method: POST
2026-04-07 06:34:47 - getOutlet.php - POST data: {"tgl":"2026-04-07","encrypt":"5b8ae1bc6b9f1f1fb1fdfe9cb8337a80","id_apl":"APL01","key":"kmn le"}
2026-04-07 13:34:47 - getOutlet.php - Params - tgl: 2026-04-07, encrypt: 5b8ae1bc6b9f1f1fb1fdfe9cb8337a80, id_apl: APL01, key: kmn le
2026-04-07 13:34:47 - getOutlet.php - Aplikasi ditemukan: Ya
2026-04-07 13:34:47 - getOutlet.php - Key aplikasi: YbcJSFjkds...
2026-04-07 13:34:47 - getOutlet.php - Expected encrypt: 5b8ae1bc6b9f1f1fb1fdfe9cb8337a80
2026-04-07 13:34:47 - getOutlet.php - Received encrypt: 5b8ae1bc6b9f1f1fb1fdfe9cb8337a80
2026-04-07 13:34:47 - getOutlet.php - Authentication berhasil
2026-04-07 13:34:47 - getOutlet.php - Query: SELECT id_out, nama_out, '' AS alamat_out, ofcode_out
            FROM outlet 
            WHERE status_out IN ('Active', '1', 'active')
            AND (nama_out LIKE :key OR ofcode_out LIKE :key)
            ORDER BY nama_out ASC
            LIMIT 20
2026-04-07 13:34:47 - getOutlet.php - Query berhasil, mengembalikan 1 record
2026-04-07 13:34:47 - getOutlet.php - === END REQUEST ===
2026-04-07 06:34:47 - getOutlet.php - === REQUEST GETOUTLET ===
2026-04-07 06:34:47 - getOutlet.php - Method: POST
2026-04-07 06:34:47 - getOutlet.php - POST data: {"tgl":"2026-04-07","encrypt":"5b8ae1bc6b9f1f1fb1fdfe9cb8337a80","id_apl":"APL01","key":"kmn len"}
2026-04-07 13:34:47 - getOutlet.php - Params - tgl: 2026-04-07, encrypt: 5b8ae1bc6b9f1f1fb1fdfe9cb8337a80, id_apl: APL01, key: kmn len
2026-04-07 13:34:47 - getOutlet.php - Aplikasi ditemukan: Ya
2026-04-07 13:34:47 - getOutlet.php - Key aplikasi: YbcJSFjkds...
2026-04-07 13:34:47 - getOutlet.php - Expected encrypt: 5b8ae1bc6b9f1f1fb1fdfe9cb8337a80
2026-04-07 13:34:47 - getOutlet.php - Received encrypt: 5b8ae1bc6b9f1f1fb1fdfe9cb8337a80
2026-04-07 13:34:47 - getOutlet.php - Authentication berhasil
2026-04-07 13:34:47 - getOutlet.php - Query: SELECT id_out, nama_out, '' AS alamat_out, ofcode_out
            FROM outlet 
            WHERE status_out IN ('Active', '1', 'active')
            AND (nama_out LIKE :key OR ofcode_out LIKE :key)
            ORDER BY nama_out ASC
            LIMIT 20
2026-04-07 13:34:47 - getOutlet.php - Query berhasil, mengembalikan 0 record
2026-04-07 13:34:47 - getOutlet.php - === END REQUEST ===
2026-04-07 06:34:48 - getOutlet.php - === REQUEST GETOUTLET ===
2026-04-07 06:34:48 - getOutlet.php - Method: POST
2026-04-07 06:34:48 - getOutlet.php - POST data: {"tgl":"2026-04-07","encrypt":"5b8ae1bc6b9f1f1fb1fdfe9cb8337a80","id_apl":"APL01","key":"kmn le"}
2026-04-07 13:34:48 - getOutlet.php - Params - tgl: 2026-04-07, encrypt: 5b8ae1bc6b9f1f1fb1fdfe9cb8337a80, id_apl: APL01, key: kmn le
2026-04-07 13:34:48 - getOutlet.php - Aplikasi ditemukan: Ya
2026-04-07 13:34:48 - getOutlet.php - Key aplikasi: YbcJSFjkds...
2026-04-07 13:34:48 - getOutlet.php - Expected encrypt: 5b8ae1bc6b9f1f1fb1fdfe9cb8337a80
2026-04-07 13:34:48 - getOutlet.php - Received encrypt: 5b8ae1bc6b9f1f1fb1fdfe9cb8337a80
2026-04-07 13:34:48 - getOutlet.php - Authentication berhasil
2026-04-07 13:34:48 - getOutlet.php - Query: SELECT id_out, nama_out, '' AS alamat_out, ofcode_out
            FROM outlet 
            WHERE status_out IN ('Active', '1', 'active')
            AND (nama_out LIKE :key OR ofcode_out LIKE :key)
            ORDER BY nama_out ASC
            LIMIT 20
2026-04-07 13:34:48 - getOutlet.php - Query berhasil, mengembalikan 1 record
2026-04-07 13:34:48 - getOutlet.php - === END REQUEST ===
2026-04-07 06:34:51 - getOutlet.php - === REQUEST GETOUTLET ===
2026-04-07 06:34:51 - getOutlet.php - Method: POST
2026-04-07 06:34:51 - getOutlet.php - POST data: {"tgl":"2026-04-07","encrypt":"5b8ae1bc6b9f1f1fb1fdfe9cb8337a80","id_apl":"APL01","key":"KMN LEBAK BULUS"}
2026-04-07 13:34:51 - getOutlet.php - Params - tgl: 2026-04-07, encrypt: 5b8ae1bc6b9f1f1fb1fdfe9cb8337a80, id_apl: APL01, key: KMN LEBAK BULUS
2026-04-07 13:34:51 - getOutlet.php - Aplikasi ditemukan: Ya
2026-04-07 13:34:51 - getOutlet.php - Key aplikasi: YbcJSFjkds...
2026-04-07 13:34:51 - getOutlet.php - Expected encrypt: 5b8ae1bc6b9f1f1fb1fdfe9cb8337a80
2026-04-07 13:34:51 - getOutlet.php - Received encrypt: 5b8ae1bc6b9f1f1fb1fdfe9cb8337a80
2026-04-07 13:34:51 - getOutlet.php - Authentication berhasil
2026-04-07 13:34:51 - getOutlet.php - Query: SELECT id_out, nama_out, '' AS alamat_out, ofcode_out
            FROM outlet 
            WHERE status_out IN ('Active', '1', 'active')
            AND (nama_out LIKE :key OR ofcode_out LIKE :key)
            ORDER BY nama_out ASC
            LIMIT 20
2026-04-07 13:34:51 - getOutlet.php - Query berhasil, mengembalikan 1 record
2026-04-07 13:34:51 - getOutlet.php - === END REQUEST ===
2026-04-07 06:39:16 - getOutlet.php - === REQUEST GETOUTLET ===
2026-04-07 06:39:16 - getOutlet.php - Method: POST
2026-04-07 06:39:16 - getOutlet.php - POST data: {"tgl":"2026-04-07","encrypt":"5b8ae1bc6b9f1f1fb1fdfe9cb8337a80","id_apl":"APL01","key":"RS"}
2026-04-07 13:39:16 - getOutlet.php - Params - tgl: 2026-04-07, encrypt: 5b8ae1bc6b9f1f1fb1fdfe9cb8337a80, id_apl: APL01, key: RS
2026-04-07 13:39:16 - getOutlet.php - Aplikasi ditemukan: Ya
2026-04-07 13:39:16 - getOutlet.php - Key aplikasi: YbcJSFjkds...
2026-04-07 13:39:16 - getOutlet.php - Expected encrypt: 5b8ae1bc6b9f1f1fb1fdfe9cb8337a80
2026-04-07 13:39:16 - getOutlet.php - Received encrypt: 5b8ae1bc6b9f1f1fb1fdfe9cb8337a80
2026-04-07 13:39:16 - getOutlet.php - Authentication berhasil
2026-04-07 13:39:16 - getOutlet.php - Query: SELECT id_out, nama_out, '' AS alamat_out, ofcode_out
            FROM outlet 
            WHERE status_out IN ('Active', '1', 'active')
            AND (nama_out LIKE :key OR ofcode_out LIKE :key)
            ORDER BY nama_out ASC
            LIMIT 20
2026-04-07 13:39:16 - getOutlet.php - Query berhasil, mengembalikan 20 record
2026-04-07 13:39:16 - getOutlet.php - === END REQUEST ===
2026-04-07 06:39:19 - getOutlet.php - === REQUEST GETOUTLET ===
2026-04-07 06:39:19 - getOutlet.php - Method: POST
2026-04-07 06:39:19 - getOutlet.php - POST data: {"tgl":"2026-04-07","encrypt":"5b8ae1bc6b9f1f1fb1fdfe9cb8337a80","id_apl":"APL01","key":"RS E"}
2026-04-07 13:39:19 - getOutlet.php - Params - tgl: 2026-04-07, encrypt: 5b8ae1bc6b9f1f1fb1fdfe9cb8337a80, id_apl: APL01, key: RS E
2026-04-07 13:39:19 - getOutlet.php - Aplikasi ditemukan: Ya
2026-04-07 13:39:19 - getOutlet.php - Key aplikasi: YbcJSFjkds...
2026-04-07 13:39:19 - getOutlet.php - Expected encrypt: 5b8ae1bc6b9f1f1fb1fdfe9cb8337a80
2026-04-07 13:39:19 - getOutlet.php - Received encrypt: 5b8ae1bc6b9f1f1fb1fdfe9cb8337a80
2026-04-07 13:39:19 - getOutlet.php - Authentication berhasil
2026-04-07 13:39:19 - getOutlet.php - Query: SELECT id_out, nama_out, '' AS alamat_out, ofcode_out
            FROM outlet 
            WHERE status_out IN ('Active', '1', 'active')
            AND (nama_out LIKE :key OR ofcode_out LIKE :key)
            ORDER BY nama_out ASC
            LIMIT 20
2026-04-07 13:39:19 - getOutlet.php - Query berhasil, mengembalikan 11 record
2026-04-07 13:39:19 - getOutlet.php - === END REQUEST ===
2026-04-07 06:39:19 - getOutlet.php - === REQUEST GETOUTLET ===
2026-04-07 06:39:19 - getOutlet.php - Method: POST
2026-04-07 06:39:19 - getOutlet.php - POST data: {"tgl":"2026-04-07","encrypt":"5b8ae1bc6b9f1f1fb1fdfe9cb8337a80","id_apl":"APL01","key":"RS EKA"}
2026-04-07 13:39:19 - getOutlet.php - Params - tgl: 2026-04-07, encrypt: 5b8ae1bc6b9f1f1fb1fdfe9cb8337a80, id_apl: APL01, key: RS EKA
2026-04-07 13:39:19 - getOutlet.php - Aplikasi ditemukan: Ya
2026-04-07 13:39:19 - getOutlet.php - Key aplikasi: YbcJSFjkds...
2026-04-07 13:39:19 - getOutlet.php - Expected encrypt: 5b8ae1bc6b9f1f1fb1fdfe9cb8337a80
2026-04-07 13:39:19 - getOutlet.php - Received encrypt: 5b8ae1bc6b9f1f1fb1fdfe9cb8337a80
2026-04-07 13:39:19 - getOutlet.php - Authentication berhasil
2026-04-07 13:39:19 - getOutlet.php - Query: SELECT id_out, nama_out, '' AS alamat_out, ofcode_out
            FROM outlet 
            WHERE status_out IN ('Active', '1', 'active')
            AND (nama_out LIKE :key OR ofcode_out LIKE :key)
            ORDER BY nama_out ASC
            LIMIT 20
2026-04-07 13:39:19 - getOutlet.php - Query berhasil, mengembalikan 4 record
2026-04-07 13:39:19 - getOutlet.php - === END REQUEST ===
2026-04-07 06:39:19 - getOutlet.php - === REQUEST GETOUTLET ===
2026-04-07 06:39:19 - getOutlet.php - Method: POST
2026-04-07 06:39:19 - getOutlet.php - POST data: {"tgl":"2026-04-07","encrypt":"5b8ae1bc6b9f1f1fb1fdfe9cb8337a80","id_apl":"APL01","key":"RS EK"}
2026-04-07 13:39:19 - getOutlet.php - Params - tgl: 2026-04-07, encrypt: 5b8ae1bc6b9f1f1fb1fdfe9cb8337a80, id_apl: APL01, key: RS EK
2026-04-07 13:39:19 - getOutlet.php - Aplikasi ditemukan: Ya
2026-04-07 13:39:19 - getOutlet.php - Key aplikasi: YbcJSFjkds...
2026-04-07 13:39:19 - getOutlet.php - Expected encrypt: 5b8ae1bc6b9f1f1fb1fdfe9cb8337a80
2026-04-07 13:39:19 - getOutlet.php - Received encrypt: 5b8ae1bc6b9f1f1fb1fdfe9cb8337a80
2026-04-07 13:39:19 - getOutlet.php - Authentication berhasil
2026-04-07 13:39:19 - getOutlet.php - Query: SELECT id_out, nama_out, '' AS alamat_out, ofcode_out
            FROM outlet 
            WHERE status_out IN ('Active', '1', 'active')
            AND (nama_out LIKE :key OR ofcode_out LIKE :key)
            ORDER BY nama_out ASC
            LIMIT 20
2026-04-07 13:39:19 - getOutlet.php - Query berhasil, mengembalikan 4 record
2026-04-07 13:39:19 - getOutlet.php - === END REQUEST ===
2026-04-07 06:39:19 - getOutlet.php - === REQUEST GETOUTLET ===
2026-04-07 06:39:19 - getOutlet.php - Method: POST
2026-04-07 06:39:19 - getOutlet.php - POST data: {"tgl":"2026-04-07","encrypt":"5b8ae1bc6b9f1f1fb1fdfe9cb8337a80","id_apl":"APL01","key":"RS"}
2026-04-07 13:39:19 - getOutlet.php - Params - tgl: 2026-04-07, encrypt: 5b8ae1bc6b9f1f1fb1fdfe9cb8337a80, id_apl: APL01, key: RS
2026-04-07 13:39:19 - getOutlet.php - Aplikasi ditemukan: Ya
2026-04-07 13:39:19 - getOutlet.php - Key aplikasi: YbcJSFjkds...
2026-04-07 13:39:19 - getOutlet.php - Expected encrypt: 5b8ae1bc6b9f1f1fb1fdfe9cb8337a80
2026-04-07 13:39:19 - getOutlet.php - Received encrypt: 5b8ae1bc6b9f1f1fb1fdfe9cb8337a80
2026-04-07 13:39:19 - getOutlet.php - Authentication berhasil
2026-04-07 13:39:19 - getOutlet.php - Query: SELECT id_out, nama_out, '' AS alamat_out, ofcode_out
            FROM outlet 
            WHERE status_out IN ('Active', '1', 'active')
            AND (nama_out LIKE :key OR ofcode_out LIKE :key)
            ORDER BY nama_out ASC
            LIMIT 20
2026-04-07 13:39:19 - getOutlet.php - Query berhasil, mengembalikan 20 record
2026-04-07 13:39:19 - getOutlet.php - === END REQUEST ===
2026-04-07 06:39:23 - getOutlet.php - === REQUEST GETOUTLET ===
2026-04-07 06:39:23 - getOutlet.php - Method: POST
2026-04-07 06:39:23 - getOutlet.php - POST data: {"tgl":"2026-04-07","encrypt":"5b8ae1bc6b9f1f1fb1fdfe9cb8337a80","id_apl":"APL01","key":"RS EKAB"}
2026-04-07 13:39:23 - getOutlet.php - Params - tgl: 2026-04-07, encrypt: 5b8ae1bc6b9f1f1fb1fdfe9cb8337a80, id_apl: APL01, key: RS EKAB
2026-04-07 13:39:23 - getOutlet.php - Aplikasi ditemukan: Ya
2026-04-07 13:39:23 - getOutlet.php - Key aplikasi: YbcJSFjkds...
2026-04-07 13:39:23 - getOutlet.php - Expected encrypt: 5b8ae1bc6b9f1f1fb1fdfe9cb8337a80
2026-04-07 13:39:23 - getOutlet.php - Received encrypt: 5b8ae1bc6b9f1f1fb1fdfe9cb8337a80
2026-04-07 13:39:23 - getOutlet.php - Authentication berhasil
2026-04-07 13:39:23 - getOutlet.php - Query: SELECT id_out, nama_out, '' AS alamat_out, ofcode_out
            FROM outlet 
            WHERE status_out IN ('Active', '1', 'active')
            AND (nama_out LIKE :key OR ofcode_out LIKE :key)
            ORDER BY nama_out ASC
            LIMIT 20
2026-04-07 13:39:23 - getOutlet.php - Query berhasil, mengembalikan 0 record
2026-04-07 13:39:23 - getOutlet.php - === END REQUEST ===
2026-04-07 06:39:24 - getOutlet.php - === REQUEST GETOUTLET ===
2026-04-07 06:39:24 - getOutlet.php - Method: POST
2026-04-07 06:39:24 - getOutlet.php - POST data: {"tgl":"2026-04-07","encrypt":"5b8ae1bc6b9f1f1fb1fdfe9cb8337a80","id_apl":"APL01","key":"RS EKABS"}
2026-04-07 13:39:24 - getOutlet.php - Params - tgl: 2026-04-07, encrypt: 5b8ae1bc6b9f1f1fb1fdfe9cb8337a80, id_apl: APL01, key: RS EKABS
2026-04-07 13:39:24 - getOutlet.php - Aplikasi ditemukan: Ya
2026-04-07 13:39:24 - getOutlet.php - Key aplikasi: YbcJSFjkds...
2026-04-07 13:39:24 - getOutlet.php - Expected encrypt: 5b8ae1bc6b9f1f1fb1fdfe9cb8337a80
2026-04-07 13:39:24 - getOutlet.php - Received encrypt: 5b8ae1bc6b9f1f1fb1fdfe9cb8337a80
2026-04-07 13:39:24 - getOutlet.php - Authentication berhasil
2026-04-07 13:39:24 - getOutlet.php - Query: SELECT id_out, nama_out, '' AS alamat_out, ofcode_out
            FROM outlet 
            WHERE status_out IN ('Active', '1', 'active')
            AND (nama_out LIKE :key OR ofcode_out LIKE :key)
            ORDER BY nama_out ASC
            LIMIT 20
2026-04-07 13:39:24 - getOutlet.php - Query berhasil, mengembalikan 0 record
2026-04-07 13:39:24 - getOutlet.php - === END REQUEST ===
2026-04-07 06:39:26 - getOutlet.php - === REQUEST GETOUTLET ===
2026-04-07 06:39:26 - getOutlet.php - Method: POST
2026-04-07 06:39:26 - getOutlet.php - POST data: {"tgl":"2026-04-07","encrypt":"5b8ae1bc6b9f1f1fb1fdfe9cb8337a80","id_apl":"APL01","key":"RS EKAB"}
2026-04-07 13:39:26 - getOutlet.php - Params - tgl: 2026-04-07, encrypt: 5b8ae1bc6b9f1f1fb1fdfe9cb8337a80, id_apl: APL01, key: RS EKAB
2026-04-07 13:39:26 - getOutlet.php - Aplikasi ditemukan: Ya
2026-04-07 13:39:26 - getOutlet.php - Key aplikasi: YbcJSFjkds...
2026-04-07 13:39:26 - getOutlet.php - Expected encrypt: 5b8ae1bc6b9f1f1fb1fdfe9cb8337a80
2026-04-07 13:39:26 - getOutlet.php - Received encrypt: 5b8ae1bc6b9f1f1fb1fdfe9cb8337a80
2026-04-07 13:39:26 - getOutlet.php - Authentication berhasil
2026-04-07 13:39:26 - getOutlet.php - Query: SELECT id_out, nama_out, '' AS alamat_out, ofcode_out
            FROM outlet 
            WHERE status_out IN ('Active', '1', 'active')
            AND (nama_out LIKE :key OR ofcode_out LIKE :key)
            ORDER BY nama_out ASC
            LIMIT 20
2026-04-07 13:39:26 - getOutlet.php - Query berhasil, mengembalikan 0 record
2026-04-07 13:39:26 - getOutlet.php - === END REQUEST ===
2026-04-07 06:39:26 - getOutlet.php - === REQUEST GETOUTLET ===
2026-04-07 06:39:26 - getOutlet.php - Method: POST
2026-04-07 06:39:26 - getOutlet.php - POST data: {"tgl":"2026-04-07","encrypt":"5b8ae1bc6b9f1f1fb1fdfe9cb8337a80","id_apl":"APL01","key":"RS EKA"}
2026-04-07 13:39:26 - getOutlet.php - Params - tgl: 2026-04-07, encrypt: 5b8ae1bc6b9f1f1fb1fdfe9cb8337a80, id_apl: APL01, key: RS EKA
2026-04-07 13:39:26 - getOutlet.php - Aplikasi ditemukan: Ya
2026-04-07 13:39:26 - getOutlet.php - Key aplikasi: YbcJSFjkds...
2026-04-07 13:39:26 - getOutlet.php - Expected encrypt: 5b8ae1bc6b9f1f1fb1fdfe9cb8337a80
2026-04-07 13:39:26 - getOutlet.php - Received encrypt: 5b8ae1bc6b9f1f1fb1fdfe9cb8337a80
2026-04-07 13:39:26 - getOutlet.php - Authentication berhasil
2026-04-07 13:39:26 - getOutlet.php - Query: SELECT id_out, nama_out, '' AS alamat_out, ofcode_out
            FROM outlet 
            WHERE status_out IN ('Active', '1', 'active')
            AND (nama_out LIKE :key OR ofcode_out LIKE :key)
            ORDER BY nama_out ASC
            LIMIT 20
2026-04-07 13:39:26 - getOutlet.php - Query berhasil, mengembalikan 4 record
2026-04-07 13:39:26 - getOutlet.php - === END REQUEST ===
2026-04-07 06:39:27 - getOutlet.php - === REQUEST GETOUTLET ===
2026-04-07 06:39:27 - getOutlet.php - Method: POST
2026-04-07 06:39:27 - getOutlet.php - POST data: {"tgl":"2026-04-07","encrypt":"5b8ae1bc6b9f1f1fb1fdfe9cb8337a80","id_apl":"APL01","key":"RS EKA"}
2026-04-07 13:39:27 - getOutlet.php - Params - tgl: 2026-04-07, encrypt: 5b8ae1bc6b9f1f1fb1fdfe9cb8337a80, id_apl: APL01, key: RS EKA
2026-04-07 13:39:27 - getOutlet.php - Aplikasi ditemukan: Ya
2026-04-07 13:39:27 - getOutlet.php - Key aplikasi: YbcJSFjkds...
2026-04-07 13:39:27 - getOutlet.php - Expected encrypt: 5b8ae1bc6b9f1f1fb1fdfe9cb8337a80
2026-04-07 13:39:27 - getOutlet.php - Received encrypt: 5b8ae1bc6b9f1f1fb1fdfe9cb8337a80
2026-04-07 13:39:27 - getOutlet.php - Authentication berhasil
2026-04-07 13:39:27 - getOutlet.php - Query: SELECT id_out, nama_out, '' AS alamat_out, ofcode_out
            FROM outlet 
            WHERE status_out IN ('Active', '1', 'active')
            AND (nama_out LIKE :key OR ofcode_out LIKE :key)
            ORDER BY nama_out ASC
            LIMIT 20
2026-04-07 13:39:27 - getOutlet.php - Query berhasil, mengembalikan 4 record
2026-04-07 13:39:27 - getOutlet.php - === END REQUEST ===
2026-04-07 06:39:29 - getOutlet.php - === REQUEST GETOUTLET ===
2026-04-07 06:39:29 - getOutlet.php - Method: POST
2026-04-07 06:39:29 - getOutlet.php - POST data: {"tgl":"2026-04-07","encrypt":"5b8ae1bc6b9f1f1fb1fdfe9cb8337a80","id_apl":"APL01","key":"RS EKA HOSPITAL BSD"}
2026-04-07 13:39:29 - getOutlet.php - Params - tgl: 2026-04-07, encrypt: 5b8ae1bc6b9f1f1fb1fdfe9cb8337a80, id_apl: APL01, key: RS EKA HOSPITAL BSD
2026-04-07 13:39:29 - getOutlet.php - Aplikasi ditemukan: Ya
2026-04-07 13:39:29 - getOutlet.php - Key aplikasi: YbcJSFjkds...
2026-04-07 13:39:29 - getOutlet.php - Expected encrypt: 5b8ae1bc6b9f1f1fb1fdfe9cb8337a80
2026-04-07 13:39:29 - getOutlet.php - Received encrypt: 5b8ae1bc6b9f1f1fb1fdfe9cb8337a80
2026-04-07 13:39:29 - getOutlet.php - Authentication berhasil
2026-04-07 13:39:29 - getOutlet.php - Query: SELECT id_out, nama_out, '' AS alamat_out, ofcode_out
            FROM outlet 
            WHERE status_out IN ('Active', '1', 'active')
            AND (nama_out LIKE :key OR ofcode_out LIKE :key)
            ORDER BY nama_out ASC
            LIMIT 20
2026-04-07 13:39:29 - getOutlet.php - Query berhasil, mengembalikan 1 record
2026-04-07 13:39:29 - getOutlet.php - === END REQUEST ===
2026-04-07 06:44:31 - getOutlet.php - === REQUEST GETOUTLET ===
2026-04-07 06:44:31 - getOutlet.php - Method: POST
2026-04-07 06:44:31 - getOutlet.php - POST data: {"tgl":"2026-04-07","encrypt":"5b8ae1bc6b9f1f1fb1fdfe9cb8337a80","id_apl":"APL01","key":"AP"}
2026-04-07 13:44:31 - getOutlet.php - Params - tgl: 2026-04-07, encrypt: 5b8ae1bc6b9f1f1fb1fdfe9cb8337a80, id_apl: APL01, key: AP
2026-04-07 13:44:31 - getOutlet.php - Aplikasi ditemukan: Ya
2026-04-07 13:44:31 - getOutlet.php - Key aplikasi: YbcJSFjkds...
2026-04-07 13:44:31 - getOutlet.php - Expected encrypt: 5b8ae1bc6b9f1f1fb1fdfe9cb8337a80
2026-04-07 13:44:31 - getOutlet.php - Received encrypt: 5b8ae1bc6b9f1f1fb1fdfe9cb8337a80
2026-04-07 13:44:31 - getOutlet.php - Authentication berhasil
2026-04-07 13:44:31 - getOutlet.php - Query: SELECT id_out, nama_out, '' AS alamat_out, ofcode_out
            FROM outlet 
            WHERE status_out IN ('Active', '1', 'active')
            AND (nama_out LIKE :key OR ofcode_out LIKE :key)
            ORDER BY nama_out ASC
            LIMIT 20
2026-04-07 13:44:31 - getOutlet.php - Query berhasil, mengembalikan 20 record
2026-04-07 13:44:31 - getOutlet.php - === END REQUEST ===
2026-04-07 06:44:31 - getOutlet.php - === REQUEST GETOUTLET ===
2026-04-07 06:44:31 - getOutlet.php - Method: POST
2026-04-07 06:44:31 - getOutlet.php - POST data: {"tgl":"2026-04-07","encrypt":"5b8ae1bc6b9f1f1fb1fdfe9cb8337a80","id_apl":"APL01","key":"APO"}
2026-04-07 13:44:31 - getOutlet.php - Params - tgl: 2026-04-07, encrypt: 5b8ae1bc6b9f1f1fb1fdfe9cb8337a80, id_apl: APL01, key: APO
2026-04-07 13:44:31 - getOutlet.php - Aplikasi ditemukan: Ya
2026-04-07 13:44:31 - getOutlet.php - Key aplikasi: YbcJSFjkds...
2026-04-07 13:44:31 - getOutlet.php - Expected encrypt: 5b8ae1bc6b9f1f1fb1fdfe9cb8337a80
2026-04-07 13:44:31 - getOutlet.php - Received encrypt: 5b8ae1bc6b9f1f1fb1fdfe9cb8337a80
2026-04-07 13:44:31 - getOutlet.php - Authentication berhasil
2026-04-07 13:44:31 - getOutlet.php - Query: SELECT id_out, nama_out, '' AS alamat_out, ofcode_out
            FROM outlet 
            WHERE status_out IN ('Active', '1', 'active')
            AND (nama_out LIKE :key OR ofcode_out LIKE :key)
            ORDER BY nama_out ASC
            LIMIT 20
2026-04-07 13:44:31 - getOutlet.php - Query berhasil, mengembalikan 20 record
2026-04-07 13:44:31 - getOutlet.php - === END REQUEST ===
2026-04-07 06:44:31 - getOutlet.php - === REQUEST GETOUTLET ===
2026-04-07 06:44:31 - getOutlet.php - Method: POST
2026-04-07 06:44:31 - getOutlet.php - POST data: {"tgl":"2026-04-07","encrypt":"5b8ae1bc6b9f1f1fb1fdfe9cb8337a80","id_apl":"APL01","key":"APOT"}
2026-04-07 13:44:31 - getOutlet.php - Params - tgl: 2026-04-07, encrypt: 5b8ae1bc6b9f1f1fb1fdfe9cb8337a80, id_apl: APL01, key: APOT
2026-04-07 13:44:31 - getOutlet.php - Aplikasi ditemukan: Ya
2026-04-07 13:44:31 - getOutlet.php - Key aplikasi: YbcJSFjkds...
2026-04-07 13:44:31 - getOutlet.php - Expected encrypt: 5b8ae1bc6b9f1f1fb1fdfe9cb8337a80
2026-04-07 13:44:31 - getOutlet.php - Received encrypt: 5b8ae1bc6b9f1f1fb1fdfe9cb8337a80
2026-04-07 13:44:31 - getOutlet.php - Authentication berhasil
2026-04-07 13:44:31 - getOutlet.php - Query: SELECT id_out, nama_out, '' AS alamat_out, ofcode_out
            FROM outlet 
            WHERE status_out IN ('Active', '1', 'active')
            AND (nama_out LIKE :key OR ofcode_out LIKE :key)
            ORDER BY nama_out ASC
            LIMIT 20
2026-04-07 13:44:31 - getOutlet.php - Query berhasil, mengembalikan 20 record
2026-04-07 13:44:31 - getOutlet.php - === END REQUEST ===
2026-04-07 06:44:32 - getOutlet.php - === REQUEST GETOUTLET ===
2026-04-07 06:44:32 - getOutlet.php - Method: POST
2026-04-07 06:44:32 - getOutlet.php - POST data: {"tgl":"2026-04-07","encrypt":"5b8ae1bc6b9f1f1fb1fdfe9cb8337a80","id_apl":"APL01","key":"APOTE"}
2026-04-07 13:44:32 - getOutlet.php - Params - tgl: 2026-04-07, encrypt: 5b8ae1bc6b9f1f1fb1fdfe9cb8337a80, id_apl: APL01, key: APOTE
2026-04-07 13:44:32 - getOutlet.php - Aplikasi ditemukan: Ya
2026-04-07 13:44:32 - getOutlet.php - Key aplikasi: YbcJSFjkds...
2026-04-07 13:44:32 - getOutlet.php - Expected encrypt: 5b8ae1bc6b9f1f1fb1fdfe9cb8337a80
2026-04-07 13:44:32 - getOutlet.php - Received encrypt: 5b8ae1bc6b9f1f1fb1fdfe9cb8337a80
2026-04-07 13:44:32 - getOutlet.php - Authentication berhasil
2026-04-07 13:44:32 - getOutlet.php - Query: SELECT id_out, nama_out, '' AS alamat_out, ofcode_out
            FROM outlet 
            WHERE status_out IN ('Active', '1', 'active')
            AND (nama_out LIKE :key OR ofcode_out LIKE :key)
            ORDER BY nama_out ASC
            LIMIT 20
2026-04-07 13:44:32 - getOutlet.php - Query berhasil, mengembalikan 20 record
2026-04-07 13:44:32 - getOutlet.php - === END REQUEST ===
2026-04-07 06:44:32 - getOutlet.php - === REQUEST GETOUTLET ===
2026-04-07 06:44:32 - getOutlet.php - Method: POST
2026-04-07 06:44:32 - getOutlet.php - POST data: {"tgl":"2026-04-07","encrypt":"5b8ae1bc6b9f1f1fb1fdfe9cb8337a80","id_apl":"APL01","key":"APOTEK"}
2026-04-07 13:44:32 - getOutlet.php - Params - tgl: 2026-04-07, encrypt: 5b8ae1bc6b9f1f1fb1fdfe9cb8337a80, id_apl: APL01, key: APOTEK
2026-04-07 13:44:32 - getOutlet.php - Aplikasi ditemukan: Ya
2026-04-07 13:44:32 - getOutlet.php - Key aplikasi: YbcJSFjkds...
2026-04-07 13:44:32 - getOutlet.php - Expected encrypt: 5b8ae1bc6b9f1f1fb1fdfe9cb8337a80
2026-04-07 13:44:32 - getOutlet.php - Received encrypt: 5b8ae1bc6b9f1f1fb1fdfe9cb8337a80
2026-04-07 13:44:32 - getOutlet.php - Authentication berhasil
2026-04-07 13:44:32 - getOutlet.php - Query: SELECT id_out, nama_out, '' AS alamat_out, ofcode_out
            FROM outlet 
            WHERE status_out IN ('Active', '1', 'active')
            AND (nama_out LIKE :key OR ofcode_out LIKE :key)
            ORDER BY nama_out ASC
            LIMIT 20
2026-04-07 13:44:32 - getOutlet.php - Query berhasil, mengembalikan 20 record
2026-04-07 13:44:32 - getOutlet.php - === END REQUEST ===
2026-04-07 06:44:34 - getOutlet.php - === REQUEST GETOUTLET ===
2026-04-07 06:44:34 - getOutlet.php - Method: POST
2026-04-07 06:44:34 - getOutlet.php - POST data: {"tgl":"2026-04-07","encrypt":"5b8ae1bc6b9f1f1fb1fdfe9cb8337a80","id_apl":"APL01","key":"APOTEK"}
2026-04-07 13:44:34 - getOutlet.php - Params - tgl: 2026-04-07, encrypt: 5b8ae1bc6b9f1f1fb1fdfe9cb8337a80, id_apl: APL01, key: APOTEK
2026-04-07 13:44:34 - getOutlet.php - Aplikasi ditemukan: Ya
2026-04-07 13:44:34 - getOutlet.php - Key aplikasi: YbcJSFjkds...
2026-04-07 13:44:34 - getOutlet.php - Expected encrypt: 5b8ae1bc6b9f1f1fb1fdfe9cb8337a80
2026-04-07 13:44:34 - getOutlet.php - Received encrypt: 5b8ae1bc6b9f1f1fb1fdfe9cb8337a80
2026-04-07 13:44:34 - getOutlet.php - Authentication berhasil
2026-04-07 13:44:34 - getOutlet.php - Query: SELECT id_out, nama_out, '' AS alamat_out, ofcode_out
            FROM outlet 
            WHERE status_out IN ('Active', '1', 'active')
            AND (nama_out LIKE :key OR ofcode_out LIKE :key)
            ORDER BY nama_out ASC
            LIMIT 20
2026-04-07 13:44:34 - getOutlet.php - Query berhasil, mengembalikan 20 record
2026-04-07 13:44:34 - getOutlet.php - === END REQUEST ===
2026-04-07 06:44:35 - getOutlet.php - === REQUEST GETOUTLET ===
2026-04-07 06:44:35 - getOutlet.php - Method: POST
2026-04-07 06:44:35 - getOutlet.php - POST data: {"tgl":"2026-04-07","encrypt":"5b8ae1bc6b9f1f1fb1fdfe9cb8337a80","id_apl":"APL01","key":"APOTEK F"}
2026-04-07 13:44:35 - getOutlet.php - Params - tgl: 2026-04-07, encrypt: 5b8ae1bc6b9f1f1fb1fdfe9cb8337a80, id_apl: APL01, key: APOTEK F
2026-04-07 13:44:35 - getOutlet.php - Aplikasi ditemukan: Ya
2026-04-07 13:44:35 - getOutlet.php - Key aplikasi: YbcJSFjkds...
2026-04-07 13:44:35 - getOutlet.php - Expected encrypt: 5b8ae1bc6b9f1f1fb1fdfe9cb8337a80
2026-04-07 13:44:35 - getOutlet.php - Received encrypt: 5b8ae1bc6b9f1f1fb1fdfe9cb8337a80
2026-04-07 13:44:35 - getOutlet.php - Authentication berhasil
2026-04-07 13:44:35 - getOutlet.php - Query: SELECT id_out, nama_out, '' AS alamat_out, ofcode_out
            FROM outlet 
            WHERE status_out IN ('Active', '1', 'active')
            AND (nama_out LIKE :key OR ofcode_out LIKE :key)
            ORDER BY nama_out ASC
            LIMIT 20
2026-04-07 13:44:35 - getOutlet.php - Query berhasil, mengembalikan 20 record
2026-04-07 13:44:35 - getOutlet.php - === END REQUEST ===
2026-04-07 06:44:35 - getOutlet.php - === REQUEST GETOUTLET ===
2026-04-07 06:44:35 - getOutlet.php - Method: POST
2026-04-07 06:44:35 - getOutlet.php - POST data: {"tgl":"2026-04-07","encrypt":"5b8ae1bc6b9f1f1fb1fdfe9cb8337a80","id_apl":"APL01","key":"APOTEK FA"}
2026-04-07 13:44:35 - getOutlet.php - Params - tgl: 2026-04-07, encrypt: 5b8ae1bc6b9f1f1fb1fdfe9cb8337a80, id_apl: APL01, key: APOTEK FA
2026-04-07 13:44:35 - getOutlet.php - Aplikasi ditemukan: Ya
2026-04-07 13:44:35 - getOutlet.php - Key aplikasi: YbcJSFjkds...
2026-04-07 13:44:35 - getOutlet.php - Expected encrypt: 5b8ae1bc6b9f1f1fb1fdfe9cb8337a80
2026-04-07 13:44:35 - getOutlet.php - Received encrypt: 5b8ae1bc6b9f1f1fb1fdfe9cb8337a80
2026-04-07 13:44:35 - getOutlet.php - Authentication berhasil
2026-04-07 13:44:35 - getOutlet.php - Query: SELECT id_out, nama_out, '' AS alamat_out, ofcode_out
            FROM outlet 
            WHERE status_out IN ('Active', '1', 'active')
            AND (nama_out LIKE :key OR ofcode_out LIKE :key)
            ORDER BY nama_out ASC
            LIMIT 20
2026-04-07 13:44:35 - getOutlet.php - Query berhasil, mengembalikan 20 record
2026-04-07 13:44:35 - getOutlet.php - === END REQUEST ===
2026-04-07 06:44:35 - getOutlet.php - === REQUEST GETOUTLET ===
2026-04-07 06:44:35 - getOutlet.php - Method: POST
2026-04-07 06:44:35 - getOutlet.php - POST data: {"tgl":"2026-04-07","encrypt":"5b8ae1bc6b9f1f1fb1fdfe9cb8337a80","id_apl":"APL01","key":"APOTEK FAE"}
2026-04-07 13:44:35 - getOutlet.php - Params - tgl: 2026-04-07, encrypt: 5b8ae1bc6b9f1f1fb1fdfe9cb8337a80, id_apl: APL01, key: APOTEK FAE
2026-04-07 13:44:35 - getOutlet.php - Aplikasi ditemukan: Ya
2026-04-07 13:44:35 - getOutlet.php - Key aplikasi: YbcJSFjkds...
2026-04-07 13:44:35 - getOutlet.php - Expected encrypt: 5b8ae1bc6b9f1f1fb1fdfe9cb8337a80
2026-04-07 13:44:35 - getOutlet.php - Received encrypt: 5b8ae1bc6b9f1f1fb1fdfe9cb8337a80
2026-04-07 13:44:35 - getOutlet.php - Authentication berhasil
2026-04-07 13:44:35 - getOutlet.php - Query: SELECT id_out, nama_out, '' AS alamat_out, ofcode_out
            FROM outlet 
            WHERE status_out IN ('Active', '1', 'active')
            AND (nama_out LIKE :key OR ofcode_out LIKE :key)
            ORDER BY nama_out ASC
            LIMIT 20
2026-04-07 13:44:35 - getOutlet.php - Query berhasil, mengembalikan 0 record
2026-04-07 13:44:35 - getOutlet.php - === END REQUEST ===
2026-04-07 06:44:36 - getOutlet.php - === REQUEST GETOUTLET ===
2026-04-07 06:44:36 - getOutlet.php - Method: POST
2026-04-07 06:44:36 - getOutlet.php - POST data: {"tgl":"2026-04-07","encrypt":"5b8ae1bc6b9f1f1fb1fdfe9cb8337a80","id_apl":"APL01","key":"APOTEK FA"}
2026-04-07 13:44:36 - getOutlet.php - Params - tgl: 2026-04-07, encrypt: 5b8ae1bc6b9f1f1fb1fdfe9cb8337a80, id_apl: APL01, key: APOTEK FA
2026-04-07 13:44:36 - getOutlet.php - Aplikasi ditemukan: Ya
2026-04-07 13:44:36 - getOutlet.php - Key aplikasi: YbcJSFjkds...
2026-04-07 13:44:36 - getOutlet.php - Expected encrypt: 5b8ae1bc6b9f1f1fb1fdfe9cb8337a80
2026-04-07 13:44:36 - getOutlet.php - Received encrypt: 5b8ae1bc6b9f1f1fb1fdfe9cb8337a80
2026-04-07 13:44:36 - getOutlet.php - Authentication berhasil
2026-04-07 13:44:36 - getOutlet.php - Query: SELECT id_out, nama_out, '' AS alamat_out, ofcode_out
            FROM outlet 
            WHERE status_out IN ('Active', '1', 'active')
            AND (nama_out LIKE :key OR ofcode_out LIKE :key)
            ORDER BY nama_out ASC
            LIMIT 20
2026-04-07 13:44:36 - getOutlet.php - Query berhasil, mengembalikan 20 record
2026-04-07 13:44:36 - getOutlet.php - === END REQUEST ===
2026-04-07 06:44:37 - getOutlet.php - === REQUEST GETOUTLET ===
2026-04-07 06:44:37 - getOutlet.php - Method: POST
2026-04-07 06:44:37 - getOutlet.php - POST data: {"tgl":"2026-04-07","encrypt":"5b8ae1bc6b9f1f1fb1fdfe9cb8337a80","id_apl":"APL01","key":"APOTEK FAR"}
2026-04-07 13:44:37 - getOutlet.php - Params - tgl: 2026-04-07, encrypt: 5b8ae1bc6b9f1f1fb1fdfe9cb8337a80, id_apl: APL01, key: APOTEK FAR
2026-04-07 13:44:37 - getOutlet.php - Aplikasi ditemukan: Ya
2026-04-07 13:44:37 - getOutlet.php - Key aplikasi: YbcJSFjkds...
2026-04-07 13:44:37 - getOutlet.php - Expected encrypt: 5b8ae1bc6b9f1f1fb1fdfe9cb8337a80
2026-04-07 13:44:37 - getOutlet.php - Received encrypt: 5b8ae1bc6b9f1f1fb1fdfe9cb8337a80
2026-04-07 13:44:37 - getOutlet.php - Authentication berhasil
2026-04-07 13:44:37 - getOutlet.php - Query: SELECT id_out, nama_out, '' AS alamat_out, ofcode_out
            FROM outlet 
            WHERE status_out IN ('Active', '1', 'active')
            AND (nama_out LIKE :key OR ofcode_out LIKE :key)
            ORDER BY nama_out ASC
            LIMIT 20
2026-04-07 13:44:37 - getOutlet.php - Query berhasil, mengembalikan 20 record
2026-04-07 13:44:37 - getOutlet.php - === END REQUEST ===
2026-04-07 06:44:40 - getOutlet.php - === REQUEST GETOUTLET ===
2026-04-07 06:44:40 - getOutlet.php - Method: POST
2026-04-07 06:44:40 - getOutlet.php - POST data: {"tgl":"2026-04-07","encrypt":"5b8ae1bc6b9f1f1fb1fdfe9cb8337a80","id_apl":"APL01","key":"APOTEK FARM"}
2026-04-07 13:44:40 - getOutlet.php - Params - tgl: 2026-04-07, encrypt: 5b8ae1bc6b9f1f1fb1fdfe9cb8337a80, id_apl: APL01, key: APOTEK FARM
2026-04-07 13:44:40 - getOutlet.php - Aplikasi ditemukan: Ya
2026-04-07 13:44:40 - getOutlet.php - Key aplikasi: YbcJSFjkds...
2026-04-07 13:44:40 - getOutlet.php - Expected encrypt: 5b8ae1bc6b9f1f1fb1fdfe9cb8337a80
2026-04-07 13:44:40 - getOutlet.php - Received encrypt: 5b8ae1bc6b9f1f1fb1fdfe9cb8337a80
2026-04-07 13:44:40 - getOutlet.php - Authentication berhasil
2026-04-07 13:44:40 - getOutlet.php - Query: SELECT id_out, nama_out, '' AS alamat_out, ofcode_out
            FROM outlet 
            WHERE status_out IN ('Active', '1', 'active')
            AND (nama_out LIKE :key OR ofcode_out LIKE :key)
            ORDER BY nama_out ASC
            LIMIT 20
2026-04-07 13:44:40 - getOutlet.php - Query berhasil, mengembalikan 11 record
2026-04-07 13:44:40 - getOutlet.php - === END REQUEST ===
2026-04-07 06:44:40 - getOutlet.php - === REQUEST GETOUTLET ===
2026-04-07 06:44:40 - getOutlet.php - Method: POST
2026-04-07 06:44:40 - getOutlet.php - POST data: {"tgl":"2026-04-07","encrypt":"5b8ae1bc6b9f1f1fb1fdfe9cb8337a80","id_apl":"APL01","key":"APOTEK FARMA"}
2026-04-07 13:44:40 - getOutlet.php - Params - tgl: 2026-04-07, encrypt: 5b8ae1bc6b9f1f1fb1fdfe9cb8337a80, id_apl: APL01, key: APOTEK FARMA
2026-04-07 13:44:40 - getOutlet.php - Aplikasi ditemukan: Ya
2026-04-07 13:44:40 - getOutlet.php - Key aplikasi: YbcJSFjkds...
2026-04-07 13:44:40 - getOutlet.php - Expected encrypt: 5b8ae1bc6b9f1f1fb1fdfe9cb8337a80
2026-04-07 13:44:40 - getOutlet.php - Received encrypt: 5b8ae1bc6b9f1f1fb1fdfe9cb8337a80
2026-04-07 13:44:40 - getOutlet.php - Authentication berhasil
2026-04-07 13:44:40 - getOutlet.php - Query: SELECT id_out, nama_out, '' AS alamat_out, ofcode_out
            FROM outlet 
            WHERE status_out IN ('Active', '1', 'active')
            AND (nama_out LIKE :key OR ofcode_out LIKE :key)
            ORDER BY nama_out ASC
            LIMIT 20
2026-04-07 13:44:40 - getOutlet.php - Query berhasil, mengembalikan 11 record
2026-04-07 13:44:40 - getOutlet.php - === END REQUEST ===
2026-04-07 06:44:41 - getOutlet.php - === REQUEST GETOUTLET ===
2026-04-07 06:44:41 - getOutlet.php - Method: POST
2026-04-07 06:44:41 - getOutlet.php - POST data: {"tgl":"2026-04-07","encrypt":"5b8ae1bc6b9f1f1fb1fdfe9cb8337a80","id_apl":"APL01","key":"APOTEK FARMA"}
2026-04-07 13:44:41 - getOutlet.php - Params - tgl: 2026-04-07, encrypt: 5b8ae1bc6b9f1f1fb1fdfe9cb8337a80, id_apl: APL01, key: APOTEK FARMA
2026-04-07 13:44:41 - getOutlet.php - Aplikasi ditemukan: Ya
2026-04-07 13:44:41 - getOutlet.php - Key aplikasi: YbcJSFjkds...
2026-04-07 13:44:41 - getOutlet.php - Expected encrypt: 5b8ae1bc6b9f1f1fb1fdfe9cb8337a80
2026-04-07 13:44:41 - getOutlet.php - Received encrypt: 5b8ae1bc6b9f1f1fb1fdfe9cb8337a80
2026-04-07 13:44:41 - getOutlet.php - Authentication berhasil
2026-04-07 13:44:41 - getOutlet.php - Query: SELECT id_out, nama_out, '' AS alamat_out, ofcode_out
            FROM outlet 
            WHERE status_out IN ('Active', '1', 'active')
            AND (nama_out LIKE :key OR ofcode_out LIKE :key)
            ORDER BY nama_out ASC
            LIMIT 20
2026-04-07 13:44:41 - getOutlet.php - Query berhasil, mengembalikan 11 record
2026-04-07 13:44:41 - getOutlet.php - === END REQUEST ===
2026-04-07 06:44:42 - getOutlet.php - === REQUEST GETOUTLET ===
2026-04-07 06:44:42 - getOutlet.php - Method: POST
2026-04-07 06:44:42 - getOutlet.php - POST data: {"tgl":"2026-04-07","encrypt":"5b8ae1bc6b9f1f1fb1fdfe9cb8337a80","id_apl":"APL01","key":"Apotek Farma 2003 "}
2026-04-07 13:44:42 - getOutlet.php - Params - tgl: 2026-04-07, encrypt: 5b8ae1bc6b9f1f1fb1fdfe9cb8337a80, id_apl: APL01, key: Apotek Farma 2003
2026-04-07 13:44:42 - getOutlet.php - Aplikasi ditemukan: Ya
2026-04-07 13:44:42 - getOutlet.php - Key aplikasi: YbcJSFjkds...
2026-04-07 13:44:42 - getOutlet.php - Expected encrypt: 5b8ae1bc6b9f1f1fb1fdfe9cb8337a80
2026-04-07 13:44:42 - getOutlet.php - Received encrypt: 5b8ae1bc6b9f1f1fb1fdfe9cb8337a80
2026-04-07 13:44:42 - getOutlet.php - Authentication berhasil
2026-04-07 13:44:42 - getOutlet.php - Query: SELECT id_out, nama_out, '' AS alamat_out, ofcode_out
            FROM outlet 
            WHERE status_out IN ('Active', '1', 'active')
            AND (nama_out LIKE :key OR ofcode_out LIKE :key)
            ORDER BY nama_out ASC
            LIMIT 20
2026-04-07 13:44:42 - getOutlet.php - Query berhasil, mengembalikan 1 record
2026-04-07 13:44:42 - getOutlet.php - === END REQUEST ===
2026-04-07 06:53:11 - getOutlet.php - === REQUEST GETOUTLET ===
2026-04-07 06:53:11 - getOutlet.php - Method: POST
2026-04-07 06:53:11 - getOutlet.php - POST data: {"tgl":"2026-04-07","encrypt":"5b8ae1bc6b9f1f1fb1fdfe9cb8337a80","id_apl":"APL01","key":"be"}
2026-04-07 13:53:11 - getOutlet.php - Params - tgl: 2026-04-07, encrypt: 5b8ae1bc6b9f1f1fb1fdfe9cb8337a80, id_apl: APL01, key: be
2026-04-07 13:53:11 - getOutlet.php - Aplikasi ditemukan: Ya
2026-04-07 13:53:11 - getOutlet.php - Key aplikasi: YbcJSFjkds...
2026-04-07 13:53:11 - getOutlet.php - Expected encrypt: 5b8ae1bc6b9f1f1fb1fdfe9cb8337a80
2026-04-07 13:53:11 - getOutlet.php - Received encrypt: 5b8ae1bc6b9f1f1fb1fdfe9cb8337a80
2026-04-07 13:53:11 - getOutlet.php - Authentication berhasil
2026-04-07 13:53:11 - getOutlet.php - Query: SELECT id_out, nama_out, '' AS alamat_out, ofcode_out
            FROM outlet 
            WHERE status_out IN ('Active', '1', 'active')
            AND (nama_out LIKE :key OR ofcode_out LIKE :key)
            ORDER BY nama_out ASC
            LIMIT 20
2026-04-07 13:53:11 - getOutlet.php - Query berhasil, mengembalikan 20 record
2026-04-07 13:53:11 - getOutlet.php - === END REQUEST ===
2026-04-07 06:53:11 - getOutlet.php - === REQUEST GETOUTLET ===
2026-04-07 06:53:11 - getOutlet.php - Method: POST
2026-04-07 06:53:11 - getOutlet.php - POST data: {"tgl":"2026-04-07","encrypt":"5b8ae1bc6b9f1f1fb1fdfe9cb8337a80","id_apl":"APL01","key":"ber"}
2026-04-07 13:53:11 - getOutlet.php - Params - tgl: 2026-04-07, encrypt: 5b8ae1bc6b9f1f1fb1fdfe9cb8337a80, id_apl: APL01, key: ber
2026-04-07 13:53:11 - getOutlet.php - Aplikasi ditemukan: Ya
2026-04-07 13:53:11 - getOutlet.php - Key aplikasi: YbcJSFjkds...
2026-04-07 13:53:11 - getOutlet.php - Expected encrypt: 5b8ae1bc6b9f1f1fb1fdfe9cb8337a80
2026-04-07 13:53:11 - getOutlet.php - Received encrypt: 5b8ae1bc6b9f1f1fb1fdfe9cb8337a80
2026-04-07 13:53:11 - getOutlet.php - Authentication berhasil
2026-04-07 13:53:11 - getOutlet.php - Query: SELECT id_out, nama_out, '' AS alamat_out, ofcode_out
            FROM outlet 
            WHERE status_out IN ('Active', '1', 'active')
            AND (nama_out LIKE :key OR ofcode_out LIKE :key)
            ORDER BY nama_out ASC
            LIMIT 20
2026-04-07 13:53:11 - getOutlet.php - Query berhasil, mengembalikan 7 record
2026-04-07 13:53:11 - getOutlet.php - === END REQUEST ===
2026-04-07 06:53:13 - getOutlet.php - === REQUEST GETOUTLET ===
2026-04-07 06:53:13 - getOutlet.php - Method: POST
2026-04-07 06:53:13 - getOutlet.php - POST data: {"tgl":"2026-04-07","encrypt":"5b8ae1bc6b9f1f1fb1fdfe9cb8337a80","id_apl":"APL01","key":"berk"}
2026-04-07 13:53:13 - getOutlet.php - Params - tgl: 2026-04-07, encrypt: 5b8ae1bc6b9f1f1fb1fdfe9cb8337a80, id_apl: APL01, key: berk
2026-04-07 13:53:13 - getOutlet.php - Aplikasi ditemukan: Ya
2026-04-07 13:53:13 - getOutlet.php - Key aplikasi: YbcJSFjkds...
2026-04-07 13:53:13 - getOutlet.php - Expected encrypt: 5b8ae1bc6b9f1f1fb1fdfe9cb8337a80
2026-04-07 13:53:13 - getOutlet.php - Received encrypt: 5b8ae1bc6b9f1f1fb1fdfe9cb8337a80
2026-04-07 13:53:13 - getOutlet.php - Authentication berhasil
2026-04-07 13:53:13 - getOutlet.php - Query: SELECT id_out, nama_out, '' AS alamat_out, ofcode_out
            FROM outlet 
            WHERE status_out IN ('Active', '1', 'active')
            AND (nama_out LIKE :key OR ofcode_out LIKE :key)
            ORDER BY nama_out ASC
            LIMIT 20
2026-04-07 13:53:13 - getOutlet.php - Query berhasil, mengembalikan 3 record
2026-04-07 13:53:13 - getOutlet.php - === END REQUEST ===
2026-04-07 06:53:14 - getOutlet.php - === REQUEST GETOUTLET ===
2026-04-07 06:53:14 - getOutlet.php - Method: POST
2026-04-07 06:53:14 - getOutlet.php - POST data: {"tgl":"2026-04-07","encrypt":"5b8ae1bc6b9f1f1fb1fdfe9cb8337a80","id_apl":"APL01","key":"be"}
2026-04-07 13:53:14 - getOutlet.php - Params - tgl: 2026-04-07, encrypt: 5b8ae1bc6b9f1f1fb1fdfe9cb8337a80, id_apl: APL01, key: be
2026-04-07 13:53:14 - getOutlet.php - Aplikasi ditemukan: Ya
2026-04-07 13:53:14 - getOutlet.php - Key aplikasi: YbcJSFjkds...
2026-04-07 13:53:14 - getOutlet.php - Expected encrypt: 5b8ae1bc6b9f1f1fb1fdfe9cb8337a80
2026-04-07 13:53:14 - getOutlet.php - Received encrypt: 5b8ae1bc6b9f1f1fb1fdfe9cb8337a80
2026-04-07 13:53:14 - getOutlet.php - Authentication berhasil
2026-04-07 13:53:14 - getOutlet.php - Query: SELECT id_out, nama_out, '' AS alamat_out, ofcode_out
            FROM outlet 
            WHERE status_out IN ('Active', '1', 'active')
            AND (nama_out LIKE :key OR ofcode_out LIKE :key)
            ORDER BY nama_out ASC
            LIMIT 20
2026-04-07 13:53:14 - getOutlet.php - Query berhasil, mengembalikan 20 record
2026-04-07 13:53:14 - getOutlet.php - === END REQUEST ===
2026-04-07 06:53:14 - getOutlet.php - === REQUEST GETOUTLET ===
2026-04-07 06:53:14 - getOutlet.php - Method: POST
2026-04-07 06:53:14 - getOutlet.php - POST data: {"tgl":"2026-04-07","encrypt":"5b8ae1bc6b9f1f1fb1fdfe9cb8337a80","id_apl":"APL01","key":"ber"}
2026-04-07 13:53:14 - getOutlet.php - Params - tgl: 2026-04-07, encrypt: 5b8ae1bc6b9f1f1fb1fdfe9cb8337a80, id_apl: APL01, key: ber
2026-04-07 13:53:14 - getOutlet.php - Aplikasi ditemukan: Ya
2026-04-07 13:53:14 - getOutlet.php - Key aplikasi: YbcJSFjkds...
2026-04-07 13:53:14 - getOutlet.php - Expected encrypt: 5b8ae1bc6b9f1f1fb1fdfe9cb8337a80
2026-04-07 13:53:14 - getOutlet.php - Received encrypt: 5b8ae1bc6b9f1f1fb1fdfe9cb8337a80
2026-04-07 13:53:14 - getOutlet.php - Authentication berhasil
2026-04-07 13:53:14 - getOutlet.php - Query: SELECT id_out, nama_out, '' AS alamat_out, ofcode_out
            FROM outlet 
            WHERE status_out IN ('Active', '1', 'active')
            AND (nama_out LIKE :key OR ofcode_out LIKE :key)
            ORDER BY nama_out ASC
            LIMIT 20
2026-04-07 13:53:14 - getOutlet.php - Query berhasil, mengembalikan 7 record
2026-04-07 13:53:14 - getOutlet.php - === END REQUEST ===
2026-04-07 06:53:18 - getOutlet.php - === REQUEST GETOUTLET ===
2026-04-07 06:53:18 - getOutlet.php - Method: POST
2026-04-07 06:53:18 - getOutlet.php - POST data: {"tgl":"2026-04-07","encrypt":"5b8ae1bc6b9f1f1fb1fdfe9cb8337a80","id_apl":"APL01","key":"BE"}
2026-04-07 13:53:18 - getOutlet.php - Params - tgl: 2026-04-07, encrypt: 5b8ae1bc6b9f1f1fb1fdfe9cb8337a80, id_apl: APL01, key: BE
2026-04-07 13:53:18 - getOutlet.php - Aplikasi ditemukan: Ya
2026-04-07 13:53:18 - getOutlet.php - Key aplikasi: YbcJSFjkds...
2026-04-07 13:53:18 - getOutlet.php - Expected encrypt: 5b8ae1bc6b9f1f1fb1fdfe9cb8337a80
2026-04-07 13:53:18 - getOutlet.php - Received encrypt: 5b8ae1bc6b9f1f1fb1fdfe9cb8337a80
2026-04-07 13:53:18 - getOutlet.php - Authentication berhasil
2026-04-07 13:53:18 - getOutlet.php - Query: SELECT id_out, nama_out, '' AS alamat_out, ofcode_out
            FROM outlet 
            WHERE status_out IN ('Active', '1', 'active')
            AND (nama_out LIKE :key OR ofcode_out LIKE :key)
            ORDER BY nama_out ASC
            LIMIT 20
2026-04-07 13:53:18 - getOutlet.php - Query berhasil, mengembalikan 20 record
2026-04-07 13:53:18 - getOutlet.php - === END REQUEST ===
2026-04-07 06:53:18 - getOutlet.php - === REQUEST GETOUTLET ===
2026-04-07 06:53:18 - getOutlet.php - Method: POST
2026-04-07 06:53:18 - getOutlet.php - POST data: {"tgl":"2026-04-07","encrypt":"5b8ae1bc6b9f1f1fb1fdfe9cb8337a80","id_apl":"APL01","key":"BER"}
2026-04-07 13:53:18 - getOutlet.php - Params - tgl: 2026-04-07, encrypt: 5b8ae1bc6b9f1f1fb1fdfe9cb8337a80, id_apl: APL01, key: BER
2026-04-07 06:53:18 - getOutlet.php - === REQUEST GETOUTLET ===
2026-04-07 06:53:18 - getOutlet.php - Method: POST
2026-04-07 06:53:18 - getOutlet.php - POST data: {"tgl":"2026-04-07","encrypt":"5b8ae1bc6b9f1f1fb1fdfe9cb8337a80","id_apl":"APL01","key":"BERKA"}
2026-04-07 13:53:18 - getOutlet.php - Params - tgl: 2026-04-07, encrypt: 5b8ae1bc6b9f1f1fb1fdfe9cb8337a80, id_apl: APL01, key: BERKA
2026-04-07 13:53:18 - getOutlet.php - Aplikasi ditemukan: Ya
2026-04-07 13:53:18 - getOutlet.php - Key aplikasi: YbcJSFjkds...
2026-04-07 13:53:18 - getOutlet.php - Expected encrypt: 5b8ae1bc6b9f1f1fb1fdfe9cb8337a80
2026-04-07 13:53:18 - getOutlet.php - Received encrypt: 5b8ae1bc6b9f1f1fb1fdfe9cb8337a80
2026-04-07 13:53:18 - getOutlet.php - Authentication berhasil
2026-04-07 13:53:18 - getOutlet.php - Query: SELECT id_out, nama_out, '' AS alamat_out, ofcode_out
            FROM outlet 
            WHERE status_out IN ('Active', '1', 'active')
            AND (nama_out LIKE :key OR ofcode_out LIKE :key)
            ORDER BY nama_out ASC
            LIMIT 20
2026-04-07 13:53:18 - getOutlet.php - Query berhasil, mengembalikan 7 record
2026-04-07 13:53:18 - getOutlet.php - Aplikasi ditemukan: Ya
2026-04-07 06:53:18 - getOutlet.php - === REQUEST GETOUTLET ===
2026-04-07 13:53:18 - getOutlet.php - === END REQUEST ===
2026-04-07 06:53:18 - getOutlet.php - Method: POST
2026-04-07 13:53:18 - getOutlet.php - Key aplikasi: YbcJSFjkds...
2026-04-07 06:53:18 - getOutlet.php - POST data: {"tgl":"2026-04-07","encrypt":"5b8ae1bc6b9f1f1fb1fdfe9cb8337a80","id_apl":"APL01","key":"BERK"}
2026-04-07 13:53:18 - getOutlet.php - Expected encrypt: 5b8ae1bc6b9f1f1fb1fdfe9cb8337a80
2026-04-07 13:53:18 - getOutlet.php - Received encrypt: 5b8ae1bc6b9f1f1fb1fdfe9cb8337a80
2026-04-07 13:53:18 - getOutlet.php - Params - tgl: 2026-04-07, encrypt: 5b8ae1bc6b9f1f1fb1fdfe9cb8337a80, id_apl: APL01, key: BERK
2026-04-07 13:53:18 - getOutlet.php - Authentication berhasil
2026-04-07 13:53:18 - getOutlet.php - Aplikasi ditemukan: Ya
2026-04-07 13:53:18 - getOutlet.php - Key aplikasi: YbcJSFjkds...
2026-04-07 13:53:18 - getOutlet.php - Expected encrypt: 5b8ae1bc6b9f1f1fb1fdfe9cb8337a80
2026-04-07 13:53:18 - getOutlet.php - Received encrypt: 5b8ae1bc6b9f1f1fb1fdfe9cb8337a80
2026-04-07 13:53:18 - getOutlet.php - Authentication berhasil
2026-04-07 13:53:18 - getOutlet.php - Query: SELECT id_out, nama_out, '' AS alamat_out, ofcode_out
            FROM outlet 
            WHERE status_out IN ('Active', '1', 'active')
            AND (nama_out LIKE :key OR ofcode_out LIKE :key)
            ORDER BY nama_out ASC
            LIMIT 20
2026-04-07 13:53:18 - getOutlet.php - Query: SELECT id_out, nama_out, '' AS alamat_out, ofcode_out
            FROM outlet 
            WHERE status_out IN ('Active', '1', 'active')
            AND (nama_out LIKE :key OR ofcode_out LIKE :key)
            ORDER BY nama_out ASC
            LIMIT 20
2026-04-07 13:53:18 - getOutlet.php - Query berhasil, mengembalikan 3 record
2026-04-07 13:53:18 - getOutlet.php - === END REQUEST ===
2026-04-07 13:53:18 - getOutlet.php - Query berhasil, mengembalikan 3 record
2026-04-07 13:53:18 - getOutlet.php - === END REQUEST ===
2026-04-07 06:53:20 - getOutlet.php - === REQUEST GETOUTLET ===
2026-04-07 06:53:20 - getOutlet.php - Method: POST
2026-04-07 06:53:20 - getOutlet.php - POST data: {"tgl":"2026-04-07","encrypt":"5b8ae1bc6b9f1f1fb1fdfe9cb8337a80","id_apl":"APL01","key":"BERKAT"}
2026-04-07 13:53:20 - getOutlet.php - Params - tgl: 2026-04-07, encrypt: 5b8ae1bc6b9f1f1fb1fdfe9cb8337a80, id_apl: APL01, key: BERKAT
2026-04-07 13:53:20 - getOutlet.php - Aplikasi ditemukan: Ya
2026-04-07 13:53:20 - getOutlet.php - Key aplikasi: YbcJSFjkds...
2026-04-07 13:53:20 - getOutlet.php - Expected encrypt: 5b8ae1bc6b9f1f1fb1fdfe9cb8337a80
2026-04-07 13:53:20 - getOutlet.php - Received encrypt: 5b8ae1bc6b9f1f1fb1fdfe9cb8337a80
2026-04-07 13:53:20 - getOutlet.php - Authentication berhasil
2026-04-07 13:53:20 - getOutlet.php - Query: SELECT id_out, nama_out, '' AS alamat_out, ofcode_out
            FROM outlet 
            WHERE status_out IN ('Active', '1', 'active')
            AND (nama_out LIKE :key OR ofcode_out LIKE :key)
            ORDER BY nama_out ASC
            LIMIT 20
2026-04-07 13:53:20 - getOutlet.php - Query berhasil, mengembalikan 2 record
2026-04-07 13:53:20 - getOutlet.php - === END REQUEST ===
2026-04-07 06:53:22 - getOutlet.php - === REQUEST GETOUTLET ===
2026-04-07 06:53:22 - getOutlet.php - Method: POST
2026-04-07 06:53:22 - getOutlet.php - POST data: {"tgl":"2026-04-07","encrypt":"5b8ae1bc6b9f1f1fb1fdfe9cb8337a80","id_apl":"APL01","key":"PT. BERKAT MAHKOTA PUTRA"}
2026-04-07 13:53:22 - getOutlet.php - Params - tgl: 2026-04-07, encrypt: 5b8ae1bc6b9f1f1fb1fdfe9cb8337a80, id_apl: APL01, key: PT. BERKAT MAHKOTA PUTRA
2026-04-07 13:53:22 - getOutlet.php - Aplikasi ditemukan: Ya
2026-04-07 13:53:22 - getOutlet.php - Key aplikasi: YbcJSFjkds...
2026-04-07 13:53:22 - getOutlet.php - Expected encrypt: 5b8ae1bc6b9f1f1fb1fdfe9cb8337a80
2026-04-07 13:53:22 - getOutlet.php - Received encrypt: 5b8ae1bc6b9f1f1fb1fdfe9cb8337a80
2026-04-07 13:53:22 - getOutlet.php - Authentication berhasil
2026-04-07 13:53:22 - getOutlet.php - Query: SELECT id_out, nama_out, '' AS alamat_out, ofcode_out
            FROM outlet 
            WHERE status_out IN ('Active', '1', 'active')
            AND (nama_out LIKE :key OR ofcode_out LIKE :key)
            ORDER BY nama_out ASC
            LIMIT 20
2026-04-07 13:53:22 - getOutlet.php - Query berhasil, mengembalikan 1 record
2026-04-07 13:53:22 - getOutlet.php - === END REQUEST ===
2026-04-07 07:35:08 - getOutlet.php - === REQUEST GETOUTLET ===
2026-04-07 07:35:08 - getOutlet.php - Method: POST
2026-04-07 07:35:08 - getOutlet.php - POST data: {"tgl":"2026-04-07","encrypt":"5b8ae1bc6b9f1f1fb1fdfe9cb8337a80","id_apl":"APL01","key":"RS"}
2026-04-07 14:35:08 - getOutlet.php - Params - tgl: 2026-04-07, encrypt: 5b8ae1bc6b9f1f1fb1fdfe9cb8337a80, id_apl: APL01, key: RS
2026-04-07 14:35:08 - getOutlet.php - Aplikasi ditemukan: Ya
2026-04-07 14:35:08 - getOutlet.php - Key aplikasi: YbcJSFjkds...
2026-04-07 14:35:08 - getOutlet.php - Expected encrypt: 5b8ae1bc6b9f1f1fb1fdfe9cb8337a80
2026-04-07 14:35:08 - getOutlet.php - Received encrypt: 5b8ae1bc6b9f1f1fb1fdfe9cb8337a80
2026-04-07 14:35:08 - getOutlet.php - Authentication berhasil
2026-04-07 14:35:08 - getOutlet.php - Query: SELECT id_out, nama_out, '' AS alamat_out, ofcode_out
            FROM outlet 
            WHERE status_out IN ('Active', '1', 'active')
            AND (nama_out LIKE :key OR ofcode_out LIKE :key)
            ORDER BY nama_out ASC
            LIMIT 20
2026-04-07 14:35:08 - getOutlet.php - Query berhasil, mengembalikan 20 record
2026-04-07 14:35:08 - getOutlet.php - === END REQUEST ===
2026-04-07 07:35:12 - getOutlet.php - === REQUEST GETOUTLET ===
2026-04-07 07:35:12 - getOutlet.php - Method: POST
2026-04-07 07:35:12 - getOutlet.php - POST data: {"tgl":"2026-04-07","encrypt":"5b8ae1bc6b9f1f1fb1fdfe9cb8337a80","id_apl":"APL01","key":"RS"}
2026-04-07 14:35:12 - getOutlet.php - Params - tgl: 2026-04-07, encrypt: 5b8ae1bc6b9f1f1fb1fdfe9cb8337a80, id_apl: APL01, key: RS
2026-04-07 14:35:12 - getOutlet.php - Aplikasi ditemukan: Ya
2026-04-07 14:35:12 - getOutlet.php - Key aplikasi: YbcJSFjkds...
2026-04-07 14:35:12 - getOutlet.php - Expected encrypt: 5b8ae1bc6b9f1f1fb1fdfe9cb8337a80
2026-04-07 14:35:12 - getOutlet.php - Received encrypt: 5b8ae1bc6b9f1f1fb1fdfe9cb8337a80
2026-04-07 14:35:12 - getOutlet.php - Authentication berhasil
2026-04-07 14:35:12 - getOutlet.php - Query: SELECT id_out, nama_out, '' AS alamat_out, ofcode_out
            FROM outlet 
            WHERE status_out IN ('Active', '1', 'active')
            AND (nama_out LIKE :key OR ofcode_out LIKE :key)
            ORDER BY nama_out ASC
            LIMIT 20
2026-04-07 14:35:12 - getOutlet.php - Query berhasil, mengembalikan 20 record
2026-04-07 14:35:12 - getOutlet.php - === END REQUEST ===
2026-04-07 07:35:13 - getOutlet.php - === REQUEST GETOUTLET ===
2026-04-07 07:35:13 - getOutlet.php - Method: POST
2026-04-07 07:35:13 - getOutlet.php - POST data: {"tgl":"2026-04-07","encrypt":"5b8ae1bc6b9f1f1fb1fdfe9cb8337a80","id_apl":"APL01","key":"RS M"}
2026-04-07 14:35:13 - getOutlet.php - Params - tgl: 2026-04-07, encrypt: 5b8ae1bc6b9f1f1fb1fdfe9cb8337a80, id_apl: APL01, key: RS M
2026-04-07 14:35:13 - getOutlet.php - Aplikasi ditemukan: Ya
2026-04-07 14:35:13 - getOutlet.php - Key aplikasi: YbcJSFjkds...
2026-04-07 14:35:13 - getOutlet.php - Expected encrypt: 5b8ae1bc6b9f1f1fb1fdfe9cb8337a80
2026-04-07 14:35:13 - getOutlet.php - Received encrypt: 5b8ae1bc6b9f1f1fb1fdfe9cb8337a80
2026-04-07 14:35:13 - getOutlet.php - Authentication berhasil
2026-04-07 14:35:13 - getOutlet.php - Query: SELECT id_out, nama_out, '' AS alamat_out, ofcode_out
            FROM outlet 
            WHERE status_out IN ('Active', '1', 'active')
            AND (nama_out LIKE :key OR ofcode_out LIKE :key)
            ORDER BY nama_out ASC
            LIMIT 20
2026-04-07 14:35:13 - getOutlet.php - Query berhasil, mengembalikan 20 record
2026-04-07 14:35:13 - getOutlet.php - === END REQUEST ===
2026-04-07 07:35:17 - getOutlet.php - === REQUEST GETOUTLET ===
2026-04-07 07:35:17 - getOutlet.php - Method: POST
2026-04-07 07:35:17 - getOutlet.php - POST data: {"tgl":"2026-04-07","encrypt":"5b8ae1bc6b9f1f1fb1fdfe9cb8337a80","id_apl":"APL01","key":"RS Mi"}
2026-04-07 14:35:17 - getOutlet.php - Params - tgl: 2026-04-07, encrypt: 5b8ae1bc6b9f1f1fb1fdfe9cb8337a80, id_apl: APL01, key: RS Mi
2026-04-07 14:35:17 - getOutlet.php - Aplikasi ditemukan: Ya
2026-04-07 14:35:17 - getOutlet.php - Key aplikasi: YbcJSFjkds...
2026-04-07 14:35:17 - getOutlet.php - Expected encrypt: 5b8ae1bc6b9f1f1fb1fdfe9cb8337a80
2026-04-07 14:35:17 - getOutlet.php - Received encrypt: 5b8ae1bc6b9f1f1fb1fdfe9cb8337a80
2026-04-07 14:35:17 - getOutlet.php - Authentication berhasil
2026-04-07 14:35:17 - getOutlet.php - Query: SELECT id_out, nama_out, '' AS alamat_out, ofcode_out
            FROM outlet 
            WHERE status_out IN ('Active', '1', 'active')
            AND (nama_out LIKE :key OR ofcode_out LIKE :key)
            ORDER BY nama_out ASC
            LIMIT 20
2026-04-07 14:35:17 - getOutlet.php - Query berhasil, mengembalikan 17 record
2026-04-07 14:35:17 - getOutlet.php - === END REQUEST ===
2026-04-07 07:35:19 - getOutlet.php - === REQUEST GETOUTLET ===
2026-04-07 07:35:19 - getOutlet.php - Method: POST
2026-04-07 07:35:19 - getOutlet.php - POST data: {"tgl":"2026-04-07","encrypt":"5b8ae1bc6b9f1f1fb1fdfe9cb8337a80","id_apl":"APL01","key":"RS Mit"}
2026-04-07 14:35:19 - getOutlet.php - Params - tgl: 2026-04-07, encrypt: 5b8ae1bc6b9f1f1fb1fdfe9cb8337a80, id_apl: APL01, key: RS Mit
2026-04-07 14:35:19 - getOutlet.php - Aplikasi ditemukan: Ya
2026-04-07 14:35:19 - getOutlet.php - Key aplikasi: YbcJSFjkds...
2026-04-07 14:35:19 - getOutlet.php - Expected encrypt: 5b8ae1bc6b9f1f1fb1fdfe9cb8337a80
2026-04-07 14:35:19 - getOutlet.php - Received encrypt: 5b8ae1bc6b9f1f1fb1fdfe9cb8337a80
2026-04-07 14:35:19 - getOutlet.php - Authentication berhasil
2026-04-07 14:35:19 - getOutlet.php - Query: SELECT id_out, nama_out, '' AS alamat_out, ofcode_out
            FROM outlet 
            WHERE status_out IN ('Active', '1', 'active')
            AND (nama_out LIKE :key OR ofcode_out LIKE :key)
            ORDER BY nama_out ASC
            LIMIT 20
2026-04-07 14:35:19 - getOutlet.php - Query berhasil, mengembalikan 17 record
2026-04-07 14:35:19 - getOutlet.php - === END REQUEST ===
2026-04-07 07:35:19 - getOutlet.php - === REQUEST GETOUTLET ===
2026-04-07 07:35:19 - getOutlet.php - Method: POST
2026-04-07 07:35:19 - getOutlet.php - POST data: {"tgl":"2026-04-07","encrypt":"5b8ae1bc6b9f1f1fb1fdfe9cb8337a80","id_apl":"APL01","key":"RS Mitr"}
2026-04-07 14:35:19 - getOutlet.php - Params - tgl: 2026-04-07, encrypt: 5b8ae1bc6b9f1f1fb1fdfe9cb8337a80, id_apl: APL01, key: RS Mitr
2026-04-07 14:35:19 - getOutlet.php - Aplikasi ditemukan: Ya
2026-04-07 14:35:19 - getOutlet.php - Key aplikasi: YbcJSFjkds...
2026-04-07 14:35:19 - getOutlet.php - Expected encrypt: 5b8ae1bc6b9f1f1fb1fdfe9cb8337a80
2026-04-07 14:35:19 - getOutlet.php - Received encrypt: 5b8ae1bc6b9f1f1fb1fdfe9cb8337a80
2026-04-07 14:35:19 - getOutlet.php - Authentication berhasil
2026-04-07 14:35:19 - getOutlet.php - Query: SELECT id_out, nama_out, '' AS alamat_out, ofcode_out
            FROM outlet 
            WHERE status_out IN ('Active', '1', 'active')
            AND (nama_out LIKE :key OR ofcode_out LIKE :key)
            ORDER BY nama_out ASC
            LIMIT 20
2026-04-07 14:35:19 - getOutlet.php - Query berhasil, mengembalikan 17 record
2026-04-07 14:35:19 - getOutlet.php - === END REQUEST ===
2026-04-07 07:35:20 - getOutlet.php - === REQUEST GETOUTLET ===
2026-04-07 07:35:20 - getOutlet.php - Method: POST
2026-04-07 07:35:20 - getOutlet.php - POST data: {"tgl":"2026-04-07","encrypt":"5b8ae1bc6b9f1f1fb1fdfe9cb8337a80","id_apl":"APL01","key":"RS Mitrs"}
2026-04-07 14:35:20 - getOutlet.php - Params - tgl: 2026-04-07, encrypt: 5b8ae1bc6b9f1f1fb1fdfe9cb8337a80, id_apl: APL01, key: RS Mitrs
2026-04-07 14:35:20 - getOutlet.php - Aplikasi ditemukan: Ya
2026-04-07 14:35:20 - getOutlet.php - Key aplikasi: YbcJSFjkds...
2026-04-07 14:35:20 - getOutlet.php - Expected encrypt: 5b8ae1bc6b9f1f1fb1fdfe9cb8337a80
2026-04-07 14:35:20 - getOutlet.php - Received encrypt: 5b8ae1bc6b9f1f1fb1fdfe9cb8337a80
2026-04-07 14:35:20 - getOutlet.php - Authentication berhasil
2026-04-07 14:35:20 - getOutlet.php - Query: SELECT id_out, nama_out, '' AS alamat_out, ofcode_out
            FROM outlet 
            WHERE status_out IN ('Active', '1', 'active')
            AND (nama_out LIKE :key OR ofcode_out LIKE :key)
            ORDER BY nama_out ASC
            LIMIT 20
2026-04-07 14:35:20 - getOutlet.php - Query berhasil, mengembalikan 0 record
2026-04-07 14:35:20 - getOutlet.php - === END REQUEST ===
2026-04-07 07:35:22 - getOutlet.php - === REQUEST GETOUTLET ===
2026-04-07 07:35:22 - getOutlet.php - Method: POST
2026-04-07 07:35:22 - getOutlet.php - POST data: {"tgl":"2026-04-07","encrypt":"5b8ae1bc6b9f1f1fb1fdfe9cb8337a80","id_apl":"APL01","key":"RS Mitr"}
2026-04-07 14:35:22 - getOutlet.php - Params - tgl: 2026-04-07, encrypt: 5b8ae1bc6b9f1f1fb1fdfe9cb8337a80, id_apl: APL01, key: RS Mitr
2026-04-07 14:35:22 - getOutlet.php - Aplikasi ditemukan: Ya
2026-04-07 14:35:22 - getOutlet.php - Key aplikasi: YbcJSFjkds...
2026-04-07 14:35:22 - getOutlet.php - Expected encrypt: 5b8ae1bc6b9f1f1fb1fdfe9cb8337a80
2026-04-07 14:35:22 - getOutlet.php - Received encrypt: 5b8ae1bc6b9f1f1fb1fdfe9cb8337a80
2026-04-07 14:35:22 - getOutlet.php - Authentication berhasil
2026-04-07 14:35:22 - getOutlet.php - Query: SELECT id_out, nama_out, '' AS alamat_out, ofcode_out
            FROM outlet 
            WHERE status_out IN ('Active', '1', 'active')
            AND (nama_out LIKE :key OR ofcode_out LIKE :key)
            ORDER BY nama_out ASC
            LIMIT 20
2026-04-07 14:35:22 - getOutlet.php - Query berhasil, mengembalikan 17 record
2026-04-07 14:35:22 - getOutlet.php - === END REQUEST ===
2026-04-07 07:35:22 - getOutlet.php - === REQUEST GETOUTLET ===
2026-04-07 07:35:22 - getOutlet.php - Method: POST
2026-04-07 07:35:22 - getOutlet.php - POST data: {"tgl":"2026-04-07","encrypt":"5b8ae1bc6b9f1f1fb1fdfe9cb8337a80","id_apl":"APL01","key":"RS Mitra"}
2026-04-07 14:35:22 - getOutlet.php - Params - tgl: 2026-04-07, encrypt: 5b8ae1bc6b9f1f1fb1fdfe9cb8337a80, id_apl: APL01, key: RS Mitra
2026-04-07 14:35:22 - getOutlet.php - Aplikasi ditemukan: Ya
2026-04-07 14:35:22 - getOutlet.php - Key aplikasi: YbcJSFjkds...
2026-04-07 14:35:22 - getOutlet.php - Expected encrypt: 5b8ae1bc6b9f1f1fb1fdfe9cb8337a80
2026-04-07 14:35:22 - getOutlet.php - Received encrypt: 5b8ae1bc6b9f1f1fb1fdfe9cb8337a80
2026-04-07 14:35:22 - getOutlet.php - Authentication berhasil
2026-04-07 14:35:22 - getOutlet.php - Query: SELECT id_out, nama_out, '' AS alamat_out, ofcode_out
            FROM outlet 
            WHERE status_out IN ('Active', '1', 'active')
            AND (nama_out LIKE :key OR ofcode_out LIKE :key)
            ORDER BY nama_out ASC
            LIMIT 20
2026-04-07 14:35:22 - getOutlet.php - Query berhasil, mengembalikan 17 record
2026-04-07 14:35:22 - getOutlet.php - === END REQUEST ===
2026-04-07 07:35:22 - getOutlet.php - === REQUEST GETOUTLET ===
2026-04-07 07:35:22 - getOutlet.php - Method: POST
2026-04-07 07:35:22 - getOutlet.php - POST data: {"tgl":"2026-04-07","encrypt":"5b8ae1bc6b9f1f1fb1fdfe9cb8337a80","id_apl":"APL01","key":"RS Mitra"}
2026-04-07 14:35:22 - getOutlet.php - Params - tgl: 2026-04-07, encrypt: 5b8ae1bc6b9f1f1fb1fdfe9cb8337a80, id_apl: APL01, key: RS Mitra
2026-04-07 14:35:22 - getOutlet.php - Aplikasi ditemukan: Ya
2026-04-07 14:35:22 - getOutlet.php - Key aplikasi: YbcJSFjkds...
2026-04-07 14:35:22 - getOutlet.php - Expected encrypt: 5b8ae1bc6b9f1f1fb1fdfe9cb8337a80
2026-04-07 14:35:22 - getOutlet.php - Received encrypt: 5b8ae1bc6b9f1f1fb1fdfe9cb8337a80
2026-04-07 14:35:22 - getOutlet.php - Authentication berhasil
2026-04-07 14:35:22 - getOutlet.php - Query: SELECT id_out, nama_out, '' AS alamat_out, ofcode_out
            FROM outlet 
            WHERE status_out IN ('Active', '1', 'active')
            AND (nama_out LIKE :key OR ofcode_out LIKE :key)
            ORDER BY nama_out ASC
            LIMIT 20
2026-04-07 14:35:22 - getOutlet.php - Query berhasil, mengembalikan 17 record
2026-04-07 14:35:22 - getOutlet.php - === END REQUEST ===
2026-04-07 07:35:25 - getOutlet.php - === REQUEST GETOUTLET ===
2026-04-07 07:35:25 - getOutlet.php - Method: POST
2026-04-07 07:35:25 - getOutlet.php - POST data: {"tgl":"2026-04-07","encrypt":"5b8ae1bc6b9f1f1fb1fdfe9cb8337a80","id_apl":"APL01","key":"RS Mitra K"}
2026-04-07 14:35:25 - getOutlet.php - Params - tgl: 2026-04-07, encrypt: 5b8ae1bc6b9f1f1fb1fdfe9cb8337a80, id_apl: APL01, key: RS Mitra K
2026-04-07 14:35:25 - getOutlet.php - Aplikasi ditemukan: Ya
2026-04-07 14:35:25 - getOutlet.php - Key aplikasi: YbcJSFjkds...
2026-04-07 14:35:25 - getOutlet.php - Expected encrypt: 5b8ae1bc6b9f1f1fb1fdfe9cb8337a80
2026-04-07 14:35:25 - getOutlet.php - Received encrypt: 5b8ae1bc6b9f1f1fb1fdfe9cb8337a80
2026-04-07 14:35:25 - getOutlet.php - Authentication berhasil
2026-04-07 14:35:25 - getOutlet.php - Query: SELECT id_out, nama_out, '' AS alamat_out, ofcode_out
            FROM outlet 
            WHERE status_out IN ('Active', '1', 'active')
            AND (nama_out LIKE :key OR ofcode_out LIKE :key)
            ORDER BY nama_out ASC
            LIMIT 20
2026-04-07 14:35:25 - getOutlet.php - Query berhasil, mengembalikan 16 record
2026-04-07 14:35:25 - getOutlet.php - === END REQUEST ===
2026-04-07 07:35:26 - getOutlet.php - === REQUEST GETOUTLET ===
2026-04-07 07:35:26 - getOutlet.php - Method: POST
2026-04-07 07:35:26 - getOutlet.php - POST data: {"tgl":"2026-04-07","encrypt":"5b8ae1bc6b9f1f1fb1fdfe9cb8337a80","id_apl":"APL01","key":"RS Mitra Ke"}
2026-04-07 14:35:26 - getOutlet.php - Params - tgl: 2026-04-07, encrypt: 5b8ae1bc6b9f1f1fb1fdfe9cb8337a80, id_apl: APL01, key: RS Mitra Ke
2026-04-07 14:35:26 - getOutlet.php - Aplikasi ditemukan: Ya
2026-04-07 14:35:26 - getOutlet.php - Key aplikasi: YbcJSFjkds...
2026-04-07 14:35:26 - getOutlet.php - Expected encrypt: 5b8ae1bc6b9f1f1fb1fdfe9cb8337a80
2026-04-07 14:35:26 - getOutlet.php - Received encrypt: 5b8ae1bc6b9f1f1fb1fdfe9cb8337a80
2026-04-07 14:35:26 - getOutlet.php - Authentication berhasil
2026-04-07 14:35:26 - getOutlet.php - Query: SELECT id_out, nama_out, '' AS alamat_out, ofcode_out
            FROM outlet 
            WHERE status_out IN ('Active', '1', 'active')
            AND (nama_out LIKE :key OR ofcode_out LIKE :key)
            ORDER BY nama_out ASC
            LIMIT 20
2026-04-07 14:35:26 - getOutlet.php - Query berhasil, mengembalikan 16 record
2026-04-07 14:35:26 - getOutlet.php - === END REQUEST ===
2026-04-07 07:35:27 - getOutlet.php - === REQUEST GETOUTLET ===
2026-04-07 07:35:27 - getOutlet.php - Method: POST
2026-04-07 07:35:27 - getOutlet.php - POST data: {"tgl":"2026-04-07","encrypt":"5b8ae1bc6b9f1f1fb1fdfe9cb8337a80","id_apl":"APL01","key":"RS Mitra Kel"}
2026-04-07 14:35:27 - getOutlet.php - Params - tgl: 2026-04-07, encrypt: 5b8ae1bc6b9f1f1fb1fdfe9cb8337a80, id_apl: APL01, key: RS Mitra Kel
2026-04-07 14:35:27 - getOutlet.php - Aplikasi ditemukan: Ya
2026-04-07 14:35:27 - getOutlet.php - Key aplikasi: YbcJSFjkds...
2026-04-07 14:35:27 - getOutlet.php - Expected encrypt: 5b8ae1bc6b9f1f1fb1fdfe9cb8337a80
2026-04-07 14:35:27 - getOutlet.php - Received encrypt: 5b8ae1bc6b9f1f1fb1fdfe9cb8337a80
2026-04-07 14:35:27 - getOutlet.php - Authentication berhasil
2026-04-07 14:35:27 - getOutlet.php - Query: SELECT id_out, nama_out, '' AS alamat_out, ofcode_out
            FROM outlet 
            WHERE status_out IN ('Active', '1', 'active')
            AND (nama_out LIKE :key OR ofcode_out LIKE :key)
            ORDER BY nama_out ASC
            LIMIT 20
2026-04-07 14:35:27 - getOutlet.php - Query berhasil, mengembalikan 16 record
2026-04-07 14:35:27 - getOutlet.php - === END REQUEST ===
2026-04-07 07:35:27 - getOutlet.php - === REQUEST GETOUTLET ===
2026-04-07 07:35:27 - getOutlet.php - Method: POST
2026-04-07 07:35:27 - getOutlet.php - POST data: {"tgl":"2026-04-07","encrypt":"5b8ae1bc6b9f1f1fb1fdfe9cb8337a80","id_apl":"APL01","key":"RS Mitra Kelu"}
2026-04-07 14:35:27 - getOutlet.php - Params - tgl: 2026-04-07, encrypt: 5b8ae1bc6b9f1f1fb1fdfe9cb8337a80, id_apl: APL01, key: RS Mitra Kelu
2026-04-07 14:35:27 - getOutlet.php - Aplikasi ditemukan: Ya
2026-04-07 14:35:27 - getOutlet.php - Key aplikasi: YbcJSFjkds...
2026-04-07 14:35:27 - getOutlet.php - Expected encrypt: 5b8ae1bc6b9f1f1fb1fdfe9cb8337a80
2026-04-07 14:35:27 - getOutlet.php - Received encrypt: 5b8ae1bc6b9f1f1fb1fdfe9cb8337a80
2026-04-07 14:35:27 - getOutlet.php - Authentication berhasil
2026-04-07 14:35:27 - getOutlet.php - Query: SELECT id_out, nama_out, '' AS alamat_out, ofcode_out
            FROM outlet 
            WHERE status_out IN ('Active', '1', 'active')
            AND (nama_out LIKE :key OR ofcode_out LIKE :key)
            ORDER BY nama_out ASC
            LIMIT 20
2026-04-07 14:35:27 - getOutlet.php - Query berhasil, mengembalikan 16 record
2026-04-07 14:35:27 - getOutlet.php - === END REQUEST ===
2026-04-07 07:35:28 - getOutlet.php - === REQUEST GETOUTLET ===
2026-04-07 07:35:28 - getOutlet.php - Method: POST
2026-04-07 07:35:28 - getOutlet.php - POST data: {"tgl":"2026-04-07","encrypt":"5b8ae1bc6b9f1f1fb1fdfe9cb8337a80","id_apl":"APL01","key":"RS Mitra Kelua"}
2026-04-07 14:35:28 - getOutlet.php - Params - tgl: 2026-04-07, encrypt: 5b8ae1bc6b9f1f1fb1fdfe9cb8337a80, id_apl: APL01, key: RS Mitra Kelua
2026-04-07 14:35:28 - getOutlet.php - Aplikasi ditemukan: Ya
2026-04-07 14:35:28 - getOutlet.php - Key aplikasi: YbcJSFjkds...
2026-04-07 14:35:28 - getOutlet.php - Expected encrypt: 5b8ae1bc6b9f1f1fb1fdfe9cb8337a80
2026-04-07 14:35:28 - getOutlet.php - Received encrypt: 5b8ae1bc6b9f1f1fb1fdfe9cb8337a80
2026-04-07 14:35:28 - getOutlet.php - Authentication berhasil
2026-04-07 14:35:28 - getOutlet.php - Query: SELECT id_out, nama_out, '' AS alamat_out, ofcode_out
            FROM outlet 
            WHERE status_out IN ('Active', '1', 'active')
            AND (nama_out LIKE :key OR ofcode_out LIKE :key)
            ORDER BY nama_out ASC
            LIMIT 20
2026-04-07 14:35:28 - getOutlet.php - Query berhasil, mengembalikan 16 record
2026-04-07 14:35:28 - getOutlet.php - === END REQUEST ===
2026-04-07 07:35:28 - getOutlet.php - === REQUEST GETOUTLET ===
2026-04-07 07:35:28 - getOutlet.php - Method: POST
2026-04-07 07:35:28 - getOutlet.php - POST data: {"tgl":"2026-04-07","encrypt":"5b8ae1bc6b9f1f1fb1fdfe9cb8337a80","id_apl":"APL01","key":"RS Mitra Keluar"}
2026-04-07 14:35:28 - getOutlet.php - Params - tgl: 2026-04-07, encrypt: 5b8ae1bc6b9f1f1fb1fdfe9cb8337a80, id_apl: APL01, key: RS Mitra Keluar
2026-04-07 14:35:28 - getOutlet.php - Aplikasi ditemukan: Ya
2026-04-07 14:35:28 - getOutlet.php - Key aplikasi: YbcJSFjkds...
2026-04-07 14:35:28 - getOutlet.php - Expected encrypt: 5b8ae1bc6b9f1f1fb1fdfe9cb8337a80
2026-04-07 14:35:28 - getOutlet.php - Received encrypt: 5b8ae1bc6b9f1f1fb1fdfe9cb8337a80
2026-04-07 14:35:28 - getOutlet.php - Authentication berhasil
2026-04-07 14:35:28 - getOutlet.php - Query: SELECT id_out, nama_out, '' AS alamat_out, ofcode_out
            FROM outlet 
            WHERE status_out IN ('Active', '1', 'active')
            AND (nama_out LIKE :key OR ofcode_out LIKE :key)
            ORDER BY nama_out ASC
            LIMIT 20
2026-04-07 14:35:28 - getOutlet.php - Query berhasil, mengembalikan 16 record
2026-04-07 14:35:28 - getOutlet.php - === END REQUEST ===
2026-04-07 07:36:01 - getOutlet.php - === REQUEST GETOUTLET ===
2026-04-07 07:36:01 - getOutlet.php - Method: POST
2026-04-07 07:36:01 - getOutlet.php - POST data: {"tgl":"2026-04-07","encrypt":"5b8ae1bc6b9f1f1fb1fdfe9cb8337a80","id_apl":"APL01","key":"RS Mitra Keluarg"}
2026-04-07 14:36:01 - getOutlet.php - Params - tgl: 2026-04-07, encrypt: 5b8ae1bc6b9f1f1fb1fdfe9cb8337a80, id_apl: APL01, key: RS Mitra Keluarg
2026-04-07 14:36:01 - getOutlet.php - Aplikasi ditemukan: Ya
2026-04-07 14:36:01 - getOutlet.php - Key aplikasi: YbcJSFjkds...
2026-04-07 14:36:01 - getOutlet.php - Expected encrypt: 5b8ae1bc6b9f1f1fb1fdfe9cb8337a80
2026-04-07 14:36:01 - getOutlet.php - Received encrypt: 5b8ae1bc6b9f1f1fb1fdfe9cb8337a80
2026-04-07 14:36:01 - getOutlet.php - Authentication berhasil
2026-04-07 14:36:01 - getOutlet.php - Query: SELECT id_out, nama_out, '' AS alamat_out, ofcode_out
            FROM outlet 
            WHERE status_out IN ('Active', '1', 'active')
            AND (nama_out LIKE :key OR ofcode_out LIKE :key)
            ORDER BY nama_out ASC
            LIMIT 20
2026-04-07 14:36:01 - getOutlet.php - Query berhasil, mengembalikan 16 record
2026-04-07 14:36:01 - getOutlet.php - === END REQUEST ===
2026-04-07 07:36:02 - getOutlet.php - === REQUEST GETOUTLET ===
2026-04-07 07:36:02 - getOutlet.php - Method: POST
2026-04-07 07:36:02 - getOutlet.php - POST data: {"tgl":"2026-04-07","encrypt":"5b8ae1bc6b9f1f1fb1fdfe9cb8337a80","id_apl":"APL01","key":"RS Mitra Keluarga"}
2026-04-07 14:36:02 - getOutlet.php - Params - tgl: 2026-04-07, encrypt: 5b8ae1bc6b9f1f1fb1fdfe9cb8337a80, id_apl: APL01, key: RS Mitra Keluarga
2026-04-07 14:36:02 - getOutlet.php - Aplikasi ditemukan: Ya
2026-04-07 14:36:02 - getOutlet.php - Key aplikasi: YbcJSFjkds...
2026-04-07 14:36:02 - getOutlet.php - Expected encrypt: 5b8ae1bc6b9f1f1fb1fdfe9cb8337a80
2026-04-07 14:36:02 - getOutlet.php - Received encrypt: 5b8ae1bc6b9f1f1fb1fdfe9cb8337a80
2026-04-07 14:36:02 - getOutlet.php - Authentication berhasil
2026-04-07 14:36:02 - getOutlet.php - Query: SELECT id_out, nama_out, '' AS alamat_out, ofcode_out
            FROM outlet 
            WHERE status_out IN ('Active', '1', 'active')
            AND (nama_out LIKE :key OR ofcode_out LIKE :key)
            ORDER BY nama_out ASC
            LIMIT 20
2026-04-07 14:36:02 - getOutlet.php - Query berhasil, mengembalikan 16 record
2026-04-07 14:36:02 - getOutlet.php - === END REQUEST ===
2026-04-07 07:36:06 - getOutlet.php - === REQUEST GETOUTLET ===
2026-04-07 07:36:06 - getOutlet.php - Method: POST
2026-04-07 07:36:06 - getOutlet.php - POST data: {"tgl":"2026-04-07","encrypt":"5b8ae1bc6b9f1f1fb1fdfe9cb8337a80","id_apl":"APL01","key":"RS Mitra Keluarga"}
2026-04-07 14:36:06 - getOutlet.php - Params - tgl: 2026-04-07, encrypt: 5b8ae1bc6b9f1f1fb1fdfe9cb8337a80, id_apl: APL01, key: RS Mitra Keluarga
2026-04-07 14:36:06 - getOutlet.php - Aplikasi ditemukan: Ya
2026-04-07 14:36:06 - getOutlet.php - Key aplikasi: YbcJSFjkds...
2026-04-07 14:36:06 - getOutlet.php - Expected encrypt: 5b8ae1bc6b9f1f1fb1fdfe9cb8337a80
2026-04-07 14:36:06 - getOutlet.php - Received encrypt: 5b8ae1bc6b9f1f1fb1fdfe9cb8337a80
2026-04-07 14:36:06 - getOutlet.php - Authentication berhasil
2026-04-07 14:36:06 - getOutlet.php - Query: SELECT id_out, nama_out, '' AS alamat_out, ofcode_out
            FROM outlet 
            WHERE status_out IN ('Active', '1', 'active')
            AND (nama_out LIKE :key OR ofcode_out LIKE :key)
            ORDER BY nama_out ASC
            LIMIT 20
2026-04-07 14:36:06 - getOutlet.php - Query berhasil, mengembalikan 16 record
2026-04-07 14:36:06 - getOutlet.php - === END REQUEST ===
2026-04-07 07:39:23 - getOutlet.php - === REQUEST GETOUTLET ===
2026-04-07 07:39:23 - getOutlet.php - Method: POST
2026-04-07 07:39:23 - getOutlet.php - POST data: {"tgl":"2026-04-07","encrypt":"5b8ae1bc6b9f1f1fb1fdfe9cb8337a80","id_apl":"APL01","key":"RS Mitra Keluarga T"}
2026-04-07 14:39:23 - getOutlet.php - Params - tgl: 2026-04-07, encrypt: 5b8ae1bc6b9f1f1fb1fdfe9cb8337a80, id_apl: APL01, key: RS Mitra Keluarga T
2026-04-07 14:39:23 - getOutlet.php - Aplikasi ditemukan: Ya
2026-04-07 14:39:23 - getOutlet.php - Key aplikasi: YbcJSFjkds...
2026-04-07 14:39:23 - getOutlet.php - Expected encrypt: 5b8ae1bc6b9f1f1fb1fdfe9cb8337a80
2026-04-07 14:39:23 - getOutlet.php - Received encrypt: 5b8ae1bc6b9f1f1fb1fdfe9cb8337a80
2026-04-07 14:39:23 - getOutlet.php - Authentication berhasil
2026-04-07 14:39:23 - getOutlet.php - Query: SELECT id_out, nama_out, '' AS alamat_out, ofcode_out
            FROM outlet 
            WHERE status_out IN ('Active', '1', 'active')
            AND (nama_out LIKE :key OR ofcode_out LIKE :key)
            ORDER BY nama_out ASC
            LIMIT 20
2026-04-07 14:39:23 - getOutlet.php - Query berhasil, mengembalikan 1 record
2026-04-07 14:39:23 - getOutlet.php - === END REQUEST ===
2026-04-07 07:39:24 - getOutlet.php - === REQUEST GETOUTLET ===
2026-04-07 07:39:24 - getOutlet.php - Method: POST
2026-04-07 07:39:24 - getOutlet.php - POST data: {"tgl":"2026-04-07","encrypt":"5b8ae1bc6b9f1f1fb1fdfe9cb8337a80","id_apl":"APL01","key":"RS Mitra Keluarga Te"}
2026-04-07 14:39:24 - getOutlet.php - Params - tgl: 2026-04-07, encrypt: 5b8ae1bc6b9f1f1fb1fdfe9cb8337a80, id_apl: APL01, key: RS Mitra Keluarga Te
2026-04-07 14:39:24 - getOutlet.php - Aplikasi ditemukan: Ya
2026-04-07 14:39:24 - getOutlet.php - Key aplikasi: YbcJSFjkds...
2026-04-07 14:39:24 - getOutlet.php - Expected encrypt: 5b8ae1bc6b9f1f1fb1fdfe9cb8337a80
2026-04-07 14:39:24 - getOutlet.php - Received encrypt: 5b8ae1bc6b9f1f1fb1fdfe9cb8337a80
2026-04-07 14:39:24 - getOutlet.php - Authentication berhasil
2026-04-07 14:39:24 - getOutlet.php - Query: SELECT id_out, nama_out, '' AS alamat_out, ofcode_out
            FROM outlet 
            WHERE status_out IN ('Active', '1', 'active')
            AND (nama_out LIKE :key OR ofcode_out LIKE :key)
            ORDER BY nama_out ASC
            LIMIT 20
2026-04-07 14:39:24 - getOutlet.php - Query berhasil, mengembalikan 1 record
2026-04-07 14:39:24 - getOutlet.php - === END REQUEST ===
2026-04-07 07:39:25 - getOutlet.php - === REQUEST GETOUTLET ===
2026-04-07 07:39:25 - getOutlet.php - Method: POST
2026-04-07 07:39:25 - getOutlet.php - POST data: {"tgl":"2026-04-07","encrypt":"5b8ae1bc6b9f1f1fb1fdfe9cb8337a80","id_apl":"APL01","key":"RS Mitra Keluarga Teg"}
2026-04-07 14:39:25 - getOutlet.php - Params - tgl: 2026-04-07, encrypt: 5b8ae1bc6b9f1f1fb1fdfe9cb8337a80, id_apl: APL01, key: RS Mitra Keluarga Teg
2026-04-07 14:39:25 - getOutlet.php - Aplikasi ditemukan: Ya
2026-04-07 14:39:25 - getOutlet.php - Key aplikasi: YbcJSFjkds...
2026-04-07 14:39:25 - getOutlet.php - Expected encrypt: 5b8ae1bc6b9f1f1fb1fdfe9cb8337a80
2026-04-07 14:39:25 - getOutlet.php - Received encrypt: 5b8ae1bc6b9f1f1fb1fdfe9cb8337a80
2026-04-07 14:39:25 - getOutlet.php - Authentication berhasil
2026-04-07 14:39:25 - getOutlet.php - Query: SELECT id_out, nama_out, '' AS alamat_out, ofcode_out
            FROM outlet 
            WHERE status_out IN ('Active', '1', 'active')
            AND (nama_out LIKE :key OR ofcode_out LIKE :key)
            ORDER BY nama_out ASC
            LIMIT 20
2026-04-07 14:39:25 - getOutlet.php - Query berhasil, mengembalikan 1 record
2026-04-07 14:39:25 - getOutlet.php - === END REQUEST ===
2026-04-07 07:39:25 - getOutlet.php - === REQUEST GETOUTLET ===
2026-04-07 07:39:25 - getOutlet.php - Method: POST
2026-04-07 07:39:25 - getOutlet.php - POST data: {"tgl":"2026-04-07","encrypt":"5b8ae1bc6b9f1f1fb1fdfe9cb8337a80","id_apl":"APL01","key":"RS Mitra Keluarga Tega"}
2026-04-07 14:39:25 - getOutlet.php - Params - tgl: 2026-04-07, encrypt: 5b8ae1bc6b9f1f1fb1fdfe9cb8337a80, id_apl: APL01, key: RS Mitra Keluarga Tega
2026-04-07 14:39:25 - getOutlet.php - Aplikasi ditemukan: Ya
2026-04-07 14:39:25 - getOutlet.php - Key aplikasi: YbcJSFjkds...
2026-04-07 14:39:25 - getOutlet.php - Expected encrypt: 5b8ae1bc6b9f1f1fb1fdfe9cb8337a80
2026-04-07 14:39:25 - getOutlet.php - Received encrypt: 5b8ae1bc6b9f1f1fb1fdfe9cb8337a80
2026-04-07 14:39:25 - getOutlet.php - Authentication berhasil
2026-04-07 14:39:25 - getOutlet.php - Query: SELECT id_out, nama_out, '' AS alamat_out, ofcode_out
            FROM outlet 
            WHERE status_out IN ('Active', '1', 'active')
            AND (nama_out LIKE :key OR ofcode_out LIKE :key)
            ORDER BY nama_out ASC
            LIMIT 20
2026-04-07 14:39:25 - getOutlet.php - Query berhasil, mengembalikan 1 record
2026-04-07 14:39:25 - getOutlet.php - === END REQUEST ===
2026-04-07 07:39:25 - getOutlet.php - === REQUEST GETOUTLET ===
2026-04-07 07:39:25 - getOutlet.php - Method: POST
2026-04-07 07:39:25 - getOutlet.php - POST data: {"tgl":"2026-04-07","encrypt":"5b8ae1bc6b9f1f1fb1fdfe9cb8337a80","id_apl":"APL01","key":"RS Mitra Keluarga Tegal"}
2026-04-07 14:39:25 - getOutlet.php - Params - tgl: 2026-04-07, encrypt: 5b8ae1bc6b9f1f1fb1fdfe9cb8337a80, id_apl: APL01, key: RS Mitra Keluarga Tegal
2026-04-07 14:39:25 - getOutlet.php - Aplikasi ditemukan: Ya
2026-04-07 14:39:25 - getOutlet.php - Key aplikasi: YbcJSFjkds...
2026-04-07 14:39:25 - getOutlet.php - Expected encrypt: 5b8ae1bc6b9f1f1fb1fdfe9cb8337a80
2026-04-07 14:39:25 - getOutlet.php - Received encrypt: 5b8ae1bc6b9f1f1fb1fdfe9cb8337a80
2026-04-07 14:39:25 - getOutlet.php - Authentication berhasil
2026-04-07 14:39:25 - getOutlet.php - Query: SELECT id_out, nama_out, '' AS alamat_out, ofcode_out
            FROM outlet 
            WHERE status_out IN ('Active', '1', 'active')
            AND (nama_out LIKE :key OR ofcode_out LIKE :key)
            ORDER BY nama_out ASC
            LIMIT 20
2026-04-07 14:39:25 - getOutlet.php - Query berhasil, mengembalikan 1 record
2026-04-07 14:39:25 - getOutlet.php - === END REQUEST ===
2026-04-07 07:39:27 - getOutlet.php - === REQUEST GETOUTLET ===
2026-04-07 07:39:27 - getOutlet.php - Method: POST
2026-04-07 07:39:27 - getOutlet.php - POST data: {"tgl":"2026-04-07","encrypt":"5b8ae1bc6b9f1f1fb1fdfe9cb8337a80","id_apl":"APL01","key":"RS Mitra Keluarga Tegal"}
2026-04-07 14:39:27 - getOutlet.php - Params - tgl: 2026-04-07, encrypt: 5b8ae1bc6b9f1f1fb1fdfe9cb8337a80, id_apl: APL01, key: RS Mitra Keluarga Tegal
2026-04-07 14:39:27 - getOutlet.php - Aplikasi ditemukan: Ya
2026-04-07 14:39:27 - getOutlet.php - Key aplikasi: YbcJSFjkds...
2026-04-07 14:39:27 - getOutlet.php - Expected encrypt: 5b8ae1bc6b9f1f1fb1fdfe9cb8337a80
2026-04-07 14:39:27 - getOutlet.php - Received encrypt: 5b8ae1bc6b9f1f1fb1fdfe9cb8337a80
2026-04-07 14:39:27 - getOutlet.php - Authentication berhasil
2026-04-07 14:39:27 - getOutlet.php - Query: SELECT id_out, nama_out, '' AS alamat_out, ofcode_out
            FROM outlet 
            WHERE status_out IN ('Active', '1', 'active')
            AND (nama_out LIKE :key OR ofcode_out LIKE :key)
            ORDER BY nama_out ASC
            LIMIT 20
2026-04-07 14:39:27 - getOutlet.php - Query berhasil, mengembalikan 1 record
2026-04-07 14:39:27 - getOutlet.php - === END REQUEST ===
2026-04-07 07:41:44 - getOutlet.php - === REQUEST GETOUTLET ===
2026-04-07 07:41:44 - getOutlet.php - Method: POST
2026-04-07 07:41:44 - getOutlet.php - POST data: {"tgl":"2026-04-07","encrypt":"5b8ae1bc6b9f1f1fb1fdfe9cb8337a80","id_apl":"APL01","key":"RS"}
2026-04-07 14:41:44 - getOutlet.php - Params - tgl: 2026-04-07, encrypt: 5b8ae1bc6b9f1f1fb1fdfe9cb8337a80, id_apl: APL01, key: RS
2026-04-07 14:41:44 - getOutlet.php - Aplikasi ditemukan: Ya
2026-04-07 14:41:44 - getOutlet.php - Key aplikasi: YbcJSFjkds...
2026-04-07 14:41:44 - getOutlet.php - Expected encrypt: 5b8ae1bc6b9f1f1fb1fdfe9cb8337a80
2026-04-07 14:41:44 - getOutlet.php - Received encrypt: 5b8ae1bc6b9f1f1fb1fdfe9cb8337a80
2026-04-07 14:41:44 - getOutlet.php - Authentication berhasil
2026-04-07 14:41:44 - getOutlet.php - Query: SELECT id_out, nama_out, '' AS alamat_out, ofcode_out
            FROM outlet 
            WHERE status_out IN ('Active', '1', 'active')
            AND (nama_out LIKE :key OR ofcode_out LIKE :key)
            ORDER BY nama_out ASC
            LIMIT 20
2026-04-07 14:41:44 - getOutlet.php - Query berhasil, mengembalikan 20 record
2026-04-07 14:41:44 - getOutlet.php - === END REQUEST ===
2026-04-07 07:41:45 - getOutlet.php - === REQUEST GETOUTLET ===
2026-04-07 07:41:45 - getOutlet.php - Method: POST
2026-04-07 07:41:45 - getOutlet.php - POST data: {"tgl":"2026-04-07","encrypt":"5b8ae1bc6b9f1f1fb1fdfe9cb8337a80","id_apl":"APL01","key":"RS"}
2026-04-07 14:41:45 - getOutlet.php - Params - tgl: 2026-04-07, encrypt: 5b8ae1bc6b9f1f1fb1fdfe9cb8337a80, id_apl: APL01, key: RS
2026-04-07 14:41:45 - getOutlet.php - Aplikasi ditemukan: Ya
2026-04-07 14:41:45 - getOutlet.php - Key aplikasi: YbcJSFjkds...
2026-04-07 14:41:45 - getOutlet.php - Expected encrypt: 5b8ae1bc6b9f1f1fb1fdfe9cb8337a80
2026-04-07 14:41:45 - getOutlet.php - Received encrypt: 5b8ae1bc6b9f1f1fb1fdfe9cb8337a80
2026-04-07 14:41:45 - getOutlet.php - Authentication berhasil
2026-04-07 14:41:45 - getOutlet.php - Query: SELECT id_out, nama_out, '' AS alamat_out, ofcode_out
            FROM outlet 
            WHERE status_out IN ('Active', '1', 'active')
            AND (nama_out LIKE :key OR ofcode_out LIKE :key)
            ORDER BY nama_out ASC
            LIMIT 20
2026-04-07 14:41:45 - getOutlet.php - Query berhasil, mengembalikan 20 record
2026-04-07 14:41:45 - getOutlet.php - === END REQUEST ===
2026-04-07 07:41:45 - getOutlet.php - === REQUEST GETOUTLET ===
2026-04-07 07:41:45 - getOutlet.php - Method: POST
2026-04-07 07:41:45 - getOutlet.php - POST data: {"tgl":"2026-04-07","encrypt":"5b8ae1bc6b9f1f1fb1fdfe9cb8337a80","id_apl":"APL01","key":"RS K"}
2026-04-07 14:41:45 - getOutlet.php - Params - tgl: 2026-04-07, encrypt: 5b8ae1bc6b9f1f1fb1fdfe9cb8337a80, id_apl: APL01, key: RS K
2026-04-07 14:41:45 - getOutlet.php - Aplikasi ditemukan: Ya
2026-04-07 14:41:45 - getOutlet.php - Key aplikasi: YbcJSFjkds...
2026-04-07 14:41:45 - getOutlet.php - Expected encrypt: 5b8ae1bc6b9f1f1fb1fdfe9cb8337a80
2026-04-07 14:41:45 - getOutlet.php - Received encrypt: 5b8ae1bc6b9f1f1fb1fdfe9cb8337a80
2026-04-07 14:41:45 - getOutlet.php - Authentication berhasil
2026-04-07 14:41:45 - getOutlet.php - Query: SELECT id_out, nama_out, '' AS alamat_out, ofcode_out
            FROM outlet 
            WHERE status_out IN ('Active', '1', 'active')
            AND (nama_out LIKE :key OR ofcode_out LIKE :key)
            ORDER BY nama_out ASC
            LIMIT 20
2026-04-07 14:41:45 - getOutlet.php - Query berhasil, mengembalikan 20 record
2026-04-07 14:41:45 - getOutlet.php - === END REQUEST ===
2026-04-07 07:41:46 - getOutlet.php - === REQUEST GETOUTLET ===
2026-04-07 07:41:46 - getOutlet.php - Method: POST
2026-04-07 07:41:46 - getOutlet.php - POST data: {"tgl":"2026-04-07","encrypt":"5b8ae1bc6b9f1f1fb1fdfe9cb8337a80","id_apl":"APL01","key":"RS KH"}
2026-04-07 14:41:46 - getOutlet.php - Params - tgl: 2026-04-07, encrypt: 5b8ae1bc6b9f1f1fb1fdfe9cb8337a80, id_apl: APL01, key: RS KH
2026-04-07 14:41:46 - getOutlet.php - Aplikasi ditemukan: Ya
2026-04-07 14:41:46 - getOutlet.php - Key aplikasi: YbcJSFjkds...
2026-04-07 14:41:46 - getOutlet.php - Expected encrypt: 5b8ae1bc6b9f1f1fb1fdfe9cb8337a80
2026-04-07 14:41:46 - getOutlet.php - Received encrypt: 5b8ae1bc6b9f1f1fb1fdfe9cb8337a80
2026-04-07 14:41:46 - getOutlet.php - Authentication berhasil
2026-04-07 14:41:46 - getOutlet.php - Query: SELECT id_out, nama_out, '' AS alamat_out, ofcode_out
            FROM outlet 
            WHERE status_out IN ('Active', '1', 'active')
            AND (nama_out LIKE :key OR ofcode_out LIKE :key)
            ORDER BY nama_out ASC
            LIMIT 20
2026-04-07 14:41:46 - getOutlet.php - Query berhasil, mengembalikan 5 record
2026-04-07 14:41:46 - getOutlet.php - === END REQUEST ===
2026-04-07 07:41:47 - getOutlet.php - === REQUEST GETOUTLET ===
2026-04-07 07:41:47 - getOutlet.php - Method: POST
2026-04-07 07:41:47 - getOutlet.php - POST data: {"tgl":"2026-04-07","encrypt":"5b8ae1bc6b9f1f1fb1fdfe9cb8337a80","id_apl":"APL01","key":"RS KHU"}
2026-04-07 14:41:47 - getOutlet.php - Params - tgl: 2026-04-07, encrypt: 5b8ae1bc6b9f1f1fb1fdfe9cb8337a80, id_apl: APL01, key: RS KHU
2026-04-07 14:41:47 - getOutlet.php - Aplikasi ditemukan: Ya
2026-04-07 14:41:47 - getOutlet.php - Key aplikasi: YbcJSFjkds...
2026-04-07 14:41:47 - getOutlet.php - Expected encrypt: 5b8ae1bc6b9f1f1fb1fdfe9cb8337a80
2026-04-07 14:41:47 - getOutlet.php - Received encrypt: 5b8ae1bc6b9f1f1fb1fdfe9cb8337a80
2026-04-07 14:41:47 - getOutlet.php - Authentication berhasil
2026-04-07 14:41:47 - getOutlet.php - Query: SELECT id_out, nama_out, '' AS alamat_out, ofcode_out
            FROM outlet 
            WHERE status_out IN ('Active', '1', 'active')
            AND (nama_out LIKE :key OR ofcode_out LIKE :key)
            ORDER BY nama_out ASC
            LIMIT 20
2026-04-07 14:41:47 - getOutlet.php - Query berhasil, mengembalikan 5 record
2026-04-07 14:41:47 - getOutlet.php - === END REQUEST ===
2026-04-07 07:41:47 - getOutlet.php - === REQUEST GETOUTLET ===
2026-04-07 07:41:47 - getOutlet.php - Method: POST
2026-04-07 07:41:47 - getOutlet.php - POST data: {"tgl":"2026-04-07","encrypt":"5b8ae1bc6b9f1f1fb1fdfe9cb8337a80","id_apl":"APL01","key":"RS KHUS"}
2026-04-07 14:41:47 - getOutlet.php - Params - tgl: 2026-04-07, encrypt: 5b8ae1bc6b9f1f1fb1fdfe9cb8337a80, id_apl: APL01, key: RS KHUS
2026-04-07 14:41:47 - getOutlet.php - Aplikasi ditemukan: Ya
2026-04-07 14:41:47 - getOutlet.php - Key aplikasi: YbcJSFjkds...
2026-04-07 14:41:47 - getOutlet.php - Expected encrypt: 5b8ae1bc6b9f1f1fb1fdfe9cb8337a80
2026-04-07 14:41:47 - getOutlet.php - Received encrypt: 5b8ae1bc6b9f1f1fb1fdfe9cb8337a80
2026-04-07 14:41:47 - getOutlet.php - Authentication berhasil
2026-04-07 14:41:47 - getOutlet.php - Query: SELECT id_out, nama_out, '' AS alamat_out, ofcode_out
            FROM outlet 
            WHERE status_out IN ('Active', '1', 'active')
            AND (nama_out LIKE :key OR ofcode_out LIKE :key)
            ORDER BY nama_out ASC
            LIMIT 20
2026-04-07 14:41:47 - getOutlet.php - Query berhasil, mengembalikan 5 record
2026-04-07 14:41:47 - getOutlet.php - === END REQUEST ===
2026-04-07 07:41:47 - getOutlet.php - === REQUEST GETOUTLET ===
2026-04-07 07:41:47 - getOutlet.php - Method: POST
2026-04-07 07:41:47 - getOutlet.php - POST data: {"tgl":"2026-04-07","encrypt":"5b8ae1bc6b9f1f1fb1fdfe9cb8337a80","id_apl":"APL01","key":"RS KHUSU"}
2026-04-07 14:41:47 - getOutlet.php - Params - tgl: 2026-04-07, encrypt: 5b8ae1bc6b9f1f1fb1fdfe9cb8337a80, id_apl: APL01, key: RS KHUSU
2026-04-07 14:41:47 - getOutlet.php - Aplikasi ditemukan: Ya
2026-04-07 14:41:47 - getOutlet.php - Key aplikasi: YbcJSFjkds...
2026-04-07 14:41:47 - getOutlet.php - Expected encrypt: 5b8ae1bc6b9f1f1fb1fdfe9cb8337a80
2026-04-07 14:41:47 - getOutlet.php - Received encrypt: 5b8ae1bc6b9f1f1fb1fdfe9cb8337a80
2026-04-07 14:41:47 - getOutlet.php - Authentication berhasil
2026-04-07 14:41:47 - getOutlet.php - Query: SELECT id_out, nama_out, '' AS alamat_out, ofcode_out
            FROM outlet 
            WHERE status_out IN ('Active', '1', 'active')
            AND (nama_out LIKE :key OR ofcode_out LIKE :key)
            ORDER BY nama_out ASC
            LIMIT 20
2026-04-07 14:41:47 - getOutlet.php - Query berhasil, mengembalikan 5 record
2026-04-07 14:41:47 - getOutlet.php - === END REQUEST ===
2026-04-07 07:41:47 - getOutlet.php - === REQUEST GETOUTLET ===
2026-04-07 07:41:47 - getOutlet.php - Method: POST
2026-04-07 07:41:47 - getOutlet.php - POST data: {"tgl":"2026-04-07","encrypt":"5b8ae1bc6b9f1f1fb1fdfe9cb8337a80","id_apl":"APL01","key":"RS KHUSUS"}
2026-04-07 14:41:47 - getOutlet.php - Params - tgl: 2026-04-07, encrypt: 5b8ae1bc6b9f1f1fb1fdfe9cb8337a80, id_apl: APL01, key: RS KHUSUS
2026-04-07 14:41:47 - getOutlet.php - Aplikasi ditemukan: Ya
2026-04-07 14:41:47 - getOutlet.php - Key aplikasi: YbcJSFjkds...
2026-04-07 14:41:47 - getOutlet.php - Expected encrypt: 5b8ae1bc6b9f1f1fb1fdfe9cb8337a80
2026-04-07 14:41:47 - getOutlet.php - Received encrypt: 5b8ae1bc6b9f1f1fb1fdfe9cb8337a80
2026-04-07 14:41:47 - getOutlet.php - Authentication berhasil
2026-04-07 14:41:47 - getOutlet.php - Query: SELECT id_out, nama_out, '' AS alamat_out, ofcode_out
            FROM outlet 
            WHERE status_out IN ('Active', '1', 'active')
            AND (nama_out LIKE :key OR ofcode_out LIKE :key)
            ORDER BY nama_out ASC
            LIMIT 20
2026-04-07 14:41:47 - getOutlet.php - Query berhasil, mengembalikan 5 record
2026-04-07 14:41:47 - getOutlet.php - === END REQUEST ===
2026-04-07 07:41:49 - getOutlet.php - === REQUEST GETOUTLET ===
2026-04-07 07:41:49 - getOutlet.php - Method: POST
2026-04-07 07:41:49 - getOutlet.php - POST data: {"tgl":"2026-04-07","encrypt":"5b8ae1bc6b9f1f1fb1fdfe9cb8337a80","id_apl":"APL01","key":"RS KHUSUS"}
2026-04-07 14:41:49 - getOutlet.php - Params - tgl: 2026-04-07, encrypt: 5b8ae1bc6b9f1f1fb1fdfe9cb8337a80, id_apl: APL01, key: RS KHUSUS
2026-04-07 14:41:49 - getOutlet.php - Aplikasi ditemukan: Ya
2026-04-07 14:41:49 - getOutlet.php - Key aplikasi: YbcJSFjkds...
2026-04-07 14:41:49 - getOutlet.php - Expected encrypt: 5b8ae1bc6b9f1f1fb1fdfe9cb8337a80
2026-04-07 14:41:49 - getOutlet.php - Received encrypt: 5b8ae1bc6b9f1f1fb1fdfe9cb8337a80
2026-04-07 14:41:49 - getOutlet.php - Authentication berhasil
2026-04-07 14:41:49 - getOutlet.php - Query: SELECT id_out, nama_out, '' AS alamat_out, ofcode_out
            FROM outlet 
            WHERE status_out IN ('Active', '1', 'active')
            AND (nama_out LIKE :key OR ofcode_out LIKE :key)
            ORDER BY nama_out ASC
            LIMIT 20
2026-04-07 14:41:49 - getOutlet.php - Query berhasil, mengembalikan 5 record
2026-04-07 14:41:49 - getOutlet.php - === END REQUEST ===
2026-04-07 07:41:51 - getOutlet.php - === REQUEST GETOUTLET ===
2026-04-07 07:41:51 - getOutlet.php - Method: POST
2026-04-07 07:41:51 - getOutlet.php - POST data: {"tgl":"2026-04-07","encrypt":"5b8ae1bc6b9f1f1fb1fdfe9cb8337a80","id_apl":"APL01","key":"RS KHUSUS MATA JEC ORBITA"}
2026-04-07 14:41:51 - getOutlet.php - Params - tgl: 2026-04-07, encrypt: 5b8ae1bc6b9f1f1fb1fdfe9cb8337a80, id_apl: APL01, key: RS KHUSUS MATA JEC ORBITA
2026-04-07 14:41:51 - getOutlet.php - Aplikasi ditemukan: Ya
2026-04-07 14:41:51 - getOutlet.php - Key aplikasi: YbcJSFjkds...
2026-04-07 14:41:51 - getOutlet.php - Expected encrypt: 5b8ae1bc6b9f1f1fb1fdfe9cb8337a80
2026-04-07 14:41:51 - getOutlet.php - Received encrypt: 5b8ae1bc6b9f1f1fb1fdfe9cb8337a80
2026-04-07 14:41:51 - getOutlet.php - Authentication berhasil
2026-04-07 14:41:51 - getOutlet.php - Query: SELECT id_out, nama_out, '' AS alamat_out, ofcode_out
            FROM outlet 
            WHERE status_out IN ('Active', '1', 'active')
            AND (nama_out LIKE :key OR ofcode_out LIKE :key)
            ORDER BY nama_out ASC
            LIMIT 20
2026-04-07 14:41:51 - getOutlet.php - Query berhasil, mengembalikan 1 record
2026-04-07 14:41:51 - getOutlet.php - === END REQUEST ===
